trade_date,ts_code,exalter,buy,buy_rate,sell,sell_rate,net_buy,side,reason
20260730,000428.SZ,东亚前海证券有限责任公司苏州分公司,9253471.69,2.04,3068040.0,0.68,6185431.69,0,日振幅值达到15%的前5只证券
20260730,000428.SZ,机构专用,5896116.0,1.3,3700993.0,0.82,2195123.0,0,日振幅值达到15%的前5只证券
20260730,000428.SZ,甬兴证券有限公司宁波和源路证券营业部,5243640.0,1.16,0.0,0.0,5243640.0,0,日振幅值达到15%的前5只证券
20260730,000428.SZ,机构专用,5217398.0,1.15,670471.0,0.15,4546927.0,0,日振幅值达到15%的前5只证券
20260730,000428.SZ,东方财富证券股份有限公司拉萨团结路第一证券营业部,4985414.0,1.1,2126850.0,0.47,2858564.0,0,日振幅值达到15%的前5只证券
20260730,000428.SZ,国泰海通证券股份有限公司上海长宁区江苏路证券营业部,407144.0,0.09,10165952.0,2.25,-9758808.0,1,日振幅值达到15%的前5只证券
20260730,000428.SZ,兴业证券股份有限公司深圳东海国际证券营业部,0.0,0.0,8817840.0,1.95,-8817840.0,1,日振幅值达到15%的前5只证券
20260730,000428.SZ,中国银河证券股份有限公司绍兴鲁迅中路证券营业部,2682.0,0.0,7840962.0,1.73,-7838280.0,1,日振幅值达到15%的前5只证券
20260730,000428.SZ,国信证券股份有限公司成都沙湾路证券营业部,0.0,0.0,7737469.0,1.71,-7737469.0,1,日振幅值达到15%的前5只证券
20260730,000428.SZ,机构专用,3248627.0,0.72,6665187.21,1.47,-3416560.21,1,日振幅值达到15%的前5只证券
20260730,000566.SZ,深股通专用,62228827.0,2.93,129543095.0,6.09,-67314268.0,0,日涨幅偏离值达到7%的前5只证券
20260730,000566.SZ,深股通专用,62228827.0,2.93,129543095.0,6.09,-67314268.0,0,日换手率达到20%的前5只证券
20260730,000566.SZ,国泰海通证券股份有限公司武汉紫阳东路证券营业部,58589146.05,2.75,495219.0,0.02,58093927.05,0,日涨幅偏离值达到7%的前5只证券
20260730,000566.SZ,国泰海通证券股份有限公司武汉紫阳东路证券营业部,58589146.05,2.75,495219.0,0.02,58093927.05,0,日换手率达到20%的前5只证券
20260730,000566.SZ,平安证券股份有限公司杭州曙光路证券营业部,39866914.0,1.87,1989342.0,0.09,37877572.0,0,日涨幅偏离值达到7%的前5只证券
20260730,000566.SZ,平安证券股份有限公司杭州曙光路证券营业部,39866914.0,1.87,1989342.0,0.09,37877572.0,0,日换手率达到20%的前5只证券
20260730,000566.SZ,华源证券股份有限公司武汉分公司,30657143.0,1.44,61597.0,0.0,30595546.0,0,日涨幅偏离值达到7%的前5只证券
20260730,000566.SZ,华源证券股份有限公司武汉分公司,30657143.0,1.44,61597.0,0.0,30595546.0,0,日换手率达到20%的前5只证券
20260730,000566.SZ,平安证券股份有限公司浙江分公司,26274364.0,1.24,7106836.0,0.33,19167528.0,0,日涨幅偏离值达到7%的前5只证券
20260730,000566.SZ,平安证券股份有限公司浙江分公司,26274364.0,1.24,7106836.0,0.33,19167528.0,0,日换手率达到20%的前5只证券
20260730,000566.SZ,深股通专用,62228827.0,2.93,129543095.0,6.09,-67314268.0,1,日涨幅偏离值达到7%的前5只证券
20260730,000566.SZ,深股通专用,62228827.0,2.93,129543095.0,6.09,-67314268.0,1,日换手率达到20%的前5只证券
20260730,000566.SZ,国泰海通证券股份有限公司昆明北京路证券营业部,142562.0,0.01,29755230.0,1.4,-29612668.0,1,日涨幅偏离值达到7%的前5只证券
20260730,000566.SZ,国泰海通证券股份有限公司昆明北京路证券营业部,142562.0,0.01,29755230.0,1.4,-29612668.0,1,日换手率达到20%的前5只证券
20260730,000566.SZ,机构专用,2085456.0,0.1,24972807.0,1.17,-22887351.0,1,日涨幅偏离值达到7%的前5只证券
20260730,000566.SZ,机构专用,2085456.0,0.1,24972807.0,1.17,-22887351.0,1,日换手率达到20%的前5只证券
20260730,000566.SZ,机构专用,10308412.0,0.48,22714639.0,1.07,-12406227.0,1,日涨幅偏离值达到7%的前5只证券
20260730,000566.SZ,机构专用,10308412.0,0.48,22714639.0,1.07,-12406227.0,1,日换手率达到20%的前5只证券
20260730,000566.SZ,国信证券股份有限公司浙江互联网分公司,13134100.0,0.62,20603871.0,0.97,-7469771.0,1,日涨幅偏离值达到7%的前5只证券
20260730,000566.SZ,国信证券股份有限公司浙江互联网分公司,13134100.0,0.62,20603871.0,0.97,-7469771.0,1,日换手率达到20%的前5只证券
20260730,000721.SZ,深股通专用,40855251.0,8.78,45795988.0,9.84,-4940737.0,0,连续三个交易日内，涨幅偏离值累计达到20%的证券
20260730,000721.SZ,华鑫证券有限责任公司南京清凉门大街证券营业部,13531404.0,2.91,0.0,0.0,13531404.0,0,连续三个交易日内，涨幅偏离值累计达到20%的证券
20260730,000721.SZ,机构专用,13512153.0,2.9,7895909.0,1.7,5616244.0,0,连续三个交易日内，涨幅偏离值累计达到20%的证券
20260730,000721.SZ,国投证券股份有限公司上海四平路证券营业部,10043633.0,2.16,1618662.0,0.35,8424971.0,0,连续三个交易日内，涨幅偏离值累计达到20%的证券
20260730,000721.SZ,机构专用,9914137.0,2.13,5714156.0,1.23,4199981.0,0,连续三个交易日内，涨幅偏离值累计达到20%的证券
20260730,000721.SZ,深股通专用,40855251.0,8.78,45795988.0,9.84,-4940737.0,1,连续三个交易日内，涨幅偏离值累计达到20%的证券
20260730,000721.SZ,机构专用,13512153.0,2.9,7895909.0,1.7,5616244.0,1,连续三个交易日内，涨幅偏离值累计达到20%的证券
20260730,000721.SZ,国投证券股份有限公司深圳龙岗龙翔大道证券营业部,807700.0,0.17,7557559.0,1.62,-6749859.0,1,连续三个交易日内，涨幅偏离值累计达到20%的证券
20260730,000721.SZ,机构专用,6082447.0,1.31,6500606.0,1.4,-418159.0,1,连续三个交易日内，涨幅偏离值累计达到20%的证券
20260730,000721.SZ,机构专用,5751351.0,1.24,6321150.0,1.36,-569799.0,1,连续三个交易日内，涨幅偏离值累计达到20%的证券
20260730,000938.SZ,深股通专用,700999889.53,8.01,436805902.01,4.99,264193987.52,0,日跌幅偏离值达到7%的前5只证券
20260730,000938.SZ,机构专用,250277962.79,2.86,65366626.96,0.75,184911335.83,0,日跌幅偏离值达到7%的前5只证券
20260730,000938.SZ,机构专用,196501932.08,2.24,33656514.23,0.38,162845417.85,0,日跌幅偏离值达到7%的前5只证券
20260730,000938.SZ,机构专用,129923978.01,1.48,0.0,0.0,129923978.01,0,日跌幅偏离值达到7%的前5只证券
20260730,000938.SZ,机构专用,111991979.01,1.28,83228410.41,0.95,28763568.6,0,日跌幅偏离值达到7%的前5只证券
20260730,000938.SZ,深股通专用,700999889.53,8.01,436805902.01,4.99,264193987.52,1,日跌幅偏离值达到7%的前5只证券
20260730,000938.SZ,东方财富证券股份有限公司长春人民大街证券营业部,204019.0,0.0,108066526.0,1.23,-107862507.0,1,日跌幅偏离值达到7%的前5只证券
20260730,000938.SZ,国泰海通证券股份有限公司上海长宁区江苏路证券营业部,9923608.0,0.11,96872940.56,1.11,-86949332.56,1,日跌幅偏离值达到7%的前5只证券
20260730,000938.SZ,东方财富证券股份有限公司拉萨金融城南环路证券营业部,57912968.11,0.66,85600329.21,0.98,-27687361.1,1,日跌幅偏离值达到7%的前5只证券
20260730,000938.SZ,机构专用,111991979.01,1.28,83228410.41,0.95,28763568.6,1,日跌幅偏离值达到7%的前5只证券
20260730,000948.SZ,深股通专用,55644553.17,3.31,58716464.43,3.49,-3071911.26,0,连续三个交易日内，涨幅偏离值累计达到20%的证券
20260730,000948.SZ,平安证券股份有限公司杭州曙光路证券营业部,29668785.0,1.77,15271137.0,0.91,14397648.0,0,连续三个交易日内，涨幅偏离值累计达到20%的证券
20260730,000948.SZ,机构专用,26071394.89,1.55,21542063.0,1.28,4529331.89,0,连续三个交易日内，涨幅偏离值累计达到20%的证券
20260730,000948.SZ,机构专用,23075023.0,1.37,23486233.25,1.4,-411210.25,0,连续三个交易日内，涨幅偏离值累计达到20%的证券
20260730,000948.SZ,平安证券股份有限公司嘉兴中环南路证券营业部,21446938.0,1.28,12649759.0,0.75,8797179.0,0,连续三个交易日内，涨幅偏离值累计达到20%的证券
20260730,000948.SZ,深股通专用,55644553.17,3.31,58716464.43,3.49,-3071911.26,1,连续三个交易日内，涨幅偏离值累计达到20%的证券
20260730,000948.SZ,机构专用,23075023.0,1.37,23486233.25,1.4,-411210.25,1,连续三个交易日内，涨幅偏离值累计达到20%的证券
20260730,000948.SZ,机构专用,26071394.89,1.55,21542063.0,1.28,4529331.89,1,连续三个交易日内，涨幅偏离值累计达到20%的证券
20260730,000948.SZ,东亚前海证券有限责任公司深圳分公司,21413533.5,1.27,21439570.89,1.28,-26037.39,1,连续三个交易日内，涨幅偏离值累计达到20%的证券
20260730,000948.SZ,第一创业证券股份有限公司杭州分公司,7210986.0,0.43,20282701.0,1.21,-13071715.0,1,连续三个交易日内，涨幅偏离值累计达到20%的证券
20260730,001309.SZ,深股通专用,571830374.67,5.03,924232579.44,8.13,-352402204.77,0,日涨幅偏离值达到7%的前5只证券
20260730,001309.SZ,机构专用,221522211.25,1.95,418930865.26,3.69,-197408654.01,0,日涨幅偏离值达到7%的前5只证券
20260730,001309.SZ,机构专用,147863794.97,1.3,285471950.06,2.51,-137608155.09,0,日涨幅偏离值达到7%的前5只证券
20260730,001309.SZ,机构专用,136803414.08,1.2,145704171.69,1.28,-8900757.61,0,日涨幅偏离值达到7%的前5只证券
20260730,001309.SZ,华泰证券股份有限公司岳阳岳阳大道证券营业部,104452066.0,0.92,674121.0,0.01,103777945.0,0,日涨幅偏离值达到7%的前5只证券
20260730,001309.SZ,深股通专用,571830374.67,5.03,924232579.44,8.13,-352402204.77,1,日涨幅偏离值达到7%的前5只证券
20260730,001309.SZ,机构专用,221522211.25,1.95,418930865.26,3.69,-197408654.01,1,日涨幅偏离值达到7%的前5只证券
20260730,001309.SZ,机构专用,147863794.97,1.3,285471950.06,2.51,-137608155.09,1,日涨幅偏离值达到7%的前5只证券
20260730,001309.SZ,机构专用,66321265.97,0.58,179691042.14,1.58,-113369776.17,1,日涨幅偏离值达到7%的前5只证券
20260730,001309.SZ,机构专用,136803414.08,1.2,145704171.69,1.28,-8900757.61,1,日涨幅偏离值达到7%的前5只证券
20260730,001323.SZ,深股通专用,34108266.4,10.33,38342089.89,11.62,-4233823.49,0,连续三个交易日内，涨幅偏离值累计达到20%的证券
20260730,001323.SZ,机构专用,27536232.0,8.34,0.0,0.0,27536232.0,0,连续三个交易日内，涨幅偏离值累计达到20%的证券
20260730,001323.SZ,机构专用,11564226.0,3.5,6574819.0,1.99,4989407.0,0,连续三个交易日内，涨幅偏离值累计达到20%的证券
20260730,001323.SZ,机构专用,5725873.0,1.73,5528728.0,1.68,197145.0,0,连续三个交易日内，涨幅偏离值累计达到20%的证券
20260730,001323.SZ,机构专用,5652379.0,1.71,0.0,0.0,5652379.0,0,连续三个交易日内，涨幅偏离值累计达到20%的证券
20260730,001323.SZ,深股通专用,34108266.4,10.33,38342089.89,11.62,-4233823.49,1,连续三个交易日内，涨幅偏离值累计达到20%的证券
20260730,001323.SZ,机构专用,0.0,0.0,29107501.63,8.82,-29107501.63,1,连续三个交易日内，涨幅偏离值累计达到20%的证券
20260730,001323.SZ,机构专用,0.0,0.0,16350732.17,4.95,-16350732.17,1,连续三个交易日内，涨幅偏离值累计达到20%的证券
20260730,001323.SZ,机构专用,11564226.0,3.5,6574819.0,1.99,4989407.0,1,连续三个交易日内，涨幅偏离值累计达到20%的证券
20260730,001323.SZ,机构专用,5725873.0,1.73,5528728.0,1.68,197145.0,1,连续三个交易日内，涨幅偏离值累计达到20%的证券
20260730,001358.SZ,机构专用,7009886.0,2.32,2972046.8,0.98,4037839.2,0,日振幅值达到15%的前5只证券
20260730,001358.SZ,华鑫证券有限责任公司苏州分公司,6084813.8,2.01,0.0,0.0,6084813.8,0,日振幅值达到15%的前5只证券
20260730,001358.SZ,机构专用,4464822.8,1.48,5712854.24,1.89,-1248031.44,0,日振幅值达到15%的前5只证券
20260730,001358.SZ,国信证券股份有限公司浙江互联网分公司,4200876.0,1.39,2028979.0,0.67,2171897.0,0,日振幅值达到15%的前5只证券
20260730,001358.SZ,东方财富证券股份有限公司拉萨金融城南环路证券营业部,3703263.0,1.22,2274500.0,0.75,1428763.0,0,日振幅值达到15%的前5只证券
20260730,001358.SZ,国新证券股份有限公司北京中关村大街证券营业部,0.0,0.0,15745506.1,5.2,-15745506.1,1,日振幅值达到15%的前5只证券
20260730,001358.SZ,国泰海通证券股份有限公司深圳华强北路证券营业部,43328.0,0.01,6070949.6,2.01,-6027621.6,1,日振幅值达到15%的前5只证券
20260730,001358.SZ,机构专用,4464822.8,1.48,5712854.24,1.89,-1248031.44,1,日振幅值达到15%的前5只证券
20260730,001358.SZ,机构专用,0.0,0.0,3996284.0,1.32,-3996284.0,1,日振幅值达到15%的前5只证券
20260730,001358.SZ,华鑫证券有限责任公司佛山南海海五路证券营业部,0.0,0.0,3486719.04,1.15,-3486719.04,1,日振幅值达到15%的前5只证券
20260730,002141.SZ,万和证券股份有限公司华南分公司,22750978.0,1.18,13800.0,0.0,22737178.0,0,日换手率达到20%的前5只证券
20260730,002141.SZ,中信证券股份有限公司杭州凤起路证券营业部,22221458.0,1.15,227785.0,0.01,21993673.0,0,日换手率达到20%的前5只证券
20260730,002141.SZ,国信证券股份有限公司浙江互联网分公司,20608902.0,1.07,7767397.0,0.4,12841505.0,0,日换手率达到20%的前5只证券
20260730,002141.SZ,国泰海通证券股份有限公司三亚迎宾路证券营业部,18880390.0,0.98,18677712.0,0.97,202678.0,0,日换手率达到20%的前5只证券
20260730,002141.SZ,东方财富证券股份有限公司拉萨金融城南环路证券营业部,17947846.23,0.93,9410519.0,0.49,8537327.23,0,日换手率达到20%的前5只证券
20260730,002141.SZ,机构专用,15912728.0,0.82,122314819.0,6.34,-106402091.0,1,日换手率达到20%的前5只证券
20260730,002141.SZ,国泰海通证券股份有限公司武汉紫阳东路证券营业部,205250.0,0.01,97315338.0,5.04,-97110088.0,1,日换手率达到20%的前5只证券
20260730,002141.SZ,国新证券股份有限公司北京分公司,60102.0,0.0,84140005.0,4.36,-84079903.0,1,日换手率达到20%的前5只证券
20260730,002141.SZ,机构专用,5623340.0,0.29,46486842.82,2.41,-40863502.82,1,日换手率达到20%的前5只证券
20260730,002141.SZ,机构专用,1011254.0,0.05,39757201.0,2.06,-38745947.0,1,日换手率达到20%的前5只证券
20260730,002156.SZ,深股通专用,2283516610.11,6.48,3633488038.32,10.31,-1349971428.21,0,连续三个交易日内，跌幅偏离值累计达到20%的证券
20260730,002156.SZ,深股通专用,546502467.93,5.95,857200123.66,9.33,-310697655.73,0,日跌幅偏离值达到7%的前5只证券
20260730,002156.SZ,国泰海通证券股份有限公司三亚迎宾路证券营业部,364333204.0,1.03,312531894.64,0.89,51801309.36,0,连续三个交易日内，跌幅偏离值累计达到20%的证券
20260730,002156.SZ,机构专用,341775963.8,0.97,592005318.37,1.68,-250229354.57,0,连续三个交易日内，跌幅偏离值累计达到20%的证券
20260730,002156.SZ,机构专用,326295761.32,0.93,402294436.04,1.14,-75998674.72,0,连续三个交易日内，跌幅偏离值累计达到20%的证券
20260730,002156.SZ,机构专用,307119764.33,0.87,445757522.54,1.26,-138637758.21,0,连续三个交易日内，跌幅偏离值累计达到20%的证券
20260730,002156.SZ,机构专用,134941039.49,1.47,179752734.58,1.96,-44811695.09,0,日跌幅偏离值达到7%的前5只证券
20260730,002156.SZ,机构专用,126033258.16,1.37,94858570.33,1.03,31174687.83,0,日跌幅偏离值达到7%的前5只证券
20260730,002156.SZ,机构专用,112353150.31,1.22,104638711.05,1.14,7714439.26,0,日跌幅偏离值达到7%的前5只证券
20260730,002156.SZ,机构专用,104360134.0,1.14,0.0,0.0,104360134.0,0,日跌幅偏离值达到7%的前5只证券
20260730,002156.SZ,深股通专用,2283516610.11,6.48,3633488038.32,10.31,-1349971428.21,1,连续三个交易日内，跌幅偏离值累计达到20%的证券
20260730,002156.SZ,深股通专用,546502467.93,5.95,857200123.66,9.33,-310697655.73,1,日跌幅偏离值达到7%的前5只证券
20260730,002156.SZ,机构专用,184916400.13,0.52,787453662.67,2.23,-602537262.54,1,连续三个交易日内，跌幅偏离值累计达到20%的证券
20260730,002156.SZ,机构专用,275652316.74,0.78,658572643.01,1.87,-382920326.27,1,连续三个交易日内，跌幅偏离值累计达到20%的证券
20260730,002156.SZ,机构专用,341775963.8,0.97,592005318.37,1.68,-250229354.57,1,连续三个交易日内，跌幅偏离值累计达到20%的证券
20260730,002156.SZ,机构专用,0.0,0.0,451436301.42,1.28,-451436301.42,1,连续三个交易日内，跌幅偏离值累计达到20%的证券
20260730,002156.SZ,机构专用,74777218.07,0.81,199936082.79,2.18,-125158864.72,1,日跌幅偏离值达到7%的前5只证券
20260730,002156.SZ,机构专用,134941039.49,1.47,179752734.58,1.96,-44811695.09,1,日跌幅偏离值达到7%的前5只证券
20260730,002156.SZ,国泰海通证券股份有限公司三亚迎宾路证券营业部,3707739.0,0.04,143760054.76,1.56,-140052315.76,1,日跌幅偏离值达到7%的前5只证券
20260730,002156.SZ,机构专用,112353150.31,1.22,104638711.05,1.14,7714439.26,1,日跌幅偏离值达到7%的前5只证券
20260730,002185.SZ,深股通专用,189245414.01,3.06,214936429.0,3.47,-25691014.99,0,日跌幅偏离值达到7%的前5只证券
20260730,002185.SZ,机构专用,111533266.95,1.8,123237115.99,1.99,-11703849.04,0,日跌幅偏离值达到7%的前5只证券
20260730,002185.SZ,机构专用,93718705.03,1.51,159391467.15,2.58,-65672762.12,0,日跌幅偏离值达到7%的前5只证券
20260730,002185.SZ,机构专用,56603940.0,0.91,55733476.53,0.9,870463.47,0,日跌幅偏离值达到7%的前5只证券
20260730,002185.SZ,国信证券股份有限公司浙江互联网分公司,55845987.21,0.9,48251448.33,0.78,7594538.88,0,日跌幅偏离值达到7%的前5只证券
20260730,002185.SZ,深股通专用,189245414.01,3.06,214936429.0,3.47,-25691014.99,1,日跌幅偏离值达到7%的前5只证券
20260730,002185.SZ,机构专用,93718705.03,1.51,159391467.15,2.58,-65672762.12,1,日跌幅偏离值达到7%的前5只证券
20260730,002185.SZ,机构专用,111533266.95,1.8,123237115.99,1.99,-11703849.04,1,日跌幅偏离值达到7%的前5只证券
20260730,002185.SZ,机构专用,46766563.0,0.76,122995429.71,1.99,-76228866.71,1,日跌幅偏离值达到7%的前5只证券
20260730,002185.SZ,机构专用,43703026.0,0.71,75945274.0,1.23,-32242248.0,1,日跌幅偏离值达到7%的前5只证券
20260730,002258.SZ,开源证券股份有限公司西安太华路证券营业部,51926474.0,8.75,0.0,0.0,51926474.0,0,日涨幅偏离值达到7%的前5只证券
20260730,002258.SZ,平安证券股份有限公司杭州曙光路证券营业部,31319483.0,5.28,935436.0,0.16,30384047.0,0,日涨幅偏离值达到7%的前5只证券
20260730,002258.SZ,平安证券股份有限公司浙江分公司,19575061.0,3.3,362066.0,0.06,19212995.0,0,日涨幅偏离值达到7%的前5只证券
20260730,002258.SZ,平安证券股份有限公司嘉兴中环南路证券营业部,12304890.0,2.07,0.0,0.0,12304890.0,0,日涨幅偏离值达到7%的前5只证券
20260730,002258.SZ,平安证券股份有限公司绍兴解放大道证券营业部,12162845.78,2.05,0.0,0.0,12162845.78,0,日涨幅偏离值达到7%的前5只证券
20260730,002258.SZ,深股通专用,11586082.0,1.95,24020635.4,4.05,-12434553.4,1,日涨幅偏离值达到7%的前5只证券
20260730,002258.SZ,机构专用,4465930.0,0.75,18598282.0,3.13,-14132352.0,1,日涨幅偏离值达到7%的前5只证券
20260730,002258.SZ,广发证券股份有限公司江门万达广场证券营业部,80900.0,0.01,10434482.0,1.76,-10353582.0,1,日涨幅偏离值达到7%的前5只证券
20260730,002258.SZ,华西证券股份有限公司北京紫竹院路证券营业部,0.0,0.0,10178838.0,1.72,-10178838.0,1,日涨幅偏离值达到7%的前5只证券
20260730,002258.SZ,山西证券股份有限公司太原文兴路证券营业部,0.0,0.0,8052786.0,1.36,-8052786.0,1,日涨幅偏离值达到7%的前5只证券
20260730,002279.SZ,开源证券股份有限公司西安太华路证券营业部,74259867.0,4.03,78226424.61,4.24,-3966557.61,0,连续三个交易日内，涨幅偏离值累计达到20%的证券
20260730,002279.SZ,深股通专用,67329511.3,3.65,75760128.99,4.11,-8430617.69,0,连续三个交易日内，涨幅偏离值累计达到20%的证券
20260730,002279.SZ,机构专用,20586091.8,1.12,19988525.48,1.08,597566.32,0,连续三个交易日内，涨幅偏离值累计达到20%的证券
20260730,002279.SZ,机构专用,17600984.0,0.95,15963285.0,0.87,1637699.0,0,连续三个交易日内，涨幅偏离值累计达到20%的证券
20260730,002279.SZ,东方财富证券股份有限公司拉萨金融城南环路证券营业部,15841011.0,0.86,12968737.0,0.7,2872274.0,0,连续三个交易日内，涨幅偏离值累计达到20%的证券
20260730,002279.SZ,开源证券股份有限公司西安太华路证券营业部,74259867.0,4.03,78226424.61,4.24,-3966557.61,1,连续三个交易日内，涨幅偏离值累计达到20%的证券
20260730,002279.SZ,深股通专用,67329511.3,3.65,75760128.99,4.11,-8430617.69,1,连续三个交易日内，涨幅偏离值累计达到20%的证券
20260730,002279.SZ,机构专用,20586091.8,1.12,19988525.48,1.08,597566.32,1,连续三个交易日内，涨幅偏离值累计达到20%的证券
20260730,002279.SZ,机构专用,17600984.0,0.95,15963285.0,0.87,1637699.0,1,连续三个交易日内，涨幅偏离值累计达到20%的证券
20260730,002279.SZ,华鑫证券有限责任公司成都交子大道证券营业部,13145100.0,0.71,13981009.0,0.76,-835909.0,1,连续三个交易日内，涨幅偏离值累计达到20%的证券
20260730,002281.SZ,深股通专用,527618201.51,8.58,471414260.43,7.67,56203941.08,0,日跌幅偏离值达到7%的前5只证券
20260730,002281.SZ,机构专用,144391390.0,2.35,135317647.04,2.2,9073742.96,0,日跌幅偏离值达到7%的前5只证券
20260730,002281.SZ,机构专用,126769585.04,2.06,106591584.0,1.73,20178001.04,0,日跌幅偏离值达到7%的前5只证券
20260730,002281.SZ,机构专用,121382503.4,1.97,86452574.1,1.41,34929929.3,0,日跌幅偏离值达到7%的前5只证券
20260730,002281.SZ,机构专用,118359385.18,1.93,112473799.0,1.83,5885586.18,0,日跌幅偏离值达到7%的前5只证券
20260730,002281.SZ,深股通专用,527618201.51,8.58,471414260.43,7.67,56203941.08,1,日跌幅偏离值达到7%的前5只证券
20260730,002281.SZ,机构专用,0.0,0.0,170074245.1,2.77,-170074245.1,1,日跌幅偏离值达到7%的前5只证券
20260730,002281.SZ,机构专用,144391390.0,2.35,135317647.04,2.2,9073742.96,1,日跌幅偏离值达到7%的前5只证券
20260730,002281.SZ,机构专用,118359385.18,1.93,112473799.0,1.83,5885586.18,1,日跌幅偏离值达到7%的前5只证券
20260730,002281.SZ,机构专用,126769585.04,2.06,106591584.0,1.73,20178001.04,1,日跌幅偏离值达到7%的前5只证券
20260730,002384.SZ,深股通专用,1173764067.87,6.71,931233801.27,5.33,242530266.6,0,日跌幅偏离值达到7%的前5只证券
20260730,002384.SZ,机构专用,388320488.0,2.22,0.0,0.0,388320488.0,0,日跌幅偏离值达到7%的前5只证券
20260730,002384.SZ,机构专用,320928918.31,1.84,481057083.5,2.75,-160128165.19,0,日跌幅偏离值达到7%的前5只证券
20260730,002384.SZ,机构专用,243591012.81,1.39,442498699.91,2.53,-198907687.1,0,日跌幅偏离值达到7%的前5只证券
20260730,002384.SZ,机构专用,236187208.78,1.35,0.0,0.0,236187208.78,0,日跌幅偏离值达到7%的前5只证券
20260730,002384.SZ,深股通专用,1173764067.87,6.71,931233801.27,5.33,242530266.6,1,日跌幅偏离值达到7%的前5只证券
20260730,002384.SZ,国泰海通证券股份有限公司上海分公司,16200.0,0.0,537611031.16,3.07,-537594831.16,1,日跌幅偏离值达到7%的前5只证券
20260730,002384.SZ,机构专用,320928918.31,1.84,481057083.5,2.75,-160128165.19,1,日跌幅偏离值达到7%的前5只证券
20260730,002384.SZ,机构专用,243591012.81,1.39,442498699.91,2.53,-198907687.1,1,日跌幅偏离值达到7%的前5只证券
20260730,002384.SZ,机构专用,89411594.91,0.51,296234631.08,1.69,-206823036.17,1,日跌幅偏离值达到7%的前5只证券
20260730,002536.SZ,深股通专用,233161749.8,5.13,288351097.59,6.34,-55189347.79,0,连续三个交易日内，跌幅偏离值累计达到20%的证券
20260730,002536.SZ,机构专用,140947451.26,3.1,141334055.0,3.11,-386603.74,0,连续三个交易日内，跌幅偏离值累计达到20%的证券
20260730,002536.SZ,机构专用,134673784.0,2.96,65466920.64,1.44,69206863.36,0,连续三个交易日内，跌幅偏离值累计达到20%的证券
20260730,002536.SZ,机构专用,98688004.1,2.17,101101742.0,2.22,-2413737.9,0,连续三个交易日内，跌幅偏离值累计达到20%的证券
20260730,002536.SZ,机构专用,91906707.81,2.02,78555209.9,1.73,13351497.91,0,连续三个交易日内，跌幅偏离值累计达到20%的证券
20260730,002536.SZ,深股通专用,233161749.8,5.13,288351097.59,6.34,-55189347.79,1,连续三个交易日内，跌幅偏离值累计达到20%的证券
20260730,002536.SZ,机构专用,140947451.26,3.1,141334055.0,3.11,-386603.74,1,连续三个交易日内，跌幅偏离值累计达到20%的证券
20260730,002536.SZ,机构专用,98688004.1,2.17,101101742.0,2.22,-2413737.9,1,连续三个交易日内，跌幅偏离值累计达到20%的证券
20260730,002536.SZ,机构专用,84162661.21,1.85,89446796.08,1.97,-5284134.87,1,连续三个交易日内，跌幅偏离值累计达到20%的证券
20260730,002536.SZ,机构专用,91906707.81,2.02,78555209.9,1.73,13351497.91,1,连续三个交易日内，跌幅偏离值累计达到20%的证券
20260730,002580.SZ,深股通专用,116083040.56,4.44,91978378.72,3.52,24104661.84,0,日换手率达到20%的前5只证券
20260730,002580.SZ,机构专用,48932399.28,1.87,60616312.98,2.32,-11683913.7,0,日换手率达到20%的前5只证券
20260730,002580.SZ,国信证券股份有限公司浙江互联网分公司,31202089.07,1.19,19196325.14,0.73,12005763.93,0,日换手率达到20%的前5只证券
20260730,002580.SZ,东方财富证券股份有限公司拉萨金融城南环路证券营业部,27530490.01,1.05,19543793.07,0.75,7986696.94,0,日换手率达到20%的前5只证券
20260730,002580.SZ,东方财富证券股份有限公司昌都两江大道证券营业部,25551408.1,0.98,14036952.76,0.54,11514455.34,0,日换手率达到20%的前5只证券
20260730,002580.SZ,深股通专用,116083040.56,4.44,91978378.72,3.52,24104661.84,1,日换手率达到20%的前5只证券
20260730,002580.SZ,机构专用,48932399.28,1.87,60616312.98,2.32,-11683913.7,1,日换手率达到20%的前5只证券
20260730,002580.SZ,国泰海通证券股份有限公司南京太平南路证券营业部,280956.0,0.01,44042711.0,1.68,-43761755.0,1,日换手率达到20%的前5只证券
20260730,002580.SZ,国泰海通证券股份有限公司湛江万豪世家证券营业部,146857.0,0.01,40596401.4,1.55,-40449544.4,1,日换手率达到20%的前5只证券
20260730,002580.SZ,机构专用,25074787.98,0.96,39959729.32,1.53,-14884941.34,1,日换手率达到20%的前5只证券
20260730,002585.SZ,开源证券股份有限公司西安太华路证券营业部,49584875.0,4.56,52523.0,0.0,49532352.0,0,日涨幅偏离值达到7%的前5只证券
20260730,002585.SZ,深股通专用,41755419.0,3.84,73516772.39,6.75,-31761353.39,0,日涨幅偏离值达到7%的前5只证券
20260730,002585.SZ,东亚前海证券有限责任公司深圳分公司,36710606.0,3.37,0.0,0.0,36710606.0,0,日涨幅偏离值达到7%的前5只证券
20260730,002585.SZ,平安证券股份有限公司杭州曙光路证券营业部,30267138.0,2.78,1317066.0,0.12,28950072.0,0,日涨幅偏离值达到7%的前5只证券
20260730,002585.SZ,平安证券股份有限公司浙江分公司,18071049.94,1.66,609069.0,0.06,17461980.94,0,日涨幅偏离值达到7%的前5只证券
20260730,002585.SZ,深股通专用,41755419.0,3.84,73516772.39,6.75,-31761353.39,1,日涨幅偏离值达到7%的前5只证券
20260730,002585.SZ,机构专用,8981906.0,0.83,11964146.0,1.1,-2982240.0,1,日涨幅偏离值达到7%的前5只证券
20260730,002585.SZ,机构专用,3956104.0,0.36,11257803.95,1.03,-7301699.95,1,日涨幅偏离值达到7%的前5只证券
20260730,002585.SZ,机构专用,2590283.0,0.24,9406179.0,0.86,-6815896.0,1,日涨幅偏离值达到7%的前5只证券
20260730,002585.SZ,机构专用,7817297.0,0.72,7980283.0,0.73,-162986.0,1,日涨幅偏离值达到7%的前5只证券
20260730,002702.SZ,机构专用,20970485.0,4.85,28513454.0,6.6,-7542969.0,0,连续三个交易日内，涨幅偏离值累计达到20%的证券
20260730,002702.SZ,华鑫证券有限责任公司南京清凉门大街证券营业部,17000435.8,3.94,33592.0,0.01,16966843.8,0,连续三个交易日内，涨幅偏离值累计达到20%的证券
20260730,002702.SZ,机构专用,16333192.0,3.78,18502640.0,4.28,-2169448.0,0,连续三个交易日内，涨幅偏离值累计达到20%的证券
20260730,002702.SZ,机构专用,13634002.0,3.16,32531537.0,7.53,-18897535.0,0,连续三个交易日内，涨幅偏离值累计达到20%的证券
20260730,002702.SZ,国新证券股份有限公司海南分公司,11252332.0,2.6,0.0,0.0,11252332.0,0,连续三个交易日内，涨幅偏离值累计达到20%的证券
20260730,002702.SZ,机构专用,13634002.0,3.16,32531537.0,7.53,-18897535.0,1,连续三个交易日内，涨幅偏离值累计达到20%的证券
20260730,002702.SZ,机构专用,20970485.0,4.85,28513454.0,6.6,-7542969.0,1,连续三个交易日内，涨幅偏离值累计达到20%的证券
20260730,002702.SZ,机构专用,16333192.0,3.78,18502640.0,4.28,-2169448.0,1,连续三个交易日内，涨幅偏离值累计达到20%的证券
20260730,002702.SZ,机构专用,6745481.0,1.56,15525558.0,3.59,-8780077.0,1,连续三个交易日内，涨幅偏离值累计达到20%的证券
20260730,002702.SZ,机构专用,8289759.0,1.92,14964223.0,3.46,-6674464.0,1,连续三个交易日内，涨幅偏离值累计达到20%的证券
20260730,002703.SZ,深股通专用,74142072.59,5.23,179832707.23,12.69,-105690634.64,0,连续三个交易日内，涨幅偏离值累计达到20%的证券
20260730,002703.SZ,开源证券股份有限公司西安太华路证券营业部,51096482.0,3.61,3860.0,0.0,51092622.0,0,连续三个交易日内，涨幅偏离值累计达到20%的证券
20260730,002703.SZ,开源证券股份有限公司西安太华路证券营业部,51092627.0,7.26,0.0,0.0,51092627.0,0,日涨幅偏离值达到7%的前5只证券
20260730,002703.SZ,开源证券股份有限公司西安高新成章路证券营业部,48800753.0,6.94,0.0,0.0,48800753.0,0,日涨幅偏离值达到7%的前5只证券
20260730,002703.SZ,开源证券股份有限公司西安高新成章路证券营业部,48800753.0,3.44,0.0,0.0,48800753.0,0,连续三个交易日内，涨幅偏离值累计达到20%的证券
20260730,002703.SZ,机构专用,26638167.69,1.88,29906277.79,2.11,-3268110.1,0,连续三个交易日内，涨幅偏离值累计达到20%的证券
20260730,002703.SZ,深股通专用,22112322.5,3.14,111666618.48,15.88,-89554295.98,0,日涨幅偏离值达到7%的前5只证券
20260730,002703.SZ,机构专用,19988339.2,1.41,45372262.0,3.2,-25383922.8,0,连续三个交易日内，涨幅偏离值累计达到20%的证券
20260730,002703.SZ,平安证券股份有限公司金华李渔路证券营业部,15333311.0,2.18,658454.0,0.09,14674857.0,0,日涨幅偏离值达到7%的前5只证券
20260730,002703.SZ,华鑫证券有限责任公司上海东大名路证券营业部,15246996.0,2.17,0.0,0.0,15246996.0,0,日涨幅偏离值达到7%的前5只证券
20260730,002703.SZ,深股通专用,74142072.59,5.23,179832707.23,12.69,-105690634.64,1,连续三个交易日内，涨幅偏离值累计达到20%的证券
20260730,002703.SZ,深股通专用,22112322.5,3.14,111666618.48,15.88,-89554295.98,1,日涨幅偏离值达到7%的前5只证券
20260730,002703.SZ,机构专用,19988339.2,1.41,45372262.0,3.2,-25383922.8,1,连续三个交易日内，涨幅偏离值累计达到20%的证券
20260730,002703.SZ,机构专用,17794182.8,1.26,35438897.88,2.5,-17644715.08,1,连续三个交易日内，涨幅偏离值累计达到20%的证券
20260730,002703.SZ,机构专用,16089045.0,1.14,31847620.0,2.25,-15758575.0,1,连续三个交易日内，涨幅偏离值累计达到20%的证券
20260730,002703.SZ,机构专用,26638167.69,1.88,29906277.79,2.11,-3268110.1,1,连续三个交易日内，涨幅偏离值累计达到20%的证券
20260730,002703.SZ,机构专用,3646893.2,0.52,20976293.0,2.98,-17329399.8,1,日涨幅偏离值达到7%的前5只证券
20260730,002703.SZ,机构专用,3532693.3,0.5,14222250.0,2.02,-10689556.7,1,日涨幅偏离值达到7%的前5只证券
20260730,002703.SZ,机构专用,6168698.0,0.88,12357350.0,1.76,-6188652.0,1,日涨幅偏离值达到7%的前5只证券
20260730,002703.SZ,机构专用,12715591.2,1.81,11068480.4,1.57,1647110.8,1,日涨幅偏离值达到7%的前5只证券
20260730,002726.SZ,东方财富证券股份有限公司拉萨金融城南环路证券营业部,12792289.56,1.77,13297030.68,1.84,-504741.12,0,连续三个交易日内，涨幅偏离值累计达到20%的证券
20260730,002726.SZ,东方财富证券股份有限公司拉萨东环路第二证券营业部,11529952.44,1.6,8930256.03,1.24,2599696.41,0,连续三个交易日内，涨幅偏离值累计达到20%的证券
20260730,002726.SZ,东方财富证券股份有限公司拉萨东环路第一证券营业部,11309236.2,1.57,8654147.44,1.2,2655088.76,0,连续三个交易日内，涨幅偏离值累计达到20%的证券
20260730,002726.SZ,东方财富证券股份有限公司拉萨团结路第一证券营业部,11226862.74,1.55,10302563.88,1.43,924298.86,0,连续三个交易日内，涨幅偏离值累计达到20%的证券
20260730,002726.SZ,东莞证券股份有限公司四川分公司,10995613.95,1.52,11153148.84,1.54,-157534.89,0,连续三个交易日内，涨幅偏离值累计达到20%的证券
20260730,002726.SZ,东方财富证券股份有限公司拉萨金融城南环路证券营业部,12792289.56,1.77,13297030.68,1.84,-504741.12,1,连续三个交易日内，涨幅偏离值累计达到20%的证券
20260730,002726.SZ,东莞证券股份有限公司四川分公司,10995613.95,1.52,11153148.84,1.54,-157534.89,1,连续三个交易日内，涨幅偏离值累计达到20%的证券
20260730,002726.SZ,东方财富证券股份有限公司拉萨团结路第一证券营业部,11226862.74,1.55,10302563.88,1.43,924298.86,1,连续三个交易日内，涨幅偏离值累计达到20%的证券
20260730,002726.SZ,东方财富证券股份有限公司拉萨东环路第二证券营业部,11529952.44,1.6,8930256.03,1.24,2599696.41,1,连续三个交易日内，涨幅偏离值累计达到20%的证券
20260730,002726.SZ,东方财富证券股份有限公司昌都两江大道证券营业部,10272726.0,1.42,8732934.05,1.21,1539791.95,1,连续三个交易日内，涨幅偏离值累计达到20%的证券
20260730,002774.SZ,机构专用,17660648.0,8.12,16054697.5,7.39,1605950.5,0,日振幅值达到15%的前5只证券
20260730,002774.SZ,机构专用,13027450.0,5.99,8196721.0,3.77,4830729.0,0,日振幅值达到15%的前5只证券
20260730,002774.SZ,机构专用,5750063.0,2.65,3485111.0,1.6,2264952.0,0,日振幅值达到15%的前5只证券
20260730,002774.SZ,招商证券股份有限公司深圳壹海城证券营业部,4750240.0,2.19,1538.0,0.0,4748702.0,0,日振幅值达到15%的前5只证券
20260730,002774.SZ,机构专用,4512675.0,2.08,11065512.0,5.09,-6552837.0,0,日振幅值达到15%的前5只证券
20260730,002774.SZ,机构专用,17660648.0,8.12,16054697.5,7.39,1605950.5,1,日振幅值达到15%的前5只证券
20260730,002774.SZ,机构专用,4512675.0,2.08,11065512.0,5.09,-6552837.0,1,日振幅值达到15%的前5只证券
20260730,002774.SZ,机构专用,13027450.0,5.99,8196721.0,3.77,4830729.0,1,日振幅值达到15%的前5只证券
20260730,002774.SZ,东方财富证券股份有限公司拉萨东环路第一证券营业部,819380.0,0.38,7229717.0,3.33,-6410337.0,1,日振幅值达到15%的前5只证券
20260730,002774.SZ,机构专用,3244082.0,1.49,6215591.0,2.86,-2971509.0,1,日振幅值达到15%的前5只证券
20260730,002827.SZ,华鑫证券有限责任公司上海陆家嘴证券营业部,28427037.0,24.24,0.0,0.0,28427037.0,0,连续三个交易日内，涨幅偏离值累计达到20%的证券
20260730,002827.SZ,华源证券股份有限公司江苏分公司,23993757.24,20.46,0.0,0.0,23993757.24,0,连续三个交易日内，涨幅偏离值累计达到20%的证券
20260730,002827.SZ,财通证券股份有限公司温岭中华路证券营业部,14802543.0,12.62,44315.0,0.04,14758228.0,0,连续三个交易日内，涨幅偏离值累计达到20%的证券
20260730,002827.SZ,川财证券有限责任公司成都蜀锦路证券营业部,9290330.0,7.92,0.0,0.0,9290330.0,0,连续三个交易日内，涨幅偏离值累计达到20%的证券
20260730,002827.SZ,中信证券股份有限公司本溪东明路证券营业部,5909455.0,5.04,0.0,0.0,5909455.0,0,连续三个交易日内，涨幅偏离值累计达到20%的证券
20260730,002827.SZ,中信证券股份有限公司宁波分公司,0.0,0.0,6293145.0,5.37,-6293145.0,1,连续三个交易日内，涨幅偏离值累计达到20%的证券
20260730,002827.SZ,世纪证券有限责任公司南昌民德路证券营业部,0.0,0.0,3218710.0,2.74,-3218710.0,1,连续三个交易日内，涨幅偏离值累计达到20%的证券
20260730,002827.SZ,中国银河证券股份有限公司南京洪武路证券营业部,0.0,0.0,3211280.0,2.74,-3211280.0,1,连续三个交易日内，涨幅偏离值累计达到20%的证券
20260730,002827.SZ,深股通专用,0.0,0.0,1812606.0,1.55,-1812606.0,1,连续三个交易日内，涨幅偏离值累计达到20%的证券
20260730,002827.SZ,东莞证券股份有限公司湖北分公司,0.0,0.0,1715425.0,1.46,-1715425.0,1,连续三个交易日内，涨幅偏离值累计达到20%的证券
20260730,002851.SZ,深股通专用,1132134151.8,11.23,1097170859.64,10.88,34963292.16,0,连续三个交易日内，跌幅偏离值累计达到20%的证券
20260730,002851.SZ,机构专用,293296389.94,2.91,210414387.21,2.09,82882002.73,0,连续三个交易日内，跌幅偏离值累计达到20%的证券
20260730,002851.SZ,机构专用,237006764.49,2.35,169551510.6,1.68,67455253.89,0,连续三个交易日内，跌幅偏离值累计达到20%的证券
20260730,002851.SZ,机构专用,202869942.18,2.01,233686300.96,2.32,-30816358.78,0,连续三个交易日内，跌幅偏离值累计达到20%的证券
20260730,002851.SZ,机构专用,167646018.89,1.66,172408229.49,1.71,-4762210.6,0,连续三个交易日内，跌幅偏离值累计达到20%的证券
20260730,002851.SZ,深股通专用,1132134151.8,11.23,1097170859.64,10.88,34963292.16,1,连续三个交易日内，跌幅偏离值累计达到20%的证券
20260730,002851.SZ,机构专用,202869942.18,2.01,233686300.96,2.32,-30816358.78,1,连续三个交易日内，跌幅偏离值累计达到20%的证券
20260730,002851.SZ,机构专用,293296389.94,2.91,210414387.21,2.09,82882002.73,1,连续三个交易日内，跌幅偏离值累计达到20%的证券
20260730,002851.SZ,机构专用,148509629.84,1.47,190771970.8,1.89,-42262340.96,1,连续三个交易日内，跌幅偏离值累计达到20%的证券
20260730,002851.SZ,机构专用,167646018.89,1.66,172408229.49,1.71,-4762210.6,1,连续三个交易日内，跌幅偏离值累计达到20%的证券
20260730,002879.SZ,中国中金财富证券有限公司长沙解放西路证券营业部,19463204.9,2.89,0.0,0.0,19463204.9,0,日振幅值达到15%的前5只证券
20260730,002879.SZ,中国中金财富证券有限公司长沙解放西路证券营业部,19463204.9,2.89,0.0,0.0,19463204.9,0,日换手率达到20%的前5只证券
20260730,002879.SZ,机构专用,19303012.0,2.86,18897835.0,2.8,405177.0,0,日振幅值达到15%的前5只证券
20260730,002879.SZ,机构专用,19303012.0,2.86,18897835.0,2.8,405177.0,0,日换手率达到20%的前5只证券
20260730,002879.SZ,机构专用,13475616.75,2.0,9212235.0,1.37,4263381.75,0,日振幅值达到15%的前5只证券
20260730,002879.SZ,机构专用,13475616.75,2.0,9212235.0,1.37,4263381.75,0,日换手率达到20%的前5只证券
20260730,002879.SZ,机构专用,10238115.4,1.52,6293153.26,0.93,3944962.14,0,日振幅值达到15%的前5只证券
20260730,002879.SZ,机构专用,10238115.4,1.52,6293153.26,0.93,3944962.14,0,日换手率达到20%的前5只证券
20260730,002879.SZ,国信证券股份有限公司浙江互联网分公司,9548097.4,1.42,13004714.64,1.93,-3456617.24,0,日振幅值达到15%的前5只证券
20260730,002879.SZ,国信证券股份有限公司浙江互联网分公司,9548097.4,1.42,13004714.64,1.93,-3456617.24,0,日换手率达到20%的前5只证券
20260730,002879.SZ,机构专用,19303012.0,2.86,18897835.0,2.8,405177.0,1,日振幅值达到15%的前5只证券
20260730,002879.SZ,机构专用,19303012.0,2.86,18897835.0,2.8,405177.0,1,日换手率达到20%的前5只证券
20260730,002879.SZ,国盛证券股份有限公司杭州建设三路证券营业部,634528.0,0.09,13989710.0,2.07,-13355182.0,1,日振幅值达到15%的前5只证券
20260730,002879.SZ,国盛证券股份有限公司杭州建设三路证券营业部,634528.0,0.09,13989710.0,2.07,-13355182.0,1,日换手率达到20%的前5只证券
20260730,002879.SZ,国信证券股份有限公司浙江互联网分公司,9548097.4,1.42,13004714.64,1.93,-3456617.24,1,日振幅值达到15%的前5只证券
20260730,002879.SZ,国信证券股份有限公司浙江互联网分公司,9548097.4,1.42,13004714.64,1.93,-3456617.24,1,日换手率达到20%的前5只证券
20260730,002879.SZ,国泰海通证券股份有限公司毕节开行路证券营业部,0.0,0.0,9555856.0,1.42,-9555856.0,1,日振幅值达到15%的前5只证券
20260730,002879.SZ,国泰海通证券股份有限公司毕节开行路证券营业部,0.0,0.0,9555856.0,1.42,-9555856.0,1,日换手率达到20%的前5只证券
20260730,002879.SZ,机构专用,13475616.75,2.0,9212235.0,1.37,4263381.75,1,日振幅值达到15%的前5只证券
20260730,002879.SZ,机构专用,13475616.75,2.0,9212235.0,1.37,4263381.75,1,日换手率达到20%的前5只证券
20260730,002882.SZ,国新证券股份有限公司北京中关村大街证券营业部,24975424.0,5.26,0.0,0.0,24975424.0,0,连续三个交易日内，涨幅偏离值累计达到20%的证券
20260730,002882.SZ,深股通专用,22370302.0,4.72,46228859.25,9.74,-23858557.25,0,连续三个交易日内，涨幅偏离值累计达到20%的证券
20260730,002882.SZ,国新证券股份有限公司北京分公司,19027062.0,4.01,0.0,0.0,19027062.0,0,连续三个交易日内，涨幅偏离值累计达到20%的证券
20260730,002882.SZ,广发证券股份有限公司西安南广济街证券营业部,17396704.0,3.67,4324.0,0.0,17392380.0,0,连续三个交易日内，涨幅偏离值累计达到20%的证券
20260730,002882.SZ,华鑫证券有限责任公司成都交子大道证券营业部,16549861.0,3.49,17464266.0,3.68,-914405.0,0,连续三个交易日内，涨幅偏离值累计达到20%的证券
20260730,002882.SZ,深股通专用,22370302.0,4.72,46228859.25,9.74,-23858557.25,1,连续三个交易日内，涨幅偏离值累计达到20%的证券
20260730,002882.SZ,华鑫证券有限责任公司成都交子大道证券营业部,16549861.0,3.49,17464266.0,3.68,-914405.0,1,连续三个交易日内，涨幅偏离值累计达到20%的证券
20260730,002882.SZ,华鑫证券有限责任公司上海陆家嘴证券营业部,11661702.0,2.46,12787844.0,2.7,-1126142.0,1,连续三个交易日内，涨幅偏离值累计达到20%的证券
20260730,002882.SZ,机构专用,1523113.0,0.32,12719074.85,2.68,-11195961.85,1,连续三个交易日内，涨幅偏离值累计达到20%的证券
20260730,002882.SZ,机构专用,4908337.0,1.03,7600570.0,1.6,-2692233.0,1,连续三个交易日内，涨幅偏离值累计达到20%的证券
20260730,002903.SZ,机构专用,22242832.0,3.29,51084465.61,7.55,-28841633.61,0,日振幅值达到15%的前5只证券
20260730,002903.SZ,机构专用,22242832.0,3.29,51084465.61,7.55,-28841633.61,0,日换手率达到20%的前5只证券
20260730,002903.SZ,机构专用,15634960.0,2.31,22574369.0,3.34,-6939409.0,0,日振幅值达到15%的前5只证券
20260730,002903.SZ,机构专用,15634960.0,2.31,22574369.0,3.34,-6939409.0,0,日换手率达到20%的前5只证券
20260730,002903.SZ,机构专用,13439701.11,1.99,11563152.0,1.71,1876549.11,0,日振幅值达到15%的前5只证券
20260730,002903.SZ,机构专用,13439701.11,1.99,11563152.0,1.71,1876549.11,0,日换手率达到20%的前5只证券
20260730,002903.SZ,机构专用,13179024.0,1.95,28560836.0,4.22,-15381812.0,0,日振幅值达到15%的前5只证券
20260730,002903.SZ,机构专用,13179024.0,1.95,28560836.0,4.22,-15381812.0,0,日换手率达到20%的前5只证券
20260730,002903.SZ,机构专用,7688599.0,1.14,26610793.0,3.93,-18922194.0,0,日振幅值达到15%的前5只证券
20260730,002903.SZ,机构专用,7688599.0,1.14,26610793.0,3.93,-18922194.0,0,日换手率达到20%的前5只证券
20260730,002903.SZ,机构专用,22242832.0,3.29,51084465.61,7.55,-28841633.61,1,日换手率达到20%的前5只证券
20260730,002903.SZ,机构专用,22242832.0,3.29,51084465.61,7.55,-28841633.61,1,日振幅值达到15%的前5只证券
20260730,002903.SZ,机构专用,0.0,0.0,30541334.0,4.51,-30541334.0,1,日换手率达到20%的前5只证券
20260730,002903.SZ,机构专用,0.0,0.0,30541334.0,4.51,-30541334.0,1,日振幅值达到15%的前5只证券
20260730,002903.SZ,机构专用,13179024.0,1.95,28560836.0,4.22,-15381812.0,1,日换手率达到20%的前5只证券
20260730,002903.SZ,机构专用,13179024.0,1.95,28560836.0,4.22,-15381812.0,1,日振幅值达到15%的前5只证券
20260730,002903.SZ,机构专用,7688599.0,1.14,26610793.0,3.93,-18922194.0,1,日换手率达到20%的前5只证券
20260730,002903.SZ,机构专用,7688599.0,1.14,26610793.0,3.93,-18922194.0,1,日振幅值达到15%的前5只证券
20260730,002903.SZ,机构专用,15634960.0,2.31,22574369.0,3.34,-6939409.0,1,日换手率达到20%的前5只证券
20260730,002903.SZ,机构专用,15634960.0,2.31,22574369.0,3.34,-6939409.0,1,日振幅值达到15%的前5只证券
20260730,002946.SZ,深股通专用,64071325.38,8.4,76749723.47,10.06,-12678398.09,0,连续三个交易日内，涨幅偏离值累计达到20%的证券
20260730,002946.SZ,机构专用,32370462.7,4.24,0.0,0.0,32370462.7,0,连续三个交易日内，涨幅偏离值累计达到20%的证券
20260730,002946.SZ,机构专用,29806905.0,3.91,0.0,0.0,29806905.0,0,连续三个交易日内，涨幅偏离值累计达到20%的证券
20260730,002946.SZ,机构专用,25005721.0,3.28,0.0,0.0,25005721.0,0,连续三个交易日内，涨幅偏离值累计达到20%的证券
20260730,002946.SZ,机构专用,18901920.28,2.48,42468980.91,5.57,-23567060.63,0,连续三个交易日内，涨幅偏离值累计达到20%的证券
20260730,002946.SZ,深股通专用,64071325.38,8.4,76749723.47,10.06,-12678398.09,1,连续三个交易日内，涨幅偏离值累计达到20%的证券
20260730,002946.SZ,机构专用,18901920.28,2.48,42468980.91,5.57,-23567060.63,1,连续三个交易日内，涨幅偏离值累计达到20%的证券
20260730,002946.SZ,广发证券股份有限公司上海浦东新区东方路证券营业部,47000.0,0.01,35791372.0,4.69,-35744372.0,1,连续三个交易日内，涨幅偏离值累计达到20%的证券
20260730,002946.SZ,机构专用,17871235.0,2.34,20094120.0,2.63,-2222885.0,1,连续三个交易日内，涨幅偏离值累计达到20%的证券
20260730,002946.SZ,机构专用,11613636.0,1.52,17211050.82,2.26,-5597414.82,1,连续三个交易日内，涨幅偏离值累计达到20%的证券
20260730,002965.SZ,深股通专用,192519948.0,11.09,160691517.6,9.25,31828430.4,0,连续三个交易日内，跌幅偏离值累计达到20%的证券
20260730,002965.SZ,机构专用,105963411.3,6.1,81552276.7,4.7,24411134.6,0,连续三个交易日内，跌幅偏离值累计达到20%的证券
20260730,002965.SZ,机构专用,65322352.1,3.76,39167786.5,2.26,26154565.6,0,连续三个交易日内，跌幅偏离值累计达到20%的证券
20260730,002965.SZ,机构专用,63257904.53,3.64,91269366.37,5.26,-28011461.84,0,连续三个交易日内，跌幅偏离值累计达到20%的证券
20260730,002965.SZ,中国国际金融股份有限公司上海分公司,42133372.02,2.43,34647708.4,2.0,7485663.62,0,连续三个交易日内，跌幅偏离值累计达到20%的证券
20260730,002965.SZ,深股通专用,192519948.0,11.09,160691517.6,9.25,31828430.4,1,连续三个交易日内，跌幅偏离值累计达到20%的证券
20260730,002965.SZ,机构专用,63257904.53,3.64,91269366.37,5.26,-28011461.84,1,连续三个交易日内，跌幅偏离值累计达到20%的证券
20260730,002965.SZ,机构专用,105963411.3,6.1,81552276.7,4.7,24411134.6,1,连续三个交易日内，跌幅偏离值累计达到20%的证券
20260730,002965.SZ,机构专用,65322352.1,3.76,39167786.5,2.26,26154565.6,1,连续三个交易日内，跌幅偏离值累计达到20%的证券
20260730,002965.SZ,机构专用,41733729.0,2.4,38148911.0,2.2,3584818.0,1,连续三个交易日内，跌幅偏离值累计达到20%的证券
20260730,002980.SZ,深股通专用,236753867.2,11.77,174499592.8,8.67,62254274.4,0,连续三个交易日内，跌幅偏离值累计达到20%的证券
20260730,002980.SZ,机构专用,103119477.0,5.12,86379067.0,4.29,16740410.0,0,连续三个交易日内，跌幅偏离值累计达到20%的证券
20260730,002980.SZ,机构专用,80034101.64,3.98,71784487.4,3.57,8249614.24,0,连续三个交易日内，跌幅偏离值累计达到20%的证券
20260730,002980.SZ,机构专用,63051593.2,3.13,31694888.0,1.58,31356705.2,0,连续三个交易日内，跌幅偏离值累计达到20%的证券
20260730,002980.SZ,机构专用,43951559.0,2.18,44481649.2,2.21,-530090.2,0,连续三个交易日内，跌幅偏离值累计达到20%的证券
20260730,002980.SZ,深股通专用,236753867.2,11.77,174499592.8,8.67,62254274.4,1,连续三个交易日内，跌幅偏离值累计达到20%的证券
20260730,002980.SZ,机构专用,0.0,0.0,154738663.96,7.69,-154738663.96,1,连续三个交易日内，跌幅偏离值累计达到20%的证券
20260730,002980.SZ,机构专用,103119477.0,5.12,86379067.0,4.29,16740410.0,1,连续三个交易日内，跌幅偏离值累计达到20%的证券
20260730,002980.SZ,机构专用,80034101.64,3.98,71784487.4,3.57,8249614.24,1,连续三个交易日内，跌幅偏离值累计达到20%的证券
20260730,002980.SZ,机构专用,43951559.0,2.18,44481649.2,2.21,-530090.2,1,连续三个交易日内，跌幅偏离值累计达到20%的证券
20260730,003032.SZ,国泰海通证券股份有限公司南京太平南路证券营业部,19305403.28,7.03,20673640.0,7.53,-1368236.72,0,连续三个交易日内，涨幅偏离值累计达到20%的证券
20260730,003032.SZ,东北证券股份有限公司长春卫星路证券营业部,12289481.0,4.48,0.0,0.0,12289481.0,0,连续三个交易日内，涨幅偏离值累计达到20%的证券
20260730,003032.SZ,中国中金财富证券有限公司南京汉中路证券营业部,8836593.0,3.22,0.0,0.0,8836593.0,0,连续三个交易日内，涨幅偏离值累计达到20%的证券
20260730,003032.SZ,机构专用,8736780.0,3.18,657340.0,0.24,8079440.0,0,连续三个交易日内，涨幅偏离值累计达到20%的证券
20260730,003032.SZ,国泰海通证券股份有限公司东莞总部一路证券营业部,7765680.0,2.83,0.0,0.0,7765680.0,0,连续三个交易日内，涨幅偏离值累计达到20%的证券
20260730,003032.SZ,国泰海通证券股份有限公司南京太平南路证券营业部,19305403.28,7.03,20673640.0,7.53,-1368236.72,1,连续三个交易日内，涨幅偏离值累计达到20%的证券
20260730,003032.SZ,华泰证券股份有限公司上海武定路证券营业部,7006500.0,2.55,12799540.0,4.66,-5793040.0,1,连续三个交易日内，涨幅偏离值累计达到20%的证券
20260730,003032.SZ,华泰证券股份有限公司广州珠江西路证券营业部,22152.0,0.01,7420504.0,2.7,-7398352.0,1,连续三个交易日内，涨幅偏离值累计达到20%的证券
20260730,003032.SZ,华泰证券股份有限公司西安锦业路证券营业部,5853193.0,2.13,6277700.0,2.29,-424507.0,1,连续三个交易日内，涨幅偏离值累计达到20%的证券
20260730,003032.SZ,机构专用,37440.0,0.01,6239252.0,2.27,-6201812.0,1,连续三个交易日内，涨幅偏离值累计达到20%的证券
20260730,300164.SZ,深股通专用,84462038.0,3.83,59527493.85,2.7,24934544.15,0,日换手率达到30%的前5只证券
20260730,300164.SZ,机构专用,46636805.0,2.11,16365464.0,0.74,30271341.0,0,日换手率达到30%的前5只证券
20260730,300164.SZ,机构专用,21106988.0,0.96,9682758.0,0.44,11424230.0,0,日换手率达到30%的前5只证券
20260730,300164.SZ,东方财富证券股份有限公司拉萨东环路第二证券营业部,19178362.0,0.87,21540576.0,0.98,-2362214.0,0,日换手率达到30%的前5只证券
20260730,300164.SZ,东方财富证券股份有限公司拉萨团结路第一证券营业部,18867362.0,0.86,19690379.58,0.89,-823017.58,0,日换手率达到30%的前5只证券
20260730,300164.SZ,深股通专用,84462038.0,3.83,59527493.85,2.7,24934544.15,1,日换手率达到30%的前5只证券
20260730,300164.SZ,东方财富证券股份有限公司拉萨金融城南环路证券营业部,17044085.94,0.77,25047518.0,1.14,-8003432.06,1,日换手率达到30%的前5只证券
20260730,300164.SZ,东方财富证券股份有限公司拉萨东环路第二证券营业部,19178362.0,0.87,21540576.0,0.98,-2362214.0,1,日换手率达到30%的前5只证券
20260730,300164.SZ,东方财富证券股份有限公司拉萨团结路第一证券营业部,18867362.0,0.86,19690379.58,0.89,-823017.58,1,日换手率达到30%的前5只证券
20260730,300164.SZ,东方财富证券股份有限公司拉萨东环路第一证券营业部,16701907.0,0.76,19483008.14,0.88,-2781101.14,1,日换手率达到30%的前5只证券
20260730,300169.SZ,机构专用,17256120.0,2.82,18686383.24,3.05,-1430263.24,0,连续三个交易日内，涨幅偏离值累计达到30%的证券
20260730,300169.SZ,国泰海通证券股份有限公司成都龙腾东路营业部,13111680.0,2.14,2109395.0,0.34,11002285.0,0,连续三个交易日内，涨幅偏离值累计达到30%的证券
20260730,300169.SZ,中国国际金融股份有限公司上海分公司,11720442.0,1.91,4166974.0,0.68,7553468.0,0,连续三个交易日内，涨幅偏离值累计达到30%的证券
20260730,300169.SZ,机构专用,10851941.0,1.77,14508864.0,2.37,-3656923.0,0,连续三个交易日内，涨幅偏离值累计达到30%的证券
20260730,300169.SZ,国信证券股份有限公司北京朝阳门证券营业部,8445166.0,1.38,8550388.0,1.4,-105222.0,0,连续三个交易日内，涨幅偏离值累计达到30%的证券
20260730,300169.SZ,机构专用,17256120.0,2.82,18686383.24,3.05,-1430263.24,1,连续三个交易日内，涨幅偏离值累计达到30%的证券
20260730,300169.SZ,机构专用,7895331.25,1.29,17256140.0,2.82,-9360808.75,1,连续三个交易日内，涨幅偏离值累计达到30%的证券
20260730,300169.SZ,机构专用,10851941.0,1.77,14508864.0,2.37,-3656923.0,1,连续三个交易日内，涨幅偏离值累计达到30%的证券
20260730,300169.SZ,机构专用,3964254.0,0.65,13743737.0,2.25,-9779483.0,1,连续三个交易日内，涨幅偏离值累计达到30%的证券
20260730,300169.SZ,机构专用,8322444.6,1.36,12033450.0,1.97,-3711005.4,1,连续三个交易日内，涨幅偏离值累计达到30%的证券
20260730,300290.SZ,中信建投证券股份有限公司上海营口路证券营业部,30377042.2,3.12,36860712.0,3.79,-6483669.8,0,连续三个交易日内，涨幅偏离值累计达到30%的证券
20260730,300290.SZ,机构专用,14570199.44,1.5,16901489.17,1.74,-2331289.73,0,连续三个交易日内，涨幅偏离值累计达到30%的证券
20260730,300290.SZ,东方财富证券股份有限公司拉萨东环路第二证券营业部,11820317.0,1.21,10195403.0,1.05,1624914.0,0,连续三个交易日内，涨幅偏离值累计达到30%的证券
20260730,300290.SZ,联储证券股份有限公司陕西分公司,11465743.0,1.18,10263890.0,1.05,1201853.0,0,连续三个交易日内，涨幅偏离值累计达到30%的证券
20260730,300290.SZ,东方财富证券股份有限公司拉萨团结路第一证券营业部,11035544.87,1.13,8521783.15,0.88,2513761.72,0,连续三个交易日内，涨幅偏离值累计达到30%的证券
20260730,300290.SZ,中信建投证券股份有限公司上海营口路证券营业部,30377042.2,3.12,36860712.0,3.79,-6483669.8,1,连续三个交易日内，涨幅偏离值累计达到30%的证券
20260730,300290.SZ,机构专用,14570199.44,1.5,16901489.17,1.74,-2331289.73,1,连续三个交易日内，涨幅偏离值累计达到30%的证券
20260730,300290.SZ,机构专用,6944353.0,0.71,15415521.0,1.58,-8471168.0,1,连续三个交易日内，涨幅偏离值累计达到30%的证券
20260730,300290.SZ,机构专用,6818393.0,0.7,11484484.6,1.18,-4666091.6,1,连续三个交易日内，涨幅偏离值累计达到30%的证券
20260730,300290.SZ,联储证券股份有限公司陕西分公司,11465743.0,1.18,10263890.0,1.05,1201853.0,1,连续三个交易日内，涨幅偏离值累计达到30%的证券
20260730,300458.SZ,深股通专用,418197349.16,7.94,297385465.95,5.65,120811883.21,0,日跌幅达到15%的前5只证券
20260730,300458.SZ,机构专用,98162316.15,1.86,90984649.19,1.73,7177666.96,0,日跌幅达到15%的前5只证券
20260730,300458.SZ,机构专用,68090375.86,1.29,56560748.02,1.07,11529627.84,0,日跌幅达到15%的前5只证券
20260730,300458.SZ,机构专用,66125301.37,1.26,82432777.85,1.56,-16307476.48,0,日跌幅达到15%的前5只证券
20260730,300458.SZ,机构专用,61756014.85,1.17,20998006.48,0.4,40758008.37,0,日跌幅达到15%的前5只证券
20260730,300458.SZ,深股通专用,418197349.16,7.94,297385465.95,5.65,120811883.21,1,日跌幅达到15%的前5只证券
20260730,300458.SZ,机构专用,98162316.15,1.86,90984649.19,1.73,7177666.96,1,日跌幅达到15%的前5只证券
20260730,300458.SZ,机构专用,43524422.01,0.83,85360766.21,1.62,-41836344.2,1,日跌幅达到15%的前5只证券
20260730,300458.SZ,机构专用,66125301.37,1.26,82432777.85,1.56,-16307476.48,1,日跌幅达到15%的前5只证券
20260730,300458.SZ,机构专用,1442774.0,0.03,78343009.88,1.49,-76900235.88,1,日跌幅达到15%的前5只证券
20260730,300489.SZ,深股通专用,147467094.0,9.85,185110532.0,12.36,-37643438.0,0,日跌幅达到15%的前5只证券
20260730,300489.SZ,机构专用,119491351.0,7.98,115828580.0,7.73,3662771.0,0,日跌幅达到15%的前5只证券
20260730,300489.SZ,机构专用,51071213.0,3.41,59375444.0,3.97,-8304231.0,0,日跌幅达到15%的前5只证券
20260730,300489.SZ,机构专用,50562039.0,3.38,91147448.0,6.09,-40585409.0,0,日跌幅达到15%的前5只证券
20260730,300489.SZ,机构专用,42199628.0,2.82,34157325.0,2.28,8042303.0,0,日跌幅达到15%的前5只证券
20260730,300489.SZ,深股通专用,147467094.0,9.85,185110532.0,12.36,-37643438.0,1,日跌幅达到15%的前5只证券
20260730,300489.SZ,机构专用,119491351.0,7.98,115828580.0,7.73,3662771.0,1,日跌幅达到15%的前5只证券
20260730,300489.SZ,机构专用,50562039.0,3.38,91147448.0,6.09,-40585409.0,1,日跌幅达到15%的前5只证券
20260730,300489.SZ,机构专用,51071213.0,3.41,59375444.0,3.97,-8304231.0,1,日跌幅达到15%的前5只证券
20260730,300489.SZ,光大证券股份有限公司汕头华山路证券营业部,5157751.0,0.34,59355803.0,3.96,-54198052.0,1,日跌幅达到15%的前5只证券
20260730,300534.SZ,机构专用,35636215.0,2.41,71725915.0,4.85,-36089700.0,0,日换手率达到30%的前5只证券
20260730,300534.SZ,机构专用,15007983.0,1.01,45915638.0,3.1,-30907655.0,0,日换手率达到30%的前5只证券
20260730,300534.SZ,东方财富证券股份有限公司拉萨东环路第二证券营业部,13166577.0,0.89,7007079.0,0.47,6159498.0,0,日换手率达到30%的前5只证券
20260730,300534.SZ,东方财富证券股份有限公司拉萨金融城南环路证券营业部,12856352.0,0.87,7383913.0,0.5,5472439.0,0,日换手率达到30%的前5只证券
20260730,300534.SZ,东方财富证券股份有限公司拉萨团结路第一证券营业部,11923351.0,0.81,8189720.0,0.55,3733631.0,0,日换手率达到30%的前5只证券
20260730,300534.SZ,机构专用,35636215.0,2.41,71725915.0,4.85,-36089700.0,1,日换手率达到30%的前5只证券
20260730,300534.SZ,机构专用,7550138.0,0.51,57436454.0,3.88,-49886316.0,1,日换手率达到30%的前5只证券
20260730,300534.SZ,机构专用,15007983.0,1.01,45915638.0,3.1,-30907655.0,1,日换手率达到30%的前5只证券
20260730,300534.SZ,机构专用,8686817.0,0.59,34801263.0,2.35,-26114446.0,1,日换手率达到30%的前5只证券
20260730,300534.SZ,机构专用,7749569.0,0.52,20646161.0,1.4,-12896592.0,1,日换手率达到30%的前5只证券
20260730,300663.SZ,深股通专用,164551361.91,5.55,145412659.71,4.9,19138702.2,0,连续三个交易日内，涨幅偏离值累计达到30%的证券
20260730,300663.SZ,机构专用,39180064.47,1.32,36991357.58,1.25,2188706.89,0,连续三个交易日内，涨幅偏离值累计达到30%的证券
20260730,300663.SZ,机构专用,34559989.13,1.17,36784472.37,1.24,-2224483.24,0,连续三个交易日内，涨幅偏离值累计达到30%的证券
20260730,300663.SZ,国泰海通证券股份有限公司上海长宁区江苏路证券营业部,31746219.0,1.07,31065947.0,1.05,680272.0,0,连续三个交易日内，涨幅偏离值累计达到30%的证券
20260730,300663.SZ,机构专用,31144515.0,1.05,23474134.68,0.79,7670380.32,0,连续三个交易日内，涨幅偏离值累计达到30%的证券
20260730,300663.SZ,深股通专用,164551361.91,5.55,145412659.71,4.9,19138702.2,1,连续三个交易日内，涨幅偏离值累计达到30%的证券
20260730,300663.SZ,机构专用,39180064.47,1.32,36991357.58,1.25,2188706.89,1,连续三个交易日内，涨幅偏离值累计达到30%的证券
20260730,300663.SZ,机构专用,34559989.13,1.17,36784472.37,1.24,-2224483.24,1,连续三个交易日内，涨幅偏离值累计达到30%的证券
20260730,300663.SZ,机构专用,30695098.04,1.04,36573535.86,1.23,-5878437.82,1,连续三个交易日内，涨幅偏离值累计达到30%的证券
20260730,300663.SZ,国泰海通证券股份有限公司上海长宁区江苏路证券营业部,31746219.0,1.07,31065947.0,1.05,680272.0,1,连续三个交易日内，涨幅偏离值累计达到30%的证券
20260730,300894.SZ,深股通专用,20733744.0,5.81,22385297.15,6.27,-1651553.15,0,连续三个交易日内，涨幅偏离值累计达到30%的证券
20260730,300894.SZ,开源证券股份有限公司西安太华路证券营业部,16111720.0,7.35,0.0,0.0,16111720.0,0,日涨幅达到15%的前5只证券
20260730,300894.SZ,开源证券股份有限公司西安太华路证券营业部,16111720.0,4.51,0.0,0.0,16111720.0,0,连续三个交易日内，涨幅偏离值累计达到30%的证券
20260730,300894.SZ,机构专用,14815457.0,4.15,10423184.4,2.92,4392272.6,0,连续三个交易日内，涨幅偏离值累计达到30%的证券
20260730,300894.SZ,东方证券股份有限公司常熟李闸路证券营业部,12544427.0,3.51,611922.0,0.17,11932505.0,0,连续三个交易日内，涨幅偏离值累计达到30%的证券
20260730,300894.SZ,东方证券股份有限公司常熟李闸路证券营业部,12101430.0,5.52,584658.0,0.27,11516772.0,0,日涨幅达到15%的前5只证券
20260730,300894.SZ,深股通专用,10253352.0,4.68,9079601.15,4.14,1173750.85,0,日涨幅达到15%的前5只证券
20260730,300894.SZ,招商证券股份有限公司南京庐山路证券营业部,9678444.8,2.71,216745.0,0.06,9461699.8,0,连续三个交易日内，涨幅偏离值累计达到30%的证券
20260730,300894.SZ,招商证券股份有限公司南京庐山路证券营业部,9677493.8,4.41,14441.0,0.01,9663052.8,0,日涨幅达到15%的前5只证券
20260730,300894.SZ,机构专用,8402979.0,3.83,5502004.4,2.51,2900974.6,0,日涨幅达到15%的前5只证券
20260730,300894.SZ,深股通专用,20733744.0,5.81,22385297.15,6.27,-1651553.15,1,连续三个交易日内，涨幅偏离值累计达到30%的证券
20260730,300894.SZ,机构专用,14815457.0,4.15,10423184.4,2.92,4392272.6,1,连续三个交易日内，涨幅偏离值累计达到30%的证券
20260730,300894.SZ,深股通专用,10253352.0,4.68,9079601.15,4.14,1173750.85,1,日涨幅达到15%的前5只证券
20260730,300894.SZ,国泰海通证券股份有限公司上海黄浦区中山南路证券营业部,6591752.0,1.85,7756454.0,2.17,-1164702.0,1,连续三个交易日内，涨幅偏离值累计达到30%的证券
20260730,300894.SZ,机构专用,8402979.0,3.83,5502004.4,2.51,2900974.6,1,日涨幅达到15%的前5只证券
20260730,300894.SZ,中国国际金融股份有限公司上海分公司,4393623.0,1.23,4238660.0,1.19,154963.0,1,连续三个交易日内，涨幅偏离值累计达到30%的证券
20260730,300894.SZ,机构专用,4383980.74,1.23,3826683.0,1.07,557297.74,1,连续三个交易日内，涨幅偏离值累计达到30%的证券
20260730,300894.SZ,机构专用,0.0,0.0,3346480.0,1.53,-3346480.0,1,日涨幅达到15%的前5只证券
20260730,300894.SZ,东莞证券股份有限公司东莞石碣证券营业部,58108.0,0.03,2852060.0,1.3,-2793952.0,1,日涨幅达到15%的前5只证券
20260730,300894.SZ,国泰海通证券股份有限公司上海黄浦区中山南路证券营业部,2112430.0,0.96,2827285.0,1.29,-714855.0,1,日涨幅达到15%的前5只证券
20260730,300903.SZ,深股通专用,159426562.99,9.85,145476938.75,8.99,13949624.24,0,日跌幅达到15%的前5只证券
20260730,300903.SZ,机构专用,68358882.4,4.23,56209485.0,3.47,12149397.4,0,日跌幅达到15%的前5只证券
20260730,300903.SZ,方正证券股份有限公司杭州杭海路证券营业部,54563886.0,3.37,0.0,0.0,54563886.0,0,日跌幅达到15%的前5只证券
20260730,300903.SZ,机构专用,49870177.6,3.08,20170496.0,1.25,29699681.6,0,日跌幅达到15%的前5只证券
20260730,300903.SZ,机构专用,43578121.92,2.69,21222731.0,1.31,22355390.92,0,日跌幅达到15%的前5只证券
20260730,300903.SZ,深股通专用,159426562.99,9.85,145476938.75,8.99,13949624.24,1,日跌幅达到15%的前5只证券
20260730,300903.SZ,国泰海通证券股份有限公司上海分公司,0.0,0.0,118879291.0,7.35,-118879291.0,1,日跌幅达到15%的前5只证券
20260730,300903.SZ,国泰海通证券股份有限公司上海自贸试验区第二分公司,19539.0,0.0,84920862.36,5.25,-84901323.36,1,日跌幅达到15%的前5只证券
20260730,300903.SZ,机构专用,68358882.4,4.23,56209485.0,3.47,12149397.4,1,日跌幅达到15%的前5只证券
20260730,300903.SZ,机构专用,27111051.0,1.68,27651612.82,1.71,-540561.82,1,日跌幅达到15%的前5只证券
20260730,300981.SZ,深股通专用,44105427.58,6.18,14990841.32,2.1,29114586.26,0,连续三个交易日内，涨幅偏离值累计达到30%的证券
20260730,300981.SZ,中国中金财富证券有限公司广州天河路证券营业部,11360494.0,1.59,12927248.25,1.81,-1566754.25,0,连续三个交易日内，涨幅偏离值累计达到30%的证券
20260730,300981.SZ,机构专用,10706650.74,1.5,3068913.0,0.43,7637737.74,0,连续三个交易日内，涨幅偏离值累计达到30%的证券
20260730,300981.SZ,机构专用,8373213.66,1.17,6497807.0,0.91,1875406.66,0,连续三个交易日内，涨幅偏离值累计达到30%的证券
20260730,300981.SZ,五矿证券有限公司江苏分公司,7661170.0,1.07,8272468.0,1.16,-611298.0,0,连续三个交易日内，涨幅偏离值累计达到30%的证券
20260730,300981.SZ,广发证券股份有限公司上海玉兰路证券营业部,2824.0,0.0,17296442.0,2.43,-17293618.0,1,连续三个交易日内，涨幅偏离值累计达到30%的证券
20260730,300981.SZ,深股通专用,44105427.58,6.18,14990841.32,2.1,29114586.26,1,连续三个交易日内，涨幅偏离值累计达到30%的证券
20260730,300981.SZ,中国中金财富证券有限公司广州天河路证券营业部,11360494.0,1.59,12927248.25,1.81,-1566754.25,1,连续三个交易日内，涨幅偏离值累计达到30%的证券
20260730,300981.SZ,兴业证券股份有限公司上海金陵东路证券营业部,13930.0,0.0,11639248.58,1.63,-11625318.58,1,连续三个交易日内，涨幅偏离值累计达到30%的证券
20260730,300981.SZ,机构专用,2112874.6,0.3,9148174.97,1.28,-7035300.37,1,连续三个交易日内，涨幅偏离值累计达到30%的证券
20260730,300996.SZ,机构专用,19442881.76,2.76,0.0,0.0,19442881.76,0,日涨幅达到15%的前5只证券
20260730,300996.SZ,国泰海通证券股份有限公司上海长宁区江苏路证券营业部,19434487.0,2.76,382165.8,0.05,19052321.2,0,日涨幅达到15%的前5只证券
20260730,300996.SZ,东亚前海证券有限责任公司深圳分公司,17441376.0,2.47,0.0,0.0,17441376.0,0,日涨幅达到15%的前5只证券
20260730,300996.SZ,甬兴证券有限公司宁波和源路证券营业部,17243400.0,2.45,38116.0,0.01,17205284.0,0,日涨幅达到15%的前5只证券
20260730,300996.SZ,东莞证券股份有限公司南京分公司,15787369.0,2.24,129447.6,0.02,15657921.4,0,日涨幅达到15%的前5只证券
20260730,300996.SZ,机构专用,10421771.36,1.48,15642489.4,2.22,-5220718.04,1,日涨幅达到15%的前5只证券
20260730,300996.SZ,金元证券股份有限公司新疆分公司,0.0,0.0,14490282.2,2.06,-14490282.2,1,日涨幅达到15%的前5只证券
20260730,300996.SZ,机构专用,11216518.0,1.59,12705348.2,1.8,-1488830.2,1,日涨幅达到15%的前5只证券
20260730,300996.SZ,机构专用,2739283.72,0.39,12180790.84,1.73,-9441507.12,1,日涨幅达到15%的前5只证券
20260730,300996.SZ,万联证券股份有限公司宁波镇明路证券营业部,0.0,0.0,10742461.6,1.52,-10742461.6,1,日涨幅达到15%的前5只证券
20260730,301139.SZ,机构专用,3322600.0,3.59,3436190.0,3.71,-113590.0,0,日换手率达到30%的前5只证券
20260730,301139.SZ,麦高证券有限责任公司沈阳建设西路证券营业部,1734751.0,1.88,717771.0,0.78,1016980.0,0,日换手率达到30%的前5只证券
20260730,301139.SZ,机构专用,1632026.0,1.76,1657658.0,1.79,-25632.0,0,日换手率达到30%的前5只证券
20260730,301139.SZ,机构专用,1621013.0,1.75,1689462.38,1.83,-68449.38,0,日换手率达到30%的前5只证券
20260730,301139.SZ,东方财富证券股份有限公司拉萨团结路第二证券营业部,1383542.0,1.5,932669.0,1.01,450873.0,0,日换手率达到30%的前5只证券
20260730,301139.SZ,机构专用,3322600.0,3.59,3436190.0,3.71,-113590.0,1,日换手率达到30%的前5只证券
20260730,301139.SZ,平安证券股份有限公司深圳金融科技证券分公司,165040.0,0.18,1741133.12,1.88,-1576093.12,1,日换手率达到30%的前5只证券
20260730,301139.SZ,机构专用,1621013.0,1.75,1689462.38,1.83,-68449.38,1,日换手率达到30%的前5只证券
20260730,301139.SZ,机构专用,1632026.0,1.76,1657658.0,1.79,-25632.0,1,日换手率达到30%的前5只证券
20260730,301139.SZ,国金证券股份有限公司深圳分公司,138550.0,0.15,1604651.66,1.73,-1466101.66,1,日换手率达到30%的前5只证券
20260730,301449.SZ,深股通专用,18663104.03,8.32,33386875.41,14.88,-14723771.38,0,连续三个交易日内，涨幅偏离值累计达到30%的证券
20260730,301449.SZ,深股通专用,14904826.23,8.24,27543020.29,15.22,-12638194.06,0,日涨幅达到15%的前5只证券
20260730,301449.SZ,华鑫证券有限责任公司成都交子大道证券营业部,7543815.4,3.36,0.0,0.0,7543815.4,0,连续三个交易日内，涨幅偏离值累计达到30%的证券
20260730,301449.SZ,华鑫证券有限责任公司成都交子大道证券营业部,7543815.4,4.17,0.0,0.0,7543815.4,0,日涨幅达到15%的前5只证券
20260730,301449.SZ,机构专用,7124972.32,3.18,4173953.09,1.86,2951019.23,0,连续三个交易日内，涨幅偏离值累计达到30%的证券
20260730,301449.SZ,国新证券股份有限公司海南分公司,7089112.0,3.16,0.0,0.0,7089112.0,0,连续三个交易日内，涨幅偏离值累计达到30%的证券
20260730,301449.SZ,国新证券股份有限公司海南分公司,7089112.0,3.92,0.0,0.0,7089112.0,0,日涨幅达到15%的前5只证券
20260730,301449.SZ,机构专用,7018167.67,3.13,9618409.43,4.29,-2600241.76,0,连续三个交易日内，涨幅偏离值累计达到30%的证券
20260730,301449.SZ,机构专用,5436123.32,3.0,2978511.04,1.65,2457612.28,0,日涨幅达到15%的前5只证券
20260730,301449.SZ,机构专用,5209892.26,2.88,8197461.83,4.53,-2987569.57,0,日涨幅达到15%的前5只证券
20260730,301449.SZ,深股通专用,18663104.03,8.32,33386875.41,14.88,-14723771.38,1,连续三个交易日内，涨幅偏离值累计达到30%的证券
20260730,301449.SZ,深股通专用,14904826.23,8.24,27543020.29,15.22,-12638194.06,1,日涨幅达到15%的前5只证券
20260730,301449.SZ,机构专用,7018167.67,3.13,9618409.43,4.29,-2600241.76,1,连续三个交易日内，涨幅偏离值累计达到30%的证券
20260730,301449.SZ,机构专用,5209892.26,2.88,8197461.83,4.53,-2987569.57,1,日涨幅达到15%的前5只证券
20260730,301449.SZ,机构专用,2220250.96,0.99,7725859.18,3.44,-5505608.22,1,连续三个交易日内，涨幅偏离值累计达到30%的证券
20260730,301449.SZ,机构专用,919948.14,0.51,7195388.12,3.98,-6275439.98,1,日涨幅达到15%的前5只证券
20260730,301449.SZ,机构专用,7124972.32,3.18,4173953.09,1.86,2951019.23,1,连续三个交易日内，涨幅偏离值累计达到30%的证券
20260730,301449.SZ,机构专用,5436123.32,3.0,2978511.04,1.65,2457612.28,1,日涨幅达到15%的前5只证券
20260730,301449.SZ,机构专用,1708118.17,0.76,2547834.68,1.14,-839716.51,1,连续三个交易日内，涨幅偏离值累计达到30%的证券
20260730,301449.SZ,机构专用,1288112.04,0.71,1849836.68,1.02,-561724.64,1,日涨幅达到15%的前5只证券
20260730,301520.SZ,东方财富证券股份有限公司拉萨金融城南环路证券营业部,8089409.0,1.06,6697796.75,0.88,1391612.25,0,日换手率达到30%的前5只证券
20260730,301520.SZ,东方财富证券股份有限公司拉萨团结路第一证券营业部,8074398.52,1.06,6241952.0,0.82,1832446.52,0,日换手率达到30%的前5只证券
20260730,301520.SZ,东方财富证券股份有限公司拉萨东环路第二证券营业部,7579540.96,0.99,8958749.26,1.17,-1379208.3,0,日换手率达到30%的前5只证券
20260730,301520.SZ,东方财富证券股份有限公司拉萨东城区江苏大道证券营业部,6906821.11,0.9,7223178.5,0.95,-316357.39,0,日换手率达到30%的前5只证券
20260730,301520.SZ,东方财富证券股份有限公司拉萨东环路第一证券营业部,5360450.0,0.7,7238261.44,0.95,-1877811.44,0,日换手率达到30%的前5只证券
20260730,301520.SZ,机构专用,0.0,0.0,11980193.18,1.57,-11980193.18,1,日换手率达到30%的前5只证券
20260730,301520.SZ,华安证券股份有限公司无为北大街证券营业部,0.0,0.0,10132885.48,1.33,-10132885.48,1,日换手率达到30%的前5只证券
20260730,301520.SZ,东方财富证券股份有限公司拉萨东环路第二证券营业部,7579540.96,0.99,8958749.26,1.17,-1379208.3,1,日换手率达到30%的前5只证券
20260730,301520.SZ,国元证券股份有限公司广州江南大道中路证券营业部,336514.0,0.04,7549780.76,0.99,-7213266.76,1,日换手率达到30%的前5只证券
20260730,301520.SZ,东方财富证券股份有限公司拉萨东环路第一证券营业部,5360450.0,0.7,7238261.44,0.95,-1877811.44,1,日换手率达到30%的前5只证券
20260730,301536.SZ,深股通专用,388268155.98,10.39,185448507.12,4.96,202819648.86,0,日跌幅达到15%的前5只证券
20260730,301536.SZ,机构专用,144617794.78,3.87,54259742.4,1.45,90358052.38,0,日跌幅达到15%的前5只证券
20260730,301536.SZ,机构专用,133596252.8,3.58,167369773.12,4.48,-33773520.32,0,日跌幅达到15%的前5只证券
20260730,301536.SZ,长江证券股份有限公司广州林和西路证券营业部,84759669.0,2.27,96137.0,0.0,84663532.0,0,日跌幅达到15%的前5只证券
20260730,301536.SZ,机构专用,65933790.45,1.76,79568304.69,2.13,-13634514.24,0,日跌幅达到15%的前5只证券
20260730,301536.SZ,深股通专用,388268155.98,10.39,185448507.12,4.96,202819648.86,1,日跌幅达到15%的前5只证券
20260730,301536.SZ,机构专用,133596252.8,3.58,167369773.12,4.48,-33773520.32,1,日跌幅达到15%的前5只证券
20260730,301536.SZ,机构专用,61859545.85,1.66,91808040.56,2.46,-29948494.71,1,日跌幅达到15%的前5只证券
20260730,301536.SZ,机构专用,65933790.45,1.76,79568304.69,2.13,-13634514.24,1,日跌幅达到15%的前5只证券
20260730,301536.SZ,机构专用,39624244.0,1.06,58138158.0,1.56,-18513914.0,1,日跌幅达到15%的前5只证券
20260730,301583.SZ,机构专用,113361877.96,3.73,109152774.73,3.59,4209103.23,0,日换手率达到30%的前5只证券
20260730,301583.SZ,机构专用,113361877.96,3.73,109152774.73,3.59,4209103.23,0,日跌幅达到15%的前5只证券
20260730,301583.SZ,机构专用,55708461.48,1.83,83687277.73,2.75,-27978816.25,0,日换手率达到30%的前5只证券
20260730,301583.SZ,机构专用,55708461.48,1.83,83687277.73,2.75,-27978816.25,0,日跌幅达到15%的前5只证券
20260730,301583.SZ,机构专用,52818104.79,1.74,28262568.43,0.93,24555536.36,0,日换手率达到30%的前5只证券
20260730,301583.SZ,机构专用,52818104.79,1.74,28262568.43,0.93,24555536.36,0,日跌幅达到15%的前5只证券
20260730,301583.SZ,机构专用,34018631.43,1.12,13703008.01,0.45,20315623.42,0,日换手率达到30%的前5只证券
20260730,301583.SZ,机构专用,34018631.43,1.12,13703008.01,0.45,20315623.42,0,日跌幅达到15%的前5只证券
20260730,301583.SZ,东方财富证券股份有限公司拉萨东环路第二证券营业部,32728415.89,1.08,25600536.79,0.84,7127879.1,0,日换手率达到30%的前5只证券
20260730,301583.SZ,东方财富证券股份有限公司拉萨东环路第二证券营业部,32728415.89,1.08,25600536.79,0.84,7127879.1,0,日跌幅达到15%的前5只证券
20260730,301583.SZ,机构专用,113361877.96,3.73,109152774.73,3.59,4209103.23,1,日换手率达到30%的前5只证券
20260730,301583.SZ,机构专用,113361877.96,3.73,109152774.73,3.59,4209103.23,1,日跌幅达到15%的前5只证券
20260730,301583.SZ,机构专用,55708461.48,1.83,83687277.73,2.75,-27978816.25,1,日换手率达到30%的前5只证券
20260730,301583.SZ,机构专用,55708461.48,1.83,83687277.73,2.75,-27978816.25,1,日跌幅达到15%的前5只证券
20260730,301583.SZ,东方财富证券股份有限公司拉萨东环路第一证券营业部,21903556.29,0.72,33055454.2,1.09,-11151897.91,1,日换手率达到30%的前5只证券
20260730,301583.SZ,东方财富证券股份有限公司拉萨东环路第一证券营业部,21903556.29,0.72,33055454.2,1.09,-11151897.91,1,日跌幅达到15%的前5只证券
20260730,301583.SZ,广发证券股份有限公司成都天府大道北段证券营业部,0.0,0.0,30077334.25,0.99,-30077334.25,1,日换手率达到30%的前5只证券
20260730,301583.SZ,广发证券股份有限公司成都天府大道北段证券营业部,0.0,0.0,30077334.25,0.99,-30077334.25,1,日跌幅达到15%的前5只证券
20260730,301583.SZ,东方财富证券股份有限公司拉萨金融城南环路证券营业部,29265974.71,0.96,29153402.72,0.96,112571.99,1,日换手率达到30%的前5只证券
20260730,301583.SZ,东方财富证券股份有限公司拉萨金融城南环路证券营业部,29265974.71,0.96,29153402.72,0.96,112571.99,1,日跌幅达到15%的前5只证券
20260730,301667.SZ,深股通专用,27596122.34,10.88,27356324.21,10.78,239798.13,0,日涨幅达到15%的前5只证券
20260730,301667.SZ,国泰海通证券股份有限公司上海长宁区江苏路证券营业部,15901066.0,6.27,933934.24,0.37,14967131.76,0,日涨幅达到15%的前5只证券
20260730,301667.SZ,国泰海通证券股份有限公司上海浦东新区锦康路证券营业部,7153590.0,2.82,17610.0,0.01,7135980.0,0,日涨幅达到15%的前5只证券
20260730,301667.SZ,机构专用,5694881.55,2.24,4237995.43,1.67,1456886.12,0,日涨幅达到15%的前5只证券
20260730,301667.SZ,国泰海通证券股份有限公司宜昌沿江大道证券营业部,5338002.0,2.1,0.0,0.0,5338002.0,0,日涨幅达到15%的前5只证券
20260730,301667.SZ,深股通专用,27596122.34,10.88,27356324.21,10.78,239798.13,1,日涨幅达到15%的前5只证券
20260730,301667.SZ,机构专用,2478070.49,0.98,7169957.36,2.83,-4691886.87,1,日涨幅达到15%的前5只证券
20260730,301667.SZ,机构专用,4578378.64,1.8,5136994.0,2.02,-558615.36,1,日涨幅达到15%的前5只证券
20260730,301667.SZ,机构专用,5694881.55,2.24,4237995.43,1.67,1456886.12,1,日涨幅达到15%的前5只证券
20260730,301667.SZ,机构专用,3176820.0,1.25,4186728.04,1.65,-1009908.04,1,日涨幅达到15%的前5只证券
20260730,301668.SZ,深股通专用,9420440.76,4.69,10742431.23,5.35,-1321990.47,0,日涨幅达到15%的前5只证券
20260730,301668.SZ,开源证券股份有限公司西安太华路证券营业部,8778456.0,4.37,0.0,0.0,8778456.0,0,日涨幅达到15%的前5只证券
20260730,301668.SZ,国新证券股份有限公司海南分公司,8031020.4,4.0,0.0,0.0,8031020.4,0,日涨幅达到15%的前5只证券
20260730,301668.SZ,东方证券股份有限公司重庆洪湖西路证券营业部,7547353.0,3.76,0.0,0.0,7547353.0,0,日涨幅达到15%的前5只证券
20260730,301668.SZ,东方证券股份有限公司厦门仙岳路证券营业部,6641707.0,3.31,14700.0,0.01,6627007.0,0,日涨幅达到15%的前5只证券
20260730,301668.SZ,深股通专用,9420440.76,4.69,10742431.23,5.35,-1321990.47,1,日涨幅达到15%的前5只证券
20260730,301668.SZ,机构专用,2235537.62,1.11,5741076.0,2.86,-3505538.38,1,日涨幅达到15%的前5只证券
20260730,301668.SZ,机构专用,606703.34,0.3,5561338.0,2.77,-4954634.66,1,日涨幅达到15%的前5只证券
20260730,301668.SZ,机构专用,4217621.0,2.1,3294925.0,1.64,922696.0,1,日涨幅达到15%的前5只证券
20260730,301668.SZ,金融街证券股份有限公司上海虹口区海伦路证券营业部,0.0,0.0,3086115.0,1.54,-3086115.0,1,日涨幅达到15%的前5只证券
20260730,301677.SZ,机构专用,35780020.75,2.17,593318.68,0.04,35186702.07,0,无价格涨跌幅限制的证券
20260730,301677.SZ,东方财富证券股份有限公司拉萨东环路第二证券营业部,24659422.67,1.49,8079058.42,0.49,16580364.25,0,无价格涨跌幅限制的证券
20260730,301677.SZ,东方财富证券股份有限公司拉萨团结路第二证券营业部,20230555.39,1.23,6550617.18,0.4,13679938.21,0,无价格涨跌幅限制的证券
20260730,301677.SZ,东方财富证券股份有限公司拉萨金融城南环路证券营业部,19657958.12,1.19,6167086.78,0.37,13490871.34,0,无价格涨跌幅限制的证券
20260730,301677.SZ,东方财富证券股份有限公司拉萨团结路第一证券营业部,16975106.57,1.03,7407920.95,0.45,9567185.62,0,无价格涨跌幅限制的证券
20260730,301677.SZ,东方财富证券股份有限公司拉萨东环路第二证券营业部,24659422.67,1.49,8079058.42,0.49,16580364.25,1,无价格涨跌幅限制的证券
20260730,301677.SZ,东方财富证券股份有限公司拉萨团结路第一证券营业部,16975106.57,1.03,7407920.95,0.45,9567185.62,1,无价格涨跌幅限制的证券
20260730,301677.SZ,东方财富证券股份有限公司拉萨东环路第一证券营业部,15604325.65,0.95,6840639.77,0.41,8763685.88,1,无价格涨跌幅限制的证券
20260730,301677.SZ,东方财富证券股份有限公司拉萨团结路第二证券营业部,20230555.39,1.23,6550617.18,0.4,13679938.21,1,无价格涨跌幅限制的证券
20260730,301677.SZ,东方财富证券股份有限公司拉萨金融城南环路证券营业部,19657958.12,1.19,6167086.78,0.37,13490871.34,1,无价格涨跌幅限制的证券
20260730,600199.SH,沪股通专用,46254640.4,3.2,,,46254640.4,0,非S证券连续三个交易日内收盘价格涨幅偏离值累计达到20%的证券
20260730,600199.SH,国泰海通证券股份有限公司总部,18692551.0,1.29,,,18692551.0,0,非S证券连续三个交易日内收盘价格涨幅偏离值累计达到20%的证券
20260730,600199.SH,开源证券股份有限公司西安太华路证券营业部,16213104.02,1.12,,,16213104.02,0,非S证券连续三个交易日内收盘价格涨幅偏离值累计达到20%的证券
20260730,600199.SH,东方财富证券股份有限公司拉萨团结路第一证券营业部,15241992.0,1.05,,,15241992.0,0,非S证券连续三个交易日内收盘价格涨幅偏离值累计达到20%的证券
20260730,600199.SH,东方财富证券股份有限公司拉萨金融城南环路证券营业部,14715518.0,1.02,,,14715518.0,0,非S证券连续三个交易日内收盘价格涨幅偏离值累计达到20%的证券
20260730,600199.SH,沪股通专用,,,54065332.94,3.74,-54065332.94,1,非S证券连续三个交易日内收盘价格涨幅偏离值累计达到20%的证券
20260730,600199.SH,国泰海通证券股份有限公司宁波解放北路证券营业部,,,20105814.0,1.39,-20105814.0,1,非S证券连续三个交易日内收盘价格涨幅偏离值累计达到20%的证券
20260730,600199.SH,国泰海通证券股份有限公司总部,,,17013074.12,1.18,-17013074.12,1,非S证券连续三个交易日内收盘价格涨幅偏离值累计达到20%的证券
20260730,600199.SH,高盛(中国)证券有限责任公司上海浦东新区世纪大道证券营业部,,,16344759.0,1.13,-16344759.0,1,非S证券连续三个交易日内收盘价格涨幅偏离值累计达到20%的证券
20260730,600199.SH,中信证券股份有限公司深圳深南中路中信大厦证券营业部,,,15314242.0,1.06,-15314242.0,1,非S证券连续三个交易日内收盘价格涨幅偏离值累计达到20%的证券
20260730,600206.SH,沪股通专用,725186985.37,5.3,,,725186985.37,0,非S证券连续三个交易日内收盘价格跌幅偏离值累计达到20%的证券
20260730,600206.SH,国泰海通证券股份有限公司总部,429327033.99,3.14,,,429327033.99,0,非S证券连续三个交易日内收盘价格跌幅偏离值累计达到20%的证券
20260730,600206.SH,高盛(中国)证券有限责任公司上海浦东新区世纪大道证券营业部,222735608.94,1.63,,,222735608.94,0,非S证券连续三个交易日内收盘价格跌幅偏离值累计达到20%的证券
20260730,600206.SH,中信证券股份有限公司上海分公司,169790492.46,1.24,,,169790492.46,0,非S证券连续三个交易日内收盘价格跌幅偏离值累计达到20%的证券
20260730,600206.SH,中信证券股份有限公司深圳深南中路中信大厦证券营业部,154891598.87,1.13,,,154891598.87,0,非S证券连续三个交易日内收盘价格跌幅偏离值累计达到20%的证券
20260730,600206.SH,沪股通专用,,,963213841.9,7.04,-963213841.9,1,非S证券连续三个交易日内收盘价格跌幅偏离值累计达到20%的证券
20260730,600206.SH,国泰海通证券股份有限公司总部,,,410915164.15,3.0,-410915164.15,1,非S证券连续三个交易日内收盘价格跌幅偏离值累计达到20%的证券
20260730,600206.SH,高盛(中国)证券有限责任公司上海浦东新区世纪大道证券营业部,,,189125588.98,1.38,-189125588.98,1,非S证券连续三个交易日内收盘价格跌幅偏离值累计达到20%的证券
20260730,600206.SH,中国国际金融股份有限公司上海分公司,,,177003122.73,1.29,-177003122.73,1,非S证券连续三个交易日内收盘价格跌幅偏离值累计达到20%的证券
20260730,600206.SH,中信证券股份有限公司上海分公司,,,176039633.16,1.29,-176039633.16,1,非S证券连续三个交易日内收盘价格跌幅偏离值累计达到20%的证券
20260730,600227.SH,沪股通专用,59010330.0,5.86,,,59010330.0,0,有价格涨跌幅限制的日换手率达到20%的前五只证券
20260730,600227.SH,国信证券股份有限公司浙江互联网分公司,14372292.0,1.43,,,14372292.0,0,有价格涨跌幅限制的日换手率达到20%的前五只证券
20260730,600227.SH,高盛(中国)证券有限责任公司上海浦东新区世纪大道证券营业部,14362964.56,1.43,,,14362964.56,0,有价格涨跌幅限制的日换手率达到20%的前五只证券
20260730,600227.SH,国泰海通证券股份有限公司总部,12882907.0,1.28,,,12882907.0,0,有价格涨跌幅限制的日换手率达到20%的前五只证券
20260730,600227.SH,东方财富证券股份有限公司山南香曲东路证券营业部,9780250.0,0.97,,,9780250.0,0,有价格涨跌幅限制的日换手率达到20%的前五只证券
20260730,600227.SH,沪股通专用,,,72677880.0,7.22,-72677880.0,1,有价格涨跌幅限制的日换手率达到20%的前五只证券
20260730,600227.SH,国泰海通证券股份有限公司总部,,,23767225.54,2.36,-23767225.54,1,有价格涨跌幅限制的日换手率达到20%的前五只证券
20260730,600227.SH,中泰证券股份有限公司常州惠国路证券营业部,,,17074577.0,1.7,-17074577.0,1,有价格涨跌幅限制的日换手率达到20%的前五只证券
20260730,600227.SH,高盛(中国)证券有限责任公司上海浦东新区世纪大道证券营业部,,,16341664.0,1.62,-16341664.0,1,有价格涨跌幅限制的日换手率达到20%的前五只证券
20260730,600227.SH,华泰证券股份有限公司总部,,,15223509.0,1.51,-15223509.0,1,有价格涨跌幅限制的日换手率达到20%的前五只证券
20260730,600228.SH,国泰海通证券股份有限公司总部,23471650.0,5.84,,,23471650.0,0,非S证券连续三个交易日内收盘价格涨幅偏离值累计达到20%的证券
20260730,600228.SH,东亚前海证券有限责任公司苏州分公司,21974607.0,12.79,,,21974607.0,0,有价格涨跌幅限制的日收盘价格涨幅偏离值达到7%的前五只证券
20260730,600228.SH,东亚前海证券有限责任公司苏州分公司,21974607.0,5.46,,,21974607.0,0,非S证券连续三个交易日内收盘价格涨幅偏离值累计达到20%的证券
20260730,600228.SH,高盛(中国)证券有限责任公司上海浦东新区世纪大道证券营业部,16586645.0,4.12,,,16586645.0,0,非S证券连续三个交易日内收盘价格涨幅偏离值累计达到20%的证券
20260730,600228.SH,国泰海通证券股份有限公司广州琶洲证券营业部,14643369.0,3.64,,,14643369.0,0,非S证券连续三个交易日内收盘价格涨幅偏离值累计达到20%的证券
20260730,600228.SH,国泰海通证券股份有限公司广州琶洲证券营业部,14636990.0,8.52,,,14636990.0,0,有价格涨跌幅限制的日收盘价格涨幅偏离值达到7%的前五只证券
20260730,600228.SH,国新证券股份有限公司海南分公司,14042751.0,3.49,,,14042751.0,0,非S证券连续三个交易日内收盘价格涨幅偏离值累计达到20%的证券
20260730,600228.SH,国泰海通证券股份有限公司总部,9153090.0,5.33,,,9153090.0,0,有价格涨跌幅限制的日收盘价格涨幅偏离值达到7%的前五只证券
20260730,600228.SH,国新证券股份有限公司海南分公司,5262207.0,3.06,,,5262207.0,0,有价格涨跌幅限制的日收盘价格涨幅偏离值达到7%的前五只证券
20260730,600228.SH,华鑫证券有限责任公司上海徐汇区瑞平路证券营业部,4198624.0,2.44,,,4198624.0,0,有价格涨跌幅限制的日收盘价格涨幅偏离值达到7%的前五只证券
20260730,600228.SH,国泰海通证券股份有限公司总部,,,23615651.08,5.87,-23615651.08,1,非S证券连续三个交易日内收盘价格涨幅偏离值累计达到20%的证券
20260730,600228.SH,高盛(中国)证券有限责任公司上海浦东新区世纪大道证券营业部,,,9620913.0,2.39,-9620913.0,1,非S证券连续三个交易日内收盘价格涨幅偏离值累计达到20%的证券
20260730,600228.SH,国盛证券股份有限公司河南分公司,,,8153232.0,2.03,-8153232.0,1,非S证券连续三个交易日内收盘价格涨幅偏离值累计达到20%的证券
20260730,600228.SH,国新证券股份有限公司海南分公司,,,7238285.0,4.21,-7238285.0,1,有价格涨跌幅限制的日收盘价格涨幅偏离值达到7%的前五只证券
20260730,600228.SH,国新证券股份有限公司海南分公司,,,7238285.0,1.8,-7238285.0,1,非S证券连续三个交易日内收盘价格涨幅偏离值累计达到20%的证券
20260730,600228.SH,中信证券(山东)有限责任公司郑州商鼎路证券营业部,,,6160374.0,1.53,-6160374.0,1,非S证券连续三个交易日内收盘价格涨幅偏离值累计达到20%的证券
20260730,600228.SH,中信证券(山东)有限责任公司郑州商鼎路证券营业部,,,6148404.0,3.58,-6148404.0,1,有价格涨跌幅限制的日收盘价格涨幅偏离值达到7%的前五只证券
20260730,600228.SH,高盛(中国)证券有限责任公司上海浦东新区世纪大道证券营业部,,,5112313.0,2.98,-5112313.0,1,有价格涨跌幅限制的日收盘价格涨幅偏离值达到7%的前五只证券
20260730,600228.SH,国泰海通证券股份有限公司总部,,,4657444.0,2.71,-4657444.0,1,有价格涨跌幅限制的日收盘价格涨幅偏离值达到7%的前五只证券
20260730,600228.SH,华鑫证券有限责任公司上海徐汇区瑞平路证券营业部,,,3849732.0,2.24,-3849732.0,1,有价格涨跌幅限制的日收盘价格涨幅偏离值达到7%的前五只证券
20260730,600246.SH,沪股通专用,451814057.12,9.1,,,451814057.12,0,非S证券连续三个交易日内收盘价格跌幅偏离值累计达到20%的证券
20260730,600246.SH,高盛(中国)证券有限责任公司上海浦东新区世纪大道证券营业部,239343203.73,4.82,,,239343203.73,0,非S证券连续三个交易日内收盘价格跌幅偏离值累计达到20%的证券
20260730,600246.SH,国泰海通证券股份有限公司总部,174466918.72,3.51,,,174466918.72,0,非S证券连续三个交易日内收盘价格跌幅偏离值累计达到20%的证券
20260730,600246.SH,机构专用,158776222.78,3.2,,,158776222.78,0,非S证券连续三个交易日内收盘价格跌幅偏离值累计达到20%的证券
20260730,600246.SH,沪股通专用,141557622.0,9.64,,,141557622.0,0,有价格涨跌幅限制的日收盘价格跌幅偏离值达到7%的前五只证券
20260730,600246.SH,瑞银证券有限责任公司上海花园石桥路证券营业部,138196283.65,2.78,,,138196283.65,0,非S证券连续三个交易日内收盘价格跌幅偏离值累计达到20%的证券
20260730,600246.SH,机构专用,70402760.78,4.8,,,70402760.78,0,有价格涨跌幅限制的日收盘价格跌幅偏离值达到7%的前五只证券
20260730,600246.SH,国泰海通证券股份有限公司总部,45458021.0,3.1,,,45458021.0,0,有价格涨跌幅限制的日收盘价格跌幅偏离值达到7%的前五只证券
20260730,600246.SH,高盛(中国)证券有限责任公司上海浦东新区世纪大道证券营业部,39181407.0,2.67,,,39181407.0,0,有价格涨跌幅限制的日收盘价格跌幅偏离值达到7%的前五只证券
20260730,600246.SH,瑞银证券有限责任公司上海花园石桥路证券营业部,33542571.0,2.28,,,33542571.0,0,有价格涨跌幅限制的日收盘价格跌幅偏离值达到7%的前五只证券
20260730,600246.SH,沪股通专用,,,309499853.9,6.23,-309499853.9,1,非S证券连续三个交易日内收盘价格跌幅偏离值累计达到20%的证券
20260730,600246.SH,国泰海通证券股份有限公司总部,,,166654907.0,3.36,-166654907.0,1,非S证券连续三个交易日内收盘价格跌幅偏离值累计达到20%的证券
20260730,600246.SH,高盛(中国)证券有限责任公司上海浦东新区世纪大道证券营业部,,,148189358.66,2.98,-148189358.66,1,非S证券连续三个交易日内收盘价格跌幅偏离值累计达到20%的证券
20260730,600246.SH,摩根大通证券(中国)有限公司上海银城中路证券营业部,,,119767990.0,2.41,-119767990.0,1,非S证券连续三个交易日内收盘价格跌幅偏离值累计达到20%的证券
20260730,600246.SH,沪股通专用,,,117159097.2,7.98,-117159097.2,1,有价格涨跌幅限制的日收盘价格跌幅偏离值达到7%的前五只证券
20260730,600246.SH,瑞银证券有限责任公司上海花园石桥路证券营业部,,,112264709.0,2.26,-112264709.0,1,非S证券连续三个交易日内收盘价格跌幅偏离值累计达到20%的证券
20260730,600246.SH,机构专用,,,91241695.62,6.21,-91241695.62,1,有价格涨跌幅限制的日收盘价格跌幅偏离值达到7%的前五只证券
20260730,600246.SH,高盛(中国)证券有限责任公司上海浦东新区世纪大道证券营业部,,,70107565.59,4.78,-70107565.59,1,有价格涨跌幅限制的日收盘价格跌幅偏离值达到7%的前五只证券
20260730,600246.SH,摩根大通证券(中国)有限公司上海银城中路证券营业部,,,55041413.0,3.75,-55041413.0,1,有价格涨跌幅限制的日收盘价格跌幅偏离值达到7%的前五只证券
20260730,600246.SH,国泰海通证券股份有限公司总部,,,47553616.0,3.24,-47553616.0,1,有价格涨跌幅限制的日收盘价格跌幅偏离值达到7%的前五只证券
20260730,600353.SH,沪股通专用,310665433.28,10.16,,,310665433.28,0,非S证券连续三个交易日内收盘价格跌幅偏离值累计达到20%的证券
20260730,600353.SH,瑞银证券有限责任公司上海花园石桥路证券营业部,164176776.19,5.37,,,164176776.19,0,非S证券连续三个交易日内收盘价格跌幅偏离值累计达到20%的证券
20260730,600353.SH,摩根大通证券(中国)有限公司上海银城中路证券营业部,126333744.02,4.13,,,126333744.02,0,非S证券连续三个交易日内收盘价格跌幅偏离值累计达到20%的证券
20260730,600353.SH,国泰海通证券股份有限公司总部,87827672.24,2.87,,,87827672.24,0,非S证券连续三个交易日内收盘价格跌幅偏离值累计达到20%的证券
20260730,600353.SH,沪股通专用,72894325.02,8.33,,,72894325.02,0,有价格涨跌幅限制的日收盘价格跌幅偏离值达到7%的前五只证券
20260730,600353.SH,高盛(中国)证券有限责任公司上海浦东新区世纪大道证券营业部,49874845.6,1.63,,,49874845.6,0,非S证券连续三个交易日内收盘价格跌幅偏离值累计达到20%的证券
20260730,600353.SH,瑞银证券有限责任公司上海花园石桥路证券营业部,48106506.18,5.49,,,48106506.18,0,有价格涨跌幅限制的日收盘价格跌幅偏离值达到7%的前五只证券
20260730,600353.SH,摩根大通证券(中国)有限公司上海银城中路证券营业部,42519694.0,4.86,,,42519694.0,0,有价格涨跌幅限制的日收盘价格跌幅偏离值达到7%的前五只证券
20260730,600353.SH,国泰海通证券股份有限公司总部,23511643.84,2.69,,,23511643.84,0,有价格涨跌幅限制的日收盘价格跌幅偏离值达到7%的前五只证券
20260730,600353.SH,高盛(中国)证券有限责任公司上海浦东新区世纪大道证券营业部,20461561.6,2.34,,,20461561.6,0,有价格涨跌幅限制的日收盘价格跌幅偏离值达到7%的前五只证券
20260730,600353.SH,沪股通专用,,,325375521.69,10.64,-325375521.69,1,非S证券连续三个交易日内收盘价格跌幅偏离值累计达到20%的证券
20260730,600353.SH,摩根大通证券(中国)有限公司上海银城中路证券营业部,,,125844368.47,4.11,-125844368.47,1,非S证券连续三个交易日内收盘价格跌幅偏离值累计达到20%的证券
20260730,600353.SH,瑞银证券有限责任公司上海花园石桥路证券营业部,,,121598486.96,3.98,-121598486.96,1,非S证券连续三个交易日内收盘价格跌幅偏离值累计达到20%的证券
20260730,600353.SH,国泰海通证券股份有限公司总部,,,116978621.88,3.82,-116978621.88,1,非S证券连续三个交易日内收盘价格跌幅偏离值累计达到20%的证券
20260730,600353.SH,沪股通专用,,,91820960.34,10.49,-91820960.34,1,有价格涨跌幅限制的日收盘价格跌幅偏离值达到7%的前五只证券
20260730,600353.SH,中信证券股份有限公司上海分公司,,,62481126.8,2.04,-62481126.8,1,非S证券连续三个交易日内收盘价格跌幅偏离值累计达到20%的证券
20260730,600353.SH,国泰海通证券股份有限公司总部,,,29971394.94,3.42,-29971394.94,1,有价格涨跌幅限制的日收盘价格跌幅偏离值达到7%的前五只证券
20260730,600353.SH,瑞银证券有限责任公司上海花园石桥路证券营业部,,,28386485.0,3.24,-28386485.0,1,有价格涨跌幅限制的日收盘价格跌幅偏离值达到7%的前五只证券
20260730,600353.SH,摩根大通证券(中国)有限公司上海银城中路证券营业部,,,21491418.68,2.45,-21491418.68,1,有价格涨跌幅限制的日收盘价格跌幅偏离值达到7%的前五只证券
20260730,600353.SH,机构专用,,,19100879.4,2.18,-19100879.4,1,有价格涨跌幅限制的日收盘价格跌幅偏离值达到7%的前五只证券
20260730,600396.SH,沪股通专用,112105332.0,2.73,,,112105332.0,0,有价格涨跌幅限制的日收盘价格跌幅偏离值达到7%的前五只证券
20260730,600396.SH,国信证券股份有限公司浙江互联网分公司,98146249.0,2.39,,,98146249.0,0,有价格涨跌幅限制的日收盘价格跌幅偏离值达到7%的前五只证券
20260730,600396.SH,东方财富证券股份有限公司山南香曲东路证券营业部,48949963.0,1.19,,,48949963.0,0,有价格涨跌幅限制的日收盘价格跌幅偏离值达到7%的前五只证券
20260730,600396.SH,东方财富证券股份有限公司拉萨东城区江苏大道证券营业部,39503184.0,0.96,,,39503184.0,0,有价格涨跌幅限制的日收盘价格跌幅偏离值达到7%的前五只证券
20260730,600396.SH,国泰海通证券股份有限公司总部,39476259.0,0.96,,,39476259.0,0,有价格涨跌幅限制的日收盘价格跌幅偏离值达到7%的前五只证券
20260730,600396.SH,沪股通专用,,,214228914.0,5.21,-214228914.0,1,有价格涨跌幅限制的日收盘价格跌幅偏离值达到7%的前五只证券
20260730,600396.SH,东方证券股份有限公司杭州龙井路证券营业部,,,113060641.0,2.75,-113060641.0,1,有价格涨跌幅限制的日收盘价格跌幅偏离值达到7%的前五只证券
20260730,600396.SH,国信证券股份有限公司浙江互联网分公司,,,92749290.0,2.26,-92749290.0,1,有价格涨跌幅限制的日收盘价格跌幅偏离值达到7%的前五只证券
20260730,600396.SH,东方财富证券股份有限公司山南香曲东路证券营业部,,,48883055.0,1.19,-48883055.0,1,有价格涨跌幅限制的日收盘价格跌幅偏离值达到7%的前五只证券
20260730,600396.SH,东方财富证券股份有限公司拉萨金融城南环路证券营业部,,,45873114.0,1.12,-45873114.0,1,有价格涨跌幅限制的日收盘价格跌幅偏离值达到7%的前五只证券
20260730,600418.SH,沪股通专用,361210510.07,6.06,,,361210510.07,0,非S证券连续三个交易日内收盘价格涨幅偏离值累计达到20%的证券
20260730,600418.SH,国泰海通证券股份有限公司总部,174930500.64,2.94,,,174930500.64,0,非S证券连续三个交易日内收盘价格涨幅偏离值累计达到20%的证券
20260730,600418.SH,机构专用,109200284.93,1.83,,,109200284.93,0,非S证券连续三个交易日内收盘价格涨幅偏离值累计达到20%的证券
20260730,600418.SH,机构专用,84525485.6,1.42,,,84525485.6,0,非S证券连续三个交易日内收盘价格涨幅偏离值累计达到20%的证券
20260730,600418.SH,高盛(中国)证券有限责任公司上海浦东新区世纪大道证券营业部,79400685.0,1.33,,,79400685.0,0,非S证券连续三个交易日内收盘价格涨幅偏离值累计达到20%的证券
20260730,600418.SH,沪股通专用,,,795263714.92,13.35,-795263714.92,1,非S证券连续三个交易日内收盘价格涨幅偏离值累计达到20%的证券
20260730,600418.SH,国泰海通证券股份有限公司总部,,,187287963.94,3.14,-187287963.94,1,非S证券连续三个交易日内收盘价格涨幅偏离值累计达到20%的证券
20260730,600418.SH,高盛(中国)证券有限责任公司上海浦东新区世纪大道证券营业部,,,75633108.93,1.27,-75633108.93,1,非S证券连续三个交易日内收盘价格涨幅偏离值累计达到20%的证券
20260730,600418.SH,中信证券股份有限公司上海分公司,,,75110399.94,1.26,-75110399.94,1,非S证券连续三个交易日内收盘价格涨幅偏离值累计达到20%的证券
20260730,600418.SH,摩根大通证券(中国)有限公司上海银城中路证券营业部,,,68817645.0,1.16,-68817645.0,1,非S证券连续三个交易日内收盘价格涨幅偏离值累计达到20%的证券
20260730,600539.SH,国泰海通证券股份有限公司总部,14458675.98,2.83,,,14458675.98,0,有价格涨跌幅限制的日价格振幅达到15%的前五只证券
20260730,600539.SH,中银国际证券股份有限公司广东分公司,7302070.0,1.43,,,7302070.0,0,有价格涨跌幅限制的日价格振幅达到15%的前五只证券
20260730,600539.SH,高盛(中国)证券有限责任公司上海浦东新区世纪大道证券营业部,6760866.0,1.33,,,6760866.0,0,有价格涨跌幅限制的日价格振幅达到15%的前五只证券
20260730,600539.SH,东方财富证券股份有限公司拉萨金融城南环路证券营业部,6536140.0,1.28,,,6536140.0,0,有价格涨跌幅限制的日价格振幅达到15%的前五只证券
20260730,600539.SH,国信证券股份有限公司北京分公司,6468146.0,1.27,,,6468146.0,0,有价格涨跌幅限制的日价格振幅达到15%的前五只证券
20260730,600539.SH,申万宏源西部证券有限公司昌吉延安路证券营业部,,,12389088.0,2.43,-12389088.0,1,有价格涨跌幅限制的日价格振幅达到15%的前五只证券
20260730,600539.SH,东方财富证券股份有限公司山南香曲东路证券营业部,,,6597245.0,1.29,-6597245.0,1,有价格涨跌幅限制的日价格振幅达到15%的前五只证券
20260730,600539.SH,东方财富证券股份有限公司拉萨东环路第一证券营业部,,,6372114.0,1.25,-6372114.0,1,有价格涨跌幅限制的日价格振幅达到15%的前五只证券
20260730,600539.SH,东方财富证券股份有限公司拉萨金融城南环路证券营业部,,,6341404.0,1.24,-6341404.0,1,有价格涨跌幅限制的日价格振幅达到15%的前五只证券
20260730,600539.SH,中国中金财富证券有限公司茂名西粤北路证券营业部,,,5997629.0,1.18,-5997629.0,1,有价格涨跌幅限制的日价格振幅达到15%的前五只证券
20260730,600584.SH,沪股通专用,1166667299.9,3.47,,,1166667299.9,0,非S证券连续三个交易日内收盘价格跌幅偏离值累计达到20%的证券
20260730,600584.SH,国泰海通证券股份有限公司总部,927680164.16,2.76,,,927680164.16,0,非S证券连续三个交易日内收盘价格跌幅偏离值累计达到20%的证券
20260730,600584.SH,高盛(中国)证券有限责任公司上海浦东新区世纪大道证券营业部,582109440.9,1.73,,,582109440.9,0,非S证券连续三个交易日内收盘价格跌幅偏离值累计达到20%的证券
20260730,600584.SH,中信证券股份有限公司上海分公司,401901438.95,1.2,,,401901438.95,0,非S证券连续三个交易日内收盘价格跌幅偏离值累计达到20%的证券
20260730,600584.SH,瑞银证券有限责任公司上海花园石桥路证券营业部,380090630.36,1.13,,,380090630.36,0,非S证券连续三个交易日内收盘价格跌幅偏离值累计达到20%的证券
20260730,600584.SH,沪股通专用,,,1109899833.86,3.3,-1109899833.86,1,非S证券连续三个交易日内收盘价格跌幅偏离值累计达到20%的证券
20260730,600584.SH,国泰海通证券股份有限公司总部,,,870404935.42,2.59,-870404935.42,1,非S证券连续三个交易日内收盘价格跌幅偏离值累计达到20%的证券
20260730,600584.SH,高盛(中国)证券有限责任公司上海浦东新区世纪大道证券营业部,,,427703300.71,1.27,-427703300.71,1,非S证券连续三个交易日内收盘价格跌幅偏离值累计达到20%的证券
20260730,600584.SH,中信证券股份有限公司上海分公司,,,388715698.07,1.16,-388715698.07,1,非S证券连续三个交易日内收盘价格跌幅偏离值累计达到20%的证券
20260730,600584.SH,瑞银证券有限责任公司上海花园石桥路证券营业部,,,344466121.66,1.03,-344466121.66,1,非S证券连续三个交易日内收盘价格跌幅偏离值累计达到20%的证券
20260730,600693.SH,沪股通专用,88623645.0,4.98,,,88623645.0,0,有价格涨跌幅限制的日换手率达到20%的前五只证券
20260730,600693.SH,国信证券股份有限公司浙江互联网分公司,28865095.0,1.62,,,28865095.0,0,有价格涨跌幅限制的日换手率达到20%的前五只证券
20260730,600693.SH,东方财富证券股份有限公司拉萨金融城南环路证券营业部,23032607.0,1.29,,,23032607.0,0,有价格涨跌幅限制的日换手率达到20%的前五只证券
20260730,600693.SH,东方财富证券股份有限公司昌都两江大道证券营业部,18582697.0,1.04,,,18582697.0,0,有价格涨跌幅限制的日换手率达到20%的前五只证券
20260730,600693.SH,东方财富证券股份有限公司拉萨团结路第一证券营业部,17656827.0,0.99,,,17656827.0,0,有价格涨跌幅限制的日换手率达到20%的前五只证券
20260730,600693.SH,沪股通专用,,,69822241.0,3.92,-69822241.0,1,有价格涨跌幅限制的日换手率达到20%的前五只证券
20260730,600693.SH,爱建证券有限责任公司上海浦东新区前滩大道证券营业部,,,22462806.0,1.26,-22462806.0,1,有价格涨跌幅限制的日换手率达到20%的前五只证券
20260730,600693.SH,国信证券股份有限公司浙江互联网分公司,,,18818835.0,1.06,-18818835.0,1,有价格涨跌幅限制的日换手率达到20%的前五只证券
20260730,600693.SH,国泰海通证券股份有限公司总部,,,18312727.0,1.03,-18312727.0,1,有价格涨跌幅限制的日换手率达到20%的前五只证券
20260730,600693.SH,东方财富证券股份有限公司拉萨金融城南环路证券营业部,,,15964944.0,0.9,-15964944.0,1,有价格涨跌幅限制的日换手率达到20%的前五只证券
20260730,600712.SH,开源证券股份有限公司西安太华路证券营业部,31723650.0,30.69,,,31723650.0,0,有价格涨跌幅限制的日收盘价格涨幅偏离值达到7%的前五只证券
20260730,600712.SH,国投证券股份有限公司上海四平路证券营业部,5062680.0,4.9,,,5062680.0,0,有价格涨跌幅限制的日收盘价格涨幅偏离值达到7%的前五只证券
20260730,600712.SH,国泰海通证券股份有限公司上海松江区中山东路证券营业部,4342703.0,4.2,,,4342703.0,0,有价格涨跌幅限制的日收盘价格涨幅偏离值达到7%的前五只证券
20260730,600712.SH,华鑫证券有限责任公司绍兴胜利东路证券营业部,4155375.0,4.02,,,4155375.0,0,有价格涨跌幅限制的日收盘价格涨幅偏离值达到7%的前五只证券
20260730,600712.SH,东吴证券股份有限公司宁波前河南路证券营业部,3562433.0,3.45,,,3562433.0,0,有价格涨跌幅限制的日收盘价格涨幅偏离值达到7%的前五只证券
20260730,600712.SH,东亚前海证券有限责任公司北京分公司,,,8914400.0,8.62,-8914400.0,1,有价格涨跌幅限制的日收盘价格涨幅偏离值达到7%的前五只证券
20260730,600712.SH,国泰海通证券股份有限公司总部,,,6827841.0,6.6,-6827841.0,1,有价格涨跌幅限制的日收盘价格涨幅偏离值达到7%的前五只证券
20260730,600712.SH,联储证券股份有限公司郑州丰产路证券营业部,,,5563425.0,5.38,-5563425.0,1,有价格涨跌幅限制的日收盘价格涨幅偏离值达到7%的前五只证券
20260730,600712.SH,高盛(中国)证券有限责任公司上海浦东新区世纪大道证券营业部,,,5379296.0,5.2,-5379296.0,1,有价格涨跌幅限制的日收盘价格涨幅偏离值达到7%的前五只证券
20260730,600712.SH,联储证券股份有限公司江西分公司,,,3150000.0,3.05,-3150000.0,1,有价格涨跌幅限制的日收盘价格涨幅偏离值达到7%的前五只证券
20260730,601003.SH,国新证券股份有限公司北京中关村大街证券营业部,24974495.0,9.41,,,24974495.0,0,非S证券连续三个交易日内收盘价格涨幅偏离值累计达到20%的证券
20260730,601003.SH,国信证券股份有限公司北京朝阳门证券营业部,16886202.0,6.36,,,16886202.0,0,非S证券连续三个交易日内收盘价格涨幅偏离值累计达到20%的证券
20260730,601003.SH,国新证券股份有限公司北京分公司,15544900.0,5.86,,,15544900.0,0,非S证券连续三个交易日内收盘价格涨幅偏离值累计达到20%的证券
20260730,601003.SH,广发证券股份有限公司总部,14311377.0,5.39,,,14311377.0,0,非S证券连续三个交易日内收盘价格涨幅偏离值累计达到20%的证券
20260730,601003.SH,沪股通专用,9883228.0,3.72,,,9883228.0,0,非S证券连续三个交易日内收盘价格涨幅偏离值累计达到20%的证券
20260730,601003.SH,国信证券股份有限公司北京朝阳门证券营业部,,,18500455.0,6.97,-18500455.0,1,非S证券连续三个交易日内收盘价格涨幅偏离值累计达到20%的证券
20260730,601003.SH,沪股通专用,,,10609539.84,4.0,-10609539.84,1,非S证券连续三个交易日内收盘价格涨幅偏离值累计达到20%的证券
20260730,601003.SH,高盛(中国)证券有限责任公司上海浦东新区世纪大道证券营业部,,,5671784.0,2.14,-5671784.0,1,非S证券连续三个交易日内收盘价格涨幅偏离值累计达到20%的证券
20260730,601003.SH,中信证券股份有限公司上海分公司,,,4884084.0,1.84,-4884084.0,1,非S证券连续三个交易日内收盘价格涨幅偏离值累计达到20%的证券
20260730,601003.SH,国泰海通证券股份有限公司上海浦东新区福山路证券营业部,,,3545477.0,1.34,-3545477.0,1,非S证券连续三个交易日内收盘价格涨幅偏离值累计达到20%的证券
20260730,601133.SH,沪股通专用,142334784.0,10.55,,,142334784.0,0,非S证券连续三个交易日内收盘价格跌幅偏离值累计达到20%的证券
20260730,601133.SH,中信证券股份有限公司上海分公司,52711467.0,3.91,,,52711467.0,0,非S证券连续三个交易日内收盘价格跌幅偏离值累计达到20%的证券
20260730,601133.SH,高盛(中国)证券有限责任公司上海浦东新区世纪大道证券营业部,50916670.88,3.77,,,50916670.88,0,非S证券连续三个交易日内收盘价格跌幅偏离值累计达到20%的证券
20260730,601133.SH,瑞银证券有限责任公司上海花园石桥路证券营业部,46335682.88,3.43,,,46335682.88,0,非S证券连续三个交易日内收盘价格跌幅偏离值累计达到20%的证券
20260730,601133.SH,中国国际金融股份有限公司上海分公司,21335583.0,1.58,,,21335583.0,0,非S证券连续三个交易日内收盘价格跌幅偏离值累计达到20%的证券
20260730,601133.SH,沪股通专用,,,116791607.0,8.66,-116791607.0,1,非S证券连续三个交易日内收盘价格跌幅偏离值累计达到20%的证券
20260730,601133.SH,中信证券股份有限公司上海分公司,,,57881494.06,4.29,-57881494.06,1,非S证券连续三个交易日内收盘价格跌幅偏离值累计达到20%的证券
20260730,601133.SH,瑞银证券有限责任公司上海花园石桥路证券营业部,,,50480540.0,3.74,-50480540.0,1,非S证券连续三个交易日内收盘价格跌幅偏离值累计达到20%的证券
20260730,601133.SH,国泰海通证券股份有限公司总部,,,32239894.48,2.39,-32239894.48,1,非S证券连续三个交易日内收盘价格跌幅偏离值累计达到20%的证券
20260730,601133.SH,高盛(中国)证券有限责任公司上海浦东新区世纪大道证券营业部,,,31144769.0,2.31,-31144769.0,1,非S证券连续三个交易日内收盘价格跌幅偏离值累计达到20%的证券
20260730,601208.SH,沪股通专用,698704594.95,8.88,,,698704594.95,0,非S证券连续三个交易日内收盘价格跌幅偏离值累计达到20%的证券
20260730,601208.SH,瑞银证券有限责任公司上海花园石桥路证券营业部,270549452.6,3.44,,,270549452.6,0,非S证券连续三个交易日内收盘价格跌幅偏离值累计达到20%的证券
20260730,601208.SH,国泰海通证券股份有限公司总部,241527642.0,3.07,,,241527642.0,0,非S证券连续三个交易日内收盘价格跌幅偏离值累计达到20%的证券
20260730,601208.SH,中信证券股份有限公司上海分公司,230350742.66,2.93,,,230350742.66,0,非S证券连续三个交易日内收盘价格跌幅偏离值累计达到20%的证券
20260730,601208.SH,高盛(中国)证券有限责任公司上海浦东新区世纪大道证券营业部,193888677.46,2.46,,,193888677.46,0,非S证券连续三个交易日内收盘价格跌幅偏离值累计达到20%的证券
20260730,601208.SH,沪股通专用,,,719664836.27,9.15,-719664836.27,1,非S证券连续三个交易日内收盘价格跌幅偏离值累计达到20%的证券
20260730,601208.SH,瑞银证券有限责任公司上海花园石桥路证券营业部,,,287110495.17,3.65,-287110495.17,1,非S证券连续三个交易日内收盘价格跌幅偏离值累计达到20%的证券
20260730,601208.SH,国泰海通证券股份有限公司上海分公司,,,273322160.1,3.47,-273322160.1,1,非S证券连续三个交易日内收盘价格跌幅偏离值累计达到20%的证券
20260730,601208.SH,国泰海通证券股份有限公司总部,,,233289316.09,2.96,-233289316.09,1,非S证券连续三个交易日内收盘价格跌幅偏离值累计达到20%的证券
20260730,601208.SH,中信证券股份有限公司上海分公司,,,179534259.3,2.28,-179534259.3,1,非S证券连续三个交易日内收盘价格跌幅偏离值累计达到20%的证券
20260730,601616.SH,华鑫证券有限责任公司绍兴胜利东路证券营业部,6606300.0,3.24,,,6606300.0,0,有价格涨跌幅限制的日收盘价格涨幅偏离值达到7%的前五只证券
20260730,601616.SH,国新证券股份有限公司海南分公司,6601360.0,3.24,,,6601360.0,0,有价格涨跌幅限制的日收盘价格涨幅偏离值达到7%的前五只证券
20260730,601616.SH,国新证券股份有限公司长沙韶山路证券营业部,5726600.0,2.81,,,5726600.0,0,有价格涨跌幅限制的日收盘价格涨幅偏离值达到7%的前五只证券
20260730,601616.SH,东北证券股份有限公司长春卫星路证券营业部,4308585.0,2.11,,,4308585.0,0,有价格涨跌幅限制的日收盘价格涨幅偏离值达到7%的前五只证券
20260730,601616.SH,广发证券股份有限公司莆田东园西路证券营业部,3789360.0,1.86,,,3789360.0,0,有价格涨跌幅限制的日收盘价格涨幅偏离值达到7%的前五只证券
20260730,601616.SH,高盛(中国)证券有限责任公司上海浦东新区世纪大道证券营业部,,,9622209.8,4.72,-9622209.8,1,有价格涨跌幅限制的日收盘价格涨幅偏离值达到7%的前五只证券
20260730,601616.SH,国泰海通证券股份有限公司总部,,,8882113.0,4.36,-8882113.0,1,有价格涨跌幅限制的日收盘价格涨幅偏离值达到7%的前五只证券
20260730,601616.SH,中信证券股份有限公司上海分公司,,,7802772.0,3.83,-7802772.0,1,有价格涨跌幅限制的日收盘价格涨幅偏离值达到7%的前五只证券
20260730,601616.SH,国泰海通证券股份有限公司苏州南园北路证券营业部,,,7405060.0,3.63,-7405060.0,1,有价格涨跌幅限制的日收盘价格涨幅偏离值达到7%的前五只证券
20260730,601616.SH,申万宏源证券有限公司盐城解放南路证券营业部,,,5170600.0,2.54,-5170600.0,1,有价格涨跌幅限制的日收盘价格涨幅偏离值达到7%的前五只证券
20260730,601869.SH,沪股通专用,967781545.56,8.23,,,967781545.56,0,非S证券连续三个交易日内收盘价格跌幅偏离值累计达到20%的证券
20260730,601869.SH,中信证券股份有限公司上海分公司,457158372.36,3.89,,,457158372.36,0,非S证券连续三个交易日内收盘价格跌幅偏离值累计达到20%的证券
20260730,601869.SH,瑞银证券有限责任公司上海花园石桥路证券营业部,229914907.01,1.96,,,229914907.01,0,非S证券连续三个交易日内收盘价格跌幅偏离值累计达到20%的证券
20260730,601869.SH,国泰海通证券股份有限公司总部,215685004.37,1.84,,,215685004.37,0,非S证券连续三个交易日内收盘价格跌幅偏离值累计达到20%的证券
20260730,601869.SH,高盛(中国)证券有限责任公司上海浦东新区世纪大道证券营业部,208430652.75,1.77,,,208430652.75,0,非S证券连续三个交易日内收盘价格跌幅偏离值累计达到20%的证券
20260730,601869.SH,沪股通专用,,,910781791.37,7.75,-910781791.37,1,非S证券连续三个交易日内收盘价格跌幅偏离值累计达到20%的证券
20260730,601869.SH,中信证券股份有限公司上海分公司,,,466518749.39,3.97,-466518749.39,1,非S证券连续三个交易日内收盘价格跌幅偏离值累计达到20%的证券
20260730,601869.SH,瑞银证券有限责任公司上海花园石桥路证券营业部,,,284457934.69,2.42,-284457934.69,1,非S证券连续三个交易日内收盘价格跌幅偏离值累计达到20%的证券
20260730,601869.SH,摩根大通证券(中国)有限公司上海银城中路证券营业部,,,215994510.85,1.84,-215994510.85,1,非S证券连续三个交易日内收盘价格跌幅偏离值累计达到20%的证券
20260730,601869.SH,高盛(中国)证券有限责任公司上海浦东新区世纪大道证券营业部,,,201353501.65,1.71,-201353501.65,1,非S证券连续三个交易日内收盘价格跌幅偏离值累计达到20%的证券
20260730,603083.SH,沪股通专用,505367565.15,5.18,,,505367565.15,0,非S证券连续三个交易日内收盘价格跌幅偏离值累计达到20%的证券
20260730,603083.SH,中信证券股份有限公司上海分公司,356973005.5,3.66,,,356973005.5,0,非S证券连续三个交易日内收盘价格跌幅偏离值累计达到20%的证券
20260730,603083.SH,高盛(中国)证券有限责任公司上海浦东新区世纪大道证券营业部,297959166.32,3.06,,,297959166.32,0,非S证券连续三个交易日内收盘价格跌幅偏离值累计达到20%的证券
20260730,603083.SH,瑞银证券有限责任公司上海花园石桥路证券营业部,259508118.06,2.66,,,259508118.06,0,非S证券连续三个交易日内收盘价格跌幅偏离值累计达到20%的证券
20260730,603083.SH,国泰海通证券股份有限公司总部,214820280.06,2.2,,,214820280.06,0,非S证券连续三个交易日内收盘价格跌幅偏离值累计达到20%的证券
20260730,603083.SH,沪股通专用,,,625965717.63,6.42,-625965717.63,1,非S证券连续三个交易日内收盘价格跌幅偏离值累计达到20%的证券
20260730,603083.SH,招商证券股份有限公司上海肇嘉浜路证券营业部,,,261694210.92,2.68,-261694210.92,1,非S证券连续三个交易日内收盘价格跌幅偏离值累计达到20%的证券
20260730,603083.SH,高盛(中国)证券有限责任公司上海浦东新区世纪大道证券营业部,,,257037129.04,2.64,-257037129.04,1,非S证券连续三个交易日内收盘价格跌幅偏离值累计达到20%的证券
20260730,603083.SH,中信证券股份有限公司上海分公司,,,238615236.15,2.45,-238615236.15,1,非S证券连续三个交易日内收盘价格跌幅偏离值累计达到20%的证券
20260730,603083.SH,招商证券股份有限公司深圳前海大道证券营业部,,,189722832.48,1.95,-189722832.48,1,非S证券连续三个交易日内收盘价格跌幅偏离值累计达到20%的证券
20260730,603124.SH,沪股通专用,178791530.07,8.78,,,178791530.07,0,非S证券连续三个交易日内收盘价格跌幅偏离值累计达到20%的证券
20260730,603124.SH,中信证券股份有限公司上海分公司,134475317.6,6.6,,,134475317.6,0,非S证券连续三个交易日内收盘价格跌幅偏离值累计达到20%的证券
20260730,603124.SH,摩根大通证券(中国)有限公司上海银城中路证券营业部,85499829.8,4.2,,,85499829.8,0,非S证券连续三个交易日内收盘价格跌幅偏离值累计达到20%的证券
20260730,603124.SH,高盛(中国)证券有限责任公司上海浦东新区世纪大道证券营业部,75532568.0,3.71,,,75532568.0,0,非S证券连续三个交易日内收盘价格跌幅偏离值累计达到20%的证券
20260730,603124.SH,国泰海通证券股份有限公司总部,69714082.34,3.42,,,69714082.34,0,非S证券连续三个交易日内收盘价格跌幅偏离值累计达到20%的证券
20260730,603124.SH,沪股通专用,,,161439724.28,7.92,-161439724.28,1,非S证券连续三个交易日内收盘价格跌幅偏离值累计达到20%的证券
20260730,603124.SH,中信证券股份有限公司上海分公司,,,136342300.52,6.69,-136342300.52,1,非S证券连续三个交易日内收盘价格跌幅偏离值累计达到20%的证券
20260730,603124.SH,摩根大通证券(中国)有限公司上海银城中路证券营业部,,,90110566.09,4.42,-90110566.09,1,非S证券连续三个交易日内收盘价格跌幅偏离值累计达到20%的证券
20260730,603124.SH,国泰海通证券股份有限公司总部,,,54204293.0,2.66,-54204293.0,1,非S证券连续三个交易日内收盘价格跌幅偏离值累计达到20%的证券
20260730,603124.SH,东方财富证券股份有限公司拉萨东环路第二证券营业部,,,40142153.04,1.97,-40142153.04,1,非S证券连续三个交易日内收盘价格跌幅偏离值累计达到20%的证券
20260730,603163.SH,中信证券股份有限公司上海分公司,8342155.0,3.15,,,8342155.0,0,有价格涨跌幅限制的日价格振幅达到15%的前五只证券
20260730,603163.SH,沪股通专用,8317776.0,3.14,,,8317776.0,0,有价格涨跌幅限制的日价格振幅达到15%的前五只证券
20260730,603163.SH,中信证券股份有限公司北京分公司,5832616.0,2.2,,,5832616.0,0,有价格涨跌幅限制的日价格振幅达到15%的前五只证券
20260730,603163.SH,高盛(中国)证券有限责任公司上海浦东新区世纪大道证券营业部,5274236.0,1.99,,,5274236.0,0,有价格涨跌幅限制的日价格振幅达到15%的前五只证券
20260730,603163.SH,机构专用,4616928.0,1.74,,,4616928.0,0,有价格涨跌幅限制的日价格振幅达到15%的前五只证券
20260730,603163.SH,浙商证券股份有限公司杭州五星路证券营业部,,,56636454.0,21.36,-56636454.0,1,有价格涨跌幅限制的日价格振幅达到15%的前五只证券
20260730,603163.SH,沪股通专用,,,26701145.0,10.07,-26701145.0,1,有价格涨跌幅限制的日价格振幅达到15%的前五只证券
20260730,603163.SH,中信证券股份有限公司上海分公司,,,12469808.0,4.7,-12469808.0,1,有价格涨跌幅限制的日价格振幅达到15%的前五只证券
20260730,603163.SH,国泰海通证券股份有限公司总部,,,6431055.24,2.43,-6431055.24,1,有价格涨跌幅限制的日价格振幅达到15%的前五只证券
20260730,603163.SH,高盛(中国)证券有限责任公司上海浦东新区世纪大道证券营业部,,,6213648.0,2.34,-6213648.0,1,有价格涨跌幅限制的日价格振幅达到15%的前五只证券
20260730,603186.SH,沪股通专用,370217782.7,7.77,,,370217782.7,0,非S证券连续三个交易日内收盘价格跌幅偏离值累计达到20%的证券
20260730,603186.SH,中信证券股份有限公司上海分公司,153751165.0,3.23,,,153751165.0,0,非S证券连续三个交易日内收盘价格跌幅偏离值累计达到20%的证券
20260730,603186.SH,中国国际金融股份有限公司上海分公司,150877110.9,3.17,,,150877110.9,0,非S证券连续三个交易日内收盘价格跌幅偏离值累计达到20%的证券
20260730,603186.SH,高盛(中国)证券有限责任公司上海浦东新区世纪大道证券营业部,143519017.0,3.01,,,143519017.0,0,非S证券连续三个交易日内收盘价格跌幅偏离值累计达到20%的证券
20260730,603186.SH,瑞银证券有限责任公司上海花园石桥路证券营业部,140566256.2,2.95,,,140566256.2,0,非S证券连续三个交易日内收盘价格跌幅偏离值累计达到20%的证券
20260730,603186.SH,沪股通专用,,,474096055.8,9.95,-474096055.8,1,非S证券连续三个交易日内收盘价格跌幅偏离值累计达到20%的证券
20260730,603186.SH,机构专用,,,336043367.8,7.05,-336043367.8,1,非S证券连续三个交易日内收盘价格跌幅偏离值累计达到20%的证券
20260730,603186.SH,瑞银证券有限责任公司上海花园石桥路证券营业部,,,158363442.0,3.32,-158363442.0,1,非S证券连续三个交易日内收盘价格跌幅偏离值累计达到20%的证券
20260730,603186.SH,中信证券股份有限公司上海分公司,,,150813569.0,3.17,-150813569.0,1,非S证券连续三个交易日内收盘价格跌幅偏离值累计达到20%的证券
20260730,603186.SH,中国国际金融股份有限公司上海分公司,,,140448497.0,2.95,-140448497.0,1,非S证券连续三个交易日内收盘价格跌幅偏离值累计达到20%的证券
20260730,603211.SH,沪股通专用,23409085.0,10.03,,,23409085.0,0,有价格涨跌幅限制的日收盘价格跌幅偏离值达到7%的前五只证券
20260730,603211.SH,机构专用,13556538.0,5.81,,,13556538.0,0,有价格涨跌幅限制的日收盘价格跌幅偏离值达到7%的前五只证券
20260730,603211.SH,中信证券股份有限公司深圳深南中路中信大厦证券营业部,9677105.0,4.15,,,9677105.0,0,有价格涨跌幅限制的日收盘价格跌幅偏离值达到7%的前五只证券
20260730,603211.SH,中信证券股份有限公司上海分公司,7900960.0,3.38,,,7900960.0,0,有价格涨跌幅限制的日收盘价格跌幅偏离值达到7%的前五只证券
20260730,603211.SH,高盛(中国)证券有限责任公司上海浦东新区世纪大道证券营业部,6772713.0,2.9,,,6772713.0,0,有价格涨跌幅限制的日收盘价格跌幅偏离值达到7%的前五只证券
20260730,603211.SH,沪股通专用,,,26045683.0,11.16,-26045683.0,1,有价格涨跌幅限制的日收盘价格跌幅偏离值达到7%的前五只证券
20260730,603211.SH,中信证券股份有限公司北京亚运村证券营业部,,,11672775.0,5.0,-11672775.0,1,有价格涨跌幅限制的日收盘价格跌幅偏离值达到7%的前五只证券
20260730,603211.SH,国泰海通证券股份有限公司总部,,,8939593.0,3.83,-8939593.0,1,有价格涨跌幅限制的日收盘价格跌幅偏离值达到7%的前五只证券
20260730,603211.SH,中国国际金融股份有限公司深圳分公司,,,8921065.0,3.82,-8921065.0,1,有价格涨跌幅限制的日收盘价格跌幅偏离值达到7%的前五只证券
20260730,603211.SH,国联民生证券股份有限公司宁波财神殿南路证券营业部,,,8748691.0,3.75,-8748691.0,1,有价格涨跌幅限制的日收盘价格跌幅偏离值达到7%的前五只证券
20260730,603221.SH,自然人,118560400.0,90.36,,,118560400.0,0,有价格涨跌幅限制的连续10个交易日内收盘价格涨幅偏离值累计达到100%的证券
20260730,603221.SH,其他自然人,109730400.0,83.63,,,109730400.0,0,有价格涨跌幅限制的连续10个交易日内收盘价格涨幅偏离值累计达到100%的证券
20260730,603221.SH,机构,12643800.0,9.64,,,12643800.0,0,有价格涨跌幅限制的连续10个交易日内收盘价格涨幅偏离值累计达到100%的证券
20260730,603221.SH,中小投资者,8829900.0,6.73,,,8829900.0,0,有价格涨跌幅限制的连续10个交易日内收盘价格涨幅偏离值累计达到100%的证券
20260730,603221.SH,沪股通,0.0,0.0,,,0.0,0,有价格涨跌幅限制的连续10个交易日内收盘价格涨幅偏离值累计达到100%的证券
20260730,603221.SH,自然人,,,128254300.0,97.75,-128254300.0,1,有价格涨跌幅限制的连续10个交易日内收盘价格涨幅偏离值累计达到100%的证券
20260730,603221.SH,中小投资者,,,69067900.0,52.64,-69067900.0,1,有价格涨跌幅限制的连续10个交易日内收盘价格涨幅偏离值累计达到100%的证券
20260730,603221.SH,其他自然人,,,59186500.0,45.11,-59186500.0,1,有价格涨跌幅限制的连续10个交易日内收盘价格涨幅偏离值累计达到100%的证券
20260730,603221.SH,机构,,,2949900.0,2.25,-2949900.0,1,有价格涨跌幅限制的连续10个交易日内收盘价格涨幅偏离值累计达到100%的证券
20260730,603221.SH,沪股通,,,0.0,0.0,0.0,1,有价格涨跌幅限制的连续10个交易日内收盘价格涨幅偏离值累计达到100%的证券
20260730,603256.SH,沪股通专用,714696632.97,7.35,,,714696632.97,0,非S证券连续三个交易日内收盘价格跌幅偏离值累计达到20%的证券
20260730,603256.SH,中信证券股份有限公司上海分公司,311601104.5,3.2,,,311601104.5,0,非S证券连续三个交易日内收盘价格跌幅偏离值累计达到20%的证券
20260730,603256.SH,瑞银证券有限责任公司上海花园石桥路证券营业部,238436750.8,2.45,,,238436750.8,0,非S证券连续三个交易日内收盘价格跌幅偏离值累计达到20%的证券
20260730,603256.SH,国泰海通证券股份有限公司总部,170994724.15,1.76,,,170994724.15,0,非S证券连续三个交易日内收盘价格跌幅偏离值累计达到20%的证券
20260730,603256.SH,机构专用,143768407.23,1.48,,,143768407.23,0,非S证券连续三个交易日内收盘价格跌幅偏离值累计达到20%的证券
20260730,603256.SH,沪股通专用,,,679331864.15,6.98,-679331864.15,1,非S证券连续三个交易日内收盘价格跌幅偏离值累计达到20%的证券
20260730,603256.SH,机构专用,,,450738755.0,4.63,-450738755.0,1,非S证券连续三个交易日内收盘价格跌幅偏离值累计达到20%的证券
20260730,603256.SH,瑞银证券有限责任公司上海花园石桥路证券营业部,,,379436644.69,3.9,-379436644.69,1,非S证券连续三个交易日内收盘价格跌幅偏离值累计达到20%的证券
20260730,603256.SH,中信证券股份有限公司上海分公司,,,312366682.4,3.21,-312366682.4,1,非S证券连续三个交易日内收盘价格跌幅偏离值累计达到20%的证券
20260730,603256.SH,机构专用,,,262510004.13,2.7,-262510004.13,1,非S证券连续三个交易日内收盘价格跌幅偏离值累计达到20%的证券
20260730,603358.SH,沪股通专用,31514602.76,4.87,,,31514602.76,0,有价格涨跌幅限制的日价格振幅达到15%的前五只证券
20260730,603358.SH,国泰海通证券股份有限公司总部,16626788.1,2.57,,,16626788.1,0,有价格涨跌幅限制的日价格振幅达到15%的前五只证券
20260730,603358.SH,中信证券股份有限公司上海分公司,14808796.0,2.29,,,14808796.0,0,有价格涨跌幅限制的日价格振幅达到15%的前五只证券
20260730,603358.SH,国泰海通证券股份有限公司上海浦东新区福山路证券营业部,11254753.0,1.74,,,11254753.0,0,有价格涨跌幅限制的日价格振幅达到15%的前五只证券
20260730,603358.SH,国泰海通证券股份有限公司温州锦绣路证券营业部,9790250.0,1.51,,,9790250.0,0,有价格涨跌幅限制的日价格振幅达到15%的前五只证券
20260730,603358.SH,沪股通专用,,,83437600.19,12.9,-83437600.19,1,有价格涨跌幅限制的日价格振幅达到15%的前五只证券
20260730,603358.SH,高盛(中国)证券有限责任公司上海浦东新区世纪大道证券营业部,,,52339329.29,8.09,-52339329.29,1,有价格涨跌幅限制的日价格振幅达到15%的前五只证券
20260730,603358.SH,中泰证券股份有限公司天津分公司,,,51972033.02,8.03,-51972033.02,1,有价格涨跌幅限制的日价格振幅达到15%的前五只证券
20260730,603358.SH,中信证券股份有限公司上海分公司,,,26642034.76,4.12,-26642034.76,1,有价格涨跌幅限制的日价格振幅达到15%的前五只证券
20260730,603358.SH,国泰海通证券股份有限公司总部,,,18442025.0,2.85,-18442025.0,1,有价格涨跌幅限制的日价格振幅达到15%的前五只证券
20260730,603400.SH,中国中金财富证券有限公司北京建国门外大街证券营业部,32124232.54,6.34,,,32124232.54,0,有价格涨跌幅限制的日价格振幅达到15%的前五只证券
20260730,603400.SH,中国中金财富证券有限公司北京建国门外大街证券营业部,32124232.54,6.34,,,32124232.54,0,有价格涨跌幅限制的日换手率达到20%的前五只证券
20260730,603400.SH,国泰海通证券股份有限公司深圳海岸城海德三道证券营业部,12328847.81,2.43,,,12328847.81,0,有价格涨跌幅限制的日价格振幅达到15%的前五只证券
20260730,603400.SH,国泰海通证券股份有限公司深圳海岸城海德三道证券营业部,12328847.81,2.43,,,12328847.81,0,有价格涨跌幅限制的日换手率达到20%的前五只证券
20260730,603400.SH,沪股通专用,11435974.74,2.26,,,11435974.74,0,有价格涨跌幅限制的日价格振幅达到15%的前五只证券
20260730,603400.SH,沪股通专用,11435974.74,2.26,,,11435974.74,0,有价格涨跌幅限制的日换手率达到20%的前五只证券
20260730,603400.SH,麦高证券有限责任公司北京分公司,5600847.51,1.1,,,5600847.51,0,有价格涨跌幅限制的日价格振幅达到15%的前五只证券
20260730,603400.SH,麦高证券有限责任公司北京分公司,5600847.51,1.1,,,5600847.51,0,有价格涨跌幅限制的日换手率达到20%的前五只证券
20260730,603400.SH,国信证券股份有限公司漳州水仙大街证券营业部,4729139.0,0.93,,,4729139.0,0,有价格涨跌幅限制的日价格振幅达到15%的前五只证券
20260730,603400.SH,国信证券股份有限公司漳州水仙大街证券营业部,4729139.0,0.93,,,4729139.0,0,有价格涨跌幅限制的日换手率达到20%的前五只证券
20260730,603400.SH,机构专用,,,21995041.44,4.34,-21995041.44,1,有价格涨跌幅限制的日价格振幅达到15%的前五只证券
20260730,603400.SH,机构专用,,,21995041.44,4.34,-21995041.44,1,有价格涨跌幅限制的日换手率达到20%的前五只证券
20260730,603400.SH,东方财富证券股份有限公司拉萨东环路第二证券营业部,,,16142498.9,3.18,-16142498.9,1,有价格涨跌幅限制的日价格振幅达到15%的前五只证券
20260730,603400.SH,东方财富证券股份有限公司拉萨东环路第二证券营业部,,,16142498.9,3.18,-16142498.9,1,有价格涨跌幅限制的日换手率达到20%的前五只证券
20260730,603400.SH,国泰海通证券股份有限公司上海长宁区江苏路证券营业部,,,7089719.58,1.4,-7089719.58,1,有价格涨跌幅限制的日价格振幅达到15%的前五只证券
20260730,603400.SH,国泰海通证券股份有限公司上海长宁区江苏路证券营业部,,,7089719.58,1.4,-7089719.58,1,有价格涨跌幅限制的日换手率达到20%的前五只证券
20260730,603400.SH,东吴证券股份有限公司张家港杨舍证券营业部,,,6719617.6,1.33,-6719617.6,1,有价格涨跌幅限制的日价格振幅达到15%的前五只证券
20260730,603400.SH,东吴证券股份有限公司张家港杨舍证券营业部,,,6719617.6,1.33,-6719617.6,1,有价格涨跌幅限制的日换手率达到20%的前五只证券
20260730,603400.SH,东吴证券股份有限公司苏州工业园区苏州大道东证券营业部,,,6499697.0,1.28,-6499697.0,1,有价格涨跌幅限制的日价格振幅达到15%的前五只证券
20260730,603400.SH,东吴证券股份有限公司苏州工业园区苏州大道东证券营业部,,,6499697.0,1.28,-6499697.0,1,有价格涨跌幅限制的日换手率达到20%的前五只证券
20260730,603407.SH,国泰海通证券股份有限公司总部,20578037.5,3.45,,,20578037.5,0,有价格涨跌幅限制的日换手率达到20%的前五只证券
20260730,603407.SH,中信证券股份有限公司上海分公司,18270397.04,3.06,,,18270397.04,0,有价格涨跌幅限制的日换手率达到20%的前五只证券
20260730,603407.SH,瑞银证券有限责任公司上海花园石桥路证券营业部,7814034.0,1.31,,,7814034.0,0,有价格涨跌幅限制的日换手率达到20%的前五只证券
20260730,603407.SH,高盛(中国)证券有限责任公司上海浦东新区世纪大道证券营业部,7591419.0,1.27,,,7591419.0,0,有价格涨跌幅限制的日换手率达到20%的前五只证券
20260730,603407.SH,国信证券股份有限公司浙江互联网分公司,4536040.0,0.76,,,4536040.0,0,有价格涨跌幅限制的日换手率达到20%的前五只证券
20260730,603407.SH,开源证券股份有限公司西安太华路证券营业部,,,49162223.24,8.24,-49162223.24,1,有价格涨跌幅限制的日换手率达到20%的前五只证券
20260730,603407.SH,中信证券股份有限公司上海分公司,,,28860929.0,4.84,-28860929.0,1,有价格涨跌幅限制的日换手率达到20%的前五只证券
20260730,603407.SH,瑞银证券有限责任公司上海花园石桥路证券营业部,,,24393716.0,4.09,-24393716.0,1,有价格涨跌幅限制的日换手率达到20%的前五只证券
20260730,603407.SH,华泰证券股份有限公司辽宁分公司,,,23471155.0,3.93,-23471155.0,1,有价格涨跌幅限制的日换手率达到20%的前五只证券
20260730,603407.SH,中信证券股份有限公司深圳深南中路中信大厦证券营业部,,,22710815.0,3.8,-22710815.0,1,有价格涨跌幅限制的日换手率达到20%的前五只证券
20260730,603459.SH,国泰海通证券股份有限公司总部,36779497.8,2.36,,,36779497.8,0,有价格涨跌幅限制的日换手率达到20%的前五只证券
20260730,603459.SH,高盛(中国)证券有限责任公司上海浦东新区世纪大道证券营业部,28780024.0,1.85,,,28780024.0,0,有价格涨跌幅限制的日换手率达到20%的前五只证券
20260730,603459.SH,东莞证券股份有限公司南京分公司,22298707.81,1.43,,,22298707.81,0,有价格涨跌幅限制的日换手率达到20%的前五只证券
20260730,603459.SH,国信证券股份有限公司浙江互联网分公司,15118010.0,0.97,,,15118010.0,0,有价格涨跌幅限制的日换手率达到20%的前五只证券
20260730,603459.SH,东方财富证券股份有限公司拉萨团结路第一证券营业部,14286397.0,0.92,,,14286397.0,0,有价格涨跌幅限制的日换手率达到20%的前五只证券
20260730,603459.SH,中信证券股份有限公司上海分公司,,,86997249.32,5.58,-86997249.32,1,有价格涨跌幅限制的日换手率达到20%的前五只证券
20260730,603459.SH,国泰海通证券股份有限公司总部,,,77618843.0,4.98,-77618843.0,1,有价格涨跌幅限制的日换手率达到20%的前五只证券
20260730,603459.SH,机构专用,,,60422634.63,3.88,-60422634.63,1,有价格涨跌幅限制的日换手率达到20%的前五只证券
20260730,603459.SH,高盛(中国)证券有限责任公司上海浦东新区世纪大道证券营业部,,,55269483.0,3.55,-55269483.0,1,有价格涨跌幅限制的日换手率达到20%的前五只证券
20260730,603459.SH,机构专用,,,36992502.0,2.37,-36992502.0,1,有价格涨跌幅限制的日换手率达到20%的前五只证券
20260730,603556.SH,机构专用,33946827.98,3.85,,,33946827.98,0,非S证券连续三个交易日内收盘价格涨幅偏离值累计达到20%的证券
20260730,603556.SH,沪股通专用,32632244.41,3.7,,,32632244.41,0,非S证券连续三个交易日内收盘价格涨幅偏离值累计达到20%的证券
20260730,603556.SH,机构专用,29112220.0,3.3,,,29112220.0,0,非S证券连续三个交易日内收盘价格涨幅偏离值累计达到20%的证券
20260730,603556.SH,开源证券股份有限公司西安太华路证券营业部,24217317.3,2.74,,,24217317.3,0,非S证券连续三个交易日内收盘价格涨幅偏离值累计达到20%的证券
20260730,603556.SH,机构专用,19740104.0,2.24,,,19740104.0,0,非S证券连续三个交易日内收盘价格涨幅偏离值累计达到20%的证券
20260730,603556.SH,沪股通专用,,,31258955.16,3.54,-31258955.16,1,非S证券连续三个交易日内收盘价格涨幅偏离值累计达到20%的证券
20260730,603556.SH,机构专用,,,27744542.0,3.14,-27744542.0,1,非S证券连续三个交易日内收盘价格涨幅偏离值累计达到20%的证券
20260730,603556.SH,高盛(中国)证券有限责任公司上海浦东新区世纪大道证券营业部,,,15498738.0,1.76,-15498738.0,1,非S证券连续三个交易日内收盘价格涨幅偏离值累计达到20%的证券
20260730,603556.SH,中信证券股份有限公司上海分公司,,,15453341.0,1.75,-15453341.0,1,非S证券连续三个交易日内收盘价格涨幅偏离值累计达到20%的证券
20260730,603556.SH,华泰证券股份有限公司总部,,,13922457.08,1.58,-13922457.08,1,非S证券连续三个交易日内收盘价格涨幅偏离值累计达到20%的证券
20260730,603580.SH,中信建投证券股份有限公司慈溪三北西大街证券营业部,42260289.32,4.19,,,42260289.32,0,有价格涨跌幅限制的日价格振幅达到15%的前五只证券
20260730,603580.SH,国泰海通证券股份有限公司总部,36212430.28,3.59,,,36212430.28,0,有价格涨跌幅限制的日价格振幅达到15%的前五只证券
20260730,603580.SH,国信证券股份有限公司浙江互联网分公司,16175652.0,1.6,,,16175652.0,0,有价格涨跌幅限制的日价格振幅达到15%的前五只证券
20260730,603580.SH,中信证券股份有限公司深圳深南中路中信大厦证券营业部,15510955.0,1.54,,,15510955.0,0,有价格涨跌幅限制的日价格振幅达到15%的前五只证券
20260730,603580.SH,平安证券股份有限公司江西分公司,14473570.0,1.44,,,14473570.0,0,有价格涨跌幅限制的日价格振幅达到15%的前五只证券
20260730,603580.SH,国泰海通证券股份有限公司总部,,,54736057.8,5.43,-54736057.8,1,有价格涨跌幅限制的日价格振幅达到15%的前五只证券
20260730,603580.SH,平安证券股份有限公司福州长乐北路证券营业部,,,19601828.0,1.94,-19601828.0,1,有价格涨跌幅限制的日价格振幅达到15%的前五只证券
20260730,603580.SH,中国银河证券股份有限公司北京学院南路证券营业部,,,13566296.0,1.35,-13566296.0,1,有价格涨跌幅限制的日价格振幅达到15%的前五只证券
20260730,603580.SH,东方财富证券股份有限公司拉萨金融城南环路证券营业部,,,12034708.0,1.19,-12034708.0,1,有价格涨跌幅限制的日价格振幅达到15%的前五只证券
20260730,603580.SH,中信证券股份有限公司上海分公司,,,11998708.0,1.19,-11998708.0,1,有价格涨跌幅限制的日价格振幅达到15%的前五只证券
20260730,603629.SH,沪股通专用,718799613.49,7.11,,,718799613.49,0,非S证券连续三个交易日内收盘价格跌幅偏离值累计达到20%的证券
20260730,603629.SH,国泰海通证券股份有限公司总部,222911287.0,2.21,,,222911287.0,0,非S证券连续三个交易日内收盘价格跌幅偏离值累计达到20%的证券
20260730,603629.SH,中信证券股份有限公司上海分公司,191903302.48,1.9,,,191903302.48,0,非S证券连续三个交易日内收盘价格跌幅偏离值累计达到20%的证券
20260730,603629.SH,高盛(中国)证券有限责任公司上海浦东新区世纪大道证券营业部,145713054.5,1.44,,,145713054.5,0,非S证券连续三个交易日内收盘价格跌幅偏离值累计达到20%的证券
20260730,603629.SH,瑞银证券有限责任公司上海花园石桥路证券营业部,104580364.0,1.03,,,104580364.0,0,非S证券连续三个交易日内收盘价格跌幅偏离值累计达到20%的证券
20260730,603629.SH,沪股通专用,,,910406620.7,9.01,-910406620.7,1,非S证券连续三个交易日内收盘价格跌幅偏离值累计达到20%的证券
20260730,603629.SH,国泰海通证券股份有限公司总部,,,364273652.52,3.6,-364273652.52,1,非S证券连续三个交易日内收盘价格跌幅偏离值累计达到20%的证券
20260730,603629.SH,高盛(中国)证券有限责任公司上海浦东新区世纪大道证券营业部,,,282443202.6,2.79,-282443202.6,1,非S证券连续三个交易日内收盘价格跌幅偏离值累计达到20%的证券
20260730,603629.SH,中信证券股份有限公司上海分公司,,,181895631.19,1.8,-181895631.19,1,非S证券连续三个交易日内收盘价格跌幅偏离值累计达到20%的证券
20260730,603629.SH,瑞银证券有限责任公司上海花园石桥路证券营业部,,,175681123.68,1.74,-175681123.68,1,非S证券连续三个交易日内收盘价格跌幅偏离值累计达到20%的证券
20260730,603725.SH,高盛(中国)证券有限责任公司上海浦东新区世纪大道证券营业部,42609022.8,5.37,,,42609022.8,0,非S证券连续三个交易日内收盘价格跌幅偏离值累计达到20%的证券
20260730,603725.SH,国泰海通证券股份有限公司总部,40928173.2,5.16,,,40928173.2,0,非S证券连续三个交易日内收盘价格跌幅偏离值累计达到20%的证券
20260730,603725.SH,瑞银证券有限责任公司上海花园石桥路证券营业部,33198427.8,4.18,,,33198427.8,0,非S证券连续三个交易日内收盘价格跌幅偏离值累计达到20%的证券
20260730,603725.SH,中信证券股份有限公司上海分公司,30468938.6,3.84,,,30468938.6,0,非S证券连续三个交易日内收盘价格跌幅偏离值累计达到20%的证券
20260730,603725.SH,中国国际金融股份有限公司上海分公司,26194668.0,3.3,,,26194668.0,0,非S证券连续三个交易日内收盘价格跌幅偏离值累计达到20%的证券
20260730,603725.SH,机构专用,,,82299860.2,10.37,-82299860.2,1,非S证券连续三个交易日内收盘价格跌幅偏离值累计达到20%的证券
20260730,603725.SH,瑞银证券有限责任公司上海花园石桥路证券营业部,,,42232397.0,5.32,-42232397.0,1,非S证券连续三个交易日内收盘价格跌幅偏离值累计达到20%的证券
20260730,603725.SH,中信证券股份有限公司上海分公司,,,33957825.0,4.28,-33957825.0,1,非S证券连续三个交易日内收盘价格跌幅偏离值累计达到20%的证券
20260730,603725.SH,高盛(中国)证券有限责任公司上海浦东新区世纪大道证券营业部,,,33479427.6,4.22,-33479427.6,1,非S证券连续三个交易日内收盘价格跌幅偏离值累计达到20%的证券
20260730,603725.SH,摩根大通证券(中国)有限公司上海银城中路证券营业部,,,27529502.0,3.47,-27529502.0,1,非S证券连续三个交易日内收盘价格跌幅偏离值累计达到20%的证券
20260730,603773.SH,沪股通专用,401887315.22,10.81,,,401887315.22,0,非S证券连续三个交易日内收盘价格跌幅偏离值累计达到20%的证券
20260730,603773.SH,国泰海通证券股份有限公司总部,121311983.7,3.26,,,121311983.7,0,非S证券连续三个交易日内收盘价格跌幅偏离值累计达到20%的证券
20260730,603773.SH,瑞银证券有限责任公司上海花园石桥路证券营业部,95124907.88,2.56,,,95124907.88,0,非S证券连续三个交易日内收盘价格跌幅偏离值累计达到20%的证券
20260730,603773.SH,高盛(中国)证券有限责任公司上海浦东新区世纪大道证券营业部,92404273.0,2.49,,,92404273.0,0,非S证券连续三个交易日内收盘价格跌幅偏离值累计达到20%的证券
20260730,603773.SH,中信证券股份有限公司上海分公司,81466926.0,2.19,,,81466926.0,0,非S证券连续三个交易日内收盘价格跌幅偏离值累计达到20%的证券
20260730,603773.SH,沪股通专用,,,429109321.0,11.54,-429109321.0,1,非S证券连续三个交易日内收盘价格跌幅偏离值累计达到20%的证券
20260730,603773.SH,国泰海通证券股份有限公司总部,,,134721964.5,3.62,-134721964.5,1,非S证券连续三个交易日内收盘价格跌幅偏离值累计达到20%的证券
20260730,603773.SH,瑞银证券有限责任公司上海花园石桥路证券营业部,,,127416342.0,3.43,-127416342.0,1,非S证券连续三个交易日内收盘价格跌幅偏离值累计达到20%的证券
20260730,603773.SH,中信证券股份有限公司上海分公司,,,108094242.0,2.91,-108094242.0,1,非S证券连续三个交易日内收盘价格跌幅偏离值累计达到20%的证券
20260730,603773.SH,高盛(中国)证券有限责任公司上海浦东新区世纪大道证券营业部,,,64266339.0,1.73,-64266339.0,1,非S证券连续三个交易日内收盘价格跌幅偏离值累计达到20%的证券
20260730,603803.SH,沪股通专用,33708704.4,9.42,,,33708704.4,0,有价格涨跌幅限制的日收盘价格跌幅偏离值达到7%的前五只证券
20260730,603803.SH,高盛(中国)证券有限责任公司上海浦东新区世纪大道证券营业部,8883843.0,2.48,,,8883843.0,0,有价格涨跌幅限制的日收盘价格跌幅偏离值达到7%的前五只证券
20260730,603803.SH,中信证券股份有限公司上海分公司,8310375.0,2.32,,,8310375.0,0,有价格涨跌幅限制的日收盘价格跌幅偏离值达到7%的前五只证券
20260730,603803.SH,中国国际金融股份有限公司上海分公司,8263414.0,2.31,,,8263414.0,0,有价格涨跌幅限制的日收盘价格跌幅偏离值达到7%的前五只证券
20260730,603803.SH,国泰海通证券股份有限公司总部,5488564.0,1.53,,,5488564.0,0,有价格涨跌幅限制的日收盘价格跌幅偏离值达到7%的前五只证券
20260730,603803.SH,沪股通专用,,,34712403.11,9.7,-34712403.11,1,有价格涨跌幅限制的日收盘价格跌幅偏离值达到7%的前五只证券
20260730,603803.SH,瑞银证券有限责任公司上海花园石桥路证券营业部,,,11620762.0,3.25,-11620762.0,1,有价格涨跌幅限制的日收盘价格跌幅偏离值达到7%的前五只证券
20260730,603803.SH,中信证券股份有限公司厦门鹭江道证券营业部,,,9509363.46,2.66,-9509363.46,1,有价格涨跌幅限制的日收盘价格跌幅偏离值达到7%的前五只证券
20260730,603803.SH,高盛(中国)证券有限责任公司上海浦东新区世纪大道证券营业部,,,9390776.0,2.63,-9390776.0,1,有价格涨跌幅限制的日收盘价格跌幅偏离值达到7%的前五只证券
20260730,603803.SH,中信证券股份有限公司上海分公司,,,7792085.0,2.18,-7792085.0,1,有价格涨跌幅限制的日收盘价格跌幅偏离值达到7%的前五只证券
20260730,603919.SH,国泰海通证券股份有限公司广州珠江新城证券营业部,19810508.0,5.24,,,19810508.0,0,有价格涨跌幅限制的日收盘价格涨幅偏离值达到7%的前五只证券
20260730,603919.SH,沪股通专用,17059027.36,4.52,,,17059027.36,0,有价格涨跌幅限制的日收盘价格涨幅偏离值达到7%的前五只证券
20260730,603919.SH,机构专用,14666239.63,3.88,,,14666239.63,0,有价格涨跌幅限制的日收盘价格涨幅偏离值达到7%的前五只证券
20260730,603919.SH,东亚前海证券有限责任公司苏州分公司,13138734.0,3.48,,,13138734.0,0,有价格涨跌幅限制的日收盘价格涨幅偏离值达到7%的前五只证券
20260730,603919.SH,中泰证券股份有限公司常州惠国路证券营业部,12518868.0,3.31,,,12518868.0,0,有价格涨跌幅限制的日收盘价格涨幅偏离值达到7%的前五只证券
20260730,603919.SH,机构专用,,,30323294.24,8.03,-30323294.24,1,有价格涨跌幅限制的日收盘价格涨幅偏离值达到7%的前五只证券
20260730,603919.SH,沪股通专用,,,19555918.06,5.18,-19555918.06,1,有价格涨跌幅限制的日收盘价格涨幅偏离值达到7%的前五只证券
20260730,603919.SH,机构专用,,,15425752.0,4.08,-15425752.0,1,有价格涨跌幅限制的日收盘价格涨幅偏离值达到7%的前五只证券
20260730,603919.SH,瑞银证券有限责任公司上海花园石桥路证券营业部,,,11182430.5,2.96,-11182430.5,1,有价格涨跌幅限制的日收盘价格涨幅偏离值达到7%的前五只证券
20260730,603919.SH,中信证券股份有限公司上海分公司,,,8815061.0,2.33,-8815061.0,1,有价格涨跌幅限制的日收盘价格涨幅偏离值达到7%的前五只证券
20260730,603950.SH,沪股通专用,155855799.0,10.08,,,155855799.0,0,非S证券连续三个交易日内收盘价格跌幅偏离值累计达到20%的证券
20260730,603950.SH,中信证券股份有限公司上海分公司,96592382.0,6.25,,,96592382.0,0,非S证券连续三个交易日内收盘价格跌幅偏离值累计达到20%的证券
20260730,603950.SH,国泰海通证券股份有限公司总部,39886289.0,2.58,,,39886289.0,0,非S证券连续三个交易日内收盘价格跌幅偏离值累计达到20%的证券
20260730,603950.SH,高盛(中国)证券有限责任公司上海浦东新区世纪大道证券营业部,38595630.0,2.5,,,38595630.0,0,非S证券连续三个交易日内收盘价格跌幅偏离值累计达到20%的证券
20260730,603950.SH,中国国际金融股份有限公司上海分公司,35970273.0,2.33,,,35970273.0,0,非S证券连续三个交易日内收盘价格跌幅偏离值累计达到20%的证券
20260730,603950.SH,沪股通专用,,,130885900.68,8.47,-130885900.68,1,非S证券连续三个交易日内收盘价格跌幅偏离值累计达到20%的证券
20260730,603950.SH,天风证券股份有限公司深圳分公司,,,97893634.0,6.33,-97893634.0,1,非S证券连续三个交易日内收盘价格跌幅偏离值累计达到20%的证券
20260730,603950.SH,中国中金财富证券有限公司上海分公司,,,90756672.6,5.87,-90756672.6,1,非S证券连续三个交易日内收盘价格跌幅偏离值累计达到20%的证券
20260730,603950.SH,中信证券股份有限公司上海分公司,,,57105691.0,3.69,-57105691.0,1,非S证券连续三个交易日内收盘价格跌幅偏离值累计达到20%的证券
20260730,603950.SH,中信证券股份有限公司深圳分公司,,,54369081.0,3.52,-54369081.0,1,非S证券连续三个交易日内收盘价格跌幅偏离值累计达到20%的证券
20260730,605068.SH,中国银河证券股份有限公司南京王府大街证券营业部,31628888.0,13.91,,,31628888.0,0,非S证券连续三个交易日内收盘价格涨幅偏离值累计达到20%的证券
20260730,605068.SH,国信证券股份有限公司南京江东中路证券营业部,18023342.0,7.93,,,18023342.0,0,非S证券连续三个交易日内收盘价格涨幅偏离值累计达到20%的证券
20260730,605068.SH,华泰证券股份有限公司辽宁分公司,6769805.0,2.98,,,6769805.0,0,非S证券连续三个交易日内收盘价格涨幅偏离值累计达到20%的证券
20260730,605068.SH,国泰海通证券股份有限公司总部,5978938.0,2.63,,,5978938.0,0,非S证券连续三个交易日内收盘价格涨幅偏离值累计达到20%的证券
20260730,605068.SH,华鑫证券有限责任公司上海徐汇区瑞平路证券营业部,4997951.0,2.2,,,4997951.0,0,非S证券连续三个交易日内收盘价格涨幅偏离值累计达到20%的证券
20260730,605068.SH,国泰海通证券股份有限公司总部,,,15252165.0,6.71,-15252165.0,1,非S证券连续三个交易日内收盘价格涨幅偏离值累计达到20%的证券
20260730,605068.SH,中信证券股份有限公司上海分公司,,,14156764.0,6.23,-14156764.0,1,非S证券连续三个交易日内收盘价格涨幅偏离值累计达到20%的证券
20260730,605068.SH,高盛(中国)证券有限责任公司上海浦东新区世纪大道证券营业部,,,13583875.0,5.98,-13583875.0,1,非S证券连续三个交易日内收盘价格涨幅偏离值累计达到20%的证券
20260730,605068.SH,中国国际金融股份有限公司上海分公司,,,6549414.0,2.88,-6549414.0,1,非S证券连续三个交易日内收盘价格涨幅偏离值累计达到20%的证券
20260730,605068.SH,浙商证券股份有限公司深圳分公司,,,4651179.0,2.05,-4651179.0,1,非S证券连续三个交易日内收盘价格涨幅偏离值累计达到20%的证券
20260730,605289.SH,沪股通专用,218818086.6,13.58,,,218818086.6,0,非S证券连续三个交易日内收盘价格跌幅偏离值累计达到20%的证券
20260730,605289.SH,高盛(中国)证券有限责任公司上海浦东新区世纪大道证券营业部,97776889.85,6.07,,,97776889.85,0,非S证券连续三个交易日内收盘价格跌幅偏离值累计达到20%的证券
20260730,605289.SH,中信证券股份有限公司上海分公司,50709799.0,3.15,,,50709799.0,0,非S证券连续三个交易日内收盘价格跌幅偏离值累计达到20%的证券
20260730,605289.SH,国泰海通证券股份有限公司总部,43295060.8,2.69,,,43295060.8,0,非S证券连续三个交易日内收盘价格跌幅偏离值累计达到20%的证券
20260730,605289.SH,中信证券股份有限公司北京分公司,39093779.75,2.43,,,39093779.75,0,非S证券连续三个交易日内收盘价格跌幅偏离值累计达到20%的证券
20260730,605289.SH,沪股通专用,,,198754919.92,12.33,-198754919.92,1,非S证券连续三个交易日内收盘价格跌幅偏离值累计达到20%的证券
20260730,605289.SH,高盛(中国)证券有限责任公司上海浦东新区世纪大道证券营业部,,,86341354.6,5.36,-86341354.6,1,非S证券连续三个交易日内收盘价格跌幅偏离值累计达到20%的证券
20260730,605289.SH,中信证券股份有限公司上海分公司,,,40955653.2,2.54,-40955653.2,1,非S证券连续三个交易日内收盘价格跌幅偏离值累计达到20%的证券
20260730,605289.SH,中信证券股份有限公司北京分公司,,,39624907.34,2.46,-39624907.34,1,非S证券连续三个交易日内收盘价格跌幅偏离值累计达到20%的证券
20260730,605289.SH,中信证券股份有限公司上海浦东新区东方路证券营业部,,,38998199.8,2.42,-38998199.8,1,非S证券连续三个交易日内收盘价格跌幅偏离值累计达到20%的证券
20260730,605388.SH,国新证券股份有限公司北京中关村大街证券营业部,18312264.0,13.17,,,18312264.0,0,非S证券连续三个交易日内收盘价格涨幅偏离值累计达到20%的证券
20260730,605388.SH,国新证券股份有限公司北京中关村大街证券营业部,18312264.0,20.43,,,18312264.0,0,有价格涨跌幅限制的日收盘价格涨幅偏离值达到7%的前五只证券
20260730,605388.SH,中泰证券股份有限公司常州惠国路证券营业部,14826184.8,10.67,,,14826184.8,0,非S证券连续三个交易日内收盘价格涨幅偏离值累计达到20%的证券
20260730,605388.SH,国投证券股份有限公司上海四平路证券营业部,3546865.0,2.55,,,3546865.0,0,非S证券连续三个交易日内收盘价格涨幅偏离值累计达到20%的证券
20260730,605388.SH,华鑫证券有限责任公司上海徐汇区瑞平路证券营业部,2870628.0,2.07,,,2870628.0,0,非S证券连续三个交易日内收盘价格涨幅偏离值累计达到20%的证券
20260730,605388.SH,中泰证券股份有限公司北京安贞桥证券营业部,2531324.0,1.82,,,2531324.0,0,非S证券连续三个交易日内收盘价格涨幅偏离值累计达到20%的证券
20260730,605388.SH,东方财富证券股份有限公司拉萨金融城南环路证券营业部,2030694.0,2.27,,,2030694.0,0,有价格涨跌幅限制的日收盘价格涨幅偏离值达到7%的前五只证券
20260730,605388.SH,中国银河证券股份有限公司南平理学街证券营业部,1816558.0,2.03,,,1816558.0,0,有价格涨跌幅限制的日收盘价格涨幅偏离值达到7%的前五只证券
20260730,605388.SH,东莞证券股份有限公司浙江分公司,1608948.0,1.79,,,1608948.0,0,有价格涨跌幅限制的日收盘价格涨幅偏离值达到7%的前五只证券
20260730,605388.SH,中信建投证券股份有限公司北京朝阳分公司,1019684.0,1.14,,,1019684.0,0,有价格涨跌幅限制的日收盘价格涨幅偏离值达到7%的前五只证券
20260730,605388.SH,中信证券股份有限公司上海分公司,,,4474338.0,3.22,-4474338.0,1,非S证券连续三个交易日内收盘价格涨幅偏离值累计达到20%的证券
20260730,605388.SH,浙商证券股份有限公司保定阳光北大街证券营业部,,,3210737.0,2.31,-3210737.0,1,非S证券连续三个交易日内收盘价格涨幅偏离值累计达到20%的证券
20260730,605388.SH,机构专用,,,3151960.0,2.27,-3151960.0,1,非S证券连续三个交易日内收盘价格涨幅偏离值累计达到20%的证券
20260730,605388.SH,机构专用,,,3151960.0,3.52,-3151960.0,1,有价格涨跌幅限制的日收盘价格涨幅偏离值达到7%的前五只证券
20260730,605388.SH,华鑫证券有限责任公司上海徐汇区瑞平路证券营业部,,,2799745.0,2.01,-2799745.0,1,非S证券连续三个交易日内收盘价格涨幅偏离值累计达到20%的证券
20260730,605388.SH,华鑫证券有限责任公司上海徐汇区瑞平路证券营业部,,,2798679.0,3.12,-2798679.0,1,有价格涨跌幅限制的日收盘价格涨幅偏离值达到7%的前五只证券
20260730,605388.SH,浙商证券股份有限公司保定阳光北大街证券营业部,,,2472033.0,2.76,-2472033.0,1,有价格涨跌幅限制的日收盘价格涨幅偏离值达到7%的前五只证券
20260730,605388.SH,中国国际金融股份有限公司上海分公司,,,2044235.0,1.47,-2044235.0,1,非S证券连续三个交易日内收盘价格涨幅偏离值累计达到20%的证券
20260730,605388.SH,中信证券股份有限公司上海分公司,,,2016415.0,2.25,-2016415.0,1,有价格涨跌幅限制的日收盘价格涨幅偏离值达到7%的前五只证券
20260730,605388.SH,中国国际金融股份有限公司上海分公司,,,1642626.0,1.83,-1642626.0,1,有价格涨跌幅限制的日收盘价格涨幅偏离值达到7%的前五只证券
20260730,688147.SH,沪股通专用,118224252.2,7.36,,,118224252.2,0,有价格涨跌幅限制的日收盘价格跌幅达到15%的前五只证券
20260730,688147.SH,机构专用,87804559.73,5.47,,,87804559.73,0,有价格涨跌幅限制的日收盘价格跌幅达到15%的前五只证券
20260730,688147.SH,中信证券股份有限公司上海分公司,86024897.96,5.36,,,86024897.96,0,有价格涨跌幅限制的日收盘价格跌幅达到15%的前五只证券
20260730,688147.SH,机构专用,62151809.75,3.87,,,62151809.75,0,有价格涨跌幅限制的日收盘价格跌幅达到15%的前五只证券
20260730,688147.SH,中国国际金融股份有限公司上海分公司,56966756.59,3.55,,,56966756.59,0,有价格涨跌幅限制的日收盘价格跌幅达到15%的前五只证券
20260730,688147.SH,沪股通专用,,,233901081.78,14.56,-233901081.78,1,有价格涨跌幅限制的日收盘价格跌幅达到15%的前五只证券
20260730,688147.SH,机构专用,,,190248850.47,11.85,-190248850.47,1,有价格涨跌幅限制的日收盘价格跌幅达到15%的前五只证券
20260730,688147.SH,中信证券股份有限公司总部(非营业场所),,,58535289.19,3.64,-58535289.19,1,有价格涨跌幅限制的日收盘价格跌幅达到15%的前五只证券
20260730,688147.SH,国泰海通证券股份有限公司北京知春路证券营业部,,,55143017.19,3.43,-55143017.19,1,有价格涨跌幅限制的日收盘价格跌幅达到15%的前五只证券
20260730,688147.SH,中信证券股份有限公司上海分公司,,,44101271.72,2.75,-44101271.72,1,有价格涨跌幅限制的日收盘价格跌幅达到15%的前五只证券
20260730,688237.SH,中信证券股份有限公司上海分公司,25248947.77,6.58,,,25248947.77,0,有价格涨跌幅限制的日收盘价格跌幅达到15%的前五只证券
20260730,688237.SH,国泰海通证券股份有限公司总部,19239901.33,5.01,,,19239901.33,0,有价格涨跌幅限制的日收盘价格跌幅达到15%的前五只证券
20260730,688237.SH,国投证券股份有限公司揭阳分公司,14657163.67,3.82,,,14657163.67,0,有价格涨跌幅限制的日收盘价格跌幅达到15%的前五只证券
20260730,688237.SH,瑞银证券有限责任公司上海花园石桥路证券营业部,13475787.42,3.51,,,13475787.42,0,有价格涨跌幅限制的日收盘价格跌幅达到15%的前五只证券
20260730,688237.SH,高盛(中国)证券有限责任公司上海浦东新区世纪大道证券营业部,10764798.09,2.81,,,10764798.09,0,有价格涨跌幅限制的日收盘价格跌幅达到15%的前五只证券
20260730,688237.SH,中国国际金融股份有限公司上海分公司,,,35064324.87,9.14,-35064324.87,1,有价格涨跌幅限制的日收盘价格跌幅达到15%的前五只证券
20260730,688237.SH,瑞银证券有限责任公司上海花园石桥路证券营业部,,,26440022.99,6.89,-26440022.99,1,有价格涨跌幅限制的日收盘价格跌幅达到15%的前五只证券
20260730,688237.SH,中信证券股份有限公司上海分公司,,,22777739.73,5.94,-22777739.73,1,有价格涨跌幅限制的日收盘价格跌幅达到15%的前五只证券
20260730,688237.SH,高盛(中国)证券有限责任公司上海浦东新区世纪大道证券营业部,,,22528313.26,5.87,-22528313.26,1,有价格涨跌幅限制的日收盘价格跌幅达到15%的前五只证券
20260730,688237.SH,国泰海通证券股份有限公司总部,,,11445687.99,2.98,-11445687.99,1,有价格涨跌幅限制的日收盘价格跌幅达到15%的前五只证券
20260730,688260.SH,开源证券股份有限公司西安太华路证券营业部,91878690.6,4.26,,,91878690.6,0,有价格涨跌幅限制的连续3个交易日内收盘价格涨幅偏离值累计达到30%的证券
20260730,688260.SH,国泰海通证券股份有限公司总部,86943408.64,4.03,,,86943408.64,0,有价格涨跌幅限制的连续3个交易日内收盘价格涨幅偏离值累计达到30%的证券
20260730,688260.SH,中信证券股份有限公司上海分公司,84221032.11,3.91,,,84221032.11,0,有价格涨跌幅限制的连续3个交易日内收盘价格涨幅偏离值累计达到30%的证券
20260730,688260.SH,机构专用,60740531.8,2.82,,,60740531.8,0,有价格涨跌幅限制的连续3个交易日内收盘价格涨幅偏离值累计达到30%的证券
20260730,688260.SH,国泰海通证券股份有限公司总部,45099276.58,3.42,,,45099276.58,0,有价格涨跌幅限制的日收盘价格涨幅达到15%的前五只证券
20260730,688260.SH,中信证券股份有限公司上海分公司,44114513.94,3.35,,,44114513.94,0,有价格涨跌幅限制的日收盘价格涨幅达到15%的前五只证券
20260730,688260.SH,中信证券股份有限公司深圳深南中路中信大厦证券营业部,43577058.23,2.02,,,43577058.23,0,有价格涨跌幅限制的连续3个交易日内收盘价格涨幅偏离值累计达到30%的证券
20260730,688260.SH,机构专用,33602036.9,2.55,,,33602036.9,0,有价格涨跌幅限制的日收盘价格涨幅达到15%的前五只证券
20260730,688260.SH,长城证券股份有限公司西北分公司,23422221.21,1.78,,,23422221.21,0,有价格涨跌幅限制的日收盘价格涨幅达到15%的前五只证券
20260730,688260.SH,中信证券股份有限公司深圳深南中路中信大厦证券营业部,21946896.08,1.67,,,21946896.08,0,有价格涨跌幅限制的日收盘价格涨幅达到15%的前五只证券
20260730,688260.SH,国泰海通证券股份有限公司总部,,,80090767.69,3.72,-80090767.69,1,有价格涨跌幅限制的连续3个交易日内收盘价格涨幅偏离值累计达到30%的证券
20260730,688260.SH,开源证券股份有限公司西安太华路证券营业部,,,76353414.09,5.79,-76353414.09,1,有价格涨跌幅限制的日收盘价格涨幅达到15%的前五只证券
20260730,688260.SH,开源证券股份有限公司西安太华路证券营业部,,,76353414.09,3.54,-76353414.09,1,有价格涨跌幅限制的连续3个交易日内收盘价格涨幅偏离值累计达到30%的证券
20260730,688260.SH,中信证券股份有限公司上海分公司,,,60919846.93,2.83,-60919846.93,1,有价格涨跌幅限制的连续3个交易日内收盘价格涨幅偏离值累计达到30%的证券
20260730,688260.SH,国泰海通证券股份有限公司总部,,,49471556.29,3.75,-49471556.29,1,有价格涨跌幅限制的日收盘价格涨幅达到15%的前五只证券
20260730,688260.SH,中信证券股份有限公司上海分公司,,,46863108.29,3.56,-46863108.29,1,有价格涨跌幅限制的日收盘价格涨幅达到15%的前五只证券
20260730,688260.SH,国泰海通证券股份有限公司上海长宁区江苏路证券营业部,,,44608605.96,2.07,-44608605.96,1,有价格涨跌幅限制的连续3个交易日内收盘价格涨幅偏离值累计达到30%的证券
20260730,688260.SH,国泰海通证券股份有限公司上海长宁区江苏路证券营业部,,,42145976.82,3.2,-42145976.82,1,有价格涨跌幅限制的日收盘价格涨幅达到15%的前五只证券
20260730,688260.SH,瑞银证券有限责任公司上海花园石桥路证券营业部,,,37427546.93,1.74,-37427546.93,1,有价格涨跌幅限制的连续3个交易日内收盘价格涨幅偏离值累计达到30%的证券
20260730,688260.SH,中信证券股份有限公司深圳深南中路中信大厦证券营业部,,,26086716.13,1.98,-26086716.13,1,有价格涨跌幅限制的日收盘价格涨幅达到15%的前五只证券
20260730,688277.SH,机构专用,33484039.6,5.55,,,33484039.6,0,有价格涨跌幅限制的日价格振幅达到30%的前五只证券
20260730,688277.SH,机构专用,12062228.87,2.0,,,12062228.87,0,有价格涨跌幅限制的日价格振幅达到30%的前五只证券
20260730,688277.SH,国泰海通证券股份有限公司新余劳动南路证券营业部,7268614.22,1.2,,,7268614.22,0,有价格涨跌幅限制的日价格振幅达到30%的前五只证券
20260730,688277.SH,国泰海通证券股份有限公司上海普陀区金沙江路证券营业部,7216926.15,1.2,,,7216926.15,0,有价格涨跌幅限制的日价格振幅达到30%的前五只证券
20260730,688277.SH,东方财富证券股份有限公司拉萨东环路第二证券营业部,5978226.68,0.99,,,5978226.68,0,有价格涨跌幅限制的日价格振幅达到30%的前五只证券
20260730,688277.SH,沪股通专用,,,27766059.49,4.6,-27766059.49,1,有价格涨跌幅限制的日价格振幅达到30%的前五只证券
20260730,688277.SH,高盛(中国)证券有限责任公司上海浦东新区世纪大道证券营业部,,,21079898.34,3.49,-21079898.34,1,有价格涨跌幅限制的日价格振幅达到30%的前五只证券
20260730,688277.SH,机构专用,,,18869375.41,3.13,-18869375.41,1,有价格涨跌幅限制的日价格振幅达到30%的前五只证券
20260730,688277.SH,中邮证券有限责任公司北京宣武门东大街证券营业部,,,12173842.61,2.02,-12173842.61,1,有价格涨跌幅限制的日价格振幅达到30%的前五只证券
20260730,688277.SH,招商证券股份有限公司上海世纪大道证券营业部,,,9182969.32,1.52,-9182969.32,1,有价格涨跌幅限制的日价格振幅达到30%的前五只证券
20260730,688432.SH,沪股通专用,140084927.19,6.2,,,140084927.19,0,有价格涨跌幅限制的日收盘价格跌幅达到15%的前五只证券
20260730,688432.SH,中信证券股份有限公司上海分公司,96165122.23,4.26,,,96165122.23,0,有价格涨跌幅限制的日收盘价格跌幅达到15%的前五只证券
20260730,688432.SH,国泰海通证券股份有限公司总部,91574119.39,4.05,,,91574119.39,0,有价格涨跌幅限制的日收盘价格跌幅达到15%的前五只证券
20260730,688432.SH,中信证券股份有限公司深圳深南中路中信大厦证券营业部,31961914.0,1.41,,,31961914.0,0,有价格涨跌幅限制的日收盘价格跌幅达到15%的前五只证券
20260730,688432.SH,瑞银证券有限责任公司上海花园石桥路证券营业部,25573035.62,1.13,,,25573035.62,0,有价格涨跌幅限制的日收盘价格跌幅达到15%的前五只证券
20260730,688432.SH,国泰海通证券股份有限公司总部,,,89328689.63,3.95,-89328689.63,1,有价格涨跌幅限制的日收盘价格跌幅达到15%的前五只证券
20260730,688432.SH,沪股通专用,,,72283023.86,3.2,-72283023.86,1,有价格涨跌幅限制的日收盘价格跌幅达到15%的前五只证券
20260730,688432.SH,中信证券股份有限公司上海分公司,,,44737346.95,1.98,-44737346.95,1,有价格涨跌幅限制的日收盘价格跌幅达到15%的前五只证券
20260730,688432.SH,摩根大通证券(中国)有限公司上海银城中路证券营业部,,,23570245.93,1.04,-23570245.93,1,有价格涨跌幅限制的日收盘价格跌幅达到15%的前五只证券
20260730,688432.SH,华宝证券股份有限公司上海东大名路证券营业部,,,23558128.07,1.04,-23558128.07,1,有价格涨跌幅限制的日收盘价格跌幅达到15%的前五只证券
20260730,688498.SH,沪股通专用,1295061652.73,11.73,,,1295061652.73,0,有价格涨跌幅限制的日收盘价格跌幅达到15%的前五只证券
20260730,688498.SH,中信证券股份有限公司上海分公司,605791686.82,5.49,,,605791686.82,0,有价格涨跌幅限制的日收盘价格跌幅达到15%的前五只证券
20260730,688498.SH,摩根大通证券(中国)有限公司上海银城中路证券营业部,321460355.96,2.91,,,321460355.96,0,有价格涨跌幅限制的日收盘价格跌幅达到15%的前五只证券
20260730,688498.SH,高盛(中国)证券有限责任公司上海浦东新区世纪大道证券营业部,312961099.37,2.83,,,312961099.37,0,有价格涨跌幅限制的日收盘价格跌幅达到15%的前五只证券
20260730,688498.SH,瑞银证券有限责任公司上海花园石桥路证券营业部,279074745.39,2.53,,,279074745.39,0,有价格涨跌幅限制的日收盘价格跌幅达到15%的前五只证券
20260730,688498.SH,沪股通专用,,,606629493.0,5.49,-606629493.0,1,有价格涨跌幅限制的日收盘价格跌幅达到15%的前五只证券
20260730,688498.SH,机构专用,,,584319401.51,5.29,-584319401.51,1,有价格涨跌幅限制的日收盘价格跌幅达到15%的前五只证券
20260730,688498.SH,机构专用,,,542088273.53,4.91,-542088273.53,1,有价格涨跌幅限制的日收盘价格跌幅达到15%的前五只证券
20260730,688498.SH,机构专用,,,515591541.79,4.67,-515591541.79,1,有价格涨跌幅限制的日收盘价格跌幅达到15%的前五只证券
20260730,688498.SH,机构专用,,,440569980.17,3.99,-440569980.17,1,有价格涨跌幅限制的日收盘价格跌幅达到15%的前五只证券
20260730,688663.SH,沪股通专用,58018885.98,10.45,,,58018885.98,0,有价格涨跌幅限制的日收盘价格跌幅达到15%的前五只证券
20260730,688663.SH,机构专用,45187494.99,8.14,,,45187494.99,0,有价格涨跌幅限制的日收盘价格跌幅达到15%的前五只证券
20260730,688663.SH,广发证券股份有限公司深圳福华一路证券营业部,14135152.85,2.55,,,14135152.85,0,有价格涨跌幅限制的日收盘价格跌幅达到15%的前五只证券
20260730,688663.SH,中信证券股份有限公司上海分公司,12056937.74,2.17,,,12056937.74,0,有价格涨跌幅限制的日收盘价格跌幅达到15%的前五只证券
20260730,688663.SH,高盛(中国)证券有限责任公司上海浦东新区世纪大道证券营业部,11298932.27,2.04,,,11298932.27,0,有价格涨跌幅限制的日收盘价格跌幅达到15%的前五只证券
20260730,688663.SH,沪股通专用,,,63182663.07,11.38,-63182663.07,1,有价格涨跌幅限制的日收盘价格跌幅达到15%的前五只证券
20260730,688663.SH,摩根大通证券(中国)有限公司上海银城中路证券营业部,,,19137767.82,3.45,-19137767.82,1,有价格涨跌幅限制的日收盘价格跌幅达到15%的前五只证券
20260730,688663.SH,华西证券股份有限公司上海延安西路证券营业部,,,18134114.89,3.27,-18134114.89,1,有价格涨跌幅限制的日收盘价格跌幅达到15%的前五只证券
20260730,688663.SH,高盛(中国)证券有限责任公司上海浦东新区世纪大道证券营业部,,,18066504.12,3.26,-18066504.12,1,有价格涨跌幅限制的日收盘价格跌幅达到15%的前五只证券
20260730,688663.SH,国海证券股份有限公司山东分公司,,,17515952.56,3.16,-17515952.56,1,有价格涨跌幅限制的日收盘价格跌幅达到15%的前五只证券
20260730,688806.SH,东吴证券股份有限公司昆山环城北路证券营业部,12135111.55,2.61,,,12135111.55,0,有价格涨跌幅限制的日换手率达到30%的前五只证券
20260730,688806.SH,高盛(中国)证券有限责任公司上海浦东新区世纪大道证券营业部,8071574.11,1.74,,,8071574.11,0,有价格涨跌幅限制的日换手率达到30%的前五只证券
20260730,688806.SH,万联证券股份有限公司重庆金开大道证券营业部,7958756.63,1.71,,,7958756.63,0,有价格涨跌幅限制的日换手率达到30%的前五只证券
20260730,688806.SH,国泰海通证券股份有限公司总部,6636662.74,1.43,,,6636662.74,0,有价格涨跌幅限制的日换手率达到30%的前五只证券
20260730,688806.SH,东方财富证券股份有限公司拉萨东环路第二证券营业部,6584628.62,1.42,,,6584628.62,0,有价格涨跌幅限制的日换手率达到30%的前五只证券
20260730,688806.SH,中信证券股份有限公司深圳深南中路中信大厦证券营业部,,,15700574.47,3.38,-15700574.47,1,有价格涨跌幅限制的日换手率达到30%的前五只证券
20260730,688806.SH,国泰海通证券股份有限公司总部,,,13585361.4,2.92,-13585361.4,1,有价格涨跌幅限制的日换手率达到30%的前五只证券
20260730,688806.SH,高盛(中国)证券有限责任公司上海浦东新区世纪大道证券营业部,,,12690817.19,2.73,-12690817.19,1,有价格涨跌幅限制的日换手率达到30%的前五只证券
20260730,688806.SH,中信证券股份有限公司上海分公司,,,9905174.78,2.13,-9905174.78,1,有价格涨跌幅限制的日换手率达到30%的前五只证券
20260730,688806.SH,招商证券股份有限公司深圳益田路免税商务大厦证券营业部,,,8246129.06,1.78,-8246129.06,1,有价格涨跌幅限制的日换手率达到30%的前五只证券
20260730,900916.SH,华泰证券股份有限公司宜昌西陵一路证券营业部,334471.6,32.83,,,334471.6,0,有价格涨跌幅限制的日收盘价格涨幅偏离值达到7%的前五只证券
20260730,900916.SH,东兴证券股份有限公司福清景观大道证券营业部,215493.6,21.15,,,215493.6,0,有价格涨跌幅限制的日收盘价格涨幅偏离值达到7%的前五只证券
20260730,900916.SH,招商证券股份有限公司北京车公庄西路证券营业部,78780.0,7.73,,,78780.0,0,有价格涨跌幅限制的日收盘价格涨幅偏离值达到7%的前五只证券
20260730,900916.SH,广发证券股份有限公司南通工农南路证券营业部,71669.6,7.03,,,71669.6,0,有价格涨跌幅限制的日收盘价格涨幅偏离值达到7%的前五只证券
20260730,900916.SH,中国银河证券股份有限公司广州天河北路证券营业部,43955.2,4.31,,,43955.2,0,有价格涨跌幅限制的日收盘价格涨幅偏离值达到7%的前五只证券
20260730,900916.SH,中银国际证券股份有限公司郑州花园路证券营业部,,,166448.0,16.34,-166448.0,1,有价格涨跌幅限制的日收盘价格涨幅偏离值达到7%的前五只证券
20260730,900916.SH,华泰证券股份有限公司上海浦东新区世纪大道证券营业部,,,64842.0,6.36,-64842.0,1,有价格涨跌幅限制的日收盘价格涨幅偏离值达到7%的前五只证券
20260730,900916.SH,方正证券股份有限公司长沙黄兴中路证券营业部,,,48480.0,4.76,-48480.0,1,有价格涨跌幅限制的日收盘价格涨幅偏离值达到7%的前五只证券
20260730,900916.SH,广发证券股份有限公司江门新会知政中路证券营业部,,,40925.2,4.02,-40925.2,1,有价格涨跌幅限制的日收盘价格涨幅偏离值达到7%的前五只证券
20260730,900916.SH,申万宏源证券有限公司宁波分公司,,,35794.4,3.51,-35794.4,1,有价格涨跌幅限制的日收盘价格涨幅偏离值达到7%的前五只证券
20260730,920065.BJ,东方财富证券股份有限公司拉萨团结路第一证券营业部,6797770.73,1.54,4321244.73,0.98,2476526.0,0,当日收盘价跌幅达到-20%的前5只股票
20260730,920065.BJ,东方财富证券股份有限公司拉萨团结路第一证券营业部,6797770.73,1.54,4321244.73,0.98,2476526.0,0,当日换手率达到20%的前5只股票
20260730,920065.BJ,东方财富证券股份有限公司拉萨团结路第二证券营业部,5572778.22,1.26,3712814.24,0.84,1859963.98,0,当日收盘价跌幅达到-20%的前5只股票
20260730,920065.BJ,东方财富证券股份有限公司拉萨团结路第二证券营业部,5572778.22,1.26,3712814.24,0.84,1859963.98,0,当日换手率达到20%的前5只股票
20260730,920065.BJ,东方财富证券股份有限公司拉萨东环路第一证券营业部,5060728.01,1.15,4520426.14,1.02,540301.87,0,当日收盘价跌幅达到-20%的前5只股票
20260730,920065.BJ,东方财富证券股份有限公司拉萨东环路第一证券营业部,5060728.01,1.15,4520426.14,1.02,540301.87,0,当日换手率达到20%的前5只股票
20260730,920065.BJ,东方财富证券股份有限公司拉萨金融城南环路证券营业部,4203102.68,0.95,9582653.09,2.17,-5379550.41,0,当日收盘价跌幅达到-20%的前5只股票
20260730,920065.BJ,东方财富证券股份有限公司拉萨金融城南环路证券营业部,4203102.68,0.95,9582653.09,2.17,-5379550.41,0,当日换手率达到20%的前5只股票
20260730,920065.BJ,东方财富证券股份有限公司拉萨东环路第二证券营业部,4201261.84,0.95,4368019.61,0.99,-166757.77,0,当日收盘价跌幅达到-20%的前5只股票
20260730,920065.BJ,东方财富证券股份有限公司拉萨东环路第二证券营业部,4201261.84,0.95,4368019.61,0.99,-166757.77,0,当日换手率达到20%的前5只股票
20260730,920065.BJ,东方财富证券股份有限公司拉萨金融城南环路证券营业部,4203102.68,0.95,9582653.09,2.17,-5379550.41,1,当日收盘价跌幅达到-20%的前5只股票
20260730,920065.BJ,东方财富证券股份有限公司拉萨金融城南环路证券营业部,4203102.68,0.95,9582653.09,2.17,-5379550.41,1,当日换手率达到20%的前5只股票
20260730,920065.BJ,东方证券股份有限公司济南华信路证券营业部,211033.1,0.05,5669167.62,1.28,-5458134.52,1,当日收盘价跌幅达到-20%的前5只股票
20260730,920065.BJ,东方证券股份有限公司济南华信路证券营业部,211033.1,0.05,5669167.62,1.28,-5458134.52,1,当日换手率达到20%的前5只股票
20260730,920065.BJ,招商证券股份有限公司深圳中心路证券营业部,36924.0,0.01,4851899.36,1.1,-4814975.36,1,当日收盘价跌幅达到-20%的前5只股票
20260730,920065.BJ,招商证券股份有限公司深圳中心路证券营业部,36924.0,0.01,4851899.36,1.1,-4814975.36,1,当日换手率达到20%的前5只股票
20260730,920065.BJ,东方财富证券股份有限公司拉萨东环路第一证券营业部,5060728.01,1.15,4520426.14,1.02,540301.87,1,当日收盘价跌幅达到-20%的前5只股票
20260730,920065.BJ,东方财富证券股份有限公司拉萨东环路第一证券营业部,5060728.01,1.15,4520426.14,1.02,540301.87,1,当日换手率达到20%的前5只股票
20260730,920065.BJ,东兴证券股份有限公司泉州丰泽街证券营业部,42071.67,0.01,4392766.22,1.0,-4350694.55,1,当日收盘价跌幅达到-20%的前5只股票
20260730,920065.BJ,东兴证券股份有限公司泉州丰泽街证券营业部,42071.67,0.01,4392766.22,1.0,-4350694.55,1,当日换手率达到20%的前5只股票
20260730,920117.BJ,中信建投证券股份有限公司上海营口路证券营业部,3789804.52,2.22,2412280.53,1.41,1377523.99,0,当日换手率达到20%的前5只股票
20260730,920117.BJ,中航证券有限公司杭州营业部,2511043.07,1.47,0.0,0.0,2511043.07,0,当日换手率达到20%的前5只股票
20260730,920117.BJ,金融街证券股份有限公司上海第一分公司,2332490.86,1.37,0.0,0.0,2332490.86,0,当日换手率达到20%的前5只股票
20260730,920117.BJ,华龙证券股份有限公司乌鲁木齐红山路证券营业部,2001087.33,1.17,0.0,0.0,2001087.33,0,当日换手率达到20%的前5只股票
20260730,920117.BJ,东吴证券股份有限公司昆山前进中路证券营业部,1917507.75,1.12,56428.0,0.03,1861079.75,0,当日换手率达到20%的前5只股票
20260730,920117.BJ,东方财富证券股份有限公司拉萨东环路第一证券营业部,1615503.67,0.95,4640566.84,2.72,-3025063.17,1,当日换手率达到20%的前5只股票
20260730,920117.BJ,国金证券股份有限公司深圳分公司,394977.65,0.23,4150661.54,2.43,-3755683.89,1,当日换手率达到20%的前5只股票
20260730,920117.BJ,机构专用,1206752.9,0.71,3599541.1,2.11,-2392788.2,1,当日换手率达到20%的前5只股票
20260730,920117.BJ,中信建投证券股份有限公司北京东城分公司,522985.8,0.31,3543542.33,2.08,-3020556.53,1,当日换手率达到20%的前5只股票
20260730,920117.BJ,国信证券股份有限公司深圳红岭中路证券营业部,898334.37,0.53,3529735.98,2.07,-2631401.61,1,当日换手率达到20%的前5只股票
20260730,920176.BJ,东方财富证券股份有限公司拉萨团结路第二证券营业部,6078755.48,1.6,3573865.44,0.94,2504890.04,0,当日换手率达到20%的前5只股票
20260730,920176.BJ,东方财富证券股份有限公司拉萨东环路第二证券营业部,5148755.07,1.36,2857690.94,0.75,2291064.13,0,当日换手率达到20%的前5只股票
20260730,920176.BJ,国金证券股份有限公司深圳分公司,3993717.62,1.05,9112731.82,2.4,-5119014.2,0,当日换手率达到20%的前5只股票
20260730,920176.BJ,东方财富证券股份有限公司拉萨团结路第一证券营业部,3178923.42,0.84,2983497.43,0.79,195425.99,0,当日换手率达到20%的前5只股票
20260730,920176.BJ,东方财富证券股份有限公司拉萨金融城南环路证券营业部,3007527.68,0.79,2983835.47,0.79,23692.21,0,当日换手率达到20%的前5只股票
20260730,920176.BJ,国金证券股份有限公司深圳分公司,3993717.62,1.05,9112731.82,2.4,-5119014.2,1,当日换手率达到20%的前5只股票
20260730,920176.BJ,国信证券股份有限公司福建分公司,0.0,0.0,8741995.08,2.3,-8741995.08,1,当日换手率达到20%的前5只股票
20260730,920176.BJ,联储证券股份有限公司宁波分公司,0.0,0.0,7122702.68,1.88,-7122702.68,1,当日换手率达到20%的前5只股票
20260730,920176.BJ,国泰海通证券股份有限公司深圳益田路营业部,0.0,0.0,5256084.07,1.39,-5256084.07,1,当日换手率达到20%的前5只股票
20260730,920176.BJ,中信证券(山东)有限责任公司泰安长城路证券营业部,0.0,0.0,4488092.12,1.18,-4488092.12,1,当日换手率达到20%的前5只股票
20260730,920222.BJ,国信证券股份有限公司深圳互联网分公司,10186055.62,9.0,348959.84,0.31,9837095.78,0,当日换手率达到20%的前5只股票
20260730,920222.BJ,广发证券股份有限公司天津西康路营业部,2409600.0,2.13,0.0,0.0,2409600.0,0,当日换手率达到20%的前5只股票
20260730,920222.BJ,广发证券股份有限公司大庆经三街营业部,1832715.67,1.62,444206.96,0.39,1388508.71,0,当日换手率达到20%的前5只股票
20260730,920222.BJ,机构专用,1670433.09,1.48,109530.0,0.1,1560903.09,0,当日换手率达到20%的前5只股票
20260730,920222.BJ,机构专用,1637754.73,1.45,134141.88,0.12,1503612.85,0,当日换手率达到20%的前5只股票
20260730,920222.BJ,申万宏源证券有限公司浙江杭州莫干山路营业部,0.0,0.0,1963988.7,1.74,-1963988.7,1,当日换手率达到20%的前5只股票
20260730,920222.BJ,浙商证券股份有限公司哈尔滨分公司,0.0,0.0,1929862.45,1.71,-1929862.45,1,当日换手率达到20%的前5只股票
20260730,920222.BJ,华泰证券股份有限公司无锡解放西路证券营业部,166910.12,0.15,1765015.94,1.56,-1598105.82,1,当日换手率达到20%的前5只股票
20260730,920222.BJ,东方财富证券股份有限公司拉萨团结路第一证券营业部,395389.56,0.35,1581483.87,1.4,-1186094.31,1,当日换手率达到20%的前5只股票
20260730,920222.BJ,东方财富证券股份有限公司拉萨东环路第二证券营业部,1327237.37,1.17,1421514.8,1.26,-94277.43,1,当日换手率达到20%的前5只股票
20260730,920238.BJ,东方财富证券股份有限公司拉萨团结路第二证券营业部,10064175.56,2.13,6476439.09,1.37,3587736.47,0,当日换手率达到20%的前5只股票
20260730,920238.BJ,西南证券股份有限公司上海田林东路证券营业部,9100616.82,1.93,18597.0,0.0,9082019.82,0,当日换手率达到20%的前5只股票
20260730,920238.BJ,东吴证券股份有限公司上海浦东新区银城中路二部营业部,8466107.06,1.79,0.0,0.0,8466107.06,0,当日换手率达到20%的前5只股票
20260730,920238.BJ,民生证券股份有限公司河南分公司,8413260.7,1.78,3043653.24,0.64,5369607.46,0,当日换手率达到20%的前5只股票
20260730,920238.BJ,中国银河证券股份有限公司许昌文峰路证券营业部,6659300.14,1.41,0.0,0.0,6659300.14,0,当日换手率达到20%的前5只股票
20260730,920238.BJ,国金证券股份有限公司深圳分公司,13732.6,0.0,9850653.18,2.09,-9836920.58,1,当日换手率达到20%的前5只股票
20260730,920238.BJ,东方财富证券股份有限公司拉萨江苏东路证券营业部,501958.02,0.11,7675209.87,1.63,-7173251.85,1,当日换手率达到20%的前5只股票
20260730,920238.BJ,东方财富证券股份有限公司拉萨团结路第二证券营业部,10064175.56,2.13,6476439.09,1.37,3587736.47,1,当日换手率达到20%的前5只股票
20260730,920238.BJ,国信证券股份有限公司深圳红岭中路证券营业部,2375115.24,0.5,5971253.43,1.26,-3596138.19,1,当日换手率达到20%的前5只股票
20260730,920238.BJ,东方财富证券股份有限公司拉萨东环路第二证券营业部,5597345.04,1.19,5457505.8,1.16,139839.24,1,当日换手率达到20%的前5只股票
20260730,920685.BJ,东莞证券股份有限公司常熟东南大道证券营业部,5941286.25,4.06,0.0,0.0,5941286.25,0,当日收盘价涨幅达到20%的前5只股票
20260730,920685.BJ,国盛证券股份有限公司慈溪营业部,5762718.96,3.93,0.0,0.0,5762718.96,0,当日收盘价涨幅达到20%的前5只股票
20260730,920685.BJ,中信证券股份有限公司北京中关村证券营业部,4699084.35,3.21,0.0,0.0,4699084.35,0,当日收盘价涨幅达到20%的前5只股票
20260730,920685.BJ,东方财富证券股份有限公司山南香曲东路证券营业部,4256541.18,2.91,392362.66,0.27,3864178.52,0,当日收盘价涨幅达到20%的前5只股票
20260730,920685.BJ,东海证券股份有限公司厦门嘉禾路证券营业部,4032465.0,2.75,0.0,0.0,4032465.0,0,当日收盘价涨幅达到20%的前5只股票
20260730,920685.BJ,广发证券股份有限公司揭阳揭西营业部,325190.0,0.22,14970610.0,10.22,-14645420.0,1,当日收盘价涨幅达到20%的前5只股票
20260730,920685.BJ,华泰证券股份有限公司南京鱼市街证券营业部,10920.0,0.01,5323886.83,3.64,-5312966.83,1,当日收盘价涨幅达到20%的前5只股票
20260730,920685.BJ,中国银河证券股份有限公司石家庄胜利北街证券营业部,78575.38,0.05,5239326.32,3.58,-5160750.94,1,当日收盘价涨幅达到20%的前5只股票
20260730,920685.BJ,东方证券股份有限公司上海长宁区长宁路证券营业部,0.0,0.0,4046706.51,2.76,-4046706.51,1,当日收盘价涨幅达到20%的前5只股票
20260730,920685.BJ,机构专用,0.0,0.0,3489886.31,2.38,-3489886.31,1,当日收盘价涨幅达到20%的前5只股票
