trade_date,ts_code,name,pct_change,close,net_amount,net_amount_rate,buy_elg_amount,buy_elg_amount_rate,buy_lg_amount,buy_lg_amount_rate,buy_md_amount,buy_md_amount_rate,buy_sm_amount,buy_sm_amount_rate
20260609,300502.SZ,新易盛,8.38,785.73,223561.24,8.34,195815.19,7.31,27746.05,1.04,-223490.0,-8.34,-71.24,0.0
20260609,600487.SH,亨通光电,10.0,105.02,167419.21,9.57,175230.95,10.02,-7811.74,-0.45,-88247.05,-5.04,-79172.14,-4.53
20260609,000063.SZ,中兴通讯,6.33,39.14,137894.0,11.46,84286.85,7.01,53607.14,4.46,-31918.63,-2.65,-105975.37,-8.81
20260609,002384.SZ,东山精密,5.35,224.4,121020.0,7.67,98087.2,6.22,22932.81,1.45,-74672.46,-4.73,-46347.55,-2.94
20260609,600183.SH,生益科技,10.0,147.47,118403.63,11.96,142419.05,14.39,-24015.43,-2.43,-76890.43,-7.77,-41513.2,-4.19
20260609,601869.SH,长飞光纤,10.0,484.33,117988.33,14.57,131882.05,16.29,-13893.72,-1.72,-117948.81,-14.57,-39.52,0.0
20260609,600176.SH,中国巨石,10.01,39.12,111011.47,16.02,112557.9,16.24,-1546.43,-0.22,-63070.6,-9.1,-47940.86,-6.92
20260609,002837.SZ,英维克,10.0,69.72,99273.48,21.58,94031.18,20.44,5242.3,1.14,-42890.67,-9.32,-56382.8,-12.26
20260609,300390.SZ,天华新能,9.82,87.8,95825.1,15.05,53620.37,8.42,42204.73,6.63,-20968.1,-3.29,-74857.0,-11.76
20260609,000636.SZ,风华高科,9.99,61.08,91151.83,9.78,118546.88,12.72,-27395.05,-2.94,-46026.01,-4.94,-45125.82,-4.84
20260609,301669.SZ,N高特,624.58,51.3,89438.6,25.91,41841.98,12.12,47596.61,13.79,62790.93,18.19,-152229.53,-44.1
20260609,002916.SZ,深南电路,7.12,395.96,89136.22,14.21,61278.87,9.77,27857.36,4.44,-42136.2,-6.72,-47000.03,-7.49
20260609,688126.SH,沪硅产业,20.01,31.73,86046.72,13.21,127353.4,19.55,-41306.68,-6.34,-50910.56,-7.81,-35136.16,-5.39
20260609,603986.SH,兆易创新,5.59,500.5,83385.93,4.05,118275.33,5.74,-34889.4,-1.69,-83299.99,-4.05,-85.9,0.0
20260609,300394.SZ,天孚通信,4.42,443.92,80767.45,5.25,77382.19,5.03,3385.27,0.22,-80660.61,-5.24,-106.86,-0.01
20260609,300476.SZ,胜宏科技,8.82,342.55,78134.82,4.69,106486.22,6.39,-28351.4,-1.7,-56680.9,-3.4,-21453.93,-1.29
20260609,688981.SH,中芯国际,4.41,127.3,76579.25,7.97,86448.4,9.0,-9869.15,-1.03,-35217.3,-3.67,-41361.94,-4.31
20260609,600396.SH,华电辽能,10.0,21.23,73063.54,11.95,62186.81,10.17,10876.73,1.78,-43144.91,-7.05,-29918.63,-4.89
20260609,002851.SZ,麦格米特,8.58,161.79,69862.76,10.24,23681.28,3.47,46181.48,6.77,-31773.72,-4.66,-38089.03,-5.58
20260609,601208.SH,东材科技,10.0,59.62,68961.33,12.33,86926.88,15.54,-17965.55,-3.21,-40730.79,-7.28,-28230.55,-5.05
20260609,600330.SH,天通股份,10.01,29.46,61146.34,14.28,60153.73,14.05,992.61,0.23,-35399.14,-8.27,-25747.2,-6.01
20260609,600105.SH,永鼎股份,7.36,56.9,59556.09,6.89,28880.87,3.34,30675.22,3.55,-11153.02,-1.29,-48403.06,-5.6
20260609,600186.SH,莲花控股,10.01,11.54,57959.06,12.73,44423.37,9.76,13535.69,2.97,-18701.67,-4.11,-39257.4,-8.62
20260609,688008.SH,澜起科技,5.39,236.4,57639.58,4.67,50895.17,4.12,6744.42,0.55,-55039.8,-4.46,-2599.78,-0.21
20260609,002129.SZ,TCL中环,9.98,9.81,55823.83,19.22,76542.33,26.36,-20718.51,-7.13,-32329.19,-11.13,-23494.64,-8.09
20260609,600673.SH,东阳光,10.02,34.71,54961.05,17.28,58165.84,18.29,-3204.79,-1.01,-22995.58,-7.23,-31965.47,-10.05
20260609,605358.SH,立昂微,10.0,71.17,54510.54,11.98,67435.14,14.82,-12924.6,-2.84,-24262.05,-5.33,-30248.49,-6.65
20260609,600498.SH,烽火通信,7.98,58.85,52265.72,6.02,53101.71,6.11,-835.99,-0.1,-29106.01,-3.35,-23159.7,-2.67
20260609,300223.SZ,北京君正,7.12,159.89,50311.29,5.68,39233.65,4.43,11077.64,1.25,-30357.13,-3.43,-19954.16,-2.25
20260609,002938.SZ,鹏鼎控股,3.21,115.6,50202.35,7.7,29359.79,4.5,20842.55,3.2,-6153.1,-0.94,-44049.25,-6.76
20260609,000681.SZ,视觉中国,10.0,24.75,49615.09,27.98,46196.77,26.05,3418.32,1.93,-21364.23,-12.05,-28250.86,-15.93
20260609,600703.SH,三安光电,5.17,17.3,49296.14,8.32,33408.99,5.64,15887.16,2.68,-6982.95,-1.18,-42313.2,-7.14
20260609,605376.SH,博迁新材,10.0,190.3,47038.98,19.39,34981.07,14.42,12057.91,4.97,-21984.56,-9.06,-25054.42,-10.33
20260609,001896.SZ,豫能控股,10.0,21.56,47034.11,8.34,60501.47,10.73,-13467.36,-2.39,-31471.62,-5.58,-15562.49,-2.76
20260609,002460.SZ,赣锋锂业,8.25,67.94,46088.92,9.8,30352.03,6.45,15736.89,3.34,-20023.26,-4.26,-26065.66,-5.54
20260609,603688.SH,石英股份,10.0,74.72,45416.33,13.7,46821.2,14.13,-1404.87,-0.42,-20375.18,-6.15,-25041.16,-7.56
20260609,600549.SH,厦门钨业,7.68,63.93,42837.26,7.97,36399.51,6.77,6437.75,1.2,-17743.26,-3.3,-25094.0,-4.67
20260609,688347.SH,华虹宏力,6.36,227.4,40822.94,6.92,40264.47,6.83,558.47,0.09,-39325.13,-6.67,-1497.82,-0.25
20260609,300604.SZ,长川科技,6.15,212.73,40183.59,8.91,9116.38,2.02,31067.21,6.89,-24517.44,-5.44,-15666.16,-3.48
20260609,000100.SZ,TCL科技,4.52,4.86,40109.27,6.87,-2507.23,-0.43,42616.5,7.3,16353.39,2.8,-56462.66,-9.67
20260609,300260.SZ,新莱应材,20.01,73.9,39402.41,13.94,42277.71,14.96,-2875.29,-1.02,-22769.87,-8.06,-16632.55,-5.88
20260609,600584.SH,长电科技,7.1,75.29,39306.59,3.21,10474.73,0.85,28831.86,2.35,-23649.95,-1.93,-15656.64,-1.28
20260609,301511.SZ,德福科技,11.15,136.8,38400.63,7.36,35610.24,6.82,2790.38,0.53,-26770.36,-5.13,-11630.27,-2.23
20260609,002240.SZ,盛新锂能,10.0,46.88,37994.58,13.99,27207.36,10.02,10787.22,3.97,-6569.22,-2.42,-31425.36,-11.57
20260609,603256.SH,XD宏和科,10.0,207.34,37982.13,12.08,28027.19,8.91,9954.94,3.17,-14335.61,-4.56,-23646.52,-7.52
20260609,301526.SZ,国际复材,15.38,25.36,36802.88,6.41,38660.53,6.73,-1857.65,-0.32,-20014.21,-3.48,-16788.66,-2.92
20260609,603002.SH,宏昌电子,10.01,16.59,34717.58,28.2,34377.48,27.93,340.11,0.28,-17313.94,-14.07,-17403.64,-14.14
20260609,002484.SZ,江海股份,10.0,91.98,34611.98,6.16,34742.6,6.18,-130.63,-0.02,-29228.85,-5.2,-5383.13,-0.96
20260609,300274.SZ,阳光电源,3.88,152.5,34451.15,3.83,32182.37,3.58,2268.78,0.25,-20734.47,-2.31,-13716.68,-1.53
20260609,300475.SZ,香农芯创,8.9,173.3,34159.63,6.15,7027.14,1.27,27132.49,4.88,-20725.69,-3.73,-13433.94,-2.42
20260609,688012.SH,中微公司,7.37,285.04,33494.62,5.63,20540.41,3.45,12954.2,2.18,-31211.41,-5.25,-2283.2,-0.38
20260609,002491.SZ,通鼎互联,5.98,26.6,33178.55,5.67,14958.86,2.55,18219.69,3.11,-1641.99,-0.28,-31536.56,-5.39
20260609,601288.SH,农业银行,0.46,6.6,32416.61,10.21,32471.18,10.23,-54.57,-0.02,-19520.09,-6.15,-12896.52,-4.06
20260609,600345.SH,长江通信,10.0,58.85,30833.82,21.55,35453.83,24.78,-4620.01,-3.23,-18742.4,-13.1,-12091.42,-8.45
20260609,002466.SZ,天齐锂业,6.78,60.01,30580.12,7.11,14583.32,3.39,15996.8,3.72,-21359.82,-4.97,-9220.29,-2.14
20260609,688627.SH,精智达,8.95,408.68,30551.81,10.2,24048.12,8.03,6503.69,2.17,-29913.41,-9.99,-638.4,-0.21
20260609,688766.SH,普冉股份,9.66,409.02,30550.84,11.38,20766.17,7.73,9784.66,3.64,-29957.9,-11.16,-592.94,-0.22
20260609,603663.SH,三祥新材,10.01,69.8,29835.85,16.92,19953.66,11.31,9882.19,5.6,-13667.88,-7.75,-16167.97,-9.17
20260609,688146.SH,中船特气,-0.54,250.82,29650.92,6.64,28636.33,6.41,1014.6,0.23,-28368.54,-6.35,-1282.39,-0.29
20260609,300607.SZ,拓斯达,7.76,37.2,29555.91,10.79,11768.49,4.3,17787.42,6.49,3546.19,1.29,-33102.1,-12.08
20260609,600110.SH,诺德股份,9.96,11.81,29129.6,24.53,30852.14,25.98,-1722.55,-1.45,-14782.61,-12.45,-14346.98,-12.08
20260609,301013.SZ,利和兴,20.0,60.97,28776.35,9.98,20768.35,7.2,8008.0,2.78,-16652.23,-5.77,-12124.12,-4.2
20260609,301377.SZ,鼎泰高科,3.45,439.3,28246.91,11.68,15184.34,6.28,13062.57,5.4,-28221.78,-11.67,-25.13,-0.01
20260609,600111.SH,北方稀土,3.32,48.54,28050.25,6.04,22036.88,4.75,6013.37,1.3,-17196.48,-3.71,-10853.77,-2.34
20260609,300433.SZ,蓝思科技,5.02,44.78,27284.47,3.02,20694.87,2.29,6589.6,0.73,-21006.8,-2.32,-6277.68,-0.69
20260609,000831.SZ,中国稀土,7.33,55.52,27164.09,7.55,17757.11,4.94,9406.98,2.62,-17080.76,-4.75,-10083.33,-2.8
20260609,601318.SH,中国平安,1.03,53.93,27069.45,7.1,27454.34,7.2,-384.89,-0.1,-30754.07,-8.07,3684.62,0.97
20260609,300548.SZ,长芯博创,12.13,238.83,27031.15,4.84,29957.91,5.36,-2926.76,-0.52,-30720.9,-5.5,3689.75,0.66
20260609,300346.SZ,南大光电,9.65,62.71,26736.25,3.91,22612.03,3.3,4124.22,0.6,-19392.79,-2.83,-7343.46,-1.07
20260609,605006.SH,山东玻纤,9.99,19.15,26675.88,38.51,27434.57,39.6,-758.69,-1.1,-11608.74,-16.76,-15067.13,-21.75
20260609,002080.SZ,中材科技,10.0,64.68,25958.99,9.06,16190.26,5.65,9768.73,3.41,-16203.37,-5.65,-9755.63,-3.4
20260609,300088.SZ,长信科技,5.95,8.55,25890.58,8.84,19345.73,6.6,6544.85,2.23,530.02,0.18,-26420.6,-9.02
20260609,688403.SH,汇成股份,6.58,23.96,25780.51,13.08,10822.42,5.49,14958.09,7.59,-11528.77,-5.85,-14251.74,-7.23
20260609,301123.SZ,奕东电子,5.25,103.0,25484.87,11.9,15350.73,7.17,10134.13,4.73,-2660.03,-1.24,-22824.84,-10.66
20260609,300570.SZ,太辰光,18.07,181.71,25443.89,3.58,45456.49,6.4,-20012.61,-2.82,-34300.91,-4.83,8857.02,1.25
20260609,000158.SZ,常山北明,9.99,15.3,25343.02,46.33,27740.71,50.71,-2397.69,-4.38,-10433.57,-19.07,-14909.45,-27.26
20260609,300145.SZ,南方泵业,11.95,5.62,24780.24,15.55,14968.95,9.39,9811.29,6.16,-6822.91,-4.28,-17957.33,-11.27
20260609,688234.SH,天岳先进,12.62,137.06,24622.23,10.99,15856.15,7.08,8766.08,3.91,-15027.91,-6.71,-9594.32,-4.28
20260609,300083.SZ,创世纪,7.41,11.01,24595.16,15.47,14911.75,9.38,9683.41,6.09,-7544.97,-4.75,-17050.19,-10.73
20260609,001696.SZ,宗申动力,10.03,17.55,24505.57,20.6,26709.5,22.45,-2203.93,-1.85,-11044.72,-9.29,-13460.85,-11.32
20260609,002475.SZ,立讯精密,4.84,69.34,24491.93,2.12,37009.93,3.2,-12518.0,-1.08,-16776.65,-1.45,-7715.28,-0.67
20260609,300373.SZ,扬杰科技,14.21,107.88,24088.34,8.68,7306.14,2.63,16782.2,6.05,-6119.5,-2.21,-17968.84,-6.47
20260609,002263.SZ,大东南,10.11,4.03,23592.74,43.6,26172.25,48.36,-2579.52,-4.77,-12352.34,-22.83,-11240.4,-20.77
20260609,002747.SZ,埃斯顿,9.99,37.53,23326.0,8.4,29641.92,10.67,-6315.92,-2.27,-10931.79,-3.94,-12394.21,-4.46
20260609,002600.SZ,领益智造,3.63,14.86,23282.64,8.54,9783.87,3.59,13498.77,4.95,-11044.93,-4.05,-12237.71,-4.49
20260609,000630.SZ,铜陵有色,5.4,6.25,23111.36,8.46,18386.08,6.73,4725.28,1.73,-9958.45,-3.64,-13152.91,-4.81
20260609,601138.SH,工业富联,6.04,74.74,22884.29,1.55,10662.96,0.72,12221.33,0.83,-11613.62,-0.79,-11270.66,-0.76
20260609,002583.SZ,海能达,9.95,9.39,22833.69,41.63,20699.75,37.74,2133.94,3.89,-9461.11,-17.25,-13372.58,-24.38
20260609,688783.SH,西安奕材-U,20.01,41.33,22800.42,16.53,29956.05,21.71,-7155.64,-5.19,-13010.18,-9.43,-9790.24,-7.1
20260609,002428.SZ,云南锗业,7.67,84.67,22195.05,4.01,33580.1,6.07,-11385.05,-2.06,-14861.39,-2.69,-7333.66,-1.33
20260609,002167.SZ,东方锆业,9.02,13.9,22190.95,14.7,19384.84,12.84,2806.12,1.86,-12304.69,-8.15,-9886.27,-6.55
20260609,300821.SZ,东岳硅材,9.36,17.65,22140.52,11.66,5910.33,3.11,16230.19,8.55,2230.47,1.17,-24370.99,-12.84
20260609,001309.SZ,德明利,6.4,625.74,21860.82,3.34,42939.85,6.56,-21079.03,-3.22,-21836.63,-3.34,-24.19,0.0
20260609,688082.SH,盛美上海,7.43,263.86,21547.09,7.73,16909.04,6.07,4638.05,1.66,-20353.75,-7.3,-1193.34,-0.43
20260609,000021.SZ,深科技,6.14,37.54,21486.61,5.21,18428.14,4.47,3058.47,0.74,-5023.79,-1.22,-16462.82,-4.0
20260609,688400.SH,凌云光,1.02,61.36,21317.43,10.28,9694.66,4.67,11622.77,5.6,-6808.17,-3.28,-14509.25,-6.99
20260609,301128.SZ,强瑞技术,8.31,165.89,21287.69,9.75,3696.82,1.69,17590.87,8.06,3360.59,1.54,-24648.28,-11.29
20260609,002585.SZ,双星新材,10.01,12.2,21262.01,14.14,20310.2,13.51,951.8,0.63,-9267.45,-6.16,-11994.56,-7.98
20260609,688521.SH,芯原股份,6.82,227.52,20942.76,4.95,-5535.47,-1.31,26478.23,6.26,-19321.89,-4.57,-1620.87,-0.38
20260609,301486.SZ,致尚科技,6.58,226.23,20868.95,14.6,15241.82,10.66,5627.14,3.94,-10924.54,-7.64,-9944.41,-6.96
20260609,688268.SH,华特气体,3.45,189.33,20715.74,8.72,14895.63,6.27,5820.11,2.45,-3710.71,-1.56,-17005.03,-7.16
20260609,002192.SZ,融捷股份,6.46,78.89,20687.68,11.01,9856.42,5.25,10831.26,5.77,-4612.17,-2.46,-16075.52,-8.56
20260609,688072.SH,拓荆科技,5.02,597.0,20355.02,4.76,31522.4,7.37,-11167.38,-2.61,-19968.46,-4.67,-386.57,-0.09
20260609,002859.SZ,洁美科技,10.0,88.33,19938.53,6.48,10524.37,3.42,9414.16,3.06,-4310.8,-1.4,-15627.73,-5.08
20260609,600596.SH,新安股份,10.01,14.94,19663.44,18.41,14051.43,13.15,5612.01,5.25,-4929.4,-4.61,-14734.04,-13.79
20260609,688668.SH,鼎通科技,8.92,426.71,19632.31,5.98,18297.21,5.57,1335.11,0.41,-19096.26,-5.82,-536.05,-0.16
20260609,300221.SZ,银禧科技,19.99,16.93,19548.02,11.24,22948.88,13.2,-3400.86,-1.96,-13666.32,-7.86,-5881.69,-3.38
20260609,301217.SZ,铜冠铜箔,8.54,122.76,19456.6,4.45,11708.73,2.68,7747.87,1.77,-8174.29,-1.87,-11282.3,-2.58
20260609,603039.SH,泛微网络,10.01,45.27,19393.84,16.84,22722.22,19.73,-3328.38,-2.89,-10441.72,-9.07,-8952.13,-7.77
20260609,000833.SZ,粤桂股份,3.59,24.53,19301.46,9.5,-803.09,-0.4,20104.54,9.9,1025.92,0.51,-20327.38,-10.01
20260609,605111.SH,新洁能,10.01,61.99,19113.15,15.05,13873.43,10.92,5239.72,4.13,-9419.63,-7.42,-9693.52,-7.63
20260609,600458.SH,时代新材,10.0,15.73,19096.47,15.43,16157.54,13.05,2938.93,2.37,-7102.16,-5.74,-11994.31,-9.69
20260609,002971.SZ,和远气体,9.99,43.59,19072.21,13.41,18444.69,12.96,627.52,0.44,-8813.2,-6.19,-10259.01,-7.21
20260609,002245.SZ,蔚蓝锂芯,8.49,21.59,18879.15,6.52,18806.06,6.49,73.09,0.03,-3564.49,-1.23,-15314.65,-5.29
20260609,000670.SZ,盈方微,9.97,10.04,18772.95,10.65,22435.34,12.72,-3662.39,-2.08,-5990.59,-3.4,-12782.36,-7.25
20260609,300757.SZ,罗博特科,2.96,627.01,18646.24,5.35,6288.1,1.8,12358.14,3.54,-18629.16,-5.34,-17.08,0.0
20260609,000823.SZ,超声电子,8.84,18.6,18467.52,9.54,14286.61,7.38,4180.91,2.16,-7536.97,-3.89,-10930.55,-5.64
20260609,300814.SZ,中富电路,10.51,172.37,18429.49,8.99,13402.85,6.53,5026.64,2.45,455.27,0.22,-18884.76,-9.21
20260609,001203.SZ,大中矿业,8.31,40.03,18405.38,13.61,12496.22,9.24,5909.16,4.37,-6587.05,-4.87,-11818.33,-8.74
20260609,300316.SZ,晶盛机电,16.15,53.15,18111.85,7.24,1250.64,0.5,16861.21,6.74,-13510.65,-5.4,-4601.2,-1.84
20260609,300726.SZ,宏达电子,3.82,70.69,17955.6,8.2,3688.97,1.68,14266.63,6.52,-2844.36,-1.3,-15111.24,-6.9
20260609,688556.SH,高测股份,16.17,12.07,17822.55,18.23,14353.29,14.68,3469.26,3.55,-8269.83,-8.46,-9552.71,-9.77
20260609,603005.SH,晶方科技,3.63,46.79,17694.37,3.84,5732.71,1.24,11961.66,2.6,-1933.29,-0.42,-15761.08,-3.42
20260609,301308.SZ,江波龙,6.1,514.65,17645.04,2.86,11081.61,1.8,6563.43,1.06,-17617.29,-2.86,-27.75,0.0
20260609,002048.SZ,宁波华翔,10.0,29.25,17539.24,13.11,14160.22,10.59,3379.03,2.53,-4730.72,-3.54,-12808.53,-9.58
20260609,300454.SZ,深信服,2.92,106.88,17447.7,10.79,9826.77,6.08,7620.93,4.71,-5732.88,-3.55,-11714.81,-7.25
20260609,300398.SZ,飞凯材料,11.55,44.34,17404.51,4.75,6122.22,1.67,11282.28,3.08,4712.78,1.29,-22117.29,-6.03
20260609,000688.SZ,国城矿业,9.24,42.1,17362.82,14.13,9172.07,7.46,8190.75,6.66,-7631.11,-6.21,-9731.7,-7.92
20260609,688102.SH,斯瑞新材,8.66,39.26,17062.27,15.26,6855.71,6.13,10206.56,9.13,-3594.42,-3.21,-13467.85,-12.04
20260609,002669.SZ,康达新材,9.99,17.39,17037.5,50.44,21950.53,64.99,-4913.02,-14.55,-9483.64,-28.08,-7553.87,-22.36
20260609,600114.SH,东睦股份,5.38,42.08,16983.92,7.79,16843.26,7.72,140.66,0.06,-1856.97,-0.85,-15126.95,-6.94
20260609,002850.SZ,科达利,-0.04,183.1,16979.51,12.11,9525.5,6.79,7454.02,5.32,-5215.28,-3.72,-11764.24,-8.39
20260609,300593.SZ,新雷能,19.99,37.64,16950.08,9.0,21266.82,11.29,-4316.74,-2.29,-12827.8,-6.81,-4122.28,-2.19
20260609,002364.SZ,中恒电气,5.21,55.14,16918.08,6.06,11623.13,4.16,5294.95,1.9,4079.66,1.46,-20997.74,-7.52
20260609,688120.SH,华海清科,6.2,255.2,16850.51,8.05,11097.22,5.3,5753.28,2.75,-15972.74,-7.63,-877.77,-0.42
20260609,688409.SH,富创精密,20.0,164.59,16799.63,7.0,10170.0,4.24,6629.63,2.76,-6401.87,-2.67,-10397.77,-4.33
20260609,688110.SH,东芯股份,7.73,127.66,16622.87,6.16,12940.84,4.8,3682.03,1.37,-9074.48,-3.36,-7548.4,-2.8
20260609,002552.SZ,宝鼎科技,7.09,64.96,16548.71,7.75,3561.04,1.67,12987.67,6.08,6258.47,2.93,-22807.19,-10.68
20260609,688172.SH,燕东微,5.39,64.49,16435.68,11.92,4524.37,3.28,11911.32,8.64,-8777.35,-6.37,-7658.34,-5.55
20260609,002241.SZ,歌尔股份,3.16,23.83,16369.24,6.09,14709.84,5.47,1659.4,0.62,-10501.02,-3.91,-5868.22,-2.18
20260609,600353.SH,旭光电子,6.27,26.09,16349.88,9.45,15105.53,8.73,1244.35,0.72,-1371.82,-0.79,-14978.05,-8.66
20260609,600641.SH,先导基电,10.01,27.03,16276.17,11.28,15996.43,11.09,279.73,0.19,-10805.31,-7.49,-5470.86,-3.79
20260609,688183.SH,生益电子,11.41,124.9,16096.17,4.54,5563.84,1.57,10532.33,2.97,5553.91,1.56,-21650.08,-6.1
20260609,002028.SZ,思源电气,3.22,183.3,16011.39,8.58,10222.93,5.48,5788.46,3.1,-1119.24,-0.6,-14892.14,-7.98
20260609,000657.SZ,中钨高新,4.24,70.8,15979.64,2.86,-2900.2,-0.52,18879.84,3.38,-4999.78,-0.9,-10979.86,-1.97
20260609,300489.SZ,光智科技,7.42,147.88,15960.03,10.53,6912.79,4.56,9047.23,5.97,-3451.76,-2.28,-12508.27,-8.25
20260609,002225.SZ,濮耐股份,10.1,4.58,15923.41,29.87,7880.51,14.78,8042.9,15.09,-742.44,-1.39,-15180.97,-28.48
20260609,688048.SH,长光华芯,8.05,360.88,15827.76,3.55,30802.32,6.9,-14974.57,-3.36,-14047.25,-3.15,-1780.51,-0.4
20260609,688702.SH,盛科通信-U,3.61,261.1,15807.14,11.52,7625.86,5.56,8181.28,5.96,-15169.54,-11.05,-637.6,-0.46
20260609,301205.SZ,联特科技,12.61,347.5,15797.23,4.02,-2759.73,-0.7,18556.96,4.72,-2021.06,-0.51,-13776.17,-3.5
20260609,301611.SZ,珂玛科技,10.78,113.0,15763.52,7.52,8994.75,4.29,6768.77,3.23,-8691.61,-4.15,-7071.9,-3.37
20260609,601231.SH,环旭电子,5.05,40.74,15740.06,8.26,5782.33,3.03,9957.73,5.22,-6389.5,-3.35,-9350.56,-4.91
20260609,688141.SH,杰华特,20.0,103.7,15618.4,8.25,18222.77,9.63,-2604.37,-1.38,-12376.9,-6.54,-3241.5,-1.71
20260609,301269.SZ,华大九天,4.57,99.5,15422.62,9.64,2421.38,1.51,13001.24,8.12,1751.49,1.09,-17174.11,-10.73
20260609,002354.SZ,天娱数科,9.96,8.06,15258.08,4.03,32759.57,8.64,-17501.49,-4.62,-15818.06,-4.17,559.98,0.15
20260609,002046.SZ,国机精工,7.72,65.03,15225.87,5.53,9226.85,3.35,5999.02,2.18,-2698.58,-0.98,-12527.29,-4.55
20260609,001369.SZ,双欣材料,9.98,14.88,15138.6,35.47,16017.02,37.53,-878.42,-2.06,-7595.36,-17.79,-7543.24,-17.67
20260609,688378.SH,奥来德,5.92,52.8,15017.2,16.82,10504.77,11.76,4512.43,5.05,-6112.5,-6.85,-8904.7,-9.97
20260609,603399.SH,永杉锂业,6.6,18.09,14877.94,9.49,8032.74,5.12,6845.2,4.37,2437.9,1.55,-17315.84,-11.04
20260609,601211.SH,国泰海通,0.36,16.51,14762.0,9.05,-8283.35,-5.08,23045.35,14.13,-11047.43,-6.77,-3714.57,-2.28
20260609,688207.SH,格灵深瞳,20.01,20.93,14709.33,15.73,10264.03,10.98,4445.3,4.76,-4805.87,-5.14,-9903.46,-10.59
20260609,600707.SH,彩虹股份,5.87,12.45,14687.52,4.03,6927.89,1.9,7759.63,2.13,-2031.9,-0.56,-12655.63,-3.47
20260609,601991.SH,大唐发电,6.05,7.71,14618.06,2.66,-1683.14,-0.31,16301.2,2.97,1825.26,0.33,-16443.32,-3.0
20260609,002575.SZ,群兴玩具,9.98,6.17,14605.45,38.41,13392.4,35.22,1213.05,3.19,-6090.68,-16.02,-8514.76,-22.4
20260609,600031.SH,三一重工,2.1,19.92,14460.37,5.14,7454.01,2.65,7006.36,2.49,403.59,0.14,-14863.96,-5.28
20260609,603588.SH,高能环境,9.15,14.2,14384.94,12.16,11630.71,9.83,2754.23,2.33,-6151.91,-5.2,-8233.02,-6.96
20260609,600367.SH,红星发展,5.15,55.55,14288.18,4.73,6087.32,2.02,8200.86,2.72,-2256.87,-0.75,-12031.32,-3.99
20260609,000988.SZ,华工科技,4.49,155.53,14253.13,1.43,-8897.89,-0.9,23151.02,2.33,6336.33,0.64,-20589.46,-2.07
20260609,600226.SH,亨通股份,10.07,7.43,14089.81,8.95,21407.0,13.6,-7317.2,-4.65,-3035.57,-1.93,-11054.23,-7.02
20260609,688031.SH,星环科技-U,6.0,140.58,14024.0,8.02,7731.65,4.42,6292.34,3.6,-5345.09,-3.06,-8678.9,-4.96
20260609,688313.SH,仕佳光子,7.78,160.89,13811.89,3.52,10508.0,2.68,3303.88,0.84,-3443.06,-0.88,-10368.83,-2.65
20260609,605589.SH,圣泉集团,10.01,54.64,13808.41,33.52,17290.28,41.97,-3481.87,-8.45,-6844.75,-16.62,-6963.66,-16.9
20260609,300058.SZ,蓝色光标,3.39,15.56,13713.2,3.67,13506.89,3.62,206.32,0.06,-6496.97,-1.74,-7216.24,-1.93
20260609,002254.SZ,泰和新材,10.01,18.79,13694.78,5.1,-869.84,-0.32,14564.62,5.43,-11672.27,-4.35,-2022.52,-0.75
20260609,300285.SZ,国瓷材料,15.26,66.4,13691.19,1.42,210.26,0.02,13480.93,1.4,9657.38,1.0,-23348.57,-2.42
20260609,601636.SH,旗滨集团,6.05,7.19,13612.11,11.06,9149.73,7.43,4462.38,3.63,-1329.49,-1.08,-12282.62,-9.98
20260609,600198.SH,大唐电信,10.01,9.34,13530.6,54.71,14768.89,59.72,-1238.29,-5.01,-5882.05,-23.78,-7648.56,-30.93
20260609,002611.SZ,东方精工,2.27,18.51,13491.5,14.73,6094.46,6.66,7397.04,8.08,-930.39,-1.02,-12561.11,-13.72
20260609,300033.SZ,同花顺,1.81,208.6,13437.84,5.18,11760.0,4.54,1677.85,0.65,-7151.4,-2.76,-6286.44,-2.42
20260609,300576.SZ,容大感光,15.94,46.19,13348.48,6.45,9284.6,4.49,4063.88,1.96,-2131.82,-1.03,-11216.66,-5.42
20260609,002137.SZ,实益达,9.99,10.79,13233.01,25.43,12678.94,24.36,554.07,1.06,-5286.4,-10.16,-7946.61,-15.27
20260609,002051.SZ,中工国际,9.98,12.23,13195.01,20.53,14210.45,22.11,-1015.44,-1.58,-5302.78,-8.25,-7892.23,-12.28
20260609,300627.SZ,华测导航,7.4,30.91,13158.57,19.16,6756.23,9.84,6402.34,9.32,-4162.41,-6.06,-8996.16,-13.1
20260609,002931.SZ,锋龙股份,4.77,68.73,13153.03,5.93,2206.07,0.99,10946.96,4.93,-595.38,-0.27,-12557.64,-5.66
20260609,002217.SZ,合力泰,4.18,2.49,13036.03,17.83,5006.42,6.85,8029.61,10.98,-4742.45,-6.49,-8293.58,-11.34
20260609,002446.SZ,盛路通信,4.92,10.88,12692.47,12.92,3386.38,3.45,9306.09,9.47,-811.16,-0.83,-11881.32,-12.09
20260609,603260.SH,合盛硅业,10.01,39.33,12488.76,21.83,10425.31,18.23,2063.45,3.61,-4445.41,-7.77,-8043.35,-14.06
20260609,300308.SZ,中际旭创,2.17,1180.0,12416.95,0.27,35616.67,0.76,-23199.72,-0.5,-12366.54,-0.26,-50.39,0.0
20260609,002273.SZ,水晶光电,4.47,35.76,12367.3,7.14,7047.13,4.07,5320.17,3.07,-2933.72,-1.69,-9433.59,-5.45
20260609,600010.SH,包钢股份,1.72,2.37,12356.46,10.45,4716.1,3.99,7640.36,6.46,-9548.35,-8.07,-2808.11,-2.37
20260609,603738.SH,泰晶科技,5.04,45.19,12331.23,7.58,5027.83,3.09,7303.4,4.49,437.52,0.27,-12768.75,-7.85
20260609,688205.SH,德科立,10.6,228.21,12288.88,4.81,4767.42,1.87,7521.46,2.94,-11296.4,-4.42,-992.48,-0.39
20260609,002970.SZ,锐明技术,10.01,66.83,12273.92,24.1,12993.1,25.52,-719.18,-1.41,-6237.27,-12.25,-6036.65,-11.86
20260609,300283.SZ,温州宏丰,5.22,18.55,12263.67,7.32,5733.17,3.42,6530.51,3.9,9262.32,5.53,-21526.0,-12.85
20260609,002636.SZ,金安国纪,10.0,70.38,12222.86,12.15,18767.77,18.65,-6544.91,-6.5,-7043.52,-7.0,-5179.34,-5.15
20260609,688300.SH,联瑞新材,5.39,167.54,12147.56,8.26,2887.19,1.96,9260.37,6.3,-791.69,-0.54,-11355.87,-7.73
20260609,300666.SZ,江丰电子,16.18,224.88,12097.66,2.44,13312.88,2.69,-1215.22,-0.25,-17404.88,-3.51,5307.23,1.07
20260609,688083.SH,中望软件,2.2,68.18,11950.23,12.64,4943.24,5.23,7006.99,7.41,-9172.53,-9.7,-2777.7,-2.94
20260609,002515.SZ,金字火腿,10.01,7.36,11809.75,19.17,17435.78,28.3,-5626.04,-9.13,-6674.17,-10.83,-5135.58,-8.34
20260609,688322.SH,奥比中光-W,2.93,148.4,11704.99,2.25,611.88,0.12,11093.1,2.13,-4241.78,-0.82,-7463.21,-1.44
20260609,688257.SH,新锐股份,7.98,113.7,11551.93,6.86,6661.11,3.95,4890.82,2.9,-3080.68,-1.83,-8471.25,-5.03
20260609,603929.SH,亚翔集成,10.0,205.81,11525.68,17.16,16452.97,24.49,-4927.29,-7.33,-8647.78,-12.87,-2877.9,-4.28
20260609,688256.SH,寒武纪,1.57,1270.01,11498.22,0.85,66629.38,4.93,-55131.16,-4.08,-11156.08,-0.83,-342.15,-0.03
20260609,601012.SH,隆基绿能,4.02,12.94,11466.72,5.29,5449.5,2.51,6017.22,2.77,-6310.58,-2.91,-5156.13,-2.38
20260609,601126.SH,四方股份,4.41,70.96,11374.01,6.28,3523.77,1.95,7850.24,4.34,-7870.96,-4.35,-3503.05,-1.94
20260609,600206.SH,XD有研新,6.0,29.31,11308.12,6.8,5973.43,3.59,5334.69,3.21,-700.84,-0.42,-10607.29,-6.38
20260609,688097.SH,博众精工,5.05,68.61,11270.49,13.17,6317.33,7.38,4953.15,5.79,-1220.79,-1.43,-10049.7,-11.74
20260609,000001.SZ,平安银行,0.91,11.13,11205.4,8.77,5894.56,4.62,5310.84,4.16,-7359.67,-5.76,-3845.72,-3.01
20260609,002119.SZ,康强电子,6.57,25.78,11070.06,8.76,6616.23,5.24,4453.82,3.53,-3816.4,-3.02,-7253.66,-5.74
20260609,300655.SZ,晶瑞电材,8.55,14.98,11057.07,10.5,5343.03,5.08,5714.04,5.43,-6198.68,-5.89,-4858.39,-4.61
20260609,001389.SZ,广合科技,7.77,189.25,10895.41,5.9,8146.58,4.41,2748.83,1.49,3202.6,1.74,-14098.02,-7.64
20260609,301171.SZ,易点天下,3.72,41.79,10778.88,3.69,3823.76,1.31,6955.12,2.38,-836.9,-0.29,-9941.98,-3.4
20260609,600887.SH,伊利股份,-0.99,25.12,10766.61,7.31,502.95,0.34,10263.65,6.97,-19397.2,-13.17,8630.6,5.86
20260609,002125.SZ,湘潭电化,7.77,17.07,10719.12,8.5,3982.88,3.16,6736.24,5.34,-3316.3,-2.63,-7402.82,-5.87
20260609,688123.SH,聚辰股份,4.24,126.58,10651.19,11.01,3000.99,3.1,7650.2,7.91,-5261.99,-5.44,-5389.2,-5.57
20260609,002272.SZ,川润股份,8.79,19.93,10647.25,8.52,2885.53,2.31,7761.73,6.21,-2577.06,-2.06,-8070.2,-6.45
20260609,002138.SZ,顺络电子,10.01,61.23,10645.67,1.85,19592.98,3.4,-8947.3,-1.55,1587.14,0.28,-12232.82,-2.13
20260609,301362.SZ,民爆光电,9.19,203.0,10629.3,10.79,289.96,0.29,10339.34,10.49,1424.6,1.45,-12053.9,-12.23
20260609,603211.SH,晋拓股份,10.01,31.43,10626.5,32.61,10848.23,33.29,-221.72,-0.68,-5786.35,-17.76,-4840.15,-14.86
20260609,300747.SZ,锐科激光,4.61,45.15,10552.55,5.46,4670.14,2.42,5882.41,3.05,-730.29,-0.38,-9822.26,-5.08
20260609,300319.SZ,麦捷科技,5.3,24.25,10521.96,2.02,-15972.9,-3.07,26494.86,5.09,13847.24,2.66,-24369.2,-4.68
20260609,688809.SH,强一股份,4.48,487.91,10425.3,9.9,7945.64,7.54,2479.66,2.35,-10280.87,-9.76,-144.43,-0.14
20260609,600601.SH,方正科技,2.74,12.38,10383.56,4.9,8513.57,4.01,1869.99,0.88,692.54,0.33,-11076.1,-5.22
20260609,301428.SZ,世纪恒通,20.01,40.07,10382.51,21.91,12163.09,25.67,-1780.58,-3.76,-4140.38,-8.74,-6242.14,-13.17
20260609,600410.SH,华胜天成,4.62,17.9,10354.46,8.38,6773.05,5.48,3581.41,2.9,689.29,0.56,-11043.75,-8.94
20260609,300001.SZ,特锐德,-0.49,40.7,10329.52,3.0,-3468.1,-1.01,13797.61,4.01,-86.4,-0.03,-10243.11,-2.98
20260609,603067.SH,振华股份,5.45,34.43,10319.61,9.8,3654.8,3.47,6664.81,6.33,-14448.14,-13.72,4128.53,3.92
20260609,300304.SZ,云意电气,11.56,16.7,10279.7,9.1,5896.09,5.22,4383.61,3.88,-3942.63,-3.49,-6337.07,-5.61
20260609,002179.SZ,中航光电,5.12,37.14,10232.26,6.79,2633.54,1.75,7598.72,5.04,542.37,0.36,-10774.64,-7.15
20260609,300482.SZ,万孚生物,15.54,20.45,10066.59,14.8,5038.94,7.41,5027.64,7.39,-2375.7,-3.49,-7690.89,-11.3
20260609,300133.SZ,华策影视,3.93,7.4,10034.78,16.26,4928.11,7.99,5106.66,8.28,-1229.04,-1.99,-8805.74,-14.27
20260609,000811.SZ,冰轮环境,9.99,32.14,10029.38,10.58,8546.4,9.02,1482.98,1.56,3874.94,4.09,-13904.32,-14.67
20260609,600879.SH,航天电子,0.0,21.97,9916.64,2.58,15008.03,3.9,-5091.38,-1.32,-6880.77,-1.79,-3035.87,-0.79
20260609,600276.SH,恒瑞医药,0.96,46.38,9834.65,3.44,9729.34,3.41,105.31,0.04,-7023.73,-2.46,-2810.92,-0.98
20260609,603823.SH,百合花,8.29,35.28,9732.0,8.44,5475.12,4.75,4256.89,3.69,-3175.91,-2.75,-6556.09,-5.68
20260609,603920.SH,世运电路,3.55,59.8,9654.89,5.84,3353.63,2.03,6301.27,3.81,690.99,0.42,-10345.88,-6.26
20260609,002134.SZ,天津普林,10.0,28.59,9552.86,11.97,7852.05,9.84,1700.82,2.13,-3020.78,-3.79,-6532.08,-8.19
20260609,601058.SH,赛轮轮胎,1.53,12.59,9511.73,22.74,3737.49,8.94,5774.24,13.81,-6065.51,-14.5,-3446.22,-8.24
20260609,002756.SZ,永兴材料,8.2,60.54,9473.37,7.75,3872.07,3.17,5601.3,4.58,-270.99,-0.22,-9202.38,-7.53
20260609,301188.SZ,力诺药包,1.79,53.4,9450.61,5.73,-301.56,-0.18,9752.17,5.92,-387.53,-0.24,-9063.08,-5.5
20260609,300831.SZ,ST派瑞,-14.77,17.83,9448.85,9.42,3062.62,3.05,6386.23,6.37,4194.84,4.18,-13643.7,-13.61
20260609,603618.SH,杭电股份,4.96,41.25,9401.61,3.12,13960.73,4.64,-4559.12,-1.51,-7496.86,-2.49,-1904.76,-0.63
20260609,301563.SZ,云汉芯城,6.54,204.77,9378.22,6.88,7035.65,5.16,2342.58,1.72,-8821.87,-6.47,-556.35,-0.41
20260609,688584.SH,上海合晶,17.89,29.12,9355.9,10.87,7010.35,8.15,2345.55,2.73,-3976.13,-4.62,-5379.76,-6.25
20260609,600460.SH,士兰微,8.06,34.72,9354.53,3.33,11722.16,4.17,-2367.62,-0.84,-4586.36,-1.63,-4768.18,-1.7
20260609,300411.SZ,金盾股份,20.05,10.0,9293.02,23.64,5849.07,14.88,3443.95,8.76,-2442.78,-6.22,-6850.24,-17.43
20260609,600500.SH,中化国际,9.98,5.95,9242.39,38.29,12295.66,50.93,-3053.27,-12.65,-5405.87,-22.39,-3836.52,-15.89
20260609,603328.SH,依顿电子,6.31,13.82,9139.91,9.59,5421.57,5.69,3718.34,3.9,-1841.06,-1.93,-7298.85,-7.66
20260609,300762.SZ,上海瀚讯,3.57,36.88,9137.67,7.58,2051.28,1.7,7086.39,5.88,1223.64,1.01,-10361.31,-8.59
20260609,300042.SZ,朗科科技,2.32,65.64,9131.81,5.49,6534.48,3.93,2597.33,1.56,-932.43,-0.56,-8199.38,-4.93
20260609,000037.SZ,深南电A,10.05,11.39,9009.39,21.5,5186.17,12.38,3823.23,9.12,-3301.95,-7.88,-5707.44,-13.62
20260609,003026.SZ,中晶科技,10.01,32.85,8983.64,27.99,8266.97,25.76,716.68,2.23,-4283.54,-13.35,-4700.11,-14.65
20260609,688019.SH,安集科技,7.5,279.26,8974.42,5.61,8426.38,5.27,548.04,0.34,-8409.56,-5.26,-564.86,-0.35
20260609,688498.SH,源杰科技,6.12,1475.0,8946.0,1.0,18971.09,2.11,-10025.09,-1.12,-8650.93,-0.96,-295.06,-0.03
20260609,000048.SZ,京基智农,9.97,16.21,8920.95,19.41,5143.91,11.19,3777.05,8.22,-5118.87,-11.14,-3802.08,-8.27
20260609,300438.SZ,鹏辉能源,2.02,73.1,8866.27,6.35,4126.01,2.96,4740.26,3.4,-7659.32,-5.49,-1206.95,-0.87
20260609,300339.SZ,润和软件,4.22,42.03,8848.78,6.96,900.1,0.71,7948.68,6.25,-3165.61,-2.49,-5683.17,-4.47
20260609,003018.SZ,金富科技,10.0,54.68,8806.51,12.75,5178.69,7.5,3627.81,5.25,-4307.8,-6.24,-4498.7,-6.51
20260609,002815.SZ,崇达技术,6.16,18.26,8636.72,4.44,5067.1,2.61,3569.62,1.84,3260.53,1.68,-11897.24,-6.12
20260609,300525.SZ,博思软件,9.77,9.55,8567.3,18.24,4540.02,9.67,4027.28,8.57,-2468.67,-5.26,-6098.63,-12.98
20260609,688700.SH,东威科技,6.17,90.03,8565.42,7.25,6880.02,5.82,1685.4,1.43,-4258.72,-3.61,-4306.7,-3.65
20260609,600483.SH,福能股份,2.03,12.05,8562.51,16.01,5745.74,10.74,2816.77,5.27,-2614.47,-4.89,-5948.05,-11.12
20260609,688719.SH,爱科赛博,19.18,93.2,8543.84,11.95,3016.78,4.22,5527.07,7.73,-2132.83,-2.98,-6411.01,-8.97
20260609,002057.SZ,中钢天源,10.04,10.74,8531.85,13.75,8500.18,13.7,31.66,0.05,-3115.77,-5.02,-5416.07,-8.73
20260609,601179.SH,中国西电,2.0,14.29,8520.66,5.73,5525.06,3.72,2995.59,2.02,-8846.0,-5.95,325.34,0.22
20260609,000970.SZ,中科三环,4.51,13.2,8517.76,3.12,4014.68,1.47,4503.08,1.65,-1375.1,-0.5,-7142.65,-2.61
20260609,600166.SH,福田汽车,3.36,3.08,8507.23,17.52,4961.02,10.22,3546.21,7.3,-2547.81,-5.25,-5959.42,-12.27
20260609,000333.SZ,美的集团,-0.59,82.36,8439.5,4.64,386.99,0.21,8052.52,4.43,-8718.33,-4.79,278.83,0.15
20260609,301630.SZ,同宇新材,20.0,276.67,8428.83,13.27,7680.13,12.09,748.71,1.18,-4904.35,-7.72,-3524.48,-5.55
20260609,603179.SH,新泉股份,-1.26,52.58,8353.59,5.52,5132.78,3.39,3220.81,2.13,-310.47,-0.21,-8043.12,-5.32
20260609,688559.SH,海目星,0.46,67.47,8288.08,7.06,4814.15,4.1,3473.93,2.96,-1191.09,-1.01,-7096.99,-6.04
20260609,002738.SZ,中矿资源,5.75,57.39,8244.23,3.99,340.97,0.16,7903.25,3.82,-5715.69,-2.76,-2528.53,-1.22
20260609,002842.SZ,翔鹭钨业,3.57,34.26,8239.51,6.65,-271.55,-0.22,8511.06,6.87,556.53,0.45,-8796.04,-7.1
20260609,301029.SZ,怡合达,2.18,30.03,8229.47,11.6,2290.62,3.23,5938.85,8.37,3727.68,5.25,-11957.15,-16.85
20260609,300802.SZ,矩子科技,6.36,25.08,8216.53,14.06,2617.49,4.48,5599.04,9.58,77.01,0.13,-8293.54,-14.19
20260609,688106.SH,金宏气体,7.76,28.34,8171.95,8.07,2686.15,2.65,5485.8,5.42,-2333.59,-2.31,-5838.36,-5.77
20260609,600029.SH,南方航空,1.39,5.11,8169.02,18.98,5160.07,11.99,3008.95,6.99,-2043.65,-4.75,-6125.37,-14.24
20260609,300184.SZ,力源信息,6.27,16.62,8146.36,3.55,-2228.72,-0.97,10375.08,4.53,1801.88,0.79,-9948.24,-4.34
20260609,603938.SH,XD三孚股,4.52,54.53,8122.96,3.27,2826.61,1.14,5296.36,2.13,-2642.97,-1.06,-5480.0,-2.2
20260609,301682.SZ,宏明电子,4.88,172.3,8081.91,9.8,4563.97,5.53,3517.94,4.27,-1193.31,-1.45,-6888.6,-8.35
20260609,002584.SZ,西陇科学,10.06,7.88,8081.5,24.63,6524.65,19.88,1556.85,4.74,-2347.42,-7.15,-5734.08,-17.47
20260609,603163.SH,圣晖集成,10.01,106.54,8046.4,36.86,7435.22,34.06,611.18,2.8,-3772.58,-17.28,-4273.83,-19.58
20260609,688549.SH,中巨芯-U,18.08,22.66,8039.57,2.01,8564.52,2.14,-524.96,-0.13,2917.26,0.73,-10956.82,-2.74
20260609,688478.SH,晶升股份,20.0,65.22,7965.75,15.37,5609.11,10.83,2356.64,4.55,-4020.28,-7.76,-3945.47,-7.61
20260609,300035.SZ,中科电气,6.39,17.48,7940.91,13.02,2434.51,3.99,5506.4,9.03,1573.54,2.58,-9514.44,-15.6
20260609,300328.SZ,宜安科技,1.07,20.86,7911.51,4.87,3298.93,2.03,4612.58,2.84,639.78,0.39,-8551.29,-5.27
20260609,301568.SZ,思泰克,4.99,89.91,7883.18,10.71,3374.45,4.58,4508.72,6.12,1104.37,1.5,-8987.55,-12.21
20260609,002975.SZ,博杰股份,6.59,126.94,7843.81,4.76,6815.15,4.14,1028.66,0.62,-10140.01,-6.16,2296.2,1.39
20260609,300014.SZ,亿纬锂能,4.66,56.86,7726.37,2.47,13304.02,4.25,-5577.65,-1.78,-15714.85,-5.02,7988.48,2.55
20260609,002903.SZ,宇环数控,-2.41,47.0,7689.07,9.96,2971.44,3.85,4717.63,6.11,-2686.17,-3.48,-5002.9,-6.48
20260609,688820.SH,盛合晶微,2.27,169.06,7644.93,1.59,19665.77,4.09,-12020.84,-2.5,-6759.38,-1.41,-885.56,-0.18
20260609,002153.SZ,石基信息,5.48,8.28,7621.12,17.31,4847.86,11.01,2773.26,6.3,196.98,0.45,-7818.1,-17.75
20260609,603268.SH,松发股份,4.94,154.24,7597.4,4.84,5601.67,3.57,1995.73,1.27,2585.17,1.65,-10182.57,-6.49
20260609,603330.SH,天洋新材,10.06,8.53,7550.25,10.58,5458.24,7.65,2092.01,2.93,-2700.58,-3.78,-4849.68,-6.8
20260609,688568.SH,中科星图,3.18,45.4,7505.09,14.62,3058.54,5.96,4446.55,8.66,-3138.78,-6.11,-4366.31,-8.5
20260609,688396.SH,华润微,8.15,67.68,7492.63,3.2,6673.32,2.85,819.31,0.35,-5859.88,-2.5,-1632.75,-0.7
20260609,002353.SZ,杰瑞股份,2.85,151.42,7403.74,2.99,3164.35,1.28,4239.39,1.71,2604.48,1.05,-10008.22,-4.04
20260609,688596.SH,正帆科技,20.01,45.53,7382.92,5.98,5684.1,4.6,1698.82,1.38,-4173.48,-3.38,-3209.44,-2.6
20260609,002378.SZ,章源钨业,1.03,30.41,7365.69,3.61,-343.24,-0.17,7708.93,3.78,6236.4,3.05,-13602.1,-6.66
20260609,300620.SZ,光库科技,3.0,308.65,7348.06,1.31,-900.82,-0.16,8248.88,1.47,6652.16,1.18,-14000.23,-2.49
20260609,601233.SH,桐昆股份,5.8,21.15,7250.43,7.91,7147.73,7.8,102.7,0.11,664.8,0.73,-7915.23,-8.63
20260609,603662.SH,柯力传感,1.79,71.15,7104.49,4.39,6124.98,3.78,979.52,0.61,-1295.72,-0.8,-5808.78,-3.59
20260609,600578.SH,京能电力,3.51,9.13,7095.17,2.38,3232.13,1.08,3863.04,1.29,76.28,0.03,-7171.44,-2.4
20260609,300382.SZ,斯莱克,7.34,16.67,7066.7,11.3,1600.71,2.56,5465.99,8.74,-2394.34,-3.83,-4672.36,-7.47
20260609,688432.SH,有研硅,15.4,22.7,7038.98,5.68,3278.98,2.65,3760.0,3.03,-2472.57,-2.0,-4566.4,-3.69
20260609,002456.SZ,欧菲光,3.25,9.54,7030.89,5.42,6637.64,5.12,393.24,0.3,-558.38,-0.43,-6472.51,-4.99
20260609,002497.SZ,雅化集团,6.34,21.8,7009.95,6.56,3076.21,2.88,3933.73,3.68,1086.49,1.02,-8096.44,-7.58
20260609,300661.SZ,圣邦股份,6.61,109.99,6984.68,3.1,6155.7,2.73,828.97,0.37,-6682.63,-2.97,-302.04,-0.13
20260609,600611.SH,大众交通,10.07,4.48,6957.0,18.94,4325.01,11.77,2631.99,7.17,-2634.09,-7.17,-4322.91,-11.77
20260609,002156.SZ,通富微电,3.49,64.43,6935.32,0.85,4338.58,0.53,2596.74,0.32,16987.05,2.09,-23922.37,-2.94
20260609,002617.SZ,露笑科技,6.09,8.53,6911.34,5.53,4265.12,3.41,2646.22,2.12,-2256.95,-1.81,-4654.39,-3.73
20260609,688147.SH,微导纳米,8.71,90.1,6895.01,5.41,4736.54,3.72,2158.47,1.69,-7499.19,-5.89,604.18,0.47
20260609,002261.SZ,拓维信息,3.88,28.1,6800.75,4.51,4390.1,2.91,2410.65,1.6,-599.06,-0.4,-6201.69,-4.12
20260609,301021.SZ,英诺激光,1.99,91.34,6797.93,5.94,7062.37,6.17,-264.44,-0.23,-8666.92,-7.57,1868.99,1.63
20260609,688327.SH,云从科技-UW,4.21,14.11,6782.4,9.04,3166.36,4.22,3616.05,4.82,-1808.03,-2.41,-4974.37,-6.63
20260609,688099.SH,晶晨股份,3.48,93.86,6781.96,5.83,2123.49,1.83,4658.47,4.01,-2904.3,-2.5,-3877.65,-3.33
20260609,301396.SZ,宏景科技,4.38,166.0,6734.69,3.85,10889.23,6.23,-4154.54,-2.38,132.95,0.08,-6867.64,-3.93
20260609,688652.SH,京仪装备,6.05,130.86,6727.24,10.82,3385.79,5.44,3341.45,5.37,1420.32,2.28,-8147.56,-13.1
20260609,002405.SZ,四维图新,3.94,7.92,6704.52,9.83,2503.89,3.67,4200.63,6.16,866.08,1.27,-7570.6,-11.1
20260609,688352.SH,颀中科技,2.88,19.27,6662.58,8.87,5385.92,7.17,1276.66,1.7,-2942.46,-3.92,-3720.12,-4.95
20260609,000973.SZ,佛塑科技,5.98,14.53,6654.47,6.36,6310.62,6.03,343.85,0.33,-641.64,-0.61,-6012.82,-5.75
20260609,002706.SZ,良信股份,6.38,12.51,6561.1,9.05,2318.08,3.2,4243.02,5.85,158.23,0.22,-6719.32,-9.27
20260609,688456.SH,有研粉材,1.23,96.65,6521.95,7.48,456.77,0.52,6065.18,6.95,4609.05,5.28,-11131.0,-12.76
20260609,003043.SZ,华亚智能,10.0,73.29,6521.17,15.74,5090.12,12.29,1431.05,3.45,-3961.07,-9.56,-2560.1,-6.18
20260609,300199.SZ,翰宇药业,4.13,21.43,6518.56,8.88,-833.15,-1.14,7351.71,10.02,-892.7,-1.22,-5625.86,-7.66
20260609,688630.SH,芯碁微装,3.22,403.08,6505.31,2.41,3552.74,1.31,2952.57,1.09,-5806.07,-2.15,-699.24,-0.26
20260609,002995.SZ,天地在线,10.0,23.54,6504.58,23.89,3924.95,14.42,2579.63,9.47,-3230.16,-11.86,-3274.42,-12.03
20260609,688375.SH,国博电子,6.51,94.7,6462.49,8.11,3350.93,4.2,3111.56,3.9,-5047.65,-6.33,-1414.84,-1.77
20260609,002195.SZ,岩山科技,2.24,7.31,6424.36,7.03,5541.98,6.06,882.39,0.97,-2384.45,-2.61,-4039.91,-4.42
20260609,603690.SH,至纯科技,6.01,27.52,6400.1,9.43,2789.48,4.11,3610.62,5.32,721.74,1.06,-7121.84,-10.49
20260609,600499.SH,科达制造,4.64,15.33,6388.72,13.2,3746.66,7.74,2642.05,5.46,-5343.18,-11.04,-1045.54,-2.16
20260609,301550.SZ,斯菱智驱,-3.74,119.62,6386.53,4.48,392.45,0.28,5994.09,4.21,2859.82,2.01,-9246.36,-6.49
20260609,000727.SZ,冠捷科技,3.1,2.99,6348.36,6.65,3086.24,3.23,3262.13,3.41,-534.46,-0.56,-5813.91,-6.09
20260609,688757.SH,胜科纳米,1.73,42.45,6343.77,13.48,1843.11,3.92,4500.66,9.57,-2243.0,-4.77,-4100.78,-8.72
20260609,688381.SH,帝奥微,8.29,42.07,6330.88,12.47,3808.49,7.5,2522.39,4.97,-5203.97,-10.25,-1126.91,-2.22
20260609,688502.SH,茂莱光学,5.65,452.7,6276.86,7.8,160.89,0.2,6115.97,7.6,-6122.46,-7.61,-154.4,-0.19
20260609,603936.SH,博敏电子,5.78,21.79,6240.41,6.79,3213.94,3.5,3026.47,3.29,1200.43,1.31,-7440.84,-8.09
20260609,301387.SZ,光大同创,4.86,102.68,6232.42,12.75,3165.38,6.48,3067.04,6.28,-147.16,-0.3,-6085.26,-12.45
20260609,300037.SZ,新宙邦,1.37,74.26,6227.23,2.06,-3050.16,-1.01,9277.39,3.07,246.85,0.08,-6474.07,-2.15
20260609,002520.SZ,日发精机,5.31,6.74,6196.78,9.64,2295.11,3.57,3901.67,6.07,1041.05,1.62,-7237.83,-11.26
20260609,300903.SZ,科翔股份,5.33,70.15,6173.75,4.36,9979.02,7.05,-3805.27,-2.69,-3646.99,-2.58,-2526.75,-1.78
20260609,603267.SH,鸿远电子,4.38,70.27,6148.85,3.26,5625.79,2.98,523.06,0.28,-4950.56,-2.62,-1198.29,-0.64
20260609,002536.SZ,飞龙股份,8.6,41.4,6140.23,4.38,2877.04,2.05,3263.19,2.33,-4046.84,-2.89,-2093.39,-1.49
20260609,000829.SZ,天音控股,5.82,9.28,6122.17,16.47,3817.58,10.27,2304.58,6.2,-1368.46,-3.68,-4753.71,-12.79
20260609,002065.SZ,东华软件,5.12,7.39,6120.24,14.22,3377.81,7.85,2742.43,6.37,-983.67,-2.29,-5136.57,-11.94
20260609,603045.SH,福达合金,-0.89,89.2,6115.11,3.36,4189.03,2.3,1926.08,1.06,2185.94,1.2,-8301.05,-4.57
20260609,002993.SZ,奥海科技,10.0,65.45,6110.83,12.57,5227.05,10.75,883.78,1.82,-3156.76,-6.5,-2954.06,-6.08
20260609,300255.SZ,常山药业,7.65,39.8,6109.27,4.9,2487.64,2.0,3621.62,2.91,-1852.75,-1.49,-4256.52,-3.42
20260609,688362.SH,甬矽电子,8.37,56.98,6074.79,2.75,10577.24,4.79,-4502.45,-2.04,209.14,0.09,-6283.93,-2.85
20260609,000509.SZ,华塑控股,10.09,4.8,6057.22,35.36,7411.78,43.26,-1354.56,-7.91,-2645.05,-15.44,-3412.18,-19.92
20260609,002142.SZ,宁波银行,4.13,32.29,6050.79,4.36,-3609.16,-2.6,9659.94,6.96,-6535.31,-4.71,484.52,0.35
20260609,688536.SH,思瑞浦,3.55,287.36,6005.82,4.81,3652.12,2.92,2353.7,1.88,-5594.22,-4.48,-411.6,-0.33
20260609,688608.SH,恒玄科技,3.21,156.35,6001.99,11.57,545.45,1.05,5456.54,10.52,-4114.79,-7.93,-1887.2,-3.64
20260609,688545.SH,兴福电子,2.88,82.82,6000.83,5.32,170.46,0.15,5830.37,5.17,1322.84,1.17,-7323.68,-6.49
20260609,688200.SH,华峰测控,5.93,463.0,6000.09,3.86,1888.92,1.22,4111.17,2.65,-5647.16,-3.64,-352.93,-0.23
20260609,300458.SZ,全志科技,5.04,31.91,5905.88,5.81,4402.74,4.33,1503.14,1.48,-1558.12,-1.53,-4347.76,-4.28
20260609,688368.SH,DR晶丰明,20.0,172.43,5894.35,6.8,11858.5,13.69,-5964.15,-6.89,-3882.11,-4.48,-2012.24,-2.32
20260609,301312.SZ,智立方,5.33,87.42,5891.5,12.03,3217.89,6.57,2673.61,5.46,-1465.03,-2.99,-4426.48,-9.04
20260609,300252.SZ,金信诺,2.91,16.64,5875.42,5.76,1238.9,1.21,4636.53,4.54,1730.59,1.7,-7606.01,-7.45
20260609,600919.SH,江苏银行,1.92,11.66,5865.97,3.77,7795.42,5.01,-1929.45,-1.24,-5224.0,-3.36,-641.96,-0.41
20260609,600719.SH,大连热电,9.96,9.05,5839.05,26.78,5737.55,26.31,101.5,0.47,-1763.29,-8.09,-4075.76,-18.69
20260609,688143.SH,长盈通,2.77,189.9,5826.42,3.42,-4491.66,-2.63,10318.08,6.05,2961.47,1.74,-8787.89,-5.15
20260609,300163.SZ,先锋新材,7.76,6.94,5815.41,10.61,3856.47,7.04,1958.94,3.58,-587.99,-1.07,-5227.42,-9.54
20260609,688218.SH,江苏北人,7.85,48.8,5793.19,15.26,1645.94,4.34,4147.25,10.93,-495.96,-1.31,-5297.22,-13.96
20260609,301248.SZ,杰创智能,6.66,74.66,5788.94,12.77,1479.07,3.26,4309.87,9.5,-5.37,-0.01,-5783.58,-12.75
20260609,300925.SZ,法本信息,5.1,19.57,5772.88,8.07,1488.44,2.08,4284.44,5.99,-623.09,-0.87,-5149.79,-7.19
20260609,300229.SZ,拓尔思,7.21,16.8,5711.33,9.9,2304.9,4.0,3406.43,5.91,2275.33,3.95,-7986.67,-13.85
20260609,603650.SH,彤程新材,7.89,56.06,5681.87,5.11,3562.64,3.2,2119.23,1.91,-4035.13,-3.63,-1646.74,-1.48
20260609,600895.SH,张江高科,4.63,31.4,5658.09,5.91,4237.55,4.42,1420.55,1.48,-1436.03,-1.5,-4222.06,-4.41
20260609,688693.SH,锴威特,9.34,106.62,5654.95,11.44,3426.54,6.93,2228.41,4.51,-2575.87,-5.21,-3079.08,-6.23
20260609,600909.SH,华安证券,0.28,7.05,5618.14,6.79,1419.0,1.72,4199.13,5.08,-2739.26,-3.31,-2878.88,-3.48
20260609,301183.SZ,东田微,7.56,210.79,5551.63,4.13,8440.25,6.28,-2888.61,-2.15,-2158.67,-1.61,-3392.96,-2.52
20260609,002980.SZ,华盛昌,1.71,120.02,5525.74,4.27,2678.06,2.07,2847.68,2.2,168.24,0.13,-5693.98,-4.4
20260609,600392.SH,盛和资源,4.65,23.42,5499.85,3.6,7941.85,5.2,-2442.0,-1.6,-2188.64,-1.43,-3311.21,-2.17
20260609,600497.SH,驰宏锌锗,2.55,8.45,5499.83,5.64,6892.19,7.07,-1392.36,-1.43,-1859.17,-1.91,-3640.66,-3.73
20260609,000932.SZ,华菱钢铁,1.59,3.83,5465.63,17.31,5082.5,16.1,383.13,1.21,-3627.45,-11.49,-1838.18,-5.82
20260609,301536.SZ,星宸科技,9.17,81.68,5463.4,6.8,3103.18,3.86,2360.22,2.94,-394.38,-0.49,-5069.03,-6.31
20260609,300364.SZ,中文在线,3.13,23.74,5452.57,6.49,2668.42,3.18,2784.15,3.32,-1206.97,-1.44,-4245.59,-5.06
20260609,301095.SZ,广立微,1.51,97.34,5449.05,6.84,203.98,0.26,5245.07,6.59,1782.59,2.24,-7231.63,-9.08
20260609,600428.SH,中远海特,2.94,7.7,5446.47,18.39,3915.57,13.22,1530.91,5.17,-2283.27,-7.71,-3163.2,-10.68
20260609,600630.SH,龙头股份,6.75,9.02,5419.24,11.09,539.95,1.1,4879.29,9.98,486.77,1.0,-5906.01,-12.08
20260609,688390.SH,固德威,3.02,117.6,5413.26,6.15,3194.11,3.63,2219.16,2.52,-4230.66,-4.81,-1182.6,-1.34
20260609,000792.SZ,盐湖股份,4.91,29.5,5411.27,2.14,3469.68,1.37,1941.58,0.77,-1319.32,-0.52,-4091.94,-1.62
20260609,002371.SZ,北方华创,5.35,617.1,5393.02,0.87,12103.23,1.95,-6710.22,-1.08,-5330.24,-0.86,-62.78,-0.01
20260609,300835.SZ,龙磁科技,14.92,208.77,5391.65,3.41,6106.11,3.86,-714.47,-0.45,-9387.1,-5.94,3995.45,2.53
20260609,600667.SH,太极实业,4.48,15.61,5386.95,1.24,3251.09,0.75,2135.87,0.49,7684.24,1.77,-13071.2,-3.01
20260609,600682.SH,南京新百,10.02,6.15,5380.99,28.02,2939.44,15.31,2441.54,12.71,-1829.01,-9.52,-3551.98,-18.5
20260609,300868.SZ,杰美特,6.45,123.69,5344.3,9.06,94.71,0.16,5249.59,8.9,617.96,1.05,-5962.26,-10.1
20260609,002741.SZ,光华科技,9.98,28.31,5309.14,5.79,8823.79,9.63,-3514.65,-3.84,-6216.5,-6.78,907.35,0.99
20260609,002597.SZ,金禾实业,6.12,19.94,5305.3,18.6,4629.81,16.23,675.5,2.37,-2388.0,-8.37,-2917.3,-10.23
20260609,603306.SH,华懋科技,8.25,98.97,5281.18,3.45,5594.02,3.65,-312.84,-0.2,-5593.25,-3.65,312.08,0.2
20260609,601916.SH,浙商银行,0.66,3.07,5272.82,8.5,4198.46,6.77,1074.36,1.73,-7371.78,-11.88,2098.97,3.38
20260609,601766.SH,中国中车,0.72,5.61,5267.41,7.92,7406.31,11.14,-2138.9,-3.22,-6035.16,-9.08,767.75,1.15
20260609,688551.SH,科威尔,14.99,67.5,5255.12,8.37,3326.01,5.3,1929.11,3.07,-5230.51,-8.33,-24.61,-0.04
20260609,001269.SZ,欧晶科技,9.99,28.41,5253.0,12.91,3416.48,8.39,1836.52,4.51,-1842.31,-4.53,-3410.69,-8.38
20260609,688365.SH,光云科技,1.47,19.97,5221.89,10.87,2627.63,5.47,2594.26,5.4,-693.13,-1.44,-4528.76,-9.43
20260609,603809.SH,豪能股份,4.47,10.74,5209.23,21.87,3138.16,13.17,2071.06,8.69,-1408.06,-5.91,-3801.16,-15.96
20260609,300522.SZ,世名科技,11.32,12.39,5206.78,8.61,5045.86,8.34,160.92,0.27,1840.7,3.04,-7047.49,-11.65
20260609,601698.SH,中国卫通,-0.87,31.91,5190.29,3.9,4838.37,3.63,351.92,0.26,-7821.72,-5.88,2631.43,1.98
20260609,002128.SZ,电投能源,-2.41,27.92,5129.33,9.46,-727.43,-1.34,5856.76,10.8,-1688.4,-3.11,-3440.93,-6.34
20260609,300811.SZ,铂科新材,8.69,95.65,5120.52,1.67,-4378.01,-1.43,9498.53,3.09,2415.64,0.79,-7536.16,-2.45
20260609,002488.SZ,金固股份,2.64,10.5,5108.66,15.13,934.58,2.77,4174.08,12.37,40.5,0.12,-5149.16,-15.25
20260609,001215.SZ,千味央厨,10.01,42.32,5097.05,12.26,873.64,2.1,4223.41,10.16,-2856.31,-6.87,-2240.74,-5.39
20260609,605018.SH,长华集团,10.02,19.77,5024.27,16.09,5232.99,16.76,-208.72,-0.67,-1166.52,-3.74,-3857.74,-12.35
20260609,300870.SZ,欧陆通,13.94,295.1,5023.81,2.59,5590.01,2.88,-566.2,-0.29,-617.84,-0.32,-4405.97,-2.27
20260609,300243.SZ,瑞丰高材,7.8,19.08,5021.49,8.09,2623.36,4.23,2398.13,3.87,-2728.29,-4.4,-2293.2,-3.7
20260609,601168.SH,西部矿业,2.95,30.01,5017.57,3.96,-491.38,-0.39,5508.95,4.34,-1642.07,-1.29,-3375.5,-2.66
20260609,600783.SH,鲁信创投,2.8,23.1,4948.97,8.37,3229.56,5.46,1719.41,2.91,-1286.55,-2.18,-3662.43,-6.19
20260609,300806.SZ,斯迪克,12.83,84.97,4929.7,2.08,-2445.07,-1.03,7374.77,3.11,-8265.53,-3.49,3335.83,1.41
20260609,300803.SZ,指南针,2.97,83.08,4926.36,3.46,5291.19,3.71,-364.82,-0.26,-5532.78,-3.88,606.42,0.43
20260609,601111.SH,中国国航,0.81,6.21,4924.54,10.64,2830.82,6.12,2093.72,4.52,-6286.13,-13.58,1361.59,2.94
20260609,688187.SH,时代电气,8.86,57.9,4922.12,4.55,1558.82,1.44,3363.29,3.11,-1723.88,-1.59,-3198.23,-2.96
20260609,600201.SH,生物股份,1.01,11.97,4899.05,13.0,2611.91,6.93,2287.14,6.07,535.76,1.42,-5434.81,-14.42
20260609,002771.SZ,真视通,10.01,16.92,4848.19,27.92,3811.2,21.94,1036.99,5.97,-2637.15,-15.18,-2211.04,-12.73
20260609,688515.SH,裕太微-U,2.83,199.98,4817.93,5.38,1867.59,2.09,2950.34,3.3,-4275.63,-4.78,-542.3,-0.61
20260609,603019.SH,中科曙光,2.41,80.4,4811.09,1.97,-627.85,-0.26,5438.94,2.23,-6538.4,-2.67,1727.3,0.71
20260609,688379.SH,华光新材,2.04,79.85,4803.75,8.7,-172.61,-0.31,4976.36,9.01,852.87,1.54,-5656.62,-10.24
20260609,603061.SH,金海通,6.82,306.16,4792.68,7.43,3677.69,5.7,1114.99,1.73,-2718.54,-4.21,-2074.15,-3.22
20260609,002126.SZ,银轮股份,3.28,49.45,4766.85,5.42,321.75,0.37,4445.11,5.05,-5403.84,-6.14,636.99,0.72
20260609,000795.SZ,英洛华,4.61,9.31,4711.08,14.88,1585.14,5.01,3125.94,9.87,-1239.05,-3.91,-3472.03,-10.97
20260609,002601.SZ,龙佰集团,5.48,14.82,4703.99,8.04,3802.03,6.49,901.96,1.54,-1156.73,-1.98,-3547.26,-6.06
20260609,300007.SZ,汉威科技,4.29,45.22,4700.0,4.39,1459.6,1.36,3240.4,3.02,2179.73,2.03,-6879.73,-6.42
20260609,300554.SZ,三超新材,6.09,30.5,4694.99,11.82,2320.06,5.84,2374.94,5.98,653.7,1.65,-5348.69,-13.47
20260609,002362.SZ,汉王科技,10.01,19.68,4683.92,10.43,3017.79,6.72,1666.13,3.71,-1201.47,-2.67,-3482.45,-7.75
20260609,603063.SH,禾望电气,1.56,54.2,4665.88,3.94,244.64,0.21,4421.24,3.73,-5408.16,-4.56,742.28,0.63
20260609,300263.SZ,隆华科技,5.47,11.96,4627.35,6.38,854.91,1.18,3772.44,5.2,2055.54,2.83,-6682.89,-9.21
20260609,002969.SZ,嘉美包装,5.03,15.87,4625.44,2.7,4599.78,2.69,25.66,0.01,-2182.38,-1.27,-2443.06,-1.43
20260609,605488.SH,福莱新材,4.21,38.36,4623.7,8.09,-26.9,-0.05,4650.6,8.13,305.59,0.53,-4929.29,-8.62
20260609,000786.SZ,北新建材,-2.01,21.46,4593.73,9.47,1003.39,2.07,3590.34,7.4,-4917.52,-10.13,323.79,0.67
20260609,301098.SZ,金埔园林,14.95,9.38,4578.25,14.28,1653.13,5.15,2925.12,9.12,2092.34,6.52,-6670.59,-20.8
20260609,301373.SZ,凌玮科技,7.02,127.15,4567.65,5.9,3802.82,4.91,764.83,0.99,-5634.02,-7.27,1066.37,1.38
20260609,600903.SH,贵州燃气,9.99,9.14,4545.64,14.61,3256.55,10.47,1289.09,4.14,-1632.31,-5.25,-2913.33,-9.37
20260609,300418.SZ,昆仑万维,2.41,39.59,4526.73,3.12,3617.82,2.5,908.91,0.63,277.16,0.19,-4803.89,-3.31
20260609,688005.SH,容百科技,1.52,32.81,4494.27,6.21,1059.98,1.46,3434.29,4.75,1097.33,1.52,-5591.6,-7.73
20260609,000920.SZ,沃顿科技,10.0,12.98,4456.28,29.8,4614.07,30.86,-157.79,-1.06,-1558.05,-10.42,-2898.23,-19.38
20260609,000591.SZ,太阳能,3.56,5.24,4446.47,9.31,5913.87,12.38,-1467.4,-3.07,-1236.32,-2.59,-3210.16,-6.72
20260609,688337.SH,普源精电,4.22,70.66,4428.08,7.49,1872.08,3.17,2556.0,4.32,-107.37,-0.18,-4320.71,-7.31
20260609,002676.SZ,顺威股份,10.02,5.82,4376.69,38.14,4215.98,36.74,160.7,1.4,-2265.66,-19.75,-2111.03,-18.4
20260609,601601.SH,中国太保,1.12,31.55,4368.09,3.43,1305.65,1.03,3062.44,2.41,2337.6,1.84,-6705.68,-5.27
20260609,600015.SH,华夏银行,1.33,6.88,4352.79,7.75,9466.92,16.85,-5114.13,-9.1,-3161.68,-5.63,-1191.11,-2.12
20260609,600021.SH,上海电力,2.88,18.22,4349.77,3.06,4540.16,3.19,-190.38,-0.13,-6572.57,-4.62,2222.79,1.56
20260609,688503.SH,聚和材料,6.95,86.3,4340.45,4.92,804.75,0.91,3535.7,4.01,-1551.47,-1.76,-2788.98,-3.16
20260609,603269.SH,海鸥股份,9.02,22.96,4337.74,5.94,2736.37,3.75,1601.37,2.19,-1689.99,-2.31,-2647.75,-3.63
20260609,300142.SZ,沃森生物,1.96,11.45,4331.98,8.43,683.16,1.33,3648.82,7.1,336.32,0.65,-4668.29,-9.08
20260609,000783.SZ,长江证券,0.96,7.38,4328.17,10.33,2042.23,4.87,2285.94,5.45,70.28,0.17,-4398.45,-10.49
20260609,603659.SH,璞泰来,3.56,27.91,4304.26,4.51,-1942.3,-2.04,6246.56,6.55,-364.86,-0.38,-3939.4,-4.13
20260609,300709.SZ,精研科技,9.29,51.9,4300.31,4.78,1747.44,1.94,2552.86,2.84,480.28,0.53,-4780.59,-5.32
20260609,603501.SH,豪威集团,1.41,93.32,4291.56,2.68,1438.89,0.9,2852.67,1.78,2694.07,1.68,-6985.63,-4.36
20260609,600539.SH,狮头股份,2.08,15.72,4286.87,12.48,548.19,1.6,3738.68,10.89,-1107.91,-3.23,-3178.96,-9.26
20260609,688598.SH,金博股份,5.66,33.77,4262.41,9.47,1569.37,3.49,2693.04,5.98,-108.11,-0.24,-4154.3,-9.23
20260609,601628.SH,中国人寿,0.42,33.14,4229.79,5.94,1590.45,2.23,2639.34,3.71,-4205.04,-5.91,-24.75,-0.03
20260609,000766.SZ,通化金马,1.0,25.16,4184.43,9.05,12.57,0.03,4171.85,9.03,-738.21,-1.6,-3446.22,-7.46
20260609,300852.SZ,四会富仕,3.32,51.72,4176.26,9.51,139.38,0.32,4036.87,9.19,888.64,2.02,-5064.9,-11.53
20260609,688331.SH,荣昌生物,5.07,102.41,4163.13,3.84,-3768.96,-3.48,7932.09,7.32,-4980.41,-4.6,817.28,0.75
20260609,301150.SZ,中一科技,8.96,59.25,4157.03,6.22,333.85,0.5,3823.18,5.72,260.89,0.39,-4417.92,-6.61
20260609,300170.SZ,汉得信息,1.75,17.99,4125.55,4.6,304.35,0.34,3821.2,4.26,-1081.52,-1.21,-3044.04,-3.39
20260609,600773.SH,西藏城投,5.36,14.94,4116.46,8.98,1831.03,3.99,2285.44,4.98,-2251.65,-4.91,-1864.81,-4.07
20260609,300131.SZ,英唐智控,3.7,16.25,4103.02,4.66,-622.92,-0.71,4725.94,5.37,-2858.35,-3.25,-1244.67,-1.41
20260609,601360.SH,三六零,1.7,9.55,4056.18,6.76,4184.65,6.97,-128.47,-0.21,-1831.41,-3.05,-2224.77,-3.71
20260609,000593.SZ,德龙汇能,7.55,21.5,4039.22,9.4,1581.92,3.68,2457.3,5.72,1291.07,3.0,-5330.29,-12.41
20260609,300558.SZ,贝达药业,4.9,51.15,4034.74,4.2,532.79,0.55,3501.95,3.64,-72.29,-0.08,-3962.45,-4.12
20260609,601988.SH,中国银行,-0.16,6.13,4030.25,2.56,8389.69,5.34,-4359.44,-2.77,-5259.08,-3.35,1228.83,0.78
20260609,301069.SZ,凯盛新材,9.48,21.49,4028.77,6.95,722.79,1.25,3305.97,5.71,113.63,0.2,-4142.4,-7.15
20260609,688323.SH,瑞华泰,14.03,35.76,4026.52,4.38,6735.44,7.33,-2708.92,-2.95,-995.3,-1.08,-3031.22,-3.3
20260609,603288.SH,海天味业,2.41,34.89,4023.42,5.15,797.94,1.02,3225.48,4.12,565.94,0.72,-4589.37,-5.87
20260609,603931.SH,格林达,2.31,57.97,4008.82,7.82,756.4,1.48,3252.42,6.34,-804.91,-1.57,-3203.91,-6.25
20260609,600143.SH,金发科技,2.63,16.75,4005.76,4.73,1246.0,1.47,2759.75,3.26,-660.97,-0.78,-3344.78,-3.95
20260609,600999.SH,招商证券,0.47,16.98,3965.54,5.56,-421.87,-0.59,4387.41,6.15,-807.75,-1.13,-3157.8,-4.42
20260609,601006.SH,大秦铁路,0.39,5.1,3963.26,12.23,4904.77,15.13,-941.51,-2.9,-3144.89,-9.7,-818.38,-2.52
20260609,688676.SH,金盘科技,2.85,85.98,3961.93,3.93,4748.84,4.71,-786.91,-0.78,-1106.0,-1.1,-2855.93,-2.83
20260609,300710.SZ,万隆光电,7.99,43.51,3960.5,9.18,3140.43,7.28,820.07,1.9,488.17,1.13,-4448.67,-10.31
20260609,688220.SH,翱捷科技-U,2.79,93.95,3953.78,4.41,1921.65,2.14,2032.13,2.27,-4065.68,-4.54,111.9,0.12
20260609,601778.SH,晶科科技,2.78,5.17,3947.74,4.24,3470.31,3.73,477.44,0.51,-1594.67,-1.71,-2353.08,-2.53
20260609,000030.SZ,富奥股份,6.94,4.78,3944.62,15.89,4366.43,17.59,-421.81,-1.7,-1003.85,-4.04,-2940.77,-11.84
20260609,688027.SH,国盾量子,2.16,524.35,3933.75,4.42,2773.03,3.11,1160.72,1.3,-3826.36,-4.3,-107.4,-0.12
20260609,301366.SZ,一博科技,4.4,47.03,3923.73,6.02,1249.56,1.92,2674.17,4.1,3183.4,4.88,-7107.13,-10.91
20260609,688332.SH,中科蓝讯,4.5,96.19,3920.36,5.14,3809.51,4.99,110.85,0.15,686.75,0.9,-4607.11,-6.04
20260609,001280.SZ,中国铀业,3.18,69.1,3912.87,6.79,1316.98,2.28,2595.89,4.5,-3878.14,-6.73,-34.72,-0.06
20260609,688361.SH,中科飞测,5.77,203.08,3911.57,2.69,-2095.03,-1.44,6006.6,4.13,-3406.75,-2.34,-504.82,-0.35
20260609,300656.SZ,民德电子,19.99,34.88,3899.53,11.54,5111.37,15.12,-1211.83,-3.59,-1822.37,-5.39,-2077.16,-6.15
20260609,688206.SH,概伦电子,2.26,40.78,3899.14,10.28,2232.24,5.89,1666.89,4.4,-893.63,-2.36,-3005.5,-7.93
20260609,300185.SZ,通裕重工,4.26,2.69,3890.83,11.75,0.0,0.0,3890.83,11.75,-1583.8,-4.78,-2307.03,-6.97
20260609,300031.SZ,宝通科技,3.66,26.33,3875.17,4.19,-4513.09,-4.87,8388.26,9.06,5086.96,5.49,-8962.13,-9.68
20260609,600246.SH,万通发展,1.82,16.75,3872.43,1.29,-6884.12,-2.29,10756.55,3.58,-602.27,-0.2,-3270.17,-1.09
20260609,601611.SH,中国核建,2.25,10.92,3840.54,10.56,5341.36,14.69,-1500.83,-4.13,-3068.32,-8.44,-772.22,-2.12
20260609,600000.SH,浦发银行,0.0,9.37,3835.35,5.78,-252.6,-0.38,4087.95,6.16,-2231.74,-3.36,-1603.61,-2.41
20260609,000029.SZ,深深房Ａ,10.0,24.54,3817.62,30.11,3160.4,24.93,657.22,5.18,-1525.58,-12.03,-2292.04,-18.08
20260609,600577.SH,精达股份,2.79,11.81,3810.59,5.84,4144.64,6.36,-334.06,-0.51,498.48,0.76,-4309.06,-6.61
20260609,301566.SZ,达利凯普,5.36,34.57,3787.88,2.97,1372.42,1.08,2415.46,1.89,-5224.27,-4.09,1436.39,1.13
20260609,002487.SZ,大金重工,3.75,61.37,3787.03,2.17,1431.02,0.82,2356.02,1.35,-14419.64,-8.25,10632.61,6.08
20260609,603228.SH,景旺电子,4.71,72.21,3786.59,1.51,-2719.02,-1.08,6505.6,2.59,6979.49,2.78,-10766.07,-4.28
20260609,002064.SZ,华峰化学,-2.04,10.09,3720.76,9.36,1236.85,3.11,2483.91,6.25,-1452.53,-3.66,-2268.24,-5.71
20260609,300537.SZ,广信材料,3.6,27.03,3686.05,6.61,82.5,0.15,3603.55,6.46,845.03,1.51,-4531.08,-8.12
20260609,688777.SH,中控技术,6.28,110.0,3664.59,0.97,5146.99,1.36,-1482.41,-0.39,-1082.57,-0.29,-2582.02,-0.68
20260609,301222.SZ,浙江恒威,19.99,36.43,3658.83,24.19,5170.16,34.18,-1511.33,-9.99,-2074.74,-13.72,-1584.08,-10.47
20260609,002290.SZ,禾盛新材,4.93,82.42,3652.58,7.66,1771.19,3.72,1881.4,3.95,-2703.11,-5.67,-949.47,-1.99
20260609,601658.SH,邮储银行,0.2,4.99,3646.35,6.14,3797.03,6.39,-150.68,-0.25,-3191.26,-5.37,-455.09,-0.77
20260609,002131.SZ,利欧股份,1.46,5.55,3642.17,2.71,5365.86,3.99,-1723.69,-1.28,-5406.79,-4.02,1764.62,1.31
20260609,000718.SZ,苏宁环球,0.47,2.16,3637.05,10.3,1656.28,4.69,1980.76,5.61,-199.8,-0.57,-3437.25,-9.74
20260609,002157.SZ,正邦科技,1.0,3.04,3636.27,10.14,578.81,1.61,3057.46,8.52,-1330.78,-3.71,-2305.49,-6.43
20260609,600141.SH,兴发集团,5.14,28.66,3635.11,4.41,-208.67,-0.25,3843.78,4.67,-6693.56,-8.13,3058.45,3.71
20260609,688387.SH,信科移动-U,3.05,16.2,3630.48,3.77,1876.61,1.95,1753.87,1.82,-276.33,-0.29,-3354.16,-3.49
20260609,002779.SZ,中坚科技,7.13,79.0,3622.89,7.51,2190.49,4.54,1432.41,2.97,-469.47,-0.97,-3153.42,-6.54
20260609,600103.SH,青山纸业,2.73,3.76,3612.81,7.15,3045.51,6.03,567.3,1.12,145.85,0.29,-3758.66,-7.44
20260609,002213.SZ,大为股份,3.68,36.86,3601.6,4.53,353.0,0.44,3248.6,4.08,201.42,0.25,-3803.02,-4.78
20260609,002174.SZ,游族网络,4.28,11.21,3594.14,8.45,337.12,0.79,3257.02,7.65,1152.07,2.71,-4746.21,-11.15
20260609,603103.SH,横店影视,5.6,22.8,3583.6,6.23,2406.67,4.18,1176.93,2.05,-2405.76,-4.18,-1177.84,-2.05
20260609,600338.SH,西藏珠峰,2.92,16.56,3553.13,4.04,-450.01,-0.51,4003.14,4.56,281.92,0.32,-3835.05,-4.37
20260609,001270.SZ,铖昌科技,3.12,136.75,3548.74,3.01,3909.54,3.32,-360.81,-0.31,-3177.83,-2.7,-370.91,-0.31
20260609,301200.SZ,大族数控,3.97,288.68,3547.14,2.52,3788.3,2.69,-241.16,-0.17,-1989.56,-1.41,-1557.57,-1.11
20260609,600126.SH,杭钢股份,3.07,7.05,3541.58,8.63,2568.72,6.26,972.86,2.37,-1160.77,-2.83,-2380.82,-5.8
20260609,603296.SH,华勤技术,3.36,102.51,3515.7,1.75,-4538.94,-2.27,8054.64,4.02,-1033.83,-0.52,-2481.86,-1.24
20260609,600397.SH,江钨装备,4.22,14.07,3492.93,5.37,2217.78,3.41,1275.15,1.96,2571.02,3.95,-6063.94,-9.32
20260609,300497.SZ,富祥股份,4.34,16.35,3490.38,9.0,383.84,0.99,3106.55,8.01,-770.68,-1.99,-2719.7,-7.01
20260609,002885.SZ,京泉华,6.33,41.82,3466.72,5.08,284.46,0.42,3182.26,4.67,1165.96,1.71,-4632.68,-6.79
20260609,000629.SZ,钒钛股份,1.59,3.2,3448.52,13.3,1605.07,6.19,1843.45,7.11,-1899.86,-7.33,-1548.66,-5.97
20260609,002580.SZ,圣阳股份,2.79,21.38,3428.64,3.19,1556.17,1.45,1872.47,1.74,-1437.66,-1.34,-1990.98,-1.85
20260609,300969.SZ,恒帅股份,-1.86,111.0,3422.91,5.43,-954.43,-1.51,4377.34,6.94,-534.32,-0.85,-2888.59,-4.58
20260609,688301.SH,奕瑞科技,1.95,168.5,3421.65,3.11,4233.13,3.85,-811.48,-0.74,-3642.16,-3.31,220.51,0.2
20260609,688380.SH,中微半导,6.6,43.46,3420.32,10.81,1323.85,4.18,2096.47,6.63,-1470.97,-4.65,-1949.34,-6.16
20260609,688035.SH,德邦科技,6.8,78.8,3417.77,8.5,1966.16,4.89,1451.6,3.61,-1446.09,-3.6,-1971.68,-4.91
20260609,603083.SH,剑桥科技,3.55,180.97,3375.8,0.83,5623.14,1.38,-2247.34,-0.55,-19241.04,-4.71,15865.24,3.88
20260609,002902.SZ,铭普光磁,3.35,33.29,3365.64,4.9,1490.43,2.17,1875.22,2.73,-6.77,-0.01,-3358.87,-4.89
20260609,601609.SH,金田股份,4.79,12.24,3346.2,4.25,3363.95,4.27,-17.75,-0.02,-2874.92,-3.65,-471.28,-0.6
20260609,600340.SH,*ST华幸,4.65,1.35,3327.74,19.58,-120.25,-0.71,3447.99,20.29,-1282.03,-7.54,-2045.71,-12.04
20260609,603078.SH,江化微,6.07,45.44,3303.28,1.3,3229.69,1.27,73.6,0.03,139.73,0.06,-3443.01,-1.36
20260609,003036.SZ,泰坦股份,10.0,81.95,3297.12,4.44,5299.78,7.13,-2002.66,-2.7,-3314.72,-4.46,17.6,0.02
20260609,002141.SZ,贤丰控股,9.9,3.33,3291.04,35.53,2179.99,23.54,1111.06,12.0,-1432.81,-15.47,-1858.24,-20.06
20260609,301458.SZ,钧崴电子,-0.6,56.66,3287.54,2.59,-236.87,-0.19,3524.41,2.78,-3273.4,-2.58,-14.15,-0.01
20260609,301322.SZ,绿通科技,9.09,55.43,3276.66,7.17,2583.23,5.65,693.43,1.52,303.95,0.66,-3580.61,-7.83
20260609,688371.SH,菲沃泰,4.4,36.79,3264.88,10.25,2024.91,6.36,1239.97,3.89,-1632.71,-5.13,-1632.17,-5.12
20260609,300057.SZ,万顺新材,4.15,8.54,3241.04,6.52,1020.3,2.05,2220.74,4.46,-1992.11,-4.0,-1248.93,-2.51
20260609,002335.SZ,科华数据,4.97,37.8,3239.74,3.1,671.86,0.64,2567.89,2.46,1433.76,1.37,-4673.5,-4.47
20260609,000571.SZ,新大洲A,9.98,5.73,3231.01,17.67,2291.28,12.53,939.73,5.14,-1537.49,-8.41,-1693.52,-9.26
20260609,002588.SZ,史丹利,3.03,8.85,3220.39,18.19,-208.88,-1.18,3429.26,19.37,-340.99,-1.93,-2879.4,-16.26
20260609,002812.SZ,恩捷股份,3.01,62.94,3219.4,2.2,3457.53,2.36,-238.13,-0.16,-1699.08,-1.16,-1520.32,-1.04
20260609,300953.SZ,震裕科技,1.62,145.79,3213.34,2.87,464.25,0.41,2749.09,2.45,-2018.92,-1.8,-1194.41,-1.07
20260609,301607.SZ,富特科技,12.42,46.24,3180.95,3.85,2012.97,2.43,1167.98,1.41,-2365.56,-2.86,-815.39,-0.99
20260609,601998.SH,中信银行,-0.52,7.65,3176.13,4.13,182.33,0.24,2993.8,3.89,-387.09,-0.5,-2789.05,-3.63
20260609,688523.SH,航天环宇,1.18,59.29,3175.39,6.63,595.84,1.24,2579.56,5.39,-1855.72,-3.88,-1319.67,-2.76
20260609,600435.SH,北方导航,3.4,11.85,3160.0,8.35,1194.67,3.16,1965.32,5.19,855.22,2.26,-4015.22,-10.61
20260609,600760.SH,中航沈飞,1.33,41.14,3147.78,4.88,4227.21,6.56,-1079.44,-1.67,-4149.02,-6.43,1001.25,1.55
20260609,002409.SZ,雅克科技,5.48,111.41,3130.33,1.36,5544.6,2.41,-2414.27,-1.05,-5552.05,-2.42,2421.72,1.05
20260609,300378.SZ,鼎捷数智,3.12,38.37,3119.02,4.56,830.41,1.21,2288.61,3.34,1275.0,1.86,-4394.02,-6.42
20260609,605318.SH,法狮龙,10.0,105.96,3116.24,6.45,4803.48,9.94,-1687.24,-3.49,-1774.59,-3.67,-1341.65,-2.78
20260609,603638.SH,艾迪精密,0.21,23.62,3113.55,8.04,308.51,0.8,2805.04,7.25,-64.05,-0.17,-3049.49,-7.88
20260609,000711.SZ,ST京蓝,4.95,5.73,3113.45,6.7,1060.78,2.28,2052.68,4.42,-363.75,-0.78,-2749.7,-5.92
20260609,002323.SZ,*ST雅博,4.9,1.5,3110.6,27.67,606.35,5.39,2504.26,22.27,-1617.78,-14.39,-1492.82,-13.28
20260609,300976.SZ,达瑞电子,1.76,63.09,3100.39,7.9,1053.17,2.68,2047.22,5.22,-1769.4,-4.51,-1330.99,-3.39
20260609,688472.SH,阿特斯,2.64,11.26,3095.65,6.44,-443.37,-0.92,3539.02,7.37,-789.96,-1.64,-2305.69,-4.8
20260609,001359.SZ,平安电工,7.38,100.1,3086.79,10.34,686.23,2.3,2400.56,8.04,920.51,3.08,-4007.29,-13.43
20260609,603225.SH,新凤鸣,2.09,19.5,3078.99,6.06,1860.7,3.66,1218.29,2.4,-6288.48,-12.37,3209.48,6.31
20260609,002085.SZ,万丰奥威,0.57,12.38,3056.68,3.06,1420.51,1.42,1636.17,1.64,3207.02,3.21,-6263.7,-6.26
20260609,300036.SZ,超图软件,3.83,13.27,3041.69,10.51,-402.97,-1.39,3444.67,11.9,693.37,2.4,-3735.06,-12.91
20260609,688500.SH,慧辰股份,20.0,52.87,3025.71,10.27,3935.43,13.36,-909.72,-3.09,-1069.9,-3.63,-1955.8,-6.64
20260609,600795.SH,国电电力,-0.2,4.99,3023.74,3.35,-1591.98,-1.77,4615.72,5.12,-1504.0,-1.67,-1519.74,-1.69
20260609,000680.SZ,山推股份,2.18,11.26,3020.74,7.9,144.58,0.38,2876.17,7.52,680.91,1.78,-3701.65,-9.68
20260609,001223.SZ,欧克科技,6.91,48.28,3013.86,13.32,1689.66,7.47,1324.19,5.85,-696.79,-3.08,-2317.07,-10.24
20260609,603031.SH,安孚科技,3.7,56.35,3012.34,3.16,5579.97,5.85,-2567.63,-2.69,-4655.17,-4.88,1642.83,1.72
20260609,000776.SZ,广发证券,0.11,18.67,3008.22,4.3,511.29,0.73,2496.93,3.57,-2506.51,-3.58,-501.71,-0.72
20260609,605100.SH,华丰股份,10.0,36.3,3004.17,17.45,610.25,3.54,2393.92,13.9,-1446.46,-8.4,-1557.72,-9.05
20260609,000062.SZ,深圳华强,4.92,32.21,2989.34,1.46,-1587.37,-0.78,4576.72,2.24,-2922.82,-1.43,-66.52,-0.03
20260609,688343.SH,云天励飞-U,3.15,64.22,2985.31,4.63,873.22,1.35,2112.09,3.27,-1305.12,-2.02,-1680.19,-2.6
20260609,688059.SH,华锐精密,4.01,179.6,2980.01,3.9,-358.28,-0.47,3338.29,4.37,-295.23,-0.39,-2684.79,-3.52
20260609,000883.SZ,湖北能源,1.44,4.93,2975.45,11.5,295.52,1.14,2679.93,10.36,-709.66,-2.74,-2265.79,-8.76
20260609,003004.SZ,声迅股份,-2.45,65.24,2971.11,8.04,2683.97,7.26,287.13,0.78,248.34,0.67,-3219.45,-8.71
20260609,601588.SH,北辰实业,-5.86,2.09,2946.54,6.9,438.03,1.03,2508.5,5.87,1885.95,4.41,-4832.48,-11.31
20260609,688003.SH,天准科技,-8.23,101.3,2930.97,2.33,2599.29,2.07,331.68,0.26,3979.0,3.16,-6909.97,-5.49
20260609,002414.SZ,高德红外,2.79,12.17,2927.01,5.49,3986.12,7.47,-1059.12,-1.99,-1939.47,-3.64,-987.53,-1.85
20260609,300066.SZ,三川智慧,4.22,6.18,2925.06,7.93,818.49,2.22,2106.57,5.71,-1740.62,-4.72,-1184.44,-3.21
20260609,688548.SH,广钢气体,3.6,27.6,2924.41,4.52,2598.37,4.02,326.03,0.5,-318.07,-0.49,-2606.34,-4.03
20260609,300738.SZ,奥飞数据,2.48,19.82,2919.95,3.98,1541.41,2.1,1378.54,1.88,1753.78,2.39,-4673.74,-6.37
20260609,301099.SZ,雅创电子,8.46,78.55,2909.76,2.16,5471.76,4.05,-2562.0,-1.9,273.01,0.2,-3182.77,-2.36
20260609,300715.SZ,凯伦股份,0.51,23.6,2909.45,5.9,79.72,0.16,2829.73,5.74,-2877.64,-5.83,-31.8,-0.06
20260609,300706.SZ,阿石创,8.58,53.0,2909.43,3.52,1641.64,1.98,1267.8,1.53,-1628.97,-1.97,-1280.46,-1.55
20260609,002957.SZ,科瑞技术,2.95,55.78,2894.96,1.9,5130.07,3.36,-2235.11,-1.46,-7835.21,-5.13,4940.25,3.24
20260609,600171.SH,上海贝岭,3.04,27.08,2888.89,7.43,1305.83,3.36,1583.06,4.07,319.46,0.82,-3208.35,-8.26
20260609,300819.SZ,聚杰微纤,5.6,64.54,2872.58,8.11,1208.61,3.41,1663.97,4.7,3011.17,8.5,-5883.76,-16.61
20260609,300623.SZ,捷捷微电,7.02,32.94,2865.97,2.9,3249.35,3.28,-383.38,-0.39,-3282.92,-3.32,416.95,0.42
20260609,000837.SZ,秦川机床,4.58,13.25,2862.62,2.5,-492.06,-0.43,3354.68,2.93,5480.09,4.78,-8342.71,-7.28
20260609,300634.SZ,彩讯股份,2.52,24.03,2860.49,6.34,-207.51,-0.46,3068.0,6.8,1486.61,3.29,-4347.1,-9.63
20260609,688697.SH,纽威数控,4.95,20.99,2858.0,11.29,1457.68,5.76,1400.32,5.53,-643.74,-2.54,-2214.26,-8.75
20260609,002036.SZ,联创电子,3.25,8.9,2856.33,4.78,975.2,1.63,1881.13,3.15,322.46,0.54,-3178.8,-5.32
20260609,601600.SH,中国铝业,1.3,10.15,2852.98,1.35,-3910.96,-1.85,6763.93,3.2,-6417.66,-3.04,3564.69,1.69
20260609,688605.SH,先锋精科,11.33,77.84,2846.77,4.1,4258.2,6.14,-1411.43,-2.03,-1833.68,-2.64,-1013.08,-1.46
20260609,600810.SH,神马股份,5.88,6.3,2839.06,10.66,1194.29,4.48,1644.77,6.17,1591.23,5.97,-4430.29,-16.63
20260609,600360.SH,华微电子,5.86,12.46,2833.42,3.34,4688.69,5.53,-1855.26,-2.19,-2813.58,-3.32,-19.85,-0.02
20260609,002457.SZ,青龙管业,4.9,13.05,2829.61,4.01,2340.95,3.32,488.66,0.69,-2278.99,-3.23,-550.62,-0.78
20260609,300077.SZ,国民技术,5.96,22.77,2826.91,3.03,2362.4,2.54,464.51,0.5,-191.72,-0.21,-2635.19,-2.83
20260609,601619.SH,嘉泽新能,3.55,4.96,2823.67,11.8,1080.02,4.51,1743.65,7.28,-1344.62,-5.62,-1479.05,-6.18
20260609,000762.SZ,西藏矿业,4.43,27.79,2817.02,4.25,-76.48,-0.12,2893.5,4.36,-420.94,-0.63,-2396.08,-3.61
20260609,688290.SH,景业智能,11.25,68.73,2808.66,8.1,881.71,2.54,1926.95,5.56,743.1,2.14,-3551.76,-10.25
20260609,688223.SH,晶科能源,2.56,5.2,2804.36,4.79,-5.28,-0.01,2809.64,4.8,-1420.03,-2.42,-1384.33,-2.36
20260609,688248.SH,南网科技,3.6,50.36,2790.56,13.63,735.49,3.59,2055.07,10.03,-1107.25,-5.41,-1683.31,-8.22
20260609,600973.SH,宝胜股份,-0.84,7.12,2786.74,5.85,1267.24,2.66,1519.5,3.19,2016.43,4.23,-4803.16,-10.09
20260609,002733.SZ,雄韬股份,6.11,35.62,2784.94,2.2,-1075.5,-0.85,3860.44,3.05,-802.11,-0.63,-1982.83,-1.57
20260609,000887.SZ,中鼎股份,0.14,21.8,2776.06,2.11,2316.54,1.76,459.52,0.35,1092.5,0.83,-3868.56,-2.94
20260609,600009.SH,上海机场,3.09,23.72,2770.83,7.41,2280.05,6.1,490.77,1.31,-779.36,-2.08,-1991.47,-5.33
20260609,300253.SZ,卫宁健康,2.07,7.39,2765.21,9.7,1669.49,5.86,1095.71,3.85,-934.33,-3.28,-1830.88,-6.43
20260609,603989.SH,艾华集团,3.54,33.08,2763.89,3.02,3905.26,4.27,-1141.37,-1.25,-3345.21,-3.65,581.31,0.64
20260609,301565.SZ,中仑新材,4.35,25.88,2762.52,7.63,-416.44,-1.15,3178.96,8.78,1189.2,3.29,-3951.72,-10.92
20260609,605060.SH,联德股份,6.04,50.05,2761.93,8.14,780.82,2.3,1981.11,5.84,-1982.83,-5.85,-779.1,-2.3
20260609,603308.SH,应流股份,1.67,61.46,2760.07,1.89,1462.2,1.0,1297.87,0.89,-13568.53,-9.27,10808.47,7.39
20260609,601688.SH,华泰证券,0.21,18.78,2758.37,1.97,732.87,0.52,2025.5,1.45,3087.61,2.21,-5845.98,-4.18
20260609,002176.SZ,江特电机,3.95,11.05,2748.75,3.11,74.65,0.08,2674.1,3.03,1331.66,1.51,-4080.41,-4.62
20260609,301225.SZ,恒勃股份,-2.12,95.58,2744.1,11.05,2026.02,8.16,718.08,2.89,-114.65,-0.46,-2629.44,-10.58
20260609,603206.SH,嘉环科技,5.47,17.93,2740.5,5.91,732.32,1.58,2008.18,4.33,1138.84,2.45,-3879.34,-8.36
20260609,601665.SH,齐鲁银行,2.64,6.23,2739.84,6.55,-681.89,-1.63,3421.74,8.18,-859.98,-2.06,-1879.86,-4.5
20260609,603757.SH,大元泵业,3.02,53.5,2737.21,5.85,3048.72,6.51,-311.5,-0.67,1264.41,2.7,-4001.63,-8.55
20260609,002244.SZ,滨江集团,-3.23,8.99,2731.99,6.14,1855.62,4.17,876.38,1.97,2145.92,4.82,-4877.92,-10.96
20260609,002459.SZ,晶澳科技,3.48,8.32,2728.17,6.12,3700.47,8.3,-972.3,-2.18,-2299.12,-5.16,-429.05,-0.96
20260609,688631.SH,莱斯信息,3.93,50.04,2726.61,13.91,864.34,4.41,1862.27,9.5,773.4,3.95,-3500.01,-17.85
20260609,000608.SZ,阳光股份,9.97,6.4,2724.01,4.79,1109.27,1.95,1614.74,2.84,-1896.2,-3.34,-827.81,-1.46
20260609,002049.SZ,紫光国微,5.29,73.68,2716.74,1.31,8890.23,4.3,-6173.49,-2.98,-5964.61,-2.88,3247.87,1.57
20260609,603150.SH,万朗磁塑,10.0,74.58,2716.23,11.03,2607.11,10.59,109.12,0.44,-1926.98,-7.83,-789.25,-3.2
20260609,600666.SH,奥瑞德,3.88,4.55,2713.01,4.83,1414.87,2.52,1298.14,2.31,-522.19,-0.93,-2190.82,-3.9
20260609,300580.SZ,贝斯特,-0.08,25.63,2703.74,5.04,1195.38,2.23,1508.37,2.81,866.1,1.61,-3569.84,-6.66
20260609,601377.SH,兴业证券,-0.69,5.76,2696.59,7.81,358.09,1.04,2338.49,6.77,-2580.29,-7.48,-116.3,-0.34
20260609,605580.SH,恒盛能源,-0.61,26.15,2689.35,6.93,1330.57,3.43,1358.78,3.5,-605.29,-1.56,-2084.06,-5.37
20260609,688692.SH,达梦数据,3.36,271.39,2685.51,4.35,1709.06,2.77,976.46,1.58,-2387.43,-3.87,-298.08,-0.48
20260609,002074.SZ,国轩高科,3.2,29.68,2681.65,3.15,1587.7,1.87,1093.95,1.29,-2274.79,-2.67,-406.87,-0.48
20260609,002871.SZ,伟隆股份,9.99,21.58,2678.73,29.09,3107.26,33.74,-428.53,-4.65,-1331.12,-14.45,-1347.6,-14.63
20260609,603360.SH,百傲化学,2.49,19.37,2670.96,8.46,1718.53,5.44,952.43,3.02,-584.92,-1.85,-2086.05,-6.6
20260609,301195.SZ,北路智控,3.98,34.45,2668.72,8.4,1173.49,3.7,1495.23,4.71,-594.29,-1.87,-2074.42,-6.53
20260609,002513.SZ,蓝丰生化,9.94,5.97,2662.97,13.41,901.05,4.54,1761.92,8.87,-227.97,-1.15,-2435.0,-12.27
20260609,300590.SZ,移为通信,4.21,15.1,2653.79,7.81,-611.32,-1.8,3265.11,9.6,3344.85,9.84,-5998.64,-17.64
20260609,002769.SZ,普路通,10.0,8.47,2640.71,17.14,3263.74,21.18,-623.03,-4.04,-976.78,-6.34,-1663.93,-10.8
20260609,000612.SZ,焦作万方,1.82,10.62,2624.11,8.91,814.27,2.77,1809.84,6.15,-582.05,-1.98,-2042.07,-6.94
20260609,002044.SZ,美年健康,2.13,5.28,2591.68,5.85,3590.65,8.1,-998.98,-2.25,-847.15,-1.91,-1744.53,-3.93
20260609,301603.SZ,乔锋智能,2.35,140.6,2586.76,3.81,-3220.45,-4.74,5807.21,8.55,1506.63,2.22,-4093.39,-6.03
20260609,603020.SH,爱普股份,10.02,11.64,2575.34,11.83,1989.54,9.14,585.79,2.69,-682.21,-3.13,-1893.13,-8.7
20260609,000027.SZ,深圳能源,2.68,7.27,2548.48,6.43,1159.47,2.92,1389.02,3.5,-936.67,-2.36,-1611.81,-4.06
20260609,001301.SZ,尚太科技,1.51,90.0,2536.76,6.56,2612.51,6.76,-75.75,-0.2,-1627.37,-4.21,-909.38,-2.35
20260609,300861.SZ,美畅股份,6.16,18.6,2535.37,6.96,955.51,2.62,1579.86,4.34,621.81,1.71,-3157.17,-8.67
20260609,300913.SZ,兆龙互连,2.7,59.4,2516.41,2.47,121.65,0.12,2394.76,2.35,440.13,0.43,-2956.54,-2.91
20260609,603578.SH,三星新材,-4.15,13.87,2492.79,11.16,-1130.81,-5.06,3623.6,16.22,909.13,4.07,-3401.93,-15.23
20260609,002346.SZ,柘中股份,4.51,17.61,2481.14,13.8,247.3,1.38,2233.84,12.42,-270.03,-1.5,-2211.12,-12.3
20260609,301218.SZ,华是科技,1.84,41.43,2479.47,8.02,1112.46,3.6,1367.02,4.42,-2229.42,-7.21,-250.05,-0.81
20260609,301018.SZ,申菱环境,13.61,104.0,2467.17,1.21,1207.78,0.59,1259.39,0.62,-9200.15,-4.53,6732.98,3.31
20260609,300234.SZ,开尔新材,1.07,9.46,2461.35,6.89,205.81,0.58,2255.54,6.31,-1118.87,-3.13,-1342.49,-3.76
20260609,002150.SZ,正泰电源,3.73,26.44,2454.99,5.92,1328.06,3.2,1126.94,2.72,473.24,1.14,-2928.23,-7.06
20260609,603773.SH,沃格光电,10.0,150.15,2444.6,0.52,1224.56,0.26,1220.04,0.26,1047.67,0.22,-3492.28,-0.74
20260609,301155.SZ,海力风电,1.35,48.14,2442.33,9.52,127.23,0.5,2315.1,9.03,-2902.73,-11.32,460.4,1.8
20260609,688260.SH,昀冢科技,19.77,91.55,2425.98,3.59,2866.46,4.25,-440.48,-0.65,-6281.95,-9.31,3855.97,5.71
20260609,688219.SH,会通股份,7.45,11.82,2419.09,15.6,996.99,6.43,1422.1,9.17,-308.72,-1.99,-2110.37,-13.61
20260609,688720.SH,艾森股份,8.38,94.9,2418.57,6.29,1246.93,3.24,1171.64,3.05,-2714.33,-7.06,295.76,0.77
20260609,600986.SH,浙文互联,1.76,8.11,2406.5,6.08,1526.3,3.86,880.2,2.22,-1717.3,-4.34,-689.2,-1.74
20260609,300557.SZ,理工光科,2.56,30.82,2403.33,6.79,773.48,2.19,1629.85,4.61,-159.81,-0.45,-2243.52,-6.34
20260609,688779.SH,五矿新能,2.35,8.26,2400.85,11.71,-0.57,0.0,2401.41,11.72,-484.22,-2.36,-1916.63,-9.35
20260609,002649.SZ,博彦科技,3.85,9.44,2387.66,13.48,667.53,3.77,1720.13,9.71,479.41,2.71,-2867.07,-16.18
20260609,000050.SZ,深天马Ａ,1.22,8.32,2373.71,4.85,796.56,1.63,1577.15,3.22,955.56,1.95,-3329.27,-6.81
20260609,603129.SH,春风动力,2.04,240.0,2366.8,4.04,-80.28,-0.14,2447.07,4.18,1249.61,2.13,-3616.41,-6.17
20260609,688788.SH,科思科技,19.15,50.4,2349.86,12.41,2226.46,11.76,123.4,0.65,-625.78,-3.31,-1724.07,-9.11
20260609,300137.SZ,先河环保,-2.16,18.12,2345.88,4.04,-902.5,-1.55,3248.38,5.6,-2118.76,-3.65,-227.12,-0.39
20260609,002265.SZ,建设工业,4.6,20.46,2344.33,10.16,727.47,3.15,1616.86,7.01,6.38,0.03,-2350.71,-10.19
20260609,300196.SZ,长海股份,9.78,24.35,2328.06,2.52,314.89,0.34,2013.17,2.18,-2641.84,-2.86,313.78,0.34
20260609,300686.SZ,智动力,2.12,17.31,2322.64,8.15,1143.24,4.01,1179.41,4.14,480.52,1.69,-2803.16,-9.83
20260609,688512.SH,慧智微-U,11.39,13.79,2317.02,6.66,2099.69,6.03,217.34,0.62,-866.82,-2.49,-1450.2,-4.17
20260609,300936.SZ,中英科技,6.46,106.56,2314.03,5.91,1871.31,4.78,442.72,1.13,-365.24,-0.93,-1948.79,-4.98
20260609,601066.SH,中信建投,2.34,24.96,2298.2,2.6,-914.31,-1.03,3212.51,3.63,-317.12,-0.36,-1981.08,-2.24
20260609,300073.SZ,当升科技,3.35,49.67,2294.73,3.5,1958.16,2.99,336.57,0.51,-1637.84,-2.5,-656.9,-1.0
20260609,601966.SH,玲珑轮胎,0.84,12.04,2293.63,16.8,1131.18,8.29,1162.45,8.52,-1927.62,-14.12,-366.01,-2.68
20260609,603316.SH,诚邦股份,4.74,20.1,2291.61,7.47,630.4,2.05,1661.21,5.41,221.77,0.72,-2513.38,-8.19
20260609,002151.SZ,北斗星通,2.36,33.9,2285.15,4.52,853.53,1.69,1431.62,2.83,-3554.17,-7.03,1269.02,2.51
20260609,000859.SZ,国风新材,6.69,11.17,2282.83,2.21,1025.64,0.99,1257.18,1.22,-1645.16,-1.59,-637.67,-0.62
20260609,601133.SH,柏诚股份,5.6,28.65,2271.62,3.6,1713.77,2.72,557.85,0.88,1518.69,2.41,-3790.31,-6.01
20260609,002132.SZ,恒星科技,-1.38,5.7,2268.4,3.68,429.52,0.7,1838.87,2.98,342.19,0.55,-2610.58,-4.23
20260609,688535.SH,华海诚科,5.84,114.12,2242.01,2.82,1087.15,1.37,1154.86,1.45,-975.82,-1.23,-1266.19,-1.59
20260609,000552.SZ,甘肃能化,-3.93,2.69,2235.06,9.12,1801.25,7.35,433.81,1.77,162.32,0.66,-2397.38,-9.78
20260609,600221.SH,海航控股,1.39,1.46,2220.21,4.8,-2034.19,-4.4,4254.4,9.2,-1769.36,-3.83,-450.85,-0.97
20260609,601009.SH,南京银行,0.88,11.46,2211.6,4.97,3235.09,7.27,-1023.49,-2.3,-2020.79,-4.54,-190.82,-0.43
20260609,601069.SH,西部黄金,2.11,25.12,2205.21,8.16,716.57,2.65,1488.64,5.51,-3136.87,-11.61,931.67,3.45
20260609,002506.SZ,协鑫集成,2.15,3.32,2202.07,2.46,-2373.52,-2.65,4575.59,5.12,-4398.06,-4.92,2195.98,2.46
20260609,300763.SZ,锦浪科技,-0.11,93.72,2200.35,1.89,-1801.76,-1.55,4002.12,3.44,-1440.78,-1.24,-759.57,-0.65
20260609,000925.SZ,众合科技,3.91,8.5,2199.22,4.6,2130.84,4.45,68.38,0.14,-360.04,-0.75,-1839.18,-3.84
20260609,688336.SH,三生国健,2.06,54.6,2196.37,7.65,1145.24,3.99,1051.13,3.66,-942.07,-3.28,-1254.3,-4.37
20260609,002654.SZ,万润科技,4.64,14.87,2195.49,3.65,992.05,1.65,1203.44,2.0,-1018.56,-1.69,-1176.94,-1.96
20260609,601997.SH,贵阳银行,0.68,5.96,2182.14,6.8,2127.9,6.63,54.24,0.17,-1591.67,-4.96,-590.47,-1.84
20260609,300059.SZ,东方财富,0.9,17.88,2166.03,0.54,17559.15,4.38,-15393.11,-3.84,-9007.03,-2.25,6841.0,1.71
20260609,000528.SZ,柳    工,1.74,8.76,2161.35,7.4,1160.17,3.97,1001.19,3.43,-572.1,-1.96,-1589.26,-5.44
20260609,002201.SZ,九鼎新材,7.34,10.97,2160.48,3.55,428.22,0.7,1732.25,2.85,4034.49,6.64,-6194.97,-10.19
20260609,002366.SZ,融发核电,3.81,6.27,2154.57,5.42,1178.88,2.97,975.69,2.46,-363.07,-0.91,-1791.5,-4.51
20260609,603335.SH,迪生力,10.03,7.68,2149.43,9.72,890.9,4.03,1258.53,5.69,-1102.69,-4.99,-1046.74,-4.73
20260609,688020.SH,方邦股份,13.63,147.72,2146.66,2.86,1288.67,1.72,857.99,1.14,-2391.84,-3.19,245.18,0.33
20260609,300353.SZ,东土科技,2.98,22.49,2146.41,1.84,2616.19,2.24,-469.78,-0.4,-525.88,-0.45,-1620.52,-1.39
20260609,301127.SZ,武汉天源,3.29,13.51,2140.81,10.03,2458.93,11.52,-318.12,-1.49,558.1,2.61,-2698.91,-12.64
20260609,300455.SZ,航天智装,2.59,22.54,2139.36,10.1,-31.29,-0.15,2170.65,10.25,695.46,3.28,-2834.81,-13.39
20260609,688717.SH,艾罗能源,4.1,95.11,2138.5,4.4,3039.92,6.25,-901.42,-1.85,-2316.25,-4.76,177.75,0.37
20260609,300012.SZ,华测检测,1.73,14.1,2126.39,6.49,681.63,2.08,1444.76,4.41,3170.94,9.68,-5297.33,-16.17
20260609,688303.SH,大全能源,-2.16,20.43,2121.57,4.27,-1058.71,-2.13,3180.27,6.4,752.43,1.51,-2873.99,-5.78
20260609,600115.SH,中国东航,1.6,3.81,2120.76,2.52,7242.02,8.6,-5121.26,-6.08,-2012.9,-2.39,-107.86,-0.13
20260609,301302.SZ,华如科技,1.23,30.49,2115.29,2.57,-199.32,-0.24,2314.6,2.81,1863.89,2.27,-3979.17,-4.84
20260609,600869.SH,远东股份,7.91,29.62,2113.63,0.55,-1435.75,-0.37,3549.38,0.92,3372.47,0.88,-5486.1,-1.43
20260609,300733.SZ,西菱动力,3.67,13.84,2112.16,15.72,370.79,2.76,1741.36,12.96,-569.81,-4.24,-1542.35,-11.48
20260609,600116.SH,三峡水利,0.46,6.55,2111.52,9.15,1053.12,4.56,1058.4,4.59,841.17,3.64,-2952.69,-12.79
20260609,601099.SH,太平洋,0.32,3.17,2106.08,7.32,1381.22,4.8,724.86,2.52,-2605.86,-9.05,499.78,1.74
20260609,300688.SZ,创业黑马,4.07,26.88,2104.06,13.96,695.31,4.61,1408.75,9.34,-748.13,-4.96,-1355.93,-8.99
20260609,002145.SZ,钛能化学,2.86,4.32,2103.16,9.87,1587.93,7.45,515.23,2.42,-977.87,-4.59,-1125.29,-5.28
20260609,688138.SH,清溢光电,5.62,32.5,2099.97,7.07,-268.94,-0.91,2368.91,7.98,-530.97,-1.79,-1568.99,-5.29
20260609,002279.SZ,久其软件,4.53,7.15,2099.74,6.22,1003.14,2.97,1096.6,3.25,341.5,1.01,-2441.25,-7.23
20260609,688679.SH,通源环境,9.07,56.76,2097.48,7.25,-40.11,-0.14,2137.59,7.39,-1694.95,-5.86,-402.53,-1.39
20260609,300919.SZ,中伟新材,3.25,47.08,2097.29,3.22,265.74,0.41,1831.55,2.81,1076.62,1.65,-3173.91,-4.87
20260609,002641.SZ,公元股份,3.54,4.39,2094.37,11.86,962.8,5.45,1131.57,6.41,426.94,2.42,-2521.31,-14.28
20260609,300828.SZ,锐新科技,0.11,18.78,2093.05,11.25,45.08,0.24,2047.97,11.01,2143.57,11.52,-4236.63,-22.78
20260609,301291.SZ,明阳电气,2.18,45.91,2092.47,6.07,700.28,2.03,1392.19,4.04,-1405.96,-4.08,-686.5,-1.99
20260609,300099.SZ,尤洛卡,5.98,7.98,2084.34,8.66,145.82,0.61,1938.51,8.05,679.75,2.82,-2764.09,-11.48
20260609,603916.SH,苏博特,9.65,13.97,2083.28,4.08,2039.13,3.99,44.15,0.09,-385.28,-0.75,-1698.0,-3.33
20260609,605277.SH,新亚电子,3.22,22.09,2077.81,6.29,793.08,2.4,1284.73,3.89,668.96,2.02,-2746.76,-8.31
20260609,688691.SH,灿芯股份,4.93,94.94,2067.55,4.38,-650.23,-1.38,2717.78,5.76,-528.36,-1.12,-1539.19,-3.26
20260609,002422.SZ,科伦药业,3.31,35.0,2059.28,4.46,-687.4,-1.49,2746.68,5.95,-524.46,-1.14,-1534.83,-3.32
20260609,000099.SZ,中信海直,2.56,16.44,2049.56,5.43,1302.44,3.45,747.12,1.98,619.23,1.64,-2668.79,-7.07
20260609,001400.SZ,江顺科技,-4.98,117.65,2047.42,4.01,1854.51,3.63,192.91,0.38,-480.9,-0.94,-1566.53,-3.07
20260609,000951.SZ,中国重汽,0.43,23.36,2047.16,6.93,-291.16,-0.99,2338.32,7.91,2496.3,8.45,-4543.46,-15.37
20260609,688550.SH,瑞联新材,3.0,45.63,2043.93,6.99,2000.12,6.84,43.81,0.15,1351.54,4.62,-3395.47,-11.6
20260609,601333.SH,广深铁路,0.66,3.05,2037.44,12.86,2191.92,13.84,-154.48,-0.98,-322.36,-2.03,-1715.07,-10.83
20260609,688661.SH,和林微纳,-0.19,114.37,2037.18,4.12,-38.15,-0.08,2075.33,4.19,-1196.47,-2.42,-840.71,-1.7
20260609,688359.SH,三孚新科,6.41,142.18,2034.18,3.27,-21.04,-0.03,2055.22,3.3,658.7,1.06,-2692.89,-4.32
20260609,300098.SZ,高新兴,1.35,5.24,2023.47,9.49,923.68,4.33,1099.79,5.16,387.96,1.82,-2411.42,-11.31
20260609,300843.SZ,胜蓝股份,3.01,87.15,2016.7,4.78,1294.12,3.07,722.58,1.71,-2104.6,-4.99,87.9,0.21
20260609,300779.SZ,惠城环保,4.4,77.78,2014.61,3.38,684.55,1.15,1330.06,2.23,1239.1,2.08,-3253.7,-5.47
20260609,301382.SZ,蜂助手,2.99,38.6,2003.95,5.54,269.43,0.74,1734.52,4.79,1232.55,3.41,-3236.5,-8.94
20260609,600579.SH,中化装备,9.97,7.17,2003.16,19.17,482.98,4.62,1520.19,14.55,-95.85,-0.92,-1907.31,-18.25
20260609,601995.SH,中金公司,-1.25,32.3,1996.58,4.48,58.63,0.13,1937.95,4.35,-1436.69,-3.22,-559.9,-1.26
20260609,300294.SZ,博雅生物,2.04,16.49,1992.01,15.01,1830.49,13.79,161.52,1.22,-1047.73,-7.89,-944.28,-7.11
20260609,002948.SZ,青岛银行,3.29,5.65,1989.29,6.98,731.77,2.57,1257.52,4.42,170.09,0.6,-2159.38,-7.58
20260609,603036.SH,如通股份,6.53,14.84,1986.94,6.95,198.37,0.69,1788.57,6.26,619.14,2.17,-2606.08,-9.12
20260609,002643.SZ,万润股份,4.74,14.37,1985.79,6.78,753.44,2.57,1232.35,4.21,526.24,1.8,-2512.02,-8.58
20260609,002963.SZ,豪尔赛,1.07,17.93,1977.83,8.66,-199.74,-0.87,2177.57,9.53,1486.01,6.51,-3463.84,-15.17
20260609,002493.SZ,荣盛石化,-1.24,11.11,1976.06,3.68,-1489.41,-2.77,3465.47,6.45,-704.35,-1.31,-1271.71,-2.37
20260609,688039.SH,当虹科技,6.59,45.14,1974.36,10.35,1224.32,6.42,750.05,3.93,-175.63,-0.92,-1798.73,-9.43
20260609,002976.SZ,瑞玛精密,9.99,31.27,1972.61,34.7,2460.64,43.29,-488.03,-8.59,-1206.12,-21.22,-766.49,-13.48
20260609,301210.SZ,金杨精密,1.66,29.97,1972.23,6.51,1044.02,3.44,928.21,3.06,1100.42,3.63,-3072.65,-10.14
20260609,002831.SZ,裕同科技,4.85,28.73,1965.36,3.34,-661.82,-1.12,2627.18,4.47,-585.25,-0.99,-1380.11,-2.35
20260609,002025.SZ,航天电器,2.82,61.36,1963.66,1.55,5363.09,4.23,-3399.43,-2.68,-4894.46,-3.86,2930.8,2.31
20260609,600886.SH,国投电力,0.74,13.63,1957.6,4.35,1725.32,3.83,232.28,0.52,61.15,0.14,-2018.75,-4.48
20260609,688711.SH,宏微科技,20.01,35.69,1955.93,2.21,6220.9,7.03,-4264.97,-4.82,-6797.76,-7.68,4841.83,5.47
20260609,300005.SZ,探路者,1.55,15.03,1952.31,6.43,-894.61,-2.95,2846.92,9.38,299.87,0.99,-2252.18,-7.42
20260609,002173.SZ,创新医疗,1.86,17.56,1945.57,6.41,413.99,1.36,1531.58,5.04,-1857.64,-6.12,-87.93,-0.29
20260609,002410.SZ,广联达,2.51,9.39,1943.26,6.71,1503.66,5.19,439.6,1.52,-185.11,-0.64,-1758.15,-6.07
20260609,605289.SH,罗曼股份,1.21,105.76,1942.95,7.35,249.1,0.94,1693.85,6.41,-384.88,-1.46,-1558.06,-5.9
20260609,600509.SH,天富能源,2.08,8.33,1925.95,5.26,729.91,1.99,1196.04,3.27,1313.42,3.59,-3239.37,-8.84
20260609,000551.SZ,创元科技,4.01,15.03,1917.82,10.11,1012.67,5.34,905.15,4.77,-409.01,-2.16,-1508.81,-7.95
20260609,688163.SH,赛伦生物,0.61,38.0,1907.34,19.6,99.08,1.02,1808.26,18.59,-533.99,-5.49,-1373.35,-14.12
20260609,600633.SH,浙数文化,5.06,11.84,1900.19,4.88,-664.08,-1.71,2564.27,6.59,958.95,2.46,-2859.14,-7.35
20260609,002937.SZ,兴瑞科技,4.55,35.37,1898.3,4.76,2106.59,5.28,-208.29,-0.52,-1453.54,-3.65,-444.76,-1.12
20260609,603303.SH,得邦照明,10.0,29.37,1898.05,6.59,2614.07,9.07,-716.02,-2.48,354.9,1.23,-2252.95,-7.82
20260609,300538.SZ,同益股份,6.02,18.15,1888.02,6.9,517.79,1.89,1370.23,5.01,381.94,1.4,-2269.96,-8.3
20260609,300708.SZ,聚灿光电,3.08,8.7,1886.55,8.53,895.14,4.05,991.41,4.48,-941.04,-4.25,-945.51,-4.27
20260609,600660.SH,福耀玻璃,0.49,53.41,1884.88,3.88,-1165.53,-2.4,3050.41,6.28,-3079.48,-6.34,1194.6,2.46
20260609,002452.SZ,长高电气,2.33,11.4,1867.48,8.51,771.21,3.51,1096.26,5.0,-662.94,-3.02,-1204.54,-5.49
20260609,001313.SZ,粤海饲料,7.51,7.59,1855.65,12.43,232.73,1.56,1622.92,10.87,798.82,5.35,-2654.47,-17.78
20260609,688029.SH,南微医学,0.35,71.5,1855.63,12.84,1002.19,6.94,853.44,5.91,49.51,0.34,-1905.14,-13.18
20260609,601096.SH,XD宏盛华,1.71,4.75,1852.63,8.74,692.29,3.27,1160.33,5.47,1874.01,8.84,-3726.64,-17.58
20260609,688226.SH,威腾电气,3.63,45.1,1848.28,6.23,237.78,0.8,1610.5,5.43,-1387.13,-4.67,-461.15,-1.55
20260609,603598.SH,引力传媒,0.34,20.9,1846.41,3.97,480.48,1.03,1365.93,2.94,3990.71,8.58,-5837.13,-12.55
20260609,002338.SZ,奥普光电,2.84,51.7,1841.02,6.97,447.91,1.7,1393.11,5.28,-681.8,-2.58,-1159.22,-4.39
20260609,603065.SH,宿迁联盛,10.05,10.4,1836.02,32.29,2411.66,42.41,-575.64,-10.12,-940.68,-16.54,-895.34,-15.75
20260609,688208.SH,道通科技,2.1,29.6,1827.05,4.87,1330.7,3.55,496.35,1.32,742.97,1.98,-2570.02,-6.86
20260609,002648.SZ,卫星化学,-0.41,24.1,1823.45,1.8,2742.53,2.71,-919.08,-0.91,2852.84,2.82,-4676.28,-4.63
20260609,301397.SZ,溯联股份,8.64,31.7,1823.38,11.27,1204.62,7.44,618.77,3.82,277.4,1.71,-2100.79,-12.98
20260609,688056.SH,莱伯泰科,12.34,52.0,1819.21,5.61,2098.05,6.47,-278.84,-0.86,-1392.64,-4.3,-426.57,-1.32
20260609,300567.SZ,精测电子,6.23,188.88,1798.8,1.44,942.88,0.76,855.92,0.69,-11060.7,-8.86,9261.9,7.42
20260609,300871.SZ,回盛生物,3.95,21.84,1797.55,7.45,875.14,3.62,922.41,3.82,2360.68,9.78,-4158.23,-17.22
20260609,603345.SH,安井食品,1.03,89.01,1783.44,4.46,2217.63,5.54,-434.19,-1.09,-2083.38,-5.21,299.94,0.75
20260609,002350.SZ,北京科锐,3.62,14.59,1776.14,9.13,81.44,0.42,1694.71,8.71,-163.45,-0.84,-1612.69,-8.29
20260609,601929.SH,吉视传媒,1.64,2.48,1774.31,9.0,1942.7,9.86,-168.39,-0.85,-713.92,-3.62,-1060.39,-5.38
20260609,603112.SH,华翔股份,4.27,19.8,1758.86,4.57,1116.17,2.9,642.69,1.67,-2642.84,-6.87,883.97,2.3
20260609,002010.SZ,传化智联,0.61,4.92,1754.11,18.65,1089.1,11.58,665.0,7.07,-1211.08,-12.88,-543.03,-5.77
20260609,002277.SZ,友阿股份,5.49,6.72,1752.53,9.67,427.09,2.36,1325.44,7.32,-727.1,-4.01,-1025.43,-5.66
20260609,301231.SZ,荣信文化,5.69,37.52,1750.99,2.58,2068.43,3.05,-317.44,-0.47,411.12,0.61,-2162.11,-3.18
20260609,600320.SH,振华重工,0.0,4.44,1747.08,10.42,1317.66,7.86,429.42,2.56,723.08,4.31,-2470.17,-14.73
20260609,002960.SZ,青鸟智控,0.6,8.44,1732.29,10.43,-126.49,-0.76,1858.78,11.19,574.57,3.46,-2306.86,-13.88
20260609,688800.SH,瑞可达,6.09,122.69,1730.7,1.11,-2666.36,-1.7,4397.06,2.81,-8393.42,-5.36,6662.72,4.26
20260609,688262.SH,国芯科技,1.71,33.4,1727.24,4.32,-389.8,-0.97,2117.04,5.3,107.06,0.27,-1834.31,-4.59
20260609,300428.SZ,立中集团,3.66,19.28,1720.28,8.9,578.69,2.99,1141.59,5.91,1179.01,6.1,-2899.29,-15.0
20260609,001287.SZ,中电港,4.8,26.64,1717.36,1.75,2015.62,2.06,-298.26,-0.3,2895.38,2.96,-4612.74,-4.71
20260609,002340.SZ,格林美,2.48,7.02,1713.46,2.3,732.7,0.98,980.76,1.32,-1190.75,-1.6,-522.71,-0.7
20260609,301176.SZ,逸豪新材,11.82,44.29,1710.01,3.56,1106.28,2.31,603.73,1.26,-817.79,-1.7,-892.23,-1.86
20260609,603766.SH,隆鑫通用,-1.33,12.58,1704.0,7.94,472.49,2.2,1231.52,5.74,-754.48,-3.52,-949.52,-4.43
20260609,300487.SZ,蓝晓科技,6.25,52.55,1695.68,3.22,-133.52,-0.25,1829.2,3.47,2360.53,4.48,-4056.21,-7.7
20260609,603660.SH,苏州科达,3.31,11.55,1691.67,6.98,906.36,3.74,785.31,3.24,-608.01,-2.51,-1083.66,-4.47
20260609,301626.SZ,苏州天脉,1.7,300.02,1690.95,4.09,97.94,0.24,1593.01,3.85,66.32,0.16,-1757.27,-4.25
20260609,688002.SH,睿创微纳,4.25,121.95,1690.23,1.68,4847.42,4.82,-3157.19,-3.14,1366.73,1.36,-3056.96,-3.04
20260609,603124.SH,江南新材,10.0,166.32,1689.9,1.56,-309.78,-0.29,1999.68,1.84,-3721.4,-3.43,2031.5,1.87
20260609,600293.SH,三峡新材,-2.42,4.03,1688.28,1.84,818.38,0.89,869.9,0.95,795.25,0.87,-2483.53,-2.71
20260609,603669.SH,灵康药业,4.69,4.69,1687.49,5.57,355.27,1.17,1332.21,4.4,-237.51,-0.78,-1449.98,-4.79
20260609,601975.SH,招商南油,0.98,4.12,1682.93,1.63,6800.78,6.6,-5117.85,-4.97,-1528.74,-1.48,-154.19,-0.15
20260609,301076.SZ,新瀚新材,5.84,30.27,1679.48,8.4,571.23,2.86,1108.25,5.54,-1080.38,-5.4,-599.1,-3.0
20260609,002429.SZ,兆驰股份,5.58,11.74,1673.89,1.13,-1303.71,-0.88,2977.59,2.01,1090.34,0.74,-2764.22,-1.87
20260609,002700.SZ,万憬能源,2.78,8.88,1667.54,6.04,1450.92,5.25,216.62,0.78,-795.12,-2.88,-872.41,-3.16
20260609,300972.SZ,万辰集团,-0.19,180.46,1664.72,6.16,629.37,2.33,1035.34,3.83,-746.98,-2.77,-917.73,-3.4
20260609,000868.SZ,安凯客车,3.78,3.84,1645.25,13.17,665.72,5.33,979.53,7.84,-279.3,-2.24,-1365.94,-10.94
20260609,600032.SH,浙江新能,0.74,9.55,1638.46,3.72,1506.39,3.42,132.07,0.3,-157.77,-0.36,-1480.69,-3.36
20260609,600415.SH,小商品城,1.25,11.31,1634.27,1.73,1789.78,1.9,-155.51,-0.16,-2978.25,-3.16,1343.98,1.43
20260609,600208.SH,衢州发展,2.17,2.82,1634.03,5.49,2111.32,7.09,-477.28,-1.6,-1593.31,-5.35,-40.72,-0.14
20260609,300863.SZ,卡倍亿,4.16,71.19,1620.33,1.84,1157.97,1.31,462.36,0.52,-1221.42,-1.38,-398.92,-0.45
20260609,600839.SH,四川长虹,1.61,6.94,1617.02,3.35,2152.33,4.46,-535.31,-1.11,-1570.1,-3.25,-46.92,-0.1
20260609,000530.SZ,冰山冷热,5.24,6.83,1616.76,2.67,1364.98,2.25,251.78,0.42,-1576.94,-2.6,-39.82,-0.07
20260609,601858.SH,中国科传,3.49,22.27,1616.0,8.06,967.08,4.83,648.92,3.24,58.48,0.29,-1674.49,-8.36
20260609,603042.SH,华脉科技,4.4,20.15,1611.86,6.53,685.09,2.78,926.77,3.76,-1738.96,-7.05,127.1,0.52
20260609,600023.SH,浙能电力,0.5,5.98,1607.08,5.3,708.24,2.34,898.83,2.96,-1072.65,-3.54,-534.43,-1.76
20260609,300109.SZ,新开源,4.61,17.26,1606.11,11.65,921.63,6.68,684.48,4.96,-794.3,-5.76,-811.81,-5.89
20260609,603888.SH,新华网,-0.51,19.4,1605.86,2.62,1928.75,3.14,-322.89,-0.53,3067.03,5.0,-4672.89,-7.62
20260609,688180.SH,君实生物-U,1.24,29.29,1605.56,4.95,623.11,1.92,982.45,3.03,-1427.1,-4.4,-178.46,-0.55
20260609,603138.SH,海量数据,2.34,17.53,1602.4,7.93,348.88,1.73,1253.52,6.21,-557.97,-2.76,-1044.43,-5.17
20260609,688677.SH,海泰新光,5.92,124.72,1601.51,2.08,-175.29,-0.23,1776.8,2.31,-2355.49,-3.06,753.98,0.98
20260609,601216.SH,君正集团,2.41,5.1,1600.92,5.06,1724.26,5.45,-123.34,-0.39,147.89,0.47,-1748.81,-5.53
20260609,002185.SZ,华天科技,5.0,17.64,1591.89,0.33,-953.13,-0.2,2545.02,0.53,656.87,0.14,-2248.76,-0.47
20260609,603155.SH,新亚强,5.81,20.76,1581.03,6.54,691.14,2.86,889.89,3.68,-1524.59,-6.31,-56.44,-0.23
20260609,301286.SZ,侨源股份,10.41,64.38,1580.01,4.82,107.57,0.33,1472.44,4.5,1082.19,3.3,-2662.2,-8.13
20260609,600605.SH,汇通能源,3.37,30.08,1563.25,12.27,-134.92,-1.06,1698.17,13.33,387.57,3.04,-1950.82,-15.31
20260609,002553.SZ,南方精工,1.3,18.67,1560.54,5.68,450.45,1.64,1110.09,4.04,1920.82,6.99,-3481.36,-12.67
20260609,688722.SH,同益中,10.79,18.18,1560.45,8.69,659.55,3.67,900.9,5.02,88.27,0.49,-1648.72,-9.18
20260609,300758.SZ,七彩化学,6.32,11.94,1557.24,6.53,-14.57,-0.06,1571.81,6.59,682.38,2.86,-2239.62,-9.39
20260609,002772.SZ,众兴菌业,6.83,12.99,1549.83,7.24,141.06,0.66,1408.77,6.58,1126.08,5.26,-2675.91,-12.49
20260609,688239.SH,航宇科技,3.08,54.16,1548.12,4.12,-1744.24,-4.64,3292.36,8.75,-1206.18,-3.21,-341.94,-0.91
20260609,688080.SH,映翰通,4.58,43.4,1536.08,13.86,95.05,0.86,1441.03,13.0,-165.13,-1.49,-1370.95,-12.37
20260609,000807.SZ,云铝股份,-0.37,26.7,1532.75,0.98,3303.25,2.11,-1770.5,-1.13,-16904.89,-10.8,15372.14,9.82
20260609,300910.SZ,瑞丰新材,3.85,33.47,1528.76,6.51,159.26,0.68,1369.5,5.83,-464.5,-1.98,-1064.26,-4.53
20260609,600868.SH,梅雁吉祥,-2.12,3.23,1521.56,3.84,1063.21,2.68,458.35,1.16,-2585.01,-6.52,1063.45,2.68
20260609,600690.SH,海尔智家,-0.5,20.07,1511.0,1.84,-1115.46,-1.36,2626.45,3.21,-3831.13,-4.68,2320.14,2.83
20260609,605069.SH,正和生态,9.99,11.34,1505.9,25.72,1309.9,22.37,196.0,3.35,-948.63,-16.2,-557.27,-9.52
20260609,600109.SH,国金证券,2.73,7.9,1503.52,4.69,1196.85,3.73,306.66,0.96,-1696.21,-5.29,192.69,0.6
20260609,300496.SZ,中科创达,1.96,66.01,1502.9,1.08,1317.36,0.95,185.54,0.13,4827.45,3.48,-6330.35,-4.56
20260609,002979.SZ,雷赛智能,0.29,54.86,1501.85,1.41,551.26,0.52,950.59,0.89,2859.04,2.68,-4360.89,-4.08
20260609,301629.SZ,矽电股份,6.42,358.3,1501.23,2.99,1138.96,2.27,362.26,0.72,-177.42,-0.35,-1323.81,-2.63
20260609,688277.SH,天智航-U,6.5,17.86,1498.55,7.74,212.36,1.1,1286.19,6.65,185.79,0.96,-1684.34,-8.7
20260609,300305.SZ,裕兴股份,5.47,7.52,1494.4,5.45,935.86,3.41,558.55,2.04,76.6,0.28,-1571.0,-5.73
20260609,600826.SH,兰生股份,3.21,9.33,1490.91,13.59,569.28,5.19,921.63,8.4,40.04,0.37,-1530.95,-13.96
20260609,002992.SZ,宝明科技,7.4,43.98,1490.66,14.19,63.13,0.6,1427.53,13.59,-681.57,-6.49,-809.09,-7.7
20260609,300907.SZ,康平科技,-0.58,50.06,1490.44,5.1,400.78,1.37,1089.66,3.73,-1599.21,-5.48,108.77,0.37
20260609,688272.SH,富吉瑞,4.33,36.13,1486.36,11.73,888.57,7.01,597.79,4.72,414.27,3.27,-1900.63,-14.99
20260609,000068.SZ,华控赛格,-3.32,3.79,1485.98,2.85,899.75,1.73,586.23,1.12,-3180.74,-6.1,1694.76,3.25
20260609,300807.SZ,天迈科技,-0.47,42.4,1484.02,11.9,1149.16,9.22,334.87,2.69,187.87,1.51,-1671.89,-13.41
20260609,300499.SZ,高澜股份,6.15,36.09,1479.09,1.66,2007.06,2.25,-527.97,-0.59,-214.23,-0.24,-1264.87,-1.42
20260609,002249.SZ,大洋电机,-0.24,8.36,1472.56,4.91,1187.82,3.96,284.74,0.95,-33.1,-0.11,-1439.45,-4.8
20260609,301319.SZ,唯特偶,3.14,148.0,1467.54,0.8,3172.05,1.72,-1704.51,-0.93,1568.45,0.85,-3035.99,-1.65
20260609,301236.SZ,软通动力,2.83,44.76,1464.58,0.42,4810.54,1.38,-3345.96,-0.96,750.01,0.22,-2214.59,-0.64
20260609,300244.SZ,迪安诊断,2.52,16.66,1458.41,5.57,76.31,0.29,1382.1,5.28,141.4,0.54,-1599.81,-6.11
20260609,688578.SH,艾力斯,-0.4,80.02,1453.95,4.02,261.82,0.72,1192.14,3.29,-1976.49,-5.46,522.54,1.44
20260609,601199.SH,江南水务,0.0,5.62,1452.66,20.47,771.37,10.87,681.29,9.6,270.3,3.81,-1722.96,-24.28
20260609,300766.SZ,每日互动,2.51,24.12,1442.45,4.75,374.65,1.23,1067.8,3.52,-753.3,-2.48,-689.15,-2.27
20260609,300671.SZ,富满微,13.15,46.2,1441.79,2.18,3179.12,4.8,-1737.33,-2.62,89.08,0.13,-1530.88,-2.31
20260609,300465.SZ,高伟达,3.48,16.07,1436.12,2.62,737.54,1.35,698.57,1.28,-1878.19,-3.43,442.08,0.81
20260609,600588.SH,用友网络,2.08,10.8,1433.98,2.2,-269.88,-0.41,1703.87,2.61,1757.74,2.69,-3191.72,-4.89
20260609,603893.SH,瑞芯微,4.01,170.27,1428.62,0.97,4278.99,2.92,-2850.37,-1.94,-4334.6,-2.95,2905.98,1.98
20260609,300267.SZ,尔康制药,3.03,3.4,1425.37,11.78,37.97,0.31,1387.4,11.46,-597.63,-4.94,-827.74,-6.84
20260609,603175.SH,超颖电子,5.52,83.2,1419.81,4.66,215.3,0.71,1204.51,3.95,-1101.97,-3.62,-317.83,-1.04
20260609,000012.SZ,南  玻Ａ,2.09,4.4,1418.5,4.77,458.05,1.54,960.45,3.23,-179.64,-0.6,-1238.86,-4.17
20260609,002587.SZ,奥拓电子,4.7,7.13,1415.81,4.88,151.3,0.52,1264.51,4.36,1521.58,5.24,-2937.39,-10.12
20260609,600502.SH,安徽建工,-0.62,4.83,1414.47,14.08,302.18,3.01,1112.29,11.07,72.08,0.72,-1486.55,-14.8
20260609,301488.SZ,豪恩汽电,4.9,169.18,1410.84,1.2,-3302.71,-2.8,4713.55,3.99,-847.48,-0.72,-563.36,-0.48
20260609,300547.SZ,川环科技,5.98,34.02,1410.75,3.44,711.58,1.74,699.17,1.71,-616.57,-1.5,-794.17,-1.94
20260609,002962.SZ,五方光电,1.31,20.86,1409.64,1.94,-379.12,-0.52,1788.76,2.46,-323.49,-0.45,-1086.15,-1.5
20260609,002803.SZ,吉宏股份,4.4,20.66,1404.27,6.55,811.64,3.78,592.63,2.76,-1385.78,-6.46,-18.48,-0.09
20260609,000899.SZ,赣能股份,4.39,13.32,1400.34,3.88,415.18,1.15,985.16,2.73,-18.27,-0.05,-1382.07,-3.83
20260609,603090.SH,宏盛股份,1.96,61.44,1398.12,7.38,-602.12,-3.18,2000.25,10.56,51.35,0.27,-1449.47,-7.65
20260609,300920.SZ,润阳科技,1.76,51.34,1398.1,7.16,249.83,1.28,1148.27,5.88,716.8,3.67,-2114.9,-10.84
20260609,605555.SH,德昌股份,1.18,16.24,1398.03,9.73,575.05,4.0,822.97,5.73,313.22,2.18,-1711.24,-11.91
20260609,300105.SZ,龙源技术,-0.14,7.17,1391.02,2.88,-977.81,-2.03,2368.83,4.91,1508.56,3.13,-2899.58,-6.01
20260609,688233.SH,XD神工股,13.79,93.06,1386.83,1.37,-3368.85,-3.34,4755.68,4.71,67.45,0.07,-1454.28,-1.44
20260609,002845.SZ,同兴达,4.5,15.8,1385.21,4.84,206.47,0.72,1178.74,4.12,-1728.54,-6.04,343.33,1.2
20260609,002139.SZ,拓邦股份,0.49,10.24,1381.87,7.15,-116.36,-0.6,1498.23,7.76,97.9,0.51,-1479.77,-7.66
20260609,300446.SZ,航天智造,3.04,15.91,1376.5,8.04,472.8,2.76,903.7,5.28,-23.13,-0.14,-1353.37,-7.91
20260609,002936.SZ,郑州银行,-0.57,1.75,1375.18,11.94,1124.43,9.76,250.76,2.18,432.77,3.76,-1807.95,-15.69
20260609,300317.SZ,珈伟新能,2.94,5.26,1368.88,4.36,1441.12,4.59,-72.24,-0.23,-978.7,-3.12,-390.18,-1.24
20260609,601608.SH,中信重工,1.52,5.35,1367.19,7.26,862.99,4.58,504.2,2.68,-406.0,-2.16,-961.2,-5.11
20260609,300677.SZ,英科医疗,3.44,48.08,1358.51,2.14,523.5,0.82,835.02,1.32,3600.53,5.67,-4959.05,-7.81
20260609,600452.SH,涪陵电力,-0.09,10.92,1358.36,2.97,887.09,1.94,471.27,1.03,-794.87,-1.74,-563.5,-1.23
20260609,600928.SH,西安银行,-0.29,3.48,1358.11,18.94,702.05,9.79,656.06,9.15,-60.32,-0.84,-1297.79,-18.1
20260609,601399.SH,国机重装,0.0,3.68,1351.19,5.53,419.78,1.72,931.41,3.81,-653.21,-2.67,-697.98,-2.86
20260609,601100.SH,恒立液压,2.28,122.5,1343.89,1.06,2192.25,1.72,-848.36,-0.67,-7992.15,-6.28,6648.26,5.22
20260609,603050.SH,科林电气,3.94,20.03,1343.27,5.67,1001.22,4.23,342.05,1.44,618.76,2.61,-1962.03,-8.28
20260609,002439.SZ,启明星辰,1.49,13.58,1339.56,6.21,272.05,1.26,1067.51,4.95,-634.59,-2.94,-704.97,-3.27
20260609,000708.SZ,中信特钢,1.58,13.5,1338.95,7.34,902.09,4.94,436.87,2.39,-1369.61,-7.51,30.65,0.17
20260609,301510.SZ,固高科技,-0.79,33.86,1337.73,3.47,390.57,1.01,947.15,2.46,-226.2,-0.59,-1111.53,-2.88
20260609,688249.SH,晶合集成,3.81,39.54,1334.45,1.43,1557.87,1.66,-223.42,-0.24,-4038.02,-4.31,2703.57,2.89
20260609,300315.SZ,掌趣科技,0.7,4.32,1328.54,6.96,999.82,5.24,328.72,1.72,51.72,0.27,-1380.26,-7.23
20260609,002518.SZ,科士达,1.75,48.85,1324.82,2.35,-744.55,-1.32,2069.37,3.66,1199.18,2.12,-2523.99,-4.47
20260609,002158.SZ,汉钟精机,4.07,28.36,1324.45,4.2,-741.23,-2.35,2065.68,6.55,2498.81,7.92,-3823.26,-12.12
20260609,000893.SZ,亚钾国际,-1.46,46.46,1319.19,2.95,-832.08,-1.86,2151.27,4.82,2334.64,5.23,-3653.83,-8.18
20260609,300192.SZ,科德教育,2.87,16.86,1311.68,6.13,-102.68,-0.48,1414.36,6.61,955.24,4.46,-2266.91,-10.6
20260609,601702.SH,华峰铝业,-4.83,18.13,1307.97,4.4,1085.54,3.65,222.43,0.75,1430.32,4.81,-2738.29,-9.21
20260609,600486.SH,扬农化工,-3.52,54.8,1304.18,2.49,-573.05,-1.1,1877.23,3.59,-1596.53,-3.05,292.35,0.56
20260609,300278.SZ,华昌达,2.84,4.7,1300.19,6.94,-448.09,-2.39,1748.28,9.33,755.16,4.03,-2055.35,-10.96
20260609,688209.SH,英集芯,8.28,21.72,1300.05,4.6,564.67,2.0,735.39,2.6,207.1,0.73,-1507.15,-5.33
20260609,688699.SH,明微电子,6.87,59.1,1299.04,6.76,-3.25,-0.02,1302.28,6.78,-102.26,-0.53,-1196.78,-6.23
20260609,300872.SZ,天阳科技,3.85,18.88,1292.79,2.64,1895.21,3.87,-602.42,-1.23,1722.38,3.52,-3015.17,-6.16
20260609,600478.SH,科力远,1.83,5.57,1287.5,9.44,497.39,3.65,790.11,5.79,-339.63,-2.49,-947.87,-6.95
20260609,688150.SH,XD莱特光,4.35,48.2,1287.31,2.22,3100.8,5.34,-1813.49,-3.12,-3934.71,-6.78,2647.4,4.56
20260609,600741.SH,华域汽车,1.15,16.72,1280.54,5.53,208.23,0.9,1072.31,4.63,325.06,1.4,-1605.6,-6.93
20260609,300206.SZ,理邦仪器,8.52,13.38,1270.04,4.92,355.0,1.38,915.04,3.55,733.15,2.84,-2003.18,-7.76
20260609,002526.SZ,山东矿机,3.08,3.01,1267.13,14.69,138.44,1.6,1128.69,13.08,-476.52,-5.52,-790.61,-9.16
20260609,688808.SH,联讯仪器,0.18,2299.16,1264.54,0.33,9526.25,2.5,-8261.72,-2.17,-1110.77,-0.29,-153.76,-0.04
20260609,002982.SZ,湘佳股份,-6.01,12.67,1262.04,5.27,-282.36,-1.18,1544.4,6.45,1775.19,7.41,-3037.24,-12.68
20260609,000750.SZ,国海证券,0.29,3.51,1259.28,11.98,541.98,5.16,717.3,6.82,-785.37,-7.47,-473.91,-4.51
20260609,603040.SH,新坐标,1.31,91.88,1246.36,4.88,320.1,1.25,926.26,3.62,-459.76,-1.8,-786.6,-3.08
20260609,002122.SZ,ST汇洲,5.12,2.67,1243.53,21.84,571.97,10.04,671.57,11.79,-307.65,-5.4,-935.88,-16.43
20260609,603322.SH,超讯通信,2.1,30.08,1242.77,8.59,759.4,5.25,483.37,3.34,-360.71,-2.49,-882.06,-6.1
20260609,603115.SH,海星股份,5.76,101.0,1242.13,1.51,-297.79,-0.36,1539.93,1.88,-1566.84,-1.91,324.7,0.4
20260609,000830.SZ,鲁西化工,2.73,12.4,1240.19,3.33,1332.82,3.57,-92.63,-0.25,-1441.41,-3.87,201.21,0.54
20260609,601166.SH,兴业银行,-0.49,18.45,1238.95,0.82,-2380.06,-1.57,3619.01,2.39,-8725.23,-5.76,7486.28,4.94
20260609,600728.SH,佳都科技,1.07,4.72,1238.92,11.57,797.62,7.45,441.3,4.12,-42.62,-0.4,-1196.3,-11.17
20260609,600589.SH,大位科技,2.1,10.19,1232.99,1.3,1198.41,1.27,34.58,0.04,-3132.71,-3.31,1899.72,2.01
20260609,300980.SZ,祥源新材,7.17,28.99,1229.19,4.88,357.12,1.42,872.06,3.46,10.71,0.04,-1239.89,-4.92
20260609,000589.SZ,贵州轮胎,0.67,4.51,1228.63,12.34,1167.25,11.72,61.38,0.62,-0.04,0.0,-1228.6,-12.34
20260609,300736.SZ,百邦科技,1.12,29.0,1227.1,5.45,-106.95,-0.48,1334.05,5.93,1194.79,5.31,-2421.89,-10.76
20260609,600520.SH,三佳科技,3.26,29.1,1226.89,4.46,213.44,0.78,1013.45,3.69,49.56,0.18,-1276.46,-4.64
20260609,000758.SZ,中色股份,1.91,6.39,1226.69,5.43,276.49,1.22,950.2,4.21,-225.66,-1.0,-1001.03,-4.43
20260609,601860.SH,XD紫金银,1.16,2.61,1217.79,9.87,1308.99,10.61,-91.2,-0.74,-432.21,-3.5,-785.58,-6.37
20260609,000598.SZ,兴蓉环境,0.3,6.77,1217.54,9.61,261.17,2.06,956.37,7.55,453.09,3.58,-1670.63,-13.19
20260609,600301.SH,XD华锡有,0.8,55.33,1217.45,1.46,1027.3,1.23,190.15,0.23,-4210.29,-5.04,2992.84,3.58
20260609,603015.SH,弘讯科技,3.08,13.04,1215.09,7.19,459.97,2.72,755.13,4.47,-460.51,-2.73,-754.58,-4.47
20260609,002639.SZ,雪人集团,2.79,15.08,1214.94,1.76,-1896.18,-2.74,3111.12,4.5,685.03,0.99,-1899.96,-2.75
20260609,688682.SH,霍莱沃,-5.87,44.12,1213.07,5.1,-36.29,-0.15,1249.36,5.25,1352.67,5.69,-2565.74,-10.79
20260609,688055.SH,龙腾光电,2.01,5.07,1196.88,6.09,90.33,0.46,1106.55,5.63,-686.25,-3.49,-510.64,-2.6
20260609,600637.SH,东方明珠,1.47,8.96,1192.27,3.75,1001.67,3.15,190.6,0.6,-314.91,-0.99,-877.36,-2.76
20260609,689009.SH,九号公司-WD,-2.35,36.08,1187.87,3.17,-850.84,-2.27,2038.71,5.45,-1290.53,-3.45,102.66,0.27
20260609,301678.SZ,新恒汇,8.38,55.11,1185.11,6.44,761.42,4.14,423.69,2.3,-658.31,-3.58,-526.8,-2.86
20260609,600361.SH,创新新材,-1.74,3.96,1184.39,4.27,1296.58,4.68,-112.19,-0.4,469.5,1.69,-1653.89,-5.97
20260609,000034.SZ,神州数码,1.69,23.45,1179.84,2.03,933.26,1.6,246.57,0.42,9.4,0.02,-1189.23,-2.04
20260609,688279.SH,峰岹科技,4.43,209.21,1177.29,2.93,811.64,2.02,365.65,0.91,-922.17,-2.3,-255.12,-0.64
20260609,000010.SZ,*ST美丽,5.19,2.43,1174.06,26.66,206.85,4.7,967.2,21.97,-577.04,-13.11,-597.02,-13.56
20260609,001226.SZ,拓山重工,1.78,51.91,1174.01,12.12,1235.86,12.75,-61.85,-0.64,533.48,5.51,-1707.5,-17.62
20260609,002806.SZ,华锋股份,0.31,19.31,1173.38,1.73,2.42,0.0,1170.96,1.72,1309.75,1.93,-2483.13,-3.65
20260609,300200.SZ,高盟新材,5.39,9.58,1172.19,8.27,540.98,3.82,631.22,4.45,-186.52,-1.32,-985.68,-6.95
20260609,688727.SH,恒坤新材,8.19,52.86,1171.51,3.54,-53.23,-0.16,1224.74,3.7,-2098.79,-6.33,927.28,2.8
20260609,600079.SH,ST人福,0.58,17.39,1160.6,10.13,391.34,3.42,769.26,6.72,-1202.93,-10.5,42.33,0.37
20260609,603257.SH,中国瑞林,5.31,66.87,1159.53,7.05,-152.51,-0.93,1312.04,7.98,-52.79,-0.32,-1106.74,-6.73
20260609,002121.SZ,科陆电子,1.54,6.59,1159.48,6.56,271.7,1.54,887.78,5.02,-148.77,-0.84,-1010.71,-5.72
20260609,002418.SZ,康盛股份,2.53,4.45,1157.21,5.15,1812.07,8.07,-654.86,-2.92,-402.85,-1.79,-754.36,-3.36
20260609,000301.SZ,东方盛虹,2.19,11.68,1155.47,5.12,-222.37,-0.98,1377.84,6.1,1340.86,5.94,-2496.34,-11.05
20260609,688173.SH,希荻微,4.18,15.45,1155.24,6.47,163.6,0.92,991.64,5.55,-78.84,-0.44,-1076.4,-6.03
20260609,300681.SZ,英搏尔,3.27,32.56,1151.85,2.49,-321.38,-0.7,1473.23,3.19,-541.27,-1.17,-610.57,-1.32
20260609,002454.SZ,松芝股份,2.21,5.55,1151.3,18.15,118.49,1.87,1032.8,16.28,-382.99,-6.04,-768.31,-12.11
20260609,688038.SH,中科通达,8.77,20.97,1148.76,3.77,4208.23,13.8,-3059.46,-10.03,78.38,0.26,-1227.14,-4.02
20260609,603220.SH,中贝通信,1.36,22.3,1147.5,2.55,660.8,1.47,486.7,1.08,163.2,0.36,-1310.71,-2.92
20260609,603218.SH,日月股份,-0.75,10.58,1145.57,9.12,-623.71,-4.97,1769.28,14.09,-387.91,-3.09,-757.66,-6.03
20260609,301297.SZ,富乐德,9.53,43.57,1144.53,1.33,-286.2,-0.33,1430.72,1.66,1601.71,1.86,-2746.24,-3.19
20260609,002203.SZ,海亮股份,5.36,18.86,1137.95,1.65,422.12,0.61,715.82,1.04,204.34,0.3,-1342.29,-1.95
20260609,301317.SZ,鑫磊股份,7.71,62.2,1137.57,4.09,-130.04,-0.47,1267.61,4.56,58.78,0.21,-1196.35,-4.3
20260609,300457.SZ,赢合科技,2.82,24.4,1137.33,3.69,1401.72,4.54,-264.39,-0.86,417.65,1.35,-1554.97,-5.04
20260609,300809.SZ,华辰装备,6.06,38.18,1132.82,1.66,-738.06,-1.08,1870.88,2.74,-442.08,-0.65,-690.75,-1.01
20260609,300948.SZ,冠中生态,3.53,30.19,1131.56,4.6,468.99,1.91,662.57,2.69,-363.27,-1.48,-768.29,-3.12
20260609,688787.SH,海天瑞声,13.34,157.98,1130.94,0.95,-2164.27,-1.82,3295.21,2.77,-3432.75,-2.88,2301.81,1.93
20260609,300853.SZ,申昊科技,7.07,37.57,1128.1,3.27,1441.51,4.18,-313.41,-0.91,-1879.72,-5.45,751.62,2.18
20260609,603336.SH,宏辉果蔬,5.55,9.13,1127.9,4.24,429.41,1.62,698.49,2.63,-452.1,-1.7,-675.8,-2.54
20260609,688807.SH,XD优迅股,3.26,410.59,1127.15,2.23,1658.4,3.28,-531.25,-1.05,-1013.84,-2.0,-113.31,-0.22
20260609,002512.SZ,ST达华,3.24,4.46,1124.87,6.3,-354.66,-1.98,1479.54,8.28,-76.08,-0.43,-1048.79,-5.87
20260609,002324.SZ,普利特,3.45,11.99,1119.86,4.41,700.47,2.76,419.39,1.65,256.89,1.01,-1376.75,-5.42
20260609,688612.SH,威迈斯,8.71,36.58,1118.9,2.12,2302.13,4.36,-1183.23,-2.24,940.21,1.78,-2059.1,-3.9
20260609,603077.SH,和邦生物,0.87,2.31,1115.82,3.74,256.31,0.86,859.51,2.88,-920.52,-3.08,-195.3,-0.65
20260609,603270.SH,金帝股份,2.66,30.88,1111.28,4.15,192.1,0.72,919.19,3.43,1275.26,4.76,-2386.54,-8.9
20260609,300582.SZ,英飞特,3.4,14.89,1106.13,5.45,517.23,2.55,588.9,2.9,599.66,2.96,-1705.79,-8.41
20260609,603323.SH,苏农银行,-0.21,4.71,1103.99,9.3,-112.63,-0.95,1216.62,10.24,179.69,1.51,-1283.67,-10.81
20260609,601825.SH,沪农商行,1.27,8.78,1102.77,7.53,693.43,4.74,409.34,2.8,-43.99,-0.3,-1058.78,-7.23
20260609,688275.SH,万润新能,4.11,121.7,1100.33,2.75,993.4,2.48,106.93,0.27,-890.88,-2.22,-209.45,-0.52
20260609,688367.SH,工大高科,3.52,36.22,1094.51,10.59,223.02,2.16,871.5,8.43,-563.18,-5.45,-531.33,-5.14
20260609,300767.SZ,震安科技,3.74,19.41,1088.06,7.66,365.26,2.57,722.81,5.09,-418.64,-2.95,-669.43,-4.71
20260609,301228.SZ,实朴检测,3.99,80.1,1085.77,2.38,1737.78,3.81,-652.01,-1.43,280.18,0.61,-1365.94,-2.99
20260609,300700.SZ,岱勒新材,8.81,21.61,1083.02,2.5,-693.23,-1.6,1776.25,4.11,875.82,2.02,-1958.84,-4.53
20260609,002215.SZ,诺 普 信,0.23,8.87,1080.67,10.09,1118.83,10.45,-38.16,-0.36,227.5,2.12,-1308.17,-12.22
20260609,600008.SH,首创环保,1.3,3.11,1077.33,4.49,3189.21,13.29,-2111.88,-8.8,893.54,3.72,-1970.88,-8.22
20260609,300101.SZ,振芯科技,2.05,16.46,1076.96,7.86,467.71,3.41,609.25,4.44,-673.01,-4.91,-403.95,-2.95
20260609,301161.SZ,唯万密封,4.5,31.1,1073.41,6.67,555.66,3.45,517.75,3.22,317.44,1.97,-1390.85,-8.64
20260609,688108.SH,赛诺医疗,1.03,19.65,1073.38,4.96,421.96,1.95,651.42,3.01,425.98,1.97,-1499.36,-6.93
20260609,605258.SH,协和电子,5.37,34.32,1073.19,6.24,1065.91,6.2,7.28,0.04,-1243.93,-7.24,170.75,0.99
20260609,301363.SZ,美好医疗,0.12,25.13,1070.55,4.7,165.59,0.73,904.96,3.97,671.17,2.95,-1741.73,-7.65
20260609,300684.SZ,中石科技,5.58,54.31,1070.01,1.58,1742.64,2.58,-672.63,-0.99,-4978.78,-7.36,3908.77,5.78
20260609,301281.SZ,科源制药,2.57,46.71,1066.88,4.17,35.49,0.14,1031.38,4.03,1159.64,4.53,-2226.52,-8.7
20260609,301529.SZ,福赛科技,-1.38,117.85,1066.27,2.37,-947.14,-2.11,2013.41,4.48,-803.9,-1.79,-262.37,-0.58
20260609,603181.SH,皇马科技,5.32,14.06,1066.03,9.21,378.67,3.27,687.36,5.94,-22.51,-0.19,-1043.52,-9.01
20260609,002416.SZ,爱施德,2.78,10.36,1065.8,6.5,-416.92,-2.54,1482.72,9.05,-143.39,-0.87,-922.41,-5.63
20260609,000802.SZ,北京文化,3.28,4.73,1063.71,3.69,836.22,2.9,227.49,0.79,-1656.58,-5.75,592.87,2.06
20260609,688112.SH,鼎阳科技,0.2,70.7,1062.1,3.54,877.68,2.92,184.42,0.61,-656.17,-2.19,-405.93,-1.35
20260609,300217.SZ,东方电热,2.84,5.07,1054.18,5.9,1074.24,6.01,-20.05,-0.11,-1293.13,-7.24,238.95,1.34
20260609,301165.SZ,锐捷网络,2.43,59.1,1045.0,1.98,-98.13,-0.19,1143.13,2.17,-2311.64,-4.38,1266.63,2.4
20260609,603456.SH,九洲药业,1.23,12.35,1039.31,9.17,-319.7,-2.82,1359.0,11.99,-259.85,-2.29,-779.46,-6.88
20260609,300616.SZ,尚品宅配,3.26,14.59,1038.98,6.44,328.27,2.03,710.71,4.4,1005.94,6.23,-2044.92,-12.67
20260609,601788.SH,光大证券,1.11,13.7,1038.73,3.34,465.36,1.5,573.36,1.85,-756.42,-2.44,-282.31,-0.91
20260609,002539.SZ,云图控股,1.04,11.63,1027.68,4.97,120.47,0.58,907.21,4.39,-269.34,-1.3,-758.34,-3.67
20260609,002838.SZ,道恩股份,3.18,31.19,1025.55,6.92,670.43,4.52,355.12,2.4,-397.61,-2.68,-627.94,-4.24
20260609,002012.SZ,凯恩股份,6.67,7.68,1025.13,3.9,739.87,2.82,285.26,1.09,-502.89,-1.92,-522.25,-1.99
20260609,001212.SZ,中旗新材,1.72,49.69,1024.57,2.96,216.06,0.63,808.52,2.34,543.41,1.57,-1567.98,-4.54
20260609,688261.SH,东微半导,10.46,78.89,1023.31,1.74,579.34,0.99,443.97,0.76,-3840.89,-6.53,2817.58,4.79
20260609,688768.SH,容知日新,3.14,56.42,1020.79,9.98,555.29,5.43,465.5,4.55,442.32,4.33,-1463.11,-14.31
20260609,301078.SZ,孩子王,1.02,7.9,1018.51,6.12,202.57,1.22,815.94,4.9,38.36,0.23,-1056.87,-6.35
20260609,300830.SZ,金现代,1.23,9.05,1015.32,11.37,569.11,6.37,446.22,5.0,-392.11,-4.39,-623.21,-6.98
20260609,002072.SZ,凯瑞德,1.28,8.72,1003.93,5.71,20.39,0.12,983.54,5.6,-514.18,-2.93,-489.76,-2.79
20260609,688190.SH,云路股份,3.71,104.2,1003.91,4.66,1064.84,4.94,-60.93,-0.28,-894.39,-4.15,-109.52,-0.51
20260609,603275.SH,众辰科技,2.51,41.67,1001.09,15.82,60.42,0.95,940.68,14.87,-15.25,-0.24,-985.84,-15.58
20260609,600030.SH,中信证券,0.35,25.52,1000.37,0.38,6821.32,2.57,-5820.95,-2.19,-4967.95,-1.87,3967.58,1.49
20260609,688309.SH,恒誉环保,3.89,65.5,996.05,9.24,326.89,3.03,669.17,6.21,-265.08,-2.46,-730.97,-6.78
20260609,301085.SZ,亚康股份,1.89,63.63,991.97,7.42,265.03,1.98,726.94,5.44,-556.47,-4.16,-435.5,-3.26
20260609,600962.SH,国投中鲁,5.47,24.69,989.94,7.37,111.83,0.83,878.11,6.54,-256.77,-1.91,-733.17,-5.46
20260609,688469.SH,芯联集成-U,6.11,7.29,987.47,0.74,-555.09,-0.41,1542.55,1.15,-2742.58,-2.05,1755.11,1.31
20260609,300633.SZ,开立医疗,-1.66,18.99,986.14,9.9,11.69,0.12,974.45,9.78,1115.62,11.2,-2101.77,-21.1
20260609,002530.SZ,金财互联,2.7,8.0,984.87,4.9,362.02,1.8,622.85,3.1,446.34,2.22,-1431.21,-7.12
20260609,603386.SH,骏亚科技,0.73,17.84,984.56,2.74,979.16,2.73,5.4,0.02,786.69,2.19,-1771.26,-4.93
20260609,000838.SZ,*ST发展,5.26,1.8,977.74,17.54,-114.18,-2.05,1091.92,19.58,-242.31,-4.35,-735.43,-13.19
20260609,688069.SH,德林海,-0.55,52.27,974.47,7.12,291.08,2.13,683.39,5.0,137.85,1.01,-1112.32,-8.13
20260609,600530.SH,交大昂立,0.32,6.24,973.79,8.89,966.66,8.83,7.14,0.07,211.7,1.93,-1185.49,-10.83
20260609,605080.SH,浙江自然,5.23,22.15,961.64,7.57,882.3,6.95,79.33,0.62,706.73,5.57,-1668.37,-13.14
20260609,002191.SZ,劲嘉股份,2.86,3.96,960.04,8.46,-156.98,-1.38,1117.02,9.85,787.58,6.94,-1747.62,-15.41
20260609,002212.SZ,天融信,1.6,6.35,959.86,6.36,464.76,3.08,495.1,3.28,-653.8,-4.33,-306.06,-2.03
20260609,301093.SZ,华兰股份,5.72,130.3,953.43,2.05,-732.65,-1.58,1686.08,3.63,594.56,1.28,-1547.99,-3.33
20260609,603701.SH,德宏股份,3.1,24.61,952.57,5.22,156.56,0.86,796.01,4.36,-533.66,-2.92,-418.92,-2.29
20260609,300611.SZ,美力科技,0.61,27.99,950.96,4.5,-645.0,-3.05,1595.96,7.55,-691.79,-3.27,-259.17,-1.23
20260609,000935.SZ,四川双马,2.26,25.79,947.98,5.39,1122.96,6.39,-174.98,-1.0,670.77,3.82,-1618.75,-9.21
20260609,300608.SZ,思特奇,-0.92,11.82,946.49,2.98,100.72,0.32,845.77,2.66,-840.46,-2.65,-106.03,-0.33
20260609,000782.SZ,恒申新材,3.6,7.48,942.11,4.92,-169.7,-0.89,1111.81,5.81,827.59,4.33,-1769.71,-9.25
20260609,600328.SH,中盐化工,-0.31,6.49,940.48,9.28,551.69,5.44,388.79,3.83,-781.62,-7.71,-158.86,-1.57
20260609,300488.SZ,恒锋工具,4.88,38.45,934.69,1.53,-1713.42,-2.8,2648.11,4.33,711.95,1.16,-1646.64,-2.69
20260609,300456.SZ,赛微电子,5.57,42.25,934.69,0.62,3401.41,2.27,-2466.73,-1.65,-2253.68,-1.5,1318.99,0.88
20260609,000567.SZ,海德股份,-0.72,5.51,934.32,10.17,404.78,4.4,529.54,5.76,150.42,1.64,-1084.73,-11.8
20260609,300654.SZ,世纪天鸿,0.81,9.91,932.97,5.57,-226.9,-1.36,1159.87,6.93,80.78,0.48,-1013.75,-6.06
20260609,000686.SZ,东北证券,-0.54,7.41,932.7,8.66,394.77,3.66,537.93,4.99,219.92,2.04,-1152.62,-10.7
20260609,603160.SH,汇顶科技,4.03,54.53,927.3,2.85,1131.58,3.48,-204.28,-0.63,-61.18,-0.19,-866.12,-2.66
20260609,603000.SH,人民网,0.35,17.05,925.8,3.17,968.52,3.32,-42.71,-0.15,775.62,2.66,-1701.42,-5.83
20260609,600266.SH,城建发展,-1.35,4.4,925.72,6.33,514.96,3.52,410.76,2.81,684.74,4.68,-1610.45,-11.01
20260609,600610.SH,中毅达,3.8,7.64,924.48,7.02,410.33,3.12,514.14,3.9,-830.77,-6.31,-93.71,-0.71
20260609,601162.SH,天风证券,0.32,3.11,923.67,3.14,1575.74,5.35,-652.07,-2.22,-1078.02,-3.66,154.35,0.52
20260609,300990.SZ,同飞股份,6.6,83.18,920.65,1.86,-220.93,-0.45,1141.58,2.31,2053.15,4.15,-2973.8,-6.01
20260609,688255.SH,XD凯尔达,1.2,32.87,920.09,6.68,117.76,0.85,802.33,5.82,-138.62,-1.01,-781.47,-5.67
20260609,601112.SH,振石股份,4.99,17.24,914.94,5.69,-49.04,-0.3,963.98,5.99,335.34,2.09,-1250.28,-7.77
20260609,603488.SH,展鹏科技,-3.1,12.21,914.74,3.36,263.49,0.97,651.25,2.4,1372.86,5.05,-2287.6,-8.41
20260609,300046.SZ,台基股份,6.26,28.86,913.25,3.51,420.85,1.62,492.4,1.89,-1955.95,-7.52,1042.7,4.01
20260609,300840.SZ,酷特智能,-0.49,22.14,912.99,4.74,511.75,2.66,401.25,2.08,163.07,0.85,-1076.07,-5.59
20260609,301178.SZ,天亿马,-3.0,55.05,912.54,5.22,833.91,4.77,78.63,0.45,487.9,2.79,-1400.44,-8.01
20260609,000922.SZ,佳电股份,4.56,12.38,912.51,5.91,560.07,3.63,352.43,2.28,-1098.49,-7.11,185.98,1.2
20260609,300938.SZ,信测标准,4.84,38.15,912.2,1.49,536.83,0.88,375.36,0.61,1382.92,2.26,-2295.11,-3.75
20260609,603519.SH,立霸股份,1.38,12.46,909.33,19.84,472.86,10.31,436.47,9.52,-289.42,-6.31,-619.91,-13.52
20260609,000903.SZ,ST云动,5.03,1.88,907.95,13.72,208.24,3.15,699.71,10.57,-212.66,-3.21,-695.29,-10.51
20260609,603995.SH,甬金股份,6.12,19.24,906.6,4.55,-407.6,-2.04,1314.2,6.59,902.66,4.53,-1809.26,-9.08
20260609,300745.SZ,欣锐科技,0.16,42.64,906.1,2.8,177.49,0.55,728.61,2.25,134.15,0.41,-1040.25,-3.21
20260609,301070.SZ,开勒股份,3.1,97.25,905.73,3.95,-169.49,-0.74,1075.22,4.68,-1160.26,-5.05,254.53,1.11
20260609,300598.SZ,诚迈科技,1.53,33.18,905.24,5.63,445.26,2.77,459.98,2.86,-111.13,-0.69,-794.11,-4.94
20260609,300780.SZ,德恩精工,-2.09,26.76,904.87,3.04,220.76,0.74,684.11,2.3,-1911.43,-6.43,1006.56,3.39
20260609,600403.SH,大有能源,-9.94,8.06,898.72,0.63,5021.15,3.52,-4122.44,-2.89,-2096.99,-1.47,1198.28,0.84
20260609,600352.SH,浙江龙盛,2.75,10.84,897.17,1.95,783.01,1.7,114.17,0.25,-356.29,-0.77,-540.89,-1.18
20260609,600664.SH,哈药股份,-0.32,3.1,896.13,8.6,1008.15,9.68,-112.03,-1.08,-452.68,-4.34,-443.45,-4.26
20260609,603966.SH,法兰泰克,3.4,9.12,895.56,11.16,328.96,4.1,566.61,7.06,-146.73,-1.83,-748.83,-9.33
20260609,002693.SZ,双成药业,3.28,9.12,892.52,5.54,76.97,0.48,815.55,5.06,-384.53,-2.39,-507.99,-3.15
20260609,300264.SZ,佳创视讯,6.72,7.78,887.62,5.18,941.68,5.5,-54.06,-0.32,-610.04,-3.56,-277.58,-1.62
20260609,300572.SZ,安车检测,3.28,26.75,886.86,8.16,101.66,0.94,785.2,7.22,-825.25,-7.59,-61.61,-0.57
20260609,688398.SH,赛特新材,5.78,29.09,885.39,10.12,383.11,4.38,502.28,5.74,-869.8,-9.94,-15.59,-0.18
20260609,300667.SZ,必创科技,6.25,19.56,884.55,3.18,-209.81,-0.75,1094.36,3.94,849.22,3.05,-1733.77,-6.23
20260609,300375.SZ,鹏翎股份,3.73,4.45,884.34,12.34,43.1,0.6,841.24,11.74,-189.66,-2.65,-694.68,-9.7
20260609,601828.SH,美凯龙,0.0,2.43,884.05,10.24,732.19,8.48,151.86,1.76,-534.05,-6.19,-350.0,-4.05
20260609,300063.SZ,天龙集团,1.46,9.76,880.9,3.0,359.81,1.23,521.1,1.77,-750.24,-2.56,-130.67,-0.45
20260609,300232.SZ,洲明科技,0.68,5.9,880.46,6.77,177.7,1.37,702.76,5.4,145.8,1.12,-1026.26,-7.89
20260609,688589.SH,力合微,6.79,20.29,880.38,7.43,220.03,1.86,660.35,5.57,-931.81,-7.86,51.43,0.43
20260609,603728.SH,鸣志电器,-1.97,66.12,877.37,0.97,-967.36,-1.07,1844.73,2.04,4837.63,5.35,-5714.99,-6.32
20260609,000545.SZ,金浦钛业,2.13,2.4,875.59,12.68,96.39,1.4,779.2,11.29,-394.58,-5.72,-481.01,-6.97
20260609,000733.SZ,振华科技,3.43,52.19,873.3,0.34,-2387.97,-0.94,3261.27,1.28,5945.77,2.34,-6819.07,-2.68
20260609,000534.SZ,万泽股份,1.82,31.93,870.5,2.23,385.57,0.99,484.93,1.24,-2838.75,-7.26,1968.25,5.04
20260609,600163.SH,中闽能源,0.5,6.04,869.82,3.15,-495.02,-1.79,1364.84,4.95,-1387.54,-5.03,517.72,1.88
20260609,002101.SZ,广东鸿图,0.34,8.75,867.54,16.31,0.0,0.0,867.54,16.31,-230.89,-4.34,-636.65,-11.97
20260609,301360.SZ,荣旗科技,1.91,77.2,865.39,3.37,86.4,0.34,778.99,3.03,-928.04,-3.61,62.64,0.24
20260609,002462.SZ,嘉事堂,0.86,12.85,860.41,9.26,45.86,0.49,814.55,8.76,1603.05,17.25,-2463.45,-26.51
20260609,002232.SZ,启明信息,1.59,15.35,858.86,10.28,341.23,4.08,517.62,6.2,-205.68,-2.46,-653.18,-7.82
20260609,002893.SZ,京能热力,2.41,10.63,850.04,6.07,431.59,3.08,418.46,2.99,-529.55,-3.78,-320.49,-2.29
20260609,600572.SH,康恩贝,0.0,4.11,842.41,10.41,343.77,4.25,498.63,6.16,-15.66,-0.19,-826.75,-10.22
20260609,688733.SH,壹石通,11.8,39.22,841.63,1.49,469.21,0.83,372.42,0.66,-246.83,-0.44,-594.8,-1.06
20260609,600556.SH,天下秀,1.81,5.07,840.11,3.84,-368.25,-1.68,1208.36,5.53,401.06,1.83,-1241.17,-5.68
20260609,301060.SZ,兰卫医学,3.44,8.73,838.21,9.47,171.42,1.94,666.79,7.54,254.65,2.88,-1092.86,-12.35
20260609,600651.SH,飞乐音响,-3.72,6.22,837.63,5.23,90.05,0.56,747.57,4.66,503.27,3.14,-1340.9,-8.37
20260609,688653.SH,康希通信,4.78,13.82,836.56,5.68,6.67,0.05,829.88,5.64,-187.14,-1.27,-649.42,-4.41
20260609,603297.SH,永新光学,3.07,119.23,835.08,5.22,245.54,1.53,589.53,3.68,-1052.52,-6.58,217.44,1.36
20260609,301419.SZ,阿莱德,3.78,42.58,832.67,1.84,-113.41,-0.25,946.08,2.1,-485.88,-1.08,-346.79,-0.77
20260609,600515.SH,海南机场,0.33,3.0,830.21,4.0,228.23,1.1,601.97,2.9,-1036.44,-4.99,206.23,0.99
20260609,002108.SZ,沧州明珠,2.41,4.68,829.28,5.15,703.21,4.37,126.06,0.78,-466.69,-2.9,-362.59,-2.25
20260609,600816.SH,建元信托,0.0,2.67,829.23,5.26,556.9,3.53,272.33,1.73,-28.1,-0.18,-801.13,-5.08
20260609,301617.SZ,博苑新材,5.69,52.95,825.84,4.93,-27.82,-0.17,853.67,5.1,-1439.89,-8.6,614.05,3.67
20260609,688486.SH,龙迅股份,3.15,72.38,824.16,3.57,-92.47,-0.4,916.64,3.97,743.22,3.22,-1567.38,-6.79
20260609,605588.SH,冠石科技,4.95,51.97,824.08,5.29,336.12,2.16,487.96,3.13,-420.79,-2.7,-403.29,-2.59
20260609,300284.SZ,苏交科,0.17,5.88,821.22,11.01,0.0,0.0,821.22,11.01,282.89,3.79,-1104.11,-14.8
20260609,002368.SZ,太极股份,3.02,15.71,820.96,4.9,455.63,2.72,365.33,2.18,-202.96,-1.21,-618.01,-3.69
20260609,688349.SH,三一重能,1.88,17.87,812.05,5.23,715.4,4.6,96.65,0.62,-401.98,-2.59,-410.06,-2.64
20260609,600327.SH,大东方,2.25,3.63,807.44,15.54,79.68,1.53,727.76,14.01,-509.98,-9.82,-297.46,-5.73
20260609,600280.SH,中央商场,-8.56,3.42,807.06,1.4,-1224.86,-2.13,2031.92,3.54,-2946.45,-5.13,2139.4,3.72
20260609,300419.SZ,ST浩丰,3.22,7.06,805.94,20.58,104.4,2.67,701.54,17.92,-413.63,-10.56,-392.31,-10.02
20260609,300730.SZ,科创信息,7.06,14.55,805.74,4.23,243.91,1.28,561.82,2.95,161.49,0.85,-967.23,-5.08
20260609,002668.SZ,TCL智家,-1.41,9.12,805.2,6.92,177.88,1.53,627.32,5.39,811.27,6.97,-1616.48,-13.89
20260609,001211.SZ,双枪科技,1.84,33.72,802.34,4.0,277.28,1.38,525.06,2.62,1099.18,5.48,-1901.52,-9.48
20260609,002958.SZ,青农商行,0.35,2.9,802.31,7.74,1410.95,13.61,-608.64,-5.87,-331.65,-3.2,-470.66,-4.54
20260609,002498.SZ,汉缆股份,0.26,7.7,801.73,1.45,355.77,0.64,445.97,0.81,-2764.4,-5.01,1962.66,3.56
20260609,600267.SH,海正药业,-0.73,9.48,801.21,6.48,-144.39,-1.17,945.6,7.65,536.91,4.34,-1338.12,-10.83
20260609,003025.SZ,思进智能,1.15,15.83,800.44,3.51,75.14,0.33,725.29,3.18,-7.38,-0.03,-793.05,-3.48
20260609,603568.SH,伟明环保,-1.64,15.61,800.4,3.67,14.76,0.07,785.64,3.61,2801.36,12.85,-3601.77,-16.53
20260609,002301.SZ,齐心集团,1.79,7.4,799.82,7.56,425.85,4.02,373.97,3.53,-134.32,-1.27,-665.5,-6.29
20260609,600155.SH,华创云信,-1.85,5.3,798.51,6.49,330.88,2.69,467.63,3.8,88.48,0.72,-886.99,-7.21
20260609,002482.SZ,广田集团,0.71,1.42,798.24,8.31,983.75,10.24,-185.5,-1.93,-661.43,-6.89,-136.81,-1.42
20260609,300592.SZ,华凯易佰,13.84,12.67,797.81,3.52,439.76,1.94,358.06,1.58,250.85,1.11,-1048.66,-4.63
20260609,300894.SZ,火星人,5.02,9.21,794.37,8.4,0.0,0.0,794.37,8.4,376.79,3.98,-1171.16,-12.38
20260609,300984.SZ,金沃股份,3.45,62.3,794.29,4.33,130.22,0.71,664.07,3.62,-361.97,-1.97,-432.32,-2.36
20260609,688007.SH,光峰科技,-2.48,12.95,793.28,5.91,205.14,1.53,588.14,4.38,465.14,3.46,-1258.42,-9.37
20260609,002605.SZ,姚记科技,1.17,19.02,791.34,8.12,562.98,5.78,228.36,2.34,18.79,0.19,-810.13,-8.31
20260609,688582.SH,芯动联科,1.72,47.2,787.05,2.86,-138.47,-0.5,925.51,3.36,266.5,0.97,-1053.54,-3.82
20260609,301348.SZ,蓝箭电子,7.19,24.6,783.94,2.32,156.5,0.46,627.43,1.86,-1896.92,-5.62,1112.99,3.29
20260609,301381.SZ,赛维时代,3.42,17.52,778.2,9.31,84.48,1.01,693.72,8.3,280.81,3.36,-1059.01,-12.68
20260609,688193.SH,仁度生物,7.6,52.93,777.67,10.89,544.89,7.63,232.78,3.26,-84.95,-1.19,-692.73,-9.7
20260609,300075.SZ,数字政通,2.21,12.46,777.42,6.61,125.49,1.07,651.92,5.55,531.03,4.52,-1308.45,-11.13
20260609,301515.SZ,港通医疗,7.04,21.89,774.59,8.0,-43.44,-0.45,818.03,8.45,-235.0,-2.43,-539.6,-5.58
20260609,002246.SZ,北化股份,-0.57,20.85,773.9,3.0,723.49,2.81,50.42,0.2,-282.14,-1.09,-491.76,-1.91
20260609,688603.SH,天承科技,1.94,181.0,771.0,0.73,-2278.65,-2.14,3049.64,2.87,745.29,0.7,-1516.29,-1.43
20260609,603628.SH,清源股份,4.16,10.51,766.98,8.03,173.27,1.81,593.71,6.21,239.52,2.51,-1006.49,-10.53
20260609,301487.SZ,盟固利,2.89,22.81,765.8,2.74,-127.61,-0.46,893.41,3.19,-346.32,-1.24,-419.48,-1.5
20260609,600461.SH,洪城环境,0.53,9.53,765.31,8.58,49.45,0.55,715.86,8.03,1466.93,16.45,-2232.25,-25.04
20260609,002568.SZ,百润股份,1.06,19.0,763.9,2.1,152.12,0.42,611.78,1.68,-524.48,-1.44,-239.42,-0.66
20260609,300566.SZ,激智科技,2.62,26.63,760.72,1.1,-1905.61,-2.75,2666.33,3.85,1465.88,2.12,-2226.6,-3.21
20260609,300254.SZ,仟源医药,10.99,10.1,759.98,3.36,380.98,1.69,379.0,1.68,-1484.42,-6.57,724.44,3.21
20260609,002006.SZ,精工科技,0.95,16.0,758.6,7.81,222.59,2.29,536.01,5.52,44.1,0.45,-802.7,-8.27
20260609,605028.SH,世茂能源,8.0,22.95,754.99,8.96,444.58,5.28,310.42,3.68,529.09,6.28,-1284.08,-15.24
20260609,603213.SH,镇洋发展,2.97,14.58,754.25,7.76,576.71,5.93,177.54,1.83,-573.85,-5.9,-180.39,-1.85
20260609,600566.SH,济川药业,-0.36,27.48,753.82,5.46,326.82,2.37,427.0,3.09,-156.51,-1.13,-597.31,-4.32
20260609,002285.SZ,世联行,0.82,2.47,750.4,7.89,397.43,4.18,352.98,3.71,-509.99,-5.36,-240.42,-2.53
20260609,301326.SZ,捷邦科技,3.72,136.59,748.45,3.27,891.12,3.9,-142.67,-0.62,-1191.87,-5.21,443.42,1.94
20260609,601059.SH,信达证券,-2.08,15.54,746.41,4.02,-223.21,-1.2,969.62,5.23,-2427.34,-13.08,1680.94,9.06
20260609,002062.SZ,宏润建设,3.43,7.85,742.16,5.37,748.83,5.42,-6.67,-0.05,458.39,3.32,-1200.55,-8.69
20260609,300531.SZ,优博讯,-0.91,16.35,740.02,2.75,-83.85,-0.31,823.86,3.06,3032.05,11.26,-3772.06,-14.01
20260609,600708.SH,光明地产,0.66,3.04,735.76,9.17,-123.5,-1.54,859.26,10.7,-292.08,-3.64,-443.68,-5.53
20260609,001288.SZ,运机集团,4.02,25.1,732.51,5.93,459.06,3.72,273.45,2.21,104.45,0.85,-836.96,-6.78
20260609,603595.SH,ST东尼,3.58,24.57,732.51,14.31,377.68,7.38,354.84,6.93,-364.66,-7.12,-367.85,-7.18
20260609,002926.SZ,华西证券,0.65,7.72,732.07,10.57,385.46,5.57,346.61,5.01,-332.74,-4.81,-399.33,-5.77
20260609,300820.SZ,英杰电气,4.33,64.06,731.21,2.07,237.24,0.67,493.97,1.4,-2231.96,-6.31,1500.75,4.24
20260609,600889.SH,*ST京化,2.72,15.87,728.71,14.88,162.99,3.33,565.71,11.55,-546.04,-11.15,-182.67,-3.73
20260609,601599.SH,浙文影业,0.0,3.12,721.45,14.82,472.52,9.71,248.92,5.11,-461.63,-9.49,-259.81,-5.34
20260609,002175.SZ,*ST东智,2.94,2.45,718.38,13.65,355.7,6.76,362.68,6.89,-581.49,-11.05,-136.9,-2.6
20260609,600984.SH,建设机械,-2.78,4.19,710.43,3.29,792.56,3.67,-82.12,-0.38,-1185.17,-5.48,474.74,2.2
20260609,300624.SZ,万兴科技,2.78,56.59,709.97,1.77,-396.51,-0.99,1106.48,2.76,977.65,2.44,-1687.62,-4.21
20260609,600872.SH,中炬高新,1.03,17.68,707.62,3.82,617.84,3.33,89.78,0.48,-949.7,-5.12,242.07,1.31
20260609,000690.SZ,宝新能源,0.58,5.22,706.95,1.38,1104.81,2.15,-397.86,-0.78,150.16,0.29,-857.11,-1.67
20260609,600323.SH,瀚蓝环境,-0.96,29.84,705.24,4.68,196.23,1.3,509.01,3.38,714.54,4.75,-1419.78,-9.43
20260609,002906.SZ,华阳集团,-0.29,27.34,705.16,3.21,474.86,2.16,230.3,1.05,760.81,3.46,-1465.98,-6.67
20260609,600037.SH,歌华有线,0.0,6.66,704.66,9.01,94.29,1.21,610.37,7.8,184.72,2.36,-889.37,-11.37
20260609,300130.SZ,新国都,1.77,23.03,702.39,1.9,-111.77,-0.3,814.15,2.2,-1684.46,-4.55,982.07,2.65
20260609,603030.SH,全筑股份,-0.41,2.42,701.48,12.03,74.55,1.28,626.93,10.75,-282.33,-4.84,-419.15,-7.19
20260609,000685.SZ,中山公用,0.1,10.37,700.31,4.81,-784.43,-5.39,1484.74,10.2,699.01,4.8,-1399.32,-9.61
20260609,300449.SZ,汉邦高科,4.01,8.05,699.58,3.94,433.66,2.44,265.92,1.5,-222.76,-1.25,-476.82,-2.69
20260609,688628.SH,优利德,5.69,82.11,698.99,1.66,-2449.16,-5.81,3148.14,7.46,-156.68,-0.37,-542.31,-1.29
20260609,300307.SZ,慈星股份,0.0,7.45,697.18,3.09,557.01,2.47,140.18,0.62,-263.22,-1.17,-433.97,-1.92
20260609,301153.SZ,中科江南,1.18,17.97,695.97,13.55,3.27,0.06,692.7,13.49,311.55,6.07,-1007.52,-19.62
20260609,600017.SH,日照港,-1.1,2.7,695.89,11.02,517.44,8.19,178.45,2.83,185.69,2.94,-881.58,-13.96
20260609,000728.SZ,国元证券,0.15,6.77,692.92,4.24,1397.55,8.55,-704.64,-4.31,-527.33,-3.23,-165.59,-1.01
20260609,301596.SZ,瑞迪智驱,1.75,81.2,689.85,3.9,299.27,1.69,390.58,2.21,490.34,2.77,-1180.19,-6.67
20260609,603051.SH,鹿山新材,5.45,21.68,686.82,4.95,69.08,0.5,617.74,4.45,728.82,5.25,-1415.64,-10.19
20260609,002385.SZ,大北农,-0.31,3.19,686.16,3.83,-187.25,-1.04,873.4,4.87,-970.03,-5.41,283.88,1.58
20260609,601555.SH,东吴证券,0.55,7.35,685.75,3.9,1628.52,9.26,-942.76,-5.36,-857.16,-4.87,171.41,0.97
20260609,688669.SH,聚石化学,0.05,43.4,684.48,5.18,-206.86,-1.56,891.35,6.74,-615.39,-4.65,-69.09,-0.52
20260609,603398.SH,*ST沐邦,3.35,14.2,684.15,7.34,319.44,3.43,364.7,3.91,-350.19,-3.76,-333.95,-3.58
20260609,600743.SH,华远控股,-4.05,2.37,682.95,3.35,224.23,1.1,458.71,2.25,-692.9,-3.4,9.95,0.05
20260609,301270.SZ,汉仪股份,5.24,31.56,679.9,7.07,-171.82,-1.79,851.72,8.85,121.71,1.27,-801.61,-8.33
20260609,600710.SH,苏美达,2.02,11.12,679.87,4.85,91.51,0.65,588.36,4.2,717.41,5.12,-1397.29,-9.97
20260609,688273.SH,麦澜德,0.73,44.18,676.11,7.91,202.94,2.37,473.17,5.54,71.47,0.84,-747.58,-8.75
20260609,002445.SZ,中南文化,0.3,3.39,676.02,3.5,714.02,3.69,-38.0,-0.2,-480.15,-2.48,-195.87,-1.01
20260609,605007.SH,五洲特纸,2.64,13.2,675.73,10.62,427.72,6.72,248.01,3.9,81.43,1.28,-757.17,-11.9
20260609,603110.SH,东方材料,1.88,21.08,675.38,3.68,-142.69,-0.78,818.07,4.46,-404.84,-2.21,-270.54,-1.47
20260609,002523.SZ,天桥起重,0.58,3.44,674.47,11.54,70.55,1.21,603.92,10.33,-103.97,-1.78,-570.5,-9.76
20260609,301349.SZ,信德新材,6.27,58.78,672.81,1.82,-158.59,-0.43,831.4,2.25,-1081.62,-2.93,408.81,1.11
20260609,300050.SZ,世纪鼎利,-2.65,6.97,671.5,3.13,-282.01,-1.31,953.52,4.44,751.98,3.5,-1423.49,-6.62
20260609,301000.SZ,肇民科技,0.79,32.06,671.21,2.94,-47.96,-0.21,719.17,3.15,-851.73,-3.73,180.52,0.79
20260609,601958.SH,金钼股份,0.72,20.95,670.33,0.69,4167.95,4.28,-3497.62,-3.59,435.86,0.45,-1106.2,-1.14
20260609,600558.SH,大西洋,1.66,5.52,670.11,8.97,-104.34,-1.4,774.45,10.36,-749.36,-10.03,79.25,1.06
20260609,688270.SH,ST臻镭,1.51,111.86,668.74,1.13,-520.82,-0.88,1189.56,2.0,-1208.72,-2.04,539.98,0.91
20260609,605398.SH,新炬网络,-1.77,24.42,668.53,5.33,412.93,3.29,255.6,2.04,889.4,7.09,-1557.93,-12.42
20260609,300848.SZ,美瑞新材,4.21,14.12,667.38,9.35,212.51,2.98,454.87,6.38,262.36,3.68,-929.74,-13.03
20260609,000800.SZ,一汽解放,-0.5,5.94,666.99,10.45,-330.8,-5.18,997.79,15.63,196.68,3.08,-863.67,-13.53
20260609,603165.SH,XD荣晟环,-1.4,15.48,664.57,3.98,180.04,1.08,484.54,2.91,-396.72,-2.38,-267.86,-1.61
20260609,600908.SH,无锡银行,-0.18,5.42,663.49,7.78,513.38,6.02,150.11,1.76,-75.15,-0.88,-588.34,-6.9
20260609,603637.SH,镇海股份,1.23,18.16,660.26,3.13,533.85,2.53,126.41,0.6,39.17,0.19,-699.43,-3.31
20260609,300647.SZ,超频三,3.58,6.36,658.21,5.66,-55.13,-0.47,713.34,6.13,-772.08,-6.63,113.88,0.98
20260609,300225.SZ,*ST金泰,9.07,8.9,654.1,2.89,-1147.32,-5.07,1801.42,7.96,45.98,0.2,-700.08,-3.09
20260609,300816.SZ,艾可蓝,11.68,89.78,650.86,2.62,-611.05,-2.46,1261.91,5.08,-460.78,-1.86,-190.08,-0.77
20260609,603901.SH,永创智能,1.46,11.11,650.22,7.8,545.12,6.54,105.1,1.26,-419.2,-5.03,-231.02,-2.77
20260609,000839.SZ,国安股份,2.56,2.8,649.26,5.09,520.65,4.08,128.61,1.01,-391.91,-3.07,-257.35,-2.02
20260609,003041.SZ,真爱美家,1.66,46.68,648.38,4.04,-304.44,-1.9,952.82,5.94,-1129.29,-7.04,480.91,3.0
20260609,000065.SZ,北方国际,2.87,12.17,647.21,2.84,154.36,0.68,492.84,2.16,463.72,2.03,-1110.93,-4.88
20260609,600108.SH,亚盛集团,-0.3,3.28,646.32,3.79,-378.58,-2.22,1024.9,6.02,-1078.52,-6.33,432.2,2.54
20260609,603380.SH,XD易德龙,4.68,36.2,641.45,3.17,39.54,0.2,601.91,2.98,883.62,4.37,-1525.07,-7.54
20260609,688161.SH,威高骨科,-1.83,22.58,639.46,11.84,74.39,1.38,565.07,10.46,-270.81,-5.01,-368.64,-6.82
20260609,002059.SZ,云南旅游,1.11,4.56,639.38,12.14,20.97,0.4,618.41,11.74,-162.58,-3.09,-476.8,-9.05
20260609,300669.SZ,沪宁股份,6.12,28.61,638.9,10.42,25.97,0.42,612.93,10.0,37.67,0.61,-676.58,-11.04
20260609,600649.SH,城投控股,-0.82,3.61,637.54,8.96,997.39,14.01,-359.85,-5.06,-414.26,-5.82,-223.28,-3.14
20260609,002372.SZ,伟星新材,1.62,9.42,637.28,10.42,97.35,1.59,539.93,8.83,-195.52,-3.2,-441.76,-7.22
20260609,301125.SZ,腾亚精工,5.81,16.76,634.62,3.02,-587.58,-2.8,1222.19,5.82,1074.94,5.12,-1709.56,-8.14
20260609,002310.SZ,东方新能,0.39,2.56,632.77,2.73,865.91,3.73,-233.14,-1.0,-852.24,-3.67,219.47,0.95
20260609,000790.SZ,华神科技,-0.27,3.7,628.78,10.61,1.96,0.03,626.82,10.58,169.9,2.87,-798.68,-13.47
20260609,000036.SZ,华联控股,2.82,5.11,627.87,5.39,1167.83,10.02,-539.96,-4.63,-560.46,-4.81,-67.41,-0.58
20260609,600380.SH,健康元,0.73,9.72,626.12,5.86,87.17,0.82,538.95,5.04,-531.94,-4.98,-94.18,-0.88
20260609,601816.SH,京沪高铁,1.42,5.0,622.27,0.75,2957.52,3.57,-2335.25,-2.82,-3581.89,-4.32,2959.62,3.57
20260609,603298.SH,杭叉集团,-0.2,24.59,621.58,4.78,-182.21,-1.4,803.78,6.18,-409.18,-3.15,-212.4,-1.63
20260609,605133.SH,嵘泰股份,3.92,35.79,620.34,1.96,-511.09,-1.62,1131.43,3.58,-1199.29,-3.8,578.95,1.83
20260609,688567.SH,孚能科技,1.83,11.66,619.81,4.01,-27.65,-0.18,647.46,4.19,403.33,2.61,-1023.14,-6.62
20260609,002276.SZ,万马股份,0.0,11.39,617.62,4.22,-16.93,-0.12,634.55,4.33,-16.95,-0.12,-600.67,-4.1
20260609,300134.SZ,大富科技,1.28,10.29,617.37,4.58,33.76,0.25,583.62,4.33,-77.01,-0.57,-540.37,-4.01
20260609,603043.SH,广州酒家,0.21,14.15,616.11,14.59,609.97,14.45,6.14,0.15,0.32,0.01,-616.43,-14.6
20260609,301008.SZ,宏昌科技,2.4,25.18,614.66,7.65,17.55,0.22,597.11,7.43,-410.78,-5.11,-203.88,-2.54
20260609,002486.SZ,嘉麟杰,0.0,2.38,614.19,11.54,0.0,0.0,614.19,11.54,-411.73,-7.74,-202.46,-3.8
20260609,000923.SZ,河钢资源,0.64,14.08,613.43,2.96,810.76,3.91,-197.33,-0.95,-1485.12,-7.17,871.69,4.21
20260609,002495.SZ,佳隆股份,0.42,2.37,612.45,15.15,0.0,0.0,612.45,15.15,-319.34,-7.9,-293.1,-7.25
20260609,301314.SZ,科瑞思,1.98,51.1,612.33,5.3,817.13,7.07,-204.8,-1.77,-232.08,-2.01,-380.26,-3.29
20260609,605389.SH,长龄液压,0.34,83.58,612.07,5.27,120.58,1.04,491.49,4.24,-445.15,-3.84,-166.92,-1.44
20260609,002630.SZ,*ST华西,5.08,1.86,609.79,22.2,186.0,6.77,423.79,15.43,-223.5,-8.14,-386.29,-14.07
20260609,301356.SZ,天振股份,3.83,23.3,606.07,14.0,0.0,0.0,606.07,14.0,-193.26,-4.47,-412.81,-9.54
20260609,600587.SH,新华医疗,-1.17,12.72,604.39,10.41,-271.38,-4.68,875.76,15.09,-42.27,-0.73,-562.11,-9.68
20260609,688667.SH,菱电电控,2.8,109.48,603.65,4.63,920.29,7.07,-316.64,-2.43,-371.53,-2.85,-232.12,-1.78
20260609,600961.SH,株冶集团,0.35,22.83,603.27,1.0,1318.49,2.18,-715.22,-1.18,-2411.53,-3.99,1808.26,2.99
20260609,301141.SZ,中科磁业,6.52,48.71,602.69,3.92,-211.9,-1.38,814.59,5.3,-1976.0,-12.85,1373.31,8.93
20260609,300735.SZ,光弘科技,0.64,20.34,600.81,1.69,-1076.91,-3.03,1677.72,4.72,1749.07,4.92,-2349.88,-6.61
20260609,600269.SH,赣粤高速,-0.93,4.24,600.52,16.93,319.12,9.0,281.39,7.93,251.14,7.08,-851.66,-24.01
20260609,603383.SH,顶点软件,1.19,29.78,598.21,5.64,675.54,6.37,-77.33,-0.73,-573.01,-5.41,-25.2,-0.24
20260609,603032.SH,德新科技,-0.92,23.7,596.8,1.77,98.94,0.29,497.86,1.47,-257.7,-0.76,-339.1,-1.0
20260609,301628.SZ,强达电路,4.61,111.83,596.76,1.91,-1185.48,-3.79,1782.24,5.69,-1991.73,-6.36,1394.96,4.45
20260609,603978.SH,深圳新星,0.84,25.2,593.78,2.63,-121.41,-0.54,715.2,3.16,-492.1,-2.18,-101.68,-0.45
20260609,688646.SH,ST逸飞,5.45,64.63,593.57,9.3,91.05,1.43,502.53,7.87,-626.8,-9.82,33.23,0.52
20260609,600312.SH,平高电气,2.0,18.85,592.96,2.04,686.56,2.36,-93.61,-0.32,1091.94,3.75,-1684.89,-5.79
20260609,300998.SZ,宁波方正,-0.56,26.4,590.51,8.44,249.14,3.56,341.37,4.88,393.17,5.62,-983.68,-14.07
20260609,600640.SH,国脉文化,0.63,11.12,590.2,7.92,703.01,9.43,-112.8,-1.51,-8.59,-0.12,-581.61,-7.8
20260609,600780.SH,通宝能源,1.64,6.8,589.72,4.05,374.31,2.57,215.42,1.48,-543.47,-3.73,-46.26,-0.32
20260609,002540.SZ,亚太科技,0.0,5.16,587.76,13.63,194.21,4.5,393.56,9.12,-137.03,-3.18,-450.73,-10.45
20260609,002110.SZ,三钢闽光,-0.34,2.97,585.96,13.19,445.21,10.02,140.75,3.17,238.62,5.37,-824.58,-18.56
20260609,002328.SZ,新朋股份,3.75,8.3,585.89,1.51,90.22,0.23,495.67,1.28,-3131.23,-8.07,2545.34,6.56
20260609,603049.SH,中策橡胶,0.35,46.05,584.69,10.1,73.95,1.28,510.75,8.83,-263.31,-4.55,-321.38,-5.55
20260609,002258.SZ,利尔化学,0.47,12.81,583.84,3.13,-81.24,-0.43,665.08,3.56,669.2,3.58,-1253.05,-6.71
20260609,000712.SZ,锦龙股份,1.54,8.57,583.7,2.14,-207.36,-0.76,791.07,2.9,415.34,1.52,-999.05,-3.66
20260609,688655.SH,迅捷兴,1.14,50.68,578.55,1.3,-517.1,-1.17,1095.65,2.47,660.41,1.49,-1238.96,-2.79
20260609,300226.SZ,上海钢联,2.58,20.71,577.01,5.22,820.65,7.43,-243.64,-2.21,-86.27,-0.78,-490.74,-4.44
20260609,002718.SZ,友邦吊顶,0.73,91.64,575.42,5.1,623.03,5.52,-47.61,-0.42,-130.86,-1.16,-444.56,-3.94
20260609,688267.SH,中触媒,2.47,29.9,575.17,8.7,449.4,6.8,125.76,1.9,-69.39,-1.05,-505.77,-7.65
20260609,601186.SH,中国铁建,0.32,6.27,574.92,2.93,1815.27,9.26,-1240.35,-6.33,-755.69,-3.85,180.77,0.92
20260609,688047.SH,龙芯中科,2.09,132.6,574.79,0.62,-1153.64,-1.24,1728.43,1.86,284.65,0.31,-859.45,-0.92
20260609,300407.SZ,凯发电气,-1.84,11.73,574.2,8.35,0.0,0.0,574.2,8.35,52.66,0.77,-626.86,-9.12
20260609,002755.SZ,奥赛康,1.5,12.85,570.95,5.5,222.87,2.15,348.08,3.35,-5.06,-0.05,-565.89,-5.45
20260609,300507.SZ,苏奥传感,2.81,7.32,568.79,7.71,10.81,0.15,557.98,7.56,-384.91,-5.21,-183.87,-2.49
20260609,002300.SZ,太阳电缆,1.28,7.9,568.7,4.93,-53.63,-0.46,622.32,5.39,-850.84,-7.37,282.14,2.44
20260609,603068.SH,博通集成,3.22,33.03,568.04,4.76,294.65,2.47,273.39,2.29,-331.6,-2.78,-236.45,-1.98
20260609,002239.SZ,奥特佳,0.4,2.53,567.01,5.62,829.2,8.21,-262.19,-2.6,-376.76,-3.73,-190.24,-1.88
20260609,688611.SH,杭州柯林,2.36,73.39,560.99,7.55,-17.77,-0.24,578.77,7.78,-266.64,-3.59,-294.35,-3.96
20260609,603883.SH,老百姓,-0.6,11.62,558.86,9.07,287.27,4.66,271.6,4.41,-261.54,-4.24,-297.33,-4.82
20260609,300405.SZ,科隆股份,-0.33,5.97,554.12,7.38,0.0,0.0,554.12,7.38,-108.02,-1.44,-446.09,-5.94
20260609,600734.SH,*ST实达,0.97,2.09,553.95,6.04,201.54,2.2,352.41,3.85,-322.24,-3.52,-231.71,-2.53
20260609,300081.SZ,ST恒信,1.85,4.41,552.48,10.44,13.56,0.26,538.92,10.19,-426.75,-8.07,-125.72,-2.38
20260609,600419.SH,天润乳业,-2.84,7.86,551.31,8.4,116.48,1.78,434.83,6.63,924.43,14.09,-1475.74,-22.5
20260609,688230.SH,芯导科技,5.89,62.74,549.82,6.92,301.45,3.79,248.37,3.13,-560.5,-7.06,10.68,0.13
20260609,301213.SZ,观想科技,-2.41,47.82,548.49,4.34,433.64,3.43,114.84,0.91,89.78,0.71,-638.26,-5.05
20260609,688306.SH,均普智能,-0.43,9.16,548.4,4.83,-176.95,-1.56,725.35,6.39,211.35,1.86,-759.75,-6.69
20260609,002988.SZ,豪美新材,3.38,26.02,546.87,5.85,123.67,1.32,423.2,4.53,-642.05,-6.87,95.18,1.02
20260609,002805.SZ,丰元股份,3.19,20.38,546.2,2.54,512.57,2.38,33.63,0.16,-881.28,-4.1,335.07,1.56
20260609,603977.SH,国泰集团,-1.13,13.15,546.02,2.08,742.41,2.83,-196.4,-0.75,1211.83,4.62,-1757.85,-6.7
20260609,300746.SZ,汉嘉数智,5.99,11.5,545.71,7.37,-7.23,-0.1,552.95,7.46,123.25,1.66,-668.96,-9.03
20260609,600511.SH,国药股份,1.39,27.06,544.08,4.97,504.19,4.61,39.89,0.36,-161.5,-1.48,-382.58,-3.5
20260609,688062.SH,迈威生物-U,2.01,26.43,540.47,2.68,420.03,2.08,120.43,0.6,-928.1,-4.6,387.63,1.92
20260609,603776.SH,永安行,2.6,19.71,540.06,6.46,280.98,3.36,259.08,3.1,417.98,5.0,-958.04,-11.46
20260609,605128.SH,上海沿浦,3.89,24.3,539.84,2.43,345.04,1.55,194.8,0.88,-758.02,-3.41,218.18,0.98
20260609,002917.SZ,金奥博,-1.16,12.77,539.76,6.42,133.5,1.59,406.26,4.83,306.08,3.64,-845.84,-10.06
20260609,600782.SH,新钢股份,0.0,2.62,539.7,10.39,90.7,1.75,449.0,8.65,60.47,1.16,-600.18,-11.56
20260609,301261.SZ,恒工精密,0.79,90.33,539.26,1.76,184.51,0.6,354.75,1.16,-420.31,-1.37,-118.95,-0.39
20260609,300579.SZ,数字认证,-0.09,21.93,538.36,7.93,461.5,6.8,76.86,1.13,-248.13,-3.66,-290.23,-4.28
20260609,002609.SZ,捷顺科技,1.6,7.63,536.96,9.78,293.9,5.35,243.06,4.43,-283.63,-5.16,-253.32,-4.61
20260609,000813.SZ,德展健康,1.66,3.07,536.12,5.78,-343.69,-3.71,879.81,9.49,98.26,1.06,-634.38,-6.84
20260609,688689.SH,银河微电,4.31,39.43,535.39,4.63,176.04,1.52,359.35,3.11,-275.76,-2.38,-259.63,-2.24
20260609,300739.SZ,明阳电路,3.77,28.36,532.46,1.19,882.08,1.97,-349.62,-0.78,-1278.4,-2.86,745.94,1.67
20260609,688729.SH,屹唐股份,8.24,24.44,531.55,1.58,144.14,0.43,387.41,1.15,335.01,0.99,-866.56,-2.57
20260609,603279.SH,景津装备,-0.67,13.39,530.8,5.37,385.84,3.9,144.96,1.47,-298.61,-3.02,-232.2,-2.35
20260609,000546.SZ,金圆股份,2.99,5.17,530.33,4.76,776.79,6.97,-246.46,-2.21,-405.89,-3.64,-124.44,-1.12
20260609,002839.SZ,张家港行,0.47,4.24,530.31,5.52,444.42,4.62,85.89,0.89,-171.56,-1.78,-358.75,-3.73
20260609,300878.SZ,维康药业,15.81,31.57,529.94,2.88,-652.95,-3.55,1182.89,6.43,581.47,3.16,-1111.41,-6.04
20260609,002624.SZ,完美世界,0.28,14.34,529.44,0.38,-3224.62,-2.3,3754.06,2.68,4027.87,2.87,-4557.31,-3.25
20260609,600273.SH,嘉化能源,-0.28,7.0,528.08,6.28,-224.93,-2.68,753.01,8.96,506.87,6.03,-1034.96,-12.31
20260609,300864.SZ,南大环境,-1.25,22.16,527.91,8.62,-126.11,-2.06,654.03,10.68,504.96,8.25,-1032.88,-16.87
20260609,003010.SZ,若羽臣,2.47,24.02,526.33,3.42,-167.74,-1.09,694.07,4.5,-498.57,-3.24,-27.75,-0.18
20260609,300151.SZ,昌红科技,3.64,23.05,524.97,1.05,141.48,0.28,383.49,0.77,-104.04,-0.21,-420.94,-0.84
20260609,002396.SZ,星网锐捷,0.31,19.25,524.04,0.94,65.95,0.12,458.09,0.82,-1316.85,-2.36,792.81,1.42
20260609,002786.SZ,银宝山新,-0.46,8.57,524.01,3.01,-0.79,0.0,524.8,3.02,-189.74,-1.09,-334.27,-1.92
20260609,688246.SH,嘉和美康,6.61,25.31,523.9,2.96,866.83,4.89,-342.93,-1.94,-727.78,-4.11,203.88,1.15
20260609,000151.SZ,中成股份,2.29,13.85,523.53,1.97,1141.0,4.29,-617.47,-2.32,-1082.83,-4.07,559.3,2.1
20260609,301041.SZ,金百泽,3.32,33.32,523.19,2.22,366.57,1.55,156.61,0.66,-1690.5,-7.17,1167.32,4.95
20260609,301071.SZ,力量钻石,1.29,71.61,522.65,0.42,113.03,0.09,409.63,0.33,-4361.0,-3.49,3838.35,3.07
20260609,000032.SZ,深桑达Ａ,2.91,15.54,519.38,2.3,11.51,0.05,507.87,2.25,-1135.29,-5.03,615.91,2.73
20260609,601686.SH,友发集团,0.98,5.13,516.7,11.9,239.47,5.52,277.23,6.39,-303.31,-6.99,-213.39,-4.92
20260609,600076.SH,康欣新材,3.41,3.64,511.61,4.44,358.78,3.12,152.83,1.33,25.12,0.22,-536.74,-4.66
20260609,300836.SZ,佰奥智能,4.14,71.0,511.55,3.7,114.89,0.83,396.66,2.87,-243.4,-1.76,-268.15,-1.94
20260609,601865.SH,福莱特,1.51,10.73,511.17,2.45,-517.03,-2.47,1028.21,4.92,-36.23,-0.17,-474.94,-2.27
20260609,001266.SZ,宏英智能,1.86,45.99,509.8,3.97,506.48,3.94,3.32,0.03,-739.27,-5.76,229.47,1.79
20260609,600623.SH,华谊集团,-1.7,8.11,509.53,3.33,299.25,1.96,210.28,1.38,-761.37,-4.98,251.84,1.65
20260609,002946.SZ,新乳业,-0.31,16.15,508.49,6.07,-117.28,-1.4,625.77,7.47,-610.87,-7.29,102.39,1.22
20260609,002468.SZ,申通快递,0.8,13.94,508.19,2.15,-1128.82,-4.77,1637.01,6.91,1615.1,6.82,-2123.29,-8.97
20260609,300400.SZ,劲拓股份,6.02,35.2,507.07,0.54,60.33,0.06,446.74,0.48,-3392.76,-3.63,2885.69,3.09
20260609,301588.SZ,美新科技,3.11,35.14,506.22,2.73,483.49,2.61,22.73,0.12,260.3,1.41,-766.51,-4.14
20260609,688621.SH,阳光诺和,6.63,51.14,505.67,3.54,511.42,3.58,-5.75,-0.04,-818.44,-5.73,312.77,2.19
20260609,002500.SZ,山西证券,1.22,4.98,505.67,5.56,471.02,5.18,34.65,0.38,-596.1,-6.56,90.43,1.0
20260609,002233.SZ,塔牌集团,-3.69,7.82,503.05,6.15,0.0,0.0,503.05,6.15,1223.26,14.94,-1726.32,-21.09
20260609,000089.SZ,深圳机场,-0.78,6.4,500.7,8.83,-130.77,-2.31,631.47,11.14,741.35,13.07,-1242.05,-21.9
20260609,000692.SZ,惠天热电,3.23,4.79,498.41,3.91,190.85,1.5,307.55,2.41,-676.13,-5.31,177.72,1.4
20260609,600100.SH,同方股份,0.28,7.29,498.35,2.51,-143.22,-0.72,641.57,3.24,480.99,2.43,-979.33,-4.94
20260609,301068.SZ,大地海洋,2.98,27.26,498.13,8.32,100.45,1.68,397.68,6.64,-158.96,-2.66,-339.17,-5.67
20260609,000523.SZ,红棉股份,0.68,2.95,496.24,11.72,0.0,0.0,496.24,11.72,-287.78,-6.8,-208.46,-4.92
20260609,300071.SZ,福石控股,0.5,4.02,495.79,4.38,227.35,2.01,268.43,2.37,-235.59,-2.08,-260.19,-2.3
20260609,301020.SZ,密封科技,1.99,24.03,495.77,5.7,54.74,0.63,441.03,5.07,490.14,5.63,-985.91,-11.33
20260609,300079.SZ,数码视讯,1.21,5.0,493.92,4.24,356.79,3.06,137.13,1.18,-167.65,-1.44,-326.27,-2.8
20260609,002759.SZ,天际股份,3.77,26.43,493.24,0.72,823.88,1.21,-330.63,-0.49,-2364.38,-3.47,1871.13,2.75
20260609,600815.SH,厦工股份,-0.32,3.15,492.58,3.81,-203.11,-1.57,695.69,5.38,-1195.12,-9.24,702.54,5.43
20260609,603307.SH,扬州金泉,4.59,39.9,492.52,10.96,74.14,1.65,418.39,9.31,202.15,4.5,-694.67,-15.46
20260609,603950.SH,长源东谷,2.75,63.8,488.67,1.75,1610.64,5.76,-1121.97,-4.01,-1789.17,-6.4,1300.5,4.65
20260609,000676.SZ,智度股份,1.06,5.73,488.44,3.36,477.38,3.29,11.06,0.08,492.85,3.39,-981.29,-6.76
20260609,301193.SZ,家联科技,-2.24,22.68,488.3,2.86,396.46,2.32,91.84,0.54,305.43,1.79,-793.73,-4.65
20260609,301133.SZ,金钟股份,-0.45,39.63,488.09,3.61,-684.9,-5.06,1172.99,8.67,-151.16,-1.12,-336.94,-2.49
20260609,601717.SH,中创智领,1.37,17.71,487.42,2.16,-429.7,-1.9,917.11,4.06,-1211.29,-5.37,723.88,3.21
20260609,300235.SZ,方直科技,-1.48,13.95,487.0,3.01,814.03,5.02,-327.03,-2.02,368.16,2.27,-855.17,-5.28
20260609,688199.SH,久日新材,5.51,27.56,484.8,2.24,765.38,3.53,-280.58,-1.3,-98.66,-0.46,-386.14,-1.78
20260609,603529.SH,爱玛科技,0.47,21.31,484.77,3.25,-370.54,-2.48,855.31,5.73,-474.86,-3.18,-9.91,-0.07
20260609,300542.SZ,新晨科技,1.71,12.51,483.0,9.82,0.0,0.0,483.0,9.82,-312.55,-6.35,-170.44,-3.47
20260609,688088.SH,虹软科技,0.71,39.58,482.42,1.27,-554.25,-1.46,1036.68,2.73,1174.0,3.09,-1656.42,-4.36
20260609,600873.SH,梅花生物,1.96,9.38,481.86,3.34,140.64,0.97,341.22,2.36,-299.58,-2.07,-182.27,-1.26
20260609,300369.SZ,绿盟科技,1.48,6.16,481.19,5.64,225.51,2.64,255.67,3.0,-123.7,-1.45,-357.48,-4.19
20260609,003007.SZ,直真科技,2.27,40.08,479.14,5.44,107.55,1.22,371.59,4.22,-522.4,-5.93,43.27,0.49
20260609,301391.SZ,卡莱特,5.31,62.43,478.53,4.55,464.65,4.42,13.89,0.13,-910.03,-8.66,431.49,4.1
20260609,688509.SH,正元地信,5.39,5.08,477.91,3.29,98.19,0.68,379.72,2.61,221.9,1.53,-699.81,-4.81
20260609,600187.SH,*ST国中,4.73,1.77,477.4,35.84,-12.21,-0.92,489.62,36.76,-226.08,-16.97,-251.32,-18.87
20260609,600405.SH,动力源,1.78,4.57,476.95,12.05,-80.1,-2.02,557.05,14.07,-191.41,-4.84,-285.53,-7.21
20260609,300351.SZ,永贵电器,2.59,16.62,476.38,2.09,-887.97,-3.89,1364.35,5.98,503.69,2.21,-980.07,-4.3
20260609,603915.SH,国茂股份,-0.24,16.48,474.79,2.14,-35.6,-0.16,510.38,2.3,397.64,1.79,-872.43,-3.94
20260609,000503.SZ,国新健康,1.0,7.08,473.58,4.66,-448.73,-4.42,922.31,9.08,310.27,3.06,-783.85,-7.72
20260609,600234.SH,科新发展,0.93,25.04,473.46,4.89,56.4,0.58,417.06,4.31,751.74,7.76,-1225.2,-12.65
20260609,600575.SH,XD淮河能,1.06,3.8,472.72,1.68,110.05,0.39,362.67,1.29,-430.39,-1.53,-42.33,-0.15
20260609,600716.SH,凤凰股份,2.23,3.67,472.66,10.51,77.91,1.73,394.75,8.77,40.41,0.9,-513.07,-11.4
20260609,601002.SH,晋亿实业,0.4,4.96,471.84,7.43,369.94,5.83,101.89,1.6,-221.67,-3.49,-250.17,-3.94
20260609,300494.SZ,盛天网络,0.21,9.57,470.35,4.19,100.45,0.9,369.9,3.3,-289.49,-2.58,-180.86,-1.61
20260609,002695.SZ,煌上煌,-0.76,11.7,469.98,5.84,170.68,2.12,299.29,3.72,-222.23,-2.76,-247.74,-3.08
20260609,688105.SH,诺唯赞,3.35,13.58,469.11,7.9,-233.79,-3.94,702.9,11.83,-158.75,-2.67,-310.36,-5.23
20260609,000650.SZ,仁和药业,-0.38,5.19,468.66,11.04,326.85,7.7,141.81,3.34,64.21,1.51,-532.87,-12.55
20260609,688530.SH,欧莱新材,8.33,49.3,466.89,1.36,715.64,2.08,-248.75,-0.72,-1630.89,-4.75,1164.01,3.39
20260609,603606.SH,东方电缆,0.23,39.01,465.92,1.05,-732.76,-1.65,1198.69,2.69,41.35,0.09,-507.28,-1.14
20260609,603190.SH,亚通精工,0.43,25.81,464.95,12.08,12.76,0.33,452.19,11.74,-121.3,-3.15,-343.66,-8.93
20260609,600062.SH,华润双鹤,0.0,16.71,464.29,8.13,365.22,6.4,99.07,1.74,-620.48,-10.87,156.19,2.74
20260609,300296.SZ,利亚德,0.42,7.14,459.61,0.37,-2229.43,-1.77,2689.04,2.14,1929.76,1.54,-2389.38,-1.9
20260609,000635.SZ,英 力 特,2.52,6.91,457.15,5.7,253.29,3.16,203.86,2.54,666.77,8.32,-1123.92,-14.02
20260609,600281.SH,华阳新材,1.04,4.85,456.2,10.35,5.73,0.13,450.47,10.22,134.87,3.06,-591.07,-13.41
20260609,688216.SH,气派科技,8.09,31.93,455.74,3.3,18.64,0.13,437.11,3.16,508.78,3.68,-964.52,-6.98
20260609,000778.SZ,新兴铸管,0.97,4.17,455.31,2.72,-34.46,-0.21,489.76,2.92,586.12,3.5,-1041.43,-6.21
20260609,002590.SZ,万安科技,0.08,11.78,454.22,2.69,286.1,1.69,168.12,0.99,742.75,4.39,-1196.97,-7.08
20260609,002453.SZ,华软科技,3.98,5.48,451.77,3.71,-100.9,-0.83,552.67,4.54,-18.84,-0.15,-432.93,-3.56
20260609,688307.SH,中润光学,3.88,63.72,451.62,1.2,-346.84,-0.92,798.46,2.12,685.66,1.82,-1137.28,-3.02
20260609,600675.SH,中华企业,-2.49,2.35,448.25,7.64,120.01,2.05,328.24,5.6,299.03,5.1,-747.28,-12.74
20260609,000009.SZ,中国宝安,1.15,7.03,445.21,3.42,890.42,6.85,-445.22,-3.42,-530.61,-4.08,85.4,0.66
20260609,000729.SZ,燕京啤酒,-2.79,11.14,441.81,0.77,-1469.47,-2.56,1911.28,3.32,-3602.95,-6.26,3161.15,5.5
20260609,601187.SH,厦门银行,-0.82,7.26,441.51,3.89,-75.11,-0.66,516.62,4.55,127.61,1.12,-569.12,-5.01
20260609,601528.SH,瑞丰银行,-0.84,4.7,441.16,9.09,-172.55,-3.56,613.72,12.64,488.95,10.07,-930.11,-19.16
20260609,603458.SH,勘设股份,-0.75,13.21,441.01,2.19,559.87,2.79,-118.86,-0.59,149.68,0.74,-590.69,-2.94
20260609,601169.SH,北京银行,0.39,5.14,440.85,0.82,2803.73,5.21,-2362.88,-4.39,-2280.1,-4.24,1839.25,3.42
20260609,301131.SZ,聚赛龙,5.13,37.5,440.44,9.13,557.68,11.56,-117.24,-2.43,-283.51,-5.88,-156.93,-3.25
20260609,002256.SZ,兆新股份,2.06,3.97,440.34,2.17,704.0,3.47,-263.65,-1.3,-831.12,-4.1,390.78,1.93
20260609,605366.SH,宏柏新材,4.65,10.57,438.95,2.48,-92.44,-0.52,531.39,3.0,-715.14,-4.04,276.19,1.56
20260609,601163.SH,三角轮胎,-2.31,13.13,438.37,5.37,30.34,0.37,408.03,4.99,-1096.57,-13.42,658.2,8.06
20260609,688633.SH,星球石墨,-0.57,29.82,438.19,1.74,248.79,0.99,189.4,0.75,1918.31,7.61,-2356.5,-9.35
20260609,601500.SH,通用股份,-0.5,4.02,436.47,9.72,-6.58,-0.15,443.05,9.87,149.25,3.32,-585.71,-13.04
20260609,688386.SH,泛亚微透,3.96,74.8,435.58,2.48,-687.3,-3.91,1122.87,6.38,107.64,0.61,-543.22,-3.09
20260609,601598.SH,中国外运,-0.34,5.9,433.72,6.99,-4.4,-0.07,438.12,7.06,475.05,7.65,-908.77,-14.64
20260609,600222.SH,太龙药业,-0.12,8.11,433.34,2.59,489.45,2.93,-56.12,-0.34,-868.14,-5.19,434.81,2.6
20260609,002989.SZ,中天精装,0.29,27.85,432.66,2.95,218.43,1.49,214.23,1.46,1529.49,10.41,-1962.15,-13.36
20260609,603299.SH,苏盐井神,-0.71,9.8,431.75,10.12,64.28,1.51,367.48,8.61,268.54,6.29,-700.3,-16.41
20260609,688010.SH,福光股份,1.12,34.43,431.31,3.23,-550.57,-4.12,981.87,7.34,-375.1,-2.81,-56.21,-0.42
20260609,002226.SZ,江南化工,0.0,5.11,428.6,5.42,260.21,3.29,168.39,2.13,522.6,6.61,-951.2,-12.03
20260609,000898.SZ,鞍钢股份,-1.51,1.96,428.51,6.65,235.33,3.65,193.18,3.0,-40.21,-0.62,-388.29,-6.03
20260609,300122.SZ,智飞生物,1.42,12.1,426.56,1.89,-429.8,-1.9,856.37,3.79,-2051.85,-9.07,1625.29,7.18
20260609,300929.SZ,华骐环保,0.44,11.5,426.46,9.25,0.0,0.0,426.46,9.25,-247.16,-5.36,-179.3,-3.89
20260609,000828.SZ,东莞控股,-0.71,9.78,426.45,11.38,0.0,0.0,426.45,11.38,-55.39,-1.48,-371.06,-9.9
20260609,688276.SH,百克生物,-1.77,14.39,426.28,12.35,39.5,1.14,386.78,11.2,-162.04,-4.69,-264.24,-7.65
20260609,600830.SH,香溢融通,2.3,8.02,425.42,6.33,223.78,3.33,201.65,3.0,119.07,1.77,-544.5,-8.11
20260609,603976.SH,正川股份,4.06,23.82,424.73,2.42,53.63,0.31,371.1,2.11,901.95,5.14,-1326.69,-7.55
20260609,688032.SH,禾迈股份,1.31,90.2,423.93,5.58,223.19,2.94,200.74,2.64,-309.79,-4.07,-114.14,-1.5
20260609,002289.SZ,*ST宇顺,2.46,39.49,423.91,3.98,-377.62,-3.55,801.53,7.53,-596.99,-5.61,173.08,1.63
20260609,688155.SH,先惠技术,1.95,77.5,423.45,2.38,-8.75,-0.05,432.21,2.43,-1525.56,-8.59,1102.1,6.21
20260609,000921.SZ,海信家电,-0.22,26.73,423.33,1.29,238.37,0.73,184.96,0.56,3115.43,9.49,-3538.76,-10.78
20260609,000819.SZ,岳阳兴长,4.71,14.24,420.94,4.13,-756.25,-7.42,1177.19,11.55,29.53,0.29,-450.47,-4.42
20260609,001228.SZ,永泰运,4.01,26.99,420.72,11.49,0.0,0.0,420.72,11.49,-166.41,-4.54,-254.3,-6.94
20260609,301149.SZ,隆华新材,4.42,11.33,420.37,4.98,225.62,2.67,194.75,2.31,-204.5,-2.42,-215.87,-2.56
20260609,600252.SH,中恒集团,-0.91,2.18,420.32,6.67,-275.18,-4.37,695.5,11.04,-133.6,-2.12,-286.72,-4.55
20260609,000948.SZ,南天信息,1.72,13.0,419.03,8.12,411.89,7.98,7.14,0.14,-236.46,-4.58,-182.57,-3.54
20260609,002930.SZ,宏川智慧,2.31,9.73,418.7,3.71,247.85,2.2,170.85,1.51,187.68,1.66,-606.38,-5.38
20260609,000897.SZ,津滨发展,-2.06,1.9,415.98,6.47,-431.27,-6.71,847.24,13.18,442.88,6.89,-858.86,-13.36
20260609,603889.SH,新澳股份,3.48,5.95,414.62,6.71,628.12,10.16,-213.5,-3.45,-181.14,-2.93,-233.48,-3.78
20260609,301592.SZ,六九一二,11.03,107.81,414.29,2.49,-233.49,-1.4,647.78,3.89,855.0,5.13,-1269.29,-7.62
20260609,300631.SZ,久吾高科,4.91,24.79,414.26,4.79,77.73,0.9,336.53,3.89,121.78,1.41,-536.04,-6.2
20260609,000848.SZ,承德露露,-0.52,7.72,414.16,5.95,105.86,1.52,308.3,4.43,470.48,6.76,-884.64,-12.7
20260609,002317.SZ,众生药业,0.14,21.84,413.78,0.98,153.02,0.36,260.75,0.62,1921.45,4.57,-2335.23,-5.55
20260609,300424.SZ,航新科技,0.63,19.12,413.57,1.56,-407.63,-1.53,821.2,3.09,158.44,0.6,-572.0,-2.15
20260609,002199.SZ,*ST东晶,5.0,13.43,413.0,10.74,-295.06,-7.67,708.06,18.42,-162.55,-4.23,-250.45,-6.51
20260609,000752.SZ,*ST西发,2.92,9.15,412.96,9.13,-197.17,-4.36,610.13,13.48,-280.97,-6.21,-131.99,-2.92
20260609,000428.SZ,华天酒店,-1.45,3.39,412.07,7.54,-142.77,-2.61,554.84,10.15,-112.98,-2.07,-299.1,-5.47
20260609,300785.SZ,值得买,1.35,40.56,411.9,1.79,220.98,0.96,190.91,0.83,108.79,0.47,-520.69,-2.26
20260609,688579.SH,地纬智能,1.16,8.71,410.93,13.72,65.52,2.19,345.41,11.54,16.38,0.55,-427.31,-14.27
20260609,300692.SZ,中赋科技,5.96,8.18,410.44,4.14,259.43,2.62,151.01,1.52,-49.78,-0.5,-360.66,-3.64
20260609,688320.SH,禾川科技,1.65,38.77,408.75,2.0,59.09,0.29,349.66,1.71,369.69,1.81,-778.44,-3.81
20260609,601388.SH,怡球资源,0.31,3.19,408.15,4.5,-38.29,-0.42,446.43,4.92,-280.74,-3.1,-127.41,-1.4
20260609,002841.SZ,视源股份,0.66,34.85,407.09,3.66,-33.85,-0.3,440.94,3.96,510.3,4.59,-917.39,-8.25
20260609,600996.SH,贵广网络,-1.23,8.83,404.61,1.13,1741.25,4.85,-1336.64,-3.73,351.53,0.98,-756.13,-2.11
20260609,002925.SZ,盈趣科技,0.0,21.85,404.43,1.43,55.85,0.2,348.58,1.23,361.61,1.28,-766.04,-2.71
20260609,600481.SH,双良节能,1.04,4.85,403.6,1.08,375.86,1.01,27.74,0.07,-368.28,-0.99,-35.33,-0.09
20260609,600173.SH,卧龙新能,0.15,6.78,403.57,7.28,-322.8,-5.82,726.37,13.11,-295.92,-5.34,-107.65,-1.94
20260609,300707.SZ,威唐工业,1.53,12.58,403.54,8.93,0.0,0.0,403.54,8.93,-44.84,-0.99,-358.7,-7.94
20260609,002077.SZ,大港股份,5.23,16.31,403.12,0.81,661.28,1.33,-258.17,-0.52,-455.12,-0.92,52.0,0.1
20260609,000401.SZ,金隅冀东,0.26,3.86,402.72,13.62,511.95,17.31,-109.24,-3.69,-135.86,-4.59,-266.86,-9.02
20260609,002703.SZ,浙江世宝,0.3,16.46,402.55,0.69,-406.4,-0.7,808.95,1.4,1364.1,2.35,-1766.65,-3.05
20260609,002178.SZ,延华智能,5.17,5.7,400.88,2.47,126.99,0.78,273.89,1.69,311.61,1.92,-712.49,-4.4
20260609,001316.SZ,润贝航科,2.35,33.51,399.89,5.13,10.78,0.14,389.11,4.99,-382.98,-4.91,-16.9,-0.22
20260609,002973.SZ,侨银股份,-0.3,13.18,399.39,9.78,-35.49,-0.87,434.88,10.64,-42.98,-1.05,-356.41,-8.72
20260609,000691.SZ,亚太实业,5.52,9.18,398.47,3.31,304.5,2.53,93.97,0.78,-675.78,-5.62,277.31,2.3
20260609,600586.SH,金晶科技,-0.6,4.93,398.32,2.23,11.14,0.06,387.18,2.16,269.12,1.5,-667.44,-3.73
20260609,605228.SH,神通科技,8.02,13.33,396.69,2.08,-226.94,-1.19,623.63,3.27,921.78,4.84,-1318.47,-6.92
20260609,300845.SZ,捷安高科,-0.54,14.85,395.88,2.62,9.42,0.06,386.45,2.56,-479.86,-3.18,83.98,0.56
20260609,002853.SZ,皮阿诺,1.47,24.13,395.42,8.15,125.54,2.59,269.88,5.56,-257.94,-5.32,-137.48,-2.83
20260609,300829.SZ,金丹科技,2.61,17.33,391.3,8.23,13.97,0.29,377.32,7.93,-199.5,-4.19,-191.79,-4.03
20260609,002003.SZ,伟星股份,-0.66,9.06,390.95,6.18,0.0,0.0,390.95,6.18,334.05,5.28,-725.0,-11.46
20260609,300510.SZ,金冠股份,1.42,3.56,389.71,7.8,106.27,2.13,283.44,5.67,-125.89,-2.52,-263.81,-5.28
20260609,688620.SH,安凯微,4.22,12.35,387.92,2.03,-334.28,-1.75,722.2,3.78,1548.18,8.1,-1936.1,-10.13
20260609,603858.SH,步长制药,-1.01,14.64,387.72,6.7,385.86,6.67,1.86,0.03,20.72,0.36,-408.44,-7.06
20260609,300231.SZ,银信科技,1.86,8.77,386.66,6.54,335.55,5.68,51.11,0.86,-43.96,-0.74,-342.7,-5.8
20260609,600366.SH,宁波韵升,1.41,12.99,386.56,0.76,-313.97,-0.62,700.53,1.38,1920.39,3.78,-2306.95,-4.54
20260609,300539.SZ,横河精密,2.22,23.53,386.35,1.77,-342.73,-1.57,729.09,3.35,36.87,0.17,-423.23,-1.94
20260609,300749.SZ,顶固集创,3.72,21.76,385.73,3.38,97.14,0.85,288.59,2.53,-1307.22,-11.46,921.49,8.08
20260609,301590.SZ,优优绿能,5.01,171.86,385.01,3.13,248.47,2.02,136.54,1.11,564.15,4.58,-949.16,-7.71
20260609,603665.SH,康隆达,0.41,26.8,384.43,6.5,163.8,2.77,220.63,3.73,-6.23,-0.11,-378.19,-6.4
20260609,601005.SH,重庆钢铁,0.0,1.26,382.56,8.0,879.06,18.39,-496.5,-10.39,-377.97,-7.91,-4.58,-0.1
20260609,300354.SZ,东华测试,5.11,34.15,381.31,2.63,-565.03,-3.9,946.33,6.54,1186.13,8.19,-1567.44,-10.83
20260609,002442.SZ,龙星科技,4.26,5.39,379.05,2.78,-112.95,-0.83,492.0,3.61,-567.12,-4.16,188.07,1.38
20260609,300935.SZ,盈建科,0.06,35.6,379.02,2.98,121.3,0.95,257.71,2.03,599.74,4.72,-978.76,-7.7
20260609,002376.SZ,新北洋,1.45,6.3,378.41,7.5,0.0,0.0,378.41,7.5,-238.72,-4.73,-139.69,-2.77
20260609,601965.SH,中国汽研,0.0,14.86,378.21,4.06,-448.82,-4.82,827.03,8.89,174.95,1.88,-553.16,-5.94
20260609,601107.SH,四川成渝,-0.17,5.88,377.67,7.21,53.88,1.03,323.79,6.18,-31.08,-0.59,-346.59,-6.61
20260609,603356.SH,华菱精工,1.91,18.12,377.15,4.43,216.59,2.54,160.56,1.89,-311.39,-3.66,-65.76,-0.77
20260609,300004.SZ,南风股份,3.91,12.76,376.63,1.95,4.49,0.02,372.14,1.93,-990.12,-5.14,613.49,3.18
20260609,002662.SZ,峰璟股份,0.61,3.28,376.56,10.89,0.0,0.0,376.56,10.89,-217.69,-6.29,-158.88,-4.59
20260609,002053.SZ,云南能投,1.49,10.92,376.27,3.38,-330.93,-2.97,707.2,6.35,0.21,0.0,-376.48,-3.38
20260609,688588.SH,凌志软件,1.8,10.18,373.11,9.83,266.12,7.01,106.99,2.82,-380.72,-10.03,7.61,0.2
20260609,688600.SH,皖仪科技,-1.86,26.4,372.95,4.34,-137.52,-1.6,510.47,5.95,569.19,6.63,-942.14,-10.97
20260609,688093.SH,世华科技,5.6,29.23,371.84,3.98,-221.32,-2.37,593.16,6.36,-571.9,-6.13,200.05,2.14
20260609,603006.SH,联明股份,-2.4,13.82,371.59,2.89,195.38,1.52,176.21,1.37,118.31,0.92,-489.9,-3.81
20260609,001319.SZ,铭科精技,1.31,24.0,369.99,7.14,0.0,0.0,369.99,7.14,-289.04,-5.58,-80.95,-1.56
20260609,600446.SH,金证股份,1.66,12.24,368.29,1.74,-536.61,-2.53,904.9,4.26,-67.87,-0.32,-300.43,-1.42
20260609,300324.SZ,旋极信息,1.24,4.08,367.47,2.64,-44.66,-0.32,412.13,2.96,-287.28,-2.06,-80.19,-0.58
20260609,603906.SH,龙蟠科技,2.87,23.65,365.99,0.79,93.19,0.2,272.8,0.59,-1067.86,-2.32,701.88,1.52
20260609,002798.SZ,帝欧水华,-5.23,6.16,365.68,1.77,-103.49,-0.5,469.17,2.27,1069.68,5.18,-1435.36,-6.95
20260609,002807.SZ,江阴银行,0.25,3.95,365.68,3.37,982.75,9.06,-617.08,-5.69,306.41,2.82,-672.09,-6.19
20260609,301201.SZ,诚达药业,0.17,34.67,365.16,3.33,-171.1,-1.56,536.26,4.89,-407.73,-3.72,42.57,0.39
20260609,600098.SH,广州发展,1.51,7.38,364.39,1.25,10.52,0.04,353.87,1.21,1785.78,6.12,-2150.17,-7.37
20260609,688228.SH,开普云,-0.58,89.05,360.74,2.18,471.52,2.85,-110.78,-0.67,91.18,0.55,-451.92,-2.73
20260609,600854.SH,春兰股份,-0.64,4.64,360.59,9.17,334.71,8.51,25.88,0.66,67.51,1.72,-428.1,-10.89
20260609,601000.SH,唐山港,0.95,4.25,359.82,2.83,733.7,5.77,-373.88,-2.94,-733.78,-5.77,373.96,2.94
20260609,688077.SH,大地熊,3.54,27.8,359.41,4.9,360.12,4.91,-0.71,-0.01,-526.34,-7.18,166.93,2.28
20260609,000007.SZ,全新好,7.27,13.13,358.18,1.86,-99.07,-0.51,457.25,2.38,30.35,0.16,-388.53,-2.02
20260609,605056.SH,咸亨国际,1.6,19.03,356.53,4.49,278.61,3.51,77.92,0.98,-216.82,-2.73,-139.7,-1.76
20260609,601908.SH,京运通,1.74,3.51,355.28,1.91,503.91,2.71,-148.63,-0.8,-287.48,-1.55,-67.79,-0.37
20260609,300516.SZ,久之洋,-0.61,37.7,355.05,0.95,-12.16,-0.03,367.21,0.99,-1427.21,-3.84,1072.16,2.88
20260609,605168.SH,三人行,-2.23,45.99,354.03,1.62,-453.28,-2.07,807.3,3.69,-1144.85,-5.24,790.82,3.62
20260609,001207.SZ,联科科技,3.69,18.57,353.5,3.24,85.59,0.78,267.91,2.45,-567.99,-5.2,214.49,1.97
20260609,000525.SZ,红太阳,0.0,4.4,353.36,3.5,-11.62,-0.12,364.99,3.62,387.65,3.84,-741.01,-7.34
20260609,688410.SH,山外山,-0.43,13.8,352.77,4.76,53.48,0.72,299.3,4.03,252.94,3.41,-605.71,-8.17
20260609,300783.SZ,三只松鼠,-0.4,17.39,352.0,4.19,217.26,2.59,134.75,1.61,-187.62,-2.24,-164.38,-1.96
20260609,601949.SH,中国出版,-1.17,5.08,351.61,7.62,26.31,0.57,325.3,7.05,330.82,7.17,-682.43,-14.79
20260609,688046.SH,XD药康生,3.08,17.75,351.54,6.07,83.54,1.44,268.0,4.62,501.91,8.66,-853.45,-14.73
20260609,002316.SZ,亚联发展,2.16,4.74,351.15,5.07,0.0,0.0,351.15,5.07,-41.54,-0.6,-309.6,-4.47
20260609,600866.SH,星湖科技,0.43,4.67,350.51,5.31,80.45,1.22,270.07,4.09,-425.64,-6.45,75.13,1.14
20260609,688737.SH,中自科技,6.51,27.01,350.45,3.22,-191.88,-1.76,542.33,4.98,-164.25,-1.51,-186.2,-1.71
20260609,300020.SZ,ST银江,0.27,3.67,348.36,11.81,115.58,3.92,232.78,7.89,-356.0,-12.07,7.64,0.26
20260609,003030.SZ,祖名股份,1.38,21.29,347.4,4.57,15.72,0.21,331.68,4.37,27.13,0.36,-374.52,-4.93
20260609,002928.SZ,华夏航空,2.88,6.78,347.09,1.23,-302.77,-1.07,649.85,2.3,731.39,2.59,-1078.47,-3.82
20260609,001336.SZ,楚环科技,0.04,25.26,346.36,7.22,0.0,0.0,346.36,7.22,-140.56,-2.93,-205.8,-4.29
20260609,600727.SH,鲁北化工,0.13,7.81,345.0,1.63,-136.69,-0.64,481.69,2.27,-1303.85,-6.15,958.85,4.52
20260609,600689.SH,上海三毛,-0.09,10.99,344.91,15.06,3.77,0.16,341.14,14.89,-181.04,-7.9,-163.88,-7.15
20260609,600505.SH,西昌电力,-1.41,14.71,344.4,0.41,-870.51,-1.05,1214.91,1.46,239.47,0.29,-583.86,-0.7
20260609,300915.SZ,海融科技,0.05,21.96,342.27,12.03,0.0,0.0,342.27,12.03,-260.08,-9.14,-82.19,-2.89
20260609,600369.SH,西南证券,-0.26,3.84,342.26,4.11,415.9,5.0,-73.65,-0.88,26.97,0.32,-369.22,-4.44
20260609,002133.SZ,广宇集团,-1.08,2.74,339.26,7.47,0.0,0.0,339.26,7.47,-201.17,-4.43,-138.09,-3.04
20260609,688710.SH,益诺思,2.64,53.17,337.71,2.67,32.07,0.25,305.64,2.42,83.28,0.66,-420.99,-3.33
20260609,600388.SH,龙净环保,1.16,16.59,336.57,1.53,386.77,1.76,-50.2,-0.23,1766.24,8.02,-2102.81,-9.55
20260609,002106.SZ,莱宝高科,1.15,13.24,336.55,0.56,-795.84,-1.33,1132.4,1.9,-2125.96,-3.56,1789.41,3.0
20260609,300467.SZ,迅游科技,1.59,32.6,336.13,3.58,217.11,2.32,119.01,1.27,160.02,1.71,-496.15,-5.29
20260609,601200.SH,上海环境,-0.54,7.32,336.02,9.2,-8.74,-0.24,344.76,9.44,185.59,5.08,-521.6,-14.28
20260609,603195.SH,公牛集团,1.86,40.5,335.98,1.69,-884.3,-4.44,1220.28,6.12,-245.06,-1.23,-90.92,-0.46
20260609,002162.SZ,悦心健康,0.55,3.68,335.97,8.08,440.28,10.59,-104.3,-2.51,-201.86,-4.86,-134.11,-3.23
20260609,000166.SZ,申万宏源,0.94,4.3,335.86,1.01,2085.98,6.25,-1750.12,-5.24,-1821.43,-5.46,1485.57,4.45
20260609,603212.SH,赛伍技术,-0.06,16.56,335.53,0.56,436.6,0.73,-101.07,-0.17,-1121.4,-1.87,785.86,1.31
20260609,600058.SH,五矿发展,1.08,9.4,335.5,3.51,-141.91,-1.49,477.41,5.0,-49.77,-0.52,-285.73,-2.99
20260609,002248.SZ,华东数控,2.13,10.05,335.0,2.8,98.25,0.82,236.75,1.98,345.23,2.88,-680.23,-5.68
20260609,600148.SH,长春一东,3.54,16.97,334.91,5.87,136.83,2.4,198.08,3.47,69.24,1.21,-404.15,-7.09
20260609,301229.SZ,纽泰格,1.48,14.4,334.58,5.7,0.0,0.0,334.58,5.7,488.66,8.33,-823.24,-14.03
20260609,000825.SZ,太钢不锈,0.0,3.7,334.34,3.81,74.26,0.85,260.08,2.96,-301.51,-3.44,-32.83,-0.37
20260609,002562.SZ,兄弟科技,1.91,4.81,333.21,4.35,281.01,3.67,52.2,0.68,-518.16,-6.77,184.95,2.42
20260609,301162.SZ,国能日新,1.08,40.13,332.14,3.65,-47.0,-0.52,379.14,4.16,-313.1,-3.44,-19.04,-0.21
20260609,600603.SH,广汇物流,-1.67,4.7,331.91,5.58,-66.1,-1.11,398.01,6.69,-308.77,-5.19,-23.15,-0.39
20260609,600935.SH,华塑股份,0.43,2.31,331.72,9.91,-10.52,-0.31,342.24,10.22,-321.19,-9.59,-10.52,-0.31
20260609,605305.SH,中际联合,0.48,37.91,330.17,2.53,420.74,3.23,-90.57,-0.7,-346.13,-2.66,15.96,0.12
20260609,688796.SH,百奥赛图,5.79,96.13,328.98,2.57,399.41,3.11,-70.43,-0.55,-286.59,-2.23,-42.39,-0.33
20260609,000757.SZ,浩物股份,-0.26,3.89,328.85,7.95,103.67,2.51,225.18,5.44,-244.76,-5.91,-84.1,-2.03
20260609,300702.SZ,天宇股份,1.79,19.88,328.64,2.96,-101.82,-0.92,430.46,3.88,962.43,8.67,-1291.07,-11.63
20260609,301252.SZ,同星科技,4.51,34.32,328.02,3.66,11.95,0.13,316.07,3.53,201.99,2.26,-530.01,-5.92
20260609,002867.SZ,周大生,0.84,12.06,328.02,5.19,-176.24,-2.79,504.26,7.98,129.94,2.06,-457.96,-7.25
20260609,002522.SZ,浙江众成,2.25,7.28,326.56,0.83,-870.07,-2.22,1196.64,3.05,1034.31,2.64,-1360.87,-3.47
20260609,688175.SH,高凌信息,3.16,34.3,326.15,6.47,204.13,4.05,122.01,2.42,165.51,3.28,-491.65,-9.76
20260609,688391.SH,钜泉科技,3.31,29.92,326.06,6.96,53.06,1.13,273.0,5.83,39.96,0.85,-366.02,-7.81
20260609,300070.SZ,碧水源,1.18,3.42,325.92,3.78,226.08,2.62,99.84,1.16,-688.86,-7.99,362.94,4.21
20260609,301059.SZ,金三江,5.11,14.18,325.16,5.08,-38.77,-0.61,363.93,5.69,-44.37,-0.69,-280.78,-4.39
20260609,603790.SH,雅运股份,0.82,25.76,322.84,3.64,254.15,2.86,68.69,0.77,-100.19,-1.13,-222.64,-2.51
20260609,688591.SH,泰凌微,2.93,30.25,322.44,2.79,226.85,1.96,95.6,0.83,-101.51,-0.88,-220.94,-1.91
20260609,688775.SH,影石创新,2.08,158.8,322.14,1.94,1276.42,7.69,-954.27,-5.75,-1108.34,-6.67,786.2,4.73
20260609,600335.SH,国机汽车,-0.56,5.28,320.9,6.96,295.02,6.4,25.87,0.56,198.94,4.32,-519.84,-11.28
20260609,688229.SH,博睿数据,-0.58,86.3,320.69,1.58,-151.44,-0.75,472.14,2.32,-370.45,-1.82,49.76,0.24
20260609,000980.SZ,众泰汽车,2.88,2.5,320.5,0.95,638.75,1.89,-318.24,-0.94,-252.52,-0.75,-67.98,-0.2
20260609,002026.SZ,山东威达,1.8,12.42,320.15,6.17,-0.86,-0.02,321.01,6.19,-102.97,-1.99,-217.18,-4.19
20260609,300327.SZ,中颖电子,4.37,27.45,319.4,0.63,1609.18,3.2,-1289.78,-2.56,-1203.25,-2.39,883.85,1.76
20260609,300575.SZ,中旗股份,0.18,5.56,319.3,5.92,-106.73,-1.98,426.03,7.9,238.03,4.41,-557.33,-10.33
20260609,300153.SZ,科泰电源,1.99,24.65,319.25,1.48,336.59,1.56,-17.34,-0.08,-2079.54,-9.62,1760.29,8.14
20260609,600305.SH,恒顺醋业,-0.29,6.88,316.2,10.91,-2.42,-0.08,318.62,11.0,-114.5,-3.95,-201.7,-6.96
20260609,300777.SZ,中简科技,0.92,29.62,313.29,1.06,-253.37,-0.86,566.66,1.92,176.22,0.6,-489.51,-1.66
20260609,301390.SZ,经纬股份,2.05,31.82,312.83,10.46,0.0,0.0,312.83,10.46,-70.11,-2.35,-242.72,-8.12
20260609,301046.SZ,能辉科技,2.24,25.99,311.23,2.4,324.93,2.5,-13.7,-0.11,290.03,2.23,-601.25,-4.63
20260609,603132.SH,金徽股份,-0.38,15.91,310.56,5.29,-0.32,-0.01,310.87,5.29,-5.95,-0.1,-304.6,-5.19
20260609,601121.SH,宝地矿业,-0.16,6.11,310.44,5.97,146.33,2.81,164.11,3.15,49.01,0.94,-359.45,-6.91
20260609,688058.SH,宝兰德,0.88,24.17,309.72,11.73,0.0,0.0,309.72,11.73,39.88,1.51,-349.6,-13.24
20260609,600621.SH,华鑫股份,0.33,12.24,309.14,4.05,-276.85,-3.63,585.98,7.68,-154.67,-2.03,-154.47,-2.02
20260609,001388.SZ,信通电子,0.26,30.69,308.57,12.3,345.63,13.78,-37.06,-1.48,-11.2,-0.45,-297.36,-11.85
20260609,002672.SZ,东江环保,-0.56,3.53,308.2,10.34,-128.61,-4.32,436.81,14.66,-81.68,-2.74,-226.52,-7.6
20260609,603116.SH,红蜻蜓,0.43,6.95,307.93,4.26,-180.49,-2.49,488.42,6.75,-991.71,-13.71,683.78,9.45
20260609,001285.SZ,瑞立科密,4.7,45.86,307.8,3.56,31.08,0.36,276.71,3.2,-326.69,-3.78,18.9,0.22
20260609,002412.SZ,汉森制药,0.79,6.34,307.68,5.98,-165.63,-3.22,473.3,9.2,247.28,4.81,-554.95,-10.79
20260609,600843.SH,上工申贝,2.26,7.68,307.42,2.48,310.89,2.51,-3.47,-0.03,526.08,4.24,-833.5,-6.72
20260609,688562.SH,航天软件,0.6,16.9,307.26,8.03,415.02,10.85,-107.76,-2.82,141.18,3.69,-448.45,-11.72
20260609,603010.SH,万盛股份,1.09,13.85,306.95,1.48,92.01,0.44,214.94,1.04,-1368.12,-6.59,1061.17,5.12
20260609,688416.SH,恒烁股份,9.43,116.49,306.47,0.72,1083.71,2.54,-777.23,-1.82,160.44,0.38,-466.92,-1.1
20260609,300533.SZ,冰川网络,0.13,15.9,305.14,2.5,222.64,1.82,82.49,0.68,632.81,5.18,-937.95,-7.68
20260609,000623.SZ,吉林敖东,0.54,16.61,304.39,1.85,-330.87,-2.01,635.26,3.85,659.01,4.0,-963.4,-5.85
20260609,601963.SH,重庆银行,0.16,12.21,303.51,1.8,302.32,1.79,1.19,0.01,1093.15,6.48,-1396.66,-8.27
20260609,688659.SH,元琛科技,0.21,9.74,301.21,7.0,121.77,2.83,179.44,4.17,-0.56,-0.01,-300.66,-6.99
20260609,600691.SH,潞化科技,-0.75,2.66,300.97,2.85,153.2,1.45,147.76,1.4,130.01,1.23,-430.97,-4.08
20260609,600189.SH,泉阳泉,2.73,7.9,300.09,2.45,363.23,2.97,-63.15,-0.52,100.36,0.82,-400.45,-3.27
20260609,600468.SH,百利电气,0.66,6.06,299.43,2.84,14.79,0.14,284.64,2.7,-492.47,-4.68,193.04,1.83
20260609,688636.SH,智明达,2.47,36.06,299.12,3.04,-369.53,-3.75,668.65,6.79,8.19,0.08,-307.31,-3.12
20260609,603983.SH,丸美生物,-1.71,21.9,298.9,7.31,87.63,2.14,211.28,5.17,-450.76,-11.03,151.86,3.72
20260609,603262.SH,技源集团,3.23,28.15,297.9,5.03,189.78,3.2,108.13,1.82,-237.61,-4.01,-60.29,-1.02
20260609,600744.SH,华银电力,1.96,7.82,297.27,0.35,201.98,0.24,95.28,0.11,-1871.12,-2.19,1573.85,1.84
20260609,600429.SH,三元股份,0.23,4.4,296.64,5.19,444.17,7.77,-147.52,-2.58,-87.14,-1.53,-209.5,-3.67
20260609,300183.SZ,东软载波,1.52,11.39,295.82,4.53,227.73,3.49,68.08,1.04,-144.13,-2.21,-151.69,-2.32
20260609,300214.SZ,日科化学,1.82,7.29,295.52,5.23,-149.76,-2.65,445.27,7.88,-190.09,-3.37,-105.42,-1.87
20260609,688211.SH,中科微至,0.87,32.58,294.05,10.56,-20.7,-0.74,314.75,11.31,54.68,1.96,-348.72,-12.53
20260609,002825.SZ,纳尔股份,3.24,9.88,293.7,7.97,0.0,0.0,293.7,7.97,-209.46,-5.69,-84.23,-2.29
20260609,200429.SZ,粤高速Ｂ,1.68,9.71,293.13,23.99,222.78,18.23,70.34,5.76,-143.32,-11.73,-149.8,-12.26
20260609,001308.SZ,康冠科技,3.86,21.25,290.96,1.84,116.6,0.74,174.36,1.1,-606.14,-3.84,315.18,1.99
20260609,600170.SH,上海建工,0.0,2.44,289.98,1.25,219.82,0.95,70.16,0.3,-164.36,-0.71,-125.62,-0.54
20260609,000514.SZ,渝 开 发,-2.07,4.26,288.54,5.06,0.0,0.0,288.54,5.06,155.68,2.73,-444.22,-7.78
20260609,000501.SZ,武商集团,-0.83,7.16,287.57,7.52,5.08,0.13,282.49,7.39,-287.13,-7.51,-0.44,-0.01
20260609,002467.SZ,二六三,2.49,5.36,287.5,1.49,156.97,0.82,130.52,0.68,-952.64,-4.95,665.14,3.46
20260609,002715.SZ,登云股份,-0.47,14.9,287.24,4.37,-0.15,0.0,287.39,4.38,391.03,5.95,-678.27,-10.33
20260609,300359.SZ,全通教育,1.25,4.04,287.05,6.6,0.0,0.0,287.05,6.6,-230.66,-5.31,-56.39,-1.3
20260609,300082.SZ,奥克股份,3.68,9.02,285.54,3.01,116.8,1.23,168.73,1.78,-585.63,-6.18,300.09,3.17
20260609,688152.SH,麒麟信安,1.2,31.17,281.95,8.0,102.91,2.92,179.04,5.08,-23.8,-0.68,-258.15,-7.32
20260609,002449.SZ,国星光电,0.0,8.08,280.25,1.46,-33.12,-0.17,313.36,1.63,-628.74,-3.27,348.5,1.81
20260609,688338.SH,赛科希德,2.05,24.45,279.91,12.52,65.28,2.92,214.63,9.6,-233.58,-10.44,-46.34,-2.07
20260609,000565.SZ,渝三峡Ａ,2.19,6.53,279.42,5.88,0.0,0.0,279.42,5.88,-50.35,-1.06,-229.08,-4.82
20260609,300578.SZ,会畅科技,0.95,19.13,279.34,2.61,18.9,0.18,260.44,2.44,255.65,2.39,-534.99,-5.0
20260609,603818.SH,曲美家居,0.33,3.0,278.88,5.81,-29.61,-0.62,308.5,6.43,10.13,0.21,-289.01,-6.02
20260609,603855.SH,华荣股份,-1.02,17.49,277.45,6.41,13.66,0.32,263.79,6.09,64.69,1.49,-342.14,-7.9
20260609,301097.SZ,天益医疗,7.13,36.05,277.29,4.15,16.73,0.25,260.56,3.9,-317.88,-4.75,40.59,0.61
20260609,301207.SZ,华兰疫苗,1.62,16.94,276.75,4.87,-104.43,-1.84,381.19,6.7,27.01,0.47,-303.76,-5.34
20260609,600775.SH,南京熊猫,2.31,10.62,276.3,2.36,571.84,4.89,-295.54,-2.52,126.28,1.08,-402.58,-3.44
20260609,688136.SH,科兴制药,3.44,19.24,275.79,2.73,143.81,1.43,131.98,1.31,-722.14,-7.16,446.35,4.42
20260609,603041.SH,美思德,0.76,11.95,273.07,6.25,23.21,0.53,249.86,5.72,141.69,3.24,-414.77,-9.49
20260609,600990.SH,四创电子,1.49,18.39,272.95,4.99,106.63,1.95,166.32,3.04,31.73,0.58,-304.68,-5.57
20260609,600057.SH,厦门象屿,-0.51,5.84,272.81,3.09,-68.77,-0.78,341.59,3.87,5.99,0.07,-278.8,-3.16
20260609,600851.SH,海欣股份,0.99,7.15,272.6,8.79,129.28,4.17,143.32,4.62,-7.21,-0.23,-265.39,-8.56
20260609,603072.SH,天和磁材,2.66,36.33,272.11,2.04,-32.86,-0.25,304.96,2.29,-624.41,-4.69,352.3,2.65
20260609,000609.SZ,*ST中迪,-1.41,12.55,271.87,1.62,322.38,1.92,-50.52,-0.3,-516.35,-3.07,244.48,1.45
20260609,002729.SZ,好利科技,3.77,17.36,271.22,2.92,466.92,5.03,-195.7,-2.11,-350.12,-3.77,78.9,0.85
20260609,001219.SZ,青岛食品,0.23,13.17,270.46,11.38,0.0,0.0,270.46,11.38,-228.96,-9.64,-41.51,-1.75
20260609,300520.SZ,科大国创,1.6,30.49,270.2,1.08,676.96,2.7,-406.76,-1.62,-1261.59,-5.02,991.38,3.95
20260609,603004.SH,鼎龙科技,5.04,19.19,270.1,4.98,313.47,5.78,-43.37,-0.8,89.23,1.64,-359.33,-6.62
20260609,688348.SH,昱能科技,1.52,37.43,269.94,4.26,155.23,2.45,114.71,1.81,-59.29,-0.94,-210.65,-3.33
20260609,002858.SZ,力盛体育,0.16,12.36,269.64,5.49,17.81,0.36,251.82,5.13,-66.04,-1.35,-203.59,-4.15
20260609,688786.SH,悦安新材,4.62,42.35,269.26,0.3,-645.86,-0.73,915.12,1.03,135.31,0.15,-404.57,-0.46
20260609,300641.SZ,正丹股份,0.35,14.22,269.18,4.46,-237.83,-3.94,507.01,8.39,-228.95,-3.79,-40.23,-0.67
20260609,301001.SZ,凯淳股份,2.37,25.48,268.81,5.86,0.0,0.0,268.81,5.86,-281.39,-6.14,12.58,0.27
20260609,603819.SH,神力股份,-0.17,12.06,267.6,4.46,203.4,3.39,64.2,1.07,85.12,1.42,-352.72,-5.87
20260609,600243.SH,*ST海华,1.2,4.23,267.56,6.85,118.12,3.02,149.44,3.82,-115.91,-2.97,-151.65,-3.88
20260609,002443.SZ,金洲管道,2.98,11.4,267.01,0.85,494.36,1.57,-227.35,-0.72,2058.79,6.52,-2325.8,-7.37
20260609,600731.SH,湖南海利,0.0,5.44,266.84,7.65,31.57,0.9,235.27,6.74,371.33,10.64,-638.18,-18.29
20260609,002306.SZ,*ST云网,1.88,2.17,266.63,17.18,0.0,0.0,266.63,17.18,-174.37,-11.24,-92.26,-5.95
20260609,002657.SZ,中科金财,-0.9,18.8,265.78,0.98,-89.78,-0.33,355.55,1.31,-961.1,-3.54,695.32,2.56
20260609,600318.SH,新力金融,0.47,6.4,265.61,4.67,-35.14,-0.62,300.76,5.28,-228.46,-4.01,-37.16,-0.65
20260609,300559.SZ,佳发教育,2.65,11.25,265.39,3.23,6.69,0.08,258.7,3.15,-48.67,-0.59,-216.71,-2.64
20260609,002184.SZ,海得控制,0.69,11.62,264.83,3.07,-167.16,-1.93,431.99,5.0,243.37,2.82,-508.2,-5.88
20260609,601018.SH,宁波港,0.3,3.3,263.95,1.72,1310.35,8.54,-1046.4,-6.82,-305.72,-1.99,41.76,0.27
20260609,300645.SZ,正元智慧,0.0,13.71,263.91,5.24,0.0,0.0,263.91,5.24,-378.08,-7.51,114.17,2.27
20260609,002596.SZ,海南瑞泽,0.55,3.65,263.64,3.68,0.0,0.0,263.64,3.68,-14.81,-0.21,-248.83,-3.47
20260609,301439.SZ,泓淋电力,-0.05,18.22,262.56,0.7,360.44,0.96,-97.88,-0.26,782.36,2.07,-1044.92,-2.77
20260609,301233.SZ,盛帮股份,2.19,53.13,262.3,5.85,0.0,0.0,262.3,5.85,355.54,7.93,-617.84,-13.77
20260609,300401.SZ,花园生物,1.75,11.07,261.51,2.59,579.66,5.74,-318.15,-3.15,424.19,4.2,-685.7,-6.78
20260609,301335.SZ,天元宠物,0.66,21.49,261.33,9.13,222.3,7.77,39.03,1.36,109.61,3.83,-370.94,-12.96
20260609,300968.SZ,格林精密,2.78,11.08,260.6,2.55,153.46,1.5,107.14,1.05,-116.49,-1.14,-144.11,-1.41
20260609,002955.SZ,鸿合科技,3.89,28.6,260.05,1.1,-560.6,-2.37,820.65,3.47,-1051.86,-4.45,791.81,3.35
20260609,301589.SZ,诺瓦星云,0.93,143.89,259.54,3.28,273.34,3.45,-13.8,-0.17,221.3,2.79,-480.84,-6.07
20260609,600052.SH,东望时代,-2.07,3.78,259.27,5.18,115.41,2.3,143.86,2.87,125.99,2.51,-385.26,-7.69
20260609,300904.SZ,威力传动,1.34,46.95,258.55,5.82,26.4,0.59,232.15,5.23,-44.9,-1.01,-213.64,-4.81
20260609,002910.SZ,庄园牧场,4.46,9.6,258.23,3.62,-89.2,-1.25,347.42,4.87,589.55,8.27,-847.77,-11.89
20260609,688553.SH,汇宇制药-W,-0.43,16.11,255.61,3.21,-98.42,-1.23,354.03,4.44,96.14,1.21,-351.75,-4.41
20260609,600125.SH,铁龙物流,-0.36,5.52,255.29,5.59,144.11,3.15,111.18,2.43,25.61,0.56,-280.9,-6.15
20260609,601579.SH,会稽山,0.0,15.88,252.64,2.23,379.83,3.35,-127.2,-1.12,-121.0,-1.07,-131.63,-1.16
20260609,000155.SZ,川能动力,2.01,13.19,252.51,0.56,-96.98,-0.22,349.49,0.78,-773.93,-1.73,521.42,1.17
20260609,300452.SZ,山河药辅,0.5,12.17,252.42,7.39,0.0,0.0,252.42,7.39,209.5,6.13,-461.92,-13.52
20260609,300310.SZ,宜通世纪,1.67,4.87,252.35,2.46,115.78,1.13,136.58,1.33,76.26,0.74,-328.61,-3.2
20260609,301321.SZ,翰博高新,1.49,29.25,252.07,1.7,-307.31,-2.08,559.38,3.78,323.32,2.18,-575.4,-3.89
20260609,300287.SZ,飞利信,2.17,3.76,251.0,2.98,90.71,1.08,160.29,1.9,-414.88,-4.93,163.88,1.95
20260609,603038.SH,华立股份,-2.17,15.8,250.76,2.74,201.04,2.19,49.71,0.54,119.81,1.31,-370.56,-4.04
20260609,301365.SZ,矩阵股份,5.41,30.8,249.79,2.78,-0.6,-0.01,250.39,2.78,-299.5,-3.33,49.71,0.55
20260609,600261.SH,阳光照明,0.6,3.38,249.52,4.97,402.24,8.01,-152.71,-3.04,-162.92,-3.24,-86.61,-1.72
20260609,300921.SZ,南凌科技,1.56,17.54,248.31,2.43,34.62,0.34,213.69,2.09,-123.92,-1.21,-124.39,-1.22
20260609,002029.SZ,七 匹 狼,-1.19,8.27,248.17,1.46,205.17,1.2,43.0,0.25,626.79,3.68,-874.96,-5.13
20260609,600302.SH,ST标准,4.96,10.37,247.84,24.1,112.83,10.97,135.02,13.13,-101.83,-9.9,-146.01,-14.2
20260609,300293.SZ,蓝英装备,2.77,17.78,246.98,2.11,-2.14,-0.02,249.12,2.13,-204.91,-1.75,-42.07,-0.36
20260609,603071.SH,物产环能,-3.39,12.55,246.4,2.86,40.24,0.47,206.16,2.39,829.96,9.63,-1076.36,-12.49
20260609,002563.SZ,森马服饰,2.25,5.46,245.94,3.34,64.22,0.87,181.72,2.46,124.49,1.69,-370.43,-5.02
20260609,603711.SH,香飘飘,2.19,13.07,245.55,4.95,6.07,0.12,239.48,4.83,58.95,1.19,-304.5,-6.14
20260609,300962.SZ,中金辐照,2.0,13.24,245.35,8.02,254.04,8.3,-8.69,-0.28,-79.76,-2.61,-165.6,-5.41
20260609,301522.SZ,上大股份,0.89,26.17,244.87,1.92,75.58,0.59,169.29,1.32,-137.98,-1.08,-106.88,-0.84
20260609,003031.SZ,中瓷电子,6.55,143.79,244.8,0.16,5024.33,3.27,-4779.53,-3.11,602.84,0.39,-847.64,-0.55
20260609,603808.SH,歌力思,0.34,8.96,244.19,6.51,162.33,4.33,81.86,2.18,-96.54,-2.58,-147.65,-3.94
20260609,603917.SH,合力科技,-0.99,12.04,243.99,4.52,256.3,4.75,-12.31,-0.23,236.68,4.38,-480.67,-8.9
20260609,301687.SZ,新广益,4.94,52.64,243.55,2.31,-269.19,-2.55,512.73,4.85,-59.97,-0.57,-183.58,-1.74
20260609,603569.SH,长久物流,2.23,5.95,242.82,8.01,29.65,0.98,213.17,7.04,-23.46,-0.77,-219.36,-7.24
20260609,300111.SZ,向日葵,0.95,3.18,242.36,2.92,0.0,0.0,242.36,2.92,-493.68,-5.96,251.32,3.03
20260609,002658.SZ,雪迪龙,3.05,7.78,242.18,4.39,-147.43,-2.67,389.61,7.06,-99.34,-1.8,-142.84,-2.59
20260609,300459.SZ,汤姆猫,0.53,3.77,241.88,1.09,459.5,2.06,-217.62,-0.98,192.43,0.86,-434.31,-1.95
20260609,300414.SZ,中光防雷,2.69,12.2,241.8,3.49,-87.26,-1.26,329.06,4.76,-405.18,-5.86,163.38,2.36
20260609,603111.SH,康尼机电,0.48,6.22,240.24,10.08,6.72,0.28,233.53,9.79,-147.76,-6.2,-92.48,-3.88
20260609,002591.SZ,恒大高新,1.65,7.41,239.64,3.14,153.05,2.01,86.59,1.13,-389.67,-5.11,150.04,1.97
20260609,301043.SZ,绿岛风,2.4,45.73,239.5,4.08,139.64,2.38,99.85,1.7,13.27,0.23,-252.77,-4.3
20260609,301027.SZ,华蓝集团,3.94,19.5,239.43,2.7,-65.71,-0.74,305.13,3.44,57.03,0.64,-296.45,-3.34
20260609,002655.SZ,共达电声,2.37,36.3,238.93,0.25,2345.87,2.46,-2106.94,-2.21,-4350.84,-4.57,4111.91,4.32
20260609,301087.SZ,可孚医疗,-0.11,45.17,238.84,2.69,249.29,2.81,-10.45,-0.12,387.41,4.36,-626.25,-7.05
20260609,002727.SZ,一心堂,-1.09,10.93,238.34,4.81,0.0,0.0,238.34,4.81,131.74,2.66,-370.08,-7.47
20260609,002172.SZ,澳洋健康,0.0,3.18,238.13,5.89,0.0,0.0,238.13,5.89,-146.43,-3.62,-91.7,-2.27
20260609,600207.SH,安彩高科,-1.05,6.61,237.41,0.79,1111.3,3.68,-873.89,-2.9,-1068.24,-3.54,830.83,2.75
20260609,301257.SZ,普蕊斯,0.65,40.1,237.3,3.87,0.0,0.0,237.3,3.87,-478.99,-7.82,241.68,3.95
20260609,603666.SH,亿嘉和,-0.32,28.38,236.9,2.04,-132.69,-1.14,369.59,3.18,-405.14,-3.49,168.24,1.45
20260609,600398.SH,海澜之家,0.17,5.76,235.88,2.49,-310.78,-3.28,546.66,5.77,475.68,5.02,-711.56,-7.51
20260609,688280.SH,精进电动-W,3.25,6.04,235.58,1.5,225.49,1.44,10.08,0.06,1037.06,6.62,-1272.64,-8.12
20260609,001217.SZ,华尔泰,1.59,9.58,235.06,7.89,0.0,0.0,235.06,7.89,5.85,0.2,-240.91,-8.08
20260609,300281.SZ,金明精机,-0.4,7.39,234.16,2.81,67.43,0.81,166.74,2.0,39.92,0.48,-274.08,-3.29
20260609,003038.SZ,鑫铂股份,-0.56,12.41,233.58,3.62,520.5,8.06,-286.92,-4.44,261.05,4.04,-494.63,-7.66
20260609,002016.SZ,世荣兆业,-3.71,4.67,233.29,3.7,260.1,4.12,-26.81,-0.43,403.6,6.4,-636.88,-10.1
20260609,601279.SH,英利汽车,-0.58,3.45,233.18,7.81,23.76,0.8,209.42,7.01,-173.98,-5.82,-59.2,-1.98
20260609,300355.SZ,蒙草生态,0.33,3.03,232.88,4.51,0.0,0.0,232.88,4.51,-228.94,-4.44,-3.94,-0.08
20260609,002438.SZ,江苏神通,-0.12,16.43,232.82,1.67,-475.52,-3.41,708.35,5.08,147.51,1.06,-380.33,-2.73
20260609,600563.SH,法拉电子,6.56,166.57,232.56,0.11,7515.45,3.6,-7282.9,-3.49,-8464.84,-4.06,8232.29,3.95
20260609,688489.SH,三未信安,-0.71,23.75,232.26,7.17,1.26,0.04,231.0,7.13,21.08,0.65,-253.34,-7.82
20260609,300676.SZ,华大基因,1.55,34.12,231.28,1.46,-128.78,-0.81,360.06,2.28,-263.38,-1.67,32.1,0.2
20260609,603093.SH,南华期货,-0.77,18.0,230.69,1.54,-126.62,-0.85,357.31,2.39,690.42,4.61,-921.11,-6.15
20260609,002534.SZ,西子洁能,2.1,18.98,230.4,1.05,-411.47,-1.87,641.87,2.92,1129.93,5.14,-1360.34,-6.18
20260609,002861.SZ,瀛通通讯,1.87,17.95,229.77,2.7,-154.8,-1.82,384.57,4.53,300.68,3.54,-530.44,-6.24
20260609,600877.SH,电科芯片,2.77,13.75,229.27,1.01,-409.86,-1.8,639.13,2.81,267.6,1.18,-496.87,-2.18
20260609,300233.SZ,金城医药,-1.06,12.18,228.98,2.86,-125.69,-1.57,354.68,4.43,-1345.41,-16.8,1116.43,13.94
20260609,301216.SZ,万凯新材,1.23,24.66,228.43,1.34,-106.04,-0.62,334.47,1.97,-933.66,-5.49,705.23,4.15
20260609,600861.SH,北京人力,0.35,14.23,228.03,10.04,0.0,0.0,228.03,10.04,450.13,19.82,-678.16,-29.86
20260609,300801.SZ,泰和科技,5.77,25.47,227.67,1.59,382.13,2.68,-154.46,-1.08,-69.73,-0.49,-157.95,-1.11
20260609,001317.SZ,三羊马,0.88,57.36,225.99,0.44,71.03,0.14,154.96,0.3,-1093.68,-2.13,867.7,1.69
20260609,000812.SZ,陕西金叶,0.0,3.56,225.27,6.37,160.97,4.55,64.3,1.82,2.92,0.08,-228.19,-6.46
20260609,688162.SH,巨一科技,1.05,27.05,224.21,5.77,37.84,0.97,186.37,4.8,156.48,4.03,-380.69,-9.8
20260609,000955.SZ,欣龙控股,0.0,4.07,224.07,5.59,120.89,3.02,103.18,2.57,-112.69,-2.81,-111.38,-2.78
20260609,002642.SZ,荣联科技,2.08,7.35,222.85,2.4,-88.68,-0.96,311.53,3.36,-332.9,-3.59,110.05,1.19
20260609,300644.SZ,南京聚隆,3.78,25.01,222.51,3.8,0.0,0.0,222.51,3.8,-14.85,-0.25,-207.66,-3.55
20260609,301393.SZ,昊帆生物,2.24,51.02,222.15,3.27,320.5,4.72,-98.35,-1.45,-311.29,-4.58,89.14,1.31
20260609,600377.SH,宁沪高速,1.11,12.77,221.38,1.86,283.68,2.38,-62.3,-0.52,-1896.91,-15.93,1675.53,14.07
20260609,002247.SZ,聚力文化,0.42,2.4,220.38,4.14,-121.5,-2.28,341.88,6.43,146.7,2.76,-367.08,-6.9
20260609,603813.SH,*ST原尚,3.91,38.26,220.32,7.87,-101.58,-3.63,321.9,11.5,87.38,3.12,-307.7,-10.99
20260609,002154.SZ,报 喜 鸟,1.3,3.91,218.88,2.05,368.26,3.45,-149.37,-1.4,311.28,2.92,-530.16,-4.97
20260609,603567.SH,珍宝岛,0.91,6.67,218.58,3.2,29.49,0.43,189.1,2.77,314.22,4.6,-532.8,-7.81
20260609,688182.SH,灿勤科技,4.66,34.17,218.54,0.86,563.0,2.22,-344.46,-1.36,-752.87,-2.97,534.33,2.11
20260609,002189.SZ,中光学,2.14,20.07,218.44,4.3,-136.18,-2.68,354.62,6.98,-102.5,-2.02,-115.94,-2.28
20260609,002554.SZ,惠博普,0.64,3.16,218.01,1.72,217.82,1.72,0.19,0.0,342.5,2.71,-560.51,-4.43
20260609,002262.SZ,恩华药业,-1.34,19.14,217.97,1.52,25.83,0.18,192.14,1.34,-1215.6,-8.5,997.63,6.98
20260609,600182.SH,S佳通,1.78,13.71,217.63,11.37,-187.95,-9.82,405.58,21.19,44.1,2.3,-261.73,-13.68
20260609,688232.SH,新点软件,1.68,19.37,217.38,4.49,-122.4,-2.53,339.78,7.02,160.05,3.31,-377.43,-7.8
20260609,688539.SH,高华科技,3.89,31.23,216.52,3.01,396.03,5.51,-179.51,-2.5,-398.46,-5.55,181.94,2.53
20260609,000926.SZ,福星股份,-2.26,2.16,216.41,1.87,56.84,0.49,159.57,1.38,-494.22,-4.27,277.81,2.4
20260609,600802.SH,福建水泥,1.25,4.87,216.3,7.4,-31.47,-1.08,247.78,8.47,-213.73,-7.31,-2.58,-0.09
20260609,002686.SZ,亿利达,2.16,6.15,215.94,4.75,1.16,0.03,214.78,4.72,-402.96,-8.86,187.02,4.11
20260609,300195.SZ,长荣股份,1.77,5.74,215.91,3.73,0.0,0.0,215.91,3.73,406.44,7.03,-622.35,-10.76
20260609,002952.SZ,亚世光电,3.88,23.8,215.85,1.45,227.0,1.52,-11.15,-0.07,-142.26,-0.95,-73.59,-0.49
20260609,001333.SZ,光华股份,3.02,21.85,215.76,3.21,129.12,1.92,86.64,1.29,114.22,1.7,-329.98,-4.91
20260609,605099.SH,共创草坪,-2.67,38.3,215.14,1.47,443.03,3.03,-227.89,-1.56,-400.66,-2.74,185.52,1.27
20260609,002660.SZ,茂硕电源,2.33,7.47,214.7,2.79,105.57,1.37,109.13,1.42,532.66,6.92,-747.36,-9.72
20260609,300512.SZ,中亚股份,0.66,7.66,214.3,8.04,0.0,0.0,214.3,8.04,161.28,6.05,-375.58,-14.1
20260609,605003.SH,众望布艺,1.98,23.73,213.34,8.37,3.81,0.15,209.53,8.22,37.54,1.47,-250.88,-9.85
20260609,300402.SZ,宝色股份,1.17,16.4,212.1,2.93,-171.67,-2.37,383.77,5.3,-78.35,-1.08,-133.75,-1.85
20260609,688638.SH,誉辰智能,1.18,34.4,212.08,8.98,0.0,0.0,212.08,8.98,37.07,1.57,-249.15,-10.55
20260609,002375.SZ,亚厦股份,-0.25,3.92,211.29,3.49,-117.3,-1.93,328.59,5.42,-248.54,-4.1,37.24,0.61
20260609,300194.SZ,福安药业,0.83,3.65,210.85,10.16,109.24,5.27,101.61,4.9,-146.65,-7.07,-64.2,-3.09
20260609,300249.SZ,依米康,4.58,15.3,210.66,0.66,443.54,1.39,-232.88,-0.73,-883.64,-2.77,672.98,2.11
20260609,603959.SH,ST百利,2.03,4.03,210.35,3.9,199.6,3.7,10.75,0.2,37.66,0.7,-248.01,-4.59
20260609,605009.SH,豪悦护理,-2.37,23.45,209.49,4.41,1.19,0.03,208.3,4.38,305.84,6.43,-515.33,-10.84
20260609,002732.SZ,燕塘乳业,1.43,14.16,208.92,8.45,107.69,4.36,101.24,4.09,-94.1,-3.81,-114.82,-4.64
20260609,300366.SZ,ST创意,1.34,5.3,208.12,8.28,181.39,7.22,26.73,1.06,-83.3,-3.32,-124.82,-4.97
20260609,002972.SZ,科安达,1.05,12.57,207.88,3.07,0.0,0.0,207.88,3.07,440.21,6.51,-648.09,-9.58
20260609,600817.SH,宇通重工,2.27,9.92,207.8,8.01,292.83,11.29,-85.03,-3.28,-186.53,-7.19,-21.26,-0.82
20260609,002780.SZ,三夫户外,-1.41,13.27,207.63,3.29,95.01,1.5,112.61,1.78,261.0,4.13,-468.63,-7.41
20260609,001289.SZ,龙源电力,-0.86,18.35,207.11,0.81,-806.03,-3.14,1013.14,3.95,185.25,0.72,-392.36,-1.53
20260609,001229.SZ,魅视科技,3.41,27.6,206.91,2.36,139.43,1.59,67.48,0.77,-504.25,-5.74,297.34,3.38
20260609,300326.SZ,ST凯利,0.66,6.13,206.48,7.21,0.0,0.0,206.48,7.21,-118.27,-4.13,-88.21,-3.08
20260609,300242.SZ,佳云科技,7.2,5.06,205.42,0.69,-1786.28,-5.99,1991.7,6.67,167.66,0.56,-373.08,-1.25
20260609,300612.SZ,宣亚国际,1.02,12.83,203.76,2.2,206.65,2.23,-2.89,-0.03,310.79,3.35,-514.55,-5.55
20260609,000652.SZ,泰达股份,0.56,3.57,203.52,6.11,0.0,0.0,203.52,6.11,-275.31,-8.27,71.79,2.16
20260609,603558.SH,健盛集团,-0.6,11.64,201.82,4.47,147.38,3.26,54.44,1.21,25.74,0.57,-227.56,-5.04
20260609,300442.SZ,润泽科技,2.59,76.03,199.51,0.09,1053.42,0.49,-853.91,-0.4,-1816.94,-0.85,1617.43,0.76
20260609,300786.SZ,国林科技,7.36,18.97,198.32,0.67,281.89,0.95,-83.56,-0.28,780.51,2.64,-978.84,-3.31
20260609,003035.SZ,南网能源,0.78,6.44,196.69,0.94,27.52,0.13,169.18,0.81,-824.8,-3.94,628.11,3.0
20260609,688030.SH,山石网科,2.16,16.56,196.34,3.7,-3.96,-0.07,200.29,3.78,-42.53,-0.8,-153.81,-2.9
20260609,600665.SH,天地源,-1.75,3.36,196.19,3.03,34.89,0.54,161.3,2.49,-224.58,-3.46,28.39,0.44
20260609,300732.SZ,设研院,-0.92,6.49,194.97,5.2,0.0,0.0,194.97,5.2,126.81,3.38,-321.78,-8.59
20260609,605599.SH,菜百股份,0.2,15.19,194.17,2.48,228.73,2.92,-34.56,-0.44,-540.24,-6.9,346.08,4.42
20260609,300937.SZ,药易购,0.55,21.92,194.16,6.44,0.0,0.0,194.16,6.44,-18.33,-0.61,-175.84,-5.83
20260609,688073.SH,毕得医药,2.35,47.0,194.06,4.55,-34.37,-0.81,228.42,5.36,36.03,0.85,-230.09,-5.4
20260609,600449.SH,宁夏建材,0.69,13.04,193.87,2.64,-120.31,-1.64,314.18,4.29,699.08,9.54,-892.95,-12.18
20260609,603617.SH,君禾股份,0.28,7.13,193.5,5.36,43.71,1.21,149.79,4.15,49.05,1.36,-242.55,-6.72
20260609,300434.SZ,金石亚药,0.33,9.1,190.2,3.24,139.77,2.38,50.43,0.86,415.99,7.08,-606.19,-10.32
20260609,002918.SZ,蒙娜丽莎,3.0,12.02,190.18,0.98,15.93,0.08,174.25,0.9,14.82,0.08,-205.0,-1.06
20260609,600159.SH,大龙地产,-1.87,2.62,189.92,3.03,-52.58,-0.84,242.5,3.87,221.95,3.54,-411.87,-6.58
20260609,301203.SZ,国泰环保,3.49,43.64,189.76,5.75,-6.55,-0.2,196.31,5.94,-155.49,-4.71,-34.26,-1.04
20260609,300769.SZ,德方纳米,3.09,61.44,189.66,0.19,1605.26,1.61,-1415.6,-1.42,-4238.16,-4.24,4048.5,4.05
20260609,300534.SZ,陇神戎发,1.19,7.65,189.2,6.36,0.0,0.0,189.2,6.36,-122.95,-4.13,-66.25,-2.23
20260609,600202.SH,哈空调,-0.97,5.11,188.16,4.26,-17.04,-0.39,205.2,4.64,32.94,0.75,-221.1,-5.0
20260609,603187.SH,海容冷链,-1.12,12.32,188.14,4.03,-19.88,-0.43,208.02,4.46,206.18,4.42,-394.32,-8.45
20260609,300384.SZ,三联虹普,1.16,12.25,188.12,6.41,0.0,0.0,188.12,6.41,-257.62,-8.77,69.5,2.37
20260609,603536.SH,惠发食品,0.11,8.97,188.08,5.69,5.41,0.16,182.67,5.53,-223.73,-6.77,35.65,1.08
20260609,300412.SZ,迦南科技,0.69,4.39,186.83,4.95,0.0,0.0,186.83,4.95,-83.98,-2.23,-102.85,-2.73
20260609,300002.SZ,神州泰岳,1.33,7.64,186.8,0.83,241.62,1.07,-54.83,-0.24,-1212.1,-5.36,1025.3,4.54
20260609,600612.SH,老凤祥,-0.6,34.66,186.3,5.61,107.99,3.25,78.31,2.36,51.52,1.55,-237.82,-7.16
20260609,605255.SH,天普股份,3.32,79.7,185.87,1.88,333.63,3.38,-147.76,-1.5,17.93,0.18,-203.81,-2.06
20260609,600712.SH,南宁百货,-1.62,5.46,185.7,6.27,-23.51,-0.79,209.21,7.07,-211.5,-7.15,25.8,0.87
20260609,300922.SZ,天秦装备,-1.42,24.99,184.51,0.95,-159.24,-0.82,343.75,1.76,-650.04,-3.33,465.53,2.39
20260609,601700.SH,风范股份,0.4,4.97,184.06,3.13,-10.41,-0.18,194.47,3.31,-0.04,0.0,-184.03,-3.13
20260609,603102.SH,百合股份,-0.29,34.85,183.97,10.69,18.09,1.05,165.88,9.64,-77.35,-4.49,-106.62,-6.2
20260609,001233.SZ,海安集团,1.87,48.58,181.92,3.07,-187.71,-3.16,369.63,6.23,-89.13,-1.5,-92.79,-1.56
20260609,000498.SZ,山东路桥,-0.39,5.06,181.41,7.13,52.42,2.06,129.0,5.07,148.46,5.83,-329.87,-12.96
20260609,300314.SZ,戴维医疗,0.61,9.85,181.22,9.61,0.0,0.0,181.22,9.61,-82.53,-4.38,-98.7,-5.23
20260609,301662.SZ,宏工科技,3.28,90.93,181.02,1.06,494.85,2.91,-313.83,-1.85,-1206.11,-7.09,1025.09,6.03
20260609,603506.SH,南都物业,-0.83,10.75,180.94,6.25,4.16,0.14,176.78,6.11,145.08,5.01,-326.02,-11.26
20260609,000637.SZ,茂化实华,-0.49,4.1,180.27,4.99,100.04,2.77,80.23,2.22,-174.38,-4.83,-5.9,-0.16
20260609,603860.SH,中公高科,0.37,26.98,180.21,6.15,12.12,0.41,168.09,5.73,-88.16,-3.01,-92.06,-3.14
20260609,603091.SH,众鑫股份,1.12,65.93,180.07,7.32,328.31,13.35,-148.24,-6.03,-53.33,-2.17,-126.74,-5.15
20260609,301039.SZ,中集车辆,0.0,7.7,179.06,2.62,0.0,0.0,179.06,2.62,-595.26,-8.7,416.19,6.09
20260609,603055.SH,台华新材,3.71,8.39,178.73,2.26,-152.74,-1.93,331.46,4.2,-154.91,-1.96,-23.82,-0.3
20260609,603057.SH,紫燕食品,-3.31,23.36,178.55,1.69,59.12,0.56,119.43,1.13,-421.33,-4.0,242.78,2.3
20260609,603886.SH,元祖股份,-1.15,11.14,178.43,1.56,39.65,0.35,138.78,1.21,-371.31,-3.24,192.88,1.68
20260609,600618.SH,氯碱化工,0.71,9.93,178.34,2.87,55.37,0.89,122.96,1.98,-361.72,-5.82,183.39,2.95
20260609,300451.SZ,创业慧康,1.36,3.72,178.04,2.0,-106.23,-1.2,284.27,3.2,287.62,3.24,-465.66,-5.24
20260609,003013.SZ,地铁设计,-0.25,15.68,177.57,3.08,77.82,1.35,99.75,1.73,-112.96,-1.96,-64.61,-1.12
20260609,688247.SH,宣泰医药,0.0,7.92,177.0,11.11,78.67,4.94,98.33,6.17,-21.23,-1.33,-155.78,-9.77
20260609,600929.SH,雪天盐业,0.6,5.02,176.8,2.55,153.17,2.21,23.63,0.34,126.24,1.82,-303.04,-4.36
20260609,003015.SZ,日久光电,1.31,12.42,176.35,2.21,0.0,0.0,176.35,2.21,-842.99,-10.56,666.64,8.35
20260609,000738.SZ,航发控制,-0.49,18.4,176.26,0.86,135.12,0.66,41.14,0.2,488.6,2.4,-664.86,-3.26
20260609,301126.SZ,达嘉维康,0.93,9.78,176.1,4.76,0.0,0.0,176.1,4.76,-12.05,-0.33,-164.05,-4.43
20260609,601226.SH,华电科工,0.56,7.15,175.78,2.69,21.46,0.33,154.33,2.36,-284.06,-4.34,108.28,1.66
20260609,301279.SZ,金道科技,3.57,23.81,175.74,1.36,-135.45,-1.05,311.19,2.4,-185.42,-1.43,9.68,0.07
20260609,002052.SZ,同洲电子,2.31,9.3,175.73,1.38,-159.38,-1.25,335.1,2.64,212.89,1.68,-388.61,-3.06
20260609,002267.SZ,陕天然气,-0.68,7.28,175.28,5.06,0.0,0.0,175.28,5.06,561.76,16.2,-737.04,-21.26
20260609,002766.SZ,索菱股份,2.58,4.38,175.17,1.34,345.82,2.65,-170.64,-1.31,-107.17,-0.82,-68.01,-0.52
20260609,600699.SH,均胜电子,1.73,25.81,175.1,0.2,1642.44,1.92,-1467.34,-1.71,-914.22,-1.07,739.12,0.86
20260609,300103.SZ,达刚控股,3.12,8.59,174.35,1.74,-155.29,-1.55,329.64,3.3,685.44,6.86,-859.79,-8.6
20260609,600874.SH,创业环保,0.53,5.65,174.23,3.47,188.02,3.75,-13.79,-0.27,-322.32,-6.42,148.09,2.95
20260609,000719.SZ,中原传媒,-0.78,12.8,173.93,3.9,33.97,0.76,139.96,3.14,204.13,4.58,-378.05,-8.49
20260609,002098.SZ,浔兴股份,0.99,7.13,173.9,7.63,0.0,0.0,173.9,7.63,-259.85,-11.4,85.95,3.77
20260609,300556.SZ,丝路视觉,4.44,20.46,173.9,0.62,80.39,0.29,93.51,0.33,97.07,0.34,-270.97,-0.96
20260609,601801.SH,皖新传媒,0.18,5.58,173.9,3.62,56.09,1.17,117.8,2.45,-331.87,-6.9,157.97,3.28
20260609,002369.SZ,卓翼科技,2.83,6.18,173.64,1.58,4.02,0.04,169.62,1.55,-374.06,-3.41,200.42,1.83
20260609,001279.SZ,强邦新材,2.21,26.78,173.5,7.73,0.0,0.0,173.5,7.73,-190.08,-8.47,16.58,0.74
20260609,301502.SZ,华阳智能,1.82,81.15,172.65,1.82,237.21,2.5,-64.56,-0.68,834.44,8.8,-1007.09,-10.62
20260609,688351.SH,微电生理,-0.94,22.18,172.43,1.47,-348.03,-2.96,520.46,4.43,637.21,5.43,-809.63,-6.9
20260609,600322.SH,津投城开,-1.53,2.58,171.93,2.26,224.36,2.95,-52.43,-0.69,-603.57,-7.94,431.64,5.68
20260609,688750.SH,金天钛业,1.96,16.16,171.68,4.35,-32.76,-0.83,204.44,5.18,-94.87,-2.4,-76.81,-1.95
20260609,301175.SZ,中科环保,-0.37,5.37,171.64,2.61,107.0,1.63,64.64,0.98,221.7,3.38,-393.34,-5.99
20260609,688767.SH,博拓生物,1.58,36.04,171.62,2.11,-462.26,-5.69,633.89,7.8,767.02,9.44,-938.65,-11.55
20260609,601369.SH,陕鼓动力,0.23,8.85,171.57,1.8,106.09,1.11,65.48,0.69,552.17,5.79,-723.74,-7.59
20260609,600871.SH,石化油服,-3.03,2.24,171.48,0.52,261.42,0.79,-89.94,-0.27,-1044.4,-3.14,872.92,2.62
20260609,600022.SH,山东钢铁,-1.53,1.29,170.98,2.14,320.43,4.01,-149.45,-1.87,412.09,5.16,-583.08,-7.3
20260609,688225.SH,亚信安全,2.11,14.02,170.97,2.6,-12.96,-0.2,183.93,2.79,84.66,1.29,-255.63,-3.88
20260609,002570.SZ,贝因美,1.71,5.36,170.81,0.41,1146.6,2.79,-975.78,-2.37,-589.68,-1.43,418.87,1.02
20260609,688759.SH,必贝特-U,1.21,31.07,170.69,2.17,-204.14,-2.59,374.82,4.76,570.28,7.24,-740.96,-9.41
20260609,002761.SZ,浙江建投,-1.22,7.27,170.39,2.85,-434.85,-7.26,605.24,10.11,552.29,9.23,-722.68,-12.07
20260609,002737.SZ,葵花药业,-1.49,12.55,169.5,2.93,0.0,0.0,169.5,2.93,-242.16,-4.18,72.66,1.26
20260609,002206.SZ,海 利 得,1.17,5.18,169.06,2.44,24.95,0.36,144.11,2.08,-212.34,-3.06,43.28,0.62
20260609,300331.SZ,苏大维格,8.13,56.55,168.63,0.18,535.36,0.56,-366.73,-0.39,-1937.44,-2.04,1768.81,1.87
20260609,300614.SZ,百川畅银,1.44,11.25,168.25,4.74,0.0,0.0,168.25,4.74,4.38,0.12,-172.63,-4.86
20260609,002186.SZ,全 聚 德,-0.44,9.1,168.23,7.58,0.0,0.0,168.23,7.58,-20.45,-0.92,-147.78,-6.66
20260609,300270.SZ,中威电子,1.39,12.36,168.17,1.81,95.39,1.03,72.77,0.78,90.89,0.98,-259.05,-2.78
20260609,600827.SH,百联股份,-1.47,8.02,167.74,2.0,157.46,1.88,10.28,0.12,291.49,3.48,-459.23,-5.48
20260609,603013.SH,亚普股份,-1.18,17.63,167.4,2.45,742.1,10.88,-574.7,-8.43,-37.84,-0.55,-129.55,-1.9
20260609,000156.SZ,华数传媒,0.46,6.54,167.28,3.62,0.0,0.0,167.28,3.62,565.74,12.25,-733.02,-15.87
20260609,300619.SZ,金银河,4.57,39.32,167.25,0.86,63.3,0.33,103.95,0.54,-614.92,-3.18,447.67,2.31
20260609,603922.SH,ST金鸿顺,1.6,15.2,167.12,7.63,108.84,4.97,58.28,2.66,-32.76,-1.5,-134.36,-6.13
20260609,002846.SZ,英联股份,1.83,11.7,166.8,3.16,0.0,0.0,166.8,3.16,-552.5,-10.46,385.7,7.3
20260609,002890.SZ,弘宇股份,1.29,14.96,166.34,5.19,148.29,4.63,18.06,0.56,19.14,0.6,-185.49,-5.79
20260609,600051.SH,宁波联合,-0.16,6.44,166.09,6.6,9.97,0.4,156.12,6.21,61.0,2.42,-227.09,-9.03
20260609,002035.SZ,华帝股份,0.82,4.94,165.46,5.48,0.0,0.0,165.46,5.48,-93.46,-3.09,-72.0,-2.38
20260609,300443.SZ,金雷股份,1.27,22.26,165.36,1.48,108.85,0.97,56.51,0.51,-559.84,-5.01,394.48,3.53
20260609,603949.SH,雪龙集团,-0.46,15.25,164.78,6.74,-5.21,-0.21,169.99,6.95,-59.51,-2.43,-105.27,-4.3
20260609,603863.SH,松炀资源,-1.39,15.57,164.48,2.0,721.73,8.79,-557.25,-6.79,232.93,2.84,-397.41,-4.84
20260609,002719.SZ,ST麦趣,2.1,7.3,163.95,4.81,227.87,6.69,-63.92,-1.88,34.85,1.02,-198.8,-5.84
20260609,301567.SZ,贝隆精密,-0.15,40.0,163.73,4.26,0.0,0.0,163.73,4.26,-168.15,-4.38,4.43,0.12
20260609,002476.SZ,宝莫股份,2.56,5.2,163.63,3.07,119.84,2.25,43.79,0.82,-241.27,-4.53,77.65,1.46
20260609,002014.SZ,永新股份,1.27,10.38,162.47,8.7,0.0,0.0,162.47,8.7,-44.88,-2.4,-117.58,-6.29
20260609,605296.SH,神农集团,-0.28,24.53,161.76,4.38,68.5,1.86,93.26,2.53,-29.96,-0.81,-131.8,-3.57
20260609,000504.SZ,*ST生物,0.0,8.25,160.7,5.66,-18.64,-0.66,179.34,6.31,-24.68,-0.87,-136.01,-4.79
20260609,601019.SH,山东出版,0.73,6.92,160.45,4.26,-110.14,-2.93,270.59,7.19,-253.99,-6.75,93.53,2.48
20260609,688098.SH,申联生物,2.98,7.61,160.45,10.77,64.86,4.35,95.59,6.41,18.1,1.21,-178.55,-11.98
20260609,002548.SZ,金新农,-0.49,4.03,160.36,1.66,-358.28,-3.71,518.64,5.37,-84.18,-0.87,-76.18,-0.79
20260609,301311.SZ,昆船智能,1.25,14.6,160.36,6.92,0.0,0.0,160.36,6.92,-39.01,-1.68,-121.35,-5.24
20260609,601228.SH,广州港,-0.33,3.01,159.85,3.56,594.54,13.23,-434.69,-9.67,-6.71,-0.15,-153.14,-3.41
20260609,600350.SH,山东高速,2.93,11.59,159.42,1.92,227.04,2.74,-67.62,-0.82,-525.5,-6.33,366.09,4.41
20260609,603927.SH,中科软,1.71,14.9,159.14,1.57,-589.62,-5.82,748.76,7.39,172.56,1.7,-331.7,-3.27
20260609,300958.SZ,建工修复,0.58,12.15,158.81,5.58,0.0,0.0,158.81,5.58,52.18,1.83,-211.0,-7.42
20260609,600210.SH,紫江企业,0.16,6.41,158.21,2.31,-187.95,-2.75,346.16,5.06,144.39,2.11,-302.6,-4.43
20260609,600655.SH,豫园股份,-0.67,4.42,157.94,2.98,81.72,1.54,76.22,1.44,115.75,2.19,-273.69,-5.17
20260609,603677.SH,奇精机械,-1.32,15.73,157.52,3.04,131.15,2.53,26.38,0.51,-10.02,-0.19,-147.5,-2.85
20260609,002425.SZ,凯撒文化,0.0,2.97,157.44,2.55,40.32,0.65,117.12,1.89,11.61,0.19,-169.05,-2.73
20260609,301137.SZ,哈焊华通,2.61,37.39,157.13,1.06,241.46,1.63,-84.33,-0.57,-102.61,-0.69,-54.53,-0.37
20260609,300074.SZ,华平股份,-0.25,4.03,157.1,1.98,0.0,0.0,157.1,1.98,570.91,7.2,-728.02,-9.18
20260609,002204.SZ,大连重工,0.89,5.69,155.7,1.7,-269.97,-2.94,425.67,4.64,-115.2,-1.26,-40.49,-0.44
20260609,002111.SZ,威海广泰,0.0,9.59,155.37,2.58,0.0,0.0,155.37,2.58,414.77,6.88,-570.14,-9.45
20260609,200037.SZ,深南电B,8.53,2.8,154.49,22.4,0.0,0.0,154.49,22.4,56.67,8.22,-211.16,-30.62
20260609,603059.SH,倍加洁,0.46,26.19,154.45,5.47,-13.83,-0.49,168.28,5.96,181.0,6.41,-335.45,-11.88
20260609,000901.SZ,航天科技,-0.22,18.24,154.43,0.45,-770.19,-2.22,924.61,2.67,-1577.38,-4.55,1422.96,4.11
20260609,603120.SH,肯特催化,2.3,49.31,154.31,1.2,233.34,1.82,-79.03,-0.62,308.42,2.41,-462.73,-3.61
20260609,000633.SZ,合金投资,0.56,5.34,154.17,3.85,0.0,0.0,154.17,3.85,-179.54,-4.48,25.37,0.63
20260609,688687.SH,凯因科技,1.23,16.4,153.12,7.13,244.66,11.39,-91.53,-4.26,-148.9,-6.93,-4.23,-0.2
20260609,601882.SH,海天精工,2.71,21.22,152.13,0.91,-169.97,-1.02,322.1,1.92,126.83,0.76,-278.95,-1.67
20260609,000755.SZ,山西高速,-0.21,4.72,151.71,4.98,99.04,3.25,52.67,1.73,86.35,2.83,-238.06,-7.81
20260609,603223.SH,恒通股份,0.22,9.21,151.47,1.77,-34.22,-0.4,185.69,2.17,1044.12,12.22,-1195.59,-13.99
20260609,600149.SH,廊坊发展,0.0,5.2,150.54,2.59,7.66,0.13,142.88,2.45,-363.64,-6.24,213.1,3.66
20260609,605266.SH,健之佳,1.39,18.22,150.39,6.16,57.57,2.36,92.82,3.8,68.1,2.79,-218.49,-8.96
20260609,603786.SH,科博达,0.71,46.94,150.27,1.53,-147.23,-1.49,297.5,3.02,-362.72,-3.68,212.45,2.16
20260609,300981.SZ,中红医疗,0.27,11.13,150.16,3.86,-176.13,-4.53,326.29,8.4,86.92,2.24,-237.08,-6.1
20260609,603556.SH,海兴电力,3.85,24.25,149.75,1.05,876.72,6.13,-726.97,-5.09,1249.67,8.74,-1399.42,-9.79
20260609,688092.SH,爱科科技,6.38,28.02,149.31,1.34,300.16,2.69,-150.85,-1.35,290.12,2.6,-439.43,-3.94
20260609,002005.SZ,ST德豪,-1.42,2.77,149.25,5.23,-203.61,-7.14,352.86,12.37,-412.27,-14.46,263.02,9.22
20260609,600064.SH,南京高科,-0.7,7.14,147.75,1.79,176.46,2.13,-28.71,-0.35,802.9,9.71,-950.65,-11.49
20260609,000713.SZ,国投丰乐,0.86,5.86,146.66,6.64,0.0,0.0,146.66,6.64,-229.22,-10.38,82.57,3.74
20260609,600107.SH,*ST尔雅,3.07,6.71,146.65,7.12,-18.4,-0.89,165.05,8.01,5.57,0.27,-152.22,-7.39
20260609,002986.SZ,宇新股份,-1.69,11.07,146.15,1.95,539.71,7.2,-393.56,-5.25,51.11,0.68,-197.26,-2.63
20260609,603661.SH,恒林股份,1.27,33.41,144.12,0.94,274.18,1.79,-130.06,-0.85,559.05,3.64,-703.17,-4.58
20260609,603329.SH,上海雅仕,-0.89,9.97,143.95,3.97,99.32,2.74,44.63,1.23,168.32,4.65,-312.27,-8.62
20260609,002045.SZ,国光电器,-0.23,8.75,143.12,1.59,-20.21,-0.22,163.33,1.81,-144.41,-1.6,1.29,0.01
20260609,600560.SH,金自天正,-1.23,12.81,142.96,2.66,-20.82,-0.39,163.78,3.05,-144.51,-2.69,1.55,0.03
20260609,605151.SH,西上海,-0.94,19.97,142.29,4.38,0.0,0.0,142.29,4.38,-250.26,-7.71,107.97,3.33
20260609,605158.SH,华达新材,2.35,6.53,142.01,3.99,59.75,1.68,82.27,2.31,-74.85,-2.1,-67.17,-1.89
20260609,300311.SZ,ST任子行,1.58,5.13,141.92,6.48,69.73,3.18,72.19,3.3,-123.86,-5.66,-18.06,-0.82
20260609,300909.SZ,汇创达,0.49,45.47,141.66,0.65,-407.2,-1.86,548.86,2.5,-1054.76,-4.81,913.1,4.16
20260609,600981.SH,苏豪汇鸿,-1.6,2.46,141.34,1.69,299.67,3.58,-158.34,-1.89,-261.05,-3.12,119.72,1.43
20260609,603610.SH,麒盛科技,1.67,17.65,141.3,0.8,625.94,3.53,-484.64,-2.73,147.92,0.83,-289.23,-1.63
20260609,603276.SH,恒兴新材,-0.13,15.83,141.24,4.83,-11.45,-0.39,152.69,5.22,72.53,2.48,-213.77,-7.31
20260609,600262.SH,北方股份,0.47,21.51,141.05,3.35,-123.33,-2.93,264.38,6.28,-31.89,-0.76,-109.15,-2.59
20260609,688095.SH,福昕软件,4.25,72.3,140.74,0.79,704.65,3.94,-563.91,-3.15,-475.66,-2.66,334.92,1.87
20260609,301135.SZ,瑞德智能,0.62,17.86,140.74,3.1,0.0,0.0,140.74,3.1,354.39,7.8,-495.13,-10.9
20260609,603073.SH,彩蝶实业,-0.17,17.14,140.68,6.58,0.0,0.0,140.68,6.58,22.39,1.05,-163.08,-7.63
20260609,688758.SH,赛分科技,3.73,17.22,140.66,3.74,198.09,5.27,-57.44,-1.53,59.67,1.59,-200.33,-5.33
20260609,300019.SZ,硅宝科技,3.83,17.07,140.58,1.22,-23.42,-0.2,164.0,1.42,351.52,3.04,-492.1,-4.25
20260609,603557.SH,*ST起步,-0.22,4.62,140.49,7.12,7.55,0.38,132.94,6.74,-286.02,-14.5,145.53,7.38
20260609,600661.SH,昂立教育,-0.25,7.94,140.47,5.19,12.3,0.45,128.17,4.74,-18.36,-0.68,-122.11,-4.51
20260609,605155.SH,西大门,1.41,13.7,139.83,2.11,-33.35,-0.5,173.18,2.61,327.0,4.93,-466.83,-7.04
20260609,002785.SZ,万里石,2.06,39.09,139.09,0.72,-619.08,-3.21,758.17,3.94,-50.53,-0.26,-88.56,-0.46
20260609,600606.SH,绿地控股,-0.72,1.38,137.65,0.72,1066.6,5.61,-928.95,-4.89,-304.85,-1.6,167.2,0.88
20260609,000910.SZ,大亚圣象,0.33,6.1,137.6,6.69,133.57,6.5,4.03,0.2,131.71,6.41,-269.31,-13.1
20260609,002408.SZ,齐翔腾达,-0.8,4.94,137.51,1.25,-332.6,-3.02,470.11,4.26,-129.01,-1.17,-8.5,-0.08
20260609,688577.SH,DR浙海德,3.0,48.81,136.7,1.13,101.17,0.84,35.53,0.29,395.08,3.28,-531.78,-4.41
20260609,603689.SH,皖天然气,-1.03,7.67,136.2,4.56,-4.01,-0.13,140.21,4.69,160.05,5.35,-296.25,-9.91
20260609,603172.SH,万丰股份,2.29,18.75,136.03,3.1,107.93,2.46,28.1,0.64,-125.51,-2.86,-10.53,-0.24
20260609,300150.SZ,世纪瑞尔,0.48,4.2,135.86,4.14,0.0,0.0,135.86,4.14,-155.39,-4.73,19.52,0.59
20260609,688130.SH,晶华微,4.83,24.11,135.23,2.53,-273.85,-5.12,409.08,7.65,23.9,0.45,-159.13,-2.98
20260609,603389.SH,*ST亚振,1.99,59.01,134.56,2.01,19.76,0.3,114.8,1.72,-97.52,-1.46,-37.04,-0.55
20260609,001236.SZ,弘业期货,0.13,7.51,133.83,2.06,47.69,0.73,86.14,1.32,400.9,6.16,-534.73,-8.21
20260609,301333.SZ,诺思格,1.35,45.1,133.21,2.7,0.0,0.0,133.21,2.7,-421.03,-8.53,287.82,5.83
20260609,601007.SH,金陵饭店,0.3,6.65,132.04,3.79,228.02,6.55,-95.98,-2.76,-91.1,-2.62,-40.94,-1.18
20260609,301606.SZ,绿联科技,0.93,63.1,131.88,0.95,-254.44,-1.83,386.32,2.78,-596.25,-4.3,464.36,3.35
20260609,688119.SH,中钢洛耐,1.15,4.39,131.65,3.69,-62.43,-1.75,194.08,5.43,-88.19,-2.47,-43.46,-1.22
20260609,603657.SH,春光科技,-1.1,24.25,131.53,2.87,-14.46,-0.32,145.99,3.18,115.55,2.52,-247.08,-5.38
20260609,002144.SZ,宏达高科,-0.26,11.31,130.37,3.92,114.98,3.46,15.39,0.46,-271.11,-8.15,140.74,4.23
20260609,002401.SZ,中远海科,1.91,12.8,130.18,2.9,17.01,0.38,113.17,2.52,-1.94,-0.04,-128.25,-2.85
20260609,300977.SZ,深圳瑞捷,1.34,17.42,129.69,2.58,237.59,4.72,-107.9,-2.14,144.15,2.86,-273.84,-5.44
20260609,300041.SZ,回天新材,7.09,13.74,129.62,0.21,-84.86,-0.14,214.48,0.34,-1051.68,-1.68,922.06,1.47
20260609,688319.SH,欧林生物,1.34,34.73,129.5,0.56,69.39,0.3,60.11,0.26,932.63,4.07,-1062.13,-4.63
20260609,603255.SH,鼎际得,6.57,30.5,129.49,2.18,-25.22,-0.42,154.71,2.6,251.58,4.23,-381.06,-6.41
20260609,300358.SZ,楚天科技,0.25,7.97,129.27,1.38,-288.81,-3.09,418.08,4.47,-351.18,-3.75,221.9,2.37
20260609,000972.SZ,*ST中基,2.32,3.53,129.27,7.97,159.2,9.81,-29.94,-1.84,-119.21,-7.35,-10.05,-0.62
20260609,600676.SH,交运股份,0.98,6.21,128.02,2.59,-56.68,-1.15,184.7,3.74,-336.2,-6.81,208.18,4.22
20260609,605399.SH,晨光新材,5.15,12.86,127.86,1.38,-29.63,-0.32,157.49,1.69,-100.97,-1.09,-26.89,-0.29
20260609,601083.SH,锦江航运,-0.56,10.73,127.41,2.02,-51.67,-0.82,179.08,2.84,547.65,8.7,-675.06,-10.72
20260609,300635.SZ,中达安,2.77,13.72,127.13,1.93,251.56,3.83,-124.43,-1.89,-115.78,-1.76,-11.35,-0.17
20260609,603908.SH,牧高笛,-0.4,19.69,126.19,5.14,0.0,0.0,126.19,5.14,27.07,1.1,-153.26,-6.24
20260609,603326.SH,我乐家居,-0.14,7.08,126.1,5.86,8.89,0.41,117.2,5.45,-173.48,-8.07,47.38,2.2
20260609,600507.SH,方大特钢,-0.46,4.36,125.81,1.48,114.01,1.34,11.81,0.14,869.86,10.21,-995.68,-11.69
20260609,600770.SH,综艺股份,3.88,5.89,124.75,0.68,-43.23,-0.24,167.98,0.92,-262.4,-1.44,137.65,0.75
20260609,300713.SZ,英可瑞,-0.14,14.25,124.61,2.19,216.33,3.8,-91.72,-1.61,380.25,6.67,-504.86,-8.86
20260609,600860.SH,京城股份,1.35,9.0,124.33,2.49,-38.87,-0.78,163.2,3.26,-93.73,-1.87,-30.6,-0.61
20260609,300080.SZ,易成新能,-0.25,3.99,124.29,1.88,-259.18,-3.92,383.48,5.8,13.32,0.2,-137.61,-2.08
20260609,600805.SH,悦达投资,-0.22,4.45,124.06,5.03,27.49,1.11,96.57,3.91,-72.92,-2.95,-51.14,-2.07
20260609,300636.SZ,同和药业,0.3,6.69,124.06,4.15,0.0,0.0,124.06,4.15,10.98,0.37,-135.03,-4.51
20260609,002589.SZ,瑞康医药,-0.36,2.73,124.03,2.21,152.41,2.71,-28.38,-0.51,-399.13,-7.11,275.1,4.9
20260609,600004.SH,白云机场,0.37,8.06,123.63,2.17,181.77,3.18,-58.15,-1.02,-540.42,-9.47,416.8,7.3
20260609,688790.SH,昂瑞微-UW,3.55,120.32,122.92,2.28,-138.65,-2.57,261.57,4.85,16.97,0.31,-139.89,-2.59
20260609,301255.SZ,通力科技,-0.32,25.25,122.08,2.0,0.0,0.0,122.08,2.0,-115.43,-1.89,-6.64,-0.11
20260609,301106.SZ,骏成科技,-2.64,20.66,121.82,1.31,-5.05,-0.05,126.87,1.36,-369.76,-3.97,247.93,2.66
20260609,301258.SZ,富士莱,0.85,25.02,121.42,5.59,0.0,0.0,121.42,5.59,-39.86,-1.83,-81.56,-3.75
20260609,000531.SZ,穗恒运Ａ,2.36,6.94,120.8,0.8,-140.14,-0.93,260.93,1.74,-50.41,-0.34,-70.38,-0.47
20260609,002961.SZ,瑞达期货,-0.16,18.95,120.68,1.48,0.0,0.0,120.68,1.48,-156.1,-1.92,35.41,0.44
20260609,688443.SH,智翔金泰-U,-0.09,21.6,120.63,1.33,463.05,5.11,-342.43,-3.78,315.74,3.49,-436.37,-4.82
20260609,300887.SZ,谱尼测试,0.49,8.17,120.37,2.34,-109.65,-2.13,230.02,4.48,-153.54,-2.99,33.17,0.65
20260609,300406.SZ,九强生物,-1.63,11.46,119.69,2.97,252.26,6.27,-132.58,-3.29,57.97,1.44,-177.66,-4.41
20260609,603955.SH,大千生态,-0.5,23.85,119.23,2.84,-44.49,-1.06,163.73,3.9,20.6,0.49,-139.83,-3.33
20260609,600054.SH,黄山旅游,0.19,10.71,118.45,3.24,-53.79,-1.47,172.24,4.71,-256.78,-7.02,138.34,3.78
20260609,002420.SZ,毅昌科技,0.71,5.7,117.51,2.1,11.67,0.21,105.84,1.89,358.46,6.41,-475.97,-8.51
20260609,300169.SZ,天晟新材,0.92,5.47,117.25,2.58,-103.36,-2.27,220.61,4.85,-136.88,-3.01,19.63,0.43
20260609,603028.SH,赛福天,1.19,7.66,116.68,3.84,68.34,2.25,48.34,1.59,-24.96,-0.82,-91.71,-3.02
20260609,003037.SZ,三和管桩,-1.6,6.75,116.51,2.66,232.99,5.33,-116.48,-2.66,-327.5,-7.49,210.99,4.83
20260609,300617.SZ,安靠智电,2.86,57.86,116.32,0.31,197.68,0.53,-81.37,-0.22,-830.2,-2.23,713.89,1.92
20260609,002116.SZ,中国海诚,1.58,9.01,115.2,6.38,0.0,0.0,115.2,6.38,120.35,6.66,-235.55,-13.04
20260609,000026.SZ,飞亚达,2.58,21.9,115.09,0.53,899.56,4.16,-784.47,-3.63,322.67,1.49,-437.76,-2.03
20260609,300365.SZ,恒华科技,0.2,5.03,114.75,1.8,-40.3,-0.63,155.05,2.43,-18.9,-0.3,-95.85,-1.5
20260609,002393.SZ,力生制药,0.43,14.12,114.74,5.65,0.0,0.0,114.74,5.65,-189.47,-9.32,74.73,3.68
20260609,688466.SH,金科环境,0.73,15.17,114.28,5.03,69.98,3.08,44.3,1.95,-42.22,-1.86,-72.06,-3.17
20260609,688085.SH,三友医疗,0.22,13.9,114.19,3.49,-142.76,-4.36,256.95,7.85,-243.54,-7.44,129.35,3.95
20260609,605116.SH,奥锐特,0.22,18.41,114.15,2.38,-144.41,-3.01,258.57,5.38,115.87,2.41,-230.03,-4.79
20260609,002168.SZ,ST惠程,0.84,3.59,114.0,9.16,54.76,4.4,59.24,4.76,-128.59,-10.33,14.58,1.17
20260609,600195.SH,中牧股份,1.08,6.57,113.92,4.04,35.25,1.25,78.67,2.79,-330.65,-11.73,216.73,7.69
20260609,300685.SZ,艾德生物,-4.39,17.2,113.5,0.4,-954.91,-3.37,1068.41,3.77,2125.56,7.5,-2239.06,-7.9
20260609,300988.SZ,津荣天宇,1.06,17.23,113.38,1.57,145.72,2.02,-32.34,-0.45,310.84,4.31,-424.22,-5.88
20260609,600278.SH,东方创业,0.32,6.27,113.0,7.45,-1.37,-0.09,114.37,7.54,-134.09,-8.84,21.1,1.39
20260609,600876.SH,凯盛新能,0.7,8.66,112.97,3.05,11.44,0.31,101.52,2.74,-21.31,-0.58,-91.66,-2.47
20260609,603987.SH,康德莱,-0.56,7.07,112.91,4.86,-111.33,-4.79,224.24,9.64,-113.35,-4.87,0.44,0.02
20260609,000705.SZ,浙江震元,0.6,6.74,112.3,3.0,0.0,0.0,112.3,3.0,355.26,9.48,-467.56,-12.47
20260609,603226.SH,菲林格尔,2.04,48.99,112.21,0.88,86.21,0.68,26.0,0.2,-501.97,-3.96,389.77,3.07
20260609,603180.SH,金牌家居,-0.63,15.79,111.84,8.65,0.0,0.0,111.84,8.65,-70.37,-5.44,-41.47,-3.21
20260609,301010.SZ,晶雪节能,1.73,18.86,111.16,2.73,-71.55,-1.76,182.7,4.49,-173.57,-4.27,62.41,1.53
20260609,300532.SZ,今天国际,0.29,6.9,111.09,1.93,0.0,0.0,111.09,1.93,342.34,5.96,-453.44,-7.89
20260609,603366.SH,日出东方,1.16,7.0,110.11,1.68,-0.15,0.0,110.27,1.68,-458.94,-7.0,348.82,5.32
20260609,600897.SH,厦门空港,1.95,15.15,109.81,3.23,38.18,1.12,71.63,2.11,-167.76,-4.94,57.95,1.71
20260609,688156.SH,路德科技,0.4,25.3,109.75,1.04,-293.32,-2.79,403.07,3.84,-256.61,-2.44,146.86,1.4
20260609,600517.SH,国网英大,0.82,4.92,109.73,1.31,233.85,2.79,-124.12,-1.48,254.83,3.04,-364.56,-4.36
20260609,301631.SZ,壹连科技,2.29,78.95,109.35,0.73,476.21,3.18,-366.86,-2.45,-313.32,-2.09,203.97,1.36
20260609,300996.SZ,普联软件,-2.51,11.28,109.32,1.3,-4.15,-0.05,113.46,1.35,566.74,6.74,-676.06,-8.04
20260609,300639.SZ,凯普生物,1.9,5.35,109.19,2.22,159.59,3.24,-50.4,-1.02,-436.22,-8.85,327.03,6.63
20260609,603182.SH,嘉华股份,-0.4,12.56,108.83,4.43,31.63,1.29,77.19,3.14,178.29,7.25,-287.11,-11.67
20260609,301187.SZ,欧圣电气,1.12,17.09,108.6,2.75,-171.27,-4.33,279.87,7.08,200.03,5.06,-308.63,-7.81
20260609,600375.SH,汉马科技,0.25,4.06,108.5,1.77,105.2,1.71,3.3,0.05,-698.54,-11.39,590.04,9.62
20260609,301053.SZ,远信工业,-0.07,40.47,108.37,1.0,-486.71,-4.51,595.08,5.52,-43.29,-0.4,-65.08,-0.6
20260609,600738.SH,丽尚国潮,-0.72,4.12,107.87,2.93,63.62,1.73,44.25,1.2,91.57,2.49,-199.44,-5.42
20260609,002159.SZ,三特索道,-0.79,13.84,107.72,3.81,0.0,0.0,107.72,3.81,36.24,1.28,-143.96,-5.09
20260609,300949.SZ,奥雅股份,1.35,23.34,107.59,3.46,0.0,0.0,107.59,3.46,-17.84,-0.57,-89.75,-2.88
20260609,603344.SH,星德胜,0.0,29.62,107.12,0.75,100.59,0.7,6.53,0.05,-355.41,-2.48,248.29,1.73
20260609,688133.SH,泰坦科技,1.76,19.66,106.93,1.43,208.21,2.78,-101.28,-1.35,-80.15,-1.07,-26.79,-0.36
20260609,301668.SZ,昊创瑞通,0.31,35.7,106.75,3.8,0.0,0.0,106.75,3.8,-199.72,-7.11,92.97,3.31
20260609,002228.SZ,合兴包装,0.62,3.26,106.65,2.11,0.0,0.0,106.65,2.11,-214.44,-4.25,107.79,2.13
20260609,601900.SH,南方传媒,0.17,11.72,106.18,2.49,55.35,1.3,50.83,1.19,250.73,5.89,-356.91,-8.39
20260609,002833.SZ,弘亚数控,0.28,17.98,105.94,1.25,0.0,0.0,105.94,1.25,-226.32,-2.67,120.38,1.42
20260609,603321.SH,梅轮电梯,0.0,6.45,105.63,5.51,0.0,0.0,105.63,5.51,-97.54,-5.09,-8.09,-0.42
20260609,300817.SZ,双飞集团,-0.99,18.91,105.57,1.56,0.0,0.0,105.57,1.56,103.37,1.53,-208.94,-3.09
20260609,603230.SH,内蒙新华,-0.82,9.65,105.51,7.54,48.15,3.44,57.35,4.1,2.93,0.21,-108.44,-7.75
20260609,603967.SH,中创物流,-1.88,11.98,105.45,3.84,15.08,0.55,90.37,3.29,151.29,5.51,-256.74,-9.35
20260609,603087.SH,甘李药业,-0.13,55.92,104.86,0.34,417.65,1.34,-312.79,-1.0,1295.94,4.15,-1400.8,-4.48
20260609,688212.SH,澳华内镜,-0.59,28.53,104.33,3.77,186.21,6.73,-81.88,-2.96,7.17,0.26,-111.5,-4.03
20260609,301032.SZ,新柴股份,2.43,10.95,103.97,2.86,0.0,0.0,103.97,2.86,371.74,10.24,-475.71,-13.11
20260609,002293.SZ,罗莱生活,-0.73,9.5,103.6,2.39,0.0,0.0,103.6,2.39,293.51,6.76,-397.1,-9.15
20260609,600178.SH,东安动力,0.46,8.74,103.54,4.96,0.26,0.01,103.27,4.95,-108.62,-5.21,5.08,0.24
20260609,688420.SH,美腾科技,-0.04,23.36,103.11,3.7,12.62,0.45,90.49,3.25,-51.26,-1.84,-51.85,-1.86
20260609,002331.SZ,皖通科技,-1.62,8.52,102.62,1.19,-341.07,-3.95,443.69,5.14,123.42,1.43,-226.04,-2.62
20260609,002391.SZ,长青股份,0.37,5.41,102.39,3.7,0.0,0.0,102.39,3.7,90.55,3.27,-192.94,-6.97
20260609,301519.SZ,舜禹股份,1.1,12.81,102.32,2.48,-88.05,-2.13,190.37,4.61,113.55,2.75,-215.87,-5.23
20260609,301025.SZ,读客文化,1.46,9.02,101.78,2.11,0.0,0.0,101.78,2.11,-92.09,-1.91,-9.69,-0.2
20260609,688285.SH,高铁电气,0.0,7.74,101.62,8.06,10.17,0.81,91.44,7.26,25.98,2.06,-127.59,-10.12
20260609,301507.SZ,民生健康,0.66,12.27,99.07,3.18,-74.42,-2.39,173.49,5.56,-234.05,-7.51,134.98,4.33
20260609,688695.SH,中创股份,1.31,20.86,99.02,3.24,57.97,1.9,41.05,1.34,69.54,2.28,-168.56,-5.52
20260609,600653.SH,申华控股,-1.79,1.65,98.74,3.06,328.6,10.19,-229.86,-7.13,-73.03,-2.27,-25.71,-0.8
20260609,601515.SH,衢州东峰,0.53,3.77,98.65,2.51,-47.97,-1.22,146.62,3.72,-225.98,-5.74,127.33,3.23
20260609,600067.SH,冠城新材,-0.34,2.89,98.09,1.76,225.58,4.05,-127.48,-2.29,-65.72,-1.18,-32.38,-0.58
20260609,600033.SH,福建高速,-0.29,3.46,97.96,1.79,187.17,3.43,-89.22,-1.63,159.16,2.92,-257.12,-4.71
20260609,600020.SH,中原高速,-0.76,3.91,97.63,2.69,-85.47,-2.35,183.1,5.04,325.08,8.94,-422.71,-11.63
20260609,003003.SZ,天元股份,1.59,11.48,97.62,1.95,0.0,0.0,97.62,1.95,144.32,2.88,-241.95,-4.83
20260609,603128.SH,华贸物流,-0.37,5.33,96.95,2.37,148.17,3.62,-51.22,-1.25,235.71,5.76,-332.66,-8.13
20260609,688435.SH,英方软件,1.16,38.5,96.87,0.98,-150.25,-1.52,247.12,2.49,-127.96,-1.29,31.09,0.31
20260609,603282.SH,亚光股份,-0.07,15.25,96.85,3.63,310.14,11.62,-213.28,-7.99,26.04,0.98,-122.89,-4.6
20260609,300832.SZ,新产业,-2.97,43.4,96.7,0.58,-209.34,-1.25,306.03,1.83,-324.35,-1.94,227.65,1.36
20260609,603726.SH,朗迪集团,1.64,24.81,96.2,1.17,42.17,0.51,54.03,0.66,-485.79,-5.93,389.58,4.75
20260609,301172.SZ,君逸数码,5.32,30.49,95.89,0.56,-142.88,-0.84,238.77,1.4,-265.09,-1.56,169.2,1.0
20260609,002152.SZ,广电运通,0.92,9.91,95.37,0.54,-489.88,-2.78,585.24,3.32,-1282.98,-7.27,1187.61,6.73
20260609,300535.SZ,达威股份,1.26,15.32,94.6,2.43,107.73,2.76,-13.13,-0.34,-6.57,-0.17,-88.03,-2.26
20260609,300549.SZ,优德精密,0.13,15.17,94.59,2.45,0.0,0.0,94.59,2.45,328.05,8.48,-422.64,-10.93
20260609,000962.SZ,东方钽业,8.57,55.11,94.51,0.08,-110.76,-0.09,205.27,0.17,-4558.24,-3.86,4463.73,3.78
20260609,300381.SZ,溢多利,3.26,6.01,94.43,1.06,-123.2,-1.38,217.63,2.43,893.12,9.99,-987.55,-11.04
20260609,600526.SH,菲达环保,0.66,4.55,94.36,2.78,12.98,0.38,81.38,2.4,11.42,0.34,-105.78,-3.11
20260609,002508.SZ,老板电器,-1.65,16.11,94.21,1.01,173.3,1.86,-79.09,-0.85,-320.64,-3.44,226.42,2.43
20260609,603058.SH,永吉股份,0.63,9.55,93.99,1.42,-83.62,-1.26,177.61,2.68,559.43,8.45,-653.42,-9.87
20260609,002628.SZ,成都路桥,1.22,4.99,93.84,0.94,570.38,5.7,-476.54,-4.76,-236.22,-2.36,142.38,1.42
20260609,301448.SZ,开创电气,4.68,35.37,93.47,1.29,-349.01,-4.8,442.48,6.09,-93.68,-1.29,0.21,0.0
20260609,000421.SZ,南京公用,-0.71,5.59,93.26,3.06,172.58,5.66,-79.32,-2.6,-187.29,-6.14,94.03,3.08
20260609,605138.SH,盛泰集团,-0.77,6.44,92.93,4.12,46.38,2.05,46.55,2.06,82.46,3.65,-175.39,-7.77
20260609,300514.SZ,友讯达,1.35,10.51,92.91,3.34,120.41,4.33,-27.5,-0.99,-105.9,-3.81,12.99,0.47
20260609,605088.SH,冠盛股份,-0.94,32.55,92.45,1.1,-363.4,-4.33,455.85,5.43,193.95,2.31,-286.4,-3.41
20260609,600987.SH,航民股份,0.62,6.47,92.27,3.52,-300.47,-11.46,392.74,14.98,150.03,5.72,-242.3,-9.24
20260609,300908.SZ,仲景食品,0.17,23.79,92.22,2.74,0.0,0.0,92.22,2.74,19.66,0.58,-111.87,-3.32
20260609,000913.SZ,钱江摩托,-0.09,11.03,91.93,3.26,110.9,3.94,-18.97,-0.67,62.81,2.23,-154.74,-5.49
20260609,603035.SH,XD常熟汽,0.08,11.87,91.56,3.12,-58.75,-2.0,150.32,5.13,35.55,1.21,-127.11,-4.33
20260609,603289.SH,泰瑞机器,-0.1,9.54,91.38,1.29,-141.76,-2.01,233.14,3.3,329.71,4.67,-421.09,-5.97
20260609,300822.SZ,贝仕达克,0.59,13.63,90.9,2.49,0.0,0.0,90.9,2.49,-226.52,-6.21,135.61,3.72
20260609,600390.SH,五矿资本,0.22,4.53,90.77,0.83,663.78,6.08,-573.01,-5.25,-568.18,-5.21,477.41,4.37
20260609,002933.SZ,新兴装备,2.65,29.43,90.68,1.58,193.32,3.37,-102.64,-1.79,289.56,5.06,-380.25,-6.64
20260609,605117.SH,德业股份,1.66,103.87,90.59,0.07,-846.89,-0.63,937.47,0.69,-1121.23,-0.83,1030.65,0.76
20260609,002117.SZ,东港股份,0.21,9.43,90.44,1.68,115.14,2.13,-24.69,-0.46,90.49,1.68,-180.93,-3.35
20260609,600993.SH,马应龙,-0.34,23.32,90.41,1.33,101.74,1.5,-11.33,-0.17,284.29,4.19,-374.69,-5.53
20260609,301332.SZ,德尔玛,3.8,8.73,89.77,2.23,0.0,0.0,89.77,2.23,134.11,3.33,-223.88,-5.56
20260609,000789.SZ,万年青,0.46,4.41,89.76,8.78,0.0,0.0,89.76,8.78,-64.1,-6.27,-25.66,-2.51
20260609,301202.SZ,朗威股份,3.31,36.82,89.51,1.23,60.52,0.83,28.99,0.4,-61.81,-0.85,-27.69,-0.38
20260609,600620.SH,天宸股份,-0.22,4.54,89.22,2.83,5.04,0.16,84.18,2.67,-216.29,-6.86,127.07,4.03
20260609,600120.SH,浙江东方,-1.3,4.54,88.83,0.8,-103.55,-0.93,192.38,1.72,-104.08,-0.93,15.25,0.14
20260609,300256.SZ,星星科技,0.68,2.94,88.82,1.33,0.0,0.0,88.82,1.33,-259.36,-3.89,170.55,2.56
20260609,605066.SH,天正电气,0.61,6.57,88.79,1.62,143.46,2.61,-54.67,-1.0,154.53,2.81,-243.32,-4.43
20260609,301116.SZ,益客食品,1.14,9.73,88.22,1.39,0.0,0.0,88.22,1.39,-137.48,-2.17,49.26,0.78
20260609,603351.SH,威尔药业,0.4,25.1,87.87,6.85,28.85,2.25,59.02,4.6,56.88,4.43,-144.75,-11.28
20260609,600477.SH,杭萧钢构,0.77,2.62,87.73,1.16,66.14,0.88,21.58,0.29,-564.48,-7.47,476.76,6.31
20260609,002571.SZ,德力股份,-1.1,12.58,87.22,0.56,-693.6,-4.42,780.83,4.97,152.72,0.97,-239.94,-1.53
20260609,301665.SZ,泰禾股份,1.06,21.96,86.67,2.49,0.0,0.0,86.67,2.49,111.71,3.21,-198.38,-5.71
20260609,688781.SH,视涯科技-UW,10.24,50.71,86.61,0.38,718.4,3.16,-631.79,-2.78,-2040.43,-8.98,1953.81,8.6
20260609,600136.SH,ST明诚,0.0,1.53,85.08,5.58,12.14,0.8,72.95,4.79,-98.36,-6.45,13.27,0.87
20260609,301559.SZ,中集环科,1.27,13.53,84.86,4.5,0.0,0.0,84.86,4.5,-188.63,-10.01,103.77,5.51
20260609,688670.SH,金迪克,-0.26,15.14,84.61,4.66,0.27,0.02,84.33,4.64,15.46,0.85,-100.07,-5.51
20260609,301616.SZ,浙江华业,2.5,38.08,84.58,4.1,0.0,0.0,84.58,4.1,-17.92,-0.87,-66.66,-3.23
20260609,600881.SH,亚泰集团,-3.01,1.61,84.56,0.46,582.21,3.16,-497.65,-2.7,-210.38,-1.14,125.82,0.68
20260609,300006.SZ,莱美药业,-0.6,4.96,84.49,0.93,-17.14,-0.19,101.63,1.12,-23.8,-0.26,-60.69,-0.67
20260609,300529.SZ,健帆生物,-1.55,16.5,84.23,1.23,35.91,0.53,48.32,0.71,147.15,2.15,-231.38,-3.39
20260609,002626.SZ,金达威,-0.14,14.5,84.17,1.89,349.34,7.84,-265.17,-5.95,73.36,1.65,-157.53,-3.54
20260609,600794.SH,保税科技,-0.63,3.14,84.11,3.57,-125.15,-5.32,209.26,8.89,-91.63,-3.89,7.52,0.32
20260609,688657.SH,浩辰软件,0.32,37.71,84.03,0.91,-11.0,-0.12,95.03,1.02,-406.56,-4.38,322.53,3.47
20260609,688419.SH,XD耐科装,5.63,45.41,84.01,0.74,-84.37,-0.75,168.38,1.49,-518.63,-4.59,434.62,3.85
20260609,688198.SH,佰仁医疗,-0.15,78.83,83.67,2.57,55.79,1.71,27.88,0.86,182.51,5.6,-266.18,-8.17
20260609,300717.SZ,华信新材,1.26,17.68,83.66,2.55,0.0,0.0,83.66,2.55,-90.55,-2.76,6.89,0.21
20260609,603151.SH,邦基科技,0.32,12.51,83.56,3.27,0.0,0.0,83.56,3.27,206.24,8.06,-289.8,-11.33
20260609,002333.SZ,罗普斯金,1.22,4.96,82.97,4.25,0.0,0.0,82.97,4.25,-60.23,-3.09,-22.74,-1.17
20260609,688680.SH,海优新材,-0.12,42.8,82.49,1.31,142.55,2.27,-60.06,-0.95,-4.78,-0.08,-77.72,-1.24
20260609,600822.SH,上海物贸,0.35,8.5,82.41,3.75,0.0,0.0,82.41,3.75,-106.1,-4.83,23.69,1.08
20260609,002819.SZ,东方中科,1.64,22.3,82.21,2.13,0.0,0.0,82.21,2.13,-303.62,-7.87,221.41,5.74
20260609,002820.SZ,桂发祥,1.06,9.51,81.42,1.29,0.0,0.0,81.42,1.29,164.7,2.62,-246.12,-3.91
20260609,300422.SZ,博世科,-0.2,5.08,81.31,1.45,0.0,0.0,81.31,1.45,0.42,0.01,-81.73,-1.45
20260609,002852.SZ,道道全,0.13,7.69,81.08,3.43,134.81,5.7,-53.73,-2.27,22.28,0.94,-103.36,-4.37
20260609,600757.SH,长江传媒,-0.38,7.96,80.77,1.78,-75.92,-1.67,156.69,3.45,465.09,10.23,-545.87,-12.01
20260609,300729.SZ,乐歌股份,-0.38,10.62,80.69,5.19,0.0,0.0,80.69,5.19,7.02,0.45,-87.71,-5.64
20260609,000931.SZ,中 关 村,0.25,4.08,80.23,4.61,0.0,0.0,80.23,4.61,-94.11,-5.41,13.88,0.8
20260609,300289.SZ,利德曼,-0.53,5.58,80.23,3.82,0.0,0.0,80.23,3.82,49.03,2.34,-129.25,-6.16
20260609,603700.SH,宁水集团,-1.66,11.25,80.11,2.12,101.58,2.69,-21.46,-0.57,225.68,5.98,-305.79,-8.11
20260609,600551.SH,时代出版,0.97,7.3,80.02,3.45,-3.6,-0.16,83.63,3.61,-322.51,-13.91,242.48,10.46
20260609,600540.SH,新赛股份,-0.88,4.48,79.72,0.55,-263.27,-1.8,343.0,2.35,-792.42,-5.43,712.7,4.89
20260609,688278.SH,特宝生物,-1.17,56.68,78.95,0.44,377.34,2.1,-298.39,-1.66,923.7,5.14,-1002.65,-5.58
20260609,603395.SH,红四方,-0.45,22.2,78.74,1.75,159.72,3.55,-80.98,-1.8,-97.44,-2.17,18.69,0.42
20260609,605377.SH,华旺科技,-1.94,8.1,78.56,1.68,28.51,0.61,50.06,1.07,-261.0,-5.59,182.44,3.91
20260609,688505.SH,复旦张江,1.33,6.85,77.99,4.42,9.51,0.54,68.48,3.88,-61.59,-3.49,-16.4,-0.93
20260609,600824.SH,益民集团,-0.82,3.63,77.84,2.74,29.08,1.02,48.75,1.72,-96.9,-3.41,19.06,0.67
20260609,688616.SH,西力科技,0.69,11.62,77.8,5.14,0.0,0.0,77.8,5.14,-2.69,-0.18,-75.11,-4.96
20260609,301359.SZ,东南电子,0.31,19.11,77.55,2.26,0.0,0.0,77.55,2.26,-55.6,-1.62,-21.94,-0.64
20260609,300610.SZ,晨化股份,1.84,10.53,77.29,2.19,0.0,0.0,77.29,2.19,-48.75,-1.38,-28.54,-0.81
20260609,001390.SZ,古麒绒材,1.08,16.84,77.09,3.68,0.0,0.0,77.09,3.68,-18.3,-0.87,-58.79,-2.8
20260609,301298.SZ,东利机械,0.45,13.39,76.85,1.76,-19.78,-0.45,96.63,2.21,411.69,9.4,-488.54,-11.16
20260609,301166.SZ,优宁维,0.15,27.07,76.42,4.33,0.0,0.0,76.42,4.33,46.0,2.61,-122.42,-6.93
20260609,301337.SZ,亚华电子,0.83,24.16,76.22,2.44,0.0,0.0,76.22,2.44,-21.79,-0.7,-54.43,-1.74
20260609,600561.SH,江西长运,0.18,5.66,75.78,2.96,0.0,0.0,75.78,2.96,-147.83,-5.78,72.05,2.82
20260609,002343.SZ,慈文传媒,1.41,5.03,75.57,1.28,145.2,2.47,-69.63,-1.18,-105.52,-1.79,29.95,0.51
20260609,002282.SZ,博深股份,0.32,6.18,75.52,4.53,0.0,0.0,75.52,4.53,-60.65,-3.64,-14.87,-0.89
20260609,002616.SZ,长青集团,0.97,5.21,75.29,1.37,0.0,0.0,75.29,1.37,-100.38,-1.83,25.09,0.46
20260609,000541.SZ,佛山照明,0.83,4.87,74.84,2.8,-122.16,-4.57,197.0,7.38,-258.18,-9.67,183.34,6.87
20260609,600713.SH,南京医药,0.61,4.95,74.67,2.56,-47.85,-1.64,122.52,4.2,-299.39,-10.27,224.72,7.71
20260609,002218.SZ,拓日新能,1.86,4.39,74.44,0.4,968.18,5.19,-893.74,-4.79,-1268.86,-6.8,1194.42,6.4
20260609,300833.SZ,浩洋股份,1.58,32.77,73.78,2.71,0.0,0.0,73.78,2.71,53.69,1.97,-127.47,-4.68
20260609,300823.SZ,建科智能,0.37,16.35,73.5,1.2,0.0,0.0,73.5,1.2,16.2,0.26,-89.69,-1.46
20260609,605098.SH,行动教育,1.11,57.35,73.31,0.99,-27.66,-0.37,100.97,1.36,546.52,7.38,-619.82,-8.37
20260609,000761.SZ,本钢板材,-4.03,2.38,72.57,1.41,0.0,0.0,72.57,1.41,-65.61,-1.27,-6.96,-0.14
20260609,688651.SH,盛邦安全,1.3,33.39,71.97,2.32,69.92,2.25,2.05,0.07,55.37,1.78,-127.34,-4.1
20260609,002224.SZ,三 力 士,1.11,3.65,71.87,2.32,0.0,0.0,71.87,2.32,-91.12,-2.95,19.25,0.62
20260609,002743.SZ,富煌钢构,0.66,4.57,71.36,2.59,0.0,0.0,71.36,2.59,-21.94,-0.8,-49.42,-1.79
20260609,000726.SZ,鲁  泰Ａ,0.0,5.86,71.17,3.14,31.13,1.38,40.04,1.77,-133.3,-5.89,62.13,2.74
20260609,301503.SZ,智迪科技,2.59,30.45,71.13,2.55,0.0,0.0,71.13,2.55,-83.35,-2.98,12.21,0.44
20260609,688217.SH,睿昂基因,0.51,23.78,71.09,3.62,-42.71,-2.17,113.8,5.79,45.4,2.31,-116.49,-5.93
20260609,001358.SZ,兴欣新材,0.08,23.9,70.33,2.83,-119.69,-4.81,190.02,7.64,47.4,1.91,-117.73,-4.73
20260609,603508.SH,思维列控,0.36,22.16,70.17,1.15,184.76,3.02,-114.59,-1.87,105.74,1.73,-175.9,-2.87
20260609,002024.SZ,ST易购,0.0,1.23,69.43,3.16,-129.33,-5.88,198.77,9.04,-111.41,-5.07,41.98,1.91
20260609,002054.SZ,德美化工,1.77,7.46,69.2,1.19,95.93,1.64,-26.73,-0.46,125.15,2.14,-194.35,-3.33
20260609,002332.SZ,仙琚制药,-0.48,8.21,69.12,1.49,0.0,0.0,69.12,1.49,247.16,5.34,-316.28,-6.83
20260609,301221.SZ,光庭信息,-0.66,31.47,69.07,0.93,-253.62,-3.41,322.69,4.34,369.84,4.97,-438.91,-5.9
20260609,300790.SZ,宇瞳光学,2.6,22.06,68.95,0.17,854.92,2.11,-785.97,-1.94,357.71,0.88,-426.67,-1.05
20260609,300220.SZ,金运激光,0.26,11.79,68.75,1.91,0.0,0.0,68.75,1.91,-133.32,-3.71,64.57,1.8
20260609,603708.SH,家家悦,-0.32,9.48,68.17,1.68,-50.32,-1.24,118.49,2.92,-85.19,-2.1,17.01,0.42
20260609,002109.SZ,ST兴化,-1.43,2.75,67.9,2.92,0.0,0.0,67.9,2.92,-207.29,-8.93,139.38,6.0
20260609,002094.SZ,青岛金王,1.23,4.94,67.57,0.76,504.76,5.67,-437.19,-4.91,-898.54,-10.1,830.97,9.34
20260609,603192.SH,汇得科技,0.84,19.2,67.42,4.64,0.0,0.0,67.42,4.64,-48.49,-3.34,-18.93,-1.3
20260609,301170.SZ,锡南科技,1.03,24.51,67.13,2.3,0.0,0.0,67.13,2.3,221.05,7.58,-288.18,-9.88
20260609,001328.SZ,登康口腔,3.38,29.05,67.08,1.4,0.0,0.0,67.08,1.4,645.91,13.52,-712.99,-14.92
20260609,600238.SH,*ST椰岛,1.78,5.14,66.58,2.23,-410.53,-13.74,477.12,15.96,20.67,0.69,-87.25,-2.92
20260609,600650.SH,锦江在线,1.93,10.55,66.44,1.57,190.18,4.49,-123.74,-2.92,92.41,2.18,-158.85,-3.75
20260609,603948.SH,建业股份,2.2,23.7,66.32,3.06,10.75,0.5,55.56,2.57,-53.37,-2.47,-12.95,-0.6
20260609,300321.SZ,同大股份,5.04,42.3,66.23,0.41,-573.35,-3.53,639.59,3.94,213.79,1.32,-280.02,-1.72
20260609,001255.SZ,博菲电气,0.21,29.05,66.01,1.84,-2.31,-0.06,68.33,1.91,-177.93,-4.96,111.92,3.12
20260609,603609.SH,禾丰股份,-0.49,6.07,65.99,5.72,104.91,9.09,-38.92,-3.37,-6.89,-0.6,-59.11,-5.12
20260609,603970.SH,中农立华,-0.36,11.1,65.88,3.32,-222.4,-11.21,288.28,14.54,-45.71,-2.31,-20.17,-1.02
20260609,002577.SZ,雷柏科技,-1.47,17.44,65.78,1.18,58.74,1.06,7.05,0.13,-429.88,-7.74,364.09,6.56
20260609,301508.SZ,中机认检,0.6,25.05,65.75,2.27,0.0,0.0,65.75,2.27,20.19,0.7,-85.94,-2.97
20260609,688357.SH,建龙微纳,0.36,27.59,65.71,2.54,0.0,0.0,65.71,2.54,-102.34,-3.96,36.63,1.42
20260609,000090.SZ,天健集团,2.68,3.45,65.42,0.49,415.35,3.12,-349.93,-2.63,-273.65,-2.06,208.23,1.57
20260609,301066.SZ,万事利,-1.13,14.0,65.14,1.14,0.0,0.0,65.14,1.14,92.87,1.62,-158.01,-2.76
20260609,300338.SZ,*ST开元,0.62,3.26,65.11,8.32,0.0,0.0,65.11,8.32,-4.59,-0.59,-60.53,-7.73
20260609,600325.SH,华发股份,-0.76,2.6,64.42,0.49,447.87,3.39,-383.45,-2.9,-95.25,-0.72,30.83,0.23
20260609,002381.SZ,双箭股份,0.71,5.67,63.56,2.46,0.0,0.0,63.56,2.46,-71.18,-2.76,7.62,0.3
20260609,001386.SZ,马可波罗,2.63,15.63,63.56,1.1,0.0,0.0,63.56,1.1,-349.06,-6.02,285.5,4.92
20260609,002787.SZ,华源控股,3.09,27.4,63.34,0.13,-981.22,-1.98,1044.56,2.11,115.17,0.23,-178.51,-0.36
20260609,603801.SH,志邦家居,-1.61,6.73,62.74,3.07,10.05,0.49,52.69,2.58,-147.9,-7.25,85.16,4.17
20260609,600643.SH,爱建集团,-0.75,3.98,62.61,1.35,84.82,1.83,-22.21,-0.48,70.63,1.53,-133.24,-2.88
20260609,600847.SH,万里股份,0.62,14.61,62.42,1.51,0.0,0.0,62.42,1.51,-52.73,-1.27,-9.68,-0.23
20260609,002127.SZ,南极电商,-0.71,2.79,62.19,0.95,-39.48,-0.6,101.67,1.55,-70.04,-1.07,7.84,0.12
20260609,002103.SZ,广博股份,0.3,6.6,62.01,1.5,37.27,0.9,24.74,0.6,-466.13,-11.31,404.12,9.81
20260609,002782.SZ,可立克,3.16,24.82,61.59,0.16,639.61,1.67,-578.02,-1.51,-1623.82,-4.24,1562.23,4.08
20260609,001322.SZ,箭牌家居,-0.16,6.25,61.42,2.6,-3.47,-0.15,64.89,2.75,138.82,5.89,-200.23,-8.49
20260609,301280.SZ,珠城科技,0.9,41.35,61.4,0.65,-523.58,-5.54,584.97,6.19,532.95,5.64,-594.35,-6.29
20260609,600012.SH,皖通高速,3.09,16.67,61.34,0.6,11.61,0.11,49.73,0.48,583.42,5.66,-644.76,-6.26
20260609,600223.SH,福瑞达,-1.06,5.58,60.52,1.81,-34.88,-1.04,95.4,2.85,-44.25,-1.32,-16.28,-0.49
20260609,300886.SZ,华业香料,0.43,23.27,60.45,1.81,0.0,0.0,60.45,1.81,118.0,3.53,-178.45,-5.34
20260609,300360.SZ,炬华科技,-0.53,13.19,60.41,1.4,131.76,3.05,-71.35,-1.65,30.83,0.71,-91.24,-2.11
20260609,000815.SZ,美利云,1.79,15.34,60.25,0.14,-372.34,-0.86,432.59,1.0,-400.41,-0.93,340.16,0.79
20260609,001387.SZ,雪祺电气,-0.17,11.98,58.22,1.53,0.0,0.0,58.22,1.53,301.0,7.9,-359.22,-9.42
20260609,002556.SZ,辉隆股份,-0.2,5.1,57.97,1.6,-100.84,-2.79,158.81,4.39,2.46,0.07,-60.43,-1.67
20260609,603676.SH,卫信康,0.11,8.85,57.92,5.3,2.79,0.26,55.14,5.05,-71.11,-6.51,13.19,1.21
20260609,603201.SH,常润股份,1.66,18.35,57.81,1.01,-40.23,-0.7,98.05,1.71,-41.38,-0.72,-16.43,-0.29
20260609,600233.SH,XD圆通速,0.95,16.93,56.94,0.28,-560.03,-2.78,616.97,3.06,-82.06,-0.41,25.13,0.12
20260609,600237.SH,铜峰电子,4.46,11.7,56.75,0.05,1290.44,1.18,-1233.69,-1.13,-1349.6,-1.24,1292.85,1.18
20260609,600658.SH,电子城,-0.9,4.38,56.4,1.21,67.72,1.45,-11.32,-0.24,170.16,3.64,-226.56,-4.85
20260609,002811.SZ,郑中设计,1.76,11.55,55.91,0.88,-168.75,-2.67,224.66,3.55,166.03,2.62,-221.94,-3.51
20260609,301587.SZ,中瑞股份,3.09,24.67,55.66,0.64,102.97,1.19,-47.31,-0.54,-37.36,-0.43,-18.3,-0.21
20260609,002983.SZ,芯瑞达,1.38,24.32,55.6,0.48,0.0,0.0,55.6,0.48,-128.28,-1.1,72.68,0.62
20260609,002818.SZ,富森美,-0.18,10.98,55.39,1.33,127.89,3.08,-72.5,-1.75,467.01,11.24,-522.4,-12.57
20260609,002114.SZ,罗平锌电,1.97,7.24,55.19,0.96,0.0,0.0,55.19,0.96,-239.02,-4.15,183.84,3.19
20260609,603511.SH,爱慕股份,-0.39,12.64,55.02,2.68,134.11,6.52,-79.09,-3.85,148.08,7.2,-203.11,-9.88
20260609,600007.SH,中国国贸,0.58,22.38,54.92,0.63,-45.85,-0.53,100.78,1.16,-92.06,-1.06,37.14,0.43
20260609,301088.SZ,戎美股份,-0.15,13.44,54.82,3.37,0.0,0.0,54.82,3.37,153.39,9.44,-208.22,-12.82
20260609,002566.SZ,益盛药业,-0.45,6.7,54.67,1.68,0.0,0.0,54.67,1.68,364.72,11.18,-419.4,-12.86
20260609,600510.SH,黑牡丹,1.64,8.06,54.58,0.71,-98.88,-1.29,153.46,2.01,609.31,7.97,-663.89,-8.68
20260609,002043.SZ,兔 宝 宝,-0.57,12.22,54.49,0.52,91.77,0.88,-37.29,-0.36,-474.47,-4.55,419.98,4.03
20260609,688022.SH,ST瀚川,-1.25,8.66,53.55,2.32,-46.09,-1.99,99.64,4.31,-30.51,-1.32,-23.04,-1.0
20260609,603183.SH,建研院,0.0,3.88,53.53,1.55,-78.71,-2.27,132.24,3.82,155.83,4.5,-209.37,-6.05
20260609,301277.SZ,新天地,0.11,9.28,52.9,2.33,0.0,0.0,52.9,2.33,-25.86,-1.14,-27.04,-1.19
20260609,688060.SH,云涌科技,0.46,37.4,52.76,3.1,0.0,0.0,52.76,3.1,80.02,4.71,-132.77,-7.81
20260609,000952.SZ,广济药业,0.0,6.27,52.52,1.33,103.91,2.63,-51.39,-1.3,144.89,3.66,-197.41,-4.99
20260609,688496.SH,*ST清越,-4.69,1.22,51.87,2.79,-1.69,-0.09,53.56,2.88,-270.4,-14.56,218.53,11.76
20260609,603385.SH,惠达卫浴,0.0,5.53,51.64,3.08,-2.23,-0.13,53.86,3.21,-104.43,-6.22,52.8,3.14
20260609,200539.SZ,粤电力Ｂ,2.33,2.2,51.45,9.19,128.9,23.03,-77.45,-13.84,-63.24,-11.3,11.79,2.11
20260609,301169.SZ,零点有数,3.33,77.5,51.23,0.45,-357.67,-3.14,408.9,3.59,844.98,7.43,-896.21,-7.88
20260609,688078.SH,龙软科技,1.27,23.18,50.89,2.14,3.99,0.17,46.9,1.97,-132.02,-5.54,81.13,3.4
20260609,300784.SZ,利安科技,1.8,43.47,50.75,1.71,0.0,0.0,50.75,1.71,-43.61,-1.47,-7.14,-0.24
20260609,002322.SZ,理工能科,0.94,10.75,50.57,2.35,0.0,0.0,50.57,2.35,-230.18,-10.7,179.61,8.35
20260609,300923.SZ,研奥股份,2.41,22.96,50.35,1.2,0.0,0.0,50.35,1.2,121.07,2.88,-171.42,-4.08
20260609,002573.SZ,清新环境,-0.6,3.29,50.1,2.59,0.0,0.0,50.1,2.59,-28.01,-1.45,-22.09,-1.14
20260609,000900.SZ,现代投资,-0.27,3.67,49.95,2.6,0.0,0.0,49.95,2.6,73.51,3.82,-123.47,-6.41
20260609,688184.SH,ST帕瓦,2.07,11.85,49.44,3.82,77.57,5.99,-28.13,-2.17,-48.68,-3.76,-0.76,-0.06
20260609,688236.SH,春立医疗,1.53,15.24,49.13,2.16,7.81,0.34,41.32,1.81,-48.38,-2.12,-0.75,-0.03
20260609,301578.SZ,辰奕智能,-0.09,22.73,48.36,1.52,0.0,0.0,48.36,1.52,119.48,3.75,-167.84,-5.27
20260609,000889.SZ,中嘉博创,1.38,3.67,48.29,0.43,262.87,2.33,-214.58,-1.9,-1106.43,-9.81,1058.13,9.39
20260609,002219.SZ,新里程,-0.93,2.12,48.1,0.48,-214.84,-2.17,262.94,2.65,499.71,5.04,-547.81,-5.52
20260609,600425.SH,青松建化,0.56,3.59,48.08,1.17,315.89,7.71,-267.81,-6.54,-19.06,-0.47,-29.02,-0.71
20260609,003012.SZ,东鹏控股,-0.42,4.77,47.23,1.28,0.0,0.0,47.23,1.28,-87.23,-2.37,40.01,1.09
20260609,301083.SZ,百胜智能,0.55,14.51,47.14,1.3,0.0,0.0,47.14,1.3,287.39,7.92,-334.53,-9.22
20260609,300160.SZ,秀强股份,-0.21,4.82,46.83,1.36,0.0,0.0,46.83,1.36,463.03,13.45,-509.86,-14.81
20260609,301190.SZ,善水科技,0.6,20.16,46.7,1.58,0.0,0.0,46.7,1.58,125.47,4.23,-172.16,-5.81
20260609,688298.SH,东方生物,-0.15,19.69,46.55,2.59,-129.71,-7.21,176.26,9.8,-139.25,-7.74,92.7,5.15
20260609,603866.SH,桃李面包,-2.46,4.36,46.52,1.29,-38.34,-1.07,84.86,2.36,71.67,1.99,-118.19,-3.29
20260609,600678.SH,ST金顶,0.81,6.19,46.44,0.44,186.88,1.77,-140.44,-1.33,-34.08,-0.32,-12.36,-0.12
20260609,301016.SZ,雷尔伟,1.15,14.95,45.86,1.22,0.0,0.0,45.86,1.22,-83.72,-2.22,37.86,1.01
20260609,301049.SZ,超越科技,2.53,20.67,45.71,1.23,-119.39,-3.22,165.09,4.46,338.85,9.15,-384.55,-10.38
20260609,600639.SH,浦东金桥,-1.04,9.5,45.65,1.73,1.05,0.04,44.6,1.69,281.69,10.68,-327.34,-12.41
20260609,300797.SZ,钢研纳克,1.26,13.66,45.38,1.58,0.0,0.0,45.38,1.58,27.99,0.98,-73.38,-2.56
20260609,300971.SZ,博亚精工,0.97,20.83,45.18,1.0,58.83,1.3,-13.65,-0.3,52.67,1.16,-97.85,-2.16
20260609,300808.SZ,久量股份,-0.72,23.28,45.07,1.13,-121.6,-3.06,166.67,4.19,-19.87,-0.5,-25.2,-0.63
20260609,003042.SZ,中农联合,1.38,13.95,44.87,0.75,0.0,0.0,44.87,0.75,-364.09,-6.08,319.23,5.33
20260609,603879.SH,永悦科技,1.04,4.85,44.57,1.11,8.38,0.21,36.2,0.9,22.56,0.56,-67.13,-1.67
20260609,301108.SZ,洁雅股份,0.74,21.8,44.35,1.49,-0.88,-0.03,45.23,1.52,-90.1,-3.02,45.75,1.53
20260609,301273.SZ,瑞晨环保,3.13,47.43,44.26,0.45,101.8,1.04,-57.54,-0.59,214.05,2.18,-258.31,-2.63
20260609,300271.SZ,华宇软件,1.29,5.49,44.08,0.98,109.98,2.43,-65.9,-1.46,-155.53,-3.44,111.45,2.47
20260609,301296.SZ,新巨丰,0.91,6.63,44.07,3.0,0.0,0.0,44.07,3.0,-40.88,-2.79,-3.18,-0.22
20260609,300439.SZ,美康生物,-0.92,8.62,44.04,2.18,0.0,0.0,44.04,2.18,48.02,2.37,-92.06,-4.55
20260609,000020.SZ,深华发Ａ,1.01,11.99,43.95,1.07,120.3,2.93,-76.35,-1.86,-262.99,-6.41,219.04,5.34
20260609,301509.SZ,金凯生科,2.48,26.86,43.85,0.9,0.0,0.0,43.85,0.9,-659.2,-13.58,615.35,12.67
20260609,002661.SZ,克明食品,3.26,7.93,43.79,1.23,0.0,0.0,43.79,1.23,452.1,12.71,-495.89,-13.95
20260609,000518.SZ,四环生物,-1.55,3.18,43.64,0.23,-150.68,-0.78,194.32,1.0,-739.38,-3.82,695.73,3.6
20260609,688115.SH,思林杰,-0.78,53.2,43.42,0.69,-27.69,-0.44,71.11,1.13,35.15,0.56,-78.57,-1.25
20260609,300247.SZ,融捷健康,0.24,4.11,43.23,0.97,140.28,3.14,-97.05,-2.17,193.62,4.33,-236.85,-5.3
20260609,301067.SZ,显盈科技,1.63,34.2,43.13,0.35,-65.56,-0.54,108.69,0.89,32.46,0.27,-75.59,-0.62
20260609,301399.SZ,英特科技,0.39,17.91,43.0,1.8,0.0,0.0,43.0,1.8,-44.37,-1.86,1.37,0.06
20260609,300387.SZ,富邦科技,1.34,7.54,42.86,1.19,0.0,0.0,42.86,1.19,-259.41,-7.22,216.55,6.03
20260609,300955.SZ,嘉亨家化,2.03,41.16,41.85,0.56,-190.77,-2.53,232.62,3.09,366.29,4.86,-408.14,-5.41
20260609,603585.SH,苏利股份,0.74,14.98,41.79,0.98,82.4,1.94,-40.61,-0.95,-270.44,-6.36,228.65,5.38
20260609,002574.SZ,明牌珠宝,1.27,4.77,41.55,1.46,0.0,0.0,41.55,1.46,-86.13,-3.02,44.59,1.56
20260609,603639.SH,海利尔,-0.18,10.81,40.99,2.96,51.96,3.75,-10.97,-0.79,104.79,7.57,-145.78,-10.53
20260609,300541.SZ,先进数通,1.74,10.54,40.95,0.67,-105.44,-1.72,146.39,2.39,-218.25,-3.56,177.3,2.9
20260609,603096.SH,新经典,-0.33,15.24,40.74,1.86,5.89,0.27,34.85,1.59,-144.68,-6.61,103.94,4.75
20260609,301215.SZ,中汽股份,5.18,5.69,40.56,0.27,-527.79,-3.45,568.35,3.72,1152.98,7.55,-1193.54,-7.81
20260609,688468.SH,科美诊断,0.33,6.11,39.88,2.29,-15.81,-0.91,55.69,3.19,54.1,3.1,-93.98,-5.39
20260609,301535.SZ,浙江华远,1.62,15.06,39.77,0.86,0.0,0.0,39.77,0.86,-160.42,-3.46,120.64,2.6
20260609,000628.SZ,高新发展,1.26,50.8,39.53,0.12,417.9,1.28,-378.37,-1.16,1034.15,3.16,-1073.69,-3.28
20260609,300675.SZ,建科院,-0.36,13.7,39.43,1.2,0.0,0.0,39.43,1.2,-66.37,-2.02,26.94,0.82
20260609,688599.SH,天合光能,2.8,13.58,39.4,0.07,-1209.44,-2.2,1248.84,2.27,128.68,0.23,-168.08,-0.31
20260609,600356.SH,恒丰纸业,-0.58,8.59,39.15,1.2,-18.85,-0.58,58.0,1.78,216.43,6.66,-255.58,-7.86
20260609,600533.SH,栖霞建设,-0.46,2.18,39.12,0.91,-162.37,-3.77,201.49,4.68,86.75,2.01,-125.87,-2.92
20260609,002900.SZ,哈三联,1.12,9.95,38.8,1.21,-104.42,-3.26,143.23,4.47,12.23,0.38,-51.03,-1.59
20260609,600797.SH,浙大网新,1.91,7.48,38.79,0.22,-506.34,-2.83,545.13,3.05,394.26,2.21,-433.05,-2.42
20260609,300341.SZ,麦克奥迪,-1.83,14.5,38.6,0.32,84.94,0.7,-46.34,-0.38,302.64,2.48,-341.24,-2.8
20260609,200012.SZ,南  玻Ｂ,2.19,1.4,38.59,15.88,0.0,0.0,38.59,15.88,-64.29,-26.45,25.7,10.58
20260609,603066.SH,音飞储存,-0.66,10.5,38.14,0.94,1.19,0.03,36.96,0.91,-28.56,-0.7,-9.58,-0.24
20260609,300092.SZ,科新机电,1.69,13.23,38.06,0.99,-397.2,-10.37,435.26,11.36,36.89,0.96,-74.95,-1.96
20260609,301586.SZ,佳力奇,1.34,35.52,38.04,1.43,0.0,0.0,38.04,1.43,-59.61,-2.25,21.57,0.81
20260609,600288.SH,大恒科技,-0.16,12.86,37.84,0.32,-490.18,-4.13,528.03,4.45,546.74,4.61,-584.58,-4.93
20260609,300731.SZ,科创新源,7.76,57.76,37.76,0.07,430.42,0.77,-392.66,-0.71,-1636.1,-2.94,1598.35,2.88
20260609,600892.SH,*ST大晟,0.83,3.64,37.75,2.46,-157.04,-10.23,194.8,12.69,-86.07,-5.61,48.31,3.15
20260609,002363.SZ,隆基机械,0.15,6.86,37.59,1.07,0.0,0.0,37.59,1.07,-73.74,-2.1,36.15,1.03
20260609,001202.SZ,炬申股份,0.75,14.7,37.58,2.17,0.0,0.0,37.58,2.17,30.4,1.75,-67.98,-3.92
20260609,688151.SH,华强科技,-0.12,16.4,37.42,2.34,0.0,0.0,37.42,2.34,70.8,4.42,-108.22,-6.75
20260609,000419.SZ,通程控股,-1.4,4.94,37.23,1.3,163.84,5.72,-126.61,-4.42,73.93,2.58,-111.16,-3.88
20260609,603113.SH,金能科技,-0.81,4.89,37.13,1.08,94.6,2.76,-57.47,-1.68,-216.99,-6.33,179.87,5.25
20260609,605081.SH,退市太和,10.0,0.44,36.89,6.12,35.34,5.87,1.55,0.26,-21.79,-3.62,-15.11,-2.51
20260609,300800.SZ,力合科技,-1.15,10.31,36.86,1.0,-242.61,-6.58,279.47,7.58,287.01,7.78,-323.87,-8.78
20260609,301047.SZ,义翘神州,0.5,60.15,36.69,1.31,0.0,0.0,36.69,1.31,-134.81,-4.81,98.13,3.5
20260609,300665.SZ,飞鹿股份,0.49,10.18,36.62,0.25,333.57,2.29,-296.95,-2.04,-54.01,-0.37,17.39,0.12
20260609,301386.SZ,未来电器,0.14,21.54,36.52,1.19,0.0,0.0,36.52,1.19,335.74,10.94,-372.26,-12.13
20260609,300389.SZ,艾比森,1.66,13.48,36.09,0.54,107.53,1.59,-71.45,-1.06,-315.27,-4.67,279.18,4.14
20260609,300755.SZ,华致酒行,11.35,16.87,36.03,0.1,-923.44,-2.64,959.47,2.74,716.94,2.05,-752.98,-2.15
20260609,300583.SZ,赛托生物,0.66,12.26,35.65,1.0,0.0,0.0,35.65,1.0,346.92,9.7,-382.57,-10.7
20260609,300193.SZ,佳士科技,1.33,7.63,35.53,1.12,-99.39,-3.15,134.92,4.27,-1.23,-0.04,-34.3,-1.09
20260609,688793.SH,倍轻松,0.11,17.48,35.51,1.42,0.0,0.0,35.51,1.42,-58.47,-2.34,22.96,0.92
20260609,300849.SZ,锦盛新材,-1.51,22.8,35.37,0.37,232.97,2.41,-197.6,-2.05,588.34,6.1,-623.71,-6.46
20260609,600229.SH,城市传媒,2.01,5.57,35.14,0.99,-130.29,-3.67,165.43,4.66,-208.69,-5.88,173.55,4.89
20260609,300691.SZ,联合光电,1.16,15.65,35.06,0.39,-8.59,-0.1,43.65,0.49,-137.0,-1.54,101.94,1.15
20260609,002927.SZ,泰永长征,2.49,20.15,34.3,0.15,-365.61,-1.59,399.91,1.74,-702.38,-3.06,668.08,2.91
20260609,301421.SZ,波长光电,4.35,90.82,34.18,0.08,-836.05,-1.96,870.23,2.04,-3458.06,-8.12,3423.88,8.04
20260609,301283.SZ,聚胶股份,1.57,25.9,33.84,1.3,0.0,0.0,33.84,1.3,-142.66,-5.49,108.83,4.19
20260609,601992.SH,金隅集团,-1.28,1.54,33.81,0.4,-261.69,-3.13,295.5,3.54,95.44,1.14,-129.25,-1.55
20260609,002863.SZ,今飞凯达,0.41,4.88,33.62,0.75,0.0,0.0,33.62,0.75,6.43,0.14,-40.06,-0.9
20260609,000882.SZ,华联股份,-0.69,1.43,33.37,0.32,176.22,1.68,-142.85,-1.37,-102.0,-0.98,68.63,0.66
20260609,688395.SH,正弦电气,0.39,25.48,33.36,0.8,0.95,0.02,32.41,0.78,115.35,2.76,-148.71,-3.56
20260609,002270.SZ,华明装备,0.51,19.68,33.33,0.1,-674.13,-2.12,707.46,2.22,-1387.47,-4.35,1354.14,4.25
20260609,603515.SH,欧普照明,-1.73,18.19,33.24,2.02,45.25,2.75,-12.01,-0.73,66.7,4.05,-99.95,-6.07
20260609,000818.SZ,航锦科技,1.93,13.17,33.03,0.14,920.7,4.02,-887.67,-3.88,209.78,0.92,-242.82,-1.06
20260609,688576.SH,西山科技,1.14,68.46,32.97,2.88,0.0,0.0,32.97,2.88,-48.36,-4.22,15.39,1.34
20260609,002767.SZ,先锋电子,-0.93,18.13,32.64,0.77,0.0,0.0,32.64,0.77,173.34,4.1,-205.99,-4.87
20260609,600829.SH,人民同泰,0.83,8.46,32.56,0.88,-91.85,-2.49,124.41,3.38,-349.19,-9.48,316.63,8.6
20260609,688312.SH,燕麦科技,2.15,79.88,31.69,0.09,-716.98,-2.07,748.67,2.16,-797.25,-2.3,765.57,2.21
20260609,605198.SH,安德利,6.91,61.09,31.32,0.1,-45.1,-0.14,76.43,0.24,883.14,2.82,-914.46,-2.92
20260609,603324.SH,盛剑科技,3.67,29.92,31.18,0.16,328.49,1.74,-297.31,-1.57,-1175.12,-6.21,1143.94,6.05
20260609,001216.SZ,华瓷股份,0.89,15.82,31.1,0.63,-163.86,-3.32,194.96,3.95,102.19,2.07,-133.3,-2.7
20260609,002663.SZ,普邦股份,-1.12,1.77,30.88,0.44,-90.81,-1.29,121.7,1.73,321.17,4.56,-352.06,-5.0
20260609,002836.SZ,新宏泽,-0.93,10.6,30.61,1.2,0.0,0.0,30.61,1.2,91.59,3.6,-122.21,-4.81
20260609,600925.SH,苏能股份,-1.5,4.61,30.43,0.41,418.16,5.66,-387.73,-5.25,133.33,1.81,-163.76,-2.22
20260609,603706.SH,东方环宇,-0.28,21.7,30.43,1.08,-36.45,-1.3,66.88,2.38,97.84,3.49,-128.27,-4.57
20260609,688526.SH,科前生物,0.49,12.36,30.24,2.91,0.0,0.0,30.24,2.91,-51.99,-5.0,21.75,2.09
20260609,600983.SH,惠而浦,0.36,8.44,30.18,1.99,74.89,4.95,-44.72,-2.96,-74.86,-4.95,44.69,2.95
20260609,601022.SH,宁波远洋,-1.39,7.81,30.13,0.93,-28.92,-0.9,59.04,1.83,73.43,2.28,-103.56,-3.21
20260609,002380.SZ,科远智慧,2.64,38.9,29.99,0.08,-194.28,-0.49,224.27,0.57,1074.22,2.73,-1104.21,-2.81
20260609,002968.SZ,新大正,-0.63,9.5,29.98,0.97,0.0,0.0,29.98,0.97,149.22,4.82,-179.2,-5.79
20260609,600774.SH,汉商集团,0.14,7.08,29.71,1.11,12.0,0.45,17.72,0.66,9.89,0.37,-39.6,-1.48
20260609,688265.SH,南模生物,1.34,32.48,29.64,1.9,0.0,0.0,29.64,1.9,-62.6,-4.01,32.96,2.11
20260609,001335.SZ,信凯科技,2.03,47.3,29.62,0.82,-56.02,-1.54,85.64,2.36,13.31,0.37,-42.93,-1.18
20260609,301288.SZ,清研环境,6.3,19.23,29.62,0.37,-459.13,-5.7,488.75,6.06,-227.62,-2.82,198.0,2.46
20260609,300950.SZ,德固特,1.32,17.66,29.4,0.92,-123.41,-3.86,152.81,4.78,-4.59,-0.14,-24.81,-0.78
20260609,300615.SZ,欣天科技,2.17,11.29,29.18,0.48,-168.18,-2.77,197.36,3.25,-83.86,-1.38,54.69,0.9
20260609,300501.SZ,海顺新材,-2.56,12.92,28.98,0.44,-233.82,-3.56,262.8,4.0,205.81,3.13,-234.79,-3.57
20260609,603076.SH,乐惠国际,-0.09,23.43,28.81,0.45,643.47,10.11,-614.66,-9.66,-550.44,-8.65,521.63,8.2
20260609,301320.SZ,豪江智能,0.81,14.88,28.56,0.61,111.58,2.37,-83.02,-1.77,-332.28,-7.07,303.72,6.46
20260609,300479.SZ,神思电子,1.26,14.46,28.27,0.53,0.0,0.0,28.27,0.53,369.12,6.95,-397.39,-7.48
20260609,003028.SZ,振邦智能,-1.18,25.93,28.27,0.98,0.0,0.0,28.27,0.98,115.37,4.01,-143.64,-4.99
20260609,688178.SH,万德斯,-0.08,37.38,28.15,0.37,-528.67,-6.9,556.82,7.27,-51.86,-0.68,23.7,0.31
20260609,300670.SZ,大烨智能,1.27,6.4,28.07,0.54,-44.66,-0.86,72.73,1.4,-42.52,-0.82,14.45,0.28
20260609,605169.SH,洪通燃气,-2.36,10.75,27.57,1.34,-2.88,-0.14,30.45,1.48,-102.07,-4.97,74.5,3.63
20260609,688282.SH,理工导航,0.72,70.2,27.09,0.49,83.98,1.52,-56.89,-1.03,-77.67,-1.4,50.58,0.91
20260609,603048.SH,浙江黎明,-7.62,20.13,26.84,0.18,-53.42,-0.36,80.25,0.54,658.08,4.47,-684.91,-4.65
20260609,300621.SZ,维业股份,-0.14,7.29,26.66,0.73,0.0,0.0,26.66,0.73,32.8,0.9,-59.46,-1.63
20260609,002777.SZ,久远银海,1.63,13.7,26.18,0.4,0.0,0.0,26.18,0.4,285.52,4.41,-311.7,-4.81
20260609,600960.SH,渤海汽车,0.24,4.25,25.48,0.49,-129.77,-2.51,155.25,3.01,-327.49,-6.35,302.01,5.85
20260609,300268.SZ,佳沃食品,0.0,12.0,25.4,0.8,83.35,2.62,-57.95,-1.82,-104.64,-3.29,79.24,2.49
20260609,600828.SH,茂业商业,-5.2,4.56,25.21,0.09,360.66,1.36,-335.44,-1.26,-837.38,-3.15,812.17,3.05
20260609,002295.SZ,精艺股份,1.14,9.76,25.15,0.89,0.0,0.0,25.15,0.89,260.4,9.25,-285.56,-10.15
20260609,688096.SH,京源环保,17.3,14.58,25.06,0.07,-695.93,-1.86,720.99,1.93,-2127.01,-5.69,2101.95,5.62
20260609,300158.SZ,振东制药,1.19,5.12,25.05,0.65,2.95,0.08,22.11,0.58,-20.11,-0.53,-4.95,-0.13
20260609,002097.SZ,山河智能,0.72,8.4,25.05,0.19,-45.89,-0.34,70.94,0.53,-197.93,-1.48,172.88,1.29
20260609,200869.SZ,张  裕Ｂ,0.36,8.25,24.78,17.84,0.0,0.0,24.78,17.84,-36.8,-26.49,12.02,8.65
20260609,600966.SH,博汇纸业,-2.04,5.77,24.72,0.28,-576.56,-6.42,601.28,6.69,72.56,0.81,-97.28,-1.08
20260609,001260.SZ,坤泰股份,-0.06,18.15,24.63,1.21,0.0,0.0,24.63,1.21,-41.82,-2.05,17.19,0.84
20260609,600370.SH,*ST三房,2.27,1.35,24.47,0.32,-239.32,-3.12,263.79,3.43,59.23,0.77,-83.7,-1.09
20260609,002032.SZ,苏 泊 尔,-1.4,43.03,24.32,0.3,123.82,1.51,-99.5,-1.21,93.56,1.14,-117.87,-1.43
20260609,002424.SZ,ST百灵,1.35,4.5,24.2,0.92,142.08,5.38,-117.88,-4.47,-128.71,-4.88,104.51,3.96
20260609,688557.SH,兰剑智能,0.23,30.65,24.08,0.88,99.41,3.64,-75.33,-2.76,38.72,1.42,-62.8,-2.3
20260609,300960.SZ,通业科技,-0.63,17.38,23.88,0.89,0.0,0.0,23.88,0.89,29.92,1.11,-53.8,-2.0
20260609,301091.SZ,深城交,1.33,18.29,23.4,0.18,98.53,0.74,-75.13,-0.57,566.32,4.27,-589.72,-4.45
20260609,002644.SZ,佛慈制药,-0.27,7.35,23.27,1.08,77.73,3.6,-54.46,-2.52,-216.8,-10.03,193.53,8.95
20260609,600538.SH,国发股份,-0.5,5.98,23.27,0.41,-212.09,-3.74,235.35,4.15,378.23,6.67,-401.5,-7.08
20260609,603062.SH,麦加芯彩,0.74,41.09,23.0,1.44,0.0,0.0,23.0,1.44,-34.4,-2.16,11.4,0.71
20260609,688132.SH,邦彦技术,2.54,14.54,22.68,0.59,-33.77,-0.88,56.46,1.48,164.29,4.3,-186.97,-4.89
20260609,603214.SH,爱婴室,0.36,13.81,22.59,0.74,69.24,2.27,-46.65,-1.53,6.13,0.2,-28.72,-0.94
20260609,000153.SZ,丰原药业,0.18,5.5,22.42,0.89,0.0,0.0,22.42,0.89,17.3,0.69,-39.72,-1.59
20260609,601921.SH,浙版传媒,2.62,7.45,22.39,0.3,83.39,1.11,-61.01,-0.81,431.56,5.73,-453.94,-6.03
20260609,002382.SZ,蓝帆医疗,0.34,5.91,21.9,0.22,8.37,0.08,13.53,0.14,-487.86,-4.94,465.96,4.72
20260609,300530.SZ,领湃科技,0.16,18.53,21.81,0.45,0.0,0.0,21.81,0.45,-667.78,-13.9,645.97,13.45
20260609,301395.SZ,仁信新材,0.89,11.3,21.8,0.55,13.0,0.33,8.81,0.22,-8.95,-0.22,-12.85,-0.32
20260609,600955.SH,维远股份,0.67,15.05,21.79,0.4,5.86,0.11,15.93,0.29,107.24,1.95,-129.03,-2.35
20260609,688087.SH,英科再生,2.12,38.14,21.61,0.3,50.59,0.71,-28.98,-0.4,1014.55,14.15,-1036.16,-14.45
20260609,002496.SZ,*ST辉丰,1.77,2.3,21.14,0.58,121.48,3.35,-100.33,-2.77,-77.42,-2.13,56.28,1.55
20260609,300240.SZ,飞力达,0.18,5.65,21.09,0.62,0.0,0.0,21.09,0.62,-131.79,-3.87,110.69,3.25
20260609,688089.SH,嘉必优,2.56,12.41,20.94,0.86,21.07,0.86,-0.13,-0.01,-18.31,-0.75,-2.63,-0.11
20260609,600784.SH,鲁银投资,0.42,7.18,20.92,0.47,-95.59,-2.14,116.52,2.61,-233.52,-5.23,212.6,4.76
20260609,000550.SZ,江铃汽车,-0.24,16.59,20.86,0.44,-175.06,-3.65,195.92,4.09,75.83,1.58,-96.68,-2.02
20260609,605339.SH,南侨食品,-0.6,13.16,20.53,2.11,1.58,0.16,18.95,1.95,-84.3,-8.68,63.77,6.57
20260609,301533.SZ,威马农机,0.38,26.33,20.28,0.88,0.0,0.0,20.28,0.88,-108.56,-4.72,88.28,3.84
20260609,603215.SH,比依股份,0.13,15.1,20.19,0.89,193.62,8.54,-173.43,-7.65,-104.18,-4.6,84.0,3.71
20260609,603489.SH,XD八方股,0.56,32.53,19.93,0.4,-8.15,-0.16,28.08,0.56,-160.64,-3.22,140.71,2.82
20260609,301602.SZ,超研股份,-1.4,14.83,19.79,0.63,0.0,0.0,19.79,0.63,-496.15,-15.74,476.35,15.11
20260609,300030.SZ,阳普医疗,0.61,6.57,19.4,0.5,0.0,0.0,19.4,0.5,-75.08,-1.95,55.68,1.45
20260609,300994.SZ,久祺股份,1.99,12.33,19.4,0.44,-114.83,-2.61,134.23,3.05,-159.89,-3.64,140.5,3.2
20260609,688329.SH,艾隆科技,4.19,23.86,18.41,0.38,0.0,0.0,18.41,0.38,-36.73,-0.76,18.32,0.38
20260609,301167.SZ,建研设计,-0.35,14.29,18.25,0.41,0.0,0.0,18.25,0.41,-250.1,-5.62,231.85,5.21
20260609,002586.SZ,ST围海,-1.56,3.78,18.14,1.15,0.0,0.0,18.14,1.15,-158.67,-10.02,140.53,8.88
20260609,603869.SH,ST智知,-0.32,9.23,18.06,2.61,0.0,0.0,18.06,2.61,14.1,2.04,-32.16,-4.65
20260609,605011.SH,杭州热电,-1.77,19.45,17.99,0.15,126.72,1.07,-108.73,-0.91,264.07,2.22,-282.07,-2.37
20260609,601089.SH,福元医药,0.06,16.52,17.77,0.48,7.65,0.21,10.12,0.28,-132.28,-3.61,114.51,3.12
20260609,301287.SZ,康力源,2.84,36.55,17.49,0.48,-153.07,-4.22,170.56,4.7,236.23,6.51,-253.72,-6.99
20260609,200025.SZ,特  力Ｂ,1.06,3.8,17.39,46.28,0.0,0.0,17.39,46.28,-4.94,-13.14,-12.45,-33.14
20260609,301113.SZ,雅艺科技,-0.06,17.29,17.31,0.63,0.0,0.0,17.31,0.63,-111.3,-4.05,94.0,3.42
20260609,301459.SZ,丰茂股份,0.75,33.75,17.21,0.53,0.0,0.0,17.21,0.53,-47.4,-1.47,30.19,0.94
20260609,600970.SH,中材国际,1.59,8.92,17.17,0.15,-13.8,-0.12,30.97,0.26,-89.05,-0.76,71.88,0.61
20260609,688580.SH,伟思医疗,0.81,50.07,17.1,0.36,-6.01,-0.13,23.1,0.48,251.39,5.25,-268.48,-5.61
20260609,301065.SZ,本立科技,-0.76,19.49,17.01,0.56,0.0,0.0,17.01,0.56,234.3,7.78,-251.31,-8.34
20260609,000561.SZ,烽火电子,1.02,7.92,16.61,0.23,40.77,0.56,-24.16,-0.33,-488.25,-6.67,471.64,6.44
20260609,002275.SZ,桂林三金,-1.62,12.73,16.58,0.88,-124.7,-6.6,141.28,7.47,213.83,11.31,-230.41,-12.19
20260609,301456.SZ,盘古智能,1.1,25.78,16.49,0.48,0.0,0.0,16.49,0.48,-4.99,-0.15,-11.5,-0.34
20260609,603086.SH,先达股份,0.86,5.85,16.24,0.75,-26.9,-1.24,43.14,1.99,-122.08,-5.62,105.84,4.87
20260609,688560.SH,明冠新材,2.79,13.65,16.02,0.29,-83.37,-1.5,99.39,1.79,-315.45,-5.67,299.43,5.38
20260609,603982.SH,泉峰汽车,-0.76,6.5,15.87,0.49,2.54,0.08,13.33,0.41,146.29,4.52,-162.15,-5.01
20260609,603029.SH,天鹅股份,0.57,15.99,15.61,0.56,-6.2,-0.22,21.8,0.78,-35.55,-1.27,19.94,0.71
20260609,603838.SH,*ST四通,1.18,8.6,15.25,2.89,0.0,0.0,15.25,2.89,-0.96,-0.18,-14.29,-2.71
20260609,002286.SZ,保龄宝,-0.11,8.93,15.22,0.25,0.0,0.0,15.22,0.25,243.75,3.99,-258.97,-4.24
20260609,301636.SZ,泽润新能,0.66,46.97,14.92,0.26,0.0,0.0,14.92,0.26,-403.56,-6.92,388.64,6.67
20260609,300132.SZ,青松股份,2.7,6.46,14.55,0.21,0.0,0.0,14.55,0.21,-384.57,-5.48,370.03,5.28
20260609,605180.SH,华生科技,0.68,13.37,14.47,0.55,22.36,0.85,-7.89,-0.3,97.91,3.72,-112.37,-4.27
20260609,605218.SH,伟时电子,2.53,16.59,14.39,0.17,2.68,0.03,11.71,0.14,220.77,2.58,-235.16,-2.75
20260609,603898.SH,好莱客,-0.08,12.53,14.33,0.72,-0.13,-0.01,14.46,0.72,59.27,2.96,-73.6,-3.68
20260609,200055.SZ,方大Ｂ,0.78,1.3,14.3,27.94,0.0,0.0,14.3,27.94,-3.98,-7.77,-10.32,-20.17
20260609,300135.SZ,宝利国际,-0.88,3.37,14.2,0.31,-100.8,-2.17,115.0,2.48,-264.02,-5.69,249.82,5.39
20260609,002862.SZ,实丰文化,1.04,15.48,14.12,0.29,0.0,0.0,14.12,0.29,109.73,2.27,-123.85,-2.56
20260609,002069.SZ,獐子岛,1.23,3.29,13.26,0.45,133.29,4.53,-120.03,-4.08,-230.24,-7.83,216.98,7.38
20260609,300481.SZ,濮阳惠成,5.27,13.98,13.24,0.1,0.0,0.0,13.24,0.1,-390.08,-2.9,376.84,2.8
20260609,301520.SZ,万邦医药,1.74,35.71,13.01,0.79,2.14,0.13,10.87,0.66,-29.49,-1.79,16.48,1.0
20260609,200596.SZ,古井贡Ｂ,-0.35,54.36,13.0,1.59,-33.21,-4.05,46.21,5.64,-11.44,-1.4,-1.55,-0.19
20260609,002136.SZ,安 纳 达,0.67,12.05,12.9,0.18,12.71,0.17,0.19,0.0,24.91,0.34,-37.81,-0.52
20260609,002193.SZ,ST如意,-1.52,4.55,12.87,0.64,0.0,0.0,12.87,0.64,20.98,1.04,-33.85,-1.68
20260609,600721.SH,百花医药,-3.59,7.51,12.51,0.06,166.07,0.79,-153.55,-0.73,571.23,2.71,-583.74,-2.77
20260609,301300.SZ,远翔新材,2.85,34.65,11.83,0.36,0.0,0.0,11.83,0.36,33.9,1.03,-45.73,-1.39
20260609,605577.SH,龙版传媒,-0.2,9.88,10.85,0.48,4.24,0.19,6.62,0.29,-74.7,-3.33,63.85,2.85
20260609,300841.SZ,康华生物,0.45,44.3,10.56,0.18,116.11,1.96,-105.56,-1.79,-15.34,-0.26,4.79,0.08
20260609,300947.SZ,德必集团,0.21,14.45,10.43,0.3,0.0,0.0,10.43,0.3,-9.63,-0.27,-0.81,-0.02
20260609,688222.SH,成都先导,3.87,26.6,10.31,0.04,558.71,2.29,-548.41,-2.25,-1101.78,-4.51,1091.48,4.47
20260609,300741.SZ,华宝股份,1.51,14.14,10.22,0.56,0.0,0.0,10.22,0.56,-131.86,-7.25,121.64,6.69
20260609,001282.SZ,三联锻造,-0.28,17.5,10.17,0.32,0.0,0.0,10.17,0.32,-160.01,-5.08,149.84,4.75
20260609,300429.SZ,强力新材,6.35,14.58,10.12,0.02,-68.32,-0.13,78.43,0.15,604.51,1.14,-614.62,-1.15
20260609,000529.SZ,广弘控股,-1.22,4.85,9.54,0.59,0.0,0.0,9.54,0.59,-60.72,-3.77,51.19,3.18
20260609,688520.SH,神州细胞,0.15,34.32,9.41,0.21,-34.08,-0.75,43.48,0.95,-111.5,-2.44,102.09,2.24
20260609,605089.SH,味知香,1.7,21.53,9.38,0.4,-103.29,-4.37,112.67,4.77,125.56,5.31,-134.94,-5.71
20260609,000791.SZ,甘肃能源,2.18,8.9,9.34,0.02,437.08,0.91,-427.75,-0.89,211.09,0.44,-220.42,-0.46
20260609,300436.SZ,广生堂,2.37,87.81,8.95,0.02,361.15,0.88,-352.2,-0.86,-2518.92,-6.17,2509.97,6.15
20260609,300918.SZ,南山智尚,2.42,13.12,8.85,0.07,-103.68,-0.85,112.53,0.92,716.17,5.86,-725.02,-5.93
20260609,001367.SZ,海森药业,5.39,19.96,8.84,0.18,0.0,0.0,8.84,0.18,627.55,12.93,-636.39,-13.11
20260609,000707.SZ,双环科技,0.42,4.73,8.53,0.28,0.0,0.0,8.53,0.28,-64.06,-2.07,55.53,1.79
20260609,002725.SZ,跃岭股份,-1.07,12.99,8.47,0.08,0.0,0.0,8.47,0.08,-1203.66,-10.71,1195.19,10.64
20260609,603305.SH,旭升集团,1.02,14.8,8.33,0.02,-177.7,-0.5,186.03,0.52,1351.95,3.8,-1360.28,-3.82
20260609,000607.SZ,华媒控股,0.87,3.49,8.2,0.21,0.0,0.0,8.2,0.21,-126.21,-3.26,118.02,3.04
20260609,600715.SH,文投控股,-0.56,1.79,7.94,0.31,374.46,14.72,-366.52,-14.4,-22.1,-0.87,14.16,0.56
20260609,002901.SZ,大博医疗,2.42,41.12,7.87,0.14,107.42,1.89,-99.55,-1.75,338.06,5.94,-345.92,-6.08
20260609,300149.SZ,睿智医药,0.0,7.92,7.13,0.11,-109.49,-1.7,116.62,1.81,-405.79,-6.29,398.66,6.18
20260609,900903.SH,大众Ｂ股,5.92,0.18,7.1,10.22,3.97,5.71,3.13,4.51,-4.42,-6.37,-2.68,-3.85
20260609,301276.SZ,嘉曼服饰,1.26,22.5,7.06,0.25,0.0,0.0,7.06,0.25,236.98,8.55,-244.04,-8.81
20260609,603008.SH,ST喜临门,-0.87,9.11,7.03,0.09,-79.92,-1.02,86.95,1.1,-35.39,-0.45,28.36,0.36
20260609,900915.SH,ST中路B,3.9,0.21,6.96,33.53,2.04,9.83,4.92,23.7,-1.78,-8.59,-5.18,-24.94
20260609,301011.SZ,华立科技,0.94,16.15,6.83,0.19,0.0,0.0,6.83,0.19,-76.65,-2.11,69.82,1.92
20260609,600697.SH,欧亚集团,-1.17,10.96,6.5,0.17,-100.6,-2.57,107.09,2.74,-131.88,-3.37,125.38,3.21
20260609,301130.SZ,西点药业,-0.15,26.57,5.74,0.28,0.0,0.0,5.74,0.28,3.19,0.16,-8.93,-0.44
20260609,603836.SH,海程邦达,-1.07,12.07,5.7,0.28,0.0,0.0,5.7,0.28,-26.44,-1.28,20.74,1.01
20260609,600883.SH,博闻科技,0.13,7.99,5.67,0.15,-11.52,-0.3,17.19,0.45,-280.96,-7.4,275.29,7.25
20260609,600128.SH,苏豪弘业,0.0,8.7,5.62,0.22,3.38,0.13,2.24,0.09,176.95,6.83,-182.57,-7.04
20260609,600217.SH,中再资环,-0.61,3.25,5.23,0.09,126.26,2.27,-121.03,-2.18,60.51,1.09,-65.74,-1.18
20260609,900906.SH,中毅达B,1.88,0.22,4.99,40.95,0.13,1.04,4.86,39.91,-4.45,-36.5,-0.54,-4.45
20260609,002991.SZ,甘源食品,-0.88,42.87,4.9,0.18,0.0,0.0,4.9,0.18,-388.0,-14.03,383.1,13.85
20260609,300928.SZ,华安鑫创,-2.0,30.89,4.74,0.08,0.0,0.0,4.74,0.08,175.79,3.15,-180.53,-3.24
20260609,603909.SH,建发合诚,-0.41,9.68,4.69,0.24,4.15,0.21,0.55,0.03,166.0,8.42,-170.7,-8.66
20260609,301159.SZ,三维天地,0.24,33.13,4.68,0.09,0.0,0.0,4.68,0.09,-124.28,-2.36,119.6,2.27
20260609,300649.SZ,杭州园林,2.96,27.44,4.67,0.03,-341.25,-2.13,345.92,2.16,33.01,0.21,-37.69,-0.23
20260609,001914.SZ,招商积余,-0.64,9.31,4.57,0.09,0.0,0.0,4.57,0.09,219.7,4.1,-224.27,-4.19
20260609,300371.SZ,汇中股份,1.3,10.93,4.45,0.18,0.0,0.0,4.45,0.18,42.86,1.71,-47.32,-1.89
20260609,601928.SH,凤凰传媒,0.78,9.04,4.43,0.09,-64.05,-1.34,68.49,1.43,-195.08,-4.09,190.65,3.99
20260609,688252.SH,天德钰,8.14,21.26,4.41,0.02,471.45,1.7,-467.04,-1.68,-119.25,-0.43,114.84,0.41
20260609,600626.SH,申达股份,0.29,3.45,4.32,0.11,-89.7,-2.33,94.02,2.44,123.91,3.22,-128.23,-3.33
20260609,002855.SZ,捷荣技术,1.65,11.12,4.23,0.07,0.0,0.0,4.23,0.07,-192.43,-3.19,188.2,3.12
20260609,603188.SH,亚邦股份,0.23,4.29,4.06,0.11,13.1,0.37,-9.04,-0.25,124.56,3.49,-128.62,-3.6
20260609,301080.SZ,百普赛斯,1.54,37.03,4.05,0.08,-23.49,-0.44,27.54,0.51,-308.84,-5.72,304.79,5.65
20260609,002790.SZ,瑞尔特,-0.66,6.04,3.73,0.13,-242.0,-8.26,245.73,8.38,25.62,0.87,-29.35,-1.0
20260609,688238.SH,和元生物,0.0,5.46,3.55,0.09,27.21,0.67,-23.66,-0.58,-280.76,-6.87,277.21,6.78
20260609,688479.SH,友车科技,5.34,32.34,3.47,0.04,-232.02,-2.81,235.49,2.85,-91.37,-1.11,87.9,1.07
20260609,002760.SZ,凤形股份,0.05,18.39,3.44,0.05,0.0,0.0,3.44,0.05,-323.28,-4.98,319.84,4.92
20260609,002039.SZ,黔源电力,-1.73,20.47,3.31,0.01,-779.53,-3.22,782.84,3.23,-243.89,-1.01,240.58,0.99
20260609,600880.SH,博瑞传播,1.45,4.21,3.17,0.05,-30.72,-0.51,33.88,0.56,151.67,2.51,-154.84,-2.56
20260609,301331.SZ,恩威医药,0.62,22.72,2.69,0.05,-716.96,-14.63,719.64,14.69,132.06,2.69,-134.75,-2.75
20260609,688188.SH,柏楚电子,-0.26,154.79,2.55,0.01,-622.85,-1.48,625.4,1.48,607.65,1.44,-610.2,-1.45
20260609,601518.SH,吉林高速,-0.33,3.02,2.21,0.05,193.63,4.0,-191.42,-3.96,-6.77,-0.14,4.56,0.09
20260609,603363.SH,傲农生物,0.0,2.9,1.85,0.03,-193.64,-2.64,195.48,2.66,-305.11,-4.15,303.26,4.13
20260609,900921.SH,金煤B股,1.85,0.17,1.65,17.97,0.0,0.0,1.65,17.97,-2.17,-23.58,0.52,5.62
20260609,688283.SH,坤恒顺维,-0.39,35.86,1.32,0.03,4.64,0.11,-3.32,-0.08,167.12,4.12,-168.44,-4.15
20260609,300778.SZ,新城市,-1.18,10.93,1.31,0.02,-3.38,-0.06,4.69,0.08,-2.32,-0.04,1.01,0.02
20260609,900947.SH,振华Ｂ股,1.61,0.25,1.3,4.81,4.79,17.79,-3.49,-12.97,-0.94,-3.51,-0.35,-1.31
20260609,301318.SZ,维海德,2.19,21.91,1.12,0.04,0.0,0.0,1.12,0.04,268.92,9.56,-270.04,-9.6
20260609,600668.SH,尖峰集团,-0.13,7.55,0.87,0.03,-78.54,-3.07,79.42,3.1,-145.88,-5.7,145.01,5.67
20260609,300743.SZ,天地数码,0.79,16.67,0.85,0.02,-12.47,-0.34,13.31,0.36,-143.96,-3.88,143.11,3.86
20260609,301325.SZ,曼恩斯特,3.15,42.19,0.8,0.01,95.28,0.72,-94.48,-0.71,-425.83,-3.2,425.03,3.19
20260609,900902.SH,市北B股,1.91,0.16,0.63,7.05,0.0,0.0,0.63,7.05,0.84,9.52,-1.47,-16.58
20260609,300155.SZ,安居宝,0.89,4.55,0.61,0.02,0.0,0.0,0.61,0.02,189.17,4.77,-189.78,-4.79
20260609,300426.SZ,华智数媒,1.37,5.94,0.29,0.01,-141.83,-2.77,142.12,2.78,66.83,1.31,-67.13,-1.31
20260609,900901.SH,云赛Ｂ股,0.76,0.67,0.05,0.18,0.0,0.0,0.05,0.18,-2.56,-10.35,2.51,10.16
20260609,900925.SH,机电Ｂ股,2.08,1.43,0.02,0.03,0.0,0.0,0.02,0.03,7.07,9.7,-7.09,-9.73
20260609,900957.SH,*ST凌云B,0.0,0.0,0.0,0.0,0.0,0.0,0.0,0.0,0.0,0.0,0.0,0.0
20260609,900956.SH,东贝B股,0.0,0.0,0.0,0.0,0.0,0.0,0.0,0.0,0.0,0.0,0.0,0.0
20260609,900955.SH,退市海B,0.0,0.0,0.0,0.0,0.0,0.0,0.0,0.0,0.0,0.0,0.0,0.0
20260609,900953.SH,凯马B,0.0,0.0,0.0,0.0,0.0,0.0,0.0,0.0,0.0,0.0,0.0,0.0
20260609,900952.SH,退市锦B,0.0,0.0,0.0,0.0,0.0,0.0,0.0,0.0,0.0,0.0,0.0,0.0
20260609,900951.SH,退市大化,0.0,0.0,0.0,0.0,0.0,0.0,0.0,0.0,0.0,0.0,0.0,0.0
20260609,900950.SH,新城B股,0.0,0.0,0.0,0.0,0.0,0.0,0.0,0.0,0.0,0.0,0.0,0.0
20260609,900949.SH,东电B股,0.0,0.0,0.0,0.0,0.0,0.0,0.0,0.0,0.0,0.0,0.0,0.0
20260609,900946.SH,天雁B股,0.56,0.18,0.0,0.0,0.0,0.0,0.0,0.0,-0.98,-46.62,0.98,46.62
20260609,900943.SH,开开Ｂ股,1.55,0.39,0.0,0.0,0.0,0.0,0.0,0.0,-0.98,-50.24,0.98,50.25
20260609,900942.SH,黄山Ｂ股,0.0,0.67,0.0,0.0,0.0,0.0,0.0,0.0,-1.46,-23.02,1.46,23.02
20260609,900940.SH,大名城B,-1.37,0.22,0.0,0.0,0.0,0.0,0.0,0.0,-0.21,-14.45,0.21,14.45
20260609,900939.SH,汇丽B,1.72,0.47,0.0,0.0,0.0,0.0,0.0,0.0,0.1,2.29,-0.1,-2.3
20260609,900938.SH,海科B,-0.51,0.19,0.0,0.0,0.0,0.0,0.0,0.0,-0.96,-28.71,0.96,28.71
20260609,900935.SH,阳晨B股,0.0,0.0,0.0,0.0,0.0,0.0,0.0,0.0,0.0,0.0,0.0,0.0
20260609,900934.SH,锦江Ｂ股,-0.28,1.44,0.0,0.0,0.0,0.0,0.0,0.0,23.91,51.27,-23.91,-51.27
20260609,900933.SH,华新B股,0.0,0.0,0.0,0.0,0.0,0.0,0.0,0.0,0.0,0.0,0.0,0.0
20260609,900931.SH,PT水仙B,0.0,0.0,0.0,0.0,0.0,0.0,0.0,0.0,0.0,0.0,0.0,0.0
20260609,900930.SH,*ST沪普B,0.0,0.0,0.0,0.0,0.0,0.0,0.0,0.0,0.0,0.0,0.0,0.0
20260609,900929.SH,锦旅Ｂ股,0.66,0.92,0.0,0.0,0.0,0.0,0.0,0.0,0.0,0.0,0.0,0.0
20260609,900928.SH,临港B股,1.09,0.55,0.0,0.0,0.0,0.0,0.0,0.0,1.09,23.2,-1.09,-23.2
20260609,900927.SH,物贸Ｂ股,0.0,0.32,0.0,0.0,0.0,0.0,0.0,0.0,-0.14,-20.72,0.14,20.72
20260609,900924.SH,上工Ｂ股,0.69,0.29,0.0,0.0,0.0,0.0,0.0,0.0,0.03,1.27,-0.03,-1.27
20260609,900923.SH,百联Ｂ股,-0.18,0.54,0.0,0.0,0.0,0.0,0.0,0.0,-0.54,-3.25,0.54,3.25
20260609,900922.SH,三毛B股,-0.7,0.57,0.0,0.0,0.0,0.0,0.0,0.0,0.0,0.0,0.0,0.0
20260609,900919.SH,退市庭B,0.0,0.0,0.0,0.0,0.0,0.0,0.0,0.0,0.0,0.0,0.0,0.0
20260609,900918.SH,耀皮Ｂ股,-1.22,0.32,0.0,0.0,0.0,0.0,0.0,0.0,-0.08,-1.96,0.08,1.96
20260609,900914.SH,锦在线B,0.72,0.42,0.0,0.0,0.0,0.0,0.0,0.0,2.14,34.41,-2.14,-34.41
20260609,900913.SH,国新B股,0.48,0.21,0.0,0.0,0.0,0.0,0.0,0.0,-3.03,-45.85,3.03,45.85
20260609,900912.SH,外高Ｂ股,0.76,0.66,0.0,0.0,0.0,0.0,0.0,0.0,1.86,40.26,-1.86,-40.26
20260609,900911.SH,金桥Ｂ股,1.08,0.75,0.0,0.0,0.0,0.0,0.0,0.0,2.45,25.8,-2.45,-25.8
20260609,900909.SH,华谊B股,0.63,0.48,0.0,0.0,0.0,0.0,0.0,0.0,3.07,56.34,-3.07,-56.34
20260609,900908.SH,氯碱Ｂ股,0.47,0.64,0.0,0.0,0.0,0.0,0.0,0.0,0.53,2.06,-0.53,-2.06
20260609,900907.SH,退市鹏B,0.0,0.0,0.0,0.0,0.0,0.0,0.0,0.0,0.0,0.0,0.0,0.0
20260609,900905.SH,老凤祥Ｂ,0.0,2.99,0.0,0.0,0.0,0.0,0.0,0.0,-0.7,-1.77,0.7,1.77
20260609,900904.SH,神奇B股,-1.63,0.42,0.0,0.0,0.0,0.0,0.0,0.0,0.0,0.0,0.0,0.0
20260609,688797.SH,臻宝科技,0.0,0.0,0.0,0.0,0.0,0.0,0.0,0.0,0.0,0.0,0.0,0.0
20260609,688555.SH,退市泽达,0.0,0.0,0.0,0.0,0.0,0.0,0.0,0.0,0.0,0.0,0.0,0.0
20260609,688287.SH,退市观典,0.0,0.37,0.0,0.0,0.0,0.0,0.0,0.0,0.0,0.0,0.0,0.0
20260609,688121.SH,卓然股份,0.0,6.48,0.0,0.0,0.0,0.0,0.0,0.0,0.0,0.0,0.0,0.0
20260609,688086.SH,退市紫晶,0.0,0.0,0.0,0.0,0.0,0.0,0.0,0.0,0.0,0.0,0.0,0.0
20260609,603996.SH,退市中新,0.0,0.0,0.0,0.0,0.0,0.0,0.0,0.0,0.0,0.0,0.0,0.0
20260609,603963.SH,*ST大药,0.0,0.0,0.0,0.0,0.0,0.0,0.0,0.0,0.0,0.0,0.0,0.0
20260609,603603.SH,退市博天,0.0,0.0,0.0,0.0,0.0,0.0,0.0,0.0,0.0,0.0,0.0,0.0
20260609,603555.SH,ST贵人,0.0,0.0,0.0,0.0,0.0,0.0,0.0,0.0,0.0,0.0,0.0,0.0
20260609,603388.SH,*ST元成,0.0,0.0,0.0,0.0,0.0,0.0,0.0,0.0,0.0,0.0,0.0,0.0
20260609,603157.SH,退市拉夏,0.0,0.0,0.0,0.0,0.0,0.0,0.0,0.0,0.0,0.0,0.0,0.0
20260609,603133.SH,退市碳元,0.0,0.0,0.0,0.0,0.0,0.0,0.0,0.0,0.0,0.0,0.0,0.0
20260609,603056.SH,德邦股份,0.0,0.0,0.0,0.0,0.0,0.0,0.0,0.0,0.0,0.0,0.0,0.0
20260609,603003.SH,退市龙宇,0.0,0.0,0.0,0.0,0.0,0.0,0.0,0.0,0.0,0.0,0.0,0.0
20260609,601989.SH,中国重工,0.0,0.0,0.0,0.0,0.0,0.0,0.0,0.0,0.0,0.0,0.0,0.0
20260609,601558.SH,退市锐电,0.0,0.0,0.0,0.0,0.0,0.0,0.0,0.0,0.0,0.0,0.0,0.0
20260609,601299.SH,中国北车,0.0,0.0,0.0,0.0,0.0,0.0,0.0,0.0,0.0,0.0,0.0,0.0
20260609,601268.SH,*ST二重,0.0,0.0,0.0,0.0,0.0,0.0,0.0,0.0,0.0,0.0,0.0,0.0
20260609,601258.SH,*ST庞大,0.0,0.0,0.0,0.0,0.0,0.0,0.0,0.0,0.0,0.0,0.0,0.0
20260609,601028.SH,玉龙股份,0.0,0.0,0.0,0.0,0.0,0.0,0.0,0.0,0.0,0.0,0.0,0.0
20260609,600991.SH,广汽长丰,0.0,0.0,0.0,0.0,0.0,0.0,0.0,0.0,0.0,0.0,0.0,0.0
20260609,600978.SH,*ST宜生,0.0,0.0,0.0,0.0,0.0,0.0,0.0,0.0,0.0,0.0,0.0,0.0
20260609,600899.SH,*ST信联,0.0,0.0,0.0,0.0,0.0,0.0,0.0,0.0,0.0,0.0,0.0,0.0
20260609,600898.SH,*ST美讯,0.0,0.0,0.0,0.0,0.0,0.0,0.0,0.0,0.0,0.0,0.0,0.0
20260609,600896.SH,退市海医,0.0,0.0,0.0,0.0,0.0,0.0,0.0,0.0,0.0,0.0,0.0,0.0
20260609,600891.SH,退市秋林,0.0,0.0,0.0,0.0,0.0,0.0,0.0,0.0,0.0,0.0,0.0,0.0
20260609,600890.SH,退市中房,0.0,0.0,0.0,0.0,0.0,0.0,0.0,0.0,0.0,0.0,0.0,0.0
20260609,600878.SH,*ST北科,0.0,0.0,0.0,0.0,0.0,0.0,0.0,0.0,0.0,0.0,0.0,0.0
20260609,600870.SH,退市厦华,0.0,0.0,0.0,0.0,0.0,0.0,0.0,0.0,0.0,0.0,0.0,0.0
20260609,600856.SH,退市中天,0.0,0.0,0.0,0.0,0.0,0.0,0.0,0.0,0.0,0.0,0.0,0.0
20260609,600852.SH,*ST中川,0.0,0.0,0.0,0.0,0.0,0.0,0.0,0.0,0.0,0.0,0.0,0.0
20260609,600849.SH,上药转换,0.0,0.0,0.0,0.0,0.0,0.0,0.0,0.0,0.0,0.0,0.0,0.0
20260609,600842.SH,中西药业,0.0,0.0,0.0,0.0,0.0,0.0,0.0,0.0,0.0,0.0,0.0,0.0
20260609,600840.SH,新湖创业,0.0,0.0,0.0,0.0,0.0,0.0,0.0,0.0,0.0,0.0,0.0,0.0
20260609,600837.SH,海通证券,0.0,0.0,0.0,0.0,0.0,0.0,0.0,0.0,0.0,0.0,0.0,0.0
20260609,600836.SH,*ST易连,0.0,0.0,0.0,0.0,0.0,0.0,0.0,0.0,0.0,0.0,0.0,0.0
20260609,600832.SH,东方明珠,0.0,0.0,0.0,0.0,0.0,0.0,0.0,0.0,0.0,0.0,0.0,0.0
20260609,600823.SH,*ST世茂,0.0,0.0,0.0,0.0,0.0,0.0,0.0,0.0,0.0,0.0,0.0,0.0
20260609,600813.SH,ST鞍一工,0.0,0.0,0.0,0.0,0.0,0.0,0.0,0.0,0.0,0.0,0.0,0.0
20260609,600811.SH,*ST东方,0.0,0.0,0.0,0.0,0.0,0.0,0.0,0.0,0.0,0.0,0.0,0.0
20260609,600806.SH,退市昆机,0.0,0.0,0.0,0.0,0.0,0.0,0.0,0.0,0.0,0.0,0.0,0.0
20260609,600804.SH,退市鹏博,0.0,0.0,0.0,0.0,0.0,0.0,0.0,0.0,0.0,0.0,0.0,0.0
20260609,600799.SH,*ST龙科,0.0,0.0,0.0,0.0,0.0,0.0,0.0,0.0,0.0,0.0,0.0,0.0
20260609,600788.SH,*ST达曼,0.0,0.0,0.0,0.0,0.0,0.0,0.0,0.0,0.0,0.0,0.0,0.0
20260609,600786.SH,东方锅炉,0.0,0.0,0.0,0.0,0.0,0.0,0.0,0.0,0.0,0.0,0.0,0.0
20260609,600781.SH,退市辅仁,0.0,0.0,0.0,0.0,0.0,0.0,0.0,0.0,0.0,0.0,0.0,0.0
20260609,600772.SH,S*ST龙昌,0.0,0.0,0.0,0.0,0.0,0.0,0.0,0.0,0.0,0.0,0.0,0.0
20260609,600767.SH,退市运盛,0.0,0.0,0.0,0.0,0.0,0.0,0.0,0.0,0.0,0.0,0.0,0.0
20260609,600766.SH,退市园城,0.0,0.0,0.0,0.0,0.0,0.0,0.0,0.0,0.0,0.0,0.0,0.0
20260609,600762.SH,S*ST金荔,0.0,0.0,0.0,0.0,0.0,0.0,0.0,0.0,0.0,0.0,0.0,0.0
20260609,600752.SH,*ST哈慈,0.0,0.0,0.0,0.0,0.0,0.0,0.0,0.0,0.0,0.0,0.0,0.0
20260609,600747.SH,退市大控,0.0,0.0,0.0,0.0,0.0,0.0,0.0,0.0,0.0,0.0,0.0,0.0
20260609,600723.SH,首商股份,0.0,0.0,0.0,0.0,0.0,0.0,0.0,0.0,0.0,0.0,0.0,0.0
20260609,600717.SH,天津港,0.0,0.0,0.0,0.0,0.0,0.0,0.0,0.0,0.0,0.0,0.0,0.0
20260609,600709.SH,ST生态,0.0,0.0,0.0,0.0,0.0,0.0,0.0,0.0,0.0,0.0,0.0,0.0
20260609,600705.SH,中航产融,0.0,0.0,0.0,0.0,0.0,0.0,0.0,0.0,0.0,0.0,0.0,0.0
20260609,600701.SH,退市工新,0.0,0.0,0.0,0.0,0.0,0.0,0.0,0.0,0.0,0.0,0.0,0.0
20260609,600700.SH,*ST数码,0.0,0.0,0.0,0.0,0.0,0.0,0.0,0.0,0.0,0.0,0.0,0.0
20260609,600695.SH,退市绿庭,0.0,0.0,0.0,0.0,0.0,0.0,0.0,0.0,0.0,0.0,0.0,0.0
20260609,600687.SH,退市刚泰,0.0,0.0,0.0,0.0,0.0,0.0,0.0,0.0,0.0,0.0,0.0,0.0
20260609,600680.SH,*ST上普,0.0,0.0,0.0,0.0,0.0,0.0,0.0,0.0,0.0,0.0,0.0,0.0
20260609,600677.SH,*ST航通,0.0,0.0,0.0,0.0,0.0,0.0,0.0,0.0,0.0,0.0,0.0,0.0
20260609,600672.SH,*ST华圣,0.0,0.0,0.0,0.0,0.0,0.0,0.0,0.0,0.0,0.0,0.0,0.0
20260609,600670.SH,*ST斯达,0.0,0.0,0.0,0.0,0.0,0.0,0.0,0.0,0.0,0.0,0.0,0.0
20260609,600669.SH,*ST鞍成,0.0,0.0,0.0,0.0,0.0,0.0,0.0,0.0,0.0,0.0,0.0,0.0
20260609,600659.SH,*ST花雕,0.0,0.0,0.0,0.0,0.0,0.0,0.0,0.0,0.0,0.0,0.0,0.0
20260609,600656.SH,退市博元,0.0,0.0,0.0,0.0,0.0,0.0,0.0,0.0,0.0,0.0,0.0,0.0
20260609,600652.SH,退市游久,0.0,0.0,0.0,0.0,0.0,0.0,0.0,0.0,0.0,0.0,0.0,0.0
20260609,600647.SH,退市同达,0.0,0.0,0.0,0.0,0.0,0.0,0.0,0.0,0.0,0.0,0.0,0.0
20260609,600646.SH,ST国嘉,0.0,0.0,0.0,0.0,0.0,0.0,0.0,0.0,0.0,0.0,0.0,0.0
20260609,600634.SH,退市富控,0.0,0.0,0.0,0.0,0.0,0.0,0.0,0.0,0.0,0.0,0.0,0.0
20260609,600632.SH,华联商厦,0.0,0.0,0.0,0.0,0.0,0.0,0.0,0.0,0.0,0.0,0.0,0.0
20260609,600631.SH,百联股份,0.0,0.0,0.0,0.0,0.0,0.0,0.0,0.0,0.0,0.0,0.0,0.0
20260609,600627.SH,上电股份,0.0,0.0,0.0,0.0,0.0,0.0,0.0,0.0,0.0,0.0,0.0,0.0
20260609,600625.SH,PT水仙,0.0,0.0,0.0,0.0,0.0,0.0,0.0,0.0,0.0,0.0,0.0,0.0
20260609,600614.SH,退市鹏起,0.0,0.0,0.0,0.0,0.0,0.0,0.0,0.0,0.0,0.0,0.0,0.0
20260609,600607.SH,上实医药,0.0,0.0,0.0,0.0,0.0,0.0,0.0,0.0,0.0,0.0,0.0,0.0
20260609,600591.SH,*ST上航,0.0,0.0,0.0,0.0,0.0,0.0,0.0,0.0,0.0,0.0,0.0,0.0
20260609,600565.SH,ST迪马,0.0,0.0,0.0,0.0,0.0,0.0,0.0,0.0,0.0,0.0,0.0,0.0
20260609,600555.SH,退市海创,0.0,0.0,0.0,0.0,0.0,0.0,0.0,0.0,0.0,0.0,0.0,0.0
20260609,600553.SH,太行水泥,0.0,0.0,0.0,0.0,0.0,0.0,0.0,0.0,0.0,0.0,0.0,0.0
20260609,600532.SH,退市未来,0.0,0.0,0.0,0.0,0.0,0.0,0.0,0.0,0.0,0.0,0.0,0.0
20260609,600485.SH,*ST信威,0.0,0.0,0.0,0.0,0.0,0.0,0.0,0.0,0.0,0.0,0.0,0.0
20260609,600472.SH,包头铝业,0.0,0.0,0.0,0.0,0.0,0.0,0.0,0.0,0.0,0.0,0.0,0.0
20260609,600466.SH,*ST蓝光,0.0,0.0,0.0,0.0,0.0,0.0,0.0,0.0,0.0,0.0,0.0,0.0
20260609,600462.SH,退市九有,0.0,0.0,0.0,0.0,0.0,0.0,0.0,0.0,0.0,0.0,0.0,0.0
20260609,600432.SH,退市吉恩,0.0,0.0,0.0,0.0,0.0,0.0,0.0,0.0,0.0,0.0,0.0,0.0
20260609,600401.SH,退市海润,0.0,0.0,0.0,0.0,0.0,0.0,0.0,0.0,0.0,0.0,0.0,0.0
20260609,600393.SH,ST粤泰,0.0,0.0,0.0,0.0,0.0,0.0,0.0,0.0,0.0,0.0,0.0,0.0
20260609,600387.SH,退市海越,0.0,0.0,0.0,0.0,0.0,0.0,0.0,0.0,0.0,0.0,0.0,0.0
20260609,600385.SH,退市金泰,0.0,0.0,0.0,0.0,0.0,0.0,0.0,0.0,0.0,0.0,0.0,0.0
20260609,600357.SH,承德钒钛,0.0,0.0,0.0,0.0,0.0,0.0,0.0,0.0,0.0,0.0,0.0,0.0
20260609,600355.SH,*ST精伦,0.0,0.0,0.0,0.0,0.0,0.0,0.0,0.0,0.0,0.0,0.0,0.0
20260609,600321.SH,正源股份,0.0,0.0,0.0,0.0,0.0,0.0,0.0,0.0,0.0,0.0,0.0,0.0
20260609,600317.SH,营口港,0.0,0.0,0.0,0.0,0.0,0.0,0.0,0.0,0.0,0.0,0.0,0.0
20260609,600311.SH,*ST荣华,0.0,0.0,0.0,0.0,0.0,0.0,0.0,0.0,0.0,0.0,0.0,0.0
20260609,600306.SH,退市商城,0.0,0.0,0.0,0.0,0.0,0.0,0.0,0.0,0.0,0.0,0.0,0.0
20260609,600297.SH,广汇汽车,0.0,0.0,0.0,0.0,0.0,0.0,0.0,0.0,0.0,0.0,0.0,0.0
20260609,600296.SH,S兰铝,0.0,0.0,0.0,0.0,0.0,0.0,0.0,0.0,0.0,0.0,0.0,0.0
20260609,600291.SH,退市西水,0.0,0.0,0.0,0.0,0.0,0.0,0.0,0.0,0.0,0.0,0.0,0.0
20260609,600290.SH,*ST华仪,0.0,0.0,0.0,0.0,0.0,0.0,0.0,0.0,0.0,0.0,0.0,0.0
20260609,600286.SH,S*ST国瓷,0.0,0.0,0.0,0.0,0.0,0.0,0.0,0.0,0.0,0.0,0.0,0.0
20260609,600277.SH,ST亿利,0.0,0.0,0.0,0.0,0.0,0.0,0.0,0.0,0.0,0.0,0.0,0.0
20260609,600275.SH,退市昌鱼,0.0,0.0,0.0,0.0,0.0,0.0,0.0,0.0,0.0,0.0,0.0,0.0
20260609,600270.SH,外运发展,0.0,0.0,0.0,0.0,0.0,0.0,0.0,0.0,0.0,0.0,0.0,0.0
20260609,600263.SH,路桥建设,0.0,0.0,0.0,0.0,0.0,0.0,0.0,0.0,0.0,0.0,0.0,0.0
20260609,600260.SH,*ST凯乐,0.0,0.0,0.0,0.0,0.0,0.0,0.0,0.0,0.0,0.0,0.0,0.0
20260609,600253.SH,天方药业,0.0,0.0,0.0,0.0,0.0,0.0,0.0,0.0,0.0,0.0,0.0,0.0
20260609,600247.SH,*ST成城,0.0,0.0,0.0,0.0,0.0,0.0,0.0,0.0,0.0,0.0,0.0,0.0
20260609,600242.SH,退市中昌,0.0,0.0,0.0,0.0,0.0,0.0,0.0,0.0,0.0,0.0,0.0,0.0
20260609,600240.SH,退市华业,0.0,0.0,0.0,0.0,0.0,0.0,0.0,0.0,0.0,0.0,0.0,0.0
20260609,600225.SH,退市卓朗,0.0,0.0,0.0,0.0,0.0,0.0,0.0,0.0,0.0,0.0,0.0,0.0
20260609,600220.SH,ST阳光,0.0,0.0,0.0,0.0,0.0,0.0,0.0,0.0,0.0,0.0,0.0,0.0
20260609,600213.SH,*ST亚星,0.0,0.0,0.0,0.0,0.0,0.0,0.0,0.0,0.0,0.0,0.0,0.0
20260609,600209.SH,退市罗顿,0.0,0.0,0.0,0.0,0.0,0.0,0.0,0.0,0.0,0.0,0.0,0.0
20260609,600205.SH,S山东铝,0.0,0.0,0.0,0.0,0.0,0.0,0.0,0.0,0.0,0.0,0.0,0.0
20260609,600200.SH,退市苏吴,0.0,0.0,0.0,0.0,0.0,0.0,0.0,0.0,0.0,0.0,0.0,0.0
20260609,600190.SH,退市锦港,0.0,0.0,0.0,0.0,0.0,0.0,0.0,0.0,0.0,0.0,0.0,0.0
20260609,600181.SH,S*ST云大,0.0,0.0,0.0,0.0,0.0,0.0,0.0,0.0,0.0,0.0,0.0,0.0
20260609,600175.SH,退市美都,0.0,0.0,0.0,0.0,0.0,0.0,0.0,0.0,0.0,0.0,0.0,0.0
20260609,600146.SH,退市环球,0.0,0.0,0.0,0.0,0.0,0.0,0.0,0.0,0.0,0.0,0.0,0.0
20260609,600145.SH,退市新亿,0.0,0.0,0.0,0.0,0.0,0.0,0.0,0.0,0.0,0.0,0.0,0.0
20260609,600139.SH,*ST西源,0.0,0.0,0.0,0.0,0.0,0.0,0.0,0.0,0.0,0.0,0.0,0.0
20260609,600122.SH,*ST宏图,0.0,0.0,0.0,0.0,0.0,0.0,0.0,0.0,0.0,0.0,0.0,0.0
20260609,600112.SH,*ST天成,0.0,0.0,0.0,0.0,0.0,0.0,0.0,0.0,0.0,0.0,0.0,0.0
20260609,600102.SH,莱钢股份,0.0,0.0,0.0,0.0,0.0,0.0,0.0,0.0,0.0,0.0,0.0,0.0
20260609,600093.SH,退市易见,0.0,0.0,0.0,0.0,0.0,0.0,0.0,0.0,0.0,0.0,0.0,0.0
20260609,600092.SH,S*ST精密,0.0,0.0,0.0,0.0,0.0,0.0,0.0,0.0,0.0,0.0,0.0,0.0
20260609,600091.SH,退市明科,0.0,0.0,0.0,0.0,0.0,0.0,0.0,0.0,0.0,0.0,0.0,0.0
20260609,600090.SH,退市济堂,0.0,0.0,0.0,0.0,0.0,0.0,0.0,0.0,0.0,0.0,0.0,0.0
20260609,600087.SH,退市长油,0.0,0.0,0.0,0.0,0.0,0.0,0.0,0.0,0.0,0.0,0.0,0.0
20260609,600086.SH,退市金钰,0.0,0.0,0.0,0.0,0.0,0.0,0.0,0.0,0.0,0.0,0.0,0.0
20260609,600083.SH,*ST博信,0.0,0.0,0.0,0.0,0.0,0.0,0.0,0.0,0.0,0.0,0.0,0.0
20260609,600077.SH,*ST宋都,0.0,0.0,0.0,0.0,0.0,0.0,0.0,0.0,0.0,0.0,0.0,0.0
20260609,600074.SH,退市保千,0.0,0.0,0.0,0.0,0.0,0.0,0.0,0.0,0.0,0.0,0.0,0.0
20260609,600070.SH,*ST富润,0.0,0.0,0.0,0.0,0.0,0.0,0.0,0.0,0.0,0.0,0.0,0.0
20260609,600069.SH,退市银鸽,0.0,0.0,0.0,0.0,0.0,0.0,0.0,0.0,0.0,0.0,0.0,0.0
20260609,600068.SH,葛洲坝,0.0,0.0,0.0,0.0,0.0,0.0,0.0,0.0,0.0,0.0,0.0,0.0
20260609,600065.SH,*ST联谊,0.0,0.0,0.0,0.0,0.0,0.0,0.0,0.0,0.0,0.0,0.0,0.0
20260609,600005.SH,武钢股份,0.0,0.0,0.0,0.0,0.0,0.0,0.0,0.0,0.0,0.0,0.0,0.0
20260609,600003.SH,ST东北高,0.0,0.0,0.0,0.0,0.0,0.0,0.0,0.0,0.0,0.0,0.0,0.0
20260609,600002.SH,齐鲁石化,0.0,0.0,0.0,0.0,0.0,0.0,0.0,0.0,0.0,0.0,0.0,0.0
20260609,600001.SH,邯郸钢铁,0.0,0.0,0.0,0.0,0.0,0.0,0.0,0.0,0.0,0.0,0.0,0.0
20260609,300799.SZ,左江退,0.0,0.0,0.0,0.0,0.0,0.0,0.0,0.0,0.0,0.0,0.0,0.0
20260609,300742.SZ,越博退,0.0,0.0,0.0,0.0,0.0,0.0,0.0,0.0,0.0,0.0,0.0,0.0
20260609,300630.SZ,普利退,0.0,0.0,0.0,0.0,0.0,0.0,0.0,0.0,0.0,0.0,0.0,0.0
20260609,300526.SZ,中潜退,0.0,0.0,0.0,0.0,0.0,0.0,0.0,0.0,0.0,0.0,0.0,0.0
20260609,300495.SZ,*ST美尚,0.0,0.0,0.0,0.0,0.0,0.0,0.0,0.0,0.0,0.0,0.0,0.0
20260609,300431.SZ,暴风退,0.0,0.0,0.0,0.0,0.0,0.0,0.0,0.0,0.0,0.0,0.0,0.0
20260609,300392.SZ,腾信退,0.0,0.0,0.0,0.0,0.0,0.0,0.0,0.0,0.0,0.0,0.0,0.0
20260609,300391.SZ,长药退,0.0,0.0,0.0,0.0,0.0,0.0,0.0,0.0,0.0,0.0,0.0,0.0
20260609,300379.SZ,东通退,0.0,0.0,0.0,0.0,0.0,0.0,0.0,0.0,0.0,0.0,0.0,0.0
20260609,300372.SZ,欣泰退,0.0,0.0,0.0,0.0,0.0,0.0,0.0,0.0,0.0,0.0,0.0,0.0
20260609,300367.SZ,网力退,0.0,0.0,0.0,0.0,0.0,0.0,0.0,0.0,0.0,0.0,0.0,0.0
20260609,300362.SZ,天翔退,0.0,0.0,0.0,0.0,0.0,0.0,0.0,0.0,0.0,0.0,0.0,0.0
20260609,300356.SZ,光一退,0.0,0.0,0.0,0.0,0.0,0.0,0.0,0.0,0.0,0.0,0.0,0.0
20260609,300344.SZ,立方退,0.0,0.0,0.0,0.0,0.0,0.0,0.0,0.0,0.0,0.0,0.0,0.0
20260609,300336.SZ,新文退,0.0,0.0,0.0,0.0,0.0,0.0,0.0,0.0,0.0,0.0,0.0,0.0
20260609,300330.SZ,计通退,0.0,0.0,0.0,0.0,0.0,0.0,0.0,0.0,0.0,0.0,0.0,0.0
20260609,300325.SZ,德威退,0.0,0.0,0.0,0.0,0.0,0.0,0.0,0.0,0.0,0.0,0.0,0.0
20260609,300312.SZ,邦讯退,0.0,0.0,0.0,0.0,0.0,0.0,0.0,0.0,0.0,0.0,0.0,0.0
20260609,300309.SZ,吉艾退,0.0,0.0,0.0,0.0,0.0,0.0,0.0,0.0,0.0,0.0,0.0,0.0
20260609,300297.SZ,蓝盾退,0.0,0.0,0.0,0.0,0.0,0.0,0.0,0.0,0.0,0.0,0.0,0.0
20260609,300282.SZ,三盛退,0.0,0.0,0.0,0.0,0.0,0.0,0.0,0.0,0.0,0.0,0.0,0.0
20260609,300280.SZ,紫天退,0.0,0.0,0.0,0.0,0.0,0.0,0.0,0.0,0.0,0.0,0.0,0.0
20260609,300273.SZ,和佳退,0.0,0.0,0.0,0.0,0.0,0.0,0.0,0.0,0.0,0.0,0.0,0.0
20260609,300262.SZ,*ST巴安,0.0,0.0,0.0,0.0,0.0,0.0,0.0,0.0,0.0,0.0,0.0,0.0
20260609,300216.SZ,千山退,0.0,0.0,0.0,0.0,0.0,0.0,0.0,0.0,0.0,0.0,0.0,0.0
20260609,300208.SZ,中程退,0.0,0.0,0.0,0.0,0.0,0.0,0.0,0.0,0.0,0.0,0.0,0.0
20260609,300202.SZ,聚龙退,0.0,0.0,0.0,0.0,0.0,0.0,0.0,0.0,0.0,0.0,0.0,0.0
20260609,300186.SZ,大华农,0.0,0.0,0.0,0.0,0.0,0.0,0.0,0.0,0.0,0.0,0.0,0.0
20260609,300178.SZ,腾邦退,0.0,0.0,0.0,0.0,0.0,0.0,0.0,0.0,0.0,0.0,0.0,0.0
20260609,300156.SZ,神雾退,0.0,0.0,0.0,0.0,0.0,0.0,0.0,0.0,0.0,0.0,0.0,0.0
20260609,300117.SZ,*ST嘉寓,0.0,0.0,0.0,0.0,0.0,0.0,0.0,0.0,0.0,0.0,0.0,0.0
20260609,300116.SZ,*ST保力,0.0,0.0,0.0,0.0,0.0,0.0,0.0,0.0,0.0,0.0,0.0,0.0
20260609,300108.SZ,*ST吉药,0.0,0.0,0.0,0.0,0.0,0.0,0.0,0.0,0.0,0.0,0.0,0.0
20260609,300104.SZ,乐视退,0.0,0.0,0.0,0.0,0.0,0.0,0.0,0.0,0.0,0.0,0.0,0.0
20260609,300090.SZ,盛运退,0.0,0.0,0.0,0.0,0.0,0.0,0.0,0.0,0.0,0.0,0.0,0.0
20260609,300089.SZ,文化退,0.0,0.0,0.0,0.0,0.0,0.0,0.0,0.0,0.0,0.0,0.0,0.0
20260609,300064.SZ,金刚退,0.0,0.0,0.0,0.0,0.0,0.0,0.0,0.0,0.0,0.0,0.0,0.0
20260609,300038.SZ,数知退,0.0,0.0,0.0,0.0,0.0,0.0,0.0,0.0,0.0,0.0,0.0,0.0
20260609,300029.SZ,*ST天龙,0.0,0.0,0.0,0.0,0.0,0.0,0.0,0.0,0.0,0.0,0.0,0.0
20260609,300028.SZ,金亚退,0.0,0.0,0.0,0.0,0.0,0.0,0.0,0.0,0.0,0.0,0.0,0.0
20260609,300023.SZ,宝德退,0.0,0.0,0.0,0.0,0.0,0.0,0.0,0.0,0.0,0.0,0.0,0.0
20260609,200992.SZ,中  鲁Ｂ,0.49,2.06,0.0,0.0,0.0,0.0,0.0,0.0,0.0,0.0,0.0,0.0
20260609,200986.SZ,粤华包B,0.0,0.0,0.0,0.0,0.0,0.0,0.0,0.0,0.0,0.0,0.0,0.0
20260609,200771.SZ,杭汽轮B,0.0,0.0,0.0,0.0,0.0,0.0,0.0,0.0,0.0,0.0,0.0,0.0
20260609,200770.SZ,武锅B退,0.0,0.0,0.0,0.0,0.0,0.0,0.0,0.0,0.0,0.0,0.0,0.0
20260609,200761.SZ,本钢板Ｂ,-1.1,0.9,0.0,0.0,0.0,0.0,0.0,0.0,-1.29,-3.68,1.29,3.68
20260609,200726.SZ,鲁  泰Ｂ,0.45,4.43,0.0,0.0,0.0,0.0,0.0,0.0,0.78,6.59,-0.78,-6.59
20260609,200706.SZ,瓦轴B,0.0,0.0,0.0,0.0,0.0,0.0,0.0,0.0,0.0,0.0,0.0,0.0
20260609,200613.SZ,东海B退,0.0,0.0,0.0,0.0,0.0,0.0,0.0,0.0,0.0,0.0,0.0,0.0
20260609,200553.SZ,安道麦B,0.0,2.82,0.0,0.0,0.0,0.0,0.0,0.0,-17.15,-28.59,17.15,28.59
20260609,200550.SZ,江  铃Ｂ,1.05,9.64,0.0,0.0,0.0,0.0,0.0,0.0,45.05,19.29,-45.05,-19.29
20260609,200541.SZ,粤照明Ｂ,0.0,1.9,0.0,0.0,0.0,0.0,0.0,0.0,-4.71,-24.07,4.71,24.07
20260609,200530.SZ,冰山B,2.45,1.67,0.0,0.0,0.0,0.0,0.0,0.0,20.83,22.74,-20.83,-22.74
20260609,200521.SZ,虹美菱B,-0.33,2.99,0.0,0.0,0.0,0.0,0.0,0.0,-1.85,-2.11,1.85,2.11
20260609,200513.SZ,丽珠B,0.0,0.0,0.0,0.0,0.0,0.0,0.0,0.0,0.0,0.0,0.0,0.0
20260609,200512.SZ,闽灿坤Ｂ,0.4,2.5,0.0,0.0,0.0,0.0,0.0,0.0,-20.83,-50.18,20.83,50.18
20260609,200505.SZ,京粮B,1.09,1.85,0.0,0.0,0.0,0.0,0.0,0.0,-4.56,-16.72,4.56,16.72
20260609,200468.SZ,宁通信B,1.73,3.52,0.0,0.0,0.0,0.0,0.0,0.0,4.46,19.62,-4.46,-19.62
20260609,200418.SZ,小天鹅B,0.0,0.0,0.0,0.0,0.0,0.0,0.0,0.0,0.0,0.0,0.0,0.0
20260609,200413.SZ,ST东旭B,0.0,0.0,0.0,0.0,0.0,0.0,0.0,0.0,0.0,0.0,0.0,0.0
20260609,200168.SZ,*ST舜喆B,0.0,0.0,0.0,0.0,0.0,0.0,0.0,0.0,0.0,0.0,0.0,0.0
20260609,200160.SZ,东沣B退,0.0,0.0,0.0,0.0,0.0,0.0,0.0,0.0,0.0,0.0,0.0,0.0
20260609,200152.SZ,山航B退,0.0,0.0,0.0,0.0,0.0,0.0,0.0,0.0,0.0,0.0,0.0,0.0
20260609,200058.SZ,深赛格B,0.62,1.63,0.0,0.0,0.0,0.0,0.0,0.0,-7.75,-22.99,7.75,22.99
20260609,200057.SZ,*ST大洋B,0.0,0.0,0.0,0.0,0.0,0.0,0.0,0.0,0.0,0.0,0.0,0.0
20260609,200056.SZ,*ST皇庭B,-4.76,0.6,0.0,0.0,0.0,0.0,0.0,0.0,-2.31,-53.02,2.31,53.02
20260609,200054.SZ,建车B,0.0,0.0,0.0,0.0,0.0,0.0,0.0,0.0,0.0,0.0,0.0,0.0
20260609,200053.SZ,深基地B,0.0,0.0,0.0,0.0,0.0,0.0,0.0,0.0,0.0,0.0,0.0,0.0
20260609,200045.SZ,深纺织Ｂ,-0.92,4.29,0.0,0.0,0.0,0.0,0.0,0.0,4.81,31.26,-4.81,-31.26
20260609,200041.SZ,*ST本实B,0.0,0.0,0.0,0.0,0.0,0.0,0.0,0.0,0.0,0.0,0.0,0.0
20260609,200039.SZ,中集B,0.0,0.0,0.0,0.0,0.0,0.0,0.0,0.0,0.0,0.0,0.0,0.0
20260609,200030.SZ,富奥B,2.68,3.07,0.0,0.0,0.0,0.0,0.0,0.0,15.83,31.61,-15.83,-31.61
20260609,200029.SZ,深深房Ｂ,3.48,4.16,0.0,0.0,0.0,0.0,0.0,0.0,2.32,1.57,-2.32,-1.57
20260609,200026.SZ,飞亚达Ｂ,0.4,7.56,0.0,0.0,0.0,0.0,0.0,0.0,-11.4,-19.57,11.4,19.57
20260609,200024.SZ,招商局B,0.0,0.0,0.0,0.0,0.0,0.0,0.0,0.0,0.0,0.0,0.0,0.0
20260609,200020.SZ,深华发Ｂ,0.45,2.22,0.0,0.0,0.0,0.0,0.0,0.0,-4.66,-25.31,4.66,25.31
20260609,200018.SZ,神城B退,0.0,0.0,0.0,0.0,0.0,0.0,0.0,0.0,0.0,0.0,0.0,0.0
20260609,200017.SZ,深中华B,0.0,1.39,0.0,0.0,0.0,0.0,0.0,0.0,-0.78,-5.75,0.78,5.75
20260609,200015.SZ,PT中浩B,0.0,0.0,0.0,0.0,0.0,0.0,0.0,0.0,0.0,0.0,0.0,0.0
20260609,200013.SZ,*ST石化B,0.0,0.0,0.0,0.0,0.0,0.0,0.0,0.0,0.0,0.0,0.0,0.0
20260609,200011.SZ,深物业B,0.0,2.58,0.0,0.0,0.0,0.0,0.0,0.0,0.0,0.0,0.0,0.0
20260609,200003.SZ,PT金田B,0.0,0.0,0.0,0.0,0.0,0.0,0.0,0.0,0.0,0.0,0.0,0.0
20260609,200002.SZ,万科B,0.0,0.0,0.0,0.0,0.0,0.0,0.0,0.0,0.0,0.0,0.0,0.0
20260609,002898.SZ,*ST赛隆,0.0,0.0,0.0,0.0,0.0,0.0,0.0,0.0,0.0,0.0,0.0,0.0
20260609,002808.SZ,*ST恒久,0.0,0.0,0.0,0.0,0.0,0.0,0.0,0.0,0.0,0.0,0.0,0.0
20260609,002781.SZ,奇信退,0.0,0.0,0.0,0.0,0.0,0.0,0.0,0.0,0.0,0.0,0.0,0.0
20260609,002776.SZ,*ST柏龙,0.0,0.0,0.0,0.0,0.0,0.0,0.0,0.0,0.0,0.0,0.0,0.0
20260609,002770.SZ,科迪退,0.0,0.0,0.0,0.0,0.0,0.0,0.0,0.0,0.0,0.0,0.0,0.0
20260609,002751.SZ,易尚退,0.0,0.0,0.0,0.0,0.0,0.0,0.0,0.0,0.0,0.0,0.0,0.0
20260609,002750.SZ,龙津退,0.0,0.0,0.0,0.0,0.0,0.0,0.0,0.0,0.0,0.0,0.0,0.0
20260609,002740.SZ,*ST爱迪,0.0,0.0,0.0,0.0,0.0,0.0,0.0,0.0,0.0,0.0,0.0,0.0
20260609,002731.SZ,ST萃华,0.0,0.0,0.0,0.0,0.0,0.0,0.0,0.0,0.0,0.0,0.0,0.0
20260609,002711.SZ,欧浦退,0.0,0.0,0.0,0.0,0.0,0.0,0.0,0.0,0.0,0.0,0.0,0.0
20260609,002699.SZ,*ST美盛,0.0,0.0,0.0,0.0,0.0,0.0,0.0,0.0,0.0,0.0,0.0,0.0
20260609,002684.SZ,猛狮退,0.0,0.0,0.0,0.0,0.0,0.0,0.0,0.0,0.0,0.0,0.0,0.0
20260609,002680.SZ,长生退,0.0,0.0,0.0,0.0,0.0,0.0,0.0,0.0,0.0,0.0,0.0,0.0
20260609,002665.SZ,ST航高,0.0,0.0,0.0,0.0,0.0,0.0,0.0,0.0,0.0,0.0,0.0,0.0
20260609,002621.SZ,*ST美吉,0.0,0.0,0.0,0.0,0.0,0.0,0.0,0.0,0.0,0.0,0.0,0.0
20260609,002619.SZ,*ST艾格,0.0,0.0,0.0,0.0,0.0,0.0,0.0,0.0,0.0,0.0,0.0,0.0
20260609,002618.SZ,丹邦退,0.0,0.0,0.0,0.0,0.0,0.0,0.0,0.0,0.0,0.0,0.0,0.0
20260609,002610.SZ,ST爱康,0.0,0.0,0.0,0.0,0.0,0.0,0.0,0.0,0.0,0.0,0.0,0.0
20260609,002604.SZ,龙力退,0.0,0.0,0.0,0.0,0.0,0.0,0.0,0.0,0.0,0.0,0.0,0.0
20260609,002509.SZ,天茂退,0.0,0.0,0.0,0.0,0.0,0.0,0.0,0.0,0.0,0.0,0.0,0.0
20260609,002505.SZ,鹏都农牧,0.0,0.0,0.0,0.0,0.0,0.0,0.0,0.0,0.0,0.0,0.0,0.0
20260609,002504.SZ,*ST弘高,0.0,0.0,0.0,0.0,0.0,0.0,0.0,0.0,0.0,0.0,0.0,0.0
20260609,002503.SZ,*ST搜特,0.0,0.0,0.0,0.0,0.0,0.0,0.0,0.0,0.0,0.0,0.0,0.0
20260609,002502.SZ,ST鼎龙,0.0,0.0,0.0,0.0,0.0,0.0,0.0,0.0,0.0,0.0,0.0,0.0
20260609,002499.SZ,科林退,0.0,0.0,0.0,0.0,0.0,0.0,0.0,0.0,0.0,0.0,0.0,0.0
20260609,002477.SZ,雏鹰退,0.0,0.0,0.0,0.0,0.0,0.0,0.0,0.0,0.0,0.0,0.0,0.0
20260609,002473.SZ,圣莱退,0.0,0.0,0.0,0.0,0.0,0.0,0.0,0.0,0.0,0.0,0.0,0.0
20260609,002464.SZ,众应退,0.0,0.0,0.0,0.0,0.0,0.0,0.0,0.0,0.0,0.0,0.0,0.0
20260609,002450.SZ,康得退,0.0,0.0,0.0,0.0,0.0,0.0,0.0,0.0,0.0,0.0,0.0,0.0
20260609,002447.SZ,晨鑫退,0.0,0.0,0.0,0.0,0.0,0.0,0.0,0.0,0.0,0.0,0.0,0.0
20260609,002435.SZ,ST长康,0.0,0.0,0.0,0.0,0.0,0.0,0.0,0.0,0.0,0.0,0.0,0.0
20260609,002433.SZ,太安退,0.0,0.0,0.0,0.0,0.0,0.0,0.0,0.0,0.0,0.0,0.0,0.0
20260609,002417.SZ,深南退,0.0,0.0,0.0,0.0,0.0,0.0,0.0,0.0,0.0,0.0,0.0,0.0
20260609,002411.SZ,必康退,0.0,0.0,0.0,0.0,0.0,0.0,0.0,0.0,0.0,0.0,0.0,0.0
20260609,002359.SZ,北讯退,0.0,0.0,0.0,0.0,0.0,0.0,0.0,0.0,0.0,0.0,0.0,0.0
20260609,002341.SZ,ST新纶,0.0,0.0,0.0,0.0,0.0,0.0,0.0,0.0,0.0,0.0,0.0,0.0
20260609,002336.SZ,人乐退,0.0,0.0,0.0,0.0,0.0,0.0,0.0,0.0,0.0,0.0,0.0,0.0
20260609,002325.SZ,*ST洪涛,0.0,0.0,0.0,0.0,0.0,0.0,0.0,0.0,0.0,0.0,0.0,0.0
20260609,002308.SZ,*ST威创,0.0,0.0,0.0,0.0,0.0,0.0,0.0,0.0,0.0,0.0,0.0,0.0
20260609,002288.SZ,*ST超华,0.0,0.0,0.0,0.0,0.0,0.0,0.0,0.0,0.0,0.0,0.0,0.0
20260609,002280.SZ,ST联络,0.0,0.0,0.0,0.0,0.0,0.0,0.0,0.0,0.0,0.0,0.0,0.0
20260609,002260.SZ,德奥退,0.0,0.0,0.0,0.0,0.0,0.0,0.0,0.0,0.0,0.0,0.0,0.0
20260609,002231.SZ,*ST奥维,0.0,0.0,0.0,0.0,0.0,0.0,0.0,0.0,0.0,0.0,0.0,0.0
20260609,002220.SZ,天宝退,0.0,0.0,0.0,0.0,0.0,0.0,0.0,0.0,0.0,0.0,0.0,0.0
20260609,002160.SZ,常铝股份,0.0,0.0,0.0,0.0,0.0,0.0,0.0,0.0,0.0,0.0,0.0,0.0
20260609,002147.SZ,新光退,0.0,0.0,0.0,0.0,0.0,0.0,0.0,0.0,0.0,0.0,0.0,0.0
20260609,002143.SZ,印纪退,0.0,0.0,0.0,0.0,0.0,0.0,0.0,0.0,0.0,0.0,0.0,0.0
20260609,002118.SZ,*ST紫鑫,0.0,0.0,0.0,0.0,0.0,0.0,0.0,0.0,0.0,0.0,0.0,0.0
20260609,002113.SZ,*ST天润,0.0,0.0,0.0,0.0,0.0,0.0,0.0,0.0,0.0,0.0,0.0,0.0
20260609,002089.SZ,新海退,0.0,0.0,0.0,0.0,0.0,0.0,0.0,0.0,0.0,0.0,0.0,0.0
20260609,002087.SZ,新纺退,0.0,0.0,0.0,0.0,0.0,0.0,0.0,0.0,0.0,0.0,0.0,0.0
20260609,002071.SZ,长城退,0.0,0.0,0.0,0.0,0.0,0.0,0.0,0.0,0.0,0.0,0.0,0.0
20260609,002070.SZ,众和退,0.0,0.0,0.0,0.0,0.0,0.0,0.0,0.0,0.0,0.0,0.0,0.0
20260609,002018.SZ,华信退,0.0,0.0,0.0,0.0,0.0,0.0,0.0,0.0,0.0,0.0,0.0,0.0
20260609,002013.SZ,中航机电,0.0,0.0,0.0,0.0,0.0,0.0,0.0,0.0,0.0,0.0,0.0,0.0
20260609,002002.SZ,ST鸿达,0.0,0.0,0.0,0.0,0.0,0.0,0.0,0.0,0.0,0.0,0.0,0.0
20260609,001399.SZ,惠科股份,0.0,0.0,0.0,0.0,0.0,0.0,0.0,0.0,0.0,0.0,0.0,0.0
20260609,001331.SZ,胜通能源,0.0,0.0,0.0,0.0,0.0,0.0,0.0,0.0,0.0,0.0,0.0,0.0
20260609,000996.SZ,中期退,0.0,0.0,0.0,0.0,0.0,0.0,0.0,0.0,0.0,0.0,0.0,0.0
20260609,000982.SZ,中银绒业,0.0,0.0,0.0,0.0,0.0,0.0,0.0,0.0,0.0,0.0,0.0,0.0
20260609,000979.SZ,中弘退,0.0,0.0,0.0,0.0,0.0,0.0,0.0,0.0,0.0,0.0,0.0,0.0
20260609,000976.SZ,*ST华铁,0.0,0.0,0.0,0.0,0.0,0.0,0.0,0.0,0.0,0.0,0.0,0.0
20260609,000971.SZ,*ST高升,0.0,0.0,0.0,0.0,0.0,0.0,0.0,0.0,0.0,0.0,0.0,0.0
20260609,000961.SZ,ST中南,0.0,0.0,0.0,0.0,0.0,0.0,0.0,0.0,0.0,0.0,0.0,0.0
20260609,000956.SZ,中原油气,0.0,0.0,0.0,0.0,0.0,0.0,0.0,0.0,0.0,0.0,0.0,0.0
20260609,000939.SZ,凯迪退,0.0,0.0,0.0,0.0,0.0,0.0,0.0,0.0,0.0,0.0,0.0,0.0
20260609,000918.SZ,*ST嘉凯,0.0,0.0,0.0,0.0,0.0,0.0,0.0,0.0,0.0,0.0,0.0,0.0
20260609,000916.SZ,华北高速,0.0,0.0,0.0,0.0,0.0,0.0,0.0,0.0,0.0,0.0,0.0,0.0
20260609,000866.SZ,扬子石化,0.0,0.0,0.0,0.0,0.0,0.0,0.0,0.0,0.0,0.0,0.0,0.0
20260609,000861.SZ,海印股份,0.0,0.0,0.0,0.0,0.0,0.0,0.0,0.0,0.0,0.0,0.0,0.0
20260609,000851.SZ,*ST高鸿,0.0,0.0,0.0,0.0,0.0,0.0,0.0,0.0,0.0,0.0,0.0,0.0
20260609,000836.SZ,ST富通,0.0,0.0,0.0,0.0,0.0,0.0,0.0,0.0,0.0,0.0,0.0,0.0
20260609,000835.SZ,长动退,0.0,0.0,0.0,0.0,0.0,0.0,0.0,0.0,0.0,0.0,0.0,0.0
20260609,000832.SZ,*ST龙涤,0.0,0.0,0.0,0.0,0.0,0.0,0.0,0.0,0.0,0.0,0.0,0.0
20260609,000827.SZ,*ST长兴,0.0,0.0,0.0,0.0,0.0,0.0,0.0,0.0,0.0,0.0,0.0,0.0
20260609,000817.SZ,辽河油田,0.0,0.0,0.0,0.0,0.0,0.0,0.0,0.0,0.0,0.0,0.0,0.0
20260609,000806.SZ,银河退,0.0,0.0,0.0,0.0,0.0,0.0,0.0,0.0,0.0,0.0,0.0,0.0
20260609,000805.SZ,*ST炎黄,0.0,0.0,0.0,0.0,0.0,0.0,0.0,0.0,0.0,0.0,0.0,0.0
20260609,000787.SZ,*ST创智,0.0,0.0,0.0,0.0,0.0,0.0,0.0,0.0,0.0,0.0,0.0,0.0
20260609,000780.SZ,ST平能,0.0,0.0,0.0,0.0,0.0,0.0,0.0,0.0,0.0,0.0,0.0,0.0
20260609,000769.SZ,*ST大菲,0.0,0.0,0.0,0.0,0.0,0.0,0.0,0.0,0.0,0.0,0.0,0.0
20260609,000765.SZ,*ST华信,0.0,0.0,0.0,0.0,0.0,0.0,0.0,0.0,0.0,0.0,0.0,0.0
20260609,000763.SZ,锦州石化,0.0,0.0,0.0,0.0,0.0,0.0,0.0,0.0,0.0,0.0,0.0,0.0
20260609,000760.SZ,斯太退,0.0,0.0,0.0,0.0,0.0,0.0,0.0,0.0,0.0,0.0,0.0,0.0
20260609,000748.SZ,长城信息,0.0,0.0,0.0,0.0,0.0,0.0,0.0,0.0,0.0,0.0,0.0,0.0
20260609,000732.SZ,ST泰禾,0.0,0.0,0.0,0.0,0.0,0.0,0.0,0.0,0.0,0.0,0.0,0.0
20260609,000730.SZ,*ST环保,0.0,0.0,0.0,0.0,0.0,0.0,0.0,0.0,0.0,0.0,0.0,0.0
20260609,000699.SZ,S*ST佳纸,0.0,0.0,0.0,0.0,0.0,0.0,0.0,0.0,0.0,0.0,0.0,0.0
20260609,000693.SZ,华泽退,0.0,0.0,0.0,0.0,0.0,0.0,0.0,0.0,0.0,0.0,0.0,0.0
20260609,000689.SZ,ST宏业,0.0,0.0,0.0,0.0,0.0,0.0,0.0,0.0,0.0,0.0,0.0,0.0
20260609,000687.SZ,华讯退,0.0,0.0,0.0,0.0,0.0,0.0,0.0,0.0,0.0,0.0,0.0,0.0
20260609,000675.SZ,ST银山,0.0,0.0,0.0,0.0,0.0,0.0,0.0,0.0,0.0,0.0,0.0,0.0
20260609,000673.SZ,当代退,0.0,0.0,0.0,0.0,0.0,0.0,0.0,0.0,0.0,0.0,0.0,0.0
20260609,000671.SZ,ST阳光城,0.0,0.0,0.0,0.0,0.0,0.0,0.0,0.0,0.0,0.0,0.0,0.0
20260609,000667.SZ,ST美置,0.0,0.0,0.0,0.0,0.0,0.0,0.0,0.0,0.0,0.0,0.0,0.0
20260609,000666.SZ,经纬纺机,0.0,0.0,0.0,0.0,0.0,0.0,0.0,0.0,0.0,0.0,0.0,0.0
20260609,000662.SZ,天夏退,0.0,0.0,0.0,0.0,0.0,0.0,0.0,0.0,0.0,0.0,0.0,0.0
20260609,000660.SZ,*ST南华,0.0,0.0,0.0,0.0,0.0,0.0,0.0,0.0,0.0,0.0,0.0,0.0
20260609,000658.SZ,ST海洋,0.0,0.0,0.0,0.0,0.0,0.0,0.0,0.0,0.0,0.0,0.0,0.0
20260609,000653.SZ,ST九州,0.0,0.0,0.0,0.0,0.0,0.0,0.0,0.0,0.0,0.0,0.0,0.0
20260609,000638.SZ,*ST万方,0.0,0.0,0.0,0.0,0.0,0.0,0.0,0.0,0.0,0.0,0.0,0.0
20260609,000627.SZ,*ST天茂,0.0,0.0,0.0,0.0,0.0,0.0,0.0,0.0,0.0,0.0,0.0,0.0
20260609,000622.SZ,恒立退,0.0,0.0,0.0,0.0,0.0,0.0,0.0,0.0,0.0,0.0,0.0,0.0
20260609,000621.SZ,*ST比特,0.0,0.0,0.0,0.0,0.0,0.0,0.0,0.0,0.0,0.0,0.0,0.0
20260609,000618.SZ,吉林化工,0.0,0.0,0.0,0.0,0.0,0.0,0.0,0.0,0.0,0.0,0.0,0.0
20260609,000616.SZ,*ST海投,0.0,0.0,0.0,0.0,0.0,0.0,0.0,0.0,0.0,0.0,0.0,0.0
20260609,000613.SZ,东海A退,0.0,0.0,0.0,0.0,0.0,0.0,0.0,0.0,0.0,0.0,0.0,0.0
20260609,000611.SZ,天首退,0.0,0.0,0.0,0.0,0.0,0.0,0.0,0.0,0.0,0.0,0.0,0.0
20260609,000606.SZ,顺利退,0.0,0.0,0.0,0.0,0.0,0.0,0.0,0.0,0.0,0.0,0.0,0.0
20260609,000602.SZ,金马集团,0.0,0.0,0.0,0.0,0.0,0.0,0.0,0.0,0.0,0.0,0.0,0.0
20260609,000594.SZ,国恒退,0.0,0.0,0.0,0.0,0.0,0.0,0.0,0.0,0.0,0.0,0.0,0.0
20260609,000588.SZ,PT粤金曼,0.0,0.0,0.0,0.0,0.0,0.0,0.0,0.0,0.0,0.0,0.0,0.0
20260609,000587.SZ,*ST金洲,0.0,0.0,0.0,0.0,0.0,0.0,0.0,0.0,0.0,0.0,0.0,0.0
20260609,000585.SZ,东电退,0.0,0.0,0.0,0.0,0.0,0.0,0.0,0.0,0.0,0.0,0.0,0.0
20260609,000584.SZ,工智退,0.0,0.0,0.0,0.0,0.0,0.0,0.0,0.0,0.0,0.0,0.0,0.0
20260609,000583.SZ,S*ST托普,0.0,0.0,0.0,0.0,0.0,0.0,0.0,0.0,0.0,0.0,0.0,0.0
20260609,000578.SZ,盐湖集团,0.0,0.0,0.0,0.0,0.0,0.0,0.0,0.0,0.0,0.0,0.0,0.0
20260609,000569.SZ,长城股份,0.0,0.0,0.0,0.0,0.0,0.0,0.0,0.0,0.0,0.0,0.0,0.0
20260609,000562.SZ,宏源证券,0.0,0.0,0.0,0.0,0.0,0.0,0.0,0.0,0.0,0.0,0.0,0.0
20260609,000556.SZ,PT南洋,0.0,0.0,0.0,0.0,0.0,0.0,0.0,0.0,0.0,0.0,0.0,0.0
20260609,000549.SZ,S湘火炬,0.0,0.0,0.0,0.0,0.0,0.0,0.0,0.0,0.0,0.0,0.0,0.0
20260609,000542.SZ,TCL通讯,0.0,0.0,0.0,0.0,0.0,0.0,0.0,0.0,0.0,0.0,0.0,0.0
20260609,000540.SZ,*ST中天,0.0,0.0,0.0,0.0,0.0,0.0,0.0,0.0,0.0,0.0,0.0,0.0
20260609,000535.SZ,*ST猴王,0.0,0.0,0.0,0.0,0.0,0.0,0.0,0.0,0.0,0.0,0.0,0.0
20260609,000527.SZ,美的电器,0.0,0.0,0.0,0.0,0.0,0.0,0.0,0.0,0.0,0.0,0.0,0.0
20260609,000522.SZ,白云山A,0.0,0.0,0.0,0.0,0.0,0.0,0.0,0.0,0.0,0.0,0.0,0.0
20260609,000515.SZ,攀渝钛业,0.0,0.0,0.0,0.0,0.0,0.0,0.0,0.0,0.0,0.0,0.0,0.0
20260609,000511.SZ,烯碳退,0.0,0.0,0.0,0.0,0.0,0.0,0.0,0.0,0.0,0.0,0.0,0.0
20260609,000508.SZ,琼民源A,0.0,0.0,0.0,0.0,0.0,0.0,0.0,0.0,0.0,0.0,0.0,0.0
20260609,000502.SZ,绿景退,0.0,0.0,0.0,0.0,0.0,0.0,0.0,0.0,0.0,0.0,0.0,0.0
20260609,000418.SZ,小天鹅A,0.0,0.0,0.0,0.0,0.0,0.0,0.0,0.0,0.0,0.0,0.0,0.0
20260609,000416.SZ,*ST民控,0.0,0.0,0.0,0.0,0.0,0.0,0.0,0.0,0.0,0.0,0.0,0.0
20260609,000413.SZ,ST旭电,0.0,0.0,0.0,0.0,0.0,0.0,0.0,0.0,0.0,0.0,0.0,0.0
20260609,000412.SZ,ST五环,0.0,0.0,0.0,0.0,0.0,0.0,0.0,0.0,0.0,0.0,0.0,0.0
20260609,000406.SZ,石油大明,0.0,0.0,0.0,0.0,0.0,0.0,0.0,0.0,0.0,0.0,0.0,0.0
20260609,000405.SZ,ST鑫光,0.0,0.0,0.0,0.0,0.0,0.0,0.0,0.0,0.0,0.0,0.0,0.0
20260609,000150.SZ,*ST宜康,0.0,0.0,0.0,0.0,0.0,0.0,0.0,0.0,0.0,0.0,0.0,0.0
20260609,000047.SZ,ST中侨,0.0,0.0,0.0,0.0,0.0,0.0,0.0,0.0,0.0,0.0,0.0,0.0
20260609,000046.SZ,*ST泛海,0.0,0.0,0.0,0.0,0.0,0.0,0.0,0.0,0.0,0.0,0.0,0.0
20260609,000040.SZ,*ST旭蓝,0.0,0.0,0.0,0.0,0.0,0.0,0.0,0.0,0.0,0.0,0.0,0.0
20260609,000038.SZ,大通退,0.0,0.0,0.0,0.0,0.0,0.0,0.0,0.0,0.0,0.0,0.0,0.0
20260609,000033.SZ,新都退,0.0,0.0,0.0,0.0,0.0,0.0,0.0,0.0,0.0,0.0,0.0,0.0
20260609,000024.SZ,招商地产,0.0,0.0,0.0,0.0,0.0,0.0,0.0,0.0,0.0,0.0,0.0,0.0
20260609,000023.SZ,*ST深天,0.0,0.0,0.0,0.0,0.0,0.0,0.0,0.0,0.0,0.0,0.0,0.0
20260609,000018.SZ,神城A退,0.0,0.0,0.0,0.0,0.0,0.0,0.0,0.0,0.0,0.0,0.0,0.0
20260609,000015.SZ,PT中浩A,0.0,0.0,0.0,0.0,0.0,0.0,0.0,0.0,0.0,0.0,0.0,0.0
20260609,000013.SZ,*ST石化A,0.0,0.0,0.0,0.0,0.0,0.0,0.0,0.0,0.0,0.0,0.0,0.0
20260609,000005.SZ,ST星源,0.0,0.0,0.0,0.0,0.0,0.0,0.0,0.0,0.0,0.0,0.0,0.0
20260609,000004.SZ,*ST国华,0.0,0.0,0.0,0.0,0.0,0.0,0.0,0.0,0.0,0.0,0.0,0.0
20260609,000003.SZ,PT金田A,0.0,0.0,0.0,0.0,0.0,0.0,0.0,0.0,0.0,0.0,0.0,0.0
20260609,900926.SH,宝信Ｂ,0.66,0.91,-0.01,-0.01,0.0,0.0,-0.01,-0.01,-1.26,-2.0,1.27,2.01
20260609,002889.SZ,东方嘉盛,1.59,11.5,-0.02,0.0,0.0,0.0,-0.02,0.0,224.17,7.49,-224.14,-7.49
20260609,002321.SZ,华英农业,-1.62,1.82,-0.14,0.0,102.26,2.23,-102.4,-2.24,52.77,1.15,-52.63,-1.15
20260609,900910.SH,海立Ｂ股,1.52,0.6,-0.18,-0.56,0.0,0.0,-0.18,-0.56,-1.16,-3.69,1.34,4.25
20260609,301585.SZ,蓝宇股份,1.96,25.48,-0.64,-0.02,0.0,0.0,-0.64,-0.02,-4.62,-0.15,5.26,0.17
20260609,688292.SH,XD浩瀚深,0.05,21.1,-0.74,-0.01,56.9,0.89,-57.64,-0.9,488.88,7.67,-488.14,-7.66
20260609,300603.SZ,立昂技术,2.82,8.75,-0.78,-0.01,-118.54,-0.98,117.76,0.97,-174.8,-1.44,175.58,1.44
20260609,200028.SZ,一致Ｂ,0.82,13.59,-0.81,-0.6,0.0,0.0,-0.81,-0.6,16.36,12.12,-15.54,-11.52
20260609,600231.SH,凌钢股份,0.0,1.9,-0.89,-0.05,-132.35,-7.02,131.46,6.97,-233.09,-12.36,233.98,12.4
20260609,301557.SZ,常友科技,-0.15,79.28,-0.96,-0.02,-119.74,-2.3,118.78,2.28,529.35,10.18,-528.39,-10.16
20260609,900932.SH,陆家Ｂ股,0.0,0.38,-0.96,-3.01,0.0,0.0,-0.96,-3.01,0.92,2.89,0.04,0.13
20260609,002879.SZ,长缆科技,1.15,14.91,-1.22,-0.02,267.88,4.95,-269.1,-4.97,110.36,2.04,-109.13,-2.02
20260609,688575.SH,亚辉龙,-0.42,9.5,-1.28,-0.02,62.6,0.82,-63.88,-0.84,87.55,1.15,-86.27,-1.13
20260609,900945.SH,海控B股,-1.77,0.22,-1.32,-24.84,0.0,0.0,-1.32,-24.84,-1.7,-32.01,3.01,56.85
20260609,900936.SH,鄂资Ｂ股,-0.38,1.31,-1.34,-1.33,0.0,0.0,-1.34,-1.33,6.26,6.2,-4.92,-4.87
20260609,900917.SH,海欣Ｂ股,0.41,0.25,-1.57,-25.99,0.0,0.0,-1.57,-25.99,0.47,7.73,1.11,18.25
20260609,600684.SH,珠江股份,-2.6,3.37,-1.58,-0.03,-137.71,-2.2,136.13,2.18,-473.09,-7.57,474.68,7.59
20260609,000779.SZ,甘咨询,0.4,7.55,-2.04,-0.05,0.0,0.0,-2.04,-0.05,517.59,12.08,-515.55,-12.04
20260609,600831.SH,广电网络,-0.58,3.45,-2.39,-0.06,-6.12,-0.14,3.73,0.09,-188.89,-4.38,191.28,4.43
20260609,900941.SH,东信Ｂ股,-0.4,0.5,-2.59,-3.3,0.0,0.0,-2.59,-3.3,-7.74,-9.85,10.33,13.14
20260609,603499.SH,翔港科技,2.2,17.2,-2.62,-0.05,-117.98,-2.36,115.36,2.3,-333.96,-6.67,336.58,6.72
20260609,603900.SH,莱绅通灵,0.0,6.34,-2.73,-0.1,-13.38,-0.49,10.65,0.39,-41.21,-1.52,43.93,1.62
20260609,301449.SZ,天溯计量,-1.99,41.39,-2.83,-0.12,0.0,0.0,-2.83,-0.12,-63.66,-2.66,66.5,2.78
20260609,900937.SH,华电B股,4.94,0.26,-3.07,-1.74,-17.88,-10.12,14.81,8.38,13.01,7.36,-9.94,-5.63
20260609,603408.SH,建霖家居,0.81,9.97,-3.2,-0.24,-1.19,-0.09,-2.0,-0.15,-33.77,-2.49,36.97,2.72
20260609,000558.SZ,天府文旅,0.28,3.54,-3.23,-0.04,-61.69,-0.71,58.46,0.67,-869.42,-9.97,872.64,10.01
20260609,301598.SZ,博科测试,1.19,53.43,-3.31,-0.12,0.0,0.0,-3.31,-0.12,-35.87,-1.28,39.18,1.4
20260609,002572.SZ,索菲亚,-1.63,8.43,-3.35,-0.04,-12.1,-0.14,8.75,0.1,315.78,3.62,-312.43,-3.58
20260609,300791.SZ,仙乐健康,0.86,16.33,-3.63,-0.15,0.0,0.0,-3.63,-0.15,-92.68,-3.75,96.31,3.9
20260609,603280.SH,南方路机,0.46,28.43,-3.76,-0.09,-0.28,-0.01,-3.48,-0.09,-414.57,-10.38,418.34,10.47
20260609,603022.SH,新通联,0.0,9.54,-3.98,-0.12,3.85,0.12,-7.84,-0.24,12.74,0.4,-8.76,-0.27
20260609,301105.SZ,鸿铭股份,0.95,50.78,-4.07,-0.18,104.93,4.73,-109.01,-4.92,144.22,6.5,-140.15,-6.32
20260609,900916.SH,凤凰B股,-2.1,0.42,-4.22,-10.66,0.0,0.0,-4.22,-10.66,-2.42,-6.11,6.64,16.78
20260609,600742.SH,富维股份,0.9,7.81,-4.44,-0.14,36.4,1.18,-40.84,-1.32,-46.84,-1.51,51.28,1.66
20260609,600373.SH,中文传媒,2.89,7.82,-4.45,-0.03,846.63,6.23,-851.09,-6.26,1381.63,10.16,-1377.18,-10.13
20260609,200488.SZ,ST晨鸣B,1.82,0.56,-4.61,-19.11,0.0,0.0,-4.61,-19.11,1.37,5.68,3.24,13.43
20260609,600858.SH,银座股份,-0.61,4.89,-4.92,-0.13,-39.99,-1.08,35.07,0.95,-110.89,-2.99,115.81,3.13
20260609,300298.SZ,三诺生物,-1.49,14.5,-5.1,-0.09,-12.59,-0.23,7.49,0.14,374.58,6.92,-369.48,-6.83
20260609,002849.SZ,威星智能,-0.43,16.18,-5.13,-0.06,25.86,0.29,-30.99,-0.35,341.44,3.87,-336.31,-3.81
20260609,300824.SZ,北鼎股份,0.49,8.23,-5.16,-0.2,0.0,0.0,-5.16,-0.2,70.59,2.8,-65.44,-2.59
20260609,002524.SZ,光正眼科,0.27,3.67,-5.27,-0.13,0.0,0.0,-5.27,-0.13,-120.21,-2.87,125.48,2.99
20260609,605001.SH,威奥股份,0.16,6.17,-5.31,-0.23,0.0,0.0,-5.31,-0.23,118.85,5.16,-113.55,-4.93
20260609,605122.SH,四方新材,-1.04,12.42,-5.44,-0.14,-14.42,-0.37,8.98,0.23,352.52,9.15,-347.08,-9.01
20260609,002748.SZ,世龙实业,2.15,10.94,-5.48,-0.05,209.32,2.06,-214.79,-2.11,1053.38,10.36,-1047.9,-10.3
20260609,600272.SH,开开实业,2.18,11.25,-5.56,-0.17,-20.7,-0.63,15.14,0.46,225.98,6.84,-220.42,-6.68
20260609,688613.SH,奥精医疗,1.48,15.78,-5.6,-0.28,1.63,0.08,-7.22,-0.36,-70.81,-3.56,76.41,3.84
20260609,900920.SH,动力Ｂ股,0.32,0.32,-5.6,-43.89,-0.91,-7.11,-4.69,-36.78,4.05,31.7,1.56,12.19
20260609,301372.SZ,科净源,1.87,34.38,-6.18,-0.13,-22.55,-0.49,16.38,0.35,117.27,2.54,-111.09,-2.4
20260609,002494.SZ,华斯股份,-0.39,5.1,-6.42,-0.1,0.0,0.0,-6.42,-0.1,-286.21,-4.54,292.63,4.64
20260609,002882.SZ,金龙羽,1.77,20.65,-6.55,-0.09,102.0,1.38,-108.55,-1.47,-454.46,-6.17,461.0,6.26
20260609,300698.SZ,万马科技,1.49,33.41,-6.68,-0.1,-25.02,-0.38,18.33,0.28,-561.43,-8.48,568.12,8.58
20260609,603168.SH,莎普爱思,0.18,5.46,-6.85,-0.22,11.31,0.36,-18.16,-0.58,53.79,1.73,-46.94,-1.51
20260609,300564.SZ,筑博设计,0.0,12.85,-7.07,-0.12,0.0,0.0,-7.07,-0.12,-7.38,-0.13,14.45,0.25
20260609,600528.SH,中铁工业,0.14,7.08,-7.35,-0.14,-235.14,-4.61,227.79,4.46,-91.5,-1.79,98.85,1.94
20260609,301112.SZ,信邦智能,-1.19,31.55,-7.36,-0.14,-18.75,-0.36,11.39,0.22,-190.01,-3.64,197.37,3.78
20260609,000011.SZ,深物业A,-0.42,7.14,-7.84,-0.31,0.0,0.0,-7.84,-0.31,12.82,0.51,-4.97,-0.2
20260609,605179.SH,一鸣食品,-0.57,14.03,-7.98,-0.25,115.3,3.66,-123.28,-3.91,-296.18,-9.4,304.16,9.66
20260609,300716.SZ,*ST泉为,7.24,18.36,-8.09,-0.06,180.41,1.23,-188.5,-1.29,276.27,1.89,-268.18,-1.83
20260609,600807.SH,济高发展,-0.38,2.64,-8.15,-0.2,-431.79,-10.76,423.64,10.55,267.15,6.66,-259.0,-6.45
20260609,000717.SZ,中南股份,-0.47,2.12,-8.22,-0.28,-170.15,-5.76,161.93,5.48,-95.28,-3.22,103.5,3.5
20260609,603235.SH,天新药业,-0.39,23.03,-8.82,-1.31,0.0,0.0,-8.82,-1.31,59.37,8.8,-50.55,-7.49
20260609,001395.SZ,亚联机械,0.56,36.09,-9.13,-0.46,0.0,0.0,-9.13,-0.46,148.5,7.42,-139.37,-6.96
20260609,200019.SZ,深粮B,0.0,3.29,-9.2,-10.68,0.0,0.0,-9.2,-10.68,27.5,31.92,-18.3,-21.24
20260609,603337.SH,杰克科技,-0.78,40.59,-9.36,-0.05,-298.3,-1.71,288.94,1.65,25.39,0.15,-16.03,-0.09
20260609,001380.SZ,华纬科技,0.41,16.94,-9.41,-0.47,0.0,0.0,-9.41,-0.47,-18.85,-0.95,28.26,1.42
20260609,600756.SH,浪潮软件,1.2,13.54,-9.61,-0.13,-17.11,-0.23,7.5,0.1,-314.93,-4.29,324.54,4.42
20260609,000929.SZ,*ST兰黄,1.06,9.54,-9.89,-0.82,0.0,0.0,-9.89,-0.82,-27.01,-2.24,36.9,3.06
20260609,300899.SZ,上海凯鑫,-0.32,30.73,-9.98,-0.59,0.0,0.0,-9.98,-0.59,13.71,0.81,-3.73,-0.22
20260609,002793.SZ,罗欣药业,1.47,4.15,-10.3,-0.21,142.69,2.93,-153.0,-3.14,-339.08,-6.96,349.39,7.18
20260609,300205.SZ,*ST天喻,0.17,5.88,-10.31,-1.17,8.45,0.96,-18.76,-2.14,-124.64,-14.19,134.95,15.37
20260609,301429.SZ,森泰股份,-0.05,18.7,-10.46,-0.47,0.0,0.0,-10.46,-0.47,61.83,2.8,-51.37,-2.32
20260609,002344.SZ,海宁皮城,-0.52,3.79,-10.47,-0.28,237.6,6.37,-248.07,-6.65,71.58,1.92,-61.11,-1.64
20260609,688513.SH,苑东生物,-0.2,45.55,-10.57,-0.17,176.26,2.9,-186.83,-3.07,84.41,1.39,-73.83,-1.21
20260609,300261.SZ,雅本化学,0.84,4.81,-10.63,-0.3,0.0,0.0,-10.63,-0.3,-244.02,-6.95,254.66,7.25
20260609,300662.SZ,科锐国际,-0.55,19.8,-10.89,-0.21,0.0,0.0,-10.89,-0.21,-20.4,-0.39,31.29,0.61
20260609,000710.SZ,贝瑞基因,0.98,8.27,-11.16,-0.25,0.0,0.0,-11.16,-0.25,-408.2,-9.22,419.36,9.47
20260609,603202.SH,天有为,1.23,64.85,-11.2,-0.11,179.91,1.72,-191.11,-1.83,652.89,6.25,-641.69,-6.14
20260609,688529.SH,豪森智能,0.23,17.78,-11.37,-0.27,-385.76,-9.32,374.38,9.04,432.61,10.45,-421.23,-10.17
20260609,001872.SZ,招商港口,-0.19,21.14,-11.48,-0.4,0.0,0.0,-11.48,-0.4,-219.87,-7.64,231.35,8.04
20260609,002749.SZ,国光股份,-1.26,8.59,-11.53,-0.68,0.0,0.0,-11.53,-0.68,-244.67,-14.52,256.2,15.2
20260609,002337.SZ,赛象科技,1.19,5.12,-11.53,-0.32,0.0,0.0,-11.53,-0.32,21.69,0.6,-10.16,-0.28
20260609,000402.SZ,金 融 街,-2.79,2.79,-11.6,-0.07,858.85,5.29,-870.44,-5.37,-260.91,-1.61,272.5,1.68
20260609,300288.SZ,朗玛信息,1.33,9.91,-11.71,-0.27,103.13,2.35,-114.84,-2.62,-38.0,-0.87,49.71,1.13
20260609,301292.SZ,海科新源,2.88,64.4,-11.92,-0.03,1202.56,2.6,-1214.48,-2.62,-1397.3,-3.02,1409.22,3.04
20260609,605287.SH,德才股份,-4.53,41.94,-11.99,-0.06,-975.99,-4.49,964.0,4.44,196.73,0.91,-184.74,-0.85
20260609,200016.SZ,*ST康佳B,0.0,0.74,-12.14,-41.52,0.0,0.0,-12.14,-41.52,3.14,10.74,9.0,30.78
20260609,000599.SZ,青岛双星,-0.8,4.94,-12.69,-0.14,-480.78,-5.23,468.09,5.09,-484.2,-5.27,496.89,5.4
20260609,300597.SZ,吉大通信,1.23,8.22,-12.76,-0.28,0.0,0.0,-12.76,-0.28,-218.42,-4.83,231.19,5.12
20260609,301479.SZ,弘景光电,0.31,64.0,-13.0,-0.08,-181.23,-1.09,168.23,1.02,420.63,2.54,-407.64,-2.46
20260609,301220.SZ,亚香股份,0.34,35.45,-13.66,-0.41,-105.75,-3.19,92.09,2.78,142.55,4.3,-128.89,-3.89
20260609,603126.SH,中材节能,0.4,7.48,-13.72,-0.23,-319.74,-5.41,306.02,5.18,33.19,0.56,-19.47,-0.33
20260609,601366.SH,利群股份,-1.6,3.68,-14.09,-0.37,-150.69,-3.94,136.6,3.57,-345.52,-9.03,359.61,9.4
20260609,688137.SH,近岸蛋白,0.66,38.25,-14.65,-0.97,2.24,0.15,-16.88,-1.12,133.69,8.89,-119.04,-7.92
20260609,601117.SH,中国化学,1.25,7.29,-15.24,-0.03,-130.28,-0.27,115.04,0.24,-1630.15,-3.39,1645.4,3.42
20260609,600386.SH,北巴传媒,0.0,3.54,-15.33,-0.59,-183.97,-7.03,168.64,6.45,-130.29,-4.98,145.62,5.57
20260609,300471.SZ,厚普股份,0.75,9.41,-15.46,-0.29,-12.24,-0.23,-3.22,-0.06,-430.55,-8.18,446.01,8.47
20260609,001234.SZ,泰慕士,0.97,22.86,-15.76,-0.49,0.0,0.0,-15.76,-0.49,-121.99,-3.82,137.75,4.31
20260609,688429.SH,时创能源,-0.09,10.91,-15.81,-0.63,0.0,0.0,-15.81,-0.63,-77.33,-3.1,93.15,3.74
20260609,603611.SH,诺力股份,-0.99,18.0,-15.94,-0.29,29.42,0.54,-45.36,-0.84,191.43,3.53,-175.49,-3.24
20260609,600241.SH,时代万恒,1.08,7.51,-16.04,-0.39,-101.04,-2.44,85.0,2.06,17.98,0.44,-1.94,-0.05
20260609,300789.SZ,唐源电气,-1.93,20.29,-16.42,-0.41,0.0,0.0,-16.42,-0.41,150.19,3.73,-133.77,-3.32
20260609,603156.SH,养元饮品,0.59,39.13,-16.88,-0.07,-639.31,-2.65,622.43,2.58,-616.09,-2.56,632.97,2.63
20260609,002388.SZ,新亚制程,4.01,5.45,-16.94,-0.07,-620.66,-2.75,603.72,2.67,-801.72,-3.55,818.66,3.62
20260609,300519.SZ,新光药业,-0.23,13.09,-17.08,-0.63,0.0,0.0,-17.08,-0.63,-60.73,-2.25,77.8,2.88
20260609,600423.SH,*ST柳化,-1.57,2.5,-17.66,-1.04,-150.45,-8.86,132.79,7.82,-142.13,-8.37,159.79,9.41
20260609,003008.SZ,开普检测,0.91,18.93,-17.73,-0.54,38.83,1.19,-56.56,-1.73,308.87,9.43,-291.14,-8.89
20260609,003000.SZ,劲仔食品,-1.2,10.69,-17.94,-0.31,21.7,0.38,-39.65,-0.69,300.63,5.21,-282.69,-4.9
20260609,688244.SH,永信至诚,-0.19,16.12,-18.64,-0.68,-9.48,-0.34,-9.16,-0.33,74.22,2.7,-55.59,-2.02
20260609,300721.SZ,怡达股份,3.75,29.86,-18.67,-0.04,-1655.25,-3.4,1636.59,3.36,1018.51,2.09,-999.84,-2.05
20260609,603136.SH,天目湖,-1.64,9.01,-18.77,-0.83,-2.79,-0.12,-15.98,-0.7,209.59,9.24,-190.82,-8.41
20260609,603496.SH,恒为科技,1.39,21.95,-19.05,-0.13,-230.66,-1.56,211.6,1.43,-575.5,-3.88,594.55,4.01
20260609,600548.SH,深高速,0.12,8.67,-19.25,-1.44,0.35,0.03,-19.6,-1.46,-177.28,-13.24,196.53,14.67
20260609,300600.SZ,国瑞科技,-1.11,10.69,-19.26,-0.29,-4.73,-0.07,-14.53,-0.22,-40.66,-0.61,59.92,0.91
20260609,000605.SZ,渤海股份,-0.33,6.11,-19.68,-0.88,-121.74,-5.43,102.06,4.55,187.92,8.38,-168.24,-7.5
20260609,301009.SZ,可靠股份,0.77,9.11,-20.09,-0.83,0.0,0.0,-20.09,-0.83,-120.54,-4.98,140.63,5.81
20260609,301355.SZ,南王科技,1.54,10.53,-20.18,-0.53,-7.34,-0.19,-12.85,-0.34,6.11,0.16,14.07,0.37
20260609,003020.SZ,立方制药,0.13,15.59,-20.24,-1.07,0.0,0.0,-20.24,-1.07,-12.4,-0.65,32.64,1.72
20260609,688356.SH,键凯科技,1.01,68.85,-20.69,-0.47,-8.34,-0.19,-12.35,-0.28,-173.54,-3.94,194.23,4.41
20260609,002339.SZ,积成电子,0.25,7.92,-20.82,-0.24,-3.47,-0.04,-17.34,-0.2,-633.06,-7.26,653.88,7.5
20260609,002398.SZ,垒知集团,0.94,4.31,-20.82,-0.33,-108.51,-1.72,87.69,1.39,-282.73,-4.49,303.55,4.82
20260609,600165.SH,ST宁科,-2.88,2.7,-21.05,-1.22,-106.0,-6.14,84.96,4.92,-370.91,-21.49,391.96,22.71
20260609,000869.SZ,张  裕Ａ,-0.06,17.51,-21.1,-2.24,0.0,0.0,-21.1,-2.24,-15.87,-1.68,36.96,3.92
20260609,301212.SZ,联盛化学,0.91,26.74,-21.72,-0.52,0.0,0.0,-21.72,-0.52,-225.79,-5.42,247.51,5.94
20260609,301259.SZ,艾布鲁,1.95,22.97,-21.98,-0.3,-3.91,-0.05,-18.07,-0.24,335.34,4.52,-313.36,-4.23
20260609,301102.SZ,兆讯传媒,0.95,9.56,-22.17,-1.3,0.0,0.0,-22.17,-1.3,-1.05,-0.06,23.22,1.36
20260609,300642.SZ,透景生命,0.0,13.0,-22.25,-0.8,0.0,0.0,-22.25,-0.8,-19.84,-0.71,42.09,1.51
20260609,300441.SZ,鲍斯股份,0.99,6.12,-22.28,-0.95,0.0,0.0,-22.28,-0.95,-274.64,-11.7,296.92,12.65
20260609,603266.SH,天龙股份,-0.38,18.17,-22.28,-0.52,209.51,4.88,-231.79,-5.4,98.31,2.29,-76.03,-1.77
20260609,000553.SZ,安道麦A,0.87,5.77,-22.34,-0.62,0.0,0.0,-22.34,-0.62,-31.97,-0.88,54.3,1.5
20260609,688755.SH,DR汉邦科,0.04,25.77,-22.5,-1.9,0.0,0.0,-22.5,-1.9,103.59,8.74,-81.1,-6.84
20260609,300543.SZ,朗科智能,1.19,8.52,-22.8,-0.36,-9.59,-0.15,-13.2,-0.21,552.52,8.63,-529.72,-8.27
20260609,300546.SZ,雄帝科技,1.53,16.64,-22.95,-0.51,-108.97,-2.4,86.02,1.9,-165.15,-3.64,188.1,4.15
20260609,603600.SH,永艺股份,0.0,9.87,-22.97,-0.7,153.23,4.64,-176.2,-5.33,182.67,5.53,-159.7,-4.83
20260609,601368.SH,绿城水务,-0.69,4.34,-23.04,-1.12,84.34,4.09,-107.39,-5.2,33.93,1.64,-10.89,-0.53
20260609,603587.SH,地素时尚,0.82,12.25,-23.18,-1.0,2.83,0.12,-26.01,-1.13,-79.84,-3.45,103.02,4.46
20260609,301239.SZ,普瑞眼科,0.03,31.84,-23.57,-0.37,0.0,0.0,-23.57,-0.37,70.62,1.1,-47.04,-0.73
20260609,603739.SH,蔚蓝生物,0.4,12.41,-24.42,-0.97,0.0,0.0,-24.42,-0.97,-60.73,-2.41,85.15,3.38
20260609,301037.SZ,保立佳,-0.36,13.89,-24.54,-0.63,0.0,0.0,-24.54,-0.63,379.29,9.77,-354.76,-9.14
20260609,201872.SZ,招港B,0.64,17.19,-25.1,-15.97,0.0,0.0,-25.1,-15.97,47.01,29.9,-21.91,-13.94
20260609,688013.SH,天臣医疗,0.77,27.46,-25.27,-1.22,0.0,0.0,-25.27,-1.22,88.78,4.29,-63.51,-3.07
20260609,603173.SH,福斯达,1.83,34.0,-25.37,-0.68,-109.3,-2.94,83.94,2.25,-78.56,-2.11,103.92,2.79
20260609,603577.SH,汇金通,-1.15,9.46,-25.46,-0.82,29.39,0.95,-54.85,-1.78,424.3,13.75,-398.85,-12.92
20260609,300877.SZ,金春股份,1.98,27.35,-25.51,-0.48,58.98,1.12,-84.49,-1.6,11.26,0.21,14.24,0.27
20260609,002959.SZ,小熊电器,-0.4,34.8,-25.69,-1.51,0.0,0.0,-25.69,-1.51,-164.03,-9.62,189.72,11.13
20260609,688227.SH,品高股份,1.51,81.92,-25.71,-0.08,-99.04,-0.3,73.32,0.22,86.64,0.27,-60.93,-0.19
20260609,301173.SZ,毓恬冠佳,-1.64,33.6,-25.73,-1.45,0.0,0.0,-25.73,-1.45,121.1,6.84,-95.37,-5.39
20260609,301370.SZ,国科恒泰,0.55,9.12,-25.87,-1.03,0.0,0.0,-25.87,-1.03,-30.16,-1.2,56.03,2.23
20260609,300025.SZ,华星创业,1.27,4.8,-26.43,-0.52,0.0,0.0,-26.43,-0.52,-89.91,-1.76,116.34,2.27
20260609,002942.SZ,新农股份,1.57,16.2,-26.71,-1.23,0.0,0.0,-26.71,-1.23,31.39,1.44,-4.68,-0.21
20260609,002909.SZ,集泰股份,2.18,5.63,-27.04,-0.73,0.0,0.0,-27.04,-0.73,-120.72,-3.25,147.76,3.98
20260609,301330.SZ,熵基科技,0.22,27.27,-27.19,-0.17,83.79,0.53,-110.99,-0.7,859.85,5.39,-832.66,-5.22
20260609,300500.SZ,启迪设计,-0.38,10.45,-27.22,-0.76,0.0,0.0,-27.22,-0.76,-18.01,-0.5,45.24,1.26
20260609,002697.SZ,红旗连锁,-1.5,4.59,-27.23,-0.36,0.0,0.0,-27.23,-0.36,-129.16,-1.71,156.39,2.07
20260609,603565.SH,中谷物流,1.95,9.42,-27.54,-0.2,-35.37,-0.25,7.83,0.06,237.51,1.71,-209.97,-1.51
20260609,600604.SH,市北高新,2.9,4.26,-27.72,-0.44,-101.93,-1.63,74.22,1.19,270.66,4.33,-242.95,-3.89
20260609,600975.SH,新五丰,-1.24,4.78,-27.76,-0.93,77.92,2.6,-105.68,-3.53,269.37,9.0,-241.62,-8.07
20260609,200570.SZ,苏常柴Ｂ,-0.97,2.04,-27.79,-22.85,0.0,0.0,-27.79,-22.85,-10.74,-8.84,38.53,31.69
20260609,300176.SZ,鸿特科技,0.36,5.6,-27.98,-0.56,-30.52,-0.61,2.54,0.05,-48.09,-0.97,76.06,1.53
20260609,601298.SH,青岛港,0.44,9.14,-28.03,-0.31,-59.73,-0.66,31.7,0.35,-424.4,-4.7,452.43,5.01
20260609,688385.SH,复旦微电,3.16,54.11,-28.82,-0.04,125.39,0.16,-154.22,-0.2,2018.69,2.64,-1989.86,-2.6
20260609,300171.SZ,东富龙,0.0,10.93,-28.92,-0.51,-227.98,-3.98,199.06,3.48,20.16,0.35,8.76,0.15
20260609,002561.SZ,徐家汇,0.28,7.06,-29.06,-1.45,0.0,0.0,-29.06,-1.45,-27.96,-1.4,57.02,2.85
20260609,600965.SH,*ST福成,1.71,2.97,-29.47,-1.51,32.77,1.68,-62.24,-3.18,-65.76,-3.36,95.24,4.87
20260609,603980.SH,吉华集团,1.97,5.7,-29.69,-0.41,-208.19,-2.85,178.5,2.44,-20.66,-0.28,50.35,0.69
20260609,688258.SH,卓易信息,3.98,127.9,-30.18,-0.08,-145.26,-0.37,115.07,0.29,-1055.43,-2.69,1085.62,2.76
20260609,000856.SZ,冀东装备,-1.17,8.44,-30.25,-0.63,0.0,0.0,-30.25,-0.63,87.09,1.83,-56.84,-1.19
20260609,600235.SH,民丰特纸,0.18,5.72,-30.41,-1.3,21.39,0.91,-51.8,-2.21,191.76,8.18,-161.35,-6.89
20260609,688296.SH,和达科技,-0.07,13.96,-30.77,-0.93,0.0,0.0,-30.77,-0.93,114.72,3.45,-83.96,-2.53
20260609,603797.SH,联泰环保,0.0,4.19,-31.44,-1.77,-60.11,-3.39,28.66,1.62,-5.6,-0.32,37.04,2.09
20260609,600696.SH,退市岩石,-9.72,0.65,-31.57,-14.33,-0.17,-0.08,-31.4,-14.25,32.41,14.7,-0.83,-0.38
20260609,000678.SZ,襄阳轴承,1.05,11.6,-31.84,-0.3,95.49,0.9,-127.33,-1.2,-301.51,-2.85,333.35,3.15
20260609,301052.SZ,果麦文化,2.07,26.59,-31.93,-0.46,-92.88,-1.35,60.95,0.89,135.71,1.97,-103.79,-1.51
20260609,300010.SZ,ST豆神,1.12,2.7,-32.34,-0.46,0.0,0.0,-32.34,-0.46,47.21,0.68,-14.87,-0.21
20260609,301369.SZ,联动科技,5.48,181.28,-32.42,-0.11,882.38,2.91,-914.8,-3.02,191.35,0.63,-158.92,-0.52
20260609,300862.SZ,蓝盾光电,2.84,22.78,-32.83,-0.35,111.93,1.2,-144.76,-1.55,410.16,4.4,-377.34,-4.05
20260609,600444.SH,国机通用,0.07,14.42,-33.17,-1.13,26.88,0.91,-60.05,-2.04,-69.1,-2.35,102.27,3.48
20260609,002816.SZ,*ST和科,0.16,25.0,-33.26,-0.73,-455.78,-10.02,422.52,9.29,-0.26,-0.01,33.52,0.74
20260609,301082.SZ,久盛电气,1.83,10.01,-33.28,-0.71,0.0,0.0,-33.28,-0.71,-295.36,-6.33,328.64,7.05
20260609,300804.SZ,广康生化,4.94,38.0,-33.33,-0.42,248.68,3.17,-282.01,-3.59,232.71,2.96,-199.38,-2.54
20260609,002481.SZ,双塔食品,-0.25,3.98,-33.42,-1.14,-119.1,-4.06,85.68,2.92,-7.92,-0.27,41.35,1.41
20260609,600692.SH,亚通股份,0.31,6.4,-33.51,-1.1,13.5,0.45,-47.01,-1.55,-241.79,-7.97,275.3,9.07
20260609,002569.SZ,*ST步森,2.17,15.98,-33.55,-1.0,117.67,3.5,-151.22,-4.5,96.88,2.88,-63.33,-1.88
20260609,601218.SH,吉鑫科技,1.03,4.92,-33.61,-0.35,-115.44,-1.2,81.83,0.85,-832.16,-8.65,865.77,9.0
20260609,300154.SZ,瑞凌股份,-0.32,9.3,-33.62,-0.32,-281.6,-2.69,247.98,2.37,540.35,5.16,-506.73,-4.84
20260609,301023.SZ,奕帆传动,-0.33,32.77,-34.39,-0.38,178.58,2.0,-212.97,-2.38,-96.67,-1.08,131.06,1.47
20260609,601158.SH,重庆水务,-0.95,4.18,-34.87,-1.53,-78.99,-3.45,44.11,1.93,366.02,16.01,-331.14,-14.48
20260609,300187.SZ,永清环保,-1.15,5.18,-35.16,-0.52,156.0,2.31,-191.16,-2.83,327.19,4.84,-292.03,-4.32
20260609,000548.SZ,湖南投资,0.0,4.63,-35.42,-1.22,-126.37,-4.37,90.96,3.15,61.36,2.12,-25.95,-0.9
20260609,600706.SH,曲江文旅,-1.9,7.74,-35.71,-0.86,-21.79,-0.52,-13.92,-0.33,297.95,7.15,-262.24,-6.29
20260609,600833.SH,第一医药,-0.1,10.1,-35.73,-1.75,16.16,0.79,-51.9,-2.54,-75.77,-3.71,111.5,5.46
20260609,301056.SZ,森赫股份,-0.48,12.5,-35.74,-1.65,0.0,0.0,-35.74,-1.65,71.61,3.31,-35.87,-1.66
20260609,603648.SH,畅联股份,-0.46,8.74,-35.86,-2.02,-92.49,-5.21,56.63,3.19,38.69,2.18,-2.83,-0.16
20260609,688355.SH,明志科技,-0.38,18.26,-35.99,-1.51,-164.63,-6.91,128.65,5.4,130.2,5.47,-94.21,-3.96
20260609,605005.SH,合兴股份,-0.81,15.88,-36.06,-1.1,-195.9,-5.97,159.83,4.87,148.84,4.54,-112.78,-3.44
20260609,300659.SZ,中孚信息,1.22,10.75,-36.14,-0.9,0.0,0.0,-36.14,-0.9,-71.55,-1.79,107.68,2.7
20260609,000400.SZ,许继电气,1.27,22.35,-36.84,-0.1,-489.46,-1.35,452.62,1.25,-179.6,-0.49,216.44,0.6
20260609,300605.SZ,恒锋信息,1.9,10.71,-37.06,-0.59,-266.22,-4.21,229.17,3.62,-18.28,-0.29,55.33,0.87
20260609,301024.SZ,霍普股份,2.27,45.0,-37.1,-1.34,2.21,0.08,-39.31,-1.42,-19.32,-0.7,56.42,2.03
20260609,300306.SZ,远方信息,1.92,10.63,-37.42,-1.16,108.68,3.37,-146.1,-4.53,182.8,5.67,-145.38,-4.51
20260609,001209.SZ,洪兴股份,-1.08,19.23,-37.79,-0.93,0.0,0.0,-37.79,-0.93,141.38,3.48,-103.59,-2.55
20260609,600168.SH,武汉控股,-0.23,4.43,-38.16,-2.33,36.22,2.21,-74.38,-4.54,-34.76,-2.12,72.92,4.45
20260609,688573.SH,信宇人,2.7,19.4,-38.46,-0.83,-63.94,-1.37,25.47,0.55,192.18,4.13,-153.72,-3.3
20260609,300521.SZ,爱司凯,-0.36,24.59,-38.52,-0.37,-809.65,-7.85,771.12,7.48,535.85,5.2,-497.33,-4.82
20260609,002977.SZ,*ST天箭,-0.28,25.35,-38.63,-1.42,0.0,0.0,-38.63,-1.42,18.67,0.69,19.96,0.74
20260609,003039.SZ,顺控发展,-0.66,12.03,-38.93,-1.17,119.9,3.61,-158.83,-4.78,-78.76,-2.37,117.69,3.54
20260609,603089.SH,正裕工业,-1.0,9.9,-38.97,-1.74,262.15,11.69,-301.12,-13.42,-21.48,-0.96,60.45,2.69
20260609,001231.SZ,农心科技,0.83,20.59,-39.05,-1.68,0.0,0.0,-39.05,-1.68,-92.95,-4.01,132.0,5.69
20260609,688517.SH,金冠电气,-0.21,18.82,-39.08,-0.89,-8.17,-0.19,-30.92,-0.7,-13.91,-0.32,52.99,1.2
20260609,300493.SZ,润欣科技,0.35,14.19,-39.19,-0.21,-421.94,-2.27,382.75,2.06,684.9,3.69,-645.72,-3.48
20260609,603382.SH,海阳科技,0.99,20.49,-39.27,-2.04,89.15,4.64,-128.43,-6.68,-139.92,-7.28,179.19,9.32
20260609,603293.SH,埃泰克,3.12,43.03,-39.3,-0.47,239.33,2.85,-278.63,-3.32,345.18,4.12,-305.88,-3.65
20260609,603833.SH,欧派家居,-1.56,34.75,-39.35,-0.27,230.12,1.56,-269.47,-1.82,-1458.17,-9.85,1497.53,10.12
20260609,002470.SZ,金正大,1.4,2.18,-39.48,-0.21,-88.13,-0.47,48.65,0.26,-915.45,-4.86,954.93,5.07
20260609,300865.SZ,大宏立,-0.36,25.15,-40.12,-0.84,0.0,0.0,-40.12,-0.84,128.45,2.68,-88.34,-1.84
20260609,600599.SH,退市熊猫,-8.51,0.43,-40.19,-14.42,34.23,12.28,-74.42,-26.71,28.3,10.16,11.89,4.27
20260609,003016.SZ,欣贺股份,-0.71,6.97,-40.33,-1.48,0.0,0.0,-40.33,-1.48,-5.87,-0.22,46.19,1.7
20260609,603755.SH,日辰股份,2.74,25.1,-40.34,-1.34,14.75,0.49,-55.09,-1.83,106.51,3.54,-66.16,-2.2
20260609,688565.SH,力源科技,-0.19,10.38,-40.59,-1.01,4.74,0.12,-45.33,-1.12,301.66,7.48,-261.07,-6.48
20260609,600131.SH,国网信通,-0.97,15.25,-40.72,-0.25,226.7,1.4,-267.42,-1.65,476.8,2.95,-436.08,-2.7
20260609,002313.SZ,日海智能,1.62,8.79,-40.8,-0.58,46.53,0.66,-87.34,-1.24,-228.74,-3.25,269.54,3.83
20260609,603207.SH,小方制药,-0.89,22.15,-40.86,-1.89,166.76,7.7,-207.62,-9.58,54.23,2.5,-13.38,-0.62
20260609,605338.SH,巴比食品,1.86,19.75,-40.98,-0.74,-10.48,-0.19,-30.5,-0.55,-102.93,-1.86,143.91,2.6
20260609,002485.SZ,ST雪发,0.22,4.52,-41.2,-6.8,0.0,0.0,-41.2,-6.8,22.94,3.79,18.26,3.02
20260609,300643.SZ,万通智控,1.33,17.58,-41.24,-0.68,58.08,0.96,-99.32,-1.64,2.36,0.04,38.88,0.64
20260609,900948.SH,伊泰Ｂ股,-2.64,2.62,-41.41,-6.2,-1.79,-0.27,-39.62,-5.93,-132.2,-19.8,173.61,26.0
20260609,301376.SZ,致欧科技,1.14,16.86,-41.74,-1.09,0.0,0.0,-41.74,-1.09,-19.45,-0.51,61.19,1.59
20260609,688004.SH,博汇科技,1.86,20.23,-41.93,-1.59,-203.16,-7.69,161.22,6.1,-73.95,-2.8,115.89,4.39
20260609,002360.SZ,ST同德,1.22,5.83,-41.95,-1.12,-418.52,-11.13,376.57,10.02,-108.64,-2.89,150.58,4.01
20260609,605268.SH,王力安防,-0.1,10.11,-42.12,-1.76,-16.07,-0.67,-26.06,-1.09,-68.92,-2.88,111.04,4.64
20260609,601798.SH,蓝科高新,0.26,7.64,-42.3,-0.31,-154.33,-1.12,112.04,0.81,131.4,0.95,-89.11,-0.64
20260609,002633.SZ,申科股份,-0.06,16.84,-42.31,-1.19,0.51,0.01,-42.82,-1.2,-46.29,-1.3,88.6,2.49
20260609,000028.SZ,国药一致,-0.67,22.24,-42.71,-1.04,0.0,0.0,-42.71,-1.04,145.42,3.54,-102.71,-2.5
20260609,688606.SH,奥泰生物,1.64,48.99,-42.76,-2.97,-59.65,-4.15,16.89,1.17,110.73,7.7,-67.97,-4.73
20260609,688665.SH,四方光电,14.79,55.81,-42.82,-0.26,-508.4,-3.14,465.58,2.88,-1335.96,-8.25,1378.77,8.52
20260609,300527.SZ,ST应急,0.53,7.57,-42.82,-1.46,0.0,0.0,-42.82,-1.46,13.86,0.47,28.96,0.99
20260609,002188.SZ,中天服务,1.07,5.69,-42.89,-0.62,0.0,0.0,-42.89,-0.62,276.14,3.97,-233.26,-3.36
20260609,601939.SH,建设银行,0.29,10.36,-43.05,-0.03,-4843.6,-3.85,4800.55,3.82,-1147.17,-0.91,1190.22,0.95
20260609,002529.SZ,*ST海源,2.29,7.6,-43.1,-1.77,0.0,0.0,-43.1,-1.77,278.49,11.46,-235.39,-9.69
20260609,301388.SZ,欣灵电气,0.08,26.4,-43.24,-1.34,-106.31,-3.3,63.07,1.96,87.17,2.7,-43.93,-1.36
20260609,002752.SZ,昇兴股份,-0.49,6.14,-43.6,-0.59,0.0,0.0,-43.6,-0.59,109.64,1.49,-66.03,-0.9
20260609,600289.SH,ST信通,-1.18,5.86,-43.72,-2.31,-160.18,-8.46,116.46,6.15,-7.51,-0.4,51.23,2.71
20260609,002105.SZ,信隆健康,-0.18,5.62,-43.88,-1.23,0.0,0.0,-43.88,-1.23,65.17,1.82,-21.29,-0.59
20260609,600287.SH,苏豪时尚,0.2,4.9,-44.05,-2.14,-189.64,-9.2,145.59,7.06,95.31,4.62,-51.26,-2.49
20260609,600597.SH,光明乳业,-1.33,6.66,-44.08,-0.99,17.84,0.4,-61.92,-1.4,-33.54,-0.76,77.62,1.75
20260609,603088.SH,宁波精达,2.36,10.4,-44.52,-0.49,-215.31,-2.38,170.79,1.89,156.36,1.73,-111.84,-1.24
20260609,600749.SH,西藏旅游,-1.86,15.87,-44.53,-0.17,299.69,1.16,-344.22,-1.33,-564.16,-2.18,608.68,2.35
20260609,300584.SZ,海辰药业,1.06,31.52,-44.75,-0.74,0.0,0.0,-44.75,-0.74,-423.61,-7.04,468.36,7.79
20260609,601398.SH,工商银行,0.53,7.54,-44.76,-0.01,8605.75,2.11,-8650.51,-2.12,-13963.64,-3.42,14008.4,3.43
20260609,300026.SZ,红日药业,-0.64,3.11,-45.07,-0.92,0.0,0.0,-45.07,-0.92,275.77,5.62,-230.7,-4.7
20260609,688658.SH,悦康药业,0.15,13.62,-45.09,-0.27,-118.45,-0.71,73.36,0.44,-818.22,-4.89,863.32,5.16
20260609,002935.SZ,天奥电子,3.0,18.91,-45.13,-0.45,-244.78,-2.42,199.65,1.98,57.1,0.57,-11.98,-0.12
20260609,300694.SZ,蠡湖股份,0.7,10.12,-45.24,-0.92,0.0,0.0,-45.24,-0.92,219.45,4.46,-174.21,-3.54
20260609,688067.SH,爱威科技,-0.09,22.64,-45.38,-2.91,0.0,0.0,-45.38,-2.91,104.64,6.71,-59.26,-3.8
20260609,600628.SH,新世界,0.0,6.15,-45.48,-1.45,-16.04,-0.51,-29.44,-0.94,-141.59,-4.53,187.07,5.98
20260609,300815.SZ,玉禾田,2.51,19.18,-45.53,-0.82,132.77,2.39,-178.3,-3.21,53.47,0.96,-7.94,-0.14
20260609,603375.SH,盛景微,2.94,45.46,-45.55,-0.46,-42.27,-0.43,-3.28,-0.03,-773.91,-7.89,819.46,8.36
20260609,300810.SZ,中科海讯,0.44,25.25,-45.68,-0.78,225.79,3.83,-271.47,-4.61,-290.27,-4.92,335.95,5.7
20260609,002622.SZ,皓宸医疗,2.99,2.41,-45.71,-0.75,-255.08,-4.2,209.37,3.45,-147.73,-2.43,193.44,3.19
20260609,688021.SH,奥福科技,0.13,22.53,-45.97,-1.24,0.0,0.0,-45.97,-1.24,127.86,3.46,-81.88,-2.21
20260609,600319.SH,亚星化学,0.0,7.07,-46.16,-1.85,136.77,5.48,-182.94,-7.33,171.73,6.88,-125.57,-5.03
20260609,600753.SH,*ST海钦,0.5,11.95,-46.19,-3.45,-30.03,-2.24,-16.16,-1.21,20.71,1.55,25.48,1.9
20260609,688116.SH,天奈科技,1.5,38.47,-46.35,-0.14,-174.16,-0.53,127.82,0.39,-400.13,-1.21,446.48,1.35
20260609,688455.SH,科捷智能,-0.91,19.61,-46.82,-0.98,-136.21,-2.86,89.39,1.88,160.85,3.38,-114.03,-2.39
20260609,300097.SZ,智云股份,0.32,9.49,-46.84,-0.37,196.96,1.57,-243.81,-1.94,616.5,4.91,-569.66,-4.54
20260609,688718.SH,唯赛勃,0.21,14.66,-47.21,-1.07,-15.87,-0.36,-31.35,-0.71,315.1,7.16,-267.88,-6.08
20260609,301101.SZ,明月镜片,1.52,30.05,-47.53,-0.77,0.0,0.0,-47.53,-0.77,437.8,7.12,-390.27,-6.35
20260609,002905.SZ,金逸影视,1.06,7.65,-47.74,-1.04,0.0,0.0,-47.74,-1.04,-384.94,-8.35,432.68,9.38
20260609,300640.SZ,德艺文创,-1.59,6.18,-48.38,-0.84,0.0,0.0,-48.38,-0.84,66.66,1.15,-18.28,-0.32
20260609,603170.SH,宝立食品,-0.59,11.82,-48.62,-3.38,-17.63,-1.22,-30.99,-2.15,168.54,11.7,-119.92,-8.33
20260609,301575.SZ,艾芬达,-0.32,40.19,-48.62,-3.45,0.0,0.0,-48.62,-3.45,-110.83,-7.87,159.45,11.33
20260609,002095.SZ,生 意 宝,1.32,13.82,-48.87,-1.83,0.0,0.0,-48.87,-1.83,174.75,6.55,-125.87,-4.72
20260609,688475.SH,萤石网络,-1.24,27.09,-48.91,-0.32,-464.48,-3.08,415.57,2.75,380.69,2.52,-331.78,-2.2
20260609,300313.SZ,*ST天山,0.36,8.33,-49.06,-3.91,0.0,0.0,-49.06,-3.91,-3.35,-0.27,52.4,4.18
20260609,002632.SZ,道明光学,3.14,10.19,-49.5,-0.38,-402.22,-3.08,352.73,2.7,-462.37,-3.54,511.86,3.92
20260609,002302.SZ,西部建设,-0.61,4.88,-49.84,-1.83,175.5,6.45,-225.34,-8.28,158.31,5.82,-108.47,-3.99
20260609,601956.SH,东贝集团,0.2,5.08,-50.07,-1.91,14.93,0.57,-65.0,-2.48,-114.2,-4.37,164.26,6.28
20260609,002593.SZ,日上集团,-0.44,4.52,-50.1,-1.03,21.28,0.44,-71.39,-1.47,-178.19,-3.67,228.29,4.71
20260609,600218.SH,全柴动力,0.74,8.21,-50.47,-1.51,-69.35,-2.08,18.87,0.57,99.73,2.99,-49.26,-1.48
20260609,301345.SZ,涛涛车业,0.39,199.7,-50.49,-0.28,290.21,1.64,-340.71,-1.92,763.56,4.3,-713.06,-4.02
20260609,001205.SZ,盛航股份,0.36,14.02,-51.62,-0.64,-1879.09,-23.28,1827.47,22.65,771.24,9.56,-719.62,-8.92
20260609,688660.SH,电气风电,2.14,9.56,-51.64,-0.26,506.98,2.52,-558.63,-2.78,128.24,0.64,-76.6,-0.38
20260609,301601.SZ,惠通科技,1.8,18.1,-51.82,-1.72,0.0,0.0,-51.82,-1.72,118.33,3.94,-66.51,-2.21
20260609,688358.SH,祥生医疗,1.77,31.04,-52.56,-1.49,-169.52,-4.8,116.96,3.31,-6.39,-0.18,58.95,1.67
20260609,605369.SH,拱东医疗,-1.2,16.45,-52.61,-2.55,0.0,0.0,-52.61,-2.55,64.58,3.12,-11.96,-0.58
20260609,001277.SZ,速达股份,-0.32,30.93,-52.98,-1.97,0.0,0.0,-52.98,-1.97,-67.65,-2.52,120.62,4.49
20260609,300752.SZ,隆利科技,-0.54,14.77,-53.11,-0.16,-85.0,-0.26,31.89,0.1,875.64,2.64,-822.52,-2.48
20260609,301272.SZ,英华特,1.0,37.37,-53.19,-1.66,0.0,0.0,-53.19,-1.66,164.05,5.12,-110.86,-3.46
20260609,688197.SH,首药控股-U,4.39,31.83,-53.34,-1.12,67.38,1.41,-120.72,-2.53,-24.36,-0.51,77.7,1.63
20260609,300787.SZ,海能实业,1.88,9.21,-53.89,-1.25,0.0,0.0,-53.89,-1.25,353.62,8.2,-299.74,-6.95
20260609,600476.SH,*ST湘邮,-0.37,10.8,-54.24,-2.78,-126.42,-6.47,72.18,3.7,31.23,1.6,23.01,1.18
20260609,000702.SZ,正虹科技,-0.35,5.7,-54.26,-1.49,0.0,0.0,-54.26,-1.49,151.36,4.15,-97.1,-2.66
20260609,600084.SH,*ST尼雅,-1.48,4.66,-54.64,-4.61,7.06,0.59,-61.7,-5.2,49.46,4.17,5.18,0.44
20260609,001201.SZ,东瑞股份,0.91,11.1,-55.23,-3.02,0.0,0.0,-55.23,-3.02,-20.84,-1.14,76.07,4.15
20260609,600624.SH,ST复华,0.0,3.9,-55.27,-4.74,-6.45,-0.55,-48.82,-4.19,-129.17,-11.08,184.44,15.81
20260609,601106.SH,中国一重,0.0,3.54,-55.31,-0.3,-460.59,-2.53,405.28,2.22,-585.03,-3.21,640.34,3.51
20260609,000915.SZ,华特达因,0.26,26.75,-55.44,-1.86,0.0,0.0,-55.44,-1.86,-76.6,-2.57,132.04,4.43
20260609,603137.SH,恒尚节能,-0.77,11.67,-55.49,-3.94,0.0,0.0,-55.49,-3.94,38.75,2.75,16.74,1.19
20260609,605567.SH,春雪食品,-0.11,9.09,-55.96,-1.65,0.0,0.0,-55.96,-1.65,127.77,3.76,-71.81,-2.11
20260609,300591.SZ,万里马,-1.88,7.29,-55.97,-0.72,114.61,1.48,-170.58,-2.2,-220.37,-2.84,276.34,3.56
20260609,600137.SH,浪莎股份,-1.47,18.81,-56.36,-1.73,-113.39,-3.48,57.03,1.75,-38.98,-1.2,95.34,2.93
20260609,300995.SZ,奇德新材,-0.06,31.62,-56.88,-1.54,-108.05,-2.93,51.17,1.39,-20.38,-0.55,77.26,2.09
20260609,300722.SZ,新余国科,0.79,23.1,-56.96,-1.35,-3.88,-0.09,-53.08,-1.26,-132.41,-3.13,189.37,4.48
20260609,002042.SZ,华孚时尚,1.34,3.77,-57.28,-0.7,311.44,3.81,-368.71,-4.52,-7.38,-0.09,64.66,0.79
20260609,002775.SZ,文科股份,0.79,3.85,-57.42,-0.76,-395.24,-5.22,337.82,4.46,144.28,1.91,-86.86,-1.15
20260609,603586.SH,金麒麟,0.56,17.83,-57.61,-1.37,21.57,0.51,-79.18,-1.88,868.15,20.66,-810.55,-19.29
20260609,000507.SZ,珠海港,0.0,4.93,-57.86,-1.58,0.0,0.0,-57.86,-1.58,59.85,1.63,-1.99,-0.05
20260609,300701.SZ,森霸传感,0.97,10.39,-57.87,-1.09,-147.24,-2.77,89.38,1.68,-281.39,-5.3,339.26,6.39
20260609,000820.SZ,*ST节能,-1.83,3.21,-58.32,-2.86,250.79,12.31,-309.11,-15.17,-43.18,-2.12,101.5,4.98
20260609,301062.SZ,上海艾录,-1.25,6.3,-58.36,-1.48,108.05,2.73,-166.4,-4.21,-3.6,-0.09,61.96,1.57
20260609,301267.SZ,华厦眼科,-1.19,15.72,-58.78,-0.92,-73.13,-1.14,14.36,0.22,388.58,6.06,-329.8,-5.14
20260609,002817.SZ,黄山胶囊,-1.36,6.55,-58.87,-1.94,0.0,0.0,-58.87,-1.94,87.94,2.9,-29.07,-0.96
20260609,001379.SZ,腾达科技,-0.62,17.52,-59.21,-1.98,0.0,0.0,-59.21,-1.98,35.77,1.2,23.44,0.78
20260609,301197.SZ,工大科雅,4.43,29.7,-59.23,-0.72,0.0,0.0,-59.23,-0.72,177.98,2.15,-118.75,-1.44
20260609,603719.SH,良品铺子,-1.6,9.25,-59.46,-1.68,48.36,1.36,-107.82,-3.04,121.44,3.43,-61.98,-1.75
20260609,688393.SH,安必平,0.35,19.88,-59.54,-2.38,-44.74,-1.79,-14.8,-0.59,-97.21,-3.88,156.75,6.26
20260609,600193.SH,退市创兴,-10.53,0.17,-59.65,-9.97,-120.12,-20.07,60.46,10.1,54.57,9.12,5.09,0.85
20260609,000655.SZ,金岭矿业,-0.43,6.89,-59.82,-2.41,0.0,0.0,-59.82,-2.41,-134.64,-5.43,194.46,7.84
20260609,000663.SZ,永安林业,-0.18,5.7,-60.11,-1.66,0.0,0.0,-60.11,-1.66,-18.47,-0.51,78.57,2.16
20260609,300126.SZ,锐奇股份,-0.75,6.61,-60.27,-1.9,0.0,0.0,-60.27,-1.9,107.58,3.4,-47.31,-1.5
20260609,688015.SH,交控科技,1.12,17.12,-60.32,-2.6,0.0,0.0,-60.32,-2.6,31.58,1.36,28.75,1.24
20260609,301309.SZ,万得凯,-0.42,30.48,-60.46,-2.15,0.0,0.0,-60.46,-2.15,35.63,1.27,24.83,0.88
20260609,600455.SH,博通股份,-1.16,24.8,-60.64,-1.17,-231.1,-4.46,170.46,3.29,512.69,9.9,-452.05,-8.73
20260609,688569.SH,铁科轨道,0.44,18.06,-60.99,-8.13,0.0,0.0,-60.99,-8.13,24.36,3.25,36.63,4.88
20260609,603376.SH,大明电子,0.57,26.68,-61.12,-4.0,0.0,0.0,-61.12,-4.0,40.13,2.62,20.99,1.37
20260609,300484.SZ,蓝海华腾,2.38,15.08,-61.21,-1.43,-256.69,-5.99,195.48,4.56,246.43,5.75,-185.22,-4.32
20260609,600191.SH,华资实业,-0.95,10.45,-61.55,-1.37,499.5,11.11,-561.05,-12.48,176.24,3.92,-114.69,-2.55
20260609,300825.SZ,阿尔特,0.2,14.8,-61.68,-0.1,-2032.05,-3.21,1970.37,3.11,893.92,1.41,-832.24,-1.31
20260609,603729.SH,ST龙韵,-0.64,12.46,-61.97,-4.08,-62.16,-4.1,0.19,0.01,-61.05,-4.02,123.03,8.11
20260609,300545.SZ,联得装备,1.68,36.4,-62.1,-0.12,-1055.68,-2.07,993.59,1.95,2045.32,4.02,-1983.23,-3.89
20260609,002320.SZ,海峡股份,-0.14,6.96,-62.1,-0.64,138.79,1.44,-200.89,-2.08,192.92,2.0,-130.81,-1.35
20260609,002883.SZ,*ST中设,0.55,9.13,-62.28,-4.19,105.89,7.13,-168.17,-11.33,23.77,1.6,38.51,2.59
20260609,600169.SH,ST太重,-0.44,2.24,-62.31,-3.79,-94.42,-5.75,32.1,1.96,-42.83,-2.61,105.15,6.4
20260609,603309.SH,维力医疗,0.96,11.56,-62.38,-2.36,7.3,0.28,-69.68,-2.63,57.05,2.15,5.33,0.2
20260609,301380.SZ,挖金客,2.12,30.78,-63.14,-1.5,0.0,0.0,-63.14,-1.5,-126.66,-3.01,189.8,4.52
20260609,688153.SH,唯捷创芯,1.52,28.75,-63.14,-0.46,-643.68,-4.68,580.53,4.22,325.62,2.37,-262.48,-1.91
20260609,600371.SH,万向德农,-0.28,7.13,-63.61,-2.4,-1.64,-0.06,-61.97,-2.34,175.59,6.62,-111.98,-4.22
20260609,002542.SZ,*ST中岩,1.27,1.6,-63.67,-1.57,-103.91,-2.56,40.23,0.99,27.09,0.67,36.58,0.9
20260609,600704.SH,物产中大,-0.21,4.69,-64.48,-0.42,414.82,2.68,-479.3,-3.09,-178.6,-1.15,243.08,1.57
20260609,300653.SZ,正海生物,-0.27,14.72,-64.8,-3.21,0.0,0.0,-64.8,-3.21,-201.46,-9.99,266.26,13.21
20260609,300771.SZ,智莱科技,1.67,11.58,-65.11,-1.32,-12.01,-0.24,-53.1,-1.08,393.83,7.98,-328.72,-6.66
20260609,002945.SZ,华林证券,1.03,13.69,-65.12,-0.74,-347.65,-3.95,282.53,3.21,-207.37,-2.36,272.49,3.1
20260609,000919.SZ,金陵药业,-0.82,6.08,-65.34,-1.44,103.47,2.27,-168.81,-3.71,52.65,1.16,12.7,0.28
20260609,001239.SZ,永达股份,0.85,13.01,-65.41,-4.16,0.0,0.0,-65.41,-4.16,191.32,12.18,-125.92,-8.01
20260609,002813.SZ,路畅科技,0.47,21.58,-65.49,-2.02,-61.22,-1.89,-4.28,-0.13,-152.92,-4.73,218.41,6.75
20260609,600027.SH,华电国际,0.78,5.18,-65.67,-0.09,1399.93,1.89,-1465.61,-1.98,-2970.92,-4.01,3036.6,4.1
20260609,603816.SH,顾家家居,-1.82,27.0,-65.88,-0.42,-206.63,-1.32,140.75,0.9,131.22,0.84,-65.34,-0.42
20260609,002659.SZ,凯文教育,0.24,4.26,-65.95,-1.56,-133.05,-3.16,67.1,1.59,228.15,5.41,-162.2,-3.85
20260609,605050.SH,福然德,0.38,10.48,-65.99,-2.9,-105.1,-4.61,39.11,1.72,-19.49,-0.86,85.48,3.75
20260609,603655.SH,朗博科技,0.09,34.18,-66.03,-1.15,40.17,0.7,-106.19,-1.85,-508.68,-8.84,574.71,9.99
20260609,002120.SZ,韵达股份,-0.61,6.52,-66.24,-0.46,-101.41,-0.71,35.17,0.25,1230.49,8.59,-1164.25,-8.13
20260609,300144.SZ,宋城演艺,-0.93,6.39,-66.37,-0.57,1.84,0.02,-68.21,-0.58,-123.46,-1.05,189.83,1.62
20260609,300224.SZ,正海磁材,2.82,12.4,-66.67,-0.23,-349.4,-1.18,282.73,0.96,-690.1,-2.34,756.77,2.56
20260609,001238.SZ,浙江正特,-2.73,30.27,-66.82,-0.77,-317.99,-3.65,251.17,2.88,408.18,4.68,-341.36,-3.92
20260609,002702.SZ,海欣食品,0.79,5.11,-67.42,-0.94,0.0,0.0,-67.42,-0.94,-204.57,-2.85,271.99,3.79
20260609,600654.SH,中安科,0.99,3.05,-67.43,-0.42,-120.93,-0.75,53.49,0.33,-434.9,-2.71,502.33,3.13
20260609,300399.SZ,天利科技,0.86,18.66,-68.92,-1.28,0.0,0.0,-68.92,-1.28,-152.98,-2.84,221.9,4.13
20260609,300756.SZ,金马游乐,0.19,31.32,-69.07,-0.7,-11.12,-0.11,-57.95,-0.58,-874.42,-8.81,943.49,9.51
20260609,301138.SZ,华研精机,0.8,27.8,-69.12,-2.53,-121.18,-4.44,52.06,1.91,203.71,7.46,-134.6,-4.93
20260609,603787.SH,新日股份,-0.91,9.82,-69.39,-1.98,-12.08,-0.34,-57.31,-1.63,-151.41,-4.31,220.8,6.29
20260609,600381.SH,*ST春天,4.94,5.52,-70.02,-1.94,95.43,2.65,-165.45,-4.59,170.49,4.73,-100.47,-2.79
20260609,301035.SZ,润丰股份,-0.34,49.79,-70.05,-0.87,-549.9,-6.81,479.85,5.94,610.36,7.56,-540.31,-6.69
20260609,301613.SZ,新铝时代,2.45,40.9,-70.07,-2.27,-256.6,-8.33,186.52,6.05,8.18,0.27,61.9,2.01
20260609,300299.SZ,富春股份,-0.55,5.41,-70.1,-0.88,31.89,0.4,-101.99,-1.28,486.74,6.1,-416.63,-5.22
20260609,300664.SZ,鹏鹞环保,0.2,4.93,-70.13,-2.18,-253.43,-7.89,183.3,5.7,132.11,4.11,-61.99,-1.93
20260609,688129.SH,东来技术,1.78,25.19,-70.16,-2.54,-399.15,-14.45,328.98,11.91,153.45,5.55,-83.28,-3.01
20260609,300096.SZ,ST易联众,0.49,8.15,-70.21,-3.08,-195.64,-8.58,125.42,5.5,66.56,2.92,3.65,0.16
20260609,300577.SZ,开润股份,-0.82,15.72,-70.52,-2.25,140.54,4.48,-211.06,-6.73,95.22,3.03,-24.7,-0.79
20260609,601968.SH,宝钢包装,0.0,4.29,-70.56,-1.98,85.67,2.41,-156.23,-4.39,-288.71,-8.11,359.27,10.09
20260609,000669.SZ,ST金鸿,0.48,4.17,-71.71,-2.99,0.0,0.0,-71.71,-2.99,26.23,1.09,45.48,1.9
20260609,688023.SH,安恒信息,1.53,39.74,-71.75,-0.95,-84.98,-1.13,13.23,0.18,-96.01,-1.28,167.76,2.23
20260609,002999.SZ,天禾股份,0.17,5.99,-71.8,-1.82,0.0,0.0,-71.8,-1.82,-33.49,-0.85,105.29,2.67
20260609,600135.SH,乐凯胶片,1.52,8.7,-71.82,-0.63,-238.89,-2.09,167.06,1.46,212.1,1.86,-140.27,-1.23
20260609,603373.SH,安邦护卫,-1.76,33.47,-72.03,-0.58,722.34,5.85,-794.37,-6.43,19.73,0.16,52.29,0.42
20260609,300466.SZ,赛摩智能,-0.25,8.04,-72.05,-1.25,0.0,0.0,-72.05,-1.25,162.31,2.83,-90.26,-1.57
20260609,002211.SZ,ST宏达,1.64,3.72,-73.08,-4.86,0.0,0.0,-73.08,-4.86,46.58,3.1,26.5,1.76
20260609,603551.SH,XD奥普科,1.83,10.04,-73.08,-1.95,-119.92,-3.2,46.84,1.25,-10.33,-0.28,83.42,2.23
20260609,600834.SH,申通地铁,0.69,7.3,-73.53,-6.34,-45.78,-3.95,-27.76,-2.39,-28.87,-2.49,102.4,8.83
20260609,600568.SH,ST中珠,0.38,2.63,-73.55,-3.92,-88.97,-4.74,15.42,0.82,30.26,1.61,43.29,2.31
20260609,300279.SZ,和晶科技,1.35,7.49,-74.07,-0.58,0.0,0.0,-74.07,-0.58,1121.78,8.75,-1047.71,-8.17
20260609,000881.SZ,中广核技,0.95,7.44,-74.19,-0.41,-726.34,-4.04,652.15,3.62,954.54,5.3,-880.35,-4.89
20260609,301148.SZ,嘉戎技术,4.09,57.3,-74.36,-0.88,71.38,0.85,-145.74,-1.73,149.66,1.78,-75.31,-0.9
20260609,600081.SH,东风科技,-0.57,10.45,-74.56,-2.47,36.06,1.19,-110.62,-3.66,259.68,8.59,-185.12,-6.12
20260609,603052.SH,可川科技,2.36,89.63,-74.93,-0.17,-508.18,-1.16,433.24,0.99,699.33,1.6,-624.4,-1.43
20260609,300895.SZ,铜牛信息,0.95,55.06,-75.16,-0.28,-503.43,-1.9,428.26,1.62,202.43,0.77,-127.27,-0.48
20260609,603199.SH,九华旅游,-0.16,31.88,-75.53,-2.23,235.75,6.95,-311.28,-9.18,-396.12,-11.68,471.65,13.91
20260609,600463.SH,空港股份,-1.41,9.09,-75.62,-2.47,-2.24,-0.07,-73.38,-2.4,69.39,2.27,6.24,0.2
20260609,603023.SH,威帝股份,0.74,4.09,-75.85,-1.96,28.87,0.75,-104.72,-2.71,216.03,5.58,-140.18,-3.62
20260609,002124.SZ,天邦食品,-1.29,2.3,-76.72,-0.52,135.43,0.92,-212.15,-1.43,-656.83,-4.44,733.55,4.96
20260609,300902.SZ,国安达,0.28,14.49,-77.25,-2.82,0.0,0.0,-77.25,-2.82,-146.32,-5.34,223.57,8.15
20260609,002765.SZ,蓝黛科技,0.62,8.12,-77.33,-1.21,126.27,1.98,-203.6,-3.19,57.66,0.9,19.67,0.31
20260609,000863.SZ,三湘印象,-0.65,4.59,-77.36,-0.98,135.18,1.72,-212.54,-2.7,-250.27,-3.18,327.64,4.16
20260609,301163.SZ,宏德股份,0.04,25.0,-77.37,-2.86,0.0,0.0,-77.37,-2.86,22.25,0.82,55.12,2.04
20260609,600365.SH,ST通葡,-0.38,2.6,-77.77,-8.3,10.13,1.08,-87.9,-9.38,66.77,7.13,11.01,1.17
20260609,603991.SH,领先股份,3.85,105.2,-77.97,-0.46,134.93,0.8,-212.89,-1.27,-631.35,-3.76,709.32,4.22
20260609,603117.SH,万林物流,0.49,4.08,-77.99,-2.17,59.6,1.66,-137.59,-3.83,201.23,5.61,-123.24,-3.43
20260609,002908.SZ,德生科技,0.28,7.29,-78.08,-2.59,-130.85,-4.33,52.77,1.75,117.68,3.9,-39.6,-1.31
20260609,002427.SZ,尤夫股份,0.22,4.48,-78.13,-1.79,-118.5,-2.71,40.37,0.92,-417.89,-9.55,496.03,11.34
20260609,300884.SZ,狄耐克,1.69,10.83,-78.25,-1.27,0.0,0.0,-78.25,-1.27,441.82,7.18,-363.58,-5.91
20260609,601113.SH,华鼎股份,1.26,4.01,-78.47,-2.43,-160.03,-4.96,81.57,2.53,-157.0,-4.87,235.47,7.3
20260609,300509.SZ,新美星,-0.85,9.28,-78.81,-1.52,-95.35,-1.83,16.55,0.32,7.13,0.14,71.68,1.38
20260609,603528.SH,多伦科技,0.59,6.79,-78.85,-1.17,96.92,1.44,-175.77,-2.61,-611.8,-9.09,690.65,10.26
20260609,300107.SZ,建新股份,3.4,6.08,-78.87,-1.7,107.97,2.33,-186.83,-4.02,-297.86,-6.42,376.72,8.12
20260609,688533.SH,上声电子,-0.76,23.55,-78.93,-2.84,-142.32,-5.12,63.39,2.28,-158.44,-5.7,237.37,8.54
20260609,688185.SH,康希诺,0.12,50.38,-79.01,-1.39,155.23,2.73,-234.24,-4.12,70.02,1.23,8.99,0.16
20260609,002038.SZ,双鹭药业,0.18,5.47,-79.05,-0.81,200.47,2.05,-279.52,-2.86,-435.97,-4.46,515.02,5.27
20260609,000570.SZ,苏常柴Ａ,-0.19,5.34,-79.35,-1.46,0.0,0.0,-79.35,-1.46,320.4,5.91,-241.05,-4.45
20260609,603759.SH,海天股份,-0.13,7.68,-79.77,-4.2,102.61,5.4,-182.38,-9.6,8.15,0.43,71.62,3.77
20260609,000965.SZ,天保基建,-2.35,3.32,-79.87,-1.42,-158.25,-2.81,78.38,1.39,-180.06,-3.2,259.92,4.62
20260609,300596.SZ,利安隆,1.51,37.66,-79.99,-0.45,-5.25,-0.03,-74.74,-0.42,-1219.04,-6.88,1299.03,7.33
20260609,001222.SZ,源飞宠物,1.77,14.98,-80.5,-2.19,0.0,0.0,-80.5,-2.19,-93.91,-2.56,174.4,4.75
20260609,603679.SH,华体科技,6.82,17.86,-80.64,-0.32,-551.76,-2.21,471.11,1.89,980.73,3.93,-900.08,-3.61
20260609,603291.SH,联合水务,0.84,9.64,-80.65,-1.06,-155.36,-2.04,74.71,0.98,484.16,6.35,-403.51,-5.29
20260609,001324.SZ,长青科技,2.85,18.07,-80.8,-1.12,-192.62,-2.67,111.81,1.55,54.3,0.75,26.51,0.37
20260609,002623.SZ,亚玛顿,0.06,18.19,-81.3,-0.87,-216.51,-2.32,135.21,1.45,-195.52,-2.09,276.81,2.96
20260609,688459.SH,哈铁科技,-0.24,8.3,-81.54,-11.39,-0.85,-0.12,-80.69,-11.27,81.15,11.33,0.39,0.05
20260609,600796.SH,钱江生化,-0.98,5.07,-81.6,-3.52,-67.99,-2.93,-13.61,-0.59,109.35,4.72,-27.75,-1.2
20260609,600812.SH,华北制药,-0.23,4.34,-82.11,-1.98,51.11,1.23,-133.22,-3.22,55.32,1.34,26.79,0.65
20260609,688618.SH,三旺通信,2.94,32.88,-82.37,-1.26,-71.22,-1.09,-11.14,-0.17,127.74,1.96,-45.38,-0.69
20260609,301199.SZ,迈赫股份,-0.44,20.26,-83.23,-1.44,50.54,0.87,-133.77,-2.31,9.97,0.17,73.27,1.27
20260609,603882.SH,金域医学,5.08,24.6,-83.59,-0.48,-57.96,-0.33,-25.63,-0.15,-827.33,-4.78,910.92,5.26
20260609,300906.SZ,日月明,0.45,28.73,-83.69,-1.65,0.0,0.0,-83.69,-1.65,74.22,1.47,9.47,0.19
20260609,603261.SH,*ST立航,1.27,33.43,-84.1,-9.79,0.0,0.0,-84.1,-9.79,62.26,7.24,21.85,2.54
20260609,002309.SZ,中利集团,1.51,3.36,-84.29,-0.22,1062.97,2.83,-1147.27,-3.05,-1233.27,-3.28,1317.56,3.5
20260609,000619.SZ,海螺新材,-0.95,5.23,-84.32,-2.88,0.0,0.0,-84.32,-2.88,39.52,1.35,44.8,1.53
20260609,002234.SZ,民和股份,-3.99,6.98,-84.38,-1.01,-178.7,-2.13,94.33,1.12,568.38,6.78,-484.01,-5.77
20260609,002516.SZ,旷达科技,0.51,5.9,-84.38,-0.84,-103.72,-1.03,19.34,0.19,-185.58,-1.84,269.97,2.67
20260609,603325.SH,博隆技术,2.01,59.93,-85.05,-1.99,-20.43,-0.48,-64.62,-1.51,191.7,4.48,-106.65,-2.5
20260609,603768.SH,常青股份,-0.28,10.87,-85.1,-2.14,-5.93,-0.15,-79.17,-1.99,153.97,3.88,-68.87,-1.73
20260609,000721.SZ,西安饮食,-1.93,6.11,-85.31,-1.73,0.0,0.0,-85.31,-1.73,-298.46,-6.06,383.77,7.79
20260609,603130.SH,云中马,2.27,45.95,-85.39,-1.2,-370.22,-5.22,284.83,4.01,213.4,3.01,-128.02,-1.8
20260609,301278.SZ,快可电子,1.58,33.5,-85.64,-1.64,144.78,2.78,-230.42,-4.42,-231.64,-4.44,317.28,6.08
20260609,603566.SH,普莱柯,2.05,10.44,-85.71,-3.06,-178.94,-6.39,93.23,3.33,-37.8,-1.35,123.51,4.41
20260609,600420.SH,国药现代,-2.25,8.7,-86.02,-1.5,117.36,2.04,-203.38,-3.54,424.9,7.4,-338.88,-5.9
20260609,002864.SZ,盘龙药业,-0.89,27.91,-86.24,-3.01,0.0,0.0,-86.24,-3.01,-33.06,-1.15,119.29,4.17
20260609,001373.SZ,翔腾新材,2.15,34.74,-86.41,-1.87,0.0,0.0,-86.41,-1.87,122.13,2.64,-35.72,-0.77
20260609,601999.SH,出版传媒,0.86,5.87,-86.48,-2.96,22.62,0.77,-109.1,-3.73,-94.7,-3.24,181.18,6.19
20260609,000566.SZ,海南海药,0.52,3.9,-87.25,-1.1,-168.04,-2.12,80.79,1.02,-544.57,-6.87,631.82,7.97
20260609,603313.SH,梦百合,-0.19,5.25,-87.5,-2.13,-200.29,-4.87,112.79,2.74,-155.82,-3.79,243.32,5.92
20260609,688623.SH,双元科技,0.4,94.48,-87.69,-2.8,-10.06,-0.32,-77.63,-2.47,35.72,1.14,51.97,1.66
20260609,603081.SH,大丰实业,0.91,10.03,-87.8,-4.85,0.1,0.01,-87.9,-4.86,-80.02,-4.42,167.82,9.27
20260609,301353.SZ,普莱得,0.0,19.15,-87.95,-3.67,0.0,0.0,-87.95,-3.67,99.74,4.17,-11.79,-0.49
20260609,600608.SH,退市沪科,-10.0,0.18,-88.0,-10.94,-257.13,-31.97,169.13,21.03,74.91,9.31,13.08,1.63
20260609,688595.SH,芯海科技,0.97,37.57,-88.35,-0.31,310.47,1.08,-398.82,-1.39,1375.46,4.8,-1287.11,-4.49
20260609,002679.SZ,福建金森,-1.01,8.86,-88.37,-3.8,0.0,0.0,-88.37,-3.8,-14.27,-0.61,102.64,4.41
20260609,301206.SZ,三元生物,0.38,23.48,-88.46,-3.63,109.37,4.49,-197.83,-8.12,-30.31,-1.24,118.77,4.88
20260609,300834.SZ,星辉环材,2.61,47.15,-88.76,-0.55,-264.04,-1.64,175.29,1.09,-6.27,-0.04,95.03,0.59
20260609,301100.SZ,风光股份,1.5,15.54,-88.94,-4.14,0.0,0.0,-88.94,-4.14,20.05,0.93,68.89,3.21
20260609,300893.SZ,松原安全,-0.55,19.84,-89.33,-4.31,-1.59,-0.08,-87.74,-4.24,37.28,1.8,52.05,2.51
20260609,000850.SZ,华茂股份,-0.26,3.79,-89.96,-3.31,0.0,0.0,-89.96,-3.31,81.18,2.99,8.79,0.32
20260609,605500.SH,XD森林包,0.14,7.04,-90.04,-1.82,-8.27,-0.17,-81.76,-1.65,-249.71,-5.04,339.75,6.86
20260609,600180.SH,*ST瑞茂,-3.4,1.42,-90.51,-1.34,87.31,1.29,-177.82,-2.63,41.06,0.61,49.45,0.73
20260609,603817.SH,海峡环保,-0.5,5.94,-90.56,-2.26,-138.4,-3.45,47.85,1.19,88.0,2.19,2.56,0.06
20260609,301033.SZ,迈普医学,3.36,47.31,-90.66,-2.11,0.0,0.0,-90.66,-2.11,86.47,2.01,4.19,0.1
20260609,600739.SH,辽宁成大,-0.3,10.0,-90.82,-1.25,-1185.19,-16.3,1094.37,15.05,339.86,4.67,-249.04,-3.42
20260609,300993.SZ,玉马科技,-0.19,10.36,-91.04,-3.75,0.0,0.0,-91.04,-3.75,133.88,5.52,-42.83,-1.77
20260609,300555.SZ,ST路通,0.81,12.43,-91.1,-6.77,-221.58,-16.47,130.49,9.7,106.97,7.95,-15.87,-1.18
20260609,301517.SZ,陕西华达,2.01,53.91,-91.19,-0.51,717.9,3.98,-809.08,-4.49,608.07,3.37,-516.88,-2.87
20260609,002478.SZ,常宝股份,0.44,6.9,-91.21,-0.79,203.7,1.76,-294.91,-2.55,-693.28,-6.01,784.5,6.8
20260609,300011.SZ,鼎汉技术,0.66,6.12,-91.38,-2.37,12.22,0.32,-103.6,-2.68,123.95,3.21,-32.56,-0.84
20260609,688366.SH,昊海生科,-0.72,31.65,-91.43,-6.57,-36.75,-2.64,-54.68,-3.93,202.29,14.53,-110.86,-7.96
20260609,301073.SZ,君亭酒店,-0.48,20.58,-91.75,-1.57,150.02,2.57,-241.76,-4.14,-144.24,-2.47,235.99,4.04
20260609,300385.SZ,ST雪浪,1.32,14.6,-91.85,-1.07,26.39,0.31,-118.24,-1.38,223.16,2.61,-131.31,-1.54
20260609,301591.SZ,肯特股份,4.81,45.28,-92.46,-0.27,-441.38,-1.31,348.92,1.04,-832.98,-2.47,925.44,2.75
20260609,300798.SZ,锦鸡股份,1.38,7.37,-92.58,-1.24,0.0,0.0,-92.58,-1.24,210.76,2.82,-118.18,-1.58
20260609,600421.SH,退市华嵘,-9.09,0.3,-92.77,-19.42,-174.33,-36.49,81.56,17.07,62.69,13.12,30.08,6.3
20260609,300513.SZ,恒实科技,1.04,7.76,-92.85,-1.82,-183.1,-3.58,90.25,1.77,-103.19,-2.02,196.04,3.83
20260609,603518.SH,锦泓集团,0.0,8.31,-92.91,-2.57,-9.09,-0.25,-83.82,-2.31,170.16,4.7,-77.25,-2.13
20260609,300926.SZ,博俊科技,-0.16,19.14,-93.49,-1.46,0.0,0.0,-93.49,-1.46,149.64,2.34,-56.16,-0.88
20260609,600197.SH,伊力特,-1.9,10.84,-93.97,-2.12,-60.17,-1.35,-33.8,-0.76,-235.48,-5.3,329.46,7.42
20260609,000544.SZ,中原环保,-0.77,7.73,-94.49,-4.44,0.0,0.0,-94.49,-4.44,300.05,14.1,-205.56,-9.66
20260609,002724.SZ,海洋王,0.57,5.31,-94.58,-3.76,0.0,0.0,-94.58,-3.76,-1.54,-0.06,96.12,3.82
20260609,300140.SZ,节能环境,-1.07,5.54,-95.05,-1.28,0.0,0.0,-95.05,-1.28,383.76,5.15,-288.71,-3.87
20260609,605177.SH,东亚药业,9.98,22.48,-95.29,-0.72,264.79,2.0,-360.08,-2.72,-485.3,-3.67,580.59,4.39
20260609,300462.SZ,ST华铭,0.35,11.63,-95.35,-6.15,0.0,0.0,-95.35,-6.15,-6.9,-0.45,102.25,6.6
20260609,603583.SH,捷昌驱动,-1.08,25.59,-95.43,-0.65,-180.5,-1.23,85.07,0.58,300.02,2.04,-204.59,-1.39
20260609,603273.SH,天元智能,-0.14,14.5,-96.01,-4.12,-2.47,-0.11,-93.54,-4.01,2.8,0.12,93.22,4.0
20260609,600798.SH,宁波海运,-3.64,3.44,-96.02,-0.63,-428.36,-2.81,332.34,2.18,-52.51,-0.34,148.53,0.97
20260609,600778.SH,友好集团,-1.55,5.7,-96.27,-2.38,-142.76,-3.53,46.49,1.15,-165.32,-4.09,261.59,6.47
20260609,603166.SH,福达股份,-2.78,13.63,-96.35,-0.5,-169.68,-0.89,73.33,0.38,282.9,1.48,-186.55,-0.98
20260609,001278.SZ,一彬科技,0.41,17.3,-96.42,-1.72,-4.92,-0.09,-91.5,-1.63,-55.56,-0.99,151.98,2.71
20260609,688389.SH,普门科技,-0.36,11.02,-96.57,-5.48,-105.5,-5.99,8.93,0.51,118.1,6.7,-21.53,-1.22
20260609,300989.SZ,蕾奥规划,-0.7,14.15,-96.85,-2.36,-504.7,-12.3,407.85,9.94,386.59,9.42,-289.75,-7.06
20260609,600787.SH,中储股份,-1.09,4.54,-96.88,-1.29,-46.97,-0.63,-49.91,-0.66,710.25,9.45,-613.37,-8.16
20260609,000953.SZ,中哲精化,1.54,5.93,-96.88,-2.22,0.0,0.0,-96.88,-2.22,68.69,1.57,28.19,0.65
20260609,002762.SZ,*ST金比,0.6,8.43,-97.02,-9.14,-0.25,-0.02,-96.76,-9.11,-1.97,-0.19,98.99,9.32
20260609,001318.SZ,阳光乳业,-0.36,11.21,-97.38,-5.41,13.37,0.74,-110.75,-6.15,112.69,6.26,-15.31,-0.85
20260609,605058.SH,澳弘电子,1.57,36.85,-97.86,-0.56,466.37,2.66,-564.23,-3.22,-1154.83,-6.58,1252.69,7.14
20260609,600569.SH,安阳钢铁,-1.62,1.82,-98.07,-3.38,-162.59,-5.6,64.52,2.22,86.42,2.98,11.66,0.4
20260609,600846.SH,同济科技,-0.18,10.99,-98.27,-2.27,167.07,3.86,-265.34,-6.13,210.75,4.87,-112.48,-2.6
20260609,300008.SZ,天海防务,0.32,6.29,-99.1,-0.46,-885.58,-4.15,786.47,3.69,-388.24,-1.82,487.35,2.29
20260609,601068.SH,中铝国际,0.0,5.04,-99.21,-1.84,-66.19,-1.23,-33.02,-0.61,233.14,4.32,-133.94,-2.48
20260609,001218.SZ,丽臣实业,-1.06,24.29,-99.38,-2.42,0.0,0.0,-99.38,-2.42,190.32,4.64,-90.94,-2.22
20260609,688061.SH,灿瑞科技,6.11,35.97,-99.41,-1.49,-340.81,-5.11,241.4,3.62,-229.01,-3.43,328.42,4.92
20260609,301560.SZ,众捷汽车,1.08,29.82,-99.54,-1.75,0.0,0.0,-99.54,-1.75,81.15,1.43,18.4,0.32
20260609,300440.SZ,运达科技,2.46,18.74,-99.65,-0.63,319.33,2.03,-418.98,-2.66,945.05,6.0,-845.4,-5.37
20260609,301103.SZ,何氏眼科,0.0,16.25,-100.06,-4.23,0.0,0.0,-100.06,-4.23,117.65,4.97,-17.59,-0.74
20260609,300386.SZ,飞天诚信,-0.29,10.34,-100.21,-2.31,148.68,3.43,-248.89,-5.75,-308.06,-7.12,408.27,9.43
20260609,688302.SH,海创药业-U,-0.46,34.72,-100.82,-2.66,25.33,0.67,-126.16,-3.33,16.4,0.43,84.43,2.23
20260609,688701.SH,卓锦股份,-1.35,8.77,-100.85,-4.02,-242.96,-9.69,142.11,5.67,176.32,7.03,-75.47,-3.01
20260609,600576.SH,祥源文旅,-0.36,5.57,-101.28,-2.41,-410.82,-9.79,309.54,7.38,-199.82,-4.76,301.09,7.18
20260609,300211.SZ,*ST亿通,0.78,7.76,-101.62,-5.6,-38.5,-2.12,-63.12,-3.48,-44.16,-2.43,145.78,8.03
20260609,603107.SH,上海汽配,0.87,12.82,-101.75,-6.45,8.46,0.54,-110.22,-6.98,-146.9,-9.31,248.65,15.76
20260609,600648.SH,外高桥,-0.67,8.96,-102.39,-7.83,-72.65,-5.56,-29.74,-2.27,95.7,7.32,6.7,0.51
20260609,600724.SH,宁波富达,0.93,6.51,-102.49,-1.96,-116.45,-2.23,13.96,0.27,192.08,3.68,-89.59,-1.72
20260609,600725.SH,云维股份,-1.78,3.86,-102.5,-2.23,-49.37,-1.07,-53.12,-1.16,55.73,1.21,46.77,1.02
20260609,300773.SZ,拉卡拉,1.21,22.67,-102.53,-0.26,-1557.63,-3.93,1455.1,3.67,901.75,2.28,-799.22,-2.02
20260609,002687.SZ,乔治白,0.7,4.3,-102.67,-2.51,-118.49,-2.9,15.82,0.39,-93.42,-2.29,196.1,4.8
20260609,002592.SZ,ST八菱,0.29,6.85,-102.9,-7.83,0.0,0.0,-102.9,-7.83,-1.34,-0.1,104.24,7.94
20260609,603580.SH,*ST艾艾,0.04,22.47,-103.06,-4.7,3.9,0.18,-106.96,-4.88,58.37,2.66,44.7,2.04
20260609,688334.SH,西高院,1.16,18.31,-103.38,-5.12,-1.91,-0.09,-101.47,-5.03,-97.7,-4.84,201.09,9.97
20260609,301290.SZ,东星医疗,-0.2,30.64,-103.43,-1.34,-180.02,-2.33,76.58,0.99,234.99,3.05,-131.56,-1.71
20260609,002399.SZ,海普瑞,-0.53,9.35,-103.72,-3.01,-165.05,-4.78,61.33,1.78,33.19,0.96,70.52,2.04
20260609,300329.SZ,海伦钢琴,-0.66,12.13,-104.16,-3.58,-42.0,-1.44,-62.17,-2.14,-21.17,-0.73,125.33,4.31
20260609,300021.SZ,大禹节水,0.52,3.86,-104.59,-2.47,-157.03,-3.71,52.44,1.24,-104.18,-2.46,208.77,4.94
20260609,688377.SH,迪威尔,-10.56,25.58,-104.61,-0.72,-645.46,-4.47,540.85,3.74,-1442.98,-9.98,1547.58,10.71
20260609,603811.SH,诚意药业,0.29,10.48,-105.15,-3.98,-82.13,-3.11,-23.02,-0.87,68.34,2.59,36.81,1.39
20260609,000927.SZ,中国铁物,-0.8,2.49,-105.49,-0.81,-185.89,-1.42,80.39,0.62,-178.85,-1.37,284.34,2.18
20260609,301256.SZ,华融化学,3.86,11.56,-105.6,-1.31,0.0,0.0,-105.6,-1.31,-28.71,-0.36,134.31,1.66
20260609,002197.SZ,证通电子,0.48,6.31,-105.62,-1.25,0.0,0.0,-105.62,-1.25,-397.97,-4.7,503.59,5.94
20260609,300719.SZ,安达维尔,-1.42,12.53,-105.73,-1.81,-341.95,-5.84,236.22,4.04,363.37,6.21,-257.64,-4.4
20260609,300425.SZ,中建环能,-1.19,4.14,-105.94,-4.24,0.0,0.0,-105.94,-4.24,88.56,3.54,17.38,0.69
20260609,000985.SZ,大庆华科,-0.9,16.49,-106.1,-4.85,0.0,0.0,-106.1,-4.85,43.31,1.98,62.79,2.87
20260609,603310.SH,巍华新材,-1.83,15.54,-106.92,-1.97,-166.1,-3.06,59.17,1.09,328.14,6.05,-221.21,-4.08
20260609,603284.SH,林平发展,0.51,39.24,-107.12,-3.67,0.0,0.0,-107.12,-3.67,31.91,1.09,75.21,2.57
20260609,000615.SZ,*ST美谷,0.58,3.44,-107.37,-5.8,103.5,5.59,-210.87,-11.4,8.56,0.46,98.81,5.34
20260609,603997.SH,继峰股份,-0.92,14.04,-107.46,-0.32,249.2,0.73,-356.66,-1.05,769.94,2.26,-662.48,-1.94
20260609,603602.SH,纵横通信,4.15,13.54,-107.84,-1.01,-62.74,-0.59,-45.1,-0.42,12.23,0.11,95.61,0.89
20260609,300239.SZ,东宝生物,-0.21,4.78,-108.09,-3.5,-8.37,-0.27,-99.72,-3.22,227.98,7.37,-119.89,-3.88
20260609,688345.SH,博力威,1.76,48.03,-108.24,-2.03,-273.95,-5.13,165.71,3.1,33.27,0.62,74.96,1.4
20260609,002996.SZ,顺博合金,0.48,6.27,-108.51,-2.22,-126.67,-2.6,18.16,0.37,234.85,4.81,-126.35,-2.59
20260609,002670.SZ,国盛证券,0.09,11.37,-108.53,-0.26,-1586.32,-3.73,1477.78,3.47,2685.44,6.31,-2576.9,-6.06
20260609,603018.SH,华设集团,0.44,6.85,-109.01,-5.28,-2.18,-0.11,-106.84,-5.18,-96.64,-4.68,205.65,9.97
20260609,001225.SZ,和泰机电,0.97,44.89,-109.47,-1.91,-263.67,-4.61,154.2,2.7,69.81,1.22,39.66,0.69
20260609,301119.SZ,正强股份,-0.03,32.89,-110.35,-2.95,-16.41,-0.44,-93.94,-2.51,27.2,0.73,83.15,2.22
20260609,605333.SH,沪光股份,-0.26,19.21,-110.48,-2.88,-65.3,-1.7,-45.18,-1.18,-150.42,-3.92,260.9,6.8
20260609,300523.SZ,辰安科技,-1.11,20.55,-110.74,-1.38,-130.03,-1.62,19.28,0.24,505.51,6.3,-394.77,-4.92
20260609,300445.SZ,康斯特,-1.29,22.97,-111.05,-0.91,-29.72,-0.24,-81.34,-0.66,311.59,2.54,-200.54,-1.64
20260609,301491.SZ,汉桑科技,1.46,41.8,-111.07,-5.42,-109.1,-5.32,-1.98,-0.1,-10.78,-0.53,121.86,5.95
20260609,600298.SH,安琪酵母,1.27,35.09,-111.57,-0.46,162.9,0.68,-274.47,-1.14,675.12,2.8,-563.54,-2.34
20260609,603717.SH,天域生物,-0.45,6.62,-111.91,-2.08,-111.37,-2.07,-0.54,-0.01,422.1,7.86,-310.19,-5.78
20260609,603616.SH,韩建河山,9.95,7.29,-112.48,-1.62,-46.36,-0.67,-66.12,-0.95,342.28,4.93,-229.8,-3.31
20260609,603097.SH,江苏华辰,-0.32,25.02,-112.69,-2.54,-58.59,-1.32,-54.11,-1.22,-278.83,-6.29,391.53,8.83
20260609,688426.SH,康为世纪,0.88,17.19,-112.71,-4.73,0.0,0.0,-112.71,-4.73,20.41,0.86,92.3,3.87
20260609,300637.SZ,扬帆新材,4.69,10.04,-112.74,-1.27,0.0,0.0,-112.74,-1.27,-355.98,-4.0,468.72,5.26
20260609,002694.SZ,*ST顾地,-2.04,2.4,-114.15,-11.77,0.0,0.0,-114.15,-11.77,29.61,3.05,84.55,8.72
20260609,300571.SZ,平治信息,1.08,43.0,-114.31,-0.24,-454.73,-0.94,340.42,0.7,-1069.17,-2.21,1183.48,2.45
20260609,688026.SH,洁特生物,-0.39,12.9,-114.4,-5.87,-81.37,-4.17,-33.03,-1.69,161.69,8.29,-47.28,-2.42
20260609,600232.SH,金鹰股份,-1.68,7.04,-114.82,-3.42,-128.77,-3.84,13.95,0.42,91.77,2.74,23.04,0.69
20260609,301556.SZ,托普云农,0.83,65.81,-115.54,-1.67,-266.32,-3.86,150.78,2.18,-161.2,-2.33,276.75,4.01
20260609,300335.SZ,迪森股份,0.72,5.57,-115.63,-1.53,-706.9,-9.32,591.27,7.8,-75.23,-0.99,190.86,2.52
20260609,603590.SH,康辰药业,0.1,29.47,-116.06,-1.97,-200.87,-3.4,84.81,1.44,-83.47,-1.41,199.54,3.38
20260609,301299.SZ,卓创资讯,1.04,49.45,-116.61,-2.21,-215.19,-4.07,98.59,1.87,-432.83,-8.19,549.44,10.4
20260609,688712.SH,北芯生命,1.31,37.99,-117.0,-2.01,97.0,1.66,-214.01,-3.67,202.12,3.47,-85.12,-1.46
20260609,300349.SZ,金卡智能,0.34,11.76,-117.19,-1.07,-555.29,-5.06,438.1,3.99,226.13,2.06,-108.93,-0.99
20260609,002511.SZ,中顺洁柔,-0.59,6.78,-117.3,-1.37,0.0,0.0,-117.3,-1.37,352.94,4.14,-235.64,-2.76
20260609,001206.SZ,依依股份,-0.69,15.8,-117.58,-4.25,-127.8,-4.62,10.22,0.37,-49.32,-1.78,166.91,6.04
20260609,001296.SZ,长江材料,-0.58,18.89,-118.49,-4.16,0.0,0.0,-118.49,-4.16,-13.9,-0.49,132.4,4.65
20260609,002205.SZ,国统股份,0.57,12.25,-118.56,-3.79,0.0,0.0,-118.56,-3.79,27.49,0.88,91.07,2.91
20260609,600732.SH,爱旭股份,2.52,10.97,-118.62,-0.4,-228.66,-0.77,110.04,0.37,-2112.47,-7.11,2231.09,7.51
20260609,002873.SZ,新天药业,0.61,8.25,-118.88,-2.38,-121.2,-2.43,2.32,0.05,-200.56,-4.02,319.43,6.4
20260609,601339.SH,百隆东方,1.13,7.16,-119.34,-2.32,-93.6,-1.82,-25.75,-0.5,-115.64,-2.25,234.98,4.58
20260609,300148.SZ,天舟文化,0.57,3.53,-119.52,-2.06,97.7,1.69,-217.22,-3.75,3.7,0.06,115.83,2.0
20260609,601008.SH,连云港,-1.11,4.44,-119.82,-2.93,-11.09,-0.27,-108.73,-2.66,296.03,7.24,-176.21,-4.31
20260609,300942.SZ,易瑞生物,1.92,6.37,-120.09,-3.55,0.0,0.0,-120.09,-3.55,-151.14,-4.47,271.23,8.02
20260609,300374.SZ,中铁装配,-0.68,11.71,-120.24,-3.6,1.76,0.05,-121.99,-3.65,103.39,3.1,16.85,0.5
20260609,002939.SZ,长城证券,0.64,7.91,-120.31,-0.96,-89.49,-0.71,-30.82,-0.24,79.73,0.63,40.59,0.32
20260609,001230.SZ,劲旅环境,1.6,25.4,-120.44,-2.12,-149.32,-2.63,28.88,0.51,434.65,7.66,-314.21,-5.54
20260609,002978.SZ,安宁股份,1.21,25.84,-120.44,-1.56,31.97,0.41,-152.41,-1.98,-285.45,-3.7,405.89,5.26
20260609,300978.SZ,东箭科技,0.32,9.36,-120.48,-4.12,-132.96,-4.55,12.48,0.43,-23.07,-0.79,143.55,4.91
20260609,300550.SZ,和仁科技,5.19,15.0,-120.8,-0.83,-168.04,-1.15,47.24,0.32,-981.5,-6.71,1102.3,7.54
20260609,603992.SH,松霖科技,-2.42,30.63,-120.9,-0.54,-279.54,-1.24,158.64,0.7,610.54,2.71,-489.64,-2.17
20260609,605378.SH,野马电池,1.21,15.87,-121.3,-4.29,0.31,0.01,-121.61,-4.3,-5.97,-0.21,127.27,4.51
20260609,688157.SH,松井股份,0.26,26.99,-121.74,-3.82,0.0,0.0,-121.74,-3.82,152.69,4.79,-30.95,-0.97
20260609,688511.SH,天微电子,1.7,24.51,-121.82,-2.09,-22.86,-0.39,-98.96,-1.7,214.12,3.67,-92.3,-1.58
20260609,600469.SH,风神股份,0.0,5.65,-121.85,-4.84,-80.46,-3.2,-41.39,-1.64,132.49,5.26,-10.64,-0.42
20260609,301022.SZ,海泰科,0.0,26.35,-121.99,-3.77,130.75,4.04,-252.74,-7.81,83.68,2.59,38.31,1.18
20260609,603877.SH,太平鸟,-3.56,13.56,-123.59,-1.27,-318.65,-3.27,195.06,2.0,1127.34,11.56,-1003.75,-10.29
20260609,000756.SZ,新华制药,-1.04,12.35,-123.83,-2.7,-86.22,-1.88,-37.61,-0.82,-187.34,-4.09,311.17,6.79
20260609,002753.SZ,永东股份,0.31,6.55,-123.87,-4.37,-71.63,-2.53,-52.23,-1.84,-95.61,-3.37,219.47,7.74
20260609,301552.SZ,科力装备,1.23,25.47,-124.15,-6.55,0.0,0.0,-124.15,-6.55,128.11,6.76,-3.97,-0.21
20260609,603177.SH,德创环保,-0.73,9.53,-124.3,-4.66,-179.74,-6.74,55.44,2.08,73.76,2.76,50.54,1.89
20260609,300161.SZ,华中数控,1.68,32.75,-124.34,-0.51,-145.63,-0.6,21.29,0.09,-394.81,-1.63,519.15,2.14
20260609,688203.SH,海正生材,0.27,11.26,-124.43,-3.51,-182.54,-5.14,58.11,1.64,137.66,3.88,-13.23,-0.37
20260609,000906.SZ,浙商中拓,0.18,5.66,-124.5,-2.58,177.17,3.68,-301.67,-6.26,525.75,10.91,-401.25,-8.33
20260609,301223.SZ,中荣股份,-0.31,16.08,-124.53,-7.66,0.0,0.0,-124.53,-7.66,78.29,4.81,46.24,2.84
20260609,001300.SZ,三柏硕,-0.38,15.71,-124.78,-2.33,232.13,4.34,-356.91,-6.67,-6.03,-0.11,130.81,2.45
20260609,600853.SH,龙建股份,-1.14,3.46,-124.94,-4.42,-52.14,-1.85,-72.79,-2.58,22.57,0.8,102.37,3.62
20260609,301499.SZ,维科精密,2.4,32.9,-125.65,-1.34,-111.85,-1.19,-13.8,-0.15,-837.82,-8.95,963.47,10.29
20260609,300417.SZ,南华仪器,-0.5,12.04,-126.08,-2.22,0.0,0.0,-126.08,-2.22,223.01,3.93,-96.93,-1.71
20260609,603153.SH,上海建科,1.15,14.06,-126.18,-8.94,0.0,0.0,-126.18,-8.94,-72.94,-5.17,199.12,14.1
20260609,002107.SZ,沃华医药,-0.83,6.0,-126.32,-2.3,-170.55,-3.11,44.23,0.81,311.63,5.68,-185.31,-3.38
20260609,603839.SH,安正时尚,-3.96,6.54,-126.33,-2.8,-14.28,-0.32,-112.05,-2.48,280.13,6.21,-153.8,-3.41
20260609,300961.SZ,深水海纳,-1.2,11.56,-126.76,-2.83,1.69,0.04,-128.45,-2.87,43.78,0.98,82.98,1.85
20260609,000070.SZ,特发信息,5.8,19.53,-127.49,-0.06,1603.19,0.81,-1730.69,-0.88,-2044.97,-1.03,2172.47,1.1
20260609,300093.SZ,*ST金刚,1.6,22.26,-128.22,-2.43,-222.77,-4.22,94.55,1.79,22.14,0.42,106.08,2.01
20260609,200581.SZ,苏威孚Ｂ,-1.18,13.35,-128.4,-28.78,0.0,0.0,-128.4,-28.78,102.35,22.94,26.05,5.84
20260609,002887.SZ,绿茵生态,-0.88,12.43,-128.69,-3.59,3.37,0.09,-132.07,-3.69,199.37,5.57,-70.67,-1.97
20260609,688057.SH,金达莱,-0.96,13.38,-129.56,-2.2,212.37,3.61,-341.93,-5.81,265.4,4.51,-135.84,-2.31
20260609,603630.SH,拉芳家化,1.08,13.15,-129.98,-2.62,-62.88,-1.27,-67.1,-1.35,-450.41,-9.08,580.38,11.7
20260609,002612.SZ,朗姿股份,-0.33,12.21,-130.07,-2.97,-105.59,-2.41,-24.48,-0.56,180.31,4.12,-50.25,-1.15
20260609,603868.SH,飞科电器,-0.09,33.45,-130.35,-2.21,-122.03,-2.07,-8.32,-0.14,225.54,3.82,-95.19,-1.61
20260609,603227.SH,雪峰科技,-0.62,8.08,-130.44,-2.09,245.1,3.93,-375.55,-6.02,251.11,4.02,-120.66,-1.93
20260609,301129.SZ,瑞纳智能,0.73,24.73,-130.64,-2.53,0.0,0.0,-130.64,-2.53,-218.54,-4.24,349.18,6.77
20260609,001259.SZ,利仁科技,-0.35,68.21,-130.71,-0.63,-207.68,-1.0,76.97,0.37,-400.01,-1.92,530.71,2.55
20260609,600071.SH,凤凰光学,0.47,17.2,-130.78,-2.29,-379.1,-6.63,248.31,4.34,54.41,0.95,76.38,1.34
20260609,300094.SZ,国联水产,0.0,2.81,-131.07,-1.91,0.0,0.0,-131.07,-1.91,-259.31,-3.77,390.38,5.67
20260609,301599.SZ,理奇智能,0.51,49.58,-131.25,-0.38,-294.01,-0.84,162.76,0.47,-364.91,-1.05,496.16,1.43
20260609,002919.SZ,名臣健康,1.44,21.07,-131.33,-1.64,1.29,0.02,-132.62,-1.66,118.61,1.48,12.72,0.16
20260609,300966.SZ,共同药业,-0.91,25.01,-131.96,-2.96,0.0,0.0,-131.96,-2.96,-9.58,-0.21,141.54,3.17
20260609,000698.SZ,ST沈化,-0.9,3.32,-132.04,-11.1,0.0,0.0,-132.04,-11.1,-147.29,-12.38,279.33,23.48
20260609,603999.SH,读者传媒,0.72,5.6,-132.23,-3.41,-108.28,-2.79,-23.94,-0.62,-7.33,-0.19,139.56,3.6
20260609,002830.SZ,名雕股份,-0.21,14.52,-132.54,-2.65,0.0,0.0,-132.54,-2.65,-58.98,-1.18,191.52,3.83
20260609,000573.SZ,粤宏远Ａ,-0.95,4.19,-133.05,-1.61,-230.3,-2.8,97.25,1.18,443.91,5.39,-310.86,-3.77
20260609,200625.SZ,长  安Ｂ,0.0,3.38,-133.58,-19.88,0.0,0.0,-133.58,-19.88,71.56,10.65,62.02,9.23
20260609,300447.SZ,全信股份,1.03,15.76,-133.61,-1.95,0.0,0.0,-133.61,-1.95,-155.65,-2.27,289.26,4.22
20260609,002296.SZ,辉煌科技,1.33,9.87,-133.94,-2.26,-215.15,-3.62,81.2,1.37,139.68,2.35,-5.74,-0.1
20260609,600616.SH,金枫酒业,-1.17,4.22,-134.15,-4.94,45.28,1.67,-179.44,-6.61,234.49,8.64,-100.34,-3.7
20260609,301327.SZ,华宝新能,0.82,53.04,-134.48,-2.13,-0.48,-0.01,-134.0,-2.12,-331.42,-5.25,465.9,7.38
20260609,000777.SZ,中核科技,0.78,16.75,-134.78,-1.36,-137.51,-1.39,2.74,0.03,-850.9,-8.59,985.67,9.95
20260609,300168.SZ,万达信息,2.04,5.01,-134.89,-1.68,100.6,1.25,-235.49,-2.93,156.5,1.95,-21.6,-0.27
20260609,002528.SZ,*ST英飞,0.41,4.87,-135.13,-2.27,-110.25,-1.86,-24.89,-0.42,132.47,2.23,2.66,0.04
20260609,688602.SH,康鹏科技,2.21,6.95,-136.42,-3.11,-65.96,-1.5,-70.46,-1.61,-145.34,-3.31,281.76,6.43
20260609,688237.SH,超卓航科,-0.77,46.27,-137.4,-2.64,-347.86,-6.69,210.45,4.05,-5.19,-0.1,142.59,2.74
20260609,002880.SZ,卫光生物,-1.0,22.74,-137.43,-6.46,-148.35,-6.98,10.91,0.51,27.13,1.28,110.3,5.19
20260609,605008.SH,长鸿高科,0.76,10.66,-138.74,-6.81,0.0,0.0,-138.74,-6.81,11.92,0.59,126.82,6.23
20260609,603636.SH,南威软件,1.97,8.78,-139.13,-1.62,-124.01,-1.44,-15.12,-0.18,-60.97,-0.71,200.1,2.33
20260609,002022.SZ,科华生物,-0.19,5.13,-139.86,-4.82,59.69,2.06,-199.55,-6.87,-75.71,-2.61,215.56,7.42
20260609,002802.SZ,洪汇新材,0.0,12.08,-139.87,-3.99,-291.15,-8.31,151.28,4.32,-12.31,-0.35,152.18,4.34
20260609,300210.SZ,森远股份,0.6,10.12,-139.99,-1.04,-86.34,-0.64,-53.66,-0.4,934.33,6.93,-794.34,-5.89
20260609,300370.SZ,安控科技,-2.02,2.43,-140.02,-2.39,0.0,0.0,-140.02,-2.39,-36.75,-0.63,176.77,3.02
20260609,688159.SH,有方科技,3.85,43.75,-140.11,-0.98,-55.7,-0.39,-84.41,-0.59,-603.6,-4.24,743.71,5.22
20260609,300460.SZ,ST惠伦,1.46,9.04,-140.24,-4.31,0.0,0.0,-140.24,-4.31,-82.71,-2.54,222.95,6.86
20260609,301211.SZ,亨迪药业,0.52,9.58,-140.32,-5.62,-139.4,-5.58,-0.93,-0.04,58.1,2.33,82.23,3.29
20260609,603435.SH,嘉德利,2.09,78.08,-140.71,-0.25,2013.2,3.51,-2153.92,-3.76,-1685.13,-2.94,1825.85,3.19
20260609,200725.SZ,京东方Ｂ,0.63,4.76,-140.76,-6.25,175.89,7.81,-316.65,-14.07,47.18,2.1,93.59,4.16
20260609,300712.SZ,永福股份,-0.52,21.06,-140.98,-3.66,-111.22,-2.89,-29.76,-0.77,-207.65,-5.4,348.63,9.06
20260609,600215.SH,派斯林,-1.35,6.6,-141.24,-1.95,-247.1,-3.42,105.86,1.47,369.17,5.11,-227.93,-3.15
20260609,603037.SH,凯众股份,-0.96,12.35,-141.27,-2.84,261.41,5.25,-402.69,-8.08,-265.09,-5.32,406.36,8.16
20260609,002307.SZ,北新路桥,0.52,3.84,-141.64,-3.55,-277.96,-6.97,136.32,3.42,-156.65,-3.93,298.3,7.48
20260609,000679.SZ,大连友谊,-0.97,6.1,-141.92,-4.78,0.0,0.0,-141.92,-4.78,221.33,7.46,-79.41,-2.68
20260609,600681.SH,百川能源,-1.39,3.55,-141.95,-2.92,48.36,1.0,-190.31,-3.92,-361.07,-7.43,503.02,10.36
20260609,301192.SZ,泰祥股份,1.4,21.74,-142.0,-3.32,-130.68,-3.05,-11.32,-0.26,59.01,1.38,82.99,1.94
20260609,603231.SH,索宝蛋白,-0.52,15.36,-142.46,-7.91,-223.99,-12.44,81.52,4.53,16.56,0.92,125.91,6.99
20260609,603722.SH,阿科力,4.38,35.96,-143.23,-1.81,-230.75,-2.92,87.52,1.11,223.33,2.83,-80.1,-1.01
20260609,603979.SH,金诚信,4.57,69.16,-143.41,-0.32,640.6,1.44,-784.01,-1.76,-845.49,-1.89,988.9,2.22
20260609,300167.SZ,ST迪威迅,0.0,4.8,-143.48,-7.86,0.0,0.0,-143.48,-7.86,9.7,0.53,133.78,7.33
20260609,301036.SZ,双乐股份,2.22,23.44,-143.86,-5.11,-87.36,-3.1,-56.5,-2.01,55.91,1.98,87.95,3.12
20260609,000423.SZ,东阿阿胶,-0.04,49.08,-143.95,-0.78,242.77,1.32,-386.72,-2.1,-711.52,-3.86,855.48,4.65
20260609,001312.SZ,福恩股份,0.1,19.72,-144.05,-3.1,159.96,3.44,-304.02,-6.54,-100.69,-2.17,244.74,5.26
20260609,001220.SZ,世盟股份,0.26,30.56,-144.38,-5.25,-14.02,-0.51,-130.36,-4.74,123.09,4.48,21.29,0.77
20260609,603359.SH,*ST东珠,-1.79,2.75,-144.41,-4.3,4.24,0.13,-148.65,-4.42,85.46,2.54,58.95,1.75
20260609,002349.SZ,精华制药,0.77,6.55,-144.45,-4.24,-5.24,-0.15,-139.21,-4.08,-105.97,-3.11,250.42,7.35
20260609,603209.SH,兴通股份,1.31,13.14,-144.47,-6.05,-0.13,-0.01,-144.34,-6.04,222.94,9.33,-78.47,-3.28
20260609,600333.SH,长春燃气,-1.96,5.49,-144.57,-2.02,-73.12,-1.02,-71.46,-1.0,399.98,5.6,-255.41,-3.58
20260609,688084.SH,晶品特装,0.27,48.22,-144.61,-2.23,-1.11,-0.02,-143.5,-2.21,-285.54,-4.4,430.15,6.63
20260609,600192.SH,长城电工,0.29,7.01,-144.74,-3.68,76.95,1.95,-221.69,-5.63,-90.31,-2.29,235.05,5.97
20260609,002799.SZ,环球印务,0.14,7.05,-145.21,-4.38,0.0,0.0,-145.21,-4.38,32.33,0.98,112.88,3.41
20260609,002722.SZ,物产金轮,-0.15,12.95,-145.3,-4.7,0.0,0.0,-145.3,-4.7,64.28,2.08,81.02,2.62
20260609,300318.SZ,博晖创新,0.21,4.71,-145.39,-5.96,0.0,0.0,-145.39,-5.96,42.97,1.76,102.42,4.2
20260609,301558.SZ,三态股份,0.3,6.69,-145.52,-3.85,0.0,0.0,-145.52,-3.85,83.74,2.22,61.78,1.63
20260609,002742.SZ,三圣股份,1.27,3.98,-145.58,-6.74,0.0,0.0,-145.58,-6.74,-221.69,-10.26,367.27,17.0
20260609,600119.SH,*ST长投,-1.77,4.99,-145.85,-7.06,45.66,2.21,-191.51,-9.27,-115.84,-5.61,261.68,12.67
20260609,600250.SH,南京商旅,-1.23,8.86,-146.0,-2.33,-128.21,-2.05,-17.79,-0.28,-432.85,-6.92,578.85,9.25
20260609,300380.SZ,安硕信息,1.68,30.24,-146.45,-2.28,-117.13,-1.82,-29.33,-0.46,-636.26,-9.91,782.71,12.19
20260609,300793.SZ,佳禾智能,0.87,12.73,-146.94,-2.49,0.0,0.0,-146.94,-2.49,-213.88,-3.63,360.82,6.12
20260609,000410.SZ,沈阳机床,-0.19,5.3,-147.49,-1.22,-571.64,-4.71,424.15,3.49,783.07,6.45,-635.58,-5.24
20260609,600698.SH,湖南天雁,0.97,6.24,-147.51,-3.39,-135.88,-3.12,-11.63,-0.27,-187.56,-4.31,335.06,7.7
20260609,301227.SZ,森鹰窗业,2.92,22.21,-147.68,-4.0,25.73,0.7,-173.41,-4.7,246.63,6.69,-98.94,-2.68
20260609,601033.SH,永兴股份,-0.85,13.99,-147.72,-3.97,-8.74,-0.23,-138.99,-3.74,147.06,3.95,0.66,0.02
20260609,688696.SH,极米科技,-0.72,70.79,-147.86,-3.48,-259.83,-6.12,111.97,2.64,175.9,4.15,-28.04,-0.66
20260609,600718.SH,东软集团,0.12,8.07,-148.63,-2.08,-100.68,-1.41,-47.95,-0.67,469.99,6.57,-321.36,-4.5
20260609,002492.SZ,恒基达鑫,0.52,5.85,-148.69,-3.76,0.0,0.0,-148.69,-3.76,17.24,0.44,131.45,3.32
20260609,688369.SH,致远互联,3.6,22.16,-148.82,-1.78,-157.25,-1.88,8.43,0.1,-156.32,-1.87,305.14,3.65
20260609,002507.SZ,涪陵榨菜,-0.44,11.41,-148.84,-1.99,-291.48,-3.9,142.64,1.91,351.95,4.7,-203.12,-2.71
20260609,000096.SZ,广聚能源,-1.39,7.8,-149.01,-3.99,-23.02,-0.62,-125.99,-3.37,-307.72,-8.24,456.72,12.23
20260609,002615.SZ,哈尔斯,-0.37,8.16,-149.13,-1.55,-250.37,-2.6,101.24,1.05,537.68,5.59,-388.55,-4.04
20260609,600917.SH,重庆燃气,-0.79,5.01,-149.45,-8.34,-11.64,-0.65,-137.81,-7.69,-106.13,-5.92,255.59,14.27
20260609,000576.SZ,甘化科工,0.71,7.12,-150.54,-3.73,0.0,0.0,-150.54,-3.73,-183.11,-4.54,333.66,8.27
20260609,003017.SZ,大洋生物,0.6,26.66,-150.58,-5.16,-108.94,-3.73,-41.64,-1.43,62.45,2.14,88.13,3.02
20260609,002483.SZ,润邦股份,-0.9,5.49,-151.16,-2.84,-72.02,-1.35,-79.15,-1.48,79.15,1.48,72.01,1.35
20260609,002857.SZ,三晖电气,-0.52,17.18,-151.39,-2.09,0.0,0.0,-151.39,-2.09,-597.65,-8.25,749.04,10.34
20260609,601139.SH,深圳燃气,-1.12,6.2,-152.45,-1.34,102.19,0.9,-254.65,-2.25,-72.22,-0.64,224.67,1.98
20260609,002521.SZ,齐峰新材,2.0,7.14,-152.51,-3.32,-178.75,-3.89,26.24,0.57,190.22,4.13,-37.71,-0.82
20260609,001323.SZ,慕思股份,-1.94,18.66,-152.82,-5.12,-113.25,-3.79,-39.57,-1.33,-21.48,-0.72,174.29,5.84
20260609,002088.SZ,鲁阳节能,-1.08,8.22,-152.87,-7.21,-140.27,-6.62,-12.6,-0.59,-17.18,-0.81,170.05,8.02
20260609,603421.SH,鼎信通讯,1.03,6.89,-153.25,-3.05,-281.54,-5.61,128.29,2.56,-144.34,-2.88,297.59,5.93
20260609,300837.SZ,浙矿股份,0.0,26.93,-153.77,-2.84,0.0,0.0,-153.77,-2.84,-49.36,-0.91,203.13,3.75
20260609,301061.SZ,匠心家居,-0.25,39.77,-154.03,-2.08,136.25,1.84,-290.27,-3.92,-556.44,-7.51,710.47,9.59
20260609,600825.SH,新华传媒,-3.67,5.25,-154.19,-0.9,27.45,0.16,-181.64,-1.06,-1487.12,-8.71,1641.31,9.61
20260609,002198.SZ,ST嘉应,-0.52,3.79,-154.23,-6.95,0.0,0.0,-154.23,-6.95,-119.77,-5.4,274.0,12.35
20260609,301501.SZ,恒鑫生活,-0.48,27.09,-154.42,-8.08,-5.48,-0.29,-148.94,-7.8,-92.92,-4.86,247.34,12.95
20260609,600543.SH,*ST莫高,-1.14,4.32,-154.45,-9.06,-234.58,-13.76,80.13,4.7,141.43,8.3,13.01,0.76
20260609,300933.SZ,中辰股份,1.78,6.88,-154.85,-2.08,6.16,0.08,-161.01,-2.16,423.01,5.69,-268.16,-3.6
20260609,600927.SH,永安期货,-0.65,12.31,-154.9,-2.76,-8.86,-0.16,-146.04,-2.6,520.61,9.28,-365.71,-6.52
20260609,600097.SH,开创国际,-0.81,8.61,-155.06,-6.49,-16.53,-0.69,-138.53,-5.8,71.84,3.01,83.22,3.48
20260609,600161.SH,天坛生物,0.71,12.78,-155.45,-1.4,-858.65,-7.72,703.2,6.32,-0.36,0.0,155.81,1.4
20260609,688373.SH,盟科药业-U,2.24,4.56,-155.71,-3.26,-105.51,-2.21,-50.2,-1.05,-81.75,-1.71,237.46,4.97
20260609,000999.SZ,华润三九,0.75,24.25,-155.95,-0.95,46.71,0.29,-202.66,-1.24,-246.38,-1.51,402.33,2.46
20260609,002474.SZ,榕基软件,1.6,6.98,-156.22,-1.37,-120.63,-1.06,-35.59,-0.31,4.77,0.04,151.45,1.33
20260609,300668.SZ,杰恩股份,0.42,55.15,-156.44,-0.76,821.59,3.98,-978.02,-4.74,-681.45,-3.3,837.88,4.06
20260609,000017.SZ,深中华A,1.39,5.12,-157.75,-3.6,0.0,0.0,-157.75,-3.6,-295.52,-6.75,453.27,10.35
20260609,603205.SH,健尔康,-0.18,22.61,-158.21,-13.13,0.0,0.0,-158.21,-13.13,-42.39,-3.52,200.6,16.65
20260609,301057.SZ,汇隆新材,-4.04,27.3,-158.85,-1.56,182.34,1.79,-341.19,-3.35,72.88,0.72,85.97,0.85
20260609,000885.SZ,城发环境,-0.86,12.66,-159.8,-4.02,39.27,0.99,-199.07,-5.01,707.47,17.79,-547.67,-13.77
20260609,605507.SH,国邦医药,-2.17,15.36,-159.95,-2.22,-132.95,-1.84,-27.0,-0.37,678.27,9.39,-518.32,-7.18
20260609,300826.SZ,测绘股份,-0.11,18.24,-160.08,-1.32,-339.14,-2.79,179.07,1.48,351.77,2.9,-191.7,-1.58
20260609,688113.SH,联测科技,1.37,39.33,-160.18,-4.6,-142.38,-4.09,-17.8,-0.51,195.12,5.6,-34.95,-1.0
20260609,688399.SH,硕世生物,0.79,47.29,-160.22,-3.54,2.39,0.05,-162.61,-3.59,-4.64,-0.1,164.86,3.64
20260609,002551.SZ,尚荣医疗,-0.67,2.97,-160.32,-4.9,0.0,0.0,-160.32,-4.9,-15.11,-0.46,175.43,5.36
20260609,301122.SZ,采纳股份,-1.21,25.4,-160.66,-2.67,23.11,0.38,-183.77,-3.06,-494.8,-8.24,655.46,10.91
20260609,301006.SZ,迈拓股份,1.04,14.56,-160.86,-5.19,-4.71,-0.15,-156.15,-5.04,126.89,4.09,33.97,1.1
20260609,688081.SH,兴图新科,1.11,48.44,-161.23,-2.59,270.62,4.34,-431.85,-6.93,-2.11,-0.03,163.34,2.62
20260609,600448.SH,华纺股份,-2.01,2.92,-161.67,-2.7,138.3,2.31,-299.97,-5.01,-112.15,-1.87,273.82,4.58
20260609,600493.SH,凤竹纺织,-0.33,6.11,-162.08,-5.2,-12.19,-0.39,-149.89,-4.81,-40.46,-1.3,202.54,6.5
20260609,603378.SH,*ST亚士,0.85,5.95,-162.89,-1.49,233.91,2.14,-396.8,-3.63,39.75,0.36,123.14,1.13
20260609,003029.SZ,吉大正元,1.61,18.34,-163.24,-4.49,-131.85,-3.63,-31.4,-0.86,13.85,0.38,149.39,4.11
20260609,300246.SZ,宝莱特,2.97,16.29,-163.79,-1.34,-456.8,-3.74,293.02,2.4,-68.7,-0.56,232.49,1.9
20260609,605199.SH,ST葫芦娃,-0.47,6.37,-164.35,-17.26,-2.42,-0.25,-161.92,-17.01,80.32,8.44,84.03,8.83
20260609,603075.SH,热威股份,-2.03,23.2,-164.39,-2.31,4.62,0.06,-169.01,-2.38,-139.92,-1.97,304.32,4.28
20260609,300696.SZ,爱乐达,2.03,29.7,-164.82,-1.15,330.3,2.3,-495.12,-3.45,454.18,3.16,-289.36,-2.02
20260609,300485.SZ,赛升药业,-0.12,8.67,-165.6,-4.68,0.0,0.0,-165.6,-4.68,61.66,1.74,103.94,2.94
20260609,600980.SH,北矿科技,0.74,20.45,-165.61,-2.59,-54.46,-0.85,-111.15,-1.74,-164.16,-2.57,329.77,5.16
20260609,603788.SH,宁波高发,1.34,15.17,-166.17,-6.86,-258.1,-10.65,91.93,3.79,160.37,6.62,5.8,0.24
20260609,300203.SZ,聚光科技,1.95,12.53,-166.21,-1.54,-359.31,-3.34,193.09,1.79,-122.56,-1.14,288.78,2.68
20260609,603060.SH,国检集团,-0.68,7.25,-166.84,-0.94,-421.02,-2.36,254.18,1.43,428.01,2.4,-261.17,-1.46
20260609,000008.SZ,神州高铁,-0.39,2.54,-167.25,-3.69,392.29,8.66,-559.54,-12.36,169.22,3.74,-1.97,-0.04
20260609,000877.SZ,天山股份,0.24,4.11,-167.89,-4.87,90.45,2.63,-258.33,-7.5,-80.97,-2.35,248.86,7.22
20260609,603365.SH,水星家纺,-1.0,17.74,-168.88,-9.68,-146.7,-8.41,-22.18,-1.27,86.03,4.93,82.85,4.75
20260609,002576.SZ,通达动力,2.07,16.31,-169.36,-2.41,-54.8,-0.78,-114.57,-1.63,368.39,5.24,-199.03,-2.83
20260609,000793.SZ,*ST华闻,0.0,2.59,-169.38,-5.31,129.5,4.06,-298.88,-9.37,74.46,2.34,94.91,2.98
20260609,002431.SZ,ST棕榈,-0.63,1.57,-169.71,-8.96,79.0,4.17,-248.71,-13.14,68.07,3.6,101.65,5.37
20260609,002557.SZ,洽洽食品,0.05,21.0,-169.86,-1.51,34.32,0.3,-204.17,-1.81,-348.66,-3.09,518.51,4.6
20260609,002441.SZ,众业达,0.47,8.61,-171.19,-3.12,0.0,0.0,-171.19,-3.12,345.85,6.3,-174.66,-3.18
20260609,300127.SZ,银河磁体,2.69,27.91,-171.62,-0.91,-186.95,-0.99,15.33,0.08,-627.99,-3.33,799.62,4.24
20260609,603271.SH,永杰新材,0.05,42.88,-172.01,-2.37,35.13,0.48,-207.14,-2.85,256.31,3.53,-84.3,-1.16
20260609,300198.SZ,*ST纳川,-2.03,2.41,-172.14,-5.22,0.0,0.0,-172.14,-5.22,46.68,1.42,125.46,3.8
20260609,000505.SZ,京粮控股,-0.89,5.54,-172.19,-4.53,-13.79,-0.36,-158.4,-4.17,100.7,2.65,71.49,1.88
20260609,603258.SH,电魂网络,0.8,13.79,-173.42,-4.57,-115.54,-3.05,-57.87,-1.53,-115.62,-3.05,289.04,7.62
20260609,301156.SZ,美农生物,-0.08,12.52,-173.71,-5.44,0.0,0.0,-173.71,-5.44,138.89,4.35,34.83,1.09
20260609,301539.SZ,宏鑫科技,-0.53,14.93,-173.81,-6.61,-119.84,-4.55,-53.97,-2.05,85.91,3.27,87.9,3.34
20260609,603106.SH,恒银科技,-0.27,7.28,-174.86,-4.53,-65.49,-1.69,-109.38,-2.83,-266.19,-6.89,441.05,11.41
20260609,603098.SH,森特股份,2.01,12.19,-175.32,-3.38,14.78,0.28,-190.1,-3.66,273.99,5.28,-98.67,-1.9
20260609,603238.SH,诺邦股份,0.24,12.57,-175.69,-6.4,0.25,0.01,-175.95,-6.41,41.19,1.5,134.51,4.9
20260609,300213.SZ,佳讯飞鸿,0.71,7.07,-175.75,-3.22,-483.57,-8.87,307.83,5.65,163.9,3.01,11.84,0.22
20260609,600613.SH,神奇制药,-1.01,4.88,-177.05,-7.56,-10.01,-0.43,-167.05,-7.13,275.53,11.76,-98.47,-4.2
20260609,002061.SZ,浙江交科,1.45,3.5,-177.25,-2.71,-553.47,-8.45,376.21,5.74,158.07,2.41,19.18,0.29
20260609,000798.SZ,中水渔业,-1.14,7.8,-177.42,-3.44,0.0,0.0,-177.42,-3.44,-236.45,-4.59,413.87,8.03
20260609,601003.SH,柳钢股份,-1.92,3.57,-177.73,-3.32,-450.39,-8.42,272.66,5.1,85.47,1.6,92.27,1.72
20260609,300859.SZ,西域旅游,-0.93,29.91,-177.85,-1.7,193.33,1.85,-371.18,-3.56,324.43,3.11,-146.58,-1.4
20260609,002253.SZ,*ST智胜,1.46,11.09,-177.88,-6.63,-158.34,-5.9,-19.54,-0.73,74.37,2.77,103.51,3.86
20260609,603758.SH,秦安股份,1.34,10.56,-178.19,-3.86,-686.9,-14.9,508.71,11.03,-124.52,-2.7,302.71,6.57
20260609,301007.SZ,德迈仕,2.1,33.55,-178.24,-2.27,-55.03,-0.7,-123.21,-1.57,-143.4,-1.83,321.64,4.1
20260609,001356.SZ,富岭股份,-0.43,9.24,-179.38,-8.38,-264.94,-12.38,85.56,4.0,190.25,8.89,-10.87,-0.51
20260609,300146.SZ,汤臣倍健,-0.11,9.39,-179.56,-2.25,13.56,0.17,-193.12,-2.42,199.15,2.49,-19.59,-0.25
20260609,300357.SZ,我武生物,0.19,21.56,-180.57,-2.11,-51.44,-0.6,-129.13,-1.51,-527.38,-6.17,707.96,8.28
20260609,300275.SZ,梅安森,-2.63,9.63,-180.71,-1.7,-13.69,-0.13,-167.02,-1.58,605.89,5.71,-425.17,-4.01
20260609,688671.SH,碧兴物联,0.7,24.45,-181.08,-4.56,-26.62,-0.67,-154.45,-3.89,-37.66,-0.95,218.74,5.51
20260609,002832.SZ,比音勒芬,0.74,20.4,-182.15,-0.58,-1403.64,-4.47,1221.5,3.89,-1801.91,-5.74,1984.06,6.32
20260609,002403.SZ,爱仕达,-0.38,10.58,-182.22,-2.59,-49.03,-0.7,-133.19,-1.89,145.47,2.06,36.75,0.52
20260609,300983.SZ,尤安设计,2.29,35.22,-182.48,-3.54,0.0,0.0,-182.48,-3.54,275.38,5.34,-92.9,-1.8
20260609,300892.SZ,品渥食品,-0.36,22.0,-182.59,-5.61,0.0,0.0,-182.59,-5.61,34.97,1.07,147.62,4.53
20260609,603320.SH,迪贝电气,-0.59,20.08,-182.63,-4.06,115.72,2.57,-298.35,-6.64,-31.53,-0.7,214.16,4.77
20260609,003032.SZ,*ST传智,-0.47,6.37,-183.04,-8.1,-159.01,-7.04,-24.03,-1.06,66.44,2.94,116.6,5.16
20260609,600359.SH,新农开发,-1.73,6.25,-183.44,-4.17,-40.16,-0.91,-143.28,-3.26,-108.57,-2.47,292.01,6.64
20260609,600735.SH,ST新华锦,-1.24,6.37,-184.12,-4.63,-117.57,-2.95,-66.55,-1.67,-50.64,-1.27,234.76,5.9
20260609,605388.SH,均瑶健康,-0.55,5.46,-184.77,-4.58,-80.05,-1.99,-104.72,-2.6,95.01,2.36,89.76,2.23
20260609,002656.SZ,*ST摩登,0.0,3.39,-184.82,-9.37,0.0,0.0,-184.82,-9.37,108.9,5.52,75.92,3.85
20260609,002432.SZ,九安医疗,-0.4,67.7,-184.93,-0.11,-1578.14,-0.93,1393.21,0.82,-6321.08,-3.73,6506.01,3.84
20260609,688488.SH,艾迪药业,1.76,12.72,-184.95,-2.39,196.94,2.55,-381.88,-4.94,-519.02,-6.71,703.96,9.1
20260609,301339.SZ,通行宝,0.71,11.35,-185.53,-5.76,0.0,0.0,-185.53,-5.76,50.19,1.56,135.34,4.2
20260609,600491.SH,ST龙元,0.0,1.33,-185.54,-4.55,156.67,3.84,-342.21,-8.38,131.84,3.23,53.7,1.32
20260609,688360.SH,德马科技,-1.11,22.27,-185.85,-0.66,-37.73,-0.13,-148.11,-0.53,753.57,2.69,-567.72,-2.03
20260609,002884.SZ,凌霄泵业,0.74,16.3,-186.02,-8.85,-106.69,-5.07,-79.33,-3.77,-10.06,-0.48,196.08,9.33
20260609,600671.SH,天目药业,0.3,16.6,-186.2,-6.5,-317.31,-11.08,131.1,4.58,79.42,2.77,106.79,3.73
20260609,600283.SH,钱江水利,-0.48,8.38,-187.04,-9.19,-136.01,-6.68,-51.02,-2.51,-27.67,-1.36,214.7,10.55
20260609,002651.SZ,利君股份,-0.13,7.91,-187.07,-5.06,0.0,0.0,-187.07,-5.06,-148.28,-4.01,335.35,9.07
20260609,300753.SZ,爱朋医疗,0.33,21.05,-187.13,-3.31,-199.64,-3.53,12.51,0.22,-44.09,-0.78,231.22,4.09
20260609,601886.SH,江河集团,2.22,8.75,-187.16,-2.58,-36.62,-0.5,-150.54,-2.07,-624.67,-8.61,811.82,11.19
20260609,301600.SZ,慧翰股份,-0.1,93.79,-187.6,-2.54,-183.94,-2.49,-3.67,-0.05,-124.97,-1.69,312.57,4.22
20260609,300847.SZ,中船汉光,0.91,14.45,-187.72,-5.45,0.0,0.0,-187.72,-5.45,-56.98,-1.65,244.69,7.1
20260609,300348.SZ,长亮科技,0.1,9.74,-187.74,-1.46,-281.95,-2.19,94.21,0.73,67.91,0.53,119.83,0.93
20260609,603079.SH,圣达生物,1.24,13.03,-187.77,-7.53,-17.09,-0.69,-170.68,-6.84,-104.76,-4.2,292.54,11.73
20260609,300689.SZ,澄天伟业,3.01,49.59,-188.02,-2.32,138.55,1.71,-326.57,-4.03,-203.12,-2.51,391.14,4.83
20260609,300551.SZ,古鳌科技,1.22,10.75,-188.22,-2.94,0.0,0.0,-188.22,-2.94,-388.1,-6.06,576.32,9.0
20260609,605337.SH,李子园,-0.22,9.25,-188.55,-9.65,0.0,0.0,-188.55,-9.65,-10.6,-0.54,199.14,10.19
20260609,000928.SZ,中钢国际,1.04,5.84,-189.14,-2.6,-228.95,-3.15,39.81,0.55,347.99,4.79,-158.85,-2.19
20260609,600059.SH,古越龙山,-1.26,7.83,-189.39,-2.45,-103.5,-1.34,-85.89,-1.11,672.04,8.69,-482.65,-6.24
20260609,300973.SZ,立高食品,0.4,25.4,-189.46,-4.82,101.65,2.59,-291.11,-7.41,-257.56,-6.55,447.01,11.37
20260609,002084.SZ,海鸥住工,0.0,3.18,-190.17,-4.08,0.0,0.0,-190.17,-4.08,-91.58,-1.96,281.75,6.04
20260609,002148.SZ,北纬科技,2.54,6.47,-190.21,-2.69,127.6,1.8,-317.8,-4.49,89.66,1.27,100.55,1.42
20260609,300477.SZ,ST合纵,0.41,2.47,-190.49,-4.33,0.0,0.0,-190.49,-4.33,-70.58,-1.61,261.07,5.94
20260609,605286.SH,同力天启,-0.98,30.19,-190.63,-3.17,-223.66,-3.72,33.02,0.55,-238.96,-3.97,429.59,7.14
20260609,000488.SZ,ST晨鸣,0.0,2.08,-190.64,-7.22,0.0,0.0,-190.64,-7.22,-16.38,-0.62,207.02,7.84
20260609,603960.SH,克来机电,-1.84,21.31,-190.87,-1.16,-853.25,-5.18,662.39,4.02,821.84,4.99,-630.97,-3.83
20260609,600959.SH,江苏有线,0.61,3.29,-191.37,-1.99,-557.89,-5.81,366.52,3.82,-39.1,-0.41,230.48,2.4
20260609,300795.SZ,米奥会展,1.15,9.65,-191.55,-4.0,0.0,0.0,-191.55,-4.0,-10.9,-0.23,202.45,4.22
20260609,002650.SZ,ST加加,0.27,7.48,-191.71,-10.36,0.0,0.0,-191.71,-10.36,116.06,6.27,75.64,4.09
20260609,002809.SZ,红墙股份,0.58,8.6,-192.08,-3.17,-112.87,-1.86,-79.21,-1.31,-288.39,-4.76,480.47,7.94
20260609,300230.SZ,永利股份,-0.42,4.78,-192.42,-2.74,0.0,0.0,-192.42,-2.74,502.1,7.15,-309.68,-4.41
20260609,603332.SH,苏州龙杰,-0.96,11.4,-192.83,-5.04,-261.47,-6.83,68.63,1.79,65.18,1.7,127.66,3.34
20260609,688118.SH,普元信息,0.45,22.49,-193.07,-3.91,-268.42,-5.44,75.35,1.53,335.33,6.79,-142.26,-2.88
20260609,301058.SZ,中粮科工,-0.59,8.44,-193.26,-6.02,-236.86,-7.38,43.6,1.36,362.62,11.3,-169.36,-5.28
20260609,003011.SZ,海象新材,-0.34,20.23,-193.4,-3.08,0.0,0.0,-193.4,-3.08,581.23,9.24,-387.83,-6.17
20260609,688433.SH,华曙高科,-0.43,92.2,-193.74,-0.68,-1132.16,-3.98,938.42,3.3,-281.92,-0.99,475.66,1.67
20260609,603277.SH,银都股份,-1.05,11.32,-193.74,-7.31,-2.46,-0.09,-191.28,-7.21,148.48,5.6,45.26,1.71
20260609,605108.SH,同庆楼,-0.86,12.64,-193.89,-6.91,-166.14,-5.92,-27.75,-0.99,-36.04,-1.28,229.93,8.19
20260609,603338.SH,浙江鼎力,-1.06,51.17,-193.93,-1.13,-72.56,-0.42,-121.37,-0.71,-30.26,-0.18,224.2,1.3
20260609,001268.SZ,联合精密,1.86,38.8,-194.09,-2.74,0.0,0.0,-194.09,-2.74,-251.33,-3.55,445.42,6.3
20260609,002872.SZ,ST天圣,0.0,5.12,-194.14,-15.72,0.0,0.0,-194.14,-15.72,71.28,5.77,122.86,9.95
20260609,301371.SZ,敷尔佳,-0.41,26.65,-194.35,-2.97,-116.11,-1.77,-78.24,-1.2,69.17,1.06,125.18,1.91
20260609,688615.SH,合合信息,1.57,125.25,-194.97,-0.4,-285.32,-0.58,90.35,0.18,-1297.77,-2.63,1492.74,3.03
20260609,002835.SZ,同为股份,1.63,13.12,-195.29,-4.79,-125.17,-3.07,-70.12,-1.72,282.29,6.92,-87.0,-2.13
20260609,002953.SZ,日丰股份,0.72,9.82,-195.56,-4.73,-120.59,-2.91,-74.97,-1.81,-195.68,-4.73,391.24,9.46
20260609,301656.SZ,联合动力,-1.11,16.86,-195.62,-2.46,0.0,0.0,-195.62,-2.46,147.0,1.85,48.61,0.61
20260609,605336.SH,*ST帅电,-0.31,16.2,-196.06,-11.45,-204.44,-11.94,8.38,0.49,142.02,8.29,54.04,3.16
20260609,601616.SH,广电电气,-0.78,3.8,-196.2,-2.85,-168.49,-2.45,-27.71,-0.4,-69.94,-1.02,266.14,3.87
20260609,000521.SZ,长虹美菱,-0.36,5.48,-196.73,-3.94,217.33,4.35,-414.06,-8.3,-203.71,-4.08,400.44,8.02
20260609,605189.SH,富春染织,0.22,13.44,-196.78,-2.87,-170.27,-2.49,-26.51,-0.39,-56.64,-0.83,253.42,3.7
20260609,600099.SH,林海股份,-1.82,9.19,-197.22,-4.84,-22.16,-0.54,-175.07,-4.3,384.42,9.43,-187.19,-4.59
20260609,002330.SZ,得利斯,0.77,3.91,-197.37,-4.7,230.42,5.48,-427.79,-10.18,67.55,1.61,129.82,3.09
20260609,300869.SZ,康泰医学,-0.92,10.78,-197.4,-7.48,0.0,0.0,-197.4,-7.48,-138.98,-5.27,336.38,12.75
20260609,600239.SH,ST云城,-1.38,1.43,-197.5,-7.69,164.28,6.39,-361.78,-14.08,-0.63,-0.02,198.13,7.71
20260609,300678.SZ,中科信息,1.52,23.44,-197.57,-1.64,-225.78,-1.88,28.21,0.23,92.0,0.77,105.57,0.88
20260609,688819.SH,天能股份,1.42,23.63,-198.38,-3.81,67.29,1.29,-265.67,-5.1,-172.62,-3.31,371.0,7.12
20260609,301469.SZ,恒达新材,-0.43,29.95,-198.48,-6.78,0.0,0.0,-198.48,-6.78,-97.05,-3.31,295.53,10.09
20260609,002037.SZ,保利联合,0.0,6.95,-198.52,-6.03,0.0,0.0,-198.52,-6.03,198.05,6.01,0.47,0.01
20260609,002860.SZ,星帅尔,0.16,12.44,-198.75,-2.37,396.26,4.73,-595.01,-7.1,210.17,2.51,-11.42,-0.14
20260609,603317.SH,天味食品,1.3,13.28,-198.94,-1.62,-203.58,-1.66,4.64,0.04,-538.35,-4.39,737.29,6.01
20260609,603579.SH,荣泰健康,1.14,18.69,-198.96,-4.36,-94.36,-2.07,-104.6,-2.29,278.32,6.1,-79.36,-1.74
20260609,002535.SZ,林州重机,0.4,2.53,-198.99,-3.47,0.0,0.0,-198.99,-3.47,-366.42,-6.39,565.41,9.86
20260609,603300.SH,海南华铁,0.99,5.12,-199.11,-1.08,89.42,0.49,-288.53,-1.57,9.67,0.05,189.44,1.03
20260609,301633.SZ,港迪技术,-1.83,49.45,-199.18,-7.61,-125.75,-4.8,-73.44,-2.81,-61.54,-2.35,260.72,9.96
20260609,300585.SZ,奥联电子,-1.69,18.56,-199.8,-1.72,-338.81,-2.92,139.01,1.2,814.48,7.01,-614.68,-5.29
20260609,000695.SZ,滨海能源,1.07,13.27,-199.93,-2.22,41.21,0.46,-241.14,-2.67,-507.77,-5.63,707.7,7.85
20260609,002666.SZ,德联集团,1.16,4.36,-200.05,-4.24,0.0,0.0,-200.05,-4.24,-7.47,-0.16,207.52,4.39
20260609,300813.SZ,泰林生物,1.96,20.3,-200.41,-3.96,-262.23,-5.18,61.83,1.22,154.4,3.05,46.01,0.91
20260609,300625.SZ,三雄极光,0.49,10.21,-200.5,-6.05,0.0,0.0,-200.5,-6.05,244.54,7.38,-44.04,-1.33
20260609,002419.SZ,天虹股份,-1.29,4.59,-202.02,-4.62,-117.58,-2.69,-84.44,-1.93,-39.34,-0.9,241.37,5.52
20260609,601811.SH,新华文轩,-1.16,12.77,-202.29,-7.35,-134.26,-4.88,-68.03,-2.47,259.23,9.42,-56.93,-2.07
20260609,000908.SZ,ST景峰,-0.29,6.79,-202.48,-3.69,-142.09,-2.59,-60.4,-1.1,-323.55,-5.89,526.04,9.58
20260609,002675.SZ,东诚药业,-0.96,12.33,-202.65,-2.89,-205.66,-2.93,3.01,0.04,666.96,9.51,-464.31,-6.62
20260609,000816.SZ,智慧农业,-0.39,2.53,-202.82,-3.14,214.11,3.32,-416.93,-6.46,109.84,1.7,92.98,1.44
20260609,603777.SH,来伊份,-1.01,16.58,-202.87,-1.37,-891.71,-6.03,688.84,4.66,518.68,3.51,-315.8,-2.14
20260609,603958.SH,哈森股份,0.92,19.74,-203.04,-2.53,64.73,0.81,-267.77,-3.34,-186.64,-2.33,389.68,4.86
20260609,301063.SZ,海锅股份,0.52,19.17,-203.17,-5.23,-313.13,-8.07,109.96,2.83,304.65,7.85,-101.48,-2.61
20260609,688316.SH,青云科技-U,1.47,58.75,-203.32,-2.08,-298.11,-3.05,94.79,0.97,302.44,3.1,-99.12,-1.01
20260609,603390.SH,通达电气,0.17,11.84,-203.46,-2.6,-65.51,-0.84,-137.95,-1.76,-407.84,-5.2,611.3,7.8
20260609,300430.SZ,*ST益通,-2.43,5.22,-203.9,-2.84,-253.56,-3.53,49.66,0.69,-633.99,-8.83,837.89,11.67
20260609,603789.SH,ST星农,-0.55,5.43,-204.11,-13.05,-148.55,-9.49,-55.56,-3.55,112.19,7.17,91.92,5.88
20260609,603221.SH,爱丽家居,0.25,12.24,-204.28,-7.59,-132.87,-4.94,-71.41,-2.65,-153.97,-5.72,358.25,13.31
20260609,600662.SH,外服控股,-1.16,4.25,-205.12,-4.23,-303.55,-6.26,98.43,2.03,800.97,16.51,-595.85,-12.28
20260609,301152.SZ,天力锂能,1.99,24.63,-205.27,-2.48,-194.83,-2.35,-10.44,-0.13,364.6,4.4,-159.33,-1.92
20260609,001221.SZ,悍高集团,-0.09,42.95,-205.32,-3.33,0.0,0.0,-205.32,-3.33,-763.42,-12.4,968.74,15.73
20260609,688269.SH,凯立新材,1.07,33.14,-205.67,-4.69,-409.57,-9.35,203.9,4.65,99.25,2.27,106.42,2.43
20260609,300882.SZ,万胜智能,0.59,15.45,-205.81,-4.93,0.0,0.0,-205.81,-4.93,59.11,1.41,146.7,3.51
20260609,605208.SH,永茂泰,2.32,15.0,-206.66,-0.65,875.91,2.75,-1082.57,-3.39,-312.78,-0.98,519.43,1.63
20260609,600679.SH,上海凤凰,-3.29,10.01,-206.79,-2.82,82.6,1.13,-289.39,-3.95,356.1,4.86,-149.31,-2.04
20260609,600557.SH,康缘药业,-1.66,11.82,-207.36,-4.49,-97.09,-2.1,-110.27,-2.39,144.12,3.12,63.24,1.37
20260609,002549.SZ,凯美特气,2.34,15.76,-207.45,-0.66,319.42,1.02,-526.87,-1.69,24.04,0.08,183.41,0.59
20260609,300725.SZ,药石科技,1.11,31.99,-207.57,-1.46,0.0,0.0,-207.57,-1.46,58.65,0.41,148.92,1.05
20260609,003005.SZ,竞业达,1.59,15.36,-207.82,-4.86,-129.68,-3.03,-78.15,-1.83,-245.74,-5.74,453.57,10.6
20260609,603400.SH,华之杰,-0.35,62.19,-208.19,-3.31,-245.93,-3.91,37.74,0.6,-260.47,-4.14,468.66,7.46
20260609,300768.SZ,迪普科技,0.13,15.0,-208.68,-2.55,-238.36,-2.91,29.68,0.36,49.28,0.6,159.4,1.94
20260609,002990.SZ,盛视科技,-0.2,45.06,-209.0,-1.08,-411.11,-2.13,202.11,1.05,-843.83,-4.38,1052.83,5.46
20260609,001368.SZ,通达创智,-2.98,23.45,-210.0,-4.06,-128.45,-2.48,-81.55,-1.58,18.34,0.35,191.66,3.7
20260609,688315.SH,诺禾致源,0.15,12.95,-210.03,-7.02,-263.86,-8.82,53.83,1.8,485.66,16.24,-275.63,-9.22
20260609,600156.SH,华升股份,1.52,9.36,-210.03,-1.51,27.57,0.2,-237.6,-1.7,223.47,1.6,-13.44,-0.1
20260609,301301.SZ,川宁生物,0.24,8.38,-210.49,-3.87,-71.21,-1.31,-139.28,-2.56,-188.79,-3.47,399.28,7.35
20260609,002578.SZ,闽发铝业,1.4,3.63,-211.37,-1.88,-303.85,-2.7,92.49,0.82,242.65,2.15,-31.29,-0.28
20260609,002519.SZ,银河电子,1.26,6.42,-211.4,-1.11,485.35,2.54,-696.75,-3.65,-1029.31,-5.39,1240.71,6.5
20260609,300397.SZ,天和防务,0.63,12.87,-211.58,-1.18,-116.7,-0.65,-94.88,-0.53,824.13,4.6,-612.55,-3.42
20260609,600292.SH,电投水电,-0.84,13.03,-212.76,-1.63,-516.11,-3.96,303.35,2.33,744.13,5.71,-531.37,-4.08
20260609,301378.SZ,通达海,0.22,27.74,-213.68,-4.18,0.0,0.0,-213.68,-4.18,87.11,1.7,126.57,2.47
20260609,300781.SZ,因赛集团,1.76,29.53,-213.83,-2.0,-416.61,-3.9,202.78,1.9,-46.95,-0.44,260.78,2.44
20260609,301185.SZ,鸥玛软件,-0.41,16.8,-214.15,-4.26,0.0,0.0,-214.15,-4.26,598.67,11.9,-384.52,-7.64
20260609,300844.SZ,山水比德,-1.72,26.93,-214.48,-2.24,0.0,0.0,-214.48,-2.24,23.41,0.24,191.07,2.0
20260609,300690.SZ,双一科技,1.26,24.15,-214.65,-3.84,84.15,1.51,-298.79,-5.35,-125.25,-2.24,339.9,6.09
20260609,688186.SH,广大特材,0.75,17.48,-215.32,-2.77,266.69,3.43,-482.01,-6.2,-500.79,-6.44,716.11,9.2
20260609,688189.SH,南新制药,0.0,7.48,-215.41,-4.69,-61.31,-1.34,-154.1,-3.36,-34.74,-0.76,250.15,5.45
20260609,002479.SZ,富春环保,-0.2,4.97,-215.5,-3.23,-146.12,-2.19,-69.38,-1.04,122.32,1.84,93.17,1.4
20260609,300889.SZ,爱克股份,2.02,24.28,-215.52,-2.21,45.57,0.47,-261.09,-2.68,514.63,5.28,-299.1,-3.07
20260609,002599.SZ,盛通股份,0.0,6.17,-215.6,-4.47,0.0,0.0,-215.6,-4.47,-123.5,-2.56,339.1,7.04
20260609,603880.SH,南卫股份,0.13,7.86,-215.78,-5.11,-108.45,-2.57,-107.33,-2.54,87.83,2.08,127.95,3.03
20260609,603429.SH,*ST集友,-3.45,9.24,-215.97,-8.09,72.14,2.7,-288.11,-10.79,9.28,0.35,206.69,7.74
20260609,002250.SZ,联化科技,2.14,13.83,-216.97,-1.2,388.71,2.16,-605.68,-3.36,586.46,3.25,-369.49,-2.05
20260609,603334.SH,丰倍生物,-1.77,39.97,-217.09,-4.14,167.22,3.19,-384.31,-7.33,-335.76,-6.4,552.85,10.54
20260609,603377.SH,ST东时,-1.1,3.58,-217.32,-19.75,-3.47,-0.32,-213.84,-19.44,108.29,9.84,109.02,9.91
20260609,603027.SH,千禾味业,-0.13,7.71,-217.33,-2.55,-49.46,-0.58,-167.87,-1.97,679.21,7.98,-461.88,-5.43
20260609,300854.SZ,中兰环保,2.08,32.34,-218.41,-0.7,-309.69,-0.99,91.28,0.29,-671.65,-2.15,890.05,2.85
20260609,300711.SZ,广哈通信,2.0,18.39,-219.21,-3.91,157.75,2.82,-376.95,-6.73,-424.91,-7.59,644.12,11.5
20260609,603381.SH,永臻股份,-0.17,17.34,-219.35,-3.17,-40.13,-0.58,-179.22,-2.59,-78.84,-1.14,298.19,4.31
20260609,688314.SH,康拓医疗,-0.23,38.53,-219.69,-5.14,53.46,1.25,-273.15,-6.39,92.21,2.16,127.48,2.98
20260609,600035.SH,楚天高速,0.53,3.78,-219.86,-7.97,9.85,0.36,-229.71,-8.32,62.64,2.27,157.22,5.7
20260609,603208.SH,江山欧派,-3.12,12.1,-221.0,-9.9,-19.46,-0.87,-201.54,-9.03,280.46,12.57,-59.46,-2.66
20260609,002603.SZ,以岭药业,1.06,15.26,-221.09,-1.53,260.52,1.81,-481.6,-3.34,-210.21,-1.46,431.3,2.99
20260609,301015.SZ,百洋医药,-0.74,20.2,-221.14,-3.79,21.58,0.37,-242.72,-4.16,285.99,4.9,-64.85,-1.11
20260609,002023.SZ,海特高新,3.26,11.41,-221.29,-0.63,-28.81,-0.08,-192.48,-0.54,571.32,1.62,-350.03,-0.99
20260609,301089.SZ,拓新药业,1.1,22.03,-222.43,-7.36,-28.85,-0.95,-193.58,-6.4,-261.32,-8.64,483.75,16.0
20260609,002200.SZ,交投生态,-2.98,6.51,-223.01,-8.01,-100.21,-3.6,-122.8,-4.41,128.03,4.6,94.98,3.41
20260609,603535.SH,嘉诚国际,-0.87,6.8,-223.27,-8.9,-229.42,-9.14,6.16,0.25,-177.91,-7.09,401.18,15.99
20260609,002238.SZ,天威视讯,0.48,6.22,-224.28,-7.74,0.0,0.0,-224.28,-7.74,144.43,4.98,79.85,2.75
20260609,603937.SH,丽岛新材,0.37,13.71,-224.51,-3.41,-170.85,-2.6,-53.66,-0.82,-419.5,-6.38,644.01,9.79
20260609,603233.SH,大参林,0.32,15.84,-224.91,-2.46,-185.05,-2.02,-39.85,-0.44,-883.78,-9.66,1108.68,12.12
20260609,603810.SH,丰山集团,-0.47,12.59,-225.16,-7.39,-208.26,-6.84,-16.9,-0.55,212.74,6.98,12.42,0.41
20260609,002011.SZ,盾安环境,0.83,10.93,-225.64,-1.46,-332.99,-2.16,107.36,0.7,424.85,2.75,-199.22,-1.29
20260609,002394.SZ,联发股份,-0.52,9.56,-225.69,-4.94,0.0,0.0,-225.69,-4.94,-42.2,-0.92,267.89,5.87
20260609,002614.SZ,奥佳华,0.0,4.95,-225.85,-7.99,0.0,0.0,-225.85,-7.99,134.3,4.75,91.55,3.24
20260609,301328.SZ,维峰电子,1.47,53.92,-225.86,-2.13,15.91,0.15,-241.76,-2.28,199.72,1.88,26.13,0.25
20260609,301383.SZ,天键股份,2.61,27.94,-226.2,-4.04,-136.58,-2.44,-89.62,-1.6,-71.9,-1.29,298.1,5.33
20260609,603696.SH,安记食品,0.08,12.77,-226.88,-3.46,-34.24,-0.52,-192.65,-2.94,-402.77,-6.14,629.65,9.6
20260609,301581.SZ,黄山谷捷,3.99,47.45,-227.67,-4.13,-143.3,-2.6,-84.37,-1.53,-5.55,-0.1,233.23,4.23
20260609,300622.SZ,博士眼镜,-0.06,15.72,-228.32,-3.37,-306.52,-4.52,78.2,1.15,-73.31,-1.08,301.63,4.45
20260609,688215.SH,瑞晟智能,2.54,67.73,-228.71,-5.08,-279.14,-6.19,50.43,1.12,445.45,9.88,-216.74,-4.81
20260609,000826.SZ,*ST启环,-0.88,2.24,-228.71,-5.02,-212.53,-4.66,-16.18,-0.35,-203.07,-4.46,431.78,9.47
20260609,002357.SZ,富临运业,0.91,10.02,-229.27,-4.38,-260.3,-4.98,31.03,0.59,41.25,0.79,188.03,3.59
20260609,603161.SH,科华控股,1.14,15.06,-230.06,-2.3,-144.38,-1.45,-85.68,-0.86,-334.27,-3.35,564.33,5.65
20260609,603899.SH,晨光股份,-1.31,21.91,-230.18,-1.84,-863.91,-6.9,633.73,5.06,-89.5,-0.71,319.69,2.55
20260609,002093.SZ,国脉科技,0.57,7.11,-230.52,-3.33,-256.11,-3.7,25.59,0.37,571.04,8.25,-340.52,-4.92
20260609,301505.SZ,苏州规划,-0.69,18.78,-231.03,-7.19,0.0,0.0,-231.03,-7.19,31.27,0.97,199.76,6.22
20260609,301658.SZ,首航新能,1.02,30.8,-231.1,-1.68,-250.48,-1.83,19.38,0.14,-484.1,-3.53,715.2,5.21
20260609,603312.SH,西典新能,0.8,35.07,-231.95,-7.5,-38.17,-1.23,-193.78,-6.26,-169.73,-5.49,401.68,12.98
20260609,002207.SZ,*ST准油,-2.85,8.17,-232.31,-1.18,96.77,0.49,-329.08,-1.68,-62.79,-0.32,295.1,1.5
20260609,300650.SZ,太龙股份,1.33,12.98,-232.56,-2.64,-112.43,-1.28,-120.13,-1.36,-429.69,-4.88,662.25,7.52
20260609,000631.SZ,顺发恒能,-0.94,3.16,-232.63,-3.98,-167.14,-2.86,-65.49,-1.12,441.87,7.57,-209.24,-3.58
20260609,000959.SZ,首钢股份,-0.6,3.34,-232.64,-2.24,105.26,1.01,-337.91,-3.25,-331.18,-3.19,563.82,5.43
20260609,002726.SZ,ST龙大,-0.63,1.58,-232.91,-6.49,80.5,2.24,-313.41,-8.73,168.73,4.7,64.18,1.79
20260609,300388.SZ,节能国祯,-2.33,7.14,-232.95,-4.46,-365.48,-7.01,132.53,2.54,330.18,6.33,-97.23,-1.86
20260609,301518.SZ,长华化学,-0.44,29.72,-234.66,-3.98,-265.46,-4.51,30.8,0.52,-747.08,-12.68,981.73,16.67
20260609,688566.SH,吉贝尔,0.13,23.7,-234.66,-14.17,139.37,8.42,-374.03,-22.58,78.93,4.77,155.73,9.4
20260609,600249.SH,两面针,-0.2,5.11,-235.08,-8.34,-215.28,-7.64,-19.8,-0.7,-174.63,-6.19,409.71,14.53
20260609,300987.SZ,川网传媒,1.09,13.92,-235.71,-3.07,120.39,1.57,-356.1,-4.63,-183.24,-2.38,418.95,5.45
20260609,688251.SH,井松智能,0.79,24.1,-237.02,-4.73,-299.01,-5.96,62.0,1.24,255.92,5.1,-18.9,-0.38
20260609,688201.SH,ST信安,-0.66,7.56,-237.44,-8.88,-39.24,-1.47,-198.2,-7.41,-110.75,-4.14,348.19,13.03
20260609,301584.SZ,建发致新,1.32,21.53,-237.51,-6.46,0.0,0.0,-237.51,-6.46,-480.25,-13.06,717.76,19.52
20260609,300039.SZ,上海凯宝,0.0,5.0,-238.06,-10.9,112.55,5.15,-350.61,-16.06,-27.14,-1.24,265.2,12.14
20260609,301571.SZ,国科天成,0.72,54.34,-238.44,-1.39,-653.18,-3.8,414.75,2.41,-1691.57,-9.83,1930.0,11.22
20260609,600609.SH,金杯汽车,-0.87,3.43,-238.68,-4.69,32.08,0.63,-270.76,-5.33,27.19,0.53,211.5,4.16
20260609,002090.SZ,金智科技,0.31,9.75,-238.68,-3.46,100.94,1.46,-339.63,-4.92,69.64,1.01,169.04,2.45
20260609,002448.SZ,中原内配,0.8,12.61,-238.85,-1.77,-230.73,-1.71,-8.12,-0.06,-692.51,-5.13,931.36,6.9
20260609,300629.SZ,新劲刚,1.58,21.18,-238.85,-2.0,-79.64,-0.67,-159.21,-1.33,-983.96,-8.23,1222.81,10.23
20260609,002073.SZ,软控股份,0.0,5.59,-239.99,-3.19,-24.92,-0.33,-215.07,-2.86,239.63,3.19,0.37,0.0
20260609,002377.SZ,国创高新,-0.72,2.74,-240.48,-4.01,-360.54,-6.02,120.06,2.0,94.47,1.58,146.02,2.44
20260609,002949.SZ,华阳国际,0.43,11.67,-241.29,-7.86,-121.1,-3.95,-120.19,-3.92,95.46,3.11,145.83,4.75
20260609,603402.SH,陕西旅游,-0.58,92.89,-241.66,-3.97,19.47,0.32,-261.14,-4.29,506.68,8.32,-265.01,-4.35
20260609,688721.SH,龙图光罩,5.74,42.0,-242.24,-1.92,-67.61,-0.54,-174.63,-1.38,-385.53,-3.05,627.77,4.97
20260609,300945.SZ,曼卡龙,1.53,11.91,-243.07,-3.62,0.0,0.0,-243.07,-3.62,-92.55,-1.38,335.62,5.0
20260609,688571.SH,XD杭华股,2.99,8.61,-243.17,-2.95,-145.93,-1.77,-97.24,-1.18,-70.6,-0.86,313.76,3.81
20260609,301121.SZ,紫建电子,-0.03,37.26,-244.05,-5.9,0.0,0.0,-244.05,-5.9,114.91,2.78,129.14,3.12
20260609,300805.SZ,电声股份,0.49,8.27,-244.13,-4.66,0.0,0.0,-244.13,-4.66,-82.34,-1.57,326.47,6.23
20260609,688728.SH,格科微,3.82,13.58,-244.44,-0.66,-1066.17,-2.86,821.73,2.21,719.02,1.93,-474.58,-1.28
20260609,301048.SZ,金鹰重工,0.33,9.18,-245.31,-7.44,0.0,0.0,-245.31,-7.44,-15.79,-0.48,261.1,7.92
20260609,600351.SH,亚宝药业,0.49,6.12,-245.74,-5.84,-171.56,-4.07,-74.18,-1.76,-216.81,-5.15,462.55,10.98
20260609,002140.SZ,东华科技,1.03,9.85,-247.13,-5.81,-4.13,-0.1,-243.0,-5.72,-210.7,-4.96,457.83,10.77
20260609,601799.SH,星宇股份,2.41,125.3,-247.24,-0.65,623.71,1.64,-870.96,-2.29,2446.8,6.44,-2199.55,-5.79
20260609,002060.SZ,广东建工,-1.47,3.35,-247.39,-4.47,-61.93,-1.12,-185.46,-3.35,177.75,3.21,69.64,1.26
20260609,603912.SH,佳力图,2.24,8.66,-247.73,-1.93,-223.83,-1.74,-23.89,-0.19,157.55,1.23,90.18,0.7
20260609,002303.SZ,美盈森,-0.31,3.17,-248.4,-10.3,-197.35,-8.18,-51.05,-2.12,259.94,10.78,-11.54,-0.48
20260609,688253.SH,英诺特,0.24,54.73,-248.91,-2.72,-377.91,-4.12,129.0,1.41,-561.21,-6.12,810.12,8.84
20260609,300788.SZ,中信出版,1.39,25.6,-249.07,-4.96,143.03,2.85,-392.1,-7.81,285.51,5.69,-36.43,-0.73
20260609,002869.SZ,金溢科技,0.66,18.3,-249.18,-5.51,0.0,0.0,-249.18,-5.51,-35.56,-0.79,284.74,6.29
20260609,300553.SZ,集智股份,3.32,66.2,-249.25,-0.93,-627.8,-2.35,378.55,1.42,991.41,3.71,-742.16,-2.78
20260609,600814.SH,杭州解百,-0.86,6.9,-249.31,-7.13,28.98,0.83,-278.3,-7.96,-23.29,-0.67,272.61,7.8
20260609,600129.SH,太极集团,-0.82,13.28,-249.36,-3.76,-165.74,-2.5,-83.62,-1.26,126.21,1.9,123.15,1.86
20260609,002264.SZ,新 华 都,0.0,6.43,-249.45,-3.04,-123.3,-1.5,-126.15,-1.54,-525.53,-6.41,774.98,9.45
20260609,605188.SH,国光连锁,-0.53,13.17,-249.62,-3.19,-340.0,-4.35,90.38,1.16,-834.58,-10.68,1084.19,13.87
20260609,688765.SH,禾元生物-U,0.64,45.29,-250.42,-4.97,-47.02,-0.93,-203.41,-4.03,-217.26,-4.31,467.69,9.27
20260609,603656.SH,XD泰禾智,-3.22,18.06,-250.65,-2.5,-278.41,-2.78,27.76,0.28,-37.09,-0.37,287.74,2.87
20260609,688196.SH,卓越新能,-0.53,39.44,-251.07,-4.81,-351.35,-6.73,100.28,1.92,-429.0,-8.21,680.07,13.02
20260609,605016.SH,百龙创园,-0.87,23.81,-251.1,-3.12,-129.81,-1.61,-121.3,-1.51,60.5,0.75,190.61,2.37
20260609,300931.SZ,通用电梯,-0.91,14.22,-253.0,-4.02,-98.62,-1.57,-154.38,-2.45,-55.98,-0.89,308.98,4.91
20260609,300138.SZ,晨光生物,-0.2,9.76,-253.09,-5.8,-159.93,-3.66,-93.15,-2.13,-239.13,-5.48,492.22,11.28
20260609,000409.SZ,云鼎科技,0.11,9.45,-254.26,-6.39,-38.41,-0.97,-215.85,-5.43,144.96,3.64,109.3,2.75
20260609,002763.SZ,汇洁股份,-2.69,7.59,-254.43,-4.0,0.0,0.0,-254.43,-4.0,719.11,11.31,-464.68,-7.31
20260609,002543.SZ,万和电气,-0.97,7.13,-254.53,-11.77,-136.23,-6.3,-118.3,-5.47,142.9,6.61,111.63,5.16
20260609,300703.SZ,创源股份,-1.04,16.14,-254.59,-2.39,-350.05,-3.29,95.46,0.9,312.34,2.93,-57.75,-0.54
20260609,301118.SZ,恒光股份,-0.93,29.71,-255.35,-1.03,-398.93,-1.6,143.58,0.58,79.75,0.32,175.6,0.71
20260609,002888.SZ,惠威科技,-2.23,19.29,-255.85,-2.26,-104.48,-0.92,-151.36,-1.34,-374.46,-3.31,630.31,5.57
20260609,600479.SH,千金药业,0.2,10.0,-256.48,-8.79,-298.47,-10.23,41.98,1.44,194.36,6.66,62.12,2.13
20260609,300594.SZ,ST朗进,-0.13,15.97,-256.71,-9.41,0.0,0.0,-256.71,-9.41,-73.06,-2.68,329.77,12.09
20260609,300009.SZ,安科生物,-0.88,7.88,-257.0,-3.54,0.0,0.0,-257.0,-3.54,242.84,3.35,14.16,0.2
20260609,688558.SH,国盛智科,1.67,32.89,-257.26,-4.95,-5.17,-0.1,-252.08,-4.85,359.62,6.91,-102.36,-1.97
20260609,600467.SH,好当家,-0.9,2.19,-257.72,-5.9,208.56,4.77,-466.29,-10.67,-45.56,-1.04,303.28,6.94
20260609,300464.SZ,星徽股份,4.62,8.38,-257.76,-1.37,-465.52,-2.47,207.76,1.1,-389.3,-2.06,647.06,3.43
20260609,300858.SZ,科拓生物,0.33,15.32,-258.47,-3.74,0.0,0.0,-258.47,-3.74,-25.64,-0.37,284.1,4.11
20260609,002227.SZ,*ST特迅,-0.9,7.74,-258.77,-7.48,235.26,6.8,-494.03,-14.28,-208.37,-6.02,467.15,13.51
20260609,603391.SH,力聚热能,-0.29,54.5,-258.87,-3.85,-272.65,-4.05,13.78,0.2,470.86,7.0,-211.99,-3.15
20260609,002365.SZ,永安药业,0.27,11.17,-259.15,-4.52,59.76,1.04,-318.91,-5.57,-303.45,-5.3,562.61,9.82
20260609,688372.SH,伟测科技,4.55,145.4,-259.56,-0.28,1699.57,1.8,-1959.13,-2.08,-3280.35,-3.48,3539.91,3.76
20260609,605259.SH,绿田机械,0.97,18.8,-259.91,-10.79,-49.44,-2.05,-210.47,-8.74,91.43,3.8,168.49,6.99
20260609,603409.SH,汇通控股,1.6,38.83,-260.11,-3.25,678.84,8.49,-938.95,-11.75,-120.63,-1.51,380.74,4.76
20260609,300941.SZ,创识科技,0.26,15.36,-260.25,-5.38,0.0,0.0,-260.25,-5.38,-47.03,-0.97,307.28,6.35
20260609,002102.SZ,ST能特,-0.45,2.23,-260.7,-12.09,-464.35,-21.54,203.65,9.45,249.39,11.57,11.31,0.52
20260609,603080.SH,新疆火炬,-3.05,20.36,-260.95,-5.08,-98.5,-1.92,-162.45,-3.16,221.89,4.32,39.06,0.76
20260609,003033.SZ,征和工业,2.82,56.86,-261.03,-1.97,18.61,0.14,-279.64,-2.12,-163.63,-1.24,424.66,3.21
20260609,002682.SZ,龙洲股份,-0.2,4.92,-261.54,-3.27,115.87,1.45,-377.4,-4.72,-67.96,-0.85,329.49,4.12
20260609,603357.SH,设计总院,-0.29,6.77,-263.79,-15.73,-29.12,-1.74,-234.67,-14.0,23.86,1.42,239.93,14.31
20260609,002367.SZ,康力电梯,0.37,5.49,-263.89,-9.02,-415.58,-14.21,151.69,5.19,-43.1,-1.47,306.99,10.5
20260609,001306.SZ,夏厦精密,-0.33,64.2,-264.36,-4.09,-1.9,-0.03,-262.46,-4.06,138.22,2.14,126.14,1.95
20260609,605033.SH,美邦股份,0.64,19.0,-264.49,-9.4,-7.22,-0.26,-257.27,-9.14,9.42,0.33,255.07,9.07
20260609,300086.SZ,康芝药业,0.48,6.27,-264.88,-3.5,-128.77,-1.7,-136.11,-1.8,-450.13,-5.95,715.01,9.46
20260609,002712.SZ,思美传媒,0.41,4.94,-265.32,-4.0,-218.74,-3.3,-46.57,-0.7,228.08,3.44,37.24,0.56
20260609,300123.SZ,ST亚光,0.47,4.29,-265.71,-2.29,-5.58,-0.05,-260.14,-2.24,-305.36,-2.63,571.07,4.92
20260609,002922.SZ,伊戈尔,4.77,36.7,-266.11,-0.36,-1833.34,-2.46,1567.23,2.1,480.21,0.64,-214.1,-0.29
20260609,002801.SZ,微光股份,1.07,31.03,-266.44,-5.09,0.0,0.0,-266.44,-5.09,-77.4,-1.48,343.84,6.57
20260609,002923.SZ,润都股份,0.3,9.94,-266.52,-4.74,-156.95,-2.79,-109.57,-1.95,-129.36,-2.3,395.88,7.04
20260609,600006.SH,东风股份,-1.19,5.82,-267.64,-4.21,-18.29,-0.29,-249.34,-3.93,346.26,5.45,-78.62,-1.24
20260609,000796.SZ,凯撒旅业,0.91,4.45,-267.76,-1.77,294.33,1.94,-562.08,-3.71,-1275.9,-8.43,1543.65,10.19
20260609,688339.SH,亿华通-U,2.87,20.8,-268.38,-3.53,-5.93,-0.08,-262.45,-3.45,-132.78,-1.75,401.16,5.28
20260609,002696.SZ,百洋股份,0.0,5.53,-269.83,-4.41,-156.03,-2.55,-113.8,-1.86,-204.69,-3.34,474.52,7.75
20260609,002768.SZ,国恩股份,2.77,63.16,-270.15,-0.81,-168.6,-0.5,-101.55,-0.3,-446.05,-1.33,716.2,2.14
20260609,601326.SH,秦港股份,-1.51,3.27,-270.59,-4.54,-842.75,-14.14,572.16,9.6,483.57,8.11,-212.98,-3.57
20260609,300601.SZ,康泰生物,0.52,11.55,-270.62,-2.41,-381.05,-3.4,110.42,0.98,420.68,3.75,-150.05,-1.34
20260609,603368.SH,柳药集团,0.19,16.15,-271.02,-6.05,-82.73,-1.85,-188.29,-4.2,104.38,2.33,166.65,3.72
20260609,600729.SH,重百集团,-1.94,19.23,-271.51,-4.43,10.28,0.17,-281.79,-4.6,385.66,6.29,-114.15,-1.86
20260609,002967.SZ,广电计量,0.0,18.06,-271.57,-2.13,113.73,0.89,-385.3,-3.03,-22.88,-0.18,294.44,2.31
20260609,603707.SH,XD健友股,-1.03,7.71,-271.66,-3.8,214.82,3.0,-486.48,-6.8,-360.67,-5.04,632.33,8.84
20260609,601311.SH,骆驼股份,0.0,8.16,-271.77,-2.89,-70.64,-0.75,-201.13,-2.14,474.65,5.04,-202.88,-2.16
20260609,301132.SZ,满坤科技,1.68,38.64,-272.12,-1.19,-556.66,-2.44,284.53,1.25,-1403.29,-6.14,1675.41,7.33
20260609,002691.SZ,*ST冀凯,-2.77,4.91,-272.29,-10.73,0.0,0.0,-272.29,-10.73,10.34,0.41,261.95,10.32
20260609,300173.SZ,ST福能,-0.53,3.77,-272.82,-12.41,0.0,0.0,-272.82,-12.41,214.58,9.76,58.25,2.65
20260609,300673.SZ,佩蒂股份,-0.52,13.29,-273.1,-8.25,0.0,0.0,-273.1,-8.25,78.1,2.36,195.01,5.89
20260609,603418.SH,友升股份,0.69,49.31,-273.37,-5.18,-757.72,-14.35,484.35,9.17,103.7,1.96,169.67,3.21
20260609,301295.SZ,美硕科技,3.44,46.55,-273.77,-3.68,0.0,0.0,-273.77,-3.68,-239.53,-3.22,513.29,6.9
20260609,603730.SH,岱美股份,-0.76,12.99,-273.88,-0.45,-3653.21,-6.04,3379.33,5.58,272.85,0.45,1.03,0.0
20260609,603014.SH,威高血净,-0.6,29.94,-273.94,-10.58,-36.38,-1.4,-237.55,-9.17,120.08,4.64,153.86,5.94
20260609,688221.SH,前沿生物-U,-0.17,18.13,-273.97,-2.07,-538.59,-4.07,264.62,2.0,755.04,5.7,-481.07,-3.63
20260609,688288.SH,鸿泉技术,-0.49,20.14,-274.34,-8.55,-421.85,-13.14,147.51,4.6,228.54,7.12,45.79,1.43
20260609,300172.SZ,中电环保,0.43,4.68,-274.9,-4.58,-575.94,-9.6,301.04,5.02,69.3,1.16,205.6,3.43
20260609,000963.SZ,华东医药,0.76,27.9,-275.74,-1.11,-968.04,-3.89,692.29,2.78,-1653.87,-6.64,1929.62,7.75
20260609,002358.SZ,森源电气,1.0,6.05,-275.96,-3.36,192.57,2.35,-468.52,-5.71,-215.84,-2.63,491.79,5.99
20260609,600073.SH,光明肉业,-0.4,4.97,-276.09,-9.31,-107.23,-3.62,-168.86,-5.69,-75.56,-2.55,351.65,11.85
20260609,002166.SZ,莱茵生物,-0.13,7.49,-276.4,-6.77,0.0,0.0,-276.4,-6.77,351.41,8.61,-75.0,-1.84
20260609,600157.SH,永泰能源,-1.16,1.71,-277.2,-0.23,-1019.81,-0.84,742.61,0.61,-665.73,-0.55,942.93,0.78
20260609,002911.SZ,佛燃能源,-1.76,10.59,-277.31,-4.28,-109.15,-1.68,-168.17,-2.59,-285.62,-4.41,562.94,8.69
20260609,000519.SZ,中兵红箭,2.38,18.95,-278.41,-0.27,-1243.88,-1.2,965.47,0.93,95.12,0.09,183.28,0.18
20260609,002678.SZ,珠江钢琴,-5.56,5.78,-279.05,-2.04,-522.61,-3.81,243.57,1.78,1194.93,8.72,-915.89,-6.69
20260609,003040.SZ,楚天龙,-0.08,12.21,-279.37,-4.93,0.0,0.0,-279.37,-4.93,-465.81,-8.22,745.18,13.16
20260609,000656.SZ,*ST金科,1.45,1.4,-279.8,-2.62,-1275.79,-11.93,995.99,9.32,53.48,0.5,226.32,2.12
20260609,688681.SH,科汇股份,-1.08,15.58,-280.37,-9.43,-277.57,-9.34,-2.8,-0.09,198.47,6.68,81.89,2.76
20260609,000993.SZ,闽东电力,2.44,12.61,-281.63,-1.16,180.07,0.74,-461.7,-1.9,-302.86,-1.24,584.5,2.4
20260609,002268.SZ,电科网安,-0.37,13.39,-281.76,-2.82,-661.34,-6.61,379.58,3.8,53.55,0.54,228.2,2.28
20260609,603350.SH,安乃达,-0.3,30.4,-282.13,-13.28,-91.28,-4.3,-190.85,-8.99,193.52,9.11,88.61,4.17
20260609,300876.SZ,蒙泰高新,-4.36,16.0,-282.39,-2.95,0.0,0.0,-282.39,-2.95,-1969.52,-20.59,2251.91,23.55
20260609,300770.SZ,新媒股份,0.24,33.1,-282.44,-5.25,-87.05,-1.62,-195.38,-3.63,88.55,1.65,193.89,3.61
20260609,000852.SZ,石化机械,-1.06,5.61,-282.9,-5.0,-92.3,-1.63,-190.6,-3.37,77.08,1.36,205.82,3.64
20260609,300125.SZ,*ST聆达,1.86,9.32,-283.96,-7.87,147.88,4.1,-431.84,-11.97,55.89,1.55,228.08,6.32
20260609,300483.SZ,首华燃气,-1.12,18.58,-283.97,-0.52,-739.79,-1.35,455.82,0.83,-5830.42,-10.6,6114.4,11.12
20260609,301548.SZ,崇德科技,1.27,73.96,-284.16,-3.41,-107.34,-1.29,-176.82,-2.12,127.68,1.53,156.48,1.88
20260609,605068.SH,明新旭腾,-0.29,20.39,-284.7,-7.04,-7.31,-0.18,-277.4,-6.85,-111.94,-2.77,396.64,9.8
20260609,603848.SH,好太太,-0.64,14.03,-285.12,-12.69,4.69,0.21,-289.8,-12.9,-45.29,-2.02,330.41,14.71
20260609,300340.SZ,科恒股份,0.74,9.48,-286.22,-5.17,-120.34,-2.17,-165.87,-3.0,7.33,0.13,278.88,5.04
20260609,002210.SZ,飞马国际,1.58,2.57,-286.3,-1.59,53.34,0.3,-339.64,-1.89,261.04,1.45,25.26,0.14
20260609,000610.SZ,*ST西旅,-0.97,7.14,-286.42,-11.89,-226.71,-9.41,-59.71,-2.48,227.63,9.45,58.79,2.44
20260609,003019.SZ,宸展光电,0.88,34.27,-286.69,-0.84,504.38,1.47,-791.07,-2.31,-1390.57,-4.05,1677.26,4.89
20260609,002501.SZ,*ST利源,-2.47,1.58,-287.63,-3.77,42.62,0.56,-330.25,-4.33,-13.07,-0.17,300.7,3.94
20260609,002327.SZ,富安娜,-1.87,6.83,-288.05,-6.66,78.57,1.82,-366.62,-8.48,69.39,1.6,218.66,5.06
20260609,000821.SZ,ST京机,-0.51,9.7,-288.42,-2.04,364.14,2.58,-652.56,-4.62,-555.14,-3.93,843.55,5.97
20260609,300562.SZ,乐心医疗,1.37,11.87,-288.97,-4.88,-226.49,-3.82,-62.49,-1.06,629.46,10.63,-340.49,-5.75
20260609,603998.SH,方盛制药,-0.83,9.57,-289.27,-7.42,-96.22,-2.47,-193.04,-4.95,446.11,11.45,-156.84,-4.02
20260609,301234.SZ,五洲医疗,9.53,41.15,-289.36,-2.72,-20.4,-0.19,-268.96,-2.53,-52.02,-0.49,341.38,3.21
20260609,300295.SZ,*ST三六,-0.87,11.39,-289.36,-12.61,0.0,0.0,-289.36,-12.61,101.89,4.44,187.47,8.17
20260609,301632.SZ,广东建科,1.02,16.84,-289.55,-8.33,0.0,0.0,-289.55,-8.33,-111.48,-3.21,401.03,11.54
20260609,603210.SH,泰鸿万立,0.07,14.42,-289.57,-3.61,-150.49,-1.88,-139.08,-1.73,262.28,3.27,27.3,0.34
20260609,001366.SZ,播恩集团,-2.08,13.18,-289.76,-3.9,-373.23,-5.03,83.47,1.12,31.03,0.42,258.72,3.48
20260609,002292.SZ,奥飞娱乐,0.99,7.17,-290.52,-1.19,-1400.93,-5.74,1110.41,4.55,297.46,1.22,-6.94,-0.03
20260609,603053.SH,成都燃气,-1.21,9.0,-290.64,-14.06,-128.52,-6.22,-162.12,-7.84,158.2,7.65,132.44,6.41
20260609,300898.SZ,熊猫乳品,1.55,20.35,-291.01,-6.25,-21.85,-0.47,-269.17,-5.79,-358.59,-7.71,649.6,13.96
20260609,000058.SZ,深 赛 格,-0.29,6.91,-291.29,-5.74,-216.95,-4.27,-74.33,-1.46,111.33,2.19,179.96,3.54
20260609,300491.SZ,通合科技,-0.03,31.2,-291.64,-0.94,-1291.64,-4.15,1000.0,3.21,62.89,0.2,228.74,0.73
20260609,600790.SH,轻纺城,-0.78,3.84,-291.64,-5.24,-751.41,-13.51,459.77,8.27,356.94,6.42,-65.3,-1.17
20260609,300343.SZ,ST联创,1.63,6.23,-291.76,-4.23,-44.8,-0.65,-246.96,-3.58,156.27,2.26,135.49,1.96
20260609,301289.SZ,国缆检测,0.79,49.45,-291.89,-4.27,0.0,0.0,-291.89,-4.27,-280.88,-4.11,572.77,8.39
20260609,300663.SZ,科蓝软件,0.94,7.54,-291.99,-2.18,-160.0,-1.2,-131.99,-0.99,-816.98,-6.11,1108.97,8.3
20260609,600768.SH,宁波富邦,0.98,15.5,-293.04,-5.38,-43.73,-0.8,-249.31,-4.58,-214.42,-3.94,507.46,9.32
20260609,002019.SZ,亿帆医药,-0.91,9.84,-293.99,-3.85,-797.79,-10.45,503.8,6.6,476.82,6.25,-182.83,-2.39
20260609,002400.SZ,省广集团,0.69,7.33,-295.47,-0.69,305.14,0.72,-600.61,-1.41,-44.98,-0.11,340.45,0.8
20260609,002692.SZ,远程股份,0.69,4.36,-295.82,-5.06,-429.31,-7.34,133.48,2.28,-37.61,-0.64,333.43,5.7
20260609,603193.SH,润本股份,-1.29,21.42,-296.23,-5.03,-63.3,-1.08,-232.93,-3.96,-361.36,-6.14,657.6,11.18
20260609,300078.SZ,思创智联,0.91,3.34,-296.35,-4.25,0.0,0.0,-296.35,-4.25,-180.65,-2.59,477.0,6.84
20260609,002791.SZ,坚朗五金,0.0,14.72,-296.55,-5.38,305.99,5.56,-602.53,-10.94,-206.37,-3.75,502.92,9.13
20260609,605077.SH,华康股份,-2.5,12.49,-296.84,-2.69,359.14,3.26,-655.98,-5.95,911.74,8.27,-614.91,-5.58
20260609,603928.SH,兴业股份,4.39,14.97,-297.08,-2.38,-313.71,-2.51,16.63,0.13,426.73,3.42,-129.65,-1.04
20260609,688259.SH,创耀科技,2.3,36.0,-297.53,-4.71,172.62,2.73,-470.15,-7.44,209.46,3.31,88.08,1.39
20260609,002728.SZ,特一药业,0.24,8.28,-297.65,-5.56,0.0,0.0,-297.65,-5.56,-518.61,-9.69,816.25,15.25
20260609,300272.SZ,开能健康,0.17,5.79,-297.88,-7.32,0.0,0.0,-297.88,-7.32,-154.09,-3.79,451.97,11.11
20260609,001382.SZ,新亚电缆,0.84,20.38,-297.99,-5.23,-265.19,-4.65,-32.81,-0.58,267.64,4.7,30.36,0.53
20260609,300016.SZ,北陆药业,0.65,7.71,-300.52,-4.29,23.54,0.34,-324.06,-4.62,-20.3,-0.29,320.82,4.58
20260609,600594.SH,益佰制药,-0.6,3.33,-301.24,-5.11,-223.85,-3.79,-77.38,-1.31,-268.94,-4.56,570.18,9.67
20260609,603352.SH,至信股份,-0.95,29.09,-301.48,-7.64,44.0,1.11,-345.48,-8.75,117.14,2.97,184.33,4.67
20260609,688522.SH,纳睿雷达,0.0,20.34,-301.55,-3.85,-437.52,-5.59,135.97,1.74,380.94,4.86,-79.39,-1.01
20260609,605086.SH,龙高股份,1.3,27.96,-301.85,-6.93,-428.78,-9.85,126.93,2.91,-155.95,-3.58,457.8,10.51
20260609,001325.SZ,元创股份,-0.13,38.7,-302.29,-9.12,-5.81,-0.18,-296.48,-8.94,-212.97,-6.42,515.26,15.54
20260609,300901.SZ,中胤时尚,-1.8,14.18,-302.74,-8.33,17.85,0.49,-320.59,-8.82,127.53,3.51,175.21,4.82
20260609,002100.SZ,天康生物,-1.43,6.21,-302.83,-4.76,126.0,1.98,-428.83,-6.73,143.36,2.25,159.48,2.5
20260609,000767.SZ,晋控电力,0.41,4.95,-303.21,-0.2,3251.98,2.17,-3555.19,-2.37,-3522.68,-2.35,3825.88,2.55
20260609,300141.SZ,和顺电气,0.47,10.62,-303.37,-3.93,-201.65,-2.61,-101.72,-1.32,195.41,2.53,107.97,1.4
20260609,002965.SZ,祥鑫科技,-0.24,37.03,-303.41,-0.97,-4.31,-0.01,-299.1,-0.95,-158.01,-0.5,461.42,1.47
20260609,000526.SZ,学大教育,0.69,26.19,-303.61,-5.27,-258.65,-4.49,-44.95,-0.78,-208.91,-3.63,512.52,8.9
20260609,300683.SZ,海特生物,-0.2,24.9,-303.75,-3.15,145.36,1.51,-449.1,-4.66,-380.69,-3.95,684.44,7.1
20260609,002800.SZ,天顺股份,-0.33,15.12,-304.36,-5.49,-323.83,-5.84,19.48,0.35,-58.85,-1.06,363.2,6.55
20260609,301516.SZ,中远通,1.51,16.16,-304.76,-3.71,0.0,0.0,-304.76,-3.71,-467.13,-5.69,771.89,9.4
20260609,002826.SZ,易明医药,1.36,15.61,-305.14,-6.03,23.45,0.46,-328.58,-6.5,-201.47,-3.98,506.61,10.02
20260609,002287.SZ,奇正藏药,-1.09,19.96,-306.99,-11.15,0.0,0.0,-306.99,-11.15,329.26,11.96,-22.26,-0.81
20260609,688428.SH,诺诚健华,2.07,20.75,-307.07,-1.79,-36.64,-0.21,-270.42,-1.57,-999.48,-5.82,1306.54,7.61
20260609,301209.SZ,联合化学,5.91,63.21,-307.33,-1.31,-556.76,-2.37,249.42,1.06,-1452.89,-6.18,1760.23,7.49
20260609,002187.SZ,广百股份,-1.85,5.31,-307.56,-3.45,-327.08,-3.67,19.52,0.22,-634.83,-7.11,942.39,10.56
20260609,000014.SZ,沙河股份,0.1,10.36,-307.59,-5.94,-30.86,-0.6,-276.73,-5.35,-103.2,-1.99,410.79,7.94
20260609,002941.SZ,新疆交建,-1.24,11.12,-308.07,-2.0,-400.65,-2.6,92.58,0.6,-34.14,-0.22,342.21,2.22
20260609,002997.SZ,瑞鹄模具,-0.29,27.82,-310.94,-2.76,157.41,1.4,-468.35,-4.16,384.05,3.41,-73.11,-0.65
20260609,002345.SZ,潮宏基,1.75,8.71,-311.98,-2.3,-173.22,-1.28,-138.76,-1.03,-835.43,-6.17,1147.4,8.48
20260609,300345.SZ,华民股份,0.7,5.76,-312.21,-3.62,48.77,0.56,-360.98,-4.18,212.82,2.47,99.39,1.15
20260609,300879.SZ,大叶股份,1.41,18.76,-312.62,-6.62,-152.75,-3.23,-159.87,-3.39,251.06,5.32,61.56,1.3
20260609,600315.SH,上海家化,-1.55,17.81,-312.65,-4.33,-473.6,-6.57,160.95,2.23,374.81,5.2,-62.15,-0.86
20260609,001396.SZ,誉帆科技,-0.71,40.68,-313.35,-5.35,-289.58,-4.95,-23.77,-0.41,448.89,7.67,-135.54,-2.32
20260609,300490.SZ,华自科技,1.92,14.3,-313.39,-1.71,-1995.07,-10.87,1681.67,9.16,544.12,2.96,-230.73,-1.26
20260609,688103.SH,国力电子,4.89,60.7,-314.63,-1.54,-745.95,-3.65,431.31,2.11,-579.32,-2.83,893.96,4.37
20260609,002690.SZ,美亚光电,-1.09,14.48,-314.96,-3.4,-326.38,-3.52,11.43,0.12,511.91,5.53,-196.95,-2.13
20260609,300087.SZ,荃银高科,-1.99,6.88,-315.0,-4.23,12.65,0.17,-327.64,-4.4,147.72,1.98,167.27,2.24
20260609,603194.SH,中力股份,0.31,35.84,-315.18,-5.78,-104.87,-1.92,-210.31,-3.86,488.12,8.95,-172.94,-3.17
20260609,301186.SZ,超达装备,1.64,58.41,-315.24,-4.46,93.02,1.31,-408.26,-5.77,-128.86,-1.82,444.09,6.28
20260609,601375.SH,中原证券,-1.02,3.87,-315.33,-2.41,-705.8,-5.38,390.47,2.98,645.95,4.93,-330.61,-2.52
20260609,001210.SZ,金房能源,0.56,23.14,-315.77,-0.87,-6.38,-0.02,-309.39,-0.85,-1369.94,-3.76,1685.71,4.63
20260609,300912.SZ,凯龙高科,-0.94,26.25,-316.88,-2.38,-280.84,-2.11,-36.03,-0.27,122.44,0.92,194.44,1.46
20260609,001378.SZ,德冠新材,-0.88,19.19,-316.92,-3.44,62.67,0.68,-379.58,-4.12,-0.8,-0.01,317.72,3.45
20260609,600085.SH,同仁堂,-0.04,24.5,-317.06,-2.82,421.36,3.75,-738.42,-6.57,-212.99,-1.9,530.05,4.72
20260609,002907.SZ,华森制药,-1.33,11.88,-317.72,-11.13,0.0,0.0,-317.72,-11.13,12.81,0.45,304.91,10.68
20260609,300581.SZ,晨曦航空,0.38,10.43,-318.13,-4.57,0.0,0.0,-318.13,-4.57,-848.22,-12.18,1166.35,16.75
20260609,688570.SH,天玛智控,-0.99,16.03,-318.27,-16.23,0.0,0.0,-318.27,-16.23,202.43,10.32,115.83,5.91
20260609,688370.SH,丛麟科技,-1.0,20.81,-318.51,-25.75,-105.65,-8.54,-212.86,-17.21,209.97,16.98,108.54,8.78
20260609,002705.SZ,新宝股份,-0.65,12.31,-318.76,-3.82,220.06,2.64,-538.82,-6.45,-52.03,-0.62,370.79,4.44
20260609,603281.SH,江瀚新材,3.5,32.56,-318.91,-3.05,255.2,2.44,-574.12,-5.5,24.6,0.24,294.31,2.82
20260609,603406.SH,天富龙,-0.04,28.12,-319.29,-15.9,-30.28,-1.51,-289.0,-14.39,48.5,2.41,270.79,13.48
20260609,002878.SZ,元隆雅图,-2.15,15.01,-319.93,-1.6,-310.73,-1.56,-9.2,-0.05,476.82,2.39,-156.88,-0.79
20260609,603353.SH,和顺石油,0.25,40.61,-320.16,-1.57,-1205.59,-5.91,885.42,4.34,-2340.68,-11.48,2660.85,13.05
20260609,300891.SZ,惠云钛业,1.21,6.7,-320.21,-7.01,0.0,0.0,-320.21,-7.01,138.7,3.03,181.51,3.97
20260609,688552.SH,航天南湖,0.83,28.05,-320.4,-3.6,99.09,1.11,-419.49,-4.71,-770.66,-8.66,1091.06,12.26
20260609,601990.SH,南京证券,-0.16,6.38,-320.61,-4.39,-133.04,-1.82,-187.57,-2.57,-35.79,-0.49,356.41,4.88
20260609,000895.SZ,双汇发展,-0.29,24.08,-320.66,-1.02,233.62,0.74,-554.28,-1.77,881.32,2.81,-560.66,-1.79
20260609,300982.SZ,苏文电能,-5.11,19.32,-320.74,-3.0,155.31,1.45,-476.05,-4.46,-74.38,-0.7,395.12,3.7
20260609,300851.SZ,交大思诺,1.0,25.34,-320.86,-7.24,-104.15,-2.35,-216.71,-4.89,-47.46,-1.07,368.32,8.31
20260609,301158.SZ,德石股份,-2.84,14.72,-321.17,-4.06,-127.57,-1.61,-193.6,-2.45,-202.25,-2.56,523.43,6.62
20260609,688191.SH,智洋创新,-1.51,33.81,-322.86,-0.94,200.69,0.58,-523.56,-1.52,-4421.57,-12.83,4744.44,13.77
20260609,002698.SZ,博实股份,-2.19,12.52,-323.01,-2.43,-264.75,-1.99,-58.26,-0.44,940.47,7.07,-617.46,-4.64
20260609,600864.SH,哈投股份,-0.58,5.12,-323.18,-3.3,35.08,0.36,-358.26,-3.66,510.97,5.22,-187.79,-1.92
20260609,000429.SZ,粤高速Ａ,1.59,14.08,-323.38,-4.26,-47.48,-0.63,-275.9,-3.63,-194.53,-2.56,517.91,6.82
20260609,002868.SZ,绿康生化,-1.96,26.0,-323.39,-6.54,-137.63,-2.78,-185.75,-3.76,-498.26,-10.08,821.65,16.62
20260609,000557.SZ,西部创业,-1.98,3.97,-324.1,-9.06,0.0,0.0,-324.1,-9.06,337.02,9.42,-12.92,-0.36
20260609,300866.SZ,安克创新,0.07,107.35,-326.37,-0.93,-157.43,-0.45,-168.94,-0.48,-402.14,-1.15,728.51,2.08
20260609,003023.SZ,彩虹集团,0.17,23.14,-327.42,-4.2,4.16,0.05,-331.58,-4.25,-499.15,-6.4,826.57,10.6
20260609,688076.SH,ST诺泰,-0.07,28.19,-327.47,-10.87,-202.47,-6.72,-125.0,-4.15,23.13,0.77,304.34,10.1
20260609,603607.SH,京华激光,-0.05,21.64,-327.8,-5.59,-160.81,-2.74,-166.99,-2.85,141.19,2.41,186.6,3.18
20260609,301260.SZ,格力博,0.82,16.07,-327.95,-5.18,-91.11,-1.44,-236.83,-3.74,-69.87,-1.1,397.82,6.28
20260609,603680.SH,今创集团,0.35,11.39,-328.41,-8.41,-98.64,-2.53,-229.77,-5.88,46.87,1.2,281.54,7.21
20260609,605183.SH,确成股份,0.41,14.84,-329.33,-15.43,-30.83,-1.44,-298.5,-13.98,39.52,1.85,289.81,13.58
20260609,688480.SH,赛恩斯,3.95,87.8,-330.17,-2.28,-689.15,-4.77,358.98,2.48,-474.05,-3.28,804.22,5.56
20260609,688626.SH,翔宇医疗,1.2,48.95,-330.3,-5.9,-122.75,-2.19,-207.55,-3.71,288.58,5.16,41.72,0.75
20260609,002123.SZ,梦网科技,0.64,7.81,-330.54,-3.09,-101.06,-0.94,-229.48,-2.14,395.8,3.7,-65.26,-0.61
20260609,301004.SZ,嘉益股份,-0.58,36.05,-331.39,-15.35,-420.65,-19.48,89.27,4.13,357.46,16.55,-26.08,-1.21
20260609,688501.SH,青达环保,2.23,23.82,-331.5,-5.0,-245.15,-3.7,-86.35,-1.3,301.31,4.55,30.19,0.46
20260609,603878.SH,武进不锈,1.16,6.1,-332.41,-4.98,-172.44,-2.58,-159.96,-2.4,-862.21,-12.92,1194.61,17.9
20260609,688070.SH,纵横股份,-0.93,39.45,-333.28,-7.32,-100.24,-2.2,-233.03,-5.12,-28.82,-0.63,362.1,7.95
20260609,002099.SZ,海翔药业,-1.7,5.21,-333.29,-2.91,7.76,0.07,-341.05,-2.98,852.65,7.45,-519.37,-4.54
20260609,603370.SH,华新精科,0.14,41.46,-333.67,-14.32,-68.45,-2.94,-265.21,-11.38,291.49,12.51,42.17,1.81
20260609,300588.SZ,熙菱信息,-0.05,18.82,-334.51,-5.39,-408.2,-6.58,73.69,1.19,178.57,2.88,155.94,2.51
20260609,600800.SH,渤海化学,0.27,3.69,-335.77,-5.13,244.56,3.74,-580.33,-8.86,82.43,1.26,253.33,3.87
20260609,300377.SZ,赢时胜,2.24,13.21,-336.16,-1.23,392.62,1.44,-728.78,-2.67,-641.46,-2.35,977.62,3.58
20260609,000989.SZ,九芝堂,1.02,7.9,-336.36,-6.75,0.0,0.0,-336.36,-6.75,-240.85,-4.83,577.21,11.59
20260609,301468.SZ,博盈特焊,2.08,47.99,-336.6,-0.77,-475.61,-1.09,139.01,0.32,-132.44,-0.3,469.04,1.08
20260609,301315.SZ,威士顿,0.47,40.99,-337.1,-6.2,-102.13,-1.88,-234.97,-4.32,-3.39,-0.06,340.48,6.26
20260609,301109.SZ,军信股份,-0.29,13.65,-337.32,-6.99,0.0,0.0,-337.32,-6.99,139.95,2.9,197.36,4.09
20260609,603668.SH,天马科技,0.0,10.6,-338.03,-8.38,-146.12,-3.62,-191.91,-4.76,-17.53,-0.43,355.56,8.82
20260609,300421.SZ,力星股份,-0.37,21.81,-338.3,-1.82,-184.05,-0.99,-154.26,-0.83,7.95,0.04,330.35,1.78
20260609,000701.SZ,厦门信达,0.19,5.39,-338.49,-4.79,106.63,1.51,-445.12,-6.3,292.14,4.14,46.35,0.66
20260609,002895.SZ,川恒股份,0.77,30.18,-339.27,-1.55,-748.65,-3.42,409.38,1.87,1169.0,5.35,-829.73,-3.79
20260609,300888.SZ,稳健医疗,-0.51,27.53,-339.49,-4.34,-535.73,-6.85,196.24,2.51,246.73,3.15,92.76,1.19
20260609,688592.SH,司南导航,1.04,38.88,-339.85,-9.46,-132.05,-3.68,-207.8,-5.79,350.8,9.77,-10.95,-0.3
20260609,002209.SZ,达 意 隆,-0.17,11.98,-340.61,-5.38,-31.8,-0.5,-308.81,-4.88,431.85,6.82,-91.24,-1.44
20260609,600368.SH,五洲交通,0.26,3.86,-340.97,-11.72,143.68,4.94,-484.65,-16.65,352.4,12.11,-11.43,-0.39
20260609,600818.SH,ST中路,-0.33,5.99,-341.76,-6.55,64.87,1.24,-406.63,-7.8,594.51,11.4,-252.75,-4.85
20260609,600615.SH,鑫源智造,0.0,9.47,-343.18,-12.81,-36.59,-1.37,-306.59,-11.45,159.28,5.95,183.9,6.87
20260609,300979.SZ,华利集团,1.58,33.52,-343.81,-6.54,-4.01,-0.08,-339.79,-6.47,-168.91,-3.21,512.72,9.76
20260609,601065.SH,江盐集团,-1.05,7.57,-344.14,-15.86,-51.22,-2.36,-292.92,-13.5,115.34,5.32,228.8,10.54
20260609,688739.SH,成大生物,-1.26,20.38,-344.57,-10.41,-106.2,-3.21,-238.38,-7.2,289.38,8.74,55.19,1.67
20260609,300095.SZ,华伍股份,-0.33,9.0,-345.01,-4.56,0.0,0.0,-345.01,-4.56,558.48,7.38,-213.46,-2.82
20260609,603718.SH,*ST海利,-0.91,3.27,-345.12,-18.48,-27.44,-1.47,-317.68,-17.01,156.64,8.39,188.48,10.09
20260609,688656.SH,浩欧博,2.05,99.5,-345.19,-5.95,-483.13,-8.33,137.94,2.38,-99.75,-1.72,444.94,7.67
20260609,300453.SZ,三鑫医疗,1.02,8.9,-345.28,-6.54,-44.26,-0.84,-301.03,-5.7,253.94,4.81,91.35,1.73
20260609,002595.SZ,豪迈科技,4.94,51.63,-346.86,-0.8,-1619.39,-3.72,1272.53,2.93,695.16,1.6,-348.3,-0.8
20260609,300112.SZ,万讯自控,0.87,6.99,-349.16,-5.19,104.46,1.55,-453.61,-6.75,129.9,1.93,219.26,3.26
20260609,002688.SZ,金河生物,0.2,5.04,-349.28,-10.63,-176.18,-5.36,-173.1,-5.27,-41.22,-1.25,390.5,11.88
20260609,300695.SZ,兆丰股份,-3.95,60.78,-349.47,-3.89,61.84,0.69,-411.31,-4.57,458.41,5.1,-108.94,-1.21
20260609,300552.SZ,万集科技,2.85,28.87,-350.07,-1.3,-617.98,-2.3,267.91,1.0,-1708.67,-6.36,2058.74,7.66
20260609,603219.SH,富佳股份,-0.77,15.4,-350.24,-5.16,170.02,2.5,-520.26,-7.66,749.45,11.03,-399.21,-5.88
20260609,300796.SZ,贝斯美,1.53,7.29,-350.32,-8.2,0.0,0.0,-350.32,-8.2,325.42,7.62,24.9,0.58
20260609,600268.SH,国电南自,1.74,12.26,-353.36,-2.18,152.66,0.94,-506.02,-3.12,-1203.56,-7.42,1556.92,9.6
20260609,301367.SZ,瑞迈特,0.58,43.4,-353.54,-8.92,6.96,0.18,-360.51,-9.09,183.06,4.62,170.49,4.3
20260609,600257.SH,大湖股份,-0.77,5.14,-354.01,-6.44,-536.36,-9.76,182.35,3.32,-19.12,-0.35,373.13,6.79
20260609,603896.SH,寿仙谷,-1.07,15.68,-355.23,-10.21,-125.03,-3.59,-230.2,-6.61,503.3,14.46,-148.07,-4.25
20260609,600593.SH,大连圣亚,-0.53,35.77,-355.3,-2.3,-155.54,-1.01,-199.77,-1.29,-588.37,-3.81,943.67,6.11
20260609,600663.SH,陆家嘴,-2.93,6.63,-355.4,-4.4,-123.11,-1.53,-232.29,-2.88,-300.5,-3.72,655.9,8.13
20260609,002778.SZ,中晟高科,-1.45,17.0,-356.58,-10.58,0.0,0.0,-356.58,-10.58,-137.78,-4.09,494.35,14.66
20260609,000788.SZ,北大医药,-2.81,5.19,-356.94,-3.64,99.11,1.01,-456.04,-4.65,213.89,2.18,143.05,1.46
20260609,002451.SZ,摩恩电气,0.64,7.9,-356.96,-6.17,0.0,0.0,-356.96,-6.17,-178.05,-3.08,535.01,9.25
20260609,600248.SH,陕建股份,-1.3,3.03,-357.48,-7.95,105.36,2.34,-462.83,-10.3,167.45,3.73,190.03,4.23
20260609,601718.SH,ST际华,-2.58,1.89,-358.13,-4.62,-543.21,-7.0,185.08,2.39,-305.93,-3.94,664.06,8.56
20260609,605300.SH,佳禾食品,-1.41,9.11,-359.34,-9.63,-174.87,-4.69,-184.47,-4.94,17.99,0.48,341.35,9.15
20260609,300048.SZ,合康新能,-0.72,5.55,-359.41,-6.45,-400.57,-7.19,41.16,0.74,137.5,2.47,221.91,3.98
20260609,300076.SZ,*ST宁视,-3.56,4.33,-359.51,-9.64,-231.82,-6.22,-127.69,-3.42,140.64,3.77,218.86,5.87
20260609,003027.SZ,同兴科技,2.32,20.3,-359.92,-5.85,-120.99,-1.97,-238.93,-3.89,146.93,2.39,212.99,3.46
20260609,603918.SH,金桥信息,1.28,11.05,-360.34,-4.73,-103.03,-1.35,-257.32,-3.38,138.82,1.82,221.52,2.91
20260609,301075.SZ,多瑞医药,-1.32,71.06,-360.86,-4.59,-12.17,-0.15,-348.7,-4.43,262.59,3.34,98.28,1.25
20260609,002739.SZ,儒意电影,-0.82,8.51,-360.99,-1.73,18.94,0.09,-379.93,-1.83,-890.89,-4.28,1251.88,6.02
20260609,002214.SZ,*ST大立,-0.07,14.29,-361.48,-7.34,-449.83,-9.13,88.35,1.79,160.7,3.26,200.77,4.08
20260609,603237.SH,XD五芳斋,-1.92,14.85,-361.58,-12.96,-132.31,-4.74,-229.26,-8.22,-24.04,-0.86,385.62,13.82
20260609,301555.SZ,惠柏新材,6.4,39.39,-362.03,-2.09,44.52,0.26,-406.55,-2.35,548.31,3.16,-186.28,-1.07
20260609,600850.SH,电科数字,0.36,19.56,-362.39,-1.24,1206.63,4.13,-1569.03,-5.38,-50.62,-0.17,413.01,1.41
20260609,603100.SH,川仪股份,-1.42,18.02,-362.85,-4.1,304.8,3.45,-667.65,-7.55,785.91,8.89,-423.05,-4.79
20260609,300437.SZ,清水源,0.85,11.93,-363.34,-4.64,-61.92,-0.79,-301.42,-3.85,-449.84,-5.75,813.18,10.39
20260609,688518.SH,联赢激光,4.83,26.9,-366.54,-0.68,-619.8,-1.15,253.26,0.47,1343.96,2.49,-977.42,-1.81
20260609,601010.SH,ST文峰,-2.33,1.68,-366.66,-6.5,-195.55,-3.47,-171.1,-3.03,7.05,0.12,359.61,6.38
20260609,600638.SH,新黄浦,-1.72,5.15,-367.04,-9.96,-189.31,-5.14,-177.73,-4.82,-37.32,-1.01,404.35,10.97
20260609,603095.SH,越剑智能,-1.17,17.72,-367.92,-6.46,-22.73,-0.4,-345.2,-6.06,-629.9,-11.06,997.82,17.53
20260609,300940.SZ,南极光,1.65,16.66,-369.11,-4.71,281.11,3.59,-650.22,-8.29,-1216.09,-15.51,1585.19,20.22
20260609,603387.SH,基蛋生物,0.0,8.2,-369.29,-6.95,-264.91,-4.99,-104.39,-1.96,80.25,1.51,289.04,5.44
20260609,688601.SH,力芯微,1.07,52.16,-369.51,-1.86,-431.73,-2.18,62.23,0.31,839.87,4.24,-470.36,-2.37
20260609,600251.SH,冠农股份,-0.1,9.56,-370.39,-5.16,-230.33,-3.21,-140.06,-1.95,-217.05,-3.02,587.44,8.18
20260609,000888.SZ,峨眉山Ａ,-1.13,9.64,-370.89,-6.76,0.0,0.0,-370.89,-6.76,-224.3,-4.09,595.19,10.85
20260609,300320.SZ,海达股份,1.44,8.43,-371.4,-6.41,-102.86,-1.78,-268.55,-4.64,-439.78,-7.59,811.18,14.0
20260609,300463.SZ,迈克生物,-0.11,8.78,-371.47,-5.58,367.86,5.53,-739.33,-11.11,-59.46,-0.89,430.93,6.48
20260609,600050.SH,中国联通,0.0,4.31,-371.8,-0.89,428.28,1.03,-800.09,-1.92,-261.62,-0.63,633.42,1.52
20260609,600562.SH,国睿科技,0.14,21.52,-372.59,-3.3,218.43,1.94,-591.02,-5.24,-125.56,-1.11,498.15,4.41
20260609,600997.SH,开滦股份,-5.03,5.47,-373.57,-5.15,-283.98,-3.91,-89.58,-1.23,301.37,4.15,72.2,0.99
20260609,605167.SH,利柏特,2.03,14.57,-373.68,-5.09,-420.87,-5.74,47.19,0.64,-133.54,-1.82,507.22,6.91
20260609,600571.SH,信雅达,-0.64,10.9,-376.24,-5.85,-58.61,-0.91,-317.63,-4.94,-50.43,-0.78,426.67,6.64
20260609,301226.SZ,祥明智能,3.47,34.92,-377.32,-3.5,-234.44,-2.18,-142.87,-1.33,-167.94,-1.56,545.26,5.06
20260609,301361.SZ,众智科技,1.28,33.9,-377.42,-7.11,-77.18,-1.45,-300.24,-5.66,17.16,0.32,360.25,6.79
20260609,301618.SZ,长联科技,-1.94,38.91,-378.03,-5.31,153.88,2.16,-531.91,-7.47,-170.5,-2.39,548.54,7.7
20260609,600379.SH,宝光股份,0.91,12.2,-378.63,-2.71,-359.49,-2.58,-19.14,-0.14,-818.2,-5.87,1196.83,8.58
20260609,603828.SH,*ST利达,-1.54,5.12,-379.51,-23.26,-519.02,-31.82,139.51,8.55,261.45,16.03,118.07,7.24
20260609,300517.SZ,海波重科,2.4,11.09,-380.14,-6.97,-120.14,-2.2,-260.0,-4.77,406.01,7.44,-25.87,-0.47
20260609,688148.SH,芳源股份,2.59,7.92,-381.1,-2.8,-265.17,-1.95,-115.93,-0.85,374.29,2.75,6.81,0.05
20260609,300916.SZ,朗特智能,0.35,25.73,-381.64,-3.42,49.98,0.45,-431.61,-3.87,227.05,2.03,154.58,1.38
20260609,601568.SH,北元化工,0.81,3.73,-381.9,-9.15,-63.29,-1.52,-318.61,-7.63,-376.75,-9.03,758.65,18.18
20260609,002840.SZ,华统股份,0.13,7.79,-383.95,-2.93,-25.25,-0.19,-358.7,-2.74,-868.43,-6.63,1252.38,9.56
20260609,301189.SZ,奥尼电子,2.7,102.5,-384.17,-0.74,106.44,0.2,-490.61,-0.94,1092.6,2.09,-708.43,-1.36
20260609,000603.SZ,盛达资源,1.71,27.94,-384.5,-0.93,461.04,1.12,-845.54,-2.05,-6162.7,-14.95,6547.21,15.89
20260609,600838.SH,上海九百,-1.27,7.76,-384.52,-7.04,-223.87,-4.1,-160.65,-2.94,129.15,2.36,255.36,4.68
20260609,002646.SZ,天佑德酒,-0.71,7.03,-384.84,-13.92,0.0,0.0,-384.84,-13.92,-5.09,-0.18,389.93,14.1
20260609,300044.SZ,*ST赛为,-0.35,5.71,-386.02,-5.36,-153.64,-2.13,-232.38,-3.23,-131.51,-1.83,517.53,7.19
20260609,688561.SH,奇安信-U,-0.04,25.46,-387.08,-2.87,-247.27,-1.83,-139.81,-1.04,-201.95,-1.5,589.03,4.37
20260609,001979.SZ,招商蛇口,0.0,8.24,-387.99,-0.4,-2897.74,-3.0,2509.75,2.6,3302.32,3.42,-2914.33,-3.01
20260609,603118.SH,共进股份,2.11,12.61,-389.53,-1.06,686.8,1.87,-1076.33,-2.93,591.41,1.61,-201.87,-0.55
20260609,002066.SZ,瑞泰科技,-0.64,23.43,-389.89,-4.8,133.48,1.64,-523.37,-6.44,570.64,7.03,-180.75,-2.23
20260609,600358.SH,国旅联合,0.35,5.75,-390.07,-14.84,-45.25,-1.72,-344.82,-13.12,278.48,10.59,111.59,4.24
20260609,002828.SZ,贝肯能源,-4.34,9.04,-390.52,-3.46,-189.59,-1.68,-200.93,-1.78,160.71,1.42,229.8,2.04
20260609,300761.SZ,立华股份,-2.81,17.64,-391.15,-3.51,-133.86,-1.2,-257.29,-2.31,423.23,3.8,-32.08,-0.29
20260609,001965.SZ,招商公路,0.73,9.61,-391.52,-4.1,246.7,2.58,-638.22,-6.68,-576.81,-6.03,968.33,10.13
20260609,300952.SZ,恒辉安防,-1.46,22.2,-392.18,-3.06,-504.65,-3.94,112.47,0.88,642.33,5.01,-250.15,-1.95
20260609,603229.SH,奥翔药业,-2.09,8.92,-392.74,-7.57,-537.93,-10.36,145.19,2.8,609.5,11.74,-216.76,-4.18
20260609,002956.SZ,西麦食品,-0.24,21.08,-392.93,-7.3,0.0,0.0,-392.93,-7.3,41.64,0.77,351.3,6.53
20260609,301263.SZ,泰恩康,1.03,18.7,-393.35,-3.94,-484.02,-4.84,90.68,0.91,-134.07,-1.34,527.41,5.28
20260609,001256.SZ,炜冈科技,-3.94,23.67,-394.25,-2.87,-754.66,-5.49,360.41,2.62,-36.27,-0.26,430.52,3.13
20260609,301608.SZ,博实结,0.8,50.5,-394.51,-4.46,-268.81,-3.04,-125.7,-1.42,-111.16,-1.26,505.66,5.71
20260609,000905.SZ,厦门港务,-0.46,8.66,-394.8,-5.99,18.46,0.28,-413.26,-6.27,-356.5,-5.41,751.29,11.39
20260609,002653.SZ,海思科,1.74,47.26,-395.32,-2.56,372.34,2.41,-767.66,-4.96,885.08,5.72,-489.76,-3.17
20260609,600196.SH,复星医药,0.83,21.83,-396.09,-1.59,-455.31,-1.82,59.22,0.24,12.16,0.05,383.93,1.54
20260609,001360.SZ,南矿集团,-0.77,17.96,-396.53,-6.52,-112.74,-1.85,-283.79,-4.67,-161.9,-2.66,558.43,9.18
20260609,603538.SH,美诺华,1.96,39.6,-396.56,-0.54,-1209.63,-1.64,813.07,1.1,-1452.8,-1.97,1849.36,2.51
20260609,601996.SH,丰林集团,-1.54,2.55,-396.58,-5.78,-426.6,-6.21,30.02,0.44,450.54,6.56,-53.96,-0.79
20260609,000880.SZ,潍柴重机,1.63,26.21,-397.57,-1.16,156.88,0.46,-554.45,-1.62,1903.69,5.58,-1506.12,-4.41
20260609,603727.SH,博迈科,-1.89,14.03,-397.9,-7.2,-204.44,-3.7,-193.46,-3.5,-196.42,-3.55,594.32,10.75
20260609,002415.SZ,海康威视,0.63,30.49,-398.53,-0.24,-2325.49,-1.41,1926.96,1.17,1079.46,0.65,-680.93,-0.41
20260609,300119.SZ,瑞普生物,-1.22,15.35,-400.17,-9.22,-109.24,-2.52,-290.93,-6.71,48.08,1.11,352.09,8.12
20260609,000555.SZ,神州信息,0.52,11.6,-400.6,-2.26,244.74,1.38,-645.33,-3.64,-285.54,-1.61,686.13,3.87
20260609,603348.SH,文灿股份,-1.62,15.16,-400.63,-10.52,97.01,2.55,-497.63,-13.07,96.33,2.53,304.3,7.99
20260609,301262.SZ,海看股份,0.1,20.12,-400.87,-8.8,0.0,0.0,-400.87,-8.8,326.11,7.16,74.76,1.64
20260609,601236.SH,红塔证券,-0.3,6.62,-400.9,-7.7,-155.12,-2.98,-245.78,-4.72,96.66,1.86,304.24,5.85
20260609,300875.SZ,捷强装备,0.03,32.3,-401.01,-5.4,0.65,0.01,-401.66,-5.41,-1106.32,-14.91,1507.33,20.31
20260609,688101.SH,三达膜,0.23,17.25,-401.14,-5.41,-567.53,-7.65,166.39,2.24,790.06,10.65,-388.92,-5.24
20260609,301191.SZ,菲菱科思,5.15,94.95,-401.24,-1.01,-509.7,-1.28,108.46,0.27,-3332.24,-8.36,3733.48,9.37
20260609,301208.SZ,中亦科技,-0.07,29.6,-401.87,-7.68,-329.94,-6.31,-71.93,-1.37,192.22,3.67,209.66,4.01
20260609,002635.SZ,安洁科技,3.14,17.06,-402.5,-0.88,684.75,1.5,-1087.26,-2.38,-2921.6,-6.4,3324.11,7.28
20260609,301680.SZ,固德电材,-0.9,119.43,-402.72,-1.54,-322.88,-1.24,-79.84,-0.31,1464.71,5.61,-1062.0,-4.07
20260609,603527.SH,众源新材,2.03,13.06,-403.32,-1.82,363.19,1.64,-766.51,-3.45,403.58,1.82,-0.25,0.0
20260609,601677.SH,明泰铝业,-0.23,17.61,-403.4,-0.49,1160.52,1.41,-1563.92,-1.91,4821.94,5.88,-4418.55,-5.38
20260609,688709.SH,成都华微,3.18,32.14,-403.47,-2.3,-606.35,-3.45,202.88,1.16,286.42,1.63,117.05,0.67
20260609,603285.SH,键邦股份,8.7,41.87,-405.47,-1.48,583.04,2.13,-988.51,-3.61,-87.13,-0.32,492.6,1.8
20260609,600337.SH,ST美克,0.63,3.2,-405.92,-7.24,-482.81,-8.61,76.89,1.37,322.53,5.75,83.38,1.49
20260609,300652.SZ,雷迪克,0.19,41.81,-406.18,-4.68,-194.34,-2.24,-211.83,-2.44,444.65,5.12,-38.47,-0.44
20260609,000677.SZ,ST海龙,-3.86,1.99,-406.22,-5.78,12.05,0.17,-418.28,-5.95,-113.29,-1.61,519.51,7.39
20260609,603167.SH,渤海轮渡,0.11,9.04,-406.4,-18.57,-207.11,-9.47,-199.29,-9.11,435.09,19.88,-28.69,-1.31
20260609,688528.SH,秦川物联,-3.19,10.92,-406.76,-7.85,-850.37,-16.4,443.61,8.56,569.3,10.98,-162.54,-3.14
20260609,002822.SZ,ST中装,-2.11,2.78,-407.24,-19.78,-140.0,-6.8,-267.24,-12.98,16.58,0.81,390.66,18.97
20260609,002689.SZ,ST远智,-1.36,2.9,-408.98,-19.75,-144.5,-6.98,-264.48,-12.77,200.56,9.69,208.43,10.07
20260609,000019.SZ,深粮控股,-1.1,6.27,-409.73,-8.88,-210.12,-4.56,-199.61,-4.33,186.34,4.04,223.39,4.84
20260609,603122.SH,合富中国,0.33,12.18,-409.8,-4.34,-310.77,-3.29,-99.03,-1.05,-935.52,-9.91,1345.32,14.25
20260609,002021.SZ,中捷资源,-0.78,2.54,-409.99,-6.23,-187.3,-2.85,-222.69,-3.38,307.57,4.67,102.42,1.56
20260609,603239.SH,浙江仙通,-0.65,18.39,-412.0,-5.31,-35.39,-0.46,-376.61,-4.85,-83.66,-1.08,495.66,6.39
20260609,601881.SH,中国银河,0.08,11.87,-412.19,-1.33,959.11,3.09,-1371.3,-4.42,-790.68,-2.55,1202.87,3.87
20260609,600939.SH,重庆建工,-8.25,2.78,-413.14,-2.96,0.89,0.01,-414.03,-2.96,985.19,7.05,-572.05,-4.09
20260609,600185.SH,珠免集团,-1.78,4.96,-413.41,-3.44,-1055.92,-8.78,642.5,5.34,248.32,2.07,165.09,1.37
20260609,600820.SH,隧道股份,0.55,5.47,-416.67,-5.19,-576.64,-7.18,159.98,1.99,83.67,1.04,332.99,4.15
20260609,300838.SZ,浙江力诺,-2.99,14.93,-417.89,-5.53,-19.04,-0.25,-398.86,-5.28,279.6,3.7,138.29,1.83
20260609,002383.SZ,合众思壮,0.94,7.53,-417.9,-6.45,-29.77,-0.46,-388.13,-5.99,-338.13,-5.22,756.03,11.66
20260609,603178.SH,圣龙股份,-0.41,16.82,-418.56,-4.77,-74.42,-0.85,-344.14,-3.92,-550.78,-6.28,969.34,11.05
20260609,688335.SH,复洁科技,1.18,28.35,-418.78,-7.41,-168.38,-2.98,-250.4,-4.43,171.24,3.03,247.55,4.38
20260609,002912.SZ,中新赛克,1.57,20.1,-418.87,-7.45,0.0,0.0,-418.87,-7.45,-110.69,-1.97,529.56,9.42
20260609,002671.SZ,龙泉股份,0.72,4.2,-419.0,-8.21,0.0,0.0,-419.0,-8.21,184.77,3.62,234.23,4.59
20260609,600963.SH,岳阳林纸,-1.38,3.57,-419.2,-4.88,-846.91,-9.86,427.71,4.98,-53.84,-0.63,473.03,5.51
20260609,300965.SZ,恒宇信通,0.42,47.85,-419.22,-7.65,0.0,0.0,-419.22,-7.65,89.93,1.64,329.29,6.01
20260609,600857.SH,宁波中百,-2.53,14.28,-419.85,-2.73,-475.69,-3.09,55.84,0.36,-11.52,-0.07,431.37,2.8
20260609,000860.SZ,顺鑫农业,-2.08,10.37,-420.34,-6.08,-238.26,-3.45,-182.07,-2.63,29.99,0.43,390.34,5.65
20260609,688563.SH,航材股份,0.75,48.55,-421.12,-2.91,-2311.93,-15.98,1890.81,13.07,383.33,2.65,37.79,0.26
20260609,600848.SH,上海临港,-0.73,8.18,-421.31,-6.18,-311.77,-4.57,-109.54,-1.61,648.81,9.52,-227.5,-3.34
20260609,301181.SZ,标榜股份,2.24,29.73,-423.22,-6.76,-600.07,-9.58,176.85,2.82,578.31,9.23,-155.09,-2.48
20260609,600313.SH,农发种业,-2.17,5.86,-423.71,-2.65,-104.96,-0.66,-318.75,-1.99,-868.17,-5.43,1291.88,8.08
20260609,600793.SH,宜宾纸业,-2.65,13.58,-424.27,-6.08,-349.47,-5.01,-74.79,-1.07,159.76,2.29,264.5,3.79
20260609,600527.SH,江南高纤,1.71,2.38,-425.07,-2.98,-71.85,-0.5,-353.22,-2.48,-90.47,-0.63,515.54,3.61
20260609,002652.SZ,扬子新材,0.42,4.81,-426.15,-4.67,-188.73,-2.07,-237.42,-2.6,-97.63,-1.07,523.78,5.73
20260609,000735.SZ,罗 牛 山,0.4,5.08,-426.41,-5.38,91.86,1.16,-518.27,-6.54,-554.16,-7.0,980.57,12.38
20260609,300190.SZ,维尔利,0.0,4.0,-427.1,-5.71,-148.57,-1.99,-278.53,-3.72,834.26,11.15,-407.15,-5.44
20260609,600227.SH,赤天化,-4.04,2.85,-427.14,-1.91,669.08,2.99,-1096.22,-4.89,-1279.67,-5.71,1706.81,7.62
20260609,600720.SH,中交设计,-0.87,5.69,-427.87,-8.34,-384.4,-7.49,-43.47,-0.85,343.85,6.7,84.02,1.64
20260609,603822.SH,ST嘉澳,-0.5,79.37,-428.45,-9.37,-25.46,-0.56,-402.99,-8.81,-35.86,-0.78,464.31,10.15
20260609,605118.SH,力鼎光电,0.73,33.16,-428.64,-3.53,-841.2,-6.94,412.56,3.4,-999.09,-8.24,1427.73,11.77
20260609,002567.SZ,唐人神,-0.59,3.36,-429.33,-9.63,-157.61,-3.53,-271.72,-6.09,-65.26,-1.46,494.59,11.09
20260609,000536.SZ,华映科技,0.76,3.99,-429.6,-1.32,-271.02,-0.83,-158.58,-0.49,273.32,0.84,156.28,0.48
20260609,688165.SH,埃夫特-U,0.66,21.21,-430.27,-0.95,-435.19,-0.96,4.92,0.01,1198.43,2.65,-768.16,-1.7
20260609,000862.SZ,银星能源,-0.16,6.2,-430.28,-2.27,83.99,0.44,-514.27,-2.71,-893.86,-4.71,1324.15,6.97
20260609,603176.SH,汇通集团,-2.17,4.96,-431.74,-10.02,-279.0,-6.47,-152.73,-3.54,449.2,10.42,-17.47,-0.41
20260609,603969.SH,银龙股份,3.73,8.06,-431.9,-4.68,-651.61,-7.06,219.71,2.38,535.79,5.8,-103.89,-1.13
20260609,600694.SH,大商股份,-1.12,14.14,-432.62,-9.09,-32.74,-0.69,-399.88,-8.41,537.8,11.31,-105.18,-2.21
20260609,600976.SH,健民集团,-1.18,26.75,-434.01,-12.97,-35.85,-1.07,-398.16,-11.9,-304.48,-9.1,738.5,22.07
20260609,600525.SH,ST长园,-0.6,5.0,-434.79,-11.91,-351.73,-9.63,-83.06,-2.27,151.29,4.14,283.5,7.76
20260609,300181.SZ,佐力药业,-1.59,12.96,-435.15,-4.72,-425.5,-4.61,-9.65,-0.1,521.81,5.65,-86.66,-0.94
20260609,688785.SH,恒运昌,15.0,370.97,-435.91,-0.74,764.49,1.3,-1200.39,-2.03,823.11,1.4,-387.21,-0.66
20260609,605368.SH,蓝天燃气,-0.29,6.93,-437.18,-17.86,-317.56,-12.97,-119.62,-4.89,217.2,8.87,219.98,8.98
20260609,688708.SH,佳驰科技,-0.6,44.78,-438.12,-8.61,-229.21,-4.51,-208.91,-4.11,79.43,1.56,358.69,7.05
20260609,301180.SZ,万祥科技,1.08,14.07,-438.48,-6.67,0.0,0.0,-438.48,-6.67,-569.32,-8.66,1007.79,15.33
20260609,002112.SZ,三变科技,1.6,17.12,-438.64,-2.8,-224.5,-1.43,-214.14,-1.37,-1431.0,-9.13,1869.64,11.93
20260609,300506.SZ,ST名家汇,0.45,4.44,-439.99,-18.47,-234.03,-9.82,-205.96,-8.65,261.71,10.99,178.28,7.48
20260609,600894.SH,广日股份,-2.07,8.53,-440.53,-11.89,-62.94,-1.7,-377.59,-10.19,66.54,1.8,373.99,10.09
20260609,603367.SH,辰欣药业,-0.08,13.21,-441.53,-7.67,-600.18,-10.42,158.65,2.76,-42.06,-0.73,483.59,8.4
20260609,603396.SH,金辰股份,1.13,29.45,-441.64,-5.51,-157.65,-1.97,-283.99,-3.54,-396.98,-4.95,838.62,10.46
20260609,601827.SH,XD三峰环,-0.26,7.61,-442.21,-8.94,-57.58,-1.16,-384.63,-7.77,289.63,5.85,152.57,3.08
20260609,605298.SH,必得科技,3.28,53.6,-442.62,-6.63,192.06,2.88,-634.68,-9.5,-291.13,-4.36,733.75,10.98
20260609,301019.SZ,宁波色母,0.8,20.12,-442.88,-14.07,-97.12,-3.09,-345.77,-10.99,-253.42,-8.05,696.3,22.12
20260609,603109.SH,神驰机电,-0.8,19.8,-443.23,-6.66,-101.07,-1.52,-342.16,-5.14,-116.67,-1.75,559.9,8.42
20260609,600354.SH,敦煌种业,-0.75,5.28,-444.65,-7.01,-69.15,-1.09,-375.5,-5.92,45.16,0.71,399.49,6.3
20260609,600642.SH,申能股份,0.1,9.62,-445.26,-2.15,548.58,2.64,-993.84,-4.79,325.88,1.57,119.38,0.58
20260609,300423.SZ,昇辉科技,0.82,6.12,-446.3,-8.08,-232.29,-4.2,-214.01,-3.87,-37.15,-0.67,483.45,8.75
20260609,688581.SH,安杰思,-0.38,54.4,-446.71,-24.39,-46.5,-2.54,-400.21,-21.85,310.01,16.93,136.7,7.46
20260609,301026.SZ,浩通科技,-0.42,21.18,-447.91,-3.57,-105.35,-0.84,-342.56,-2.73,-675.7,-5.39,1123.61,8.96
20260609,300927.SZ,江天化学,1.19,22.88,-448.48,-6.74,-346.5,-5.21,-101.98,-1.53,-267.01,-4.01,715.49,10.75
20260609,300250.SZ,初灵信息,0.5,16.05,-449.7,-6.4,4.55,0.06,-454.25,-6.46,-400.42,-5.7,850.12,12.1
20260609,605136.SH,丽人丽妆,-0.69,8.63,-450.64,-7.89,-167.55,-2.93,-283.1,-4.96,-53.0,-0.93,503.65,8.82
20260609,002717.SZ,*ST岭南,0.85,1.18,-452.38,-5.37,-69.32,-0.82,-383.05,-4.55,258.75,3.07,193.63,2.3
20260609,300911.SZ,亿田智能,-0.22,22.92,-453.65,-3.28,180.52,1.31,-634.17,-4.59,-529.18,-3.83,982.83,7.11
20260609,002298.SZ,中电鑫龙,1.09,8.34,-454.09,-3.06,231.24,1.56,-685.33,-4.62,-294.52,-1.99,748.62,5.05
20260609,301050.SZ,雷电微力,0.17,34.74,-455.04,-3.32,-415.11,-3.03,-39.93,-0.29,-219.28,-1.6,674.32,4.92
20260609,300072.SZ,海新能科,-0.27,3.75,-455.8,-4.7,-7.39,-0.08,-448.4,-4.63,-334.63,-3.45,790.43,8.15
20260609,301446.SZ,福事特,1.95,42.95,-456.12,-6.0,-237.14,-3.12,-218.98,-2.88,55.14,0.73,400.98,5.28
20260609,000731.SZ,四川美丰,-2.34,5.85,-456.56,-10.44,71.05,1.63,-527.61,-12.07,183.33,4.19,273.23,6.25
20260609,300301.SZ,ST长方,0.0,3.27,-456.95,-16.24,-133.75,-4.75,-323.2,-11.49,150.11,5.33,306.84,10.9
20260609,603033.SH,三维股份,2.02,10.1,-457.27,-5.0,-625.44,-6.84,168.17,1.84,1081.33,11.83,-624.06,-6.83
20260609,688799.SH,华纳药厂,0.76,46.35,-457.71,-5.27,-611.4,-7.05,153.69,1.77,167.9,1.93,289.81,3.34
20260609,300528.SZ,幸福蓝海,0.0,15.54,-458.06,-2.87,-31.72,-0.2,-426.35,-2.67,-687.11,-4.31,1145.18,7.18
20260609,002390.SZ,信邦制药,-0.34,2.89,-458.37,-8.83,-4.61,-0.09,-453.76,-8.74,242.23,4.66,216.14,4.16
20260609,000016.SZ,*ST康佳A,0.65,3.08,-458.7,-8.97,253.27,4.95,-711.96,-13.92,161.59,3.16,297.11,5.81
20260609,000739.SZ,普洛药业,-2.21,15.5,-458.96,-4.27,-508.53,-4.74,49.57,0.46,862.38,8.03,-403.43,-3.76
20260609,600053.SH,*ST九鼎,-3.01,8.39,-459.0,-13.68,-108.44,-3.23,-350.55,-10.45,163.99,4.89,295.01,8.79
20260609,000753.SZ,漳州发展,0.0,5.06,-459.63,-6.9,1.75,0.03,-461.38,-6.93,-575.59,-8.64,1035.23,15.54
20260609,002086.SZ,东方海洋,-1.08,1.84,-459.66,-8.27,178.23,3.21,-637.88,-11.48,50.99,0.92,408.66,7.36
20260609,688009.SH,中国通号,-1.39,4.98,-459.77,-2.58,177.0,0.99,-636.77,-3.57,1402.83,7.87,-943.07,-5.29
20260609,301237.SZ,和顺科技,2.96,62.55,-460.58,-4.2,17.96,0.16,-478.54,-4.36,16.86,0.15,443.72,4.05
20260609,600080.SH,ST金花,-3.62,5.06,-460.79,-16.41,-26.52,-0.94,-434.27,-15.47,77.94,2.78,382.85,13.64
20260609,600657.SH,信达地产,-3.66,2.63,-461.2,-5.32,-1025.46,-11.82,564.26,6.5,317.05,3.65,144.15,1.66
20260609,603903.SH,中持股份,-0.17,11.95,-461.33,-5.02,335.8,3.66,-797.13,-8.68,99.3,1.08,362.02,3.94
20260609,600055.SH,万东医疗,-2.0,11.78,-461.6,-8.73,-337.47,-6.39,-124.14,-2.35,633.02,11.98,-171.41,-3.24
20260609,688310.SH,迈得医疗,1.68,17.59,-461.85,-6.49,-513.29,-7.21,51.44,0.72,339.43,4.77,122.42,1.72
20260609,600882.SH,妙可蓝多,2.15,18.08,-462.79,-2.7,-135.37,-0.79,-327.41,-1.91,-3216.53,-18.76,3679.32,21.46
20260609,002397.SZ,梦洁股份,1.39,4.38,-463.36,-7.66,-6.89,-0.11,-456.47,-7.54,-144.08,-2.38,607.44,10.04
20260609,603709.SH,中源家居,-1.03,15.33,-465.67,-12.59,-169.4,-4.58,-296.28,-8.01,592.14,16.01,-126.47,-3.42
20260609,603685.SH,晨丰科技,0.06,31.88,-465.95,-5.42,-297.36,-3.46,-168.59,-1.96,13.3,0.15,452.65,5.26
20260609,688716.SH,中研股份,2.57,33.88,-466.94,-4.13,-984.48,-8.72,517.54,4.58,-63.71,-0.56,530.64,4.7
20260609,002216.SZ,三全食品,0.25,12.13,-467.21,-6.74,-156.28,-2.25,-310.93,-4.48,-21.6,-0.31,488.82,7.05
20260609,000672.SZ,上峰材料,3.7,16.24,-468.39,-1.31,670.01,1.88,-1138.41,-3.19,-300.14,-0.84,768.54,2.15
20260609,002757.SZ,南兴股份,1.06,21.03,-470.28,-2.05,223.97,0.97,-694.25,-3.02,867.54,3.77,-397.26,-1.73
20260609,600751.SH,海航科技,-0.33,3.04,-471.98,-5.65,-348.52,-4.17,-123.46,-1.48,408.98,4.89,62.99,0.75
20260609,603339.SH,四方科技,-0.38,13.1,-473.21,-9.27,-377.81,-7.4,-95.4,-1.87,174.36,3.42,298.85,5.85
20260609,600998.SH,九州通,-0.63,4.76,-473.23,-4.48,-135.28,-1.28,-337.95,-3.2,-425.5,-4.03,898.72,8.5
20260609,000809.SZ,和展能源,0.26,3.82,-473.36,-7.15,18.89,0.29,-492.26,-7.44,-637.21,-9.62,1110.58,16.77
20260609,603939.SH,益丰药房,0.98,20.69,-475.82,-2.12,-292.09,-1.3,-183.74,-0.82,-1251.04,-5.56,1726.87,7.68
20260609,300415.SZ,伊之密,0.61,21.39,-476.49,-3.39,-210.0,-1.49,-266.49,-1.89,1528.5,10.86,-1052.01,-7.48
20260609,000513.SZ,丽珠集团,1.97,30.47,-477.12,-3.24,380.94,2.59,-858.06,-5.83,-682.98,-4.64,1160.1,7.88
20260609,603697.SH,有友食品,-0.87,10.24,-479.6,-8.52,-13.14,-0.23,-466.46,-8.29,599.46,10.65,-119.86,-2.13
20260609,600307.SH,酒钢宏兴,-1.28,1.54,-480.09,-5.44,-974.03,-11.04,493.95,5.6,443.85,5.03,36.23,0.41
20260609,600258.SH,首旅酒店,-0.87,12.51,-480.45,-2.35,-801.98,-3.93,321.53,1.58,1165.89,5.71,-685.44,-3.36
20260609,688135.SH,利扬芯片,4.68,34.66,-483.39,-1.6,269.43,0.89,-752.83,-2.49,-1248.11,-4.13,1731.5,5.72
20260609,601086.SH,国芳集团,1.11,7.28,-483.5,-4.67,-95.81,-0.93,-387.69,-3.74,-771.28,-7.45,1254.77,12.12
20260609,688789.SH,宏华数科,-0.91,48.93,-484.97,-7.09,-387.19,-5.66,-97.79,-1.43,216.38,3.16,268.6,3.93
20260609,603895.SH,天永智能,-2.39,31.88,-485.38,-6.61,-236.45,-3.22,-248.94,-3.39,725.45,9.88,-240.07,-3.27
20260609,605499.SH,东鹏饮料,-2.22,133.2,-486.64,-0.71,-291.13,-0.43,-195.51,-0.29,-512.06,-0.75,998.7,1.46
20260609,301090.SZ,华润材料,1.62,6.91,-486.68,-10.76,-575.43,-12.73,88.76,1.96,134.73,2.98,351.95,7.78
20260609,600039.SH,四川路桥,-1.07,8.36,-487.86,-3.75,651.41,5.0,-1139.27,-8.75,788.35,6.05,-300.49,-2.31
20260609,600179.SH,安通控股,-2.02,4.37,-487.88,-2.37,-21.39,-0.1,-466.49,-2.27,-381.3,-1.85,869.18,4.23
20260609,301003.SZ,江苏博云,6.02,50.04,-488.85,-3.78,235.54,1.82,-724.39,-5.6,41.62,0.32,447.23,3.45
20260609,688619.SH,罗普特,-0.12,16.86,-489.11,-5.57,-41.67,-0.47,-447.43,-5.1,339.66,3.87,149.45,1.7
20260609,603559.SH,ST通脉,-1.41,8.4,-489.74,-13.14,-21.95,-0.59,-467.79,-12.55,277.54,7.44,212.2,5.69
20260609,603615.SH,茶花股份,-0.66,17.99,-490.4,-9.21,24.42,0.46,-514.82,-9.67,-205.23,-3.85,695.63,13.06
20260609,000600.SZ,建投能源,-1.12,10.63,-491.28,-0.84,203.95,0.35,-695.23,-1.18,-1969.44,-3.35,2460.73,4.19
20260609,603171.SH,税友股份,0.94,46.15,-492.12,-2.4,108.76,0.53,-600.88,-2.94,518.38,2.53,-26.26,-0.13
20260609,603933.SH,睿能科技,0.7,23.0,-492.15,-4.88,-51.89,-0.51,-440.26,-4.37,-320.4,-3.18,812.56,8.06
20260609,601238.SH,广汽集团,-0.67,5.89,-492.2,-4.17,-41.68,-0.35,-450.51,-3.81,-477.88,-4.05,970.08,8.21
20260609,300508.SZ,维宏股份,-2.3,49.24,-493.73,-1.24,-549.43,-1.38,55.7,0.14,-1388.84,-3.48,1882.58,4.72
20260609,300480.SZ,光力科技,3.99,34.15,-494.38,-1.0,-225.49,-0.46,-268.89,-0.55,-602.35,-1.22,1096.73,2.23
20260609,000595.SZ,*ST宝实,-1.3,6.82,-496.05,-5.94,-609.96,-7.3,113.91,1.36,-164.98,-1.97,661.03,7.91
20260609,600521.SH,华海药业,-0.94,14.74,-497.62,-3.2,609.08,3.92,-1106.7,-7.12,-479.21,-3.08,976.82,6.28
20260609,002795.SZ,永和智控,0.83,7.29,-499.69,-4.82,158.91,1.53,-658.6,-6.35,-196.49,-1.9,696.18,6.72
20260609,301038.SZ,深水规院,0.0,20.0,-499.78,-4.23,422.03,3.57,-921.8,-7.8,-377.55,-3.2,877.33,7.43
20260609,300818.SZ,耐普矿机,1.47,22.05,-501.18,-6.7,5.06,0.07,-506.24,-6.77,-358.52,-4.79,859.7,11.49
20260609,300560.SZ,中富通,3.46,17.65,-501.2,-1.92,-432.96,-1.66,-68.24,-0.26,-1464.84,-5.61,1966.04,7.54
20260609,600619.SH,海立股份,2.47,14.52,-502.62,-2.06,27.21,0.11,-529.83,-2.17,-198.49,-0.81,701.11,2.87
20260609,688068.SH,热景生物,0.39,79.58,-502.67,-3.6,-754.66,-5.41,252.0,1.81,-913.53,-6.55,1416.19,10.15
20260609,600844.SH,金煤科技,-1.37,2.87,-502.85,-8.48,-187.1,-3.16,-315.74,-5.32,-119.34,-2.01,622.19,10.49
20260609,688439.SH,振华风光,1.19,44.94,-503.37,-4.99,-377.72,-3.75,-125.64,-1.25,309.09,3.07,194.28,1.93
20260609,688293.SH,奥浦迈,1.76,35.82,-503.82,-8.18,-144.79,-2.35,-359.03,-5.83,7.83,0.13,495.99,8.06
20260609,688408.SH,中信博,1.11,30.13,-506.6,-4.77,-214.4,-2.02,-292.21,-2.75,416.19,3.92,90.42,0.85
20260609,002998.SZ,优彩资源,-1.2,7.42,-507.96,-7.45,-759.45,-11.15,251.48,3.69,80.47,1.18,427.49,6.27
20260609,688168.SH,安博通,2.77,53.08,-508.34,-2.44,-203.2,-0.97,-305.14,-1.46,232.03,1.11,276.31,1.32
20260609,000597.SZ,东北制药,0.0,4.38,-508.96,-14.18,-130.5,-3.64,-378.46,-10.54,-145.88,-4.06,654.83,18.24
20260609,000978.SZ,桂林旅游,-2.35,6.23,-509.51,-6.09,49.84,0.6,-559.35,-6.69,-469.03,-5.61,978.55,11.7
20260609,002877.SZ,智能自控,-0.6,8.23,-509.61,-4.06,-87.6,-0.7,-422.01,-3.36,-58.45,-0.47,568.07,4.52
20260609,688376.SH,美埃科技,11.58,73.88,-509.92,-2.4,-66.78,-0.31,-443.14,-2.08,299.01,1.41,210.9,0.99
20260609,002932.SZ,*ST明德,0.39,15.49,-510.1,-27.03,0.0,0.0,-510.1,-27.03,477.56,25.31,32.54,1.72
20260609,000157.SZ,中联重科,-0.91,7.62,-510.13,-0.74,-2552.46,-3.69,2042.33,2.95,5311.08,7.68,-4800.95,-6.94
20260609,600969.SH,XD郴电国,-0.1,9.56,-510.57,-5.7,-114.17,-1.27,-396.41,-4.42,845.34,9.43,-334.77,-3.73
20260609,601728.SH,中国电信,-0.32,6.19,-510.6,-0.62,-6143.83,-7.46,5633.23,6.84,-3407.57,-4.14,3918.17,4.76
20260609,002040.SZ,南 京 港,-1.41,8.42,-510.68,-9.75,-194.67,-3.72,-316.01,-6.03,-265.5,-5.07,776.18,14.81
20260609,688139.SH,海尔生物,-4.79,27.8,-511.37,-3.37,-892.91,-5.88,381.54,2.51,-938.83,-6.18,1450.2,9.55
20260609,300951.SZ,博硕科技,-1.86,43.17,-511.57,-2.36,-1360.67,-6.28,849.1,3.92,662.94,3.06,-151.37,-0.7
20260609,688798.SH,艾为电子,2.42,67.82,-512.23,-2.38,118.6,0.55,-630.83,-2.93,-70.99,-0.33,583.22,2.71
20260609,600271.SH,航天信息,0.56,7.15,-512.6,-6.47,-229.48,-2.9,-283.12,-3.58,351.74,4.44,160.86,2.03
20260609,603358.SH,华达科技,-3.43,36.55,-512.87,-1.6,-314.65,-0.98,-198.22,-0.62,794.18,2.47,-281.31,-0.88
20260609,603767.SH,中马传动,-2.19,16.97,-513.93,-3.69,-8.64,-0.06,-505.3,-3.63,-1113.21,-7.99,1627.14,11.68
20260609,300251.SZ,光线传媒,0.95,11.68,-514.0,-1.35,584.07,1.54,-1098.08,-2.89,-1693.87,-4.46,2207.88,5.82
20260609,300873.SZ,海晨股份,2.31,22.12,-514.21,-6.74,-342.64,-4.49,-171.57,-2.25,643.16,8.43,-128.94,-1.69
20260609,601156.SH,东航物流,1.31,16.2,-514.64,-5.39,-579.62,-6.07,64.98,0.68,-88.54,-0.93,603.19,6.31
20260609,601098.SH,中南传媒,1.54,11.2,-515.3,-6.69,-287.63,-3.73,-227.66,-2.96,5.93,0.08,509.37,6.61
20260609,301055.SZ,张小泉,0.48,33.28,-517.22,-5.04,-397.38,-3.88,-119.84,-1.17,-296.89,-2.9,814.11,7.94
20260609,000524.SZ,岭南控股,-1.0,8.95,-517.24,-8.51,-117.38,-1.93,-399.86,-6.58,-12.84,-0.21,530.08,8.72
20260609,600598.SH,北大荒,-1.2,13.96,-518.9,-2.16,-11.02,-0.05,-507.88,-2.12,484.12,2.02,34.78,0.14
20260609,000639.SZ,ST西王,-1.97,1.49,-519.83,-9.58,-258.91,-4.77,-260.92,-4.81,293.74,5.41,226.09,4.17
20260609,688648.SH,中邮科技,0.93,36.92,-520.53,-8.8,-130.9,-2.21,-389.63,-6.58,39.3,0.66,481.23,8.13
20260609,688330.SH,宏力达,3.56,35.5,-520.99,-8.29,-45.41,-0.72,-475.57,-7.57,-1011.02,-16.09,1532.01,24.38
20260609,688383.SH,新益昌,2.5,141.38,-522.45,-1.84,-110.53,-0.39,-411.91,-1.45,-1311.27,-4.62,1833.71,6.46
20260609,000875.SZ,电投绿能,-1.85,6.35,-522.47,-1.81,-316.4,-1.1,-206.06,-0.72,1775.82,6.17,-1253.35,-4.35
20260609,300705.SZ,九典制药,-2.37,10.69,-523.18,-9.67,-106.8,-1.97,-416.38,-7.7,-388.29,-7.18,911.47,16.85
20260609,000751.SZ,锌业股份,1.53,4.64,-524.67,-2.68,295.98,1.51,-820.65,-4.19,-570.58,-2.92,1095.24,5.6
20260609,000797.SZ,中国武夷,-1.61,2.45,-525.21,-8.3,-501.55,-7.92,-23.66,-0.37,148.66,2.35,376.56,5.95
20260609,300595.SZ,欧普康视,-0.9,11.0,-525.44,-6.79,-131.42,-1.7,-394.02,-5.09,415.53,5.37,109.91,1.42
20260609,600336.SH,澳柯玛,0.28,7.17,-525.54,-6.88,-257.62,-3.37,-267.92,-3.51,-137.17,-1.8,662.71,8.68
20260609,600967.SH,内蒙一机,0.6,11.78,-525.81,-3.76,-225.84,-1.62,-299.97,-2.15,-621.5,-4.45,1147.3,8.22
20260609,000659.SZ,珠海中富,1.68,3.63,-527.42,-7.32,435.94,6.05,-963.36,-13.37,264.82,3.68,262.6,3.64
20260609,300472.SZ,*ST新元,-2.0,7.86,-527.43,-17.47,-510.66,-16.91,-16.76,-0.56,148.23,4.91,379.19,12.56
20260609,300569.SZ,天能重工,-0.4,4.93,-527.58,-6.32,-213.49,-2.56,-314.1,-3.76,-108.94,-1.31,636.53,7.62
20260609,300238.SZ,冠昊生物,1.0,11.06,-528.91,-11.0,-684.18,-14.23,155.28,3.23,109.39,2.27,419.52,8.72
20260609,688117.SH,圣诺生物,-2.26,21.6,-529.39,-7.2,-13.0,-0.18,-516.38,-7.02,550.66,7.48,-21.27,-0.29
20260609,002758.SZ,浙农股份,-1.75,7.84,-529.4,-9.54,-64.73,-1.17,-464.67,-8.38,75.87,1.37,453.53,8.17
20260609,603101.SH,汇嘉时代,-1.42,6.95,-529.54,-9.43,-98.34,-1.75,-431.2,-7.68,-156.79,-2.79,686.34,12.22
20260609,301622.SZ,英思特,4.09,56.51,-531.85,-3.2,-1178.74,-7.1,646.89,3.89,398.38,2.4,133.47,0.8
20260609,600172.SH,黄河旋风,2.31,12.85,-533.25,-0.27,3649.49,1.82,-4182.74,-2.09,258.65,0.13,274.6,0.14
20260609,002537.SZ,海联金汇,0.0,5.91,-535.17,-4.89,-168.32,-1.54,-366.84,-3.35,-618.28,-5.65,1153.44,10.55
20260609,001298.SZ,好上好,1.89,20.48,-535.23,-2.8,-866.47,-4.54,331.24,1.74,-581.49,-3.05,1116.71,5.85
20260609,000886.SZ,海南高速,-0.23,4.4,-536.08,-8.49,-255.16,-4.04,-280.92,-4.45,-31.08,-0.49,567.15,8.98
20260609,301051.SZ,信濠光电,2.56,16.01,-536.46,-4.13,-179.85,-1.38,-356.61,-2.74,-353.63,-2.72,890.09,6.85
20260609,001213.SZ,中铁特货,-1.08,3.65,-536.64,-16.45,-109.8,-3.37,-426.84,-13.09,160.74,4.93,375.9,11.53
20260609,002190.SZ,成飞集成,0.4,25.17,-537.55,-7.0,-180.12,-2.35,-357.43,-4.65,-361.03,-4.7,898.58,11.7
20260609,600456.SH,宝钛股份,0.24,29.65,-538.01,-3.35,-386.71,-2.41,-151.3,-0.94,512.56,3.19,25.45,0.16
20260609,300152.SZ,*ST动力,-2.63,1.85,-538.33,-9.47,0.0,0.0,-538.33,-9.47,175.31,3.08,363.02,6.39
20260609,603315.SH,福鞍股份,1.09,15.74,-538.61,-3.41,4.68,0.03,-543.29,-3.44,-1200.47,-7.6,1739.08,11.01
20260609,301323.SZ,新莱福,8.57,84.03,-539.54,-1.9,-295.44,-1.04,-244.1,-0.86,578.63,2.04,-39.09,-0.14
20260609,002489.SZ,浙江永强,-1.42,3.48,-539.88,-5.46,-658.79,-6.66,118.91,1.2,391.56,3.96,148.33,1.5
20260609,000590.SZ,古汉医药,-0.53,9.38,-540.78,-11.97,-489.41,-10.83,-51.37,-1.14,259.52,5.75,281.26,6.23
20260609,300237.SZ,ST美晨,-0.47,2.13,-541.03,-16.12,0.0,0.0,-541.03,-16.12,200.05,5.96,340.99,10.16
20260609,002870.SZ,香山股份,2.8,39.3,-541.04,-3.96,174.48,1.28,-715.52,-5.24,846.44,6.2,-305.4,-2.24
20260609,603017.SH,中衡设计,-0.44,11.28,-541.97,-8.87,-77.54,-1.27,-464.42,-7.6,-380.26,-6.22,922.23,15.09
20260609,600167.SH,联美控股,-2.31,5.91,-542.04,-5.88,-181.31,-1.97,-360.72,-3.91,1049.08,11.38,-507.05,-5.5
20260609,301595.SZ,太力科技,-0.46,41.39,-544.57,-16.33,0.0,0.0,-544.57,-16.33,121.69,3.65,422.88,12.68
20260609,000912.SZ,泸天化,-1.1,3.61,-545.07,-7.56,-296.26,-4.11,-248.8,-3.45,-390.29,-5.41,935.35,12.97
20260609,600686.SH,金龙汽车,-0.24,12.39,-546.58,-4.42,-168.64,-1.36,-377.95,-3.06,177.8,1.44,368.78,2.98
20260609,601866.SH,中远海发,-0.83,2.4,-547.64,-3.86,-286.39,-2.02,-261.26,-1.84,142.09,1.0,405.55,2.86
20260609,002020.SZ,京新药业,-0.65,12.22,-551.33,-4.55,-96.12,-0.79,-455.21,-3.76,-527.77,-4.36,1079.1,8.91
20260609,603021.SH,*ST华鹏,-2.49,7.06,-551.96,-12.14,114.88,2.53,-666.84,-14.66,253.03,5.56,298.93,6.57
20260609,688458.SH,美芯晟,7.2,38.7,-552.05,-2.27,-1116.76,-4.6,564.72,2.33,649.63,2.67,-97.59,-0.4
20260609,002041.SZ,登海种业,-0.85,8.17,-552.89,-6.66,-121.15,-1.46,-431.74,-5.2,-306.79,-3.7,859.68,10.36
20260609,002640.SZ,跨境通,1.42,3.58,-553.27,-2.01,-1110.99,-4.04,557.72,2.03,-503.92,-1.83,1057.19,3.85
20260609,300613.SZ,富瀚微,3.29,58.15,-553.31,-1.23,634.37,1.41,-1187.69,-2.64,-557.57,-1.24,1110.88,2.47
20260609,301115.SZ,联检科技,-0.7,32.43,-553.67,-3.25,-257.82,-1.51,-295.85,-1.74,654.89,3.84,-101.22,-0.59
20260609,300760.SZ,迈瑞医疗,-0.29,142.33,-554.49,-0.62,794.13,0.89,-1348.62,-1.51,1076.96,1.21,-522.47,-0.58
20260609,603713.SH,密尔克卫,7.48,53.18,-555.06,-2.3,-474.53,-1.97,-80.53,-0.33,-2278.57,-9.45,2833.63,11.75
20260609,600819.SH,耀皮玻璃,2.08,6.86,-555.18,-5.74,-285.96,-2.96,-269.22,-2.78,143.48,1.48,411.7,4.26
20260609,603001.SH,奥康国际,1.18,10.33,-555.74,-4.89,-391.28,-3.44,-164.46,-1.45,400.8,3.53,154.94,1.36
20260609,688066.SH,*ST航图,-2.08,12.72,-556.24,-7.54,-705.29,-9.56,149.05,2.02,295.96,4.01,260.28,3.53
20260609,002582.SZ,好想你,0.43,9.41,-556.5,-6.17,-426.33,-4.73,-130.17,-1.44,-495.57,-5.5,1052.07,11.67
20260609,603826.SH,坤彩科技,-0.4,29.68,-558.8,-3.12,-1525.93,-8.51,967.13,5.39,1107.27,6.17,-548.46,-3.06
20260609,002707.SZ,众信旅游,-0.92,5.36,-558.89,-7.89,-207.24,-2.92,-351.65,-4.96,97.98,1.38,460.91,6.5
20260609,003001.SZ,中岩大地,-0.54,16.66,-559.13,-8.1,-461.5,-6.69,-97.64,-1.41,346.07,5.01,213.06,3.09
20260609,002259.SZ,升达林业,-0.44,4.53,-559.32,-9.75,0.0,0.0,-559.32,-9.75,4.57,0.08,554.75,9.67
20260609,301538.SZ,骏鼎达,3.11,87.61,-562.32,-5.75,-376.85,-3.86,-185.47,-1.9,-71.01,-0.73,633.32,6.48
20260609,000737.SZ,北方铜业,1.4,13.08,-562.46,-1.03,-604.2,-1.1,41.74,0.08,1288.57,2.35,-726.11,-1.33
20260609,300992.SZ,泰福泵业,2.29,26.38,-562.69,-11.88,-573.28,-12.1,10.59,0.22,112.04,2.36,450.65,9.51
20260609,300180.SZ,华峰超纤,0.0,4.58,-563.78,-4.96,-278.64,-2.45,-285.14,-2.51,74.27,0.65,489.51,4.3
20260609,000045.SZ,深纺织Ａ,1.09,11.11,-565.19,-9.43,-271.91,-4.54,-293.28,-4.89,-137.78,-2.3,702.97,11.73
20260609,000533.SZ,顺钠股份,2.12,11.08,-567.25,-2.14,782.22,2.95,-1349.47,-5.1,-43.22,-0.16,610.48,2.31
20260609,300504.SZ,天邑股份,-0.33,18.35,-569.21,-2.64,-71.82,-0.33,-497.39,-2.31,-1281.61,-5.94,1850.81,8.58
20260609,300856.SZ,科思股份,-0.98,11.1,-571.24,-10.97,0.0,0.0,-571.24,-10.97,259.79,4.99,311.45,5.98
20260609,688607.SH,康众医疗,-0.53,56.25,-573.76,-7.24,292.84,3.69,-866.6,-10.93,644.28,8.13,-70.52,-0.89
20260609,601026.SH,道生天合,2.1,15.05,-574.06,-9.85,-190.97,-3.28,-383.09,-6.57,177.0,3.04,397.06,6.81
20260609,002355.SZ,兴民智通,0.0,5.05,-574.42,-8.07,-144.03,-2.02,-430.39,-6.05,81.31,1.14,493.11,6.93
20260609,002373.SZ,千方科技,1.47,7.58,-574.98,-4.01,-458.53,-3.2,-116.45,-0.81,565.86,3.95,9.12,0.06
20260609,002017.SZ,东信和平,0.63,15.86,-575.88,-4.63,134.42,1.08,-710.29,-5.71,-281.37,-2.26,857.25,6.89
20260609,301418.SZ,协昌科技,6.87,48.71,-577.99,-1.24,-221.04,-0.48,-356.94,-0.77,806.88,1.74,-228.89,-0.49
20260609,001391.SZ,国货航,0.0,4.92,-578.88,-15.85,-101.7,-2.78,-477.18,-13.07,23.54,0.64,555.34,15.21
20260609,601880.SH,辽港股份,-1.92,1.53,-579.46,-3.56,-1858.95,-11.42,1279.48,7.86,370.82,2.28,208.65,1.28
20260609,603123.SH,翠微股份,-0.76,9.11,-579.78,-6.4,-173.73,-1.92,-406.06,-4.48,-663.15,-7.32,1242.93,13.72
20260609,002490.SZ,山东墨龙,-6.93,7.66,-581.42,-1.27,29.63,0.06,-611.04,-1.33,-3129.34,-6.83,3710.76,8.1
20260609,000810.SZ,创维数字,-2.39,10.63,-582.84,-3.75,-34.25,-0.22,-548.6,-3.53,185.78,1.2,397.07,2.55
20260609,000425.SZ,徐工机械,0.3,9.96,-586.78,-0.45,-2196.58,-1.67,1609.8,1.23,2115.94,1.61,-1529.16,-1.16
20260609,000909.SZ,*ST数源,-4.83,4.14,-587.56,-20.01,-481.05,-16.38,-106.5,-3.63,100.96,3.44,486.6,16.57
20260609,000554.SZ,泰山石油,-4.15,6.46,-587.64,-5.32,-97.57,-0.88,-490.07,-4.44,-114.3,-1.04,701.94,6.36
20260609,603327.SH,XD福蓉科,-0.69,10.02,-587.75,-2.26,-420.07,-1.62,-167.68,-0.65,-767.04,-2.95,1354.79,5.21
20260609,002161.SZ,远 望 谷,0.35,5.75,-587.78,-8.53,-214.08,-3.11,-373.71,-5.42,-202.17,-2.93,789.95,11.46
20260609,000715.SZ,中兴商业,-0.8,4.97,-588.45,-15.13,0.0,0.0,-588.45,-15.13,363.6,9.35,224.85,5.78
20260609,603867.SH,新化股份,0.16,37.78,-588.54,-1.7,630.49,1.82,-1219.03,-3.53,4940.85,14.29,-4352.31,-12.59
20260609,600495.SH,晋西车轴,-1.04,3.79,-590.11,-13.33,-51.38,-1.16,-538.73,-12.17,136.36,3.08,453.75,10.25
20260609,300396.SZ,ST迪瑞,-2.34,7.11,-591.68,-23.62,0.0,0.0,-591.68,-23.62,258.58,10.32,333.1,13.3
20260609,603189.SH,*ST网达,0.42,12.04,-594.44,-12.28,225.12,4.65,-819.56,-16.93,462.05,9.55,132.39,2.73
20260609,002004.SZ,华邦健康,2.29,4.46,-596.06,-5.69,189.54,1.81,-785.6,-7.49,371.71,3.55,224.35,2.14
20260609,603331.SH,百达精工,-3.48,12.47,-596.75,-5.53,-897.9,-8.33,301.15,2.79,615.45,5.71,-18.7,-0.17
20260609,000031.SZ,大悦城,-4.55,2.52,-597.66,-3.81,-447.09,-2.85,-150.57,-0.96,489.28,3.12,108.38,0.69
20260609,300511.SZ,雪榕生物,0.0,5.87,-597.67,-7.12,-446.47,-5.32,-151.2,-1.8,-96.41,-1.15,694.08,8.26
20260609,002550.SZ,千红制药,-1.34,5.87,-597.91,-9.58,-25.9,-0.41,-572.01,-9.16,376.46,6.03,221.45,3.55
20260609,300860.SZ,锋尚文化,1.16,25.35,-597.92,-11.85,-255.31,-5.06,-342.61,-6.79,177.81,3.52,420.11,8.32
20260609,603926.SH,铁流股份,0.73,20.77,-598.01,-6.83,-229.65,-2.62,-368.36,-4.21,564.59,6.45,33.42,0.38
20260609,601890.SH,亚星锚链,-1.16,8.55,-598.83,-3.54,-414.59,-2.45,-184.24,-1.09,-791.17,-4.67,1390.01,8.21
20260609,600785.SH,新华百货,-1.43,14.5,-598.84,-9.16,-509.74,-7.8,-89.1,-1.36,284.8,4.36,314.04,4.8
20260609,603355.SH,莱克电气,-3.76,24.06,-598.97,-8.92,4.96,0.07,-603.93,-8.99,38.44,0.57,560.53,8.34
20260609,002434.SZ,万里扬,0.14,7.14,-599.27,-4.11,-446.65,-3.07,-152.62,-1.05,737.6,5.06,-138.33,-0.95
20260609,603968.SH,醋化股份,-0.94,10.56,-602.3,-13.0,-56.68,-1.22,-545.61,-11.78,267.2,5.77,335.1,7.23
20260609,600769.SH,祥龙电业,0.19,15.71,-602.71,-2.98,-1264.81,-6.25,662.1,3.27,-393.45,-1.95,996.16,4.93
20260609,002560.SZ,通达股份,2.8,8.45,-602.8,-2.08,1301.98,4.48,-1904.78,-6.56,-1726.61,-5.94,2329.41,8.02
20260609,300110.SZ,华仁药业,-1.11,2.68,-603.05,-11.2,0.0,0.0,-603.05,-11.2,212.11,3.94,390.94,7.26
20260609,301512.SZ,智信精密,-0.82,55.98,-603.97,-4.74,-7.46,-0.06,-596.51,-4.69,-112.36,-0.88,716.33,5.63
20260609,688289.SH,圣湘生物,-1.26,14.86,-604.46,-11.11,-381.56,-7.02,-222.9,-4.1,541.43,9.95,63.04,1.16
20260609,300850.SZ,新强联,1.98,28.88,-608.14,-1.96,114.37,0.37,-722.51,-2.33,-2138.19,-6.9,2746.34,8.87
20260609,600212.SH,绿能慧充,0.17,6.03,-609.47,-11.14,-49.22,-0.9,-560.26,-10.24,161.14,2.94,448.33,8.19
20260609,000632.SZ,ST三木,-2.8,3.82,-609.92,-7.74,-340.19,-4.32,-269.73,-3.42,358.09,4.55,251.83,3.2
20260609,000061.SZ,农 产 品,-1.16,5.99,-610.26,-8.34,-857.62,-11.71,247.36,3.38,-78.97,-1.08,689.23,9.41
20260609,688176.SH,亚虹医药-U,0.2,10.07,-610.78,-10.06,-461.3,-7.6,-149.48,-2.46,192.03,3.16,418.74,6.9
20260609,301551.SZ,无线传媒,0.31,22.32,-611.18,-6.65,-431.56,-4.7,-179.62,-1.96,153.24,1.67,457.94,4.99
20260609,002701.SZ,奥瑞金,-2.98,4.56,-611.54,-5.1,-154.27,-1.29,-457.27,-3.81,1342.29,11.2,-730.75,-6.1
20260609,300259.SZ,新天科技,-0.35,5.67,-612.22,-2.6,-213.78,-0.91,-398.44,-1.69,-416.35,-1.77,1028.57,4.36
20260609,002774.SZ,快意电梯,-2.02,11.66,-612.69,-7.76,-289.57,-3.67,-323.11,-4.09,144.99,1.84,467.7,5.92
20260609,002318.SZ,久立特材,0.18,22.13,-613.49,-3.7,-34.97,-0.21,-578.52,-3.49,18.3,0.11,595.19,3.59
20260609,605178.SH,时空科技,0.58,63.72,-614.54,-4.88,1259.42,10.0,-1873.96,-14.88,235.41,1.87,379.13,3.01
20260609,000902.SZ,新洋丰,1.35,12.03,-614.62,-5.02,219.22,1.79,-833.84,-6.81,394.4,3.22,220.22,1.8
20260609,002075.SZ,沙钢股份,-0.85,3.52,-615.0,-5.24,-1070.55,-9.12,455.55,3.88,151.24,1.29,463.76,3.95
20260609,300697.SZ,电工合金,2.06,15.82,-616.7,-5.24,0.0,0.0,-616.7,-5.24,-966.12,-8.2,1582.82,13.44
20260609,603693.SH,江苏新能,1.86,14.75,-617.04,-2.75,-227.25,-1.01,-389.79,-1.74,128.43,0.57,488.62,2.18
20260609,300470.SZ,中密控股,-1.79,30.13,-617.74,-9.81,-356.1,-5.65,-261.64,-4.15,-250.22,-3.97,867.96,13.78
20260609,002950.SZ,奥美医疗,0.44,9.06,-618.39,-9.49,-314.37,-4.82,-304.02,-4.66,255.32,3.92,363.06,5.57
20260609,000665.SZ,湖北广电,-1.64,4.2,-619.01,-11.8,83.7,1.6,-702.7,-13.39,255.2,4.86,363.8,6.93
20260609,603196.SH,璞源材料,-0.76,22.3,-619.13,-10.08,-106.19,-1.73,-512.94,-8.35,-192.0,-3.13,811.13,13.21
20260609,002899.SZ,英派斯,2.2,25.52,-619.56,-6.78,-543.87,-5.95,-75.68,-0.83,662.34,7.25,-42.78,-0.47
20260609,301230.SZ,泓博医药,1.74,32.73,-619.58,-5.47,-286.22,-2.53,-333.36,-2.94,-1053.88,-9.31,1673.46,14.78
20260609,002721.SZ,金一文化,0.0,2.5,-621.4,-9.58,-525.38,-8.1,-96.02,-1.48,-4.07,-0.06,625.47,9.64
20260609,002236.SZ,大华股份,0.79,16.59,-621.97,-1.62,-1570.73,-4.08,948.76,2.47,1715.12,4.46,-1093.15,-2.84
20260609,002063.SZ,远光软件,0.18,5.52,-621.99,-4.74,-514.02,-3.92,-107.96,-0.82,629.31,4.8,-7.32,-0.06
20260609,605288.SH,凯迪股份,-4.29,98.95,-625.96,-3.49,79.0,0.44,-704.96,-3.93,645.39,3.6,-19.43,-0.11
20260609,603085.SH,天成自控,-3.19,11.82,-627.22,-7.19,-342.34,-3.93,-284.88,-3.27,509.03,5.84,118.19,1.36
20260609,600284.SH,浦东建设,0.0,5.46,-628.64,-10.49,-377.42,-6.3,-251.23,-4.19,299.62,5.0,329.02,5.49
20260609,300257.SZ,开山股份,1.94,28.35,-629.12,-2.88,-159.09,-0.73,-470.03,-2.15,-397.85,-1.82,1026.97,4.7
20260609,300946.SZ,恒而达,-0.59,48.71,-630.27,-7.22,-150.28,-1.72,-479.99,-5.5,306.22,3.51,324.05,3.71
20260609,603507.SH,振江股份,1.2,35.35,-631.93,-4.31,-163.71,-1.12,-468.23,-3.19,-773.61,-5.27,1405.54,9.58
20260609,600038.SH,中直股份,0.63,27.0,-632.86,-4.07,27.9,0.18,-660.76,-4.25,126.75,0.81,506.11,3.25
20260609,600761.SH,安徽合力,-0.65,16.75,-635.03,-3.23,-369.37,-1.88,-265.67,-1.35,1282.89,6.53,-647.85,-3.3
20260609,000572.SZ,海马汽车,0.23,4.3,-635.48,-5.38,39.5,0.33,-674.99,-5.71,-986.66,-8.35,1622.15,13.73
20260609,002746.SZ,仙坛股份,-1.41,5.58,-635.55,-8.96,-271.21,-3.82,-364.33,-5.14,359.45,5.07,276.1,3.89
20260609,688128.SH,中国电研,1.56,25.97,-635.68,-4.81,8.39,0.06,-644.07,-4.87,-231.6,-1.75,867.28,6.56
20260609,600199.SH,金种子酒,-2.69,6.88,-635.74,-7.41,141.0,1.64,-776.74,-9.05,-364.41,-4.24,1000.15,11.65
20260609,600490.SH,鹏欣资源,3.52,6.77,-635.91,-2.22,-575.41,-2.01,-60.5,-0.21,1387.89,4.84,-751.98,-2.62
20260609,300963.SZ,中洲特材,1.38,13.96,-638.25,-7.0,217.88,2.39,-856.13,-9.39,-178.66,-1.96,816.91,8.96
20260609,603169.SH,兰石重装,-0.81,7.36,-638.79,-7.2,-155.11,-1.75,-483.69,-5.45,380.31,4.29,258.48,2.91
20260609,688050.SH,爱博医疗,-2.73,39.18,-639.18,-4.95,-66.78,-0.52,-572.4,-4.43,-445.02,-3.44,1084.2,8.39
20260609,688053.SH,ST思科瑞,-2.12,36.94,-639.55,-24.48,-16.39,-0.63,-623.16,-23.85,275.32,10.54,364.23,13.94
20260609,301168.SZ,通灵股份,1.61,42.98,-640.08,-7.97,-310.67,-3.87,-329.41,-4.1,-178.95,-2.23,819.03,10.2
20260609,603105.SH,芯能科技,-0.37,8.07,-641.0,-9.02,-148.69,-2.09,-492.3,-6.93,-430.34,-6.06,1071.33,15.08
20260609,002242.SZ,九阳股份,-1.19,8.27,-641.14,-9.89,-163.45,-2.52,-477.69,-7.37,196.31,3.03,444.84,6.86
20260609,002091.SZ,江苏国泰,-1.9,7.76,-642.51,-3.55,22.56,0.12,-665.07,-3.67,-1179.35,-6.51,1821.86,10.06
20260609,603070.SH,万控智造,-0.18,16.5,-642.7,-6.08,-6.0,-0.06,-636.69,-6.03,-244.19,-2.31,886.89,8.4
20260609,301177.SZ,迪阿股份,8.55,25.13,-643.9,-7.01,66.65,0.73,-710.56,-7.73,-37.67,-0.41,681.57,7.42
20260609,300970.SZ,华绿生物,0.84,20.47,-646.37,-4.76,-329.99,-2.43,-316.38,-2.33,617.44,4.55,28.93,0.21
20260609,688350.SH,富淼科技,2.29,32.15,-646.59,-7.37,-217.2,-2.47,-429.39,-4.89,159.74,1.82,486.85,5.55
20260609,688586.SH,江航装备,-2.3,11.87,-648.17,-6.99,-324.2,-3.5,-323.97,-3.5,595.75,6.43,52.42,0.57
20260609,603658.SH,安图生物,-1.62,29.71,-649.9,-10.27,-93.81,-1.48,-556.09,-8.79,-173.48,-2.74,823.38,13.01
20260609,600094.SH,大名城,0.0,4.0,-652.24,-9.03,-237.94,-3.3,-414.3,-5.74,356.6,4.94,295.64,4.09
20260609,600523.SH,贵航股份,-1.06,11.17,-652.67,-12.77,-720.09,-14.09,67.43,1.32,353.65,6.92,299.01,5.85
20260609,688051.SH,佳华科技,0.11,28.09,-652.96,-7.72,-955.67,-11.29,302.71,3.58,-16.29,-0.19,669.26,7.91
20260609,603486.SH,科沃斯,-1.21,60.55,-654.72,-1.64,1272.81,3.2,-1927.53,-4.84,-587.38,-1.48,1242.1,3.12
20260609,002788.SZ,鹭燕医药,-0.53,11.34,-655.03,-5.54,-102.42,-0.87,-552.61,-4.67,-1909.88,-16.16,2564.91,21.7
20260609,603517.SH,ST绝味,-0.08,12.48,-656.34,-6.54,-575.35,-5.73,-80.98,-0.81,151.23,1.51,505.11,5.03
20260609,603217.SH,元利科技,0.6,23.45,-656.78,-10.41,326.17,5.17,-982.95,-15.58,292.43,4.63,364.36,5.77
20260609,605162.SH,新中港,-4.7,10.55,-656.8,-1.6,-809.77,-1.97,152.97,0.37,-4988.43,-12.13,5645.22,13.72
20260609,300291.SZ,百纳千成,-2.35,5.81,-658.36,-2.79,46.82,0.2,-705.18,-2.99,-298.81,-1.27,957.17,4.06
20260609,002514.SZ,*ST宝馨,-4.94,3.66,-660.54,-2.58,752.53,2.94,-1413.07,-5.53,-580.0,-2.27,1240.54,4.85
20260609,002058.SZ,*ST威尔,-3.73,22.2,-660.55,-13.91,-397.42,-8.37,-263.13,-5.54,362.85,7.64,297.7,6.27
20260609,688425.SH,铁建重工,0.0,4.28,-660.6,-11.45,-13.32,-0.23,-647.28,-11.22,368.27,6.38,292.33,5.07
20260609,000055.SZ,方大集团,3.64,3.7,-662.14,-4.41,46.62,0.31,-708.76,-4.73,150.21,1.0,511.93,3.41
20260609,688525.SH,佰维存储,5.77,305.15,-663.06,-0.08,12707.41,1.6,-13370.47,-1.68,2995.38,0.38,-2332.31,-0.29
20260609,300880.SZ,迦南智能,-2.1,22.33,-663.26,-4.35,-635.57,-4.17,-27.69,-0.18,282.38,1.85,380.88,2.5
20260609,300792.SZ,壹网壹创,0.03,31.37,-666.43,-3.82,-261.3,-1.5,-405.14,-2.32,1309.69,7.5,-643.26,-3.69
20260609,688778.SH,厦钨新能,2.89,56.9,-666.52,-1.76,-1664.33,-4.39,997.81,2.63,-1201.71,-3.17,1868.23,4.93
20260609,002469.SZ,三维化学,-1.98,6.43,-667.37,-10.06,-82.69,-1.25,-584.68,-8.81,336.15,5.06,331.22,4.99
20260609,300609.SZ,汇纳科技,2.24,35.14,-668.26,-8.73,-100.07,-1.31,-568.19,-7.42,524.79,6.86,143.47,1.87
20260609,301086.SZ,鸿富瀚,3.69,145.48,-670.37,-1.8,-763.04,-2.05,92.67,0.25,-783.73,-2.11,1454.1,3.91
20260609,301017.SZ,漱玉平民,-1.16,13.59,-671.31,-7.48,-157.13,-1.75,-514.18,-5.73,224.38,2.5,446.93,4.98
20260609,000539.SZ,粤电力Ａ,4.37,8.12,-673.16,-0.37,821.78,0.46,-1494.95,-0.83,-2566.35,-1.43,3239.51,1.8
20260609,001258.SZ,立新能源,-3.47,8.63,-674.28,-2.19,-270.78,-0.88,-403.5,-1.31,-304.95,-0.99,979.23,3.19
20260609,603856.SH,东宏股份,-2.84,11.98,-674.41,-6.72,-865.88,-8.62,191.47,1.91,722.83,7.2,-48.42,-0.48
20260609,688266.SH,泽璟制药-U,3.06,89.92,-674.65,-2.3,-1555.34,-5.31,880.69,3.01,-697.8,-2.38,1372.46,4.69
20260609,001332.SZ,锡装股份,-2.31,43.16,-676.0,-4.59,-198.65,-1.35,-477.35,-3.24,-882.31,-5.99,1558.32,10.59
20260609,600117.SH,西宁特钢,-2.19,2.23,-678.07,-14.57,-716.42,-15.39,38.35,0.82,317.02,6.81,361.06,7.76
20260609,002773.SZ,康弘药业,0.95,20.12,-678.94,-5.36,-72.4,-0.57,-606.53,-4.79,-796.61,-6.29,1475.55,11.64
20260609,300368.SZ,汇金股份,0.33,9.09,-679.96,-5.94,-11.81,-0.1,-668.15,-5.84,-189.09,-1.65,869.05,7.59
20260609,002984.SZ,森麒麟,-0.14,14.36,-680.86,-7.21,21.57,0.23,-702.43,-7.43,-111.73,-1.18,792.59,8.39
20260609,600622.SH,光大嘉宝,-5.71,2.31,-682.76,-5.78,-701.86,-5.94,19.09,0.16,399.31,3.38,283.46,2.4
20260609,000069.SZ,华侨城Ａ,-2.63,1.85,-685.95,-6.08,-759.54,-6.73,73.59,0.65,147.31,1.31,538.63,4.78
20260609,301110.SZ,青木科技,0.46,39.22,-686.33,-6.88,284.74,2.86,-971.07,-9.74,-536.28,-5.38,1222.62,12.26
20260609,000159.SZ,国际实业,-3.98,6.28,-686.86,-3.29,-751.76,-3.6,64.9,0.31,548.31,2.63,138.56,0.66
20260609,688065.SH,凯赛生物,-1.27,43.43,-686.96,-3.49,-1162.42,-5.91,475.46,2.42,1476.02,7.51,-789.06,-4.01
20260609,603185.SH,弘元绿能,2.0,16.79,-691.02,-3.74,-38.35,-0.21,-652.67,-3.54,-1615.86,-8.75,2306.88,12.5
20260609,688177.SH,百奥泰,-1.48,16.65,-692.49,-14.69,-649.65,-13.78,-42.83,-0.91,283.76,6.02,408.72,8.67
20260609,301251.SZ,威尔高,6.9,48.5,-692.71,-1.93,396.79,1.11,-1089.51,-3.04,-1388.81,-3.88,2081.52,5.81
20260609,300957.SZ,贝泰妮,-1.06,32.58,-694.41,-4.26,-716.47,-4.39,22.06,0.14,-313.38,-1.92,1007.79,6.18
20260609,600506.SH,统一股份,-0.91,16.3,-694.49,-8.27,-125.88,-1.5,-568.62,-6.77,-369.73,-4.4,1064.22,12.67
20260609,688075.SH,安旭生物,-0.79,31.53,-694.95,-24.29,-1433.67,-50.11,738.72,25.82,332.33,11.62,362.62,12.67
20260609,300032.SZ,金龙机电,0.0,4.26,-695.09,-8.3,8.76,0.1,-703.85,-8.41,428.15,5.11,266.94,3.19
20260609,600300.SH,维维股份,-0.32,3.07,-696.1,-15.35,-128.71,-2.84,-567.39,-12.51,366.63,8.08,329.47,7.26
20260609,601577.SH,长沙银行,0.1,9.54,-696.71,-4.05,-314.84,-1.83,-381.87,-2.22,978.12,5.69,-281.41,-1.64
20260609,688326.SH,经纬恒润-W,-0.35,77.33,-698.51,-6.23,-138.25,-1.23,-560.26,-5.0,232.99,2.08,465.53,4.15
20260609,000404.SZ,长虹华意,-0.75,7.97,-700.77,-5.57,-190.94,-1.52,-509.83,-4.05,446.38,3.55,254.39,2.02
20260609,688049.SH,炬芯科技,4.31,41.39,-701.67,-3.56,-317.98,-1.62,-383.7,-1.95,-144.61,-0.73,846.28,4.3
20260609,300618.SZ,寒锐钴业,2.6,35.09,-702.67,-3.02,-909.27,-3.91,206.59,0.89,686.48,2.95,16.19,0.07
20260609,301329.SZ,信音电子,0.27,26.25,-703.2,-2.11,-665.61,-2.0,-37.59,-0.11,-893.89,-2.68,1597.1,4.79
20260609,000822.SZ,山东海化,-0.88,4.51,-706.94,-11.38,-119.64,-1.93,-587.3,-9.45,-316.81,-5.1,1023.75,16.48
20260609,300228.SZ,富瑞特装,-0.26,7.77,-706.98,-6.17,-279.51,-2.44,-427.47,-3.73,-27.18,-0.24,734.16,6.4
20260609,600602.SH,云赛智联,1.52,17.38,-707.68,-2.08,406.73,1.2,-1114.41,-3.28,-1006.94,-2.97,1714.62,5.05
20260609,600535.SH,天士力,0.43,14.05,-707.89,-7.95,-955.88,-10.73,247.99,2.78,771.98,8.67,-64.09,-0.72
20260609,600095.SH,湘财股份,0.52,7.66,-709.64,-5.54,-757.55,-5.91,47.91,0.37,-177.25,-1.38,886.89,6.92
20260609,600841.SH,动力新科,1.57,7.11,-711.43,-5.94,-288.72,-2.41,-422.72,-3.53,-307.47,-2.57,1018.9,8.5
20260609,600764.SH,中国海防,-1.02,19.48,-712.04,-7.88,-546.36,-6.04,-165.68,-1.83,-556.68,-6.16,1268.72,14.03
20260609,301096.SZ,百诚医药,0.86,57.72,-714.59,-4.78,353.95,2.37,-1068.54,-7.14,998.84,6.68,-284.25,-1.9
20260609,600106.SH,重庆路桥,-0.4,4.99,-714.68,-9.67,-581.99,-7.87,-132.68,-1.8,94.49,1.28,620.19,8.39
20260609,002291.SZ,遥望科技,0.0,5.54,-715.05,-6.23,-472.05,-4.11,-243.0,-2.12,45.77,0.4,669.28,5.83
20260609,300159.SZ,*ST新研,0.49,4.08,-715.91,-7.11,-422.19,-4.19,-293.72,-2.92,420.48,4.18,295.44,2.93
20260609,688305.SH,科德数控,3.81,68.31,-716.3,-2.02,-1017.32,-2.86,301.02,0.85,-1700.74,-4.78,2417.03,6.8
20260609,003002.SZ,壶化股份,0.89,21.53,-716.69,-12.37,-12.57,-0.22,-704.12,-12.15,529.32,9.13,187.38,3.23
20260609,002076.SZ,*ST星光,2.02,2.52,-719.16,-12.57,-442.41,-7.74,-276.75,-4.84,539.74,9.44,179.42,3.14
20260609,300332.SZ,天壕能源,-3.53,4.65,-721.24,-7.33,-244.54,-2.49,-476.7,-4.85,445.5,4.53,275.74,2.8
20260609,688617.SH,惠泰医疗,-2.21,194.6,-722.34,-3.29,-287.23,-1.31,-435.11,-1.98,1194.38,5.45,-472.05,-2.15
20260609,300013.SZ,新宁物流,-1.82,4.32,-722.92,-7.1,3.98,0.04,-726.9,-7.14,6.14,0.06,716.78,7.04
20260609,000930.SZ,中粮科技,-1.83,4.83,-723.05,-10.77,-135.48,-2.02,-587.57,-8.75,418.87,6.24,304.17,4.53
20260609,600082.SH,ST海泰,-2.23,3.07,-726.85,-28.25,-242.53,-9.43,-484.32,-18.82,305.19,11.86,421.66,16.39
20260609,300492.SZ,华图山鼎,0.97,37.66,-731.61,-4.93,-106.84,-0.72,-624.78,-4.21,-1578.56,-10.64,2310.18,15.57
20260609,600512.SH,腾达建设,-1.42,2.08,-733.86,-17.08,-217.81,-5.07,-516.04,-12.01,353.09,8.22,380.76,8.86
20260609,600203.SH,福日电子,-0.5,12.05,-734.84,-2.52,-525.03,-1.8,-209.81,-0.72,-1413.75,-4.84,2148.59,7.36
20260609,002843.SZ,泰嘉股份,3.15,21.6,-742.22,-2.79,-89.4,-0.34,-652.82,-2.45,-1332.83,-5.0,2075.05,7.79
20260609,300147.SZ,*ST香雪,0.0,9.43,-747.24,-13.96,0.0,0.0,-747.24,-13.96,212.87,3.98,534.37,9.98
20260609,600480.SH,凌云股份,0.3,10.15,-748.19,-4.05,-832.01,-4.5,83.83,0.45,537.34,2.91,210.85,1.14
20260609,688202.SH,美迪西,1.46,52.06,-749.0,-5.3,-297.31,-2.1,-451.69,-3.2,-198.28,-1.4,947.27,6.7
20260609,300986.SZ,志特新材,0.38,18.34,-749.18,-3.95,-166.55,-0.88,-582.64,-3.07,-1271.88,-6.7,2021.07,10.65
20260609,600617.SH,国新能源,-2.16,3.17,-749.59,-5.91,-45.04,-0.36,-704.55,-5.55,441.05,3.48,308.54,2.43
20260609,688685.SH,迈信林,2.54,47.2,-749.76,-5.68,58.03,0.44,-807.8,-6.12,-324.91,-2.46,1074.67,8.14
20260609,300839.SZ,博汇股份,3.38,14.69,-751.39,-5.18,146.84,1.01,-898.23,-6.2,-383.51,-2.65,1134.91,7.83
20260609,603025.SH,大豪科技,1.51,14.75,-752.26,-5.47,-21.98,-0.16,-730.27,-5.31,332.33,2.42,419.92,3.05
20260609,688299.SH,长阳科技,3.94,15.83,-752.78,-5.66,-136.37,-1.03,-616.4,-4.63,77.63,0.58,675.15,5.08
20260609,000892.SZ,欢瑞世纪,1.06,3.82,-753.28,-5.82,-332.71,-2.57,-420.57,-3.25,-856.76,-6.62,1610.03,12.44
20260609,300333.SZ,兆日科技,0.61,9.92,-755.71,-5.39,-27.82,-0.2,-727.89,-5.19,-71.27,-0.51,826.97,5.89
20260609,002716.SZ,湖南白银,2.59,8.72,-755.95,-1.18,1064.41,1.67,-1820.36,-2.85,-1133.47,-1.78,1889.42,2.96
20260609,301030.SZ,*ST仕净,-3.45,12.88,-757.74,-5.03,196.37,1.3,-954.11,-6.33,15.43,0.1,742.31,4.92
20260609,688071.SH,华依科技,3.21,34.11,-757.82,-5.31,-692.16,-4.85,-65.66,-0.46,533.17,3.74,224.65,1.58
20260609,000722.SZ,湖南发展,3.82,14.94,-758.15,-1.78,499.6,1.17,-1257.75,-2.96,394.0,0.93,364.14,0.86
20260609,300062.SZ,中能电气,0.31,6.37,-760.21,-9.76,-164.19,-2.11,-596.02,-7.65,-53.82,-0.69,814.04,10.45
20260609,001338.SZ,永顺泰,-2.25,9.98,-761.56,-10.6,-43.52,-0.61,-718.04,-9.99,228.75,3.18,532.81,7.41
20260609,688816.SH,易思维,-1.71,64.25,-763.04,-12.22,-249.15,-3.99,-513.89,-8.23,386.15,6.18,376.89,6.03
20260609,603633.SH,徕木股份,-1.35,8.06,-765.15,-3.23,-679.41,-2.87,-85.74,-0.36,-728.29,-3.08,1493.43,6.31
20260609,301498.SZ,乖宝宠物,-1.04,40.86,-766.86,-5.45,12.08,0.09,-778.94,-5.54,-856.05,-6.08,1622.91,11.54
20260609,300917.SZ,特发服务,-1.17,26.93,-767.57,-5.19,111.46,0.75,-879.03,-5.94,-1567.05,-10.59,2334.62,15.77
20260609,605055.SH,迎丰股份,-3.29,10.86,-768.07,-9.63,-784.99,-9.85,16.92,0.21,509.23,6.39,258.84,3.25
20260609,301157.SZ,华塑科技,0.0,66.38,-768.22,-11.36,-95.77,-1.42,-672.45,-9.94,-65.65,-0.97,833.87,12.33
20260609,301040.SZ,中环海陆,-2.67,29.16,-769.32,-9.91,-383.07,-4.94,-386.24,-4.98,218.57,2.82,550.75,7.1
20260609,300043.SZ,星辉娱乐,0.44,4.53,-769.97,-7.25,-519.91,-4.89,-250.06,-2.35,143.31,1.35,626.66,5.9
20260609,000088.SZ,盐 田 港,-0.94,4.23,-770.5,-8.19,-1450.59,-15.43,680.09,7.23,362.69,3.86,407.81,4.34
20260609,300606.SZ,金太阳,14.18,38.0,-774.89,-1.13,1145.98,1.67,-1920.87,-2.8,-1957.2,-2.85,2732.09,3.98
20260609,300248.SZ,新开普,-1.23,8.85,-777.34,-5.99,0.0,0.0,-777.34,-5.99,752.53,5.8,24.81,0.19
20260609,300905.SZ,宝丽迪,0.97,59.3,-779.29,-2.5,-976.14,-3.13,196.85,0.63,-519.58,-1.66,1298.88,4.16
20260609,300723.SZ,一品红,1.82,35.34,-780.47,-2.64,-397.27,-1.34,-383.2,-1.3,14.2,0.05,766.27,2.59
20260609,000042.SZ,中洲控股,-2.18,9.42,-780.62,-11.74,0.0,0.0,-780.62,-11.74,111.99,1.68,668.63,10.05
20260609,603520.SH,司太立,-1.68,9.35,-780.97,-5.12,-1036.25,-6.79,255.29,1.67,192.89,1.26,588.07,3.85
20260609,301139.SZ,*ST元道,-2.48,5.91,-781.07,-4.74,87.73,0.53,-868.8,-5.27,-866.46,-5.26,1647.54,10.0
20260609,688450.SH,光格科技,0.54,38.88,-781.71,-9.13,-147.74,-1.73,-633.97,-7.4,-597.98,-6.98,1379.69,16.12
20260609,001227.SZ,兰州银行,-0.48,2.09,-782.02,-6.43,-643.07,-5.29,-138.96,-1.14,894.48,7.35,-112.45,-0.92
20260609,002347.SZ,泰尔股份,0.0,6.88,-782.53,-7.8,0.0,0.0,-782.53,-7.8,397.78,3.96,384.76,3.83
20260609,002673.SZ,西部证券,0.64,6.26,-782.65,-5.82,-69.16,-0.51,-713.49,-5.31,188.93,1.4,593.72,4.42
20260609,603186.SH,华正新材,10.0,149.63,-784.55,-0.28,-10210.83,-3.63,9426.28,3.35,1804.45,0.64,-1019.89,-0.36
20260609,002222.SZ,福晶科技,5.11,90.92,-785.98,-0.33,-2213.0,-0.93,1427.02,0.6,-8845.96,-3.73,9631.94,4.07
20260609,000035.SZ,中国天楹,-2.3,5.09,-787.86,-3.53,-38.21,-0.17,-749.65,-3.36,-501.98,-2.25,1289.84,5.79
20260609,301117.SZ,佳缘科技,2.39,25.68,-787.99,-7.07,-227.01,-2.04,-560.98,-5.04,-717.38,-6.44,1505.37,13.52
20260609,601668.SH,中国建筑,0.0,4.7,-788.04,-1.16,2340.13,3.45,-3128.17,-4.62,-3318.84,-4.9,4106.88,6.06
20260609,002146.SZ,荣盛发展,-2.34,1.25,-788.09,-4.8,-677.71,-4.13,-110.37,-0.67,621.04,3.78,167.05,1.02
20260609,301265.SZ,华新科技,3.48,25.87,-789.18,-5.33,-860.88,-5.82,71.69,0.48,-1122.81,-7.59,1911.99,12.92
20260609,603988.SH,中电电机,-0.21,19.29,-790.2,-9.96,-142.06,-1.79,-648.15,-8.17,-288.26,-3.63,1078.46,13.6
20260609,601188.SH,龙江交通,-1.28,3.08,-790.64,-20.04,-194.87,-4.94,-595.77,-15.1,350.28,8.88,440.36,11.16
20260609,600236.SH,桂冠电力,0.19,10.6,-791.87,-4.55,-35.66,-0.21,-756.2,-4.35,-738.58,-4.25,1530.44,8.8
20260609,002269.SZ,美邦服饰,-1.3,1.52,-793.24,-12.33,-391.67,-6.09,-401.57,-6.24,153.47,2.39,639.77,9.95
20260609,601021.SH,春秋航空,2.28,44.8,-793.33,-3.11,376.71,1.47,-1170.03,-4.58,120.6,0.47,672.72,2.63
20260609,601789.SH,宁波建工,0.88,4.56,-794.81,-5.9,-158.26,-1.17,-636.54,-4.73,-558.34,-4.15,1353.15,10.05
20260609,002647.SZ,仁东控股,6.44,12.39,-797.84,-2.18,1437.68,3.92,-2235.51,-6.1,-2234.95,-6.1,3032.78,8.28
20260609,603197.SH,保隆科技,-1.48,29.32,-798.11,-10.61,-149.24,-1.98,-648.87,-8.62,330.26,4.39,467.85,6.22
20260609,300827.SZ,上能电气,2.44,29.36,-798.56,-1.58,-791.43,-1.56,-7.13,-0.01,477.68,0.94,320.88,0.63
20260609,600025.SH,华能水电,0.1,9.68,-800.46,-3.41,-341.48,-1.45,-458.98,-1.95,429.19,1.83,371.27,1.58
20260609,688311.SH,盟升电子,0.59,27.16,-800.69,-9.22,-126.71,-1.46,-673.98,-7.76,236.59,2.73,564.1,6.5
20260609,688291.SH,金橙子,-1.02,48.64,-801.77,-6.48,-999.39,-8.07,197.63,1.6,476.07,3.85,325.7,2.63
20260609,605303.SH,园林股份,-0.73,27.12,-801.96,-5.03,217.55,1.36,-1019.51,-6.39,-39.88,-0.25,841.85,5.28
20260609,601330.SH,绿色动力,-0.25,8.08,-802.16,-5.34,-107.72,-0.72,-694.44,-4.62,-408.79,-2.72,1210.95,8.06
20260609,000408.SZ,藏格矿业,3.08,75.3,-802.69,-1.07,-457.98,-0.61,-344.7,-0.46,-268.06,-0.36,1070.75,1.42
20260609,603200.SH,上海洗霸,2.43,46.4,-805.49,-5.32,-155.1,-1.03,-650.38,-4.3,-1182.37,-7.82,1987.86,13.14
20260609,002237.SZ,恒邦股份,-0.16,12.58,-805.94,-3.39,-462.71,-1.95,-343.22,-1.44,-1214.52,-5.11,2020.45,8.5
20260609,300175.SZ,朗源股份,-3.59,5.1,-810.58,-10.87,-330.37,-4.43,-480.21,-6.44,183.64,2.46,626.95,8.4
20260609,301336.SZ,趣睡科技,-2.75,38.86,-810.61,-16.97,-239.62,-5.02,-570.98,-11.95,494.93,10.36,315.68,6.61
20260609,300218.SZ,安利股份,-0.69,12.94,-810.76,-14.55,-1076.98,-19.32,266.22,4.78,485.13,8.7,325.62,5.84
20260609,301136.SZ,招标股份,0.0,12.83,-811.48,-12.85,-373.12,-5.91,-438.37,-6.94,254.22,4.03,557.26,8.82
20260609,300047.SZ,天源迪科,0.2,10.26,-811.8,-6.53,-222.74,-1.79,-589.06,-4.74,488.59,3.93,323.21,2.6
20260609,002789.SZ,*ST建艺,2.38,13.33,-813.67,-13.47,-275.61,-4.56,-538.05,-8.9,596.46,9.87,217.21,3.59
20260609,600570.SH,XD恒生电,0.95,22.27,-814.47,-1.87,312.0,0.72,-1126.46,-2.58,-1614.92,-3.7,2429.39,5.57
20260609,300536.SZ,农尚环境,3.38,9.78,-814.75,-3.79,-364.14,-1.69,-450.61,-2.09,1542.13,7.17,-727.38,-3.38
20260609,301266.SZ,宇邦新材,0.12,25.14,-814.86,-8.12,-396.45,-3.95,-418.41,-4.17,-213.55,-2.13,1028.42,10.24
20260609,301077.SZ,星华新材,-8.07,23.46,-815.65,-5.34,-736.77,-4.82,-78.88,-0.52,-237.43,-1.55,1053.08,6.9
20260609,000911.SZ,*ST广糖,-4.64,5.14,-821.28,-17.85,-148.24,-3.22,-673.04,-14.63,51.93,1.13,769.35,16.72
20260609,300727.SZ,润禾材料,4.41,32.19,-821.29,-5.33,12.12,0.08,-833.41,-5.41,-1233.07,-8.0,2054.36,13.33
20260609,002829.SZ,星网宇达,1.45,21.63,-825.0,-5.81,-250.9,-1.77,-574.1,-4.05,-275.85,-1.94,1100.86,7.76
20260609,300720.SZ,海川智能,0.48,68.79,-825.47,-1.41,-4213.82,-7.18,3388.35,5.77,-909.55,-1.55,1735.02,2.96
20260609,688625.SH,呈和科技,13.45,82.82,-827.55,-1.13,1397.11,1.91,-2224.65,-3.04,-1201.33,-1.64,2028.87,2.77
20260609,300045.SZ,华力创通,0.27,18.43,-828.37,-2.76,-1297.96,-4.32,469.59,1.56,1244.13,4.14,-415.76,-1.38
20260609,301609.SZ,山大电力,-2.02,41.7,-829.1,-7.74,-103.54,-0.97,-725.56,-6.78,634.24,5.92,194.86,1.82
20260609,688170.SH,德龙激光,4.82,79.4,-831.49,-1.4,611.23,1.03,-1442.71,-2.43,-532.86,-0.9,1364.35,2.29
20260609,603108.SH,润达医疗,1.6,11.41,-836.88,-3.66,370.66,1.62,-1207.54,-5.28,2312.15,10.11,-1475.26,-6.45
20260609,001326.SZ,联域股份,-0.29,67.63,-837.1,-8.75,-480.52,-5.02,-356.58,-3.73,140.67,1.47,696.43,7.28
20260609,300266.SZ,兴源环境,-3.7,2.08,-839.25,-12.53,0.0,0.0,-839.25,-12.53,401.38,5.99,437.87,6.54
20260609,600295.SH,鄂尔多斯,0.92,13.11,-841.53,-8.05,-84.27,-0.81,-757.26,-7.25,-419.04,-4.01,1260.57,12.06
20260609,002458.SZ,益生股份,-2.38,7.78,-841.82,-5.28,-651.99,-4.09,-189.84,-1.19,560.81,3.51,281.02,1.76
20260609,300985.SZ,致远新能,5.41,28.06,-843.0,-4.32,-25.79,-0.13,-817.21,-4.19,-994.15,-5.1,1837.15,9.42
20260609,688683.SH,莱尔科技,4.38,37.63,-843.31,-11.63,-552.95,-7.63,-290.36,-4.01,434.65,6.0,408.66,5.64
20260609,601108.SH,财通证券,0.13,7.45,-843.83,-4.24,-1606.96,-8.07,763.13,3.83,463.45,2.33,380.38,1.91
20260609,603092.SH,德力佳,-0.24,57.56,-845.52,-10.82,-103.94,-1.33,-741.58,-9.49,268.71,3.44,576.81,7.38
20260609,300885.SZ,海昌新材,0.15,26.69,-850.11,-4.11,-165.7,-0.8,-684.41,-3.3,775.56,3.75,74.55,0.36
20260609,688583.SH,思看科技,1.78,123.84,-850.37,-2.13,-14.85,-0.04,-835.52,-2.1,644.68,1.62,205.69,0.52
20260609,688639.SH,华恒生物,-0.44,20.48,-850.58,-9.58,-17.13,-0.19,-833.45,-9.39,-99.52,-1.12,950.1,10.7
20260609,601969.SH,海南矿业,-0.33,8.94,-851.36,-5.82,-221.75,-1.51,-629.62,-4.3,-381.88,-2.61,1233.25,8.42
20260609,000407.SZ,胜利股份,-0.25,4.06,-853.5,-13.77,-402.5,-6.49,-451.01,-7.28,-89.89,-1.45,943.39,15.22
20260609,002564.SZ,天沃科技,1.67,4.86,-857.11,-11.44,141.07,1.88,-998.18,-13.32,-251.06,-3.35,1108.16,14.79
20260609,688363.SH,华熙生物,0.09,33.5,-858.5,-11.69,-136.95,-1.86,-721.55,-9.82,-0.99,-0.01,859.49,11.7
20260609,301528.SZ,多浦乐,-3.66,86.81,-862.29,-3.44,510.36,2.04,-1372.65,-5.47,-326.94,-1.3,1189.23,4.74
20260609,600513.SH,联环药业,0.43,16.44,-863.57,-7.03,-442.89,-3.61,-420.67,-3.43,-934.44,-7.61,1798.01,14.64
20260609,600308.SH,华泰股份,-2.08,3.3,-864.99,-27.31,-322.97,-10.2,-542.02,-17.11,202.26,6.39,662.72,20.92
20260609,300084.SZ,海默科技,-1.43,11.05,-865.29,-5.24,-1024.46,-6.21,159.17,0.96,293.38,1.78,571.91,3.47
20260609,301246.SZ,宏源药业,2.09,27.4,-865.35,-2.12,-426.11,-1.04,-439.24,-1.08,-232.86,-0.57,1098.22,2.69
20260609,002810.SZ,山东赫达,1.56,21.44,-870.65,-5.1,-249.14,-1.46,-621.51,-3.64,-433.8,-2.54,1304.45,7.64
20260609,600865.SH,百大集团,-7.92,9.65,-870.93,-3.57,-359.34,-1.47,-511.59,-2.1,446.26,1.83,424.67,1.74
20260609,002876.SZ,三利谱,-0.06,31.28,-871.48,-3.11,84.13,0.3,-955.61,-3.41,-527.07,-1.88,1398.55,4.99
20260609,301182.SZ,凯旺科技,0.0,80.0,-876.62,-4.27,-748.7,-3.65,-127.92,-0.62,379.1,1.85,497.52,2.42
20260609,603286.SH,日盈电子,0.73,60.47,-877.24,-3.62,-616.99,-2.55,-260.24,-1.07,268.47,1.11,608.77,2.51
20260609,603686.SH,福龙马,0.55,14.65,-880.97,-6.75,75.9,0.58,-956.86,-7.33,-906.65,-6.94,1787.61,13.69
20260609,600138.SH,中青旅,-1.72,7.42,-881.57,-13.09,-497.86,-7.39,-383.72,-5.7,115.12,1.71,766.46,11.38
20260609,000998.SZ,隆平高科,-1.46,8.09,-884.04,-9.33,40.88,0.43,-924.92,-9.76,-277.2,-2.92,1161.23,12.25
20260609,002915.SZ,中欣氟材,-0.54,20.27,-888.1,-3.98,-1432.22,-6.43,544.12,2.44,-54.22,-0.24,942.31,4.23
20260609,600310.SH,XD广西能,-2.31,5.08,-890.35,-1.51,448.85,0.76,-1339.19,-2.27,-2784.01,-4.71,3674.36,6.21
20260609,300505.SZ,川金诺,0.81,18.73,-892.59,-5.66,-344.18,-2.18,-548.41,-3.47,-1588.94,-10.07,2481.54,15.72
20260609,600075.SH,新疆天业,-4.34,4.63,-893.65,-6.61,-586.26,-4.34,-307.39,-2.27,825.13,6.1,68.52,0.51
20260609,688678.SH,福立旺,2.03,21.64,-894.25,-3.77,130.38,0.55,-1024.63,-4.32,-511.94,-2.16,1406.19,5.93
20260609,603139.SH,康惠股份,3.68,37.22,-898.73,-6.81,-1495.91,-11.34,597.17,4.53,390.9,2.96,507.83,3.85
20260609,300740.SZ,水羊股份,1.74,23.44,-900.99,-2.44,321.15,0.87,-1222.14,-3.31,368.88,1.0,532.11,1.44
20260609,002334.SZ,英威腾,0.22,8.96,-901.92,-1.96,-2392.61,-5.19,1490.69,3.24,88.07,0.19,813.85,1.77
20260609,002629.SZ,仁智股份,-1.57,5.02,-902.89,-9.09,-314.28,-3.17,-588.61,-5.93,-242.14,-2.44,1145.03,11.53
20260609,301120.SZ,新特电气,1.68,20.0,-903.13,-3.02,-341.79,-1.14,-561.34,-1.88,-300.59,-1.0,1203.71,4.02
20260609,688063.SH,派能科技,1.91,56.46,-903.15,-2.14,-2103.67,-4.99,1200.52,2.85,1424.98,3.38,-521.84,-1.24
20260609,600748.SH,上实发展,-0.71,4.18,-903.25,-13.34,-481.15,-7.1,-422.1,-6.23,700.77,10.35,202.48,2.99
20260609,603589.SH,口子窖,-0.75,19.73,-903.78,-9.06,-629.38,-6.31,-274.39,-2.75,-472.67,-4.74,1376.45,13.8
20260609,002472.SZ,双环传动,-0.36,44.87,-906.5,-0.38,1880.03,0.79,-2786.53,-1.18,5828.6,2.46,-4922.11,-2.08
20260609,603798.SH,康普顿,-1.33,14.86,-909.86,-11.93,-266.5,-3.49,-643.35,-8.43,148.84,1.95,761.02,9.97
20260609,603721.SH,中广天择,-1.73,19.29,-911.48,-10.15,-399.28,-4.44,-512.2,-5.7,307.24,3.42,604.24,6.73
20260609,000957.SZ,中通客车,0.2,9.85,-911.7,-11.27,-82.31,-1.02,-829.39,-10.25,229.95,2.84,681.75,8.43
20260609,300658.SZ,延江股份,3.87,12.08,-912.2,-5.89,0.0,0.0,-912.2,-5.89,-396.44,-2.56,1308.63,8.44
20260609,000801.SZ,四川九洲,-0.08,12.34,-912.33,-4.53,-1403.17,-6.97,490.85,2.44,944.64,4.69,-32.32,-0.16
20260609,300157.SZ,新锦动力,-3.39,4.27,-914.03,-5.27,-19.13,-0.11,-894.91,-5.16,164.97,0.95,749.06,4.32
20260609,688317.SH,之江生物,-1.96,17.52,-914.89,-14.86,-409.29,-6.65,-505.6,-8.21,493.71,8.02,421.19,6.84
20260609,300812.SZ,易天股份,0.74,27.12,-917.3,-3.35,-1108.21,-4.04,190.91,0.7,813.98,2.97,103.32,0.38
20260609,600758.SH,辽宁能源,-2.19,4.47,-917.82,-1.97,-805.39,-1.73,-112.43,-0.24,-2361.8,-5.06,3279.62,7.02
20260609,002104.SZ,恒宝股份,0.0,11.33,-920.96,-3.71,-2585.59,-10.43,1664.63,6.71,-1468.32,-5.92,2389.28,9.64
20260609,000581.SZ,威孚高科,0.33,18.16,-922.32,-7.88,-173.72,-1.48,-748.6,-6.39,1226.88,10.48,-304.56,-2.6
20260609,600501.SH,航天晨光,0.84,18.0,-924.03,-10.36,-476.9,-5.35,-447.12,-5.01,260.29,2.92,663.74,7.44
20260609,300215.SZ,电科院,1.29,7.07,-924.79,-9.19,-454.04,-4.51,-470.76,-4.68,60.48,0.6,864.31,8.59
20260609,300897.SZ,山科智能,-3.42,17.24,-926.67,-6.98,-534.44,-4.02,-392.23,-2.95,257.48,1.94,669.19,5.04
20260609,300056.SZ,中创环保,-5.05,9.41,-929.47,-3.83,517.18,2.13,-1446.65,-5.96,1200.07,4.94,-270.6,-1.11
20260609,002985.SZ,北摩高科,-0.46,28.07,-930.77,-8.29,-285.38,-2.54,-645.39,-5.75,-414.06,-3.69,1344.83,11.98
20260609,002255.SZ,海陆重工,0.44,9.1,-933.98,-7.37,-297.79,-2.35,-636.18,-5.02,-553.72,-4.37,1487.7,11.74
20260609,600101.SH,明星电力,-0.82,9.65,-935.82,-3.27,-92.25,-0.32,-843.57,-2.95,-335.07,-1.17,1270.88,4.44
20260609,300410.SZ,正业科技,2.29,11.59,-937.07,-1.47,-246.09,-0.39,-690.98,-1.09,79.96,0.13,857.1,1.35
20260609,688033.SH,*ST天宜,-1.14,6.92,-937.84,-19.82,-156.84,-3.31,-781.0,-16.5,655.36,13.85,282.48,5.97
20260609,605166.SH,聚合顺,0.62,9.72,-937.96,-9.7,-308.49,-3.19,-629.47,-6.51,90.39,0.93,847.56,8.76
20260609,603699.SH,纽威股份,0.47,55.0,-938.05,-4.19,-420.97,-1.88,-517.07,-2.31,-523.52,-2.34,1461.57,6.53
20260609,601838.SH,成都银行,1.69,19.29,-939.6,-2.05,-974.87,-2.13,35.27,0.08,968.4,2.12,-28.8,-0.06
20260609,688321.SH,微芯生物,0.86,24.49,-940.09,-5.65,148.77,0.89,-1088.86,-6.54,392.57,2.36,547.52,3.29
20260609,000950.SZ,重药控股,-0.56,5.29,-942.0,-9.03,-416.04,-3.99,-525.96,-5.04,827.36,7.93,114.63,1.1
20260609,300022.SZ,吉峰科技,1.21,7.55,-942.98,-9.42,227.91,2.28,-1170.89,-11.7,-170.5,-1.7,1113.48,11.12
20260609,601512.SH,中新集团,-0.73,8.18,-943.23,-20.85,-542.0,-11.98,-401.23,-8.87,-90.97,-2.01,1034.19,22.86
20260609,600299.SH,安迪苏,0.29,10.21,-944.09,-9.06,-399.67,-3.83,-544.43,-5.22,-1039.74,-9.97,1983.83,19.03
20260609,601038.SH,一拖股份,-2.46,11.9,-944.56,-13.2,-917.2,-12.82,-27.36,-0.38,565.99,7.91,378.57,5.29
20260609,300416.SZ,苏试试验,-0.87,17.04,-946.72,-2.91,-51.92,-0.16,-894.8,-2.75,1181.95,3.63,-235.23,-0.72
20260609,600765.SH,中航重机,-0.15,13.37,-946.91,-5.53,-730.97,-4.27,-215.95,-1.26,-385.92,-2.25,1332.84,7.78
20260609,688510.SH,航亚科技,-0.68,26.16,-947.88,-6.78,-1041.81,-7.45,93.93,0.67,242.86,1.74,705.03,5.04
20260609,603131.SH,上海沪工,0.96,18.85,-949.62,-6.67,-174.76,-1.23,-774.86,-5.44,-296.62,-2.08,1246.24,8.75
20260609,688045.SH,必易微,4.3,65.25,-953.47,-5.91,-654.32,-4.06,-299.15,-1.85,305.27,1.89,648.2,4.02
20260609,000516.SZ,国际医学,-0.5,3.99,-953.62,-14.04,-362.93,-5.34,-590.69,-8.69,-61.23,-0.9,1014.85,14.94
20260609,002030.SZ,达安基因,-1.72,5.72,-953.76,-4.22,-1548.37,-6.85,594.61,2.63,-1110.6,-4.91,2064.36,9.13
20260609,301513.SZ,尚水智能,-2.12,62.77,-955.72,-8.2,-444.39,-3.81,-511.33,-4.39,-688.83,-5.91,1644.55,14.11
20260609,002266.SZ,浙富控股,0.88,4.61,-955.96,-3.11,-1539.03,-5.01,583.07,1.9,1077.04,3.5,-121.08,-0.39
20260609,002541.SZ,鸿路钢构,-1.34,18.36,-957.48,-8.79,-332.48,-3.05,-625.01,-5.74,-77.22,-0.71,1034.7,9.5
20260609,601177.SH,杭齿前进,-1.77,14.4,-959.05,-7.54,-751.29,-5.91,-207.76,-1.63,503.98,3.96,455.06,3.58
20260609,301196.SZ,唯科科技,13.48,158.4,-960.0,-0.65,-5266.16,-3.58,4306.16,2.93,-8987.86,-6.11,9947.86,6.77
20260609,603599.SH,广信股份,-1.95,10.55,-960.97,-7.64,506.21,4.02,-1467.18,-11.66,-28.02,-0.22,988.98,7.86
20260609,002305.SZ,*ST南置,-1.36,2.17,-961.11,-21.44,-638.05,-14.23,-323.07,-7.21,345.8,7.71,615.31,13.72
20260609,688281.SH,华秦科技,-0.3,47.3,-961.17,-3.83,-397.77,-1.59,-563.39,-2.25,67.04,0.27,894.12,3.57
20260609,688297.SH,中无人机,-0.61,44.25,-961.67,-4.27,-188.33,-0.84,-773.34,-3.43,938.76,4.17,22.92,0.1
20260609,002827.SZ,高争民爆,-2.21,26.08,-961.72,-11.64,-522.48,-6.33,-439.24,-5.32,237.79,2.88,723.92,8.76
20260609,300587.SZ,天铁科技,1.76,4.62,-963.88,-9.41,-121.79,-1.19,-842.09,-8.22,-62.29,-0.61,1026.18,10.02
20260609,603099.SH,长白山,1.0,36.4,-965.31,-3.58,-384.12,-1.42,-581.18,-2.15,-709.4,-2.63,1674.71,6.21
20260609,601606.SH,长城军工,-0.19,31.56,-967.14,-3.73,-123.01,-0.47,-844.13,-3.26,-1583.31,-6.11,2550.44,9.84
20260609,688382.SH,益方生物-U,-0.18,16.52,-970.08,-5.25,-217.29,-1.18,-752.79,-4.08,-1061.11,-5.74,2031.19,11.0
20260609,002299.SZ,圣农发展,-1.13,15.8,-970.61,-6.91,-101.54,-0.72,-869.08,-6.19,-77.35,-0.55,1047.96,7.46
20260609,300932.SZ,三友联众,-0.33,9.06,-976.83,-11.49,-101.68,-1.2,-875.15,-10.3,693.78,8.16,283.05,3.33
20260609,603125.SH,常青科技,1.81,23.68,-978.01,-8.56,-883.02,-7.72,-94.99,-0.83,-421.51,-3.69,1399.52,12.24
20260609,300881.SZ,盛德鑫泰,-2.15,43.15,-979.62,-9.93,-581.43,-5.89,-398.19,-4.03,206.21,2.09,773.41,7.84
20260609,002892.SZ,科力尔,-0.73,10.81,-980.06,-5.05,-887.99,-4.58,-92.07,-0.47,-167.54,-0.86,1147.59,5.92
20260609,301398.SZ,星源卓镁,-2.34,37.6,-981.2,-13.89,-1792.53,-25.37,811.33,11.48,430.75,6.1,550.46,7.79
20260609,600346.SH,恒力石化,-1.75,16.31,-982.3,-2.3,-1174.8,-2.75,192.5,0.45,-2994.99,-7.02,3977.28,9.32
20260609,003006.SZ,百亚股份,-2.38,15.17,-983.37,-12.58,-913.79,-11.69,-69.59,-0.89,145.9,1.87,837.48,10.71
20260609,002559.SZ,亚威股份,2.67,10.0,-983.5,-3.61,-1213.87,-4.45,230.37,0.84,871.71,3.2,111.78,0.41
20260609,688448.SH,磁谷科技,3.31,55.79,-985.14,-6.4,-581.09,-3.77,-404.05,-2.62,-1227.64,-7.97,2212.78,14.36
20260609,600018.SH,上港集团,0.41,4.95,-986.67,-4.49,1018.45,4.63,-2005.12,-9.12,357.62,1.63,629.04,2.86
20260609,688286.SH,敏芯股份,1.27,63.21,-989.45,-10.31,-601.42,-6.27,-388.03,-4.04,855.34,8.91,134.11,1.4
20260609,000506.SZ,招金黄金,1.13,13.46,-989.94,-2.82,-960.52,-2.73,-29.42,-0.08,-3777.49,-10.75,4767.43,13.57
20260609,301580.SZ,爱迪特,2.54,53.76,-991.02,-6.98,357.92,2.52,-1348.95,-9.5,460.07,3.24,530.96,3.74
20260609,002252.SZ,上海莱士,-0.78,5.06,-991.25,-6.78,-641.83,-4.39,-349.42,-2.39,155.34,1.06,835.91,5.72
20260609,688686.SH,奥普特,-0.8,133.0,-994.03,-3.31,-231.05,-0.77,-762.97,-2.54,-1249.52,-4.16,2243.55,7.46
20260609,601212.SH,白银有色,1.06,5.72,-995.46,-1.97,-818.91,-1.62,-176.55,-0.35,-2575.15,-5.1,3570.61,7.08
20260609,002423.SZ,中粮资本,-0.11,8.72,-996.19,-10.79,4.68,0.05,-1000.87,-10.84,7.82,0.08,988.38,10.71
20260609,002278.SZ,神开股份,-3.64,8.73,-1002.9,-8.75,224.2,1.96,-1227.09,-10.71,222.07,1.94,780.83,6.81
20260609,603815.SH,交建股份,-1.54,5.75,-1003.87,-17.24,-658.95,-11.32,-344.92,-5.92,242.86,4.17,761.01,13.07
20260609,603069.SH,海汽集团,-2.32,14.29,-1004.94,-14.05,-486.41,-6.8,-518.53,-7.25,-248.27,-3.47,1253.21,17.52
20260609,000060.SZ,中金岭南,3.02,7.16,-1004.98,-0.74,-2203.08,-1.62,1198.1,0.88,-983.36,-0.72,1988.34,1.47
20260609,300143.SZ,盈康生命,-2.17,7.21,-1007.29,-13.97,-521.2,-7.23,-486.09,-6.74,85.3,1.18,921.99,12.78
20260609,601198.SH,东兴证券,1.36,12.63,-1009.22,-2.83,-2133.72,-5.97,1124.5,3.15,2297.5,6.43,-1288.28,-3.61
20260609,600508.SH,上海能源,-4.38,13.1,-1009.53,-6.17,-754.28,-4.61,-255.25,-1.56,574.44,3.51,435.08,2.66
20260609,600133.SH,东湖高新,-1.58,8.1,-1009.67,-5.51,393.35,2.15,-1403.02,-7.65,1112.8,6.07,-103.13,-0.56
20260609,002913.SZ,奥士康,3.38,52.28,-1010.05,-2.74,720.36,1.96,-1730.41,-4.7,291.52,0.79,718.53,1.95
20260609,002598.SZ,ST章鼓,-3.88,7.19,-1010.78,-14.55,-522.72,-7.52,-488.06,-7.02,593.64,8.54,417.13,6.0
20260609,603530.SH,神马电力,0.33,52.23,-1010.84,-8.92,-219.05,-1.93,-791.79,-6.99,421.48,3.72,589.36,5.2
20260609,600088.SH,中视传媒,-1.21,13.87,-1011.09,-7.87,-702.84,-5.47,-308.26,-2.4,71.86,0.56,939.24,7.31
20260609,301357.SZ,北方长龙,1.01,89.0,-1011.22,-9.85,-181.32,-1.77,-829.9,-8.08,-1022.03,-9.95,2033.25,19.8
20260609,002311.SZ,海大集团,0.16,44.2,-1012.65,-3.04,-1155.04,-3.47,142.39,0.43,558.23,1.68,454.42,1.36
20260609,300121.SZ,阳谷华泰,3.83,13.29,-1013.39,-3.25,-78.26,-0.25,-935.13,-3.0,1431.22,4.59,-417.83,-1.34
20260609,301413.SZ,安培龙,0.16,91.34,-1014.64,-1.82,58.84,0.11,-1073.48,-1.93,-1831.69,-3.29,2846.34,5.11
20260609,301045.SZ,天禄科技,3.6,51.82,-1016.79,-10.17,-36.3,-0.36,-980.49,-9.81,308.25,3.08,708.55,7.09
20260609,600771.SH,广誉远,-1.77,13.87,-1016.83,-11.61,-809.1,-9.24,-207.74,-2.37,207.65,2.37,809.18,9.24
20260609,000626.SZ,远大控股,-3.24,7.17,-1018.17,-7.84,-508.22,-3.91,-509.95,-3.93,-872.51,-6.72,1890.67,14.56
20260609,600113.SH,浙江东日,-0.79,35.07,-1020.44,-5.76,-616.09,-3.48,-404.35,-2.28,182.03,1.03,838.41,4.73
20260609,600789.SH,鲁抗医药,-1.25,7.1,-1023.64,-13.4,-202.95,-2.66,-820.7,-10.75,258.21,3.38,765.43,10.02
20260609,002083.SZ,孚日股份,0.99,9.18,-1024.52,-6.4,-498.84,-3.12,-525.68,-3.29,-590.58,-3.69,1615.11,10.09
20260609,600459.SH,贵研铂业,1.05,24.1,-1024.87,-0.73,1882.69,1.34,-2907.56,-2.06,-3167.51,-2.25,4192.38,2.97
20260609,600326.SH,西藏天路,-0.68,7.25,-1027.12,-8.79,-224.57,-1.92,-802.55,-6.87,-585.75,-5.01,1612.87,13.8
20260609,002067.SZ,景兴纸业,-0.66,4.55,-1027.23,-7.17,-278.69,-1.94,-748.55,-5.22,-457.94,-3.2,1485.18,10.36
20260609,688663.SH,新风光,2.61,84.07,-1027.24,-3.64,564.92,2.0,-1592.15,-5.64,-988.17,-3.5,2015.4,7.14
20260609,002723.SZ,小崧股份,-0.24,8.28,-1027.44,-12.91,-339.17,-4.26,-688.27,-8.65,-88.84,-1.12,1116.28,14.03
20260609,600153.SH,建发股份,-0.96,9.31,-1028.01,-3.63,-232.22,-0.82,-795.79,-2.81,3453.59,12.21,-2425.57,-8.57
20260609,000006.SZ,深振业Ａ,0.0,7.96,-1031.46,-4.5,-1190.03,-5.19,158.57,0.69,-581.7,-2.54,1613.16,7.04
20260609,002677.SZ,浙江美大,-2.7,6.84,-1031.62,-21.56,-640.64,-13.39,-390.98,-8.17,407.54,8.52,624.09,13.04
20260609,600733.SH,北汽蓝谷,0.51,5.97,-1034.41,-2.66,-1031.17,-2.65,-3.23,-0.01,-669.3,-1.72,1703.71,4.38
20260609,600746.SH,江苏索普,-2.15,5.92,-1036.07,-14.24,-864.75,-11.88,-171.32,-2.35,-137.53,-1.89,1173.59,16.13
20260609,600859.SH,王府井,-1.72,10.31,-1036.42,-5.93,-1212.62,-6.94,176.19,1.01,609.8,3.49,426.62,2.44
20260609,300403.SZ,汉宇集团,-1.95,11.08,-1036.46,-6.51,-535.58,-3.36,-500.89,-3.15,449.7,2.82,586.76,3.69
20260609,300027.SZ,ST华谊,-2.58,1.89,-1039.07,-5.56,0.0,0.0,-1039.07,-5.56,384.98,2.06,654.08,3.5
20260609,600755.SH,厦门国贸,0.72,5.61,-1039.91,-15.82,-238.97,-3.63,-800.94,-12.18,98.57,1.5,941.34,14.32
20260609,601229.SH,上海银行,-0.33,9.13,-1044.45,-2.7,-1249.34,-3.23,204.89,0.53,-1134.13,-2.93,2178.58,5.63
20260609,301316.SZ,慧博云通,-0.57,38.38,-1045.93,-2.42,-767.43,-1.78,-278.5,-0.65,-1264.37,-2.93,2310.3,5.35
20260609,002683.SZ,广东宏大,0.82,30.67,-1046.2,-3.67,-1654.75,-5.81,608.54,2.14,-1052.11,-3.69,2098.32,7.36
20260609,002068.SZ,黑猫股份,1.26,10.43,-1046.35,-3.43,-1120.69,-3.67,74.34,0.24,330.85,1.08,715.51,2.35
20260609,000668.SZ,荣丰控股,-9.65,19.95,-1046.5,-5.73,-1232.26,-6.75,185.77,1.02,798.11,4.37,248.38,1.36
20260609,600216.SH,浙江医药,-0.34,11.88,-1049.69,-8.97,-990.8,-8.47,-58.89,-0.5,675.29,5.77,374.4,3.2
20260609,300469.SZ,信息发展,0.62,51.82,-1050.49,-3.36,-989.41,-3.17,-61.09,-0.2,511.65,1.64,538.84,1.73
20260609,301235.SZ,华康洁净,6.9,68.79,-1051.69,-3.73,-846.96,-3.0,-204.74,-0.73,1449.35,5.14,-397.65,-1.41
20260609,600230.SH,沧州大化,0.07,14.11,-1051.82,-9.91,-247.11,-2.33,-804.71,-7.58,-1297.94,-12.22,2349.77,22.13
20260609,301198.SZ,喜悦智行,-4.61,15.93,-1052.26,-12.74,-234.3,-2.84,-817.96,-9.91,149.21,1.81,903.05,10.94
20260609,600956.SH,新天绿能,-0.83,8.33,-1053.21,-6.2,-689.61,-4.06,-363.61,-2.14,207.56,1.22,845.66,4.98
20260609,300177.SZ,中海达,0.87,6.92,-1053.78,-19.14,-369.69,-6.72,-684.09,-12.43,301.05,5.47,752.73,13.67
20260609,688484.SH,南芯科技,11.97,43.95,-1054.18,-1.5,-839.79,-1.2,-214.39,-0.31,1429.3,2.04,-375.12,-0.53
20260609,603121.SH,华培动力,-0.9,15.42,-1054.46,-12.62,-465.6,-5.57,-588.86,-7.05,261.35,3.13,793.11,9.5
20260609,002392.SZ,北京利尔,-0.26,7.62,-1054.64,-7.96,-306.99,-2.32,-747.66,-5.64,-107.55,-0.81,1162.19,8.77
20260609,002455.SZ,百川股份,0.64,7.92,-1055.68,-5.84,204.21,1.13,-1259.9,-6.97,-1279.14,-7.08,2334.82,12.92
20260609,300128.SZ,锦富技术,1.15,7.04,-1057.29,-4.14,1064.13,4.17,-2121.41,-8.31,264.45,1.04,792.84,3.1
20260609,300991.SZ,创益通,1.72,36.7,-1058.55,-8.16,-625.09,-4.82,-433.46,-3.34,-788.6,-6.08,1847.15,14.24
20260609,600376.SH,首开股份,-1.64,3.59,-1064.96,-4.45,140.77,0.59,-1205.72,-5.03,-1045.26,-4.36,2110.22,8.81
20260609,000995.SZ,皇台酒业,-2.03,11.09,-1066.01,-8.17,68.34,0.52,-1134.35,-8.69,-564.11,-4.32,1630.12,12.49
20260609,603159.SH,上海亚虹,0.4,27.41,-1066.5,-10.06,-362.41,-3.42,-704.09,-6.64,-7.63,-0.07,1074.13,10.13
20260609,300409.SZ,道氏技术,1.96,20.77,-1069.32,-2.86,-1097.9,-2.93,28.58,0.08,-464.21,-1.24,1533.53,4.1
20260609,301489.SZ,思泉新材,5.17,144.08,-1069.48,-1.29,107.38,0.13,-1176.86,-1.42,-2973.89,-3.58,4043.38,4.87
20260609,600416.SH,湘电股份,-0.69,10.05,-1070.39,-4.61,-1019.13,-4.39,-51.26,-0.22,554.15,2.39,516.24,2.22
20260609,300227.SZ,光韵达,3.65,10.5,-1071.45,-5.13,-407.18,-1.95,-664.27,-3.18,30.78,0.15,1040.67,4.98
20260609,000586.SZ,汇源通信,0.71,15.71,-1071.76,-7.38,-175.18,-1.21,-896.59,-6.17,-108.46,-0.75,1180.22,8.13
20260609,002170.SZ,芭田股份,-0.36,11.04,-1073.71,-6.06,-2021.83,-11.4,948.12,5.35,581.49,3.28,492.22,2.78
20260609,000878.SZ,云南铜业,1.57,16.22,-1074.75,-1.69,134.23,0.21,-1208.98,-1.9,-60.15,-0.09,1134.9,1.78
20260609,601952.SH,苏垦农发,-2.77,8.41,-1074.93,-12.13,-750.32,-8.47,-324.61,-3.66,497.32,5.61,577.62,6.52
20260609,002538.SZ,ST司特,1.82,6.17,-1076.04,-10.82,-591.12,-5.94,-484.92,-4.87,-215.85,-2.17,1291.9,12.99
20260609,600750.SH,华润江中,-1.31,25.62,-1079.86,-9.85,-494.52,-4.51,-585.33,-5.34,531.93,4.85,547.92,5.0
20260609,600636.SH,退市国化,-10.0,1.71,-1080.65,-27.29,-637.79,-16.11,-442.86,-11.19,524.89,13.26,555.75,14.04
20260609,600559.SH,老白干酒,-2.74,11.7,-1091.06,-8.63,-201.77,-1.6,-889.28,-7.03,-444.5,-3.51,1535.56,12.14
20260609,002638.SZ,勤上股份,-0.24,4.17,-1093.98,-11.24,-1509.61,-15.51,415.63,4.27,615.33,6.32,478.66,4.92
20260609,002546.SZ,新联电子,0.29,6.87,-1094.56,-13.65,146.64,1.83,-1241.2,-15.48,-49.6,-0.62,1144.15,14.27
20260609,300589.SZ,江龙船艇,-0.23,12.78,-1095.23,-10.21,107.78,1.0,-1203.01,-11.21,-235.19,-2.19,1330.41,12.4
20260609,601116.SH,XD三江购,-1.21,11.41,-1097.36,-6.32,-27.59,-0.16,-1069.77,-6.16,-434.44,-2.5,1531.8,8.82
20260609,600285.SH,羚锐制药,-0.19,21.55,-1097.58,-9.78,-336.02,-2.99,-761.56,-6.79,949.7,8.46,147.88,1.32
20260609,603682.SH,锦和商管,-1.19,8.3,-1097.62,-13.11,-504.6,-6.03,-593.02,-7.09,494.48,5.91,603.14,7.21
20260609,600537.SH,*ST亿晶,-4.31,2.44,-1098.18,-9.91,-15.02,-0.14,-1083.16,-9.78,431.81,3.9,666.36,6.01
20260609,000420.SZ,吉林化纤,0.47,4.31,-1103.39,-3.33,-674.85,-2.04,-428.54,-1.29,607.53,1.83,495.86,1.5
20260609,600060.SH,海信视像,-1.63,25.38,-1103.66,-3.29,-1541.58,-4.59,437.93,1.3,3604.37,10.74,-2500.72,-7.45
20260609,300049.SZ,福瑞医科,0.3,40.72,-1104.4,-5.03,-198.91,-0.91,-905.5,-4.12,-242.78,-1.11,1347.18,6.13
20260609,300842.SZ,帝科股份,4.43,80.63,-1104.74,-2.47,-3441.18,-7.71,2336.45,5.23,-577.94,-1.29,1682.68,3.77
20260609,600470.SH,六国化工,-0.95,5.23,-1109.51,-13.18,-755.72,-8.98,-353.79,-4.2,-375.83,-4.47,1485.34,17.65
20260609,000716.SZ,黑芝麻,-4.12,4.89,-1109.85,-8.19,114.46,0.85,-1224.31,-9.04,-767.74,-5.67,1877.59,13.86
20260609,605365.SH,立达信,-1.9,15.97,-1110.68,-11.67,-224.6,-2.36,-886.08,-9.31,37.18,0.39,1073.5,11.28
20260609,001311.SZ,多利科技,-1.57,19.45,-1110.77,-13.72,-375.37,-4.64,-735.39,-9.08,569.62,7.03,541.15,6.68
20260609,002163.SZ,海南发展,0.0,9.44,-1114.66,-6.39,-337.77,-1.94,-776.89,-4.46,-501.73,-2.88,1616.39,9.27
20260609,301358.SZ,湖南裕能,1.44,69.64,-1115.26,-0.76,-422.19,-0.29,-693.07,-0.47,1730.31,1.18,-615.05,-0.42
20260609,300413.SZ,芒果超媒,0.19,16.21,-1120.48,-5.44,-554.37,-2.69,-566.1,-2.75,-513.67,-2.49,1634.15,7.94
20260609,002736.SZ,国信证券,0.41,9.87,-1124.63,-6.42,-775.49,-4.43,-349.14,-1.99,2245.65,12.82,-1121.02,-6.4
20260609,603290.SH,斯达半导,5.26,112.0,-1128.06,-1.19,1737.26,1.83,-2865.32,-3.02,3668.59,3.86,-2540.53,-2.67
20260609,601595.SH,上海电影,-2.37,18.15,-1128.29,-8.02,-324.04,-2.3,-804.25,-5.72,-1428.26,-10.15,2556.55,18.18
20260609,600933.SH,爱柯迪,-0.66,15.0,-1133.5,-5.94,-548.36,-2.87,-585.15,-3.07,90.23,0.47,1043.28,5.47
20260609,300245.SZ,ST天玑,-2.66,6.21,-1139.82,-17.03,-118.24,-1.77,-1021.58,-15.26,124.59,1.86,1015.23,15.17
20260609,603393.SH,新天然气,-3.57,25.36,-1140.56,-3.25,-1730.53,-4.93,589.97,1.68,-2467.08,-7.03,3607.64,10.28
20260609,002547.SZ,*ST春兴,-1.37,3.6,-1143.83,-9.85,-322.15,-2.77,-821.68,-7.08,271.79,2.34,872.04,7.51
20260609,300857.SZ,协创数据,3.84,221.5,-1144.22,-0.32,16817.85,4.76,-17962.07,-5.08,-2921.79,-0.83,4066.0,1.15
20260609,301111.SZ,粤万年青,5.41,28.25,-1147.68,-7.37,4.4,0.03,-1152.08,-7.4,312.74,2.01,834.94,5.36
20260609,300638.SZ,广和通,-0.09,21.58,-1149.82,-4.06,62.55,0.22,-1212.37,-4.28,1463.77,5.17,-313.95,-1.11
20260609,000936.SZ,华西股份,0.17,5.95,-1151.33,-11.88,-504.02,-5.2,-647.31,-6.68,162.66,1.68,988.68,10.2
20260609,601319.SH,中国人保,1.23,6.61,-1159.7,-3.22,1423.95,3.95,-2583.64,-7.16,-92.99,-0.26,1252.69,3.47
20260609,601878.SH,浙商证券,0.56,9.05,-1164.74,-7.22,926.85,5.74,-2091.6,-12.96,-291.79,-1.81,1456.53,9.02
20260609,300106.SZ,西部牧业,0.08,12.4,-1166.39,-6.79,16.79,0.1,-1183.18,-6.89,-716.75,-4.17,1883.14,10.97
20260609,002406.SZ,远东传动,-1.02,7.79,-1167.92,-4.15,-811.23,-2.88,-356.69,-1.27,969.6,3.44,198.32,0.7
20260609,688449.SH,联芸科技,3.3,67.57,-1173.18,-1.51,-1282.01,-1.65,108.83,0.14,-3969.1,-5.1,5142.28,6.61
20260609,301151.SZ,冠龙节能,0.2,19.72,-1180.75,-7.57,-487.14,-3.12,-693.61,-4.45,-417.84,-2.68,1598.59,10.25
20260609,600585.SH,海螺水泥,-0.47,19.0,-1181.07,-1.92,2037.49,3.32,-3218.57,-5.24,1502.32,2.45,-321.25,-0.52
20260609,600211.SH,西藏药业,-2.14,35.6,-1183.89,-9.92,-894.82,-7.49,-289.07,-2.42,1302.14,10.91,-118.25,-0.99
20260609,600674.SH,川投能源,0.87,15.1,-1187.6,-2.69,-1501.57,-3.4,313.97,0.71,643.81,1.46,543.79,1.23
20260609,002430.SZ,杭氧股份,3.03,24.49,-1187.77,-3.49,-613.67,-1.8,-574.09,-1.69,-230.79,-0.68,1418.56,4.16
20260609,600422.SH,昆药集团,-2.35,8.3,-1191.84,-18.19,-58.33,-0.89,-1133.51,-17.3,855.11,13.05,336.73,5.14
20260609,300772.SZ,运达股份,0.71,12.78,-1192.24,-5.83,-151.2,-0.74,-1041.04,-5.09,74.55,0.36,1117.69,5.46
20260609,600702.SH,舍得酒业,-2.37,39.12,-1192.4,-4.85,441.2,1.79,-1633.59,-6.64,-1487.29,-6.05,2679.69,10.9
20260609,688016.SH,心脉医疗,-1.68,95.86,-1196.8,-9.28,-1551.26,-12.03,354.47,2.75,1172.3,9.09,24.5,0.19
20260609,300515.SZ,三德科技,0.93,15.24,-1197.67,-24.88,-392.18,-8.15,-805.49,-16.73,463.93,9.64,733.74,15.24
20260609,300165.SZ,天瑞仪器,-0.52,5.7,-1198.42,-13.23,-281.19,-3.1,-917.23,-10.13,-474.08,-5.23,1672.5,18.47
20260609,000059.SZ,华锦股份,-4.05,4.26,-1201.06,-8.96,-837.48,-6.25,-363.58,-2.71,549.06,4.1,652.0,4.87
20260609,002674.SZ,兴业科技,0.95,15.94,-1201.88,-6.58,94.89,0.52,-1296.77,-7.1,529.06,2.9,672.82,3.69
20260609,300432.SZ,富临精工,4.36,22.52,-1202.52,-1.52,-750.23,-0.95,-452.29,-0.57,1016.98,1.29,185.54,0.23
20260609,300061.SZ,旗天科技,0.12,8.16,-1203.71,-6.05,390.5,1.96,-1594.21,-8.02,-1867.07,-9.39,3070.78,15.44
20260609,002314.SZ,南山控股,-7.52,2.46,-1207.44,-3.06,-1622.31,-4.11,414.86,1.05,-1927.46,-4.88,3134.9,7.94
20260609,603248.SH,锡华科技,-3.01,24.17,-1208.65,-8.31,-290.6,-2.0,-918.05,-6.31,-251.38,-1.73,1460.03,10.04
20260609,000049.SZ,德赛电池,-0.04,23.42,-1208.65,-7.33,-622.13,-3.77,-586.53,-3.56,932.4,5.66,276.25,1.68
20260609,002667.SZ,*ST威领,-4.99,20.94,-1211.17,-20.9,-2144.88,-37.01,933.71,16.11,644.32,11.12,566.85,9.78
20260609,000532.SZ,华金资本,-0.64,12.33,-1212.9,-9.82,-169.58,-1.37,-1043.33,-8.45,585.04,4.74,627.86,5.08
20260609,002370.SZ,亚太药业,-0.91,5.45,-1215.39,-17.42,-91.92,-1.32,-1123.48,-16.11,270.79,3.88,944.6,13.54
20260609,002544.SZ,普天科技,0.2,19.57,-1216.63,-4.42,-51.62,-0.19,-1165.02,-4.23,-2451.02,-8.9,3667.66,13.31
20260609,600581.SH,*ST八钢,-3.68,2.62,-1220.15,-15.04,-880.79,-10.86,-339.36,-4.18,435.21,5.36,784.94,9.67
20260609,300018.SZ,中元股份,1.0,12.12,-1221.81,-8.96,-1540.52,-11.3,318.71,2.34,716.88,5.26,504.93,3.7
20260609,301310.SZ,鑫宏业,-1.12,31.8,-1222.82,-6.22,-259.33,-1.32,-963.48,-4.9,-2050.21,-10.43,3273.02,16.65
20260609,002685.SZ,华东重机,0.88,6.91,-1222.94,-7.06,-997.91,-5.76,-225.04,-1.3,-354.15,-2.04,1577.09,9.1
20260609,603871.SH,嘉友国际,-3.28,11.8,-1223.83,-7.54,-1178.26,-7.26,-45.56,-0.28,2651.37,16.33,-1427.54,-8.79
20260609,600901.SH,江苏金租,2.03,6.52,-1225.22,-6.85,471.16,2.63,-1696.38,-9.48,1208.18,6.75,17.04,0.1
20260609,600177.SH,雅戈尔,2.07,7.41,-1226.76,-8.8,223.78,1.61,-1450.55,-10.41,1375.36,9.87,-148.6,-1.07
20260609,603477.SH,巨星农牧,-1.57,13.79,-1226.81,-9.07,-629.82,-4.66,-596.99,-4.42,128.73,0.95,1098.08,8.12
20260609,688353.SH,华盛锂电,3.71,82.71,-1226.89,-4.04,544.59,1.79,-1771.48,-5.84,633.47,2.09,593.42,1.96
20260609,601015.SH,陕西黑猫,-6.19,3.64,-1227.1,-3.97,1515.07,4.91,-2742.17,-8.88,-2254.43,-7.3,3481.53,11.28
20260609,600835.SH,上海机电,-0.47,21.25,-1231.89,-8.79,-1503.65,-10.73,271.75,1.94,929.49,6.63,302.41,2.16
20260609,600629.SH,华建集团,1.2,16.03,-1234.09,-6.15,55.88,0.28,-1289.96,-6.43,265.11,1.32,968.98,4.83
20260609,603626.SH,科森科技,-3.25,23.21,-1234.11,-1.42,-1961.81,-2.26,727.7,0.84,4459.1,5.13,-3224.99,-3.71
20260609,002440.SZ,闰土股份,1.39,8.74,-1234.42,-6.92,-636.41,-3.57,-598.0,-3.35,-798.95,-4.48,2033.37,11.39
20260609,002947.SZ,恒铭达,4.91,85.5,-1235.75,-1.47,-1622.11,-1.93,386.36,0.46,-1674.87,-1.99,2910.62,3.46
20260609,001299.SZ,美能能源,-3.02,10.6,-1244.74,-12.16,-266.23,-2.6,-978.51,-9.56,49.83,0.49,1194.92,11.68
20260609,300473.SZ,德尔股份,-0.67,32.79,-1246.43,-6.31,-281.03,-1.42,-965.4,-4.89,376.87,1.91,869.57,4.4
20260609,688805.SH,健信超导,0.77,48.55,-1246.59,-14.96,-474.13,-5.69,-772.45,-9.27,387.4,4.65,859.19,10.31
20260609,300540.SZ,蜀道装备,0.39,25.9,-1248.87,-6.6,-572.3,-3.02,-676.57,-3.57,420.02,2.22,828.85,4.38
20260609,301408.SZ,华人健康,0.7,15.74,-1249.43,-7.85,-309.55,-1.94,-939.89,-5.9,-623.45,-3.91,1872.88,11.76
20260609,300091.SZ,*ST金灵,-1.38,2.86,-1250.62,-40.08,0.0,0.0,-1250.62,-40.08,633.92,20.32,616.69,19.77
20260609,603392.SH,万泰生物,-2.96,31.15,-1260.33,-7.98,-211.7,-1.34,-1048.63,-6.64,335.52,2.12,924.81,5.85
20260609,603716.SH,塞力医疗,0.06,15.96,-1261.14,-12.99,-996.74,-10.27,-264.4,-2.72,-506.55,-5.22,1767.69,18.21
20260609,000415.SZ,渤海租赁,0.27,3.7,-1266.22,-5.92,-715.14,-3.35,-551.08,-2.58,803.26,3.76,462.96,2.17
20260609,301092.SZ,争光股份,-5.17,46.0,-1270.76,-5.82,-357.5,-1.64,-913.27,-4.19,1469.82,6.74,-199.05,-0.91
20260609,688622.SH,*ST禾信,-0.5,120.4,-1272.85,-9.56,-1748.05,-13.12,475.2,3.57,963.85,7.24,309.0,2.32
20260609,300680.SZ,隆盛科技,-0.03,34.45,-1282.55,-6.07,-1185.39,-5.61,-97.16,-0.46,411.49,1.95,871.07,4.12
20260609,300896.SZ,爱美客,-1.44,92.8,-1290.35,-4.75,-364.27,-1.34,-926.08,-3.41,-2156.84,-7.95,3447.2,12.7
20260609,600332.SH,白云山,-0.57,21.04,-1291.23,-10.09,-707.44,-5.53,-583.79,-4.56,968.22,7.57,323.01,2.52
20260609,300395.SZ,菲利华,7.96,121.33,-1293.13,-0.29,2514.44,0.57,-3807.57,-0.86,1909.46,0.43,-616.33,-0.14
20260609,603803.SH,瑞斯康达,0.9,12.4,-1295.22,-6.41,-495.65,-2.45,-799.57,-3.96,-860.22,-4.26,2155.44,10.67
20260609,300129.SZ,泰胜风能,0.74,9.54,-1301.18,-7.82,-254.6,-1.53,-1046.58,-6.29,-936.63,-5.63,2237.81,13.44
20260609,600550.SH,保变电气,0.57,12.26,-1307.31,-3.92,-2247.28,-6.74,939.97,2.82,-252.52,-0.76,1559.83,4.68
20260609,300448.SZ,浩云科技,2.09,7.34,-1308.98,-8.63,-402.07,-2.65,-906.91,-5.98,-242.03,-1.6,1551.02,10.23
20260609,000066.SZ,中国长城,2.21,16.2,-1309.28,-0.79,-835.41,-0.5,-473.87,-0.29,-3008.2,-1.81,4317.48,2.6
20260609,688011.SH,新光光电,3.52,57.64,-1312.49,-10.86,-2458.36,-20.34,1145.87,9.48,97.71,0.81,1214.79,10.05
20260609,002480.SZ,新筑股份,-1.36,5.82,-1312.86,-18.45,-1086.19,-15.27,-226.67,-3.19,777.94,10.93,534.92,7.52
20260609,000987.SZ,越秀资本,0.0,7.34,-1314.06,-7.28,-284.57,-1.58,-1029.49,-5.7,-50.46,-0.28,1364.52,7.56
20260609,300563.SZ,神宇股份,0.21,28.46,-1318.48,-7.32,-864.23,-4.8,-454.25,-2.52,-249.34,-1.38,1567.83,8.71
20260609,000517.SZ,荣安地产,-9.87,2.1,-1330.15,-4.74,-1243.96,-4.43,-86.19,-0.31,287.22,1.02,1042.92,3.71
20260609,300052.SZ,中青宝,-2.6,11.98,-1330.7,-3.5,176.23,0.46,-1506.93,-3.97,-1408.99,-3.71,2739.69,7.21
20260609,600592.SH,龙溪股份,-0.34,20.26,-1330.83,-7.68,-538.0,-3.1,-792.83,-4.57,549.28,3.17,781.55,4.51
20260609,300350.SZ,华鹏飞,-0.68,4.36,-1332.99,-19.61,-130.2,-1.91,-1202.79,-17.69,598.38,8.8,734.61,10.8
20260609,300478.SZ,杭州高新,1.21,39.45,-1336.93,-4.47,107.82,0.36,-1444.75,-4.83,-1211.52,-4.05,2548.45,8.52
20260609,688114.SH,华大智造,0.08,47.23,-1337.58,-5.87,-320.96,-1.41,-1016.62,-4.46,92.3,0.41,1245.27,5.47
20260609,600867.SH,通化东宝,-1.83,7.52,-1338.4,-8.54,-1112.12,-7.1,-226.28,-1.44,269.95,1.72,1068.45,6.82
20260609,688192.SH,迪哲医药-U,-0.08,37.73,-1340.14,-5.03,-451.49,-1.69,-888.65,-3.33,232.23,0.87,1107.91,4.16
20260609,301293.SZ,三博脑科,0.65,54.16,-1342.46,-5.83,-520.15,-2.26,-822.31,-3.57,10.92,0.05,1331.54,5.78
20260609,600475.SH,华光环能,-4.53,14.55,-1344.74,-5.91,-1148.48,-5.05,-196.26,-0.86,558.67,2.46,786.07,3.46
20260609,300468.SZ,四方精创,0.22,22.43,-1344.79,-4.3,-902.02,-2.88,-442.78,-1.41,-1313.02,-4.19,2657.82,8.49
20260609,000563.SZ,陕国投Ａ,-1.03,2.88,-1347.05,-17.11,-862.96,-10.96,-484.09,-6.15,981.13,12.46,365.91,4.65
20260609,301389.SZ,隆扬电子,4.47,81.26,-1347.29,-1.68,899.65,1.12,-2246.94,-2.8,-1407.48,-1.75,2754.77,3.43
20260609,300352.SZ,ST信源,-0.99,3.0,-1350.58,-18.2,0.0,0.0,-1350.58,-18.2,40.17,0.54,1310.4,17.66
20260609,002681.SZ,奋达科技,-2.44,5.2,-1353.74,-3.75,-1331.42,-3.69,-22.32,-0.06,2440.61,6.77,-1086.87,-3.01
20260609,603779.SH,威龙股份,-0.12,8.25,-1354.37,-6.73,-871.61,-4.33,-482.75,-2.4,108.12,0.54,1246.25,6.19
20260609,300474.SZ,景嘉微,1.57,54.37,-1354.65,-3.12,-848.78,-1.96,-505.87,-1.17,392.01,0.9,962.63,2.22
20260609,600503.SH,华丽家族,-4.32,2.66,-1356.68,-5.6,-452.7,-1.87,-903.98,-3.73,75.27,0.31,1281.42,5.29
20260609,600531.SH,豫光金铅,1.11,11.82,-1357.85,-3.49,626.59,1.61,-1984.44,-5.1,-354.35,-0.91,1712.2,4.4
20260609,001314.SZ,亿道信息,-0.24,53.15,-1365.15,-5.78,-52.05,-0.22,-1313.1,-5.56,-1919.51,-8.13,3284.66,13.92
20260609,002891.SZ,中宠股份,-0.47,27.65,-1368.22,-8.98,-176.21,-1.16,-1192.01,-7.82,-986.01,-6.47,2354.23,15.45
20260609,002627.SZ,三峡旅游,-3.97,6.53,-1378.37,-8.35,-417.5,-2.53,-960.87,-5.82,-38.04,-0.23,1416.41,8.58
20260609,300648.SZ,星云股份,1.78,44.0,-1380.8,-15.43,-265.19,-2.96,-1115.61,-12.46,90.48,1.01,1290.32,14.41
20260609,600982.SH,宁波能源,-1.66,5.91,-1384.53,-4.12,-168.18,-0.5,-1216.35,-3.62,-326.95,-0.97,1711.48,5.09
20260609,301219.SZ,腾远钴业,2.87,54.19,-1386.99,-3.12,-142.0,-0.32,-1245.0,-2.8,1652.17,3.72,-265.18,-0.6
20260609,300337.SZ,银邦股份,0.51,11.94,-1387.05,-6.06,-1413.59,-6.18,26.54,0.12,239.88,1.05,1147.17,5.01
20260609,688543.SH,国科军工,-0.55,39.49,-1391.29,-10.59,-400.62,-3.05,-990.67,-7.54,-12.42,-0.09,1403.71,10.68
20260609,600754.SH,锦江酒店,-0.92,19.46,-1391.53,-7.32,-843.02,-4.44,-548.51,-2.89,422.93,2.23,968.6,5.1
20260609,603612.SH,索通发展,-0.7,19.81,-1392.34,-6.58,-1402.29,-6.63,9.95,0.05,-19.95,-0.09,1412.29,6.68
20260609,002533.SZ,金杯电工,1.15,11.42,-1394.19,-13.86,-619.26,-6.16,-774.94,-7.71,824.53,8.2,569.67,5.66
20260609,600282.SH,南钢股份,-1.65,4.78,-1394.5,-7.72,-1445.05,-8.0,50.55,0.28,1124.78,6.22,269.73,1.49
20260609,301500.SZ,飞南资源,2.06,24.32,-1394.64,-5.79,-843.16,-3.5,-551.48,-2.29,-1148.43,-4.76,2543.07,10.55
20260609,002304.SZ,洋河股份,-0.64,41.98,-1395.94,-7.34,-57.54,-0.3,-1338.4,-7.04,737.73,3.88,658.21,3.46
20260609,301028.SZ,鼎熔岩,-1.16,16.98,-1401.22,-12.48,-741.53,-6.6,-659.69,-5.87,-220.93,-1.97,1622.15,14.44
20260609,603800.SH,洪田股份,2.91,75.0,-1401.73,-2.32,-2318.47,-3.83,916.74,1.51,-1635.08,-2.7,3036.81,5.02
20260609,600265.SH,*ST景谷,-4.99,24.57,-1403.73,-11.9,-1402.15,-11.89,-1.58,-0.01,-12.84,-0.11,1416.57,12.01
20260609,300113.SZ,顺网科技,0.85,20.15,-1404.38,-4.08,277.09,0.8,-1681.48,-4.88,362.37,1.05,1042.01,3.02
20260609,301525.SZ,儒竞科技,0.21,75.86,-1406.17,-7.74,-1888.89,-10.4,482.73,2.66,95.89,0.53,1310.28,7.21
20260609,600061.SH,国投资本,0.0,6.2,-1406.31,-8.85,-1525.64,-9.6,119.33,0.75,745.84,4.69,660.47,4.15
20260609,601155.SH,新城控股,-1.13,11.37,-1409.83,-8.63,-234.78,-1.44,-1175.06,-7.19,-823.42,-5.04,2233.25,13.66
20260609,603082.SH,北自科技,0.81,36.21,-1411.77,-8.83,-925.74,-5.79,-486.03,-3.04,355.74,2.22,1056.03,6.6
20260609,002981.SZ,朝阳科技,-2.24,27.48,-1412.44,-2.88,-5396.01,-11.0,3983.56,8.12,5826.88,11.88,-4414.43,-9.0
20260609,300997.SZ,欢乐家,-3.13,16.43,-1413.75,-8.44,3.48,0.02,-1417.22,-8.46,-781.08,-4.66,2194.83,13.1
20260609,600488.SH,津药药业,-4.57,5.43,-1414.44,-2.14,-3352.07,-5.08,1937.63,2.93,-3777.43,-5.72,5191.87,7.86
20260609,301002.SZ,崧盛股份,3.12,46.58,-1414.8,-6.36,-697.35,-3.13,-717.46,-3.22,-872.96,-3.92,2287.76,10.28
20260609,002315.SZ,焦点科技,-1.04,25.64,-1420.09,-10.08,-211.54,-1.5,-1208.55,-8.58,655.57,4.65,764.52,5.43
20260609,688776.SH,国光电气,1.29,61.11,-1424.87,-13.01,-1079.39,-9.86,-345.48,-3.16,-105.53,-0.96,1530.41,13.98
20260609,300040.SZ,九洲集团,-0.43,7.01,-1425.31,-4.84,-1023.54,-3.48,-401.77,-1.37,-447.49,-1.52,1872.8,6.36
20260609,600635.SH,大众公用,-1.79,4.94,-1427.39,-8.06,-478.04,-2.7,-949.35,-5.36,490.04,2.77,937.35,5.3
20260609,300363.SZ,博腾股份,1.28,13.49,-1440.66,-10.39,-267.82,-1.93,-1172.84,-8.46,-384.73,-2.78,1825.39,13.17
20260609,002461.SZ,珠江啤酒,-2.18,8.97,-1441.0,-11.53,154.65,1.24,-1595.65,-12.77,608.23,4.87,832.77,6.66
20260609,601088.SH,中国神华,-3.51,48.98,-1443.13,-0.77,-3981.74,-2.12,2538.61,1.35,2957.27,1.58,-1514.14,-0.81
20260609,688629.SH,华丰科技,4.18,128.98,-1444.46,-0.83,5523.01,3.17,-6967.47,-3.99,340.56,0.2,1103.91,0.63
20260609,300286.SZ,安科瑞,-2.12,30.05,-1444.49,-4.99,-1350.33,-4.67,-94.16,-0.33,-224.13,-0.77,1668.62,5.77
20260609,601696.SH,中银证券,0.57,10.57,-1447.07,-6.39,-947.71,-4.19,-499.37,-2.21,-1120.29,-4.95,2567.36,11.35
20260609,603876.SH,鼎胜新材,5.73,24.9,-1453.44,-1.81,640.82,0.8,-2094.25,-2.61,5142.63,6.41,-3689.19,-4.6
20260609,603825.SH,ST华扬,-5.03,7.55,-1465.62,-34.29,-2279.81,-53.35,814.19,19.05,617.99,14.46,847.63,19.83
20260609,601607.SH,上海医药,0.56,16.12,-1465.92,-12.51,-263.99,-2.25,-1201.93,-10.26,-630.16,-5.38,2096.08,17.89
20260609,603272.SH,*ST联翔,-5.0,39.35,-1466.02,-26.58,-512.86,-9.3,-953.16,-17.28,408.11,7.4,1057.91,19.18
20260609,000977.SZ,浪潮信息,2.71,59.46,-1466.66,-0.56,-503.5,-0.19,-963.16,-0.37,-4177.96,-1.59,5644.62,2.15
20260609,301275.SZ,汉朔科技,-0.86,41.62,-1467.75,-7.44,96.32,0.49,-1564.07,-7.93,-527.41,-2.67,1995.16,10.11
20260609,002555.SZ,三七互娱,0.59,18.83,-1473.43,-2.62,-941.36,-1.68,-532.07,-0.95,625.86,1.11,847.57,1.51
20260609,301379.SZ,天山电子,0.41,24.28,-1475.67,-2.83,-861.04,-1.65,-614.63,-1.18,-857.93,-1.64,2333.61,4.47
20260609,600130.SH,波导股份,-0.64,4.69,-1480.04,-12.07,-989.87,-8.07,-490.17,-4.0,-154.7,-1.26,1634.75,13.33
20260609,600779.SH,水井坊,-3.6,29.49,-1481.06,-6.9,131.75,0.61,-1612.81,-7.51,-1039.55,-4.84,2520.61,11.74
20260609,688698.SH,伟创电气,-1.18,64.67,-1486.38,-4.68,69.77,0.22,-1556.15,-4.9,521.68,1.64,964.69,3.03
20260609,002294.SZ,信立泰,0.8,31.47,-1488.53,-3.34,-1899.84,-4.26,411.31,0.92,-3566.93,-8.0,5055.46,11.34
20260609,000078.SZ,ST海王,-4.17,1.61,-1490.65,-11.01,-18.88,-0.14,-1471.78,-10.87,203.7,1.51,1286.95,9.51
20260609,688295.SH,中复神鹰,3.43,48.8,-1492.35,-3.64,388.1,0.95,-1880.45,-4.59,272.85,0.67,1219.5,2.98
20260609,300518.SZ,新迅达,7.34,29.09,-1492.88,-5.71,-104.14,-0.4,-1388.74,-5.31,-81.22,-0.31,1574.09,6.02
20260609,002866.SZ,传艺科技,0.39,18.15,-1496.35,-9.41,-888.77,-5.59,-607.58,-3.82,-1116.1,-7.02,2612.45,16.43
20260609,301268.SZ,铭利达,-0.68,16.14,-1502.56,-13.44,-2403.32,-21.5,900.76,8.06,778.9,6.97,723.66,6.47
20260609,688590.SH,新致软件,-2.07,14.7,-1506.56,-6.99,-1209.06,-5.61,-297.5,-1.38,1517.97,7.05,-11.41,-0.05
20260609,601061.SH,中信金属,-1.48,11.34,-1509.87,-8.23,-1774.65,-9.67,264.78,1.44,735.36,4.01,774.51,4.22
20260609,002348.SZ,高乐股份,-1.09,12.76,-1513.44,-4.62,-238.49,-0.73,-1274.96,-3.89,388.06,1.19,1125.39,3.44
20260609,600383.SH,金地集团,-1.97,2.49,-1522.83,-12.15,-1285.1,-10.25,-237.73,-1.9,731.19,5.83,791.64,6.31
20260609,002329.SZ,皇氏集团,0.0,3.36,-1524.0,-8.89,50.73,0.3,-1574.73,-9.19,-368.75,-2.15,1892.75,11.04
20260609,000430.SZ,张家界,-3.9,7.89,-1526.71,-9.35,-246.43,-1.51,-1280.28,-7.84,471.91,2.89,1054.8,6.46
20260609,600855.SH,航天长峰,-0.47,14.71,-1529.07,-11.44,-1216.62,-9.1,-312.45,-2.34,96.94,0.73,1432.13,10.71
20260609,300602.SZ,飞荣达,10.03,42.23,-1530.16,-1.21,1415.62,1.12,-2945.79,-2.33,1983.9,1.57,-453.74,-0.36
20260609,688001.SH,华兴源创,1.75,64.69,-1537.43,-2.02,-887.43,-1.16,-650.0,-0.85,-1029.49,-1.35,2566.91,3.37
20260609,603232.SH,格尔软件,0.06,17.31,-1539.19,-7.31,-691.86,-3.28,-847.32,-4.02,-123.59,-0.59,1662.78,7.89
20260609,002386.SZ,天原股份,0.36,5.54,-1546.62,-16.92,-48.84,-0.53,-1497.78,-16.39,524.79,5.74,1021.84,11.18
20260609,002374.SZ,中锐股份,-4.31,3.33,-1546.79,-9.55,-617.19,-3.81,-929.6,-5.74,1175.15,7.26,371.64,2.3
20260609,000803.SZ,山高环能,-3.23,7.5,-1550.26,-15.28,-531.18,-5.24,-1019.08,-10.05,592.43,5.84,957.83,9.44
20260609,002664.SZ,信质集团,-1.32,18.69,-1551.99,-11.11,-363.08,-2.6,-1188.91,-8.51,1642.06,11.75,-90.07,-0.64
20260609,300956.SZ,英力股份,-3.15,13.23,-1555.9,-6.76,-599.15,-2.6,-956.76,-4.16,489.35,2.13,1066.56,4.64
20260609,000596.SZ,古井贡酒,-0.51,86.01,-1559.05,-6.91,742.73,3.29,-2301.78,-10.21,-2000.22,-8.87,3559.27,15.79
20260609,002437.SZ,誉衡药业,0.37,2.72,-1563.71,-11.51,-831.35,-6.12,-732.37,-5.39,154.92,1.14,1408.8,10.37
20260609,601901.SH,方正证券,0.78,6.44,-1569.39,-6.24,-499.06,-1.98,-1070.33,-4.26,461.42,1.84,1107.97,4.41
20260609,603333.SH,尚纬股份,-1.05,8.46,-1571.55,-11.48,-31.4,-0.23,-1540.15,-11.25,611.76,4.47,959.79,7.01
20260609,605090.SH,九丰能源,-1.08,35.69,-1575.25,-3.93,-2017.99,-5.04,442.74,1.11,-634.49,-1.58,2209.74,5.52
20260609,300003.SZ,乐普医疗,0.17,11.74,-1575.75,-7.03,-1597.04,-7.12,21.29,0.09,1210.14,5.4,365.61,1.63
20260609,002607.SZ,中公教育,0.0,2.08,-1582.43,-6.17,-1186.02,-4.62,-396.42,-1.55,129.44,0.5,1452.99,5.66
20260609,600439.SH,瑞贝卡,-3.5,2.48,-1585.35,-10.27,-281.61,-1.82,-1303.74,-8.44,339.75,2.2,1245.6,8.07
20260609,002881.SZ,美格智能,-0.92,44.3,-1592.13,-3.11,-2404.83,-4.7,812.69,1.59,1223.85,2.39,368.28,0.72
20260609,601136.SH,首创证券,0.59,13.7,-1592.51,-13.89,-504.82,-4.4,-1087.69,-9.49,93.85,0.82,1498.65,13.07
20260609,000975.SZ,山金国际,2.17,20.74,-1597.07,-2.02,1951.25,2.46,-3548.32,-4.48,-4162.03,-5.26,5759.1,7.27
20260609,688100.SH,威胜信息,-1.14,32.01,-1598.16,-12.49,-1693.51,-13.24,95.34,0.75,1086.69,8.5,511.48,4.0
20260609,688091.SH,上海谊众,-0.72,41.18,-1598.54,-10.36,-1270.87,-8.24,-327.67,-2.12,238.59,1.55,1359.95,8.82
20260609,003009.SZ,中天火箭,-2.97,59.13,-1601.5,-2.44,-955.02,-1.46,-646.48,-0.99,-1660.51,-2.53,3262.01,4.97
20260609,300674.SZ,宇信科技,-0.13,15.71,-1601.63,-12.11,-297.95,-2.25,-1303.69,-9.86,784.58,5.93,817.05,6.18
20260609,000697.SZ,炼石航空,-3.36,10.35,-1602.78,-9.68,-697.0,-4.21,-905.79,-5.47,411.69,2.49,1191.1,7.2
20260609,002387.SZ,维信诺,0.69,8.75,-1605.98,-4.09,-284.75,-0.73,-1321.24,-3.37,2815.76,7.18,-1209.77,-3.08
20260609,688210.SH,统联精密,3.59,45.27,-1615.2,-5.95,-1772.16,-6.53,156.96,0.58,1414.87,5.21,200.33,0.74
20260609,301305.SZ,朗坤科技,3.93,28.59,-1620.09,-5.63,-541.09,-1.88,-1079.0,-3.75,-2823.39,-9.81,4443.48,15.45
20260609,600518.SH,康美药业,-2.76,1.41,-1622.79,-5.78,7.38,0.03,-1630.16,-5.8,-522.36,-1.86,2145.15,7.63
20260609,002531.SZ,天顺风能,1.62,9.42,-1624.12,-4.25,-1651.79,-4.32,27.67,0.07,1192.45,3.12,431.67,1.13
20260609,600536.SH,中国软件,0.45,35.72,-1626.94,-5.07,-480.77,-1.5,-1146.16,-3.57,203.07,0.63,1423.86,4.43
20260609,300034.SZ,钢研高纳,0.12,16.96,-1630.91,-7.28,-721.2,-3.22,-909.71,-4.06,362.76,1.62,1268.15,5.66
20260609,600645.SH,中源协和,0.32,18.86,-1631.56,-10.26,-948.4,-5.97,-683.16,-4.3,786.5,4.95,845.06,5.32
20260609,605186.SH,健麾信息,6.31,30.66,-1632.21,-4.91,-195.04,-0.59,-1437.17,-4.33,322.68,0.97,1309.53,3.94
20260609,301179.SZ,泽宇智能,-0.1,20.68,-1632.35,-14.6,-294.65,-2.64,-1337.7,-11.97,-534.15,-4.78,2166.5,19.38
20260609,301368.SZ,丰立智能,-1.37,48.8,-1633.64,-7.73,-681.28,-3.22,-952.36,-4.51,-10.25,-0.05,1643.89,7.78
20260609,605319.SH,无锡振华,-0.71,28.0,-1635.33,-9.41,-1358.69,-7.81,-276.64,-1.59,69.38,0.4,1565.95,9.01
20260609,301667.SZ,纳百川,-2.9,78.65,-1646.96,-9.07,-292.74,-1.61,-1354.21,-7.46,-482.92,-2.66,2129.88,11.73
20260609,000725.SZ,京东方Ａ,3.66,6.52,-1650.92,-0.06,-53076.2,-2.07,51425.28,2.01,27806.05,1.09,-26155.11,-1.02
20260609,300999.SZ,金龙鱼,0.04,25.14,-1653.7,-8.79,-275.25,-1.46,-1378.45,-7.33,230.48,1.23,1423.22,7.57
20260609,300191.SZ,潜能恒信,-8.51,29.34,-1655.89,-3.44,-724.18,-1.5,-931.72,-1.93,-3783.66,-7.85,5439.55,11.29
20260609,688171.SH,纬德信息,-1.73,46.5,-1659.2,-14.79,-929.4,-8.29,-729.8,-6.51,984.37,8.78,674.83,6.02
20260609,002634.SZ,*ST棒杰,-4.81,4.75,-1666.4,-19.87,-606.39,-7.23,-1060.0,-12.64,1048.42,12.5,617.98,7.37
20260609,002284.SZ,亚太股份,0.09,10.97,-1669.31,-14.42,-1118.45,-9.66,-550.86,-4.76,215.64,1.86,1453.67,12.55
20260609,000661.SZ,长春高新,0.12,66.21,-1670.19,-5.2,-2075.28,-6.46,405.09,1.26,-2366.36,-7.36,4036.55,12.56
20260609,600019.SH,宝钢股份,0.53,5.65,-1671.01,-3.55,1555.85,3.31,-3226.86,-6.86,-562.73,-1.2,2233.74,4.75
20260609,300867.SZ,圣元环保,-1.27,20.22,-1671.97,-9.96,-1270.53,-7.57,-401.44,-2.39,1165.53,6.94,506.44,3.02
20260609,600151.SH,航天机电,-1.16,11.95,-1675.45,-3.89,-1149.17,-2.67,-526.27,-1.22,-637.32,-1.48,2312.77,5.36
20260609,600433.SH,冠豪高新,-0.84,3.55,-1675.84,-13.55,-776.03,-6.27,-899.81,-7.27,51.07,0.41,1624.77,13.13
20260609,603222.SH,济民健康,0.12,8.57,-1682.39,-16.23,-1041.04,-10.04,-641.35,-6.19,1976.58,19.07,-294.19,-2.84
20260609,300461.SZ,田中精机,-2.44,45.98,-1689.3,-8.41,-605.33,-3.02,-1083.97,-5.4,-267.6,-1.33,1956.9,9.75
20260609,300682.SZ,朗新科技,-0.99,12.06,-1690.48,-7.74,-1611.88,-7.38,-78.6,-0.36,63.4,0.29,1627.08,7.45
20260609,300404.SZ,博济医药,-1.84,8.53,-1701.09,-17.01,-348.49,-3.48,-1352.6,-13.52,107.73,1.08,1593.36,15.93
20260609,688811.SH,有研复材,0.91,25.56,-1701.53,-6.15,-711.52,-2.57,-990.01,-3.58,-1268.21,-4.59,2969.74,10.74
20260609,002177.SZ,御银股份,-0.16,6.21,-1705.68,-11.51,-693.54,-4.68,-1012.14,-6.83,-67.07,-0.45,1772.75,11.96
20260609,688179.SH,阿拉丁,-0.59,20.18,-1708.03,-6.86,-614.49,-2.47,-1093.54,-4.39,583.92,2.34,1124.11,4.51
20260609,000937.SZ,冀中能源,-3.16,5.52,-1714.5,-10.1,-297.57,-1.75,-1416.93,-8.34,281.36,1.66,1433.14,8.44
20260609,300258.SZ,精锻科技,-2.14,12.82,-1720.64,-6.33,-1981.03,-7.28,260.39,0.96,1225.7,4.51,494.93,1.82
20260609,601519.SH,大智慧,0.23,8.84,-1720.66,-5.97,-1962.25,-6.81,241.59,0.84,332.66,1.15,1387.99,4.81
20260609,603829.SH,洛凯股份,1.6,19.74,-1735.86,-13.32,-744.37,-5.71,-991.49,-7.61,-1360.66,-10.44,3096.52,23.76
20260609,600600.SH,青岛啤酒,-0.91,59.59,-1738.92,-5.96,-51.82,-0.18,-1687.11,-5.78,-1156.21,-3.96,2895.14,9.92
20260609,601222.SH,林洋能源,2.02,6.06,-1739.72,-8.59,-1825.34,-9.01,85.62,0.42,2715.16,13.41,-975.45,-4.82
20260609,603198.SH,迎驾贡酒,-2.67,33.9,-1742.43,-9.44,-376.45,-2.04,-1365.97,-7.4,-1483.12,-8.03,3225.54,17.47
20260609,301160.SZ,翔楼新材,-0.58,44.58,-1747.49,-7.28,-651.29,-2.71,-1096.2,-4.56,358.86,1.49,1388.64,5.78
20260609,301079.SZ,邵阳液压,-4.42,37.59,-1750.78,-5.0,219.17,0.63,-1969.94,-5.62,1374.62,3.93,376.15,1.07
20260609,603885.SH,吉祥航空,3.13,10.53,-1752.72,-7.34,-1096.25,-4.59,-656.48,-2.75,-1372.68,-5.75,3125.41,13.1
20260609,002274.SZ,华昌化工,-3.7,5.2,-1760.55,-16.46,-806.09,-7.54,-954.46,-8.93,130.74,1.22,1629.81,15.24
20260609,000969.SZ,安泰科技,1.57,21.39,-1763.52,-2.31,970.66,1.27,-2734.18,-3.58,-1181.86,-1.55,2945.38,3.85
20260609,600736.SH,苏州高新,-3.94,7.55,-1774.55,-2.5,729.02,1.03,-2503.57,-3.52,1383.8,1.95,390.75,0.55
20260609,002951.SZ,金时科技,-9.96,18.08,-1775.69,-2.59,-381.53,-0.56,-1394.17,-2.04,1431.46,2.09,344.23,0.5
20260609,002444.SZ,巨星科技,1.32,31.47,-1779.63,-3.03,-882.19,-1.5,-897.44,-1.53,197.48,0.34,1582.15,2.7
20260609,600740.SH,山西焦化,-3.57,3.78,-1783.87,-9.42,-1065.03,-5.63,-718.84,-3.8,370.56,1.96,1413.31,7.46
20260609,300290.SZ,荣科科技,-0.72,9.65,-1784.7,-9.78,-1047.22,-5.74,-737.48,-4.04,-633.08,-3.47,2417.78,13.25
20260609,603712.SH,七一二,0.44,13.66,-1788.22,-17.97,-1045.12,-10.5,-743.1,-7.47,501.37,5.04,1286.85,12.93
20260609,002796.SZ,世嘉科技,1.09,41.81,-1789.18,-4.41,-1566.03,-3.86,-223.15,-0.55,723.31,1.78,1065.87,2.63
20260609,603843.SH,*ST正平,-2.02,8.26,-1799.33,-8.94,-488.97,-2.43,-1310.35,-6.51,566.59,2.81,1232.73,6.12
20260609,688028.SH,沃尔德,0.61,110.66,-1805.2,-2.97,-2651.9,-4.36,846.7,1.39,-1128.71,-1.86,2933.91,4.83
20260609,600372.SH,中航机载,-0.28,10.81,-1810.36,-6.31,-1271.77,-4.43,-538.59,-1.88,1178.28,4.1,632.08,2.2
20260609,002581.SZ,*ST未名,-4.96,3.83,-1811.28,-37.37,-1029.55,-21.24,-781.74,-16.13,814.46,16.8,996.82,20.57
20260609,600072.SH,中船科技,0.0,9.92,-1813.06,-9.79,-1251.46,-6.75,-561.6,-3.03,732.18,3.95,1080.88,5.83
20260609,603608.SH,天创时尚,0.56,21.47,-1814.2,-2.69,-98.95,-0.15,-1715.25,-2.55,-77.54,-0.12,1891.74,2.81
20260609,600582.SH,天地科技,-0.9,5.51,-1815.14,-13.62,-667.32,-5.01,-1147.82,-8.61,1367.9,10.27,447.24,3.36
20260609,688318.SH,财富趋势,-0.26,79.68,-1815.44,-4.56,-1133.39,-2.85,-682.05,-1.71,1426.48,3.58,388.96,0.98
20260609,600132.SH,重庆啤酒,-2.78,48.7,-1820.62,-7.05,-725.57,-2.81,-1095.05,-4.24,1231.33,4.77,589.29,2.28
20260609,688109.SH,品茗科技,-5.56,82.9,-1829.0,-8.08,-1225.58,-5.41,-603.41,-2.67,1730.85,7.65,98.15,0.43
20260609,002402.SZ,和而泰,2.61,24.8,-1829.24,-2.87,1410.34,2.21,-3239.58,-5.08,-5418.24,-8.5,7247.48,11.37
20260609,688107.SH,安路科技,4.75,40.6,-1834.47,-3.56,-487.07,-0.94,-1347.4,-2.61,-1124.16,-2.18,2958.63,5.74
20260609,600644.SH,乐山电力,-0.81,10.99,-1840.2,-9.95,-635.44,-3.44,-1204.76,-6.51,-481.29,-2.6,2321.49,12.55
20260609,688325.SH,赛微微电,6.72,150.79,-1844.02,-2.96,-1059.41,-1.7,-784.62,-1.26,-1416.4,-2.27,3260.42,5.23
20260609,000990.SZ,诚志股份,-1.65,8.92,-1845.2,-7.14,-448.52,-1.74,-1396.68,-5.4,-2864.93,-11.09,4710.12,18.22
20260609,601336.SH,新华保险,0.79,55.87,-1850.05,-2.04,-1248.85,-1.38,-601.2,-0.66,-3230.02,-3.57,5080.07,5.61
20260609,600529.SH,山东药玻,-1.89,18.71,-1857.26,-9.31,108.25,0.54,-1965.52,-9.86,1815.23,9.1,42.03,0.21
20260609,300855.SZ,图南股份,-2.1,32.11,-1861.32,-6.95,131.99,0.49,-1993.31,-7.45,-1497.46,-5.59,3358.78,12.55
20260609,002135.SZ,东南网架,-1.71,6.9,-1865.15,-13.67,-371.47,-2.72,-1493.68,-10.95,1217.28,8.92,647.88,4.75
20260609,603407.SH,长裕集团,-0.7,51.0,-1865.44,-10.87,-689.04,-4.02,-1176.4,-6.86,-2038.78,-11.88,3904.22,22.75
20260609,688181.SH,八亿时空,6.74,40.7,-1879.08,-5.03,-747.8,-2.0,-1131.28,-3.03,-851.21,-2.28,2730.28,7.3
20260609,601566.SH,九牧王,-1.74,10.73,-1879.1,-14.86,-1094.05,-8.65,-785.05,-6.21,-367.4,-2.9,2246.5,17.76
20260609,002312.SZ,川发龙蟒,0.6,8.32,-1883.54,-11.29,-656.03,-3.93,-1227.51,-7.36,-298.09,-1.79,2181.63,13.08
20260609,002620.SZ,*ST瑞和,-3.34,6.07,-1888.45,-16.63,-994.47,-8.76,-893.97,-7.87,542.5,4.78,1345.95,11.85
20260609,300967.SZ,晓鸣股份,-5.1,17.32,-1889.68,-7.25,-1189.77,-4.56,-699.91,-2.69,300.54,1.15,1589.15,6.1
20260609,603956.SH,威派格,-3.21,4.82,-1891.39,-19.11,-728.98,-7.37,-1162.41,-11.75,-211.66,-2.14,2103.05,21.25
20260609,001283.SZ,豪鹏科技,0.28,49.99,-1894.53,-7.41,-964.14,-3.77,-930.39,-3.64,387.03,1.51,1507.5,5.9
20260609,301285.SZ,鸿日达,0.93,108.0,-1901.91,-6.92,-2185.02,-7.95,283.11,1.03,983.23,3.58,918.69,3.34
20260609,002180.SZ,奔图科技,-4.21,15.23,-1903.56,-6.78,-188.33,-0.67,-1715.22,-6.11,3507.08,12.48,-1603.53,-5.71
20260609,300420.SZ,五洋自控,-2.83,6.18,-1910.92,-1.79,-5453.05,-5.12,3542.12,3.32,1147.44,1.08,763.48,0.72
20260609,002351.SZ,漫步者,-2.35,10.38,-1916.45,-18.81,-470.78,-4.62,-1445.68,-14.19,856.33,8.41,1060.12,10.41
20260609,002708.SZ,光洋股份,-2.58,14.7,-1921.58,-2.97,-42.98,-0.07,-1878.6,-2.9,744.42,1.15,1177.15,1.82
20260609,001257.SZ,盛龙股份,-0.39,23.24,-1924.74,-5.14,-733.74,-1.96,-1191.01,-3.18,624.62,1.67,1300.13,3.47
20260609,000997.SZ,新 大 陆,0.61,18.12,-1932.36,-6.22,-1733.35,-5.58,-199.01,-0.64,-5.6,-0.02,1937.96,6.23
20260609,300651.SZ,金陵体育,-3.79,22.82,-1936.7,-7.54,86.88,0.34,-2023.58,-7.88,-203.52,-0.79,2140.22,8.33
20260609,300565.SZ,科信技术,0.17,12.06,-1941.25,-12.12,-240.85,-1.5,-1700.4,-10.61,605.1,3.78,1336.15,8.34
20260609,600395.SH,盘江股份,-3.0,5.83,-1942.59,-7.79,-888.63,-3.56,-1053.96,-4.22,-353.98,-1.42,2296.57,9.21
20260609,000426.SZ,兴业银锡,3.05,36.13,-1943.41,-0.99,-691.09,-0.35,-1252.32,-0.64,-7111.73,-3.61,9055.14,4.59
20260609,600382.SH,广东明珠,-3.67,8.39,-1948.21,-5.49,-363.05,-1.02,-1585.16,-4.46,1249.56,3.52,698.65,1.97
20260609,000736.SZ,中交地产,-4.41,4.34,-1949.96,-20.48,-293.66,-3.08,-1656.29,-17.39,653.61,6.86,1296.35,13.61
20260609,301306.SZ,西测测试,2.08,129.08,-1953.68,-5.11,-773.57,-2.03,-1180.11,-3.09,-115.38,-0.3,2069.05,5.42
20260609,300162.SZ,雷曼光电,1.39,10.97,-1954.24,-2.48,1795.33,2.28,-3749.57,-4.76,-4034.0,-5.12,5988.23,7.6
20260609,688707.SH,振华新材,-1.56,14.47,-1961.19,-7.04,-1333.01,-4.79,-628.18,-2.26,1756.01,6.31,205.19,0.74
20260609,600389.SH,江山股份,-2.5,22.62,-1963.06,-9.42,-1387.0,-6.65,-576.06,-2.76,135.53,0.65,1827.52,8.77
20260609,300930.SZ,屹通新材,-4.19,36.36,-1965.34,-7.11,-311.46,-1.13,-1653.88,-5.98,1130.27,4.09,835.07,3.02
20260609,300774.SZ,倍杰特,4.72,12.64,-1965.95,-11.2,-618.92,-3.53,-1347.03,-7.68,-747.18,-4.26,2713.13,15.46
20260609,002221.SZ,东华能源,-3.49,6.09,-1982.36,-16.29,-388.1,-3.19,-1594.26,-13.1,556.63,4.57,1425.73,11.72
20260609,603135.SH,中重科技,2.4,15.8,-1990.93,-1.63,250.29,0.2,-2241.22,-1.84,198.07,0.16,1792.87,1.47
20260609,002007.SZ,华兰生物,0.0,13.19,-1993.81,-17.4,-1923.09,-16.78,-70.72,-0.62,1352.38,11.8,641.43,5.6
20260609,000682.SZ,东方电子,0.0,12.23,-2008.89,-6.41,610.1,1.95,-2618.98,-8.35,676.38,2.16,1332.51,4.25
20260609,605566.SH,福莱蒽特,-1.09,42.5,-2013.66,-7.71,-158.41,-0.61,-1855.25,-7.11,1085.68,4.16,927.98,3.55
20260609,600127.SH,金健米业,-2.87,5.76,-2019.77,-24.81,-699.43,-8.59,-1320.34,-16.22,119.55,1.47,1900.21,23.34
20260609,002395.SZ,双象股份,-2.06,14.25,-2019.9,-13.09,-614.13,-3.98,-1405.78,-9.11,871.4,5.65,1148.5,7.44
20260609,002847.SZ,盐津铺子,-5.11,54.26,-2026.39,-8.72,-858.36,-3.69,-1168.03,-5.02,1523.84,6.55,502.55,2.16
20260609,000967.SZ,盈峰环境,0.39,10.21,-2026.62,-2.78,1245.99,1.71,-3272.61,-4.48,430.2,0.59,1596.42,2.19
20260609,300269.SZ,联建光电,0.0,5.15,-2027.31,-18.89,-590.14,-5.5,-1437.17,-13.39,595.65,5.55,1431.65,13.34
20260609,688597.SH,煜邦电力,-7.59,8.77,-2028.13,-11.31,-635.42,-3.54,-1392.7,-7.77,21.36,0.12,2006.77,11.19
20260609,002545.SZ,东方铁塔,-0.6,19.84,-2028.32,-6.68,-725.75,-2.39,-1302.57,-4.29,-1273.83,-4.19,3302.15,10.87
20260609,301683.SZ,慧谷新材,0.67,133.29,-2037.44,-9.3,-205.02,-0.94,-1832.41,-8.36,37.2,0.17,2000.23,9.13
20260609,002783.SZ,凯龙股份,-3.31,7.6,-2050.49,-14.52,-311.62,-2.21,-1738.87,-12.31,1358.15,9.61,692.34,4.9
20260609,600737.SH,中粮糖业,-0.88,13.48,-2054.54,-6.15,287.87,0.86,-2342.41,-7.02,346.8,1.04,1707.74,5.11
20260609,002171.SZ,楚江新材,1.51,13.44,-2056.88,-1.07,-2815.04,-1.46,758.16,0.39,2499.06,1.3,-442.18,-0.23
20260609,600016.SH,民生银行,-0.28,3.54,-2056.9,-2.53,6586.56,8.09,-8643.46,-10.62,943.59,1.16,1113.31,1.37
20260609,300599.SZ,雄塑科技,9.67,13.49,-2065.8,-7.3,229.47,0.81,-2295.27,-8.11,-1036.82,-3.66,3102.61,10.96
20260609,603703.SH,盛洋科技,-1.14,12.09,-2066.52,-9.5,-731.4,-3.36,-1335.12,-6.14,-768.8,-3.53,2835.32,13.04
20260609,603733.SH,仙鹤股份,4.12,27.06,-2068.36,-4.58,-1159.15,-2.56,-909.21,-2.01,3485.36,7.71,-1417.0,-3.14
20260609,000720.SZ,新能泰山,-2.1,4.66,-2078.63,-5.7,-1155.43,-3.17,-923.2,-2.53,-1094.23,-3.0,3172.86,8.71
20260609,603466.SH,风语筑,0.99,12.24,-2084.43,-2.16,-1421.1,-1.47,-663.33,-0.69,-1691.55,-1.75,3775.98,3.91
20260609,603605.SH,珀莱雅,-2.45,64.9,-2089.15,-5.02,-1045.18,-2.51,-1043.97,-2.51,2423.57,5.82,-334.42,-0.8
20260609,600888.SH,新疆众和,-0.48,10.38,-2090.65,-3.51,-2133.62,-3.58,42.97,0.07,-853.85,-1.43,2944.49,4.95
20260609,600066.SH,宇通客车,-1.35,30.06,-2090.76,-4.14,-163.75,-0.32,-1927.01,-3.81,-237.7,-0.47,2328.46,4.61
20260609,688609.SH,九联科技,0.71,11.41,-2094.9,-5.81,-832.16,-2.31,-1262.74,-3.5,-336.6,-0.93,2431.5,6.74
20260609,600573.SH,惠泉啤酒,-5.44,11.83,-2095.79,-8.83,-1459.72,-6.15,-636.07,-2.68,901.73,3.8,1194.05,5.03
20260609,601456.SH,国联民生,-0.12,8.6,-2099.42,-14.74,-252.85,-1.78,-1846.56,-12.97,2927.72,20.56,-828.3,-5.82
20260609,002356.SZ,赫美集团,-3.76,3.07,-2100.26,-21.89,-1299.7,-13.55,-800.56,-8.34,726.23,7.57,1374.03,14.32
20260609,601128.SH,DR常熟银,1.75,6.4,-2100.68,-5.32,-1868.54,-4.73,-232.14,-0.59,1449.35,3.67,651.34,1.65
20260609,688006.SH,杭可科技,12.5,35.1,-2101.8,-1.76,-1821.77,-1.53,-280.04,-0.24,2057.5,1.73,44.3,0.04
20260609,603887.SH,城地香江,-1.45,10.9,-2106.54,-15.68,-1106.93,-8.24,-999.61,-7.44,686.11,5.11,1420.43,10.57
20260609,301577.SZ,美信科技,-0.19,96.86,-2108.3,-7.01,238.98,0.79,-2347.27,-7.81,-2932.95,-9.75,5041.25,16.76
20260609,600905.SH,三峡能源,0.24,4.13,-2109.7,-3.72,-1962.62,-3.46,-147.08,-0.26,2542.49,4.48,-432.79,-0.76
20260609,603533.SH,掌阅科技,-2.37,21.45,-2111.28,-4.42,-1511.32,-3.17,-599.96,-1.26,1104.73,2.31,1006.56,2.11
20260609,002987.SZ,京北方,-3.45,12.05,-2114.04,-5.61,-1039.81,-2.76,-1074.23,-2.85,2516.57,6.67,-402.53,-1.07
20260609,300068.SZ,ST南都,-2.33,4.2,-2116.9,-11.75,-842.82,-4.68,-1274.08,-7.07,482.81,2.68,1634.09,9.07
20260609,601633.SH,长城汽车,0.98,16.57,-2126.47,-7.82,-570.52,-2.1,-1555.95,-5.73,1765.38,6.5,361.09,1.33
20260609,300632.SZ,光莆股份,1.94,27.3,-2127.4,-3.07,-328.83,-0.47,-1798.57,-2.59,73.5,0.11,2053.9,2.96
20260609,000025.SZ,特  力Ａ,-1.52,14.22,-2132.74,-23.19,-2848.79,-30.97,716.05,7.79,1035.57,11.26,1097.16,11.93
20260609,601678.SH,滨化股份,-1.34,5.14,-2133.53,-5.33,76.87,0.19,-2210.4,-5.52,-238.75,-0.6,2372.28,5.92
20260609,000422.SZ,湖北宜化,-0.39,12.77,-2133.65,-7.3,-813.78,-2.79,-1319.87,-4.52,-140.29,-0.48,2273.94,7.78
20260609,300699.SZ,光威复材,1.88,28.2,-2135.7,-4.62,-1329.36,-2.88,-806.35,-1.74,-292.14,-0.63,2427.84,5.25
20260609,301012.SZ,扬电科技,-0.04,28.24,-2136.72,-8.91,-962.53,-4.01,-1174.19,-4.9,-290.75,-1.21,2427.47,10.12
20260609,002875.SZ,安奈儿,-2.68,17.1,-2143.65,-16.22,-760.7,-5.75,-1382.95,-10.46,731.5,5.53,1412.14,10.68
20260609,603191.SH,望变电气,-0.54,16.69,-2150.05,-12.83,-1140.53,-6.81,-1009.52,-6.03,619.22,3.7,1530.84,9.14
20260609,301042.SZ,安联锐视,6.96,111.98,-2151.11,-9.34,597.61,2.59,-2748.73,-11.93,472.55,2.05,1678.57,7.28
20260609,300334.SZ,津膜科技,4.12,10.35,-2153.68,-4.79,-107.31,-0.24,-2046.37,-4.55,1575.88,3.51,577.79,1.29
20260609,002527.SZ,新时达,-0.8,16.16,-2162.97,-2.41,-854.66,-0.95,-1308.31,-1.46,-1994.43,-2.22,4157.4,4.63
20260609,688506.SH,百利天恒,2.11,208.9,-2163.64,-5.23,-1481.64,-3.58,-681.99,-1.65,2470.36,5.97,-306.73,-0.74
20260609,600992.SH,贵绳股份,-5.99,10.82,-2168.56,-14.77,-502.81,-3.43,-1665.75,-11.35,-159.31,-1.09,2327.87,15.86
20260609,001237.SZ,惠康科技,-1.36,61.45,-2168.8,-9.45,-345.2,-1.5,-1823.6,-7.94,-1724.53,-7.51,3893.33,16.96
20260609,605598.SH,上海港湾,-1.1,38.5,-2173.95,-14.88,-300.95,-2.06,-1873.0,-12.82,-895.01,-6.13,3068.96,21.01
20260609,002886.SZ,沃特股份,4.05,27.98,-2174.99,-4.67,-1062.01,-2.28,-1112.98,-2.39,-717.8,-1.54,2892.79,6.21
20260609,000723.SZ,美锦能源,-2.13,4.13,-2180.47,-7.81,402.27,1.44,-2582.75,-9.25,-1035.18,-3.71,3215.65,11.52
20260609,002223.SZ,鱼跃医疗,-1.07,25.03,-2180.77,-8.88,-880.78,-3.59,-1299.99,-5.29,1946.02,7.92,234.75,0.96
20260609,002055.SZ,ST得润,0.0,6.28,-2183.5,-12.59,-2317.89,-13.37,134.39,0.78,1395.36,8.05,788.14,4.55
20260609,600884.SH,杉杉股份,2.45,13.4,-2197.76,-2.93,1019.4,1.36,-3217.16,-4.29,-1373.29,-1.83,3571.05,4.76
20260609,000582.SZ,北部湾港,-0.66,12.02,-2202.39,-3.34,-2163.89,-3.28,-38.5,-0.06,318.93,0.48,1883.46,2.86
20260609,002033.SZ,丽江股份,-2.2,8.44,-2206.33,-15.0,-1482.52,-10.08,-723.81,-4.92,1793.16,12.19,413.18,2.81
20260609,000056.SZ,*ST皇庭,-5.21,1.82,-2226.37,-15.15,-1509.81,-10.27,-716.56,-4.88,1217.24,8.28,1009.13,6.87
20260609,603985.SH,恒润股份,-0.89,22.23,-2242.27,-7.63,-609.84,-2.08,-1632.43,-5.56,-288.07,-0.98,2530.34,8.61
20260609,300383.SZ,光环新网,0.72,12.6,-2257.74,-3.67,-35.74,-0.06,-2222.0,-3.61,783.71,1.27,1474.03,2.39
20260609,601777.SH,千里科技,-1.85,9.54,-2258.31,-5.51,-1696.68,-4.14,-561.63,-1.37,2370.69,5.79,-112.37,-0.27
20260609,600391.SH,航发科技,0.86,31.5,-2273.43,-9.25,-957.47,-3.9,-1315.96,-5.36,-516.57,-2.1,2790.0,11.36
20260609,002182.SZ,宝武镁业,0.3,13.17,-2274.1,-8.11,-4042.85,-14.43,1768.75,6.31,-197.95,-0.71,2472.05,8.82
20260609,002027.SZ,分众传媒,1.32,5.36,-2282.04,-3.52,-1944.57,-3.0,-337.47,-0.52,-417.32,-0.64,2699.36,4.16
20260609,300277.SZ,汽轮科技,1.53,14.64,-2282.23,-8.43,-1296.95,-4.79,-985.28,-3.64,-1223.43,-4.52,3505.66,12.95
20260609,300065.SZ,海兰信,0.63,19.09,-2282.33,-4.48,-612.04,-1.2,-1670.3,-3.28,-1002.04,-1.97,3284.37,6.45
20260609,600979.SH,广安爱众,0.21,4.85,-2285.73,-8.48,-899.18,-3.34,-1386.55,-5.15,-1189.5,-4.41,3475.22,12.9
20260609,000890.SZ,法尔胜,-0.2,9.99,-2289.49,-7.88,-98.15,-0.34,-2191.34,-7.54,-2362.58,-8.13,4652.07,16.01
20260609,600567.SH,山鹰国际,-2.29,1.28,-2297.23,-16.53,-3032.54,-21.82,735.31,5.29,1156.44,8.32,1140.79,8.21
20260609,301282.SZ,金禄电子,-0.83,32.2,-2303.2,-2.95,-1908.75,-2.44,-394.45,-0.5,626.61,0.8,1676.59,2.14
20260609,300276.SZ,三丰智能,-1.3,8.38,-2317.85,-3.49,-874.35,-1.32,-1443.5,-2.18,-444.59,-0.67,2762.44,4.16
20260609,688388.SH,嘉元科技,12.68,48.96,-2321.86,-1.08,6104.36,2.84,-8426.22,-3.92,-5251.59,-2.45,7573.45,3.53
20260609,688813.SH,泰金新能,-0.46,157.48,-2321.99,-3.96,1412.43,2.41,-3734.42,-6.37,164.32,0.28,2157.67,3.68
20260609,600303.SH,曙光股份,-0.29,3.41,-2322.41,-11.3,-825.64,-4.02,-1496.77,-7.28,-686.87,-3.34,3009.28,14.64
20260609,002606.SZ,大连电瓷,4.79,13.77,-2327.4,-4.78,-1184.14,-2.43,-1143.27,-2.35,1002.87,2.06,1324.53,2.72
20260609,688508.SH,XD芯朋微,11.65,87.03,-2330.61,-3.28,259.26,0.36,-2589.87,-3.65,-3827.2,-5.39,6157.81,8.67
20260609,301107.SZ,瑜欣电子,-1.15,23.28,-2331.33,-10.01,-868.59,-3.73,-1462.74,-6.28,-1040.41,-4.47,3371.74,14.48
20260609,600482.SH,中国动力,0.59,35.71,-2341.73,-2.07,-5167.26,-4.58,2825.53,2.5,-3273.33,-2.9,5615.06,4.97
20260609,301392.SZ,汇成真空,2.94,162.2,-2343.89,-3.85,743.27,1.22,-3087.16,-5.07,-39.57,-0.07,2383.46,3.92
20260609,301307.SZ,美利信,5.7,61.34,-2351.13,-3.95,-4530.19,-7.62,2179.06,3.66,3564.25,5.99,-1213.12,-2.04
20260609,688125.SH,安达智能,-0.98,180.1,-2353.93,-16.31,-1140.39,-7.9,-1213.53,-8.41,1956.43,13.56,397.5,2.75
20260609,688025.SH,杰普特,5.15,367.08,-2354.43,-2.13,1604.0,1.45,-3958.43,-3.58,2897.47,2.62,-543.04,-0.49
20260609,300120.SZ,经纬辉开,-1.87,8.92,-2355.48,-4.18,-2292.07,-4.06,-63.4,-0.11,1399.82,2.48,955.65,1.69
20260609,000403.SZ,派林生物,-3.5,11.84,-2362.05,-15.68,-2081.78,-13.82,-280.27,-1.86,774.29,5.14,1587.76,10.54
20260609,603301.SH,振德医疗,3.33,81.61,-2362.97,-8.33,27.38,0.1,-2390.35,-8.43,1704.94,6.01,658.03,2.32
20260609,603216.SH,梦天家居,-5.08,23.0,-2363.73,-21.14,-2087.25,-18.67,-276.48,-2.47,128.25,1.15,2235.48,20.0
20260609,000543.SZ,皖能电力,0.11,8.71,-2363.86,-6.22,-75.95,-0.2,-2287.91,-6.02,87.43,0.23,2276.43,5.99
20260609,003022.SZ,联泓新科,5.31,23.98,-2365.84,-3.67,128.05,0.2,-2493.89,-3.87,-2589.13,-4.02,4954.97,7.69
20260609,300435.SZ,中泰股份,0.06,17.14,-2379.78,-18.81,-608.37,-4.81,-1771.41,-14.0,-920.56,-7.28,3300.34,26.09
20260609,301238.SZ,瑞泰新材,4.54,22.35,-2383.36,-5.22,-1983.14,-4.35,-400.22,-0.88,313.11,0.69,2070.25,4.54
20260609,003021.SZ,兆威机电,-1.03,106.87,-2383.45,-3.2,-4125.51,-5.54,1742.07,2.34,3303.28,4.43,-919.84,-1.23
20260609,688401.SH,路维光电,5.55,72.25,-2385.09,-5.4,-3008.46,-6.82,623.37,1.41,-1831.73,-4.15,4216.82,9.55
20260609,300890.SZ,翔丰华,2.49,33.75,-2390.48,-10.57,-874.81,-3.87,-1515.67,-6.7,84.41,0.37,2306.07,10.2
20260609,688231.SH,隆达股份,0.22,41.27,-2392.14,-16.22,-1014.34,-6.88,-1377.8,-9.34,610.01,4.14,1782.13,12.09
20260609,002797.SZ,第一创业,0.31,6.37,-2397.02,-7.67,-1711.95,-5.48,-685.07,-2.19,1381.5,4.42,1015.53,3.25
20260609,001208.SZ,华菱线缆,1.93,15.83,-2400.5,-11.63,-1470.01,-7.12,-930.5,-4.51,-896.55,-4.34,3297.06,15.97
20260609,300292.SZ,吴通控股,-0.84,5.91,-2403.14,-3.01,-2281.61,-2.86,-121.53,-0.15,1679.4,2.11,723.74,0.91
20260609,002079.SZ,苏州固锝,4.01,11.93,-2405.93,-5.07,-1170.53,-2.47,-1235.4,-2.6,272.13,0.57,2133.8,4.49
20260609,688090.SH,瑞松科技,2.6,107.52,-2410.69,-3.62,-2726.75,-4.1,316.06,0.47,-3338.15,-5.02,5748.84,8.64
20260609,301072.SZ,中捷精工,8.52,33.63,-2411.77,-6.56,-1813.96,-4.93,-597.81,-1.63,996.37,2.71,1415.41,3.85
20260609,300053.SZ,航宇微,-0.18,16.93,-2413.17,-5.15,-1525.13,-3.26,-888.04,-1.9,1316.34,2.81,1096.83,2.34
20260609,002413.SZ,雷科防务,-0.49,10.22,-2414.23,-4.51,-208.68,-0.39,-2205.54,-4.12,-3248.45,-6.06,5662.67,10.57
20260609,000958.SZ,电投产融,-1.55,5.72,-2419.89,-7.59,-2224.82,-6.98,-195.07,-0.61,1178.67,3.7,1241.22,3.89
20260609,603236.SH,移远通信,-0.26,58.15,-2424.13,-2.59,-7707.09,-8.24,5282.96,5.65,2894.95,3.1,-470.81,-0.5
20260609,300055.SZ,万邦达,1.03,7.82,-2431.74,-14.37,-585.08,-3.46,-1846.67,-10.91,-591.36,-3.49,3023.1,17.86
20260609,605299.SH,舒华体育,0.13,15.81,-2432.49,-9.97,-1127.4,-4.62,-1305.09,-5.35,-2924.95,-11.99,5357.43,21.96
20260609,000949.SZ,新乡化纤,-0.76,6.52,-2438.4,-8.97,-715.42,-2.63,-1722.99,-6.34,-2582.06,-9.5,5020.46,18.47
20260609,603416.SH,信捷电气,-0.6,58.45,-2445.95,-8.81,-3345.13,-12.05,899.18,3.24,1287.19,4.64,1158.76,4.17
20260609,300188.SZ,国投智能,-2.55,10.68,-2452.61,-18.45,-1367.44,-10.29,-1085.17,-8.16,1651.99,12.43,800.63,6.02
20260609,301031.SZ,中熔电气,12.8,123.4,-2458.92,-2.38,-1588.89,-1.53,-870.04,-0.84,-3069.38,-2.96,5528.3,5.34
20260609,300197.SZ,节能铁汉,-2.65,2.94,-2461.52,-1.8,0.0,0.0,-2461.52,-1.8,5780.41,4.23,-3318.89,-2.43
20260609,600152.SH,维科技术,-0.18,10.92,-2469.06,-8.29,-2292.17,-7.69,-176.89,-0.59,-474.6,-1.59,2943.66,9.88
20260609,688499.SH,利元亨,-0.36,46.88,-2474.93,-9.58,-1082.54,-4.19,-1392.39,-5.39,877.57,3.4,1597.35,6.18
20260609,603009.SH,北特科技,-3.08,48.1,-2478.61,-4.43,-4049.05,-7.24,1570.45,2.81,1798.65,3.22,679.96,1.22
20260609,688213.SH,思特威-W,3.48,90.8,-2483.42,-2.56,-1600.84,-1.65,-882.58,-0.91,1104.46,1.14,1378.96,1.42
20260609,688328.SH,深科达,4.02,65.76,-2485.44,-7.6,-1843.05,-5.64,-642.39,-1.96,-653.8,-2.0,3139.24,9.6
20260609,600595.SH,中孚实业,-0.62,6.46,-2497.18,-5.05,-1375.49,-2.78,-1121.68,-2.27,-2682.92,-5.43,5180.1,10.48
20260609,600316.SH,洪都航空,-1.2,27.12,-2507.54,-13.0,-2694.61,-13.97,187.07,0.97,-181.26,-0.94,2688.8,13.94
20260609,300051.SZ,琏升科技,0.58,10.33,-2508.3,-17.09,-377.67,-2.57,-2130.63,-14.52,-282.02,-1.92,2790.32,19.01
20260609,000411.SZ,英特集团,-9.83,9.81,-2508.73,-10.97,-4292.57,-18.76,1783.84,7.8,4463.59,19.51,-1954.86,-8.54
20260609,600399.SH,抚顺特钢,-1.6,4.3,-2515.4,-13.09,-1524.36,-7.93,-991.04,-5.16,-5.68,-0.03,2521.08,13.12
20260609,601808.SH,中海油服,-2.03,12.55,-2520.36,-11.19,-1430.8,-6.35,-1089.56,-4.84,-107.32,-0.48,2627.68,11.66
20260609,300212.SZ,*ST易录,-2.58,11.33,-2528.91,-6.59,-547.33,-1.43,-1981.58,-5.16,-257.25,-0.67,2786.16,7.26
20260609,300444.SZ,双杰电气,0.93,13.05,-2541.37,-7.07,-2213.02,-6.16,-328.35,-0.91,1100.52,3.06,1440.85,4.01
20260609,300427.SZ,红相股份,1.54,7.23,-2548.45,-9.13,-423.98,-1.52,-2124.46,-7.62,121.76,0.44,2426.69,8.7
20260609,300376.SZ,易事特,1.01,6.0,-2563.93,-3.12,-3878.71,-4.72,1314.77,1.6,5190.18,6.32,-2626.25,-3.2
20260609,002436.SZ,兴森科技,3.11,38.15,-2567.02,-0.52,-2783.08,-0.56,216.05,0.04,2579.81,0.52,-12.78,0.0
20260609,002714.SZ,牧原股份,0.23,34.23,-2586.85,-2.35,1582.14,1.44,-4168.99,-3.79,-3020.31,-2.75,5607.16,5.1
20260609,600400.SH,红豆股份,-1.5,2.63,-2610.19,-19.91,-1859.71,-14.18,-750.48,-5.72,-24.93,-0.19,2635.12,20.1
20260609,600995.SH,南网储能,-0.5,13.85,-2612.75,-5.94,-1125.18,-2.56,-1487.57,-3.38,200.58,0.46,2412.17,5.48
20260609,002823.SZ,凯中精密,-3.71,17.63,-2614.45,-5.59,-173.07,-0.37,-2441.38,-5.22,175.59,0.38,2438.86,5.22
20260609,300586.SZ,美联新材,7.98,12.18,-2630.29,-3.12,4064.62,4.83,-6694.91,-7.95,-814.3,-0.97,3444.59,4.09
20260609,600971.SH,恒源煤电,-2.08,8.02,-2635.05,-14.54,-703.68,-3.88,-1931.37,-10.66,-213.62,-1.18,2848.66,15.72
20260609,001393.SZ,维通利,-1.45,60.68,-2635.95,-9.41,40.19,0.14,-2676.14,-9.55,-2061.86,-7.36,4697.82,16.77
20260609,600056.SH,中国医药,-1.81,9.21,-2640.45,-22.83,-2177.93,-18.83,-462.52,-4.0,1173.83,10.15,1466.61,12.68
20260609,603806.SH,福斯特,2.12,16.35,-2641.29,-3.25,-956.57,-1.18,-1684.72,-2.07,3750.0,4.61,-1108.71,-1.36
20260609,300943.SZ,春晖智控,-1.33,34.78,-2653.54,-10.94,-50.99,-0.21,-2602.55,-10.73,-1894.11,-7.81,4547.64,18.75
20260609,002824.SZ,和胜股份,1.37,25.91,-2664.07,-4.13,-1893.11,-2.94,-770.96,-1.2,997.93,1.55,1666.14,2.59
20260609,688802.SH,沐曦股份-U,0.28,704.98,-2675.15,-2.23,-5645.41,-4.72,2970.26,2.48,2796.84,2.34,-121.68,-0.1
20260609,603007.SH,顺景科技,-1.06,5.59,-2679.86,-13.97,-749.08,-3.9,-1930.78,-10.06,-219.41,-1.14,2899.26,15.11
20260609,600763.SH,通策医疗,-1.06,33.47,-2688.97,-13.4,-1937.11,-9.65,-751.86,-3.75,-59.37,-0.3,2748.34,13.7
20260609,600685.SH,中船防务,-0.85,25.71,-2691.88,-11.04,-1106.12,-4.54,-1585.77,-6.5,-27.27,-0.11,2719.15,11.15
20260609,603919.SH,金徽酒,-5.16,17.83,-2693.09,-10.39,-898.77,-3.47,-1794.32,-6.93,-98.8,-0.38,2791.89,10.78
20260609,601877.SH,正泰电器,3.98,26.66,-2696.74,-3.25,-1039.08,-1.25,-1657.66,-2.0,4264.08,5.14,-1567.34,-1.89
20260609,002015.SZ,协鑫能科,2.19,20.53,-2698.31,-1.04,-6911.21,-2.66,4212.91,1.62,-3602.84,-1.39,6301.15,2.43
20260609,601101.SH,昊华能源,1.34,13.66,-2709.22,-3.4,-3237.6,-4.06,528.38,0.66,-1058.84,-1.33,3768.06,4.73
20260609,600583.SH,海油工程,-4.55,5.45,-2713.62,-8.49,-2590.73,-8.11,-122.89,-0.38,756.81,2.37,1956.81,6.12
20260609,300765.SZ,新诺威,1.19,23.88,-2716.41,-9.31,-1323.14,-4.53,-1393.27,-4.77,-315.43,-1.08,3031.84,10.39
20260609,603444.SH,吉比特,0.03,324.51,-2721.25,-8.06,-97.52,-0.29,-2623.73,-7.77,222.7,0.66,2498.54,7.4
20260609,603016.SH,新宏泰,-3.38,37.19,-2721.85,-17.04,-663.52,-4.15,-2058.33,-12.89,-1046.42,-6.55,3768.27,23.59
20260609,603158.SH,腾龙股份,-1.86,15.3,-2726.73,-6.28,-1347.65,-3.1,-1379.08,-3.17,1717.65,3.95,1009.08,2.32
20260609,600438.SH,通威股份,2.17,13.17,-2727.24,-4.51,248.96,0.41,-2976.21,-4.92,-1033.02,-1.71,3760.26,6.22
20260609,600803.SH,新奥股份,-3.54,18.28,-2728.08,-14.67,-1541.81,-8.29,-1186.27,-6.38,637.01,3.43,2091.07,11.24
20260609,300347.SZ,泰格医药,2.32,37.01,-2745.53,-4.51,1087.32,1.79,-3832.85,-6.29,-2647.84,-4.35,5393.37,8.85
20260609,002319.SZ,乐通股份,7.25,11.98,-2746.99,-11.56,-1312.5,-5.52,-1434.48,-6.04,1160.6,4.88,1586.38,6.68
20260609,600339.SH,中油工程,-4.62,3.3,-2754.26,-10.46,-590.82,-2.24,-2163.44,-8.21,784.72,2.98,1969.54,7.48
20260609,000683.SZ,博源化工,4.95,6.78,-2761.75,-5.82,-1210.76,-2.55,-1550.99,-3.27,-611.63,-1.29,3373.37,7.11
20260609,603127.SH,昭衍新药,0.19,31.43,-2762.14,-6.64,-1432.93,-3.44,-1329.21,-3.2,-1208.52,-2.91,3970.66,9.54
20260609,300393.SZ,中来股份,2.31,8.43,-2770.45,-10.67,-279.36,-1.08,-2491.09,-9.59,848.43,3.27,1922.02,7.4
20260609,002047.SZ,宝鹰股份,-1.61,4.29,-2777.07,-23.45,-972.71,-8.21,-1804.36,-15.24,290.67,2.45,2486.4,21.0
20260609,300118.SZ,东方日升,3.98,13.58,-2777.97,-4.47,-1208.49,-1.95,-1569.48,-2.53,-616.43,-0.99,3394.4,5.46
20260609,600916.SH,中国黄金,-0.13,7.47,-2785.52,-15.54,-3520.2,-19.64,734.67,4.1,309.97,1.73,2475.55,13.81
20260609,600329.SH,达仁堂,-1.95,37.75,-2833.48,-18.9,-1490.36,-9.94,-1343.12,-8.96,293.27,1.96,2540.21,16.94
20260609,002404.SZ,嘉欣丝绸,-5.9,6.38,-2842.32,-9.98,-1843.2,-6.47,-999.11,-3.51,1989.18,6.98,853.14,2.99
20260609,600496.SH,精工钢构,-1.25,3.94,-2843.27,-24.85,-2623.11,-22.92,-220.16,-1.92,1654.63,14.46,1188.64,10.39
20260609,002713.SZ,*ST东易,-4.8,10.71,-2865.41,-20.62,-1433.3,-10.32,-1432.1,-10.31,840.65,6.05,2024.75,14.57
20260609,600977.SH,中国电影,0.0,13.95,-2870.04,-8.03,-1690.11,-4.73,-1179.94,-3.3,385.5,1.08,2484.54,6.95
20260609,002342.SZ,巨力索具,-7.38,10.8,-2872.05,-1.56,-1569.45,-0.85,-1302.6,-0.71,140.24,0.08,2731.8,1.49
20260609,600863.SH,华能蒙电,0.33,6.08,-2884.73,-1.38,-7552.9,-3.62,4668.17,2.24,-4136.42,-1.98,7021.15,3.36
20260609,688726.SH,拉普拉斯,0.52,60.41,-2890.42,-4.41,-4107.68,-6.27,1217.26,1.86,2320.1,3.54,570.32,0.87
20260609,001286.SZ,陕西能源,0.25,12.02,-2895.98,-10.24,-1436.25,-5.08,-1459.74,-5.16,958.6,3.39,1937.39,6.85
20260609,300219.SZ,鸿利智汇,-0.33,8.96,-2903.42,-5.27,-2524.95,-4.58,-378.47,-0.69,2648.53,4.8,254.89,0.46
20260609,300776.SZ,帝尔激光,2.8,168.59,-2910.91,-0.87,-14752.05,-4.39,11841.14,3.52,3936.84,1.17,-1025.93,-0.31
20260609,688271.SH,联影医疗,-1.71,112.74,-2918.8,-4.52,-982.9,-1.52,-1935.9,-3.0,39.11,0.06,2879.69,4.46
20260609,605222.SH,起帆电缆,-0.15,25.94,-2921.53,-13.33,-962.73,-4.39,-1958.8,-8.93,-932.76,-4.25,3854.3,17.58
20260609,300067.SZ,安诺其,1.71,5.34,-2940.47,-16.18,-988.67,-5.44,-1951.8,-10.74,1103.14,6.07,1837.33,10.11
20260609,300241.SZ,瑞丰光电,-1.73,7.94,-2957.83,-4.61,734.16,1.14,-3691.99,-5.75,90.77,0.14,2867.07,4.46
20260609,603379.SH,三美股份,-2.28,56.68,-2958.58,-5.42,-2024.61,-3.71,-933.97,-1.71,248.74,0.46,2709.84,4.96
20260609,300573.SZ,兴齐眼药,-0.76,35.4,-2960.98,-13.16,-2470.61,-10.98,-490.37,-2.18,719.54,3.2,2241.44,9.96
20260609,601567.SH,三星电气,0.34,14.81,-2964.46,-10.85,-150.28,-0.55,-2814.19,-10.3,-183.76,-0.67,3148.22,11.52
20260609,600730.SH,*ST高科,0.31,12.99,-2972.97,-10.41,-1098.7,-3.85,-1874.27,-6.56,1404.3,4.91,1568.67,5.49
20260609,002165.SZ,红 宝 丽,-1.92,6.64,-2974.93,-9.95,-2063.11,-6.9,-911.82,-3.05,1146.22,3.83,1828.71,6.11
20260609,600862.SH,中航高科,-1.25,17.33,-2977.85,-11.33,-1963.11,-7.47,-1014.74,-3.86,811.18,3.09,2166.67,8.25
20260609,600792.SH,云煤能源,-5.09,4.1,-3008.73,-18.18,-1612.89,-9.75,-1395.84,-8.44,131.91,0.8,2876.82,17.38
20260609,300174.SZ,元力股份,4.88,24.51,-3041.07,-2.87,-2476.85,-2.34,-564.22,-0.53,-5243.79,-4.95,8284.87,7.83
20260609,603613.SH,国联股份,-2.56,21.34,-3063.63,-12.32,-2606.24,-10.48,-457.39,-1.84,1155.26,4.64,1908.37,7.67
20260609,603283.SH,赛腾股份,3.14,47.67,-3071.42,-3.65,-1150.1,-1.37,-1921.32,-2.28,-1595.52,-1.89,4666.94,5.54
20260609,603162.SH,海通发展,-0.6,9.94,-3072.26,-8.93,-72.44,-0.21,-2999.82,-8.72,1380.05,4.01,1692.21,4.92
20260609,002426.SZ,胜利精密,-0.27,3.74,-3076.31,-4.46,-3043.5,-4.42,-32.81,-0.05,187.33,0.27,2888.98,4.19
20260609,000703.SZ,恒逸石化,-2.16,12.71,-3081.09,-5.9,-2548.66,-4.88,-532.43,-1.02,-582.03,-1.12,3663.12,7.02
20260609,000917.SZ,电广传媒,-1.67,7.07,-3084.48,-12.27,-1614.38,-6.42,-1470.1,-5.85,750.19,2.98,2334.29,9.29
20260609,601933.SH,永辉超市,-2.93,3.31,-3088.2,-8.22,246.42,0.66,-3334.62,-8.88,-2292.44,-6.1,5380.64,14.32
20260609,603861.SH,白云电器,-2.3,17.88,-3102.26,-5.67,-1577.72,-2.88,-1524.53,-2.78,1337.01,2.44,1765.24,3.22
20260609,601818.SH,光大银行,0.32,3.13,-3104.21,-5.0,-3639.13,-5.86,534.92,0.86,411.04,0.66,2693.17,4.34
20260609,300748.SZ,金力永磁,3.08,30.09,-3108.14,-3.75,-1499.27,-1.81,-1608.87,-1.94,-570.06,-0.69,3678.2,4.44
20260609,002283.SZ,天润工业,-0.39,10.15,-3108.25,-8.87,-2224.78,-6.35,-883.47,-2.52,-1810.13,-5.17,4918.38,14.04
20260609,688079.SH,美迪凯,-1.86,27.96,-3108.57,-2.71,-6424.87,-5.6,3316.3,2.89,-2736.33,-2.39,5844.9,5.1
20260609,605196.SH,华通线缆,1.23,37.02,-3117.98,-6.12,1022.05,2.01,-4140.03,-8.12,-1856.42,-3.64,4974.39,9.76
20260609,300303.SZ,聚飞光电,-2.26,9.5,-3121.93,-2.16,-5505.1,-3.8,2383.17,1.65,8185.17,5.66,-5063.24,-3.5
20260609,300561.SZ,汇金科技,-2.73,13.92,-3123.54,-10.37,-1574.27,-5.23,-1549.27,-5.14,109.07,0.36,3014.47,10.01
20260609,300322.SZ,硕贝德,3.98,29.75,-3129.26,-2.25,-636.59,-0.46,-2492.67,-1.79,-5034.41,-3.62,8163.67,5.88
20260609,002155.SZ,湖南黄金,2.91,23.7,-3133.99,-4.0,226.28,0.29,-3360.27,-4.29,-2331.21,-2.97,5465.2,6.97
20260609,600547.SH,山东黄金,3.17,27.3,-3146.2,-2.38,3277.83,2.48,-6424.03,-4.87,-3233.38,-2.45,6379.58,4.83
20260609,300139.SZ,晓程科技,3.18,40.55,-3146.74,-5.4,-2262.63,-3.89,-884.11,-1.52,-2589.42,-4.45,5736.16,9.85
20260609,300846.SZ,首都在线,1.13,22.38,-3174.7,-7.09,-2344.47,-5.24,-830.24,-1.85,-145.44,-0.32,3320.14,7.42
20260609,688308.SH,欧科亿,5.21,155.29,-3180.26,-2.14,-1922.16,-1.29,-1258.1,-0.85,2680.44,1.8,499.82,0.34
20260609,688610.SH,埃科光电,10.27,223.7,-3186.47,-5.94,-7225.73,-13.46,4039.26,7.52,3420.61,6.37,-234.14,-0.44
20260609,002078.SZ,太阳纸业,4.85,13.62,-3190.53,-8.27,119.4,0.31,-3309.92,-8.58,854.88,2.22,2335.65,6.06
20260609,001376.SZ,百通能源,-2.53,12.35,-3192.81,-15.83,-254.28,-1.26,-2938.53,-14.57,302.96,1.5,2889.86,14.33
20260609,300189.SZ,神农种业,-1.41,4.89,-3201.32,-10.63,-77.77,-0.26,-3123.55,-10.38,-642.76,-2.14,3844.08,12.77
20260609,000601.SZ,韶能股份,1.06,7.64,-3204.27,-4.29,-3916.0,-5.24,711.73,0.95,-384.07,-0.51,3588.34,4.8
20260609,002848.SZ,高斯贝尔,-0.14,14.16,-3205.83,-18.13,-1494.99,-8.45,-1710.84,-9.68,1481.85,8.38,1723.98,9.75
20260609,002734.SZ,利民股份,-2.15,15.9,-3210.03,-13.22,-737.17,-3.04,-2472.86,-10.19,477.62,1.97,2732.42,11.26
20260609,603725.SH,天安新材,-7.01,11.8,-3215.9,-9.27,-2528.5,-7.29,-687.4,-1.98,11.31,0.03,3204.59,9.24
20260609,002008.SZ,大族激光,3.01,124.5,-3218.98,-0.65,24492.34,4.97,-27711.32,-5.62,-24332.09,-4.94,27551.07,5.59
20260609,002130.SZ,沃尔核材,2.26,19.48,-3219.58,-4.73,-1329.35,-1.95,-1890.23,-2.78,-2356.14,-3.46,5575.73,8.19
20260609,600821.SH,金开新能,-2.18,7.17,-3220.63,-3.49,-635.04,-0.69,-2585.58,-2.8,-2170.41,-2.35,5391.04,5.85
20260609,688131.SH,皓元医药,-0.99,70.2,-3233.28,-11.11,-4074.91,-14.0,841.62,2.89,1570.31,5.39,1662.97,5.71
20260609,688018.SH,乐鑫科技,4.24,119.89,-3236.76,-4.64,-30.56,-0.04,-3206.19,-4.6,103.23,0.15,3133.53,4.49
20260609,002092.SZ,中泰化学,-2.52,4.25,-3239.14,-13.27,-745.83,-3.06,-2493.31,-10.22,-1010.96,-4.14,4250.1,17.42
20260609,002465.SZ,海格通信,2.42,14.81,-3263.44,-2.37,-1275.33,-0.92,-1988.11,-1.44,-139.85,-0.1,3403.3,2.47
20260609,603505.SH,金石资源,-3.4,17.06,-3279.03,-7.48,-4362.53,-9.96,1083.5,2.47,3894.79,8.89,-615.76,-1.41
20260609,002115.SZ,三维通信,1.6,12.03,-3282.23,-7.1,-69.06,-0.15,-3213.17,-6.95,2699.27,5.84,582.96,1.26
20260609,300672.SZ,国科微,2.51,283.65,-3308.47,-1.48,-4530.26,-2.03,1221.8,0.55,-6920.84,-3.1,10229.31,4.58
20260609,688127.SH,蓝特光学,2.27,81.62,-3308.87,-4.33,-1732.93,-2.27,-1575.94,-2.06,1522.02,1.99,1786.85,2.34
20260609,603341.SH,龙旗科技,-1.78,36.5,-3334.63,-8.56,-348.75,-0.89,-2985.88,-7.66,-152.74,-0.39,3487.37,8.95
20260609,600408.SH,安泰集团,-6.74,3.18,-3361.73,-6.81,-387.77,-0.79,-2973.96,-6.02,-800.98,-1.62,4162.71,8.43
20260609,688662.SH,富信科技,12.44,93.53,-3385.95,-4.22,19.66,0.02,-3405.62,-4.25,-5071.52,-6.32,8457.47,10.55
20260609,300054.SZ,鼎龙股份,6.46,69.1,-3419.04,-1.54,4948.45,2.23,-8367.49,-3.77,-859.64,-0.39,4278.68,1.93
20260609,600958.SH,东方证券,0.11,8.82,-3427.66,-11.9,-528.41,-1.83,-2899.25,-10.06,1695.11,5.88,1732.55,6.01
20260609,600906.SH,财达证券,-0.88,6.75,-3448.7,-7.42,-1853.77,-3.99,-1594.93,-3.43,1734.37,3.73,1714.33,3.69
20260609,600184.SH,光电股份,3.23,26.2,-3453.81,-3.4,-1773.03,-1.74,-1680.78,-1.65,-1339.98,-1.32,4793.79,4.72
20260609,300024.SZ,机器人,0.0,15.9,-3460.42,-4.5,557.51,0.72,-4017.93,-5.22,1484.86,1.93,1975.55,2.57
20260609,300964.SZ,本川智能,1.73,98.67,-3469.99,-5.94,-3766.44,-6.45,296.45,0.51,413.52,0.71,3056.46,5.24
20260609,000538.SZ,云南白药,-0.16,49.42,-3473.91,-8.96,-1419.3,-3.66,-2054.62,-5.3,1375.4,3.55,2098.51,5.41
20260609,002735.SZ,王子新材,-3.01,18.03,-3476.65,-2.92,-1271.05,-1.07,-2205.6,-1.85,1919.66,1.61,1557.0,1.31
20260609,002921.SZ,联诚精密,-3.91,23.32,-3522.23,-19.8,-1810.12,-10.17,-1712.11,-9.62,197.28,1.11,3324.95,18.69
20260609,301638.SZ,南网数字,0.66,24.55,-3527.46,-10.99,-925.28,-2.88,-2602.18,-8.11,-153.94,-0.48,3681.4,11.47
20260609,688122.SH,西部超导,1.49,56.44,-3536.76,-3.93,-291.45,-0.32,-3245.32,-3.6,-807.63,-0.9,4344.39,4.83
20260609,601618.SH,中国中冶,-1.12,2.65,-3541.66,-13.57,-2075.5,-7.95,-1466.15,-5.62,817.58,3.13,2724.08,10.44
20260609,601888.SH,中国中免,-0.12,57.38,-3541.8,-1.23,-3877.17,-1.34,335.37,0.12,3240.86,1.12,300.94,0.1
20260609,000520.SZ,凤凰航运,-7.77,4.39,-3548.27,-8.71,-1370.31,-3.36,-2177.96,-5.34,1863.96,4.57,1684.31,4.13
20260609,002235.SZ,安妮股份,-3.6,9.92,-3563.31,-6.67,-2880.14,-5.39,-683.18,-1.28,3322.43,6.22,240.88,0.45
20260609,000564.SZ,供销大集,-3.21,1.51,-3569.58,-8.06,-1887.64,-4.26,-1681.94,-3.8,-87.82,-0.2,3657.4,8.26
20260609,600123.SH,兰花科创,-3.2,6.96,-3579.56,-10.83,-1956.92,-5.92,-1622.64,-4.91,-2367.73,-7.16,5947.3,17.99
20260609,688538.SH,和辉光电-U,2.59,2.38,-3588.37,-12.41,-20.81,-0.07,-3567.56,-12.33,2935.49,10.15,652.88,2.26
20260609,300100.SZ,双林股份,-0.75,31.61,-3590.61,-8.26,-1832.85,-4.22,-1757.76,-4.05,1198.26,2.76,2392.36,5.51
20260609,000968.SZ,蓝焰控股,-4.61,7.04,-3609.74,-14.66,-2044.13,-8.3,-1565.61,-6.36,493.5,2.0,3116.23,12.65
20260609,000617.SZ,中油资本,-0.41,7.23,-3618.72,-7.79,-1668.79,-3.59,-1949.93,-4.2,-2554.4,-5.5,6173.12,13.29
20260609,600259.SH,中稀有色,2.53,89.97,-3633.39,-2.87,-5924.13,-4.68,2290.74,1.81,928.46,0.73,2704.93,2.14
20260609,001365.SZ,天海电子,-1.65,41.7,-3658.45,-16.22,-487.44,-2.16,-3171.01,-14.06,-360.99,-1.6,4019.44,17.82
20260609,600845.SH,宝信软件,0.8,18.95,-3660.34,-13.0,-4322.27,-15.35,661.94,2.35,1894.7,6.73,1765.64,6.27
20260609,300300.SZ,海峡创新,-0.45,8.83,-3660.43,-12.61,-746.07,-2.57,-2914.36,-10.04,-1699.23,-5.86,5359.66,18.47
20260609,002517.SZ,恺英网络,0.75,14.7,-3668.38,-6.58,-3040.52,-5.45,-627.86,-1.13,-1969.32,-3.53,5637.71,10.11
20260609,002625.SZ,光启技术,0.91,35.4,-3675.23,-4.28,-3101.4,-3.61,-573.83,-0.67,2126.4,2.48,1548.84,1.8
20260609,300782.SZ,卓胜微,5.47,99.0,-3692.48,-1.58,-9448.59,-4.05,5756.11,2.47,-2229.32,-0.96,5921.8,2.54
20260609,600808.SH,马钢股份,0.37,2.7,-3695.49,-21.48,-4009.13,-23.3,313.65,1.82,369.13,2.15,3326.36,19.33
20260609,301303.SZ,真兰仪表,-8.72,15.59,-3702.78,-11.55,-2759.6,-8.61,-943.19,-2.94,1051.88,3.28,2650.9,8.27
20260609,688158.SH,优刻得-W,1.58,36.11,-3718.35,-6.12,-2514.16,-4.14,-1204.19,-1.98,2259.28,3.72,1459.07,2.4
20260609,002389.SZ,航天彩虹,-0.76,18.36,-3723.96,-12.42,-781.9,-2.61,-2942.06,-9.81,265.82,0.89,3458.14,11.53
20260609,002034.SZ,旺能环境,-1.55,17.79,-3727.43,-12.43,-3705.73,-12.36,-21.7,-0.07,1899.09,6.33,1828.34,6.1
20260609,002631.SZ,德尔未来,1.24,8.14,-3729.37,-8.72,-2729.67,-6.38,-999.7,-2.34,2579.38,6.03,1149.99,2.69
20260609,600801.SH,华新建材,-0.76,18.31,-3738.03,-9.16,-2575.28,-6.31,-1162.75,-2.85,663.61,1.63,3074.42,7.54
20260609,300660.SZ,江苏雷利,-1.99,33.97,-3759.04,-8.74,-2886.57,-6.71,-872.46,-2.03,1003.74,2.33,2755.29,6.4
20260609,600096.SH,云天化,-0.55,28.77,-3785.81,-4.1,-1230.14,-1.33,-2555.67,-2.77,-6206.84,-6.73,9992.65,10.83
20260609,600683.SH,京投发展,-2.32,14.3,-3790.18,-12.05,-1559.06,-4.96,-2231.13,-7.09,118.7,0.38,3671.48,11.67
20260609,688485.SH,九州一轨,1.54,47.36,-3795.09,-15.21,-1433.1,-5.74,-2361.99,-9.47,-316.97,-1.27,4112.06,16.48
20260609,688169.SH,石头科技,-1.53,111.07,-3801.26,-6.21,-1860.08,-3.04,-1941.18,-3.17,2612.84,4.27,1188.42,1.94
20260609,601898.SH,中煤能源,-4.74,16.28,-3849.66,-3.92,-3389.63,-3.45,-460.04,-0.47,-2103.32,-2.14,5952.99,6.06
20260609,002510.SZ,天汽模,1.35,6.77,-3859.11,-9.82,-1260.96,-3.21,-2598.15,-6.61,766.1,1.95,3093.01,7.87
20260609,600885.SH,宏发股份,1.24,32.6,-3868.56,-7.66,-2379.08,-4.71,-1489.48,-2.95,-1367.0,-2.71,5235.56,10.36
20260609,000510.SZ,新金路,0.12,16.8,-3870.93,-4.4,-1917.58,-2.18,-1953.35,-2.22,-4493.3,-5.11,8364.23,9.52
20260609,600409.SH,三友化工,-2.89,6.05,-3879.08,-12.44,655.27,2.1,-4534.36,-14.55,1559.82,5.0,2319.26,7.44
20260609,000625.SZ,长安汽车,-1.54,7.68,-3883.0,-6.96,-1872.63,-3.35,-2010.37,-3.6,-2935.72,-5.26,6818.71,12.21
20260609,000417.SZ,合百集团,-0.97,7.12,-3906.58,-12.82,-1490.8,-4.89,-2415.78,-7.93,843.03,2.77,3063.54,10.06
20260609,300693.SZ,盛弘股份,1.28,45.88,-3908.52,-6.36,-3444.0,-5.61,-464.52,-0.76,426.17,0.69,3482.34,5.67
20260609,001339.SZ,智微智能,-1.35,100.48,-3973.42,-5.26,-1539.98,-2.04,-2433.44,-3.22,-1848.15,-2.45,5821.57,7.7
20260609,603318.SH,水发燃气,-3.2,8.48,-3995.6,-12.8,-1182.08,-3.79,-2813.52,-9.01,-2518.11,-8.07,6513.71,20.87
20260609,300342.SZ,天银机电,2.27,50.41,-4007.06,-2.86,-1037.06,-0.74,-2970.0,-2.12,-1622.37,-1.16,5629.42,4.02
20260609,000620.SZ,盈新发展,1.26,3.21,-4020.08,-1.86,-7735.73,-3.59,3715.64,1.72,-9058.75,-4.2,13078.83,6.06
20260609,000768.SZ,中航西飞,-0.49,20.15,-4028.89,-9.93,-1329.01,-3.28,-2699.88,-6.66,424.64,1.05,3604.25,8.89
20260609,601328.SH,交通银行,0.29,6.88,-4038.96,-3.19,273.52,0.22,-4312.49,-3.41,-1688.31,-1.33,5727.27,4.53
20260609,601727.SH,上海电气,0.68,7.45,-4060.95,-6.35,-3557.09,-5.57,-503.86,-0.79,-659.79,-1.03,4720.74,7.39
20260609,600228.SH,返利科技,2.21,6.47,-4066.89,-15.32,-191.56,-0.72,-3875.33,-14.6,1132.66,4.27,2934.23,11.05
20260609,002009.SZ,天奇股份,-4.63,22.64,-4066.93,-4.64,-3528.23,-4.02,-538.7,-0.61,1293.43,1.47,2773.5,3.16
20260609,600279.SH,重庆港,-10.05,5.01,-4079.23,-28.42,-3169.52,-22.08,-909.7,-6.34,889.71,6.2,3189.51,22.22
20260609,600777.SH,*ST新潮,-4.57,5.43,-4119.36,-32.45,-4035.17,-31.78,-84.19,-0.66,2063.92,16.26,2055.44,16.19
20260609,300166.SZ,东方国信,1.68,15.78,-4123.69,-3.99,-20.07,-0.02,-4103.61,-3.97,1090.89,1.06,3032.8,2.93
20260609,000938.SZ,紫光股份,1.81,26.38,-4126.6,-1.38,485.45,0.16,-4612.05,-1.54,-10505.58,-3.5,14632.19,4.88
20260609,600926.SH,杭州银行,0.93,16.28,-4130.77,-4.69,-1397.2,-1.59,-2733.58,-3.11,3574.36,4.06,556.42,0.63
20260609,600406.SH,国电南瑞,0.79,23.04,-4136.78,-3.37,-1928.6,-1.57,-2208.18,-1.8,-2055.43,-1.67,6192.2,5.04
20260609,600936.SH,北投科技,-1.25,5.51,-4151.97,-7.13,-46.2,-0.08,-4105.76,-7.05,685.61,1.18,3466.36,5.95
20260609,002271.SZ,东方雨虹,-2.03,12.05,-4168.77,-7.21,-1650.08,-2.85,-2518.69,-4.36,1128.01,1.95,3040.76,5.26
20260609,300486.SZ,东杰智能,-0.56,26.53,-4194.84,-7.7,-2535.6,-4.65,-1659.24,-3.04,608.33,1.12,3586.51,6.58
20260609,002194.SZ,武汉凡谷,-3.14,12.03,-4197.38,-5.56,-1645.35,-2.18,-2552.03,-3.38,2468.94,3.27,1728.44,2.29
20260609,000002.SZ,万  科Ａ,-0.64,3.12,-4198.55,-10.58,-2619.97,-6.61,-1578.58,-3.98,249.14,0.63,3949.41,9.96
20260609,601800.SH,中国交建,0.49,6.15,-4210.14,-19.46,-1846.87,-8.54,-2363.27,-10.92,-249.74,-1.15,4459.88,20.61
20260609,601077.SH,渝农商行,3.27,6.94,-4239.46,-8.46,-2817.18,-5.62,-1422.28,-2.84,-590.53,-1.18,4829.99,9.63
20260609,600590.SH,泰豪科技,-0.4,12.31,-4248.64,-11.83,-1073.13,-2.99,-3175.51,-8.84,208.32,0.58,4040.33,11.25
20260609,601011.SH,宝泰隆,-5.54,3.07,-4255.35,-12.81,-3378.31,-10.17,-877.04,-2.64,180.76,0.54,4074.6,12.26
20260609,603026.SH,石大胜华,2.17,81.02,-4260.59,-5.72,-5423.39,-7.28,1162.8,1.56,1188.81,1.6,3071.78,4.12
20260609,600343.SH,航天动力,-3.85,25.19,-4263.55,-4.97,-3159.85,-3.68,-1103.69,-1.29,787.99,0.92,3475.56,4.05
20260609,300900.SZ,广联航空,3.86,34.44,-4306.94,-7.03,-798.36,-1.3,-3508.58,-5.73,863.82,1.41,3443.12,5.62
20260609,300236.SZ,上海新阳,9.07,95.8,-4312.69,-2.8,-4562.06,-2.96,249.38,0.16,-3161.68,-2.05,7474.37,4.85
20260609,603500.SH,祥和实业,-0.59,13.37,-4318.72,-4.98,-7462.6,-8.6,3143.87,3.62,5132.22,5.91,-813.5,-0.94
20260609,600918.SH,中泰证券,-1.73,5.1,-4321.29,-18.19,-5195.55,-21.87,874.26,3.68,4244.3,17.86,76.98,0.32
20260609,000759.SZ,中百集团,-3.99,6.02,-4321.46,-6.19,-2250.11,-3.22,-2071.36,-2.96,-401.8,-0.58,4723.26,6.76
20260609,000709.SZ,河钢股份,-5.41,2.1,-4322.45,-11.28,-4846.83,-12.65,524.38,1.37,4582.09,11.96,-259.63,-0.68
20260609,600063.SH,皖维高新,3.38,7.96,-4357.36,-2.77,-112.93,-0.07,-4244.42,-2.7,2381.86,1.52,1975.5,1.26
20260609,300209.SZ,行云科技,0.21,23.69,-4393.8,-4.72,-3657.32,-3.93,-736.49,-0.79,-10.39,-0.01,4404.2,4.73
20260609,603311.SH,金海高科,4.56,38.51,-4400.23,-5.43,-2110.12,-2.6,-2290.11,-2.83,-4320.75,-5.33,8720.98,10.76
20260609,688160.SH,步科股份,-4.06,118.77,-4401.17,-8.65,-1441.4,-2.83,-2959.77,-5.82,1203.61,2.37,3197.56,6.28
20260609,300207.SZ,欣旺达,2.55,20.11,-4412.2,-5.03,-680.03,-0.77,-3732.17,-4.25,428.68,0.49,3983.52,4.54
20260609,600348.SH,华阳股份,-3.43,9.28,-4422.91,-9.96,-2254.21,-5.08,-2168.69,-4.89,-302.96,-0.68,4725.86,10.65
20260609,603278.SH,大业股份,-4.46,13.51,-4426.25,-4.57,-3483.89,-3.6,-942.36,-0.97,2878.45,2.97,1547.8,1.6
20260609,300687.SZ,赛意信息,-1.77,24.36,-4430.98,-9.93,-3455.84,-7.74,-975.14,-2.19,-2735.59,-6.13,7166.57,16.06
20260609,000560.SZ,我爱我家,-3.66,2.37,-4439.54,-20.54,-4294.61,-19.87,-144.93,-0.67,1541.43,7.13,2898.11,13.41
20260609,002082.SZ,ST万邦,-4.81,13.25,-4445.26,-22.4,-4232.43,-21.33,-212.83,-1.07,1867.16,9.41,2578.1,12.99
20260609,601020.SH,华钰矿业,-1.62,21.83,-4449.66,-6.46,-3180.3,-4.62,-1269.36,-1.84,-467.42,-0.68,4917.08,7.14
20260609,688235.SH,百济神州,-0.31,213.9,-4482.2,-7.41,-1523.58,-2.52,-2958.62,-4.89,4730.51,7.82,-248.31,-0.41
20260609,002730.SZ,电光科技,2.63,28.52,-4556.26,-15.65,-2704.77,-9.29,-1851.49,-6.36,1225.74,4.21,3330.52,11.44
20260609,600722.SH,金牛化工,-8.75,9.49,-4598.17,-8.75,-3670.21,-6.99,-927.96,-1.77,-278.58,-0.53,4876.75,9.28
20260609,003816.SZ,中国广核,-0.47,4.25,-4632.44,-10.1,-3967.95,-8.65,-664.49,-1.45,1947.87,4.25,2684.57,5.85
20260609,300302.SZ,同有科技,0.7,48.8,-4645.88,-1.76,-2534.45,-0.96,-2111.43,-0.8,-6324.0,-2.39,10969.88,4.15
20260609,002196.SZ,方正电机,-3.0,13.58,-4668.37,-8.61,-2845.47,-5.25,-1822.9,-3.36,646.61,1.19,4021.76,7.42
20260609,601118.SH,海南橡胶,-4.15,5.77,-4709.5,-8.77,-3583.75,-6.67,-1125.75,-2.1,-1859.69,-3.46,6569.18,12.23
20260609,688418.SH,震有科技,1.65,43.69,-4709.8,-19.99,-361.42,-1.53,-4348.38,-18.45,3094.67,13.13,1615.13,6.85
20260609,688519.SH,南亚新材,16.35,295.0,-4719.2,-1.86,-5622.61,-2.21,903.4,0.36,5836.88,2.3,-1117.67,-0.44
20260609,600791.SH,京能置业,-6.63,12.39,-4736.3,-11.06,-2809.43,-6.56,-1926.87,-4.5,-5.24,-0.01,4741.54,11.07
20260609,605123.SH,派克新材,-2.11,95.91,-4742.04,-12.58,-3206.27,-8.51,-1535.78,-4.07,1859.79,4.93,2882.26,7.65
20260609,000876.SZ,新 希 望,-2.81,6.92,-4767.98,-17.64,-3600.91,-13.32,-1167.07,-4.32,-982.53,-3.63,5750.51,21.27
20260609,688037.SH,芯源微,6.61,246.0,-4768.2,-3.05,676.5,0.43,-5444.7,-3.48,5275.63,3.38,-507.43,-0.32
20260609,600776.SH,东方通信,-1.59,16.73,-4799.98,-5.32,-1677.54,-1.86,-3122.44,-3.46,3702.0,4.1,1097.97,1.22
20260609,002966.SZ,苏州银行,-0.25,8.06,-4806.69,-10.71,-4508.5,-10.05,-298.19,-0.66,2026.1,4.51,2780.59,6.2
20260609,002229.SZ,鸿博股份,-1.02,14.59,-4812.79,-8.82,-1503.44,-2.76,-3309.35,-6.07,1513.63,2.77,3299.16,6.05
20260609,688593.SH,新相微,-0.92,31.2,-4855.89,-9.51,-5804.73,-11.37,948.84,1.86,290.13,0.57,4565.77,8.94
20260609,600104.SH,上汽集团,-1.31,11.32,-4874.77,-9.48,-703.27,-1.37,-4171.5,-8.11,-1354.09,-2.63,6228.86,12.12
20260609,002920.SZ,德赛西威,-1.3,93.69,-4906.14,-6.96,-2993.97,-4.25,-1912.17,-2.71,2504.85,3.55,2401.29,3.41
20260609,301081.SZ,严牌股份,-12.43,15.0,-4961.01,-21.39,-1703.03,-7.34,-3257.98,-14.05,-82.05,-0.35,5043.06,21.75
20260609,002164.SZ,宁波东力,-0.89,14.53,-4985.84,-5.73,-2378.04,-2.73,-2607.8,-3.0,-1143.3,-1.31,6129.14,7.04
20260609,600693.SH,东百集团,-5.99,9.42,-5055.3,-6.65,-1012.65,-1.33,-4042.65,-5.32,-3149.66,-4.15,8204.96,10.8
20260609,002096.SZ,易普力,-9.59,9.9,-5066.75,-14.15,-2772.9,-7.74,-2293.85,-6.41,4637.06,12.95,429.69,1.2
20260609,603881.SH,数据港,0.23,34.27,-5095.04,-6.72,-1525.21,-2.01,-3569.83,-4.71,58.99,0.08,5036.05,6.65
20260609,603990.SH,麦迪科技,0.05,21.37,-5097.5,-11.17,-2486.36,-5.45,-2611.13,-5.72,-1382.78,-3.03,6480.27,14.2
20260609,300759.SZ,康龙化成,0.41,22.2,-5117.12,-11.39,-2454.59,-5.46,-2662.52,-5.93,-7.13,-0.02,5124.25,11.4
20260609,603012.SH,创力集团,-4.95,7.87,-5122.76,-20.16,-3438.9,-13.53,-1683.85,-6.63,1507.36,5.93,3615.4,14.22
20260609,002558.SZ,巨人网络,-0.52,24.74,-5126.45,-5.94,-1699.94,-1.97,-3426.51,-3.97,476.04,0.55,4650.42,5.39
20260609,600255.SH,鑫科材料,-3.25,4.46,-5144.79,-2.91,-8023.52,-4.53,2878.73,1.63,4034.96,2.28,1109.83,0.63
20260609,002081.SZ,金 螳 螂,-0.55,5.4,-5151.79,-5.18,-2519.83,-2.53,-2631.95,-2.65,-4946.98,-4.97,10098.76,10.15
20260609,300498.SZ,温氏股份,-0.32,12.65,-5163.81,-9.59,-2905.0,-5.39,-2258.82,-4.19,223.14,0.41,4940.68,9.17
20260609,002865.SZ,钧达股份,2.65,68.86,-5171.98,-7.21,-751.36,-1.05,-4420.62,-6.16,-5196.97,-7.24,10368.95,14.45
20260609,002532.SZ,天山铝业,0.68,13.25,-5210.82,-6.33,-2486.42,-3.02,-2724.4,-3.31,291.5,0.35,4919.32,5.98
20260609,688167.SH,炬光科技,6.36,440.87,-5238.89,-3.04,1034.28,0.6,-6273.18,-3.63,5459.91,3.16,-221.02,-0.13
20260609,600162.SH,香江控股,-1.08,3.66,-5251.01,-3.41,-733.07,-0.48,-4517.94,-2.94,-466.22,-0.3,5717.23,3.72
20260609,688392.SH,骄成超声,7.11,160.19,-5255.58,-9.33,-5645.84,-10.02,390.26,0.69,998.2,1.77,4257.38,7.56
20260609,002471.SZ,中超控股,-4.07,7.77,-5297.34,-4.79,-2283.2,-2.06,-3014.13,-2.72,-3085.09,-2.79,8382.43,7.58
20260609,301232.SZ,飞沃科技,1.57,121.63,-5300.82,-11.65,-2795.2,-6.14,-2505.62,-5.51,-722.02,-1.59,6022.84,13.24
20260609,300939.SZ,秋田微,-4.11,56.95,-5305.0,-12.2,-4407.45,-10.14,-897.55,-2.06,-560.84,-1.29,5865.83,13.49
20260609,603698.SH,航天工程,-1.24,31.12,-5324.55,-11.81,-3395.3,-7.53,-1929.24,-4.28,-920.86,-2.04,6245.41,13.85
20260609,002169.SZ,智光电气,0.4,15.24,-5337.14,-6.43,-4296.92,-5.18,-1040.21,-1.25,7597.34,9.15,-2260.2,-2.72
20260609,000960.SZ,锡业股份,1.23,35.44,-5347.19,-1.76,-9138.82,-3.01,3791.63,1.25,4985.6,1.64,361.59,0.12
20260609,600219.SH,南山铝业,0.0,4.59,-5382.98,-6.52,-5083.66,-6.16,-299.32,-0.36,1886.12,2.28,3496.86,4.24
20260609,600546.SH,山煤国际,0.07,13.64,-5402.72,-12.26,-1925.11,-4.37,-3477.61,-7.89,-1467.72,-3.33,6870.44,15.59
20260609,002183.SZ,怡 亚 通,-2.03,6.27,-5416.1,-6.52,-2541.23,-3.06,-2874.87,-3.46,1051.05,1.26,4365.04,5.25
20260609,601137.SH,博威合金,-1.11,23.18,-5429.76,-6.14,-2623.92,-2.97,-2805.84,-3.17,-542.64,-0.61,5972.4,6.75
20260609,000592.SZ,平潭发展,-0.9,7.73,-5479.11,-6.46,1999.69,2.36,-7478.8,-8.81,-5204.29,-6.13,10683.4,12.59
20260609,688111.SH,金山办公,0.87,225.8,-5540.08,-3.5,-5371.99,-3.4,-168.08,-0.11,6732.32,4.26,-1192.24,-0.75
20260609,300975.SZ,商络电子,9.3,45.47,-5557.0,-0.95,-1408.37,-0.24,-4148.63,-0.71,-24898.59,-4.27,30455.59,5.22
20260609,002251.SZ,步步高,-2.79,4.53,-5565.66,-4.79,-2108.47,-1.82,-3457.19,-2.98,-2773.65,-2.39,8339.31,7.18
20260609,603897.SH,长城科技,-7.11,40.08,-5589.43,-9.85,-4451.04,-7.85,-1138.39,-2.01,-1090.83,-1.92,6680.26,11.77
20260609,300204.SZ,舒泰神,-5.73,22.22,-5593.99,-8.25,-1504.75,-2.22,-4089.24,-6.03,-1240.79,-1.83,6834.77,10.08
20260609,002940.SZ,昂利康,-2.4,29.22,-5636.63,-12.29,-2600.35,-5.67,-3036.28,-6.62,-767.79,-1.67,6404.42,13.96
20260609,300628.SZ,亿联网络,-0.42,35.32,-5644.55,-9.04,-1579.76,-2.53,-4064.78,-6.51,-3324.29,-5.32,8968.83,14.36
20260609,600714.SH,金瑞矿业,-4.67,28.61,-5655.45,-7.65,-2180.88,-2.95,-3474.57,-4.7,-2201.09,-2.98,7856.53,10.62
20260609,603459.SH,红板科技,3.36,93.21,-5711.18,-4.82,-2805.41,-2.37,-2905.77,-2.45,2045.6,1.72,3665.58,3.09
20260609,300182.SZ,捷成股份,0.47,6.43,-5727.21,-3.23,-2062.07,-1.16,-3665.14,-2.07,4075.53,2.3,1651.68,0.93
20260609,002943.SZ,宇晶股份,1.82,51.98,-5728.8,-9.13,-1942.37,-3.1,-3786.43,-6.03,-2783.13,-4.44,8511.93,13.56
20260609,301531.SZ,春光集团,-3.75,70.08,-5757.7,-9.49,-1568.63,-2.59,-4189.07,-6.91,824.87,1.36,4932.84,8.13
20260609,600988.SH,赤峰黄金,0.58,29.37,-5759.92,-4.76,-2116.04,-1.75,-3643.88,-3.01,-3192.39,-2.64,8952.31,7.4
20260609,002608.SZ,江苏国信,-2.09,9.36,-5770.52,-5.63,-3350.52,-3.27,-2420.0,-2.36,590.97,0.58,5179.55,5.06
20260609,002745.SZ,木林森,-0.31,9.68,-5780.4,-10.98,-2032.05,-3.86,-3748.35,-7.12,3634.79,6.9,2145.61,4.07
20260609,600489.SH,中金黄金,1.44,21.07,-5801.76,-4.68,-840.98,-0.68,-4960.78,-4.0,-7171.41,-5.79,12973.18,10.47
20260609,002181.SZ,粤 传 媒,-3.45,15.09,-5839.23,-3.9,1295.49,0.87,-7134.72,-4.76,-1340.38,-0.9,7179.61,4.79
20260609,603369.SH,今世缘,-4.18,24.51,-5900.81,-16.22,-4474.58,-12.3,-1426.24,-3.92,1293.94,3.56,4606.88,12.66
20260609,300015.SZ,爱尔眼科,-0.72,8.25,-5914.76,-8.86,-2982.27,-4.47,-2932.49,-4.39,-2325.42,-3.48,8240.18,12.34
20260609,300724.SZ,捷佳伟创,1.94,71.86,-5917.99,-7.86,-3892.02,-5.17,-2025.97,-2.69,-2667.02,-3.54,8585.01,11.4
20260609,302132.SZ,中航成飞,-0.21,56.91,-5921.75,-15.51,-4031.69,-10.56,-1890.06,-4.95,2.13,0.01,5919.62,15.5
20260609,301696.SZ,三瑞智能,-2.79,133.95,-5968.53,-7.6,203.52,0.26,-6172.05,-7.86,409.54,0.52,5558.99,7.08
20260609,301005.SZ,超捷股份,2.22,99.86,-5977.04,-6.76,-1064.18,-1.2,-4912.87,-5.56,-4960.24,-5.61,10937.28,12.37
20260609,600436.SH,片仔癀,-1.81,116.96,-5978.83,-15.58,-5239.14,-13.65,-739.7,-1.93,1006.54,2.62,4972.29,12.96
20260609,002821.SZ,凯莱英,-1.05,111.38,-5991.43,-8.31,-1480.13,-2.05,-4511.3,-6.26,-1645.94,-2.28,7637.38,10.59
20260609,603778.SH,国晟科技,5.49,19.99,-6007.85,-3.32,-3306.16,-1.83,-2701.69,-1.49,10057.01,5.56,-4049.16,-2.24
20260609,603439.SH,三力制药,-5.22,15.26,-6010.07,-15.01,-2243.01,-5.6,-3767.06,-9.41,-596.25,-1.49,6606.32,16.5
20260609,688166.SH,XD博瑞医,-1.36,43.38,-6085.95,-18.6,-3444.69,-10.53,-2641.25,-8.07,1556.65,4.76,4529.29,13.84
20260609,601001.SH,晋控煤业,-1.75,21.3,-6125.81,-7.71,-2893.29,-3.64,-3232.52,-4.07,-3132.66,-3.94,9258.47,11.65
20260609,300775.SZ,三角防务,0.54,22.45,-6184.14,-16.29,-2608.15,-6.87,-3575.99,-9.42,3037.29,8.0,3146.85,8.29
20260609,300017.SZ,网宿科技,1.85,14.32,-6205.39,-4.69,561.29,0.42,-6766.67,-5.11,462.25,0.35,5743.13,4.34
20260609,600121.SH,郑州煤电,-7.62,4.85,-6216.18,-6.7,-5289.95,-5.71,-926.23,-1.0,1896.3,2.05,4319.88,4.66
20260609,000966.SZ,长源电力,-8.04,5.03,-6234.16,-5.31,-4219.66,-3.59,-2014.51,-1.72,-69.98,-0.06,6304.15,5.37
20260609,000568.SZ,泸州老窖,-0.13,84.45,-6332.32,-9.68,-211.63,-0.32,-6120.69,-9.36,1914.95,2.93,4417.37,6.75
20260609,603683.SH,晶华新材,-3.32,31.73,-6343.08,-8.63,-8046.0,-10.94,1702.92,2.32,-1620.81,-2.2,7963.89,10.83
20260609,600893.SH,航发动力,-0.2,39.48,-6382.07,-6.72,-5848.95,-6.16,-533.12,-0.56,-616.73,-0.65,6998.8,7.37
20260609,300679.SZ,电连技术,3.91,59.59,-6469.61,-4.6,-4423.41,-3.14,-2046.2,-1.45,-1771.79,-1.26,8241.4,5.86
20260609,300265.SZ,通光线缆,3.66,23.51,-6471.02,-4.21,-5530.09,-3.6,-940.92,-0.61,1271.54,0.83,5199.48,3.38
20260609,300069.SZ,金利华电,-3.52,38.11,-6473.01,-11.52,-1703.92,-3.03,-4769.1,-8.49,-5257.33,-9.36,11730.34,20.88
20260609,600985.SH,淮北矿业,0.59,17.08,-6479.61,-7.06,-6557.73,-7.15,78.12,0.09,-2795.39,-3.05,9274.99,10.11
20260609,600968.SH,海油发展,-3.27,3.84,-6481.14,-22.24,-5203.22,-17.85,-1277.92,-4.39,2632.03,9.03,3849.11,13.21
20260609,688411.SH,海博思创,1.98,252.0,-6617.2,-5.49,-6415.38,-5.32,-201.82,-0.17,7019.52,5.82,-402.32,-0.33
20260609,000559.SZ,万向钱潮,-1.56,14.5,-6624.04,-8.6,-1135.03,-1.47,-5489.01,-7.12,-1155.83,-1.5,7779.87,10.1
20260609,002896.SZ,中大力德,-4.74,90.69,-6653.67,-2.44,-7245.35,-2.66,591.68,0.22,5716.9,2.1,936.77,0.34
20260609,688333.SH,铂力特,0.0,87.21,-6682.52,-7.04,-3569.6,-3.76,-3112.91,-3.28,1401.61,1.48,5280.91,5.56
20260609,688516.SH,奥特维,1.98,55.5,-6745.6,-13.72,-1549.19,-3.15,-5196.41,-10.57,-928.98,-1.89,7674.58,15.61
20260609,300201.SZ,海伦哲,-1.19,18.28,-6749.29,-9.05,-3604.31,-4.83,-3144.99,-4.22,4849.81,6.5,1899.49,2.55
20260609,000537.SZ,绿发电力,-2.36,9.09,-6807.07,-15.49,-3325.54,-7.57,-3481.53,-7.92,1534.0,3.49,5273.07,12.0
20260609,600026.SH,中远海能,0.36,16.81,-6830.35,-7.9,-1715.8,-1.98,-5114.55,-5.91,-1403.46,-1.62,8233.81,9.52
20260609,300883.SZ,龙利得,0.78,6.48,-6851.71,-31.01,-10723.13,-48.53,3871.43,17.52,8067.46,36.51,-1215.76,-5.5
20260609,688531.SH,日联科技,-0.71,180.2,-6974.79,-5.36,-3220.65,-2.47,-3754.13,-2.88,2919.23,2.24,4055.55,3.12
20260609,600545.SH,卓郎智能,1.6,6.35,-6979.44,-6.76,1148.26,1.11,-8127.7,-7.87,4572.22,4.43,2407.21,2.33
20260609,603737.SH,三棵树,-3.87,26.82,-7071.61,-13.02,-2997.82,-5.52,-4073.78,-7.5,-2636.07,-4.85,9707.68,17.87
20260609,300718.SZ,长盛轴承,-2.12,75.37,-7105.41,-8.58,-3142.59,-3.8,-3962.81,-4.79,1634.24,1.97,5471.17,6.61
20260609,300222.SZ,科大智能,-1.1,13.53,-7168.98,-14.6,-1610.32,-3.28,-5558.67,-11.32,1845.92,3.76,5323.06,10.84
20260609,600158.SH,中体产业,-3.7,9.12,-7251.91,-9.9,-2412.44,-3.29,-4839.48,-6.61,1542.77,2.11,5709.15,7.79
20260609,601390.SH,中国中铁,-0.44,4.52,-7268.59,-15.32,-8482.92,-17.88,1214.33,2.56,3119.13,6.57,4149.46,8.74
20260609,603681.SH,永冠新材,2.93,22.85,-7341.56,-12.86,-7099.38,-12.44,-242.18,-0.42,-1276.3,-2.24,8617.86,15.1
20260609,000799.SZ,酒鬼酒,-4.48,40.32,-7349.46,-10.23,-2518.99,-3.5,-4830.46,-6.72,1521.67,2.12,5827.78,8.11
20260609,000039.SZ,中集集团,-0.32,9.4,-7365.52,-8.09,-4066.42,-4.47,-3299.1,-3.63,577.63,0.63,6787.89,7.46
20260609,300115.SZ,长盈精密,-0.4,32.08,-7369.18,-5.0,-5148.94,-3.49,-2220.24,-1.51,-1635.68,-1.11,9004.86,6.11
20260609,601669.SH,中国电建,-0.8,4.98,-7421.3,-11.71,-2972.11,-4.69,-4449.19,-7.02,567.33,0.89,6853.97,10.81
20260609,002897.SZ,意华股份,3.58,85.26,-7473.36,-4.02,-14410.46,-7.74,6937.11,3.73,-900.16,-0.48,8373.52,4.5
20260609,600362.SH,江西铜业,1.2,41.36,-7485.28,-4.08,-3196.46,-1.74,-4288.82,-2.34,404.58,0.22,7080.7,3.86
20260609,300568.SZ,星源材质,9.05,17.72,-7523.63,-2.65,-1118.52,-0.39,-6405.1,-2.25,-3440.74,-1.21,10964.36,3.86
20260609,001330.SZ,博纳影业,-1.57,6.88,-7566.43,-12.29,-2276.55,-3.7,-5289.88,-8.59,183.69,0.3,7382.74,11.99
20260609,600516.SH,方大炭素,-4.59,5.82,-7578.16,-6.94,-2854.67,-2.62,-4723.49,-4.33,3473.3,3.18,4104.86,3.76
20260609,002637.SZ,赞宇科技,-7.03,11.5,-7618.15,-16.56,-5103.68,-11.09,-2514.47,-5.47,670.26,1.46,6947.89,15.1
20260609,002230.SZ,科大讯飞,0.88,44.51,-7661.62,-5.27,-7588.18,-5.22,-73.44,-0.05,4722.42,3.25,2939.2,2.02
20260609,603629.SH,利通电子,-1.0,160.71,-7680.99,-1.37,1243.95,0.22,-8924.94,-1.6,-10567.29,-1.89,18248.28,3.27
20260609,600011.SH,华能国际,0.59,8.46,-7685.22,-4.31,-6661.0,-3.74,-1024.22,-0.57,4882.74,2.74,2802.48,1.57
20260609,600048.SH,保利发展,-1.9,5.17,-7702.21,-11.64,-3334.88,-5.04,-4367.33,-6.6,2192.57,3.31,5509.64,8.33
20260609,300102.SZ,乾照光电,2.07,23.63,-7713.5,-9.36,-608.6,-0.74,-7104.91,-8.62,-1166.41,-1.41,8879.91,10.77
20260609,603203.SH,快克智能,-3.38,53.97,-7714.1,-5.57,-6471.64,-4.67,-1242.46,-0.9,-3715.23,-2.68,11429.33,8.26
20260609,300626.SZ,华瑞股份,-11.26,36.56,-7732.3,-7.69,-4917.96,-4.89,-2814.34,-2.8,5240.65,5.21,2491.66,2.48
20260609,000981.SZ,山子高科,-1.18,3.35,-7770.12,-12.24,-2075.69,-3.27,-5694.44,-8.97,-779.25,-1.23,8549.38,13.47
20260609,688772.SH,珠海冠宇,-1.84,17.06,-7847.76,-6.79,-3727.16,-3.22,-4120.61,-3.56,-1156.37,-1.0,9004.13,7.79
20260609,002856.SZ,*ST美芝,-5.0,25.64,-7863.5,-15.98,-3933.44,-7.99,-3930.06,-7.99,2066.49,4.2,5797.01,11.78
20260609,600711.SH,盛屯矿业,2.71,11.39,-7886.93,-10.32,-5701.31,-7.46,-2185.62,-2.86,3767.04,4.93,4119.89,5.39
20260609,600759.SH,ST洲际,-5.02,2.65,-7921.63,-14.99,-2062.64,-3.9,-5858.99,-11.08,-771.92,-1.46,8693.55,16.45
20260609,603687.SH,大胜达,-4.39,17.44,-7940.07,-10.93,-3897.59,-5.37,-4042.48,-5.57,-524.44,-0.72,8464.51,11.66
20260609,688036.SH,传音控股,-0.74,56.35,-8075.79,-13.8,-2588.38,-4.42,-5487.41,-9.37,2746.06,4.69,5329.73,9.1
20260609,600941.SH,中国移动,-0.77,95.86,-8149.43,-12.83,-2345.28,-3.69,-5804.15,-9.14,976.67,1.54,7172.77,11.29
20260609,603601.SH,XD再升科,-4.36,14.48,-8159.78,-2.95,-855.04,-0.31,-7304.73,-2.64,-8134.28,-2.94,16294.05,5.89
20260609,300450.SZ,先导智能,2.62,44.96,-8178.28,-4.44,-2446.68,-1.33,-5731.6,-3.11,-5923.63,-3.22,14101.91,7.66
20260609,603890.SH,春秋电子,-9.57,25.43,-8242.61,-3.09,-4797.53,-1.8,-3445.08,-1.29,-4894.15,-1.83,13136.76,4.92
20260609,002056.SZ,横店东磁,5.02,27.83,-8277.7,-4.14,-40.53,-0.02,-8237.17,-4.12,-1458.14,-0.73,9735.84,4.87
20260609,688585.SH,上纬新材,-0.94,166.89,-8296.59,-10.32,-3534.77,-4.4,-4761.82,-5.93,1569.67,1.95,6726.93,8.37
20260609,688795.SH,摩尔线程-U,-0.01,615.89,-8303.52,-6.41,-4844.13,-3.74,-3459.39,-2.67,8636.51,6.67,-332.98,-0.26
20260609,601872.SH,招商轮船,1.49,14.35,-8346.55,-6.96,1242.81,1.04,-9589.36,-8.0,-2503.51,-2.09,10850.07,9.05
20260609,002352.SZ,顺丰控股,-1.56,34.04,-8419.25,-11.42,-6893.14,-9.35,-1526.1,-2.07,1047.45,1.42,7371.8,10.0
20260609,002208.SZ,合肥城建,-0.2,15.22,-8470.66,-15.91,-2762.91,-5.19,-5707.74,-10.72,-1210.09,-2.27,9680.75,18.18
20260609,600363.SH,联创光电,-0.32,34.4,-8488.17,-16.99,-5874.65,-11.76,-2613.52,-5.23,1631.44,3.27,6856.72,13.73
20260609,600900.SH,长江电力,0.44,27.63,-8703.76,-3.58,-12294.74,-5.05,3590.98,1.48,-8230.02,-3.38,16933.78,6.96
20260609,603799.SH,华友钴业,2.42,47.85,-9056.28,-3.2,-5908.63,-2.09,-3147.65,-1.11,-5247.25,-1.85,14303.53,5.05
20260609,601016.SH,节能风电,0.0,4.22,-9064.02,-8.72,-9149.53,-8.8,85.51,0.08,2019.71,1.94,7044.31,6.78
20260609,600688.SH,上海石化,-3.96,3.15,-9119.49,-10.09,-6048.6,-6.69,-3070.89,-3.4,548.66,0.61,8570.83,9.48
20260609,002243.SZ,力合科创,-9.94,7.88,-9129.49,-19.69,-7830.75,-16.89,-1298.73,-2.8,2965.27,6.4,6164.22,13.3
20260609,002379.SZ,宏桥控股,-0.74,17.35,-9182.17,-11.61,-564.74,-0.71,-8617.42,-10.89,-6094.28,-7.7,15276.44,19.31
20260609,002031.SZ,巨轮智能,-2.48,6.68,-9243.07,-7.11,-2602.0,-2.0,-6641.07,-5.11,-2591.73,-1.99,11834.8,9.1
20260609,600930.SH,华电新能,-0.34,5.95,-9255.0,-15.57,-9023.6,-15.19,-231.4,-0.39,2694.64,4.53,6560.36,11.04
20260609,301338.SZ,凯格精机,-4.85,223.6,-9440.22,-5.7,-6451.96,-3.9,-2988.26,-1.8,-5149.79,-3.11,14590.01,8.81
20260609,002792.SZ,通宇通讯,-3.0,39.74,-9523.91,-8.31,-4159.73,-3.63,-5364.18,-4.68,-891.41,-0.78,10415.32,9.08
20260609,600426.SH,华鲁恒升,0.04,26.97,-9537.57,-11.17,-1918.77,-2.25,-7618.8,-8.93,2338.86,2.74,7198.71,8.43
20260609,300085.SZ,银之杰,1.83,28.4,-9571.35,-6.36,-6875.9,-4.57,-2695.45,-1.79,2472.9,1.64,7098.45,4.72
20260609,601699.SH,潞安环能,0.11,18.6,-9574.36,-11.4,-4940.49,-5.88,-4633.87,-5.52,335.28,0.4,9239.08,11.0
20260609,300737.SZ,科顺股份,-7.88,6.55,-9724.02,-12.92,-7535.59,-10.01,-2188.43,-2.91,2155.71,2.86,7568.31,10.06
20260609,603619.SH,中曼石油,-7.09,24.12,-9742.05,-11.86,-3852.02,-4.69,-5890.04,-7.17,1773.92,2.16,7968.14,9.7
20260609,002297.SZ,博云新材,2.73,20.35,-9746.82,-8.78,-2485.74,-2.24,-7261.08,-6.54,2048.07,1.84,7698.75,6.94
20260609,000338.SZ,潍柴动力,1.23,30.35,-9794.59,-3.26,-7242.22,-2.41,-2552.37,-0.85,-22185.96,-7.39,31980.55,10.65
20260609,002001.SZ,新 和 成,-0.29,30.76,-9951.55,-9.64,-971.77,-0.94,-8979.78,-8.7,3395.8,3.29,6555.75,6.35
20260609,688818.SH,电科蓝天,-3.29,68.26,-10409.88,-9.99,-5731.6,-5.5,-4678.28,-4.49,4249.51,4.08,6160.37,5.91
20260609,603596.SH,伯特利,-3.85,27.96,-10673.23,-13.69,-5673.8,-7.28,-4999.43,-6.41,689.43,0.88,9983.8,12.81
20260609,300323.SZ,华灿光电,0.0,16.73,-10696.44,-5.97,-3201.11,-1.79,-7495.33,-4.19,-28.26,-0.02,10724.7,5.99
20260609,600938.SH,中国海油,-4.18,35.04,-10832.08,-5.33,-16127.93,-7.93,5295.85,2.6,-356.4,-0.18,11188.47,5.5
20260609,688052.SH,纳芯微,7.82,241.12,-10883.33,-8.83,-3706.36,-3.01,-7176.96,-5.82,11216.51,9.1,-333.18,-0.27
20260609,601857.SH,中国石油,-5.57,10.34,-11033.28,-4.36,-15371.68,-6.08,4338.4,1.72,11380.04,4.5,-346.76,-0.14
20260609,000700.SZ,模塑科技,-2.06,16.17,-11189.48,-8.82,1259.77,0.99,-12449.25,-9.81,985.09,0.78,10204.39,8.04
20260609,300164.SZ,通源石油,-9.54,9.01,-11370.62,-10.37,-4891.61,-4.46,-6479.01,-5.91,-682.11,-0.62,12052.74,10.99
20260609,600078.SH,澄星股份,-8.01,12.28,-11434.01,-12.21,-10902.3,-11.64,-531.71,-0.57,3246.1,3.47,8187.91,8.75
20260609,300657.SZ,弘信电子,3.79,46.03,-11446.24,-3.14,-14140.33,-3.88,2694.1,0.74,10990.81,3.01,455.43,0.12
20260609,601985.SH,中国核电,1.0,9.07,-11471.07,-11.04,-204.51,-0.2,-11266.56,-10.84,7665.12,7.37,3805.95,3.66
20260609,000785.SZ,居然智家,-8.46,2.49,-11514.72,-17.43,-8387.12,-12.7,-3127.6,-4.73,4129.33,6.25,7385.39,11.18
20260609,002602.SZ,世纪华通,-1.51,14.37,-11625.44,-7.62,-12224.39,-8.01,598.95,0.39,956.11,0.63,10669.33,6.99
20260609,002202.SZ,金风科技,1.43,22.0,-11701.39,-5.32,-448.53,-0.2,-11252.85,-5.11,-622.26,-0.28,12323.65,5.6
20260609,002709.SZ,天赐材料,2.26,47.97,-11726.23,-3.14,-2893.22,-0.77,-8833.02,-2.37,2936.28,0.79,8789.96,2.35
20260609,600745.SH,*ST闻泰,-4.97,19.87,-11869.3,-10.75,-7431.42,-6.73,-4437.88,-4.02,1765.13,1.6,10104.17,9.15
20260609,000933.SZ,神火股份,-1.72,26.3,-11883.87,-7.57,-8150.8,-5.19,-3733.07,-2.38,-3799.96,-2.42,15683.82,9.99
20260609,600331.SH,宏达股份,-2.49,12.53,-12019.35,-15.32,-12011.08,-15.31,-8.27,-0.01,2248.4,2.87,9770.95,12.45
20260609,300959.SZ,线上线下,-3.3,170.2,-12106.52,-13.96,-8214.65,-9.47,-3891.87,-4.49,-8628.91,-9.95,20735.43,23.91
20260609,002326.SZ,永太科技,-0.91,22.92,-12296.66,-8.1,-9136.34,-6.02,-3160.32,-2.08,5420.56,3.57,6876.1,4.53
20260609,600809.SH,山西汾酒,-0.95,116.85,-12383.14,-14.17,-4754.21,-5.44,-7628.93,-8.73,2789.61,3.19,9593.53,10.98
20260609,600552.SH,凯盛科技,3.13,22.74,-12859.16,-3.33,-16578.67,-4.29,3719.51,0.96,12772.71,3.3,86.45,0.02
20260609,603859.SH,XD能科科,6.37,52.95,-13007.3,-4.78,-7439.38,-2.73,-5567.92,-2.05,-1408.12,-0.52,14415.42,5.3
20260609,300751.SZ,迈为股份,2.0,210.11,-13024.8,-7.95,-8675.64,-5.3,-4349.16,-2.65,628.44,0.38,12396.36,7.57
20260609,600188.SH,兖矿能源,-1.98,24.7,-13120.65,-8.26,-13963.16,-8.79,842.51,0.53,6072.53,3.82,7048.12,4.44
20260609,002579.SZ,中京电子,-0.48,16.74,-13243.4,-5.45,-2393.9,-0.98,-10849.5,-4.46,285.96,0.12,12957.44,5.33
20260609,002929.SZ,润建股份,-0.43,62.06,-13451.94,-12.9,-4029.71,-3.86,-9422.23,-9.04,-5701.59,-5.47,19153.52,18.37
20260609,300124.SZ,汇川技术,0.11,74.6,-13797.38,-4.29,2915.92,0.91,-16713.31,-5.2,5420.65,1.69,8376.73,2.6
20260609,601919.SH,中远海控,-1.4,14.81,-13849.45,-9.35,-13143.6,-8.87,-705.84,-0.48,5003.91,3.38,8845.53,5.97
20260609,601666.SH,平煤股份,-2.97,9.46,-14165.26,-14.81,-8601.99,-8.99,-5563.26,-5.82,363.37,0.38,13801.88,14.43
20260609,600256.SH,广汇能源,-5.65,6.18,-14227.68,-12.41,-5887.25,-5.13,-8340.43,-7.27,1920.89,1.67,12306.79,10.73
20260609,688507.SH,索辰科技,4.74,235.79,-14845.86,-4.73,-15572.94,-4.96,727.08,0.23,16591.13,5.29,-1745.27,-0.56
20260609,603678.SH,火炬电子,5.19,59.62,-14894.32,-3.28,-10726.12,-2.37,-4168.2,-0.92,-139.87,-0.03,15034.19,3.32
20260609,000983.SZ,山西焦煤,-0.93,7.46,-14898.76,-17.42,-4891.08,-5.72,-10007.69,-11.7,3539.32,4.14,11359.45,13.29
20260609,688041.SH,海光信息,3.27,268.18,-14919.14,-1.8,36641.79,4.42,-51560.93,-6.23,16552.67,2.0,-1633.53,-0.2
20260609,603119.SH,浙江荣泰,0.62,72.9,-14975.45,-9.84,-6826.96,-4.49,-8148.49,-5.36,361.01,0.24,14614.44,9.61
20260609,301313.SZ,凡拓数创,9.54,64.63,-15268.56,-6.56,-13800.8,-5.93,-1467.76,-0.63,7965.31,3.42,7303.25,3.14
20260609,688690.SH,纳微科技,-6.82,35.0,-15285.4,-17.97,-9422.49,-11.08,-5862.91,-6.89,2174.83,2.56,13110.57,15.42
20260609,600875.SH,东方电气,2.48,31.8,-15311.37,-9.54,-6099.97,-3.8,-9211.41,-5.74,13788.25,8.59,1523.12,0.95
20260609,300503.SZ,昊志机电,-0.48,86.59,-15984.59,-6.11,-8007.56,-3.06,-7977.03,-3.05,5651.74,2.16,10332.85,3.95
20260609,600726.SH,华电能源,2.84,9.05,-16042.94,-5.3,-1446.94,-0.48,-14596.0,-4.82,-5099.06,-1.68,21142.0,6.99
20260609,600036.SH,招商银行,-0.03,38.49,-16670.16,-6.51,-14442.73,-5.64,-2227.42,-0.87,4824.91,1.89,11845.25,4.63
20260609,600160.SH,巨化股份,-1.13,37.72,-16821.98,-6.42,-11648.69,-4.45,-5173.29,-1.98,-374.46,-0.14,17196.44,6.57
20260609,600150.SH,中国船舶,-0.52,34.65,-17160.57,-5.79,720.93,0.24,-17881.49,-6.03,-8262.54,-2.79,25423.11,8.58
20260609,601918.SH,新集能源,-2.89,10.09,-17369.45,-19.67,-15139.04,-17.14,-2230.41,-2.53,2654.91,3.01,14714.54,16.66
20260609,601615.SH,明阳智能,-1.37,12.93,-17690.94,-15.86,-6565.35,-5.88,-11125.59,-9.97,1545.56,1.39,16145.38,14.47
20260609,002407.SZ,多氟多,0.92,33.94,-17807.12,-3.69,-5956.51,-1.23,-11850.61,-2.45,3891.41,0.81,13915.71,2.88
20260609,002594.SZ,比亚迪,0.77,91.89,-18029.88,-7.04,-469.86,-0.18,-17560.02,-6.85,3180.74,1.24,14849.14,5.8
20260609,002361.SZ,神剑股份,-4.0,17.75,-18500.85,-3.59,-5038.81,-0.98,-13462.04,-2.62,2716.6,0.53,15784.25,3.07
20260609,002613.SZ,北玻股份,-4.95,5.19,-18658.08,-12.55,-21055.96,-14.17,2397.87,1.61,7148.21,4.81,11509.88,7.74
20260609,000651.SZ,格力电器,-0.6,37.88,-18863.32,-12.57,-7606.58,-5.07,-11256.74,-7.5,4089.2,2.72,14774.12,9.84
20260609,688195.SH,腾景科技,-1.24,212.33,-19090.27,-6.1,9802.93,3.13,-28893.2,-9.24,20022.38,6.4,-932.11,-0.3
20260609,300408.SZ,三环集团,14.73,141.02,-20035.61,-1.76,-26518.72,-2.32,6483.11,0.57,-490.18,-0.04,20525.79,1.8
20260609,600519.SH,贵州茅台,-0.55,1256.0,-20052.19,-5.73,-12692.44,-3.63,-7359.75,-2.1,20069.26,5.73,-17.08,0.0
20260609,603516.SH,淳中科技,-3.49,124.81,-20810.5,-15.44,-12271.45,-9.1,-8539.05,-6.33,-559.61,-0.42,21370.11,15.85
20260609,000547.SZ,航天发展,-2.89,19.49,-21041.96,-10.45,-10165.09,-5.05,-10876.87,-5.4,-4617.83,-2.29,25659.79,12.74
20260609,300179.SZ,四方达,-0.44,44.8,-21072.22,-8.26,-18283.44,-7.17,-2788.77,-1.09,1230.28,0.48,19841.93,7.78
20260609,603993.SH,洛阳钼业,0.95,17.05,-21569.75,-4.83,661.48,0.15,-22231.23,-4.98,-7305.93,-1.64,28875.67,6.46
20260609,002565.SZ,顺灏股份,-3.23,15.6,-22018.45,-13.98,-7123.2,-4.52,-14895.25,-9.45,-1018.81,-0.65,23037.26,14.62
20260609,601127.SH,赛力斯,-1.63,71.71,-22758.15,-13.28,-15550.88,-9.08,-7207.28,-4.21,1650.59,0.96,21107.56,12.32
20260609,603319.SH,XD美湖股,-9.99,37.3,-22994.64,-17.9,-29760.17,-23.17,6765.53,5.27,11132.75,8.67,11861.89,9.24
20260609,600418.SH,江淮汽车,-2.44,32.75,-23435.26,-12.09,-13676.06,-7.06,-9759.2,-5.04,-159.36,-0.08,23594.62,12.18
20260609,605020.SH,永和股份,-3.27,31.7,-24218.42,-22.02,-12602.96,-11.46,-11615.46,-10.56,-3519.91,-3.2,27738.32,25.23
20260609,688635.SH,长进光子,-3.33,547.77,-24497.68,-11.18,-12470.44,-5.69,-12027.24,-5.49,24775.28,11.31,-277.6,-0.13
20260609,603667.SH,五洲新春,-2.02,73.08,-24814.44,-10.96,-15420.54,-6.81,-9393.9,-4.15,3560.06,1.57,21254.38,9.39
20260609,601225.SH,陕西煤业,-2.88,27.0,-25030.0,-13.89,-8809.15,-4.89,-16220.85,-9.0,10512.76,5.83,14517.24,8.05
20260609,000858.SZ,五 粮 液,-1.06,79.11,-25070.13,-14.48,-10858.64,-6.27,-14211.49,-8.21,-1465.5,-0.85,26535.63,15.33
20260609,601868.SH,中国能建,-1.43,2.76,-25716.12,-16.66,-18397.93,-11.92,-7318.19,-4.74,2903.51,1.88,22812.61,14.78
20260609,600118.SH,中国卫星,-2.86,79.85,-25847.0,-6.8,-15437.04,-4.06,-10409.96,-2.74,3224.1,0.85,22622.9,5.95
20260609,600028.SH,中国石化,-2.24,4.79,-25958.11,-17.44,-24790.24,-16.66,-1167.87,-0.78,13631.5,9.16,12326.61,8.28
20260609,001267.SZ,汇绿生态,3.55,50.78,-25997.91,-11.93,5519.76,2.53,-31517.67,-14.46,2154.15,0.99,23843.76,10.94
20260609,002645.SZ,华宏科技,4.36,32.8,-26057.64,-8.78,-20218.97,-6.82,-5838.67,-1.97,9903.2,3.34,16154.44,5.45
20260609,600580.SH,卧龙电驱,-1.69,38.37,-26315.72,-14.14,-13207.1,-7.1,-13108.62,-7.05,-1088.87,-0.59,27404.59,14.73
20260609,600989.SH,宝丰能源,-3.6,22.75,-26612.28,-12.91,-6063.0,-2.94,-20549.28,-9.97,1578.32,0.77,25033.96,12.14
20260609,601689.SH,拓普集团,-0.51,67.75,-26763.33,-8.23,-20568.12,-6.33,-6195.21,-1.91,7985.8,2.46,18777.54,5.78
20260609,600309.SH,万华化学,-0.72,69.25,-31028.81,-14.59,-13981.79,-6.57,-17047.01,-8.01,-103.92,-0.05,31132.73,14.64
20260609,600378.SH,昊华科技,5.14,52.8,-32996.48,-6.13,-37817.25,-7.02,4820.78,0.9,16063.82,2.98,16932.66,3.14
20260609,688017.SH,绿的谐波,-1.89,420.17,-33348.73,-3.95,-54127.22,-6.4,20778.49,2.46,34332.38,4.06,-983.65,-0.12
20260609,002149.SZ,西部材料,-4.95,60.24,-36169.52,-11.66,-18109.94,-5.84,-18059.58,-5.82,-1190.57,-0.38,37360.09,12.04
20260609,603011.SH,合锻智能,-2.26,29.0,-36618.91,-13.32,-21293.85,-7.75,-15325.05,-5.58,-1137.29,-0.41,37756.2,13.74
20260609,600089.SH,特变电工,-1.8,23.51,-36626.1,-9.97,-21545.53,-5.87,-15080.58,-4.11,2005.16,0.55,34620.94,9.43
20260609,601899.SH,紫金矿业,1.5,28.47,-37475.97,-5.32,-10170.22,-1.44,-27305.75,-3.87,7421.9,1.05,30054.07,4.26
20260609,001337.SZ,四川黄金,-5.59,41.23,-38213.38,-39.81,-6345.52,-6.61,-31867.86,-33.2,15798.32,16.46,22415.06,23.35
20260609,002050.SZ,三花智控,0.23,47.49,-38686.06,-6.16,-27748.94,-4.42,-10937.12,-1.74,9012.28,1.44,29673.77,4.73
20260609,300136.SZ,信维通信,-0.63,103.0,-40196.24,-4.38,-24749.84,-2.7,-15446.4,-1.68,11144.69,1.21,29051.55,3.16
20260609,600522.SH,中天科技,9.99,54.48,-44510.67,-1.78,-126489.96,-5.06,81979.29,3.28,37971.56,1.52,6539.13,0.26
20260609,301666.SZ,大普微-UW,-1.8,766.0,-44940.77,-9.79,-37017.83,-8.07,-7922.94,-1.73,45048.88,9.82,-108.11,-0.02
20260609,002463.SZ,沪电股份,2.99,141.09,-58237.35,-3.39,25948.71,1.51,-84186.06,-4.9,58544.38,3.41,-307.05,-0.02
20260609,300750.SZ,宁德时代,1.65,399.5,-66562.17,-6.09,-9663.74,-0.88,-56898.44,-5.21,-8491.66,-0.78,75053.83,6.87
20260609,603259.SH,药明康德,-2.63,93.48,-79742.85,-10.56,-34137.92,-4.52,-45604.93,-6.04,28183.95,3.73,51558.9,6.83
20260609,002281.SZ,光迅科技,1.56,210.22,-80727.07,-6.74,-83943.13,-7.01,3216.06,0.27,31203.98,2.6,49523.09,4.13
20260609,002421.SZ,达实智能,-0.52,5.7,-100012.83,-17.84,-52711.58,-9.4,-47301.25,-8.44,27466.9,4.9,72545.92,12.94
20260609,920000.BJ,安徽凤凰,-1.47,14.1,0.82,0.08,0.0,0.0,0.82,0.08,-78.4,-7.26,-201.75,-18.68
20260609,920001.BJ,纬达光电,-1.55,17.18,371.56,3.98,0.0,0.0,371.56,3.98,-752.64,-8.07,-367.56,-3.94
20260609,920002.BJ,万达轴承,-2.16,69.3,-911.47,-4.76,541.55,2.83,-1453.01,-7.6,-762.28,-3.98,93.34,0.49
20260609,920003.BJ,中诚咨询,0.1,28.77,0.0,0.0,0.0,0.0,0.0,0.0,-84.67,-15.86,-46.77,-8.76
20260609,920005.BJ,鼎佳精密,-1.89,31.63,54.84,2.39,0.0,0.0,54.84,2.39,-127.25,-5.55,-95.99,-4.19
20260609,920006.BJ,晟楠科技,-2.02,16.95,69.8,3.33,0.0,0.0,69.8,3.33,-138.86,-6.63,-137.71,-6.58
20260609,920007.BJ,酉立智能,-0.53,43.18,29.6,4.33,0.0,0.0,29.6,4.33,-18.01,-2.64,-43.51,-6.37
20260609,920008.BJ,成电光信,0.92,24.02,-43.67,-1.85,0.0,0.0,-43.67,-1.85,-111.68,-4.74,-77.58,-3.29
20260609,920009.BJ,丹娜生物,-0.75,36.96,-23.83,-5.23,0.0,0.0,-23.83,-5.23,-85.17,-18.68,-26.42,-5.79
20260609,920010.BJ,凯添燃气,-3.07,10.75,-500.97,-7.12,-102.96,-1.46,-398.01,-5.66,-203.01,-2.88,-108.17,-1.54
20260609,920014.BJ,特瑞斯,-4.72,9.69,-366.06,-12.2,0.0,0.0,-366.06,-12.2,-236.85,-7.9,-34.41,-1.15
20260609,920015.BJ,锦华新材,2.83,47.25,89.74,0.66,-78.66,-0.58,168.39,1.23,-154.91,-1.13,114.92,0.84
20260609,920016.BJ,中草香料,-1.26,14.9,-24.2,-3.62,0.0,0.0,-24.2,-3.62,-86.63,-12.97,-14.96,-2.24
20260609,920045.BJ,蘅东光,3.62,538.82,11602.75,16.42,8301.29,11.75,3301.46,4.67,846.29,1.2,-15.67,-0.02
20260609,920056.BJ,能之光,16.58,24.05,1293.34,8.23,821.55,5.23,471.79,3.0,18.46,0.12,1.65,0.01
20260609,920060.BJ,万源通,6.18,31.62,1135.45,5.58,-44.16,-0.22,1179.61,5.79,-407.24,-2.0,-247.99,-1.22
20260609,920062.BJ,科润智控,0.18,10.98,160.71,2.73,0.0,0.0,160.71,2.73,-276.82,-4.7,5.41,0.09
20260609,920082.BJ,方正阀门,-2.48,9.43,-22.45,-2.17,0.0,0.0,-22.45,-2.17,-146.0,-14.08,-62.75,-6.05
20260609,920080.BJ,奥美森,0.51,23.85,25.37,2.23,0.0,0.0,25.37,2.23,-67.77,-5.95,-51.46,-4.52
20260609,920088.BJ,科力股份,-5.61,41.39,-3293.11,-10.62,-1013.24,-3.27,-2279.87,-7.35,719.96,2.32,241.3,0.78
20260609,920130.BJ,立方控股,-0.52,17.25,-44.17,-2.67,0.0,0.0,-44.17,-2.67,-231.02,-13.98,-148.42,-8.98
20260609,920132.BJ,泰鹏智能,-1.55,12.1,-58.67,-7.65,0.0,0.0,-58.67,-7.65,-58.69,-7.65,-8.35,-1.09
20260609,920139.BJ,华岭股份,4.64,18.71,801.47,6.13,-172.62,-1.32,974.1,7.46,440.71,3.37,-13.88,-0.11
20260609,920145.BJ,恒合股份,-2.52,12.38,0.0,0.0,0.0,0.0,0.0,0.0,-54.11,-5.55,-118.4,-12.14
20260609,920146.BJ,华阳变速,-3.65,6.07,125.13,6.86,0.0,0.0,125.13,6.86,-214.5,-11.77,-198.32,-10.88
20260609,920149.BJ,旭杰科技,-2.51,8.93,17.91,2.32,0.0,0.0,17.91,2.32,-77.26,-10.03,-96.95,-12.58
20260609,920152.BJ,昆工科技,-3.09,22.29,-1660.65,-16.13,-130.79,-1.27,-1529.85,-14.86,-844.56,-8.2,-266.66,-2.59
20260609,920158.BJ,长江能科,-5.64,10.2,-399.58,-9.33,165.64,3.87,-565.22,-13.2,-547.91,-12.79,-164.27,-3.83
20260609,920160.BJ,北矿检测,-0.42,21.27,-126.49,-11.78,0.0,0.0,-126.49,-11.78,-113.7,-10.59,-4.85,-0.45
20260609,920163.BJ,方大新材,-1.0,10.89,0.0,0.0,0.0,0.0,0.0,0.0,-49.39,-7.5,-132.86,-20.17
20260609,920167.BJ,同享科技,0.32,18.78,196.73,3.79,110.46,2.13,86.27,1.66,-514.9,-9.92,-78.92,-1.52
20260609,920438.BJ,戈碧迦,5.5,93.66,131.89,0.1,-1598.1,-1.25,1729.99,1.35,1996.2,1.56,203.23,0.16
20260609,920455.BJ,汇隆活塞,-2.11,6.96,0.0,0.0,0.0,0.0,0.0,0.0,-57.78,-13.69,-48.12,-11.4
20260609,920475.BJ,三友科技,-2.04,13.94,-95.27,-5.73,0.0,0.0,-95.27,-5.73,-347.91,-20.91,-123.81,-7.44
20260609,920476.BJ,海能技术,-0.54,20.34,1289.72,23.64,1502.05,27.54,-212.33,-3.89,-479.5,-8.79,-111.44,-2.04
20260609,920407.BJ,驰诚股份,-1.38,15.73,13.01,1.02,0.0,0.0,13.01,1.02,-209.44,-16.36,-37.25,-2.91
20260609,920508.BJ,殷图网联,-2.86,17.0,89.86,5.79,109.43,7.04,-19.57,-1.26,-293.89,-18.92,-160.18,-10.31
20260609,920527.BJ,夜光明,-1.05,15.03,-61.14,-5.66,0.0,0.0,-61.14,-5.66,-96.83,-8.96,-40.17,-3.72
20260609,920855.BJ,浙江大农,-3.64,13.75,84.46,15.2,0.0,0.0,84.46,15.2,-17.54,-3.16,-87.8,-15.8
20260609,920834.BJ,三维装备,-1.41,10.5,-12.82,-1.47,0.0,0.0,-12.82,-1.47,-212.88,-24.33,-108.24,-12.37
20260609,920866.BJ,绿亨科技,-1.04,6.69,-145.15,-18.48,0.0,0.0,-145.15,-18.48,-18.29,-2.33,-1.47,-0.19
20260609,920870.BJ,恒进感应,-0.07,14.72,-50.96,-2.98,0.0,0.0,-50.96,-2.98,-233.52,-13.66,-70.79,-4.14
20260609,920792.BJ,东和新材,1.9,10.72,127.62,7.39,156.39,9.06,-28.77,-1.67,32.35,1.87,-68.04,-3.94
20260609,920808.BJ,曙光数创,4.65,78.28,2503.66,11.28,371.71,1.67,2131.95,9.6,858.41,3.87,-162.59,-0.73
20260609,920873.BJ,中设咨询,-3.42,7.91,-493.12,-14.17,-228.1,-6.55,-265.02,-7.62,-409.49,-11.77,-28.75,-0.83
20260609,920885.BJ,星辰科技,-2.49,15.28,314.44,6.25,0.0,0.0,314.44,6.25,-291.44,-5.79,-205.5,-4.08
20260609,920892.BJ,广咨国际,-1.41,12.55,60.09,5.05,0.0,0.0,60.09,5.05,-78.73,-6.62,-70.88,-5.96
20260609,920856.BJ,浩淼科技,-3.54,10.63,151.65,8.45,0.0,0.0,151.65,8.45,-286.56,-15.98,-242.8,-13.54
20260609,920978.BJ,开特股份,0.04,25.68,-4.93,-0.04,-265.25,-2.03,260.32,1.99,-169.64,-1.3,-69.02,-0.53
20260609,920580.BJ,科创新材,-2.89,13.44,-183.38,-2.7,0.0,0.0,-183.38,-2.7,-501.07,-7.37,-156.93,-2.31
20260609,920035.BJ,精创电气,-0.07,28.4,170.2,9.54,0.0,0.0,170.2,9.54,-154.69,-8.67,-66.27,-3.71
20260609,920970.BJ,大禹生物,-2.24,6.12,0.0,0.0,0.0,0.0,0.0,0.0,-96.99,-18.08,-51.36,-9.58
20260609,920018.BJ,宏远股份,0.33,18.31,-183.04,-8.82,0.0,0.0,-183.04,-8.82,-127.74,-6.16,18.93,0.91
20260609,920106.BJ,林泰新材,-0.58,46.56,-65.6,-2.35,0.0,0.0,-65.6,-2.35,-352.69,-12.62,-59.6,-2.13
20260609,920263.BJ,中航泰达,-4.09,8.2,106.93,11.66,0.0,0.0,106.93,11.66,-5.24,-0.57,-105.06,-11.46
20260609,920190.BJ,雷神科技,-2.92,28.9,-1010.91,-2.93,-1340.97,-3.89,330.06,0.96,-1346.13,-3.9,52.21,0.15
20260609,920037.BJ,广信科技,2.47,47.76,445.4,5.26,-115.87,-1.37,561.26,6.63,-318.72,-3.76,-38.08,-0.45
20260609,920208.BJ,青矩技术,3.01,14.72,-113.98,-4.44,0.0,0.0,-113.98,-4.44,78.11,3.04,67.33,2.62
20260609,920186.BJ,中科仪,5.48,93.55,13127.18,12.85,7691.02,7.53,5436.16,5.32,2153.49,2.11,66.76,0.07
20260609,920185.BJ,贝特瑞,0.25,27.88,-31.63,-0.15,-128.07,-0.59,96.44,0.45,-859.25,-3.97,-97.63,-0.45
20260609,920184.BJ,国源科技,-0.92,12.9,-0.41,-0.02,0.0,0.0,-0.41,-0.02,-190.57,-10.03,-85.4,-4.49
20260609,920111.BJ,聚星科技,-1.93,33.6,-1296.5,-6.82,-482.36,-2.54,-814.15,-4.28,-755.86,-3.98,-82.77,-0.44
20260609,920046.BJ,亿能电力,0.11,28.29,0.07,0.0,-115.63,-0.78,115.7,0.78,-106.01,-0.72,-153.45,-1.04
20260609,920171.BJ,志晟信息,-2.06,19.99,-549.08,-7.64,-114.59,-1.59,-434.49,-6.05,-557.82,-7.76,-26.6,-0.37
20260609,920098.BJ,科隆新材,-1.32,23.1,-72.28,-2.78,118.72,4.56,-191.0,-7.34,-76.0,-2.92,-63.1,-2.42
20260609,920128.BJ,胜业电气,-2.46,30.51,-780.2,-4.47,-284.03,-1.63,-496.18,-2.84,-944.78,-5.41,-233.39,-1.34
20260609,920121.BJ,江天科技,0.0,33.3,-49.95,-7.07,0.0,0.0,-49.95,-7.07,24.34,3.45,-6.54,-0.93
20260609,920086.BJ,科马材料,5.05,28.49,-332.63,-4.95,0.0,0.0,-332.63,-4.95,312.2,4.65,37.38,0.56
20260609,920116.BJ,星图测控,2.91,66.2,807.57,2.5,873.13,2.7,-65.56,-0.2,-209.61,-0.65,228.95,0.71
20260609,920112.BJ,巴兰仕,-0.67,28.26,0.0,0.0,0.0,0.0,0.0,0.0,-61.47,-14.48,-27.84,-6.56
20260609,920223.BJ,荣亿精密,0.68,16.24,108.74,1.96,254.42,4.59,-145.68,-2.63,-355.72,-6.41,47.26,0.85
20260609,920237.BJ,力佳科技,1.33,16.8,55.48,2.62,0.0,0.0,55.48,2.62,103.02,4.87,-62.93,-2.97
20260609,920090.BJ,*ST同辉,0.25,4.04,0.0,0.0,0.0,0.0,0.0,0.0,-184.71,-33.41,-32.65,-5.91
20260609,920509.BJ,同惠电子,3.61,35.27,1378.3,6.55,527.07,2.5,851.23,4.04,-662.68,-3.15,-126.17,-0.6
20260609,920976.BJ,视声智能,-4.19,20.82,-184.62,-8.0,107.53,4.66,-292.15,-12.66,-202.21,-8.76,-91.01,-3.94
20260609,920992.BJ,中科美菱,-1.42,13.19,99.96,10.24,0.0,0.0,99.96,10.24,-23.33,-2.39,-171.94,-17.61
20260609,920799.BJ,艾融软件,0.2,30.44,-48.72,-0.75,202.46,3.12,-251.18,-3.88,-389.18,-6.01,-48.39,-0.75
20260609,920641.BJ,格利尔,-3.28,16.83,-224.98,-4.96,-102.95,-2.27,-122.03,-2.69,-254.88,-5.62,-256.47,-5.65
20260609,920932.BJ,科达自控,-2.31,16.95,-425.36,-4.67,289.88,3.18,-715.24,-7.85,-100.69,-1.1,14.71,0.16
20260609,920964.BJ,润农节水,-1.7,5.19,33.55,2.3,0.0,0.0,33.55,2.3,-107.13,-7.33,-107.78,-7.38
20260609,920188.BJ,悦龙科技,-1.47,26.82,-188.56,-5.42,0.0,0.0,-188.56,-5.42,-466.02,-13.4,-56.97,-1.64
20260609,920953.BJ,国子软件,1.42,27.95,201.35,4.28,0.0,0.0,201.35,4.28,-253.83,-5.4,-46.12,-0.98
20260609,920753.BJ,天纺标,0.06,16.2,0.0,0.0,0.0,0.0,0.0,0.0,-48.8,-7.12,-112.0,-16.34
20260609,920663.BJ,明阳科技,-1.57,15.01,64.15,3.39,0.0,0.0,64.15,3.39,-62.69,-3.31,-90.11,-4.76
20260609,920946.BJ,森萱医药,0.96,9.43,-307.2,-13.36,0.0,0.0,-307.2,-13.36,148.43,6.46,147.05,6.4
20260609,920028.BJ,新恒泰,-1.72,18.9,-51.22,-0.78,-230.31,-3.5,179.09,2.72,-734.33,-11.17,-200.22,-3.05
20260609,920207.BJ,众诚科技,-2.34,25.83,-482.14,-6.84,0.0,0.0,-482.14,-6.84,-958.26,-13.6,-222.86,-3.16
20260609,920491.BJ,奥迪威,0.07,29.11,-160.35,-0.96,-317.54,-1.91,157.19,0.94,-180.34,-1.08,-246.75,-1.48
20260609,920826.BJ,盖世食品,4.09,10.7,797.23,8.64,140.71,1.53,656.52,7.12,314.3,3.41,-192.43,-2.09
20260609,920096.BJ,嘉晨智能,-7.36,67.0,-2759.81,-9.27,-316.01,-1.06,-2443.8,-8.21,-1147.07,-3.85,-58.72,-0.2
20260609,920076.BJ,国亮新材,-1.29,14.51,-146.76,-4.2,0.0,0.0,-146.76,-4.2,-116.21,-3.33,-1.04,-0.03
20260609,920396.BJ,常辅股份,-1.07,25.88,217.11,3.27,270.07,4.07,-52.97,-0.8,-310.2,-4.68,-102.94,-1.55
20260609,920770.BJ,艾能聚,-2.12,13.4,-213.2,-2.83,-104.31,-1.39,-108.89,-1.45,-834.37,-11.09,-273.31,-3.63
20260609,920168.BJ,通宝光电,0.1,19.12,-54.02,-5.46,0.0,0.0,-54.02,-5.46,-132.37,-13.37,-80.67,-8.15
20260609,920078.BJ,族兴新材,-0.63,33.22,-838.01,-6.04,63.24,0.46,-901.25,-6.5,-977.82,-7.05,-94.65,-0.68
20260609,920156.BJ,海昌智能,-0.05,60.93,-1115.05,-7.59,133.06,0.91,-1248.11,-8.5,-443.47,-3.02,39.37,0.27
20260609,920178.BJ,锐翔智能,-4.97,142.01,-4796.09,-12.33,-1338.36,-3.44,-3457.73,-8.89,-102.03,-0.26,268.58,0.69
20260609,920180.BJ,爱得科技,-2.38,13.96,110.13,10.29,0.0,0.0,110.13,10.29,-36.77,-3.44,-107.94,-10.09
20260609,920036.BJ,觅睿科技,0.08,48.99,-383.2,-2.14,192.14,1.08,-575.34,-3.22,-364.43,-2.04,108.07,0.6
20260609,920057.BJ,百甲科技,-3.74,5.41,84.7,5.48,0.0,0.0,84.7,5.48,-196.13,-12.69,-60.58,-3.92
20260609,920033.BJ,康普化学,0.0,15.82,111.02,7.25,0.0,0.0,111.02,7.25,49.64,3.24,-22.72,-1.48
20260609,920039.BJ,国义招标,-1.9,8.26,115.36,14.28,0.0,0.0,115.36,14.28,-114.74,-14.2,-122.88,-15.21
20260609,920068.BJ,天工股份,-2.23,17.95,-458.29,-15.29,-141.36,-4.72,-316.93,-10.58,-135.13,-4.51,-93.11,-3.11
20260609,920030.BJ,德众汽车,-1.95,5.03,-66.83,-11.63,0.0,0.0,-66.83,-11.63,-3.66,-0.64,-56.26,-9.79
20260609,920425.BJ,乐创技术,4.19,27.61,1353.07,9.76,1047.34,7.56,305.73,2.21,-334.26,-2.41,-84.63,-0.61
20260609,920765.BJ,美之高,-1.46,13.5,-207.45,-14.29,0.0,0.0,-207.45,-14.29,-166.37,-11.46,-136.62,-9.41
20260609,920706.BJ,铁拓机械,-1.48,19.91,103.73,3.18,0.0,0.0,103.73,3.18,-226.84,-6.95,-143.06,-4.38
20260609,920718.BJ,合肥高科,-2.82,11.04,28.43,2.76,0.0,0.0,28.43,2.76,-4.44,-0.43,-178.14,-17.32
20260609,920725.BJ,惠丰钻石,-10.53,74.26,-7081.96,-9.0,-3143.13,-3.99,-3938.83,-5.0,-980.99,-1.25,91.03,0.12
20260609,920748.BJ,路桥信息,-3.16,26.99,44.89,2.2,0.0,0.0,44.89,2.2,-318.4,-15.6,-124.12,-6.08
20260609,920729.BJ,永顺生物,-0.55,7.23,-20.92,-5.96,0.0,0.0,-20.92,-5.96,-46.8,-13.32,-39.33,-11.2
20260609,920627.BJ,力王股份,1.63,18.65,-102.08,-3.54,0.0,0.0,-102.08,-3.54,74.24,2.58,34.5,1.2
20260609,920781.BJ,瑞奇智造,-2.54,6.51,9.92,0.69,0.0,0.0,9.92,0.69,-200.43,-14.0,-161.75,-11.3
20260609,920717.BJ,瑞星股份,-2.62,7.8,25.65,2.56,0.0,0.0,25.65,2.56,-152.14,-15.15,-108.16,-10.77
20260609,920807.BJ,奔朗新材,2.02,12.65,-185.07,-2.45,123.7,1.64,-308.77,-4.08,34.68,0.46,148.47,1.96
20260609,920802.BJ,保丽洁,-1.22,12.17,0.0,0.0,0.0,0.0,0.0,0.0,-12.75,-2.55,-81.88,-16.37
20260609,920751.BJ,惠同新材,4.72,24.4,617.57,13.13,0.0,0.0,617.57,13.13,162.92,3.46,128.88,2.74
20260609,920806.BJ,云星宇,0.44,11.45,258.33,5.55,108.38,2.33,149.95,3.22,-299.09,-6.42,-194.57,-4.18
20260609,920810.BJ,春光智能,-3.73,9.56,24.18,2.41,0.0,0.0,24.18,2.41,-182.47,-18.17,-216.85,-21.6
20260609,920809.BJ,安达科技,2.95,8.38,740.35,4.95,121.61,0.81,618.73,4.13,-34.79,-0.23,42.45,0.28
20260609,920857.BJ,泓禧科技,5.35,19.3,659.57,9.76,111.07,1.64,548.5,8.12,328.65,4.86,19.79,0.29
20260609,920879.BJ,基康技术,-2.55,16.83,-48.44,-1.79,0.0,0.0,-48.44,-1.79,-249.52,-9.2,-55.18,-2.03
20260609,920876.BJ,慧为智能,4.4,23.74,548.59,5.43,0.0,0.0,548.59,5.43,-312.93,-3.1,-54.4,-0.54
20260609,920895.BJ,花溪科技,-2.72,14.28,43.24,5.4,0.0,0.0,43.24,5.4,18.92,2.36,-94.22,-11.77
20260609,920821.BJ,则成电子,7.49,25.12,2013.93,10.12,498.19,2.5,1515.74,7.61,213.99,1.07,-206.42,-1.04
20260609,920768.BJ,拾比佰,-0.13,7.98,-20.13,-2.05,0.0,0.0,-20.13,-2.05,-28.23,-2.87,-226.97,-23.08
20260609,920786.BJ,骑士乳业,-2.06,7.61,-345.35,-7.73,0.0,0.0,-345.35,-7.73,-284.82,-6.38,-67.54,-1.51
20260609,920833.BJ,美心翼申,0.07,14.56,-168.88,-14.05,-108.92,-9.06,-59.97,-4.99,-11.2,-0.93,-101.12,-8.41
20260609,920726.BJ,朱老六,-1.11,17.88,-457.9,-7.88,0.0,0.0,-457.9,-7.88,-41.14,-0.71,-44.23,-0.76
20260609,920368.BJ,连城数控,3.75,36.28,2065.07,5.79,1048.91,2.94,1016.15,2.85,115.5,0.32,-117.64,-0.33
20260609,920871.BJ,派特尔,-0.38,13.0,0.0,0.0,0.0,0.0,0.0,0.0,-16.28,-3.09,-37.11,-7.04
20260609,920119.BJ,美德乐,0.16,55.3,-22.63,-1.06,0.0,0.0,-22.63,-1.06,-246.44,-11.5,-109.96,-5.13
20260609,920101.BJ,志高机械,0.03,30.35,-43.47,-5.94,0.0,0.0,-43.47,-5.94,-58.48,-7.99,-44.35,-6.06
20260609,920266.BJ,生物谷,-1.51,7.18,0.0,0.0,0.0,0.0,0.0,0.0,-119.07,-26.05,-30.11,-6.59
20260609,920357.BJ,雅葆轩,29.98,24.41,16910.99,57.29,11280.85,38.21,5630.14,19.07,1696.41,5.75,383.47,1.3
20260609,920161.BJ,龙辰科技,-7.42,51.01,-2350.63,-2.47,213.33,0.22,-2563.96,-2.69,-759.09,-0.8,14.69,0.02
20260609,920159.BJ,农大科技,-3.12,33.21,305.54,9.26,108.44,3.29,197.1,5.97,-657.87,-19.94,-61.11,-1.85
20260609,920779.BJ,武汉蓝电,1.21,29.18,117.08,5.45,0.0,0.0,117.08,5.45,-95.36,-4.44,-73.74,-3.43
20260609,920957.BJ,汉维科技,-0.67,10.33,0.0,0.0,0.0,0.0,0.0,0.0,-42.53,-7.06,-95.8,-15.9
20260609,920174.BJ,五新智能,-0.67,37.26,-158.09,-3.04,0.0,0.0,-158.09,-3.04,-145.67,-2.8,-46.7,-0.9
20260609,920011.BJ,晨光电机,-2.32,26.14,-928.69,-12.61,-296.02,-4.02,-632.67,-8.59,-1171.29,-15.9,-280.5,-3.81
20260609,920021.BJ,流金科技,-0.22,9.21,-783.52,-4.6,-496.21,-2.91,-287.31,-1.69,-687.87,-4.04,-22.07,-0.13
20260609,920022.BJ,世昌股份,-0.63,23.56,23.89,3.77,0.0,0.0,23.89,3.77,-93.77,-14.8,-56.24,-8.88
20260609,920023.BJ,*ST田野,-2.59,2.26,-262.16,-20.35,0.0,0.0,-262.16,-20.35,-250.22,-19.42,-23.24,-1.8
20260609,920026.BJ,卓兆点胶,2.9,25.51,-281.75,-4.6,0.0,0.0,-281.75,-4.6,91.8,1.5,186.49,3.04
20260609,920027.BJ,交大铁发,-1.99,12.33,-97.09,-6.38,0.0,0.0,-97.09,-6.38,-80.54,-5.3,-89.06,-5.86
20260609,920029.BJ,开发科技,-0.92,41.03,-202.74,-4.99,0.0,0.0,-202.74,-4.99,-311.13,-7.66,-32.6,-0.8
20260609,920419.BJ,路斯股份,-1.67,11.22,-24.74,-2.98,0.0,0.0,-24.74,-2.98,-70.03,-8.44,-29.33,-3.54
20260609,920422.BJ,润普食品,-0.88,10.16,-20.14,-2.51,0.0,0.0,-20.14,-2.51,-59.96,-7.46,-30.88,-3.84
20260609,920427.BJ,华维设计,-1.19,13.3,110.17,2.15,0.0,0.0,110.17,2.15,-495.08,-9.67,83.7,1.64
20260609,920429.BJ,康比特,-1.51,11.1,1.14,0.08,0.0,0.0,1.14,0.08,-177.88,-12.19,-52.59,-3.6
20260609,920273.BJ,一致魔芋,-0.82,21.82,-215.89,-2.17,0.0,0.0,-215.89,-2.17,97.22,0.98,78.15,0.79
20260609,920270.BJ,天铭科技,0.62,16.13,55.13,1.94,0.0,0.0,55.13,1.94,-81.33,-2.86,-131.46,-4.63
20260609,920271.BJ,邦德股份,0.35,11.38,-70.82,-12.64,0.0,0.0,-70.82,-12.64,-56.72,-10.12,-6.29,-1.12
20260609,920274.BJ,宏裕包材,-1.22,19.45,21.1,1.13,0.0,0.0,21.1,1.13,-281.26,-15.06,-119.38,-6.39
20260609,920275.BJ,驱动力,-1.92,6.14,52.7,6.11,0.0,0.0,52.7,6.11,-113.47,-13.15,-119.6,-13.86
20260609,920278.BJ,鹿得医疗,-1.93,6.6,-75.46,-9.57,0.0,0.0,-75.46,-9.57,-53.2,-6.75,-90.68,-11.5
20260609,920284.BJ,灵鸽科技,1.98,27.85,30.67,0.48,104.68,1.65,-74.01,-1.17,-111.44,-1.76,88.15,1.39
20260609,920299.BJ,灿能电力,-1.17,21.93,-204.61,-4.02,0.0,0.0,-204.61,-4.02,-394.1,-7.74,-26.36,-0.52
20260609,920304.BJ,迪尔化工,-0.1,9.87,75.33,8.08,0.0,0.0,75.33,8.08,-73.41,-7.88,-17.61,-1.89
20260609,920300.BJ,辰光医疗,0.0,10.8,68.63,3.04,0.0,0.0,68.63,3.04,-39.84,-1.76,-165.62,-7.34
20260609,920339.BJ,恒太照明,-0.28,10.77,70.24,2.6,0.0,0.0,70.24,2.6,-94.49,-3.5,16.22,0.6
20260609,920363.BJ,莱赛激光,-0.53,13.19,-67.7,-1.67,-107.14,-2.64,39.44,0.97,-3.49,-0.09,59.04,1.46
20260609,920374.BJ,云里物里,-1.78,18.71,-97.53,-4.25,0.0,0.0,-97.53,-4.25,-336.56,-14.67,-94.28,-4.11
20260609,920378.BJ,泰德股份,-2.52,8.11,-111.69,-6.06,0.0,0.0,-111.69,-6.06,-194.44,-10.54,-159.92,-8.67
20260609,920392.BJ,佳合科技,-1.37,16.54,-47.55,-4.11,0.0,0.0,-47.55,-4.11,-98.03,-8.47,-119.43,-10.32
20260609,920402.BJ,硅烷科技,13.55,12.49,4529.18,12.18,1842.51,4.95,2686.66,7.22,407.39,1.1,111.95,0.3
20260609,920394.BJ,民士达,29.99,76.71,19597.77,25.14,10963.07,14.06,8634.7,11.08,2938.72,3.77,152.29,0.2
20260609,920267.BJ,鑫汇科,-0.42,16.72,-4.58,-0.33,0.0,0.0,-4.58,-0.33,-146.37,-10.41,-87.03,-6.19
20260609,920395.BJ,朗鸿科技,1.31,8.52,44.01,6.02,0.0,0.0,44.01,6.02,-3.48,-0.48,23.54,3.22
20260609,920375.BJ,派诺科技,-0.22,9.21,226.69,6.52,152.88,4.4,73.82,2.12,-280.77,-8.08,-157.26,-4.53
20260609,920403.BJ,康农种业,-2.5,20.67,99.37,3.91,0.0,0.0,99.37,3.91,-322.24,-12.68,43.7,1.72
20260609,920405.BJ,海希通讯,-0.22,13.73,124.23,5.83,0.0,0.0,124.23,5.83,-253.63,-11.91,-140.41,-6.59
20260609,920526.BJ,凯华材料,14.86,30.3,1247.12,6.46,64.25,0.33,1182.86,6.13,427.25,2.21,149.41,0.77
20260609,920642.BJ,通易航天,-1.63,11.5,-224.81,-8.03,-132.73,-4.74,-92.08,-3.29,-398.66,-14.24,-285.9,-10.21
20260609,920670.BJ,数字人,0.28,14.43,203.48,8.4,0.0,0.0,203.48,8.4,-85.38,-3.52,-137.32,-5.67
20260609,920719.BJ,宁新新材,-4.41,10.61,-220.78,-4.93,0.0,0.0,-220.78,-4.93,-634.29,-14.17,-88.0,-1.97
20260609,920925.BJ,锦好医疗,-2.24,12.66,-157.87,-10.04,0.0,0.0,-157.87,-10.04,-132.87,-8.45,-92.49,-5.88
20260609,920924.BJ,广脉科技,-1.11,17.74,58.19,2.64,0.0,0.0,58.19,2.64,-331.18,-15.04,-51.72,-2.35
20260609,920896.BJ,旺成科技,-3.68,15.7,-196.66,-10.04,0.0,0.0,-196.66,-10.04,-276.77,-14.13,-180.61,-9.22
20260609,920942.BJ,恒立钻具,-1.9,22.17,97.04,4.54,0.0,0.0,97.04,4.54,-215.06,-10.06,-21.49,-1.01
20260609,920099.BJ,瑞华技术,1.97,24.33,59.34,2.93,115.86,5.73,-56.52,-2.79,96.85,4.79,11.61,0.57
20260609,920701.BJ,豪声电子,0.22,13.53,27.97,3.39,0.0,0.0,27.97,3.39,-20.47,-2.48,-8.86,-1.07
20260609,920608.BJ,丰安股份,-1.27,14.78,-8.59,-1.78,0.0,0.0,-8.59,-1.78,-51.77,-10.74,-75.44,-15.64
20260609,920200.BJ,振宏股份,-2.69,48.44,-1069.83,-7.61,324.85,2.31,-1394.69,-9.92,-1353.35,-9.63,-73.86,-0.53
20260609,920694.BJ,中裕科技,0.25,16.14,18.15,1.88,0.0,0.0,18.15,1.88,24.72,2.56,-34.75,-3.6
20260609,920191.BJ,瑞尔竞达,-1.83,11.28,-180.7,-8.39,0.0,0.0,-180.7,-8.39,-367.66,-17.08,-137.91,-6.41
20260609,920206.BJ,彩客科技,12.37,92.0,3758.37,4.96,4098.47,5.41,-340.1,-0.45,-1027.58,-1.36,-402.48,-0.53
20260609,920092.BJ,汉鑫科技,-1.73,33.61,8.35,0.06,90.94,0.67,-82.59,-0.61,-464.61,-3.44,-142.8,-1.06
20260609,920169.BJ,七丰精工,-1.87,25.17,-493.03,-8.33,0.0,0.0,-493.03,-8.33,-185.4,-3.13,-84.29,-1.42
20260609,920055.BJ,隆源股份,-0.54,31.33,-32.4,-2.12,0.0,0.0,-32.4,-2.12,-226.51,-14.79,-61.47,-4.01
20260609,920914.BJ,远航精密,-0.18,22.07,-158.35,-4.12,118.34,3.08,-276.69,-7.2,-198.01,-5.15,-106.99,-2.78
20260609,920346.BJ,威贸电子,3.74,19.69,62.39,1.97,0.0,0.0,62.39,1.97,-97.83,-3.08,53.32,1.68
20260609,920108.BJ,宏海科技,7.94,11.15,183.11,4.35,-188.38,-4.48,371.49,8.83,61.85,1.47,-11.33,-0.27
20260609,920050.BJ,爱舍伦,-0.34,28.97,-46.41,-10.11,0.0,0.0,-46.41,-10.11,-95.26,-20.75,-72.11,-15.71
20260609,920593.BJ,鼎智科技,-2.91,33.74,-3507.67,-10.18,-1848.93,-5.37,-1658.74,-4.82,575.52,1.67,234.45,0.68
20260609,920245.BJ,威博液压,-2.53,16.15,18.48,1.0,0.0,0.0,18.48,1.0,-140.65,-7.62,-210.46,-11.4
20260609,920262.BJ,太湖雪,-1.17,14.38,0.0,0.0,0.0,0.0,0.0,0.0,-36.94,-4.26,-141.66,-16.34
20260609,920599.BJ,同力股份,0.06,17.11,-95.96,-1.55,0.0,0.0,-95.96,-1.55,-49.66,-0.8,-0.86,-0.01
20260609,920510.BJ,丰光精密,-2.86,24.81,-183.19,-0.26,-2467.86,-3.51,2284.67,3.25,-9.63,-0.01,183.43,0.26
20260609,920566.BJ,梓橦宫,0.1,10.01,-28.83,-4.53,0.0,0.0,-28.83,-4.53,-54.03,-8.48,-41.45,-6.51
20260609,920471.BJ,美邦科技,0.81,12.39,276.9,8.96,0.0,0.0,276.9,8.96,-476.84,-15.43,-275.0,-8.9
20260609,920181.BJ,赛英电子,5.04,101.16,1208.9,8.38,37.96,0.26,1170.94,8.12,545.12,3.78,11.31,0.08
20260609,920183.BJ,海菲曼,-1.11,38.21,-154.46,-7.81,0.0,0.0,-154.46,-7.81,-223.6,-11.3,-95.24,-4.81
20260609,920187.BJ,通领科技,-0.68,21.85,-28.3,-2.58,0.0,0.0,-28.3,-2.58,-61.45,-5.6,-93.91,-8.56
20260609,920220.BJ,朗信电气,-5.27,70.1,-1977.15,-11.71,-226.84,-1.34,-1750.31,-10.36,-866.11,-5.13,-190.37,-1.13
20260609,920720.BJ,吉冈精密,-3.29,11.77,-280.5,-4.22,103.17,1.55,-383.67,-5.78,-168.35,-2.53,-96.32,-1.45
20260609,920682.BJ,球冠电缆,-1.54,7.05,-460.36,-8.13,0.0,0.0,-460.36,-8.13,-338.07,-5.97,-135.64,-2.4
20260609,920541.BJ,铁大科技,0.46,10.94,64.78,6.15,0.0,0.0,64.78,6.15,-179.4,-17.03,-30.95,-2.94
20260609,920199.BJ,倍益康,-0.84,25.88,158.04,4.34,0.0,0.0,158.04,4.34,-297.74,-8.18,-180.19,-4.95
20260609,920175.BJ,东方碳素,-6.2,11.81,-1068.94,-7.99,288.59,2.16,-1357.53,-10.15,-893.98,-6.69,-110.78,-0.83
20260609,920225.BJ,利通科技,8.29,24.16,898.04,8.68,229.53,2.22,668.51,6.46,640.45,6.19,148.24,1.43
20260609,920242.BJ,建邦科技,1.31,24.8,36.48,3.63,0.0,0.0,36.48,3.63,69.64,6.92,-17.22,-1.71
20260609,920122.BJ,中纺标,-2.66,22.68,-37.72,-2.71,0.0,0.0,-37.72,-2.71,-117.81,-8.47,-65.15,-4.68
20260609,920247.BJ,华密新材,3.29,19.8,153.61,0.95,98.93,0.61,54.67,0.34,114.87,0.71,136.74,0.85
20260609,920981.BJ,晶赛科技,3.79,41.1,-149.11,-0.8,-63.74,-0.34,-85.36,-0.46,434.99,2.35,157.17,0.85
20260609,920689.BJ,克莱特,-1.11,25.04,59.22,3.02,0.0,0.0,59.22,3.02,-321.73,-16.42,-28.82,-1.47
20260609,920690.BJ,捷众科技,-1.53,19.89,-288.85,-8.7,0.0,0.0,-288.85,-8.7,-559.96,-16.86,-104.79,-3.15
20260609,920571.BJ,国航远洋,-2.9,9.71,-2337.07,-16.66,-834.18,-5.95,-1502.88,-10.72,-954.97,-6.81,1.97,0.01
20260609,920211.BJ,新睿电子,-13.33,181.06,-7007.81,-13.0,-3222.2,-5.98,-3785.61,-7.02,-557.1,-1.03,104.18,0.19
20260609,920415.BJ,恒拓开源,-1.17,11.01,-68.84,-2.97,0.0,0.0,-68.84,-2.97,-357.73,-15.44,-232.51,-10.04
20260609,920260.BJ,中寰股份,-2.28,8.57,-26.59,-4.28,0.0,0.0,-26.59,-4.28,-65.66,-10.56,-75.07,-12.08
20260609,920493.BJ,并行科技,0.31,141.56,-1528.34,-8.12,-899.62,-4.78,-628.73,-3.34,-652.58,-3.47,-68.09,-0.36
20260609,920125.BJ,鸿仕达,1.02,189.51,-433.06,-1.3,379.1,1.14,-812.16,-2.44,280.92,0.84,82.89,0.25
20260609,920522.BJ,纳科诺尔,1.79,32.36,397.35,2.99,18.11,0.14,379.24,2.86,-267.42,-2.01,-80.56,-0.61
20260609,920469.BJ,富恒新材,-2.16,7.24,28.25,0.75,0.0,0.0,28.25,0.75,-461.86,-12.32,-248.07,-6.62
20260609,920019.BJ,铜冠矿建,-1.01,19.62,-399.66,-4.77,-197.63,-2.36,-202.04,-2.41,-751.99,-8.98,-195.58,-2.34
20260609,920020.BJ,泰凯英,-1.63,15.08,-28.32,-2.53,0.0,0.0,-28.32,-2.53,-130.61,-11.67,-75.54,-6.75
20260609,920017.BJ,星昊医药,0.93,16.25,-67.43,-3.89,0.0,0.0,-67.43,-3.89,-202.25,-11.66,-61.53,-3.55
20260609,920819.BJ,颖泰生物,-0.66,2.99,-27.65,-1.99,0.0,0.0,-27.65,-1.99,-70.18,-5.06,-35.67,-2.57
20260609,920699.BJ,海达尔,5.1,69.6,-805.83,-8.31,-1233.03,-12.71,427.2,4.41,983.17,10.14,415.28,4.28
20260609,920790.BJ,联迪信息,-2.7,19.48,78.34,2.22,0.0,0.0,78.34,2.22,-157.64,-4.46,-107.94,-3.06
20260609,920693.BJ,阿为特,1.43,28.99,355.34,12.61,0.0,0.0,355.34,12.61,-113.46,-4.03,-110.6,-3.92
20260609,920703.BJ,广厦环能,-0.19,10.69,-28.85,-4.42,0.0,0.0,-28.85,-4.42,-21.92,-3.36,-62.43,-9.56
20260609,920931.BJ,无锡鼎邦,-1.83,10.74,27.92,3.84,0.0,0.0,27.92,3.84,-69.9,-9.61,-146.86,-20.2
20260609,920906.BJ,舜宇精工,-0.91,21.79,-118.51,-4.12,0.0,0.0,-118.51,-4.12,-356.76,-12.4,-106.34,-3.7
20260609,920087.BJ,秋乐种业,-3.2,11.48,-46.16,-1.05,-104.27,-2.36,58.11,1.32,-432.59,-9.8,-113.5,-2.57
20260609,920837.BJ,华原股份,-0.78,11.5,122.86,14.71,124.41,14.9,-1.55,-0.19,-55.52,-6.65,-74.95,-8.97
20260609,920839.BJ,万通液压,-4.96,32.41,-752.2,-7.03,-520.9,-4.87,-231.3,-2.16,-854.11,-7.98,-184.3,-1.72
20260609,920961.BJ,创远信科,-10.26,22.4,-3781.94,-12.62,-818.6,-2.73,-2963.34,-9.89,-1293.0,-4.32,7.65,0.03
20260609,920971.BJ,天马新材,5.34,44.01,1146.47,2.59,247.93,0.56,898.54,2.03,-399.73,-0.9,-72.55,-0.16
20260609,920926.BJ,鸿智科技,-1.97,11.94,20.76,3.65,0.0,0.0,20.76,3.65,-36.62,-6.44,-99.08,-17.43
20260609,920974.BJ,凯大催化,-2.45,7.57,-261.51,-12.39,-114.18,-5.41,-147.33,-6.98,-205.34,-9.73,20.13,0.95
20260609,920950.BJ,迅安科技,-1.63,14.45,-53.96,-7.08,0.0,0.0,-53.96,-7.08,24.42,3.21,1.73,0.23
20260609,920012.BJ,创达新材,5.8,73.0,565.24,2.72,724.98,3.49,-159.74,-0.77,284.96,1.37,61.94,0.3
20260609,920679.BJ,前进科技,-2.42,16.51,0.0,0.0,0.0,0.0,0.0,0.0,-46.32,-7.53,-90.62,-14.73
20260609,920414.BJ,欧普泰,-2.8,10.42,114.35,4.15,0.0,0.0,114.35,4.15,-311.25,-11.29,-183.52,-6.65
20260609,920100.BJ,三协电机,-4.16,49.1,-3314.85,-11.18,-887.27,-2.99,-2427.58,-8.19,-1112.54,-3.75,335.6,1.13
20260609,920943.BJ,优机股份,-2.24,15.3,2.55,0.19,0.0,0.0,2.55,0.19,-158.07,-12.04,-138.18,-10.53
20260609,920665.BJ,科强股份,2.24,12.77,111.87,2.16,0.0,0.0,111.87,2.16,-106.18,-2.05,30.0,0.58
20260609,920982.BJ,锦波生物,-1.69,152.66,528.69,5.31,1311.71,13.17,-783.02,-7.86,-881.22,-8.85,-319.65,-3.21
20260609,920261.BJ,一诺威,0.0,14.23,266.59,12.87,0.0,0.0,266.59,12.87,-11.42,-0.55,-55.17,-2.66
20260609,920556.BJ,雅达股份,5.31,8.72,711.59,14.89,232.05,4.86,479.54,10.04,-44.13,-0.92,-214.86,-4.5
20260609,920489.BJ,佳先股份,8.7,16.61,1791.34,15.11,63.92,0.54,1727.42,14.57,262.81,2.22,23.93,0.2
20260609,920367.BJ,新赣江,-1.93,16.22,62.09,4.81,0.0,0.0,62.09,4.81,-117.37,-9.09,-160.13,-12.4
20260609,920454.BJ,同心传动,-1.12,13.21,-57.22,-4.31,0.0,0.0,-57.22,-4.31,-185.25,-13.94,-101.46,-7.64
20260609,920066.BJ,XD科拜尔,0.86,24.57,-16.31,-0.76,0.0,0.0,-16.31,-0.76,18.79,0.87,-78.06,-3.63
20260609,920058.BJ,华洋赛车,-3.0,23.93,-23.41,-2.68,0.0,0.0,-23.41,-2.68,-145.29,-16.64,-69.38,-7.95
20260609,920061.BJ,西磁科技,2.97,23.59,288.07,8.12,0.0,0.0,288.07,8.12,98.1,2.77,-13.22,-0.37
20260609,920212.BJ,智新电子,-0.09,11.58,-66.23,-4.39,0.0,0.0,-66.23,-4.39,71.21,4.72,-57.55,-3.82
20260609,920252.BJ,天宏锂电,8.35,22.85,1813.53,13.81,80.29,0.61,1733.24,13.19,-936.76,-7.13,13.83,0.11
20260609,920124.BJ,南特科技,0.51,15.88,-77.1,-2.43,0.0,0.0,-77.1,-2.43,-35.15,-1.11,-49.37,-1.56
20260609,920047.BJ,诺思兰德,-3.7,17.45,-1033.72,-7.93,-107.07,-0.82,-926.66,-7.11,-513.64,-3.94,20.54,0.16
20260609,920436.BJ,大地电气,-1.76,12.82,0.0,0.0,0.0,0.0,0.0,0.0,-138.19,-15.71,6.91,0.79
20260609,920218.BJ,新天力,-6.83,27.02,-1154.29,-7.04,-377.3,-2.3,-776.99,-4.74,-512.31,-3.12,56.08,0.34
20260609,920533.BJ,骏创科技,-0.65,24.42,21.27,0.28,146.18,1.93,-124.91,-1.65,-317.26,-4.19,-42.09,-0.56
20260609,920578.BJ,巨能股份,1.67,23.13,-1.83,-0.01,603.19,2.36,-605.01,-2.37,-170.76,-0.67,130.02,0.51
20260609,920523.BJ,德瑞锂电,3.14,19.68,79.29,1.93,0.0,0.0,79.29,1.93,-34.96,-0.85,9.3,0.23
20260609,920371.BJ,欧福蛋业,-5.04,9.23,-725.1,-12.2,-325.05,-5.47,-400.05,-6.73,-189.39,-3.19,-171.46,-2.89
20260609,920570.BJ,坤博精工,1.05,28.76,223.88,7.52,0.0,0.0,223.88,7.52,-243.26,-8.17,-156.19,-5.25
20260609,920575.BJ,*ST康乐,-4.16,4.15,-510.94,-16.2,0.0,0.0,-510.94,-16.2,-478.79,-15.18,-126.25,-4.0
20260609,920735.BJ,德源药业,-0.08,24.83,134.65,3.18,0.0,0.0,134.65,3.18,-268.52,-6.33,-166.4,-3.92
20260609,920832.BJ,齐鲁华信,-2.37,6.99,47.25,5.53,0.0,0.0,47.25,5.53,-109.1,-12.76,-116.66,-13.64
20260609,920985.BJ,海泰新能,-0.87,5.71,3.04,0.19,0.0,0.0,3.04,0.19,-115.46,-7.03,-83.05,-5.06
20260609,920344.BJ,三元基因,0.31,19.23,26.55,2.47,0.0,0.0,26.55,2.47,-48.06,-4.47,8.45,0.79
20260609,920351.BJ,华光源海,-4.13,13.93,104.43,4.41,0.0,0.0,104.43,4.41,-472.51,-19.97,-245.45,-10.37
20260609,920370.BJ,新安洁,-3.03,2.88,-23.97,-3.72,0.0,0.0,-23.97,-3.72,-153.23,-23.76,-103.8,-16.09
20260609,920592.BJ,华信永道,-1.48,27.9,-21.34,-0.46,-108.29,-2.31,86.95,1.86,-418.8,-8.94,-220.9,-4.71
20260609,920089.BJ,禾昌聚合,-1.1,12.54,-116.3,-8.77,0.0,0.0,-116.3,-8.77,-76.15,-5.74,-101.12,-7.63
20260609,920069.BJ,普昂医疗,-1.48,37.24,-160.66,-6.16,0.0,0.0,-160.66,-6.16,-393.09,-15.07,-16.61,-0.64
20260609,920230.BJ,欧康医药,0.18,10.98,19.12,0.71,0.0,0.0,19.12,0.71,-220.89,-8.2,-303.69,-11.28
20260609,920227.BJ,美登科技,-0.19,66.87,-409.24,-4.14,-114.51,-1.16,-294.73,-2.98,-65.76,-0.67,-171.41,-1.74
20260609,920198.BJ,微创光电,0.58,8.73,179.22,7.01,0.0,0.0,179.22,7.01,180.11,7.05,-91.15,-3.57
20260609,920519.BJ,万德股份,-1.29,10.73,0.0,0.0,0.0,0.0,0.0,0.0,-38.05,-8.2,-77.94,-16.79
20260609,920433.BJ,大唐药业,-0.82,4.81,-134.38,-14.96,0.0,0.0,-134.38,-14.96,-195.65,-21.79,-90.64,-10.09
20260609,920110.BJ,雷特科技,0.76,27.97,0.0,0.0,0.0,0.0,0.0,0.0,-48.66,-8.11,-1.81,-0.3
20260609,920478.BJ,峆一药业,-1.12,9.69,-114.49,-8.99,0.0,0.0,-114.49,-8.99,21.55,1.69,-93.11,-7.31
20260609,920445.BJ,龙竹科技,-1.27,7.78,-43.39,-4.14,0.0,0.0,-43.39,-4.14,-180.03,-17.19,-84.79,-8.1
20260609,920656.BJ,海昇药业,1.06,14.31,62.38,6.53,0.0,0.0,62.38,6.53,-109.53,-11.47,35.34,3.7
20260609,920077.BJ,吉林碳谷,-1.22,17.07,-1019.55,-6.66,107.23,0.7,-1126.79,-7.36,-711.42,-4.65,89.33,0.58
20260609,920634.BJ,新威凌,-1.04,17.05,-30.44,-2.61,0.0,0.0,-30.44,-2.61,-8.19,-0.7,-37.96,-3.26
20260609,920177.BJ,恒道科技,-1.74,31.09,-62.04,-2.46,0.0,0.0,-62.04,-2.46,-336.24,-13.34,59.84,2.37
20260609,920179.BJ,凯德石英,13.88,69.4,1727.73,3.42,603.94,1.2,1123.79,2.23,692.87,1.37,38.41,0.08
20260609,920123.BJ,芭薇股份,-1.07,11.08,85.23,8.76,0.0,0.0,85.23,8.76,-59.52,-6.11,-116.66,-11.99
20260609,920195.BJ,三祥科技,-1.59,14.2,65.64,6.25,101.18,9.64,-35.55,-3.39,-22.59,-2.15,-99.28,-9.46
20260609,920547.BJ,无锡晶海,1.01,21.06,-68.15,-8.48,0.0,0.0,-68.15,-8.48,5.94,0.74,-14.57,-1.81
20260609,920505.BJ,九菱科技,1.67,34.77,-30.33,-0.98,0.0,0.0,-30.33,-0.98,-66.78,-2.15,85.25,2.74
20260609,920662.BJ,方盛股份,0.24,21.18,151.22,5.99,0.0,0.0,151.22,5.99,-181.66,-7.19,-100.65,-3.98
20260609,920075.BJ,柏星龙,-1.9,19.15,-134.61,-7.77,0.0,0.0,-134.61,-7.77,-100.0,-5.77,-25.89,-1.49
20260609,920091.BJ,大鹏工业,-0.31,45.1,-212.8,-2.05,211.84,2.04,-424.64,-4.09,-276.27,-2.66,-175.76,-1.69
20260609,920118.BJ,太湖远大,0.2,20.01,-45.77,-3.2,0.0,0.0,-45.77,-3.2,-137.47,-9.63,-121.79,-8.53
20260609,920204.BJ,沪江材料,0.33,15.28,-115.42,-9.53,0.0,0.0,-115.42,-9.53,-51.83,-4.28,-117.6,-9.71
20260609,920221.BJ,易实精密,-5.62,16.62,-105.4,-1.26,-96.83,-1.16,-8.58,-0.1,-396.55,-4.73,30.64,0.37
20260609,920239.BJ,长虹能源,1.3,28.1,-182.67,-3.42,0.0,0.0,-182.67,-3.42,100.25,1.88,-50.18,-0.94
20260609,920249.BJ,利尔达,7.09,10.27,1212.4,8.53,407.32,2.87,805.08,5.67,109.91,0.77,-25.95,-0.18
20260609,920418.BJ,苏轴股份,-1.76,24.02,-574.81,-4.75,172.91,1.43,-747.72,-6.18,86.77,0.72,105.62,0.87
20260609,920496.BJ,许昌智能,-1.12,7.93,90.09,5.3,0.0,0.0,90.09,5.3,-245.88,-14.46,-100.87,-5.93
20260609,920504.BJ,博迅生物,-2.9,18.44,-25.95,-4.9,0.0,0.0,-25.95,-4.9,-32.59,-6.15,-69.88,-13.19
20260609,920553.BJ,凯腾精工,-1.4,7.74,100.29,8.39,0.0,0.0,100.29,8.39,-5.45,-0.46,-174.4,-14.59
20260609,920564.BJ,天润科技,-2.01,19.51,201.55,7.48,0.0,0.0,201.55,7.48,-505.59,-18.76,-48.12,-1.79
20260609,920576.BJ,天力复合,-2.13,67.04,-1531.01,-5.52,-1716.21,-6.19,185.19,0.67,-25.85,-0.09,20.57,0.07
20260609,920579.BJ,机科股份,0.99,19.32,-178.82,-2.18,125.35,1.53,-304.17,-3.71,215.97,2.63,178.18,2.17
20260609,920639.BJ,晨光电缆,-0.94,7.36,155.82,10.01,0.0,0.0,155.82,10.01,-161.88,-10.39,-49.07,-3.15
20260609,920640.BJ,富士达,-1.0,34.75,-1287.7,-6.0,-149.15,-0.69,-1138.55,-5.3,-101.14,-0.47,-113.8,-0.53
20260609,920651.BJ,天罡股份,0.56,23.2,16.18,1.41,0.0,0.0,16.18,1.41,1.44,0.13,-42.28,-3.68
20260609,920685.BJ,新芝生物,-1.2,11.55,0.0,0.0,0.0,0.0,0.0,0.0,-51.48,-15.09,-45.17,-13.24
20260609,920166.BJ,海圣医疗,-1.46,23.7,30.83,1.56,127.87,6.47,-97.04,-4.91,-88.54,-4.48,-45.44,-2.3
