,ts_code,name,trade_date,close,turnover_rate,turnover_rate_f,volume_ratio,pe,pe_ttm,pb,ps,ps_ttm,dv_ratio,dv_ttm,total_share,float_share,free_share,total_mv,circ_mv,limit_status
0,000001.SZ,平安银行,20260825,11.59,0.5127,1.2191,0.91,5.2756,5.1753,0.4804,1.7111,1.6952,5.1597,5.1425,1940591.8198,1940568.4991,816056.5553,22491459.1938,22491188.915,1
1,000002.SZ,万科Ａ,20260825,3.09,0.6913,1.0375,0.67,,,0.3335,0.1579,0.1643,,,1193070.9471,971693.5865,647412.5074,3686589.2355,3002533.1931,1
2,000006.SZ,深振业Ａ,20260825,7.15,1.4325,2.2735,1.03,,,1.7978,3.6869,6.3288,,,134999.5046,134998.4846,85059.6698,965246.425,965239.132,1
3,000007.SZ,全新好,20260825,12.82,4.0661,6.1228,0.82,2304.5923,,24.7998,11.2233,10.4729,,,34644.8044,34644.8044,23007.4655,444146.336,444146.336,1
4,000008.SZ,神州高铁,20260825,2.51,1.9842,3.2588,1.25,,,3.1591,3.2155,3.1884,,,271637.7683,271629.6952,165387.8495,681810.8027,681790.547,1
5,000009.SZ,中国宝安,20260825,7.26,0.6843,1.1515,0.83,92.2229,360.6107,1.8669,0.8129,0.7804,0.4132,0.4132,257921.3965,257602.0465,153096.2034,1872509.364,1870190.883,1
6,000010.SZ,*ST美丽,20260825,1.53,1.8848,2.2264,1.03,,,5.9763,2.7735,2.7216,,,114965.2292,91762.169,77682.1626,175896.8019,140396.1201,0
7,000011.SZ,深物业A,20260825,8.1,1.0572,2.9759,0.75,142.4647,2936.1265,1.4341,2.0255,1.9735,,0.2469,59597.9092,52647.5543,18702.6342,482743.071,426445.155,1
8,000012.SZ,南玻Ａ,20260825,3.75,0.8672,1.2973,0.88,90.7887,1022.7627,0.8753,0.8316,0.8364,1.8352,0.519,304246.8811,195931.6598,130973.9556,1140925.8,734743.725,1
9,000014.SZ,沙河股份,20260825,10.42,2.9753,4.5092,1.59,,,1.8263,8.1322,7.5246,,,24204.6224,24204.6224,15971.0154,252212.1404,252212.1404,1
10,000017.SZ,深中华A,20260825,8.6,13.1245,24.1593,3.94,144.1067,178.8397,15.0404,8.0543,8.2742,,,68918.4933,44082.1951,23947.6218,592699.014,379106.92,2
11,000019.SZ,深粮控股,20260825,6.65,7.5416,11.595,0.71,31.5126,42.8021,1.5446,1.3922,1.3913,2.2556,1.8045,115253.5254,41620.8907,27070.8927,766435.9745,276778.9185,1
12,000020.SZ,深华发Ａ,20260825,12.69,11.7612,34.4355,1.16,101.3891,121.7791,8.0297,4.1886,5.0419,,,28316.1227,18116.5391,6187.5497,359331.5628,229898.8926,1
13,000021.SZ,深科技,20260825,36.82,3.9789,6.0481,0.64,51.0429,48.3501,4.3388,3.6811,3.5991,0.5115,0.5975,157436.978,157415.558,103559.6803,5796829.53,5796040.8456,1
14,000025.SZ,特力Ａ,20260825,16.0,4.1622,9.0229,1.09,48.2756,48.0494,3.6084,4.7187,7.8773,0.625,0.6875,43105.832,39277.832,18118.6699,689693.28,628445.28,1
15,000026.SZ,飞亚达,20260825,20.25,3.3144,5.9956,0.81,94.1013,77.9748,2.4313,2.342,2.3049,1.9753,0.5926,40576.4007,36443.7819,20146.0492,821672.3025,737986.545,1
16,000027.SZ,深圳能源,20260825,6.17,0.4067,1.6279,1.2,13.9555,14.6685,0.8774,0.6759,0.6732,2.4311,2.5932,475738.9916,475738.9916,118860.5028,2935309.5683,2935309.5683,1
17,000028.SZ,国药一致,20260825,19.87,0.4494,1.292,0.72,10.7092,11.1055,0.6437,0.1657,0.1668,1.6745,2.8183,61222.1584,52585.8135,18291.9449,1216484.1205,1044880.0447,1
18,000029.SZ,深深房Ａ,20260825,22.52,0.4695,1.4779,0.62,227.9261,965.038,6.305,15.3638,18.6711,,0.1554,101166.0,89166.0,28324.0694,2278258.32,2008018.32,4
19,000030.SZ,富奥股份,20260825,4.31,0.3959,1.4282,0.73,10.5497,11.1629,0.8685,0.4257,0.4227,3.5257,3.4803,171981.0845,167090.607,46318.9037,741238.4979,720160.5291,1
20,000031.SZ,大悦城,20260825,2.19,1.1201,4.3546,1.32,,,0.9179,0.3039,0.2821,,,428631.3339,428630.4701,110249.6187,938702.6127,938700.7293,1
21,000032.SZ,深桑达Ａ,20260825,14.33,2.2549,3.3691,0.64,,,2.3575,0.3541,0.3522,0.7842,0.1745,121517.9311,121517.9311,81328.773,1741351.9369,1741351.9369,1
22,000034.SZ,神州数码,20260825,23.24,1.6294,1.7404,0.41,45.1846,43.6232,2.1047,0.1644,0.1549,0.7967,0.2244,101673.9663,84914.7841,79497.561,2362902.8304,1973419.4872,1
23,000035.SZ,中国天楹,20260825,4.6,0.9607,1.3874,0.96,38.6862,37.9487,1.021,2.0791,2.1045,0.7652,0.7826,238803.2769,231302.5748,160164.0201,1098495.042,1063991.822,4
24,000036.SZ,华联控股,20260825,4.06,1.1488,1.6374,0.65,81.2527,63.0132,1.1082,9.1708,7.6289,,,140381.8725,140298.1231,98431.0272,569950.3922,569610.3672,1
25,000037.SZ,深南电A,20260825,9.39,2.7908,4.7259,0.69,35.1466,27.935,3.3726,14.0906,12.9488,,0.3408,60276.2596,33890.815,20013.5196,565994.0814,318234.7998,1
26,000039.SZ,中集集团,20260825,9.1,1.1423,1.2973,0.65,222.226,,1.0503,0.3133,0.3202,1.9341,1.8944,539252.0385,230140.7141,202638.8546,4907193.473,2094280.461,4
27,000042.SZ,中洲控股,20260825,8.44,1.4561,3.1228,1.06,,,1.6895,2.1627,1.0356,,,66483.1139,66414.2227,30966.7714,561117.4484,560536.0168,1
28,001914.SZ,招商积余,20260825,8.84,0.482,1.2983,0.57,14.2303,13.9362,0.8501,0.4833,0.4758,2.7294,2.9412,105371.9858,105371.6058,39123.7805,931488.3916,931485.0324,1
29,000045.SZ,深纺织Ａ,20260825,10.77,2.0832,4.2703,1.32,79.7332,78.1969,1.8172,1.683,1.677,0.6592,0.4457,50652.1849,45702.1849,22295.2413,545523.9786,492212.4786,1
30,000048.SZ,京基智农,20260825,21.5,2.0211,4.4275,0.73,74.5989,,3.2745,2.3399,2.4699,3.3234,1.73,53020.275,52930.275,24161.6725,1139936.02,1138001.02,4
31,000049.SZ,德赛电池,20260825,23.38,1.4982,2.7492,0.54,30.769,22.482,1.3165,0.4015,0.3851,1.4115,0.9837,38463.8534,38453.4862,20955.5893,899285.0468,899042.5962,4
32,000050.SZ,深天马Ａ,20260825,6.54,0.7658,1.3651,0.8,95.1748,,0.603,0.4397,0.4495,,,243577.5599,243575.3974,136643.719,1592997.2424,1592983.116,1
33,000055.SZ,方大集团,20260825,3.59,1.7356,2.1125,1.5,,,0.695,1.1415,1.1577,1.3928,,107387.4227,67585.4429,55524.4019,385520.8378,242631.7296,1
34,000056.SZ,*ST皇庭,20260825,2.07,3.4994,4.3765,1.86,,,,0.7285,0.7549,,,118252.822,90373.3208,72260.6308,244783.3374,187072.7724,1
35,000058.SZ,深赛格,20260825,6.95,0.7238,2.47,1.37,123.3068,122.3917,4.1994,5.0703,5.1543,0.1799,0.3453,123120.0672,98473.9354,28857.6172,855684.4865,684393.883,1
36,000059.SZ,华锦股份,20260825,4.76,3.0966,5.8467,0.77,,,0.7548,0.1823,0.1944,0.3782,,159944.2537,159941.2987,84709.3812,761334.6776,761320.588,1
37,000060.SZ,中金岭南,20260825,6.56,2.3169,3.3128,0.99,36.3378,28.2215,1.4586,0.4818,0.4565,1.1161,0.8384,444117.2458,444111.6208,310605.551,2913409.16,2913372.2272,4
38,000061.SZ,农产品,20260825,6.04,3.097,7.8402,1.38,32.1883,27.5293,1.3873,1.8365,2.0902,0.9908,0.9934,198496.1198,179431.3488,70877.8845,1198916.5648,1083765.354,1
39,000062.SZ,深圳华强,20260825,22.15,1.0732,3.2208,0.68,50.0431,41.4988,3.3737,0.9301,0.8461,2.6185,2.2573,104590.9322,104490.0077,34817.1167,2316689.0995,2314453.7215,1
40,000063.SZ,中兴通讯,20260825,33.42,1.0761,1.4123,0.47,28.4573,48.2541,2.1217,1.194,1.1389,1.8462,1.2211,478353.4887,402762.1232,306868.0832,15986573.6358,13460310.0504,1
41,000065.SZ,北方国际,20260825,9.98,6.4645,12.3911,2.5,16.0252,15.6533,1.0411,0.8552,0.9465,1.367,1.3727,116144.2159,106501.8573,55562.909,1159119.3156,1062888.5628,0
42,000066.SZ,中国长城,20260825,14.05,1.4587,2.4363,0.48,,2246.5937,4.1459,2.867,2.8028,,,322579.9088,322554.9838,193127.473,4532247.7355,4531897.469,1
43,000068.SZ,华控赛格,20260825,3.16,1.222,2.1455,0.98,,,5.4344,3.8214,4.2707,,,100667.1464,100667.1464,57333.4369,318108.194,318108.194,1
44,000069.SZ,华侨城Ａ,20260825,1.77,0.497,1.0011,0.93,,,0.4164,0.4534,0.4732,,,803775.8053,689860.1781,342477.7122,1422683.1837,1221052.5186,1
45,000070.SZ,特发信息,20260825,16.07,6.2552,10.284,1.19,,,13.9467,3.1597,3.1314,,,86839.2949,85672.7041,52110.2048,1395507.3903,1376760.289,2
46,000078.SZ,ST海王,20260825,1.61,1.9651,3.6618,0.8,,,3.4118,0.1588,0.1679,,,263112.3257,262521.5704,140877.0576,423610.8513,422659.7277,1
47,000088.SZ,盐田港,20260825,4.53,0.7707,1.4818,1.13,16.2716,15.7986,1.3014,27.4411,25.985,4.8124,4.3046,519948.3346,316292.0742,164511.8742,2355365.9349,1432803.0771,1
48,000089.SZ,深圳机场,20260825,6.59,1.0415,2.4202,1.33,25.732,14.2297,1.1226,2.6353,2.5581,1.8209,2.4279,205076.9509,205076.9509,88247.3977,1351457.1005,1351457.1005,1
49,000090.SZ,天健集团,20260825,3.5,0.8997,1.4889,1.1,29.2693,,0.5919,0.2906,0.2865,2.8571,1.0286,186854.5434,186845.9934,112899.5706,653990.89,653960.965,1
50,000096.SZ,广聚能源,20260825,8.1,1.4935,3.2503,1.32,37.2572,38.0086,1.5519,3.1302,3.0626,0.9259,0.9259,52800.0,51084.8,23472.9623,427680.0,413786.88,1
51,000099.SZ,中信海直,20260825,13.6,1.1621,1.8935,1.49,34.1805,37.6024,1.9032,4.7198,4.7839,1.3824,1.1765,77577.0137,77577.0137,47609.5662,1055047.336,1055047.336,4
52,000100.SZ,TCL科技,20260825,4.91,1.2692,1.3074,0.57,22.6117,20.1816,1.6292,0.5549,0.5449,0.9676,1.833,2080086.2447,2011498.0236,1952648.5154,10213223.4384,9876455.2782,4
53,000151.SZ,中成股份,20260825,10.03,1.8482,2.802,1.16,9.7882,8.8895,4.0196,3.1163,2.8292,,,35090.6286,30793.4695,20311.8595,351959.0189,308858.5041,1
54,000153.SZ,丰原药业,20260825,6.19,6.827,9.3477,0.57,28.933,29.2312,1.3179,0.7455,0.7664,1.6158,1.6155,46468.5522,45886.8497,33513.2822,287640.3245,284039.6015,1
55,000155.SZ,川能动力,20260825,12.02,1.9092,3.1536,1.04,44.1616,24.5877,1.9839,6.1649,4.0688,1.4143,1.4143,184616.8342,184616.8342,111765.2937,2219094.2966,2219094.2966,4
56,000156.SZ,华数传媒,20260825,6.86,0.5242,0.998,1.23,27.2511,28.3422,0.8374,1.3849,1.4008,2.6239,2.6239,185293.2442,169987.5877,89286.3393,1271111.695,1166114.8674,1
57,000157.SZ,中联重科,20260825,7.07,0.4111,0.5664,0.66,12.5852,14.1133,1.0484,1.1735,1.1549,4.2433,5.6577,864853.5236,706966.96,513113.069,6114514.3864,4998256.4072,0
58,000158.SZ,常山北明,20260825,12.58,1.0117,1.5416,0.32,601.277,635.8913,3.793,2.6678,2.6407,,0.2146,159861.6721,158791.1596,104210.5896,2011059.8086,1997592.7928,1
59,000159.SZ,国际实业,20260825,6.0,2.9402,3.8097,1.46,75.8634,78.5907,1.3991,1.4518,1.3879,,0.3333,48068.5993,48066.8493,37095.9605,288411.6,288401.1,1
60,000166.SZ,申万宏源,20260825,4.47,0.186,0.4514,0.84,11.773,11.322,0.9764,4.6145,4.4991,1.8121,2.4609,2503994.456,2253550.7316,928437.8416,11192855.1915,10073371.7631,1
61,000301.SZ,东方盛虹,20260825,13.02,0.4082,1.3005,0.81,643.5934,70.2674,2.4782,0.6854,0.6762,,,661123.247,660837.3023,207398.2903,8607824.6759,8604101.6759,4
62,000333.SZ,美的集团,20260825,86.69,0.3684,0.5366,0.99,15.0188,14.9331,2.8411,1.446,1.4357,4.6109,4.8543,761343.8907,686949.542,471567.5892,66000901.8241,59551655.6226,1
63,000338.SZ,潍柴动力,20260825,27.02,1.6575,1.6835,1.14,21.3585,20.6502,2.448,1.0071,0.9854,2.6265,2.7137,864022.0621,495639.2543,487974.7523,23345876.0612,13392172.535,1
64,000400.SZ,许继电气,20260825,22.27,1.3471,2.1747,0.81,19.435,23.8995,1.8349,1.5131,1.5053,2.1151,2.0611,101862.2249,101506.5609,62877.9155,2268471.6394,2260551.0912,1
65,000401.SZ,金隅冀东,20260825,3.58,0.3041,0.8423,1.06,43.4789,97.6583,0.3623,0.3881,0.4027,2.7955,2.7955,265614.6988,263135.4688,95019.8473,950900.626,942024.9826,1
66,000402.SZ,金融街,20260825,2.48,1.2647,2.2964,1.06,,,0.3733,0.9268,0.9066,,,298892.9907,298865.3947,164594.2793,741254.6152,741186.1672,1
67,000403.SZ,派林生物,20260825,10.98,1.9184,3.1015,1.41,24.8896,38.9707,1.2953,3.9639,4.2147,2.452,,95039.7386,94068.2787,58185.7779,1043536.3452,1032869.7144,1
68,000404.SZ,长虹华意,20260825,7.14,1.1334,1.6364,0.9,10.0439,10.1815,1.1581,0.4218,0.4533,4.2017,4.4864,69599.5979,69298.496,47998.9988,496941.144,494791.29,1
69,000407.SZ,胜利股份,20260825,4.14,2.0516,2.7458,0.63,23.3898,21.6985,1.1684,0.8748,0.9087,1.0145,1.4493,88008.4656,87578.2212,65436.8679,364355.0244,362573.8308,1
70,000408.SZ,藏格矿业,20260825,75.72,0.7824,1.7596,0.84,30.8378,20.8776,6.9082,33.214,29.9731,1.3207,3.2984,156891.4754,156889.8254,69763.0982,11879822.8656,11879697.9276,4
71,000409.SZ,云鼎科技,20260825,8.72,0.7634,1.2136,1.19,71.7095,83.5851,3.5994,3.8694,4.0682,,,67766.3405,59047.3934,37142.5897,590922.4848,514893.2408,1
72,000410.SZ,沈阳机床,20260825,5.13,0.7256,0.9755,0.48,,,3.2536,3.6352,3.7808,,,264907.3009,197101.8333,146597.5989,1358974.449,1011132.3879,1
73,000411.SZ,英特集团,20260825,9.84,0.5864,1.8166,0.78,11.0888,11.5652,1.0284,0.165,0.1643,3.5983,3.5976,56484.9146,56373.5936,18196.6958,555811.5144,554716.1256,1
74,000415.SZ,渤海租赁,20260825,4.46,0.9871,1.5075,0.95,,5.7258,0.8839,0.5212,0.5731,,,618452.1282,539291.3883,353115.9608,2758296.4998,2405239.5994,4
75,000417.SZ,合百集团,20260825,5.67,2.7477,4.435,0.99,27.6,29.6293,0.9281,0.6604,0.6979,1.94,1.1464,77988.42,77902.7451,48263.6984,442194.3414,441708.5925,1
76,000419.SZ,通程控股,20260825,4.97,1.2881,2.3139,1.17,21.9719,23.8519,0.7999,1.5107,1.6632,3.0181,2.6157,54358.2655,54358.2655,30261.0171,270160.6019,270160.6019,1
77,000420.SZ,吉林化纤,20260825,3.7,1.6861,2.2638,1.16,400.2489,218.1192,2.0489,1.6761,1.649,,,245886.8343,245803.5643,183081.0907,909781.271,909473.172,1
78,000421.SZ,南京公用,20260825,5.66,3.1563,6.8751,0.81,67.62,32.762,1.1672,0.4657,0.4172,1.0631,1.0601,57441.5734,57420.8022,26361.7375,325119.2862,325001.728,1
79,000422.SZ,湖北宜化,20260825,12.32,1.413,2.0471,0.71,16.5709,18.379,2.1867,0.5223,0.4955,1.6158,2.0292,108758.4712,106728.5912,73666.4977,1339904.3504,1314896.2288,1
80,000423.SZ,东阿阿胶,20260825,48.89,1.0766,1.6305,0.79,17.9907,17.5263,3.0793,4.6685,4.5974,5.227,5.5584,63982.6824,63870.0293,42170.3956,3128113.2252,3122605.7667,1
81,000425.SZ,徐工机械,20260825,8.02,0.5852,0.644,0.58,14.291,14.2529,1.4989,0.9316,0.9088,2.1896,2.48,1171121.0449,900055.5358,817824.4959,9392390.7801,7218445.3971,1
82,000426.SZ,兴业银锡,20260825,39.5,5.3463,7.3573,0.94,41.1548,26.2929,6.4789,12.6255,10.7312,0.1772,,177563.5739,177520.5464,128996.5044,7013761.41,7012061.725,4
83,000428.SZ,华天酒店,20260825,4.32,1.7792,3.9711,0.57,,,3.5906,8.3331,8.5344,,,101892.6,101892.6,45651.708,440176.032,440176.032,2
84,000429.SZ,粤高速Ａ,20260825,13.45,0.7032,1.841,1.15,15.6114,17.6385,2.658,6.2915,6.2901,3.8885,4.4907,209080.6126,130332.9906,49783.9954,2812134.2045,1752978.7155,1
85,000430.SZ,张家界,20260825,6.85,4.1464,5.1123,1.66,,,3.0474,12.0927,11.6337,,,80963.5372,37055.6486,30054.3523,554600.249,253831.2025,1
86,000488.SZ,ST晨鸣,20260825,1.89,0.5891,0.8059,1.45,,,13.3468,0.8986,0.6642,,,294145.62,169421.975,123843.8431,555935.2218,320207.5422,1
87,000498.SZ,山东路桥,20260825,5.0,0.7266,1.8282,1.45,3.4852,3.6179,0.4649,0.1132,0.1147,4.0758,4.4138,155244.2024,144934.7779,57603.2745,776221.0,724673.9,1
88,000501.SZ,武商集团,20260825,7.27,1.375,2.4122,1.67,30.9843,34.6741,0.5066,0.9196,0.9224,4.0241,2.6827,76899.2731,76829.3891,43794.9828,559057.6929,558549.6653,1
89,000503.SZ,国新健康,20260825,6.88,1.1569,1.5959,0.48,,,7.0241,19.2249,19.222,,,97925.2472,97923.5472,70988.546,673725.72,673714.024,1
90,000504.SZ,南华生物,20260825,8.3,0.9404,1.5842,0.54,95.0162,71.5086,10.08,6.5855,4.1486,,,33002.3098,32912.2398,19537.1546,273919.173,273171.592,1
91,000505.SZ,京粮控股,20260825,6.98,15.4328,33.0346,1.16,,,1.7673,0.6457,0.6834,0.2579,,72695.0251,63238.0336,29543.0315,507411.2396,441401.4494,1
92,000506.SZ,招金黄金,20260825,20.61,10.8348,16.1715,0.85,120.5297,56.1561,21.2287,36.3388,27.5978,,,92901.7761,92870.6961,62222.4027,1914705.6858,1914065.127,4
93,000507.SZ,珠海港,20260825,5.0,0.8447,1.2165,0.78,19.0661,19.8948,0.7693,1.0483,1.0805,1.28,1.0634,91973.4895,90235.4455,62660.7305,459867.45,451177.25,1
94,000509.SZ,华塑控股,20260825,3.46,2.3851,3.9454,1.01,,,30.7086,4.9154,5.1941,,,107312.8052,107312.4808,64874.1073,371302.288,371301.1808,1
95,000510.SZ,新金路,20260825,16.37,6.2784,6.9998,0.87,,,10.2943,6.3972,6.3508,,,64854.3589,60661.0392,54409.3789,1061665.8732,993021.2248,4
96,000513.SZ,丽珠集团,20260825,25.97,1.9706,3.3955,0.97,11.397,13.7718,1.7252,1.9183,2.1454,4.2708,5.5064,88790.7171,56765.1788,32944.4164,2305894.9984,1474191.7246,4
97,000514.SZ,渝开发,20260825,4.05,1.483,4.0284,1.4,505.7562,,0.9425,4.696,3.491,,0.2469,84377.0965,84377.0965,31062.1866,341727.255,341727.255,1
98,000516.SZ,国际医学,20260825,4.18,0.7407,1.0437,0.62,,,2.8771,2.2969,2.2981,,,223889.6753,220474.8361,156465.2637,935858.8624,921584.8312,1
99,000517.SZ,荣安地产,20260825,2.31,2.0015,6.7616,1.19,,,1.5837,1.3218,2.1163,,,318392.2485,249198.6416,73767.1421,735486.0975,575648.8584,4
100,000518.SZ,四环生物,20260825,3.84,6.1072,9.419,0.76,,,12.8033,11.4799,14.4695,,,102955.6222,102953.5693,66754.4571,395349.5808,395341.7088,1
101,000519.SZ,中兵红箭,20260825,14.09,2.0402,3.4844,0.94,470.576,164.0444,1.8901,2.1157,1.9406,,0.1774,139255.8982,139255.8982,81538.1814,1962115.631,1962115.631,1
102,000520.SZ,凤凰航运,20260825,4.24,3.2101,4.6862,0.71,,,9.5968,5.6875,3.9609,,,101208.3455,101208.3455,69328.8299,429123.404,429123.404,4
103,000521.SZ,长虹美菱,20260825,4.87,0.6125,0.8552,0.91,12.2213,97.9534,0.8537,0.1649,0.1762,6.7762,4.2017,102992.3715,87528.8864,62683.114,501572.8419,426265.6943,1
104,000523.SZ,红棉股份,20260825,3.25,10.5659,23.0455,1.07,75.1657,51.9079,3.0438,2.815,2.8229,,,183546.8461,132516.0154,60756.07,596527.2625,430677.065,1
105,000524.SZ,岭南控股,20260825,10.2,3.5845,11.6449,1.93,97.5739,89.5439,2.9552,1.5178,1.486,0.7843,0.5,67020.8597,66996.7338,20622.7598,683612.772,683366.646,1
106,000525.SZ,红太阳,20260825,4.39,2.8892,3.6462,0.51,,,2.3037,1.8572,1.9687,,,130293.8641,111176.0005,88096.3981,571990.0454,488062.64,1
107,000526.SZ,学大教育,20260825,36.28,6.1876,9.1205,0.79,22.661,16.6235,3.5734,1.37,1.2727,,,12186.1109,12147.3509,8241.1184,442112.0708,440705.858,1
108,000528.SZ,柳工,20260825,8.12,0.9205,1.2436,0.89,10.2827,10.6202,0.8697,0.4993,0.4859,3.2403,3.892,203783.3336,203500.2777,150634.5945,1654720.6688,1652422.2549,1
109,000529.SZ,广弘控股,20260825,5.06,0.7446,1.6805,0.84,24.04,27.6689,0.9175,1.431,1.4297,2.3715,2.3715,58379.033,56988.4377,25250.7268,295397.9424,288361.5064,1
110,000530.SZ,冰山冷热,20260825,5.17,3.8776,5.4218,2.27,70.2691,142.2893,1.3799,0.9912,1.0398,0.9671,0.9671,84321.2507,60011.6725,42919.9791,435940.8625,310260.3339,1
111,000531.SZ,穗恒运Ａ,20260825,5.64,0.5354,1.1238,0.78,19.4168,14.7366,0.8452,1.4182,1.4761,2.4594,1.9363,104140.1332,90974.5488,43344.2359,587350.3332,513096.462,1
112,000532.SZ,华金资本,20260825,11.34,1.8293,3.4578,0.95,23.9166,21.7989,2.376,7.9016,7.6846,0.5291,0.8818,34470.834,34354.9746,18174.812,390899.2122,389585.3598,1
113,000533.SZ,顺钠股份,20260825,10.55,4.5913,7.4091,0.6,71.4875,64.3487,7.1399,3.255,2.8128,,,69081.6,68490.24,42442.8232,728810.88,722572.032,4
114,000534.SZ,万泽股份,20260825,24.15,3.3474,4.824,1.33,62.4591,60.6213,6.5805,9.5355,9.2407,0.1961,,50954.8516,50253.8041,34871.6146,1230559.6275,1213629.27,4
115,000536.SZ,华映科技,20260825,3.26,1.6638,2.789,1.34,,,16.7075,6.5389,7.1665,,,276603.2803,276308.2516,164837.6623,901726.6928,900764.895,1
116,000537.SZ,绿发电力,20260825,7.57,0.6279,2.0238,0.46,19.435,24.4894,0.7819,3.1805,3.085,3.2536,2.1828,205571.7899,205571.7899,63780.8262,1556178.4503,1556178.4503,1
117,000538.SZ,云南白药,20260825,50.0,0.38,0.8677,0.84,17.3112,16.9731,2.1193,2.1661,2.1267,4.408,5.204,178426.2603,177293.337,77644.1627,8921313.0,8864667.0,1
118,000539.SZ,粤电力Ａ,20260825,5.33,1.3483,3.8454,0.7,46.6445,33.6676,1.2004,0.5429,0.5349,0.3752,0.3752,525028.3986,255538.6899,89600.9445,2798401.372,1362021.2177,1
119,000541.SZ,佛山照明,20260825,4.93,0.3863,0.7684,0.78,35.241,53.4862,1.1181,0.8607,0.8901,2.4341,1.0142,153577.823,123051.9707,61866.1904,757138.6526,606646.2121,1
120,000543.SZ,皖能电力,20260825,7.47,0.6336,1.4963,0.82,7.8792,7.8768,0.9644,0.6201,0.6299,4.2704,5.0736,226686.3331,226686.3331,95991.878,1693346.8851,1693346.8851,1
121,000544.SZ,中原环保,20260825,7.27,0.3997,1.6136,1.12,6.5907,6.8878,0.7526,1.2791,1.2906,3.5763,3.7139,97468.4488,97468.4488,24142.7944,708595.6315,708595.6315,1
122,000545.SZ,金浦钛业,20260825,2.59,4.5206,5.3026,1.59,,,3.9965,1.6262,1.752,,,98683.3096,98540.3096,84007.8965,255589.7729,255219.4029,1
123,000546.SZ,金圆股份,20260825,4.81,1.7861,2.7009,0.9,,,1.0216,0.3967,0.309,,,77764.8262,69670.5206,46072.353,374048.8323,335115.2012,1
124,000547.SZ,航天发展,20260825,13.83,2.8176,3.5399,0.61,,,6.0418,8.8395,7.6354,,,159846.8269,158912.1062,126486.5878,2210681.6589,2197754.4813,1
125,000548.SZ,湖南投资,20260825,4.55,1.2342,1.8234,1.21,53.9951,60.2176,1.0978,4.373,4.6097,1.0989,0.6593,49921.5811,49921.5811,33790.9354,227143.189,227143.189,1
126,000550.SZ,江铃汽车,20260825,15.74,0.6174,1.9483,0.94,11.442,11.3838,1.1357,0.3469,0.336,4.5235,3.4725,86321.4,51846.316,16428.716,1358698.836,816061.0768,1
127,000551.SZ,创元科技,20260825,12.41,2.8104,4.3641,0.44,20.3941,19.191,1.9641,1.4251,1.3673,0.6715,0.4835,48473.3046,48436.1977,31192.0713,601553.7771,601093.242,1
128,000552.SZ,甘肃能化,20260825,2.63,2.6089,4.5957,1.31,,90.9046,0.8486,1.7956,1.6052,2.5855,,535181.6776,372581.3542,211511.5513,1407527.7921,979888.9505,1
129,000553.SZ,安道麦A,20260825,5.48,0.3738,2.3322,0.85,,,0.7239,0.4411,0.4496,,,232981.1766,217707.1961,34893.4,1276736.8664,1193035.456,1
130,000554.SZ,泰山石油,20260825,6.54,4.3908,4.3908,1.08,20.1903,18.4812,2.6232,0.9862,1.009,2.2481,2.2635,47744.4918,35930.4797,35930.4797,312248.9646,234985.3392,1
131,000555.SZ,神州信息,20260825,10.51,1.9153,3.1223,0.98,181.7419,180.2442,1.8032,0.7791,0.8032,,0.0946,97577.4437,97463.1587,59785.5503,1025538.9995,1024337.8116,1
132,000557.SZ,西部创业,20260825,3.67,0.6382,1.2209,1.36,18.2946,19.1958,0.8378,4.0267,3.9189,1.3624,0.545,145837.4735,145791.6198,76206.9067,535223.5149,535055.2454,1
133,000558.SZ,天府文旅,20260825,3.53,3.9358,5.6156,2.85,,,4.3321,8.4989,9.6484,,,128922.3949,128868.4608,90320.6647,455096.0367,454905.6638,1
134,000559.SZ,万向钱潮,20260825,11.18,0.972,2.6826,0.91,35.7923,35.1678,4.484,2.768,2.9635,1.6044,1.7889,331535.8444,331426.0664,120082.6038,3706570.803,3705343.4626,1
135,000560.SZ,我爱我家,20260825,2.39,12.1811,16.2553,1.06,,,0.6065,0.5372,0.5734,0.1799,,235550.0851,233843.6194,175233.4303,562964.7151,558886.2518,2
136,000561.SZ,烽火电子,20260825,7.79,1.7409,3.0937,1.97,,,2.3162,4.0225,3.9716,,,86401.8238,77624.736,43682.0304,673070.2557,604696.7246,1
137,000563.SZ,陕国投Ａ,20260825,3.04,1.268,2.2467,1.96,10.8522,11.6396,0.8362,5.2656,5.8106,2.6316,2.9605,511397.0358,511397.0358,288624.8934,1554647.0016,1554647.0016,1
138,000564.SZ,供销大集,20260825,1.45,1.7663,2.3885,0.54,,,1.8076,13.8855,14.5184,,,1805806.3354,1509487.9525,1116288.7752,2618419.1785,2188757.5275,1
139,000565.SZ,渝三峡Ａ,20260825,6.03,2.4754,4.1637,0.71,322.771,192.9459,2.0373,6.6288,6.2411,0.2488,0.2488,43359.222,43359.222,25778.3238,261456.0966,261456.0966,1
140,000566.SZ,海南海药,20260825,4.97,7.8438,10.174,0.87,,,1449.8011,7.7575,8.1334,,,129736.5126,129673.5633,99974.5744,644790.4547,644477.5932,2
141,000567.SZ,海德股份,20260825,6.0,0.7915,3.2329,1.16,30.4619,16.5711,1.9469,16.6645,11.388,,,195459.2155,194853.9833,47707.304,1172755.26,1169123.88,1
142,000568.SZ,泸州老窖,20260825,84.73,0.6002,1.2234,1.09,11.5149,12.5386,2.417,4.8468,5.1104,7.0234,1.6028,147190.1463,147106.0137,72165.5356,12471420.5622,12464292.2273,4
143,000570.SZ,苏常柴Ａ,20260825,5.14,2.641,4.4739,1.34,71.3733,43.9893,1.0243,1.4648,1.4032,0.1946,0.428,70569.2507,55569.2507,32802.909,362725.945,285625.945,1
144,000571.SZ,新大洲A,20260825,6.15,2.5848,3.6451,0.78,,,342.2547,10.1595,9.5876,,,83912.9,81399.215,57721.0118,516064.3965,500605.203,1
145,000572.SZ,海马汽车,20260825,3.87,3.0014,4.5826,1.53,,,4.2154,3.4418,4.2198,,,164463.6426,164225.3067,107561.0357,636474.3255,635551.9497,1
146,000573.SZ,粤宏远Ａ,20260825,3.71,2.4828,3.1083,1.23,34.5129,,1.4442,4.3182,3.9344,1.3477,1.3477,63828.0604,63296.4819,50560.5112,236802.1026,234829.9408,1
147,000576.SZ,甘化科工,20260825,7.22,1.9384,3.0279,1.43,41.5922,44.7568,1.9077,6.2337,5.4454,,,43641.8214,43381.5261,27772.7861,315094.0126,313214.6466,1
148,000581.SZ,威孚高科,20260825,17.49,0.6426,1.096,1.06,15.83,15.5402,0.8347,1.4063,1.3876,5.7346,4.574,96678.5693,79390.5299,46544.25,1690908.1893,1388540.3697,1
149,000582.SZ,北部湾港,20260825,10.82,1.9746,4.4905,1.06,26.2372,25.5721,1.3252,3.577,3.5631,1.1062,1.4441,251708.448,215684.8223,94839.5238,2723485.429,2333709.7524,1
150,000586.SZ,汇源通信,20260825,12.94,3.8658,5.3824,1.51,,,7.9353,4.8836,4.722,,,19344.0,19119.0,13731.667,250311.36,247399.86,1
151,000589.SZ,贵州轮胎,20260825,4.32,1.3041,1.6733,1.21,10.8303,9.147,0.7306,0.6135,0.6047,3.9205,2.9977,155439.0104,154411.0704,120341.4364,671496.5232,667055.8224,1
152,000590.SZ,古汉医药,20260825,9.41,2.802,4.9682,1.09,,,4.1668,6.6734,6.5484,,,23947.1267,23935.8527,13499.4228,225342.3992,225236.3485,1
153,000591.SZ,太阳能,20260825,4.28,0.5988,0.9181,0.75,20.3158,23.3039,0.6957,3.3712,3.5422,2.6475,1.7826,390485.2975,390339.6026,254606.0491,1671277.0412,1670653.488,1
154,000592.SZ,平潭发展,20260825,6.18,6.6782,8.0735,0.66,,,6.7372,9.0447,9.4252,,,193178.0892,191509.2449,158411.7626,1193840.5344,1183527.1032,1
155,000593.SZ,德龙汇能,20260825,23.1,4.9546,8.3946,0.7,407.3651,351.1332,9.2287,5.4521,5.8457,,,35863.1009,35848.3019,21157.9909,828437.61,828095.73,1
156,000595.SZ,新能股份,20260825,5.78,4.5019,8.5618,1.74,78.989,,12.8408,9.8902,8.9561,,,113865.6366,113865.6366,59872.0442,658143.3992,658143.3992,1
157,000596.SZ,古井贡酒,20260825,90.86,0.6841,2.0373,0.68,13.5326,16.9944,1.8385,2.5504,2.8035,6.6036,4.8426,52860.0,40860.0,13719.5978,4802859.6,3712539.6,1
158,000597.SZ,东北制药,20260825,4.99,1.691,3.906,0.41,27.3786,33.1556,1.2867,1.0064,1.0862,2.0042,1.1022,142692.8265,140920.3737,61008.4552,712037.1718,703192.6463,1
159,000598.SZ,兴蓉环境,20260825,7.14,0.4068,1.087,0.86,10.6263,10.5234,1.052,2.3497,2.3332,2.6194,3.2941,298400.8721,298360.8446,111648.5751,2130582.2118,2130296.3976,4
160,000599.SZ,青岛双星,20260825,4.73,1.177,2.007,0.94,,,1.8669,2.4953,2.8941,,,244311.3119,81674.2112,47898.9012,1155592.4963,386319.0133,1
161,000600.SZ,建投能源,20260825,7.96,0.9744,1.7252,0.62,7.641,7.0562,1.1503,0.6299,0.6387,1.6387,4.0201,180323.4376,109005.0876,61564.0593,1435374.5824,867680.5164,1
162,000601.SZ,韶能股份,20260825,6.14,2.9751,3.8278,0.89,60.9685,36.3569,1.5393,1.3624,1.3129,3.2509,0.8143,106408.4929,104961.8524,81580.6232,653348.1286,644465.759,4
163,000603.SZ,盛达资源,20260825,36.27,14.2644,24.0778,1.18,46.9996,29.3579,6.6628,10.1669,9.245,0.2757,0.3309,68996.9346,66671.6359,39498.3563,2502519.0138,2418180.3828,4
164,000605.SZ,渤海股份,20260825,6.0,1.054,1.7907,0.82,248.1698,241.201,0.997,1.1292,1.0736,0.3333,0.2,35265.86,35265.86,20756.9665,211595.16,211595.16,1
165,000607.SZ,华媒控股,20260825,3.75,1.4472,2.7086,1.14,,,3.1849,3.0611,3.0678,,,101769.841,88506.2168,47286.8285,381636.9,331898.325,1
166,000608.SZ,阳光股份,20260825,7.25,2.0784,2.2478,0.54,,,2.6476,15.9188,16.4422,,,74991.3309,74542.7559,68923.4809,543687.215,540435.01,1
167,000609.SZ,*ST中迪,20260825,10.08,1.8251,2.4165,1.02,,,,14.5306,11.9456,,,29926.5522,29071.3022,21956.8222,301659.624,293038.704,1
168,000610.SZ,*ST西旅,20260825,6.13,1.0803,1.474,0.9,,,,2.6124,2.6808,,,23674.7901,23550.4294,17260.2149,145126.4627,144364.1359,1
169,000612.SZ,焦作万方,20260825,10.94,2.1532,2.8503,0.89,12.1766,9.1819,1.6925,2.0081,1.9268,1.1883,2.9707,119219.9394,119116.0394,89984.0703,1304266.1436,1303129.4776,4
170,000615.SZ,*ST美谷,20260825,3.31,0.4372,0.5369,0.68,,,3.5965,6.0641,7.5922,,,178749.2693,92509.2663,75326.9845,591660.0837,306205.6837,1
171,000617.SZ,中油资本,20260825,7.45,2.537,11.0411,3.22,21.9034,20.5063,0.885,102.6389,101.1714,1.5705,1.3691,1264207.9079,1264207.9079,290484.1416,9418348.9295,9418348.9295,1
172,000619.SZ,海螺新材,20260825,4.94,1.3063,1.9625,0.95,,,0.8778,0.48,0.4803,,,44116.8831,36000.0,23962.0607,217937.3872,177840.0,1
173,000620.SZ,盈新发展,20260825,3.47,13.3323,17.7592,1.19,,,5.4783,11.909,10.2775,,,587181.504,467174.8815,350719.5315,2037519.805,1621096.8336,0
174,000623.SZ,吉林敖东,20260825,18.06,0.6538,0.9012,0.7,9.017,7.8698,0.6858,9.2489,9.6997,2.7141,2.7141,119589.5387,119096.6462,86411.3135,2159787.0924,2150885.499,1
175,000625.SZ,长安汽车,20260825,7.1,0.3382,0.551,0.75,17.2706,22.9029,0.9117,0.4292,0.433,4.8598,2.3365,991290.5548,826720.7411,507337.0113,7038162.976,5869717.254,1
176,000626.SZ,远大控股,20260825,8.26,2.9633,7.2422,0.81,,79.8104,1.7819,0.0558,0.0528,,,50662.6864,50431.2771,20634.9618,418473.8194,416562.3728,1
177,000628.SZ,高新发展,20260825,47.86,8.2925,9.6429,0.87,154.3469,185.5852,7.5976,3.3855,4.0899,0.1149,0.2089,35228.0,19223.8585,16531.6285,1686012.08,920053.9396,1
178,000629.SZ,钒钛股份,20260825,3.03,0.8405,1.6777,0.89,,85.9857,2.2435,3.1666,2.9226,,,929094.7845,929044.443,465428.5444,2815157.1834,2815004.6532,4
179,000630.SZ,铜陵有色,20260825,6.43,2.3616,3.6061,1.0,35.703,32.7867,2.3002,0.4992,0.4265,2.258,1.5552,1340947.151,1114298.9627,729724.3163,8622290.1745,7164942.3128,4
180,000631.SZ,顺发恒能,20260825,2.97,0.4055,1.4172,0.92,115.8246,147.4959,1.2398,13.8576,14.8938,,0.5051,230000.0085,230000.0085,65816.8233,683100.0297,683100.0297,1
181,000632.SZ,ST三木,20260825,3.64,1.4024,1.7859,0.53,,,27.0125,0.287,0.3792,,,46551.957,46548.1606,36552.1005,169449.1344,169435.3024,4
182,000633.SZ,合金投资,20260825,5.37,1.6238,2.0487,1.0,273.1254,385.3629,10.3254,7.0925,7.5707,,,38510.6373,38510.6373,30522.6798,206802.1368,206802.1368,1
183,000635.SZ,英力特,20260825,6.46,1.186,2.057,1.04,,,2.5872,1.4893,1.5454,,,39413.3623,36681.9816,21149.7129,254610.3056,236965.5908,1
184,000636.SZ,风华高科,20260825,51.33,7.3062,9.586,0.59,207.897,191.6707,4.7185,10.2322,9.8214,0.2922,0.1948,114749.0419,114748.9969,87459.5352,5890068.7365,5890066.17,4
185,000637.SZ,茂化实华,20260825,4.11,2.1623,2.738,1.02,,,4.4646,0.6875,0.6775,,,51987.5356,36458.9305,28793.1304,213668.7894,149846.2023,1
186,000639.SZ,ST西王,20260825,1.77,8.0651,10.0839,0.91,,,1.075,0.4217,0.445,,,107942.8095,107942.6247,86332.2604,191058.756,191058.4374,4
187,000650.SZ,仁和药业,20260825,5.49,1.753,2.3736,0.82,19.546,20.8128,1.1905,2.1733,2.0885,2.7322,2.7322,139993.8234,133138.5834,98324.1448,768566.0718,730930.8042,1
188,000651.SZ,格力电器,20260825,41.62,0.8797,1.1578,1.0,8.0381,7.9892,1.5335,1.3678,1.3561,7.1871,7.1871,560140.5741,552200.9441,419549.5614,23313050.694,22982603.2934,1
189,000652.SZ,泰达股份,20260825,3.47,0.7436,1.0832,0.95,,,0.9344,0.2834,0.4582,0.8742,,145933.3963,145822.247,100102.5459,506388.898,506003.2075,1
190,000655.SZ,金岭矿业,20260825,7.12,1.674,4.025,1.69,15.8114,17.9299,1.1977,2.548,2.3693,2.9494,3.1742,59534.023,59534.023,24760.0085,423882.2224,423882.2224,1
191,000656.SZ,金科股份,20260825,1.26,1.9791,2.7056,1.14,0.455,0.3619,3.1958,1.9381,2.7645,,,1058873.1632,758709.6632,554992.8489,1334180.1816,955974.1716,1
192,000657.SZ,中钨高新,20260825,63.81,5.4229,8.8084,0.82,113.5328,51.7193,12.89,8.2432,5.5569,0.2508,0.3604,227860.44,145345.2007,89481.401,14539774.6764,9274477.212,4
193,000659.SZ,珠海中富,20260825,2.85,3.0229,3.5862,1.42,,,53.7069,3.7115,4.032,,,128570.252,128570.252,108374.1312,366425.2125,366425.2125,2
194,000661.SZ,长春高新,20260825,79.8,2.4261,3.3343,1.02,210.0607,,1.4525,2.6941,2.9532,3.2084,0.1974,40793.7529,39962.3731,29077.2644,3255341.25,3188997.126,1
195,000663.SZ,永安林业,20260825,5.8,1.7781,2.5301,0.88,,,2.1451,6.0188,5.9497,,,33668.3929,30630.1196,21525.5731,195276.662,177654.696,1
196,000665.SZ,湖北广电,20260825,3.9,1.4653,2.2596,0.86,,,1.4511,2.9216,3.1115,,,113714.9495,113711.978,73738.9323,443488.305,443476.722,1
197,000668.SZ,荣丰控股,20260825,22.7,2.2065,3.734,0.8,127.4842,123.2945,4.5302,8.2055,8.0777,,0.7048,14684.189,14684.189,8677.2104,333331.113,333331.113,1
198,000669.SZ,ST金鸿,20260825,4.17,0.9817,1.2381,0.58,103.6807,40.3755,38.3646,2.2735,2.2519,,,68040.8797,68040.8797,53950.9653,283730.4696,283730.4696,1
199,000670.SZ,盈方微,20260825,6.99,8.1802,9.6164,0.94,,,182.6531,1.2454,1.1092,,,84594.4477,83045.0077,70642.7093,591315.1894,580484.6038,4
200,000672.SZ,上峰材料,20260825,13.82,1.8686,4.4377,1.06,21.0102,7.6343,1.3456,2.8551,3.1459,4.4834,3.4159,96939.545,96939.545,40818.872,1339704.581,1339704.581,4
201,000676.SZ,智度股份,20260825,6.73,6.1734,8.2272,1.29,59.8772,59.1748,1.9803,2.1054,2.1326,,,125978.9215,125902.8532,94472.7654,847838.1316,847326.1805,1
202,000677.SZ,ST海龙,20260825,1.72,2.5149,3.2822,0.83,428.151,,2.8936,1.2973,1.2814,,,86397.7948,86397.7948,66199.5048,148604.1988,148604.1988,1
203,000678.SZ,襄阳轴承,20260825,8.65,5.2707,9.5883,0.75,,,5.1028,2.5828,2.6521,,,45961.1797,45961.1797,25264.8784,397564.207,397564.207,1
204,000679.SZ,大连友谊,20260825,6.16,1.6214,2.2537,0.91,,,15.1804,5.2152,4.9878,,,35640.0,35640.0,25640.0,219542.4,219542.4,1
205,000680.SZ,山推股份,20260825,10.34,0.8587,1.2581,0.72,12.8091,11.7524,2.3255,1.061,0.9759,1.2044,1.2936,150014.2612,131457.0547,89725.2547,1551147.4484,1359265.897,1
206,000681.SZ,视觉中国,20260825,16.85,2.366,3.1523,0.93,142.1786,84.1022,3.2213,15.164,15.7557,0.1422,0.0889,70057.7436,67613.5043,50746.86,1180472.919,1139287.475,1
207,000682.SZ,东方电子,20260825,11.52,0.6312,1.0779,0.67,16.9356,15.2551,2.4706,1.8437,1.7388,0.7118,0.7552,134072.7007,134060.0019,78497.4781,1544517.504,1544371.2,1
208,000683.SZ,博源化工,20260825,6.17,2.0649,2.7386,1.13,24.3405,22.1931,1.859,1.8993,1.8814,4.8647,4.8622,371683.156,333856.5773,251724.837,2293285.0972,2059895.0986,1
209,000685.SZ,中山公用,20260825,11.13,0.8347,1.7947,0.93,8.6922,7.5696,0.8491,3.5421,3.5201,3.8814,3.4591,146773.113,124658.194,57979.5216,1633584.7143,1387445.6547,1
210,000686.SZ,东北证券,20260825,7.85,0.5116,0.8914,0.69,12.6585,10.2922,0.8991,3.6245,3.2403,2.8025,3.1847,234045.2915,234045.2915,134321.0589,1837255.5265,1837255.5265,1
211,000688.SZ,国城矿业,20260825,30.97,2.6494,7.5493,1.41,34.094,53.4539,12.2315,7.6367,6.7768,,0.4198,118506.7706,118506.3386,41589.6473,3670154.6669,3670141.3498,4
212,000690.SZ,宝新能源,20260825,4.93,3.2795,4.0279,1.12,10.4706,9.7635,0.8259,1.2425,1.2696,4.0568,5.071,217588.7862,217446.8225,177044.2467,1072712.6854,1072012.8226,4
213,000691.SZ,亚太实业,20260825,10.22,1.5241,1.7268,0.54,,,11.026,9.512,8.4574,,,48490.5,32327.0,28531.8205,495572.91,330381.94,1
214,000692.SZ,惠天热电,20260825,4.24,3.3888,4.8405,0.6,,,57.98,1.074,1.0589,,,53283.2976,53283.2976,37303.6368,225921.192,225921.192,1
215,000695.SZ,滨海能源,20260825,15.35,9.0007,12.9763,1.76,,,10.2374,6.1896,4.6857,,,23175.2139,22181.1139,15385.3161,355739.4735,340480.0385,2
216,000697.SZ,炼石航空,20260825,8.28,0.7432,1.1112,0.71,,,3.5535,6.1688,5.5272,,,139608.83,65310.7348,43680.8641,1155961.1124,540772.8444,4
217,000698.SZ,ST沈化,20260825,3.57,0.4475,0.8132,0.83,,653.3976,2.0014,0.5214,0.4742,,,81951.4395,78571.4395,43239.9572,292566.6408,280500.0408,1
218,000700.SZ,模塑科技,20260825,10.89,2.5102,3.769,0.66,20.6992,20.1077,2.5216,1.4065,1.4462,1.9927,3.0009,91801.5389,91801.5389,61141.1519,999718.7706,999718.7706,1
219,000701.SZ,厦门信达,20260825,5.05,1.5316,2.5705,0.74,221.4231,6.8332,,0.1042,0.1108,,,66831.3106,66774.6631,39787.9395,337498.1155,337212.033,1
220,000702.SZ,正虹科技,20260825,5.64,1.8684,3.2445,0.94,,,5.8957,1.9193,1.7991,,,34662.4948,34662.4948,19961.696,195496.4436,195496.4436,1
221,000703.SZ,恒逸石化,20260825,18.34,3.1327,6.9575,0.83,271.3081,11.813,2.3508,0.6174,0.5613,0.2354,0.2454,382156.2147,380238.9897,171205.7716,7008745.0748,6973583.0766,4
222,000705.SZ,浙江震元,20260825,7.21,2.6452,2.9747,0.81,106.1609,,1.2429,1.0586,1.2923,0.8322,,33412.3286,28196.527,25073.9756,240902.8993,203296.9813,1
223,000707.SZ,双环科技,20260825,4.65,1.5253,1.9349,1.3,,,1.0023,1.3082,1.3802,3.0984,,58471.7193,55070.3589,43414.0379,271893.498,256077.174,1
224,000708.SZ,中信特钢,20260825,13.81,0.2181,1.3507,0.74,11.7566,11.3886,1.5897,0.6491,0.6555,5.121,4.6763,504715.8628,504713.6128,81504.3428,6970126.0266,6970094.9541,4
225,000709.SZ,河钢股份,20260825,2.11,0.5762,1.6359,0.89,21.768,19.9607,0.4191,0.1846,0.1866,1.4218,1.8957,1033712.1092,1033541.2398,364017.535,2181132.5521,2180772.0164,1
226,000710.SZ,贝瑞基因,20260825,9.51,12.1214,15.6584,1.29,,,2.364,3.6157,3.6183,,,35352.1465,33552.7358,25973.7531,336198.9465,319086.5574,4
227,000711.SZ,ST京蓝,20260825,6.2,6.4986,6.4986,1.12,,,25.0811,38.5355,26.3366,,,295349.7223,235701.486,235701.486,1831168.326,1461349.238,4
228,000712.SZ,锦龙股份,20260825,8.86,4.3288,5.9323,1.26,28.0032,45.9176,2.9599,8.537,9.2096,,,89600.0,89573.4125,65362.3621,793856.0,793620.4126,4
229,000713.SZ,国投丰乐,20260825,6.24,4.6208,6.5304,0.9,75.444,79.2563,1.6103,1.7158,1.6898,0.2465,0.4808,79821.9474,61401.498,43447.2078,498088.968,383145.36,1
230,000715.SZ,中兴商业,20260825,5.34,2.6372,5.0876,1.51,25.2659,25.9166,1.4251,3.8681,4.0119,1.4405,1.2172,54043.4622,48623.1055,25203.548,288592.1298,259647.4074,1
231,000716.SZ,黑芝麻,20260825,5.02,9.4889,13.3618,0.99,,,1.4944,1.675,1.536,0.9968,,75288.405,73572.4137,52247.7722,377947.7931,369333.5168,1
232,000717.SZ,中南股份,20260825,2.29,1.4351,3.0508,2.51,,,0.8298,0.2124,0.2122,,,242384.559,242356.0965,114004.8075,555060.6424,554995.469,1
233,000718.SZ,苏宁环球,20260825,1.91,1.1506,1.743,1.44,311.7013,,0.6333,4.1778,4.3688,3.6649,1.5707,303463.6384,228182.9772,150627.8711,579615.5524,435829.4918,1
234,000719.SZ,中原传媒,20260825,12.11,0.9009,1.9806,1.08,9.0074,9.1821,1.0261,1.325,1.3778,4.9546,5.45,102320.3749,66714.7543,30345.1786,1239099.6807,807915.6225,1
235,000720.SZ,新能泰山,20260825,3.71,2.7328,4.6872,0.83,,,2.4983,3.2519,3.2261,,,125653.1571,125653.1571,73261.3407,466173.2236,466173.2236,1
236,000721.SZ,西安饮食,20260825,6.69,3.5673,5.5186,1.59,,,36.983,6.8237,7.4796,,,57391.4308,51236.0308,33119.842,383948.6667,342769.0407,1
237,000722.SZ,湖南发展,20260825,12.93,1.8213,3.7577,1.05,114.676,102.1565,2.6111,23.6922,23.6611,0.2805,0.2805,63978.9346,46415.8282,22496.9877,827247.6942,600156.6819,1
238,000723.SZ,美锦能源,20260825,3.87,6.2782,10.0376,1.79,,,1.3798,0.9484,0.9414,,,440350.2262,439517.6042,274905.4456,1704155.3514,1700933.112,4
239,000725.SZ,京东方Ａ,20260825,5.74,2.8508,3.2964,0.5,36.3045,35.7358,1.5624,1.0393,1.0373,0.8799,0.9748,3704432.8064,3536713.4117,3058566.793,21263444.272,20300734.9734,4
240,000726.SZ,鲁泰Ａ,20260825,5.95,0.7117,0.9342,0.81,8.1947,9.0264,0.4964,0.8239,0.8376,3.3601,4.2011,81752.5607,58933.6475,44898.2892,486427.732,350655.2175,1
241,000727.SZ,冠捷科技,20260825,2.27,3.1095,5.667,1.97,,,5.7041,0.1895,0.1883,,,452956.698,452956.698,248536.2851,1028211.709,1028211.709,1
242,000728.SZ,国元证券,20260825,7.35,1.6758,2.8559,4.34,13.22,11.7718,0.8305,5.1328,4.7184,3.2653,2.449,436377.7891,436377.7891,256053.2416,3207376.7565,3207376.7565,1
243,000729.SZ,燕京啤酒,20260825,11.41,0.8725,1.9071,0.62,19.1526,16.2804,1.9052,2.0974,2.0346,2.5416,2.6293,281853.9341,250960.6667,114810.7076,3215953.4554,2863461.2447,1
244,000731.SZ,四川美丰,20260825,6.17,1.4675,1.6893,0.89,,,0.8911,0.9115,0.9037,4.4291,1.6237,54882.59,54882.59,47677.2348,338625.5803,338625.5803,4
245,000733.SZ,振华科技,20260825,39.58,1.4817,2.1478,0.72,21.3903,22.3177,1.3917,3.8113,3.8592,0.4548,0.9601,55416.9431,55409.4731,38225.6787,2193402.4852,2193106.8226,1
246,000735.SZ,罗牛山,20260825,5.49,6.6614,8.0406,0.56,41.1115,,1.587,1.8721,1.7889,0.3643,0.6375,115151.3578,115089.7517,95348.4579,632180.9664,631842.7275,1
247,000736.SZ,中交发展,20260825,4.45,4.5238,9.4558,1.09,,,2.71,0.2261,1.485,,,74709.8401,74709.8401,35741.9096,332458.788,332458.788,1
248,000737.SZ,北方铜业,20260825,14.53,3.8518,7.8576,0.8,35.005,26.7515,3.7221,0.9914,0.8892,0.7571,0.9635,190471.6435,190453.926,93359.5598,2767553.0745,2767295.6029,4
249,000738.SZ,航发控制,20260825,17.77,0.5502,1.1102,0.63,69.8838,96.2444,1.8567,4.519,4.4984,0.9679,0.4333,131518.4001,131518.4001,65177.1507,2337081.968,2337081.968,4
250,000739.SZ,普洛药业,20260825,20.87,2.3755,5.0583,0.8,27.1442,28.443,3.681,2.4711,2.6387,3.3605,2.7631,115844.3576,115797.9723,54382.4415,2417671.7932,2416703.6339,1
251,000750.SZ,国海证券,20260825,3.72,0.3949,0.5703,0.68,30.8838,28.7665,1.0402,6.8765,6.4536,1.129,1.129,638617.4477,579620.3977,401352.9034,2375656.914,2156187.888,1
252,000751.SZ,锌业股份,20260825,5.13,5.2506,7.8746,1.31,121.619,73.1,2.243,0.4473,0.4228,,0.1949,161563.0595,161563.007,107726.6728,828818.4978,828818.2413,4
253,000752.SZ,*ST西发,20260825,8.82,0.655,0.807,1.23,16.155,16.5938,3.6579,5.3688,5.3351,,,26375.8491,26375.8491,21407.3042,232634.997,232634.997,4
254,000753.SZ,漳州发展,20260825,4.76,1.8922,3.0404,1.23,72.6096,67.895,1.719,1.716,1.853,0.4202,0.4202,99148.1071,99148.1071,61705.3723,471945.0036,471945.0036,1
255,000755.SZ,山西高速,20260825,4.81,0.2572,1.134,0.91,15.1704,15.0067,1.2532,4.3317,4.3275,4.158,4.158,146731.0196,146731.0196,33275.4941,705776.2062,705776.2062,1
256,000756.SZ,新华制药,20260825,13.52,2.1596,4.1932,0.56,32.4923,35.9927,1.7607,1.0759,1.0767,1.8237,1.1095,69668.3435,49889.9311,25694.3231,941915.9568,674511.8536,1
257,000757.SZ,浩物股份,20260825,4.43,1.9044,2.7457,1.02,49.4261,65.5251,1.4645,0.845,1.0069,,,53271.6095,53271.6095,36949.7157,235993.2323,235993.2323,1
258,000758.SZ,中色股份,20260825,6.1,1.2717,1.9726,0.9,25.5237,24.8843,1.947,1.1993,1.1255,0.7553,0.902,198974.6067,198275.3075,127828.3096,1213745.121,1209479.391,4
259,000759.SZ,中百集团,20260825,6.13,15.5176,24.3757,1.51,,,5.5561,0.4855,0.519,,,65602.9486,65570.6025,41742.3281,402146.0835,401947.778,1
260,000761.SZ,本钢板材,20260825,2.39,0.5075,3.3527,1.35,,,1.6575,0.2117,0.221,,,410839.0102,370839.0102,56139.0476,981905.2339,886305.2339,1
261,000762.SZ,西藏矿业,20260825,22.8,2.8894,3.6518,1.03,,262.9459,3.9727,33.7344,15.6392,0.2194,,52081.924,52080.0618,41206.7135,1187467.776,1187425.368,4
262,000766.SZ,通化金马,20260825,16.01,2.0903,2.6023,0.98,451.3028,629.337,6.6765,13.2258,14.3655,,,96649.4707,96561.3556,77561.3556,1547358.1748,1545947.3736,1
263,000767.SZ,晋控电力,20260825,3.46,2.1203,3.2983,0.68,54.2731,61.6758,1.759,0.6885,0.6962,,,307694.2219,291224.6436,187210.3509,1064622.0012,1007637.2544,1
264,000768.SZ,中航西飞,20260825,20.46,1.2417,2.7449,1.91,49.4174,59.7563,2.5399,1.3871,1.5899,0.5866,0.7331,278061.0135,277641.4009,125598.4291,5689128.2646,5680543.044,4
265,000776.SZ,广发证券,20260825,20.43,0.5993,1.2121,0.75,11.6674,10.2136,1.1604,4.5041,3.9899,2.4474,2.9369,782484.5511,590404.9311,291937.224,15986159.3565,12061972.7199,4
266,000777.SZ,中核科技,20260825,17.33,1.7575,2.4245,1.22,39.1106,42.2207,2.7048,3.8378,4.1163,1.1252,0.7675,38341.7593,38341.0827,27793.6548,664462.7008,664450.9164,1
267,000778.SZ,新兴铸管,20260825,3.64,2.1086,3.5316,2.14,15.2307,15.7686,0.5503,0.3897,0.3569,0.5495,2.0604,396318.2285,389345.129,232464.7851,1442598.3572,1417216.2732,4
268,000779.SZ,甘咨询,20260825,10.01,13.5983,24.9048,0.72,31.2333,38.7139,1.1589,2.2596,2.2921,0.7992,0.3996,46482.9452,46477.9692,25377.4429,465294.3295,465244.4797,2
269,000782.SZ,恒申新材,20260825,7.88,3.131,3.5732,0.81,,,3.4341,2.2017,2.1451,,,68658.1509,52813.9623,46278.9623,541026.222,416174.0048,4
270,000783.SZ,长江证券,20260825,8.6,1.2031,1.777,0.75,12.8662,11.3151,1.2912,4.5089,4.1666,1.7442,3.4884,553007.2948,553007.2948,374420.5335,4755862.694,4755862.694,4
271,000785.SZ,居然智家,20260825,2.29,1.1522,3.7091,1.47,,,0.7408,1.2796,1.4044,,,622704.8814,617672.6835,191875.7219,1425994.1752,1414470.4372,1
272,000786.SZ,北新建材,20260825,17.0,1.1799,2.1262,0.68,9.9567,12.3021,1.058,1.1447,1.1882,5.0502,4.0294,170223.6042,168950.7842,93756.9604,2893801.2,2872163.26,4
273,000788.SZ,北大医药,20260825,5.7,4.2566,6.1969,0.6,40.9871,88.7909,2.2387,2.2917,3.4944,1.0526,3.4737,59598.7425,59598.7425,40937.9102,339712.818,339712.818,1
274,000789.SZ,万年青,20260825,4.14,0.4244,0.8377,1.1,113.7725,,0.5116,0.7247,0.7676,3.4483,3.4484,79742.0215,79742.0215,40403.4811,330131.9628,330131.9628,1
275,000790.SZ,华神科技,20260825,4.18,2.8261,3.4421,1.0,,,3.6106,4.7794,5.3568,,,62371.9364,62264.2739,51121.1458,260714.6674,260264.6486,1
276,000791.SZ,甘肃能源,20260825,7.21,0.823,2.0724,0.96,11.4007,11.3188,1.5421,2.5799,2.5137,2.4965,3.19,324383.9742,193563.2286,76869.943,2338808.4958,1395590.8883,4
277,000792.SZ,盐湖股份,20260825,27.45,1.4408,2.2008,1.21,17.138,14.0828,3.2499,9.3705,7.7955,,,529157.2541,529152.5371,346420.7773,14525366.787,14525237.223,4
278,000793.SZ,ST华闻,20260825,2.14,0.2919,0.4525,0.68,,,3.5452,26.4192,25.1384,,,439394.0005,266470.3163,171883.83,940303.16,570246.4848,0
279,000795.SZ,英洛华,20260825,9.02,5.359,10.7114,5.83,40.2805,40.1978,3.703,2.5921,2.5009,2.8556,2.8665,111625.0714,111624.9027,55846.6164,1006858.1314,1006856.598,1
280,000796.SZ,凯撒旅业,20260825,4.18,3.0495,3.9024,1.47,239.4115,189.6657,7.3805,8.3865,7.8425,,,160378.8916,133076.1935,103992.0804,670383.7602,556258.4742,2
281,000797.SZ,中国武夷,20260825,2.44,1.8546,4.1113,1.35,,,0.8957,0.5374,0.5291,,,157075.4217,157057.4029,70850.5381,383264.0248,383220.056,1
282,000798.SZ,中水渔业,20260825,9.01,5.2377,10.8385,0.82,39.3579,33.0272,6.0393,0.7592,0.7055,,,36585.8712,36583.6212,17679.0466,329638.6887,329618.4162,1
283,000799.SZ,酒鬼酒,20260825,38.92,1.8132,2.6279,0.93,,,3.4619,11.4151,11.7472,1.5416,0.7708,32492.898,32489.753,22417.0239,1264623.668,1264501.07,1
284,000800.SZ,一汽解放,20260825,6.24,0.2717,1.2429,1.1,42.3835,38.6371,1.1595,0.4899,0.4576,0.8013,0.7212,492128.0975,492083.8183,107568.8282,3070879.344,3070603.0368,1
285,000801.SZ,四川九洲,20260825,11.39,1.0416,2.0384,1.14,64.6156,67.2575,3.716,2.8154,2.6885,0.8836,0.1756,101632.4759,101596.8143,51914.3055,1157593.8333,1157187.6659,1
286,000802.SZ,北京文化,20260825,3.9,12.7609,16.4572,0.52,,,4.7174,8.4053,10.2695,,,71590.0255,71554.4005,55483.4777,279201.117,279062.16,1
287,000803.SZ,山高环能,20260825,7.31,1.4115,1.8435,0.65,112.501,74.4687,2.2884,2.3564,2.3734,,,46629.6153,45978.778,35205.6608,340862.5222,336104.8818,4
288,000807.SZ,云铝股份,20260825,26.13,1.2728,2.1983,0.72,14.9665,10.4396,2.5417,1.5092,1.4612,1.9135,2.6751,346795.7405,346792.1101,200781.2153,9061772.6862,9061677.8343,4
289,000809.SZ,和展能源,20260825,3.46,1.3425,2.0432,0.97,,,1.0714,7.9522,5.4761,,,82479.1293,82479.1293,54193.3793,285377.7898,285377.7898,1
290,000810.SZ,创维数字,20260825,9.69,1.8329,4.0222,1.57,61.9659,43.2967,1.6917,1.2652,1.1726,1.3316,0.8256,115019.5579,111060.6175,50611.0258,1114539.5364,1076177.4078,1
291,000811.SZ,冰轮环境,20260825,42.6,6.2173,9.8177,1.34,74.9126,69.3578,6.4989,5.9955,5.5545,0.4515,0.2347,99247.7985,97859.8913,61971.9459,4227956.28,4168831.314,1
292,000812.SZ,陕西金叶,20260825,3.63,1.6624,1.9856,1.13,,,1.8396,1.9677,1.9603,0.784,,75633.1187,75568.9497,63268.9841,274548.2256,274315.2885,1
293,000813.SZ,德展健康,20260825,3.31,1.8983,2.782,0.72,,,1.5086,17.4931,17.522,,,209710.554,209676.054,143067.0782,694141.9205,694027.7255,1
294,000815.SZ,美利云,20260825,16.7,11.6337,17.4083,1.13,174.2629,145.9858,8.1914,33.8706,34.0329,,,69526.3035,69526.3035,46463.1987,1161089.21,1161089.21,1
295,000816.SZ,智慧农业,20260825,2.84,1.8272,2.4587,0.66,,,2.0745,3.2857,3.1847,,,144701.3318,143950.9072,106980.4372,410951.7772,408820.5844,1
296,000818.SZ,航锦科技,20260825,12.0,2.3906,3.279,0.83,,,3.6152,1.9209,2.361,,,66000.0039,65821.1439,47987.9239,792000.0,789853.68,1
297,000819.SZ,岳阳兴长,20260825,12.07,1.0547,1.5873,0.86,,,2.1078,1.1908,0.9575,0.8368,,36602.0106,36602.0106,24319.7195,441786.2607,441786.2607,1
298,000820.SZ,神雾节能,20260825,3.59,8.9341,9.1788,1.23,,,26.9879,7.0183,6.6894,,,64655.5179,29696.6877,28904.9696,232113.3168,106611.1171,1
299,000821.SZ,ST京机,20260825,7.12,1.0169,1.3198,0.9,22.4397,78.1548,1.0627,0.6248,0.7867,0.9831,0.4588,62287.4778,59857.5718,46121.9429,443486.8576,426185.8984,1
300,000822.SZ,山东海化,20260825,4.39,1.7882,2.9971,1.71,,,1.1012,0.828,0.8297,,,89509.1926,89509.1926,53404.3048,392945.3441,392945.3441,1
301,000823.SZ,超声电子,20260825,14.86,5.5364,7.6386,0.74,39.7441,39.9855,1.5861,1.3965,1.3321,1.2148,1.2148,59495.4911,59493.2167,43120.4867,884102.9814,884069.2492,1
302,000825.SZ,太钢不锈,20260825,3.51,0.5606,1.5281,0.92,388.0168,,0.6118,0.2212,0.2239,,0.2564,569624.7796,569624.7796,208979.3462,1999382.9778,1999382.9778,1
303,000826.SZ,*ST启环,20260825,1.97,1.6834,2.1168,0.91,,,,0.6035,0.6222,,,142535.3248,142515.5133,113337.1225,280794.5804,280755.5547,1
304,000828.SZ,东莞控股,20260825,10.0,0.932,3.0886,1.04,12.6231,12.3528,1.0021,6.6982,6.9918,4.75,4.75,103951.6992,103951.6992,31367.4398,1039517.0,1039517.0,1
305,000829.SZ,天音控股,20260825,8.55,2.086,3.2074,1.23,,,3.0245,0.0968,0.09,0.117,,102510.0438,102412.9669,66606.1551,876460.9275,875630.8935,1
306,000830.SZ,鲁西化工,20260825,11.89,1.6246,3.181,1.15,24.972,24.3007,1.1678,0.7769,0.7817,2.9527,1.6821,190431.9011,190417.6254,97246.9557,2264235.4099,2264065.6207,1
307,000831.SZ,中国稀土,20260825,57.83,3.0488,4.9202,0.82,355.613,247.6406,12.1224,19.2862,20.7788,,0.0501,106122.0807,106122.0807,65757.3396,6137039.8864,6137039.8864,4
308,000833.SZ,粤桂股份,20260825,20.88,4.8815,5.9735,0.71,34.8938,18.4374,3.7558,5.4757,4.1433,0.5843,0.8621,80208.2221,45370.6652,37076.3003,1674747.8424,947339.5896,4
309,000837.SZ,秦川机床,20260825,10.11,1.8401,3.3655,0.45,195.5617,208.2358,2.1001,2.5292,2.4684,0.2967,0.2967,102314.5837,100740.3337,55081.7236,1034400.4038,1018484.7363,1
310,000838.SZ,*ST发展,20260825,2.94,5.2186,7.8386,1.1,,,,11.4185,19.2706,,,110046.217,105376.5855,70154.1376,323535.8868,309807.1746,4
311,000839.SZ,国安股份,20260825,2.73,0.9817,1.5446,0.75,113.596,122.2639,6.8904,3.2205,3.1962,,,391982.6352,391982.6352,249133.8007,1070112.6072,1070112.6072,1
312,000848.SZ,承德露露,20260825,8.59,1.2906,2.2859,0.72,13.9718,13.1441,2.7169,2.7609,2.6313,3.5936,5.8207,102000.0074,101061.4074,57058.2708,876180.0859,868117.5119,1
313,000850.SZ,华茂股份,20260825,4.41,1.7773,3.3167,1.8,20.2129,43.4775,0.9145,1.2209,1.1679,2.1952,2.1952,94366.5009,94337.4379,50551.3811,416156.265,416028.1104,1
314,000852.SZ,石化机械,20260825,5.34,2.5032,5.2173,0.81,470.0438,,1.6322,0.7085,0.7301,,,95577.0136,95025.8873,45592.0874,510381.2868,507438.2526,1
315,000856.SZ,冀东装备,20260825,8.6,3.7393,5.3419,0.95,74.7539,91.0651,4.6318,0.7025,0.7536,,0.4651,22700.0,22700.0,15890.0001,195220.0,195220.0,1
316,000858.SZ,五粮液,20260825,71.52,0.4645,1.0356,0.9,31.0034,22.0315,2.1689,6.8498,5.9984,11.6373,7.2092,388160.8005,388151.3391,174105.0794,27761260.416,27760583.8368,1
317,000859.SZ,国风新材,20260825,8.68,2.7198,3.837,0.65,,,2.8942,3.5811,3.3597,,,89597.6271,89592.0771,63507.9137,777707.4284,777659.2544,1
318,000860.SZ,顺鑫农业,20260825,10.44,1.1911,1.9322,0.95,,,1.1404,1.072,1.2034,1.4368,,74176.6989,74176.6989,45725.5821,774404.748,774404.748,1
319,000862.SZ,银星能源,20260825,5.22,2.402,3.1586,1.23,107.7643,,1.0889,3.6592,3.761,,,91795.4696,62796.7088,47754.4231,479172.3534,327798.8262,1
320,000863.SZ,三湘印象,20260825,4.23,1.4125,2.6244,0.92,,,1.1515,6.7871,3.9199,,,118069.956,116481.4068,62693.0661,499435.9308,492716.3643,1
321,000868.SZ,安凯客车,20260825,3.54,1.1379,2.1777,0.73,,,4.1408,0.9701,0.9351,,,93951.4735,93951.3985,49091.1722,332588.2392,332587.956,1
322,000869.SZ,张裕Ａ,20260825,16.0,0.4244,1.7623,0.91,147.5053,401.2154,1.0233,3.5186,3.4023,2.5118,1.5625,65724.0128,45505.562,10958.1764,1051584.2048,728088.992,1
323,000875.SZ,电投绿能,20260825,4.91,1.4066,1.9963,1.73,34.5939,91.9083,1.0084,1.358,1.3744,1.1609,1.1609,362727.0626,334243.9867,235503.643,1780989.9137,1641137.9909,4
324,000876.SZ,新希望,20260825,7.03,0.8321,1.8344,0.85,,,1.6804,0.2962,0.2885,0.3432,,450277.5425,450000.6536,204116.9659,3165451.1062,3163504.5695,1
325,000877.SZ,天山股份,20260825,3.71,0.1327,0.7034,0.94,,,0.3569,0.3541,0.367,,,711049.1694,711049.0194,134113.7338,2637992.4207,2637991.8642,1
326,000878.SZ,云南铜业,20260825,16.17,2.0298,3.066,1.06,30.1318,29.0248,2.128,0.2184,0.199,1.2262,1.4224,242518.404,200362.081,132641.4927,3921522.528,3239854.8336,4
327,000880.SZ,潍柴重机,20260825,23.05,2.398,2.398,0.45,44.5394,40.5432,4.9542,1.7475,1.5102,0.8987,0.7822,46384.884,22702.68,22702.68,1069171.484,523296.774,1
328,000881.SZ,中广核技,20260825,6.43,0.6498,1.0676,0.94,,,1.2215,1.0947,1.0909,,,94542.5815,90373.1601,55004.8493,607908.799,581099.4194,1
329,000882.SZ,华联股份,20260825,1.47,2.4239,3.3764,1.42,,,0.6149,3.3594,3.5185,,,273735.1947,273533.6141,196372.6704,402390.7362,402094.4127,1
330,000883.SZ,湖北能源,20260825,4.54,0.3367,1.3153,1.1,16.832,15.608,0.8507,1.8401,1.8183,2.0223,3.304,707938.763,647958.5454,165874.8813,3214042.0158,2941731.817,1
331,000885.SZ,城发环境,20260825,12.15,0.7878,2.698,0.76,6.311,6.4063,0.7956,1.1886,1.179,2.93,3.177,64207.8255,64207.8255,18747.3891,780125.1345,780125.1345,1
332,000886.SZ,海南高速,20260825,4.67,1.624,2.2252,1.31,29.8632,31.9007,1.4535,7.0267,6.1984,,,98882.83,97782.7648,71363.5409,461782.8161,456645.4892,1
333,000887.SZ,中鼎股份,20260825,20.87,2.7943,4.6985,0.49,17.2865,18.2091,1.875,1.3876,1.4217,0.9583,0.9583,131648.9747,131437.0608,78166.9287,2747514.0039,2743091.4422,4
334,000888.SZ,峨眉山Ａ,20260825,9.97,2.3761,3.9338,1.58,23.8758,23.8421,1.9279,5.6276,5.661,3.3099,2.3069,52691.3102,52691.3102,31826.6608,525332.3607,525332.3607,1
335,000889.SZ,中嘉博创,20260825,4.01,6.4898,8.7693,1.56,,31.2067,18.8491,2.3573,2.4239,,,93629.1116,86979.9451,64370.7433,375452.7712,348789.5995,1
336,000890.SZ,法尔胜,20260825,7.25,2.4686,4.1415,0.91,,,155.5856,9.8085,9.8481,,,41950.3968,41949.1046,25004.2336,304140.3275,304130.975,1
337,000892.SZ,欢瑞世纪,20260825,3.74,4.177,5.7259,1.0,,,6.0725,6.9661,7.0378,,,98098.0473,71083.6454,51855.0487,366886.707,265852.851,1
338,000893.SZ,亚钾国际,20260825,46.38,2.0316,3.0154,1.0,25.6236,23.5395,3.0845,8.0483,7.6527,,0.2345,92405.1187,81180.6324,54692.653,4285749.4656,3765157.6194,4
339,000895.SZ,双汇发展,20260825,25.17,0.2857,0.9634,1.11,17.0837,16.5817,3.8489,1.4712,1.4643,5.5622,3.1784,346466.1213,346420.9467,102748.2103,8720552.2404,8719415.3115,4
340,000897.SZ,津滨发展,20260825,1.82,2.1123,2.671,1.24,,,0.978,7.1355,9.1746,5.2198,,161727.2234,161724.0634,127892.8294,294343.5404,294337.7892,1
341,000898.SZ,鞍钢股份,20260825,2.02,0.3714,1.4377,1.04,,,0.4459,0.197,0.2035,,,936922.1258,795747.5008,205560.9941,1892582.7026,1607409.95,1
342,000899.SZ,赣能股份,20260825,9.49,1.1054,3.7303,0.96,9.1984,11.1278,1.5234,1.2515,1.0969,3.4773,5.9747,97567.776,97567.776,28912.0529,925918.2322,925918.2322,1
343,000900.SZ,现代投资,20260825,3.7,0.8847,1.6553,1.33,13.8824,14.2383,0.502,0.9464,0.8499,4.0541,4.3243,151782.8334,151773.8334,81115.9449,561596.471,561563.171,1
344,000901.SZ,航天科技,20260825,13.67,1.6848,2.5883,0.81,155.326,122.7043,2.5689,1.9861,2.2152,,0.0732,79820.1406,79819.3381,51957.9676,1091141.3138,1091130.3778,1
345,000902.SZ,新洋丰,20260825,13.72,1.1385,2.3356,0.65,10.6772,10.6139,1.3747,0.9538,0.8637,2.1866,1.4577,125473.4262,114278.3444,55704.0002,1721495.3224,1567898.8248,4
346,000903.SZ,ST云动,20260825,1.87,0.6402,0.9679,0.69,,,5.8818,0.7725,0.8188,,,193484.441,192026.1648,127011.9255,361815.9028,359088.9192,1
347,000905.SZ,厦门港务,20260825,8.88,2.3751,4.9644,2.05,66.5703,66.7461,1.4936,0.6189,0.5945,0.5958,0.9108,154230.7913,74180.7597,35490.0075,1369569.4152,658725.1488,1
348,000906.SZ,浙商中拓,20260825,5.42,1.2853,2.3997,1.99,17.2703,17.7016,0.7769,0.0163,0.016,3.6843,2.3985,70966.3179,70123.9764,37558.1051,384637.4544,380071.9716,1
349,000908.SZ,石药景峰,20260825,6.53,1.8291,2.1005,0.6,,,5.4989,30.3874,28.933,,,175954.8702,87977.4351,76609.3686,1148985.3664,574492.6832,1
350,000909.SZ,*ST数源,20260825,4.28,0.4548,0.7766,0.66,,,3.0982,6.9471,7.688,,,43771.4245,43771.057,25634.2299,187341.7204,187340.1368,1
351,000910.SZ,大亚圣象,20260825,5.42,0.9744,1.8198,1.28,222.4553,,0.4525,0.6486,0.6515,3.5055,3.5055,54739.75,54718.1,29298.02,296689.445,296572.102,1
352,000911.SZ,*ST广糖,20260825,4.93,2.043,4.3662,0.53,,,,0.8001,0.7307,,,40031.9818,40031.9818,18731.2137,197357.6614,197357.6614,4
353,000912.SZ,泸天化,20260825,3.92,4.168,9.7352,2.35,193.3659,1059.5336,0.9667,1.3674,1.4282,,,156800.0,156800.0,67131.9797,614656.0,614656.0,1
354,000913.SZ,钱江摩托,20260825,11.64,0.7425,1.4087,1.02,6.2708,7.1959,1.1498,1.1317,1.2007,7.7348,9.4517,52641.1,52010.2675,27413.1278,612742.404,605399.5428,1
355,000915.SZ,华特达因,20260825,24.27,1.5609,2.2861,0.65,10.6287,13.508,2.1743,2.5522,2.9834,10.3008,10.3008,23433.1485,23412.286,15985.8496,568722.5505,568216.2783,1
356,000917.SZ,电广传媒,20260825,7.0,1.3532,1.6237,0.66,72.0722,239.9613,0.9642,2.2882,2.1639,0.2857,0.4286,141755.6338,141745.9363,118131.7383,992289.48,992221.58,1
357,000919.SZ,金陵药业,20260825,6.71,2.7962,4.7978,0.54,77.4023,70.8078,1.0965,1.3052,1.3223,1.4946,1.4903,62192.4528,62176.6728,36237.6348,417311.3395,417205.4557,1
358,000920.SZ,沃顿科技,20260825,11.41,1.0997,2.3549,0.69,24.451,23.5704,2.665,2.6686,2.6607,1.8142,1.9632,47262.1118,47259.7868,22070.0354,539260.7892,539234.2039,1
359,000921.SZ,海信家电,20260825,25.67,0.8962,2.1826,0.91,11.156,12.8429,2.0363,0.4043,0.4165,4.7877,4.924,138486.1171,92376.2921,37928.8158,3554938.4437,2371299.3643,1
360,000922.SZ,佳电股份,20260825,11.83,0.6386,1.0037,0.56,38.8314,32.0956,2.0904,2.0052,1.9258,0.7822,0.7749,83398.2184,70492.9203,44846.7796,986600.9426,833931.2436,1
361,000923.SZ,河钢资源,20260825,15.61,2.9642,4.7093,1.13,17.9632,57.8782,1.0481,1.745,1.9827,3.2031,3.8437,65272.8961,62790.1354,39522.7855,1018909.969,980154.0854,4
362,000925.SZ,众合科技,20260825,8.37,12.8008,12.8008,2.74,,,1.75,2.4781,2.2815,,0.1741,67636.9858,67115.2543,67115.2543,566121.5226,561754.6425,4
363,000926.SZ,福星股份,20260825,2.21,1.8548,2.3532,0.53,,,0.6726,0.918,0.9046,,,159296.4774,157320.9145,124000.5251,352045.1987,347679.2111,1
364,000927.SZ,中国铁物,20260825,2.48,0.8993,2.8328,1.57,26.0536,29.9801,1.5234,0.4372,0.4474,1.0887,1.7339,605035.3641,605035.0581,192084.6918,1500487.7176,1500486.9488,1
365,000928.SZ,中钢国际,20260825,5.11,1.0085,1.9641,1.21,15.108,16.7287,0.8529,0.5269,0.5522,5.8513,4.1096,143464.4621,143462.7071,73662.5166,733103.4417,733094.4481,1
366,000929.SZ,兰州黄河,20260825,9.03,1.268,1.7251,1.09,,,4.8095,4.5459,4.3063,,,18576.6,18575.4223,13653.4694,167746.698,167736.0426,1
367,000930.SZ,中粮科技,20260825,4.89,1.4668,3.3161,0.66,236.606,,0.8725,0.5184,0.5338,,0.6135,185644.2396,185634.808,82111.4818,907800.3336,907754.2209,1
368,000931.SZ,中关村,20260825,5.22,17.6497,25.743,3.23,82.0985,,2.4716,1.6092,1.7776,,0.3831,75312.6982,75102.9532,51491.6325,393132.294,392037.399,4
369,000932.SZ,华菱钢铁,20260825,3.66,0.899,1.9964,0.96,9.6071,23.0588,0.4588,0.207,0.2103,2.7378,4.3716,685260.916,685260.916,308577.8536,2508054.9672,2508054.9672,1
370,000933.SZ,神火股份,20260825,26.01,1.2577,1.8341,0.73,14.6046,8.4996,2.1134,1.4184,1.2827,1.9095,3.0547,224900.4399,224756.9459,154126.2647,5849660.4444,5845928.2695,4
371,000935.SZ,四川双马,20260825,22.59,0.4252,0.9702,0.7,57.8192,71.7025,2.2022,14.3061,15.0231,,,76344.0333,76344.0333,33455.4848,1724611.6377,1724611.6377,1
372,000936.SZ,华西股份,20260825,5.63,4.3013,7.0077,0.6,66.5215,280.7959,0.9771,1.4336,1.3899,0.7105,0.7105,88601.2887,88588.7337,54375.7854,498825.2627,498754.5499,1
373,000937.SZ,冀中能源,20260825,4.86,0.6899,2.4513,1.02,30.834,46.6296,0.9785,1.2477,1.2877,11.2233,1.8706,388690.1535,377673.3485,106293.7931,1889034.1776,1835492.481,1
374,000938.SZ,紫光股份,20260825,35.1,3.7286,5.5652,0.54,59.5595,47.2444,6.4653,1.0376,0.9658,0.2137,0.1852,286007.9874,286007.2674,191619.7998,10038880.449,10038855.177,1
375,000948.SZ,南天信息,20260825,14.37,3.9702,6.1676,1.5,153.0002,102.3468,2.0491,0.5601,0.5818,0.6323,0.2088,38988.8774,38909.3561,25046.2821,560270.2056,559127.5032,1
376,000949.SZ,新乡化纤,20260825,7.04,2.7501,4.4151,0.8,58.9113,40.7354,1.7132,1.4846,1.4237,,0.2841,165689.9922,165650.1548,103180.7485,1166457.5451,1166177.0898,1
377,000950.SZ,重药控股,20260825,5.58,2.1279,4.7605,0.57,24.7141,22.1126,0.8164,0.1159,0.1162,0.5425,1.0753,171277.8096,171277.8096,76558.2893,955730.1798,955730.1798,1
378,000951.SZ,中国重汽,20260825,20.07,0.5947,1.2356,0.69,14.0844,12.9615,1.411,0.4064,0.3638,3.5874,4.1206,116899.4951,116899.4951,56259.4575,2346172.965,2346172.965,1
379,000952.SZ,广济药业,20260825,6.53,1.9221,2.5787,0.79,,,3.6023,3.6,3.5177,,,34399.9939,34399.4535,25640.247,224631.9347,224628.4085,1
380,000953.SZ,中哲精化,20260825,6.42,2.5525,3.8675,1.33,360.227,384.279,15.2273,13.0817,13.3495,,,36612.2195,36612.2195,24162.8606,235050.4524,235050.4524,1
381,000955.SZ,欣龙控股,20260825,4.22,2.5439,3.368,1.32,3163.9742,,3.5186,4.4872,4.5995,,,53839.5,53831.2875,40659.7374,227202.69,227168.0438,1
382,000957.SZ,中通客车,20260825,10.42,1.1032,1.6477,0.95,17.1779,16.1462,1.914,0.843,0.8329,1.237,0.9469,59290.3936,59290.3936,39698.1056,617805.8638,617805.8638,1
383,000958.SZ,电投产融,20260825,5.31,0.1919,0.392,0.86,29.5342,29.5048,2.1456,8.5086,8.8058,0.9908,0.6089,1831652.4953,538341.852,263545.2973,9726074.7219,2858595.2235,1
384,000959.SZ,首钢股份,20260825,3.56,0.4051,2.3991,1.16,27.7287,32.8567,0.5492,0.2682,0.2722,0.6195,1.1236,775496.737,745160.7404,125837.4233,2760768.3944,2652772.2344,1
385,000960.SZ,锡业股份,20260825,34.9,3.0582,5.3252,1.05,29.2067,23.8484,2.675,1.3191,1.0632,0.8311,1.0315,164543.1952,164543.1952,94493.801,5742557.68,5742557.68,4
386,000962.SZ,东方钽业,20260825,51.99,5.1056,8.6577,1.02,106.1689,116.2833,6.8173,17.7695,15.3518,0.2339,0.3056,52738.516,50302.1078,29664.2064,2741875.6548,2615206.6989,1
387,000963.SZ,华东医药,20260825,27.28,0.7357,1.7569,0.34,14.0121,13.662,1.8592,1.097,1.0858,3.4097,3.4093,175373.6848,175301.3098,73407.4941,4784194.2632,4782219.7368,1
388,000965.SZ,天保基建,20260825,3.22,1.7638,3.6328,1.41,186.0368,,0.6486,1.2745,0.8669,0.3106,0.3106,110983.0895,110983.0895,53883.4999,357365.5498,357365.5498,1
389,000966.SZ,长源电力,20260825,4.01,0.7603,1.9396,0.81,,1167.5257,1.0307,1.0319,1.0136,1.7955,,348103.5016,348103.5016,136454.6365,1395895.035,1395895.035,1
390,000967.SZ,盈峰环境,20260825,8.17,1.2872,2.2711,0.57,49.9174,47.0412,1.596,1.9824,1.882,2.1809,1.5772,335918.8821,335766.8552,190303.0715,2744457.3313,2743215.2462,4
391,000968.SZ,蓝焰控股,20260825,7.16,2.7526,6.1768,0.85,20.683,23.2501,1.0833,3.2827,3.4178,0.419,0.6983,96750.266,96750.266,43114.9992,692731.9332,692731.9332,1
392,000969.SZ,安泰科技,20260825,16.63,1.381,2.1396,0.74,47.8797,45.7878,2.9691,2.2026,2.0428,1.2029,1.2026,105051.9397,104134.9871,67213.8242,1747013.7622,1731764.8837,1
393,000970.SZ,中科三环,20260825,12.13,1.8527,2.4559,0.73,161.4868,152.7557,2.255,2.2207,2.0112,0.1632,0.204,121572.5773,121572.5773,91714.4624,1474675.3954,1474675.3954,1
394,000972.SZ,中基健康,20260825,3.64,1.7919,2.784,0.44,,,432.3991,5.7049,5.9957,,,77128.3579,77128.3579,49641.076,280747.2304,280747.2304,1
395,000973.SZ,佛塑科技,20260825,14.04,4.7345,6.3614,0.78,319.4978,53.5423,3.7716,15.4705,11.3053,0.0981,0.0855,245823.6766,101174.5176,75298.4664,3451364.4672,1420490.2608,4
396,000975.SZ,山金国际,20260825,27.8,2.2145,3.4115,0.84,25.9371,20.3239,4.8414,4.5078,4.4013,1.3149,1.7281,277252.7436,252321.4817,163789.9375,7707626.172,7014537.144,4
397,000977.SZ,浪潮信息,20260825,74.11,2.7328,4.0515,0.54,45.1035,42.5932,4.8796,0.6604,0.7095,0.2164,0.054,146847.6655,146683.1804,98938.8739,10882880.8237,10870690.4698,1
398,000978.SZ,桂林旅游,20260825,6.21,1.4847,2.9406,1.02,263.4958,236.7031,2.7139,6.6027,6.4164,,,46813.0,46812.025,23635.3777,290708.7921,290702.7063,1
399,000980.SZ,众泰汽车,20260825,1.66,1.7975,2.6037,1.09,,,255.9844,16.0683,16.844,,,504254.7739,504250.0943,348124.7026,837062.9182,837055.1494,1
400,000981.SZ,山子高科,20260825,2.67,1.9597,2.8572,1.08,26.0224,22.3272,8.6128,8.1669,9.1235,,,999747.0888,951335.6093,652515.5452,2669324.7303,2540066.0787,1
401,000983.SZ,山西焦煤,20260825,7.32,1.9941,4.6684,1.23,34.608,31.3015,1.1227,1.1185,1.1234,3.4973,1.7213,567710.1059,567706.6234,242496.8399,4155637.932,4155612.4584,4
402,000985.SZ,大庆华科,20260825,15.93,1.7147,4.6977,0.94,278.1025,954.7559,3.3876,1.1188,1.106,0.408,0.1632,12963.95,12963.95,4731.89,206515.7235,206515.7235,1
403,000987.SZ,越秀资本,20260825,7.55,0.4578,1.7317,1.05,10.7631,9.1052,1.1377,7.8633,8.2485,3.4312,2.9033,501713.2462,501334.4638,132541.8073,3787934.962,3785075.173,1
404,000988.SZ,华工科技,20260825,105.27,3.4721,4.2871,0.82,71.9674,62.288,9.0566,7.3738,6.9341,0.19,0.2352,100550.2707,100498.5657,81394.0143,10584927.9756,10579484.4639,1
405,000989.SZ,九芝堂,20260825,8.85,2.9417,4.2775,0.59,34.0297,23.0239,2.0596,3.398,2.9169,3.3516,3.3516,85594.2012,73425.0253,50495.5073,757508.7585,649811.5155,1
406,000990.SZ,诚志股份,20260825,6.38,1.6671,3.1221,0.63,,56.3227,0.6024,0.9843,0.9697,0.5598,,170133.2549,170133.2549,90847.3065,1085450.135,1085450.135,1
407,000993.SZ,闽东电力,20260825,9.81,0.8678,1.8273,0.73,76.3036,262.6695,1.78,7.5107,8.2093,,1.8349,45795.1455,45795.1455,21747.6007,449250.4215,449250.4215,1
408,000995.SZ,皇台酒业,20260825,11.08,7.7321,11.9863,1.56,139.2008,335.3353,11.8917,11.5796,12.0576,,,17740.8,17740.8,11444.1702,196568.064,196568.064,1
409,000997.SZ,新大陆,20260825,18.81,2.3257,3.3541,1.29,18.8503,19.4257,2.5281,2.2693,2.1056,1.1609,1.3105,101309.7915,100743.9381,69855.9941,1905637.1499,1894993.5114,1
410,000998.SZ,隆平高科,20260825,8.92,5.4363,6.5802,0.76,79.0453,229.9693,1.9829,1.5462,1.6341,0.4484,0.4709,146944.8061,131505.0546,108644.9034,1310747.616,1173025.046,1
411,000999.SZ,华润三九,20260825,24.11,0.5863,1.5968,0.86,11.7288,12.246,1.7574,1.2697,1.2615,2.8907,4.3136,166421.7858,166256.0811,61041.8132,4012429.1158,4008434.0888,1
412,001201.SZ,东瑞股份,20260825,12.05,1.5156,2.0448,0.96,,,1.0229,1.4552,1.3726,,,25778.4001,20144.0035,14931.1714,310629.72,242735.2,1
413,001202.SZ,炬申股份,20260825,13.6,2.035,4.19,1.29,31.2779,37.135,2.5785,1.2,1.066,,,16669.111,11682.3955,5673.971,226700.032,158880.64,1
414,001203.SZ,大中矿业,20260825,26.1,2.1057,5.5371,1.02,54.3635,61.3219,5.5587,9.7839,10.2722,0.7383,0.7602,153308.0435,130595.8622,49665.0626,4001339.844,3408551.946,4
415,001205.SZ,盛航股份,20260825,14.63,1.4455,1.7929,0.7,25.3213,21.6561,1.2674,1.9064,1.7953,0.8091,1.0113,18800.354,16648.4329,13422.6547,275049.1205,243566.5309,1
416,001206.SZ,依依股份,20260825,16.67,3.8687,5.2176,0.95,16.8407,19.6803,1.653,1.8375,1.9325,3.6451,4.5302,18489.3808,10686.4458,7923.7931,308218.1313,178143.1215,1
417,001207.SZ,联科科技,20260825,16.84,1.4149,2.7187,0.68,17.4412,17.2932,2.1137,2.1657,2.1113,2.4329,3.3789,30313.7744,29262.2092,15228.5788,510484.0552,492775.6164,1
418,001208.SZ,华菱线缆,20260825,13.5,3.5633,3.6111,0.51,78.2044,79.4423,2.9302,1.9121,1.8277,0.3845,0.4815,63835.0432,31873.3657,31451.5657,861773.175,430290.495,1
419,001209.SZ,洪兴股份,20260825,17.5,1.9658,4.5676,0.8,109.3167,100.5527,1.7554,1.2581,1.2336,1.1174,0.6704,13152.272,9609.4636,4135.6278,230164.725,168165.55,0
420,001210.SZ,金房能源,20260825,26.89,7.562,9.9886,0.75,43.9196,43.5414,4.1473,4.9229,4.6692,0.7526,1.1953,21953.7746,13341.9891,10100.7853,590337.1442,358766.1111,1
421,001211.SZ,双枪科技,20260825,23.99,2.9957,5.1706,0.61,979.6976,,2.7788,1.503,1.4299,0.6253,,10000.0,9334.0122,5407.8674,239900.0,223922.8999,4
422,001212.SZ,中旗新材,20260825,32.82,1.3293,1.9375,0.82,,,3.4455,15.7973,17.1983,0.1926,,20095.9624,18062.6449,12392.6682,659549.4072,592815.8448,1
423,001213.SZ,中铁特货,20260825,3.55,0.1611,0.9364,1.16,37.1747,42.1149,0.8194,1.3188,1.3482,2.2817,1.538,444444.4444,444444.4444,76444.4444,1577777.762,1577777.762,1
424,001215.SZ,千味央厨,20260825,31.37,1.5502,2.6345,0.84,47.9454,47.0874,1.6397,1.605,1.5155,,,9716.0446,9690.1642,5701.9642,304792.1748,303980.3192,1
425,001216.SZ,华瓷股份,20260825,14.52,1.3422,0.9374,0.98,19.2294,19.8232,2.2493,2.8808,2.9796,2.3765,2.6736,29195.8338,13155.3199,18837.2865,423923.5068,191015.2449,1
426,001217.SZ,华尔泰,20260825,10.12,1.1206,3.0357,1.15,,,1.5421,1.6212,1.5442,0.9881,0.9881,33187.0,32857.8747,12129.4827,335852.44,332521.6444,1
427,001218.SZ,丽臣实业,20260825,24.08,1.9779,3.0124,0.99,20.0202,12.3733,1.3306,0.6488,0.5608,2.0536,2.2549,13425.826,11973.856,7862.056,323293.9864,288330.5488,1
428,001219.SZ,青岛食品,20260825,12.6,1.082,2.0774,0.7,22.1591,21.9838,2.2803,4.5067,4.3868,3.1746,2.7778,19498.375,19019.75,9906.2595,245679.588,239648.85,1
429,001220.SZ,世盟股份,20260825,31.86,2.8778,2.8778,0.94,21.113,23.8228,1.883,3.4255,3.7029,,1.4218,9229.0,2307.25,2307.25,294035.94,73508.985,1
430,001221.SZ,悍高集团,20260825,38.47,2.431,2.431,0.43,21.8738,21.0689,5.0611,4.2809,4.0254,0.9358,1.3777,40001.0,7686.9554,7686.9554,1538838.47,295717.3512,1
431,001222.SZ,源飞宠物,20260825,14.54,2.6146,3.8619,0.72,23.9531,24.5171,1.9492,1.6009,1.5013,1.0181,,19089.0,11299.8685,7650.476,277554.06,164300.1098,1
432,001223.SZ,欧克科技,20260825,39.95,1.7864,3.816,0.67,127.7945,167.9121,2.7087,5.4622,5.1578,0.1916,0.3844,13069.28,6983.48,3269.28,522117.736,278990.026,4
433,001225.SZ,和泰机电,20260825,49.52,3.5509,12.7361,1.0,95.2167,107.3071,2.3277,13.595,13.4386,2.4337,0.63,6557.08,6428.43,1792.3068,324706.6016,318335.8536,1
434,001226.SZ,拓山重工,20260825,46.79,1.9256,3.4041,0.64,170.3428,152.4746,4.7006,5.1657,4.9445,0.8549,,7466.67,3392.64,1919.14,349365.4893,158741.6256,4
435,001227.SZ,兰州银行,20260825,2.15,2.452,2.7581,1.61,6.5667,6.6624,0.3978,1.571,1.5718,4.6994,3.7209,569569.7168,421750.0031,374940.4731,1224574.8765,906762.5,1
436,001228.SZ,永泰运,20260825,29.34,2.211,2.977,0.88,28.5194,29.3127,1.7654,0.5267,0.5353,1.9553,1.9553,10386.4609,7986.4609,5931.4609,304738.7364,234322.7364,1
437,001229.SZ,魅视科技,20260825,42.37,5.7887,9.3889,0.7,87.4701,111.2912,6.0823,26.4899,23.0185,0.9873,0.5057,14343.21,7375.1206,4547.1194,607721.8077,312483.8344,4
438,001230.SZ,劲旅环境,20260825,23.76,14.1978,20.6746,1.54,26.3577,25.8123,2.2093,2.6713,2.5253,1.2812,1.4733,18777.6479,10997.8778,7552.5344,446156.964,261309.6288,1
439,001231.SZ,农心科技,20260825,20.91,2.8099,4.291,0.86,31.2801,30.8438,2.0369,2.7074,2.6987,0.718,0.7174,9967.9635,5096.2935,3337.1935,208430.0436,106563.4239,1
440,001232.SZ,嘉立创,20260825,149.12,13.3372,13.3372,1.02,63.419,57.746,10.9457,8.0969,7.4128,,,55556.0,4420.6549,4420.6549,8284510.72,659207.328,1
441,001233.SZ,海安集团,20260825,44.09,2.4487,2.4487,0.44,14.6518,17.4383,1.7383,3.6733,3.6633,,4.5362,18597.3334,3771.3127,3771.3127,819956.2797,166277.0579,1
442,001234.SZ,泰慕士,20260825,22.2,1.652,5.0173,0.77,51.1764,59.2664,2.613,2.8706,2.7523,1.3616,1.3162,10858.96,9154.15,3014.15,241068.912,203222.13,1
443,001236.SZ,弘业期货,20260825,7.83,1.931,5.3017,1.66,1976.3347,515.7923,4.2128,27.4417,26.0313,0.1277,0.0511,100777.7778,75807.7778,27610.2769,789090.0174,593574.9174,1
444,001237.SZ,惠康科技,20260825,52.45,3.36,3.36,0.84,19.8889,19.7433,5.2385,2.7042,2.6772,,,14835.143,3485.6028,3485.6028,778103.093,182819.72,1
445,001238.SZ,浙江正特,20260825,25.23,0.3383,1.0874,1.04,108.0773,102.4502,3.3558,2.3336,2.1714,,0.2831,15514.8,14513.387,4515.3395,391438.404,366172.8297,1
446,001239.SZ,永达股份,20260825,12.16,1.6538,1.8929,1.12,61.3964,91.6255,2.1504,1.4309,1.4353,,,24000.0,11400.0,9959.9831,291840.0,138624.0,1
447,001248.SZ,华润新能源,20260825,12.12,3.258,3.258,0.74,26.4607,30.0498,1.743,7.0478,7.1035,,,1332161.286,106240.3791,106240.3791,16145794.8348,1287633.4056,1
448,001255.SZ,博菲电气,20260825,26.15,1.5258,3.3552,1.14,148.0065,290.955,2.4659,5.0878,4.4295,0.1381,0.153,8700.8184,7721.3784,3511.3384,227526.443,201914.087,1
449,001256.SZ,炜冈科技,20260825,22.61,3.2884,7.1379,0.83,24.2417,22.3208,2.4584,6.0225,5.7859,0.8799,1.3199,14261.2558,10691.2558,4925.4058,322447.0886,241729.3886,1
450,001257.SZ,盛龙股份,20260825,25.54,19.6264,19.6264,1.64,53.0481,47.5837,6.093,13.3876,12.7434,,0.5873,183595.0817,13694.7988,13694.7988,4689018.3432,349765.192,4
451,001258.SZ,立新能源,20260825,12.29,11.8374,30.375,0.95,134.8245,76.9066,3.7123,10.8221,9.4989,0.1383,0.2441,93333.3334,93332.1609,36372.2709,1147066.6257,1147052.2464,4
452,001259.SZ,利仁科技,20260825,46.09,2.3363,4.6072,0.96,364.1191,313.7666,4.7069,7.8071,6.8487,0.3429,0.2572,7358.8888,4754.4499,2410.9388,339171.2401,219132.6005,1
453,001260.SZ,坤泰股份,20260825,18.05,3.3814,4.056,0.65,50.4157,55.9013,2.4963,3.6055,3.6305,0.6981,1.1911,11500.0,11500.0,9587.5,207575.0,207575.0,1
454,001266.SZ,宏英智能,20260825,34.54,2.9854,4.8346,0.87,234.1577,73.0276,3.6297,6.6757,4.0225,0.8613,0.8519,10365.1662,5814.7647,3590.6547,358012.8405,200841.9727,1
455,001267.SZ,汇绿生态,20260825,38.14,5.8673,9.2925,1.03,339.9091,385.5374,18.4258,19.0495,15.6532,0.131,0.1652,78500.3428,60855.6558,38424.3592,2994003.349,2321034.8724,4
456,001268.SZ,联合精密,20260825,22.32,14.7173,20.1259,4.2,63.5591,105.2036,3.3032,4.3972,4.5573,1.4304,0.9536,15070.2667,9433.7617,6898.5367,336368.4264,210561.5232,4
457,001269.SZ,欧晶科技,20260825,19.15,0.6107,1.9711,0.69,,,5.4674,7.6083,8.0776,,,19241.2366,19241.2366,5961.2427,368469.746,368469.746,1
458,001270.SZ,铖昌科技,20260825,100.0,2.6515,4.9957,0.49,176.0013,150.6998,13.0286,50.94,49.1474,,0.2,20611.4901,20480.3256,10870.1986,2061149.0,2048033.0,1
459,001277.SZ,速达股份,20260825,33.36,23.9422,46.7559,2.2,29.2863,28.1956,1.6135,2.3877,2.2298,1.6598,1.0252,7600.0,4554.9489,2332.4411,253536.0,151953.132,1
460,001278.SZ,一彬科技,20260825,16.34,3.2076,5.3293,1.41,,,1.7117,0.9266,0.9213,0.612,,12373.34,8531.0876,5134.6577,202180.3756,139398.0106,1
461,001279.SZ,强邦新材,20260825,25.5,1.72,1.72,1.13,76.2325,103.7108,4.0064,2.7523,2.6553,0.7353,0.7353,16000.0,4000.0,4000.0,408000.0,102000.0,1
462,001280.SZ,中国铀业,20260825,68.87,5.1834,5.1834,0.88,86.5639,82.8433,8.365,7.1597,7.0594,,0.3775,206818.1818,17372.7273,17372.7273,14243568.0566,1196459.9151,4
463,001282.SZ,三联锻造,20260825,16.16,1.1826,2.8088,1.04,32.711,33.5069,2.1721,2.1869,2.1789,0.8752,0.9592,22218.56,15272.72,6430.326,359051.9296,246807.1552,1
464,001283.SZ,豪鹏科技,20260825,44.45,5.4194,5.4194,1.77,28.385,25.1389,1.5884,0.9826,0.9167,0.6196,0.6535,12968.012,10339.8898,10339.8898,576428.0445,459608.1105,4
465,001285.SZ,瑞立科密,20260825,42.13,4.1142,4.1142,2.11,22.838,21.7158,1.9647,3.1787,3.0961,,1.3172,18053.0219,4149.677,4149.677,760573.7326,174826.0184,1
466,001286.SZ,陕西能源,20260825,9.42,1.4114,2.7898,0.53,11.7378,11.6824,1.3308,1.5387,1.484,4.3524,4.3524,375000.0,135000.0,68298.5948,3532500.0,1271700.0,1
467,001287.SZ,中电港,20260825,22.52,2.1843,4.257,0.8,60.213,27.7639,2.943,0.2612,0.1538,0.4973,0.524,75990.0097,75990.0097,38990.1845,1711295.0252,1711295.0252,1
468,001288.SZ,运机集团,20260825,26.4,2.9227,4.4271,1.26,31.5278,29.6291,2.6416,3.4552,3.5056,0.6799,0.7612,23376.3853,15187.2977,10026.3857,617136.696,400944.72,1
469,001289.SZ,龙源电力,20260825,15.7,0.0684,2.5878,0.97,28.9975,30.9214,1.7113,4.3384,4.3813,2.0879,1.035,835981.6164,504193.4164,13333.6023,13124911.434,7915836.694,4
470,001296.SZ,长江材料,20260825,19.62,1.8148,2.5268,0.83,23.679,27.8658,1.6109,2.5244,2.4674,3.0036,2.022,14959.1086,8098.2751,5816.468,293497.7382,158888.2536,1
471,001298.SZ,好上好,20260825,17.71,1.4497,2.6205,0.95,100.523,65.1162,4.5467,0.9151,0.7854,0.1604,0.2726,43251.4027,40741.9448,22538.7654,765982.294,721539.7574,1
472,001299.SZ,美能能源,20260825,9.98,0.9773,3.3258,0.86,30.5976,30.2474,2.5252,4.3221,4.4726,5.8233,4.9454,31421.5187,28287.5276,8312.6319,313586.7696,282309.5494,1
473,001300.SZ,三柏硕,20260825,11.88,2.2632,7.6295,1.34,,,3.0088,6.3281,6.1113,0.0837,,24377.5914,24377.5914,7231.4485,289605.7692,289605.7692,1
474,001301.SZ,尚太科技,20260825,63.0,2.2564,2.5885,0.51,24.2867,26.5168,3.1927,2.8919,2.5341,0.9046,0.9043,36461.7002,26008.9818,22672.5368,2297087.1126,1638565.8534,4
475,001306.SZ,夏厦精密,20260825,54.51,3.2297,3.2297,0.81,,,2.6712,4.4481,4.4251,0.2946,,6292.75,1550.0,1550.0,343017.8025,84490.5,1
476,001308.SZ,康冠科技,20260825,17.97,0.3496,0.9583,1.08,25.0316,29.0206,1.6196,0.8742,0.8652,2.9982,5.3404,70409.1291,52732.5325,19236.5185,1265252.0661,947603.5641,1
477,001309.SZ,德明利,20260825,397.03,6.3816,7.2542,0.67,130.8436,21.9474,13.5978,8.3476,5.2745,0.0539,0.1007,22684.287,16502.9054,14517.6522,9006343.6587,6552150.3573,4
478,001311.SZ,多利科技,20260825,17.51,1.9963,3.4233,0.66,30.153,28.7849,1.4754,1.6857,1.4346,2.2641,,40366.2134,18187.1689,10605.5416,706812.3371,318457.3467,4
479,001312.SZ,福恩股份,20260825,17.44,2.4294,2.4294,0.77,17.6663,18.0593,1.7322,2.3655,2.3535,,1.1468,23333.3334,5716.0269,5716.0269,406933.4496,99687.5632,1
480,001313.SZ,粤海饲料,20260825,7.75,1.6743,4.913,0.69,304.8633,100.9836,2.1167,0.836,0.7654,1.4516,1.4516,70000.0,69915.3251,23826.4151,542500.0,541843.8075,1
481,001314.SZ,亿道信息,20260825,51.1,3.5163,7.4316,1.58,111.4849,29.1851,3.2447,1.5898,1.2542,0.1747,0.3486,14259.4,12409.9387,5871.7631,728655.34,634147.934,4
482,001316.SZ,润贝航科,20260825,26.74,2.124,5.8553,1.32,23.4364,19.7229,3.1748,3.5417,3.2647,1.6263,2.0944,16116.1588,15036.8,5454.6602,430946.1184,402084.032,4
483,001317.SZ,三羊马,20260825,50.67,8.6158,20.8379,1.1,,643.1217,4.2588,3.5428,3.9735,0.1846,,8556.5798,8550.2517,3535.2517,433561.9086,433241.1675,1
484,001318.SZ,阳光乳业,20260825,11.37,2.1728,7.1799,0.85,30.7633,35.3074,2.2312,6.7362,7.019,1.5831,2.0229,28266.0,28266.0,8553.98,321384.42,321384.42,1
485,001319.SZ,铭科精技,20260825,19.84,4.1302,6.5028,0.93,19.9193,20.1276,1.9905,2.2572,2.163,1.9657,1.7641,14140.0,6346.4575,4030.88,280537.6,125913.7664,1
486,001322.SZ,箭牌家居,20260825,6.27,0.3311,1.4997,0.67,132.2375,110.7731,1.2956,0.9351,0.9457,2.0779,0.6263,96561.28,78561.1975,17345.0875,605439.2256,492578.724,1
487,001323.SZ,慕思股份,20260825,19.5,1.2282,4.5471,0.85,15.8424,16.7715,1.8426,1.6231,1.603,6.9316,7.3953,43508.0764,31124.8039,8407.0539,848407.365,606933.6,1
488,001324.SZ,长青科技,20260825,18.58,3.2927,6.2748,1.1,60.6587,88.4625,2.224,5.3068,5.1175,0.7122,0.7122,13800.0,13800.0,7241.48,256404.0,256404.0,1
489,001325.SZ,元创股份,20260825,40.79,12.0304,12.0304,1.68,20.2662,20.2251,1.752,2.2339,2.1887,,1.4955,7840.0,1960.0,1960.0,319793.6,79948.4,1
490,001326.SZ,联域股份,20260825,66.4,12.7879,14.7211,1.82,191.8239,169.5901,3.9486,3.1608,3.132,0.4217,0.2105,7320.0,2401.7329,2086.3274,486048.0,159474.872,1
491,001328.SZ,登康口腔,20260825,28.81,1.1431,3.149,1.26,27.3933,25.1409,3.3668,2.8909,2.7031,2.6033,2.9504,17217.38,16171.69,5870.46,496032.7178,465906.3889,1
492,001330.SZ,博纳影业,20260825,4.93,6.6914,7.9191,1.65,,,1.7829,5.4093,6.7445,,,137451.8984,116284.7322,98256.9433,677637.867,573283.7189,1
493,001331.SZ,胜通能源,20260825,43.31,2.1876,7.8769,0.64,962.85,,12.0522,3.2035,3.4444,,0.0955,40924.8,28583.415,7938.4136,1772453.5211,1237947.9202,4
494,001332.SZ,锡装股份,20260825,28.48,6.6779,11.5504,2.98,19.3819,21.7692,1.6841,3.7303,3.6109,2.0009,2.0064,15468.6,6720.4901,3885.49,440545.728,191399.5552,4
495,001333.SZ,光华股份,20260825,20.57,5.4146,9.1064,0.85,22.7315,24.4753,1.5075,1.6099,1.5397,1.7501,1.7501,12800.0,7400.0,4400.0,263296.0,152218.0,4
496,001335.SZ,信凯科技,20260825,32.16,3.5222,3.5222,1.48,38.7384,38.4902,2.9903,2.2964,2.1452,0.4664,0.4664,9373.956,2554.403,2554.403,301466.232,82149.504,1
497,001336.SZ,楚环科技,20260825,18.72,1.9046,2.4916,0.88,50.7533,43.2433,2.3877,4.3862,4.1524,0.6124,0.6156,10448.555,6429.8663,4915.1323,195597.0432,120367.1664,1
498,001337.SZ,四川黄金,20260825,55.0,8.5356,20.802,1.42,49.5895,33.4893,11.2222,22.5113,16.3716,0.4545,0.9091,42000.0,42000.0,17233.772,2310000.0,2310000.0,4
499,001338.SZ,永顺泰,20260825,8.84,2.9437,6.0718,0.69,18.7377,22.2995,1.1862,1.1294,1.1523,3.3937,2.7149,50173.0834,50173.0834,24325.2607,443530.0272,443530.0272,1
500,001339.SZ,智微智能,20260825,77.69,4.6425,6.6146,1.14,148.6279,55.5114,9.3473,6.217,4.8959,0.0789,0.0298,32703.2752,16189.9671,11363.1777,2540717.8232,1257798.7693,1
501,001356.SZ,富岭股份,20260825,9.32,4.0359,5.7991,0.82,60.0121,77.0307,2.6971,2.6843,2.6115,0.4077,0.3433,58932.0,21169.65,14733.0,549246.24,197301.138,4
502,001358.SZ,兴欣新材,20260825,25.82,4.6745,5.0811,0.7,65.8393,60.7818,2.1841,6.7031,6.5415,1.8992,0.9682,12320.0,5097.6308,4689.6968,318102.4,131620.8066,1
503,001359.SZ,平安电工,20260825,86.81,6.0899,6.0899,0.68,86.6384,90.5907,10.1415,17.6009,16.0416,0.319,0.3527,24115.4114,6029.0782,6029.0782,2093458.7421,523384.4348,4
504,001360.SZ,南矿集团,20260825,17.83,8.2388,12.9011,1.38,72.7879,82.0262,2.542,4.3831,4.2131,0.8319,1.1091,20400.0,12548.4354,8013.5624,363732.0,223738.6852,4
505,001365.SZ,天海电子,20260825,34.56,6.0903,6.0903,0.81,28.2931,29.5253,2.4314,1.1362,1.0538,,,52500.0,5750.5646,5750.5646,1814400.0,198739.3536,1
506,001366.SZ,播恩集团,20260825,12.5,4.058,11.7105,0.48,,398.1753,2.4927,1.4764,1.4189,,,16068.0,16068.0,5568.0,200850.0,200850.0,1
507,001367.SZ,海森药业,20260825,20.61,5.8934,17.4527,1.31,23.1084,22.2975,2.0287,5.8993,5.8033,0.5558,0.5628,15235.12,12161.3372,4106.6078,313995.8232,250645.2174,1
508,001368.SZ,通达创智,20260825,23.13,1.801,5.9928,0.7,26.6323,25.9714,1.8461,2.4777,2.3375,3.265,3.2631,11312.0164,10808.0599,3248.0599,261647.0226,249990.4278,4
509,001369.SZ,双欣材料,20260825,12.44,2.4926,2.4926,0.93,26.6114,26.4858,2.0207,3.9803,3.8647,,1.2058,114700.0,20745.3433,20745.3433,1426868.0,258072.0296,1
510,001373.SZ,翔腾新材,20260825,28.9,3.7135,4.6292,1.12,,,2.3528,3.4651,3.361,0.2076,,6868.6888,4196.0482,3366.0482,198505.141,121265.845,1
511,001376.SZ,百通能源,20260825,10.49,3.7916,3.7916,0.74,25.5975,26.6701,4.0078,4.7956,4.7253,1.3454,1.3489,48860.0,21499.0313,21499.0313,512541.4,225524.8247,1
512,001378.SZ,德冠新材,20260825,20.92,5.3786,5.3786,1.04,43.9104,34.1077,1.9336,2.4536,2.2295,2.3852,2.3852,17333.368,8434.0911,8434.0911,362614.1004,176441.1628,1
513,001379.SZ,腾达科技,20260825,16.18,2.7525,2.8127,0.87,45.0321,55.0228,2.1492,1.6145,1.5624,1.2361,1.2361,20000.0,6729.8425,6585.8425,323600.0,108888.8112,1
514,001380.SZ,华纬科技,20260825,17.22,0.8694,2.4037,1.44,16.9553,18.4396,2.3722,2.3412,2.3733,1.1771,0.5807,27085.4208,23273.2365,8417.3151,466410.9462,400765.1325,1
515,001382.SZ,新亚电缆,20260825,16.8,3.5452,3.5452,1.24,68.9486,77.0373,4.2515,2.3486,2.3164,1.4881,0.4464,41200.0,6300.0,6300.0,692160.0,105840.0,1
516,001386.SZ,马可波罗,20260825,15.36,2.14,2.14,0.48,15.1673,15.6576,1.5012,2.8421,2.9486,1.9531,3.9063,119492.0,10754.28,10754.28,1835397.12,165185.7408,1
517,001387.SZ,雪祺电气,20260825,12.34,2.4134,3.0125,1.21,23.174,25.0437,1.7098,1.1292,1.0167,1.6025,1.6211,18299.3441,11640.9541,9325.9641,225813.8556,143649.323,1
518,001388.SZ,信通电子,20260825,21.35,2.9372,4.3316,0.81,36.4209,49.4329,3.3039,4.7435,4.9144,1.8754,3.4578,23376.6,12511.8572,8483.9849,499090.41,267128.211,1
519,001389.SZ,广合科技,20260825,151.08,3.5078,3.5078,0.72,70.3068,48.2614,9.0073,13.0195,9.5876,0.3166,0.4273,47270.9164,15235.6894,15235.6894,7141690.5936,2301808.0452,1
520,001390.SZ,古麒绒材,20260825,17.27,0.8533,1.2569,0.88,19.3718,19.9789,2.0608,3.2786,3.196,,0.749,20000.0,11877.925,8064.595,345400.1727,205131.8511,1
521,001391.SZ,国货航,20260825,4.14,1.2116,1.286,0.87,19.5554,20.398,1.8507,2.2093,2.2056,1.57,2.1014,1220888.1225,151935.402,143150.3602,5054476.8168,629012.556,1
522,001393.SZ,维通利,20260825,41.6,3.523,3.523,0.83,34.4392,34.7971,2.8017,3.3178,3.0582,,,24933.3334,4804.0181,4804.0181,1037226.944,199847.232,1
523,001395.SZ,亚联机械,20260825,28.78,2.5849,2.5849,0.79,17.4519,13.2657,2.5721,4.0766,3.4742,1.6571,2.6728,11341.2,5300.1,5300.1,326399.736,152536.878,1
524,001396.SZ,誉帆科技,20260825,34.25,3.3345,3.3345,1.09,29.289,28.5148,2.5591,4.8226,4.6329,,0.5489,10690.2416,2271.744,2271.744,366140.72,77807.095,1
525,001399.SZ,惠科股份,20260825,22.6,4.6109,4.6109,0.5,44.04,47.8716,4.8682,4.0933,3.9468,,,740730.2236,43056.6731,43056.6731,16740502.972,973080.742,1
526,001400.SZ,江顺科技,20260825,81.92,14.8908,20.1522,0.99,84.7911,79.0555,5.4007,7.2978,6.9464,0.6975,1.0463,8400.0,3221.4,2380.3501,688128.0,263897.088,1
527,001696.SZ,宗申动力,20260825,15.01,3.2024,4.0932,0.61,25.8249,28.137,3.0923,1.3962,1.4161,1.3324,1.3324,114502.692,89138.51,69739.6425,1718685.3769,1337969.0351,1
528,001872.SZ,招商港口,20260825,23.34,0.1495,1.671,0.97,12.5632,12.4519,0.8831,3.3592,3.3219,3.1762,3.4233,248214.8285,230225.2855,20601.667,5793334.1322,5373458.2686,1
529,001896.SZ,豫能控股,20260825,11.85,3.0294,7.9409,0.87,46.3177,48.1698,5.0742,1.61,1.6781,,,152578.133,152578.133,58208.0646,1808050.8405,1808050.8405,4
530,001965.SZ,招商公路,20260825,9.65,0.577,2.1763,2.53,14.2235,13.9171,0.9544,4.908,4.4062,4.3256,3.8653,679509.4992,679509.4992,180163.8325,6557266.675,6557266.675,1
531,001979.SZ,招商蛇口,20260825,7.18,0.9477,2.5772,1.09,63.2312,104.8404,0.6635,0.4184,0.4099,2.7032,0.7117,901603.2171,886971.3675,326160.7932,6473511.1196,6368454.4366,4
532,002001.SZ,新和成,20260825,26.32,0.8129,1.6805,0.53,11.9589,11.2795,2.3192,3.6354,3.3316,3.415,3.7926,307342.168,303685.2928,146903.6455,8089245.9144,7992996.8328,0
533,002003.SZ,伟星股份,20260825,10.89,1.3416,1.9812,0.88,20.0854,20.3141,2.77,2.6971,2.6633,3.6113,4.5759,118888.9653,102210.0868,69213.3306,1294700.8833,1113067.8801,1
534,002004.SZ,华邦健康,20260825,4.54,1.2869,1.696,0.69,12.6037,13.9561,0.8903,0.7808,0.7832,4.3896,9.8765,197991.9191,188534.7429,143056.3729,898883.3168,855947.7196,1
535,002005.SZ,德豪润达,20260825,2.38,0.73,1.0417,1.05,122.3218,98.0378,13.7523,6.2865,6.3709,,,175242.4858,175199.3158,122765.6762,417077.1262,416974.3816,1
536,002006.SZ,精工科技,20260825,13.18,1.0083,1.3674,0.81,36.9241,34.9343,2.7696,4.0458,4.1839,1.1381,1.5175,51968.3458,51968.3458,38318.1058,684942.853,684942.853,1
537,002007.SZ,华兰生物,20260825,13.13,0.7132,1.1484,0.51,25.4905,27.9512,2.0453,5.2168,5.3394,5.3365,7.6198,182569.0986,157354.3054,97726.3569,2397132.283,2066062.0903,1
538,002008.SZ,大族激光,20260825,85.05,3.1798,3.8961,0.68,73.6059,44.015,4.0802,4.6681,3.5656,0.4115,0.2352,102960.3408,95672.9903,78083.4862,8756776.917,8136987.7995,4
539,002009.SZ,天奇股份,20260825,16.69,2.7902,3.3804,0.78,122.7673,181.4914,3.2694,2.4295,2.3426,,0.2996,40223.3207,35404.7569,29223.1521,671327.2108,590905.4444,1
540,002010.SZ,传化智联,20260825,4.7,0.4197,1.021,0.92,22.0315,19.7139,0.7154,0.5179,0.5646,3.1915,3.1915,276403.0908,275732.5006,113344.9621,1299094.523,1295942.75,1
541,002011.SZ,盾安环境,20260825,10.06,0.9617,1.7487,1.22,10.0278,10.2313,1.5838,0.8293,0.827,,0.994,107447.7339,106151.5502,58377.1084,1080924.1638,1067884.593,1
542,002012.SZ,凯恩股份,20260825,6.9,4.0229,5.1517,1.81,101.7916,99.7642,2.0699,5.1467,4.8769,0.058,0.3043,46762.547,46762.547,36515.7553,322661.595,322661.595,1
543,002014.SZ,永新股份,20260825,11.15,0.7675,2.1591,1.45,15.5872,15.5593,2.737,1.8342,1.7446,8.0717,4.9327,61249.1866,61052.7693,21703.8917,682928.4685,680738.3855,1
544,002015.SZ,协鑫能科,20260825,15.88,12.0015,23.0914,4.68,63.7787,58.7972,2.1326,2.4966,2.6579,0.6135,0.6135,162332.4614,162332.4614,84370.7172,2577839.4648,2577839.4648,1
545,002016.SZ,世荣兆业,20260825,4.58,0.9249,2.3286,0.88,26.9731,24.3954,0.7511,2.3443,2.3848,0.2183,0.393,80909.5632,80909.5632,32137.2958,370565.7848,370565.7848,1
546,002017.SZ,东信和平,20260825,16.95,16.6937,29.9342,4.5,60.3076,58.3039,5.3976,7.4565,7.4002,0.9676,0.8555,58043.1909,58017.2389,32355.124,983832.0705,983392.218,1
547,002019.SZ,亿帆医药,20260825,9.99,1.0948,1.3297,0.42,30.2266,34.1642,1.366,2.3674,2.4007,1.001,1.001,121639.0085,84251.8305,69371.6728,1215173.6949,841675.7867,1
548,002020.SZ,京新药业,20260825,12.9,1.0392,1.3822,0.42,14.6538,14.617,1.8227,2.7295,2.7518,2.5646,2.5867,86102.914,72396.8335,54430.2753,1110727.539,933919.107,1
549,002021.SZ,中捷资源,20260825,2.68,2.2686,2.8246,1.13,,,5.2281,3.8078,3.8965,,,119547.7323,119543.7891,96014.3204,320387.9164,320377.3572,1
550,002022.SZ,科华生物,20260825,5.65,1.4612,1.7959,0.61,,,1.1467,1.7695,1.7617,,,51439.7174,51432.4049,41846.1011,290634.3615,290593.06,1
551,002023.SZ,海特高新,20260825,10.03,1.9831,2.6015,0.69,,,1.9839,4.7675,4.63,,,74086.0235,73416.0281,55964.63,743082.8809,736362.7809,1
552,002024.SZ,ST易购,20260825,1.18,0.1851,0.4691,0.89,188.0362,158.246,0.8868,0.2233,0.2416,,,926476.7618,919289.6725,362644.6554,1093242.5768,1084761.8106,0
553,002025.SZ,航天电器,20260825,60.67,2.4293,4.1264,0.44,150.6473,146.1156,4.1382,4.733,4.6157,0.3803,0.2143,45401.9772,45387.1299,26720.1544,2754538.1266,2753637.1771,1
554,002026.SZ,山东威达,20260825,11.0,4.1984,6.601,3.88,19.2173,22.6475,1.2444,2.5212,2.3915,1.1818,0.6344,44053.1939,44049.3914,28016.1323,484585.09,484543.29,1
555,002027.SZ,分众传媒,20260825,4.97,0.9018,1.3382,0.77,24.3617,21.0516,5.1305,5.6258,5.6796,7.6459,6.841,1444219.9726,1444219.9726,973320.6673,7177773.2509,7177773.2509,1
556,002028.SZ,思源电气,20260825,169.6,0.965,1.0642,0.54,42.1328,39.9633,8.0666,6.162,5.5679,0.2931,0.4127,78257.3282,61077.5161,55381.8195,13272442.8627,10358746.7306,4
557,002029.SZ,七匹狼,20260825,8.81,2.3934,4.0512,0.85,18.6718,26.6613,0.9144,2.068,2.0399,1.0851,1.0851,70502.3537,66540.5959,39311.2659,621125.7916,586222.686,1
558,002030.SZ,达安基因,20260825,5.54,2.0034,2.9302,0.77,,,1.1045,10.262,10.5359,,,140344.6032,140344.6032,95953.7128,777509.084,777509.084,1
559,002031.SZ,巨轮智能,20260825,5.16,4.7114,5.3022,0.55,,,5.8475,14.3998,15.9147,,,219939.567,191362.0576,170038.1329,1134888.1812,987428.2296,1
560,002032.SZ,苏泊尔,20260825,40.72,0.1739,1.0467,0.94,15.5337,15.4721,4.7986,1.4303,1.4243,6.8736,6.4345,79984.8156,79948.4106,13280.2202,3256981.8704,3255499.2552,1
561,002033.SZ,丽江股份,20260825,9.15,4.397,8.0278,1.56,23.5522,19.9745,2.0115,5.8438,5.5759,3.8251,3.8251,54949.0711,54948.0181,30096.1546,502783.9905,502774.383,1
562,002034.SZ,旺能环境,20260825,13.67,1.2032,2.2006,1.16,9.794,9.7871,0.969,2.1776,2.2035,3.0106,1.202,51670.1203,51454.7415,28133.3523,706330.5404,703386.2958,1
563,002035.SZ,华帝股份,20260825,4.83,2.1638,2.6996,0.91,13.6025,13.8408,1.0637,0.7249,0.7345,6.0896,4.0597,84765.3618,78203.7667,62682.8792,409416.7371,377724.2091,1
564,002036.SZ,联创电子,20260825,6.81,5.1876,5.6805,1.44,,,10.7073,0.8721,0.9959,,,105759.8056,105546.7775,96388.3463,720224.3061,718773.5718,1
565,002037.SZ,保利联合,20260825,6.81,0.7592,1.3678,0.75,,,3.2083,0.4925,0.5113,,,48388.3566,48388.3566,26857.6012,329524.7316,329524.7316,1
566,002038.SZ,双鹭药业,20260825,6.37,11.183,15.025,1.84,,,1.2844,10.4935,11.0621,0.314,0.157,102735.0,85191.1316,63406.9769,654421.95,542667.4981,0
567,002039.SZ,黔源电力,20260825,19.46,1.2455,2.0656,0.88,13.8642,11.7877,1.8422,2.5325,2.3675,0.8222,2.518,42755.8126,42755.8126,25779.8681,832028.0626,832028.0626,4
568,002040.SZ,南京港,20260825,8.83,6.0422,18.5331,1.07,23.2276,21.9045,1.2367,4.1889,4.0572,1.08,1.3137,48607.5445,48607.5445,15847.0774,429204.5782,429204.5782,1
569,002041.SZ,登海种业,20260825,11.21,9.6397,24.4409,1.34,107.6316,97.8717,2.6701,8.9533,8.1947,0.2587,,88000.0,88000.0,34708.0741,986480.0,986480.0,2
570,002042.SZ,华孚时尚,20260825,3.86,1.5473,2.6635,1.42,114.3689,89.0609,1.111,0.8155,0.8312,,0.2894,170068.1355,170068.1355,98799.3593,656463.0204,656463.0204,1
571,002043.SZ,兔宝宝,20260825,12.93,1.1804,2.1171,0.46,15.2769,15.7371,3.261,1.2078,1.1276,4.5878,4.5198,82975.448,80610.5572,44943.7807,1072872.5685,1042294.5408,4
572,002044.SZ,美年健康,20260825,4.67,1.1589,1.3224,0.51,64.0653,59.8103,2.316,1.7645,1.794,0.2891,0.1927,391425.3923,387422.7627,339527.2557,1827956.5713,1809264.2892,1
573,002045.SZ,国光电器,20260825,9.01,6.823,9.0983,1.19,,,1.2186,0.6409,0.6941,,0.1665,56248.3132,56183.2882,42132.8137,506797.3632,506211.4429,1
574,002046.SZ,国机精工,20260825,49.73,2.2931,4.5411,0.86,102.4218,163.8088,6.1133,8.8329,9.0155,0.4223,0.3941,53619.0854,53017.7979,26772.5321,2666477.3457,2636575.194,1
575,002047.SZ,宝鹰股份,20260825,3.3,3.019,4.5681,0.66,84.509,75.5664,122.9279,7.597,7.5385,,,151624.8693,151615.8937,100199.3537,500362.071,500332.437,1
576,002048.SZ,宁波华翔,20260825,19.14,1.5647,2.4924,0.63,37.1745,35.724,1.2963,0.5937,0.6195,2.452,1.3453,81220.1322,70817.0342,44458.0363,1554553.2882,1355437.9542,1
577,002049.SZ,紫光国微,20260825,61.46,1.273,1.725,0.51,36.0617,33.5895,3.6605,8.4326,7.9219,0.3417,0.5025,84323.3676,84311.9864,62221.8538,5182514.3202,5181814.9054,1
578,002050.SZ,三花智控,20260825,35.95,0.9105,1.6171,0.55,37.2341,37.0136,4.6365,4.8781,4.8618,0.6951,1.1102,420801.3935,369104.4992,207818.2726,15127809.9705,13269306.775,1
579,002051.SZ,中工国际,20260825,8.49,1.3202,3.6889,0.74,33.1385,38.9288,0.9072,0.9002,0.8804,1.4854,1.2981,122648.3145,122641.1925,43891.2604,1041284.1519,1041223.7031,1
580,002052.SZ,同洲电子,20260825,8.8,3.7575,5.106,1.73,36.741,108.5411,23.7712,9.5823,15.3614,,,75243.9694,68938.7155,50732.4004,662146.936,606660.736,4
581,002053.SZ,云南能投,20260825,9.21,0.4745,1.7831,0.35,35.8866,38.3244,1.112,3.399,3.8762,3.5831,1.4115,92072.9464,92072.2939,24501.7245,847991.7774,847985.7909,1
582,002054.SZ,德美化工,20260825,7.25,2.9017,3.2418,1.22,29.5755,20.8884,1.327,1.1659,1.0251,0.9457,0.9648,48211.5452,38437.5669,34405.1106,349533.7375,278672.3825,1
583,002055.SZ,ST得润,20260825,6.18,1.937,2.0061,0.7,,,2.6885,0.8292,0.8223,,,60449.0017,59049.0017,57014.5051,373574.82,364922.82,1
584,002056.SZ,横店东磁,20260825,21.24,0.9644,1.9307,0.63,18.6645,19.4161,3.2574,1.5297,1.5027,3.8569,4.542,162671.2074,162501.8929,81166.2929,3455136.288,3451540.1436,4
585,002057.SZ,中钢天源,20260825,8.81,1.9533,2.9197,0.94,37.683,33.3307,1.9993,2.1216,2.0038,1.4075,1.3394,75388.3706,75325.6924,50393.5663,664171.5397,663619.3289,1
586,002058.SZ,威尔泰,20260825,16.39,1.3992,2.6367,0.87,11.6511,11.0838,37.1112,2.8879,2.8787,,,14344.8332,14310.8031,7594.2175,235111.7637,234554.012,1
587,002059.SZ,云南旅游,20260825,4.54,1.6452,3.6629,1.92,,,4.8282,13.0906,15.8854,,,101243.4813,99039.3246,44482.954,459645.3992,449638.5128,1
588,002060.SZ,广东建工,20260825,3.2,1.5913,2.2322,1.53,10.8343,12.7835,0.852,0.1743,0.1847,4.375,4.375,375439.3242,156282.366,111412.952,1201405.856,500103.584,1
589,002061.SZ,浙江交科,20260825,3.53,0.7007,1.4497,1.02,9.6755,9.7051,0.5819,0.201,0.201,3.5778,3.1529,264315.1986,259913.79,125625.4731,933032.656,917495.6787,1
590,002062.SZ,宏润建设,20260825,8.05,1.3614,2.152,0.74,35.6103,40.1339,2.039,1.7333,1.8613,1.2297,1.2106,123727.0889,112470.096,71150.2719,996003.0745,905384.305,1
591,002063.SZ,远光软件,20260825,5.38,0.9798,1.2831,0.92,34.3438,34.1806,2.5821,3.9757,3.9731,0.5546,0.5948,191547.2817,176916.2063,135100.3428,1030524.4202,951809.2098,1
592,002064.SZ,华峰化学,20260825,11.2,0.6408,1.8955,0.67,29.9214,19.4539,1.9314,2.2969,2.1191,1.7857,1.3393,496254.3897,495199.0572,167418.7545,5558049.168,5546229.472,4
593,002065.SZ,东华软件,20260825,6.86,0.8025,1.132,0.58,46.0717,48.2027,1.7534,1.7009,1.7486,0.7289,0.7289,320548.2375,294573.9379,208828.9291,2198960.9264,2020777.2284,1
594,002066.SZ,瑞泰科技,20260825,22.22,1.8796,3.1394,1.18,,,8.3892,1.348,1.4039,0.6638,,23490.7,23100.0,13830.2535,521963.354,513282.0,1
595,002067.SZ,景兴纸业,20260825,4.02,2.406,2.4889,0.45,106.908,59.2352,0.8867,0.9862,0.9483,,0.2488,147485.3853,133760.3853,129305.3853,592891.2678,537716.7678,1
596,002068.SZ,黑猫股份,20260825,7.82,1.9854,3.7732,0.69,,,2.4657,0.6621,0.6843,,,73534.5196,73497.9321,38674.0584,575039.9464,574753.8126,1
597,002069.SZ,獐子岛,20260825,3.57,1.6607,2.8266,0.74,,,88.5228,1.9866,2.0525,,,71111.2194,71021.6194,41725.4849,253867.0554,253547.1834,1
598,002072.SZ,凯瑞德,20260825,7.35,1.285,2.3176,0.88,,,11.8843,5.8152,6.0024,,,36768.0,36753.18,20378.3087,270244.8,270135.873,1
599,002073.SZ,软控股份,20260825,5.95,2.3269,2.7331,0.78,15.1215,15.5136,0.9439,0.7323,0.6902,2.5091,1.1724,102443.7353,101406.4853,86333.9367,609540.225,603368.5875,4
600,002074.SZ,国轩高科,20260825,26.93,1.4687,2.4301,1.27,20.5057,14.3623,1.6218,1.0843,0.9143,0.3665,0.371,181472.5342,173665.769,104960.9866,4887055.346,4676819.1592,4
601,002075.SZ,沙钢股份,20260825,3.68,1.2901,1.7623,0.84,30.1891,32.4321,1.2136,0.6153,0.6214,1.3587,1.3587,219382.5445,219382.192,160595.0194,807327.7472,807326.4592,1
602,002076.SZ,星光股份,20260825,2.13,2.9072,3.3097,1.2,,,7.7599,6.2173,5.3362,,,110912.4491,104227.0207,91550.6559,236243.5185,222003.5526,1
603,002077.SZ,大港股份,20260825,12.14,2.6232,5.1647,0.78,132.5837,92.8156,2.0818,19.8392,17.8579,,,58034.8513,58034.8513,29476.9403,704543.079,704543.079,1
604,002078.SZ,太阳纸业,20260825,13.88,0.3606,0.6559,0.73,12.1873,12.1116,1.2685,1.0108,1.0061,2.8216,2.1162,285418.5119,277657.7688,152644.1906,3961608.9188,3853889.8476,1
605,002079.SZ,苏州固锝,20260825,9.37,3.1676,4.173,1.03,115.9138,69.7019,2.6609,2.1497,1.9632,0.1808,0.1814,90848.8523,81112.6378,61571.3323,851253.7245,760025.4368,4
606,002080.SZ,中材科技,20260825,49.0,3.5295,8.8766,1.16,45.2355,40.5702,4.0288,2.7232,2.4826,0.4592,0.8857,167812.3584,167812.3584,66724.898,8222805.64,8222805.64,4
607,002081.SZ,金螳螂,20260825,5.5,8.3064,16.4149,0.46,32.9172,35.9972,1.0482,0.8439,0.8781,1.8182,2.3636,265532.3689,264424.3364,133806.8052,1460428.035,1454333.87,2
608,002082.SZ,ST万邦,20260825,9.6,1.0876,2.0387,0.58,,,2.2484,5.2556,4.9916,,,61168.9055,56784.7672,30293.8727,587221.536,545133.792,1
609,002083.SZ,孚日股份,20260825,10.2,3.3137,5.5021,0.53,22.5375,16.4853,1.9967,1.8533,1.7427,1.4092,2.8185,94663.9012,94630.8312,56992.5466,965571.78,965234.466,4
610,002084.SZ,海鸥住工,20260825,4.35,0.3964,0.6746,0.09,,,2.2141,1.0724,1.1383,,,64605.604,64463.4442,37876.0285,281034.36,280415.964,3
611,002085.SZ,万丰奥威,20260825,10.34,0.7546,1.2363,0.92,22.2392,22.9846,2.8745,1.3733,1.3827,1.9342,1.4507,212329.752,212329.752,129607.4213,2195489.615,2195489.615,1
612,002086.SZ,东方海洋,20260825,2.1,4.2178,4.2178,0.74,,,3.244,11.5527,11.4531,,,195894.65,158128.5137,158128.5137,411378.765,332069.871,1
613,002088.SZ,鲁阳节能,20260825,8.43,0.6978,1.9651,0.78,100.0994,,1.6961,1.7308,1.8143,9.5585,3.5601,50944.0186,50596.4633,17967.5561,429458.0886,426528.1578,1
614,002090.SZ,金智科技,20260825,9.56,1.9843,2.3653,1.41,58.0042,52.7564,2.4443,2.4532,2.4278,0.6799,0.7322,40057.7071,39818.8681,33405.6292,382951.7076,380668.3972,1
615,002091.SZ,江苏国泰,20260825,7.79,0.5615,0.9988,0.77,9.7997,10.4101,0.8091,0.3219,0.3124,6.033,6.0332,162772.7734,160237.2071,90077.8775,1267999.9562,1248247.8659,1
616,002092.SZ,中泰化学,20260825,4.46,1.703,2.4207,0.97,,,0.5348,0.4025,0.3837,,,259001.9517,257563.7892,181192.676,1155148.697,1148734.5034,1
617,002093.SZ,国脉科技,20260825,6.86,1.1629,2.4236,1.24,39.1187,103.823,1.799,11.7472,11.6852,1.7223,1.4487,100750.0,100750.0,48342.7394,691145.0,691145.0,1
618,002094.SZ,青岛金王,20260825,5.14,5.4099,6.8846,2.81,167.5983,175.4619,2.4058,2.113,2.0938,,,69089.7549,69045.3549,54255.5227,355121.315,354893.099,2
619,002095.SZ,生意宝,20260825,14.32,0.991,1.768,1.36,,,4.1295,6.8829,6.9757,0.3492,0.3492,25272.0,25170.8415,14108.3104,361895.04,360446.4288,1
620,002096.SZ,易普力,20260825,9.3,0.2419,0.6504,0.59,14.5543,15.697,1.4199,1.1734,1.1935,2.4731,2.7527,124044.077,124043.8661,46136.7697,1153609.944,1153607.991,1
621,002097.SZ,山河智能,20260825,7.3,1.8866,2.9586,1.33,93.2097,112.286,1.6749,1.0731,1.0683,0.274,0.3151,107461.7264,107262.9295,68398.2679,784470.629,783019.389,1
622,002098.SZ,浔兴股份,20260825,7.16,0.8979,2.1212,0.69,12.4526,13.9244,1.6851,0.924,0.9327,1.3966,1.3966,35800.0,35800.0,15153.7318,256328.0,256328.0,1
623,002099.SZ,海翔药业,20260825,5.19,0.7612,1.2635,0.55,,,1.7003,4.5151,4.5149,,,161871.5253,161684.3253,97406.0666,840113.2163,839141.6483,1
624,002100.SZ,天康生物,20260825,7.26,1.2384,1.7295,0.89,47.0564,,1.4451,0.5837,0.5929,3.0303,1.0744,136525.1515,136525.1515,97759.3855,991172.589,991172.589,1
625,002101.SZ,广东鸿图,20260825,8.81,1.01,2.0554,1.72,16.1187,20.2754,0.7441,0.6348,0.6407,3.5611,2.8604,66282.3011,66221.2199,32539.8311,583947.063,583408.9482,1
626,002102.SZ,ST能特,20260825,2.26,0.463,0.5903,1.0,21.9789,,1.8074,0.7509,0.956,,,241624.4645,207056.8525,162399.8302,546071.2796,467948.481,1
627,002103.SZ,广博股份,20260825,6.63,1.9992,2.5537,1.53,21.5258,25.6245,2.7297,1.2902,1.2164,,,53427.2953,38813.5588,30386.4845,354222.999,257333.9028,1
628,002104.SZ,恒宝股份,20260825,11.33,18.8178,19.687,1.65,136.6224,575.7983,3.7605,9.2622,10.7704,0.7103,0.293,70835.0154,59970.1582,57322.3412,802560.7766,679461.9128,4
629,002105.SZ,信隆健康,20260825,6.04,2.2849,4.5343,1.21,,,2.7372,1.8625,1.6718,,,36624.195,36447.1975,18366.5128,221210.168,220141.088,1
630,002106.SZ,莱宝高科,20260825,10.29,1.7031,2.3734,0.66,29.6316,35.4332,1.293,1.2131,1.2176,0.9718,0.9718,70581.616,70490.2466,50582.8955,726284.8698,725344.6725,1
631,002107.SZ,沃华医药,20260825,6.32,1.7546,3.5648,0.91,38.1127,30.7572,5.159,4.4653,4.6474,1.8987,4.1614,57720.96,57139.6391,28125.0028,364796.4672,361122.5248,1
632,002108.SZ,沧州明珠,20260825,4.45,2.3859,2.9737,2.06,47.7684,49.0722,1.4557,2.5735,2.4702,2.2691,1.1236,164859.8206,164799.8206,132223.7681,733626.2017,733359.2017,1
633,002109.SZ,ST兴化,20260825,2.78,0.7688,1.8449,1.64,,,0.9099,0.9995,0.9127,,,127626.9851,127626.9851,53182.6107,354803.0322,354803.0322,1
634,002110.SZ,三钢闽光,20260825,3.02,1.0421,2.4904,1.11,270.7418,,0.383,0.1705,0.1669,,0.3311,242907.6227,242907.6227,101648.7803,733581.0124,733581.0124,1
635,002111.SZ,威海广泰,20260825,9.54,1.3142,2.0145,0.98,39.3349,30.8795,1.6433,1.5272,1.438,1.8206,3.3181,53201.1052,48875.1597,31885.2262,507538.5894,466269.0264,1
636,002112.SZ,三变科技,20260825,15.3,3.8022,4.4609,0.57,322.9439,573.3674,5.1741,2.4023,2.0404,0.4077,0.0654,29413.1282,26208.0,22337.779,450020.889,400982.4,1
637,002114.SZ,罗平锌电,20260825,7.45,2.3633,3.255,1.09,,,3.4661,1.6666,1.4426,,,32339.5267,32338.9342,23479.3223,240929.424,240925.0285,1
638,002115.SZ,三维通信,20260825,10.69,8.1308,8.928,0.93,,248.7846,4.151,0.7201,0.4388,,,80503.7332,74626.6207,67962.3652,860584.8737,797758.5678,4
639,002116.SZ,中国海诚,20260825,7.23,0.7828,1.4802,1.51,11.8682,13.1278,1.4465,0.5809,0.6153,3.5679,2.5278,55895.2858,55215.2964,29202.9642,404122.9163,399206.593,1
640,002117.SZ,东港股份,20260825,8.19,1.7649,2.5522,1.4,29.7526,26.1137,3.1231,3.6176,3.6452,2.5641,3.663,52372.0955,52355.468,36205.143,428927.499,428791.2993,1
641,002119.SZ,康强电子,20260825,22.75,6.692,8.3359,0.74,73.3036,70.9686,5.9345,3.8818,3.0996,0.1319,0.1758,37528.4,37528.4,30127.4792,853771.1,853771.1,4
642,002120.SZ,韵达股份,20260825,6.61,0.8766,1.9275,0.97,16.359,14.3296,0.9006,0.3723,0.3695,3.018,3.0112,289920.1326,281512.9913,128025.6444,1916372.0593,1860800.8639,4
643,002121.SZ,科陆电子,20260825,5.04,1.7568,2.3179,1.31,,,23.762,1.3358,1.3159,,,167255.0608,141165.5074,106996.9783,842965.5064,711474.1573,1
644,002122.SZ,ST汇洲,20260825,2.78,0.7618,1.1535,0.76,121.1884,147.2245,2.5496,5.1844,5.0228,,,200150.0575,198771.9963,131278.3785,556417.1668,552586.16,1
645,002123.SZ,梦网科技,20260825,7.88,2.0356,2.1188,0.7,,,4.3227,2.4325,2.8942,,,80542.259,72053.2059,69223.5215,634673.0088,567779.2948,1
646,002124.SZ,天邦食品,20260825,2.28,3.7913,3.9578,0.74,,,6.1535,0.583,0.662,,,222193.3832,197237.5648,188939.6602,506600.9064,449701.6368,1
647,002125.SZ,湘潭电化,20260825,12.87,6.2268,10.7776,1.63,35.9372,24.9729,2.3373,4.2169,4.1195,1.2431,0.8935,62952.2901,62952.2901,36370.9504,810195.9723,810195.9723,4
648,002126.SZ,银轮股份,20260825,41.2,2.9806,3.1632,1.58,36.4474,36.3834,4.6639,2.2254,2.1136,0.2849,0.2877,84682.1243,79514.7506,74924.3551,3488903.344,3276007.7,1
649,002127.SZ,南极电商,20260825,2.89,1.5441,1.7802,0.86,,,1.8838,2.7291,3.1513,1.3841,2.0761,245487.0403,199473.2997,173023.4346,709457.5465,576477.8361,1
650,002128.SZ,电投能源,20260825,26.86,0.4703,1.0631,1.51,15.4965,14.3278,2.1151,2.7886,2.7097,2.1354,3.47,312647.7068,224157.3493,99155.0772,8397717.4906,6020866.421,4
651,002129.SZ,TCL中环,20260825,9.22,1.6856,2.4058,0.54,,,1.8632,1.2832,1.2637,,,404310.3887,403960.1025,283032.2925,3727741.7958,3724512.122,4
652,002130.SZ,沃尔核材,20260825,17.05,4.5428,4.9034,2.65,20.8661,20.7102,2.5963,2.8244,2.6061,0.7949,0.9598,139988.7362,115450.1909,106961.0959,2386808.017,1968425.7395,1
653,002131.SZ,利欧股份,20260825,4.5,5.266,5.5358,0.8,903.0549,,2.362,1.5198,1.4944,0.7406,0.7538,677177.8703,585479.8454,556947.5741,3047300.415,2634659.325,1
654,002132.SZ,恒星科技,20260825,4.81,16.0966,21.008,2.33,359.0785,96.6464,1.9072,1.3122,1.2832,0.985,0.9927,140154.4698,139918.6411,107207.2072,674143.0007,673008.6584,4
655,002133.SZ,广宇集团,20260825,2.79,1.7342,2.562,0.91,56.4443,29.8886,0.7454,0.5299,0.6133,1.7688,1.7688,77414.4175,76987.0201,52112.7811,215986.2318,214793.7858,1
656,002134.SZ,天津普林,20260825,20.93,2.1372,3.0223,0.85,1088.6108,327.2594,10.1201,3.7622,3.4468,,,24781.7796,24765.7819,17513.2065,518682.647,518347.8152,1
657,002135.SZ,东南网架,20260825,6.54,3.0441,5.1295,2.46,148.9215,420.7101,1.1764,0.7779,0.8256,1.0703,0.1505,111552.285,104387.2432,61947.5934,729551.9112,682692.5496,1
658,002136.SZ,安纳达,20260825,12.58,3.7006,5.3882,1.37,,,2.3914,1.5999,1.4078,,,21502.0,21445.576,14729.0211,270495.16,269785.3964,1
659,002137.SZ,实益达,20260825,7.6,3.8911,4.5898,0.78,101.8117,73.5474,2.8744,6.4658,5.9979,,0.6579,57750.4854,39645.8956,33611.0973,438903.724,301308.84,1
660,002138.SZ,顺络电子,20260825,47.49,2.6975,3.0582,0.64,37.5039,38.9842,5.8328,5.6769,5.1889,1.2363,1.6684,80631.8354,76634.4788,67596.3164,3829206.0816,3639371.4552,4
661,002139.SZ,拓邦股份,20260825,9.68,1.6095,1.6933,0.98,33.1692,74.2286,1.7273,1.0891,1.0598,0.7127,0.7127,124683.4988,107108.9847,101808.7668,1206936.1832,1036814.9264,1
662,002140.SZ,东华科技,20260825,9.12,0.7789,2.4314,1.06,12.1178,11.6442,1.3235,0.6441,0.6526,1.6447,2.193,70801.3872,70696.1375,22647.9042,645708.6768,644748.7968,1
663,002141.SZ,贤丰控股,20260825,6.13,10.9259,15.6606,0.67,403.3782,553.8863,7.846,5.4792,5.9543,,,103293.5798,103293.5798,72064.3798,633189.6454,633189.6454,1
664,002142.SZ,宁波银行,20260825,33.56,0.3713,0.7439,0.72,7.5552,7.1207,0.9129,3.0793,2.9061,3.5757,3.5757,660359.0792,659938.4253,329442.2565,22161650.7248,22147533.7108,4
665,002144.SZ,宏达高科,20260825,11.29,5.7164,6.1957,2.34,46.1439,77.3035,0.93,4.0422,4.4204,0.4429,0.4429,17676.2528,13765.9201,12700.9178,199564.8625,155417.2368,1
666,002145.SZ,钛能化学,20260825,4.35,0.8102,1.2279,0.87,46.4076,32.0069,1.2518,2.1274,1.932,0.3531,0.889,380667.2183,380647.4258,251172.9028,1655902.407,1655816.3205,1
667,002146.SZ,荣盛发展,20260825,1.16,2.57,3.4953,0.87,,,0.9894,0.1888,0.2696,,,434816.3851,391068.1351,287543.228,504387.0124,453639.0424,1
668,002148.SZ,北纬科技,20260825,6.27,3.2178,3.3836,1.11,,1521.7109,2.8521,9.1757,9.0746,0.2551,,55875.133,45102.6611,42892.3214,350337.0651,282793.6782,1
669,002149.SZ,西部材料,20260825,36.3,4.4325,6.446,0.64,171.4461,203.7145,2.682,5.4858,5.8006,0.8264,0.551,48821.4274,48813.9124,33566.3659,1772217.909,1771944.933,4
670,002150.SZ,正泰电源,20260825,21.79,1.5453,3.0087,0.54,27.9486,31.1604,3.6286,1.9344,1.8905,0.4619,0.4589,36086.8803,35850.4497,18412.5683,786333.1152,781181.3055,4
671,002151.SZ,北斗星通,20260825,28.41,2.1324,2.3047,0.76,,,3.1896,6.971,6.1464,,,54291.0913,44281.5112,40970.7347,1542409.8669,1258037.6991,1
672,002152.SZ,广电运通,20260825,9.74,0.9967,1.9951,1.02,28.0978,28.5743,1.9025,2.0065,1.9962,2.0534,3.7988,248338.2898,248213.3713,124008.9459,2418814.9446,2417598.2238,1
673,002153.SZ,石基信息,20260825,7.77,1.1693,2.4176,0.64,,,3.1681,7.6014,7.5626,0.1287,0.1287,272919.3841,159976.3804,77373.1067,2120583.5826,1243016.4726,1
674,002154.SZ,报喜鸟,20260825,4.08,2.193,2.8673,0.93,17.4224,13.6606,1.2715,1.1518,1.1011,1.2255,4.1667,145933.3729,118012.7141,90261.811,595408.1496,481491.8568,1
675,002156.SZ,通富微电,20260825,60.9,4.1908,5.5,0.49,75.8358,63.8988,5.9023,3.3101,3.1532,0.0739,0.133,151759.6912,151745.2222,115622.7807,9242165.121,9241283.898,4
676,002157.SZ,正邦科技,20260825,2.96,1.238,1.3321,0.71,,,2.6983,1.8507,1.7465,,,925016.2589,778789.5012,723789.5012,2738048.1296,2305216.92,1
677,002158.SZ,汉钟精机,20260825,26.61,1.4222,3.6909,1.02,30.3559,30.1065,3.1897,4.8617,4.7289,2.1796,1.6911,53472.4139,53356.6824,20558.9334,1422900.8301,1419821.2548,1
678,002159.SZ,三特索道,20260825,13.58,2.2857,3.3306,1.36,16.7968,17.9876,1.6266,3.7715,3.7461,1.8409,2.0619,17730.1325,13847.2563,9502.9263,240775.3012,188045.7908,1
679,002160.SZ,常铝股份,20260825,4.03,1.5426,2.3543,1.24,59.8535,61.5787,1.1039,0.4914,0.4917,,,103278.1167,103072.9489,67535.4726,416210.8236,415383.9885,1
680,002161.SZ,远望谷,20260825,5.95,2.1935,2.5041,1.25,285.9026,3371.8099,2.8939,7.2988,7.125,0.2521,0.2272,73975.74,73960.935,64788.0837,440155.7125,440067.593,1
681,002162.SZ,悦心健康,20260825,4.04,1.3581,2.8358,1.02,552.3313,361.0821,4.486,3.4991,3.4324,,,91970.0965,91832.1621,43978.3101,371559.1636,371001.9264,1
682,002163.SZ,海南发展,20260825,8.2,3.6263,5.0565,1.49,,,13.0322,1.9795,1.9838,,,84495.7867,80354.8875,57627.0372,692865.478,658910.098,1
683,002164.SZ,宁波东力,20260825,11.12,1.3979,2.2094,0.55,30.2072,27.073,3.8404,4.0306,3.9092,,,53217.3689,47977.5143,30355.8686,591777.0432,533509.9112,1
684,002165.SZ,红宝丽,20260825,7.8,21.9447,26.8839,1.0,330.812,,2.8684,2.0548,1.9942,0.5128,0.3846,73526.9837,72758.4196,59390.9996,573510.444,567515.676,4
685,002166.SZ,莱茵生物,20260825,6.78,1.2726,2.1314,0.67,35.131,32.4716,1.577,2.4601,2.457,1.4445,1.4445,74160.9425,73858.5425,44097.3158,502811.1732,500760.9012,1
686,002167.SZ,东方锆业,20260825,16.19,7.6269,10.224,0.99,237.6151,120.626,6.8402,10.0748,9.6879,,,77467.33,76219.6723,56858.59,1254196.0727,1233996.4573,4
687,002168.SZ,ST惠程,20260825,3.98,0.8557,1.0443,1.2,,,278.4204,8.4548,8.1605,,,78416.3368,78416.3368,64258.0991,312097.0332,312097.0332,1
688,002169.SZ,智光电气,20260825,12.22,1.9312,2.472,0.78,70.5784,40.7868,3.4104,2.5023,2.1504,0.6547,0.6547,78270.4094,76092.3967,59446.3596,956464.4102,929849.128,4
689,002170.SZ,芭田股份,20260825,11.15,1.9926,2.1855,0.92,11.8702,10.6665,2.6722,2.1398,2.0522,3.9258,6.5428,97039.6207,78887.4687,71924.4562,1081991.763,879595.2905,1
690,002171.SZ,楚江新材,20260825,9.7,2.3306,3.089,0.89,41.0816,40.1989,1.7675,0.2599,0.241,,0.8247,162293.7872,161374.147,121753.4924,1574249.763,1565329.255,4
691,002172.SZ,澳洋健康,20260825,4.62,31.1906,46.5548,1.31,85.6762,104.356,17.68,1.9579,2.0489,,,76573.236,76514.073,51262.5131,353768.3226,353495.0034,1
692,002173.SZ,创新医疗,20260825,18.61,12.2906,15.3177,1.44,,,4.975,10.5117,11.446,,,44128.4352,42086.5031,33769.1709,821230.0823,783229.765,1
693,002174.SZ,游族网络,20260825,12.13,1.9123,2.3458,0.58,,,2.619,8.479,8.5116,,,97981.0967,97925.9042,79831.1452,1188510.6217,1187841.167,1
694,002175.SZ,*ST东智,20260825,2.57,0.7914,0.9285,0.5,,,4.2398,10.339,10.0886,,,127678.0727,127678.0727,108828.0727,328132.6399,328132.6399,1
695,002176.SZ,江特电机,20260825,9.35,10.3596,12.4774,3.22,,,5.384,8.1394,8.4317,,,170225.0581,169976.0581,141125.5048,1591604.311,1589276.161,1
696,002177.SZ,御银股份,20260825,5.97,10.1356,10.5368,1.6,350.9772,314.2451,2.6455,77.1755,80.6955,0.1173,0.067,76119.1294,68316.0153,65714.9773,454431.2061,407846.6394,1
697,002178.SZ,延华智能,20260825,4.6,2.0731,2.8354,1.17,366.0711,,7.6817,7.6904,8.8697,,,71215.3001,71183.0933,52045.8076,327590.38,327442.214,1
698,002179.SZ,中航光电,20260825,33.37,1.0265,1.9539,1.01,32.424,36.5038,2.8405,3.2771,3.272,2.4179,1.6585,210024.6297,209643.0244,110139.088,7008521.9031,6995787.5774,1
699,002180.SZ,奔图科技,20260825,17.1,0.5566,0.7968,0.44,,,2.6646,1.4722,1.888,,,142187.8923,136028.7498,95019.3582,2431412.919,2326091.625,1
700,002181.SZ,粤传媒,20260825,8.36,1.879,5.7607,0.99,105.4154,132.9227,2.2826,16.3444,16.2324,0.8134,0.7536,116105.8174,113453.7104,37005.3722,970644.6552,948473.0156,1
701,002182.SZ,宝武镁业,20260825,11.96,2.7144,4.0366,1.74,,,2.2552,1.1967,1.1666,0.4181,,99179.1553,89661.0733,60292.5365,1186182.634,1072346.3972,1
702,002183.SZ,怡亚通,20260825,4.47,1.5819,2.3377,0.96,,,1.2809,0.1702,0.1781,0.2237,,259700.9091,259699.4091,175739.0397,1160863.0677,1160856.3627,1
703,002184.SZ,海得控制,20260825,10.16,3.189,3.7131,1.37,,,2.7883,1.4116,1.5864,,,35190.837,24828.9322,21324.4178,357538.8328,252261.9288,1
704,002185.SZ,华天科技,20260825,16.84,5.7553,7.3675,0.8,78.8486,43.1796,2.9451,3.2545,2.809,0.3318,0.1305,332675.7908,332602.6532,259818.2124,5602260.3036,5601028.626,4
705,002186.SZ,全聚德,20260825,9.5,1.639,2.9217,1.22,376.1463,326.6638,3.3899,2.3237,2.3538,,,30692.1588,30680.1588,17211.0112,291575.52,291461.52,1
706,002187.SZ,广百股份,20260825,5.48,1.6802,3.9501,1.55,,,0.9597,1.1256,1.5931,0.7332,,70089.4633,70089.4633,29813.1798,384090.2408,384090.2408,1
707,002188.SZ,中天服务,20260825,5.59,3.8414,5.0096,0.75,57.001,63.3653,5.0703,4.5507,4.4494,,,32710.3864,25736.3007,19735.0005,182851.0801,143865.917,1
708,002189.SZ,中光学,20260825,18.49,0.922,1.5951,1.12,,,11.5591,3.2152,3.1943,,,26119.9273,26115.9921,15095.6014,482957.5057,482884.6551,1
709,002190.SZ,成飞集成,20260825,22.85,1.067,2.1812,0.63,,,2.3432,3.5514,3.3938,,,35872.9343,35872.9343,17547.96,819696.4505,819696.4505,1
710,002191.SZ,劲嘉股份,20260825,3.7,0.6694,0.8279,0.8,,,0.8394,1.7511,1.5667,,,141397.8834,140271.5536,113429.5827,523172.156,519004.735,1
711,002192.SZ,融捷股份,20260825,72.15,13.1216,17.7552,1.24,67.204,15.6744,4.1197,22.2898,9.0886,0.2301,0.3049,25965.5203,25911.7641,19149.5583,1873412.268,1869533.484,4
712,002193.SZ,ST如意,20260825,4.91,2.581,3.5184,1.5,,,6.2478,3.5709,3.52,,,26171.555,26171.405,19198.3885,128502.3596,128501.6231,1
713,002194.SZ,武汉凡谷,20260825,10.11,5.083,6.4368,0.91,,,2.7887,5.1097,5.2152,0.6924,,68328.5806,51087.885,40343.2022,690802.0449,516498.5679,1
714,002195.SZ,岩山科技,20260825,6.33,1.7719,1.9658,0.95,388.8149,438.7048,3.6206,54.9135,55.0413,,0.0316,566654.2796,561583.3437,506190.9003,3586921.5924,3554822.5422,1
715,002196.SZ,方正电机,20260825,10.53,3.4545,3.9364,0.79,248.529,99.3017,3.6306,1.7915,1.5507,,,49587.193,49017.922,43017.922,522153.1107,516158.6976,1
716,002197.SZ,证通电子,20260825,6.66,3.9799,4.6346,1.0,,,2.3226,4.1279,3.9506,,,61436.2928,53400.0012,45857.0562,409165.6914,355644.0,1
717,002198.SZ,ST嘉应,20260825,3.4,0.7192,0.9257,0.79,56.6168,62.6773,2.3625,4.4965,4.4815,,,50750.9848,50748.0198,39430.1412,172553.366,172543.268,1
718,002199.SZ,东晶电子,20260825,12.19,2.2771,3.4205,0.79,,,17.6802,8.353,5.2169,,,24344.2363,23090.2093,15371.6514,296756.2856,281469.6599,1
719,002200.SZ,交投生态,20260825,6.83,2.4858,3.1792,1.24,,34.6065,2.3003,6.0091,4.3524,,,45112.5581,19572.597,15304.0043,308118.7848,133680.858,1
720,002201.SZ,九鼎新材,20260825,8.14,1.8954,2.893,0.96,58.5714,59.7865,4.4346,2.9544,2.8004,0.172,0.3071,65163.6241,60202.342,39441.3357,530431.8668,490047.0476,1
721,002202.SZ,金风科技,20260825,18.46,2.4132,3.2638,0.36,28.1042,25.0445,1.9608,1.0678,0.9865,0.7581,1.0793,422378.8647,336350.5081,248690.9952,7797113.9402,6209030.4146,1
722,002203.SZ,海亮股份,20260825,19.1,1.1302,1.8836,1.4,46.4105,42.3225,2.566,0.5261,0.5048,1.2949,1.1517,229175.5274,221214.1269,132726.5505,4377252.623,4225189.883,4
723,002204.SZ,大连重工,20260825,5.14,0.8376,1.8793,0.93,17.0255,15.4718,1.2367,0.6398,0.6171,0.963,1.8298,193137.0032,193137.0032,86084.3077,992724.18,992724.18,1
724,002205.SZ,国统股份,20260825,10.83,1.2868,1.8438,1.13,,,7.8446,2.9889,2.6756,,,18584.3228,18584.3228,12970.4108,201268.1856,201268.1856,1
725,002206.SZ,海利得,20260825,5.24,0.5788,0.8124,1.01,11.8381,12.2316,1.4764,1.0437,1.0699,3.3325,3.7939,116202.722,105697.0986,75299.3075,608902.2528,553852.804,1
726,002207.SZ,*ST准油,20260825,5.75,2.0517,2.937,0.76,,,175.2932,5.0793,4.542,,,26205.5378,26081.195,18219.5672,150681.855,149966.9,1
727,002208.SZ,合肥城建,20260825,10.5,3.5805,8.6483,0.93,,,1.4657,0.8349,0.9612,,,80329.1894,80303.8706,33246.7547,843456.495,843190.635,1
728,002209.SZ,达意隆,20260825,13.5,11.8892,13.9569,1.61,22.6826,18.3932,2.9252,1.4925,1.3717,0.3748,0.5926,20453.005,15784.8788,13446.4226,276115.635,213095.88,1
729,002210.SZ,飞马国际,20260825,2.28,2.9559,4.2207,1.69,393.5923,218.3594,6.4735,22.8316,21.858,,,266123.2774,265526.7849,185959.4992,606761.0556,605401.0584,1
730,002211.SZ,ST宏达,20260825,3.87,1.5979,2.5378,1.52,,,34.5819,3.5389,3.0922,,,43247.5779,43247.5779,27230.0036,167368.1346,167368.1346,1
731,002212.SZ,天融信,20260825,6.26,2.6428,2.6428,0.82,99.4763,176.348,0.7747,2.8707,2.9996,0.3151,,117945.3879,116684.3933,116684.3933,738338.1283,730444.3021,1
732,002213.SZ,大为股份,20260825,32.63,11.3044,14.0243,1.6,,396.8777,13.869,6.4179,6.3804,0.0635,,24042.2083,20671.7899,16662.742,784497.3123,674520.5077,1
733,002214.SZ,大立科技,20260825,15.08,1.3461,1.4691,0.58,,,7.1784,25.9861,25.9308,,,59866.2687,47841.6653,43837.6882,902783.3516,721452.3836,1
734,002215.SZ,诺普信,20260825,9.52,3.9405,4.7717,0.84,14.6991,12.4663,2.0851,1.6533,1.5756,3.6799,3.1524,100425.881,80806.1974,66731.7621,956054.3776,769275.024,1
735,002216.SZ,三全食品,20260825,11.9,1.7276,3.5206,1.61,19.2029,17.541,2.4132,1.5995,1.5208,2.521,4.8089,87918.4048,63050.2389,30940.5803,1046229.079,750297.856,4
736,002217.SZ,ST合力泰,20260825,1.46,0.9389,1.3249,0.78,480.5615,784.3622,5.8425,6.4803,6.1089,,,747939.8928,727934.1526,515821.4405,1091992.2394,1062783.859,1
737,002218.SZ,拓日新能,20260825,3.94,2.274,3.6629,1.01,,,1.4119,5.4013,5.5243,0.2538,,140830.0149,138767.7849,86150.4437,554870.2394,546745.0532,1
738,002219.SZ,新里程,20260825,2.19,3.7505,5.5266,0.68,244.312,247.565,3.8268,2.4764,2.6349,,,345192.1753,327211.782,222056.4297,755970.8523,716593.7982,1
739,002221.SZ,东华能源,20260825,5.52,1.8479,2.9898,0.94,,,0.8824,0.3161,0.3676,,,157612.7767,146100.3187,90298.9023,870022.5456,806473.7664,1
740,002222.SZ,福晶科技,20260825,63.75,4.4336,5.4513,0.76,107.6137,102.0021,16.3982,25.8931,24.1179,0.3137,0.3137,47025.0,46815.1714,38075.6714,2997843.75,2984467.0875,1
741,002223.SZ,鱼跃医疗,20260825,26.43,0.9329,1.5328,0.82,17.8807,23.6165,1.9874,3.3307,3.3686,3.0269,3.7836,100247.6929,94229.3319,57352.3872,2649546.4467,2490481.1919,1
742,002224.SZ,三力士,20260825,3.7,1.9853,2.452,0.89,181.7329,,1.0377,3.1752,3.0621,0.8108,0.4014,90211.6324,80638.0369,65291.6384,333783.068,298360.748,1
743,002225.SZ,濮耐股份,20260825,3.6,1.6407,1.9393,0.53,48.1959,126.8776,1.0255,0.7605,0.7771,1.1948,1.373,115923.9147,97492.9053,82479.4417,417326.112,350974.476,1
744,002226.SZ,江南化工,20260825,5.1,0.7976,1.95,1.31,17.8332,24.1193,1.409,1.3534,1.3376,1.2745,1.7255,264892.2855,264891.819,108349.1905,1350950.679,1350948.282,1
745,002227.SZ,*ST特迅,20260825,6.35,0.7313,1.5194,0.58,,,1.7461,5.6649,5.5166,,,24780.617,24593.6766,11836.583,157356.937,156169.868,1
746,002228.SZ,合兴包装,20260825,3.17,1.9835,3.4429,1.56,37.169,40.7386,1.278,0.3773,0.3709,5.3151,4.8295,121338.5629,120932.1709,69670.0889,384643.2352,383354.9789,1
747,002229.SZ,鸿博股份,20260825,10.91,8.4742,8.4742,0.57,,,5.1512,5.3425,13.2136,,,49619.1488,49316.4301,49316.4301,541344.9265,538042.2513,1
748,002230.SZ,科大讯飞,20260825,39.35,0.9844,1.1535,0.59,112.6077,108.0895,4.1385,3.4872,3.398,0.2437,0.2541,240207.9841,218996.694,186880.0542,9452184.1743,8617519.9089,1
749,002232.SZ,启明信息,20260825,14.17,0.9788,2.2103,1.18,177.8937,171.4476,4.0786,7.4798,7.2403,0.0706,0.1694,40854.8455,40854.8455,18090.8732,578913.2245,578913.2245,1
750,002233.SZ,塔牌集团,20260825,7.23,0.7702,1.2762,0.95,13.3889,20.3042,0.7246,2.067,2.2385,6.2241,6.623,117415.0508,117362.3408,70825.6653,848910.8115,848529.7182,1
751,002234.SZ,民和股份,20260825,8.0,2.155,2.9739,0.77,,,1.6671,1.2915,1.2674,,,34896.0212,30140.8639,21841.0152,279168.16,241126.88,1
752,002235.SZ,安妮股份,20260825,8.79,8.2606,9.9134,1.11,,,6.9837,12.534,12.4224,,,57957.2284,55357.8302,46128.6768,509444.0517,486595.3257,1
753,002236.SZ,大华股份,20260825,16.18,0.8727,1.1439,0.55,13.7112,14.0483,1.3529,1.6155,1.5437,3.9762,3.4098,326926.2074,239113.9515,182425.3167,5289666.0778,3868863.711,1
754,002237.SZ,恒邦股份,20260825,14.89,3.8707,5.7355,1.02,33.3916,21.4248,1.5503,0.1894,0.1619,0.7603,0.8999,142997.0408,119235.6008,80468.8264,2129225.9256,1775418.084,4
755,002238.SZ,天威视讯,20260825,6.6,2.0039,5.8351,2.51,,,2.7154,4.1007,4.2184,0.7576,,80255.916,80255.916,27562.3499,529689.072,529689.072,1
756,002239.SZ,奥特佳,20260825,2.55,2.0166,2.0166,1.51,45.9585,47.231,1.5516,1.0929,1.1276,0.1145,0.2387,351349.4914,326615.2096,326615.2096,895941.1995,832868.7855,1
757,002240.SZ,盛新锂能,20260825,30.7,6.6315,8.3585,1.38,,29.1259,2.4908,5.5485,2.5997,,,91529.3872,91280.1222,72420.3004,2809952.273,2802299.684,4
758,002241.SZ,歌尔股份,20260825,23.07,2.7067,3.4896,0.81,20.7981,20.5427,2.1563,0.8488,0.8274,1.2644,1.4908,355227.1178,314571.0351,243995.49,8195089.6076,7257153.7798,4
759,002242.SZ,九阳股份,20260825,8.36,0.942,2.9016,0.94,54.2206,95.6518,1.9704,0.777,0.8271,1.7943,1.7943,76301.7,76176.5625,24731.7789,637882.212,636836.0416,1
760,002243.SZ,力合科创,20260825,7.5,1.2793,2.5826,1.33,51.3416,48.6927,1.2305,3.8467,3.7043,0.9333,0.6667,121060.4219,120216.0648,59550.3189,907953.15,901620.45,1
761,002244.SZ,滨江集团,20260825,8.98,0.7895,1.8268,0.56,13.2025,14.3197,0.9227,0.3371,0.3834,0.9131,0.7572,311144.389,275754.934,119171.6818,2794076.6222,2476279.2714,4
762,002245.SZ,蔚蓝锂芯,20260825,17.65,2.8803,3.3331,0.64,42.477,33.9739,3.7925,3.7203,3.2652,0.2481,0.3823,171017.1874,160909.8738,139046.4365,3018453.3576,2840059.2726,4
763,002246.SZ,北化股份,20260825,19.65,1.4875,2.7838,0.59,41.0174,28.2728,3.306,3.9225,3.6498,0.2036,0.3053,54903.4794,54903.4794,29336.1431,1078853.382,1078853.382,1
764,002247.SZ,聚力文化,20260825,2.43,3.9934,4.9918,1.15,42.8246,51.6641,3.0099,2.6051,2.5986,,,85087.0049,64345.8147,51476.2997,206761.41,156360.3183,1
765,002248.SZ,华东数控,20260825,9.85,9.8734,11.9684,0.58,89.7404,91.7802,25.2806,8.9332,9.1612,,,30749.56,30749.56,25366.98,302883.166,302883.166,1
766,002249.SZ,大洋电机,20260825,6.69,3.5768,4.0937,2.09,15.2433,18.3563,1.6904,1.3504,1.3572,3.3882,4.393,246698.7153,186377.6633,162846.6054,1650414.3699,1246866.5454,4
767,002250.SZ,联化科技,20260825,15.0,1.6754,2.2704,0.9,37.2933,32.5938,1.9749,2.0992,1.9611,0.1333,1.3333,89987.3217,89497.5756,66043.9903,1349809.95,1342463.7,1
768,002251.SZ,步步高,20260825,3.68,5.7362,7.3299,1.46,87.7048,89.7694,1.1646,2.35,2.2648,,,268869.9689,222247.2119,173925.9163,989441.4896,817869.7328,1
769,002252.SZ,上海莱士,20260825,4.9,0.7062,1.0107,0.81,20.4843,26.7342,0.9966,4.3962,4.8905,0.6729,0.9822,659267.2885,658825.9885,460367.6877,3230409.7137,3228247.3437,1
770,002253.SZ,川大智胜,20260825,9.72,1.9463,2.3868,1.08,,,2.5859,6.7437,6.7376,,,22562.6095,20994.9008,17120.0597,219308.5692,204070.428,1
771,002254.SZ,泰和新材,20260825,12.25,1.5759,2.4724,0.77,251.5675,142.4308,1.4685,2.9014,2.7361,0.4094,0.1626,85152.8183,85057.2908,54212.7324,1043122.045,1041951.8025,1
772,002255.SZ,海陆重工,20260825,7.7,1.3793,1.4507,0.63,15.3477,16.5542,1.3787,2.755,2.7326,0.6305,1.2036,83088.1055,63794.4743,60652.3705,639778.37,491217.419,1
773,002256.SZ,兆新股份,20260825,3.38,1.4482,1.9087,0.64,161.9562,135.4097,5.7109,13.8899,13.47,,,204063.6125,201434.6926,152833.9826,689735.0018,680849.2522,1
774,002258.SZ,利尔化学,20260825,14.24,1.7316,2.9259,0.43,23.8075,25.859,1.4236,1.2654,1.2344,2.809,2.809,80043.7228,79914.8495,47293.7402,1139822.5728,1137987.464,1
775,002259.SZ,升达林业,20260825,4.19,3.7968,5.2975,1.72,23.9104,15.2108,6.6965,3.1535,3.3839,,,75232.8267,75232.8267,53921.2742,315225.5577,315225.5577,2
776,002261.SZ,拓维信息,20260825,25.18,1.7688,1.9711,0.38,497.7177,585.7927,12.1456,10.005,9.9889,,,125996.8174,114610.5481,102843.596,3172599.9276,2885893.649,1
777,002262.SZ,恩华药业,20260825,21.83,0.9582,1.6227,0.53,20.9722,20.2043,2.6425,3.7513,3.6237,1.6497,1.8323,101578.6583,88377.6305,52184.7945,2217462.1478,1929283.6629,4
778,002263.SZ,大东南,20260825,3.04,2.3661,3.2819,1.37,309.2861,315.0583,2.0556,4.6435,4.6576,,,187836.01,187834.51,135418.708,571021.4704,571016.9104,1
779,002264.SZ,新华都,20260825,6.64,2.3065,3.5472,0.66,28.2026,29.8499,2.2939,1.4996,1.3154,1.4816,2.9712,71981.13,65090.7872,42324.0166,477954.7032,432202.8456,1
780,002265.SZ,建设工业,20260825,18.22,1.4425,6.5721,1.29,80.8844,80.8581,4.8267,4.1734,3.8696,,0.4171,103304.0407,103304.0407,22673.4746,1882199.6088,1882199.6088,1
781,002266.SZ,浙富控股,20260825,4.8,1.0798,1.7629,0.85,22.4131,17.2866,1.9808,1.0792,1.0243,1.0307,1.2369,521927.1402,484258.5229,296612.7817,2505250.272,2324440.896,4
782,002267.SZ,陕天然气,20260825,7.08,0.4798,1.3489,0.84,13.4836,15.8656,1.1217,0.916,0.9596,4.9435,2.8249,111207.5445,111207.5445,39554.4989,787349.3832,787349.3832,1
783,002268.SZ,电科网安,20260825,13.78,0.8436,1.3282,1.0,202.1481,319.1586,2.1197,5.138,5.2608,0.4354,0.1814,84563.6083,84525.4483,53685.3468,1165286.5458,1164760.701,1
784,002269.SZ,美邦服饰,20260825,1.45,2.3548,3.8128,1.81,,,17.0191,8.0915,8.2145,,,251250.0,234372.9075,144751.5716,364312.5,339840.7195,1
785,002270.SZ,华明装备,20260825,19.51,0.9277,1.6428,0.65,24.6364,24.9284,5.6017,7.2051,7.1441,3.4492,3.1257,89622.5431,89621.1069,50608.0234,1748535.9505,1748507.8561,4
786,002271.SZ,东方雨虹,20260825,10.83,1.6833,1.7274,0.49,228.3949,159.4749,1.2596,0.938,0.8959,17.082,8.541,238869.9866,195067.2787,190087.1739,2586961.9917,2112578.6424,1
787,002272.SZ,川润股份,20260825,16.09,10.3476,12.1901,1.05,,,5.3468,4.4576,4.4161,,,48487.73,40813.3098,34644.5278,780167.5757,656686.1579,1
788,002273.SZ,水晶光电,20260825,25.37,3.1868,3.5042,0.84,30.0919,29.4965,3.4567,5.0921,4.7765,1.1697,1.1781,139063.2221,136608.1377,124232.8104,3528033.9447,3465748.4534,1
789,002274.SZ,华昌化工,20260825,6.47,8.9449,14.9138,2.42,,,1.1721,0.9471,0.8435,4.6368,1.5456,95236.4646,93784.913,56249.5929,616179.8962,606788.3677,1
790,002275.SZ,桂林三金,20260825,12.54,0.6077,2.101,0.97,17.0112,18.1047,2.2572,3.6017,3.6548,4.386,3.9872,58756.86,56475.1305,16335.1178,736811.0244,708198.1302,4
791,002276.SZ,万马股份,20260825,10.27,1.4231,1.9156,0.93,29.9145,33.9324,1.664,0.5397,0.5071,0.4884,0.5355,101107.5446,100731.8046,74834.2223,1038374.4358,1034515.586,1
792,002277.SZ,友阿股份,20260825,6.58,5.3485,7.868,2.57,,,1.4349,9.2848,10.104,0.076,,139417.28,139417.28,94772.406,917365.7024,917365.7024,1
793,002278.SZ,神开股份,20260825,8.33,4.3269,5.7489,1.67,57.8962,93.5833,2.3029,3.7078,3.9272,0.5599,0.7203,38861.7914,35882.1112,27006.7239,323718.7107,298897.9763,1
794,002279.SZ,久其软件,20260825,6.36,2.8725,3.6922,0.64,122.5551,73.1257,3.927,2.1199,2.1676,,,86220.6871,79549.9285,61889.344,548363.5884,505937.5548,1
795,002281.SZ,光迅科技,20260825,167.32,3.4141,5.619,0.71,146.3728,119.8097,9.5857,11.612,10.4183,0.1514,,82784.8838,78602.9752,47759.0162,13851566.7574,13151849.8105,1
796,002282.SZ,博深股份,20260825,6.16,2.4114,3.3533,3.37,20.9817,23.6714,0.9037,1.9164,1.9947,3.2468,2.4351,52683.8348,48331.1104,34755.0227,324532.3928,297719.6376,1
797,002283.SZ,天润工业,20260825,8.68,1.3754,1.7766,0.79,26.8899,23.8449,1.5839,2.4297,2.2814,2.8363,3.0576,113945.7178,100282.6529,77636.1387,989048.7628,870453.402,1
798,002284.SZ,亚太股份,20260825,9.54,4.133,7.1834,0.67,14.386,12.6424,1.9848,1.2575,1.2231,0.5241,1.0482,73910.0348,73218.8348,42126.7573,705101.6862,698507.6382,1
799,002285.SZ,世联行,20260825,2.2,3.9625,7.5018,1.37,,,2.002,2.2475,2.374,,,199282.9038,197523.8451,104334.6968,438422.402,434552.47,1
800,002286.SZ,保龄宝,20260825,7.97,1.7299,2.2121,0.54,20.1055,19.6136,1.3152,1.1008,1.0762,0.7531,1.5056,37997.738,36968.9568,28910.3462,302841.9878,294642.6112,1
801,002287.SZ,奇正藏药,20260825,20.09,0.3828,2.0229,0.72,17.7258,17.38,2.2546,4.7574,5.1799,3.857,3.1132,57211.8203,57098.9795,10804.8107,1149385.4638,1147118.5082,1
802,002289.SZ,宇顺电子,20260825,39.19,1.3431,2.4847,0.54,,327.6335,41.3953,33.5438,20.0745,,,28025.3733,27443.1233,14834.7992,1098314.2503,1075495.8728,1
803,002290.SZ,禾盛新材,20260825,62.06,2.1312,3.8026,0.58,94.2497,76.0079,14.6343,6.0272,5.9497,,0.3384,24811.233,24732.6818,13861.2635,1539784.9338,1534910.1208,4
804,002291.SZ,遥望科技,20260825,5.19,1.9601,2.3413,0.89,,,1.6725,1.4695,1.7671,,,93513.0353,86912.527,72761.1407,485332.6776,451076.0307,1
805,002292.SZ,奥飞娱乐,20260825,8.08,4.9741,5.9674,1.54,166.2321,57.1487,3.9415,4.8317,4.5845,,,147869.9697,101788.3481,84845.136,1194789.3576,822449.868,1
806,002293.SZ,罗莱生活,20260825,11.54,0.9143,1.7344,0.87,18.5895,16.5561,2.3574,1.9972,1.9486,5.1786,5.3501,83742.8881,83045.7438,43775.4626,966392.9287,958347.8835,4
807,002294.SZ,信立泰,20260825,31.92,1.3069,3.1374,0.55,54.6196,52.8345,4.1539,8.1754,7.5699,1.5664,1.7231,111481.6535,111456.5736,46429.4904,3558494.268,3557693.7144,1
808,002295.SZ,精艺股份,20260825,9.17,1.1613,1.6595,0.9,,,1.7692,0.4939,0.4689,0.3926,,25061.6,25042.7,17524.23,229814.872,229641.559,1
809,002296.SZ,辉煌科技,20260825,8.99,2.7785,2.8889,1.41,18.7184,20.5296,1.4046,3.9867,4.1371,2.2247,1.4461,38958.042,34741.5444,33413.1119,350232.7796,312326.4446,1
810,002297.SZ,博云新材,20260825,17.55,8.1623,9.8184,0.98,162.6097,44.9804,4.3777,11.0474,7.9833,,,57310.4819,57310.4819,47643.9142,1005798.924,1005798.924,1
811,002298.SZ,中电鑫龙,20260825,7.96,2.9063,2.9871,0.66,,,3.1573,3.2817,3.402,,,74011.0901,66075.6987,64287.1351,589128.2764,525962.572,1
812,002299.SZ,圣农发展,20260825,16.55,1.1965,2.5466,0.95,14.9036,21.1538,1.7912,1.0236,0.9341,4.2063,3.0111,124277.0322,121859.9736,57254.4675,2056784.8465,2016782.5035,1
813,002300.SZ,太阳电缆,20260825,6.76,1.9098,3.4218,0.74,58.7282,62.358,2.5652,0.4059,0.3874,1.6272,1.0355,72233.37,72229.5011,40312.9596,488297.5812,488271.42,1
814,002301.SZ,齐心集团,20260825,7.83,1.9928,3.295,1.12,70.2853,81.0577,1.8105,0.4738,0.4723,1.7576,1.3897,72400.7933,71798.8723,43423.3626,566898.1857,562185.1521,1
815,002302.SZ,西部建设,20260825,4.73,0.5459,1.4261,1.02,,,0.7693,0.3297,0.3665,2.6427,,126235.4304,126235.4304,48325.0712,597093.5839,597093.5839,1
816,002303.SZ,美盈森,20260825,4.89,4.05,4.7359,0.96,28.6971,34.8759,1.6968,1.886,1.8872,4.0286,2.9857,153132.3685,106736.3525,91276.6088,748817.2893,521940.7515,1
817,002304.SZ,洋河股份,20260825,39.43,0.2279,0.5909,0.82,26.9255,58.4919,1.2063,3.0919,3.6373,11.7854,3.7281,150644.5074,150640.9524,58085.0522,5939913.0293,5939772.6585,1
818,002305.SZ,*ST南置,20260825,2.14,1.3187,2.216,1.48,,,14.8257,3.3178,3.4734,,,173421.577,173410.3276,103190.0979,371122.1812,371098.1062,1
819,002306.SZ,ST云网,20260825,2.15,2.826,3.436,1.35,,,32.4923,5.6203,5.1937,,,86976.25,81268.8543,66841.0113,186998.9375,174728.0275,1
820,002307.SZ,北新路桥,20260825,2.97,1.5918,2.4903,1.46,,,1.2017,0.4327,0.451,,,164877.9056,162912.3037,104134.7386,489687.363,483849.531,1
821,002309.SZ,中利集团,20260825,2.96,3.1409,3.1409,0.66,,68.9205,4.494,3.8028,2.9853,,,300766.5385,240613.2308,240613.2308,890268.9584,712215.1608,1
822,002310.SZ,东方新能,20260825,2.35,1.645,2.5097,1.01,,,5.8847,41.1636,38.4302,,,599932.2117,439900.9452,288326.1045,1409840.717,1033767.2325,1
823,002311.SZ,海大集团,20260825,45.0,1.0134,2.2545,2.11,17.406,22.9062,3.1386,0.5799,0.5565,2.9029,2.8758,165563.2413,165403.7596,74344.8237,7450345.8585,7443169.182,4
824,002312.SZ,川发龙蟒,20260825,8.21,0.9118,1.6529,0.82,37.4346,38.6358,1.6027,1.5566,1.4548,1.7189,1.0962,188770.9244,188463.6265,103961.0284,1549809.3353,1547286.4023,4
825,002313.SZ,日海智能,20260825,8.7,4.0203,7.1045,0.76,,,37.8438,1.1826,1.124,,,37440.0,37437.93,21185.0661,325728.0,325709.991,4
826,002314.SZ,南山控股,20260825,2.18,2.353,3.6851,1.62,,,0.8762,0.4519,0.5693,,,270778.2513,133832.4039,85454.015,590296.585,291754.632,1
827,002315.SZ,焦点科技,20260825,25.3,1.6252,1.9497,0.6,20.7196,21.3136,3.6265,5.4525,5.2607,3.4965,3.9526,41240.6629,26291.3267,21915.9213,1043388.951,665170.649,1
828,002316.SZ,亚联发展,20260825,4.59,3.1102,3.3452,1.19,292.6203,431.7397,23.0445,3.0769,3.2042,,,39312.0,34073.5,31679.4194,180442.08,156397.365,1
829,002317.SZ,众生药业,20260825,25.49,5.091,5.9949,1.14,78.5651,108.7133,5.4105,8.5878,9.7438,0.7861,0.7846,84993.0477,76802.2331,65222.1706,2166472.5896,1957688.8427,1
830,002318.SZ,久立特材,20260825,19.58,1.1721,1.8899,1.58,12.6761,17.8068,2.3838,1.5867,1.9449,4.8093,5.0931,97717.072,95402.5099,59168.6263,1913300.2698,1867981.1438,1
831,002319.SZ,乐通股份,20260825,11.07,4.9224,6.967,0.86,,,12.8484,5.7112,5.2309,,,20947.251,20947.251,14800.0041,231886.0575,231886.0575,1
832,002320.SZ,海峡股份,20260825,6.52,0.7316,2.691,1.19,84.1933,80.3597,3.5377,2.8472,2.809,0.6116,0.6135,223579.7987,223579.7987,60779.7926,1457740.296,1457740.296,1
833,002321.SZ,华英农业,20260825,2.07,1.1597,1.9158,0.62,,,4.7891,0.8105,0.7965,,,213289.0071,212386.6109,128568.5966,441508.2507,439640.2827,1
834,002322.SZ,理工能科,20260825,11.89,2.8308,4.1314,0.5,20.2363,19.2893,1.5396,4.0003,3.9547,5.3686,4.9314,36552.797,35138.0929,24076.3543,434612.6731,417791.8901,1
835,002323.SZ,*ST雅博,20260825,1.29,1.3871,1.6736,0.86,,,14.2767,9.3342,10.1205,,,212085.5142,212049.0942,175751.8132,273590.3079,273543.3261,1
836,002324.SZ,普利特,20260825,8.98,2.1693,2.7138,1.15,27.1817,32.6409,2.1298,1.0091,0.9508,0.5492,0.6042,111233.6248,77627.5962,62052.2168,998877.9974,697095.848,1
837,002326.SZ,永太科技,20260825,19.41,2.9808,3.7406,0.57,,374.2069,6.4591,3.4442,3.0714,,,92512.7636,81176.9066,64688.9466,1795672.8657,1575643.8231,4
838,002327.SZ,富安娜,20260825,6.69,0.8059,1.049,1.0,16.5801,16.1728,1.4799,2.1581,2.0959,9.3162,5.7549,83386.7839,49098.3369,37720.5193,557857.6251,328467.8946,0
839,002328.SZ,新朋股份,20260825,7.47,5.3936,6.1022,1.51,40.979,28.101,1.6876,1.5007,1.5978,1.9009,1.9009,77177.0,57068.5896,50442.0896,576512.19,426302.3673,1
840,002329.SZ,皇氏集团,20260825,3.91,14.9815,16.3307,0.76,,,6.5324,1.8362,1.8429,,,83240.3985,65159.2924,59776.2077,325469.964,254772.8239,1
841,002330.SZ,得利斯,20260825,4.12,2.0285,3.4372,0.72,,,1.1385,0.8317,0.8226,,,63531.529,63514.919,37484.5149,261749.9036,261681.4704,1
842,002331.SZ,皖通科技,20260825,6.97,1.7528,2.2584,0.98,,,2.0687,2.2233,2.129,0.4274,,42840.9749,40207.8596,31205.3266,298601.6306,280248.7842,1
843,002332.SZ,仙琚制药,20260825,8.56,1.1092,1.4158,0.89,18.8319,21.1932,1.3929,2.2526,2.3078,4.6729,3.5047,98920.4866,98457.3711,77135.1903,846759.3944,842795.0872,1
844,002333.SZ,罗普斯金,20260825,5.67,7.4666,23.4238,1.75,71.7537,91.1153,1.9781,2.4751,2.6207,0.1764,0.1764,67492.48,66650.2713,21245.4625,382682.3616,377907.0309,1
845,002334.SZ,英威腾,20260825,6.69,2.1995,2.2524,1.47,26.3347,38.312,1.7944,1.2263,1.2121,0.8796,0.898,82005.86,73501.2094,71776.9651,548619.2034,491723.0949,1
846,002335.SZ,科华数据,20260825,30.33,2.1154,2.8073,0.82,54.7414,53.5795,3.5264,2.804,2.7324,0.2253,1.1263,75441.0409,65973.4682,49715.1079,2288126.7432,2000975.3451,1
847,002337.SZ,赛象科技,20260825,4.77,1.463,2.3292,1.41,57.1498,55.8964,2.1045,4.0614,3.8292,0.4403,0.5451,58861.575,58799.6532,36933.5732,280769.6889,280474.3305,1
848,002338.SZ,奥普光电,20260825,42.7,1.3561,2.3141,0.65,127.2643,104.7764,7.0901,12.8158,11.9146,0.1405,0.1639,24000.0,24000.0,14064.5216,1024800.0,1024800.0,4
849,002339.SZ,积成电子,20260825,7.45,4.8525,5.8397,2.67,186.2616,461.1141,2.1502,1.2182,1.1885,0.2685,0.2685,50409.2274,47872.0479,39779.2641,375548.7635,356646.7725,1
850,002340.SZ,格林美,20260825,6.51,1.1301,1.2355,0.82,21.0186,20.8712,1.5223,0.8948,0.8832,1.0131,1.4555,510235.9661,507598.1882,464314.1619,3321636.1647,3304464.2169,4
851,002342.SZ,巨力索具,20260825,7.61,3.6059,4.947,0.78,418.9861,614.6582,2.9931,2.8423,2.6673,,0.0788,96000.0,95469.0,69587.0,730560.0,726519.09,1
852,002343.SZ,慈文传媒,20260825,5.17,2.8027,3.8331,1.02,,,2.5627,6.1553,11.5712,,,47368.0286,47368.0286,34635.2907,244892.7151,244892.7151,1
853,002344.SZ,海宁皮城,20260825,3.91,0.7145,1.5204,1.08,71.0257,104.2177,0.593,4.9133,4.9942,0.9719,1.023,128261.696,128127.0092,60215.0025,501503.247,500976.6091,1
854,002345.SZ,潮宏基,20260825,9.55,2.2358,3.5993,0.69,17.0726,14.8429,2.1092,0.9106,0.8872,3.6649,4.712,88851.2707,86722.9365,53871.5829,848529.6285,828204.077,4
855,002346.SZ,柘中股份,20260825,20.62,2.603,5.9235,0.6,21.4044,15.1957,2.8305,10.7422,10.2225,2.2719,2.304,44157.5416,44157.5416,19404.0265,910528.4748,910528.4748,4
856,002347.SZ,泰尔股份,20260825,6.05,3.469,4.9551,1.36,,,2.7976,2.8005,2.7802,0.3306,,50470.2276,49338.2901,34541.4224,305344.8915,298496.6545,1
857,002348.SZ,高乐股份,20260825,11.21,1.4046,1.9459,0.72,,,29.153,34.5487,31.3196,,,99313.92,90353.2999,65219.2391,1113309.0432,1012860.493,1
858,002349.SZ,精华制药,20260825,7.0,1.7168,2.6167,0.8,26.5312,26.0965,2.0598,3.985,3.9412,1.1196,1.2857,83112.8308,81418.0908,53418.6248,581789.81,569926.63,1
859,002350.SZ,北京科锐,20260825,14.36,1.1104,1.8067,0.66,142.8392,388.0128,4.3472,3.6196,3.4841,0.1971,0.221,54233.1351,53055.1471,32607.1247,778787.82,761871.9124,1
860,002351.SZ,漫步者,20260825,10.15,1.8905,2.4119,1.11,20.9387,20.4139,3.0107,3.2264,3.3272,2.4631,1.9591,88910.7,52744.16,41342.4058,902443.605,535353.224,1
861,002352.SZ,顺丰控股,20260825,32.92,0.3057,0.6276,0.79,15.5915,15.1931,1.7269,0.5624,0.5546,2.7336,2.6712,526530.8078,479911.5259,233719.514,17333394.2652,15798687.5676,4
862,002353.SZ,杰瑞股份,20260825,141.38,1.6532,1.9885,0.58,54.0027,54.9302,6.2167,8.9227,8.5306,0.5938,0.5991,102385.5833,69107.0465,57456.8675,14475274.7142,9770354.729,4
863,002354.SZ,天娱数科,20260825,7.05,8.7524,8.7524,0.82,,,6.7568,5.6162,5.3428,,,165458.582,162699.3779,162699.3779,1166482.989,1147030.629,1
864,002355.SZ,兴民智通,20260825,4.81,3.2605,3.4861,1.05,,,4.0192,3.5277,3.3848,,,66848.1,61816.665,57816.665,321539.4091,297338.1827,1
865,002356.SZ,鹏飞绿能,20260825,2.8,1.4992,1.8878,1.09,95.6452,100.5387,6.1255,6.2988,7.0606,,,131125.4521,131124.7021,104133.0962,367151.26,367149.16,1
866,002357.SZ,富临运业,20260825,11.13,3.0248,4.3151,0.83,20.3632,20.4363,1.9714,4.2745,4.2963,0.8985,0.4492,31348.9036,31347.7786,21974.4565,348913.3683,348900.7914,1
867,002358.SZ,森源电气,20260825,5.42,1.288,1.6406,1.04,57.6359,51.16,1.5027,1.7288,1.7239,0.369,0.369,92975.6977,92975.5702,72997.1487,503928.294,503927.5894,1
868,002360.SZ,ST同德,20260825,5.71,1.1001,1.1001,0.82,,,2.5957,4.8567,5.724,,,40177.4248,30850.0304,30850.0304,229413.0682,176153.6713,0
869,002361.SZ,神剑股份,20260825,10.32,8.3393,9.5791,0.5,738.0465,,4.5327,4.0579,4.0531,0.4845,,95103.4969,84452.2984,73521.8989,981468.12,871547.736,1
870,002362.SZ,汉王科技,20260825,16.0,1.4464,1.826,1.2,,,4.3097,2.0705,2.0448,,,24445.4646,20759.3932,16443.7784,391127.36,332150.24,1
871,002363.SZ,隆基机械,20260825,6.62,1.2859,2.2276,1.23,41.13,41.9186,1.2623,1.3505,1.4083,0.9101,1.2108,41610.0301,41575.8167,23998.6727,275458.3986,275231.9284,1
872,002364.SZ,中恒电气,20260825,38.14,5.6605,9.5669,0.77,170.0846,164.0553,8.5948,10.0571,9.9168,0.2614,0.2614,56356.496,55810.376,33021.5056,2149436.91,2128607.8932,1
873,002365.SZ,永安药业,20260825,15.72,21.1223,23.3882,0.84,205.945,133.895,2.3214,5.915,5.4633,0.6242,0.6242,29468.25,24528.8467,22152.4535,463240.89,385593.522,1
874,002366.SZ,融发核电,20260825,5.67,1.0335,1.4842,0.58,,,2.5415,13.0292,12.2301,,,208093.764,185035.6825,128850.3662,1179891.6419,1049152.3198,1
875,002367.SZ,康力电梯,20260825,5.37,1.5085,2.8619,1.53,12.9744,17.3945,1.1938,0.9632,0.9667,5.5866,2.7933,79774.5456,79484.4231,41897.2925,428389.2798,426831.3354,1
876,002368.SZ,太极股份,20260825,13.48,0.9509,1.4453,0.51,,,2.2592,1.0786,1.431,0.6862,,62323.1286,62157.3946,40896.1782,840115.6576,837881.6172,1
877,002369.SZ,卓翼科技,20260825,5.98,3.4422,3.6449,0.92,,,23.8659,1.9926,2.0851,,,56695.628,56695.628,53542.9316,339039.8674,339039.8674,1
878,002370.SZ,亚太药业,20260825,5.6,2.9916,3.5035,0.54,43.3582,41.1307,3.736,12.9225,13.1245,,,74566.753,74562.253,63667.6964,417573.8,417548.6,1
879,002371.SZ,北方华创,20260825,700.4,1.0373,1.7427,0.93,92.0452,91.1532,12.935,12.9157,12.2564,0.1115,0.1088,72568.92,72510.9848,43161.8061,50827271.568,50786693.7539,4
880,002372.SZ,伟星新材,20260825,8.46,0.6082,1.4902,0.78,18.1818,15.6655,2.8549,2.5025,2.5896,7.0023,5.2518,159203.7988,147010.8109,59999.5878,1346864.148,1243711.4526,1
881,002373.SZ,千方科技,20260825,7.64,1.2487,1.6783,1.05,44.9738,155.0444,1.0564,1.4692,1.4741,,0.6791,158018.8215,137759.4126,102496.8689,1207263.7848,1052481.8924,1
882,002374.SZ,中锐股份,20260825,3.07,1.2498,1.5386,0.98,,,6.2262,5.9795,6.0236,,,108520.9283,108520.9283,88148.8104,333159.2551,333159.2551,1
883,002375.SZ,亚厦股份,20260825,3.68,0.9579,2.0401,0.98,14.9449,14.9933,0.5924,0.5408,0.5498,1.8436,3.3712,133999.6498,132539.3761,62230.8446,493118.712,487744.9184,1
884,002376.SZ,新北洋,20260825,6.78,1.5098,2.1158,0.67,72.9632,60.2384,1.4868,1.9709,1.7826,2.8884,2.8884,81056.2541,78746.4555,56190.2303,549561.4428,533900.9988,1
885,002377.SZ,国创高新,20260825,2.75,2.8248,3.5956,1.24,127.5793,111.4133,6.3391,1.1399,0.9852,,,91632.5201,87242.2671,68539.7523,251989.43,239916.2425,1
886,002378.SZ,章源钨业,20260825,24.95,2.2158,5.1518,0.81,103.2119,34.7362,10.393,5.7623,3.4654,0.2886,0.481,120141.7666,119589.7946,51436.3743,2997536.912,2983765.2605,4
887,002379.SZ,宏桥控股,20260825,17.93,2.9535,3.8346,0.66,13.0796,9.4706,4.0361,1.4909,1.4079,,1.3943,1303111.8202,113637.3753,87527.7148,23364794.9326,2037518.2234,4
888,002380.SZ,科远智慧,20260825,28.02,3.1264,3.9848,0.96,48.4145,40.7168,2.721,3.6023,3.4147,0.1428,0.7138,23999.1649,14220.399,11156.989,672456.7434,398455.608,1
889,002381.SZ,双箭股份,20260825,5.58,1.2296,1.6286,0.93,35.1688,40.5225,1.0636,0.8586,0.8839,3.5842,1.7921,41157.792,32202.65,24313.7727,229660.4682,179690.787,1
890,002382.SZ,蓝帆医疗,20260825,6.0,2.0565,2.6963,1.45,,,0.8479,1.0533,0.9177,,,100759.0726,99779.2227,76100.4874,604554.42,598675.32,1
891,002383.SZ,合众思壮,20260825,7.03,2.8029,4.8612,2.66,,,3.467,3.8007,3.8609,,,74036.0305,74036.0305,42688.047,520473.2909,520473.2909,1
892,002384.SZ,东山精密,20260825,190.84,3.9961,4.5358,0.9,252.1841,97.5029,14.3451,8.7114,6.8582,0.034,,183160.7532,138632.1723,122137.2084,34954397.53,26456563.3228,4
893,002385.SZ,大北农,20260825,3.26,4.323,4.4568,0.64,,,1.8812,0.4792,0.4739,0.9202,0.9202,428037.1965,356561.2571,345858.2613,1395401.272,1162389.7076,1
894,002386.SZ,天原股份,20260825,5.91,1.003,1.496,0.98,87.634,50.2852,1.0052,0.6808,0.6512,,,130164.7073,130140.4537,87250.9205,769273.377,769130.0595,1
895,002387.SZ,维信诺,20260825,7.24,1.4872,2.4819,0.79,,,3.8786,1.2417,1.233,,,139679.6043,139496.3843,83588.3208,1011280.304,1009953.7912,4
896,002388.SZ,新亚制程,20260825,6.45,10.9698,12.3349,1.33,,,3.4062,1.6925,1.6346,,,50653.422,50622.3495,45020.0432,326714.559,326514.1575,1
897,002389.SZ,航天彩虹,20260825,17.69,0.8408,1.3352,0.69,646.8746,109.6421,2.1477,5.9455,5.8297,0.3392,0.3392,98491.6021,98476.1176,62010.4879,1742316.404,1742042.5628,1
898,002390.SZ,信邦制药,20260825,3.1,1.2101,2.1094,0.79,50.0969,47.189,0.8812,1.0723,1.1074,1.8882,2.8324,194385.1868,192779.0659,110593.8133,602594.089,597615.117,1
899,002391.SZ,长青股份,20260825,5.18,1.6045,1.8005,0.91,83.0041,64.4427,0.8053,0.913,0.8928,,3.714,64959.255,46409.8311,41359.1567,336488.915,240402.9194,1
900,002392.SZ,北京利尔,20260825,7.75,1.022,1.3592,0.87,23.0097,22.7863,1.5492,1.3237,1.2857,0.4168,0.4516,119049.0839,115754.6571,87036.2699,922630.4475,897098.615,1
901,002393.SZ,力生制药,20260825,14.18,1.0458,2.199,0.61,10.5015,28.8201,0.9742,3.1405,3.3572,2.0517,5.2886,30829.3069,30021.7443,14278.3622,437159.474,425708.2732,1
902,002394.SZ,联发股份,20260825,10.19,4.7207,7.9323,4.55,10.8615,23.7536,0.7923,0.8207,0.8783,0.9814,4.9068,32370.0,32338.9205,19245.5105,329850.3,329533.5948,1
903,002395.SZ,双象股份,20260825,12.23,1.0767,3.0347,1.09,16.2331,22.0352,2.0454,1.2738,1.2804,1.2265,1.6353,26820.9,26820.9,9516.3715,328019.607,328019.607,1
904,002396.SZ,星网锐捷,20260825,30.84,9.0423,12.307,0.8,57.3678,41.176,3.2423,1.2244,1.117,0.6244,0.6212,76055.4372,75741.5106,55649.7571,2345549.7696,2335868.1684,4
905,002397.SZ,梦洁股份,20260825,3.62,3.4482,4.7932,0.98,56.7852,46.9024,2.1633,1.6119,1.5933,,,74778.1443,64824.8179,46634.3324,270696.903,234665.8484,1
906,002398.SZ,垒知集团,20260825,4.18,2.0836,2.4453,1.22,53.1507,62.3943,0.7674,1.2125,1.2787,1.9138,1.9139,68827.9106,59974.0551,51101.864,287700.7056,250691.5708,1
907,002399.SZ,海普瑞,20260825,10.31,0.7706,3.4525,0.89,43.2859,39.7612,1.242,2.7611,2.7934,2.4248,1.4064,146729.6204,124720.1704,27838.4925,1512782.3822,1285864.9527,1
908,002400.SZ,省广集团,20260825,6.47,2.9654,3.6641,0.68,125.3691,141.7215,2.2506,0.5282,0.5088,0.4482,0.2473,174333.7128,172616.4618,139701.2883,1127939.1037,1116828.4962,1
909,002401.SZ,中远海科,20260825,12.42,1.2056,2.3642,1.48,141.8542,130.6311,2.7788,2.5565,2.6722,1.0467,0.2254,37166.844,37134.953,18936.513,461612.1528,461216.079,1
910,002402.SZ,和而泰,20260825,18.65,2.9591,3.0191,0.76,25.9578,31.3425,2.3786,1.6061,1.5717,0.535,1.0695,92338.9485,81847.8591,80220.5657,1722121.4175,1526462.589,1
911,002403.SZ,爱仕达,20260825,9.53,1.5863,3.4346,1.3,,,2.347,1.2129,1.191,0.1889,,34063.8579,29716.1454,13725.0093,324628.5858,283194.9095,1
912,002404.SZ,嘉欣丝绸,20260825,5.77,2.5921,3.9534,1.21,17.9442,19.0952,1.6564,0.6808,0.6626,5.1993,5.1993,56005.1541,45578.7096,29883.602,323149.7155,262989.1567,1
913,002405.SZ,四维图新,20260825,6.46,1.8098,2.0036,1.24,147.8825,137.2544,1.7374,3.7122,3.6234,,,237013.5814,235575.7938,212791.4629,1531107.7268,1521819.6034,1
914,002406.SZ,远东传动,20260825,6.72,1.6521,1.7107,0.82,31.4121,24.2873,1.2409,3.1277,2.7957,2.2321,4.4643,73022.5082,56217.1311,54294.0511,490711.2672,377779.1136,1
915,002407.SZ,多氟多,20260825,33.88,9.3851,9.932,0.66,189.5429,59.9003,4.6454,4.275,3.3218,0.5747,0.5732,119043.2569,108091.8296,102139.5289,4033185.6488,3662151.2004,4
916,002408.SZ,齐翔腾达,20260825,5.44,2.0919,4.643,1.8,,,1.3849,0.6508,0.5689,0.5469,,284353.8717,275175.1309,123978.7146,1546885.062,1496952.7121,1
917,002409.SZ,雅克科技,20260825,137.19,6.8328,8.1803,0.89,65.2718,64.8557,8.0596,7.582,7.712,0.4228,0.4592,47592.7678,31852.2747,26605.4437,6529250.7444,4369812.9213,4
918,002410.SZ,广联达,20260825,8.61,2.842,3.3858,2.02,35.1092,38.6213,2.4245,2.3438,2.4115,1.7282,2.6499,165194.4342,158809.8784,133300.7974,1422324.1284,1367353.0668,4
919,002412.SZ,汉森制药,20260825,12.33,21.2659,37.0388,3.93,31.3166,26.2707,2.6503,5.973,6.167,,2.4331,50320.0,49784.5,28583.8811,620445.6,613842.885,2
920,002413.SZ,雷科防务,20260825,7.78,3.0458,3.0458,0.78,,,3.1202,7.0464,6.9528,,,131934.0725,129543.0497,129543.0497,1026447.0646,1007844.929,1
921,002414.SZ,高德红外,20260825,13.21,2.2653,4.7588,1.31,82.2166,58.2484,7.6163,12.2144,10.8828,,,427073.6108,339861.2431,161784.2584,5641642.3881,4489566.9804,4
922,002415.SZ,海康威视,20260825,34.75,0.7176,1.8207,1.06,22.4354,19.3796,3.7758,3.4427,3.266,3.1701,3.741,916487.155,904609.371,356514.6606,31847928.4625,31435175.6075,1
923,002416.SZ,爱施德,20260825,9.44,1.0454,2.0492,0.78,31.248,58.7024,2.2164,0.2121,0.1931,5.2966,5.2966,123928.1806,122328.1973,62409.9062,1169882.0192,1154778.208,1
924,002418.SZ,康盛股份,20260825,4.05,8.3206,10.7545,1.37,183.5363,265.0316,3.1607,1.6264,1.6793,,,113640.0,113639.7038,87921.7038,460242.0,460240.785,2
925,002419.SZ,天虹股份,20260825,4.69,0.7235,1.331,0.65,64.3428,66.6891,1.2925,0.4631,0.4669,1.3102,1.4975,114125.6572,114123.9697,62035.4197,535249.3454,535241.4193,1
926,002420.SZ,毅昌科技,20260825,6.0,1.9292,2.6,1.06,12.8925,12.4056,2.9574,0.8298,0.857,,,41129.0,40387.16,29967.27,246774.0,242322.96,1
927,002421.SZ,达实智能,20260825,3.14,8.2609,9.4958,1.11,,,2.4538,3.2887,3.1318,0.1592,,212058.1639,203619.9151,177138.1505,665862.6538,639366.5488,1
928,002422.SZ,科伦药业,20260825,42.57,2.0668,2.4841,0.81,39.7897,43.0952,2.7486,3.658,3.684,1.4776,1.3951,159078.1208,129861.2341,108045.0703,6771955.5684,5528192.5611,1
929,002423.SZ,中粮资本,20260825,9.62,2.6646,7.1594,2.99,19.5676,18.4364,0.9598,110.0425,174.5243,1.6424,1.5385,230410.5575,230410.5575,85756.2135,2216549.5872,2216549.5872,1
930,002424.SZ,ST百灵,20260825,4.58,0.5231,0.6083,0.87,,,2.0093,2.0996,2.5032,,,139759.84,115187.7941,99053.1441,640100.0672,527560.0782,1
931,002425.SZ,凯撒文化,20260825,3.13,3.8509,4.7842,0.98,,,1.2076,5.4497,5.3089,,,95666.5066,92018.5923,74067.93,299436.145,288018.1867,1
932,002426.SZ,胜利精密,20260825,2.67,2.3734,2.5922,1.03,,,5.957,2.5606,2.5059,,,340262.5916,319429.676,292467.1262,908501.142,852877.2456,1
933,002427.SZ,尤夫股份,20260825,4.54,3.332,8.1057,0.98,117.6254,352.0881,4.7262,1.9981,2.0948,,,98543.2777,98451.7986,40471.1292,447386.4912,446971.172,4
934,002428.SZ,云南锗业,20260825,94.23,9.044,11.3061,0.69,3054.875,3229.9992,41.8893,57.7395,55.2133,0.0318,0.0106,65312.0,65303.5625,52237.7225,6154349.76,6153554.4588,4
935,002429.SZ,兆驰股份,20260825,7.94,1.1357,2.425,0.72,27.5791,34.7951,2.1551,2.0185,1.9425,1.3476,1.0957,452694.0607,452433.0393,211880.2366,3594390.842,3592318.332,4
936,002430.SZ,杭氧股份,20260825,23.22,1.0466,2.5939,0.87,23.9421,22.9961,2.256,1.5062,1.4643,1.73,1.7226,97835.9676,97793.7726,39459.3874,2271751.2234,2270771.3394,1
937,002431.SZ,ST棕榈,20260825,1.39,1.0334,1.7162,0.79,,,8.433,1.2417,1.6346,,,180240.4765,180240.4765,108529.363,250534.2672,250534.2672,0
938,002432.SZ,九安医疗,20260825,65.6,4.5803,6.2446,1.02,13.4873,6.9218,1.3211,22.3876,27.017,0.2808,2.2636,46604.057,43727.4474,32072.9955,3057226.336,2868520.72,4
939,002434.SZ,万里扬,20260825,5.91,1.5612,2.7053,1.39,32.3101,37.9845,1.3098,1.4229,1.5388,1.692,0.846,131260.0,131132.03,75675.2906,775746.6,774990.2973,1
940,002436.SZ,兴森科技,20260825,33.31,5.2015,5.4105,0.65,419.5465,261.3605,10.041,7.8692,7.2523,0.0894,0.0899,169967.3563,151792.8556,145931.2893,5661612.7616,5056220.1666,1
941,002437.SZ,誉衡药业,20260825,4.3,37.6362,40.4296,1.21,25.4399,23.2967,4.0153,4.4901,4.5158,,,222986.8126,210015.3851,195504.6451,958843.326,903066.177,1
942,002438.SZ,江苏神通,20260825,13.75,2.1477,2.7759,1.53,24.4514,24.4385,1.8513,3.2775,3.3724,1.2727,1.4545,50753.7461,46888.0667,36277.0212,697864.0625,644710.9625,1
943,002439.SZ,启明星辰,20260825,13.27,1.3266,1.4597,0.61,,,1.4787,6.8769,6.5893,,,121140.0205,72855.8634,66214.3863,1607528.0654,966797.2622,1
944,002440.SZ,闰土股份,20260825,12.09,3.7494,5.6183,1.01,20.3017,16.8748,1.3422,2.3716,2.2154,1.2076,1.6287,112399.9905,94635.9428,63155.5451,1358915.8791,1144148.5146,4
945,002441.SZ,众业达,20260825,7.91,1.1392,1.6766,1.1,22.8692,23.3026,0.9482,0.3989,0.3961,6.3211,6.3211,54454.3609,39855.4129,27080.6044,430733.9876,315256.2931,1
946,002442.SZ,龙星科技,20260825,5.02,2.1044,3.425,1.35,63.8652,127.5039,1.3747,0.5882,0.5918,2.3901,,50337.3686,49151.0767,30199.4081,252693.5974,246738.4216,1
947,002443.SZ,金洲管道,20260825,9.77,5.8464,7.423,1.31,36.9222,30.6988,1.4899,1.1945,1.1846,2.0155,0.2981,52053.552,52053.552,40997.6241,508563.1835,508563.1835,1
948,002444.SZ,巨星科技,20260825,29.48,0.9795,1.6362,1.22,14.0308,13.7316,1.8414,2.401,2.3821,0.848,2.2049,119447.8182,114672.9028,68648.9164,3521321.7336,3380557.092,1
949,002445.SZ,中南文化,20260825,3.71,0.2385,0.3791,0.09,118.087,199.1906,3.8513,7.5567,7.6691,,,237660.7531,236625.4223,148891.6761,881721.3825,877880.3082,3
950,002446.SZ,盛路通信,20260825,8.52,2.2602,2.3214,0.78,112.0123,112.1226,3.0642,6.465,6.5157,,,91541.5724,84777.7296,82540.6153,779934.1764,722306.2596,1
951,002448.SZ,中原内配,20260825,12.59,2.839,3.3962,0.52,18.0974,14.9163,1.8829,1.8888,1.7793,1.0326,1.5886,58840.9646,58050.9508,48526.8849,740807.6864,730861.4605,1
952,002449.SZ,国星光电,20260825,6.61,3.3839,4.3094,0.92,,,1.0921,1.2458,1.3866,0.7564,,61847.7169,61847.7169,48565.7274,408813.4292,408813.4292,1
953,002451.SZ,摩恩电气,20260825,8.13,7.7228,12.503,2.8,338.5591,336.9669,4.6411,2.274,2.4001,0.1226,0.123,44067.0,43914.9,27125.3,358264.71,357028.137,2
954,002452.SZ,长高电气,20260825,11.27,1.3736,1.4579,0.78,20.4043,19.1118,2.5204,4.1988,4.3108,0.976,1.0648,62033.2085,51524.632,48546.1764,699114.2767,580682.5801,1
955,002453.SZ,华软科技,20260825,4.47,2.0515,2.7029,1.07,,,4.8668,9.7627,10.1487,,,81236.7126,60265.0355,45741.676,363128.1384,269384.7288,1
956,002454.SZ,松芝股份,20260825,5.23,1.7216,3.0719,1.39,18.5803,19.9785,1.1479,0.817,0.8093,3.4052,4.7673,87907.368,87735.3836,49169.4703,459755.4928,458856.0374,1
957,002455.SZ,百川股份,20260825,7.71,14.1091,14.6552,3.97,,,1.9911,0.9661,0.9327,0.6401,,72246.25,66081.1973,63618.6223,557018.5875,509486.052,1
958,002456.SZ,欧菲光,20260825,7.16,2.3562,2.5026,0.95,601.2063,,6.6428,1.1301,1.1921,,,349591.5216,331761.5011,312344.1538,2503075.2832,2375412.34,1
959,002457.SZ,青龙管业,20260825,11.02,6.0368,8.2165,1.27,28.3502,28.1266,1.4578,1.4002,1.3906,1.4381,1.4381,33348.68,33348.68,24501.8546,367502.4536,367502.4536,1
960,002458.SZ,益生股份,20260825,8.85,3.6198,4.1962,0.69,76.5691,27.1308,2.7307,4.2903,3.806,3.0064,1.6667,143119.3039,96638.5576,83363.3499,1266605.8935,855251.256,1
961,002459.SZ,晶澳科技,20260825,7.23,0.6846,1.3036,0.78,,,1.1517,0.4871,0.502,,,330971.7712,330677.4846,173646.7274,2392925.8971,2390798.1804,1
962,002460.SZ,赣锋锂业,20260825,53.05,3.7954,4.2518,1.08,68.9591,29.2242,2.3942,4.8189,3.902,0.2828,0.2828,209669.4404,121121.8038,108119.3341,11122963.792,6425511.49,4
963,002461.SZ,珠江啤酒,20260825,8.65,0.1893,1.1932,0.89,21.183,20.6775,1.707,3.2573,3.218,1.9653,2.1965,221332.848,221332.848,35105.8036,1914529.1525,1914529.1525,1
964,002462.SZ,嘉事堂,20260825,12.24,0.8045,1.1251,0.71,32.0572,34.5602,0.8133,0.1829,0.1897,1.3889,,29170.712,29147.0419,20841.3183,357049.4904,356759.7696,1
965,002463.SZ,沪电股份,20260825,114.29,2.1378,3.1271,0.97,57.54,51.1249,13.0993,11.609,10.4128,0.4373,0.4375,192436.3537,192281.0486,131448.8263,21993551.5844,21975801.2045,4
966,002465.SZ,海格通信,20260825,9.99,1.7702,2.4213,0.86,,,2.236,5.6503,5.8745,0.6006,0.5959,248183.3948,247788.7109,181157.4174,2479352.0661,2475409.2129,1
967,002466.SZ,天齐锂业,20260825,47.01,3.725,5.5483,1.14,174.0784,36.0427,1.7374,7.7837,6.2476,,,171310.5208,147586.1414,99086.5105,8053308.0153,6938024.4414,4
968,002467.SZ,二六三,20260825,4.53,1.9756,2.2412,0.71,,,3.9855,7.8151,7.6219,0.2208,,137537.1873,136680.8705,120484.4864,623043.4707,619164.3411,1
969,002468.SZ,申通快递,20260825,13.96,0.7168,1.8128,0.66,15.6141,13.4302,1.8755,0.3844,0.3605,0.471,0.7161,153080.2166,147628.9631,58371.2829,2136999.8237,2060900.3249,4
970,002469.SZ,三维化学,20260825,6.66,5.0568,6.5473,1.24,23.1746,42.5212,1.6884,1.6643,1.8198,6.006,4.5045,64886.263,62898.4911,48579.7248,432142.4916,418903.9434,4
971,002470.SZ,金正大,20260825,1.97,3.6957,5.2723,0.8,187.1193,173.8621,3.0363,0.6528,0.6151,,,328602.7742,328573.5917,230318.8525,647347.4569,647289.9723,1
972,002471.SZ,中超控股,20260825,5.35,2.6128,3.1423,0.52,,,4.0563,1.4137,1.3937,,,136876.0,134405.2538,111757.1508,732286.6,719068.1078,1
973,002472.SZ,双环传动,20260825,35.7,1.4451,1.6897,0.43,24.0543,23.9011,2.9446,3.3302,3.319,1.1276,1.2883,84999.7692,74859.5366,64021.5087,3034491.789,2672485.578,1
974,002474.SZ,榕基软件,20260825,6.23,4.2003,4.4244,0.69,,,2.9391,8.0915,8.328,,,62220.0,52883.2157,50204.6972,387630.6,329462.4606,1
975,002475.SZ,立讯精密,20260825,54.86,1.8246,2.9095,1.26,25.5725,23.8506,4.5604,1.2773,1.1102,0.3599,0.5422,773782.2295,732507.7791,459354.0155,42449693.1104,40185376.7614,1
976,002476.SZ,新叶股份,20260825,5.14,1.521,1.9347,0.55,100.4419,104.6914,3.2644,5.2142,4.4754,0.1946,,61200.0,61200.0,48115.6794,314568.0,314568.0,1
977,002478.SZ,常宝股份,20260825,6.92,6.7966,8.3125,1.95,12.9254,17.2329,1.0465,1.0579,1.0472,3.156,2.8685,90080.4228,72286.9863,59104.4821,623356.5258,500225.9452,2
978,002479.SZ,富春环保,20260825,5.78,2.5691,3.9564,0.77,24.5901,14.804,1.1338,0.9338,0.8217,2.5952,1.7301,86500.0,86307.2844,56043.7486,499970.0,498856.0784,4
979,002480.SZ,新筑股份,20260825,5.34,0.7895,1.1209,0.89,,,5.5141,2.755,2.7497,,,76916.867,76748.7471,54058.2267,410736.0858,409838.325,1
980,002481.SZ,双塔食品,20260825,4.25,1.0166,1.6788,0.71,160.527,458.0102,2.1417,2.4724,2.3865,0.699,0.2284,123369.65,111815.26,67711.2305,524321.0125,475214.855,1
981,002482.SZ,广田集团,20260825,1.29,1.9521,4.1289,1.8,,,11.3924,3.024,2.3778,,,375096.2363,374370.9801,177000.948,483874.1496,482938.5642,1
982,002483.SZ,润邦股份,20260825,5.35,2.2808,3.4052,1.51,13.1556,15.0966,1.0467,0.6926,0.8103,5.6075,2.8037,88646.8413,88525.0799,59294.6919,474260.594,473609.178,4
983,002484.SZ,江海股份,20260825,60.03,4.1136,6.4262,0.63,75.6854,72.9996,7.79,9.3096,8.5935,0.4299,0.4288,85052.3941,82047.0015,52520.3027,5105694.9717,4925281.41,1
984,002485.SZ,ST雪发,20260825,6.05,0.3458,1.4064,0.74,,,3.2426,5.0238,6.3677,,,54400.0,54400.0,13377.7333,329120.0,329120.0,1
985,002486.SZ,嘉麟杰,20260825,2.7,3.43,4.3642,1.19,48.0184,58.0455,2.0683,1.7593,1.7592,,0.4444,82428.31,82043.8,64482.4019,222556.437,221518.26,1
986,002487.SZ,大金重工,20260825,35.16,5.0964,8.4035,1.53,23.5851,22.4836,1.8024,4.215,3.9517,0.4721,0.492,74008.5849,63091.2766,38261.9766,2602141.8451,2218289.2853,4
987,002488.SZ,金固股份,20260825,8.06,2.7068,3.5333,0.88,193.0339,144.4028,2.3045,2.0954,2.0076,0.123,0.1225,99543.9065,92008.3999,70485.3592,802323.9146,741587.704,1
988,002489.SZ,浙江永强,20260825,2.83,1.2693,2.3852,1.02,13.1974,,1.4425,1.0849,1.0391,1.4134,2.1201,216901.6313,191304.2953,101803.9938,613831.6412,541391.169,1
989,002490.SZ,山东墨龙,20260825,8.29,13.7815,24.3894,1.05,1324.1977,1284.1577,13.5529,3.8754,3.196,,,82352.68,54172.2,30610.5,682703.7172,449087.538,1
990,002491.SZ,通鼎互联,20260825,21.4,24.2818,36.697,1.18,,122.0032,9.851,7.7123,6.0532,,,122999.45,117646.8796,77845.0832,2632188.23,2517643.232,1
991,002492.SZ,恒基达鑫,20260825,5.63,2.1584,3.5747,1.5,,,1.4048,6.7638,6.8648,0.3539,,40500.0,39783.4725,24021.0425,228015.0,223980.9361,1
992,002493.SZ,荣盛石化,20260825,13.22,0.4637,1.706,0.71,155.6739,24.6525,2.7713,0.4279,0.4563,0.7248,0.7248,998944.2254,936219.8504,254473.7972,13206042.7206,12376826.417,4
993,002494.SZ,华斯股份,20260825,4.88,4.6237,5.1675,1.89,89.6323,81.3799,1.4783,3.9454,3.7111,,,37731.0718,28677.0438,25659.0344,184127.6216,139943.9552,1
994,002495.SZ,佳隆股份,20260825,2.41,2.9877,3.6481,1.24,115.1953,130.6674,2.0447,9.0925,8.2039,0.3256,0.4032,93562.56,69391.8207,56829.6591,225485.7696,167234.2862,1
995,002496.SZ,辉丰股份,20260825,2.07,2.413,2.6567,1.06,,,2.4011,9.4943,7.1061,,,150758.9677,118129.9484,107294.3636,312071.0679,244528.9965,1
996,002497.SZ,雅化集团,20260825,18.64,4.5781,4.9083,1.26,33.9729,24.1734,1.9473,2.5147,2.1841,0.2129,0.3193,115256.252,105958.7615,98830.778,2148376.5373,1975071.3144,4
997,002498.SZ,汉缆股份,20260825,6.26,1.2364,3.6295,0.65,37.6287,36.4815,2.3631,2.0011,1.8715,0.639,0.639,332679.6,332679.6,113333.1424,2082574.296,2082574.296,1
998,002500.SZ,山西证券,20260825,5.31,0.4266,0.8306,1.07,20.6202,20.4985,1.0165,5.6887,5.6387,1.8832,2.4482,358977.1547,358977.1547,184372.7581,1906168.6665,1906168.6665,1
999,002501.SZ,*ST利源,20260825,1.27,0.5841,0.7543,0.91,,,28.1049,20.1639,19.4529,,,355000.0,354646.9206,274646.9206,450850.0,450401.5884,1
1000,002506.SZ,协鑫集成,20260825,2.74,8.9152,11.7637,1.84,,,17.0257,1.0447,1.1352,,,585031.6427,584443.7402,442926.5257,1602986.6936,1601375.8476,4
1001,002507.SZ,涪陵榨菜,20260825,11.27,0.6966,1.0743,0.8,16.9324,16.928,1.4413,5.3475,5.2596,3.7267,3.7267,115391.9028,114731.3207,74388.1213,1300466.713,1293021.9764,1
1002,002508.SZ,老板电器,20260825,16.56,0.7406,1.5602,0.57,12.4599,12.8002,1.3254,1.5469,1.5644,6.0386,6.0386,94493.8916,93355.1787,44316.1702,1564818.8184,1545961.7808,4
1003,002510.SZ,天汽模,20260825,5.76,2.9793,3.551,1.81,88.7865,97.7263,2.3064,2.4537,2.4195,0.5208,,101513.8708,100484.6946,84306.7754,584719.8912,578791.8144,1
1004,002511.SZ,中顺洁柔,20260825,7.12,0.8551,1.7555,0.95,28.63,23.1582,1.6476,1.0389,1.0295,0.8884,1.4631,128113.8613,126500.3933,61618.7034,912170.6832,900682.7768,1
1005,002512.SZ,ST达华,20260825,3.97,1.6321,2.2607,0.68,,,13.4528,2.3673,2.1712,,,110241.6632,109445.1782,79014.12,437659.4299,434497.3646,4
1006,002513.SZ,蓝丰生化,20260825,5.38,3.6251,4.634,1.59,,,50.4047,0.8628,0.8247,,,37559.3978,29508.1202,23083.6044,202069.572,158753.6856,1
1007,002514.SZ,*ST宝馨,20260825,1.8,8.1122,10.1608,1.43,,,,5.805,5.6808,,,72003.4264,55403.2614,44233.09,129606.174,99725.868,2
1008,002515.SZ,金字火腿,20260825,8.35,13.5633,15.2089,1.44,399.5038,,3.8973,31.8941,33.5576,0.3593,0.1198,121061.4164,110185.1924,98262.7245,1010862.7735,920046.3365,1
1009,002516.SZ,旷达科技,20260825,5.37,0.97,1.8287,1.29,42.8848,40.5242,2.061,3.4707,3.3484,1.4898,1.4898,147083.8682,146049.8682,77467.7158,789840.3819,784287.8019,1
1010,002517.SZ,恺英网络,20260825,16.54,2.1436,2.3943,0.73,18.5629,16.3139,3.4128,6.636,5.7056,0.6046,0.6002,213644.3234,188908.6673,169132.3807,3533677.2182,3124549.4018,4
1011,002518.SZ,科士达,20260825,35.21,2.7803,6.6787,1.38,33.558,32.1078,4.12,3.8898,3.6824,0.6532,1.278,58222.5094,56513.6453,23526.0599,2050014.5771,1989845.6165,1
1012,002519.SZ,银河电子,20260825,5.4,2.353,3.5314,1.06,,,2.738,11.1043,7.7643,,,112643.0898,112344.4309,74855.0919,608272.686,606659.922,1
1013,002520.SZ,日发精机,20260825,6.15,5.9044,7.8587,0.8,,,15.5865,3.9261,4.9068,,,75024.5171,71744.0171,53902.5573,461400.798,441225.723,1
1014,002521.SZ,齐峰新材,20260825,6.76,0.9136,1.0706,0.97,24.4598,22.1083,0.963,1.1283,1.1329,5.9172,3.9941,56006.105,41917.359,35772.0107,378601.3036,283361.3536,1
1015,002522.SZ,浙江众成,20260825,5.39,5.3666,7.157,1.3,83.7972,64.3486,2.0776,3.0368,2.9452,0.4638,0.3711,90577.9387,90520.9756,67876.4909,488215.0966,487908.0822,1
1016,002523.SZ,天桥起重,20260825,3.45,1.7961,2.6424,1.22,40.9355,34.5368,1.9196,2.3589,2.3414,0.4348,0.5797,141664.08,141154.2683,95946.7355,488741.076,486982.2315,1
1017,002524.SZ,光正眼科,20260825,4.04,4.2043,5.633,1.23,,,18.5043,2.352,2.4809,,,51533.1574,50927.8574,38010.9866,208193.9664,205748.5544,1
1018,002526.SZ,山东矿机,20260825,2.72,1.5754,1.9923,1.32,39.5525,159.3928,1.5036,2.2783,2.5274,0.3676,0.3676,178279.3836,177123.4438,140060.1516,484919.9136,481775.7568,1
1019,002527.SZ,新时达,20260825,11.31,1.4094,1.7669,1.09,1361.5818,1223.9775,6.029,2.1215,2.0748,,,66306.1291,52888.8633,42189.4611,749922.3303,598173.0066,1
1020,002528.SZ,*ST英飞,20260825,5.75,4.6906,10.0085,1.88,,,,13.9305,15.3528,,,119867.5082,105021.9577,49219.1551,689238.1825,603876.27,4
1021,002529.SZ,海源复材,20260825,7.08,1.599,1.8657,0.93,,,32.2794,4.7345,5.0876,,,26000.0,26000.0,22282.5,184080.0,184080.0,1
1022,002530.SZ,金财互联,20260825,7.37,3.4136,4.4661,2.41,88.5441,76.0431,4.2374,5.4912,4.8428,,0.3528,77919.8175,70666.1559,54012.389,574269.0734,520809.5992,1
1023,002531.SZ,天顺风能,20260825,6.12,1.3004,2.5364,0.74,,,1.2685,2.0411,2.1482,0.3268,,179687.8658,178678.5299,91605.2922,1099689.7644,1093512.6036,1
1024,002532.SZ,天山铝业,20260825,12.57,1.4371,2.0135,0.75,12.0766,8.4188,1.812,1.9722,1.8363,3.1628,6.6918,462873.7415,410685.7452,293123.1139,5818323.0375,5162319.8775,4
1025,002533.SZ,金杯电工,20260825,11.26,0.5377,0.7149,0.71,13.7756,13.3176,1.8523,0.4067,0.3617,2.2007,3.9613,73394.1062,64614.3983,48601.4399,826417.6786,727558.144,1
1026,002534.SZ,西子洁能,20260825,14.83,1.0103,3.0661,1.02,28.3957,51.9899,2.2649,1.9863,2.0934,1.186,0.6743,83593.5177,82536.5016,27195.9042,1239691.9016,1224016.295,4
1027,002535.SZ,林州重机,20260825,2.57,2.1637,3.3323,1.24,,,3.462,1.8267,2.0682,,,80168.3074,74629.851,48457.7935,206032.5567,191798.7145,1
1028,002536.SZ,飞龙股份,20260825,51.56,13.9166,21.2846,1.57,93.5115,162.6605,8.9003,6.5206,6.4581,0.5818,0.5818,57478.5888,54532.2669,35655.0796,2963596.1004,2811683.8412,1
1029,002537.SZ,海联金汇,20260825,6.27,9.3317,12.4649,4.09,24.502,23.9515,1.6429,1.0691,1.1661,,,117401.6745,117051.2095,87629.2947,736108.5336,733911.0867,1
1030,002538.SZ,ST司特,20260825,7.33,0.7567,1.1216,0.66,37.891,31.9083,1.181,1.3419,1.2628,1.6371,1.6371,85355.5763,85299.6301,57551.5501,625656.4014,625246.2879,1
1031,002539.SZ,云图控股,20260825,12.88,1.9245,2.2517,0.89,18.8077,17.7397,1.6012,0.7269,0.7139,1.5528,1.5528,120772.3762,88979.3625,76050.7388,1555548.1256,1146054.1568,1
1032,002540.SZ,亚太科技,20260825,5.12,0.8666,1.2396,1.1,15.0067,21.4516,1.154,0.765,0.6882,5.8019,3.4995,124757.4062,85820.1358,59995.1826,638757.9392,439399.1168,4
1033,002541.SZ,鸿路钢构,20260825,19.57,1.4414,2.0719,0.68,21.3946,21.0272,1.3701,0.6119,0.6003,1.8325,1.4253,69001.909,49618.0069,34518.2118,1350367.3787,971024.4557,1
1034,002542.SZ,*ST中岩,20260825,1.82,1.8185,3.1119,0.9,,,,3.2668,4.1945,,,180611.6738,175924.0033,102802.196,328713.2394,320181.68,4
1035,002543.SZ,万和电气,20260825,7.33,2.7399,7.8368,0.63,25.2736,46.996,1.1282,0.754,0.7672,3.5371,3.5371,74360.0,66161.8101,23131.1024,545058.8,484966.0673,4
1036,002544.SZ,普天科技,20260825,16.1,1.3688,2.1224,0.76,436.2732,439.2925,2.9411,2.2427,2.2551,0.0516,0.1149,68053.389,68046.8356,43885.8513,1095659.579,1095554.124,1
1037,002545.SZ,东方铁塔,20260825,17.03,1.3208,2.9294,0.82,17.5639,15.1088,2.0739,4.3423,3.9654,1.7616,1.7616,124406.2083,113016.3708,50955.2619,2118637.7563,1924668.7811,4
1038,002546.SZ,新联电子,20260825,7.92,1.3185,2.1353,0.52,11.4225,7.8332,1.5926,9.5995,9.1843,1.5152,1.5152,83404.9096,80122.7371,49473.1453,660566.8872,634572.1008,1
1039,002547.SZ,*ST春兴,20260825,2.53,1.9695,2.6895,0.75,,,,1.2798,1.2812,,,112805.7168,110480.7166,80903.2173,285398.4716,279516.2216,1
1040,002548.SZ,金新农,20260825,4.12,3.2419,4.7095,0.7,,,3.2593,0.7189,0.6974,,,82817.3658,80447.1492,55377.1985,341207.5644,331442.258,1
1041,002549.SZ,凯美特气,20260825,13.36,1.6695,2.9166,0.75,135.5081,268.2525,4.5239,14.8245,14.7027,,0.3743,69534.7901,69235.9526,39632.4517,928984.7944,924992.292,4
1042,002550.SZ,千红制药,20260825,6.59,1.4542,1.6782,0.32,21.1484,28.7286,3.08,5.3675,5.7457,1.7783,2.2442,127980.0,95356.6881,82624.2131,843388.2,628400.5871,1
1043,002551.SZ,尚荣医疗,20260825,3.38,2.2576,2.6509,0.69,,,1.1636,2.6527,2.5631,0.2364,,84549.4578,61118.6723,52050.1888,285777.1748,206581.1046,1
1044,002552.SZ,宝鼎科技,20260825,55.6,10.4582,28.7813,0.96,173.6347,90.5511,13.1695,6.8553,5.5179,0.3597,0.3597,38798.5331,36850.3289,13390.2983,2157198.268,2048878.348,4
1045,002553.SZ,南方精工,20260825,15.52,3.8703,4.531,0.54,15.8704,21.5638,3.4901,6.4215,6.3343,0.6345,0.6443,35340.9639,25620.9639,21884.9607,548491.6992,397637.2992,1
1046,002554.SZ,惠博普,20260825,2.97,2.056,2.9628,1.35,,,2.0744,1.7015,1.6624,,,133372.0072,133347.09,92535.2619,396114.8697,396040.8573,1
1047,002555.SZ,三七互娱,20260825,18.69,1.3322,1.5164,0.74,14.2564,12.8233,2.8522,2.5897,2.6774,5.3201,5.4797,221223.7681,158735.8849,139453.3829,4134672.0744,2966773.5972,1
1048,002556.SZ,辉隆股份,20260825,5.17,1.5245,2.4688,0.83,24.9588,24.7444,1.3328,0.3194,0.3138,4.7538,2.8523,93494.0852,93404.1003,57679.6678,483364.3936,482899.197,1
1049,002557.SZ,洽洽食品,20260825,18.62,1.5051,2.6268,1.32,29.5781,19.8012,1.8793,1.4328,1.2855,6.863,5.271,50585.5256,50426.8856,28894.5213,941902.5686,938948.6918,4
1050,002558.SZ,巨人网络,20260825,26.71,3.7027,6.068,1.28,28.9334,20.4114,3.1113,10.0575,7.6313,1.0799,1.2673,190056.1971,190055.1971,115971.7741,5076401.0245,5076374.3145,1
1051,002559.SZ,亚威股份,20260825,9.2,4.2568,4.6594,1.19,55.8971,73.4981,2.4493,2.5844,2.5945,0.6904,0.6904,64186.3617,51169.5335,46747.8996,590514.5276,470759.7082,4
1052,002560.SZ,通达股份,20260825,6.08,2.9347,3.2282,0.85,27.6959,35.5816,1.6686,0.5589,0.5385,,1.1718,73527.1675,63334.598,57576.426,447045.1936,385074.368,1
1053,002561.SZ,徐家汇,20260825,6.89,2.3144,3.6436,2.44,,,1.3363,7.8439,8.0684,0.8708,,41576.3,41443.9567,26324.9866,286460.707,285548.8844,1
1054,002562.SZ,兄弟科技,20260825,4.99,4.9861,5.7291,1.04,59.9616,52.1164,1.5494,1.5789,1.5497,,2.004,114282.1917,81351.9296,70801.9489,570268.1281,405946.1307,1
1055,002563.SZ,森马服饰,20260825,5.88,0.7979,2.483,0.77,17.751,15.1352,1.382,1.0498,1.0114,8.5034,5.102,269409.016,221349.1963,71126.5838,1584125.0376,1301533.296,1
1056,002564.SZ,天沃科技,20260825,4.42,1.5165,2.1338,1.26,80.8183,,34.7289,1.4916,1.6707,,,85890.4477,85890.4477,61044.5663,379635.789,379635.789,1
1057,002565.SZ,顺灏股份,20260825,8.61,3.2601,4.2814,0.77,154.8449,159.0788,4.914,7.6849,8.3315,0.452,,105998.8922,105995.5172,80711.9518,912650.529,912621.4272,1
1058,002566.SZ,益盛药业,20260825,7.11,5.0932,5.9176,1.29,81.1422,63.482,1.0543,3.6757,3.6155,1.4065,1.1252,33095.16,23210.2602,19976.5469,235306.5876,165024.9486,1
1059,002567.SZ,唐人神,20260825,3.74,2.1639,2.4382,1.38,,,1.2896,0.2213,0.2269,,,143305.1393,143166.6421,127057.4973,535961.2236,535443.2336,1
1060,002568.SZ,百润股份,20260825,17.9,0.9068,1.4,0.72,29.2506,25.6386,3.7347,6.3339,5.9903,1.6698,1.6685,104162.3701,76210.8531,49364.3362,1864506.423,1364174.215,0
1061,002569.SZ,*ST步森,20260825,11.25,0.8449,1.0408,0.7,186.806,278.4998,52.9988,11.5675,9.5891,,,14401.0,14001.0,11366.604,162011.25,157511.25,1
1062,002570.SZ,贝因美,20260825,4.56,1.5498,1.7668,1.08,31.9651,32.7824,3.0232,1.7746,1.8208,,,108004.3333,107999.5333,94736.5862,492499.7448,492477.8568,1
1063,002571.SZ,德力股份,20260825,10.95,1.8634,2.5703,0.92,,,5.3938,2.7096,2.6959,,,39195.07,29830.6188,21625.67,429186.0165,326645.289,1
1064,002572.SZ,索菲亚,20260825,8.19,1.0247,1.4794,0.58,8.7513,9.2711,1.0711,0.842,0.8914,12.21,9.768,96304.7164,65146.362,45120.6637,788735.5749,533548.6884,1
1065,002573.SZ,清新环境,20260825,3.21,0.8025,1.6862,0.76,,,0.8269,0.4986,0.5112,,,141526.7079,141300.3179,67248.263,454300.7391,453574.0272,1
1066,002574.SZ,明牌珠宝,20260825,4.99,7.976,17.3792,4.73,,,0.9695,0.8032,0.8074,,,52800.0,52800.0,24232.0827,263472.0,263472.0,1
1067,002575.SZ,群兴玩具,20260825,5.08,5.1492,5.6212,1.08,,,3.9199,6.6568,6.0413,,,61650.0,58432.55,53525.55,313182.0,296837.354,1
1068,002576.SZ,通达动力,20260825,14.38,1.3149,1.852,0.78,28.8197,29.1056,1.819,1.3485,1.4147,0.5563,0.5507,16510.0,16202.7571,11504.0077,237413.8,232995.6888,1
1069,002577.SZ,雷柏科技,20260825,19.08,1.3436,3.2253,0.63,,,4.5651,11.7149,11.2003,,,28068.8,28067.3,11692.0122,535552.704,535524.084,1
1070,002578.SZ,闽发铝业,20260825,4.01,3.9723,6.7845,0.6,,,2.5186,1.9844,1.8018,,,93863.0183,86116.2561,50421.2037,376390.7102,345326.2026,1
1071,002579.SZ,中京电子,20260825,13.92,9.1724,12.8553,0.74,311.5813,,3.7058,2.7153,2.8457,,,61261.862,58343.8257,41628.7741,852765.2304,812146.1136,1
1072,002580.SZ,圣阳股份,20260825,21.23,24.611,32.0027,1.76,51.8292,51.7569,3.9944,2.8212,2.7039,0.1884,0.1884,45386.8993,45199.7882,34759.9802,963563.887,959591.5417,1
1073,002581.SZ,*ST未名,20260825,5.62,5.2223,6.0361,0.74,,,2.0554,13.4919,13.0857,,,65973.5586,40079.1161,34676.0361,370771.4072,225244.6544,1
1074,002582.SZ,好想你,20260825,10.19,6.4415,7.2449,0.56,5.2676,2.7984,1.0149,3.4359,3.3903,9.5632,5.8023,44770.7891,34417.4578,30600.6057,456214.3501,350713.9174,1
1075,002583.SZ,海能达,20260825,8.37,1.819,2.1466,1.29,,,7.2968,2.5332,2.5322,,,181861.9381,128313.7692,108731.2471,1522184.4378,1073986.2549,1
1076,002584.SZ,西陇科学,20260825,8.14,4.3629,4.696,1.08,,,2.1772,0.6498,0.6412,,,58521.6422,46842.6527,43520.295,476366.1496,381299.171,1
1077,002585.SZ,双星新材,20260825,9.85,5.8401,7.6133,0.76,,,1.3406,2.2007,2.1576,0.3046,0.203,114132.2612,88659.1788,68009.6736,1124202.761,873292.923,1
1078,002586.SZ,ST围海,20260825,4.38,0.8717,1.5172,0.88,18.3332,18.3926,1.573,2.3949,2.6732,,,114422.3714,108751.8003,62484.0799,501169.9806,476332.884,4
1079,002587.SZ,奥拓电子,20260825,5.48,2.2984,2.5398,0.95,328.592,220.5879,2.743,4.7481,4.1797,0.3623,0.9124,65450.4156,53271.2717,48208.1827,358668.2468,291926.5596,1
1080,002588.SZ,史丹利,20260825,7.73,1.5218,2.393,0.56,8.6183,9.1725,1.1419,0.7249,0.6943,3.9457,4.075,115189.198,85863.657,54604.0159,890412.516,663726.0918,1
1081,002589.SZ,瑞康医药,20260825,3.24,11.1242,13.5911,0.87,303.3544,539.2972,0.9184,0.6682,0.6802,0.1218,0.0603,150471.0471,136559.1548,111772.0415,487526.1696,442451.646,1
1082,002590.SZ,万安科技,20260825,9.56,1.0906,2.0349,0.64,23.2441,23.2037,1.6095,1.0004,1.0001,0.6265,0.8877,51905.2477,49495.6865,26527.8165,496214.19,473178.7964,1
1083,002591.SZ,恒大高新,20260825,6.39,7.1132,8.2827,2.02,,,2.9996,5.0799,2.9009,,,30019.9484,22351.2462,19195.2622,191827.4805,142824.4875,1
1084,002592.SZ,ST八菱,20260825,7.05,2.6323,3.6369,0.82,17.1274,16.9921,2.0251,2.8138,2.5099,2.8299,3.5374,28402.6157,26284.0977,19023.5821,200238.471,185302.905,4
1085,002593.SZ,日上集团,20260825,4.48,2.8769,4.0613,1.49,32.7252,23.3665,1.4506,0.9832,0.9613,1.1161,1.1161,80385.8029,56050.4329,39705.0454,360128.384,251105.9264,1
1086,002594.SZ,比亚迪,20260825,91.36,0.7873,1.1174,1.11,25.5356,30.2356,3.5916,1.036,1.0627,1.4499,0.3919,911719.7565,348661.35,245652.5341,83294717.2736,31853700.936,1
1087,002595.SZ,豪迈科技,20260825,47.9,0.2056,0.418,0.6,23.2162,23.2583,4.4332,5.0155,4.8454,0.5749,1.4398,116000.0,115197.862,56667.1172,5556400.0,5517977.494,4
1088,002596.SZ,海南瑞泽,20260825,3.25,2.068,2.8737,1.24,,,7.0172,3.1992,3.3902,,,114758.0518,114652.5268,82510.2626,372963.695,372620.7225,1
1089,002597.SZ,金禾实业,20260825,19.94,0.6277,1.1241,0.87,32.6522,56.3639,1.4333,2.3075,2.2112,4.0069,0.9921,56831.9878,56724.6819,31675.9596,1133229.8806,1131090.1192,1
1090,002598.SZ,ST章鼓,20260825,6.7,0.6537,1.0078,1.15,33.1261,35.1505,1.6692,1.0784,1.1113,1.4925,1.4925,31205.2978,28653.0024,18584.5661,209075.51,191975.1,1
1091,002599.SZ,盛通股份,20260825,5.93,1.8592,2.1896,1.17,425.9616,330.2559,2.5967,1.5732,1.5951,0.3323,0.1662,54061.4787,41337.1086,35100.8781,320584.5764,245129.0623,1
1092,002600.SZ,领益智造,20260825,12.17,0.922,2.1691,0.71,43.1975,46.7432,4.0512,1.9216,1.8796,0.321,0.327,812028.5427,719997.9665,306032.1432,9882387.3318,8762375.2949,1
1093,002601.SZ,龙佰集团,20260825,15.69,0.6211,0.8173,0.71,30.0578,50.1829,1.6375,1.4405,1.435,3.8046,0.6338,238424.8056,198760.2786,151056.203,3740885.2689,3118548.7932,1
1094,002602.SZ,世纪华通,20260825,14.06,1.1553,1.4176,1.14,18.4886,16.4952,3.2088,2.7345,2.5422,,0.4251,737068.2322,679682.7627,553909.0958,10363179.3138,9556339.6056,1
1095,002603.SZ,以岭药业,20260825,16.09,1.1898,2.1749,0.47,20.8955,19.6306,2.3584,3.4328,3.3975,1.8645,4.972,167070.5376,137653.3984,75305.1989,2688164.9886,2214843.206,1
1096,002605.SZ,姚记科技,20260825,17.51,0.9588,1.5337,0.7,15.6522,15.6826,1.8776,2.7191,2.7088,2.8471,2.854,41756.7257,33823.2454,21145.4475,731160.3423,592245.1075,1
1097,002606.SZ,大连电瓷,20260825,13.18,3.575,5.0328,0.79,27.3151,18.0837,2.8253,3.2529,2.8073,0.2329,0.3682,43907.322,42134.2031,29929.8722,578698.4776,555328.756,4
1098,002607.SZ,中公教育,20260825,2.05,2.365,2.4571,1.13,258.5972,224.8748,15.7143,5.652,5.59,,,616739.9389,554344.0212,533571.3404,1264316.877,1136405.241,1
1099,002608.SZ,江苏国信,20260825,7.04,0.2394,1.3621,0.66,7.6759,9.058,0.7113,0.7685,0.7315,1.4205,1.8466,377807.9704,377807.9704,66391.8133,2659768.1088,2659768.1088,1
1100,002609.SZ,捷顺科技,20260825,7.79,1.4137,2.0176,1.12,78.8432,77.2015,2.103,2.8746,2.758,0.8962,1.085,64343.8841,45957.3516,32201.6692,501238.8252,358007.7565,1
1101,002611.SZ,东方精工,20260825,14.67,1.4865,1.7716,0.47,24.6223,4.2782,1.8845,3.4154,3.7512,0.8862,1.6496,121728.5908,100396.24,84236.7874,1785758.4153,1472812.8408,1
1102,002612.SZ,朗姿股份,20260825,14.86,2.9073,3.9936,1.24,6.5794,6.9127,1.9671,1.0953,1.0648,2.6918,8.0754,44244.5375,25445.9227,18524.8277,657473.7158,378126.3712,1
1103,002613.SZ,北玻股份,20260825,3.48,3.1226,4.1072,1.23,122.1366,362.5267,1.735,2.4341,2.5793,0.8621,,110056.8692,77367.1916,58821.064,382997.9076,269237.8212,1
1104,002614.SZ,奥佳华,20260825,5.79,11.0259,12.7614,4.11,294.2224,,0.8368,0.7099,0.6925,1.7264,1.7271,62373.9204,44126.5861,38125.5838,361144.9968,255492.9561,1
1105,002615.SZ,哈尔斯,20260825,6.69,5.5774,7.1238,2.32,53.3474,135.0978,1.5659,1.1565,1.0887,3.0949,,55981.1722,30221.6957,23661.2211,374514.0942,202183.173,1
1106,002616.SZ,长青集团,20260825,4.82,1.3408,1.9879,1.0,14.779,13.8698,1.1128,1.1297,1.1492,2.6876,7.8743,85921.6368,58748.0268,39624.0368,414142.3048,283165.5046,1
1107,002617.SZ,露笑科技,20260825,6.14,2.5901,2.8319,0.61,55.2856,63.404,1.82,3.1923,3.1099,,,190917.3953,187762.1812,171729.8221,1172232.7746,1152859.7852,1
1108,002620.SZ,*ST瑞和,20260825,5.74,5.1989,7.3613,2.39,,,,5.4721,6.3624,,,37749.4,31607.203,22322.5474,216681.556,181425.328,1
1109,002622.SZ,皓宸医疗,20260825,2.63,3.8066,4.9962,1.24,,,8.2605,3.143,3.1798,,,84000.0,83997.525,63997.525,220920.0263,220913.5039,1
1110,002623.SZ,亚玛顿,20260825,15.78,1.2968,2.6013,0.86,,,1.1132,1.4962,1.6514,3.1686,2.5349,19306.2513,19263.6138,9603.5088,304652.625,303979.7658,1
1111,002624.SZ,完美世界,20260825,10.97,1.5932,2.165,0.8,29.1184,194.8567,3.2681,3.1956,3.7208,2.0554,3.0082,193996.8404,182773.3041,134502.2225,2128145.3348,2005023.101,1
1112,002625.SZ,光启技术,20260825,28.38,0.7796,1.083,0.96,89.013,85.8114,6.254,29.8903,27.8485,,0.123,215458.7862,215457.2262,155107.2201,6114720.3524,6114676.0796,1
1113,002626.SZ,金达威,20260825,16.79,1.161,2.4913,0.7,30.1283,36.0876,2.3259,3.043,3.0556,2.3824,2.3755,60993.6032,60986.1032,28422.0707,1024082.544,1023956.619,1
1114,002627.SZ,三峡旅游,20260825,6.88,7.5148,11.4425,6.47,75.9486,60.799,1.5544,6.4144,6.0321,1.4199,0.71,70567.9478,69815.8144,45851.315,485507.4272,480332.7728,1
1115,002628.SZ,成都路桥,20260825,4.8,1.5197,1.914,0.55,,,1.3085,4.0442,4.2055,,,75710.0415,75533.6959,59970.9481,363408.24,362561.76,1
1116,002629.SZ,仁智股份,20260825,4.89,2.728,2.8903,1.1,221.8317,250.9621,33.04,7.0931,7.119,,,42609.8,36225.399,34190.7237,208361.922,177142.206,1
1117,002630.SZ,*ST华西,20260825,1.63,0.6629,0.6848,0.74,,,,1.148,1.7074,,,118080.0,107691.3815,104239.7887,192470.4,175536.9494,1
1118,002631.SZ,德尔未来,20260825,8.81,3.6469,7.7147,0.79,,,3.4719,6.0235,6.2775,,,79728.2881,79357.2352,37513.5082,702406.2349,699137.2844,1
1119,002632.SZ,道明光学,20260825,8.49,2.1566,4.6606,0.78,23.9251,27.1309,2.4461,3.5555,3.8023,3.0624,3.5336,62459.909,57451.3511,26583.7298,530284.6359,487761.9615,1
1120,002633.SZ,申科股份,20260825,14.7,1.0748,2.2275,1.07,427.3273,189.1191,6.2163,7.0622,6.7162,,,15000.0,14956.4063,7216.7376,220500.0,219859.227,1
1121,002634.SZ,*ST棒杰,20260825,4.24,0.828,1.0933,0.97,,,,3.4285,3.4824,,,45935.2513,44223.5213,33490.5233,194765.46,187507.7248,4
1122,002635.SZ,安洁科技,20260825,15.64,4.8929,6.2881,0.95,92.7727,89.7994,1.7672,2.1726,2.1415,1.2788,0.9591,65968.6776,39553.3109,30777.3305,1031750.1552,618613.7684,1
1123,002636.SZ,金安国纪,20260825,64.06,7.5621,22.199,1.34,155.065,97.3146,12.2275,10.4092,9.7544,0.1327,0.1951,72800.0,72431.5417,24674.0021,4663568.0,4639964.4524,1
1124,002637.SZ,赞宇科技,20260825,11.16,4.6657,7.1573,0.65,28.7848,23.3856,1.4218,0.3997,0.4098,1.0524,1.0318,47040.1,46477.089,30297.619,524967.516,518684.3244,4
1125,002638.SZ,勤上股份,20260825,4.36,4.0928,5.9405,1.0,,,3.3135,16.2261,17.9028,,,143659.4349,135268.0009,93194.1881,626355.1362,589768.4839,1
1126,002639.SZ,雪人集团,20260825,11.82,3.6077,3.8334,1.19,252.1744,582.1272,3.54,3.6483,3.3017,,,77942.5428,66010.5056,62124.2049,921280.8559,780244.1762,1
1127,002640.SZ,跨境通,20260825,3.32,8.269,8.989,1.9,,,8.0323,0.9513,0.945,,,155804.133,154826.2005,142425.2005,517269.7116,514022.984,1
1128,002641.SZ,公元股份,20260825,3.98,0.7235,1.8415,1.15,78.2798,70.9733,0.8995,0.7921,0.7655,1.2443,0.4977,122909.3871,113399.4653,44552.9775,489179.3722,451329.8906,1
1129,002642.SZ,荣联科技,20260825,7.26,1.9713,2.4963,1.23,239.9645,240.811,4.0422,2.4638,2.3912,,,66158.0313,66158.0313,52243.3661,480307.2978,480307.2978,1
1130,002643.SZ,万润股份,20260825,13.02,1.8357,3.554,0.8,41.9186,48.9241,1.6796,3.2086,3.1135,0.7798,0.9601,91590.0025,90221.497,46600.5783,1192501.9302,1174683.93,1
1131,002644.SZ,佛慈制药,20260825,8.51,2.601,6.9229,0.92,88.3142,73.8548,2.3338,4.7466,4.6905,0.141,0.235,51065.7,51065.7,19185.9464,434569.107,434569.107,1
1132,002645.SZ,华宏科技,20260825,18.85,4.6588,7.4229,0.9,69.4847,30.3773,3.2722,1.8119,1.3821,,0.4421,75312.0432,68021.3487,42691.7432,1419631.954,1282202.4475,4
1133,002646.SZ,天佑德酒,20260825,6.94,0.935,1.6063,0.91,769.1306,,1.1468,3.0018,3.0725,0.1604,0.0725,47633.8974,47600.1249,27707.8209,330579.1966,330344.8328,1
1134,002647.SZ,仁东控股,20260825,11.28,4.6319,5.74,1.16,35.4584,,20.4862,15.4951,15.2143,,,113029.1657,101529.1657,81928.3988,1274969.0376,1145249.0376,4
1135,002648.SZ,卫星化学,20260825,26.56,1.0674,2.1533,0.66,16.8474,10.1746,2.3516,1.9422,1.678,1.8758,1.8792,336864.569,336648.2485,166886.0266,8947122.9792,8941377.52,4
1136,002649.SZ,博彦科技,20260825,9.81,4.2999,4.2999,1.34,55.7132,131.6529,1.3944,0.8688,0.8839,1.7252,1.3252,59143.4532,53636.5066,53636.5066,580197.3426,526174.1631,1
1137,002650.SZ,ST加加,20260825,6.29,0.3275,0.5841,1.16,,,4.0008,5.7253,5.6577,,,110708.3824,110704.6324,62078.7124,696355.7102,696332.1227,1
1138,002651.SZ,利君股份,20260825,8.33,6.4549,12.2877,1.03,153.6031,209.1588,3.071,11.8153,11.5039,0.7203,0.7203,103346.0,56546.3641,29704.505,860872.18,471031.1788,4
1139,002652.SZ,扬子新材,20260825,4.1,3.1112,4.4443,1.16,,,8.9408,6.4022,6.0531,,,51206.4,51206.4,35846.4,209946.24,209946.24,1
1140,002653.SZ,海思科,20260825,64.32,0.7771,1.2125,0.68,282.6961,95.6022,15.1478,16.7242,14.5031,0.4121,0.4075,114089.248,53678.6133,34403.7558,7338219.9168,3452608.1952,1
1141,002654.SZ,万润科技,20260825,13.56,7.8726,10.3445,0.95,356.9037,401.0288,7.3288,2.0614,2.0452,,0.1327,84530.2544,84524.2544,64326.429,1146230.19,1146148.83,4
1142,002655.SZ,共达电声,20260825,37.49,11.6672,14.0684,1.01,184.1931,304.4042,15.6208,9.4916,9.0851,0.079,0.08,36459.9,36327.21,30127.0685,1366881.651,1361907.1029,1
1143,002656.SZ,摩登大道,20260825,3.0,1.832,2.2837,1.24,,,5.181,3.5421,3.3457,,,71251.9844,68663.8368,55080.5172,213755.97,205991.52,1
1144,002657.SZ,中科金财,20260825,15.76,4.4008,4.8076,1.84,,,3.3519,6.248,5.9556,,,33931.392,33612.744,30768.7389,534758.7064,529736.7824,1
1145,002658.SZ,雪迪龙,20260825,7.4,2.2614,3.0409,0.61,31.1696,30.3292,1.7496,3.3664,3.4423,3.3186,2.7027,63576.0924,35856.1499,26664.6499,470463.066,265335.51,1
1146,002659.SZ,凯文教育,20260825,4.57,2.3102,3.3004,1.14,,,1.2743,7.8871,7.7545,,,59828.0384,59827.7572,41879.3478,273414.1428,273412.8632,1
1147,002660.SZ,茂硕电源,20260825,7.57,1.4542,2.6321,0.94,,,2.7108,2.2034,2.239,1.321,,35662.6019,34635.2168,19135.7014,269965.9577,262188.6154,1
1148,002661.SZ,克明食品,20260825,8.14,1.0741,1.8179,0.6,28.5669,65.2005,1.152,0.609,0.6011,3.4566,3.4566,32384.6342,30841.7401,18221.7414,263610.8882,251051.7636,1
1149,002662.SZ,峰璟股份,20260825,3.28,0.5949,1.0262,0.84,19.7711,21.6953,1.1009,1.6901,1.6988,2.1951,1.5244,150000.0,149998.11,86961.3328,492000.0,491993.8008,1
1150,002663.SZ,普邦股份,20260825,1.72,2.3054,3.6711,1.7,,,1.5347,1.5987,1.6716,,,172334.8902,170711.618,107204.1578,296416.0108,293623.9864,1
1151,002664.SZ,信质集团,20260825,15.3,1.0109,2.0548,0.72,46.7209,46.5887,1.7529,1.0235,0.982,,0.3922,40820.0,40294.7338,19824.345,624546.0,616509.369,1
1152,002666.SZ,德联集团,20260825,4.22,5.127,6.6786,2.59,72.8779,78.5188,0.9336,0.5847,0.5946,2.142,2.142,78799.9301,50079.3826,38444.2316,332535.7046,211334.9836,1
1153,002667.SZ,*ST威领,20260825,20.63,13.9853,17.7498,1.68,,,,16.7882,10.6021,,,26059.15,23661.1,18642.9007,537600.2645,488128.493,1
1154,002668.SZ,TCL智家,20260825,9.9,1.6948,3.4025,0.42,9.5539,10.7709,2.8036,0.5792,0.5652,,2.0585,108411.1428,108411.1428,54000.6196,1073270.286,1073270.286,1
1155,002669.SZ,康达新材,20260825,11.59,3.5627,5.0093,0.91,28.0326,34.1584,1.2847,0.6715,0.612,,0.8269,30340.0,30271.78,21529.6179,351640.6,350849.9302,1
1156,002670.SZ,国盛证券,20260825,10.85,0.9186,2.5704,0.99,76.9188,75.1687,1.8217,11.7473,11.682,,,193508.4653,162335.0634,58015.9661,2099566.791,1761335.401,1
1157,002671.SZ,龙泉股份,20260825,4.0,1.8012,3.0384,1.22,47.3218,40.988,1.3697,1.5387,1.5133,,,56159.0846,55139.6073,32687.4011,224636.36,220558.44,1
1158,002672.SZ,东江环保,20260825,3.73,0.7747,1.5993,1.15,,,1.8501,1.1925,1.2256,,,110525.5802,90511.8302,43846.2783,412260.4134,337609.1259,1
1159,002673.SZ,西部证券,20260825,6.57,0.5067,0.9568,1.13,16.7451,16.808,0.962,4.9068,4.7419,1.824,1.824,446958.1705,446958.1705,236671.4325,2936515.1769,2936515.1769,1
1160,002674.SZ,兴业科技,20260825,26.2,4.1127,8.3207,0.57,76.3589,68.6178,3.1767,2.5931,2.5487,0.5725,,29555.0944,29256.3652,14460.6602,774343.62,766516.894,4
1161,002675.SZ,东诚药业,20260825,12.96,0.745,0.9344,0.49,54.6277,53.2431,2.4298,3.8987,4.0081,0.2315,0.6173,82459.5705,74338.3994,59266.9525,1068676.0272,963425.664,1
1162,002676.SZ,顺威股份,20260825,5.17,2.1497,3.4788,0.72,46.6917,44.9397,2.7665,1.2831,1.3024,0.1934,0.1934,72000.0,71997.6459,44489.4056,372240.0,372227.8505,1
1163,002677.SZ,浙江美大,20260825,6.94,1.2444,2.6154,1.29,388.4485,673.3798,3.0436,9.8728,10.452,4.3228,0.2305,64605.1647,55150.985,26241.335,448359.8798,382747.8706,1
1164,002678.SZ,珠江钢琴,20260825,4.82,0.8152,4.9227,0.45,,,2.2113,11.4929,11.0162,,,135832.0323,135757.4448,22480.9325,654710.3846,654350.8608,1
1165,002679.SZ,福建金森,20260825,9.59,2.3377,6.4274,1.25,244.9355,150.1282,3.0311,15.2029,15.7068,0.3816,0.3024,23575.6,23575.6,8574.8126,226090.004,226090.004,1
1166,002681.SZ,奋达科技,20260825,4.45,1.859,1.989,0.97,,,3.7476,2.9451,3.1779,,,179465.2232,156926.4818,146675.1548,798620.229,698322.836,1
1167,002682.SZ,龙洲股份,20260825,4.73,7.5204,10.6077,0.8,,,5.0481,1.1125,1.2521,,,56236.8594,56236.8594,39869.5779,266000.3478,266000.3478,1
1168,002683.SZ,广东宏大,20260825,29.2,1.0756,1.5127,0.88,23.1812,22.7935,3.1327,1.0893,1.039,2.2077,2.2074,75988.5063,66672.5371,47406.6686,2218864.492,1946838.168,4
1169,002685.SZ,华东重机,20260825,5.52,2.8162,3.2087,0.9,83.3642,54.1945,3.3565,6.9157,4.6452,,,100769.0641,100758.9316,88433.9697,556245.2112,556189.2936,1
1170,002686.SZ,亿利达,20260825,6.82,7.3277,12.7869,1.67,126.6334,205.4973,2.3935,2.3664,2.5137,0.1464,0.2901,56623.9133,52272.8858,29955.8277,386175.0887,356501.0812,2
1171,002687.SZ,乔治白,20260825,6.45,7.777,10.9141,1.24,38.1173,39.4632,2.1366,2.5836,2.5906,,1.2651,50477.9491,41361.6563,29472.9484,325582.7775,266782.707,4
1172,002688.SZ,金河生物,20260825,5.27,1.0737,1.5195,0.67,147.1616,104.687,1.7747,1.409,1.3541,1.7043,1.7124,76950.4398,74704.1117,52784.5547,405528.8188,393913.3172,1
1173,002689.SZ,ST远智,20260825,2.87,0.3211,0.6589,0.51,29.7482,28.9071,2.4027,2.1772,2.0496,,1.7422,104331.0725,104291.1524,50823.7754,299430.1709,299315.6005,1
1174,002690.SZ,美亚光电,20260825,15.31,0.6219,0.9009,0.53,18.7826,18.5884,4.4637,5.6118,5.5891,4.5723,4.5722,88222.89,43374.7015,29938.129,1350692.4459,664066.657,1
1175,002691.SZ,*ST冀凯,20260825,4.32,0.6216,1.7309,0.89,,,1.8727,4.8799,5.1658,,,34000.0,33598.0305,12065.205,146880.0,145143.4896,1
1176,002692.SZ,远程股份,20260825,4.26,1.5119,2.12,0.76,1725.0391,,2.7664,0.6885,0.72,0.4695,0.4695,71814.6,71786.1675,51195.5635,305930.196,305809.0842,1
1177,002693.SZ,双成药业,20260825,9.23,5.1308,10.0731,0.69,200.9953,74.8489,8.9832,13.8299,12.3551,,,41468.975,41098.1596,20933.7944,382758.6854,379336.0168,1
1178,002694.SZ,*ST顾地,20260825,2.34,0.9363,1.5609,3.62,,,,2.005,1.9404,,,76308.48,71879.7525,43116.5233,178561.8432,168198.615,2
1179,002695.SZ,煌上煌,20260825,11.03,3.0397,7.6297,1.73,75.6432,67.8744,2.2075,3.6655,3.2058,0.997,0.9066,55958.5801,51145.3584,20376.793,617223.1374,564133.3208,4
1180,002696.SZ,百洋股份,20260825,6.31,5.1483,9.2986,0.71,53.6955,129.3855,1.6041,0.538,0.5163,,0.7924,34575.4232,33425.8918,18506.5937,218170.9002,210917.3659,1
1181,002697.SZ,红旗连锁,20260825,4.6,1.6806,2.5197,0.98,13.017,13.3742,1.2742,0.6547,0.6639,2.5,2.3261,136000.0,114809.2375,76577.4825,625600.0,528122.504,1
1182,002698.SZ,博实股份,20260825,12.35,0.979,1.1784,0.5,22.4009,25.6624,2.9888,4.4654,4.67,2.0243,2.0243,102256.1575,84413.8325,70124.7252,1262863.576,1042510.8005,4
1183,002700.SZ,万憬能源,20260825,6.39,1.4942,2.8643,0.82,32.5157,33.7373,1.8601,3.8228,3.933,1.0329,0.3912,41362.8185,40936.4099,21354.6262,264308.4198,261583.6599,1
1184,002701.SZ,奥瑞金,20260825,4.79,0.8933,1.3443,1.22,12.1797,14.2699,1.1965,0.5105,0.478,2.5052,2.5052,255976.0469,255735.7434,169929.9468,1226125.2316,1224974.1946,1
1185,002702.SZ,海欣食品,20260825,4.9,3.8525,5.0502,0.76,,,2.6948,1.7887,1.6368,,,55576.0,45874.375,34994.83,272322.449,224784.462,1
1186,002703.SZ,浙江世宝,20260825,15.87,12.8892,23.7596,1.65,72.3211,68.2802,5.9942,3.6786,3.4856,0.3781,,82263.2384,58604.8074,31792.0425,1305517.6188,930058.3347,2
1187,002705.SZ,新宝股份,20260825,11.28,0.7028,2.1054,1.15,9.1637,15.4425,1.0905,0.5656,0.5793,5.2775,3.9542,81187.578,80810.34,26976.7439,915795.9024,911540.6352,1
1188,002706.SZ,良信股份,20260825,9.78,3.4405,3.7191,0.53,41.4163,63.5742,2.6036,2.4493,2.3424,2.1724,2.0007,112312.502,91498.959,84644.9579,1098416.25,894859.8288,1
1189,002707.SZ,众信旅游,20260825,5.39,3.4593,4.4419,1.48,750.3974,,5.8837,0.7764,0.7652,,,98271.5033,86498.7902,67363.5435,529683.385,466228.4781,1
1190,002708.SZ,光洋股份,20260825,11.84,3.277,4.6911,0.8,65.9078,61.8559,3.7624,2.45,2.3701,,,56209.7967,51665.6551,36091.5485,665524.032,611721.4144,1
1191,002709.SZ,天赐材料,20260825,36.4,3.6887,4.1715,0.95,54.4847,18.7622,3.6583,4.4567,3.0498,0.2568,0.9572,203856.1744,150901.1019,133434.3996,7420364.588,5492800.04,4
1192,002712.SZ,思美传媒,20260825,4.84,2.6823,4.3135,1.37,,,1.9042,0.3432,0.327,,,54427.6198,54090.0273,33635.5884,263429.6808,261795.7452,1
1193,002713.SZ,东易日盛,20260825,9.96,2.9917,4.0163,1.07,260.0064,247.3215,10.9114,13.7066,14.8943,,,95140.5184,52650.0831,39218.4109,947599.5792,524394.7968,2
1194,002714.SZ,牧原股份,20260825,39.93,1.6318,2.2379,1.12,14.8846,,2.9117,1.5992,1.8138,3.7066,3.349,577299.6144,328049.932,239205.2459,23051573.4273,13099033.7049,1
1195,002715.SZ,登云股份,20260825,14.39,2.5215,3.8471,1.04,,,4.2673,3.7882,3.7016,0.2224,,13800.0,13800.0,9044.9575,198582.0,198582.0,1
1196,002716.SZ,湖南白银,20260825,10.77,20.4301,23.6186,1.52,89.3768,68.1519,7.4783,2.4432,1.8277,,,282308.8646,232247.5674,200894.4726,3040466.5299,2501306.3289,4
1197,002717.SZ,*ST岭南,20260825,0.99,3.4942,3.7154,1.58,,,,16.077,21.4041,,,182023.3558,171855.3966,161626.3391,180203.1264,170136.846,1
1198,002718.SZ,友邦吊顶,20260825,84.52,1.186,3.3229,1.14,884.4396,8317.3722,11.9111,21.9689,24.5171,,,12944.7829,9621.5283,3434.0268,1094092.8056,813211.7156,4
1199,002719.SZ,ST麦趣,20260825,6.15,1.4973,1.8586,0.82,,,9.8201,1.782,1.8448,,,17413.9457,16187.2295,13040.9665,107095.7925,99551.4645,1
1200,002721.SZ,金一文化,20260825,2.8,5.9128,8.4578,1.03,258.7094,89.1233,3.46,8.4869,7.7884,,,265937.8615,265937.8615,185915.208,744626.008,744626.008,4
1201,002722.SZ,物产金轮,20260825,12.98,1.2958,2.1307,0.84,18.9742,16.3136,0.9667,1.1975,1.136,1.6406,1.6126,22237.201,22235.701,13523.2387,288638.856,288619.386,1
1202,002723.SZ,小崧股份,20260825,7.63,2.8807,3.19,1.02,,,3.4561,2.5239,2.9489,,,33234.9876,31704.9833,28631.1971,253582.8974,241908.9974,1
1203,002724.SZ,海洋王,20260825,6.71,7.5552,18.6838,0.84,47.0338,107.4351,1.9076,3.0066,3.0906,0.7413,1.4903,77149.7994,56647.8289,22906.7338,517675.158,380106.9393,1
1204,002725.SZ,跃岭股份,20260825,11.4,1.6551,2.7618,0.8,200.3391,1318.6605,2.9899,4.3685,4.504,,0.1572,25600.0,24896.3432,14920.4312,291840.0,283818.3125,1
1205,002726.SZ,ST龙大,20260825,2.85,10.1225,12.4842,1.0,,,7.4236,0.3872,0.4071,,,136113.4605,136031.5605,110297.9046,387923.3624,387689.9474,4
1206,002727.SZ,一心堂,20260825,11.77,2.0522,2.6283,0.96,26.1644,24.6895,0.9215,0.3976,0.4054,4.1648,3.3319,58560.4125,39291.5408,30679.4831,689256.0257,462461.4258,1
1207,002728.SZ,特一药业,20260825,8.92,3.0767,5.1028,0.87,56.0626,61.2358,2.5729,4.9525,5.5385,0.5448,1.6732,51330.9812,50130.8912,30226.1535,457872.3416,447167.5388,1
1208,002729.SZ,好利科技,20260825,13.91,2.0321,2.7835,1.04,52.7535,62.8268,4.4917,5.9882,6.0477,0.4026,0.2013,18296.992,17546.1067,12809.4597,254511.27,244066.3901,1
1209,002730.SZ,电光科技,20260825,21.38,1.8137,3.6337,0.91,115.4143,113.345,4.6923,6.6212,6.7686,0.608,0.4677,36207.988,34602.988,17271.918,774126.8262,739811.9262,1
1210,002731.SZ,*ST萃华,20260825,1.15,26.5108,29.3771,1.45,1.3594,1.0757,0.1575,0.0664,0.0655,7.8261,,25615.6,22965.64,20724.916,29457.94,26410.486,5
1211,002732.SZ,燕塘乳业,20260825,14.02,0.7083,1.6857,0.77,38.2828,45.0433,1.4621,1.3914,1.3926,1.0699,0.428,15735.0,15656.6171,6578.2571,220604.7,219505.8124,1
1212,002733.SZ,雄韬股份,20260825,18.54,2.2892,3.6534,0.85,89.3688,89.1911,2.621,2.0481,1.9784,0.5304,0.5304,38421.4913,36886.2759,23112.2674,712334.61,683871.6312,4
1213,002734.SZ,利民股份,20260825,14.91,2.9066,3.4941,0.86,14.7881,14.6319,1.7624,1.5672,1.5633,1.4695,2.9914,47583.9624,43582.1544,36253.2191,709476.8794,649809.9221,1
1214,002735.SZ,王子新材,20260825,11.52,5.0514,5.3151,1.05,,,2.7662,2.0036,1.9943,0.1149,,37525.4353,28505.9341,27091.9091,432292.9536,328388.3136,1
1215,002736.SZ,国信证券,20260825,9.88,0.1273,0.4581,0.76,9.1385,9.3274,1.0089,4.1912,4.2322,3.3248,4.5547,1024174.306,961242.9377,267090.1487,10118842.1828,9497080.2472,1
1216,002737.SZ,葵花药业,20260825,13.25,0.7771,1.7943,0.74,,,1.9597,3.3383,3.0972,3.7736,1.5094,58400.0,58399.97,25293.6056,773800.0,773799.6025,1
1217,002738.SZ,中矿资源,20260825,50.35,4.7293,5.4778,1.5,80.2477,24.8176,2.824,5.6109,5.2932,0.9823,0.9823,72938.4877,71101.5264,61386.5264,3672452.9715,3579962.0355,4
1218,002739.SZ,儒意电影,20260825,8.31,1.8259,2.6152,0.49,34.1404,,2.304,1.3876,1.6047,,,211177.8708,209991.2448,146612.8086,1754888.0997,1745027.2044,1
1219,002741.SZ,光华科技,20260825,24.97,4.9614,7.1743,0.56,112.6117,82.4461,5.8972,3.9473,2.9774,,0.3974,46860.231,43002.6595,29738.6675,1170099.9431,1073776.4202,4
1220,002742.SZ,冀衡医药,20260825,4.68,9.2262,12.2829,1.05,,,21.5971,3.5579,4.8938,,,68410.2041,52392.1123,39353.8939,320159.736,245195.0748,2
1221,002743.SZ,富煌钢构,20260825,4.64,6.2405,9.353,0.71,,,0.8704,1.0539,1.8241,,,43526.8478,43457.0978,28995.4664,201964.584,201640.944,1
1222,002745.SZ,木林森,20260825,11.2,3.2235,3.7168,0.69,,,1.4015,0.9532,0.9097,0.4464,,148416.6399,106408.9004,92286.9781,1662266.368,1191779.68,4
1223,002746.SZ,仙坛股份,20260825,6.4,3.053,4.7071,1.1,22.6626,19.2072,1.1936,0.9541,0.8844,5.4688,4.6875,86053.8727,70967.6227,46028.8634,550744.768,454192.768,1
1224,002747.SZ,埃斯顿,20260825,31.68,6.1612,9.6455,0.62,681.7513,153.5946,9.3544,6.2725,6.2356,,,96779.8453,78243.5153,49979.1236,3065985.648,2478754.7136,1
1225,002748.SZ,世龙实业,20260825,12.25,3.6348,7.8243,2.05,51.0362,25.1229,1.9965,1.4667,1.3637,0.4082,0.6122,24000.0,24000.0,11149.19,294000.0,294000.0,1
1226,002749.SZ,国光股份,20260825,8.68,0.5126,1.2144,0.45,15.471,18.2126,2.5443,2.348,2.3648,12.5784,4.8276,55647.1548,54431.6897,22977.3769,483017.3488,472467.0692,1
1227,002752.SZ,昇兴股份,20260825,5.99,1.1653,3.2286,1.47,19.052,15.9978,1.5886,0.8157,0.7861,1.6694,1.6694,97691.8468,97552.6819,35210.9946,585174.1216,584340.5532,1
1228,002753.SZ,永东股份,20260825,6.93,3.0434,3.5795,1.5,76.2953,280.0394,1.1192,0.7713,0.7503,1.8703,0.6556,42867.9527,29578.8903,25149.2027,297074.8935,204981.7077,1
1229,002755.SZ,奥赛康,20260825,12.18,1.3545,4.4747,0.65,47.7808,42.4459,3.4248,6.3546,6.4517,0.9852,0.9852,92816.0351,92815.0451,28095.6521,1130499.3672,1130487.309,1
1230,002756.SZ,永兴材料,20260825,44.64,4.8247,5.4967,1.64,36.3822,19.7333,1.788,3.242,2.7308,1.757,1.5412,53910.154,39373.4452,34559.69,2406549.5424,1757630.808,4
1231,002757.SZ,南兴股份,20260825,16.02,2.72,4.3468,0.72,39.4381,39.3625,2.2992,1.3873,1.3916,2.1848,2.1848,29545.5913,28205.3221,17649.6704,473320.3518,451849.2264,1
1232,002758.SZ,浙农股份,20260825,8.08,1.3478,2.4224,0.65,7.6882,7.7498,0.8067,0.089,0.084,3.6464,3.8936,51880.2499,51824.7801,28833.736,419192.4192,418744.2232,1
1233,002759.SZ,ST天际,20260825,17.57,4.7267,5.7233,0.79,107.1933,24.4416,2.5061,2.9728,2.1228,,,50138.2605,50104.7496,41379.8966,880929.2282,880340.4575,4
1234,002760.SZ,凤形股份,20260825,17.75,3.0502,3.9759,1.19,95.0271,92.7179,2.2864,3.0274,2.8575,,,10798.8706,10798.8706,8284.5849,191679.9425,191679.9425,1
1235,002761.SZ,浙江建投,20260825,7.2,0.9156,1.6099,0.99,44.4638,32.1339,1.1227,0.1176,0.1235,0.567,0.6944,132487.1898,108178.9109,61522.6757,953907.768,778888.152,1
1236,002762.SZ,金发拉比,20260825,9.47,2.743,5.8673,0.99,,,5.1458,8.682,8.2532,0.528,0.528,35402.5,35402.5,16550.9003,335261.675,335261.675,4
1237,002763.SZ,汇洁股份,20260825,7.52,1.4818,2.7371,0.72,56.2354,42.324,1.9193,1.027,1.0414,5.984,14.6277,40992.4,30365.6388,16439.0038,308262.848,228349.6128,1
1238,002765.SZ,蓝黛科技,20260825,7.01,0.9513,1.2584,0.78,24.7369,30.1366,1.7177,1.1865,1.2107,0.7133,0.7133,65212.809,59586.014,45048.167,457141.7981,417697.9301,1
1239,002766.SZ,索菱股份,20260825,4.16,4.7579,9.1011,1.29,,,3.4367,4.863,7.2407,,,85984.5824,85817.9809,44864.1586,357695.8628,357002.8005,1
1240,002767.SZ,先锋电子,20260825,18.06,1.2206,2.6337,0.62,97.4887,96.5309,3.1112,3.8081,3.5123,0.2436,0.1717,15000.0,13028.3871,6038.244,270900.0,235292.7234,1
1241,002768.SZ,国恩股份,20260825,61.53,3.6758,5.5968,0.92,31.932,27.2217,3.8953,1.2641,1.2092,0.3075,0.5491,43660.0,25225.8267,16567.8267,2686399.8,1552145.3199,1
1242,002769.SZ,普路通,20260825,7.05,1.768,2.3549,1.12,80.2506,168.2166,2.2216,11.6929,-29.4908,,0.2228,37331.8054,37301.023,28004.4625,263189.19,262972.191,1
1243,002771.SZ,真视通,20260825,12.37,3.4976,3.7031,1.5,,,4.3819,7.0082,7.3538,0.0825,,20976.41,17451.4655,16482.819,259478.1917,215874.6839,1
1244,002772.SZ,众兴菌业,20260825,10.74,4.1705,6.728,0.75,12.0154,8.8109,1.13,1.918,1.7684,2.7933,4.1899,37474.2533,37163.6627,23036.8256,402473.445,399137.7084,1
1245,002773.SZ,康弘药业,20260825,20.45,0.6491,1.4376,0.42,16.2009,17.6014,1.9613,4.1092,4.2503,2.9333,3.423,92132.6354,68677.3309,31007.6172,1884112.2835,1404451.3985,4
1246,002774.SZ,快意电梯,20260825,16.5,4.3936,10.9168,0.78,77.4932,100.5889,4.9053,3.8077,3.8485,2.1818,1.8182,33668.79,28177.1935,11340.1142,555535.035,464923.635,1
1247,002775.SZ,文科股份,20260825,3.68,2.4174,4.3706,1.15,,,,5.1985,4.6366,,,64532.4123,58081.8123,32125.819,237479.2688,213741.0608,1
1248,002777.SZ,久远银海,20260825,12.77,1.6076,2.6209,1.07,67.8192,70.6921,3.1138,4.2312,4.2396,1.1746,0.7831,40823.1038,40451.1491,24811.8891,521310.987,516561.1855,1
1249,002778.SZ,中晟高科,20260825,15.87,1.6261,2.3141,1.17,26.8514,135.8969,6.1695,10.2012,10.0124,,,12475.33,12342.874,8673.25,197983.4871,195881.3469,1
1250,002779.SZ,中坚科技,20260825,75.3,1.457,2.5823,0.75,80.6371,87.5138,14.7942,13.6656,11.9259,0.1043,0.2297,18480.0,16580.8335,9355.5,1391544.0,1248536.499,1
1251,002780.SZ,三夫户外,20260825,13.4,2.9372,3.1836,1.06,41.5332,31.0601,2.6999,2.3188,2.1609,,0.3731,16536.1713,13065.1759,12053.914,221584.812,175073.412,1
1252,002782.SZ,可立克,20260825,15.21,1.2883,3.0763,0.64,25.168,34.1685,3.4393,1.3631,1.329,0.9711,1.3153,49581.4013,48991.62,20515.9005,754133.094,745162.5402,1
1253,002783.SZ,凯龙股份,20260825,7.95,1.9482,2.4553,0.89,27.8728,35.2658,1.4795,1.1201,1.129,1.258,1.2579,49931.7447,46111.6586,36588.5768,396957.4125,366587.697,1
1254,002785.SZ,万里石,20260825,34.14,2.5572,3.0967,0.98,,,9.7285,6.9829,7.1686,,,22661.9695,19349.5023,15978.6662,773679.6558,660591.93,4
1255,002786.SZ,银宝山新,20260825,8.06,1.845,2.9247,1.22,,,20.0491,1.7345,1.7093,,,49561.2,49411.2,31169.84,399463.272,398254.272,1
1256,002787.SZ,华源控股,20260825,21.31,4.4033,5.5367,0.69,62.4219,50.5749,3.8868,3.0647,3.0282,0.4693,,33239.8723,24808.3238,19729.9512,708341.6297,528665.2992,1
1257,002788.SZ,鹭燕医药,20260825,11.26,5.7432,9.3508,1.52,15.5748,16.241,1.3203,0.2059,0.2041,3.1083,3.1083,38851.6736,38185.1941,23453.3347,437469.8042,429965.2394,1
1258,002789.SZ,*ST建艺,20260825,10.23,1.735,3.6431,1.46,,,10.7389,0.4545,0.4914,,,15962.3514,15647.3049,7451.9545,163294.8405,160071.879,1
1259,002790.SZ,瑞尔特,20260825,6.02,1.7394,3.1838,1.02,137.4134,,1.2279,1.3995,1.5368,3.3223,0.2492,41787.23,26069.75,14242.55,251559.1246,156939.895,1
1260,002791.SZ,坚朗五金,20260825,14.88,1.0158,1.4133,0.57,,,0.9851,0.9499,0.9684,1.3273,,35388.5013,21770.4542,15647.2957,526580.88,323944.296,1
1261,002792.SZ,通宇通讯,20260825,31.15,7.4033,9.0371,0.65,396.7613,958.8603,5.7848,14.6963,14.3222,0.0799,0.0803,52383.603,33782.4482,27675.2122,1631749.14,1052323.3175,1
1262,002793.SZ,罗欣药业,20260825,4.83,4.1981,6.7698,1.07,,,4.6641,2.3106,2.2414,,,108758.8486,108592.7594,67341.3883,525305.2455,524503.0308,1
1263,002795.SZ,永和智控,20260825,7.12,2.7138,3.7722,0.89,,,7.1384,4.5863,5.0654,,,44168.7427,43397.8347,31221.5243,314481.4288,308992.5496,1
1264,002796.SZ,世嘉科技,20260825,29.5,2.6462,3.8521,0.68,,,8.9516,7.8809,7.9057,,,25236.6948,22770.3703,15642.1981,744482.355,671725.915,1
1265,002797.SZ,第一创业,20260825,6.37,0.6946,0.7809,0.84,31.8148,29.0771,1.5144,7.2625,6.9129,1.1617,1.2873,420240.0,420240.0,373771.36,2676928.8,2676928.8,1
1266,002798.SZ,帝欧水华,20260825,5.74,1.445,1.9487,1.05,,,1.7215,1.4695,1.6276,,,58751.4713,51674.9176,38316.604,337233.4378,296614.0408,1
1267,002799.SZ,环球印务,20260825,6.93,2.2043,4.1246,1.68,,,1.734,2.7454,3.1405,,,32004.0,32003.58,17104.006,221787.72,221784.8094,1
1268,002800.SZ,天顺股份,20260825,14.37,5.6524,10.8683,1.55,,,4.5141,1.9246,1.8936,0.2088,,15225.3067,14637.28,7612.65,218787.7047,210337.7136,1
1269,002801.SZ,微光股份,20260825,26.81,0.4822,0.8191,0.48,16.8938,15.8146,3.0541,4.174,3.9762,1.8484,1.8484,22963.2,11580.27,6817.2,615643.392,310467.0387,1
1270,002802.SZ,洪汇新材,20260825,12.13,2.3896,4.2761,0.84,53.3622,45.2795,3.3749,5.5888,5.2435,0.8118,0.807,18124.589,14968.2457,8364.6395,219851.2767,181564.8725,1
1271,002803.SZ,吉宏股份,20260825,18.58,1.9992,2.2218,0.61,30.7338,26.8875,3.0672,1.2658,1.1778,1.7924,1.891,45791.6788,29756.4176,26775.2694,850809.4144,552874.2836,1
1272,002805.SZ,丰元股份,20260825,18.73,6.8745,9.8699,1.41,,,5.6094,2.2546,1.5695,,,28006.2508,27881.5318,19419.8691,524557.0625,522221.0569,4
1273,002806.SZ,华锋股份,20260825,14.44,3.2861,3.5013,1.03,,,2.7504,2.5839,2.6633,,,21247.9189,17410.5085,16340.4905,306819.9648,251407.7644,1
1274,002807.SZ,江阴银行,20260825,4.03,1.412,1.4984,0.77,5.324,5.2731,0.5376,2.6453,2.6152,6.7674,4.9628,270753.2067,270350.6366,254750.4922,1091135.4363,1089513.0792,4
1275,002809.SZ,红墙股份,20260825,8.59,3.9948,4.9574,0.87,,,1.2489,2.6843,2.5408,3.0758,1.1641,24026.0213,16997.0284,13696.5902,206383.5118,146004.4877,1
1276,002810.SZ,山东赫达,20260825,21.45,1.8524,2.9309,0.9,52.6776,30.9014,3.2818,3.9045,3.4481,1.1635,1.3901,34800.8913,32303.5266,20417.3064,746479.1184,692910.6456,4
1277,002811.SZ,郑中设计,20260825,13.12,4.8677,10.0864,0.69,26.2585,24.1321,2.698,2.9299,2.4593,3.3402,2.598,30797.0005,28306.3289,13660.6809,404056.64,371379.0496,4
1278,002812.SZ,恩捷股份,20260825,53.79,2.6115,3.8034,1.04,370.2963,49.9867,2.0262,3.8719,3.1912,,,98131.8518,82261.0868,56482.8616,5278512.7494,4424824.0311,4
1279,002813.SZ,路畅科技,20260825,20.98,1.8378,5.3868,1.66,,,12.4192,6.7387,7.3256,,,12000.0,11989.2056,4090.3616,251760.0,251533.6258,1
1280,002815.SZ,崇达技术,20260825,13.44,3.6735,4.5067,0.5,51.1986,68.7821,1.865,2.1988,2.1083,0.7822,0.9673,123415.1324,77714.2014,63346.3634,1658699.3472,1044478.848,1
1281,002816.SZ,*ST和科,20260825,24.06,1.247,1.4845,0.87,135.9173,163.609,10.7383,8.9993,7.7458,,,10000.0,10000.0,8400.0,240600.0,240600.0,4
1282,002817.SZ,黄山胶囊,20260825,6.71,2.0418,3.4079,1.18,30.8828,33.6899,2.06,4.3589,4.9298,1.4605,1.2817,29909.817,29036.1795,17397.073,200694.8922,194832.7678,1
1283,002818.SZ,富森美,20260825,10.97,1.4144,2.8428,1.24,14.7808,10.3277,1.3738,6.8469,7.2827,9.4804,6.1076,74845.894,29833.4886,14843.1824,821059.523,327273.3853,4
1284,002819.SZ,东方中科,20260825,21.07,1.5862,3.1344,0.54,,,1.6103,1.9558,1.951,0.1133,0.1133,29961.01,23774.1486,12030.8416,631278.4807,500921.311,4
1285,002820.SZ,桂发祥,20260825,9.76,15.3533,23.2588,1.17,,,2.3566,4.1608,4.2468,1.4946,1.4959,20086.8295,20086.8295,13259.4981,196047.4608,196047.4608,1
1286,002821.SZ,凯莱英,20260825,172.23,5.3689,8.5819,1.03,54.8461,59.9839,3.5016,9.3127,8.7628,0.6363,0.7525,36066.347,31704.3858,19834.3515,6211707.4605,5460447.0897,2
1287,002822.SZ,ST中装,20260825,3.14,0.3725,0.4941,0.61,,,5.6636,7.9808,8.4866,,,195000.0,106894.6493,80595.6625,612300.0,335649.201,1
1288,002823.SZ,凯中精密,20260825,13.08,2.1025,2.3996,0.91,18.3378,18.0874,2.032,1.4628,1.4932,2.5679,3.2682,32749.827,22303.9713,19541.7355,428367.7764,291735.9276,1
1289,002824.SZ,和胜股份,20260825,25.27,9.0593,12.3655,1.35,50.7741,39.392,3.3495,1.9604,1.6569,0.6034,0.6727,31117.2838,22617.613,16570.2651,786333.6656,571547.0047,1
1290,002825.SZ,纳尔股份,20260825,9.02,1.5527,2.395,1.12,21.8847,43.0238,1.9611,1.557,1.3982,1.3107,1.3193,34194.0627,25780.9758,16714.1988,308430.5114,232544.4396,1
1291,002826.SZ,易明医药,20260825,17.5,2.0327,2.6656,0.74,36.0427,35.7131,3.9818,5.2444,4.978,0.5612,0.8544,19067.775,18472.9311,14087.3428,333685.975,323276.275,1
1292,002827.SZ,高争民爆,20260825,53.2,3.3959,8.0096,0.56,74.4346,91.3974,13.8254,8.0651,8.2447,0.4125,0.3947,27704.6,27599.8875,11701.7881,1473884.72,1468314.148,4
1293,002828.SZ,贝肯能源,20260825,12.25,6.4686,7.3214,0.85,111.3798,,4.0814,2.5173,2.9752,0.4082,,20098.76,20098.76,17757.6918,246209.81,246209.81,4
1294,002829.SZ,星网宇达,20260825,19.48,3.5961,4.1155,0.78,,225.8156,2.3968,10.7121,12.5429,,,20780.9394,15067.3758,13165.8275,404812.7112,293512.5624,1
1295,002830.SZ,名雕股份,20260825,14.0,3.0938,4.6971,0.94,60.7614,60.13,3.8072,3.6897,3.6893,1.2621,1.0097,18589.6,9283.45,6114.62,260254.4,129968.3,1
1296,002831.SZ,裕同科技,20260825,25.13,0.9821,1.4092,0.95,20.332,20.2723,2.6248,1.8782,1.8679,2.8884,3.4728,128833.1029,71422.1967,49776.5764,3237576.0543,1794839.886,4
1297,002832.SZ,比音勒芬,20260825,24.03,1.5821,1.9616,0.55,24.9034,22.649,2.394,3.179,3.014,2.164,2.9963,57070.7084,38941.8284,31407.8634,1371409.1613,935772.1749,4
1298,002833.SZ,弘亚数控,20260825,18.0,1.0007,1.3959,0.84,17.9367,17.4112,2.5851,3.1798,3.0207,3.845,4.9436,42906.9659,29306.6608,21010.7506,772325.46,527519.88,1
1299,002835.SZ,同为股份,20260825,12.67,1.5553,2.0457,0.78,19.9564,24.1725,2.1788,2.4959,2.474,2.5161,2.2016,21949.3931,12728.7124,9677.3978,278098.7713,161272.7557,1
1300,002836.SZ,新宏泽,20260825,10.14,0.8234,2.0995,0.66,55.3202,54.5775,5.8817,5.3686,5.0903,2.3873,1.9296,23040.0,23040.0,9036.252,233625.6,233625.6,1
1301,002837.SZ,英维克,20260825,60.23,8.5133,12.852,2.56,147.3835,156.6499,21.4592,12.6771,11.8135,0.1937,0.2166,127713.1637,113324.0093,75066.6218,7692163.6268,6825505.1223,2
1302,002838.SZ,道恩股份,20260825,23.72,1.753,3.6129,0.6,60.0709,43.0309,3.0196,1.8738,1.7496,0.5318,0.5009,47839.8402,42063.1724,20409.832,1134761.0048,997738.3924,4
1303,002839.SZ,张家港行,20260825,4.37,0.9786,1.2369,0.82,5.3976,5.3595,0.5588,2.2503,2.2785,6.865,5.0343,244434.4974,244202.0057,193216.677,1068178.765,1067162.7837,4
1304,002840.SZ,华统股份,20260825,8.26,2.1568,3.7334,0.76,,,1.8424,0.8208,0.8432,,,80216.6393,79662.7559,46021.0843,662589.4464,658014.3976,1
1305,002841.SZ,视源股份,20260825,46.91,1.3347,1.9194,1.3,32.3637,29.8607,2.4146,1.3468,1.2836,1.4377,1.5223,69918.6545,52134.5446,36252.3046,3279883.8715,2445631.2714,4
1306,002842.SZ,翔鹭钨业,20260825,37.41,10.605,12.7902,0.78,85.1717,31.7158,8.3843,5.0817,3.9796,,0.3689,32717.2422,26846.2359,22259.5587,1223952.3225,1004317.8384,4
1307,002843.SZ,泰嘉股份,20260825,16.07,4.3938,6.9358,1.01,,,3.0014,2.648,2.5206,0.6223,,25173.7562,25043.2862,15864.8583,404542.3232,402445.6703,1
1308,002845.SZ,同兴达,20260825,13.22,3.1872,4.236,0.96,103.6877,53.2977,1.7189,0.4343,0.4221,0.2924,0.3026,32755.1705,25023.4601,18828.3303,433023.3474,330810.1412,1
1309,002846.SZ,英联股份,20260825,10.67,1.8767,2.7058,1.0,126.9769,105.5233,3.1272,1.9817,1.7973,,0.2334,41999.3636,27139.1801,18822.7996,448133.1712,289575.0506,1
1310,002847.SZ,盐津铺子,20260825,45.3,1.4181,3.5074,0.71,16.3539,15.2806,5.8275,2.1241,2.0774,3.1199,3.0987,27018.7439,24387.0918,9860.0829,1223949.0987,1104735.2585,1
1311,002848.SZ,高斯贝尔,20260825,13.23,1.896,2.4977,0.55,,,31.4881,6.0666,3.709,,,16715.0,16542.0861,12556.9831,221139.45,218851.8507,1
1312,002849.SZ,威星智能,20260825,18.84,3.5184,4.3689,0.78,77.0474,79.461,3.0187,2.5145,2.4201,0.2123,0.2123,22063.4016,21884.6584,17624.5691,415674.456,412306.9944,1
1313,002850.SZ,科达利,20260825,177.18,1.6939,1.9288,0.77,28.7593,26.1821,3.3555,3.3348,2.8539,1.0782,1.3697,28633.2177,20966.0887,18412.0041,5073233.9196,3714771.8262,4
1314,002851.SZ,麦格米特,20260825,121.32,4.1152,4.6938,0.66,486.9456,463.3211,7.9119,7.5481,7.1877,0.0386,0.0247,58501.0344,49168.9122,43107.8197,7097344.9596,5965172.1612,1
1315,002852.SZ,道道全,20260825,8.06,3.7571,5.4338,0.62,11.8698,39.9188,1.258,0.4476,0.4424,3.7717,3.6725,34396.8305,28581.8746,19762.2887,277238.4498,230369.8722,1
1316,002853.SZ,皮阿诺,20260825,22.79,8.3787,12.3678,4.32,,,4.6862,7.3564,7.9694,,,18291.5948,12870.4815,8719.2168,416865.3361,293318.2392,1
1317,002855.SZ,捷荣技术,20260825,11.0,1.9348,5.3152,1.76,,,13.0865,1.6203,1.6862,,,24641.9682,24622.7232,8962.7232,271061.67,270849.92,2
1318,002856.SZ,*ST美芝,20260825,15.49,3.8431,5.988,1.06,,,,5.945,6.0572,,,13531.2808,12390.4443,7952.1355,209599.5272,191927.9156,2
1319,002857.SZ,三晖电气,20260825,19.89,2.7701,4.0447,0.85,,,5.7601,7.1672,8.1175,0.0736,,13063.4,12858.515,8806.5503,259831.2249,255755.9628,1
1320,002858.SZ,力盛体育,20260825,11.86,2.4027,2.8089,1.36,,,4.2453,4.453,4.4843,,,18667.8458,14741.2413,12609.7113,221400.5824,174831.1064,1
1321,002859.SZ,洁美科技,20260825,63.66,3.019,6.1113,0.68,131.3744,111.4617,7.5601,13.7491,12.5201,0.3245,0.3261,45364.1963,42831.52,21159.0407,2887884.972,2726654.5632,4
1322,002860.SZ,星帅尔,20260825,15.52,4.2878,6.8006,0.77,27.3908,30.6838,2.3196,2.5365,2.5825,0.6511,0.6443,35214.5116,34394.4218,21685.9277,546529.1952,533801.3984,4
1323,002861.SZ,瀛通通讯,20260825,15.64,2.9342,3.4218,0.88,,,2.8204,3.4566,3.2907,0.6394,,18628.3962,15016.815,12876.9999,291348.176,234863.0648,1
1324,002862.SZ,实丰文化,20260825,13.76,1.6097,1.9555,0.86,,,8.0094,5.5907,5.3187,0.1544,,16949.0,12857.7488,10583.8359,233218.24,176922.64,1
1325,002863.SZ,今飞凯达,20260825,4.78,2.7384,4.1344,0.49,47.8051,44.6467,1.0141,0.5313,0.4886,0.3556,0.2092,59948.3554,59948.3554,39705.9006,286553.1608,286553.1608,1
1326,002864.SZ,盘龙药业,20260825,22.38,4.9168,5.6192,1.32,31.7759,35.2498,1.7906,2.6816,2.7483,1.3847,1.2055,13670.0928,9859.6727,8627.1125,305936.6142,220659.4146,1
1327,002865.SZ,钧达股份,20260825,40.18,3.2151,4.4998,0.64,,,3.3082,1.6397,1.7505,,,31126.6052,22882.1452,16349.3824,1250667.1898,919404.787,1
1328,002866.SZ,传艺科技,20260825,14.97,3.2809,4.1438,0.75,50.4905,66.4316,2.0662,2.0199,1.9889,,0.4008,28952.2256,18376.8894,14549.9273,433414.8831,275102.0433,1
1329,002867.SZ,周大生,20260825,12.37,0.7195,1.9845,1.09,12.171,11.7318,1.9819,1.5232,1.6585,7.2757,7.2757,108547.3893,107909.6804,39124.4912,1342731.2143,1334842.7416,1
1330,002868.SZ,绿康生化,20260825,22.07,1.0509,1.4236,0.67,,,48.3437,6.6399,7.2913,,,15541.5837,10743.3221,7930.7896,343002.6706,237105.0724,1
1331,002869.SZ,金溢科技,20260825,16.28,1.3316,1.7152,1.01,,,1.4385,6.2032,6.4876,1.2052,,17691.4991,15845.5279,12301.8241,288017.62,257965.2284,1
1332,002870.SZ,香山股份,20260825,47.08,1.8791,3.2781,0.48,75.7585,116.3322,4.3952,1.1926,1.2448,0.1836,0.2305,15275.8347,12973.2594,7436.5994,719186.5472,610781.0808,4
1333,002871.SZ,伟隆股份,20260825,16.81,2.0473,2.5334,1.18,31.5512,32.2522,3.6138,6.3201,6.1166,2.0693,2.3704,25185.3845,14926.6623,12062.7623,423366.2378,250917.1546,1
1334,002872.SZ,ST天圣,20260825,5.38,0.9254,0.9325,0.75,,,0.8878,3.3279,3.3227,,,31800.0,21491.8134,21328.9334,171084.0,115625.9378,1
1335,002873.SZ,新天药业,20260825,8.78,4.2695,5.7424,0.98,235.2233,254.5649,1.7013,2.8587,2.9153,1.0979,0.3328,24410.3806,23969.0548,17820.9982,214323.1364,210448.259,1
1336,002875.SZ,安奈儿,20260825,13.12,1.9206,2.4772,1.19,,,4.5114,5.1323,4.9676,,,21241.062,21241.062,16468.446,278682.7072,278682.7072,1
1337,002876.SZ,三利谱,20260825,28.94,1.8247,1.9314,0.58,106.8711,99.1157,2.0804,1.3645,1.316,0.5172,0.3758,17388.4932,14894.1618,14071.7095,503222.9006,431036.9904,4
1338,002877.SZ,智能自控,20260825,7.53,2.3787,2.7581,1.54,115.2932,112.1311,2.2084,2.5708,2.5389,0.2656,0.332,35584.3695,24051.4652,20742.8626,267950.3061,181107.5691,1
1339,002878.SZ,元隆雅图,20260825,12.51,2.0062,3.4879,1.13,,,2.5932,1.0896,1.1787,,,26199.1727,23593.1322,13570.7799,327751.6167,295150.0563,1
1340,002879.SZ,长缆科技,20260825,16.44,7.4103,8.4677,1.03,23.7334,26.256,1.7145,2.2041,2.1952,1.1655,2.9745,19310.764,13713.9021,12001.4312,317468.9602,225456.5505,1
1341,002880.SZ,卫光生物,20260825,22.55,1.54,5.5999,1.2,20.7629,27.938,2.1209,4.0377,4.2704,0.8869,0.8869,22680.0,22680.0,6237.0,511434.0,511434.0,2
1342,002881.SZ,美格智能,20260825,39.8,3.4019,4.7467,0.8,84.2377,84.0313,4.4101,3.2084,3.269,0.3256,0.2513,30207.12,18302.096,13116.833,1202243.376,728423.58,4
1343,002882.SZ,金龙羽,20260825,22.18,9.2141,19.8005,2.72,89.7404,122.0553,4.5488,2.0646,2.025,1.3526,0.4509,43290.0,24699.0038,11493.6296,960172.2,547823.82,4
1344,002883.SZ,*ST中设,20260825,9.3,0.5414,0.8468,0.75,,,3.1626,3.9291,3.8385,0.2151,,15615.7166,15398.3978,9845.6372,145226.196,143205.12,1
1345,002884.SZ,凌霄泵业,20260825,15.73,1.5492,2.2541,2.37,12.368,12.986,2.4778,3.267,3.1164,6.3573,6.3573,35768.2509,27265.7626,18740.1712,562634.5725,428890.4048,4
1346,002885.SZ,京泉华,20260825,28.45,5.6403,7.9129,0.81,91.526,79.6221,4.9959,2.3028,2.2699,0.0769,0.123,27091.6968,23725.5825,16911.7465,770758.5805,674992.751,1
1347,002886.SZ,沃特股份,20260825,21.26,13.622,18.3207,2.06,86.8937,76.2204,3.0197,2.7272,2.526,0.1976,0.3528,26320.3565,20907.8164,15545.5312,559570.8536,444500.2532,1
1348,002887.SZ,绿茵生态,20260825,9.46,2.6377,5.1773,0.85,23.8397,27.17,1.2621,6.1049,6.7218,2.6427,3.1712,30598.7814,21723.1314,11067.2694,289464.4588,205500.8098,1
1349,002888.SZ,惠威科技,20260825,17.99,2.3871,3.4389,1.08,125.5699,143.9145,6.9776,9.6803,9.975,1.134,0.7504,14764.3412,7492.302,5200.8589,265610.4766,134786.477,1
1350,002889.SZ,东方嘉盛,20260825,12.86,1.6399,3.6952,1.12,47.2976,49.5735,1.9357,1.3019,1.4327,0.4166,0.2333,37766.7472,25124.5794,11150.5499,485680.405,323102.0988,1
1351,002890.SZ,弘宇股份,20260825,14.47,1.011,1.7156,1.03,237.4786,226.0358,4.0655,8.2032,7.94,0.1797,0.1797,16987.516,16147.671,9515.3801,245809.4144,233656.7849,1
1352,002891.SZ,中宠股份,20260825,28.8,2.1808,4.1665,1.01,25.3905,32.1093,2.7425,1.7755,1.5273,1.1454,0.5556,32189.7746,32189.7746,16847.9902,927065.376,927065.376,1
1353,002892.SZ,科力尔,20260825,9.11,1.349,1.6041,0.98,232.067,399.3035,6.0458,4.2057,4.1292,0.4036,0.2127,84431.6221,50112.3935,42142.3043,769172.0582,456523.8729,1
1354,002893.SZ,京能热力,20260825,10.03,4.1374,5.2308,1.31,42.4591,40.6904,1.8792,1.9839,1.9164,1.0169,0.9073,26364.0,20277.8618,16039.1631,264430.92,203386.9358,1
1355,002895.SZ,川恒股份,20260825,32.1,1.1573,2.156,0.71,15.4323,15.1422,2.6285,2.3353,2.1547,4.3123,5.6078,60586.8383,59934.8683,32171.3983,1944837.564,1923909.327,4
1356,002896.SZ,中大力德,20260825,64.75,4.0554,7.3428,0.53,202.9287,225.7387,10.5617,12.2249,12.088,0.3089,0.1853,19652.267,19652.267,10853.9096,1272484.4825,1272484.4825,1
1357,002897.SZ,意华股份,20260825,57.72,5.2911,8.8557,1.2,35.1586,43.5237,3.9633,1.7484,1.7995,0.1734,0.8663,19388.0696,18435.8188,11014.9894,1119079.4004,1064115.5304,1
1358,002899.SZ,英派斯,20260825,19.68,1.7271,2.446,0.97,46.1773,45.5875,1.6444,2.4735,2.4629,0.3779,0.4182,14779.6976,14779.6976,10435.8276,290864.496,290864.496,1
1359,002900.SZ,哈三联,20260825,14.09,26.8645,39.5416,1.22,,,2.5244,5.6465,5.4811,1.4195,,31635.455,16112.24,10946.615,445743.6314,227021.4616,4
1360,002901.SZ,大博医疗,20260825,45.77,0.7095,2.797,0.97,31.6022,29.4663,5.088,7.2859,7.0392,1.0729,1.2804,41401.9506,28841.2223,7315.7779,1894967.2515,1320062.6394,1
1361,002902.SZ,铭普光磁,20260825,24.45,4.1574,5.0226,0.72,,,9.3882,3.6111,3.109,,,23500.9062,18647.0846,15435.1078,574597.005,455921.106,1
1362,002903.SZ,宇环数控,20260825,31.04,18.311,21.4281,0.91,,,6.205,11.7709,12.4575,0.258,,15566.15,10756.5949,9191.8765,483173.296,333884.5536,4
1363,002905.SZ,金逸影视,20260825,7.9,1.4064,5.2239,0.94,100.6966,,45.5775,2.5858,3.3422,,,37632.0,34944.0,9408.0,297292.8,276057.6,1
1364,002906.SZ,华阳集团,20260825,27.41,6.7128,15.5667,6.23,18.4083,17.0974,2.0172,1.1027,0.9814,1.7511,1.8242,52491.9041,52470.1333,22626.6492,1438802.979,1438206.2633,4
1365,002907.SZ,华森制药,20260825,15.74,4.9629,13.7951,0.49,100.9877,88.6795,3.7824,7.9466,8.2287,0.54,0.4765,41759.6314,33904.5651,12197.4694,657296.7336,533657.9318,2
1366,002908.SZ,德生科技,20260825,7.19,3.5171,4.491,2.49,347.0304,,2.9299,5.5386,5.8651,0.6875,0.6903,43143.2088,32524.8116,25471.6029,310199.6799,233853.3839,1
1367,002909.SZ,集泰股份,20260825,5.31,1.6879,2.8119,1.23,,,2.4349,1.9074,1.9737,1.8645,,39000.0,38039.6812,22834.045,207090.0,201990.7008,1
1368,002910.SZ,庄园牧场,20260825,9.81,4.6633,8.1338,1.32,,,1.9358,2.0836,2.007,,,19553.9347,17106.195,9807.3535,191824.1514,167811.822,1
1369,002911.SZ,佛燃能源,20260825,11.04,0.466,3.096,1.14,13.9108,13.6415,3.241,0.4266,0.4575,4.3456,4.7105,129817.583,126703.8001,19072.9977,1433186.0832,1398809.952,4
1370,002912.SZ,中新赛克,20260825,19.24,1.4451,2.1694,0.77,47.3309,121.8436,2.0101,4.3754,4.2719,1.0395,2.079,17075.2,16222.1736,10805.5641,328526.848,312114.5508,1
1371,002913.SZ,奥士康,20260825,56.84,1.6455,4.8588,0.73,58.5851,84.6566,4.0719,3.2622,3.1765,1.0556,0.523,31736.0504,30543.8924,10343.8924,1803877.1047,1736114.844,4
1372,002915.SZ,中欣氟材,20260825,16.76,1.6111,2.299,0.72,298.5332,315.0522,3.7437,3.5766,3.5302,,,33527.333,29118.9361,20406.0782,561918.2184,488033.4344,1
1373,002916.SZ,深南电路,20260825,341.0,1.1499,3.2078,0.83,70.9085,63.9088,12.8398,9.8227,9.1234,0.3312,0.7038,68116.6595,66480.945,23832.0179,23227781.06,22670003.95,4
1374,002917.SZ,金奥博,20260825,10.34,0.9042,1.3388,0.83,20.5894,20.282,2.0557,2.0318,2.0312,0.952,1.4406,34761.4197,26054.4731,17596.8667,359433.0828,269403.2198,1
1375,002918.SZ,蒙娜丽莎,20260825,10.13,4.6818,7.1402,0.81,78.9921,44.2526,1.2819,1.0556,1.0698,1.9743,0.7897,40881.9913,21420.4964,14045.3139,414134.5587,216989.665,1
1376,002919.SZ,名臣健康,20260825,17.43,1.0466,1.6183,0.8,163.8667,187.2966,5.6812,3.063,2.9536,0.2869,0.2849,26613.6066,26420.819,17086.9586,463875.2223,460514.8926,1
1377,002920.SZ,德赛西威,20260825,86.2,0.7569,1.3891,0.72,20.9673,20.7802,3.2011,1.5801,1.5678,1.2945,1.4432,59680.9294,59662.1794,32512.2102,5144496.166,5142879.916,4
1378,002921.SZ,联诚精密,20260825,21.75,2.3381,2.8743,0.61,,2118.6231,2.4693,2.7984,2.4384,,,14897.0127,12875.613,10473.6132,324009.9675,280044.5175,1
1379,002922.SZ,伊戈尔,20260825,24.45,3.4197,4.5698,0.67,51.5983,49.8008,2.7495,1.9629,1.8852,1.1305,1.2187,42258.2924,38212.4876,28595.2288,1033215.1905,934295.3805,4
1380,002923.SZ,润都股份,20260825,11.17,3.849,6.3533,1.08,,277.6678,3.4664,3.1799,2.7975,1.3429,,33489.3286,25806.4083,15634.2203,374075.8161,288257.5997,1
1381,002925.SZ,盈趣科技,20260825,22.52,1.2891,3.8387,0.65,30.1144,22.3599,3.3218,4.2071,3.574,1.3171,1.0084,77166.9053,73106.8893,24550.5498,1737798.8132,1646367.1628,1
1382,002926.SZ,华西证券,20260825,8.28,0.5165,0.9594,1.22,14.7824,11.263,0.858,4.7091,4.1365,1.5097,2.5242,262500.0,262500.0,141322.5126,2173500.0,2173500.0,1
1383,002927.SZ,泰永长征,20260825,16.12,2.5353,5.2106,1.0,,,3.5386,4.2558,4.3849,0.3102,,22319.218,22073.7832,10740.4767,359785.6652,355829.3336,1
1384,002928.SZ,华夏航空,20260825,6.25,1.1247,2.0478,0.82,12.7638,11.7836,2.0073,1.0715,1.0644,,,127824.155,127823.5075,70204.1905,798901.0,798896.9375,1
1385,002929.SZ,润建股份,20260825,54.22,5.8034,8.7571,0.89,409.5196,,2.4493,1.5004,1.586,0.2378,0.1107,28637.7834,21656.9759,14352.2171,1552740.9738,1174241.4556,1
1386,002930.SZ,宏川智慧,20260825,8.8,1.4687,3.0155,1.07,,,2.0592,3.3863,3.3143,2.2702,,45800.5216,43341.8021,21109.6567,403044.576,381407.84,1
1387,002931.SZ,锋龙股份,20260825,46.94,2.5075,4.8447,0.5,452.0639,1913.777,10.0459,20.5912,19.9405,0.1065,0.1065,21850.5856,20257.5858,10484.7352,1025666.6946,950891.2746,1
1388,002932.SZ,*ST明德,20260825,15.33,0.3501,0.4183,0.58,,,0.6449,13.4471,13.4114,7.389,,23252.0957,15609.4995,13062.9508,356454.6271,239293.6273,1
1389,002933.SZ,新兴装备,20260825,26.73,0.9564,1.5181,0.61,79.4623,78.123,2.0101,7.5851,7.6878,0.0748,0.0748,11735.0,11689.4276,7364.5318,313676.55,312458.4639,1
1390,002935.SZ,天奥电子,20260825,15.71,0.8478,1.4873,0.62,102.2508,100.7932,4.1194,6.7606,6.8665,0.3218,0.32,42183.7182,41509.0883,23660.9251,662706.2412,652107.8039,1
1391,002936.SZ,郑州银行,20260825,1.77,1.2062,1.5112,0.99,8.4923,8.2549,0.3483,1.2455,1.2411,1.1299,,909209.1358,702929.5891,561053.4695,1609300.1778,1244185.3743,0
1392,002937.SZ,兴瑞科技,20260825,30.0,2.9808,5.9053,1.04,65.5587,67.4229,6.3644,5.3853,5.2285,1.2564,0.936,31600.9729,31518.4709,15909.389,948029.1,945554.1,1
1393,002938.SZ,鹏鼎控股,20260825,87.44,0.717,2.4586,0.74,54.2145,53.4895,5.8937,5.1765,5.0675,1.1439,1.1436,231753.6658,231082.6265,67386.2975,20264540.9048,20205865.1672,4
1394,002939.SZ,长城证券,20260825,7.99,0.382,1.0741,0.72,13.7077,13.6179,0.9881,6.2041,6.2039,2.1026,2.4531,403442.6956,360265.9631,128128.2781,3223507.0931,2878525.0204,1
1395,002940.SZ,昂利康,20260825,25.82,5.5234,9.3936,0.78,41.5224,45.513,3.1478,3.6557,3.9237,0.8471,0.9413,20172.8186,18466.9355,10858.5136,520862.2124,476816.3908,1
1396,002941.SZ,新疆交建,20260825,10.87,1.8467,3.3895,1.55,16.7901,19.8398,1.6262,0.841,0.768,1.2208,1.8399,72975.1172,72975.1172,39757.9585,793239.5544,793239.5544,1
1397,002942.SZ,新农股份,20260825,15.71,1.035,3.0376,0.7,25.602,24.4758,1.9148,2.2041,2.1278,1.9142,2.5461,15548.072,13875.8083,4727.8708,244260.1797,217988.9751,4
1398,002943.SZ,宇晶股份,20260825,32.72,4.1537,4.7658,0.66,663.7895,262.8004,10.088,10.461,11.1451,,,26683.5988,18885.222,16459.5635,873087.392,617924.3984,1
1399,002945.SZ,华林证券,20260825,13.81,0.2498,2.4977,0.62,73.6561,75.0301,5.0714,21.9617,21.342,0.2896,0.4127,270000.0,270000.0,27000.0,3728700.0,3728700.0,4
1400,002946.SZ,新乳业,20260825,16.24,0.8735,3.8617,1.09,19.1172,17.8216,3.656,1.2443,1.2206,1.7549,2.7709,86068.2988,85071.4775,19243.63,1397749.192,1381560.8352,1
1401,002947.SZ,恒铭达,20260825,59.61,6.0429,7.3089,1.7,28.663,27.6623,4.7021,5.3352,5.0994,0.9834,0.8115,25576.8936,19830.3748,16395.5745,1524638.4129,1182088.3557,2
1402,002948.SZ,青岛银行,20260825,5.91,1.1332,1.2889,0.94,6.6307,6.3071,0.8085,2.3604,2.3136,2.7073,3.0457,582035.4724,352219.4756,309668.7915,3439829.6277,2081617.1268,4
1403,002949.SZ,华阳国际,20260825,12.44,14.24,24.7145,4.46,26.9271,26.3479,1.6617,2.0275,2.1441,2.8129,1.6074,19608.7886,15192.5636,8753.6611,243933.3476,188995.4464,2
1404,002950.SZ,奥美医疗,20260825,9.41,1.4119,2.5497,0.9,23.943,21.9621,1.6116,1.623,1.5645,0.623,1.5079,63326.5407,42962.1255,23790.8273,595902.8355,404273.6433,1
1405,002951.SZ,金时科技,20260825,16.48,1.5582,9.22,0.52,,,4.3683,15.4138,24.1212,3.011,,40306.39,40112.1894,6778.856,664249.3072,661048.8912,1
1406,002952.SZ,亚世光电,20260825,19.82,1.8142,4.5006,1.13,304.8955,214.9299,3.6979,3.5201,3.3698,0.2492,0.2517,16434.0,13164.5032,5306.6842,325721.88,260920.39,1
1407,002953.SZ,日丰股份,20260825,10.93,12.6311,17.1376,1.26,33.9442,34.2851,2.4075,1.1892,1.1383,0.8437,0.9083,49157.9648,27131.1352,19996.6799,537296.6121,296543.3602,1
1408,002955.SZ,鸿合科技,20260825,35.05,1.8541,3.2962,0.73,160.2269,880.8772,2.5808,2.5612,2.4804,3.6177,,23663.9912,19564.6852,11004.9055,829423.2,685742.3845,1
1409,002956.SZ,西麦食品,20260825,16.97,1.0102,2.1742,0.68,30.888,22.2444,3.2232,2.3683,2.1278,1.7577,2.2662,31254.5639,31251.0766,14521.0144,530390.0529,530330.8276,1
1410,002957.SZ,科瑞技术,20260825,41.01,3.0897,6.7112,0.53,63.0702,57.7483,5.2032,6.5427,6.3436,0.4122,0.6094,41998.2466,41867.8662,19275.4179,1722348.2325,1717001.3487,1
1411,002958.SZ,青农商行,20260825,2.95,1.2645,1.6651,0.98,5.2391,5.1305,0.433,1.6345,1.679,4.0678,4.0678,555562.7491,543956.0632,413064.3132,1638910.1125,1604670.377,0
1412,002959.SZ,小熊电器,20260825,33.11,0.3644,1.0426,0.71,13.1442,16.7568,1.7809,0.9865,1.0229,3.0022,3.9076,15583.3544,13979.439,4885.4633,515965.0496,462859.2584,1
1413,002960.SZ,青鸟智控,20260825,8.48,0.6043,1.0822,0.53,27.9573,29.812,1.4386,1.9024,1.9562,1.6214,1.4598,105373.4626,96844.8955,54073.9246,893567.0256,821244.752,1
1414,002961.SZ,瑞达期货,20260825,18.79,0.9762,3.311,0.96,16.3846,13.3855,2.1811,7.3053,6.2495,1.8871,2.1179,47693.3433,47693.1183,14061.1183,896158.0465,896153.7248,1
1415,002962.SZ,五方光电,20260825,12.7,3.2012,3.7123,0.57,99.757,152.223,2.109,3.1444,3.1266,1.5586,0.7793,29166.5352,20921.573,18041.1078,370414.931,265703.939,1
1416,002963.SZ,豪尔赛,20260825,20.32,7.361,15.933,2.05,,,2.6288,8.8184,9.8783,0.9843,,15035.993,14934.0337,6899.453,305531.3168,303459.4896,2
1417,002965.SZ,祥鑫科技,20260825,30.83,6.2023,6.5138,0.78,52.7897,157.2881,1.9291,1.0321,0.9969,1.3349,0.6487,26538.0359,19041.571,18131.0589,818167.4649,587051.6031,1
1418,002966.SZ,苏州银行,20260825,8.61,0.6312,0.7493,0.77,7.1971,7.0291,0.743,3.1154,3.0282,4.7619,4.1812,447066.2011,439548.0643,370306.833,3849239.982,3784508.7966,4
1419,002967.SZ,广电计量,20260825,17.15,0.6137,1.0781,0.88,25.8387,24.4295,2.2374,3.0442,2.8785,2.8097,1.8865,63962.1152,60386.9685,34371.8637,1096950.358,1035636.5355,0
1420,002968.SZ,新大正,20260825,9.39,1.3431,2.7397,0.79,22.396,22.3333,1.7053,0.7051,0.6956,4.5987,1.583,22627.7783,21301.1458,10442.4532,212474.8542,200017.7985,1
1421,002969.SZ,嘉美包装,20260825,12.44,2.6673,5.0689,0.87,157.7974,96.9397,4.1963,4.8548,4.4517,0.2082,0.1388,109849.571,109273.5244,57499.423,1366528.6632,1359362.6435,1
1422,002970.SZ,锐明技术,20260825,50.53,2.2365,3.4206,1.01,24.2871,28.5611,4.3494,3.7522,3.6882,2.1145,1.9563,18393.1,12638.6458,8263.3582,929403.343,638630.7723,1
1423,002971.SZ,和远气体,20260825,42.82,9.0658,12.1084,0.86,149.4921,191.305,4.2302,5.4199,5.2638,0.4684,0.1168,21062.5,16100.4546,12054.7303,901896.25,689421.466,4
1424,002972.SZ,科安达,20260825,12.63,3.2396,4.2615,0.59,35.5362,37.5714,2.5151,8.1946,7.9696,2.364,2.364,24600.88,13848.864,10527.9011,310709.1144,174911.1018,1
1425,002973.SZ,侨银股份,20260825,11.93,4.2051,7.271,1.54,26.5045,47.447,1.9155,1.3501,1.4457,0.8382,0.8382,40866.57,31765.3078,18370.956,487538.1801,378960.1483,1
1426,002975.SZ,博杰股份,20260825,107.18,19.1831,23.2906,1.9,152.4527,95.7904,9.4787,12.1508,10.6344,0.0899,0.0672,20813.0736,13826.3119,11387.9339,2230744.8426,1481903.9058,4
1427,002976.SZ,瑞玛精密,20260825,24.69,7.7637,10.2959,1.95,608.6224,,3.338,2.2776,2.3735,,,19461.0893,12172.9448,9179.0449,480494.0652,300549.8886,1
1428,002977.SZ,*ST天箭,20260825,21.06,0.9278,1.2645,0.56,,,2.9743,-14.7573,-12.0297,0.8547,,12012.0,6664.717,4890.217,252972.72,140359.0032,1
1429,002978.SZ,安宁股份,20260825,26.05,0.5693,1.5093,0.89,17.0778,19.1337,1.4011,6.1209,6.2725,1.9157,1.1511,47198.9958,36927.9558,13929.9558,1229533.95,961973.358,1
1430,002979.SZ,雷赛智能,20260825,55.4,3.7156,4.8448,0.56,77.6871,72.4471,9.3461,9.3437,8.7161,0.5568,0.4502,31603.81,22278.4608,17085.9608,1750851.074,1234226.684,1
1431,002980.SZ,华盛昌,20260825,94.52,8.5109,11.8656,0.65,199.9747,229.3296,15.7736,22.1694,22.9077,0.5524,,18841.1224,10128.6819,7265.0322,1780862.6624,957362.8336,1
1432,002981.SZ,朝阳科技,20260825,23.64,1.2366,3.2969,0.63,43.7629,112.3354,3.0902,1.7753,1.8466,1.0893,0.7112,13655.8715,12158.4851,4560.2439,322825.0032,287426.7036,1
1433,002982.SZ,湘佳股份,20260825,12.64,2.4282,3.1836,0.67,77.9553,171.1785,1.6295,0.5745,0.5519,1.6953,0.7911,20319.4085,13009.1248,9922.1248,256837.216,164435.2768,1
1434,002983.SZ,芯瑞达,20260825,19.39,1.3844,2.747,0.97,34.3944,39.3185,3.1905,4.362,4.2805,1.2938,2.0666,22247.253,12933.5232,6518.1727,431374.1775,250780.9528,1
1435,002984.SZ,森麒麟,20260825,14.39,2.0763,2.6795,1.25,13.2574,17.0798,1.1022,1.7316,1.6729,4.0977,2.4314,103628.6871,71392.0189,55318.5807,1491216.8491,1027331.1678,1
1436,002985.SZ,北摩高科,20260825,25.55,0.8479,1.5822,0.89,42.3869,39.7186,3.0746,9.2362,9.2136,0.09,0.5088,33185.36,33093.9441,17735.6224,847885.948,845550.167,1
1437,002986.SZ,宇新股份,20260825,13.4,0.916,1.0948,0.61,,,1.3414,0.6245,0.5984,2.2587,,38012.1392,30183.7442,25253.1192,509362.676,404462.116,1
1438,002987.SZ,京北方,20260825,11.58,3.1663,7.5047,1.8,36.8019,39.3977,4.0097,2.4898,2.4952,1.286,1.5119,104045.7086,101392.5333,42778.2528,1204849.3218,1174125.4974,1
1439,002988.SZ,豪美新材,20260825,23.69,2.5914,5.774,0.59,49.9937,50.6751,2.2003,0.7609,0.7404,0.6651,,24980.4496,24980.4496,11211.2755,591786.8605,591786.8605,4
1440,002989.SZ,中天精装,20260825,24.37,2.7391,4.8156,0.72,,,3.5255,13.9422,14.2281,,,20161.7218,19783.4968,11252.6739,491341.1603,482123.817,1
1441,002990.SZ,盛视科技,20260825,47.57,4.9488,7.8739,0.68,146.0045,74.1918,4.84,8.6189,7.6398,0.4405,0.2102,26185.2138,13801.8563,8674.5063,1245630.9154,656554.4802,4
1442,002991.SZ,甘源食品,20260825,39.27,2.3629,3.3231,1.01,17.5622,17.1127,2.1525,1.7466,1.6486,5.9162,3.9866,9321.5831,4993.3706,3550.6331,366058.4466,196089.6399,1
1443,002992.SZ,宝明科技,20260825,34.14,0.5301,0.9574,0.64,517.1224,397.9943,8.3888,4.7209,4.9234,,,18086.8635,15623.5102,8649.7123,617485.4004,533386.6314,1
1444,002993.SZ,奥海科技,20260825,37.87,2.4009,4.9767,0.93,24.7489,30.3625,2.1556,1.4613,1.4541,3.9182,3.1273,27604.0,23844.6933,11503.4964,1045363.48,902998.4103,1
1445,002995.SZ,天地在线,20260825,17.08,4.3305,6.574,1.19,,,3.7777,2.681,2.9457,,,17745.448,11241.7208,7405.1746,303092.286,192008.5776,1
1446,002996.SZ,顺博合金,20260825,6.35,1.6609,2.1623,1.18,19.1791,18.4014,1.2846,0.2659,0.2604,0.7773,1.71,66943.6836,45837.7491,35209.1186,425092.368,291069.7125,1
1447,002997.SZ,瑞鹄模具,20260825,28.4,1.184,2.0204,0.64,15.172,14.6502,2.2428,1.8057,1.7,1.5845,1.5845,20932.1325,20932.1325,12266.7525,594472.492,594472.492,1
1448,002998.SZ,优彩资源,20260825,8.0,3.3513,4.676,1.16,54.528,30.1546,1.6226,1.0444,1.0084,7.6723,4.6248,35481.8663,27049.5135,19386.285,283854.88,216396.08,1
1449,002999.SZ,天禾股份,20260825,6.27,6.6882,10.4147,2.32,36.4336,32.3644,1.773,0.1604,0.1506,1.9777,1.1164,34759.2,34471.1157,22137.1157,217940.184,216133.9224,1
1450,003000.SZ,劲仔食品,20260825,9.76,3.854,5.1898,2.79,18.1296,18.5558,3.1872,1.8015,1.6286,4.0505,4.0283,45089.4159,30806.0295,22876.8673,440072.7392,300666.8528,4
1451,003001.SZ,中岩大地,20260825,15.7,6.0836,7.3733,0.81,198.1644,272.1578,2.2917,4.4485,4.7828,1.2762,0.4836,17455.0394,11436.6582,9436.2398,274044.1186,179555.5337,1
1452,003002.SZ,壶化股份,20260825,16.66,1.0,1.9153,0.61,19.368,20.2423,2.1468,2.5388,2.5443,0.8965,1.2005,20000.0,18284.7275,9546.2375,333200.0,304623.6018,1
1453,003003.SZ,天元股份,20260825,11.25,2.816,3.2605,1.21,34.1622,33.3612,1.5098,1.9467,1.9367,1.7549,1.7541,17672.0,11779.6325,10173.62,198810.0,132520.8375,1
1454,003004.SZ,声迅股份,20260825,68.84,1.7935,3.2755,0.89,,,8.9288,14.9912,14.0754,,,8186.3844,6874.2819,3764.0869,563550.7021,473225.566,0
1455,003005.SZ,竞业达,20260825,13.69,2.0769,2.7861,0.92,369.0514,,1.759,6.6074,6.4841,1.6696,0.5113,23138.8691,12697.8206,9465.3673,316771.1303,173833.1558,1
1456,003006.SZ,百亚股份,20260825,13.49,2.208,5.4014,1.26,27.8685,29.1381,4.0274,1.6596,1.6104,4.0737,2.9652,42964.779,42857.2965,17519.638,579594.8822,578144.977,1
1457,003007.SZ,直真科技,20260825,39.16,3.8185,7.3063,1.12,264.1982,132.9591,3.0874,11.0314,8.0236,0.1411,0.0761,11957.4442,7258.7657,3793.703,468253.742,284253.4332,4
1458,003008.SZ,开普检测,20260825,19.82,1.5984,2.3689,1.0,23.3723,25.7254,1.9772,8.857,9.4719,5.8022,5.0454,10400.0,8022.0061,5412.6561,206128.0,158996.2382,1
1459,003009.SZ,中天火箭,20260825,46.22,1.5835,3.7419,0.57,,,3.7558,9.723,8.807,0.1163,0.0388,16471.7418,16468.7303,6969.0703,761323.8228,761184.7006,1
1460,003010.SZ,若羽臣,20260825,30.0,7.5734,9.8998,1.41,48.0027,38.994,11.7901,2.7192,2.4222,1.5643,1.6989,31105.9476,22614.2182,17299.9787,933178.5,678426.6,1
1461,003011.SZ,海象新材,20260825,20.8,2.6939,3.5482,0.91,21.4723,24.8007,1.5382,1.7704,1.7727,2.8562,2.8576,10267.6,7684.5105,5834.274,213566.08,159837.808,1
1462,003012.SZ,东鹏控股,20260825,4.74,0.7129,1.7256,1.15,15.5823,16.498,0.7251,0.9047,0.9332,5.1267,5.1123,115698.1158,113458.7303,46872.5425,548409.0689,537794.3816,1
1463,003013.SZ,地铁设计,20260825,18.05,3.8272,16.8393,1.87,17.8604,22.3563,2.5025,3.2417,3.5379,2.3567,1.7175,46075.7801,40247.6396,9147.3288,831667.8308,726469.8948,4
1464,003015.SZ,日久光电,20260825,12.23,2.0509,2.3665,0.77,32.88,36.685,3.0262,5.1508,5.0166,1.6072,1.6072,28106.6667,24704.2817,21409.7294,343744.5741,302133.3444,1
1465,003016.SZ,欣贺股份,20260825,7.02,0.9961,3.2412,1.23,164.5146,99.0582,1.0955,1.994,1.9611,,,42052.1612,41088.2842,12627.6179,295206.1632,288439.7256,1
1466,003017.SZ,大洋生物,20260825,22.9,2.3957,2.8442,0.89,23.1169,21.6098,1.9701,2.208,2.0889,2.1705,2.1834,10080.0,8348.1084,7031.5895,230832.0,191171.719,1
1467,003018.SZ,金富科技,20260825,45.98,7.1575,21.9,1.76,143.0904,150.4449,8.9033,18.9899,18.4321,0.5403,0.3602,31394.9982,28451.1553,9298.5525,1443542.0172,1308184.1207,2
1468,003019.SZ,宸展光电,20260825,24.79,2.5384,3.6833,0.84,22.5903,25.4736,2.546,1.7405,1.7667,2.0106,2.0169,17695.2359,17292.8134,11917.616,438664.7517,428688.7599,1
1469,003020.SZ,立方制药,20260825,18.65,6.8504,11.1005,0.93,25.7652,26.2352,2.3077,2.7393,2.7448,3.1405,2.2341,22821.8618,16854.8255,10401.6119,425627.8755,314342.5795,1
1470,003021.SZ,兆威机电,20260825,72.78,2.8845,7.0416,1.23,76.5785,90.2936,3.8409,11.3512,11.1568,0.3906,0.529,26756.425,20733.0938,8493.2243,1947332.2476,1508954.2902,2
1471,003022.SZ,联泓新科,20260825,19.8,0.6496,2.5084,0.83,86.5008,46.2386,3.3894,4.1726,3.0078,0.303,0.3535,133556.8,133443.1825,34559.5488,2644424.64,2642174.964,4
1472,003023.SZ,彩虹集团,20260825,26.85,3.7921,8.8394,0.54,44.423,99.3232,1.8195,2.4715,2.4463,1.4898,1.3035,10534.16,10512.0314,4509.6687,282842.196,282248.0055,4
1473,003025.SZ,思进智能,20260825,12.56,1.2059,2.0233,0.81,23.0764,23.2558,2.7424,4.859,4.7926,1.4597,1.5839,28395.3558,22641.5928,13494.9255,356645.596,284378.3704,1
1474,003026.SZ,中晶科技,20260825,29.0,3.5086,4.5722,0.66,126.4109,109.2186,7.9931,12.6954,12.1707,0.356,0.4746,18776.755,14456.0879,11093.3824,544526.04,419226.61,4
1475,003027.SZ,同兴科技,20260825,16.89,2.0603,2.8842,1.27,29.845,55.6534,1.2926,3.051,4.0275,1.7363,1.7538,13072.32,10281.1782,7344.1307,220791.4848,173649.1302,1
1476,003028.SZ,振邦智能,20260825,22.98,1.3506,2.486,1.1,45.1143,89.1518,1.9161,2.4224,2.3022,2.1678,1.5257,14412.015,7069.3645,3840.7256,331187.9898,162453.8928,1
1477,003029.SZ,吉大正元,20260825,17.03,2.6183,4.1037,1.55,,,3.219,8.1084,8.0909,,,19362.0227,17609.9013,11235.7841,329735.2006,299896.597,1
1478,003030.SZ,祖名股份,20260825,22.04,2.8616,4.2863,0.77,108.7197,98.6963,2.7371,1.358,1.3128,0.6773,0.6773,12478.0,8095.8925,5404.8601,275015.12,178433.4156,1
1479,003031.SZ,中瓷电子,20260825,128.0,3.3992,7.5083,0.71,102.6077,84.8748,9.0652,20.0602,15.773,0.3281,0.3438,45105.2859,34015.6696,15399.705,5773477.12,4354005.76,4
1480,003032.SZ,传智教育,20260825,10.18,19.5848,22.726,0.74,,,3.501,10.7992,9.9672,,,40244.75,28448.1608,24515.9643,409691.555,289602.2688,1
1481,003033.SZ,征和工业,20260825,64.61,1.3031,3.8915,0.37,30.1573,34.25,3.695,2.7334,2.6995,0.7739,0.7739,8175.0,8074.3642,2703.8442,528186.75,521684.3996,1
1482,003035.SZ,南网能源,20260825,5.69,3.8502,13.8547,4.64,62.204,63.2561,3.0626,5.8598,5.7201,0.2285,0.4921,378787.8787,378787.8787,105263.6275,2155303.0372,2155303.0372,4
1483,003036.SZ,泰坦股份,20260825,51.45,2.7453,8.7164,0.75,235.3707,266.7747,7.8407,7.3619,6.7398,0.2404,0.1281,21660.6445,21660.0895,6822.0895,1114440.4425,1114411.6305,1
1484,003037.SZ,三和管桩,20260825,5.71,0.3882,1.1756,0.89,72.1992,98.5943,1.2249,0.5586,0.5665,0.8716,0.8716,59907.4678,59907.4678,19782.4778,342071.6537,342071.6537,1
1485,003038.SZ,鑫铂股份,20260825,11.03,1.8816,2.2512,0.78,,,0.9533,0.3253,0.3237,1.7778,,24330.5377,16203.1348,13543.2121,268365.8308,178720.5768,1
1486,003039.SZ,顺控发展,20260825,12.02,0.5057,2.315,1.15,24.4291,23.9486,2.5657,3.331,3.2497,1.7471,1.9218,61751.873,61751.873,13488.3588,742257.4774,742257.4774,1
1487,003040.SZ,楚天龙,20260825,15.48,9.9139,18.9613,1.65,998.2465,,4.9586,7.1516,7.9009,0.1938,0.0646,46113.5972,45685.0258,23886.2459,713838.528,707204.2644,2
1488,003041.SZ,真爱美家,20260825,39.05,0.8835,4.2538,0.83,24.0435,183.1505,3.821,5.7195,5.6059,2.0487,1.0243,14400.0,13682.34,2841.95,562320.0,534295.377,1
1489,003042.SZ,中农联合,20260825,13.9,6.7778,12.8656,0.66,,,1.6186,1.0642,0.9982,,,14248.0,12330.0995,6495.6995,198047.2,171388.39,1
1490,003043.SZ,华亚智能,20260825,76.41,7.6178,10.0676,1.11,130.083,146.3108,6.2308,10.9767,11.6384,0.2591,0.3041,14401.0102,9401.7194,7113.9414,1100381.1741,718385.4252,1
1491,003816.SZ,中国广核,20260825,3.96,0.3502,2.047,1.61,20.478,21.0869,1.5888,2.6418,2.7318,2.399,2.1717,5049881.7867,3933519.2867,673003.8992,19997531.8884,15576736.3884,1
1492,300001.SZ,特锐德,20260825,36.32,1.1851,1.7593,0.76,30.8347,28.528,4.3397,2.428,2.371,0.4099,0.5465,105532.7713,103117.3748,69460.3467,3832950.2536,3745223.0527,1
1493,300002.SZ,神州泰岳,20260825,7.95,1.0595,1.0788,0.69,19.512,21.3087,2.0011,2.6867,2.6514,1.2549,0.7547,196717.3866,185104.9053,181778.878,1563903.2235,1471583.9971,1
1494,300003.SZ,乐普医疗,20260825,11.96,1.3975,1.9316,0.61,22.9181,28.6123,1.3445,3.4009,3.4843,2.4895,2.7216,184342.4716,157891.2054,114238.3729,2204736.0608,1888378.8716,1
1495,300004.SZ,南风股份,20260825,9.17,9.4462,12.7161,0.66,141.9745,460.9443,2.4838,7.752,8.4908,,,47999.3598,47999.3598,35656.6865,440154.1312,440154.1312,4
1496,300005.SZ,探路者,20260825,10.38,3.9171,4.8499,0.64,116.1294,83.2781,4.2719,6.6435,5.5352,0.1105,0.0928,88370.2186,87654.9336,70797.317,917282.8836,909858.1734,4
1497,300006.SZ,莱美药业,20260825,5.6,9.6767,15.3606,1.63,,,3.4157,7.6231,7.8953,,,105591.1205,105582.0898,66513.5935,591310.272,591259.704,1
1498,300007.SZ,汉威科技,20260825,31.23,2.2135,2.4602,0.59,64.39,61.374,3.4611,4.2367,4.4085,0.1281,0.1601,32744.5619,28294.6289,25457.2198,1022612.6088,883641.2949,1
1499,300008.SZ,天海防务,20260825,6.18,2.1376,2.4602,0.94,35.7906,31.1817,4.2622,2.3634,2.2303,,0.5178,172802.9133,164729.0071,143129.0071,1067922.0456,1018025.2818,1
1500,300009.SZ,安科生物,20260825,8.64,5.3954,6.0871,0.66,19.6341,20.8062,3.0431,5.4543,5.6398,2.8894,2.8935,167070.0708,123024.7232,109045.5199,1443485.4048,1062933.5808,1
1501,300010.SZ,ST豆神,20260825,2.4,4.1908,4.1908,2.5,70.5632,,2.8621,4.929,4.8873,,,206661.2659,166333.1676,166333.1676,495987.048,399199.608,1
1502,300011.SZ,鼎汉技术,20260825,6.06,1.5969,2.1468,0.8,,,2.4284,2.1267,2.1977,,,60555.5387,50966.5579,37910.4641,366966.5724,308857.3536,1
1503,300012.SZ,华测检测,20260825,15.15,1.9657,2.082,0.56,25.083,22.9101,3.1497,3.8508,3.5958,0.9842,1.3152,168282.8214,143194.5938,135191.8094,2549484.723,2169398.0385,4
1504,300013.SZ,新宁物流,20260825,4.09,2.345,3.215,1.02,,,12.7093,3.1564,2.2728,,,55835.8894,55772.3382,40679.8953,228368.7901,228108.8706,1
1505,300014.SZ,亿纬锂能,20260825,54.57,1.5245,2.3289,0.87,28.686,20.3412,2.3641,1.9294,1.5014,1.2808,0.8497,217329.6935,211298.2103,138318.7364,11859681.1833,11530543.3197,4
1506,300015.SZ,爱尔眼科,20260825,8.51,0.7083,1.3066,0.93,24.4238,23.476,3.4341,3.5405,3.4828,1.8793,2.1106,929956.4734,795717.2343,431314.7034,7913929.5597,6771553.6273,1
1507,300016.SZ,北陆药业,20260825,9.71,12.1454,15.4386,1.11,60.9071,39.631,2.2641,4.6862,4.3636,0.4355,,58168.9731,56219.4413,44227.523,564820.6987,545890.7624,4
1508,300017.SZ,网宿科技,20260825,15.1,5.6896,6.3582,0.71,47.1339,48.6306,3.6275,8.0855,8.1422,1.6214,1.6556,249568.4777,236646.9603,211759.6379,3768484.0133,3573369.1005,4
1509,300018.SZ,中元股份,20260825,11.21,1.8115,1.8115,0.47,39.3822,39.5955,3.8235,8.3702,8.1046,0.6144,0.8921,48871.0536,36329.0039,36329.0039,547844.4705,407248.09,4
1510,300019.SZ,硅宝科技,20260825,14.27,1.0662,1.7926,0.71,20.1424,26.008,2.0918,1.4954,1.4628,2.1023,2.1023,39311.67,36866.7975,21926.0498,560977.5309,526089.236,1
1511,300020.SZ,ST银江,20260825,3.42,0.6842,0.7349,0.67,,,2.0364,15.571,16.4113,,,79467.7974,76658.3509,71370.0502,271779.876,262171.557,1
1512,300021.SZ,大禹节水,20260825,3.97,2.2652,3.0643,0.66,83.0018,80.5374,1.5475,1.0791,1.0628,1.3027,0.4962,102236.7469,87338.9156,64563.313,405879.8975,346735.5124,1
1513,300022.SZ,吉峰科技,20260825,8.09,1.2484,1.5537,1.03,,,7.7898,1.4457,1.3748,,,49424.038,49422.598,39710.7745,399840.4836,399828.834,4
1514,300024.SZ,机器人,20260825,14.45,1.3254,1.7716,0.4,,,5.5816,5.4887,5.7814,,,156561.995,156517.4707,117090.2536,2262320.7555,2261677.4415,1
1515,300025.SZ,华星创业,20260825,5.27,1.8646,2.2168,1.03,,,6.2885,4.7173,4.7584,,,50879.2922,50665.3519,42615.9509,268133.8583,267006.3945,1
1516,300026.SZ,红日药业,20260825,3.45,2.3263,3.4344,0.65,560.3816,434.0136,1.208,2.0976,2.2153,0.8696,0.2899,300415.4837,300132.5425,203292.228,1036433.406,1035457.263,1
1517,300027.SZ,ST华谊,20260825,1.84,1.0027,0.9798,0.7,,,,16.4855,19.166,,,277450.5919,248506.1849,254317.6849,510509.0856,457251.3712,0
1518,300030.SZ,阳普医疗,20260825,6.99,2.8212,3.6382,0.78,148.7379,71.852,3.3187,4.4446,4.5944,,,30918.7315,27222.7587,21110.0584,216121.9227,190287.0924,1
1519,300031.SZ,宝通科技,20260825,21.44,3.0141,3.1827,0.75,43.3932,34.1365,2.196,2.5962,2.4588,0.4664,0.4664,41874.6695,35190.1892,33325.7851,897792.9248,754477.6736,4
1520,300032.SZ,金龙机电,20260825,3.9,3.0389,3.6388,1.53,466.7486,,4.8389,1.982,2.1054,,,80316.9608,80316.9608,67074.2895,313236.144,313236.144,1
1521,300033.SZ,同花顺,20260825,215.48,1.7318,2.746,0.7,50.6005,44.3654,21.1383,26.8999,23.5204,1.0276,1.7237,75264.0,43840.9939,27648.7823,16217886.72,9446856.5252,4
1522,300034.SZ,钢研高纳,20260825,15.78,1.6662,2.8146,1.26,143.8129,99.4053,3.2565,3.4017,3.1968,0.6337,0.2281,79696.1563,76705.5977,45409.3182,1257605.4048,1210414.368,1
1523,300035.SZ,中科电气,20260825,13.46,3.1771,3.3754,0.52,19.6309,23.0568,1.8316,1.0895,1.0092,1.8574,1.8574,68542.6671,58335.123,54907.3043,922584.2036,785190.7152,4
1524,300036.SZ,超图软件,20260825,11.24,1.7712,1.8139,0.95,118.2342,114.4665,2.0994,3.6702,3.7931,,0.2615,49276.6617,44505.2653,43459.6133,553869.7708,500239.2348,1
1525,300037.SZ,新宙邦,20260825,60.6,2.8698,3.3493,1.03,41.6346,28.6023,4.079,4.7396,3.5543,0.6525,0.82,75388.655,54677.9548,46849.9132,4568552.493,3313484.0609,4
1526,300039.SZ,上海凯宝,20260825,5.6,5.8265,8.3835,0.94,21.0263,22.6543,1.3671,5.0818,5.7943,2.3214,2.3214,104600.0,91664.2576,63706.4937,585760.0,513319.856,1
1527,300040.SZ,九洲集团,20260825,5.86,7.4864,7.9868,1.37,92.0842,175.5497,1.4507,2.5943,2.7305,0.9593,0.3413,64341.0436,52035.8542,48775.9164,377038.4944,304930.081,4
1528,300041.SZ,回天新材,20260825,10.67,3.0962,3.5243,0.92,27.0599,24.3674,1.965,1.3458,1.2882,1.4058,1.4058,55943.5922,54442.4423,47829.5133,596918.1053,580900.8348,1
1529,300042.SZ,朗科科技,20260825,39.72,4.9296,6.5632,0.67,293.208,56.8219,7.0342,6.4204,4.6087,,0.1762,20040.0,20038.155,15050.655,795989.1972,795915.7152,1
1530,300043.SZ,星辉娱乐,20260825,4.46,1.5102,2.2126,0.83,18.3993,13.8378,3.1034,2.652,2.8684,0.2237,1.1209,124419.8401,124353.9501,84876.6034,554912.4864,554618.617,1
1531,300044.SZ,*ST赛为,20260825,5.36,2.2731,2.3793,1.14,,,,31.2021,29.5567,,,76386.9228,71537.8203,68344.1972,409433.8912,383442.7152,4
1532,300045.SZ,华力创通,20260825,12.6,2.0985,2.3048,0.76,,,5.504,10.683,10.5543,,,66267.5236,51631.3176,47008.816,834970.878,650554.632,1
1533,300046.SZ,台基股份,20260825,24.31,2.7559,3.7404,0.52,117.1238,133.8591,5.0712,16.0338,14.4339,0.5965,0.617,23653.1371,23653.1371,17427.3371,575007.8334,575007.8334,4
1534,300047.SZ,天源迪科,20260825,9.25,2.6314,2.6918,1.14,192.141,205.3833,1.7807,0.6288,0.5954,0.1622,0.1622,63774.4672,58057.5819,56754.1376,589913.8475,537032.615,1
1535,300048.SZ,合康新能,20260825,5.03,0.8207,1.0066,0.87,91.8485,255.6891,3.1384,0.7647,0.827,,,113234.7357,113023.1607,92154.6189,569570.7422,568506.4948,1
1536,300049.SZ,福瑞医科,20260825,43.94,8.4527,9.0962,2.14,75.2796,69.8379,5.9022,7.2708,7.087,,0.3414,26399.11,23359.0217,21706.5562,1159976.8934,1026395.3388,1
1537,300050.SZ,世纪鼎利,20260825,6.61,3.6762,4.4605,0.67,232.3646,280.538,8.6806,12.369,12.0465,,,54484.6718,54451.4549,44876.9849,360143.6687,359924.0845,1
1538,300051.SZ,琏升科技,20260825,8.41,5.2289,6.0833,1.0,,,32.744,8.0569,9.2208,,,37201.769,36741.559,31581.4024,312866.8857,308996.5196,1
1539,300052.SZ,中青宝,20260825,10.68,3.8182,4.5903,0.95,,,8.1182,15.2304,16.8468,,,26185.871,26185.121,21780.6332,279665.0916,279657.0816,1
1540,300053.SZ,航宇微,20260825,11.86,2.3047,2.7453,0.85,,,5.9355,29.8235,32.6177,,,69687.4323,66221.6303,55593.2838,826492.9198,785388.5318,1
1541,300054.SZ,鼎龙股份,20260825,72.19,3.2725,3.6085,0.86,95.6873,83.0128,12.6178,18.8296,17.8714,0.1371,0.1383,95462.5953,74442.7001,67510.6768,6891444.7547,5374018.5202,4
1542,300055.SZ,万邦达,20260825,5.97,2.7976,3.1339,1.08,,,1.0179,1.9101,1.836,0.2513,0.2513,83674.9606,63284.9344,56495.079,499539.5112,377811.0321,1
1543,300056.SZ,中创环保,20260825,8.49,1.5974,1.755,0.72,,,45.6675,8.507,8.5786,,,38549.0443,38519.8093,35059.9688,327281.4345,327033.1869,1
1544,300057.SZ,万顺新材,20260825,6.54,2.5481,2.819,0.83,,,1.2811,1.1321,1.0877,0.1355,0.1529,100357.1463,83097.5988,75110.4951,656335.761,543458.304,1
1545,300058.SZ,蓝色光标,20260825,13.33,4.9366,4.9366,0.74,213.0171,187.4808,6.0085,0.6967,0.6534,,0.075,359022.1227,347793.0282,347793.0282,4785764.8596,4636081.0899,1
1546,300059.SZ,东方财富,20260825,18.93,0.9716,1.0421,0.7,24.7848,20.5407,3.0437,84.7937,70.7388,0.3162,0.5277,1582219.9875,1339236.5708,1248694.8937,29951424.4107,25351748.2701,1
1547,300061.SZ,旗天科技,20260825,5.91,5.0086,6.0935,2.2,,,9.0164,9.4128,10.0145,,,65899.3677,60989.5047,50131.011,389465.2176,360447.945,4
1548,300062.SZ,中能电气,20260825,6.29,3.2912,3.7953,0.77,,,2.5709,3.4243,3.3542,,,62993.737,45835.825,39747.965,396230.6246,288307.3707,1
1549,300063.SZ,天龙集团,20260825,8.72,3.6933,4.0994,0.73,58.1979,56.7525,3.7422,0.8736,0.8154,,,75852.715,62651.6943,56446.071,661435.6312,546322.7368,1
1550,300065.SZ,海兰信,20260825,15.25,4.4568,4.608,0.6,273.1252,671.1487,6.2174,15.361,23.1813,,,72153.916,65666.4688,63511.6665,1100347.28,1001413.6675,1
1551,300066.SZ,三川智慧,20260825,4.97,1.2439,1.9373,0.95,36.3817,42.2886,2.0017,4.4926,3.7567,0.6036,1.006,104003.3262,100591.0349,64588.3241,516896.5004,499937.4191,1
1552,300067.SZ,安诺其,20260825,5.22,2.9451,3.6361,0.65,,,2.4221,5.9916,5.3232,0.1916,,115437.4574,93726.368,75915.402,602583.5412,489251.6514,1
1553,300068.SZ,ST南都,20260825,3.96,2.8986,3.2093,0.73,,,3.2308,0.4762,0.4872,,,89836.7299,85368.1649,77103.0473,355753.4508,338057.9136,1
1554,300069.SZ,金利华电,20260825,26.65,14.2536,25.1013,0.85,,,11.2053,14.1536,12.3138,,,11700.0,11700.0,6643.7463,311805.0,311805.0,1
1555,300070.SZ,碧水源,20260825,3.45,1.0649,1.7049,1.41,205.0326,63.0111,0.4564,1.6063,1.6343,0.1159,0.1159,362420.9363,347774.8047,217229.8327,1250352.2085,1199823.06,1
1556,300071.SZ,福石控股,20260825,3.98,5.0264,6.1428,0.97,,,23.832,3.7665,4.4617,,,96388.4336,94535.0866,77353.725,383625.9912,376249.6582,1
1557,300072.SZ,海新能科,20260825,3.72,0.8298,1.328,0.45,,,1.6715,3.0554,2.631,,,234972.0302,233136.127,145682.6487,874095.9516,867266.4036,0
1558,300073.SZ,当升科技,20260825,40.42,2.5994,3.3851,1.27,34.7925,27.5506,1.4702,2.1207,1.6934,0.4604,0.7001,54429.3668,50597.1312,38853.4051,2200035.1354,2045135.9946,4
1559,300074.SZ,华平股份,20260825,3.87,3.3084,3.8971,1.4,,,2.4982,7.2114,7.3549,,,55030.76,54983.885,46677.7072,212969.0412,212787.635,1
1560,300075.SZ,数字政通,20260825,10.91,2.2903,2.4375,0.88,,,2.138,11.2616,11.0854,,,62113.0158,51543.8476,48432.2232,677653.0482,562343.4035,1
1561,300076.SZ,*ST宁视,20260825,4.49,1.1091,1.5781,1.26,,,2.2679,23.0766,20.9902,,,42400.0,42400.0,29800.4,190376.0,190376.0,1
1562,300077.SZ,国民技术,20260825,20.22,8.4019,8.4019,1.18,,,7.8003,10.0802,8.3892,,,67812.67,55750.8075,55750.8075,1371172.1874,1127281.3782,1
1563,300078.SZ,思创智联,20260825,3.14,2.3297,2.8656,0.92,,,7.1416,5.1298,10.6657,,,111787.223,111336.7148,90514.622,351011.8708,349597.2694,1
1564,300079.SZ,数码视讯,20260825,4.56,1.9801,2.0504,1.35,196.0112,166.0345,1.5934,8.8689,8.7321,0.2195,0.4337,142602.8062,129218.2156,124788.0026,650268.8136,589235.0832,1
1565,300080.SZ,易成新能,20260825,3.78,0.7792,1.8366,1.27,,,1.6477,2.0033,2.1101,,,187338.0436,187083.0824,79369.316,708137.7912,707174.0424,1
1566,300081.SZ,ST恒信,20260825,3.08,1.177,1.3128,0.49,,,2.363,4.749,4.3943,,,60479.5417,60468.1342,54213.6521,186276.9832,186241.8404,1
1567,300082.SZ,奥克股份,20260825,8.34,5.1835,11.0357,4.32,834.4595,84.6148,2.0192,1.3424,1.2664,,,68009.82,67829.3088,31859.4515,567201.8988,565696.4454,1
1568,300083.SZ,创世纪,20260825,13.78,6.8008,7.1911,1.28,160.1493,195.8385,4.3201,4.3121,4.211,,,166486.2589,149212.2214,141113.6994,2294180.6628,2056144.3916,1
1569,300084.SZ,海默科技,20260825,10.25,1.0443,1.0551,0.57,,,4.4528,8.8258,9.3599,,,54875.9899,47094.4294,46615.568,562478.8975,482717.9075,1
1570,300085.SZ,银之杰,20260825,28.87,3.2412,4.799,0.73,,,48.6087,26.8977,26.4462,,,70664.0535,65201.286,44036.0915,2040071.4122,1882361.2423,1
1571,300086.SZ,康芝药业,20260825,6.77,4.4993,6.353,1.07,,,3.47,6.6103,6.8428,,,45512.4411,44067.4522,31208.8671,308119.2188,298336.6365,1
1572,300087.SZ,ST荃银,20260825,5.66,2.5088,4.3656,0.75,,,3.1593,1.193,1.2309,0.8834,,94733.1751,90229.59,51853.5524,536189.7988,510699.4794,1
1573,300088.SZ,长信科技,20260825,7.01,3.2981,3.9238,0.65,85.9996,101.9083,2.0165,1.5129,1.5572,0.8346,0.7073,249773.3579,248550.2397,208911.8102,1750911.2536,1742337.1824,1
1574,300091.SZ,*ST金灵,20260825,2.49,0.1874,0.2575,0.65,,,5.4423,9.4606,11.1629,,,284204.5067,162212.0493,118059.5586,707669.2299,403908.0045,4
1575,300092.SZ,科新机电,20260825,11.97,2.4251,3.1687,1.24,51.218,61.5839,1.9893,2.855,3.0669,1.9883,0.8354,27392.3271,20985.8756,16060.9433,327886.1901,251200.9836,1
1576,300093.SZ,金刚光伏,20260825,25.22,6.769,6.769,0.93,67.0657,51.2644,6.9996,45.2404,45.9914,,,54000.0,23097.7755,23097.7755,1361880.0,582526.0116,1
1577,300094.SZ,国联水产,20260825,2.92,4.6229,5.8752,0.63,,,34.6726,1.0328,1.0399,,,112816.7253,110551.7399,86988.6207,329424.8516,322811.0808,1
1578,300095.SZ,华伍股份,20260825,8.16,1.7789,1.934,1.1,,,2.2011,2.503,2.5328,1.2349,,39442.5163,31767.0228,29219.4949,321850.8816,259218.8832,1
1579,300096.SZ,ST易联众,20260825,9.39,0.8999,1.0737,0.93,81.863,84.5638,12.1108,8.0978,8.0725,,,43000.0,42999.95,36039.3251,403770.0,403769.5305,4
1580,300097.SZ,智云股份,20260825,10.54,17.7012,19.8872,1.31,,,15.7656,17.9512,19.4009,,,29618.6669,26383.0416,23483.0416,312180.7818,278077.2416,2
1581,300098.SZ,高新兴,20260825,4.49,2.1268,2.2415,1.08,,,2.9471,3.9232,3.6756,,,173778.2275,154174.3202,146286.4823,780264.2527,692242.6968,1
1582,300099.SZ,尤洛卡,20260825,6.04,1.6847,1.8209,0.91,24.3017,24.1821,1.8554,7.6889,8.0115,3.7914,3.1788,73726.5255,58131.8241,53783.1403,445308.1808,351116.1928,1
1583,300100.SZ,双林股份,20260825,21.49,1.983,3.7224,1.34,24.7256,40.4666,3.7884,2.269,2.4468,0.64,0.4597,57899.694,55759.2533,29704.3066,1244264.4241,1198266.3534,1
1584,300101.SZ,振芯科技,20260825,14.26,1.0697,1.5131,0.83,286.0916,516.409,4.595,8.4791,8.898,0.5125,,56790.57,56597.9022,40011.9022,809833.5282,807086.054,1
1585,300102.SZ,乾照光电,20260825,17.96,2.3166,3.476,0.55,144.1708,121.6607,3.7835,4.8603,6.488,0.2502,0.274,92033.3863,91570.7732,61026.365,1652919.5048,1644611.0292,1
1586,300103.SZ,达刚控股,20260825,7.7,2.2187,3.0533,1.2,,,5.92,15.8938,19.6751,,,31760.1,31734.061,23059.211,244552.77,244352.262,1
1587,300105.SZ,龙源技术,20260825,7.74,3.1938,5.4891,0.62,,,2.2341,4.1605,4.1768,1.292,1.938,51581.442,51549.162,29994.09,399240.3456,398990.4984,1
1588,300106.SZ,西部牧业,20260825,10.6,8.3889,14.4187,0.99,,,5.9455,2.4228,2.2887,,,21133.231,21133.231,12295.4139,224012.238,224012.238,1
1589,300107.SZ,建新股份,20260825,6.49,3.0514,3.8148,1.29,,247.6075,2.4039,7.8473,6.2139,0.2464,,56278.2268,34774.7069,27815.6123,365245.7127,225687.8679,1
1590,300109.SZ,新开源,20260825,15.8,6.5849,6.5849,0.73,47.9486,52.2565,2.4629,7.7365,7.6253,1.3295,1.0256,57685.6526,51750.5537,51750.5537,911433.27,817658.69,4
1591,300110.SZ,华仁药业,20260825,2.89,2.2932,2.8671,0.92,,,4.0014,2.5855,2.5728,,,118221.2982,118117.7607,94473.501,341659.557,341360.3264,1
1592,300111.SZ,向日葵,20260825,3.03,3.3806,4.8281,0.89,,,5.7618,14.3637,15.3634,,,128721.0714,128721.0714,90130.1583,390024.8421,390024.8421,1
1593,300112.SZ,万讯自控,20260825,10.69,24.0429,25.8514,1.85,,,3.3438,3.0145,3.124,,,29074.5331,24038.4672,22356.7885,310806.7588,256971.2144,1
1594,300113.SZ,顺网科技,20260825,16.02,3.5211,3.948,0.98,25.8602,26.0626,4.1204,6.1917,8.3102,0.5618,0.7491,67416.3882,50902.0301,45397.244,1080010.5678,815450.5206,4
1595,300115.SZ,长盈精密,20260825,25.99,2.5493,3.7893,0.81,59.1994,64.5618,4.1644,1.8801,1.8094,0.4982,0.4617,136135.0101,135733.4859,91314.6748,3538148.9099,3527713.4051,1
1596,300118.SZ,东方日升,20260825,9.88,2.6575,2.8772,0.87,,,1.3579,0.895,0.916,,,114001.3863,92681.958,85606.9986,1126333.7332,915697.7648,1
1597,300119.SZ,瑞普生物,20260825,17.48,1.2806,1.592,0.55,20.2837,20.708,1.6887,2.3905,2.3873,1.6808,2.2357,46475.4706,33362.347,26836.1572,812391.2156,583173.878,1
1598,300120.SZ,经纬辉开,20260825,9.11,10.5294,11.365,0.92,,,2.0861,2.0306,1.9632,,,57439.3929,52744.7002,48866.5069,523272.8429,480504.217,1
1599,300121.SZ,阳谷华泰,20260825,9.64,1.3851,2.0047,0.63,21.7493,22.0328,1.1948,1.2465,1.2477,2.1555,1.5319,44523.9323,42940.7974,29667.8314,429210.7074,413949.2869,1
1600,300122.SZ,智飞生物,20260825,13.04,3.363,4.3555,0.83,,,2.0202,3.4844,3.5654,,,239378.9747,141430.6248,109201.2873,3121501.8301,1844255.3474,1
1601,300123.SZ,ST亚光,20260825,4.41,1.4695,1.6793,0.65,,,14.4378,5.7473,7.1912,,,102183.4123,99402.0383,86983.1822,450628.8381,438362.9964,1
1602,300124.SZ,汇川技术,20260825,61.39,1.8276,2.2657,2.33,32.9148,35.0628,4.5687,3.6852,3.5924,0.6644,0.8139,270760.3944,241031.472,194427.0916,16621980.3421,14796921.9433,1
1603,300125.SZ,聆达股份,20260825,9.52,5.3025,6.5804,2.7,311.9114,161.9517,6.0691,50.7585,48.3356,,,66584.9987,36081.0352,29074.0352,633889.2,343491.5008,1
1604,300126.SZ,锐奇股份,20260825,6.56,2.7063,3.9745,1.14,,,2.0324,4.0646,3.9173,,,30395.76,21065.0829,14343.2797,199396.1856,138186.9248,1
1605,300127.SZ,银河磁体,20260825,25.21,3.0063,6.3948,1.62,45.8381,38.6388,5.4211,9.4959,8.0546,1.3883,1.5867,32314.636,23262.5125,10936.0399,814651.8223,586447.8771,1
1606,300128.SZ,锦富技术,20260825,4.86,3.2343,4.4637,0.92,,,14.9697,2.8349,2.6978,,,129911.5412,129746.5262,94012.5347,631370.133,630568.1358,1
1607,300129.SZ,泰胜风能,20260825,7.18,1.9923,2.0975,0.65,37.1021,68.6591,1.3958,1.5329,1.7886,0.7046,0.8357,110885.3245,71871.0186,68267.6259,796156.6694,516033.9236,1
1608,300130.SZ,新国都,20260825,18.96,8.2843,9.6133,3.46,22.9432,23.1669,2.3791,3.3825,2.9955,2.6371,3.1645,56730.5434,43454.4169,37446.7727,1075611.228,823895.8032,1
1609,300131.SZ,英唐智控,20260825,16.28,5.2,5.3225,0.78,699.55,1413.1734,10.7073,3.308,3.2636,,,113501.9485,104226.7516,101828.2299,1847811.746,1696811.49,4
1610,300132.SZ,诺斯贝尔,20260825,6.37,2.1576,2.3796,0.78,21.4754,18.9944,2.2337,1.4827,1.4429,,,51658.0886,50808.1284,46068.9239,329062.0333,323647.7881,1
1611,300133.SZ,华策影视,20260825,6.91,1.9318,2.5506,0.67,67.777,53.8724,1.7434,4.5801,4.7558,0.4776,0.1591,187477.1665,166400.0366,126030.2381,1295467.2447,1149824.2764,1
1612,300134.SZ,大富科技,20260825,8.35,1.4553,3.1982,0.89,,,1.7531,2.6074,2.5401,,,76749.8006,76749.8006,34924.0338,640860.83,640860.83,1
1613,300135.SZ,宝利国际,20260825,3.51,3.9031,5.8879,1.49,,,3.7184,2.3657,2.3762,0.2849,,92160.0,92160.0,61092.4872,323481.6,323481.6,0
1614,300136.SZ,信维通信,20260825,59.84,4.3237,4.5295,0.64,81.6995,78.6586,7.2165,6.4984,6.3215,0.0823,0.0832,96756.8638,82520.0238,78771.1874,5789930.7298,4937998.2242,1
1615,300137.SZ,先河环保,20260825,11.46,4.4385,5.175,1.38,473.969,,3.8055,6.6592,7.1619,,0.2618,53658.221,52785.1404,45272.8081,614923.2012,604917.7044,1
1616,300138.SZ,晨光生物,20260825,11.07,1.5316,1.7055,0.92,14.4981,16.0873,1.5729,0.8154,0.8824,1.1743,2.71,48310.0093,39831.3292,35771.0914,534791.8107,440932.8231,1
1617,300139.SZ,晓程科技,20260825,55.02,26.4446,28.0259,1.07,99.5573,91.5415,12.7835,23.9168,20.7382,,0.1818,27400.0,23365.9225,22047.5425,1507548.0,1285592.9184,4
1618,300140.SZ,节能环境,20260825,5.45,0.3032,1.328,0.94,19.3877,18.4861,1.1688,2.8209,2.8584,2.2018,2.2018,309906.7016,309526.5928,70680.1604,1688991.515,1686919.9155,1
1619,300141.SZ,和顺电气,20260825,9.98,2.0836,3.9795,0.91,,,4.1539,7.043,6.0797,,,25784.46,25461.876,13331.5241,257328.9108,254109.5624,1
1620,300142.SZ,沃森生物,20260825,14.42,14.163,14.0137,1.07,129.7536,80.7027,3.113,9.537,9.6101,0.0693,1.0749,159934.8541,156050.2821,157713.8055,2306260.537,2250245.0376,4
1621,300143.SZ,盈康生命,20260825,7.83,1.8291,3.2064,0.87,111.1464,102.7948,3.1961,4.0402,3.7001,,0.2445,97293.1746,83225.2459,47476.6259,761805.5994,651653.7075,1
1622,300144.SZ,宋城演艺,20260825,5.91,1.2258,1.9479,1.08,18.8566,20.3036,2.1274,6.8296,7.2268,3.4019,4.2331,260887.4798,258159.7994,162457.0515,1541845.0068,1525724.418,1
1623,300145.SZ,南方泵业,20260825,4.37,4.1499,6.0818,1.26,35.5047,32.9717,2.8172,1.5907,1.5247,,1.1442,192024.2036,191091.2286,130392.9052,839145.7977,835068.6751,1
1624,300146.SZ,汤臣倍健,20260825,9.73,0.6529,0.7759,0.63,21.0446,25.3715,1.5137,2.6271,2.5701,3.6819,4.5797,169167.7031,112081.8659,94316.5723,1646001.8183,1090556.5951,1
1625,300147.SZ,*ST香雪,20260825,6.69,1.0113,1.3088,0.8,,,,2.7729,2.8942,,,66127.9045,65736.6857,50795.6936,442395.7179,439778.4561,4
1626,300148.SZ,天舟文化,20260825,3.42,2.2195,2.5265,1.18,42.5858,53.8759,2.7938,4.9891,5.1001,,,84315.9343,81411.4896,71517.4694,288360.4953,278427.2944,1
1627,300149.SZ,睿智医药,20260825,10.14,7.6799,9.8721,0.82,381.7846,,3.9937,4.5126,4.4911,,,50498.5807,48158.5284,37464.7317,512055.6012,488327.4942,1
1628,300150.SZ,世纪瑞尔,20260825,4.35,1.1276,1.3269,1.21,49.4153,66.864,1.6182,2.9361,2.9657,,,58510.6053,46366.3232,39403.703,254521.11,201693.492,1
1629,300151.SZ,昌红科技,20260825,16.16,3.185,3.6925,0.61,133.2343,159.6715,5.6175,8.6592,9.0009,0.4641,0.495,53250.9499,36869.7787,31802.3562,860535.352,595815.6448,1
1630,300152.SZ,*ST动力,20260825,1.7,3.732,3.9645,1.87,,,5.734,4.9205,4.8114,,,71280.0,71277.2825,67097.5425,121176.0,121171.376,1
1631,300153.SZ,科泰电源,20260825,21.34,2.4865,3.651,0.59,134.0538,82.7426,7.2123,3.873,2.6772,,0.328,32000.0,31833.0118,21680.0118,682880.0,679316.4334,1
1632,300154.SZ,瑞凌股份,20260825,12.0,4.804,10.145,0.82,51.6811,56.8882,3.1506,6.0331,5.8552,1.6667,1.6667,44955.5201,31537.2926,14933.8026,539466.24,378447.48,1
1633,300155.SZ,安居宝,20260825,4.55,6.0318,7.7691,0.65,,,2.137,16.9986,17.5605,,,56122.7744,32944.3165,25577.2527,255358.649,149896.656,1
1634,300157.SZ,新锦动力,20260825,4.01,6.6921,7.9947,1.55,75.4376,,,4.2688,4.184,,,76534.5207,73344.0882,61394.0585,306903.4252,294109.8009,1
1635,300158.SZ,振东制药,20260825,5.31,2.4887,3.5799,0.83,,,1.5738,1.8933,1.9678,,,99230.3056,99149.3454,68926.3263,526912.9461,526483.0485,1
1636,300159.SZ,新研股份,20260825,2.95,2.3834,2.6341,1.3,225.0468,68.4812,3.4746,15.2076,14.625,,,329042.1031,184234.7203,166701.0971,970674.195,543492.424,1
1637,300160.SZ,秀强股份,20260825,4.41,0.8234,1.307,0.96,17.6513,28.1864,1.29,2.0435,2.1665,2.2676,1.7007,77294.6292,76296.4451,48067.5982,340869.3183,336467.3445,1
1638,300161.SZ,华中数控,20260825,26.29,1.633,2.4297,0.43,320.0812,,3.3841,3.3394,3.2909,0.038,0.0761,19869.6906,19499.4303,13105.4598,522374.1501,512640.0147,1
1639,300162.SZ,雷曼光电,20260825,7.6,5.0468,5.9036,0.71,,,3.8594,2.9975,3.0911,,,41951.003,34216.178,29250.153,318827.676,260042.968,1
1640,300163.SZ,先锋新材,20260825,6.64,3.9568,4.2061,0.63,45.0346,91.9374,5.7293,14.2963,15.8722,,,47400.0,45659.6242,42953.4419,314736.0,303179.8768,1
1641,300164.SZ,通源石油,20260825,9.85,22.8832,25.5683,0.92,158.2851,,4.2703,5.0563,5.3277,,,58845.8629,58321.0593,52196.3957,579631.721,574462.441,1
1642,300165.SZ,天瑞仪器,20260825,5.35,6.1998,6.509,1.54,,,2.5112,4.2817,4.2368,,,49551.1725,42053.4679,40055.6128,265098.7595,224986.0645,1
1643,300166.SZ,东方国信,20260825,12.96,3.1052,3.3592,0.63,,,2.5877,5.6617,5.5609,,,113874.5748,90575.9114,83726.7855,1475814.4272,1173863.7936,4
1644,300167.SZ,ST迪威迅,20260825,4.02,1.4441,1.5688,0.6,,,27.9509,3.1343,3.2108,,,41632.89,35408.5,32592.8387,167364.2178,142342.17,1
1645,300168.SZ,万达信息,20260825,5.03,0.8332,1.0464,0.73,,,7.0471,3.5767,3.4935,,,144062.8576,143918.2545,114591.4696,724636.1355,723908.7975,1
1646,300169.SZ,天晟新材,20260825,5.56,2.5422,2.5969,0.98,144.5644,58.2017,29.7924,4.2116,4.1837,,,33949.434,30173.5782,29538.0015,188758.8864,167765.1048,1
1647,300170.SZ,汉得信息,20260825,15.18,2.7713,2.8095,0.73,69.6984,68.5584,2.7675,4.6243,4.561,0.2992,0.0972,104041.9711,99377.8409,98026.8552,1579357.1046,1508555.6112,1
1648,300171.SZ,东富龙,20260825,14.24,3.6947,5.6203,0.76,54.4243,52.4905,1.3707,2.084,2.0956,0.7395,0.7674,76582.804,56265.7355,36988.4597,1090539.2144,801224.1376,1
1649,300172.SZ,中电环保,20260825,4.66,1.8676,2.0551,1.06,38.6025,34.3234,1.6358,4.4021,3.9266,1.073,2.1459,67671.0,52351.2387,47576.5986,315346.86,243956.7784,1
1650,300173.SZ,ST福能,20260825,3.28,0.5094,0.643,0.68,,,2.9685,2.034,2.1311,,,73472.5698,73472.5698,58208.1697,240990.0296,240990.0296,1
1651,300174.SZ,元力股份,20260825,18.75,3.0656,3.9697,0.79,29.9259,30.6235,1.9555,3.5861,3.5203,1.2171,1.0569,36421.036,36219.4559,27969.9003,682894.425,679114.7981,4
1652,300175.SZ,朗源股份,20260825,5.96,2.1272,2.7971,1.1,,,5.7216,9.6193,7.7613,,,47080.0,47080.0,35804.704,280596.8,280596.8,1
1653,300176.SZ,鸿特科技,20260825,4.76,6.7298,6.0018,1.05,51.382,52.5708,2.5743,1.3718,1.3767,0.3062,0.3062,53145.3919,38728.08,43425.5883,252972.0564,184345.6608,1
1654,300177.SZ,中海达,20260825,6.32,1.701,1.8404,1.13,,,3.766,4.6455,5.4115,,,74416.9066,60630.3251,56039.5369,470314.8712,383183.6856,1
1655,300179.SZ,四方达,20260825,35.65,9.6381,11.9314,0.95,185.8268,169.8468,13.6226,30.5453,27.9442,0.558,0.8371,48572.393,37398.1878,30209.8891,1731606.06,1333245.4735,1
1656,300180.SZ,华峰超纤,20260825,4.91,8.3937,11.7128,2.23,129.508,347.3241,1.8366,2.1626,2.2378,0.1018,0.1018,176106.0155,171808.7334,123122.6402,864680.5091,843580.8643,1
1657,300181.SZ,佐力药业,20260825,14.08,1.7836,1.8852,0.4,15.6275,15.1844,2.8839,3.2477,3.1712,4.2072,2.4568,70138.7335,60291.0919,57043.8303,987553.3184,848898.5472,1
1658,300182.SZ,捷成股份,20260825,4.89,3.0391,3.2476,0.96,68.44,63.37,1.5233,4.9256,5.7125,0.1022,0.1431,266382.5632,241460.4193,225959.1557,1302610.7184,1180741.4538,1
1659,300183.SZ,东软载波,20260825,10.65,1.2779,2.0507,1.22,470.2798,,1.5927,4.685,4.9792,0.939,0.0469,46260.9137,37102.9012,23121.0337,492678.6915,395145.885,1
1660,300184.SZ,力源信息,20260825,11.87,4.1485,4.2782,0.86,79.325,36.5341,2.922,1.5382,1.2107,,,114905.9029,105203.0756,102013.9716,1363933.1517,1248760.5596,1
1661,300185.SZ,通裕重工,20260825,2.71,1.3411,1.6218,0.98,167.0203,133.0841,1.5402,1.6603,1.5196,0.3887,0.2846,403620.1643,384645.8721,318065.0198,1093810.6336,1042390.3077,1
1662,300187.SZ,永清环保,20260825,4.68,1.2511,2.3584,0.99,26.8846,23.6247,2.5569,3.7368,3.7095,3.5684,2.2863,64562.2165,64237.8042,34077.1419,302151.1428,300632.904,1
1663,300188.SZ,国投智能,20260825,10.54,1.3147,2.1915,1.19,,,3.8136,6.4189,6.7633,,,85947.731,85550.859,51323.213,905889.0742,901706.0644,1
1664,300189.SZ,神农种业,20260825,6.23,36.7696,38.7788,0.93,59.5339,56.3057,9.2686,25.6068,26.776,,,102400.0,88625.0424,84033.3899,637952.0,552133.9992,1
1665,300190.SZ,维尔利,20260825,3.65,1.6164,2.2572,1.4,,,1.104,2.1096,2.2589,,,94808.905,94424.1642,67616.9386,346052.485,344648.184,1
1666,300191.SZ,潜能恒信,20260825,34.62,9.4514,12.2122,1.24,254.7794,58.6488,9.0078,15.5249,9.4233,,0.1444,32000.0,22119.5,17119.0,1107840.0,765777.09,1
1667,300192.SZ,科德教育,20260825,17.68,10.2123,14.7863,1.47,65.8667,73.925,8.1582,10.7837,10.8746,1.212,0.404,46080.066,45543.978,31455.3817,814695.6376,805217.5664,1
1668,300193.SZ,佳士科技,20260825,7.75,0.9296,1.1067,0.88,18.6278,20.895,1.5444,2.9043,2.8188,2.5806,3.871,47624.9805,41937.59,35227.3309,369093.595,325016.3225,1
1669,300194.SZ,福安药业,20260825,3.98,2.0173,2.1779,0.75,61.4965,75.3218,1.0704,2.724,2.8217,1.7588,1.7588,118971.2382,96834.4216,89696.9361,473505.5352,385400.9916,1
1670,300195.SZ,长荣股份,20260825,5.65,2.6797,2.8768,1.19,99.4871,,0.8962,1.4743,1.5246,,0.354,42370.7756,31386.5031,29236.0781,239394.8505,177333.725,1
1671,300196.SZ,长海股份,20260825,16.7,4.4997,5.7403,0.82,20.9215,22.0897,1.4384,2.1758,2.073,1.7726,2.6588,40895.7408,24716.5112,19374.6509,682958.8714,412765.737,1
1672,300197.SZ,节能铁汉,20260825,2.04,3.1981,4.2526,0.81,,,,6.7185,6.7799,,,296529.808,296522.308,222993.4455,604920.8124,604905.5124,1
1673,300198.SZ,*ST纳川,20260825,2.31,0.6568,0.8254,0.52,,,5.4849,31.4735,22.2657,,,103154.854,102448.6844,81514.4015,238287.7035,236656.4508,4
1674,300199.SZ,翰宇药业,20260825,23.48,7.9156,8.4281,1.2,567.0923,162.2713,24.3914,21.4606,18.7645,,,88324.1336,74471.8959,69943.9389,2073850.8072,1748600.212,1
1675,300200.SZ,高盟新材,20260825,8.53,1.4709,2.0656,0.77,35.3549,46.1455,2.2604,2.7862,2.5928,1.6992,1.6992,43097.3206,42537.9295,30291.0668,367620.1396,362848.5429,1
1676,300201.SZ,海伦哲,20260825,14.21,1.9139,2.3875,0.56,46.397,40.6318,7.5928,8.3367,6.8453,0.2082,0.2093,100904.3607,100371.7365,80464.3986,1433850.9556,1426282.4254,4
1677,300203.SZ,聚光科技,20260825,13.6,3.0588,4.0307,1.67,,,2.3645,2.0364,2.0715,1.8382,,44873.76,44836.8525,34025.5692,610283.136,609781.194,1
1678,300204.SZ,舒泰神,20260825,21.32,4.3669,6.9658,0.62,,,14.2985,52.406,61.5435,,,54134.4345,45366.4501,28440.4021,1154146.1435,967212.7161,1
1679,300205.SZ,*ST天喻,20260825,4.72,0.1978,0.3254,0.43,,,5.2519,11.8091,18.5691,,,43005.6,43005.6,26143.9595,202986.432,202986.432,0
1680,300206.SZ,理邦仪器,20260825,12.02,1.4741,1.9337,1.02,22.7968,20.1609,3.0337,3.4858,3.3261,1.7221,2.5874,57966.3346,33837.9565,25795.1638,696755.4068,406732.2792,1
1681,300207.SZ,欣旺达,20260825,17.78,1.582,2.0679,0.82,31.0696,41.8484,1.3331,0.5194,0.4897,1.172,0.8399,184746.2446,171392.5731,131122.6281,3284788.229,3047359.9497,4
1682,300209.SZ,行云科技,20260825,34.71,12.5418,13.4548,0.97,,,34.3035,222.6487,90.4388,,,92863.6126,74290.8901,69249.641,3223295.9031,2578636.7919,1
1683,300210.SZ,森远股份,20260825,8.3,1.1893,1.5445,0.72,,,10.7195,12.2778,16.4703,,,48421.9953,48421.9953,37283.521,401902.6,401902.6,1
1684,300211.SZ,*ST亿通,20260825,7.5,0.5459,0.9799,0.41,,,5.2433,11.9607,12.3409,,,30392.9723,29848.1824,16627.8253,227947.275,223861.35,1
1685,300212.SZ,*ST易录,20260825,7.81,2.2192,3.4077,0.88,,,,12.0819,16.1788,,,71989.2422,70384.9729,45838.0515,562235.9644,549706.6157,1
1686,300213.SZ,佳讯飞鸿,20260825,6.4,2.2075,2.2628,1.09,,,1.8536,4.3916,4.331,0.7813,,59436.466,55259.0868,53909.1342,380393.408,353658.176,1
1687,300214.SZ,日科化学,20260825,11.93,8.8013,14.4235,0.7,,,2.2849,1.4822,1.5029,,,46490.2614,46490.2614,28368.5567,554628.8018,554628.8018,4
1688,300215.SZ,电科院,20260825,6.07,0.8361,2.018,0.76,672.8929,158.9149,2.2836,8.2845,8.0684,0.0824,0.0329,74909.4187,74909.4187,31036.9496,454700.1794,454700.1794,1
1689,300217.SZ,东方电热,20260825,4.32,1.1588,1.4551,0.79,40.9743,45.7618,1.5034,1.9474,2.001,0.7407,0.3704,147797.694,122695.1512,97710.0338,638486.0208,530043.048,1
1690,300218.SZ,安利股份,20260825,12.75,0.6923,1.0951,0.87,21.0628,30.5578,1.7611,1.2176,1.2363,1.9323,2.0096,21698.7,21627.6394,13671.9994,276658.425,275752.41,1
1691,300219.SZ,鸿利智汇,20260825,6.98,2.3569,3.6651,1.35,50.6711,40.0143,1.9243,1.1353,1.0754,1.6476,2.8653,70794.3506,70664.8891,45442.4225,494144.563,493240.9322,1
1692,300220.SZ,金运激光,20260825,11.16,1.8596,3.6463,1.38,1120.4078,,27.8326,6.7084,6.8763,,,15120.0,15101.9348,7702.096,168739.2,168537.5388,1
1693,300221.SZ,银禧科技,20260825,13.79,6.1891,6.1891,1.06,59.0028,41.7918,4.3022,2.9739,2.7247,,0.7252,47375.4685,46201.7764,46201.7764,653307.7313,637122.5462,4
1694,300222.SZ,科大智能,20260825,10.27,2.1814,2.3344,0.82,99.457,82.1601,4.4275,2.6231,2.452,,0.3875,78222.1234,65211.3509,60939.4543,803341.1724,669720.5645,1
1695,300223.SZ,君正股份,20260825,134.1,4.9818,5.1039,0.64,172.3948,104.393,5.1008,13.6805,12.3765,0.0742,0.1116,48366.4367,42293.3468,41281.4582,6485939.1615,5671537.8059,1
1696,300224.SZ,正海磁材,20260825,11.09,1.0996,1.8332,1.01,33.5813,36.2258,1.9877,1.468,1.4879,1.6128,1.793,93070.0417,92727.3646,55623.6198,1032146.7436,1028346.4224,1
1697,300225.SZ,金力泰,20260825,7.29,2.3317,2.7401,0.78,204.8375,135.0149,3.9531,4.3183,4.0903,0.2743,,47542.959,47204.589,40169.315,346588.1784,344121.4611,1
1698,300226.SZ,上海钢联,20260825,16.87,3.9801,5.4068,2.58,30.3277,29.4698,2.8086,0.0913,0.0837,0.247,0.494,38246.5706,36769.6869,27067.5473,645219.6359,620304.6703,1
1699,300227.SZ,光韵达,20260825,11.97,4.3258,4.8104,1.21,,,5.223,4.4476,4.0515,,,59576.1391,45635.5229,41038.1724,713126.3958,546257.1744,1
1700,300228.SZ,富瑞特装,20260825,7.31,1.7071,1.7335,0.84,18.1136,17.6203,1.7196,1.3866,1.3521,1.0732,1.6416,59742.5549,55890.4049,55041.556,436718.0405,408558.824,1
1701,300229.SZ,拓尔思,20260825,13.27,1.7519,2.2846,0.75,,,3.0761,22.6715,25.6599,,,87362.0932,87301.937,66947.7781,1159295.067,1158496.7438,1
1702,300230.SZ,永利股份,20260825,4.32,1.3397,1.5111,1.11,20.5503,19.7068,1.0717,1.4755,1.4289,1.5046,4.2824,81321.3441,62982.2499,55836.815,351308.1888,272083.32,1
1703,300231.SZ,银信科技,20260825,8.26,2.2063,2.8502,0.91,60.3779,71.2925,2.232,1.9723,2.0553,1.2094,1.8141,44474.6551,44472.3736,34425.0216,367360.609,367341.7762,1
1704,300232.SZ,洲明科技,20260825,5.47,3.6403,4.0153,1.61,94.4233,,1.2895,0.7369,0.7467,4.3706,0.3642,109030.4971,88845.4758,80548.097,596396.835,485984.7756,1
1705,300233.SZ,金城医药,20260825,13.51,3.4549,4.5093,0.91,117.3701,37.1297,1.3843,1.8949,1.8365,2.9257,1.8286,38387.4587,37224.1463,28520.5934,518614.5846,502898.2665,1
1706,300234.SZ,开尔新材,20260825,9.69,3.2459,3.8277,0.93,,,4.3363,16.5766,17.4531,0.1445,,50317.109,34398.7044,29170.6158,487572.699,333323.403,1
1707,300235.SZ,方直科技,20260825,11.05,4.7341,6.0486,1.59,149.6337,130.1931,3.9348,30.6199,28.2228,0.4056,0.2254,25174.6635,20479.9104,16028.983,278179.993,226303.0055,1
1708,300236.SZ,上海新阳,20260825,86.7,3.489,4.6588,0.78,90.3647,71.3884,3.9788,14.0292,12.1371,0.2981,0.5513,31338.2153,27869.9106,20871.9726,2717022.807,2416321.197,4
1709,300237.SZ,ST美晨,20260825,1.98,0.617,0.846,0.86,,,63.9449,1.5927,1.5278,,,144191.493,144190.143,105166.7751,285499.1502,285496.4772,1
1710,300238.SZ,冠昊生物,20260825,11.85,2.1879,2.9791,0.67,129.0599,159.9665,5.4163,8.1034,8.1318,,,26515.5701,26513.4082,19472.2994,314209.5045,314183.9085,1
1711,300239.SZ,东宝生物,20260825,5.19,2.6135,3.5786,1.02,56.6996,56.2476,1.7823,4.1337,3.8952,0.4731,0.2271,59362.3165,58977.7015,43073.0571,308090.4408,306094.263,1
1712,300240.SZ,飞力达,20260825,6.2,2.3327,4.0272,0.67,236.8031,515.9756,1.5947,0.3572,0.3411,,0.3226,37156.295,36333.8504,21045.9684,230368.998,225269.87,1
1713,300241.SZ,瑞丰光电,20260825,5.74,3.3352,3.5577,0.78,62.378,46.3398,1.7551,2.2334,1.9844,0.3337,0.5226,71665.0247,60046.0492,56291.1665,411357.2722,344664.327,1
1714,300242.SZ,佳云科技,20260825,4.03,1.6965,2.156,0.7,,,10.5466,1.4116,1.6941,,,63455.5224,63455.4878,49932.8978,255725.7456,255725.6247,1
1715,300243.SZ,瑞丰高材,20260825,16.0,9.4545,10.2249,0.4,147.4657,58.7581,2.8864,2.2718,2.1714,0.2799,0.5613,27956.2074,22364.8857,20679.8992,447299.36,357838.24,1
1716,300244.SZ,迪安诊断,20260825,19.46,6.7788,7.5588,0.9,276.0809,45.6998,1.8748,1.2046,1.2244,1.2562,1.7586,62497.9436,50144.9011,44970.2888,1216209.9124,975819.754,4
1717,300245.SZ,ST天玑,20260825,5.65,1.3057,1.515,0.83,,,1.4279,3.6877,3.7095,,,30504.9969,29365.3553,25308.3647,172353.25,165914.284,1
1718,300246.SZ,宝莱特,20260825,15.44,6.3126,7.1272,0.61,,,3.8949,3.7297,3.7493,0.3202,0.3202,26460.6534,21148.9993,18731.6417,408552.436,326540.56,1
1719,300247.SZ,融捷健康,20260825,3.77,1.4625,1.7092,0.94,40.5227,44.8711,2.6203,3.2484,3.2898,,,80404.0313,80302.0313,68712.8011,303123.1931,302738.6531,1
1720,300248.SZ,新开普,20260825,8.7,2.9138,3.0517,0.89,53.0421,81.8296,1.9659,4.2355,4.2052,0.9195,0.9195,47634.8393,40734.1317,38893.6647,414423.108,354386.931,1
1721,300249.SZ,依米康,20260825,13.05,4.956,5.7823,1.12,195.5354,163.1337,9.219,4.1209,3.6616,,,45842.57,37410.9619,32064.5185,598245.5385,488213.028,1
1722,300250.SZ,初灵信息,20260825,15.34,4.1801,4.6701,1.17,80.3103,83.559,5.8902,13.6106,13.5556,,,21374.9479,15759.1782,14105.7629,327891.733,241745.8212,1
1723,300251.SZ,光线传媒,20260825,10.86,0.7677,1.3947,0.78,19.0526,,3.1753,7.886,25.3653,1.8354,1.3812,293358.8432,277536.681,152765.0246,3185877.0024,3014048.3448,1
1724,300252.SZ,金信诺,20260825,11.65,3.6141,4.1757,0.89,555.372,246.9296,3.62,3.1901,3.0548,,,68421.3953,55875.4459,48360.3869,797109.31,650948.9925,1
1725,300253.SZ,卫宁健康,20260825,7.08,1.7892,1.8767,0.54,,,2.8292,7.3997,7.2198,0.2116,,220127.488,185462.1369,176810.8027,1558502.6292,1313071.9512,1
1726,300254.SZ,仟源医药,20260825,9.25,13.3092,13.6245,1.27,95.7381,82.7372,5.2904,2.7322,2.8001,,,25720.8563,22733.7877,22207.6164,237917.955,210287.5575,4
1727,300255.SZ,常山药业,20260825,24.09,2.9196,4.206,0.75,,,18.2954,25.2992,25.3746,,,91906.0878,91762.3378,63697.865,2214017.7081,2210554.7706,1
1728,300256.SZ,星星科技,20260825,2.92,5.0146,9.2587,5.47,,,7.3636,4.3246,4.485,,,226839.3386,224339.3386,121505.4516,662370.8728,655070.8728,1
1729,300257.SZ,开山股份,20260825,17.94,1.031,2.5498,0.85,48.9498,50.1417,2.6852,3.7733,3.7152,0.5574,0.5574,99363.5018,95469.02,38601.4158,1782581.19,1712714.2188,1
1730,300258.SZ,精锻科技,20260825,9.57,1.604,2.5362,0.89,43.5561,138.3269,1.1997,2.7464,2.8916,0.7345,0.8206,58504.7243,56989.2238,36042.3473,559890.1704,545386.8354,4
1731,300259.SZ,新天科技,20260825,4.35,5.223,9.4944,1.85,20.0471,20.6889,1.6354,4.7122,4.5554,1.1311,2.4884,115510.5035,115483.675,63528.9596,502470.6902,502353.9863,1
1732,300260.SZ,新莱应材,20260825,57.54,5.0515,8.077,1.01,134.0387,132.6296,10.9208,7.8277,7.5868,0.1038,0.0865,40780.6752,28763.6945,17989.2436,2346519.7518,1655062.7226,4
1733,300261.SZ,雅本化学,20260825,4.98,1.014,1.5417,0.65,,,2.634,3.67,3.7042,,,96330.9471,94283.0489,62010.03,479728.131,469529.589,1
1734,300263.SZ,隆华科技,20260825,9.95,5.0237,5.8533,0.9,54.1871,49.1431,2.4558,3.3505,3.1555,0.4327,0.5953,103500.6302,97552.7896,83726.9304,1029831.2685,970650.2605,4
1735,300264.SZ,佳创视讯,20260825,6.5,3.2149,3.399,1.16,,,321.2228,23.9829,35.4288,,,43085.7518,37038.6453,35032.4012,280057.44,240751.225,1
1736,300265.SZ,通光线缆,20260825,13.78,3.3139,5.1922,0.9,200.3034,210.5947,2.7373,2.5332,2.4346,0.2845,0.1451,46760.1335,46730.021,29825.351,644354.5914,643939.6756,1
1737,300266.SZ,兴源环境,20260825,1.88,1.274,2.1585,1.35,,,,3.2217,3.453,,,155380.7314,155305.1914,91664.8331,292115.7724,291973.7572,1
1738,300267.SZ,尔康制药,20260825,3.29,2.8236,3.6954,1.0,,,1.6871,5.8211,6.4043,,,206260.487,142237.1491,108680.936,678597.0121,467960.2235,1
1739,300268.SZ,佳沃食品,20260825,12.79,4.2327,6.0438,0.78,,,,1.3445,2.6718,,,17420.0,13370.75,9364.1581,222801.8,171011.8925,1
1740,300269.SZ,联建光电,20260825,4.87,3.3231,3.952,1.37,312.1249,,35.1918,5.2045,6.1674,,,54697.5829,52564.5328,44199.5948,266377.2146,255989.2611,1
1741,300270.SZ,中威电子,20260825,11.37,5.4116,7.3071,1.03,,,6.1744,20.3778,16.9346,,,30280.6028,25681.1704,19019.436,344290.422,291994.9029,4
1742,300271.SZ,华宇软件,20260825,5.49,1.1312,1.4947,0.97,,,1.2618,2.7523,2.8775,,,81186.0673,79436.5521,60114.794,445711.5243,436106.6595,1
1743,300272.SZ,开能健康,20260825,5.91,1.5974,1.9376,0.65,64.5216,89.1807,2.8584,1.963,1.9578,2.8251,3.0457,61146.9472,46447.2015,38291.587,361378.458,274502.9609,1
1744,300274.SZ,阳光电源,20260825,109.59,1.4996,1.6652,0.61,16.8783,19.0505,4.6691,2.5476,2.6509,1.834,1.4835,207321.1424,158752.6674,142967.3874,22720324.8285,17397705.1053,4
1745,300275.SZ,梅安森,20260825,9.06,1.7834,1.864,0.84,68.4394,73.2064,2.9075,6.4086,6.5512,0.3252,0.383,30800.5068,27146.1453,25972.7533,279052.6206,245944.119,1
1746,300276.SZ,三丰智能,20260825,6.23,1.6047,1.9367,0.56,,,4.9858,4.9332,5.1381,,,140104.299,105712.4061,87591.1215,872849.789,658588.3143,1
1747,300277.SZ,汽轮科技,20260825,11.93,1.1867,1.3688,0.93,8061.6339,394.8649,1.7902,92.497,45.6626,0.037,0.1509,151659.4157,76544.8286,66362.1686,1809296.8806,913179.8219,1
1748,300278.SZ,华昌达,20260825,3.82,1.1783,1.6801,1.19,,,3.2337,1.868,1.6883,,,141388.6508,140944.518,98847.1968,540104.643,538408.0664,1
1749,300279.SZ,和晶科技,20260825,5.73,2.2206,3.0144,1.3,43.313,76.505,2.6796,1.5317,1.5914,,,48909.949,48694.4202,35871.7915,280254.0135,279019.0266,1
1750,300281.SZ,金明精机,20260825,6.43,1.8556,3.5803,1.21,,,2.1686,6.1509,6.0333,0.6221,0.6221,41892.358,39732.5912,20591.862,269367.8748,255480.5537,1
1751,300283.SZ,温州宏丰,20260825,13.12,6.255,7.1924,0.67,259.01,53.7392,5.4342,1.7835,1.2814,,0.1143,49697.8222,37986.8489,33035.936,652035.3984,498387.472,1
1752,300284.SZ,苏交科,20260825,5.27,0.921,1.6744,0.87,283.0191,861.0913,0.802,1.5966,1.6007,1.7078,1.4231,126282.7774,119828.1717,65911.3641,665510.2506,631494.4559,1
1753,300285.SZ,国瓷材料,20260825,63.24,7.9828,8.3575,0.56,103.3121,98.3103,8.6023,13.7594,12.7613,0.3144,0.235,99704.8299,85307.2983,81482.5748,6305333.4492,5394833.652,4
1754,300286.SZ,安科瑞,20260825,19.74,1.8035,2.5492,0.96,24.1285,24.3544,2.1486,4.5241,4.4583,2.019,2.2723,25078.4655,20777.5054,14699.6209,495048.9978,410148.0474,1
1755,300287.SZ,飞利信,20260825,3.55,1.844,1.8849,0.93,,,5.1436,14.6427,16.6876,,,143527.3808,131829.5606,128967.4976,509522.199,467994.938,1
1756,300288.SZ,朗玛信息,20260825,10.04,1.6333,1.874,0.94,363.21,,3.142,11.3819,11.6737,0.1494,0.0996,33794.1402,25656.9391,22361.3928,339293.1656,257595.6776,1
1757,300289.SZ,利德曼,20260825,5.89,0.8936,1.6678,0.61,,,1.9596,9.8197,10.0806,,,54401.1487,54315.6487,29102.3335,320422.7735,319919.1785,1
1758,300290.SZ,ST荣科,20260825,6.08,3.1367,3.9216,0.7,,,5.2193,5.1538,5.2509,,0.2467,63973.2569,63954.2444,51154.2444,388957.36,388841.7792,4
1759,300291.SZ,百纳千成,20260825,4.97,2.993,4.4817,0.83,,,2.2956,15.2288,6.2982,,,94188.9651,92986.4894,62098.7613,468119.1809,462142.8553,1
1760,300292.SZ,吴通控股,20260825,4.26,4.3392,4.6409,1.16,48.7046,46.2522,3.8907,1.3132,1.334,,,134176.4974,111594.4813,104339.9501,571591.89,475392.4848,1
1761,300293.SZ,蓝英装备,20260825,15.8,0.9674,1.9154,0.88,,,7.1897,4.4483,4.2822,,,33843.8106,33843.8106,17092.4617,534732.198,534732.198,1
1762,300294.SZ,博雅生物,20260825,14.89,1.3454,2.3115,0.6,66.6227,,1.0089,3.6464,4.43,2.0819,1.4976,50424.8738,50424.8738,29350.7645,750826.3143,750826.3143,1
1763,300295.SZ,*ST三六五,20260825,12.45,2.3413,2.6652,1.04,,,2.1778,21.8565,17.4825,,,18961.3714,16767.9396,14730.185,236069.0565,208760.853,4
1764,300296.SZ,利亚德,20260825,5.12,1.7513,1.9023,0.78,45.198,67.8723,1.7786,1.9657,2.1628,1.9509,1.9509,271197.7222,232099.6623,213681.2222,1388532.3377,1188350.271,1
1765,300298.SZ,三诺生物,20260825,16.32,1.0146,1.5755,0.79,98.0878,68.1589,3.0726,1.9504,1.8423,1.3387,,55684.5893,44800.1059,28852.2704,908772.5088,731137.7952,1
1766,300299.SZ,富春股份,20260825,5.4,2.18,3.0638,1.03,,,9.3983,9.8677,9.0413,,,69030.0085,68945.4835,49057.8919,372762.054,372305.592,1
1767,300300.SZ,海峡创新,20260825,7.45,5.2966,6.5384,0.66,34.9034,35.0792,18.6797,32.679,32.34,,,66684.7062,66680.4612,54016.3675,496801.0895,496769.427,1
1768,300301.SZ,ST长方,20260825,3.24,0.5013,0.542,0.71,,,37.0255,6.7792,6.9828,,,82986.8769,78979.9369,73054.1211,268877.4912,255895.0056,4
1769,300302.SZ,同有科技,20260825,29.29,4.2656,5.1099,0.67,,230.3339,12.7459,34.7926,29.3889,,,47926.3798,36881.3895,30787.8233,1403763.6702,1080255.9131,1
1770,300303.SZ,聚飞光电,20260825,6.97,2.551,2.9268,0.8,32.3803,34.5993,2.5694,2.8629,2.8919,1.8524,1.7072,141680.5527,132864.6736,115803.2182,987513.4335,926066.7499,1
1771,300304.SZ,云意电气,20260825,11.17,2.0784,3.6009,0.79,21.0173,23.7722,2.8178,4.0892,4.0988,0.7842,0.7108,87814.3718,85254.3934,49207.7843,980886.5129,952291.5363,4
1772,300305.SZ,裕兴股份,20260825,6.14,2.1597,2.9197,0.63,,,1.191,2.5888,2.7064,,,37540.0372,32147.5897,23779.9858,230495.8456,197386.2026,1
1773,300306.SZ,远方信息,20260825,10.48,2.8054,3.7085,1.66,39.4272,40.1117,1.9456,6.9602,6.9837,4.1221,3.5496,26895.8778,15765.1136,11925.7856,281868.7176,165218.3528,1
1774,300307.SZ,慈星股份,20260825,7.45,2.2097,3.3771,0.43,61.2413,53.2502,1.8079,3.0614,3.0282,1.3317,0.2685,80055.3776,78689.9434,51488.1865,596412.5631,586240.0783,1
1775,300308.SZ,中际旭创,20260825,846.0,2.6448,3.4942,0.99,91.6525,48.3832,24.8273,25.8786,15.1712,0.106,0.1651,116973.4641,110993.8278,84012.4816,98959550.6286,93900778.3188,4
1776,300310.SZ,宜通世纪,20260825,4.46,3.2473,3.5502,1.19,359.1421,235.9084,2.0843,1.5689,1.6392,,,88165.8531,69137.2644,63239.1524,393219.691,308352.1796,1
1777,300311.SZ,任子行,20260825,5.29,5.2878,5.9249,0.43,154.6873,80.404,5.617,7.2853,7.0241,,,67363.015,53740.9093,47962.1917,356350.3758,284289.4139,1
1778,300313.SZ,天山生物,20260825,16.63,30.4491,63.1782,1.37,,,108.5333,19.9091,13.5533,,,23977.8994,19735.2789,9511.5479,398752.477,328197.7064,1
1779,300314.SZ,戴维医疗,20260825,12.29,7.9612,11.8981,0.45,40.6592,58.8306,2.8727,6.0605,6.0538,0.7079,0.6509,28800.0,14374.1448,9617.9398,353952.0,176658.1806,4
1780,300315.SZ,掌趣科技,20260825,3.9,1.8217,1.9407,0.81,,,2.2976,14.9558,15.4862,,,270761.1003,270758.0778,254149.0017,1055968.29,1055956.512,1
1781,300316.SZ,晶盛机电,20260825,43.35,1.0834,2.2318,0.86,64.1642,118.7698,3.3094,4.9983,6.3001,0.9212,0.3454,130953.3797,123155.5433,59785.7845,5676829.023,5338792.659,1
1782,300317.SZ,珈伟新能,20260825,4.23,6.867,7.8524,0.9,,,2.4801,5.5672,5.0812,,,83018.8405,82891.3405,72489.0318,351169.6932,350630.3682,4
1783,300318.SZ,博晖创新,20260825,5.05,2.0468,4.3741,0.86,,,3.2253,5.003,5.0756,,,81690.0495,79241.9147,37079.7808,412534.702,400171.6455,1
1784,300319.SZ,麦捷科技,20260825,17.78,9.5062,12.2173,0.62,49.8889,49.6267,3.1938,4.1597,3.9621,0.6389,0.6018,88758.8324,85127.022,66237.194,1578131.9974,1513558.4156,1
1785,300320.SZ,海达股份,20260825,8.48,0.9054,1.0941,0.68,21.9415,19.8939,1.9291,1.4169,1.3955,0.4717,0.5896,60123.4191,48653.8621,40262.2554,509846.6016,412584.7328,1
1786,300321.SZ,同大股份,20260825,33.65,3.4098,6.8086,1.27,266.2991,413.4075,4.7059,7.509,8.062,0.1278,0.1129,8880.0,8872.1907,4443.2047,298812.0,298549.1935,1
1787,300322.SZ,硕贝德,20260825,17.66,4.1809,5.1458,0.93,125.5988,143.951,7.8752,2.9329,2.6061,,,46003.8153,44043.0763,35784.0216,812427.4612,777800.7928,1
1788,300323.SZ,华灿光电,20260825,11.36,9.3096,9.3096,1.01,,,2.7931,3.4092,2.6123,,,162299.8797,89116.7138,89116.7138,1843726.6368,1012365.8256,4
1789,300324.SZ,旋极信息,20260825,3.4,2.4638,2.6995,1.12,,,2.484,2.807,3.5558,,,172759.0595,170998.3348,156072.2184,587380.77,581394.322,1
1790,300326.SZ,ST凯利,20260825,6.13,1.2172,1.5776,1.54,32.5852,19.5339,1.5125,4.5639,5.6552,,1.6313,71701.2682,71671.7627,55296.502,439528.7851,439347.8888,1
1791,300327.SZ,中颖电子,20260825,22.74,2.4704,3.2324,1.13,129.0275,119.2621,4.2886,6.0449,6.0087,0.8746,0.4398,34137.0172,33885.4231,25897.6659,776275.6074,770554.4508,1
1792,300328.SZ,宜安科技,20260825,16.04,10.24,14.053,1.25,,,10.7665,6.4147,6.3045,,,69042.36,68704.2525,50062.7125,1107439.4544,1102016.17,4
1793,300329.SZ,海伦钢琴,20260825,12.1,1.173,2.1142,1.35,,,5.0389,24.9137,26.1101,0.2645,,25288.878,25214.0431,13989.2231,305995.327,305089.884,1
1794,300331.SZ,苏大维格,20260825,47.81,5.9416,6.7251,0.98,,21691.4053,7.9564,6.0865,5.9324,,,25966.2286,22213.0818,19625.2566,1241445.4563,1062007.3548,4
1795,300332.SZ,天壕能源,20260825,5.06,3.9389,4.7734,1.05,,,1.1142,1.6689,1.6466,,,84770.9765,81248.779,67044.525,428941.1411,411118.8217,1
1796,300333.SZ,兆日科技,20260825,10.57,6.11,7.1242,0.5,,,6.2989,27.7971,28.2814,,,33600.0,33478.0067,28712.1215,355152.0,353862.5657,4
1797,300334.SZ,津膜科技,20260825,8.45,1.9557,3.1186,1.08,,,4.6605,10.534,9.0344,,,30206.5356,30202.9761,18940.3196,255245.263,255215.181,1
1798,300335.SZ,迪森股份,20260825,5.4,3.0738,3.3097,1.27,58.5951,62.9968,1.3341,2.4659,2.506,1.8519,1.8519,47701.2388,38415.9339,35678.0841,257586.642,207446.022,1
1799,300337.SZ,银邦股份,20260825,9.82,1.6379,2.2795,0.77,174.4833,93.5171,4.5643,1.2622,1.1664,0.1018,0.1018,82194.8677,71141.1711,51115.4622,807153.6008,698606.3002,1
1800,300338.SZ,*ST开元,20260825,3.04,2.3329,2.4986,1.1,,,,9.0016,9.4763,,,40262.4692,34993.6742,32673.4716,122397.9064,106380.7696,4
1801,300339.SZ,润和软件,20260825,35.61,2.044,2.1595,0.4,292.4567,236.7017,7.7434,7.1217,6.8939,0.1949,0.3898,79641.0841,77768.6517,73609.4106,2836018.8588,2769341.6265,1
1802,300340.SZ,科恒股份,20260825,8.95,4.1312,5.7095,1.37,,,38.2912,1.1902,1.2171,,,27551.4715,27346.3062,19786.8165,246585.746,244749.4745,4
1803,300341.SZ,麦克奥迪,20260825,13.6,1.6753,4.4094,2.13,41.0017,36.9622,3.5235,4.6218,4.2497,0.5147,0.5147,51741.0336,51580.8861,19598.0972,703678.144,701500.104,1
1804,300342.SZ,天银机电,20260825,31.9,2.8539,3.7583,0.53,1059.9852,684.3392,8.6206,16.5115,16.1093,0.2038,0.0627,42503.5113,42035.6988,31920.7518,1355861.969,1340938.83,1
1805,300343.SZ,联创股份,20260825,5.69,1.3971,1.5907,0.49,155.6021,109.0942,3.0696,6.0873,5.193,,,106837.4879,106564.3208,93592.1398,607905.3181,606350.9808,1
1806,300345.SZ,华民股份,20260825,9.65,16.1585,21.609,0.76,,,16.3883,5.5926,6.6703,,,58133.2576,48074.3701,35948.4601,560985.9358,463917.6715,1
1807,300346.SZ,南大光电,20260825,54.95,4.3352,4.9634,0.72,118.7754,109.0112,10.5494,14.6895,14.4976,0.4792,0.8371,69115.6903,65599.0041,57296.4928,3797907.1655,3604665.05,4
1808,300347.SZ,泰格医药,20260825,52.27,3.8944,4.3312,0.78,50.6885,58.3382,2.1517,6.5867,6.3656,0.5694,0.2323,86102.605,56647.4906,50933.6477,4500583.1634,2960964.3337,1
1809,300348.SZ,长亮科技,20260825,9.79,4.1724,4.314,1.55,386.1364,,3.7533,4.062,3.9645,0.0715,0.0716,81237.4315,73045.2173,70647.6568,795314.4397,715112.7038,1
1810,300349.SZ,金卡智能,20260825,10.27,2.0254,2.8621,1.08,16.1139,20.1563,0.9571,1.3278,1.3856,4.8496,2.4343,41721.3313,36973.7928,26165.7286,428478.0591,379720.8233,1
1811,300350.SZ,华鹏飞,20260825,4.43,2.3381,2.4398,1.19,,,2.8386,5.4152,4.5767,,,56201.2279,47156.5417,45191.2519,248971.4489,208903.4722,1
1812,300351.SZ,永贵电器,20260825,14.22,4.1808,5.3441,1.38,88.4871,316.1413,2.2726,2.4666,2.4361,0.4208,0.2883,38891.2113,26341.7658,20607.7333,553033.0247,374579.9097,1
1813,300352.SZ,ST信源,20260825,2.33,1.7426,1.821,1.1,,,3.3449,11.0447,11.6274,,,144982.4087,127612.6638,122113.3799,337808.992,297337.4978,1
1814,300353.SZ,东土科技,20260825,18.86,2.7053,2.8199,0.99,140.1525,124.6103,5.2578,11.8324,12.3321,,,61489.2881,54006.1247,51812.6368,1159687.8208,1018555.4232,1
1815,300354.SZ,东华测试,20260825,26.99,4.1976,5.3609,1.31,27.2656,37.537,4.2918,7.031,7.9164,0.6544,0.741,13832.0201,8343.6551,6533.0991,373326.4897,225195.3834,1
1816,300355.SZ,蒙草生态,20260825,2.96,1.4667,1.8279,1.07,233.766,191.8681,1.1254,1.8225,1.7711,0.1351,,160424.2081,136629.0794,109630.3977,474855.6616,404422.0768,1
1817,300357.SZ,我武生物,20260825,23.71,2.2246,4.0788,0.56,32.5882,29.1528,4.5329,11.685,11.423,0.9279,1.0544,52358.4,48391.4205,26393.6808,1241417.664,1147360.5682,1
1818,300358.SZ,楚天科技,20260825,9.3,9.9696,14.6352,1.93,26.1157,16.1324,1.1927,1.1539,1.1141,,0.7527,71509.258,70486.3762,48015.7148,665036.118,655523.334,1
1819,300359.SZ,全通教育,20260825,4.17,2.1512,3.4093,0.89,,,5.1518,8.7799,9.1933,,,63333.3422,63330.1697,39960.3938,264100.0278,264086.8089,1
1820,300360.SZ,炬华科技,20260825,11.73,0.7765,1.1809,0.97,10.6412,12.3792,1.4188,3.5752,3.8907,5.9676,5.1151,51418.7126,50027.6637,32896.2902,603141.4683,586824.4518,1
1821,300363.SZ,博腾股份,20260825,20.88,8.0536,12.5931,0.91,117.7817,,2.2891,3.318,3.1618,,0.43,54344.2176,49885.6385,31902.9386,1134707.3136,1041612.1632,1
1822,300364.SZ,中文在线,20260825,22.92,5.935,6.8145,1.19,,,66.1416,10.0795,9.6307,,,72850.0118,66042.5473,57518.1316,1669722.2292,1513695.246,1
1823,300365.SZ,恒华科技,20260825,4.76,2.0738,2.1996,0.91,,,1.824,3.1898,4.218,,,59985.5469,51172.4617,48244.0479,285531.218,243580.9096,1
1824,300366.SZ,ST创意,20260825,5.14,0.7008,0.7346,0.6,,,2.7142,4.1795,4.6503,,,60757.615,53050.249,50609.3514,312294.1668,272678.285,1
1825,300368.SZ,汇金股份,20260825,7.78,6.6775,9.5383,1.51,,,85.3758,27.5497,27.7674,,,52894.3475,52894.3475,37030.2475,411518.043,411518.043,1
1826,300369.SZ,绿盟科技,20260825,6.78,3.3026,4.3951,0.62,,,2.1452,2.1625,2.1618,,,81062.1887,80770.2858,60693.8046,549601.6482,547622.5662,1
1827,300370.SZ,安控科技,20260825,2.24,1.6155,2.4881,1.44,,,8.118,8.5241,8.4355,,,156537.6225,156147.0084,101387.8644,350644.2688,349769.3024,1
1828,300371.SZ,汇中股份,20260825,10.65,1.3436,1.9261,0.88,32.3662,32.2084,1.818,4.7569,4.5921,0.8326,0.9335,20121.7296,13999.5662,9765.7586,214296.4245,149095.4205,1
1829,300373.SZ,扬杰科技,20260825,93.25,3.9982,7.7517,0.85,40.2573,35.4797,5.0562,7.106,6.1861,0.8773,0.9866,54334.7787,54214.336,27962.934,5066718.235,5055487.205,4
1830,300374.SZ,中铁装配,20260825,10.96,1.2926,2.4871,1.35,,,3.7951,1.4034,1.3559,,,24591.2337,24588.3447,12779.4489,269519.8808,269488.2064,1
1831,300375.SZ,鹏翎股份,20260825,4.07,2.1026,2.4567,1.12,,,1.5096,1.0877,1.1138,0.8744,,76414.3818,53265.2704,45588.5039,311006.5266,216789.6489,1
1832,300376.SZ,易事特,20260825,4.53,0.8054,1.6673,1.08,439.2309,,1.6254,2.8734,2.7417,0.4586,0.0435,232824.0476,232743.4901,112424.9054,1054692.9465,1054328.0097,1
1833,300377.SZ,赢时胜,20260825,14.15,3.849,4.7011,1.14,,,4.3996,7.7395,7.4599,,,75100.308,70104.5832,57397.7113,1062669.245,991979.807,1
1834,300378.SZ,鼎捷数智,20260825,31.67,3.6211,4.5056,1.14,52.6049,52.5092,3.7041,3.5347,3.5162,0.0941,0.3924,27155.4662,26951.3162,21660.6986,860013.7349,853548.3044,1
1835,300380.SZ,安硕信息,20260825,28.8,1.6617,2.7199,1.04,133.8119,107.5032,9.6666,3.8926,3.8232,0.1736,0.3472,13843.905,12736.5543,7781.2692,398704.32,366812.64,1
1836,300381.SZ,溢多利,20260825,6.38,1.5568,2.2169,0.69,,,1.1938,3.681,3.6362,1.5674,0.7837,48017.3861,47845.3174,33599.4796,306350.9482,305253.1416,1
1837,300382.SZ,斯莱克,20260825,17.67,3.5707,5.4219,0.72,,,5.0323,5.4525,5.3625,,,64839.9994,64833.8222,42698.1442,1145722.8,1145613.5994,4
1838,300383.SZ,光环新网,20260825,12.15,1.4875,1.8759,0.56,,,1.8405,3.0429,3.1293,0.4938,0.1646,179759.2847,179430.8667,142283.5891,2184075.3735,2180085.0705,1
1839,300384.SZ,三联虹普,20260825,12.22,1.3717,1.963,0.53,17.4219,20.6491,1.373,4.7383,5.3587,1.8003,1.473,31900.7265,22011.3489,15380.2556,389826.9206,268978.697,1
1840,300385.SZ,ST雪浪,20260825,12.41,1.3701,2.1477,0.68,,,,9.6597,11.5097,,,33314.5932,29066.2633,18542.8449,413434.0619,360712.2866,4
1841,300386.SZ,飞天诚信,20260825,12.59,12.2309,15.4513,1.43,897.2815,,3.7572,7.5806,8.8175,,0.0794,41804.4,25720.7653,20359.9937,526317.396,323824.4943,1
1842,300387.SZ,富邦科技,20260825,7.45,3.4746,5.7125,0.74,36.3546,40.5029,1.4876,1.5586,1.5703,0.9396,0.8054,28905.7018,28895.6645,17575.5317,215347.465,215272.667,1
1843,300388.SZ,节能国祯,20260825,7.0,0.8927,2.304,0.99,13.3892,12.6038,0.993,1.2982,1.2621,1.8571,1.3714,68104.2231,68104.2231,26387.3264,476729.54,476729.54,1
1844,300389.SZ,艾比森,20260825,12.58,2.0873,4.6483,1.59,18.4351,16.5601,2.5985,1.1167,1.0767,2.7822,1.5898,36910.0317,27451.8071,12327.2249,464328.1774,345343.7698,1
1845,300390.SZ,天华新能,20260825,62.11,6.7591,8.6965,1.02,128.2927,18.5248,3.7598,6.8352,4.3465,0.966,,83075.0788,71149.1404,55298.8556,5159793.2188,4419073.0854,4
1846,300393.SZ,中来股份,20260825,6.28,2.6229,2.9509,1.4,,,3.8636,1.5379,2.0645,,,108962.7358,95589.3051,84963.9346,684286.0072,600300.8668,1
1847,300394.SZ,天孚通信,20260825,257.1,4.1446,7.474,0.79,139.0253,120.7639,44.8824,54.3149,50.6643,0.2376,0.3331,109082.5093,108838.8049,60355.1688,28045110.75,27982455.48,1
1848,300395.SZ,菲利华,20260825,83.28,2.784,3.4488,0.78,98.7914,84.8102,8.3593,21.7138,18.1194,0.1546,,52572.7082,51253.74,41373.8545,4378255.2888,4268411.4672,4
1849,300396.SZ,ST迪瑞,20260825,7.35,0.6218,1.2985,0.64,,,1.296,2.4835,2.3174,3.5374,,27270.0161,27230.4751,13038.5248,200434.647,200144.028,1
1850,300397.SZ,天和防务,20260825,11.32,3.0027,3.2683,0.62,,,4.0889,11.7245,9.4547,,,51763.6745,40461.9605,37173.3065,585964.7444,458029.3872,0
1851,300398.SZ,飞凯材料,20260825,34.87,3.7503,4.7386,0.68,50.915,49.4628,3.9414,6.1622,5.8501,0.2995,0.3292,57003.325,56693.7041,44869.9537,1987705.7684,1976909.319,4
1852,300399.SZ,天利科技,20260825,18.45,5.4306,9.846,1.22,,2820.753,7.1924,7.4704,6.827,0.271,0.271,19760.0,19758.0725,10897.5727,364572.0,364536.3915,1
1853,300400.SZ,劲拓股份,20260825,28.53,5.302,7.899,1.22,82.6627,81.8434,9.8236,8.8416,8.6846,1.398,1.433,24331.9,24250.72,16277.8182,694189.107,691873.0416,1
1854,300401.SZ,花园生物,20260825,14.68,5.2789,7.5456,0.74,26.2343,29.0578,2.4082,6.4635,6.1801,0.7746,0.7682,54481.6618,53603.0369,37500.3955,799790.7688,786892.6272,1
1855,300402.SZ,宝色股份,20260825,14.97,1.905,4.1967,1.35,68.2719,73.4367,2.4386,2.6673,2.7199,0.6012,0.4676,24679.0497,24361.8497,11058.3197,369445.3785,364696.8945,1
1856,300403.SZ,汉宇集团,20260825,9.46,2.2869,2.6918,1.02,24.1599,27.4305,2.5437,4.8604,4.8518,1.0571,1.3742,60300.0,43816.0813,37225.0868,570438.0,414500.1168,1
1857,300404.SZ,博济医药,20260825,14.08,16.1853,18.2994,0.64,178.1105,126.1506,5.0855,6.2527,5.7176,0.0844,0.0923,38574.8938,28551.5612,25252.9564,543134.4512,402005.9648,4
1858,300405.SZ,科隆股份,20260825,5.8,3.5775,4.2754,1.13,,,4.2353,3.034,2.8825,,,28437.2671,21882.3359,18310.503,164936.166,126917.572,1
1859,300406.SZ,九强生物,20260825,11.65,1.0807,1.9668,0.7,35.9635,30.3561,1.9853,5.0376,4.9995,7.6926,10.2411,58614.0466,42428.3173,23314.3459,682853.6825,494289.928,1
1860,300407.SZ,凯发电气,20260825,12.0,2.0086,2.5185,0.54,59.058,54.3094,2.2088,1.5477,1.5182,0.7585,0.6565,34643.9212,25907.3306,20661.4999,415727.04,310887.96,1
1861,300408.SZ,三环集团,20260825,109.1,2.0157,3.1122,0.63,83.1971,75.7281,9.7265,24.1854,22.1047,0.3474,0.4114,199671.8571,186980.6217,121105.0361,21784199.926,20399585.642,1
1862,300409.SZ,道氏技术,20260825,18.29,2.3771,2.4765,0.85,28.2281,25.2524,1.771,1.7542,1.539,0.9698,1.3469,78224.8953,69620.6256,66826.1206,1430733.421,1273361.3227,4
1863,300410.SZ,正业科技,20260825,7.9,4.2549,5.4639,1.13,78.8618,72.3816,10.5158,3.3366,3.1153,,,36711.4797,36711.4797,28588.4436,290020.692,290020.692,1
1864,300411.SZ,金盾股份,20260825,7.84,2.4034,2.5704,0.67,299.3604,999.8716,3.3045,9.2498,9.9543,,,40652.0007,30911.55,28903.7063,318711.68,242346.552,1
1865,300412.SZ,迦南科技,20260825,4.68,2.6976,3.5748,0.94,78.5882,115.2876,2.2821,1.892,1.9859,1.2821,1.2393,49775.6637,46786.1646,35305.7946,232950.0888,218959.2288,1
1866,300413.SZ,芒果超媒,20260825,14.07,1.1028,1.8886,0.68,21.449,39.5546,1.1402,1.9055,1.8742,1.5636,1.8479,187072.0815,102169.9958,59658.274,2632104.3063,1437531.9,1
1867,300414.SZ,中光防雷,20260825,10.87,1.9551,3.4316,0.93,203.8523,188.969,3.5499,7.385,6.6964,0.092,0.1472,32601.9466,31567.1284,17985.2992,354383.1965,343134.7031,1
1868,300415.SZ,伊之密,20260825,19.68,0.8941,1.318,0.87,13.0124,13.4742,2.7869,1.5246,1.4399,2.492,2.9963,46856.2084,45442.7139,30826.4831,922130.016,894312.5328,1
1869,300416.SZ,苏试试验,20260825,14.5,2.059,2.95,0.67,28.643,27.3513,2.6126,3.2807,3.1564,1.0345,1.0345,50854.7806,50512.5069,35256.0709,737394.31,732431.395,1
1870,300417.SZ,南华仪器,20260825,11.34,3.0481,3.3991,1.07,,,3.3649,7.772,6.6688,,0.6173,13456.32,8359.04,7495.754,152594.6688,94791.5136,1
1871,300418.SZ,昆仑万维,20260825,40.32,3.5268,4.861,0.56,,147.6884,3.5006,6.32,5.2741,,,128503.4715,117445.7697,85208.9812,5181259.9104,4735413.4464,4
1872,300419.SZ,ST浩丰,20260825,8.5,1.3015,1.5312,0.6,,,9.383,13.0309,14.2673,,,36775.377,36775.377,31257.377,312590.73,312590.73,4
1873,300420.SZ,五洋自控,20260825,8.56,16.0408,18.8718,1.88,202.7828,460.2001,4.0168,11.2516,13.2285,,0.1168,111638.3561,111627.8061,94882.0528,955624.3616,955534.0536,1
1874,300421.SZ,力星股份,20260825,16.78,2.142,2.4304,0.79,71.2809,83.4234,3.8176,4.4486,4.3937,0.7151,0.8939,29403.0484,23030.2822,20297.1203,493383.179,386448.0984,1
1875,300422.SZ,博世科,20260825,4.16,2.292,3.8176,0.89,,,3.8462,1.1052,1.2723,,,53388.0389,51674.3384,31023.7929,222094.2464,214965.2544,1
1876,300423.SZ,昇辉科技,20260825,5.92,2.5762,3.0261,0.88,,,2.5588,3.8742,4.2072,,,49751.129,33318.9598,28365.5376,294526.6896,197248.2432,1
1877,300424.SZ,航新科技,20260825,14.3,3.0455,3.5541,1.01,,,5.2034,2.0889,1.8988,,,25662.4833,25647.9951,21977.3987,366973.607,366766.4,1
1878,300425.SZ,中建环能,20260825,4.08,1.2489,1.856,1.15,224.1745,186.6189,1.1769,1.7528,1.7537,0.6373,0.098,68222.4853,68073.8381,45805.0858,278347.7592,277741.2672,1
1879,300426.SZ,华智数媒,20260825,6.36,4.5264,6.0839,1.08,,,18.6156,25.2791,23.312,,,45038.281,40000.0,29759.4624,286443.4608,254400.0,1
1880,300427.SZ,红相股份,20260825,6.7,5.1165,6.2112,1.0,,,2.8349,4.6842,4.6741,,,50852.0298,50300.4888,41435.4531,340708.601,337013.283,1
1881,300428.SZ,立中集团,20260825,18.49,0.7753,1.8072,0.99,14.3094,13.7399,1.3955,0.3946,0.3796,1.6929,2.1092,68558.1553,59676.1199,25601.8313,1267640.3784,1103411.4588,1
1882,300429.SZ,强力新材,20260825,10.96,4.0611,4.542,1.01,,,3.6619,6.1535,5.9545,,,55546.1655,41780.5719,37356.5665,608785.9739,457915.068,1
1883,300430.SZ,*ST益通,20260825,4.27,1.5555,2.154,0.75,,,0.9092,2.4787,2.3244,1.0539,,27304.6796,25985.0459,18765.1248,116590.9836,110956.1635,1
1884,300432.SZ,富临精工,20260825,15.7,1.5749,2.6229,0.84,62.7824,52.9873,5.4767,1.991,1.6947,0.455,0.6369,170976.0242,169069.7441,101519.7374,2684323.514,2654394.918,4
1885,300433.SZ,蓝思科技,20260825,37.9,2.6373,6.9733,0.94,49.7941,57.9569,3.7909,2.6887,2.8452,1.3153,1.447,527874.087,496718.91,187855.3867,20006428.011,18825646.689,4
1886,300434.SZ,金石亚药,20260825,12.07,6.6163,11.2495,0.8,36.8404,26.2412,1.8175,4.6698,4.4966,0.5717,0.6794,40174.3872,34211.5111,20121.1644,484904.8873,412932.9257,1
1887,300435.SZ,中泰股份,20260825,16.61,2.0763,3.1363,0.49,14.2257,14.36,1.854,2.329,2.4292,1.2041,1.5051,38571.3,36887.4635,24420.0105,640669.293,612700.7106,1
1888,300436.SZ,广生堂,20260825,92.25,3.1826,5.0527,0.73,,,58.3955,35.2866,35.2162,,,15926.7,13672.1969,8611.8908,1469238.075,1261260.45,1
1889,300437.SZ,清水源,20260825,11.25,3.5341,4.2136,1.21,,,1.9951,3.1751,2.9181,,,24520.3097,17375.0597,14573.3097,275853.4875,195469.425,1
1890,300438.SZ,鹏辉能源,20260825,60.6,3.2707,3.8347,0.68,148.0547,53.0965,5.3543,2.5538,2.0305,,0.099,50334.336,40416.4238,34472.1386,3050260.398,2449235.052,4
1891,300439.SZ,美康生物,20260825,9.46,1.349,1.7764,0.86,57.4538,54.5465,1.2154,2.3592,2.3561,1.4275,0.3493,38384.3815,29233.2051,22199.2258,363116.3294,276546.1666,1
1892,300440.SZ,运达科技,20260825,19.33,3.2564,4.9596,1.13,98.1301,102.6242,5.1078,7.143,7.3868,0.2943,0.2385,44191.67,44022.1665,28904.4231,854224.9811,850948.5461,1
1893,300441.SZ,鲍斯股份,20260825,6.77,0.4999,0.9571,0.28,22.5359,26.0998,1.7304,2.5401,2.5233,4.4313,0.9601,64441.5868,62593.4061,32689.439,436269.5643,423757.3857,1
1894,300442.SZ,润泽科技,20260825,62.6,0.8749,2.1394,0.55,20.3427,19.748,7.1907,18.1063,16.2668,0.839,1.0241,164104.1973,163622.8373,66909.3266,10272922.92,10242789.784,1
1895,300443.SZ,金雷股份,20260825,18.65,3.1047,3.4764,2.18,18.9849,22.1568,0.9326,2.3983,2.3032,0.91,1.071,32013.4598,24210.677,21621.8761,597051.029,451529.182,4
1896,300444.SZ,双杰电气,20260825,9.79,2.9774,3.2579,0.67,42.4747,16.9042,3.7443,1.6293,1.6437,,0.6083,80462.009,62744.1699,57341.1083,787723.0779,614265.4243,1
1897,300445.SZ,康斯特,20260825,19.46,6.3009,8.1924,5.11,39.5887,32.9908,3.1057,7.0101,6.4998,0.4625,0.5139,21243.0013,13955.4471,10733.2453,413388.78,271573.057,1
1898,300446.SZ,航天智造,20260825,13.14,1.6506,1.927,0.97,12.608,13.3432,1.8361,1.2338,1.2503,2.1309,2.4353,84541.0111,37356.0171,31999.0517,1110868.8714,490858.1028,1
1899,300447.SZ,全信股份,20260825,13.56,1.896,2.4243,1.0,142.807,155.2443,2.108,5.0502,5.0719,0.3649,0.4379,31231.0375,20145.2815,15755.2615,423492.9024,273169.9968,1
1900,300448.SZ,浩云科技,20260825,5.65,2.1615,3.0222,0.96,,,3.1962,14.899,17.9393,0.5765,0.5765,67651.7079,63901.7081,45701.7975,382232.1615,361044.6615,1
1901,300449.SZ,汉邦高科,20260825,7.09,1.8115,2.3561,0.97,,,9.837,16.8356,17.9456,,,38603.5989,38603.5989,29681.4579,273699.524,273699.524,1
1902,300450.SZ,先导智能,20260825,33.4,1.5015,2.2095,0.83,35.7589,34.864,3.1293,3.8717,3.7192,0.1665,0.8532,167422.1434,155941.4363,105970.9703,5591899.81,5208444.096,4
1903,300451.SZ,创业慧康,20260825,3.5,1.0281,1.2937,0.68,,,1.3786,5.1553,5.6556,,,154912.4692,152669.377,121321.4665,542193.645,534342.83,1
1904,300452.SZ,山河药辅,20260825,13.01,5.2597,6.8858,0.68,17.2769,16.9737,3.0362,3.2354,3.0699,2.2879,2.288,23445.6285,19862.9687,15172.2492,305027.6463,258417.2397,1
1905,300453.SZ,三鑫医疗,20260825,9.7,3.0874,3.5653,0.69,19.1147,17.9623,3.3914,3.0876,2.951,3.0937,3.0925,52208.4275,36212.6706,31358.3898,506421.771,351262.899,4
1906,300454.SZ,深信服,20260825,116.93,5.6394,6.7599,1.08,128.4705,59.2512,4.5566,6.274,5.5873,0.052,0.0931,43155.9055,28800.1438,24026.5438,5046219.387,3367600.3702,1
1907,300455.SZ,航天智装,20260825,17.3,0.7999,1.783,0.64,,,7.4383,11.1423,12.5735,0.0867,,71776.7936,70671.4754,31704.9769,1241738.64,1222616.604,1
1908,300456.SZ,赛微电子,20260825,31.04,2.4277,2.5106,0.71,15.4249,15.9863,3.4312,27.5789,34.5075,,1.192,73221.3134,59744.8928,57773.2748,2272789.4624,1854481.3856,1
1909,300457.SZ,赢合科技,20260825,20.82,3.0179,5.0933,1.49,24.9601,21.7407,1.8873,1.4222,1.1917,0.5564,0.4041,64517.9428,63479.4761,37612.8211,1343263.719,1321642.7736,4
1910,300458.SZ,全志科技,20260825,30.7,3.0434,3.4878,0.51,116.3711,81.6482,9.1885,10.7488,9.7457,0.519,0.5412,99363.7349,81420.7625,71045.0875,3050466.511,2499617.332,1
1911,300459.SZ,汤姆猫,20260825,3.53,2.2988,2.3537,0.97,,,16.8593,13.3998,13.5182,,,351581.0939,328719.1562,321050.349,1241081.283,1160378.6348,1
1912,300460.SZ,ST惠伦,20260825,8.46,0.5563,0.6427,0.49,,,5.5257,4.2992,4.0258,,,28080.4251,28080.4251,24307.6871,237560.4378,237560.4378,1
1913,300461.SZ,田中精机,20260825,31.55,2.3223,4.0994,0.69,316.4148,1095.987,9.1628,15.7162,15.7793,,,15753.8692,14471.1257,8197.7492,497034.5985,456564.1515,1
1914,300462.SZ,ST华铭,20260825,11.46,0.7462,0.8261,1.88,,,1.53,3.0107,3.3197,,,18122.1938,13803.4042,12468.1442,207680.2974,158186.964,1
1915,300463.SZ,迈克生物,20260825,9.36,1.2423,1.3425,0.53,,,0.8971,2.6076,2.6578,1.1182,,60466.6624,49159.8938,45491.7899,565967.9376,460136.5704,1
1916,300464.SZ,星徽股份,20260825,7.53,4.9648,7.2421,1.91,723.5935,322.0789,24.7241,2.3534,2.3266,,,46729.9663,35514.2675,24346.7929,351876.6741,267422.4531,1
1917,300465.SZ,高伟达,20260825,12.15,4.2782,5.7733,0.51,187.8861,224.1007,7.783,5.2325,5.498,,,44374.9357,44374.9357,32883.8181,539155.521,539155.521,1
1918,300466.SZ,赛摩智能,20260825,7.42,1.6539,2.8391,1.46,,,5.7329,8.4104,8.1792,,,53552.9908,44887.2162,26147.8545,397363.1858,333063.1724,1
1919,300467.SZ,迅游科技,20260825,33.27,1.5227,1.5227,0.65,264.2589,268.6963,10.4061,23.5631,23.6015,,,20320.4897,17022.1829,17022.1829,676062.7023,566327.9286,1
1920,300468.SZ,四方精创,20260825,24.02,13.801,16.9268,1.79,171.5474,177.0045,7.7134,20.1978,19.4353,0.4163,0.2498,53064.9275,52978.9647,43195.6014,1274619.3784,1272554.6192,1
1921,300469.SZ,信息发展,20260825,55.48,2.8336,3.4489,1.34,,,58.8386,53.6065,57.2222,,,24823.8824,24811.3799,20384.9476,1377228.8624,1376535.3624,1
1922,300470.SZ,中密控股,20260825,27.66,2.7377,3.5691,3.56,14.9234,17.2834,1.9531,3.2516,3.3199,3.6158,3.6158,20793.4737,19733.4685,15136.442,575147.6568,545827.7802,4
1923,300471.SZ,厚普股份,20260825,10.04,1.9116,2.4724,1.06,601.7217,42.6262,2.8587,4.3754,4.2462,,,47015.8731,37476.3985,28976.4373,472039.3348,376263.056,1
1924,300472.SZ,*ST新元,20260825,6.61,0.5774,0.63,0.55,,,79.1223,14.6814,11.7497,,,27525.8621,24594.5328,22541.5192,181945.9346,162569.8433,1
1925,300473.SZ,德尔股份,20260825,24.59,8.7459,11.2859,2.45,27.0304,24.2532,2.2163,0.7806,0.7842,,,17266.2383,15051.6238,11664.0996,424576.7998,370119.4292,1
1926,300474.SZ,景嘉微,20260825,50.27,0.9629,1.2819,0.64,,,3.8769,36.4857,30.5123,0.1194,,52261.9223,40647.9684,30533.0924,2627206.7184,2043373.4519,1
1927,300475.SZ,香农芯创,20260825,153.7,3.323,4.583,0.56,132.5181,38.899,14.8511,2.0473,1.412,0.0593,0.076,46954.1767,45003.5767,32630.9278,7216857.466,6917050.246,1
1928,300476.SZ,胜宏科技,20260825,244.99,2.4301,3.5105,0.72,55.8379,51.4496,13.8342,12.4802,11.7453,0.1205,0.8141,98278.4813,86519.4945,59892.5754,24077244.8152,21196409.8551,4
1929,300477.SZ,ST合纵,20260825,2.51,1.62,1.6517,0.85,,,32.449,1.6179,1.6697,,,107201.8687,99101.2959,97195.1686,269076.6937,248744.263,1
1930,300478.SZ,杭州高新,20260825,29.29,1.9869,2.7288,0.85,,,68.511,9.4709,9.5849,,,12667.3,12667.3,9223.335,371025.217,371025.217,1
1931,300479.SZ,神思电子,20260825,14.98,2.4948,3.4096,0.59,175.8166,66.3416,5.5474,3.2799,3.1958,,,19704.0865,19692.8365,14408.9938,295167.2682,294998.7432,1
1932,300480.SZ,光力科技,20260825,31.98,6.2892,7.3038,0.88,293.9228,132.627,6.6014,17.6653,14.1793,0.1484,,37022.26,25899.8292,22302.0497,1183971.8748,828276.5634,4
1933,300481.SZ,濮阳惠成,20260825,14.12,2.4556,3.8123,0.65,31.3788,33.5281,1.6976,2.9218,2.839,2.8329,2.8329,29185.5438,29005.228,18683.3319,412099.966,409553.8476,1
1934,300482.SZ,万孚生物,20260825,16.32,2.4292,3.8769,0.99,,,1.4307,3.6607,4.0641,2.5208,1.3439,46808.8839,43006.6407,26947.2175,763920.9216,701868.3648,1
1935,300483.SZ,首华燃气,20260825,24.02,5.3528,6.1964,1.27,54.6323,26.6049,2.3761,3.2866,2.8701,,,38510.774,38453.174,33218.2464,925028.6954,923645.1434,1
1936,300484.SZ,蓝海华腾,20260825,12.9,1.4907,1.6377,0.8,51.8781,96.6341,3.9746,5.4923,6.064,1.2431,1.2403,20716.39,17177.5689,15635.4768,267241.431,221590.653,1
1937,300485.SZ,赛升药业,20260825,9.31,4.084,5.3017,0.8,307.7563,,1.3961,11.0801,11.5384,,0.3222,48166.64,27386.4432,21096.2484,448431.4184,254967.7564,1
1938,300486.SZ,东杰智能,20260825,23.01,3.5862,4.9939,1.02,569.5838,457.0523,6.46,10.8274,10.2162,,0.0565,47714.8936,47700.5527,34253.9944,1097919.6189,1097589.6555,1
1939,300487.SZ,蓝晓科技,20260825,62.63,1.7117,2.0953,0.64,35.5448,36.5221,6.9674,11.4463,10.9337,1.2405,0.5622,50914.0826,30802.4525,25163.7236,3188748.9932,1929157.6001,4
1940,300488.SZ,恒锋工具,20260825,32.03,2.663,6.1096,1.02,36.1467,30.5228,2.7672,8.5895,8.0686,0.5556,0.6146,19122.0797,16224.7662,7071.8293,612480.2224,519679.3831,1
1941,300489.SZ,光智科技,20260825,217.33,9.933,17.588,0.91,,,41.9068,14.5433,13.8979,,,13915.7835,13864.8331,7830.2981,3024316.4674,3013243.5039,1
1942,300490.SZ,华自科技,20260825,11.56,2.4609,3.1445,0.89,,,2.0706,1.9623,1.5746,,,39867.0674,39325.2612,30776.4363,460863.3292,454600.0056,1
1943,300491.SZ,通合科技,20260825,31.48,7.3836,9.3115,1.13,139.29,120.6278,4.6316,3.5918,3.4094,0.2124,0.2513,17766.6749,15760.0167,12496.8619,559294.9259,496125.3257,1
1944,300492.SZ,华图山鼎,20260825,23.43,0.9786,2.5148,0.83,26.8074,26.8223,25.2446,2.0171,2.0105,2.079,1.8284,27530.5961,27530.5961,10713.1686,645041.958,645041.958,1
1945,300493.SZ,润欣科技,20260825,12.12,1.8057,2.2807,0.93,112.4758,104.6123,5.3612,2.1509,2.1449,0.2888,0.2888,51252.1047,50661.1297,40109.7747,621175.5732,614012.8956,1
1946,300494.SZ,盛天网络,20260825,8.26,1.1676,1.2625,0.69,179.8652,2619.4903,2.7971,3.3841,3.4869,,0.0605,49051.0076,39834.8068,36839.6068,405161.3426,329035.5306,1
1947,300496.SZ,中科创达,20260825,56.32,1.7819,1.9426,0.58,57.7687,56.5365,2.4982,3.3432,3.2272,0.1025,0.3271,46171.7054,36956.69,33897.9134,2600390.7072,2081400.7808,1
1948,300497.SZ,富祥股份,20260825,16.74,4.1293,4.5063,0.69,,69.9919,3.8144,7.6094,5.7854,,0.2987,53864.8934,45626.2584,41808.4407,901698.426,763783.5924,4
1949,300498.SZ,温氏股份,20260825,14.14,1.2121,1.3423,1.62,17.8654,43.0977,2.3781,0.9062,0.9055,3.5251,3.5281,665392.9305,594587.9969,536924.9614,9408656.0302,8407474.32,1
1950,300499.SZ,高澜股份,20260825,30.8,16.5626,17.2512,2.47,331.2415,301.4875,6.7988,9.505,8.828,,0.2143,30524.8564,27173.2159,26088.5633,940165.688,836935.176,1
1951,300500.SZ,启迪设计,20260825,9.55,2.6315,4.8939,1.56,,,1.6415,1.6602,1.8454,1.5707,,17397.4869,16759.7955,9011.7955,166146.0295,160056.09,1
1952,300501.SZ,海顺新材,20260825,9.96,1.7075,1.7075,1.33,,,1.9911,2.5078,2.4423,3.156,5.309,27818.2696,27722.2819,27722.2819,277069.9692,276113.9088,1
1953,300502.SZ,新易盛,20260825,400.87,2.7927,2.9002,0.8,58.6362,42.6042,23.0037,22.499,15.8268,0.0571,0.1782,139425.6684,125424.3156,120776.0013,55891568.3329,50278847.1584,4
1954,300503.SZ,昊志机电,20260825,68.14,5.2471,7.0185,0.56,176.1179,72.8716,13.2394,13.1699,10.206,0.0772,0.1468,30822.6785,24121.353,18033.329,2100257.4152,1643628.789,1
1955,300504.SZ,天邑股份,20260825,15.5,3.7674,6.96,1.27,,,2.0044,3.4262,3.3474,,,27102.458,21825.1531,11813.6386,420087.975,338289.825,1
1956,300505.SZ,川金诺,20260825,19.13,8.0494,8.7804,0.63,11.5867,13.1386,1.798,1.2905,1.1836,1.5682,2.091,27486.7523,21729.9624,19920.8499,525821.5275,415694.1348,1
1957,300506.SZ,名家汇,20260825,5.24,2.7446,2.7446,0.55,,,5.5487,41.5423,44.342,,,142559.6569,76099.6513,76099.6513,747012.6184,398762.166,1
1958,300507.SZ,苏奥传感,20260825,6.47,1.0951,1.6938,1.29,43.5064,54.7287,2.4181,2.2671,2.4334,0.9188,0.9235,80400.2307,77834.7148,50322.6444,520189.4881,503590.5737,1
1959,300508.SZ,维宏股份,20260825,41.56,3.0377,4.9577,0.62,51.5161,70.0398,5.2272,8.2868,7.9078,0.4485,0.3874,10884.633,8192.2133,5019.6366,452365.2228,340468.2476,4
1960,300509.SZ,新美星,20260825,9.04,4.6434,8.8381,2.08,21.6937,19.4568,3.7459,2.1996,1.9904,1.6593,1.7699,29640.0,24710.3523,12982.3723,267945.6,223381.564,1
1961,300510.SZ,金冠股份,20260825,3.51,2.7946,3.7975,1.59,,,1.5097,2.7051,3.0665,,,82469.07,82469.07,60689.4985,289466.4357,289466.4357,1
1962,300511.SZ,雪榕生物,20260825,5.33,9.5916,10.0078,0.77,114.6444,22.741,2.089,1.7185,1.4515,,,64084.7016,56969.7713,54600.8691,341571.451,303648.8741,4
1963,300512.SZ,中亚股份,20260825,7.37,1.3635,3.6887,1.3,112.5328,96.5222,1.8443,2.6003,2.5239,0.8021,0.4051,40923.7375,32390.7201,11973.3152,301607.9638,238719.6064,1
1964,300513.SZ,恒实科技,20260825,7.43,1.7689,1.6664,1.1,,,4.3203,2.7437,2.5713,,,31369.1155,28722.4305,30490.4292,233072.5616,213407.6549,1
1965,300514.SZ,友讯达,20260825,10.18,2.7895,3.6932,1.87,29.1056,,1.9687,2.5561,2.6473,2.947,0.9823,20000.0,16025.8325,12104.45,203600.0,163142.9494,1
1966,300515.SZ,三德科技,20260825,15.98,2.6811,4.798,0.67,17.9053,15.6651,3.502,4.9828,4.6399,1.8318,2.4424,20575.45,20207.7775,11292.2065,328795.691,322920.3244,1
1967,300516.SZ,久之洋,20260825,30.92,1.0861,3.3944,0.58,322.4926,521.3724,6.0527,11.3956,11.7219,0.1594,0.1247,25200.0,25200.0,8063.4454,779184.0,779184.0,1
1968,300517.SZ,海波重科,20260825,10.22,4.4545,5.5411,1.75,1150.1923,,2.019,8.7624,12.8057,0.9661,0.9758,20041.745,12623.285,10147.9143,204826.685,129010.0238,1
1969,300518.SZ,新迅达,20260825,23.59,3.6943,4.8326,0.9,,,7.1156,36.8271,35.1582,,,19941.1576,19937.2501,15240.9655,470411.9644,470319.7275,1
1970,300519.SZ,新光药业,20260825,15.26,10.7734,15.7596,1.85,45.0384,39.3706,2.9451,9.2011,9.1442,1.9659,1.9659,16000.0,11410.0,7800.01,244160.0,174116.6,1
1971,300520.SZ,科大国创,20260825,23.04,3.1398,3.9721,1.3,,,4.0938,4.5705,4.8288,,,29203.1018,28221.916,22308.2726,672839.6544,650233.0368,4
1972,300521.SZ,爱司凯,20260825,23.36,1.7216,2.2931,0.77,,,6.5613,18.0319,17.7577,0.1647,,14973.0,14785.5,11100.152,349769.28,345389.28,4
1973,300522.SZ,世名科技,20260825,13.76,7.5006,12.3491,0.96,217.3794,662.1768,5.7023,6.1754,6.4783,0.2907,0.2907,32245.1507,26369.5043,16016.301,443693.264,362844.32,1
1974,300523.SZ,辰安科技,20260825,20.13,0.7135,1.4958,0.86,,,4.8383,3.1897,3.1417,,,23263.7638,23263.0438,11096.6846,468299.5653,468285.0717,1
1975,300525.SZ,博思软件,20260825,8.16,1.8565,1.9568,0.91,35.3051,35.0851,2.4527,3.0601,3.0564,1.4701,0.7353,75163.5578,61663.9441,58502.7465,613334.568,503177.7504,1
1976,300527.SZ,ST应急,20260825,8.03,0.5071,1.1476,1.02,458.5321,579.0291,2.8226,8.1351,8.275,0.0318,0.0655,101677.0372,101677.0372,44931.8479,816466.6312,816466.6312,1
1977,300528.SZ,幸福蓝海,20260825,12.87,2.2665,5.7321,0.96,,,14.0133,5.7662,6.9313,,,37260.8054,37260.8054,14733.1068,479546.6247,479546.6247,1
1978,300529.SZ,健帆生物,20260825,15.87,1.0309,1.2873,0.55,23.7863,24.1376,3.7951,6.2997,6.636,4.8879,3.1772,79860.5275,51240.2075,41036.3426,1267386.6111,813182.1327,1
1979,300530.SZ,领湃科技,20260825,19.02,5.4736,18.225,1.77,,,44.9823,25.0877,23.9373,,,17195.1354,17195.1354,5164.279,327051.5628,327051.5628,4
1980,300531.SZ,优博讯,20260825,16.49,3.7038,5.393,1.53,63.4703,39.5107,3.5524,3.4397,2.9689,0.3002,0.4786,32107.8965,31160.8338,21400.5137,529459.1061,513842.0867,1
1981,300532.SZ,今天国际,20260825,6.9,1.0501,1.5625,1.05,18.6523,20.213,2.3783,1.858,1.9264,3.1008,4.1376,63564.03,60458.151,40632.7401,438591.807,417161.2419,1
1982,300533.SZ,冰川网络,20260825,14.3,1.629,1.8927,0.87,9.7086,16.4753,3.0853,1.8379,1.8618,4.995,9.99,32824.6758,23096.3149,19878.2992,469392.781,330277.233,1
1983,300534.SZ,陇神戎发,20260825,16.77,22.4289,35.9705,0.85,115.7453,103.0358,6.939,5.7354,6.0283,0.2385,0.2385,30334.5,30205.1488,18833.9461,508709.565,506540.3655,1
1984,300535.SZ,达威股份,20260825,17.12,4.6393,6.2508,0.78,51.1598,141.8646,1.9261,2.5703,2.5536,,0.6133,10701.9863,8116.1046,6023.7808,183218.0055,138947.7108,1
1985,300536.SZ,农尚环境,20260825,9.01,2.5382,2.7156,0.72,,,9.3812,13.8121,13.9535,,,29328.8133,29326.6871,27411.4266,264252.6682,264233.4769,1
1986,300537.SZ,广信材料,20260825,19.49,3.4669,3.9435,0.72,295.194,353.7923,4.4532,8.3859,8.2579,,,20720.9354,15176.2133,13342.3417,403850.9257,295784.3329,1
1987,300538.SZ,同益股份,20260825,15.19,2.3219,2.7799,0.65,,,3.039,0.9169,0.9351,,0.1309,18191.8573,12098.5248,10105.0943,276334.2015,183776.5188,1
1988,300539.SZ,横河精密,20260825,18.26,2.0296,3.2702,0.78,92.7969,94.9241,4.1022,5.0773,5.0935,0.6144,1.0405,26810.0662,21788.8237,13523.0406,489551.6956,397863.8532,1
1989,300540.SZ,蜀道装备,20260825,28.16,5.307,8.1195,0.66,106.6722,76.3452,5.5474,9.0206,7.957,0.1279,0.1791,22759.183,20672.7206,13511.9978,640898.5088,582143.7952,4
1990,300541.SZ,先进数通,20260825,10.01,2.7085,2.7085,1.32,36.0476,102.6432,2.5521,1.2011,1.2278,0.1798,0.6993,43004.4492,38804.5412,38804.5412,430474.5445,388433.4454,1
1991,300542.SZ,新晨科技,20260825,13.95,19.0946,28.3616,10.17,,,7.8099,3.8784,3.7627,,,29855.9899,24758.1984,16668.623,416491.0605,345376.89,1
1992,300543.SZ,朗科智能,20260825,7.9,2.4128,2.6758,0.57,262.847,,1.7114,1.5009,1.5175,1.2658,0.3797,30637.1334,25019.8808,22560.9423,242033.327,197657.052,1
1993,300545.SZ,联得装备,20260825,33.6,14.4078,17.4126,1.03,56.0651,65.2317,2.8605,5.3216,5.6662,0.5779,0.2976,18546.1376,11955.8935,9892.7109,623149.968,401717.904,4
1994,300546.SZ,雄帝科技,20260825,18.54,16.8391,19.1027,1.9,93.2176,305.4665,3.0916,5.8849,5.7439,0.2414,0.2427,18764.9691,13796.5823,12161.6737,347902.5438,255788.5932,4
1995,300547.SZ,川环科技,20260825,26.21,4.4383,5.1058,1.33,27.8629,28.8452,4.1063,3.7325,3.8323,1.0535,1.0535,21690.6174,17822.3597,15492.439,568511.1502,467124.0556,1
1996,300548.SZ,长芯博创,20260825,196.23,5.1442,6.8041,0.8,172.762,118.5288,27.6807,22.8416,19.1477,0.0403,0.1478,29480.4803,29420.8555,22243.6055,5784954.5904,5773255.3578,4
1997,300549.SZ,优德精密,20260825,14.66,1.4318,2.1499,1.02,246.8854,364.5563,3.544,6.1989,6.3661,0.3411,0.3411,13334.0,10105.415,6730.1825,195476.5866,148145.4572,1
1998,300550.SZ,和仁科技,20260825,11.69,1.1462,2.2844,0.86,64.3949,156.7265,2.7594,7.055,7.0742,0.2139,0.2566,26256.0141,26231.6361,13162.0581,306932.8738,306647.8716,1
1999,300551.SZ,古鳌科技,20260825,10.74,4.6634,5.8293,1.81,,,11.9192,23.7447,25.6272,,,34006.2839,33907.2858,27125.459,365227.5546,364164.2946,1
2000,300552.SZ,万集科技,20260825,20.62,5.2315,6.4416,1.33,,,2.5405,4.0172,3.786,,,21313.3112,13795.7726,11204.0242,439480.4522,284468.7774,1
2001,300553.SZ,集智股份,20260825,43.9,6.3992,7.4823,1.21,257.2593,284.6404,5.7395,15.7806,16.0573,,0.1139,11102.5047,8508.9212,7277.1923,487399.75,373541.588,1
2002,300554.SZ,三超新材,20260825,20.79,3.9501,5.1977,1.14,,,4.7955,10.4045,10.1992,,,11421.1577,7909.4946,6010.9562,237445.7085,164438.2971,1
2003,300555.SZ,ST路通,20260825,12.61,0.6894,0.8297,0.93,,,6.1214,21.6935,22.3995,,,20000.0,19798.4863,16450.7792,252200.0,249658.9589,1
2004,300556.SZ,丝路视觉,20260825,16.32,3.1728,3.2978,1.12,,,4.9333,3.2638,3.2004,,,12156.535,10850.6536,10439.3599,198394.5696,177082.608,1
2005,300557.SZ,理工光科,20260825,25.87,2.0146,3.8206,1.05,87.4462,86.8516,4.0126,5.6173,5.3582,0.4578,0.5947,15712.8241,15615.2391,8233.8233,406490.9121,403966.2588,1
2006,300558.SZ,贝达药业,20260825,49.18,3.7085,6.2735,0.48,68.1869,44.5273,3.1422,5.7682,5.4022,0.402,0.3031,42333.1685,42217.9362,24956.5638,2081945.2268,2076278.1023,1
2007,300559.SZ,佳发教育,20260825,10.63,2.0453,2.5495,1.13,134.1533,308.5435,3.6191,9.8642,13.8564,1.4111,0.6585,39951.4567,31113.6833,24960.3836,424683.9135,330738.4184,1
2008,300560.SZ,中富通,20260825,17.83,5.584,6.9994,0.77,,,4.6094,3.5947,3.5396,,,22974.3622,18696.4785,14915.6436,409632.8388,333358.2384,1
2009,300561.SZ,汇金科技,20260825,15.25,7.098,12.0306,1.06,,,8.6231,44.6416,44.7283,0.2295,0.1967,32810.7975,24105.7574,14222.2872,500364.7,367612.84,1
2010,300562.SZ,乐心医疗,20260825,15.93,11.8553,13.1701,2.02,42.5305,34.9635,3.1001,3.5362,3.49,1.7414,1.6249,21892.4188,16727.8783,15057.8064,348746.2315,266475.1013,1
2011,300563.SZ,神宇股份,20260825,24.86,8.8865,10.3275,4.42,61.198,72.97,4.0198,5.3609,5.1434,0.9357,0.9476,18213.8114,12672.9881,10904.6726,452795.3166,315050.5314,1
2012,300564.SZ,筑博设计,20260825,12.7,1.8237,2.8361,0.91,84.2147,44.075,1.6504,5.8171,5.7908,3.937,1.9685,16131.52,11319.175,7278.6575,204870.431,143753.586,1
2013,300565.SZ,科信技术,20260825,9.9,3.7268,3.8476,1.22,,,4.7409,4.1814,4.1966,,,24970.4612,22820.5145,22103.8656,247207.554,225923.049,1
2014,300566.SZ,激智科技,20260825,28.54,8.4146,9.3199,0.81,36.7261,36.9287,2.9748,3.5187,3.5066,0.6944,0.6944,26210.4623,22668.0431,20466.2197,748046.5284,646945.8616,1
2015,300567.SZ,精测电子,20260825,206.28,3.9316,4.8367,1.4,703.5558,662.2533,13.8166,17.2379,16.9839,,0.097,27974.6831,22704.9725,18455.9812,5770616.9904,4683581.2116,4
2016,300568.SZ,星源材质,20260825,14.4,4.3085,4.466,0.95,592.0454,1137.2287,2.207,5.2193,4.9877,0.3437,0.0684,149523.4139,120856.1944,116593.9571,2153137.104,1740329.136,1
2017,300569.SZ,天能重工,20260825,4.67,1.0804,1.3974,1.09,43.6633,52.4971,0.9119,1.2069,1.1535,0.21,0.5879,102272.6168,101964.7941,78833.0989,477613.0887,476175.5693,1
2018,300570.SZ,太辰光,20260825,202.7,10.7391,13.3639,0.67,153.9941,152.4855,27.5981,29.7646,26.7792,0.3947,0.4933,22712.6867,19219.2798,15444.4368,4603862.263,3895748.056,4
2019,300571.SZ,平治信息,20260825,29.97,4.4796,5.721,0.72,,,3.3882,4.1467,3.9461,,,13952.8294,11563.7175,9054.4675,418166.3151,346564.6884,1
2020,300572.SZ,安车检测,20260825,20.29,3.8764,4.2191,1.64,,,2.8874,10.5815,10.6275,,,22898.8812,18127.7907,16655.5486,464618.2752,367812.8591,1
2021,300573.SZ,兴齐眼药,20260825,39.58,2.0324,2.2435,0.69,20.1876,18.5723,6.4288,5.6807,5.3616,2.4701,2.9768,35491.7774,27199.7626,24639.8524,1404764.2566,1076566.5008,1
2022,300575.SZ,中旗股份,20260825,6.03,4.6844,5.3076,0.75,,,1.4375,1.0773,0.9973,0.8052,,47858.545,34632.1716,30566.0388,288587.0264,208831.9947,1
2023,300576.SZ,容大感光,20260825,29.62,5.0051,6.0208,0.66,101.2192,108.3413,6.8691,11.1873,10.8899,0.2294,0.2145,40368.8373,25408.0776,21121.5676,1195725.0408,752587.3296,4
2024,300577.SZ,开润股份,20260825,17.53,0.8375,1.1758,0.47,12.6988,12.204,1.9201,0.8595,0.8553,1.9681,2.3667,23983.6247,14216.4791,10127.1382,420433.0339,249214.8944,1
2025,300578.SZ,会畅科技,20260825,15.5,1.9427,2.6718,0.62,,,2.709,6.685,7.2404,,,19826.974,19821.6115,14412.6115,307318.035,307234.955,1
2026,300579.SZ,数字认证,20260825,23.06,5.9655,12.5127,3.95,,,7.8669,7.4231,7.2886,0.1301,,27000.0,26047.3279,12418.1594,622620.0,600651.4298,1
2027,300580.SZ,贝斯特,20260825,20.01,1.4398,3.3613,0.65,36.1555,36.4528,3.0027,6.6834,6.3631,0.8466,0.849,50232.2762,47259.2472,20243.3063,1005147.9228,945657.5925,1
2028,300581.SZ,晨曦航空,20260825,9.92,1.5309,2.7835,0.86,,,5.9601,41.9733,39.3165,,,55010.9546,55010.9546,30256.4644,545708.624,545708.624,1
2029,300582.SZ,英飞特,20260825,11.26,2.3227,2.5707,1.16,,,3.8234,1.4549,1.4162,0.3329,,29853.6488,22156.4594,20018.7126,336152.099,249481.7396,1
2030,300583.SZ,赛托生物,20260825,13.07,1.4413,2.6918,0.9,,,1.4041,2.4383,2.285,0.153,0.1148,18970.2126,18614.8926,9967.0744,247940.6447,243296.6123,1
2031,300584.SZ,海辰药业,20260825,32.35,5.5025,7.8549,0.98,92.3003,86.3326,3.6164,5.785,5.3425,0.3091,0.3091,12000.0,8213.1521,5753.4781,388200.0,265695.4025,4
2032,300585.SZ,奥联电子,20260825,15.68,2.9428,4.6967,0.88,,,4.294,5.7488,6.3406,,,17111.1111,17111.1111,10721.1963,268302.2048,268302.2048,4
2033,300586.SZ,美联新材,20260825,9.03,2.4761,2.7766,0.81,,,3.4815,3.8602,3.8823,,,71121.6645,53459.6468,47673.6718,642228.6801,482740.6395,1
2034,300587.SZ,天铁科技,20260825,5.03,2.4593,2.9442,0.82,,,2.9145,4.132,4.1398,0.5358,,129826.8797,105261.2511,87924.623,653029.2064,529464.0875,4
2035,300588.SZ,熙菱信息,20260825,21.07,1.415,1.9419,0.49,,,15.7478,17.9699,19.2059,,,19147.103,17682.203,12884.303,403429.397,372563.954,4
2036,300589.SZ,江龙船艇,20260825,13.32,10.019,10.7037,1.58,,,7.4413,7.159,5.8496,0.0751,,37766.7996,22253.7759,20830.1458,503053.776,296420.3496,1
2037,300590.SZ,移为通信,20260825,10.95,2.7437,3.8278,0.83,67.8863,43.3711,2.6802,5.68,4.8354,1.987,1.0959,46223.6538,35781.4593,25647.5428,506148.9675,391806.987,1
2038,300591.SZ,万里马,20260825,7.26,9.6466,10.5682,0.9,,,17.2267,5.7002,5.3834,,,40567.3777,35044.4827,31988.2452,294519.1788,254422.9248,1
2039,300592.SZ,华凯易佰,20260825,14.81,2.6599,3.8785,0.8,39.4936,24.8305,2.419,0.6344,0.661,0.3456,1.6622,39122.9329,34388.6124,23583.8177,579410.5933,509295.3141,1
2040,300593.SZ,新雷能,20260825,30.42,5.3828,5.7159,0.93,,,7.111,13.8889,12.13,,,54249.8469,45026.2151,42402.2673,1650280.437,1369697.6124,1
2041,300594.SZ,ST朗进,20260825,14.57,0.8645,1.3119,0.8,,,1.7528,1.713,1.6688,,,9187.345,9099.2875,5995.7875,133859.6895,132576.6553,1
2042,300595.SZ,欧普康视,20260825,10.96,1.2664,1.7161,0.71,20.4414,21.0602,1.9371,5.2667,5.3204,2.5594,1.7171,89435.6608,66849.476,49330.7632,980214.8336,732670.3008,1
2043,300596.SZ,利安隆,20260825,42.68,1.1587,1.7021,0.44,19.736,17.7337,1.9655,1.6272,1.5271,0.8669,1.0544,22961.9667,22961.9667,15631.4728,980016.8796,980016.8796,1
2044,300597.SZ,吉大通信,20260825,7.92,1.383,1.6802,0.92,,,2.3046,4.575,4.4957,0.0494,,27257.003,27137.2238,22337.2238,215875.44,214926.7824,1
2045,300598.SZ,诚迈科技,20260825,32.35,6.1142,8.3267,0.5,,,4.9699,3.1609,3.1465,,,21698.1741,21692.0975,15928.1906,701936.123,701739.435,4
2046,300599.SZ,雄塑科技,20260825,11.65,2.5146,8.4298,0.72,,,2.134,4.5867,4.5931,,0.8541,35813.1567,18803.4392,5609.1642,417223.314,219060.076,1
2047,300600.SZ,国瑞科技,20260825,10.19,1.5751,2.6766,0.95,,,2.4988,10.828,10.5096,,,29423.448,29423.448,17315.4154,299824.9555,299824.9555,1
2048,300601.SZ,康泰生物,20260825,12.95,4.1605,6.2414,0.72,205.6612,173.883,1.5839,5.4111,5.6633,0.695,0.2703,111693.0267,90039.7192,60020.4668,1446424.7385,1166014.374,1
2049,300602.SZ,飞荣达,20260825,45.8,10.7347,14.1472,1.55,73.6754,59.5447,6.1963,4.1153,3.6531,0.0821,0.13,58644.3631,40117.9301,30440.8221,2685911.688,1837401.194,1
2050,300603.SZ,立昂技术,20260825,7.64,3.0287,3.2473,0.54,,,2.8154,4.8653,5.1172,,,46479.8231,37393.1204,34875.5246,355105.8248,285683.4368,1
2051,300604.SZ,长川科技,20260825,263.62,3.7258,4.0162,1.01,127.8283,108.1988,33.4151,32.1623,29.0684,0.037,0.0373,64558.2194,48947.8185,45408.0886,17018837.7982,12903623.913,4
2052,300605.SZ,恒锋信息,20260825,10.43,6.1075,6.9693,1.18,,,3.9456,3.9393,3.9443,,,16514.4125,12638.295,11075.5708,172245.4006,131817.469,1
2053,300606.SZ,金太阳,20260825,35.63,4.9164,7.1908,0.75,247.5318,246.1086,7.1818,9.0468,9.0556,0.3368,0.5613,13834.7826,11767.4486,8045.5674,492933.2114,419274.2435,4
2054,300607.SZ,拓斯达,20260825,36.73,17.8681,19.9588,1.5,237.1545,117.2364,5.9151,6.9795,6.4593,,0.0867,47697.2412,34517.7635,30902.017,1751919.6252,1267837.3248,1
2055,300608.SZ,思特奇,20260825,9.86,2.479,3.6856,0.94,,,2.3751,5.5641,5.554,,,34802.9112,30436.6058,20472.7307,343156.7912,300104.9746,1
2056,300609.SZ,汇纳科技,20260825,25.63,2.481,3.1025,0.94,,,3.3549,10.0228,9.5502,,,12011.4387,11992.9207,9590.6365,307853.2072,307378.5396,1
2057,300610.SZ,晨化股份,20260825,10.48,1.958,2.1222,0.82,33.6854,32.0348,1.8782,2.5404,2.3011,1.927,1.4313,21208.728,16557.7628,15276.8637,222267.4904,173525.3248,1
2058,300611.SZ,美力科技,20260825,24.7,4.3987,5.1213,3.29,35.7335,40.3419,4.0494,2.5911,2.5532,0.479,0.6073,21107.468,14830.298,12737.908,521354.509,366308.41,1
2059,300612.SZ,宣亚国际,20260825,11.91,2.6498,3.3315,0.99,,,4.9554,6.2355,7.8884,,,18298.5996,18204.4746,14479.4671,217936.326,216815.2377,1
2060,300613.SZ,富瀚微,20260825,66.86,4.5574,7.9753,0.97,107.4246,72.2943,5.3399,9.2155,8.067,0.1773,0.1185,23289.513,21969.0104,12553.9294,1557136.6386,1468848.0086,4
2061,300614.SZ,百川畅银,20260825,10.86,1.4913,2.7665,1.01,,,2.4117,4.4229,4.7458,,,16044.0728,16044.0728,8648.4438,174238.6002,174238.6002,1
2062,300615.SZ,欣天科技,20260825,16.03,23.5025,36.0259,1.01,,,6.8753,6.5314,5.2351,0.3127,0.3123,19298.92,15308.7263,9987.0817,309361.6876,245398.9419,4
2063,300616.SZ,尚品宅配,20260825,10.83,2.777,3.1498,0.75,,,0.8444,0.6845,0.7133,7.7081,1.7129,22451.598,15521.6242,13684.7713,243150.7197,168099.1446,1
2064,300617.SZ,安靠智电,20260825,39.78,2.5272,3.8531,0.81,89.568,78.4923,2.1593,7.9684,7.3323,0.5972,,16570.7664,13887.2724,9108.3341,659184.8328,552435.6006,4
2065,300618.SZ,寒锐钴业,20260825,34.68,2.2976,2.8907,0.88,42.198,47.546,1.9299,1.6043,1.4448,0.4306,0.4902,30969.7091,27249.6658,21659.1782,1074029.5428,945018.5556,4
2066,300619.SZ,金银河,20260825,25.78,5.9532,6.7411,1.94,303.2763,76.3383,3.6324,3.0217,2.6236,,0.0985,22619.9555,19043.2446,16817.4434,583142.311,490934.7272,4
2067,300620.SZ,光库科技,20260825,290.68,3.2025,6.2812,0.67,409.9768,265.1245,32.086,49.1407,37.9426,0.0344,0.0688,24918.0545,24733.6042,12610.7772,7243178.774,7189562.848,4
2068,300621.SZ,维业股份,20260825,7.51,2.052,3.3719,0.95,,,2.91,0.1801,0.1909,0.1332,,20805.67,20252.9013,12325.1157,156250.5817,152099.279,1
2069,300622.SZ,博士眼镜,20260825,14.73,2.9631,3.4958,0.91,31.6192,29.6767,4.9623,3.454,3.3867,0.4104,1.3093,31899.5824,21808.1644,18484.7627,469880.8134,321234.1968,1
2070,300623.SZ,捷捷微电,20260825,29.6,3.7124,5.9523,0.74,51.668,46.6849,3.9672,7.0488,6.1458,0.5068,0.5068,83207.9919,76765.819,47879.151,2462956.504,2272268.272,4
2071,300624.SZ,万兴科技,20260825,47.4,3.2174,4.0253,0.76,,,9.527,5.9788,6.1967,,,19333.6324,17123.3216,13686.5526,916414.062,811645.368,1
2072,300625.SZ,三雄极光,20260825,9.76,1.367,2.1761,1.21,,,1.4861,1.5101,1.556,3.0738,2.5615,27933.1,16197.1756,10174.4103,272627.056,158084.4768,1
2073,300626.SZ,华瑞股份,20260825,31.5,3.0162,5.1615,1.05,570.9533,383.492,10.6543,6.8961,6.9358,,0.054,18000.0,17990.1525,10513.0705,567000.0,566689.725,4
2074,300627.SZ,华测导航,20260825,27.25,0.7432,1.0066,0.59,31.5656,31.2605,4.9549,5.8488,5.7018,1.2903,1.6367,79397.0662,65713.1856,48512.6526,2163570.054,1790684.3076,1
2075,300628.SZ,亿联网络,20260825,40.92,2.1692,3.152,0.87,19.9347,17.9707,5.6298,8.5929,7.7002,4.3875,4.3986,126691.8377,72587.0698,49953.2786,5184230.0928,2970262.9044,4
2076,300629.SZ,新劲刚,20260825,17.06,2.2361,2.5082,0.97,52.6383,38.6999,2.4179,10.9423,9.8257,0.583,0.583,25142.3424,21678.8619,19326.6786,428928.3204,369841.3516,1
2077,300631.SZ,久吾高科,20260825,21.89,1.5799,2.1441,1.35,37.1489,37.8175,2.0064,4.321,4.1355,0.8224,1.1421,12503.1424,12160.5081,8960.5081,273693.7346,266193.5639,1
2078,300632.SZ,光莆股份,20260825,18.51,4.243,4.9675,0.75,,,3.2612,7.0186,7.164,0.5001,0.5212,30518.162,22119.5558,18893.3648,564891.3267,409433.0556,1
2079,300633.SZ,开立医疗,20260825,19.07,2.3959,2.9362,1.11,41.0667,49.3925,2.6858,3.5089,3.3786,0.5305,0.9386,42483.7505,26011.6315,21225.3715,810165.1125,496041.7841,4
2080,300634.SZ,彩讯股份,20260825,19.11,1.4856,2.5312,0.54,29.6666,35.5614,2.8291,4.7119,5.1536,0.8326,0.9405,45121.09,43427.35,25487.8268,862264.0299,829896.6585,1
2081,300635.SZ,中达安,20260825,12.42,3.0359,3.5427,0.86,,,5.6548,2.9501,3.081,,,14001.4,12041.4227,10318.825,173897.388,149554.4364,1
2082,300636.SZ,同和药业,20260825,6.96,1.145,1.424,0.53,39.9891,41.1152,1.226,3.5272,3.5379,0.5747,0.5747,41995.1495,36735.7684,29537.3606,292286.244,255680.9592,1
2083,300637.SZ,扬帆新材,20260825,9.14,1.4952,2.408,0.92,141.2253,1086.0217,3.0615,2.3327,2.4089,,0.3282,23475.013,23453.4869,14563.0269,214561.6188,214364.8703,1
2084,300638.SZ,广和通,20260825,18.69,1.3797,1.5908,0.64,48.4303,70.3482,2.6905,2.4053,2.468,1.8693,1.2477,89926.5844,53044.8684,46007.056,1680727.9671,991408.6203,1
2085,300639.SZ,凯普生物,20260825,6.15,2.1704,3.4834,0.59,,,1.0441,5.9375,6.0728,,,64650.0674,63020.2146,39265.901,397597.9145,387574.3198,1
2086,300640.SZ,德艺文创,20260825,6.86,2.7853,3.2519,0.77,165.1553,207.4373,2.6259,2.024,2.0019,0.2915,0.3644,31099.3427,22074.913,18907.5063,213341.4724,151433.8826,1
2087,300641.SZ,正丹股份,20260825,13.93,0.9094,2.0865,0.67,10.2513,22.8077,2.2992,3.1962,3.8502,4.3073,5.743,52554.481,52554.121,22904.417,732083.9064,732078.8916,1
2088,300642.SZ,透景生命,20260825,16.2,8.1832,9.592,2.82,732.6861,213.635,1.829,7.2254,6.7042,0.9191,0.6081,16227.2241,13770.5571,11748.1346,262881.126,223083.072,2
2089,300643.SZ,万通智控,20260825,17.83,1.3335,2.2793,0.75,26.1441,25.7239,3.1434,3.3769,3.2939,0.8909,1.2277,23158.1854,23105.4303,13518.4094,412910.5277,411969.8169,4
2090,300644.SZ,南京聚隆,20260825,20.34,5.1698,7.2027,3.04,16.9959,22.534,2.1031,0.787,0.7476,1.2037,1.2291,11067.9506,8821.3086,6331.5008,225122.103,179425.4454,4
2091,300645.SZ,正元智慧,20260825,13.37,2.512,3.5686,1.21,145.1002,143.9855,1.8052,1.4434,1.4345,0.1461,0.1476,14210.6515,13932.0444,9806.8551,189996.3905,186271.3748,1
2092,300647.SZ,超频三,20260825,5.82,3.1461,3.8198,1.15,,,6.0583,3.7779,3.0789,,,45732.1024,45664.2143,37610.1961,266160.822,265765.7022,1
2093,300648.SZ,星云股份,20260825,40.89,1.3898,1.6592,0.87,,,6.1413,7.4626,7.3769,,,17428.14,13268.6943,11114.2713,712636.6446,542556.7341,1
2094,300649.SZ,杭州园林,20260825,25.6,4.514,5.2978,0.69,,,7.6743,23.9259,23.7468,0.1953,0.1953,13241.6609,10611.3964,9041.5736,338986.496,271651.84,1
2095,300650.SZ,太龙股份,20260825,11.53,4.5577,5.389,1.43,69.716,82.3666,1.9526,1.0393,0.9346,0.3921,0.3303,24140.2672,17034.5341,14406.8586,278337.1978,196408.1309,4
2096,300651.SZ,金陵体育,20260825,16.99,4.9219,7.4539,1.62,39.4267,88.1164,2.2564,5.7348,5.6288,0.805,1.1772,14120.9688,10340.6515,6828.0731,239915.2803,175687.6435,1
2097,300652.SZ,雷迪克,20260825,28.88,1.1761,2.1982,0.93,27.2775,28.9509,2.4904,3.6883,3.6442,0.3995,0.3463,13339.0572,11971.7927,6405.2535,385231.764,345745.2952,1
2098,300653.SZ,正海生物,20260825,15.21,1.3354,2.328,0.58,33.2216,39.363,3.1359,7.5186,8.1465,2.9847,1.8168,18000.0,18000.0,10325.1626,273780.0,273780.0,1
2099,300654.SZ,世纪天鸿,20260825,9.88,1.6993,3.1732,0.45,144.7969,143.5771,4.2143,7.1251,7.1499,0.5567,0.5061,36612.4852,35263.6239,18883.8459,361731.3024,348404.5656,1
2100,300655.SZ,晶瑞电材,20260825,12.55,2.375,2.7443,0.7,94.669,125.6336,5.4931,8.7831,8.521,0.4124,0.1706,112662.6471,112149.2066,97058.9506,1413916.2575,1407472.5855,4
2101,300656.SZ,民德电子,20260825,25.86,3.9,5.0407,0.77,,,5.6602,14.5973,13.6632,,,17112.5072,13495.0642,10441.1597,442529.25,348982.2516,1
2102,300657.SZ,弘信电子,20260825,33.67,4.9534,6.0131,0.97,110.2588,74.7397,10.3934,2.2198,2.2563,,,48212.5646,47770.6438,39352.1127,1623316.8952,1608437.4488,1
2103,300658.SZ,延江股份,20260825,10.65,3.2561,4.5659,1.15,87.4645,58.2596,2.6234,2.0336,1.9885,0.5553,0.833,33276.4105,22084.386,15749.2965,354393.7665,235198.7535,1
2104,300659.SZ,中孚信息,20260825,10.28,2.2468,2.5622,1.17,,,2.2912,3.6936,3.8333,,,26039.2378,18923.8807,16594.0675,267683.3872,194537.4864,1
2105,300660.SZ,江苏雷利,20260825,24.13,0.9288,2.5208,0.52,46.9186,51.7449,3.9175,3.3558,3.2498,1.2068,1.1158,58127.7512,58092.789,21405.4151,1402622.6075,1401779.0227,1
2106,300661.SZ,圣邦股份,20260825,114.86,1.7273,2.5911,0.65,143.9405,128.8804,14.3995,20.2009,18.7191,0.1327,0.1733,68556.5355,60181.8629,40119.474,7874403.0358,6912488.4396,1
2107,300662.SZ,科锐国际,20260825,19.88,1.1693,1.6586,0.79,12.4791,11.2553,1.6649,0.2691,0.2604,0.8048,1.1569,19680.6359,19623.5204,13833.7538,391251.1232,390115.5776,1
2108,300663.SZ,科蓝软件,20260825,8.72,13.0582,13.7267,1.65,,,13.0189,7.0613,8.0318,,,47845.2306,46038.8007,43796.7794,417210.4056,401458.336,1
2109,300664.SZ,鹏鹞环保,20260825,4.59,0.9254,1.3306,0.94,20.2836,31.7352,0.7911,2.0834,2.0027,2.1095,2.1095,75286.0332,72517.9886,50434.0656,345562.8777,332857.5741,1
2110,300665.SZ,飞鹿股份,20260825,9.3,3.6249,4.1168,1.14,,,4.8699,4.1163,4.3723,,,22954.073,21801.0949,19195.7464,213472.851,202750.137,1
2111,300666.SZ,江丰电子,20260825,235.5,8.8414,9.7914,1.23,130.1117,82.6283,8.9139,14.1159,12.387,0.1244,0.157,27597.1083,22144.3642,19995.8073,6499117.05,5214996.78,4
2112,300667.SZ,必创科技,20260825,14.53,2.7456,3.183,0.68,,,2.8567,3.9162,3.7878,,,20463.6039,17731.1129,15294.2544,297336.108,257633.0283,1
2113,300668.SZ,杰恩股份,20260825,33.0,4.3231,6.9838,0.6,267.2732,242.9073,5.0044,7.2108,8.9683,,,12038.1273,9969.3862,6171.1963,397258.29,328989.87,1
2114,300669.SZ,沪宁股份,20260825,23.74,0.4916,0.8326,0.49,238.4533,259.0286,5.1957,14.0052,14.1901,0.419,0.3352,19270.5526,18249.9937,10775.1791,457482.857,433254.7626,1
2115,300670.SZ,大烨智能,20260825,6.65,4.0933,5.3231,1.08,,,4.7845,8.8463,9.4762,,,31692.0479,22469.4226,17278.4981,210752.1325,149421.643,1
2116,300671.SZ,富满微,20260825,55.0,4.9668,7.2204,0.8,,,7.2676,14.2844,10.6127,,,22138.646,22078.4955,15187.4912,1217625.75,1214317.5,4
2117,300672.SZ,国科微,20260825,157.45,3.3178,4.6604,0.57,,,8.864,19.0848,16.1306,0.1896,,21710.2452,21033.7661,14974.3253,3418278.8625,3311767.0865,4
2118,300673.SZ,佩蒂股份,20260825,12.6,1.577,2.0548,1.21,26.9395,51.1778,1.8489,2.1507,2.1403,2.7192,1.9218,24730.5855,16046.1274,12314.7449,311605.434,202181.238,4
2119,300674.SZ,宇信科技,20260825,15.57,1.9925,2.624,0.93,25.3846,26.1442,2.3692,3.0256,3.0447,1.6303,1.9197,70405.706,70301.192,53383.1079,1096216.749,1094589.5283,1
2120,300675.SZ,建科院,20260825,12.97,1.4009,2.4515,1.19,,,3.8668,7.4575,7.3119,0.0771,,14666.67,14666.67,8380.9557,190226.7099,190226.7099,1
2121,300676.SZ,华大基因,20260825,40.68,3.2434,5.2326,0.59,,,1.9981,4.5925,4.4064,,,41831.7075,41603.595,25788.2062,1701713.9628,1692434.448,4
2122,300677.SZ,英科医疗,20260825,52.1,5.1242,5.8522,3.34,33.7515,29.9865,1.7954,3.4368,2.8615,0.2829,0.2865,65475.3263,46561.2527,40768.675,3411264.172,2425841.125,1
2123,300678.SZ,中科信息,20260825,21.93,1.2621,1.8849,0.88,454.1543,412.325,7.5521,10.1831,9.2343,0.228,0.2736,29638.6293,29119.717,19499.0056,649975.1559,638595.4596,1
2124,300679.SZ,电连技术,20260825,51.3,7.8643,9.7131,0.76,80.8316,93.5692,4.3278,4.0307,3.9601,0.9169,0.4588,42482.0,35947.1763,29105.2018,2179326.6,1844090.334,1
2125,300680.SZ,隆盛科技,20260825,20.62,3.1913,3.536,0.88,25.2379,25.2927,2.922,2.2921,2.3137,0.7485,0.7461,29411.3888,22636.5607,20430.2273,606462.8618,466765.8672,1
2126,300681.SZ,英搏尔,20260825,21.6,2.5094,2.6468,0.97,35.5881,28.5179,2.139,1.7063,1.4971,0.1161,0.287,30605.534,23079.4762,21881.8081,661079.664,498516.768,1
2127,300682.SZ,朗新科技,20260825,9.39,1.5564,2.409,0.68,96.4608,,1.5891,2.2416,2.2718,2.6624,2.0234,107823.5821,103393.3617,66798.8663,1012463.4162,970863.6504,1
2128,300683.SZ,海特生物,20260825,26.73,6.2838,10.4563,0.8,,,1.6803,6.4619,7.1128,0.4863,,13089.4391,12219.9604,7343.7104,349880.7312,326639.5308,1
2129,300684.SZ,中石科技,20260825,86.01,12.1875,14.3615,0.74,76.0865,72.5501,12.4366,14.0408,13.4559,0.7519,0.8572,29950.9223,20457.5177,17360.6673,2576078.827,1759551.0974,1
2130,300685.SZ,艾德生物,20260825,17.99,3.7945,4.8969,1.17,19.4267,20.7422,3.705,5.8594,5.9589,1.6737,2.4734,39010.5169,38958.6863,30188.5247,701799.2548,700866.8331,4
2131,300686.SZ,智动力,20260825,14.4,3.0664,4.6696,0.66,,,4.7994,2.3588,2.525,,,26062.422,25890.782,17002.1479,375298.848,372827.232,1
2132,300687.SZ,赛意信息,20260825,25.92,4.5804,5.2397,0.62,,,3.8901,5.106,4.8042,0.2702,,40841.161,33586.4039,29360.4155,1058602.8931,870559.5891,4
2133,300688.SZ,创业黑马,20260825,31.19,14.1554,16.6742,2.18,,,14.2403,37.0088,41.0426,,,16737.9464,14837.8458,12596.4457,522056.6605,462792.5415,1
2134,300689.SZ,澄天伟业,20260825,53.77,2.3436,4.7722,0.85,404.3692,860.1939,8.9066,15.0052,13.517,,0.083,11560.0,10174.3924,4996.6633,621581.2,547076.9503,1
2135,300690.SZ,双一科技,20260825,23.36,15.3149,18.7243,7.93,24.1864,19.9042,2.3197,3.8327,3.5726,0.899,1.6567,16534.8919,11158.0258,9126.3264,386255.0748,260651.4827,1
2136,300691.SZ,联合光电,20260825,14.87,2.028,2.5672,1.17,431.9266,136.1481,2.4319,1.9808,1.9019,0.538,,26904.8766,22073.812,17437.2448,400075.4169,328237.5547,1
2137,300692.SZ,中赋科技,20260825,9.43,4.5416,5.2658,0.88,77.619,80.8861,1.7003,5.5539,5.4126,0.2348,0.2415,56227.6116,51310.2041,44254.0682,530226.3623,483855.186,1
2138,300693.SZ,盛弘股份,20260825,42.0,3.5276,3.7174,0.78,27.5931,24.0684,5.8492,3.7939,3.4035,1.1876,1.1876,31279.5823,26962.3603,25585.6756,1313742.36,1132419.12,4
2139,300694.SZ,蠡湖股份,20260825,10.68,1.5646,2.1975,1.09,18.8938,17.0007,1.5367,1.6451,1.7088,0.743,0.7959,21707.0376,21680.7876,15436.5953,231831.1872,231550.8372,1
2140,300695.SZ,兆丰股份,20260825,49.0,0.6567,2.2566,0.78,14.2971,16.5666,1.7398,7.1027,7.1075,0.2918,0.3022,10225.6924,10225.6924,2975.6923,501058.81,501058.81,1
2141,300696.SZ,爱乐达,20260825,20.27,3.0114,5.4011,1.57,107.7624,186.7429,3.1568,11.9259,13.6515,,0.3342,29424.8983,27388.2402,15270.4378,596442.723,555159.6248,1
2142,300697.SZ,电工合金,20260825,15.05,5.5976,11.8392,1.03,39.2439,32.4018,5.0093,2.0361,1.5399,0.92,1.0631,43264.0,33124.0,15661.009,651123.2,498516.2,4
2143,300698.SZ,万马科技,20260825,26.41,5.4496,9.959,2.34,75.2282,73.5812,6.431,4.8821,4.4543,,,13400.0,12018.4965,6576.589,353894.0,317408.585,1
2144,300699.SZ,光威复材,20260825,23.3,1.988,3.1253,1.55,32.1021,36.3569,3.5428,6.774,6.5056,2.1295,2.1295,83135.2,82338.0299,52373.8714,1937050.16,1918476.099,4
2145,300700.SZ,岱勒新材,20260825,18.51,2.078,2.0858,0.8,,,9.4591,16.3408,14.0082,,,39702.8823,35540.9157,35409.0883,734900.4939,657862.4292,4
2146,300701.SZ,森霸传感,20260825,9.88,1.53,2.6621,1.15,37.217,36.8206,2.785,6.5088,6.5679,1.0235,1.74,27959.3327,25215.3734,14491.7818,276238.1804,249127.8556,1
2147,300702.SZ,天宇股份,20260825,21.57,0.828,1.2091,0.53,53.7236,78.4142,2.0385,2.452,2.4108,0.2318,0.2318,34797.7159,21040.9991,14408.0574,750586.8204,453854.37,1
2148,300703.SZ,创源股份,20260825,13.71,2.2532,3.3014,1.25,40.7227,117.352,3.2005,1.1535,1.1311,1.0941,0.5716,18039.184,16627.2458,11347.9458,247317.2949,227959.5975,1
2149,300705.SZ,九典制药,20260825,11.44,4.2292,5.8189,0.6,12.1047,16.781,2.2388,1.8398,1.9833,2.686,3.4533,50029.1194,36994.6356,26887.9068,572333.1328,423218.6816,1
2150,300706.SZ,阿石创,20260825,51.9,8.376,11.9476,1.12,,,11.5517,5.5845,5.1338,,,15353.6299,11383.0549,7980.2013,796853.397,590780.295,4
2151,300707.SZ,威唐工业,20260825,12.39,2.2942,2.8138,0.88,73.6555,80.2406,1.9246,2.6334,2.4447,0.4861,0.7281,17390.0011,14358.0522,11706.6607,215462.1,177896.2395,1
2152,300708.SZ,聚灿光电,20260825,7.81,1.4514,1.616,0.71,35.9351,44.626,2.5028,2.3558,3.0335,1.3973,0.3823,94332.7204,72143.1313,64794.3646,736738.5463,563437.8555,1
2153,300709.SZ,精研科技,20260825,40.42,9.3192,10.5857,1.03,147.0078,395.1088,3.4998,2.5922,2.5037,0.2713,0.1233,18664.3781,14984.4077,13191.7137,754414.2396,605669.8522,1
2154,300710.SZ,万隆光电,20260825,30.48,6.2149,6.5165,0.75,,,6.9974,11.2157,11.6959,,,9949.03,7458.0013,7112.8309,303246.4344,227319.84,4
2155,300711.SZ,广哈通信,20260825,18.7,4.6597,13.922,1.28,54.7324,63.1202,3.4941,7.0579,6.5513,0.9503,1.0695,28043.3632,24842.6804,8314.9239,524410.832,464558.116,4
2156,300712.SZ,永福股份,20260825,19.59,1.1694,2.0414,0.98,155.9181,,2.9566,2.162,2.8222,0.2505,0.2505,18754.6035,18674.001,10697.1655,367402.614,365823.66,1
2157,300713.SZ,英可瑞,20260825,13.47,2.7725,4.0616,1.35,,,4.825,5.3181,5.6565,,,15884.081,8940.7331,6103.0249,213958.5576,120431.6331,1
2158,300715.SZ,凯伦股份,20260825,14.2,2.6555,4.2907,0.92,263.1984,189.8956,3.0585,2.2274,2.1754,,,37805.543,31295.8658,19368.6437,536838.81,444401.354,1
2159,300716.SZ,*ST泉为,20260825,19.0,2.5631,3.1417,1.15,,,,63.2289,121.5851,,,16002.0,16002.0,13054.56,304038.0,304038.0,4
2160,300717.SZ,华信新材,20260825,18.43,2.3158,4.5244,1.18,34.4136,37.8564,2.554,5.2652,5.112,1.0852,1.0852,10277.5,10185.34,5213.2846,189414.325,187715.8162,1
2161,300718.SZ,长盛轴承,20260825,55.9,2.7862,4.2333,0.41,65.9249,63.9055,9.2629,13.174,12.5219,0.717,0.7615,29877.903,19665.7289,12943.4694,1670174.61,1099314.307,1
2162,300719.SZ,安达维尔,20260825,11.94,3.1998,3.7802,1.84,,,3.0065,4.4664,4.6455,0.335,,25422.715,17959.5132,15202.0818,303547.1574,214436.5494,1
2163,300720.SZ,海川智能,20260825,71.87,6.6279,13.7232,0.77,605.9526,768.3102,24.0652,61.4262,58.2517,0.2087,0.0765,19487.7256,18414.5221,8893.6196,1400582.4364,1323451.5524,4
2164,300721.SZ,怡达股份,20260825,22.3,6.3806,9.3381,0.9,,,3.3006,2.3036,1.8015,0.1345,,16484.6739,13839.5844,9456.4163,367608.141,308622.634,4
2165,300722.SZ,新余国科,20260825,21.28,0.8732,2.5573,1.06,71.4012,71.8745,8.7238,13.171,13.1522,0.8459,0.8459,27675.648,27675.648,9450.3809,588937.832,588937.832,1
2166,300723.SZ,一品红,20260825,35.01,1.3854,3.7612,0.38,,79.0717,8.1695,16.9626,16.8092,,,45169.2766,41918.8758,15440.3796,1581376.4928,1467579.9888,1
2167,300724.SZ,捷佳伟创,20260825,56.6,2.4276,2.606,0.48,7.5327,9.0459,1.4494,1.2742,1.532,2.1115,2.115,34829.2006,28771.4449,26801.693,1971332.72,1628463.504,1
2168,300725.SZ,药石科技,20260825,49.12,12.8912,13.5848,0.86,62.5063,54.5116,2.5154,5.8165,5.4321,0.4849,0.7708,23380.7341,20272.0352,19236.9522,1148461.9488,995762.6048,1
2169,300726.SZ,宏达电子,20260825,51.48,4.1691,6.9933,0.82,52.8486,48.1738,4.0739,11.2375,11.0138,1.1655,1.9425,41183.9845,21443.8423,12783.9845,2120151.2904,1103928.8832,4
2170,300727.SZ,润禾材料,20260825,27.23,1.6871,3.4065,1.11,40.8861,39.8133,3.5528,3.4785,3.2433,0.8462,1.1017,18013.6352,16210.8977,8028.5858,490511.4172,441422.807,1
2171,300729.SZ,乐歌股份,20260825,10.32,0.679,1.2741,1.24,13.5871,16.9078,0.9613,0.525,0.5288,2.9044,2.907,34161.3405,32808.4465,17483.7898,352545.0288,338583.204,1
2172,300730.SZ,科创信息,20260825,11.41,1.4177,1.9522,0.81,,,17.3044,11.219,11.2561,,,24113.8947,20675.537,15014.995,275139.599,235907.9114,1
2173,300731.SZ,科创新源,20260825,42.18,5.9547,7.4546,1.08,209.9955,331.8385,12.0936,6.4637,6.6239,0.1353,0.0677,17728.4525,16825.0864,13439.6897,747786.4428,709682.2962,1
2174,300732.SZ,设研院,20260825,6.1,1.8457,3.1801,1.1,,,0.8184,1.3389,1.368,,,37056.0072,37024.8562,21488.3117,226041.661,225851.646,1
2175,300733.SZ,西菱动力,20260825,13.68,1.565,2.1358,1.03,60.2251,54.8935,3.0507,2.8141,2.7041,0.2793,,39660.2338,29241.9945,21426.9202,542551.9464,400030.4232,1
2176,300735.SZ,光弘科技,20260825,19.71,1.9337,3.7916,1.11,55.2261,65.1493,2.893,1.7732,1.5719,1.2031,1.2684,80911.5481,76053.882,38787.0981,1594766.6505,1499021.9748,1
2177,300736.SZ,百邦科技,20260825,29.6,3.5983,4.8534,0.56,,,57.545,8.9567,9.3726,,,12793.4324,12470.7487,9245.6773,378685.528,369134.2,4
2178,300737.SZ,科顺股份,20260825,4.86,2.3011,3.5639,0.8,,,1.3474,0.8927,0.8839,7.1998,2.2628,111025.6317,88717.723,57282.0371,539584.5618,431168.1192,1
2179,300738.SZ,奥飞数据,20260825,20.9,3.1347,4.2085,0.63,155.5896,85.4335,5.614,8.1665,7.2447,0.0622,0.067,98520.4079,98489.4119,73359.1293,2059076.5251,2058428.7087,4
2180,300739.SZ,明阳电路,20260825,22.28,2.1947,3.3964,0.73,100.3215,97.2584,3.001,4.4728,4.2485,0.5374,0.3142,37345.5157,30297.5657,19577.3374,832058.1856,675029.8596,1
2181,300740.SZ,水羊股份,20260825,21.87,8.2361,13.0165,1.07,64.8514,68.146,4.3385,1.9329,1.8903,,0.4021,43990.2379,40897.6947,25877.808,962066.3301,894432.4803,1
2182,300741.SZ,华宝股份,20260825,13.52,0.2401,1.2704,0.6,99.3598,104.5551,1.218,6.224,6.0282,0.7396,0.9615,61588.0,61587.665,11637.665,832669.8952,832665.2984,1
2183,300743.SZ,天地数码,20260825,14.64,4.7765,6.9,3.02,20.4537,19.6015,3.6455,2.5016,2.3747,3.3771,4.3775,15120.4323,12741.0896,8819.8566,221363.0952,186529.5576,1
2184,300745.SZ,欣锐科技,20260825,28.56,3.9353,4.4326,1.02,,,2.174,1.8029,1.7054,,,16856.652,14231.1531,12634.46,481425.924,406441.644,4
2185,300746.SZ,汉嘉数智,20260825,13.15,1.5195,3.1839,0.87,41.3378,42.6619,3.6035,2.2643,2.3627,,,22573.8328,22354.545,10668.515,296845.996,293962.3325,1
2186,300747.SZ,锐科激光,20260825,35.7,2.3022,3.8567,0.69,123.889,107.3684,5.825,5.7832,5.5533,0.1409,0.1961,56160.0,52197.792,31158.4987,2004912.0,1863461.103,1
2187,300748.SZ,金力永磁,20260825,27.07,1.7737,3.0554,0.84,53.0181,43.3543,4.8971,4.8474,4.2225,1.1065,1.4777,138197.0097,113188.5988,65705.6184,3740993.0526,3064015.3695,4
2188,300749.SZ,顶固集创,20260825,25.57,4.8155,6.0148,1.13,588.7584,48.3437,7.7534,6.1946,7.715,,,20516.94,15739.56,12601.36,524618.1558,402460.5492,1
2189,300750.SZ,宁德时代,20260825,376.73,0.6118,0.9243,1.44,24.1408,20.5058,4.5947,4.1137,3.3408,1.7934,2.2053,462665.4919,426008.1019,281998.7123,174299970.0477,160490031.513,4
2190,300751.SZ,迈为股份,20260825,211.5,6.5072,8.3334,1.14,81.744,101.7254,7.3329,7.236,8.614,0.5192,0.472,27890.1752,19284.9155,15058.7684,5898773.07,4078760.58,1
2191,300752.SZ,隆利科技,20260825,11.17,3.7336,4.4906,0.53,59.2388,78.6464,2.8694,2.3012,2.2622,,0.6336,32286.9478,22317.197,18554.8999,360645.2315,249283.124,1
2192,300753.SZ,爱朋医疗,20260825,22.66,10.1287,11.7787,1.2,,,4.3077,8.3512,8.2669,0.2868,,12604.8,8789.4036,7558.1726,285624.768,199167.804,1
2193,300755.SZ,华致酒行,20260825,11.3,0.6092,2.0305,0.78,,,1.6783,0.7989,0.8958,0.805,,41679.84,41658.09,12498.09,470982.192,470736.417,1
2194,300756.SZ,金马游乐,20260825,28.74,1.9866,2.0531,1.04,78.6625,58.4525,4.2766,9.2473,8.7918,0.1243,0.2982,22063.7446,19199.5969,18578.1517,634112.175,551796.504,4
2195,300757.SZ,罗博特科,20260825,492.12,3.1098,4.1691,0.75,,,50.7387,86.8416,81.1175,0.0091,0.0091,16760.8111,16256.6797,12126.1205,8248329.8172,8000237.3616,4
2196,300758.SZ,七彩化学,20260825,11.43,4.299,6.9835,1.75,74.5955,71.1624,2.5371,3.051,2.8409,,0.6562,39911.5632,35974.1896,22145.5987,456189.1308,411184.9917,1
2197,300759.SZ,康龙化成,20260825,46.42,5.3,7.2243,0.89,51.2571,49.7967,5.2167,6.0508,5.5927,0.4307,0.4308,183728.3628,142003.1954,104178.0754,8528670.4712,6591788.544,1
2198,300760.SZ,迈瑞医疗,20260825,162.12,0.9874,2.0378,1.22,24.1473,25.0683,4.8979,5.9028,5.8825,2.8574,2.6044,121179.9431,121066.2145,58663.881,19645691.8728,19627253.9652,1
2199,300761.SZ,立华股份,20260825,18.85,1.0602,1.5463,0.64,27.6113,44.6788,1.7377,0.8518,0.818,3.1188,1.8369,84633.7321,64676.391,44343.9485,1595345.8105,1219149.9515,1
2200,300762.SZ,上海瀚讯,20260825,27.7,2.686,3.0789,0.52,,,7.9261,35.8471,42.8296,,,65035.4727,62796.5772,54784.0168,1801482.796,1739465.266,1
2201,300763.SZ,锦浪科技,20260825,61.6,2.4332,3.6637,0.83,32.8791,40.0808,2.7022,3.5152,3.5659,0.3263,0.3252,39669.1774,32159.4784,21358.2455,2443621.488,1981023.968,4
2202,300765.SZ,石药创新,20260825,44.29,2.2534,8.892,0.69,,60.8223,15.8029,28.8316,14.3064,0.0448,,140459.2944,140459.2944,35594.7438,6220941.9541,6220941.9541,4
2203,300766.SZ,每日互动,20260825,21.0,3.0303,3.2672,0.63,,,5.2934,16.0766,15.4232,,,39474.9757,35793.2913,33198.8027,828974.37,751659.09,1
2204,300767.SZ,震安科技,20260825,18.0,2.9786,4.017,0.68,,,3.2497,9.3651,11.2968,,,27629.1028,23989.1871,17788.0419,497323.98,431805.42,4
2205,300768.SZ,迪普科技,20260825,14.49,0.9524,1.8724,0.47,51.4755,46.2984,2.6405,7.6579,7.746,0.5453,0.5469,64382.9039,42066.7034,21398.0784,932908.221,609546.483,1
2206,300769.SZ,德方纳米,20260825,45.72,4.4685,5.0771,0.88,,,2.4554,1.4697,1.1594,,,28018.803,25175.7478,22158.0288,1281019.9932,1151035.29,4
2207,300770.SZ,新媒股份,20260825,33.61,0.4194,0.7763,0.57,11.5949,11.9133,2.0623,4.709,4.7968,8.5137,8.3309,22783.8591,22783.8591,12310.0296,765765.5346,765765.5346,1
2208,300771.SZ,智莱科技,20260825,11.47,2.1877,2.3989,1.27,33.2684,30.0159,1.3812,4.5893,4.4435,1.2805,1.7074,24000.0,17857.3093,16285.4213,275280.0,204823.3457,1
2209,300772.SZ,运达股份,20260825,11.01,1.5285,2.5576,0.99,25.485,26.3363,1.2861,0.2946,0.2702,0.545,0.545,78684.7705,69787.5524,41707.5524,866319.3177,768360.9255,1
2210,300773.SZ,拉卡拉,20260825,16.0,9.4525,12.9711,2.04,14.8614,10.8041,3.7541,3.1364,2.8275,1.812,2.6917,108733.0918,102861.0729,74958.2734,1739729.44,1645777.12,1
2211,300774.SZ,倍杰特,20260825,11.08,6.0377,8.3168,1.5,53.8545,119.5063,3.111,4.4759,4.8005,1.8051,0.2256,40876.366,20407.7476,14815.2817,452910.1353,226117.8434,4
2212,300775.SZ,三角防务,20260825,20.89,1.4205,2.0219,0.73,29.4342,42.2487,1.9422,7.2006,7.7862,0.9574,0.4787,54755.3365,53164.3401,37353.003,1143838.9795,1110603.0647,1
2213,300776.SZ,帝尔激光,20260825,111.25,4.77,5.8271,1.02,61.115,63.6695,6.4313,15.6078,16.7676,0.3349,0.3493,28523.4456,17931.2265,14678.369,3173233.8125,1994849.3375,4
2214,300777.SZ,中简科技,20260825,22.45,1.0859,1.2896,0.52,31.3735,44.7897,2.1515,11.6671,13.7953,0.9774,1.0143,43970.7537,42238.6301,35565.5953,987143.3375,948257.2435,1
2215,300778.SZ,新城市,20260825,10.4,1.1479,2.5303,0.94,,,1.7626,14.7129,16.9472,,,20365.9642,20360.5265,9236.5415,211806.088,211749.512,1
2216,300779.SZ,惠城环保,20260825,66.39,1.9866,2.4047,0.43,337.5958,291.8032,8.7975,17.3786,17.6149,0.0987,0.1607,29730.8052,22717.2247,18767.7039,1973828.1572,1508196.5478,4
2217,300780.SZ,德恩精工,20260825,19.89,3.9857,4.5217,0.66,,,2.9128,4.8311,4.886,,,14667.0,10753.3137,9478.5528,291726.63,213883.3359,1
2218,300781.SZ,因赛集团,20260825,26.77,2.4845,3.6282,1.07,,,7.9842,7.0074,6.8175,,,16417.534,12113.7481,8295.2469,439497.5458,324285.0875,1
2219,300782.SZ,卓胜微,20260825,75.85,2.0713,2.8647,0.96,,,4.4876,11.7047,11.4835,0.125,,57498.6986,44824.752,32410.0309,4361276.395,3399957.2875,1
2220,300783.SZ,三只松鼠,20260825,17.15,1.8154,2.1827,0.84,44.3426,36.3221,2.1425,0.6761,0.6688,1.4543,0.6784,40168.64,28028.24,23311.84,688892.176,480684.316,1
2221,300784.SZ,利安科技,20260825,41.69,3.2274,3.2274,0.56,43.6714,50.0528,2.8756,4.4045,4.4413,0.9595,0.9595,5623.76,1681.5025,1681.5025,234454.5544,70101.735,1
2222,300785.SZ,值得买,20260825,34.3,5.0194,6.4387,1.18,78.8373,82.3282,3.5269,5.2966,5.1471,0.4373,0.5481,19885.5243,13010.3228,10142.457,682073.336,446253.976,4
2223,300786.SZ,国林科技,20260825,15.63,4.4576,4.8159,1.0,,,2.5719,5.1506,4.9785,,,18401.5879,14639.4219,13550.1649,287616.8517,228814.1346,0
2224,300787.SZ,海能实业,20260825,10.42,3.6356,4.8296,1.28,34.4908,49.9477,2.1204,1.002,0.9515,1.5995,1.9194,31343.302,19653.2667,14794.5283,326597.2902,204787.0734,1
2225,300788.SZ,中信出版,20260825,23.85,1.6643,6.2802,0.38,34.8602,52.7591,2.0208,2.6643,2.7152,2.0042,1.4675,19015.1515,19015.1515,5039.0151,453511.3275,453511.3275,1
2226,300789.SZ,唐源电气,20260825,18.24,5.1183,6.8001,1.22,99.9428,79.1422,2.4741,5.341,5.2197,0.8333,0.7127,14384.9057,8533.4861,6422.9974,262380.7584,155650.8576,1
2227,300790.SZ,宇瞳光学,20260825,19.14,3.4013,3.4767,0.58,40.4638,39.2078,3.6677,2.9452,2.7776,0.5591,0.5598,52036.5973,45694.2976,44703.1362,995980.524,874588.902,4
2228,300791.SZ,仙乐健康,20260825,17.47,1.5234,3.5967,1.17,39.4393,45.712,1.9322,1.2632,1.2488,2.8487,0.7422,30822.5672,25741.6184,10902.7424,538470.2979,449706.1014,1
2229,300792.SZ,壹网壹创,20260825,23.25,1.9949,3.5621,0.95,51.3713,48.9193,1.8604,5.1497,5.3227,0.4288,0.6003,23766.2258,21325.3201,11942.7042,552564.8475,495813.69,1
2230,300793.SZ,佳禾智能,20260825,11.14,1.1874,1.6515,0.95,,,1.5176,2.0043,2.0114,1.0658,,38054.6826,37208.8326,26752.6326,423929.1352,414506.3662,1
2231,300795.SZ,米奥会展,20260825,12.69,13.6235,17.8525,0.72,27.7438,35.6446,6.5985,4.833,5.3158,2.6185,2.0794,29889.387,17419.2356,13292.8071,379296.3591,221050.1556,1
2232,300796.SZ,贝斯美,20260825,6.81,1.1376,1.6059,1.08,102.1816,,1.4315,1.6144,1.6449,,0.2891,36114.2872,36041.8057,25532.1938,245938.3149,245444.7261,1
2233,300797.SZ,钢研纳克,20260825,13.78,1.6518,4.5269,0.45,33.8691,30.2453,3.8963,4.478,4.0934,0.871,0.9361,38272.821,38169.4384,13927.1859,527399.4596,525974.8832,4
2234,300798.SZ,锦鸡股份,20260825,7.31,5.4717,6.886,1.53,,,1.9117,3.0437,2.6389,0.1301,,49315.2189,40570.3586,32237.6326,360494.2582,296569.3316,1
2235,300800.SZ,力合科技,20260825,10.19,1.3611,2.7035,1.15,56.6629,49.7601,1.1801,2.8676,2.706,1.5328,0.958,23675.9,23427.92,11794.64,241257.421,238730.5048,1
2236,300801.SZ,泰和科技,20260825,22.45,3.1647,4.7656,0.9,65.5041,30.9536,1.8393,1.7453,1.7575,0.4391,0.4391,21843.0,13754.6376,9134.0176,490375.35,308791.6141,4
2237,300802.SZ,矩子科技,20260825,23.47,4.1677,5.3689,1.19,74.1385,73.8689,4.3891,8.6184,8.382,0.6566,0.7338,28407.8255,20235.9695,15708.4175,666731.6645,474938.2042,4
2238,300803.SZ,指南针,20260825,79.86,1.4764,2.3695,0.71,213.6662,242.9238,16.994,31.633,29.8073,,0.1002,60979.1915,60533.9182,37718.9705,4869798.1134,4834238.8512,4
2239,300804.SZ,广康生化,20260825,43.43,2.6222,2.6222,0.8,78.9378,139.5592,2.3512,4.2578,4.4148,,0.3454,7400.0,2750.0,2750.0,321382.0,119432.5,1
2240,300805.SZ,电声股份,20260825,8.01,2.4716,3.4671,1.01,97.973,103.171,2.1774,1.3659,1.3017,0.2496,0.3745,42444.2152,28835.1352,20555.4177,339978.2022,230969.4714,1
2241,300806.SZ,斯迪克,20260825,51.0,7.161,8.2034,0.91,535.5431,490.162,13.8435,10.7177,10.4192,0.014,0.0209,63373.1915,45666.8786,39864.2398,3232032.7665,2329010.8086,1
2242,300807.SZ,天迈科技,20260825,37.65,3.0154,4.5817,1.25,,,5.8176,15.9928,18.2833,,,6803.9587,5193.9171,3418.2451,256169.094,195551.088,1
2243,300808.SZ,久量股份,20260825,20.03,2.2744,4.3216,1.29,,,3.4497,10.6402,10.9974,,,16000.0,11889.9578,6257.6779,320480.0,238155.8988,1
2244,300809.SZ,华辰装备,20260825,23.86,2.6208,3.3766,0.68,29.9257,31.6133,3.306,11.1348,11.595,0.5029,0.5029,25353.92,15056.9504,11686.6672,604944.5312,359258.827,1
2245,300810.SZ,中科海讯,20260825,24.19,1.2164,2.193,0.96,,,3.706,9.0464,8.5907,0.0816,0.0816,11805.0,11400.4475,6323.333,285562.95,275776.8855,1
2246,300811.SZ,铂科新材,20260825,75.22,2.7318,4.1331,0.68,73.3655,70.8648,9.8057,17.0216,16.0737,0.1883,0.189,40782.9825,33474.1378,22125.3623,3067695.9437,2517924.6453,1
2247,300812.SZ,易天股份,20260825,19.23,2.667,4.5475,0.7,201.8682,,4.8562,5.998,6.3302,,0.1857,19610.784,17793.9676,10435.5795,377115.4917,342178.0431,1
2248,300813.SZ,泰林生物,20260825,20.75,4.2832,8.0969,0.76,152.5517,141.3046,3.1185,7.4068,7.3392,0.9639,0.6251,12119.9219,7605.1073,4023.0427,251488.34,157806.0325,1
2249,300814.SZ,中富电路,20260825,137.66,3.9232,10.3344,1.05,904.1961,516.9319,16.1243,14.0237,11.9671,0.0726,0.0363,19143.0132,19143.0132,7267.1936,2635226.7566,2635226.7566,1
2250,300815.SZ,玉禾田,20260825,16.06,0.8157,1.5516,0.63,11.4712,11.4108,1.3613,0.829,0.8201,2.335,2.1544,39859.2,39038.032,20521.6679,640138.752,626950.7618,1
2251,300816.SZ,艾可蓝,20260825,52.33,5.2151,6.7889,1.46,44.0471,43.4446,4.3785,3.8722,3.6068,0.2652,0.2276,8000.0,5836.5334,4483.4717,418640.0,305425.6149,1
2252,300817.SZ,双飞集团,20260825,15.43,1.6051,2.0537,0.71,51.7765,49.0149,3.1948,3.5649,3.407,1.8146,1.348,21829.824,12526.1253,9789.9513,336834.2769,193278.1859,1
2253,300818.SZ,耐普矿机,20260825,18.54,1.3478,1.6425,0.64,52.3023,82.9676,2.2783,4.0308,3.7204,0.2904,0.3734,21940.4385,14212.8922,11663.2769,406775.7576,263506.9806,4
2254,300819.SZ,聚杰微纤,20260825,45.91,1.8517,4.5984,0.61,121.9211,132.06,7.7721,11.8624,12.0059,0.8713,0.5119,14920.5,13476.225,5426.615,685000.6141,618693.7193,1
2255,300820.SZ,英杰电气,20260825,51.95,2.6883,4.0039,0.82,51.7905,55.3048,4.4725,7.6873,7.8077,0.7631,0.7653,22220.4138,11178.7638,7505.6778,1154350.2995,580736.582,4
2256,300821.SZ,东岳硅材,20260825,15.74,5.0173,10.4889,0.57,,51.4267,3.5368,5.0097,4.5981,0.0953,0.1271,120000.0,119979.075,57391.235,1888800.1574,1888470.7192,4
2257,300822.SZ,贝仕达克,20260825,10.99,1.7795,5.623,1.32,281.2383,336.9562,2.7797,4.0837,4.4944,0.9053,0.2716,31153.62,28898.2037,9145.4245,342378.2838,317591.218,1
2258,300823.SZ,建科智能,20260825,15.41,3.2818,4.5364,1.12,59.6703,39.1938,2.0787,4.9346,4.6426,2.1155,1.5964,13098.2727,8478.9426,6133.8867,201844.3407,130660.4654,1
2259,300824.SZ,北鼎股份,20260825,7.8,1.3233,3.2474,1.0,22.4191,24.1641,3.3415,2.6779,2.5106,2.6124,2.5486,32634.1682,31896.8151,12998.157,254546.526,248795.196,1
2260,300825.SZ,阿尔特,20260825,10.5,3.1367,3.5439,0.8,,,2.5573,5.3286,5.4336,,,49488.0481,48448.79,42882.0972,519624.525,508712.295,1
2261,300826.SZ,测绘股份,20260825,14.94,2.2829,3.9824,0.59,280.1249,238.0883,2.2709,4.0981,4.0531,0.1435,0.1522,22822.0029,21954.4308,12585.2848,340960.68,327999.1842,1
2262,300827.SZ,上能电气,20260825,25.52,1.8137,2.1894,0.72,30.7074,30.0488,3.3027,2.5233,2.42,0.3014,0.4679,55669.1579,43654.0275,36162.0673,1420676.9632,1114050.8456,4
2263,300828.SZ,锐新科技,20260825,17.3,8.7436,9.8094,0.95,88.3221,104.6939,3.6537,4.8445,4.2293,1.7205,0.3438,16642.2,9480.6987,8450.5924,287910.06,164016.11,1
2264,300829.SZ,金丹科技,20260825,14.89,2.0196,2.214,0.54,29.5058,47.7649,1.387,2.0966,2.0348,0.2775,0.6606,22727.5107,16813.1831,15336.9431,338412.6239,250348.2502,1
2265,300830.SZ,金现代,20260825,8.16,1.9583,2.3704,0.89,,,2.8026,11.8378,11.5238,0.2801,,45164.0747,33708.4772,27847.6647,368538.8928,275061.1968,1
2266,300831.SZ,ST派瑞,20260825,15.27,4.3403,4.3403,1.74,110.4825,82.6191,5.0196,26.0643,21.7563,0.299,0.3238,32000.0,18448.424,18448.424,488640.0,281707.3734,1
2267,300832.SZ,新产业,20260825,51.41,0.7547,1.4934,0.5,24.9306,23.5273,4.5037,8.8259,8.3941,2.5287,2.3285,78571.8785,68312.2288,34525.07,4039380.2737,3511931.6826,4
2268,300833.SZ,浩洋股份,20260825,37.2,0.7203,1.5506,0.99,27.3479,29.3402,1.8923,4.1498,4.2297,3.4946,1.8817,12649.05,8125.3685,3774.5492,470544.66,302263.764,1
2269,300834.SZ,星辉环材,20260825,38.35,0.4119,1.0059,0.48,147.8873,140.717,2.5805,5.6919,6.0847,0.7859,0.3747,19371.2353,19199.8254,7862.2325,742886.8738,736313.3041,1
2270,300835.SZ,龙磁科技,20260825,152.26,3.4018,3.955,0.9,107.7631,108.3319,14.2727,14.0838,13.2797,0.1276,0.1275,11924.754,8357.5423,7188.5688,1815662.435,1272519.0404,4
2271,300836.SZ,佰奥智能,20260825,49.63,2.865,3.0922,0.67,46.0812,47.1769,7.18,4.6215,4.5286,0.4153,0.4019,9268.561,6345.0062,5878.7377,459998.6328,314902.8463,1
2272,300837.SZ,浙矿股份,20260825,23.53,2.1337,4.4487,1.13,30.8433,32.6661,1.6668,3.4594,3.571,1.2749,1.275,10000.6762,7559.4262,3625.6762,235316.0004,177873.3879,1
2273,300838.SZ,浙江力诺,20260825,14.03,1.8712,2.4631,0.88,,,2.0353,2.0254,1.9793,1.0691,,13797.8,10174.2625,7729.1625,193583.134,142744.8678,1
2274,300839.SZ,博汇股份,20260825,12.97,11.4505,20.9333,2.0,,104.5955,4.637,1.3273,1.1641,,,28813.3941,28318.1398,15489.9244,373709.6683,367286.2758,4
2275,300840.SZ,酷特智能,20260825,18.21,2.5357,2.8467,0.7,117.5695,127.8219,3.4023,6.6595,6.5926,0.5491,0.5491,24000.0,17708.5135,15773.6713,437040.0,322471.9671,1
2276,300841.SZ,康华生物,20260825,53.73,4.4824,6.5814,0.59,31.7513,28.3217,1.9321,5.9932,5.7256,1.8612,0.9306,12994.6899,12157.5334,8280.0933,698204.6937,653224.0869,1
2277,300842.SZ,帝科股份,20260825,63.42,3.3742,3.8256,1.05,,,5.7426,0.5106,0.4482,0.4581,,14527.9743,12912.144,11388.4286,921363.8574,818887.9188,1
2278,300843.SZ,胜蓝股份,20260825,135.27,5.5782,11.8904,0.81,197.9105,140.5135,12.9818,12.7172,10.5622,0.17,0.1479,16370.7963,16049.9594,7529.5494,2214477.6155,2171078.008,1
2279,300844.SZ,山水比德,20260825,23.92,1.5671,5.4973,1.46,,,2.8998,4.7132,5.0425,,,9321.088,9003.988,2566.788,222960.4728,215375.4408,1
2280,300845.SZ,捷安高科,20260825,12.72,6.8445,7.876,1.35,64.96,78.9526,3.1821,7.2807,7.161,1.9313,1.5605,20564.11,14378.1897,12495.1272,261575.4792,182890.5768,1
2281,300846.SZ,首都在线,20260825,18.71,4.762,5.4023,0.69,,,12.3278,7.6299,7.4134,,,50427.6166,41558.9254,36633.3615,943500.7702,777567.5803,1
2282,300847.SZ,中船汉光,20260825,13.94,0.817,2.1548,0.76,36.0654,36.618,2.7234,3.4629,3.4732,0.9756,0.8321,29601.0,29601.0,11223.4138,412637.94,412637.94,1
2283,300848.SZ,美瑞新材,20260825,12.65,1.274,2.3199,1.25,66.0681,59.4846,3.4693,3.0992,2.8022,0.5534,0.3953,42788.7627,25312.2512,13899.9974,541277.814,320199.9625,1
2284,300849.SZ,锦盛新材,20260825,20.55,2.1841,3.2023,0.68,,,5.7194,10.0518,10.1366,,,15000.0,11026.9863,7520.7363,308250.0,226604.6445,1
2285,300850.SZ,新强联,20260825,25.07,2.448,2.6987,0.86,12.6884,13.0209,1.4518,2.2432,2.2627,0.3375,1.1767,41408.5835,30078.5194,27284.0047,1038113.1006,754068.4964,1
2286,300851.SZ,交大思诺,20260825,24.55,1.9873,3.1604,0.99,28.6287,26.1528,1.5942,5.2964,5.1283,1.7515,2.7699,8693.34,4933.9359,3102.4525,213421.497,121128.227,1
2287,300852.SZ,四会富仕,20260825,45.0,2.7201,5.8632,0.6,56.3791,51.3806,3.1836,3.7394,3.1342,0.2738,0.3111,16052.1165,15495.6311,7188.9695,722345.4,697303.35,1
2288,300853.SZ,申昊科技,20260825,26.98,3.4608,3.4608,0.57,,,8.1707,12.6963,10.5455,,,14694.91,9831.4077,9831.4077,396468.6718,265251.4418,1
2289,300854.SZ,中兰环保,20260825,17.71,3.4571,5.3888,0.67,,,2.7568,4.8512,5.3698,0.4897,,13981.66,11398.1245,7312.3047,247615.1986,201860.7052,1
2290,300855.SZ,图南股份,20260825,34.34,2.2846,2.9585,0.49,87.4679,43.6184,6.1784,12.0656,8.7622,0.728,0.728,39553.15,29295.6138,22623.1,1358255.171,1006011.2474,1
2291,300856.SZ,科思股份,20260825,11.22,1.6265,4.1022,1.15,49.4031,52.9468,1.9545,3.5985,3.3747,1.9099,0.6223,47568.7223,45973.5623,18228.3623,533721.0384,515823.3432,1
2292,300857.SZ,协创数据,20260825,238.02,2.1452,3.2407,0.61,100.0342,66.7294,22.4354,9.5197,7.1711,0.0617,0.101,48936.304,48685.9998,32228.8277,11647818.126,11588241.72,4
2293,300858.SZ,科拓生物,20260825,14.85,2.261,2.6974,0.5,41.3979,49.9023,2.1835,10.6933,10.5162,1.0101,0.6649,26349.5118,19574.0152,16407.2423,391290.372,290674.197,1
2294,300859.SZ,西域旅游,20260825,26.91,2.4081,4.2434,1.37,55.8512,62.1302,5.6371,12.7967,13.074,1.1148,1.1148,15500.0,15500.0,8796.26,417105.0,417105.0,1
2295,300860.SZ,锋尚文化,20260825,27.45,1.0294,1.7005,0.74,,,1.6539,21.6614,22.1597,0.765,0.765,18845.0723,10941.6909,6623.4504,517297.1715,300349.3905,1
2296,300861.SZ,美畅股份,20260825,16.59,3.002,4.837,1.21,45.6998,27.0725,1.6865,5.1593,4.787,2.1513,1.0818,67184.044,42186.4889,26181.9019,1114583.3895,699873.8691,4
2297,300862.SZ,蓝盾光电,20260825,53.4,16.471,17.748,0.61,,,5.0277,24.71,25.5688,0.0281,0.0187,18461.7902,15147.1007,14057.2542,985859.586,808855.14,4
2298,300863.SZ,卡倍亿,20260825,42.3,1.9013,4.3498,0.63,92.6175,66.2653,7.4275,2.7338,2.6522,0.363,0.3311,26140.6192,25112.031,10976.658,1105748.226,1062238.869,1
2299,300864.SZ,南大环境,20260825,25.53,4.7121,15.9655,1.25,26.8578,26.6381,2.8992,5.0736,5.013,3.2747,3.3044,15910.4168,15910.4168,4695.8445,406193.0226,406193.0226,4
2300,300865.SZ,大宏立,20260825,31.07,9.7499,17.3176,0.85,1120.0588,133.4997,3.3488,9.0236,8.0614,,0.0966,9568.0,6214.1275,3498.5848,297277.76,193073.0191,1
2301,300866.SZ,安克创新,20260825,122.1,1.335,1.9137,1.74,28.2113,28.4817,6.4301,2.353,2.2348,1.7852,1.9593,58805.4318,30928.4988,21575.5838,7180143.003,3776369.85,1
2302,300867.SZ,圣元环保,20260825,17.76,4.7369,5.8634,0.73,19.4425,16.2622,1.1986,3.1026,3.042,0.3829,0.518,27174.1053,19162.7822,15480.9684,482612.016,340330.9728,1
2303,300868.SZ,杰美特,20260825,93.3,4.8573,6.6608,1.17,,,8.1293,18.8452,18.4029,0.0481,,12717.8676,8075.8325,5889.2253,1186577.271,753474.939,1
2304,300869.SZ,康泰医学,20260825,11.53,0.8988,1.1876,0.51,,,2.734,9.899,10.1499,2.1683,,40180.4051,26373.4916,19959.7669,463280.012,304086.3397,1
2305,300870.SZ,欧陆通,20260825,210.01,4.5622,9.7685,1.0,131.3784,176.2416,12.2873,7.1843,6.9457,0.3405,0.2516,15264.3542,15262.6742,7128.2155,3205666.1435,3205313.3267,1
2306,300871.SZ,回盛生物,20260825,22.91,1.798,3.3437,0.49,18.261,13.5277,1.9982,2.7497,2.6815,0.9001,1.3032,20178.4357,20178.4357,10850.8294,462288.0604,462288.0604,1
2307,300872.SZ,天阳科技,20260825,15.83,4.6985,5.2912,1.5,,,2.1609,4.3486,4.4304,0.2948,,48812.1083,42202.6693,37475.2772,772695.7013,668068.2661,1
2308,300873.SZ,海晨股份,20260825,14.82,4.2603,6.7574,0.87,18.0438,22.9397,1.4849,2.5168,2.4473,1.9191,1.5833,32224.713,23392.7999,14748.3556,477570.2022,346681.296,4
2309,300875.SZ,捷强装备,20260825,32.31,3.7498,6.6561,1.1,,,3.8018,10.1515,8.3598,,,9983.4751,8779.1669,4945.8607,322566.2388,283654.9827,1
2310,300876.SZ,蒙泰高新,20260825,15.54,1.5428,2.0944,0.84,,,2.3329,4.5655,4.4518,,,15203.7554,11340.2804,8353.9504,236266.4304,176227.9512,1
2311,300877.SZ,金春股份,20260825,28.75,3.0311,6.1156,0.72,39.7953,40.0493,2.048,3.1734,3.0467,0.3372,0.8814,12000.0,11999.895,5947.5855,345000.2875,344997.125,1
2312,300878.SZ,维康药业,20260825,33.57,2.4784,7.7496,1.22,,,5.3286,21.5766,21.5875,0.4091,,14479.0322,14412.3959,4609.1529,486061.3728,483824.268,1
2313,300879.SZ,大叶股份,20260825,16.65,1.3463,2.7877,1.11,,,2.7195,0.8983,0.9685,0.1242,,20239.8833,20102.8448,9708.8721,336994.002,334712.286,1
2314,300880.SZ,迦南智能,20260825,19.86,1.35,2.9968,0.97,48.0624,51.0467,3.6122,6.0795,5.9686,2.2659,0.7553,19513.728,19511.6468,8789.568,387542.6778,387501.369,1
2315,300881.SZ,盛德鑫泰,20260825,31.16,2.5779,4.6199,0.93,13.8188,15.3198,2.7305,1.0883,1.0364,3.1892,,11000.0,5740.625,3203.31,342760.3116,178878.0308,1
2316,300882.SZ,万胜智能,20260825,14.08,0.8129,2.5066,1.11,32.9303,50.7815,3.1841,2.8744,2.7413,0.3551,1.4205,28620.1188,26632.703,8637.1043,402971.2896,374988.416,4
2317,300883.SZ,龙利得,20260825,6.73,5.4278,7.3354,1.26,,,1.65,2.6316,2.5487,,,34600.0,33067.4575,24468.0689,232858.0,222544.0058,1
2318,300884.SZ,狄耐克,20260825,12.73,3.0306,3.7556,1.06,275.4615,258.7157,2.5235,4.893,4.853,,0.7702,25386.282,19140.9886,15446.0468,323167.3444,243664.8027,1
2319,300885.SZ,海昌新材,20260825,19.87,3.8085,6.6222,1.65,89.2867,72.0514,5.3935,18.4644,12.2303,0.6085,0.4056,24815.18,16701.7775,9605.3329,493077.6266,331864.3686,4
2320,300886.SZ,华业香料,20260825,24.69,2.3635,3.2329,0.53,61.3776,115.5305,3.0932,4.9831,4.5761,0.6036,0.4033,7511.8,4716.835,3448.455,185466.5889,116458.7796,1
2321,300887.SZ,谱尼测试,20260825,7.22,4.0956,6.3916,0.96,,,1.432,2.8866,2.8629,,,54573.3413,36219.722,23208.8707,394019.5148,261506.3784,1
2322,300888.SZ,稳健医疗,20260825,29.85,0.8218,2.7449,1.45,22.6594,22.0423,1.4896,1.5893,1.5622,2.3425,2.5098,58297.0928,58036.0952,17374.6565,1740168.435,1732377.585,1
2323,300889.SZ,爱克股份,20260825,21.97,3.8411,4.444,1.66,,,3.4281,4.1061,3.8201,,,22022.708,14888.6979,12868.7604,483838.9387,327104.739,1
2324,300890.SZ,翔丰华,20260825,26.98,5.9095,6.0968,1.63,59.56,37.6214,1.5093,1.926,1.693,,0.3693,11957.9984,10929.8599,10594.022,322626.84,294887.6228,4
2325,300891.SZ,惠云钛业,20260825,7.66,3.6134,6.0216,2.18,,,2.5031,1.7642,1.6707,0.1297,,40000.844,33347.4365,20011.0768,306406.465,255441.3636,1
2326,300892.SZ,品渥食品,20260825,23.62,5.9796,9.2607,1.38,470.3748,,2.3137,2.985,2.9044,0.4192,0.4192,10000.0,6595.7492,4258.8389,236200.0,155791.615,1
2327,300893.SZ,松原安全,20260825,14.17,2.0832,3.5797,1.59,18.294,20.3605,3.1535,2.5027,2.296,0.6755,0.5505,47300.1266,25092.1539,14602.4716,670242.7004,355555.7655,1
2328,300894.SZ,火星人,20260825,11.0,1.7123,3.1234,0.68,,,4.5965,5.7817,5.8461,,,40500.4211,29407.9211,16122.3111,445504.62,323487.12,1
2329,300895.SZ,铜牛信息,20260825,52.92,6.1058,6.1058,0.44,,,10.262,28.6415,28.2542,,,14080.0657,6822.7925,6822.7925,745116.7752,361062.0468,4
2330,300896.SZ,爱美客,20260825,93.35,1.348,1.7451,0.72,21.8796,25.798,3.5704,11.5171,11.9227,5.3355,2.1342,30259.2061,22101.2302,17072.2334,2824697.2535,2063149.8205,1
2331,300897.SZ,山科智能,20260825,16.77,3.754,5.7285,1.28,185.3816,781.3072,3.3763,5.6385,5.6213,0.9073,0.2117,19584.6234,12048.2173,7895.5003,328434.2451,202048.6494,4
2332,300898.SZ,熊猫乳品,20260825,21.04,2.8624,4.3683,0.97,24.1544,23.4428,2.5091,3.2166,3.0856,2.8517,2.8517,12400.0,11474.3548,7518.8548,260896.0,241420.324,1
2333,300899.SZ,上海凯鑫,20260825,29.21,1.431,1.8488,1.04,68.4086,,2.9797,8.9495,12.7251,1.3352,2.0199,6378.3466,4093.6066,3168.5996,186311.6035,119574.3481,1
2334,300900.SZ,广联航空,20260825,22.2,4.9975,5.2118,0.55,,,3.7579,7.1804,7.3699,,,32772.0334,25678.4959,24622.5497,727539.288,570062.7,1
2335,300901.SZ,中胤时尚,20260825,16.65,4.299,10.2242,1.59,1029.3341,422.5877,4.1124,10.8702,9.8486,,,24000.0,24000.0,10091.3896,399600.0,399600.0,4
2336,300902.SZ,国安达,20260825,17.26,8.2843,12.6121,2.34,,,3.8689,9.9709,10.8949,,,18180.3369,12479.5434,8197.2261,313792.4958,215396.8604,1
2337,300903.SZ,科翔股份,20260825,78.95,6.8198,8.085,0.87,,,18.8241,9.2392,9.0402,,,43538.6563,35137.9744,29639.2634,3437376.4175,2774142.7315,1
2338,300904.SZ,威力传动,20260825,40.22,1.6682,5.4928,1.71,,,5.1941,3.3187,2.5791,,,7238.3232,7238.3232,2198.3232,291125.3591,291125.3591,1
2339,300905.SZ,宝丽迪,20260825,35.55,2.5254,4.0684,0.55,42.0552,40.7646,3.2439,4.2849,4.219,1.4005,1.4058,17901.5696,13932.8039,8648.6817,636400.8135,495311.04,1
2340,300906.SZ,日月明,20260825,32.3,5.2876,9.9812,1.31,45.0504,43.9208,2.7589,15.1462,14.9121,1.548,0.4644,8000.0,7225.3025,3827.6275,258400.0,233377.2708,1
2341,300907.SZ,康平科技,20260825,49.73,4.6285,12.6809,1.06,99.793,127.203,5.9543,4.6032,2.971,,0.5027,9600.0,9600.0,3504.0,477408.0,477408.0,4
2342,300908.SZ,仲景食品,20260825,24.98,1.4968,3.07,0.43,19.0152,18.2731,2.0715,3.3705,3.2445,3.2026,4.0032,14600.0,12299.2524,5996.5594,364708.0,307235.265,4
2343,300909.SZ,汇创达,20260825,54.9,4.3281,6.1062,0.98,645.925,1023.8446,4.7213,6.3835,5.9074,0.4189,,17297.2979,12913.9272,9153.4902,949621.77,708974.757,1
2344,300910.SZ,瑞丰新材,20260825,25.39,1.1044,1.5584,0.57,13.2069,14.2731,2.4568,2.7721,2.7505,3.5826,4.4783,38304.2277,26827.6106,19011.3817,972544.3997,681153.0179,1
2345,300911.SZ,亿田智能,20260825,22.33,8.7777,16.706,0.69,,,3.7776,12.1221,13.5584,3.3555,,18334.3389,17134.4321,9002.8453,409405.7876,382611.8688,1
2346,300912.SZ,凯龙高科,20260825,19.91,5.201,7.0712,0.96,,,5.0643,3.8278,3.7963,,,11388.48,8597.4225,6323.5725,226744.6368,171174.6322,1
2347,300913.SZ,兆龙互连,20260825,35.8,2.4574,6.1541,0.87,53.0402,49.6182,4.6328,5.7778,5.6181,0.2538,0.4469,34278.112,28585.432,11414.3741,1227156.338,1023358.394,1
2348,300915.SZ,海融科技,20260825,20.77,2.2539,3.7202,1.3,,,1.7014,2.6182,2.5383,1.3712,1.9197,12583.9268,5753.9288,3485.9288,261368.2261,119509.1261,1
2349,300916.SZ,朗特智能,20260825,28.17,13.1417,22.751,1.59,39.7055,55.397,2.9782,2.5405,2.6075,1.42,1.065,14464.4007,9341.5787,5395.9885,407462.148,263152.3086,1
2350,300917.SZ,特发服务,20260825,27.16,5.3487,12.0195,0.77,37.0543,35.6395,3.7971,1.5442,1.4891,0.9205,1.1046,16900.0,16900.0,7520.5,459004.0,459004.0,1
2351,300918.SZ,南山智尚,20260825,10.39,0.7906,1.5208,0.81,41.0571,43.257,1.3567,2.9331,2.6297,1.6055,0.7363,50613.4427,50613.4427,26313.4427,525873.6416,525873.6416,1
2352,300919.SZ,中伟新材,20260825,40.13,2.1116,4.7255,1.92,26.7437,19.6102,1.7846,0.8707,0.6939,1.5444,1.5886,104446.6212,91483.3973,40878.9424,4191442.9088,3671228.7336,1
2353,300920.SZ,润阳科技,20260825,32.3,1.336,1.8942,0.51,155.708,166.8383,3.5622,9.9524,10.122,0.2382,0.2382,13000.0,8634.8925,6090.4113,419900.0,278906.947,4
2354,300921.SZ,南凌科技,20260825,15.55,11.287,13.494,2.8,188.8271,114.5678,4.841,7.2201,7.0334,0.3263,0.4568,25674.5441,16190.5071,13542.4841,399239.2525,251762.4305,1
2355,300922.SZ,天秦装备,20260825,20.53,13.6829,16.2697,5.01,77.9881,94.453,3.3424,14.2219,18.7462,0.8463,0.9742,16085.238,12622.6109,10615.6544,330229.9772,259142.1833,2
2356,300923.SZ,研奥股份,20260825,24.9,1.4192,2.7523,0.63,56.5386,61.7167,1.709,4.2164,4.3042,1.7957,1.7957,7860.0,7632.6625,3935.6625,195714.0,190053.234,1
2357,300925.SZ,法本信息,20260825,14.76,3.0025,3.2476,1.58,60.6097,63.6765,2.8173,1.2384,1.1655,0.4333,0.3357,42870.8945,34951.2147,32313.1888,632774.4028,515879.929,1
2358,300926.SZ,博俊科技,20260825,17.24,0.9178,1.9717,0.88,8.8701,9.085,2.0697,1.2893,1.31,0.8402,1.2761,43432.6185,29799.299,13871.0438,748778.3688,513739.932,1
2359,300927.SZ,江天化学,20260825,28.5,15.0764,37.714,1.31,210.8879,52.302,4.0285,2.6503,2.3359,0.3158,0.2632,14436.0,14088.893,5632.133,411426.0,401533.365,4
2360,300928.SZ,华安鑫创,20260825,25.73,2.5281,2.7329,1.23,,,2.0333,2.2738,2.4722,,,8000.0,5358.8203,4957.2163,205840.0,137882.4386,1
2361,300929.SZ,华骐环保,20260825,17.45,9.425,11.1246,1.08,,,3.0039,6.4908,6.3622,,,13213.2956,12536.0351,10620.7571,230572.085,218753.898,1
2362,300930.SZ,屹通新材,20260825,25.7,4.1725,6.6654,1.55,45.6339,41.8692,2.7053,3.3073,2.6412,0.3891,0.3891,10000.0,4712.5001,2950.0,257000.0,121111.25,1
2363,300931.SZ,通用电梯,20260825,15.01,2.0553,2.6018,0.38,,,6.1828,8.7287,9.0608,,,24317.1,19550.1403,15443.4913,364999.671,293447.6014,1
2364,300932.SZ,三友联众,20260825,10.65,8.2659,13.1564,2.27,65.7094,42.5406,2.6737,2.068,1.8863,1.0444,1.2743,44814.5597,31919.1317,20054.0517,477275.064,339938.7345,1
2365,300933.SZ,中辰股份,20260825,6.71,3.0976,5.013,1.51,,,1.7283,1.2895,1.1392,0.3838,,54709.0454,54709.0454,33805.6254,367097.7255,367097.7255,1
2366,300935.SZ,盈建科,20260825,31.81,7.0065,10.0161,1.47,,,3.4374,19.8557,20.4481,,,7943.068,6025.948,4215.287,252669.0567,191685.4695,1
2367,300936.SZ,中英科技,20260825,77.81,8.7205,12.2364,0.75,2753.1063,899.2718,5.8193,25.8757,21.3983,0.1285,,7520.0,4763.75,3395.0,585131.2,370667.3875,1
2368,300937.SZ,药易购,20260825,25.58,8.2934,10.0371,0.69,,,3.0164,0.5494,0.5473,0.3909,,9566.6682,6486.4182,5359.5682,244715.4186,165922.6236,1
2369,300938.SZ,信测标准,20260825,27.22,3.1538,4.5824,0.89,47.2532,44.3193,4.8242,11.5438,10.791,0.6959,0.7872,34086.2033,29585.0104,20361.7044,927826.364,805303.9722,4
2370,300939.SZ,秋田微,20260825,61.01,2.2312,4.0633,0.79,91.8631,116.3263,5.0595,5.6675,5.6247,0.6478,0.3278,12000.0,12000.0,6589.2,732120.0,732120.0,4
2371,300940.SZ,南极光,20260825,13.87,2.6103,3.2941,1.15,34.8825,47.4763,2.6304,3.8962,4.132,,,22264.4372,15747.9422,12478.8986,308807.7828,218423.9278,1
2372,300941.SZ,创识科技,20260825,15.58,7.9436,10.9584,1.26,97.3657,136.772,2.5051,12.935,12.2277,0.808,0.5217,20475.0,12676.8012,9189.269,319000.5,197504.544,1
2373,300942.SZ,易瑞生物,20260825,6.84,6.7795,15.1198,2.02,201.6056,405.6798,3.3295,10.5259,10.2041,0.2526,0.3608,40507.7895,40507.7895,18163.1723,277073.2836,277073.2836,4
2374,300943.SZ,春晖智控,20260825,32.27,14.5635,17.4604,1.36,109.4661,107.7913,6.4847,11.8183,11.7094,0.3719,0.4029,20382.0,13434.0287,11205.1481,657727.14,433516.1481,1
2375,300945.SZ,曼卡龙,20260825,12.93,13.1942,22.6348,1.92,29.5751,26.3314,1.9533,1.2372,1.2885,1.5468,1.3148,26207.1629,23870.3797,13914.4197,338858.5788,308644.0134,4
2376,300946.SZ,恒而达,20260825,38.79,1.173,1.8678,0.56,164.2189,263.7646,5.0556,9.1596,8.657,0.6068,0.6187,15600.78,7579.8975,4760.1975,605154.2562,294024.321,1
2377,300947.SZ,德必集团,20260825,14.52,1.6133,2.6189,0.63,,,1.851,1.7957,1.8033,,,15113.7696,15108.0544,9306.9043,219451.9404,219368.886,1
2378,300948.SZ,冠中生态,20260825,21.11,2.5002,3.7871,0.99,,,3.6302,22.4902,22.4467,,,16438.0595,15515.6158,10243.1195,347007.436,327534.6495,1
2379,300949.SZ,奥雅股份,20260825,22.83,1.3514,2.726,0.65,,,3.5272,4.572,4.6733,,,8700.0,4973.6541,2465.6888,198621.0,113548.4295,1
2380,300950.SZ,德固特,20260825,17.16,2.6019,3.5446,1.7,28.6413,35.727,3.181,4.8243,4.8249,1.1415,1.1655,15364.4,9804.8525,7197.206,263653.104,168251.226,1
2381,300951.SZ,博硕科技,20260825,69.89,3.0551,8.2994,0.78,82.2466,806.9086,5.4643,8.4468,7.7916,0.8482,0.8574,16940.0597,15139.0417,5572.9127,1183940.7934,1058067.5056,1
2382,300952.SZ,恒辉安防,20260825,16.49,2.2014,3.0976,0.81,39.1022,49.0065,2.3486,3.2459,3.277,0.9344,0.8846,24162.1504,14857.8225,10558.9335,398433.8535,245005.4518,1
2383,300953.SZ,震裕科技,20260825,95.07,2.5932,3.4613,0.79,45.1386,32.0741,4.8922,2.3781,2.1217,0.1107,0.2236,24353.8648,17505.0158,13114.6365,2315322.4209,1664202.2514,4
2384,300955.SZ,嘉亨家化,20260825,29.79,1.177,2.7729,0.76,,,3.4883,2.639,2.4083,0.9399,,10080.0,10080.0,4278.5795,300283.2,300283.2,1
2385,300956.SZ,英力股份,20260825,11.35,2.1011,4.1085,1.15,186.412,570.4424,1.8162,1.098,1.0991,0.7342,0.8811,21542.766,21045.2396,10762.6896,244510.4395,238863.474,1
2386,300957.SZ,贝泰妮,20260825,33.2,3.2911,6.399,1.96,27.8089,25.5303,2.2852,2.6245,2.5211,1.7974,1.9472,42360.0,42360.0,21786.2911,1406352.0,1406352.0,1
2387,300958.SZ,建工修复,20260825,12.59,4.9236,5.2548,1.04,,,1.6018,3.2764,3.9689,,,15673.6579,9104.9427,8530.9773,197331.3794,114631.1946,1
2388,300959.SZ,线上线下,20260825,90.97,3.2709,5.0952,0.72,,,6.6153,12.6395,14.9855,0.3601,,8036.78,5232.8217,3359.2368,731105.8766,476029.6354,1
2389,300960.SZ,通业科技,20260825,17.36,2.7036,9.4497,2.29,47.7596,56.8534,3.8398,4.9425,5.0459,1.8335,,14514.54,13157.94,3764.5263,251972.4144,228421.8384,1
2390,300961.SZ,深水海纳,20260825,12.13,4.4907,5.2915,1.66,,,3.8883,5.7543,5.8872,,,17728.0,15192.6936,12893.5705,215040.64,184287.3297,1
2391,300962.SZ,中金辐照,20260825,13.8,3.5417,7.7338,2.52,30.7281,31.3012,3.4628,10.0081,9.9886,1.058,0.6522,26400.1897,26400.1897,12090.1959,364322.622,364322.622,1
2392,300963.SZ,中洲特材,20260825,11.43,2.4235,3.2241,1.09,97.0461,86.9078,4.6688,5.7536,5.4189,0.3437,0.2275,45864.0,27833.9254,20922.2351,524225.52,318141.8199,1
2393,300964.SZ,本川智能,20260825,56.76,3.9134,6.3007,0.84,191.0389,181.8781,5.9434,6.9245,6.4468,0.2517,0.2517,10685.9597,7841.3758,4870.3327,606535.0896,445076.7288,1
2394,300965.SZ,恒宇信通,20260825,43.91,1.3024,4.431,0.85,73.0485,95.6336,2.128,13.1394,14.2962,1.3209,1.5714,6000.0,5409.375,1590.0,263460.4391,237525.8758,1
2395,300966.SZ,共同药业,20260825,24.81,3.5714,4.1304,1.19,,,3.9016,4.7183,4.5478,,0.1797,11528.1113,7666.6669,6629.0894,286012.4091,190210.0827,1
2396,300967.SZ,晓鸣股份,20260825,17.06,7.5497,11.4575,0.72,37.7734,,4.7283,2.6202,3.0846,1.1605,1.4506,18757.4937,12479.6718,8223.2758,320002.7794,212903.1702,1
2397,300968.SZ,格林精密,20260825,10.35,2.6556,5.5622,1.24,,,2.398,3.2265,3.009,0.4831,,41338.0,41338.0,19736.1547,427848.3,427848.3,1
2398,300969.SZ,恒帅股份,20260825,74.18,1.6256,2.5742,0.58,73.0516,73.7793,8.3806,12.8501,12.3823,0.2628,0.337,16411.9856,7827.5299,4943.1412,1217441.4182,580646.1754,1
2399,300970.SZ,华绿生物,20260825,18.98,27.7148,34.647,1.14,27.3142,14.3383,1.8481,2.3314,2.0252,,1.9965,15868.785,12248.0613,9797.4595,301189.4444,232468.1788,1
2400,300971.SZ,博亚精工,20260825,18.22,4.7877,5.4358,1.6,25.6887,29.5387,2.0225,4.17,3.9925,0.9801,1.3721,11760.0,9225.2757,8125.3657,214267.2,168084.6016,1
2401,300972.SZ,万辰集团,20260825,189.01,2.6611,5.3281,3.68,27.7391,21.1978,18.4977,0.7248,0.6512,0.3655,0.5119,19733.3568,18130.1065,9054.842,3729802.3736,3426772.0911,4
2402,300973.SZ,立高食品,20260825,24.98,2.9294,3.5244,0.71,13.8827,15.0888,1.6752,0.9716,0.971,2.7575,2.7575,16934.0646,11856.3764,9854.5714,423013.0686,296172.3724,1
2403,300975.SZ,商络电子,20260825,25.02,5.8438,7.4317,0.68,56.754,32.8754,6.4739,2.0108,1.6369,0.0477,0.2624,68700.5604,49207.3289,38693.2108,1718888.0112,1231167.3966,1
2404,300976.SZ,达瑞电子,20260825,57.26,3.3571,6.1455,0.61,37.9763,34.282,2.9137,3.3614,3.0538,0.9685,0.866,18713.1945,12037.5683,6575.7921,1071517.5171,689271.1609,4
2405,300977.SZ,深圳瑞捷,20260825,16.5,1.6428,3.1055,0.97,84.2505,113.7255,1.8169,5.3748,5.1255,,0.9091,15222.6727,9480.2083,5015.0832,251174.055,156423.465,1
2406,300978.SZ,东箭科技,20260825,8.75,0.807,1.4313,0.79,25.9657,29.6528,2.2151,1.818,1.8822,4.0,4.5714,42270.2739,28708.9219,16187.2919,369864.8625,251203.05,1
2407,300979.SZ,华利集团,20260825,33.98,0.3392,2.1859,1.1,12.3663,15.9344,2.5689,1.5874,1.706,9.7116,6.1801,116700.0,116700.0,18109.5,3965466.0,3965466.0,1
2408,300980.SZ,祥源新材,20260825,22.75,4.6413,5.5808,0.92,63.1937,52.495,2.2065,5.2047,4.9585,0.7735,0.8575,13806.5198,9834.1448,8178.5948,314098.33,223726.685,1
2409,300981.SZ,中红医疗,20260825,14.77,2.3117,7.5941,0.66,,,1.2047,2.6691,2.7001,1.5336,2.3617,42886.4959,39299.7379,11963.174,633433.605,580457.1598,1
2410,300982.SZ,苏文电能,20260825,14.89,0.9155,1.7205,0.79,,,1.0816,2.4107,2.9032,3.9367,0.6561,20696.5146,19389.7146,10317.7146,308171.0339,288712.7819,1
2411,300983.SZ,尤安设计,20260825,38.73,0.7012,2.1231,1.0,,,2.4321,39.4398,50.5383,,,17280.0,15281.0238,5046.9005,669254.4,591833.9046,4
2412,300984.SZ,金沃股份,20260825,31.08,2.8576,4.3976,0.95,124.099,117.7127,3.3661,4.7997,4.6076,0.2196,0.6895,19245.2674,12402.9497,8059.6512,598142.9916,385483.686,1
2413,300985.SZ,致远新能,20260825,38.6,2.851,8.922,1.04,,,8.1444,4.2424,4.0977,,,18651.248,18651.248,5960.018,719938.25,719938.25,1
2414,300986.SZ,志特新材,20260825,11.62,3.227,5.6346,0.56,40.8947,37.694,3.0003,2.2539,2.1656,0.3844,0.6119,57572.2841,57531.6973,32949.1758,668990.0098,668518.354,1
2415,300987.SZ,川网传媒,20260825,13.65,1.9775,3.5948,1.28,114.7187,117.2716,2.9335,7.6647,7.8085,0.9158,0.8425,17336.8,17336.8,9536.8,236647.32,236647.32,1
2416,300988.SZ,津荣天宇,20260825,14.76,1.4969,2.1633,0.79,31.8395,31.1666,2.2234,1.5025,1.4319,0.8059,0.9459,19695.8099,16210.1585,11216.5965,290710.1556,239261.9616,1
2417,300989.SZ,蕾奥规划,20260825,14.19,1.918,2.548,0.56,152.9726,,3.0909,9.4296,10.5288,,0.0702,21055.8267,16289.4292,12261.6425,298782.2277,231147.0117,4
2418,300990.SZ,同飞股份,20260825,83.16,17.3821,29.8419,2.14,56.2997,56.7784,6.6463,4.9655,4.758,0.5949,0.599,17121.659,7776.392,4529.542,1423837.2456,646684.5924,1
2419,300991.SZ,创益通,20260825,27.74,5.1118,7.8578,1.37,,,6.4761,5.6518,6.0089,0.1081,,14400.0,10510.65,6837.6,399456.0,291565.431,1
2420,300992.SZ,泰福泵业,20260825,24.64,1.6912,2.4222,1.21,126.337,,2.7178,2.5102,2.4986,0.298,0.2994,9530.0518,7798.8018,5445.0518,234820.432,192162.432,1
2421,300993.SZ,玉马科技,20260825,9.95,1.0844,2.1008,1.23,20.6072,20.9338,1.9205,4.1135,3.9318,0.9854,1.9801,30813.12,24185.5344,12484.3155,306590.544,240646.0235,1
2422,300994.SZ,久祺股份,20260825,11.6,2.1341,3.1741,1.35,18.2659,21.7609,2.194,0.8046,0.7911,3.4483,8.2759,23308.8,11666.4,7843.872,270382.08,135330.24,1
2423,300995.SZ,奇德新材,20260825,27.2,2.1541,3.7532,1.15,127.6226,111.6481,3.9258,6.6815,6.6077,0.7544,0.6546,9211.0949,6072.9742,3485.4767,250541.648,165184.784,1
2424,300996.SZ,普联软件,20260825,14.05,8.3023,10.7472,0.72,75.1681,59.2754,4.2037,6.7409,6.7017,0.5412,0.5081,39579.0802,33314.2304,25735.5285,556086.074,468064.9315,4
2425,300997.SZ,欢乐家,20260825,16.76,2.72,9.4495,1.06,165.0304,154.8395,6.7576,4.8588,4.9139,1.721,1.1473,43497.3475,39459.1347,11358.0207,729015.4184,661335.0188,1
2426,300998.SZ,宁波方正,20260825,26.3,3.2634,5.0648,0.96,132.2259,153.734,2.7999,2.8043,2.8557,,0.7531,13716.923,10768.058,6938.333,360755.259,283199.978,1
2427,300999.SZ,金龙鱼,20260825,25.4,2.0602,2.0602,0.76,43.6768,37.3025,1.4127,0.5618,0.5458,0.437,0.9055,542159.1536,54264.7097,54264.7097,13770842.41,1378323.634,1
2428,301000.SZ,肇民科技,20260825,24.5,1.5494,3.8225,0.99,39.943,42.8349,4.5863,7.0456,6.8836,0.8136,0.898,24322.0636,22961.2636,9307.0396,595890.47,562550.87,1
2429,301001.SZ,凯淳股份,20260825,24.14,1.6068,2.6961,0.78,,,2.5117,6.1078,6.1632,1.5534,,8000.0,5030.0,2997.6506,193120.0,121424.2,1
2430,301002.SZ,崧盛股份,20260825,27.88,5.5062,6.2879,0.62,,108.6887,3.3609,3.9335,3.4382,,,13493.6678,8779.5395,7688.1894,376203.5196,244773.5752,1
2431,301003.SZ,江苏博云,20260825,57.7,2.6674,4.7475,0.86,54.9243,54.8358,4.8492,10.2632,9.5797,3.1196,1.0399,9713.3323,7514.0129,4221.729,560459.141,433558.377,1
2432,301004.SZ,嘉益股份,20260825,35.24,0.446,1.5285,0.78,11.7536,14.8181,2.8616,2.1833,2.4963,8.8741,2.8096,14580.6262,13610.7375,3971.8487,513821.4012,479642.4776,1
2433,301005.SZ,超捷股份,20260825,70.39,5.48,11.8678,0.55,813.319,2192.6359,16.5846,15.0495,14.5789,0.0502,0.0507,18796.5415,18413.6101,8502.6024,1323088.4506,1296134.0079,4
2434,301006.SZ,迈拓股份,20260825,13.95,1.8325,2.9709,1.17,21.0582,22.1858,1.4737,4.8871,4.8714,1.4164,1.4164,13928.0,8382.09,5170.14,194295.6,116930.1555,1
2435,301007.SZ,德迈仕,20260825,29.05,2.5007,3.0595,0.91,86.1869,103.7985,6.8129,6.9191,6.848,0.5164,0.2389,15334.0,15132.5125,12368.6397,445452.7,439599.4155,4
2436,301008.SZ,宏昌科技,20260825,38.12,6.5571,13.1218,0.56,152.0361,223.4142,3.3079,4.3534,4.4097,0.2259,0.0734,13096.3234,11564.0734,5778.6634,499231.7184,440822.3484,1
2437,301009.SZ,可靠股份,20260825,9.17,2.1094,2.9749,1.16,69.0213,128.4445,1.8556,2.1674,2.1466,0.7481,1.2824,27186.0,15103.5028,10709.3336,249295.62,138499.095,1
2438,301010.SZ,晶雪节能,20260825,17.98,1.3507,3.418,1.14,232.9293,259.5449,2.3434,2.254,2.3352,1.1123,,10800.0,10800.0,4268.025,194184.0,194184.0,1
2439,301011.SZ,华立科技,20260825,15.29,1.5386,2.749,1.17,34.204,50.1051,2.4838,2.3681,2.4465,1.2423,0.981,15445.7126,14669.6876,8210.5076,236164.9457,224299.5234,1
2440,301012.SZ,扬电科技,20260825,24.0,4.0061,6.2799,0.9,120.304,97.0464,3.9591,3.6958,3.3757,0.4226,0.1667,19696.0162,19696.0162,12564.3882,472704.48,472704.48,4
2441,301013.SZ,利和兴,20260825,39.43,11.0681,11.9989,0.83,,,14.6365,19.6072,15.715,0.1268,,23374.3056,18924.1638,17456.1146,921648.649,746179.6288,4
2442,301015.SZ,百洋医药,20260825,24.69,1.2889,5.0326,0.56,27.3395,25.2673,5.2138,1.7289,1.7421,3.0862,2.3127,52562.4077,52555.6577,13459.9267,1297765.9029,1297599.2454,4
2443,301016.SZ,雷尔伟,20260825,12.29,1.0636,3.351,0.97,53.1764,54.0001,3.6503,9.7778,9.8679,2.4855,0.8699,30640.9026,29382.3968,9326.1714,376576.7839,361109.696,1
2444,301017.SZ,漱玉平民,20260825,13.32,2.6542,5.1598,0.91,47.2954,54.591,2.6496,0.5231,0.5121,,0.3378,40560.7125,25869.51,13307.3725,540268.6572,344581.8732,1
2445,301018.SZ,申菱环境,20260825,104.2,12.2893,20.5459,2.13,179.9088,204.2449,14.132,9.2654,9.2904,0.1091,0.1714,37428.1339,28282.2899,16916.6673,3900011.146,2947014.618,1
2446,301019.SZ,宁波色母,20260825,15.4,1.8484,2.1304,1.39,27.7243,26.7208,2.6738,6.5019,6.2208,3.2468,3.5173,19795.6069,14514.6658,12593.2695,304852.394,223525.918,1
2447,301020.SZ,密封科技,20260825,20.89,1.7468,5.462,1.74,34.5551,31.3896,3.0177,5.4456,5.0695,1.484,1.5797,14640.0,14640.0,4682.0,305829.6,305829.6,1
2448,301021.SZ,英诺激光,20260825,75.0,6.5543,11.0753,0.85,237.2593,171.8215,10.9681,22.3359,21.0972,0.1321,0.1328,15286.9941,15270.0163,9036.6571,1146525.0,1145251.5,4
2449,301022.SZ,海泰科,20260825,23.3,1.7591,2.0163,0.96,43.9538,69.3005,1.6536,2.8077,2.7657,1.097,1.2876,9948.4126,6676.6125,5825.1171,231797.953,155565.013,1
2450,301023.SZ,奕帆传动,20260825,28.72,3.3429,4.8507,1.33,37.5683,44.872,3.2425,10.3739,10.8373,3.275,2.6114,9332.064,6675.0211,4600.1482,268016.7632,191706.5744,1
2451,301024.SZ,霍普股份,20260825,32.47,1.8384,6.0358,1.43,,,6.1079,13.6595,13.921,,,6358.5,6156.0,1875.0,206460.495,199885.32,1
2452,301025.SZ,读客文化,20260825,9.44,4.7148,11.2106,0.9,431.7616,278.6304,6.0329,10.8303,10.6835,0.3178,0.1589,40030.94,27715.074,11655.9001,377892.0736,261630.2608,1
2453,301026.SZ,浩通科技,20260825,20.76,7.9364,8.9024,1.09,26.4075,19.4978,2.6574,1.074,0.809,0.977,1.3763,22158.3581,16003.28,14266.7557,460007.5142,332228.0928,4
2454,301027.SZ,华蓝集团,20260825,21.27,4.8738,5.4782,1.11,,,3.4772,4.324,4.4907,,,14700.0,12119.2094,10781.9975,312669.0,257775.5967,1
2455,301028.SZ,鼎熔岩,20260825,13.25,2.0949,4.5575,0.89,22.0364,21.2819,2.9235,4.2384,3.8639,1.4961,1.5005,38632.526,25059.9899,11519.1199,511881.0225,332044.8675,1
2456,301029.SZ,怡合达,20260825,25.86,3.3292,4.1588,1.83,32.1133,29.9738,3.7576,5.5771,4.9212,1.7358,2.4918,63578.6712,45286.2808,36252.9201,1644144.4062,1171103.2008,1
2457,301030.SZ,*ST仕净,20260825,8.29,2.4147,3.4316,0.8,,,,2.7226,-24.402,,,20238.333,20210.571,14221.805,167775.7557,167545.6253,1
2458,301031.SZ,中熔电气,20260825,89.74,1.9485,2.2638,1.15,32.3784,28.625,8.0195,6.0375,5.4334,0.3795,0.3905,14615.4353,11489.8743,9889.9392,1311588.6882,1031100.9338,4
2459,301032.SZ,新柴股份,20260825,10.3,2.9653,5.2423,1.68,23.1494,21.969,1.9587,1.0655,1.0563,0.9709,1.2621,24113.34,16386.1801,9268.8749,248367.402,168777.654,1
2460,301033.SZ,迈普医学,20260825,54.82,3.0714,4.7567,0.86,32.5071,30.0423,4.5318,9.9706,9.1741,1.0795,1.2717,6708.2709,5638.6749,3640.9224,367747.3614,309111.8894,4
2461,301035.SZ,润丰股份,20260825,54.76,0.7102,2.1933,1.23,19.1095,20.1461,2.5995,1.3589,1.2796,1.0595,2.166,36450.5266,36375.1026,11777.9681,1996030.4752,1991900.476,4
2462,301036.SZ,双乐股份,20260825,22.44,1.6606,1.9008,1.46,45.2603,361.5501,1.3782,1.5194,1.5342,0.8913,1.3369,10000.0,6967.9408,6087.2466,224400.0,156360.5736,1
2463,301037.SZ,保立佳,20260825,13.5,2.9932,4.856,0.99,,,3.4631,1.1108,1.1649,,,13903.1686,6798.6573,4190.6969,187692.795,91781.91,1
2464,301038.SZ,深水规院,20260825,16.35,1.3715,4.1891,1.57,69.1946,76.4627,4.0702,4.6533,4.7342,0.4328,0.5076,22308.0,22308.0,7303.8,364735.8,364735.8,1
2465,301039.SZ,中集车辆,20260825,8.3,1.7772,3.579,1.48,17.2163,18.6306,1.1035,0.7709,0.7351,3.3735,4.2169,187412.442,144695.7375,71851.39,1555523.252,1200974.642,1
2466,301040.SZ,中环海陆,20260825,27.0,1.7168,2.6263,0.73,,,3.966,3.8258,3.8783,,,10000.1102,9436.4196,6168.3854,270002.97,254783.34,4
2467,301041.SZ,金百泽,20260825,26.68,8.6484,9.7875,1.96,141.1766,101.9959,4.145,4.0629,3.7199,0.3703,0.1778,10668.0,7900.2839,6980.8781,284622.24,210779.4704,1
2468,301042.SZ,安联锐视,20260825,33.11,4.1285,6.2545,0.87,118.9082,102.4641,2.9783,6.8283,5.8653,,0.8443,9677.7154,9225.1024,6089.3824,320428.9781,305443.061,1
2469,301043.SZ,绿岛风,20260825,45.23,1.1104,3.1926,0.76,44.8657,43.8825,3.5589,5.5201,5.4515,3.2279,1.9456,6800.0,5674.775,1973.635,307564.4523,256670.2994,1
2470,301045.SZ,天禄科技,20260825,63.39,4.4693,7.357,0.8,215.5001,190.9068,6.7369,12.0319,12.3234,0.0789,0.1578,11031.8358,6971.6032,4235.1329,699307.7037,441929.724,4
2471,301046.SZ,能辉科技,20260825,23.11,3.0141,5.0118,0.85,557.7758,,3.3242,3.2955,3.8283,1.1727,1.7342,16858.753,13019.503,7829.933,389605.7125,300880.645,1
2472,301047.SZ,义翘神州,20260825,112.3,8.4626,22.2828,0.64,92.461,86.8683,2.5588,19.5261,18.7715,4.4524,4.6305,12163.6742,11958.0621,4541.4431,1365980.141,1342890.138,1
2473,301048.SZ,金鹰重工,20260825,9.15,1.1122,4.4487,0.87,24.1669,22.7925,1.703,1.5251,1.4742,0.6789,1.1773,53333.34,53333.34,13333.34,488000.061,488000.061,1
2474,301049.SZ,超越科技,20260825,20.29,3.757,5.2615,1.36,,,3.7591,9.7956,9.7825,,,9425.3334,3596.9429,2568.4034,191239.9457,72981.9126,1
2475,301050.SZ,雷电微力,20260825,28.44,2.8341,2.9215,1.29,42.8441,,2.3214,9.5087,20.3162,1.2042,0.668,24757.9192,21048.9977,20419.5929,704115.2448,598633.56,1
2476,301051.SZ,信濠光电,20260825,17.86,6.1742,8.1415,0.95,,,2.6025,3.0939,3.343,0.1666,,28426.0838,22583.7116,17126.5616,507689.7888,403345.0606,4
2477,301052.SZ,果麦文化,20260825,23.02,3.4019,3.9396,0.88,,,3.4922,3.5539,4.1853,0.2302,0.0782,9895.9339,8023.9794,6928.9919,227804.3086,184712.0196,1
2478,301053.SZ,远信工业,20260825,40.07,3.1197,7.5053,0.61,317.9567,251.0581,5.9007,7.9889,7.8898,0.4641,0.1783,13188.5317,12247.2958,5090.7456,528464.7978,490749.311,4
2479,301055.SZ,张小泉,20260825,29.66,2.4791,5.9882,1.24,84.0306,64.9499,6.6035,4.5282,4.3164,0.3927,1.0115,15600.0,15266.7676,6320.5276,462696.0,452812.3982,4
2480,301056.SZ,森赫股份,20260825,11.71,1.4758,3.2306,1.0,41.6849,45.5758,3.9294,5.6186,5.8596,5.1238,3.4159,26678.6667,17599.583,8039.6667,312407.1086,206091.0818,1
2481,301057.SZ,汇隆新材,20260825,22.42,2.4295,3.7022,1.0,74.685,67.0555,3.3399,2.757,2.6538,0.8822,0.8822,11696.9438,8101.7288,5316.7763,262245.619,181640.7866,1
2482,301058.SZ,中粮科工,20260825,8.58,2.1898,4.6847,0.74,19.1707,19.1549,1.9094,1.4591,1.4143,1.7196,1.7196,52080.3005,51227.4245,23946.2443,446848.974,439531.2636,1
2483,301059.SZ,金三江,20260825,12.22,5.4138,16.9581,5.55,36.9779,31.3923,4.5137,6.303,5.3925,1.3809,1.629,23115.4,20654.4574,6593.8777,282470.188,252397.5012,1
2484,301060.SZ,兰卫医学,20260825,11.47,7.8424,15.366,0.61,,118.9198,2.962,3.1725,3.5882,1.735,1.5615,40051.7,36016.6407,18382.0067,459392.999,413110.8608,1
2485,301061.SZ,匠心家居,20260825,34.64,1.3788,3.5954,0.85,11.4889,11.8721,2.2592,2.9154,2.9395,1.9538,2.2146,28439.7621,18893.8524,7245.5781,985153.2864,654482.964,1
2486,301062.SZ,上海艾录,20260825,7.26,3.7001,3.7001,0.79,,,2.3341,2.6788,2.4996,1.2368,1.2368,43329.2145,27525.1242,27525.1242,314570.0646,199832.3712,1
2487,301063.SZ,海锅股份,20260825,18.3,1.2061,1.8653,1.09,37.2996,51.317,1.2084,1.0176,1.046,0.8197,0.8197,10436.0724,9664.7303,6249.3724,190980.081,176864.559,1
2488,301065.SZ,本立科技,20260825,20.1,5.4115,9.4268,3.07,27.0322,26.9957,1.529,3.3373,3.1977,0.9683,1.4525,10602.0,8628.75,4953.375,213100.2,173437.875,1
2489,301066.SZ,万事利,20260825,12.21,1.2424,2.4793,0.82,85.9887,77.8378,2.2262,4.0082,3.8302,1.1204,0.8126,23492.3111,23311.667,11681.3058,286841.1051,284635.4907,1
2490,301067.SZ,显盈科技,20260825,28.67,3.2123,4.5025,0.75,,,3.6235,3.8408,4.0657,0.1728,,9723.6,6382.89,4553.945,278775.612,182997.4563,1
2491,301068.SZ,大地海洋,20260825,28.4,1.4275,2.064,0.95,,,4.9845,2.9202,3.1643,0.8072,,14131.5742,10032.1525,6938.5931,401336.588,284913.06,1
2492,301069.SZ,凯盛新材,20260825,16.24,0.8452,1.3216,0.59,57.3311,54.8715,3.1505,7.1721,6.4099,0.5716,0.5937,45317.4229,42677.4229,27291.5076,735954.9008,693081.3008,1
2493,301070.SZ,开勒股份,20260825,63.72,3.2936,3.7592,0.72,,,10.8275,29.0582,27.9634,,,12617.4336,8481.387,7430.7878,803983.2768,540434.1708,4
2494,301071.SZ,力量钻石,20260825,58.18,7.6285,10.8431,0.98,135.4411,85.3405,2.7809,23.4074,17.8737,0.2578,0.6875,25445.0293,18704.9097,13159.5332,1480391.8454,1088251.6638,1
2495,301072.SZ,中捷精工,20260825,43.69,4.8141,8.6773,1.03,,,6.4878,5.6762,5.4275,,,10504.5985,6792.2173,3768.2923,458945.974,296752.0918,1
2496,301073.SZ,君亭酒店,20260825,18.87,6.8253,16.8526,2.57,158.9487,136.1629,4.1428,5.4513,5.4221,1.1924,0.3975,19445.1046,17779.0756,7200.539,366929.2257,335491.2396,1
2497,301075.SZ,多瑞医药,20260825,55.14,1.3625,3.8999,1.09,,,7.1491,28.6114,32.16,,,8000.0,8000.0,2795.0104,441120.0,441120.0,1
2498,301076.SZ,新瀚新材,20260825,20.35,1.7882,2.1016,0.83,69.7065,70.1769,3.8558,10.4624,10.4908,0.6664,0.7533,22816.9435,15254.5761,12979.2285,464324.9325,310430.703,1
2499,301077.SZ,星华新材,20260825,20.83,1.811,3.0067,0.55,27.3363,27.705,2.9559,4.6089,4.391,4.0607,2.8776,17024.7717,9557.1404,5756.3955,354625.9591,199075.2262,1
2500,301078.SZ,孩子王,20260825,7.09,1.1199,1.5566,0.78,30.1224,28.4398,2.0827,0.8727,0.8677,0.9776,1.0492,126457.2936,126194.5121,90788.6366,896582.1861,894719.0759,1
2501,301079.SZ,邵阳液压,20260825,28.07,3.3117,3.9996,0.76,522.0958,375.7167,6.3515,10.9562,11.0109,0.0718,0.0716,10845.7734,7693.3412,6370.1328,304440.7639,215952.0538,1
2502,301080.SZ,百普赛斯,20260825,92.0,12.3259,15.6477,0.64,93.1733,90.0837,5.7094,18.4061,17.3876,0.5432,0.6502,16767.9058,12683.7356,9991.1159,1542647.3336,1166903.6752,4
2503,301081.SZ,严牌股份,20260825,13.67,5.6887,12.4401,1.66,184.0387,395.0412,2.9564,3.563,3.3475,2.0576,0.3657,23371.3485,22448.2515,10265.2095,319486.3545,306867.5775,4
2504,301082.SZ,久盛电气,20260825,9.53,2.1922,4.2718,0.73,75.8564,76.2482,2.7147,1.2081,1.2569,0.8072,0.6457,29420.1926,27270.7852,13995.1716,280374.506,259890.6287,1
2505,301083.SZ,百胜智能,20260825,14.16,3.187,4.6672,1.61,82.5774,136.5445,3.0337,7.2144,7.0641,0.8475,0.3672,17786.6667,8694.3917,5937.0783,251859.2472,123112.5624,1
2506,301085.SZ,亚康股份,20260825,58.67,4.9556,6.8981,0.5,,,5.3291,3.7944,3.5903,0.203,,8677.5675,5891.1742,4232.2122,509112.4452,345634.9439,1
2507,301086.SZ,鸿富瀚,20260825,128.61,8.185,11.1847,1.66,159.5383,106.6113,8.2047,17.7646,14.1414,0.4448,0.3323,12586.42,6976.0863,5105.1382,1618739.4762,897194.9349,1
2508,301087.SZ,可孚医疗,20260825,48.06,0.5799,1.2717,0.71,30.5085,29.2781,2.3959,3.3468,3.0958,3.6455,3.6649,23589.7,19399.127,8846.4775,1133720.982,932322.0436,1
2509,301088.SZ,戎美股份,20260825,12.69,0.49,1.5938,0.7,37.1073,40.4806,1.1441,4.8769,5.199,4.4996,5.1931,22790.0,18800.0,5780.0,289205.1,238572.0,1
2510,301089.SZ,拓新药业,20260825,24.32,4.3256,6.069,0.57,,,2.0866,8.1343,8.2321,,,12654.45,9047.0063,6448.1793,307756.224,220023.2832,1
2511,301090.SZ,华润材料,20260825,6.9,1.9157,10.7245,2.19,,35.2571,1.5785,0.7767,0.7642,,,147093.3296,147093.3296,26274.3962,1014943.977,1014943.977,4
2512,301091.SZ,深城交,20260825,18.68,1.0484,2.803,0.92,161.0292,90.272,4.0635,8.173,6.979,0.21,0.0642,52728.0,52728.0,19721.822,984959.04,984959.04,1
2513,301092.SZ,争光股份,20260825,43.94,4.1855,6.9125,0.88,58.9545,63.0785,2.9902,9.0726,9.169,0.5877,0.5898,13453.5284,6093.9434,3689.8534,591148.1082,267767.7236,4
2514,301093.SZ,华兰股份,20260825,75.36,3.4502,6.1408,0.92,266.9117,378.7565,7.288,25.9286,26.617,0.1573,0.051,21313.1373,20348.4017,11432.6428,1606158.2304,1533455.424,4
2515,301095.SZ,广立微,20260825,72.31,2.3543,3.5357,0.79,163.2953,157.9554,4.61,19.7045,18.7147,0.3402,0.2721,20028.1088,17302.0281,11520.8838,1448232.6341,1251109.7893,4
2516,301096.SZ,百诚医药,20260825,48.07,2.4186,2.826,0.77,,,2.0987,7.7444,7.3982,,,10922.8284,8308.9966,7111.2541,525060.4381,399413.63,4
2517,301097.SZ,天益医疗,20260825,33.73,2.6378,4.2201,1.0,,,2.7044,4.781,4.0086,1.0448,1.0291,8160.9393,3959.0371,2474.6618,275268.5062,133538.4192,1
2518,301098.SZ,金埔园林,20260825,9.06,5.1511,5.5096,1.05,,,1.5242,3.0266,3.0393,0.4386,,23145.1721,19298.6721,18043.1721,209695.2402,174845.9502,1
2519,301099.SZ,雅创电子,20260825,51.07,12.2748,16.0222,2.11,76.5215,29.3765,6.1153,1.4592,0.9657,0.3369,0.438,18892.5509,11497.4489,8808.3209,964842.5285,587174.7715,1
2520,301100.SZ,风光股份,20260825,16.0,1.3569,2.2481,1.06,,,1.6011,2.8226,2.8994,,,20122.7,8872.7,5355.2,321963.2,141963.2,1
2521,301101.SZ,明月镜片,20260825,29.56,1.6217,4.0274,1.61,30.8761,28.5707,3.3588,7.1984,6.7318,1.6849,1.6849,20151.21,19410.3143,7815.9793,595669.7676,573768.7636,1
2522,301102.SZ,兆讯传媒,20260825,9.46,0.4038,1.6152,0.89,316.2221,,1.2947,6.9426,7.5575,0.2114,0.1034,40600.0,40600.0,10150.0,384076.0,384076.0,1
2523,301103.SZ,何氏眼科,20260825,16.86,1.2716,1.7622,0.6,97.4642,96.9079,1.3872,2.4385,2.4083,0.8744,0.8744,15802.6471,12163.3616,8777.5146,266432.679,205074.2496,1
2524,301105.SZ,鸿铭股份,20260825,47.88,2.2566,2.7199,0.79,,,2.9298,13.5112,14.8498,,2.0886,5000.0,1981.2498,1643.7497,239400.0,94862.25,1
2525,301106.SZ,骏成科技,20260825,20.62,7.3462,22.4466,0.68,32.3834,39.7027,2.2714,3.2383,3.1509,1.3789,1.2124,14296.0769,14296.0769,4678.7131,294785.1696,294785.1696,4
2526,301107.SZ,瑜欣电子,20260825,21.34,3.8671,7.8719,1.42,40.346,60.5228,3.203,4.2915,4.1125,1.6736,1.0042,14218.8788,8116.073,3987.0194,303430.8992,173196.9338,1
2527,301108.SZ,洁雅股份,20260825,38.0,2.635,4.7912,0.92,55.3533,55.2063,2.2555,5.5402,5.0883,0.4511,0.6579,11255.6252,6483.3415,3565.649,427713.56,246366.92,1
2528,301109.SZ,军信股份,20260825,13.11,0.6179,1.6448,1.15,14.4369,13.902,1.3941,3.7648,3.6576,4.9036,4.8617,78910.0842,62428.8808,23453.7318,1034511.1488,818442.6168,4
2529,301110.SZ,青木科技,20260825,34.51,1.7169,2.4263,0.62,36.3345,28.8159,2.9014,3.1599,3.0133,0.8279,0.8279,12954.9466,9111.8521,6447.6069,447074.9794,314449.9435,1
2530,301111.SZ,粤万年青,20260825,21.71,2.6972,4.2812,0.39,,,4.6477,11.0399,11.2048,0.2303,0.2303,16000.0,16000.0,10080.0,347360.0,347360.0,1
2531,301112.SZ,信邦智能,20260825,30.92,0.8349,2.5391,0.79,,,3.0613,8.4953,8.9427,0.3234,,11026.66,11026.66,3625.6909,340944.3272,340944.3272,1
2532,301113.SZ,雅艺科技,20260825,17.05,2.4458,5.3429,1.34,266.1207,257.9843,2.9748,5.671,5.9886,2.4293,0.9023,11830.0,7166.4211,3280.5625,201701.5,122187.461,1
2533,301115.SZ,联检科技,20260825,28.23,3.6106,4.7845,0.83,238.7,,2.0739,3.6397,3.7105,1.2184,0.4139,18205.728,14920.215,11259.443,513947.7579,421197.8106,1
2534,301116.SZ,益客食品,20260825,9.55,1.1731,4.591,0.4,,,2.7373,0.2261,0.2215,0.733,,44897.9593,44897.6593,11472.722,428775.518,428772.653,1
2535,301117.SZ,ST佳缘,20260825,14.18,1.7159,1.959,0.25,,,2.0695,8.0163,7.8599,0.072,,18083.6068,11585.4985,10147.2854,256425.5898,164282.39,6
2536,301118.SZ,恒光股份,20260825,22.87,3.3254,6.9361,1.71,,577.8175,1.8521,1.6735,1.6344,0.548,,11011.1,10593.3357,5078.8307,251823.857,242269.6858,1
2537,301119.SZ,正强股份,20260825,22.35,1.5384,4.0627,0.76,28.8659,32.439,3.0488,7.0862,6.9295,2.9402,0.3835,14560.0,11775.4,4459.0,325416.0,263180.19,1
2538,301120.SZ,新特电气,20260825,14.7,2.3289,2.9711,0.72,127.4953,171.3752,3.5129,13.0242,11.9454,0.2015,0.3653,37312.5855,22576.041,17696.0141,548495.0069,331867.8027,1
2539,301121.SZ,紫建电子,20260825,35.69,1.6708,2.8407,1.43,486.6576,7649.6282,2.1313,2.6615,2.4756,0.3973,,9882.6057,7676.0674,4514.7404,352710.3509,273958.9383,1
2540,301122.SZ,采纳股份,20260825,38.61,8.9311,15.2683,1.0,839.7345,427.1476,2.5492,13.2325,11.0971,0.6475,0.1036,12224.5658,7564.0658,4424.5658,471990.6477,292048.7427,4
2541,301123.SZ,奕东电子,20260825,77.04,5.8776,11.2543,1.11,,,6.4484,7.9746,7.4226,0.1281,0.1281,23464.0,16504.1636,8619.4095,1807666.56,1271480.4864,1
2542,301125.SZ,腾亚精工,20260825,12.31,1.6424,2.8524,0.75,522.5093,,4.3903,4.1092,4.3176,0.1662,0.1108,20732.4017,17577.9908,10121.6188,255215.844,216385.0569,1
2543,301126.SZ,达嘉维康,20260825,10.34,2.3862,3.1384,0.69,,,1.4157,0.4129,0.4062,1.0039,0.2128,20540.32,13786.8269,10482.28,212386.9088,142555.8222,1
2544,301127.SZ,武汉天源,20260825,19.09,6.1591,11.3456,0.94,58.5926,60.1017,3.8013,7.531,7.0763,0.5028,0.1982,67407.5277,65442.2383,35526.2266,1286809.7477,1249292.3616,1
2545,301128.SZ,强瑞技术,20260825,113.0,5.7039,10.0246,1.47,115.5265,94.6719,17.0508,8.9967,6.953,0.2709,0.5057,14481.7778,12738.9383,7248.3355,1636441.14,1439500.22,1
2546,301129.SZ,瑞纳智能,20260825,23.93,7.4201,12.9852,0.53,29.8972,25.5484,1.7838,6.0183,5.8713,1.0209,1.3125,13586.74,6747.25,3855.55,325130.6882,161461.6925,1
2547,301130.SZ,西点药业,20260825,38.72,36.6851,45.014,1.45,135.2453,129.9603,3.357,12.6123,12.4163,0.6715,0.3696,7649.4685,5901.736,4809.7447,296187.4203,228515.2179,1
2548,301131.SZ,聚赛龙,20260825,33.86,3.0656,3.6361,1.33,56.5533,124.2809,1.7261,1.1398,1.0318,1.5749,1.048,5466.2433,3915.4877,3301.1705,185087.225,132578.4914,1
2549,301132.SZ,满坤科技,20260825,35.92,3.699,7.313,0.64,44.5208,48.6167,2.897,3.2294,3.1049,1.1665,1.1693,14808.6249,9473.4441,4791.8245,531925.6304,340285.9648,1
2550,301133.SZ,金钟股份,20260825,30.64,4.3372,9.5204,1.5,,,2.7092,3.3023,3.2174,0.4297,,12146.6624,11113.5969,5062.9488,372173.9688,340520.704,1
2551,301135.SZ,瑞德智能,20260825,17.2,2.0387,2.7964,1.27,81.9284,131.0616,1.8177,1.5566,1.5326,1.322,1.3145,12978.8866,10098.4052,7362.1327,223236.908,173692.652,1
2552,301136.SZ,招标股份,20260825,11.62,1.6135,3.4753,0.9,,2505.3534,2.21,5.7889,5.6182,,,27520.482,27489.732,12762.9712,319787.9776,319430.6626,1
2553,301137.SZ,哈焊华通,20260825,30.16,2.1447,5.4662,1.04,146.0761,143.6246,3.9475,3.0739,3.0199,0.2984,0.2818,18181.34,18181.34,7133.6036,548349.2144,548349.2144,1
2554,301138.SZ,华研精机,20260825,30.09,7.9952,15.9965,3.45,36.8238,34.251,3.0477,5.3301,5.0039,0.3323,1.6617,12000.0,6856.014,3426.69,361080.0,206297.3409,1
2555,301139.SZ,*ST元道,20260825,3.44,11.6471,13.0713,0.79,47.3277,,0.215,0.3016,0.2903,1.0174,,12158.08,7616.7148,6786.8475,41823.7952,26201.4824,1
2556,301141.SZ,中科磁业,20260825,43.31,12.6054,12.6054,2.56,161.887,207.2459,4.187,7.2542,6.8868,0.2309,0.4618,12403.2605,4451.2605,4451.2605,537185.1906,192784.0706,1
2557,301148.SZ,嘉戎技术,20260825,51.2,1.333,1.9786,0.76,116.5113,148.2859,3.3864,11.7365,11.8225,0.7576,0.7609,11649.708,5887.308,3966.508,596465.152,301430.272,1
2558,301149.SZ,隆华新材,20260825,8.04,3.4626,4.331,2.08,31.5352,34.0283,2.1274,0.7111,0.6609,1.4351,1.4351,55900.0023,34011.0763,27190.9862,449436.0804,273449.0832,1
2559,301150.SZ,中一科技,20260825,38.64,3.5689,6.8909,0.79,191.5965,89.7903,3.4115,2.1308,1.9488,,0.5071,32390.3897,30383.9006,15736.4678,1251564.6696,1174033.896,1
2560,301151.SZ,冠龙节能,20260825,17.01,1.9759,5.9855,1.15,47.4154,62.6169,1.3868,3.5708,3.7485,1.8322,1.7637,16900.41,16884.3805,5573.6944,287475.9741,287203.3038,1
2561,301152.SZ,天力锂能,20260825,23.98,36.8344,36.8344,4.8,,,2.351,1.2917,1.237,,,11874.0007,7097.9207,7097.9207,284738.52,170208.1216,1
2562,301153.SZ,中科江南,20260825,17.23,1.1358,2.6571,1.19,60.7526,50.4213,3.2977,7.406,7.2932,1.0278,0.9213,35566.452,33175.2348,14181.4135,612809.9335,571609.2129,1
2563,301155.SZ,海力风电,20260825,41.16,1.3367,1.7638,0.56,25.7925,30.1852,1.5474,1.9278,2.0882,0.2187,0.3887,21739.1478,12325.8343,9341.2457,894783.0024,507331.1628,1
2564,301156.SZ,美农生物,20260825,12.07,7.2151,12.0989,0.67,40.5428,37.4232,2.9707,3.9592,3.5816,2.0273,1.9006,18410.7007,11829.2595,7054.3168,222217.149,142779.1682,1
2565,301157.SZ,华塑科技,20260825,60.08,3.5207,3.5207,0.94,124.4037,116.2769,3.242,13.7932,13.1319,0.3329,0.2497,6000.0,2065.7805,2065.7805,360480.0,124112.0624,1
2566,301158.SZ,德石股份,20260825,14.97,3.0581,5.5991,0.47,25.0361,28.3283,2.0859,4.0483,4.1473,1.6746,1.7299,19501.5163,19015.4264,10385.7391,291937.7544,284660.9871,1
2567,301159.SZ,三维天地,20260825,31.85,3.546,5.3537,0.79,293.5935,108.6229,3.7948,6.4248,6.3893,,,7735.0,5301.4976,3511.4022,246359.75,168852.775,1
2568,301160.SZ,翔楼新材,20260825,45.7,2.7308,3.1209,0.59,36.5911,37.4064,4.0893,5.0415,4.9968,1.0149,1.0433,16671.6915,11077.7193,9693.0492,761896.3016,506251.772,1
2569,301161.SZ,唯万密封,20260825,29.32,13.2806,16.2916,2.92,40.4231,32.6969,3.569,4.5758,4.2487,0.2865,0.5696,12000.0,7719.7575,6293.0325,351840.0,226343.2899,1
2570,301162.SZ,国能日新,20260825,36.64,1.1085,1.2653,0.49,52.5115,44.2992,4.2227,9.5346,9.1398,1.1343,1.3181,18667.5366,12116.7213,10615.3244,683978.6656,443956.6208,1
2571,301163.SZ,宏德股份,20260825,23.93,1.9755,2.8075,1.08,47.8943,47.3386,1.7037,2.2786,2.3286,0.5224,0.5224,8160.0,5472.5639,3850.7317,195268.8,130958.3608,1
2572,301165.SZ,锐捷网络,20260825,115.73,1.2702,10.585,0.57,185.081,137.3388,24.1514,9.0024,7.8115,0.2672,0.324,111363.6363,111363.6363,13363.6363,12888114.0572,12888114.0572,4
2573,301166.SZ,优宁维,20260825,29.66,7.7193,10.6826,0.87,,,1.2822,2.3583,2.2685,0.7716,2.0011,8616.8468,5642.0468,4076.9668,255575.771,167343.203,1
2574,301167.SZ,建研设计,20260825,14.67,2.0529,3.0094,1.03,75.7367,77.3966,1.7106,4.6235,4.6204,0.409,0.6135,11200.0,10571.4519,7211.4519,164304.0,155083.1715,1
2575,301168.SZ,通灵股份,20260825,41.81,0.7402,1.4308,0.64,196.0096,685.2265,2.36,3.7151,4.377,0.1471,0.0522,12000.0,9531.3336,4930.89,501720.0,398504.9073,1
2576,301169.SZ,零点有数,20260825,51.07,0.9799,2.5271,0.5,,,8.4881,10.1568,10.2447,,,7204.0536,7200.9036,2792.139,367910.8335,367749.963,1
2577,301170.SZ,锡南科技,20260825,23.37,2.1024,2.3797,1.14,23.0473,23.6186,1.2953,2.0811,2.0266,1.2837,1.0697,10000.0,3800.3725,3357.5425,233700.0,88814.6469,1
2578,301171.SZ,易点天下,20260825,34.3,7.8498,9.0625,0.74,134.1834,228.0174,5.5649,5.5391,4.9045,0.2576,0.0777,61852.0992,50188.4661,43472.6339,2121527.03,1721464.521,4
2579,301172.SZ,君逸数码,20260825,16.91,3.4758,5.6613,1.24,109.2391,132.7387,2.5533,8.5535,7.7001,0.3241,0.4549,22479.8598,16628.7854,10209.3178,380134.4326,281192.8389,1
2580,301173.SZ,毓恬冠佳,20260825,32.03,1.2605,1.2605,0.62,16.2584,16.4671,1.8166,1.2337,1.2921,0.7118,1.1427,8783.4772,3082.8659,3082.8659,281334.8644,98744.3261,1
2581,301175.SZ,中科环保,20260825,5.56,3.7445,3.7445,1.89,21.4364,19.8045,2.1536,4.3703,3.7567,3.5072,2.8777,147188.0,62188.0,62188.0,818365.28,345765.28,1
2582,301176.SZ,逸豪新材,20260825,45.9,2.9292,8.5269,0.9,,,5.2178,4.5118,3.9923,,,16906.6667,16405.3608,5635.5555,776016.153,753006.024,1
2583,301177.SZ,迪阿股份,20260825,23.94,1.1427,11.4248,1.71,68.8874,61.4388,1.522,6.3038,6.5022,2.0872,2.0886,40027.455,40000.9325,4001.0,958257.153,957622.2642,4
2584,301178.SZ,天亿马,20260825,34.88,2.7029,3.2162,0.84,433.5971,414.6808,4.1598,6.8082,5.6153,,0.101,9310.4264,6868.7623,5772.4942,324747.4496,239582.3488,1
2585,301179.SZ,泽宇智能,20260825,19.95,4.7211,6.7246,2.24,53.9811,46.5392,3.2329,6.7237,6.4317,1.3547,0.9483,40440.7569,23747.5029,16672.0989,806792.9625,473762.625,4
2586,301180.SZ,万祥科技,20260825,11.96,1.9933,4.5638,1.05,,,3.6554,3.4794,3.3108,,,40001.0,16413.8002,7169.0002,478411.96,196309.048,1
2587,301181.SZ,标榜股份,20260825,23.68,2.2072,5.3022,1.69,29.9532,31.4215,2.3925,6.4733,6.5794,2.2739,2.2739,15020.3264,11723.5589,4880.3264,355681.4144,277613.9008,1
2588,301182.SZ,凯旺科技,20260825,70.47,3.6369,8.3082,1.2,,,10.187,8.8571,8.0276,,,9582.17,8738.42,3825.17,675255.5199,615796.4574,1
2589,301183.SZ,东田微,20260825,233.35,8.4177,10.5989,0.64,185.7681,136.5305,18.0596,21.3061,18.6387,0.0535,0.0771,8007.635,5869.9578,4661.9502,1868582.794,1369755.166,4
2590,301185.SZ,鸥玛软件,20260825,16.64,1.042,1.4586,1.02,43.8464,48.8146,2.347,13.599,14.1404,1.8029,1.2019,15341.76,13866.7373,9905.4873,255286.8864,230742.5536,1
2591,301186.SZ,超达装备,20260825,33.9,1.2317,2.3603,1.1,29.3613,31.494,2.4062,4.9095,4.6728,1.5436,1.5701,11474.3504,10788.3093,5629.7076,388980.465,365723.709,1
2592,301187.SZ,欧圣电气,20260825,14.93,0.5331,1.799,0.77,36.4195,70.3716,2.5988,1.9215,1.7877,3.1829,1.3365,25493.3525,25493.3525,7554.4052,380615.7155,380615.7155,1
2593,301188.SZ,力诺药包,20260825,36.56,5.9054,7.9536,0.83,246.6221,327.6724,5.0044,9.9658,8.4636,0.2329,0.2653,26753.6615,26753.5578,19864.0117,978113.8096,978110.1536,4
2594,301189.SZ,奥尼电子,20260825,51.05,2.7668,7.4587,0.88,,,4.0295,8.8328,7.1664,,,16363.9931,15794.1277,5858.86,835382.2,806290.3365,1
2595,301190.SZ,善水科技,20260825,21.2,7.4515,15.6513,1.06,63.2985,41.6429,2.2781,5.9061,4.8283,0.6769,0.6769,21463.65,18185.4,8658.0,455029.38,385530.48,1
2596,301191.SZ,菲菱科思,20260825,87.47,4.0738,6.4381,0.63,130.5355,115.4906,4.9783,4.7787,4.3171,0.8128,0.1626,9689.708,7305.7734,4622.7978,847558.059,639035.7019,4
2597,301192.SZ,泰祥股份,20260825,20.56,2.7691,4.43,1.23,38.7839,37.8261,3.1888,4.4609,4.3931,1.1998,0.7199,10124.2,4921.075,3076.0247,208153.7576,101177.4048,1
2598,301193.SZ,家联科技,20260825,18.46,2.0391,3.1403,1.42,,,3.2222,1.6546,1.5152,,,24088.1531,18418.1409,11959.8349,444667.249,339998.8644,1
2599,301195.SZ,北路智控,20260825,26.2,1.2931,2.7177,1.32,22.8565,27.2582,1.4303,3.5915,3.6867,2.4809,2.2901,13206.984,8768.9828,4172.2185,346022.876,229747.276,1
2600,301196.SZ,唯科科技,20260825,92.8,9.0615,13.5384,1.11,59.3109,60.7384,4.5586,6.9144,6.6996,0.4932,1.0736,16421.3422,10779.5696,7214.9996,1523900.352,1000344.096,1
2601,301197.SZ,工大科雅,20260825,25.86,2.7394,3.791,1.04,98.3544,136.3251,2.3594,6.7324,7.0841,0.3741,0.1845,12054.0,10874.925,7858.25,311716.6986,281225.6898,1
2602,301198.SZ,喜悦智行,20260825,12.76,1.9913,3.8782,0.99,,,2.3827,5.0203,4.9277,,,16900.0,15555.436,7987.14,215644.0,198487.4144,1
2603,301199.SZ,迈赫股份,20260825,17.82,0.665,2.0236,0.6,30.6803,38.5295,1.7126,2.8645,3.0936,0.7937,0.954,18667.6,17967.5875,5904.25,332656.632,320182.4538,1
2604,301200.SZ,大族数控,20260825,269.06,0.7091,4.5589,0.73,159.6234,86.6829,10.9214,22.7913,15.7082,0.1449,0.223,48900.7741,42523.8073,6613.8073,13157243.8668,11441456.3186,1
2605,301201.SZ,诚达药业,20260825,37.45,12.8136,14.9305,1.14,,,2.7572,14.258,12.6423,0.5228,0.5228,15471.3824,10854.4304,9315.4464,579403.181,406498.4035,1
2606,301202.SZ,朗威股份,20260825,36.83,4.0149,8.9931,0.74,74.9546,85.6194,4.1759,4.0107,3.3659,1.6291,1.3576,13640.0,7961.75,3554.5,502361.2,293231.2525,4
2607,301203.SZ,国泰环保,20260825,34.34,1.0814,1.2532,0.78,24.1237,30.3999,2.0293,9.1503,6.613,4.3681,2.3296,8000.0,4376.75,3776.75,274720.0,150297.595,1
2608,301205.SZ,联特科技,20260825,303.9,10.9924,13.4785,1.04,383.4902,452.1659,24.2823,31.4369,32.0113,0.0656,0.0658,13008.45,8374.521,6829.878,3953267.955,2545016.628,4
2609,301206.SZ,三元生物,20260825,24.01,0.8599,1.1792,0.54,53.143,52.4672,1.139,7.4792,6.7089,7.2225,4.1171,20232.57,13027.5623,9499.893,485784.0057,312791.7156,1
2610,301207.SZ,华兰疫苗,20260825,17.47,1.6762,7.1076,0.69,57.402,55.9973,1.8287,8.7317,8.7137,4.5334,7.9334,60102.75,60064.815,14164.815,1049995.2172,1049332.4054,1
2611,301208.SZ,中亦科技,20260825,30.03,2.2476,2.9437,1.01,66.1072,64.9886,2.3015,3.1304,2.514,0.666,0.4329,12000.006,6742.086,5147.736,360360.3003,202464.9627,1
2612,301209.SZ,联合化学,20260825,57.97,1.8239,5.0881,0.61,172.6679,223.966,11.7622,17.749,17.7477,0.176,0.2588,15680.0,13395.62,4802.0,908969.6,776544.0914,4
2613,301210.SZ,金杨精密,20260825,24.28,4.7645,4.7645,0.84,76.7125,45.9057,2.0612,2.2163,1.7747,0.9019,1.0252,16115.9052,6084.9485,6084.9485,391294.1783,147742.5496,1
2614,301211.SZ,亨迪药业,20260825,13.34,10.5859,34.2245,1.17,159.5729,119.8029,2.4451,12.2892,11.9531,1.2925,0.4498,41760.0,41759.64,12916.64,557078.4,557073.5976,1
2615,301212.SZ,联盛化学,20260825,24.52,4.7013,15.7491,0.92,191.1668,302.0076,1.9624,3.8191,3.7668,0.4894,0.416,10800.0,9375.0,2798.58,264816.0,229875.0,1
2616,301213.SZ,观想科技,20260825,40.1,2.7489,5.2339,1.57,337.3946,441.6747,5.7034,22.355,21.4838,,0.1781,11199.9998,7239.5468,3802.2878,449120.0,290305.955,4
2617,301215.SZ,中汽股份,20260825,5.36,1.0863,3.7254,1.21,33.3659,28.7447,2.3867,12.2818,11.4204,1.678,1.847,132390.0,132240.0,38560.0,709610.4,708806.4,1
2618,301216.SZ,万凯新材,20260825,18.2,7.8439,12.4474,2.25,62.4449,15.6352,1.6094,0.6815,0.6236,0.7253,0.8229,58020.4359,54461.0776,34319.4156,1055972.008,991191.656,4
2619,301217.SZ,铜冠铜箔,20260825,110.53,2.8779,10.4177,0.66,1462.5901,557.8912,16.6569,13.6983,12.8405,0.018,0.018,82901.5544,82901.5544,22901.5544,9163108.3215,9163108.3215,4
2620,301218.SZ,华是科技,20260825,47.52,24.9602,30.5989,1.66,,,5.9704,9.1886,11.0125,0.0526,,11404.0,7006.8836,5715.6836,541918.08,332966.9376,1
2621,301219.SZ,腾远钴业,20260825,44.81,3.1372,4.9833,0.99,15.4435,11.2657,1.7288,2.0569,1.5744,2.5645,3.4218,38283.1347,27324.0145,17201.6975,1715467.0553,1224388.8881,4
2622,301220.SZ,亚香股份,20260825,28.4,1.5944,1.8643,1.12,27.7537,65.1689,1.8397,3.1001,2.9398,0.4981,0.5258,11300.6894,7801.7062,6672.5379,320939.596,221568.564,1
2623,301221.SZ,光庭信息,20260825,27.95,2.3769,3.1623,1.05,49.0832,1485.5313,1.8024,5.2891,4.9768,0.5044,0.7566,13140.028,8934.0796,6715.0909,367263.8385,249707.536,1
2624,301222.SZ,浙江恒威,20260825,24.63,1.9773,5.7223,1.4,41.4554,39.1408,2.3533,5.7303,5.3389,0.87,1.45,14033.824,10660.0148,3683.4578,345652.9866,262556.0463,1
2625,301223.SZ,中荣股份,20260825,16.74,1.4404,5.2841,2.51,21.0754,20.6246,1.086,1.0208,0.9694,2.0777,2.0723,19312.756,19312.756,5264.48,323295.6024,323295.6024,1
2626,301225.SZ,恒勃股份,20260825,60.43,9.1916,9.8064,1.28,63.849,73.9379,5.3428,7.6411,6.1076,0.4896,0.3507,14409.2181,4398.7981,4122.9981,870749.1646,265819.484,1
2627,301226.SZ,祥明智能,20260825,28.74,0.9575,1.9848,0.67,188.3648,299.0512,3.4397,6.1558,6.1194,0.3479,0.2088,10880.0,10880.0,5248.9564,312691.2,312691.2,1
2628,301227.SZ,森鹰窗业,20260825,31.91,4.2505,6.8734,0.81,,,2.6376,6.8691,7.1549,,,13145.8937,7390.8437,4570.4737,419485.3499,235841.7044,1
2629,301228.SZ,实朴检测,20260825,62.68,2.8569,6.2473,1.24,,,12.4871,18.8813,19.2313,,,12000.0,11960.19,5469.488,752160.0,749664.7092,1
2630,301229.SZ,纽泰格,20260825,12.42,2.4515,3.2033,0.78,59.5063,118.0511,1.82,2.1035,2.0542,1.3287,0.4337,18178.0501,12928.064,9894.0037,225771.381,160566.5052,1
2631,301230.SZ,泓博医药,20260825,34.06,9.2915,15.281,0.71,179.7025,133.6841,5.9836,8.9531,8.9161,0.8927,0.8268,18094.1126,16274.7919,9895.7706,616285.3866,554319.3474,1
2632,301231.SZ,荣信文化,20260825,27.02,5.4642,6.6331,0.78,,,2.8076,6.6107,6.5578,,,8440.0,6543.1,5390.0,228048.8,176794.562,1
2633,301232.SZ,飞沃科技,20260825,96.05,7.7221,8.2926,0.49,267.6054,224.9,7.1455,3.9386,3.73,,,10528.6445,6259.3331,5828.7617,1011275.872,601208.6465,4
2634,301233.SZ,盛帮股份,20260825,33.17,3.4484,4.7065,2.01,27.3196,30.4278,2.406,5.4001,5.3976,1.0999,1.2917,7176.68,3937.6138,2885.0763,238050.4756,130610.5237,1
2635,301234.SZ,五洲医疗,20260825,104.0,7.3186,14.2218,0.89,374.3181,297.878,9.2707,15.4315,15.9133,0.2885,0.1923,6800.0,4031.8026,2074.7918,707200.0,419307.2,4
2636,301235.SZ,华康洁净,20260825,41.37,6.2731,6.9097,0.55,48.8837,44.539,3.0471,2.5198,2.4039,0.0898,0.3624,13925.0077,10421.8335,9461.6167,576077.25,431151.1071,4
2637,301236.SZ,软通动力,20260825,37.26,2.0566,2.3723,0.67,187.1357,715.4605,2.8896,1.0992,1.0656,0.2471,0.1342,103518.928,78570.9254,68116.7621,3857115.3318,2927552.8518,1
2638,301237.SZ,和顺科技,20260825,53.95,2.4869,3.6215,1.18,,,3.7304,7.2488,6.3776,0.1811,,8000.0,5825.0,4000.0,431600.0,314258.75,4
2639,301238.SZ,瑞泰新材,20260825,16.01,1.9406,6.8961,1.34,52.7977,36.5343,1.6106,5.7242,4.6295,1.2492,1.8738,73333.33,73333.33,20636.6734,1174066.6133,1174066.6133,4
2640,301239.SZ,普瑞眼科,20260825,36.18,2.2779,4.5708,1.15,,,2.5624,1.9352,1.8826,,,14961.9048,14204.4048,7078.9463,541321.542,513915.192,1
2641,301246.SZ,宏源药业,20260825,20.72,3.9994,4.3635,0.88,69.617,32.5645,1.7985,4.2734,3.7511,0.1436,0.2394,40000.68,17007.745,15588.6942,828814.2968,352400.58,4
2642,301248.SZ,杰创智能,20260825,60.35,3.6228,4.1181,0.74,678.4014,,6.15,10.8832,11.1767,0.033,0.033,15370.5,11232.87,9881.7775,927609.675,677903.7045,1
2643,301251.SZ,威尔高,20260825,46.96,8.3482,8.3482,0.61,131.5571,133.3583,5.7225,5.7339,4.8953,0.2037,0.0761,18856.4086,7558.9728,7558.9728,885497.0136,354969.2312,4
2644,301252.SZ,同星科技,20260825,34.74,2.5981,7.3083,1.21,54.1424,64.569,4.3183,4.5714,4.0575,0.4933,0.3454,16922.544,13570.704,4824.304,587889.1786,471446.257,1
2645,301255.SZ,通力科技,20260825,20.9,0.7714,2.7079,1.01,72.9188,80.09,2.9804,7.1461,6.8911,0.6835,0.5742,15232.0,13367.6888,3808.0,318348.8,279384.721,1
2646,301256.SZ,华融化学,20260825,10.08,0.5817,2.2456,0.78,67.397,69.2451,2.8319,2.8686,2.8934,1.5873,1.3889,48000.0,48000.0,12433.64,483840.0,483840.0,1
2647,301257.SZ,普蕊斯,20260825,46.33,5.3909,9.2064,0.76,33.3852,32.043,2.8562,4.3445,4.2558,0.364,0.3194,7900.477,7531.8909,4410.3448,366029.2384,348952.4637,1
2648,301258.SZ,富士莱,20260825,26.17,1.635,4.1465,1.22,37.3127,363.4411,1.3106,5.5439,6.0843,0.3444,0.8124,9167.0,9113.6,3593.6,239900.39,238502.912,1
2649,301259.SZ,艾布鲁,20260825,22.67,3.0595,3.8676,0.72,170.357,164.1444,5.7918,18.9868,20.0075,,0.1825,22620.0,14505.9396,11475.2094,512795.4,328849.6598,1
2650,301260.SZ,格力博,20260825,13.65,0.8545,1.5318,0.84,,,1.5292,1.305,1.2214,,,48335.5474,20533.417,11454.33,659780.222,280281.1421,1
2651,301261.SZ,恒工精密,20260825,57.33,3.1592,8.4918,1.49,67.8464,47.6941,3.6949,5.4926,4.6594,0.8721,0.8721,10546.8235,10457.9485,3890.724,604649.7639,599554.2735,1
2652,301262.SZ,海看股份,20260825,18.62,3.301,5.1781,0.65,18.7094,20.02,2.0378,8.2728,8.3157,2.4168,3.3298,41700.0,12207.5392,7782.3392,776454.0,227304.3948,1
2653,301263.SZ,泰恩康,20260825,18.65,0.8584,0.9837,0.4,332.5767,,5.7721,14.1098,14.6933,0.8895,0.2234,51059.7,36430.3266,31792.4798,952263.405,679425.6545,1
2654,301265.SZ,华新科技,20260825,19.45,2.9879,4.7484,1.05,97.9779,72.2527,2.771,6.8315,6.3002,0.2047,0.5051,30297.3182,24393.3112,15349.1378,589282.839,474449.9028,4
2655,301266.SZ,宇邦新材,20260825,23.22,2.515,5.7096,0.65,113.7665,120.8168,1.8334,1.1185,1.0355,0.331,0.6626,14297.4465,13563.2383,5974.4971,331986.789,314938.4328,1
2656,301267.SZ,华厦眼科,20260825,16.24,0.6244,2.4073,0.77,30.9576,29.4862,2.5067,3.2957,3.2509,1.8918,1.5866,84000.0,64844.4383,16817.8875,1364160.0,1053073.7056,1
2657,301268.SZ,铭利达,20260825,13.49,0.6481,1.5001,0.91,,,3.6214,1.5376,1.4754,,,40084.8714,36253.5444,15663.0874,540744.8963,489060.2546,1
2658,301269.SZ,华大九天,20260825,92.4,0.8318,1.9148,0.64,830.1195,,9.7306,38.2072,37.5661,0.1609,0.1616,54787.4648,54787.4648,23798.6227,5062361.304,5062361.304,1
2659,301270.SZ,汉仪股份,20260825,32.36,2.3981,2.9428,0.91,227.43,417.6176,3.3434,16.9743,17.6433,0.3089,0.3089,10000.0,9449.2844,7700.1425,323600.0,305778.7008,1
2660,301272.SZ,英华特,20260825,34.95,1.532,7.9428,0.89,56.3529,55.1652,2.0003,3.5972,3.4665,1.9346,1.1949,5850.23,3701.3782,713.9082,204465.5385,129363.231,1
2661,301273.SZ,瑞晨环保,20260825,40.72,2.6139,4.0124,0.49,,,4.6716,13.4072,13.3617,,,10029.8508,7698.0633,5014.9308,408415.492,313465.0032,1
2662,301275.SZ,汉朔科技,20260825,42.7,1.7018,2.3325,1.16,39.9266,37.3653,4.3389,4.2826,3.8322,0.356,0.2322,42240.0,30085.9233,21950.8533,1803648.0,1284668.784,1
2663,301276.SZ,嘉曼服饰,20260825,20.18,3.3875,4.6143,0.97,24.7813,23.5148,1.204,2.3387,2.2406,2.9732,2.4777,12960.0,7226.7607,5305.3889,261532.8,145836.0168,1
2664,301277.SZ,新天地,20260825,10.6,1.4954,5.8042,0.49,34.2772,41.2399,2.6186,6.1811,6.3014,2.6954,1.8868,39207.84,39207.84,10101.84,415603.104,415603.104,1
2665,301278.SZ,快可电子,20260825,28.1,1.7465,2.271,0.84,123.3041,159.7087,1.7702,2.3249,2.2632,1.8188,0.1423,8970.8143,5140.1964,3952.9519,252080.042,144439.62,1
2666,301279.SZ,金道科技,20260825,21.5,1.447,3.6375,0.98,56.1821,55.6608,2.6324,5.2141,5.0609,0.7113,0.892,16852.4738,13049.9738,5191.4738,362328.105,280574.355,1
2667,301280.SZ,珠城科技,20260825,44.59,2.7477,4.8325,1.37,40.8591,40.382,4.3201,4.8547,4.5764,1.3731,0.3204,19149.2196,9943.3446,5653.7691,853863.7198,443373.5306,1
2668,301281.SZ,科源制药,20260825,44.73,3.0802,3.1733,0.9,292.6246,205.7559,3.479,12.1634,10.8042,0.4471,0.1118,10829.0,7095.2,6887.12,484381.17,317368.296,1
2669,301282.SZ,金禄电子,20260825,34.0,10.5407,17.7812,0.59,79.3364,76.5625,4.0904,3.4806,2.9077,0.5211,0.6253,21093.3875,17657.7875,10467.5495,717175.26,600364.86,1
2670,301283.SZ,聚胶股份,20260825,25.75,1.1439,1.9229,0.81,15.6526,16.4988,1.8517,1.3908,1.1952,3.1834,4.5197,11622.2756,9136.1202,5434.8941,299273.5967,235255.0952,1
2671,301285.SZ,鸿日达,20260825,87.12,1.9808,2.5903,1.32,,,19.669,17.67,17.7996,0.0573,,20667.0,20667.0,15804.1316,1800509.04,1800509.04,4
2672,301286.SZ,侨源股份,20260825,44.46,0.9918,3.6534,0.72,76.5432,70.3055,9.2241,16.5103,15.5765,0.1784,1.0174,40010.0,16129.5898,4378.658,1778844.6,717121.5714,1
2673,301287.SZ,康力源,20260825,41.49,5.3334,5.3334,0.79,39.8331,53.4922,2.3724,4.7246,4.5627,1.6389,1.0123,6667.0,1703.135,1703.135,276614.2449,70663.2786,1
2674,301288.SZ,清研环境,20260825,17.18,1.4005,2.6245,0.81,,,2.3677,10.4099,9.7589,,,10801.0,7810.9621,4168.0324,185561.18,134192.2928,1
2675,301289.SZ,国缆检测,20260825,44.21,0.9195,3.7505,1.27,39.985,36.506,3.3523,10.3316,9.7224,0.9274,0.9498,7800.0,7750.09,1900.09,344838.0,342631.4789,1
2676,301290.SZ,东星医疗,20260825,29.31,3.2948,3.8332,1.15,,,1.3643,7.5771,7.6361,2.0166,1.0083,10017.3334,7957.8534,6840.26,293607.9423,233244.5835,1
2677,301291.SZ,明阳电气,20260825,37.84,3.3875,3.3875,0.63,20.2318,23.7742,2.3503,1.7226,1.8126,2.0722,1.3728,31454.0278,16364.6933,16364.6933,1190220.1168,619239.8696,1
2678,301292.SZ,海科新源,20260825,65.21,8.4821,8.4821,0.68,,454.7254,5.0804,2.8784,2.6759,,,22279.5778,8518.9157,8518.9157,1452851.4118,555518.7732,4
2679,301293.SZ,三博脑科,20260825,51.5,2.9986,4.7244,0.79,126.0155,174.1823,4.4998,6.1493,5.9703,0.2832,,20598.6987,20598.6987,13074.0267,1060833.05,1060833.05,1
2680,301295.SZ,美硕科技,20260825,38.5,6.9539,6.9539,0.7,172.0783,112.153,3.9744,5.4984,5.2093,0.6234,0.5455,10080.0,2940.0,2940.0,388080.0,113190.0,1
2681,301296.SZ,新巨丰,20260825,6.44,0.6466,1.4897,1.04,63.0125,75.2357,1.0355,0.9403,0.8274,0.8777,,42754.1514,42753.1764,18557.0096,275336.7904,275330.4792,1
2682,301297.SZ,富乐德,20260825,35.08,3.2101,5.0517,1.19,60.4746,49.2237,4.4155,8.4968,8.1237,0.1667,0.5034,69430.9362,52822.7141,33565.8541,2435637.2419,1853020.8106,4
2683,301298.SZ,东利机械,20260825,13.11,1.3735,1.6975,0.98,28.4855,38.9612,2.0177,2.9739,2.9981,2.2502,2.2659,14680.0,10818.3242,8753.1003,192454.8,141828.1752,1
2684,301299.SZ,卓创资讯,20260825,44.21,2.7203,3.6057,1.2,40.8563,40.0504,4.6009,7.5341,7.2462,4.7223,3.3855,6066.262,4585.9658,3459.8335,268189.7967,202745.7337,1
2685,301300.SZ,远翔新材,20260825,32.56,1.5471,2.6301,0.8,23.6948,24.9007,2.5327,4.1475,4.0899,3.2447,3.2518,6542.9,3907.4763,2298.495,213036.824,127227.4283,1
2686,301301.SZ,川宁生物,20260825,8.86,2.4227,2.4227,0.55,25.719,33.4283,2.4773,4.2844,4.5306,3.0404,1.9507,223229.3,61915.3732,61915.3732,1977811.598,548570.2066,1
2687,301302.SZ,华如科技,20260825,20.81,2.7054,4.4638,1.01,,,2.281,10.7165,8.5417,,,15586.5,13899.0,8424.0,324355.065,289238.19,1
2688,301303.SZ,真兰仪表,20260825,14.16,1.1434,2.9746,1.01,16.8735,18.4479,1.6785,3.2472,3.1845,2.4718,2.6836,40880.0,31454.1998,12090.5755,578860.8,445391.472,1
2689,301305.SZ,朗坤科技,20260825,24.55,3.1078,3.1156,0.63,22.3859,19.1397,1.5058,3.305,2.9947,0.8122,1.6269,24196.0804,12435.1554,12403.8554,594013.7738,305283.0651,1
2690,301306.SZ,西测测试,20260825,88.54,4.3546,6.4874,0.53,,,8.8878,23.0757,24.2398,,,8440.0,5826.25,3910.79,747277.6,515856.175,1
2691,301307.SZ,美利信,20260825,52.55,9.693,9.9157,1.52,,,4.7619,2.85,2.6235,,,21060.0,10921.6865,10676.4065,1106703.0,573934.8095,4
2692,301308.SZ,江波龙,20260825,369.66,3.3969,4.2245,0.69,111.5937,13.252,8.5473,6.9766,4.3327,,0.2639,42966.8149,28185.1892,22663.3917,15883114.6812,10418937.3354,1
2693,301309.SZ,万得凯,20260825,29.84,1.4412,3.4265,0.87,26.3779,26.6812,1.7906,3.4868,3.4284,1.0,1.0054,10053.44,6058.09,2548.09,299994.6496,180773.4056,1
2694,301310.SZ,鑫宏业,20260825,48.73,4.0493,6.3439,0.57,70.1332,69.6692,3.954,2.4612,2.0035,0.8767,0.7308,19095.8816,9753.9924,6225.9924,930542.2324,475311.9327,4
2695,301311.SZ,昆船智能,20260825,13.81,0.8551,2.3524,1.2,,,1.9338,1.6569,1.7872,0.391,,24000.0,24000.0,8724.2367,331440.0,331440.0,1
2696,301312.SZ,智立方,20260825,73.5,9.2407,12.6525,1.25,164.3117,190.8963,10.0268,20.4216,19.3964,0.2816,0.2935,16852.0408,8477.387,6191.3792,1238624.94,623088.165,1
2697,301313.SZ,凡拓数创,20260825,33.4,4.548,4.9874,0.75,,,5.2963,5.4182,5.3474,,,10233.34,7871.1515,7177.6885,341793.556,262896.41,1
2698,301314.SZ,科瑞思,20260825,43.68,3.4755,3.9048,0.93,126.9074,136.7443,2.2909,12.0864,11.6834,0.4579,0.5495,5525.0,1825.7362,1624.9999,241332.0,79748.3232,1
2699,301315.SZ,威士顿,20260825,40.03,2.1291,5.7473,0.65,121.9068,108.8098,3.4082,19.0069,19.436,0.9993,0.7494,8800.0,8800.0,3260.01,352264.0,352264.0,1
2700,301316.SZ,慧博云通,20260825,38.7,2.5019,4.031,0.75,159.7198,154.1991,14.0905,6.9571,6.6342,0.2069,0.2587,40360.1,39124.7377,24282.6503,1561935.87,1514127.438,1
2701,301317.SZ,鑫磊股份,20260825,44.9,6.3976,7.4539,1.6,25.1015,,5.7539,7.946,7.3754,1.2973,1.2973,15719.0,5219.6733,4480.0,705783.1,234363.183,1
2702,301318.SZ,维海德,20260825,21.02,1.4274,2.8343,1.32,33.301,76.7146,1.5529,3.9603,4.1731,1.7783,2.0351,13529.8885,9318.0195,4692.679,284398.2878,195864.7804,1
2703,301319.SZ,唯特偶,20260825,101.22,6.8362,12.4093,0.61,234.3955,208.2281,15.3549,12.2815,10.4127,0.3683,0.3371,18246.1775,13751.8207,7575.8274,1846878.0866,1391959.2913,4
2704,301320.SZ,豪江智能,20260825,13.78,2.8663,4.7644,1.58,243.7404,,2.3732,2.7453,2.4323,0.715,0.3589,18201.0,11420.9175,6870.9175,250809.78,157380.2776,1
2705,301321.SZ,翰博高新,20260825,41.98,7.7696,12.2414,1.56,,,7.4234,2.3884,2.0964,,,18643.5,14761.3914,9369.0877,782654.13,619683.1522,1
2706,301322.SZ,绿通科技,20260825,40.75,3.8056,4.1491,0.73,131.9986,448.5074,2.0528,5.8726,5.5608,1.2152,0.1227,14265.5878,9621.268,8824.7344,581322.7925,392066.7525,1
2707,301323.SZ,新莱福,20260825,68.0,2.0095,4.0646,0.87,52.4107,46.2324,3.2087,7.4152,6.458,0.857,0.7234,10658.439,6856.2913,3389.7163,724773.852,466227.8084,4
2708,301325.SZ,曼恩斯特,20260825,30.67,1.035,2.5724,0.85,,,1.6678,4.1311,6.3201,,,14389.266,14389.266,5789.47,441318.9109,441318.9109,1
2709,301326.SZ,捷邦科技,20260825,110.34,2.752,8.611,0.94,,,6.4965,6.1556,5.547,,,7270.9728,7207.4913,2303.4568,802278.8298,795274.4466,1
2710,301327.SZ,华宝新能,20260825,44.41,1.0011,2.145,1.28,451.4592,,1.2711,1.8699,1.772,1.8407,,17438.1356,17438.1356,8138.783,774427.7974,774427.7974,4
2711,301328.SZ,维峰电子,20260825,55.17,2.422,5.0381,1.03,88.9525,91.0188,4.4038,12.3311,11.1376,0.625,0.625,15934.5711,11516.4065,5536.2758,879110.2269,635360.3397,4
2712,301329.SZ,信音电子,20260825,19.17,6.5519,6.5519,1.46,52.9311,46.7496,2.0765,3.6361,3.0001,1.9562,1.4345,17020.0,6604.0,6604.0,326273.4,126598.68,1
2713,301330.SZ,熵基科技,20260825,24.03,0.8477,1.9826,1.04,26.3401,28.5785,1.6292,2.6517,2.6062,1.7257,1.9943,23535.155,20466.862,8751.3769,565549.6545,491818.6458,1
2714,301331.SZ,恩威医药,20260825,22.33,2.1181,5.8703,0.96,44.231,47.7225,2.1152,2.5507,2.6121,0.7919,4.5665,10289.1887,10263.721,3703.2694,229757.5837,229188.8899,1
2715,301332.SZ,德尔玛,20260825,7.98,1.7022,2.1813,1.5,28.4114,31.1076,1.2536,1.0733,1.1604,1.8666,1.8703,46156.25,26484.024,20667.134,368326.875,211342.4796,1
2716,301333.SZ,诺思格,20260825,56.8,3.2373,8.0289,0.96,40.0718,41.0458,2.748,6.4463,6.1208,0.2788,0.28,9658.1256,9645.8474,3889.2974,548581.5341,547884.1323,1
2717,301335.SZ,天元宠物,20260825,25.12,3.4292,5.8836,0.71,54.5597,57.8268,1.6565,1.0695,1.0307,0.7633,0.7633,12779.79,8839.1947,5151.8854,321028.3248,222040.4528,1
2718,301336.SZ,趣睡科技,20260825,41.41,2.3443,2.8181,0.89,70.3627,74.0181,2.5509,6.3007,6.9562,0.4172,0.4634,5190.454,4016.5926,3341.3387,214936.5345,166326.9919,1
2719,301337.SZ,亚华电子,20260825,26.17,0.9236,2.3747,0.62,,,2.5154,10.7327,10.7769,,,10420.0,10193.38,3964.63,272691.4,266760.7546,1
2720,301338.SZ,凯格精机,20260825,97.49,3.7443,7.6388,0.75,77.7726,56.5029,8.4666,12.5642,10.1202,0.1465,0.3883,14896.0,10853.5,5320.0693,1452211.04,1058107.715,4
2721,301339.SZ,通行宝,20260825,11.12,0.5088,1.7007,0.9,29.1938,28.5282,2.2946,6.0424,5.9618,3.4051,2.2487,58021.74,57323.7742,17149.8611,645201.7488,637440.3224,1
2722,301345.SZ,涛涛车业,20260825,241.0,1.7999,2.1698,0.68,32.1941,28.9942,6.955,6.6678,6.0261,1.4491,1.2448,10904.9071,3502.9746,2905.7746,2628080.9,844215.77,4
2723,301348.SZ,蓝箭电子,20260825,20.84,3.29,4.086,0.65,,,3.4041,7.0249,6.6779,0.2399,,24000.0,19347.8581,15578.602,500160.0,403209.4024,1
2724,301349.SZ,信德新材,20260825,42.86,5.7495,8.5016,1.26,158.1482,61.5486,2.1984,5.262,4.1175,,0.4973,14249.848,8667.3237,5861.5475,610748.1424,371481.3352,4
2725,301353.SZ,普莱得,20260825,19.48,3.3085,3.3085,0.89,34.006,35.5025,1.8811,2.659,2.5642,1.4941,1.9424,12701.6873,4082.6873,4082.6873,247428.9212,79530.8012,1
2726,301355.SZ,南王科技,20260825,10.27,1.7375,2.2602,1.14,,,1.3578,1.1393,1.0887,0.9649,,19509.7928,13971.7928,10740.5428,200365.5433,143490.2833,1
2727,301356.SZ,天振股份,20260825,19.82,1.2777,2.1215,0.87,50.8172,44.8592,1.4321,2.7685,2.8793,,0.9334,21600.0,12669.75,7630.392,428112.0,251114.445,4
2728,301357.SZ,北方长龙,20260825,89.99,6.9503,27.8013,1.69,296.7073,398.6486,7.5091,41.4708,38.9543,,0.0667,9520.0,9520.0,2380.0,856704.8,856704.8,1
2729,301358.SZ,湖南裕能,20260825,62.54,2.9419,4.251,0.73,41.511,13.6578,2.6021,1.5312,0.9614,0.2242,0.5663,84773.1658,76432.9575,52894.7676,5301714.0518,4780117.3184,4
2730,301359.SZ,东南电子,20260825,17.6,3.8378,5.981,1.83,52.2985,57.4547,2.5288,6.1677,5.3932,2.0292,1.7045,12017.6,7114.7027,4565.266,211509.76,125218.7675,1
2731,301360.SZ,荣旗科技,20260825,54.5,9.9959,9.9959,0.77,89.4546,77.0527,3.1822,9.0007,7.9707,0.4909,0.4909,6978.556,3405.4508,3405.4508,380331.302,185597.0686,4
2732,301361.SZ,众智科技,20260825,27.06,1.8146,3.4107,0.92,32.6308,33.0332,2.5117,10.8576,9.9533,0.6208,0.7021,11633.6,5633.6,2997.31,314805.216,152445.216,1
2733,301362.SZ,民爆光电,20260825,113.94,8.9324,8.9324,1.04,90.1492,125.2276,6.783,9.9586,9.5316,1.1759,0.8998,14594.4676,4094.4676,4094.4676,1662893.9118,466523.9118,4
2734,301363.SZ,美好医疗,20260825,16.66,1.9737,4.33,0.49,46.8446,45.2428,3.5913,8.1581,7.7736,0.6483,1.1988,79596.6832,52203.0341,23795.6621,1326080.6888,869702.4798,1
2735,301365.SZ,矩阵股份,20260825,39.7,3.1007,7.5714,1.07,115.107,146.1586,4.0736,9.8323,10.1159,2.1548,1.69,18242.8801,12312.289,5042.142,724242.336,488797.913,1
2736,301366.SZ,一博科技,20260825,54.97,5.2467,7.1253,0.54,394.6123,129.162,5.2234,10.219,8.6248,0.5169,0.1809,20953.6201,11699.636,8614.9744,1151820.4914,643129.2108,1
2737,301367.SZ,瑞迈特,20260825,43.66,0.9046,1.3529,0.48,24.2402,28.4669,1.7775,4.7178,4.5461,0.6499,1.0764,12528.4355,9809.9238,6559.0963,546991.2538,428301.1072,1
2738,301368.SZ,丰立智能,20260825,39.9,1.4134,2.2425,0.71,,,5.0838,9.5461,9.3471,0.1679,,12010.0,12010.0,7569.58,479199.0,479199.0,1
2739,301369.SZ,联动科技,20260825,129.67,3.5576,4.9661,0.85,395.3882,334.9855,8.7429,37.4388,34.614,0.216,0.2279,10230.7779,5484.9241,3929.236,1326623.9459,711229.5764,4
2740,301370.SZ,国科恒泰,20260825,8.94,0.6533,0.8238,0.76,61.7337,53.6993,1.6772,0.6021,0.6172,0.9323,1.3541,47060.0,47060.0,37321.306,420716.4,420716.4,1
2741,301371.SZ,敷尔佳,20260825,21.66,7.9273,7.9273,1.01,26.0369,24.5434,2.0354,5.9506,5.153,5.3271,3.6934,52010.4,7797.53,7797.53,1126545.264,168894.4998,1
2742,301372.SZ,科净源,20260825,30.18,1.8224,2.0492,0.59,,,2.7924,7.4906,7.3511,,,6857.143,4117.0445,3661.3993,206948.4852,124252.2672,1
2743,301373.SZ,凌玮科技,20260825,94.99,6.8694,12.2967,0.82,75.0757,73.6514,6.0728,20.5961,18.2714,0.7369,0.5264,10847.2091,6965.5417,3891.2531,1030376.4779,661656.6446,1
2744,301376.SZ,致欧科技,20260825,21.02,1.7725,2.1376,1.75,25.1928,28.1907,2.462,0.9723,0.948,1.8951,1.8949,40246.8975,19364.2874,16056.5399,845989.838,407037.3758,1
2745,301377.SZ,鼎泰高科,20260825,392.6,2.8628,3.821,0.71,383.918,174.688,53.3043,77.666,52.3173,0.1726,0.2285,42404.4934,9886.0934,7406.805,16648004.1088,3881280.2688,4
2746,301378.SZ,通达海,20260825,24.85,4.5971,5.9131,1.08,,,2.0565,6.4983,5.9349,,,9660.0,4601.9531,3577.707,240051.0,114358.4575,1
2747,301379.SZ,天山电子,20260825,21.65,5.026,6.1735,0.64,42.3136,47.7372,4.1046,3.3629,3.3074,0.9271,0.6512,27748.1718,21867.9702,17803.3516,600747.8805,473441.5505,1
2748,301380.SZ,挖金客,20260825,30.74,4.9382,8.7262,1.29,72.4409,83.6214,4.1258,2.8455,2.7811,0.7852,0.6506,10139.2433,8073.8613,4569.042,311680.2376,248190.4564,1
2749,301381.SZ,赛维时代,20260825,23.3,1.0469,1.2918,0.78,33.4694,34.007,3.3825,0.8015,0.7841,1.065,2.1299,40648.4938,40610.6938,32910.8593,947109.817,946229.077,4
2750,301382.SZ,蜂助手,20260825,39.16,3.6643,5.0952,0.75,72.5213,72.2283,5.8487,5.3464,5.0496,0.1953,0.1269,28532.7403,23635.6572,16998.0627,1117342.0984,925572.4456,4
2751,301383.SZ,天键股份,20260825,23.36,4.0372,6.2352,1.72,,,1.9664,2.0463,2.0616,1.708,,16328.3,7061.411,4572.156,381429.088,164954.5376,1
2752,301386.SZ,未来电器,20260825,20.46,1.9102,1.9102,0.92,29.6752,31.2146,1.8804,5.2513,5.2797,2.4438,2.4438,14000.0,4500.0,4500.0,286440.0,92070.0,1
2753,301387.SZ,光大同创,20260825,55.97,4.8276,6.3034,0.85,331.4947,,3.7323,3.7701,3.4762,0.266,0.1777,10730.1904,4268.2602,3268.9508,600568.7343,238894.5122,4
2754,301388.SZ,欣灵电气,20260825,24.4,1.2089,2.9489,1.08,118.1533,111.6662,2.5381,5.2451,5.0669,0.4098,0.8197,10244.76,7268.3036,2979.6313,249972.144,177346.52,1
2755,301389.SZ,隆扬电子,20260825,52.1,3.4003,10.9822,0.69,142.3275,147.6707,6.5781,29.2918,24.7136,0.9938,0.7021,28350.0,28350.0,8777.7047,1477035.0,1477035.0,1
2756,301390.SZ,经纬股份,20260825,31.72,1.6563,2.936,1.33,361.1178,,2.0268,3.608,3.6077,0.3129,0.156,6000.0,4905.618,2767.342,190320.0,155606.2664,1
2757,301391.SZ,卡莱特,20260825,46.56,1.0912,2.9001,0.97,226.3095,184.3104,2.1145,7.6672,7.1233,0.2498,0.2082,9501.4811,9283.5771,3493.0948,442388.9088,432243.4848,1
2758,301392.SZ,汇成真空,20260825,170.92,10.7844,10.7844,1.0,768.0682,412.6042,22.571,36.3913,35.1832,0.1755,0.117,10000.0,4079.5911,4079.5911,1709200.0,697283.5228,4
2759,301393.SZ,昊帆生物,20260825,61.07,8.8686,8.8686,1.19,57.5274,60.2267,2.7476,10.9513,9.274,0.6492,0.6581,10800.0,4396.77,4396.77,659556.0,268510.7439,4
2760,301395.SZ,仁信新材,20260825,12.42,1.9962,1.9962,0.48,90.0179,,2.0918,1.3674,1.415,0.6625,,24285.0438,12732.9438,12732.9438,301620.1968,158143.1148,1
2761,301396.SZ,宏景科技,20260825,172.94,7.8828,10.4315,0.68,1405.3778,1060.3394,30.019,31.4591,30.8151,0.0354,0.1033,21492.4565,14150.6795,10693.3226,3716906.0324,2447218.5992,1
2762,301397.SZ,溯联股份,20260825,25.43,4.5807,4.5872,1.04,36.3542,39.8516,2.5402,3.5809,3.7425,1.8528,1.5082,20216.7392,9245.8866,9232.8615,514111.6982,235122.9827,1
2763,301398.SZ,星源卓镁,20260825,32.0,5.2495,18.7048,3.22,77.899,267.1189,3.2518,8.3574,7.9138,0.837,0.4687,11200.1206,10918.1956,3064.1956,358403.8592,349382.2592,1
2764,301399.SZ,英特科技,20260825,17.43,6.4201,7.59,1.76,99.5203,277.23,2.4848,6.8875,6.3292,1.187,0.6311,18502.0,5468.3586,4625.5,322489.86,95313.5148,1
2765,301408.SZ,华人健康,20260825,15.38,5.2366,6.9731,0.81,32.1509,29.3695,2.8269,1.1213,1.0906,0.6502,0.6502,40001.0,22895.9403,17194.2987,615215.38,352139.5572,1
2766,301413.SZ,安培龙,20260825,60.92,3.975,3.975,0.58,85.8783,106.0749,6.1353,6.5849,6.5821,0.3527,0.3527,12792.258,7637.4959,7637.4959,779304.4792,465275.2816,1
2767,301418.SZ,协昌科技,20260825,36.27,6.4904,6.7956,1.46,538.1528,1226.6048,1.6584,7.0451,5.7296,,0.2743,7333.3334,3083.3334,2944.8334,265979.8791,111832.3791,4
2768,301419.SZ,阿莱德,20260825,39.0,12.0462,17.8873,0.93,91.987,89.1113,6.0158,13.3887,12.814,0.8547,0.8205,15000.0,9915.825,6677.825,585000.39,386717.37,4
2769,301421.SZ,波长光电,20260825,76.43,5.6287,7.369,0.76,249.1965,176.5211,7.2927,19.0376,18.257,0.1963,0.1963,11571.8,6072.1625,4638.0825,884432.674,464095.1888,4
2770,301428.SZ,世纪恒通,20260825,28.05,2.4693,2.8387,0.73,,,2.2964,2.6142,2.6544,0.353,,9866.6667,6962.7455,6056.7455,276760.0935,195305.1375,1
2771,301429.SZ,森泰股份,20260825,17.55,2.6077,3.2542,0.97,40.5329,42.5234,1.5296,2.1402,2.1354,1.9389,1.7027,11822.0,4402.1011,3527.5411,207476.1,77256.855,1
2772,301439.SZ,泓淋电力,20260825,15.19,3.0609,5.067,0.91,29.4321,28.033,1.9832,1.4897,1.348,1.3167,1.3167,38910.1809,18324.5424,11069.6915,591045.6342,278349.7626,1
2773,301446.SZ,福事特,20260825,34.99,3.9008,3.9008,1.47,47.661,51.5784,2.9753,6.6272,5.6011,0.5716,0.5716,10400.0,3177.2,3177.2,363896.0,111170.228,4
2774,301448.SZ,开创电气,20260825,45.06,4.6221,9.5465,2.34,,241.4808,6.7714,6.3824,5.763,0.4634,,10460.0,7088.3,3431.89,471327.6,319398.798,1
2775,301449.SZ,天溯计量,20260825,46.91,28.3985,28.3985,1.52,41.5238,43.6568,3.6932,4.9467,4.8803,,0.9136,9130.4348,2054.3479,2054.3479,428308.9404,96369.5585,1
2776,301456.SZ,盘古智能,20260825,23.38,2.0863,2.6548,1.59,42.6552,40.4032,1.598,5.5293,5.1203,0.8462,0.8554,15208.9325,6855.1838,5387.2888,355584.7834,160274.1084,1
2777,301458.SZ,钧崴电子,20260825,36.54,3.9611,3.9611,0.66,74.2742,71.4363,5.9294,12.5086,11.3221,0.5419,0.9579,26666.67,11748.1987,11748.1987,974400.1218,429279.228,1
2778,301459.SZ,丰茂股份,20260825,31.75,6.8291,6.8291,0.65,36.115,39.1198,2.5953,3.6289,3.452,1.21,0.6299,10412.182,2609.8991,2609.8991,330586.715,82864.325,4
2779,301468.SZ,博盈特焊,20260825,33.52,3.9815,4.1452,0.98,103.832,116.9498,2.457,11.2777,11.7155,0.5967,0.459,16914.804,9750.3388,9365.2232,566984.4312,326831.3968,4
2780,301469.SZ,恒达新材,20260825,29.17,2.3745,4.7713,1.04,32.4988,26.1202,1.8623,2.2674,2.2157,1.1857,1.3422,8948.0,4583.8685,2281.1818,261013.16,133711.4879,1
2781,301479.SZ,弘景光电,20260825,49.3,2.8799,3.4013,0.81,31.8482,34.5348,4.7148,3.6296,3.3688,1.5523,0.7244,12455.1466,7130.0912,6037.0972,614038.895,351513.437,1
2782,301486.SZ,致尚科技,20260825,171.61,4.9552,6.4223,0.62,234.9137,343.0526,8.6512,22.1387,22.1423,0.2306,,12878.8685,7290.4122,5624.9482,2210142.8807,1251107.2601,1
2783,301487.SZ,盟固利,20260825,16.4,3.9243,6.1962,1.68,277.182,107.5381,3.9042,3.2477,2.801,,0.0366,45961.6438,45961.6438,29109.2128,753770.896,753770.896,4
2784,301488.SZ,豪恩汽电,20260825,99.1,2.4935,3.2413,0.88,134.0924,139.2763,7.2447,5.6213,5.1977,0.4577,0.3662,10141.2698,4155.2891,3196.6691,1004999.857,411789.239,1
2785,301489.SZ,思泉新材,20260825,117.99,13.7378,14.4571,1.22,227.7052,198.6833,12.5392,14.7845,13.6585,0.1051,0.0883,11629.3624,6958.0767,6611.8444,1372149.3663,820983.8592,1
2786,301491.SZ,汉桑科技,20260825,39.07,1.2777,1.3331,0.76,22.5479,23.4367,2.3153,2.7482,2.5926,,0.4454,12900.0,3825.084,3665.9696,504003.0,149445.8756,1
2787,301498.SZ,乖宝宠物,20260825,38.92,2.1728,3.3468,0.98,23.1546,26.3065,3.2848,2.3026,2.2482,1.2833,1.284,40047.284,18954.6952,12305.6246,1558640.5268,737716.924,1
2788,301499.SZ,维科精密,20260825,24.89,1.0456,3.7357,1.02,63.9048,62.7182,2.6341,3.574,3.5368,0.4902,0.4821,13825.4866,13825.4866,3869.8332,344116.4461,344116.4461,1
2789,301500.SZ,飞南资源,20260825,22.28,8.4671,8.4671,0.99,43.518,16.0955,2.3122,0.8424,0.6839,0.4182,0.2472,56108.2767,14405.0668,14405.0668,1250092.4784,320944.9596,4
2790,301501.SZ,恒鑫生活,20260825,28.15,1.6652,1.6652,0.28,18.5997,23.8899,1.963,2.2567,2.2189,1.225,1.2433,14790.0,4350.0,4350.0,416338.5,122452.5,1
2791,301502.SZ,华阳智能,20260825,51.9,3.0433,3.8291,1.01,139.0097,130.8086,3.5383,7.37,7.2487,0.6744,0.501,5708.35,2358.7,1874.632,296263.365,122416.53,1
2792,301503.SZ,智迪科技,20260825,22.43,1.6665,2.886,0.98,21.9319,27.9569,2.1259,1.4935,1.4144,3.258,2.2292,10400.0,5766.8,3330.08,233272.0,129349.324,1
2793,301505.SZ,苏州规划,20260825,16.0,5.0082,5.8041,2.31,82.7009,942.322,1.9403,6.7603,7.7142,1.2434,1.0524,11439.9991,9116.9401,7866.7012,183040.0,145871.04,4
2794,301507.SZ,民生健康,20260825,12.9,2.2351,2.2351,0.5,38.7195,38.6956,2.7962,5.8846,5.5574,0.7728,1.1555,35655.433,11007.1858,11007.1858,459955.176,141992.751,1
2795,301508.SZ,中机认检,20260825,24.48,4.4076,4.4076,2.73,36.5043,34.0104,2.6639,6.2901,5.9587,0.8619,0.9886,22608.52,5883.64,5883.64,553456.5696,144031.5072,1
2796,301509.SZ,金凯生科,20260825,30.18,5.7014,5.7014,0.64,34.6834,57.4088,1.7093,5.6854,6.0555,1.3254,2.9821,12044.6669,5674.0928,5674.0928,363507.8388,171244.0362,1
2797,301510.SZ,固高科技,20260825,26.27,1.3418,2.0031,0.6,168.7562,137.5759,7.3214,19.3311,17.6616,0.1468,0.1883,40441.888,38003.324,25457.199,1062408.1876,998347.2164,1
2798,301511.SZ,德福科技,20260825,81.48,9.4061,9.8781,1.1,456.4298,152.2755,12.1523,4.1297,3.1443,,0.1222,63032.2,39864.7407,37959.872,5135863.656,3248179.0152,4
2799,301512.SZ,智信精密,20260825,32.85,3.9814,7.9507,1.81,70.3659,80.8136,2.3248,4.5074,4.4341,0.8154,0.8154,7466.676,4872.126,2439.78,245280.438,160049.4705,1
2800,301513.SZ,尚水智能,20260825,49.05,5.2682,5.2682,1.03,31.3904,35.8317,6.4392,6.1032,5.7533,,0.9582,10000.0,2014.8989,2014.8989,490500.0,98830.845,1
2801,301515.SZ,港通医疗,20260825,19.88,2.0871,2.5153,1.12,,,1.6226,2.7549,2.6584,0.5797,,10000.0,6755.755,5605.755,198800.1988,134304.5088,1
2802,301516.SZ,中远通,20260825,23.47,18.9868,18.9868,0.57,,,5.2001,7.0332,6.6287,,,28070.1755,7017.5439,7017.5439,658806.8899,164701.6638,4
2803,301517.SZ,陕西华达,20260825,37.95,2.6332,4.3078,0.84,,,4.5878,9.4752,9.8434,0.143,,15123.738,9754.458,5962.488,573945.933,370181.757,1
2804,301518.SZ,长华化学,20260825,25.36,3.244,3.3037,0.79,37.9467,40.4774,2.2182,1.339,1.2956,0.6299,1.0531,14546.9515,5873.9539,5767.8988,368910.652,148963.372,1
2805,301519.SZ,舜禹股份,20260825,12.33,2.8857,3.4297,0.96,,,1.4484,3.4432,3.3959,0.7984,0.8088,16164.2879,7609.2879,6402.3915,199305.6957,93822.5457,1
2806,301520.SZ,万邦医药,20260825,82.33,39.0724,39.0724,1.0,210.5368,315.367,5.0611,27.9772,32.8275,0.3034,0.2591,9317.1373,3269.8443,3269.8443,767079.3129,269205.9272,1
2807,301522.SZ,上大股份,20260825,23.02,1.2189,1.7214,0.8,85.1651,83.7772,4.3887,3.5558,3.4436,0.5083,0.3171,37186.6667,27678.1667,19598.1667,856037.1434,637151.4734,1
2808,301525.SZ,儒竞科技,20260825,39.12,1.2325,1.3823,0.94,41.1785,62.1941,1.5861,4.0176,4.3888,0.8216,0.7304,13203.6475,6916.1676,6166.7759,516526.788,270560.5704,1
2809,301526.SZ,国际复材,20260825,30.15,7.6169,7.6169,0.71,417.2625,166.9864,12.9882,13.1317,12.0071,,0.0663,377087.8048,140439.2923,140439.2923,11369197.17,4234244.5935,1
2810,301528.SZ,多浦乐,20260825,54.7,2.276,2.6636,0.6,73.8374,71.4032,3.0928,21.7647,20.7906,0.2042,0.1362,8975.5,4625.6333,3952.497,490959.85,253021.961,4
2811,301529.SZ,福赛科技,20260825,117.01,6.1978,7.0839,0.79,104.3708,102.2385,9.8399,8.0277,8.2013,0.2533,0.1333,11842.3784,6356.6674,5561.5374,1385676.8838,743793.9567,1
2812,301531.SZ,春光集团,20260825,48.71,3.2144,3.2144,0.6,86.1622,76.0955,7.1669,9.2713,7.9118,,,21973.334,4688.3653,4688.3653,1070321.3914,228370.5027,1
2813,301533.SZ,威马农机,20260825,27.45,3.0728,3.1132,0.71,89.8554,94.7687,2.3961,3.4007,3.3252,1.4397,1.0798,9830.67,2843.67,2806.73,269851.8915,78058.7415,1
2814,301535.SZ,浙江华远,20260825,14.42,1.3019,3.4275,0.75,61.2464,71.3883,5.1866,8.0425,7.721,0.8183,0.6935,42529.4118,16979.6118,6449.6118,613274.0922,244845.9762,4
2815,301536.SZ,星宸科技,20260825,114.18,5.8121,6.2261,0.93,156.1494,100.8611,14.9358,16.2014,14.5895,0.1749,0.2617,42171.5232,18719.3262,17474.5304,4815144.519,2137372.6655,4
2816,301538.SZ,骏鼎达,20260825,38.46,4.268,4.9508,0.54,21.6372,24.0379,2.8304,4.1145,4.011,0.796,0.5572,10976.0,4370.7539,3767.9541,422136.96,168099.045,1
2817,301539.SZ,宏鑫科技,20260825,14.86,1.6189,2.4852,1.06,79.664,808.1557,2.8503,2.0505,1.9769,0.6729,0.6729,14800.0,7506.1748,4889.7056,219928.0,111541.6862,1
2818,301548.SZ,崇德科技,20260825,61.32,4.5588,4.7462,0.92,39.6518,36.5846,3.3725,8.6234,8.081,1.1563,0.9737,8700.0,2623.4982,2519.8866,533484.0,160873.02,1
2819,301550.SZ,斯菱智驱,20260825,85.8,3.6329,5.0082,0.58,166.7012,173.9836,15.403,36.5059,35.7333,0.2638,0.352,33534.875,20524.9121,14888.6457,2877291.846,1761037.278,4
2820,301551.SZ,无线传媒,20260825,20.05,2.9234,3.5217,0.85,30.6624,31.5515,3.1802,13.2555,13.3548,3.3666,4.9875,40001.0,15455.372,12829.6816,802020.05,309880.1685,1
2821,301552.SZ,科力装备,20260825,25.55,6.7444,6.7444,0.85,20.37,22.0727,2.6157,4.6695,4.7362,3.6558,4.516,12376.0,3094.0,3094.0,316206.8,79051.7,4
2822,301555.SZ,惠柏新材,20260825,32.49,6.2189,7.2795,1.85,41.1383,38.6265,2.6528,1.3441,1.3111,,0.6771,9226.67,4834.475,4130.065,299774.8332,157072.2552,1
2823,301556.SZ,托普云农,20260825,57.91,5.1435,5.3732,0.43,46.4125,45.9838,4.989,9.6725,9.8608,1.4186,0.8116,8528.0,2948.0,2822.0,493856.48,170718.68,1
2824,301557.SZ,常友科技,20260825,85.87,4.2067,4.2067,0.91,59.92,73.1673,5.1362,4.5207,4.5097,0.915,0.7486,6203.1019,2487.0977,2487.0977,532660.197,213567.277,4
2825,301558.SZ,三态股份,20260825,6.69,2.5733,2.5733,1.15,108.4976,107.9636,3.8154,3.1193,3.1541,,,78885.1223,21948.1852,21948.1852,527741.5197,146833.3911,1
2826,301559.SZ,中集环科,20260825,13.02,1.4804,1.4804,0.89,69.3043,81.953,1.7326,3.2694,2.9685,3.3794,1.5284,60000.0,9000.0,9000.0,781200.0,117180.0,1
2827,301560.SZ,众捷汽车,20260825,23.03,2.0523,2.3184,0.92,44.4592,72.9079,2.9043,2.6326,2.6008,0.3474,0.6947,12160.0,6106.0,5405.2,280044.8,140621.18,1
2828,301563.SZ,云汉芯城,20260825,120.57,5.5498,5.5498,0.65,103.2175,48.4012,7.5875,3.1524,2.2465,,0.319,8465.0928,1913.5696,1913.5696,1020635.9013,230719.1349,1
2829,301565.SZ,中仑新材,20260825,20.2,4.5327,5.6603,1.4,103.2836,77.247,3.2805,3.7998,3.3693,,,40001.0,12801.0,10251.0,808020.2,258580.2,1
2830,301566.SZ,达利凯普,20260825,24.81,6.5304,6.5304,0.67,62.3615,61.4178,6.5166,27.3879,26.3697,0.3628,0.2418,40001.0,21108.6774,21108.6774,992424.81,523706.3508,1
2831,301567.SZ,贝隆精密,20260825,36.94,5.8376,5.8376,1.24,,,3.6602,6.7005,6.5427,0.4873,,7200.0,2123.985,2123.985,265968.3694,78460.1906,1
2832,301568.SZ,思泰克,20260825,71.15,6.7474,6.7474,0.97,65.7365,61.2945,6.8733,15.2594,14.2202,0.7819,0.8378,10325.84,4759.936,4759.936,734683.516,338669.731,1
2833,301571.SZ,国科天成,20260825,64.39,1.6409,1.8328,0.63,56.5997,53.5292,5.596,10.4707,9.7599,0.1506,0.177,17942.5908,11916.659,10668.9299,1155323.3701,767313.7374,4
2834,301575.SZ,艾芬达,20260825,26.96,6.2704,6.2704,1.66,28.4005,28.5892,2.3101,2.9477,2.6603,,1.0598,12133.8,2437.195,2437.195,327127.5176,65706.912,1
2835,301577.SZ,美信科技,20260825,56.65,6.6164,6.6164,0.85,,,3.4928,6.1711,5.241,0.5205,,4502.95,1884.1155,1884.1155,255092.1175,106735.398,1
2836,301578.SZ,辰奕智能,20260825,23.11,2.6833,2.6833,0.82,96.0688,188.3826,2.6299,3.0042,2.979,1.2745,0.8321,10593.1008,3012.087,3012.087,244806.541,69609.3999,1
2837,301580.SZ,爱迪特,20260825,50.9,5.6189,5.6189,1.09,38.7004,36.3877,3.4698,7.3385,6.7158,0.6515,0.6455,14919.0351,10082.3788,10082.3788,759379.136,513193.142,1
2838,301581.SZ,黄山谷捷,20260825,36.94,1.6624,3.2386,1.09,53.702,122.0679,2.9897,3.4847,3.014,1.895,0.9475,8000.0,4229.45,2171.0,295520.0,156235.883,4
2839,301583.SZ,托伦斯,20260825,123.07,13.2939,13.2939,0.53,232.5043,238.5753,25.0924,31.7099,30.6942,,,18547.3692,3083.1373,3083.1373,2282624.8259,379442.0398,4
2840,301584.SZ,建发致新,20260825,21.77,4.1991,4.1991,0.52,34.0147,32.6883,4.2252,0.472,0.4678,,0.9187,42128.8509,5371.4285,5371.4285,917145.0645,116936.0311,1
2841,301585.SZ,蓝宇股份,20260825,26.46,1.108,1.2329,1.06,38.8807,42.1297,2.7768,5.6725,5.1886,1.1629,0.7937,10400.0,6811.1886,6121.5015,275184.0,180224.0874,4
2842,301586.SZ,佳力奇,20260825,31.32,1.252,1.7135,1.06,45.3369,51.9084,2.0046,3.4026,4.0006,1.5326,0.3193,8297.5503,5291.107,3866.107,259879.266,165717.5652,1
2843,301587.SZ,中瑞股份,20260825,21.63,4.1914,4.5576,1.35,62.2318,50.7146,1.591,4.6082,3.9582,2.2414,0.6233,14732.804,7345.2665,6755.1565,318670.6803,158878.1901,1
2844,301588.SZ,美新科技,20260825,27.99,5.5633,6.9157,0.71,108.799,132.0346,3.5123,3.7577,3.6021,0.5002,0.1858,11886.7754,7335.9183,5901.387,332710.9722,205332.4008,1
2845,301589.SZ,诺瓦星云,20260825,140.66,2.36,2.5297,0.92,22.1211,20.7881,3.1824,3.7044,3.4748,0.843,1.0014,9244.8,3446.496,3215.2969,1300373.568,484784.69,1
2846,301590.SZ,优优绿能,20260825,72.59,2.6981,2.6981,1.07,39.8584,103.7777,2.2054,3.2272,3.6045,1.1793,0.7872,5887.4379,2437.26,2437.26,427369.2696,176920.7034,1
2847,301591.SZ,肯特股份,20260825,39.82,33.2227,33.2227,1.68,65.9942,71.1465,4.7346,10.1125,9.96,0.8693,0.367,10935.6,4469.4747,4469.4748,435455.592,177974.2954,1
2848,301592.SZ,六九一二,20260825,103.72,2.8288,2.8288,0.7,136.3598,127.4743,7.7323,16.0579,15.5114,0.6749,0.0742,7000.0,2335.8424,2335.8424,726040.0,242273.3248,1
2849,301595.SZ,太力科技,20260825,39.09,1.5181,1.5181,0.67,68.882,79.9273,4.6258,4.0556,3.9701,0.6395,1.2791,10828.0,4083.25,4083.25,423266.52,159614.2425,1
2850,301596.SZ,瑞迪智驱,20260825,46.76,2.8763,3.4187,0.52,48.1398,49.6844,5.645,7.8188,7.5834,1.222,0.9165,10803.142,4384.3258,3688.713,505155.294,205011.2708,1
2851,301598.SZ,博科测试,20260825,53.1,16.3828,16.3828,2.86,25.928,23.445,3.153,5.5586,5.3452,3.7665,3.2015,5889.7223,1802.9098,1802.9098,312744.132,95734.521,4
2852,301599.SZ,理奇智能,20260825,33.71,13.089,13.089,1.01,53.1267,60.0831,6.7169,6.1316,5.9107,,,43160.0,5470.0536,5470.0536,1454923.6,184395.3855,4
2853,301600.SZ,慧翰股份,20260825,86.15,2.2357,2.2357,0.96,56.5652,57.3929,7.0915,9.4971,9.0129,2.528,1.1608,10452.35,3225.85,3225.85,900469.9525,277906.9775,1
2854,301601.SZ,惠通科技,20260825,16.44,3.3686,3.3686,1.47,30.7661,35.4212,1.7394,4.4391,5.461,1.0949,0.6691,14048.0,8448.0,8448.0,230949.12,138885.12,1
2855,301602.SZ,超研股份,20260825,16.61,3.1967,8.8716,0.54,47.7736,59.9296,5.195,17.5446,19.0531,0.6141,0.9031,42832.9638,20849.9391,7512.9446,711455.4656,346317.5034,1
2856,301603.SZ,乔锋智能,20260825,120.71,10.8373,12.1315,1.88,41.5035,32.718,5.4845,5.8388,4.8415,0.0828,0.2485,12076.0,3773.25,3370.73,1457693.96,455469.0075,1
2857,301606.SZ,绿联科技,20260825,55.1,5.2079,9.2205,3.43,32.4464,26.5555,6.4082,2.4088,1.9959,1.0889,1.0889,41490.9806,16499.8797,9319.3558,2286152.998,909143.388,1
2858,301607.SZ,富特科技,20260825,41.9,4.8233,5.4414,0.68,45.6275,36.0276,7.4758,2.3971,2.116,0.0204,0.2642,23412.8729,15179.1277,13454.9106,980999.672,636005.547,4
2859,301608.SZ,博实结,20260825,46.12,1.5592,2.1631,0.77,26.0532,24.5079,2.7493,3.573,3.4314,1.2264,1.39,13259.51,5950.6353,4289.2465,611528.6012,274443.5168,1
2860,301609.SZ,山大电力,20260825,33.25,1.9509,3.5116,0.8,39.3459,40.0072,4.2857,7.6588,7.4216,,1.203,16288.0,9816.566,5453.782,541576.0,326400.9525,1
2861,301611.SZ,珂玛科技,20260825,99.34,8.1766,8.327,0.82,149.8239,201.0122,23.3428,40.3506,37.8202,0.1007,0.1007,43600.0,14658.0738,14393.2229,4331224.0,1456132.6738,4
2862,301613.SZ,新铝时代,20260825,35.88,1.621,2.1821,1.35,22.4338,31.4374,3.2119,1.6862,1.5974,1.858,1.9509,14384.1247,8390.1247,6232.5124,516102.2256,301037.5056,4
2863,301616.SZ,浙江华业,20260825,35.52,1.9589,2.7817,1.2,14.4371,14.5961,1.9468,2.9292,2.9485,1.1261,2.2523,8000.0,2840.1791,2000.0,284160.0,100883.1936,1
2864,301617.SZ,博苑新材,20260825,50.05,4.1593,4.7589,1.5,50.4676,50.8978,4.8269,5.9367,5.8267,1.0167,0.6148,17373.2,6895.2,6026.55,869528.66,345104.76,1
2865,301618.SZ,长联科技,20260825,32.39,2.7625,3.3739,0.4,100.6496,133.4253,4.3152,7.2006,7.056,0.7403,0.4411,12630.2204,4815.1411,3942.5799,409092.8258,155962.3846,1
2866,301622.SZ,英思特,20260825,40.11,3.1813,3.1813,1.92,35.3522,59.6741,2.9918,3.2207,3.1258,0.9973,0.374,11593.188,6465.9396,6465.9396,465002.8509,259348.8534,1
2867,301626.SZ,苏州天脉,20260825,258.67,4.1845,4.1845,0.88,193.4291,265.3743,18.5222,26.7812,26.4794,0.2165,0.0773,11568.0,5261.8998,5261.8998,2992294.56,1361095.673,1
2868,301628.SZ,强达电路,20260825,90.52,6.9522,6.9522,0.61,56.4411,58.2933,5.7101,7.1554,6.7922,0.4419,0.5524,7537.58,2787.58,2787.58,682301.7416,252331.7416,1
2869,301629.SZ,矽电股份,20260825,255.9,5.9708,5.9708,1.17,202.1287,422.6847,9.0784,25.4938,29.3504,0.3744,0.0993,4172.7274,1919.6154,1919.6154,1067801.607,491230.758,1
2870,301630.SZ,同宇新材,20260825,164.01,6.9717,5.4413,1.01,72.1455,65.9809,5.2475,7.6359,7.2929,,0.9581,5600.0,1637.419,2097.97,918456.0,268553.2542,1
2871,301631.SZ,壹连科技,20260825,61.75,7.5509,7.5509,0.71,26.9292,27.6376,3.0376,1.5348,1.3218,0.9915,1.1567,12798.0412,4359.4438,4359.4438,790278.97,269195.42,1
2872,301632.SZ,广东建科,20260825,13.43,1.6256,1.9604,0.57,48.3694,42.0193,2.0286,4.494,4.6098,,0.8935,41856.0,18381.25,15242.25,562126.08,246860.1875,1
2873,301633.SZ,港迪技术,20260825,56.45,4.4965,5.0487,1.02,43.5494,48.0546,3.3783,5.8858,5.7011,1.7715,0.8857,5568.0,2551.0642,2272.0642,314313.6,144007.337,1
2874,301636.SZ,泽润新能,20260825,40.11,1.9539,2.6369,0.89,78.1363,4459.9685,2.4461,3.1264,3.2795,1.2307,1.2307,6469.4123,3774.8423,2797.1297,259488.1274,151408.9247,1
2875,301638.SZ,南网数字,20260825,22.36,2.3578,2.3578,0.76,112.8882,102.04,6.336,9.8509,9.2781,,0.2683,317965.023,25023.4005,25023.4005,7109697.8472,559523.224,1
2876,301655.SZ,C绿控传动,20260825,26.6,46.2171,46.2171,,79.1267,67.1204,12.4882,3.6137,3.1387,,,45560.8235,4496.8188,4496.8188,1211917.812,119615.412,4
2877,301656.SZ,联合动力,20260825,15.32,5.4665,5.4665,2.64,32.5063,74.239,3.9063,1.78,1.7492,,0.2807,240479.091,20363.1517,20363.1517,3684139.6588,311963.458,4
2878,301658.SZ,首航新能,20260825,23.7,6.1013,6.1013,1.32,62.3235,140.7405,3.065,3.7967,3.7916,0.5316,0.308,41237.1135,9741.6681,9741.6681,977319.744,230877.579,4
2879,301662.SZ,宏工科技,20260825,70.44,8.1272,9.3148,1.58,136.4661,68.9054,5.2747,4.0221,3.6409,0.9791,0.5874,11600.0,4459.2018,3890.6581,817104.0,314106.048,4
2880,301665.SZ,泰禾股份,20260825,24.51,3.7437,3.7437,1.15,23.6811,21.1598,2.9524,2.0544,1.9304,2.448,2.448,45000.0,10417.0,10417.0,1102950.0,255320.67,1
2881,301666.SZ,大普微,20260825,396.0,6.853,6.853,0.66,,143.1083,47.3746,75.4762,27.5824,,,43621.636,2651.6343,2651.6343,17274165.48,1050045.48,4
2882,301667.SZ,纳百川,20260825,63.93,8.4706,8.4706,0.58,73.8651,80.2031,5.5363,4.0102,3.8155,,0.1564,11166.96,2372.979,2372.979,713903.7528,151704.6114,1
2883,301668.SZ,昊创瑞通,20260825,34.32,3.8409,3.8409,0.42,35.9508,47.2907,3.7301,4.2162,4.4596,,1.4569,11000.0,2432.8573,2432.8573,377520.0,83495.7552,1
2884,301669.SZ,高特电子,20260825,28.11,5.0697,5.0697,0.72,98.5375,96.0456,14.1365,10.7496,10.3514,,,48000.0,8188.7545,8188.7545,1349280.0,230185.7625,1
2885,301677.SZ,欣兴工具,20260825,54.02,7.8452,7.8452,0.51,27.3369,27.0726,3.8702,10.5581,10.3958,,,10000.0,2144.0018,2144.0018,540200.0,115818.88,4
2886,301678.SZ,新恒汇,20260825,44.36,1.4076,1.7662,0.69,84.2557,149.6884,5.9039,11.5118,10.157,1.1271,2.2543,23955.5467,13897.0967,11075.4967,1062668.198,616475.356,1
2887,301680.SZ,固德电材,20260825,96.6,6.8907,6.8907,1.04,44.6457,40.6668,4.43,7.2333,5.6372,,0.4658,8280.0,1680.248,1680.248,799848.0,162312.15,4
2888,301682.SZ,宏明电子,20260825,109.14,5.9641,5.9641,0.77,41.6221,52.5085,2.6811,5.0698,5.0445,,0.7788,12154.9358,2568.6821,2568.6821,1326589.0602,280345.7352,4
2889,301683.SZ,慧谷新材,20260825,99.69,3.8204,3.8204,0.77,30.4279,29.9066,2.6681,6.3867,5.9045,,1.1034,6311.64,1426.565,1426.565,629208.3885,142214.7633,4
2890,301687.SZ,新广益,20260825,50.08,10.8823,10.8823,1.32,59.6565,59.4772,4.8339,10.4735,10.3799,,0.599,14686.4,3115.2846,3115.2846,735494.912,156013.2224,1
2891,301696.SZ,三瑞智能,20260825,96.63,4.5224,4.5224,0.46,91.7321,73.449,18.2221,35.9668,28.1242,,0.9055,40001.0,3008.3354,3008.3354,3865296.63,290695.8942,1
2892,301707.SZ,展芯股份,20260825,78.33,13.7291,13.7291,0.54,141.1934,130.3806,20.6891,50.3904,51.4807,,,41118.993,2705.2564,2705.2564,3220851.27,211903.0158,4
2893,301717.SZ,超纯应材,20260825,375.8,20.5523,20.5523,0.62,207.1684,184.124,41.7295,77.2056,69.3095,,,10184.6154,1742.6366,1742.6366,3827380.196,654884.112,4
2894,302132.SZ,中航成飞,20260825,56.08,0.7329,1.6012,0.64,43.6592,46.4145,7.1726,1.9885,2.1461,1.1359,0.6883,267209.1376,58606.9499,26826.8497,14985088.5712,3286677.756,4
2895,600000.SH,浦发银行,20260825,9.08,0.2647,0.7341,1.32,6.0463,6.0147,0.4012,1.7384,1.7319,4.1035,4.6256,3330583.83,3330583.83,1201126.9947,30241701.1764,30241701.1764,4
2896,600004.SH,白云机场,20260825,7.53,0.4035,0.9427,0.95,13.2167,14.4807,0.9161,2.4396,2.3928,1.9147,3.7849,257724.4598,236671.8283,101297.3731,1940665.1838,1782138.8799,1
2897,600006.SH,东风股份,20260825,5.37,0.6927,1.7365,1.34,,,1.3437,1.2125,1.2378,0.0931,,200000.0,200000.0,79785.462,1074000.0,1074000.0,1
2898,600007.SH,中国国贸,20260825,18.77,0.1834,0.9478,0.74,15.7255,15.8041,1.8807,5.015,5.0819,5.8604,5.7006,100728.2534,100728.2534,19492.2293,1890669.2525,1890669.2525,4
2899,600008.SH,首创环保,20260825,2.86,0.6527,1.2172,0.95,11.8485,11.6473,0.9917,1.1116,1.1145,5.9441,4.1958,734059.0677,734059.0677,393643.2234,2099408.9402,2099408.9402,1
2900,600009.SH,上海机场,20260825,23.38,0.3504,0.8458,0.95,27.4837,25.42,1.349,4.3591,4.3108,2.1814,2.0102,248831.304,248021.884,102740.5144,5817675.794,5798751.5544,1
2901,600010.SH,包钢股份,20260825,2.25,1.2093,1.905,0.99,272.3567,202.8409,1.9421,1.5335,1.6136,0.089,,4522603.2948,3131821.1887,1988015.7111,10175857.425,7046597.6775,4
2902,600011.SH,华能国际,20260825,6.69,0.4138,1.04,0.59,7.2882,8.9505,1.6281,0.458,0.4685,4.0359,5.9791,1569809.3359,1099770.9919,437592.3252,10502024.4846,7357467.9231,1
2903,600012.SH,皖通高速,20260825,16.39,0.4786,2.2753,0.93,14.9159,15.0338,2.0965,4.1663,5.1157,3.6852,4.0268,170859.1889,116560.0,24517.3238,2800382.1241,1910418.4,1
2904,600015.SH,华夏银行,20260825,6.75,0.7033,2.1227,1.4,3.9495,3.9605,0.3343,1.1688,1.0924,6.0,6.2222,1591492.8468,1538722.3983,509783.4834,10742576.7375,10386376.2,4
2905,600016.SH,民生银行,20260825,3.5,0.6281,0.7924,1.15,5.0139,5.2237,0.2663,1.0726,1.0651,5.6571,5.4,4378241.8502,3546212.3213,2810983.8524,15323846.475,12411743.12,4
2906,600017.SH,日照港,20260825,2.7,1.0287,1.8521,1.18,16.7847,18.9361,0.5905,1.0624,1.0805,4.4074,2.6852,307565.3888,307565.3888,170823.63,830426.553,830426.553,1
2907,600018.SH,上港集团,20260825,5.24,0.1773,1.4609,0.97,8.993,8.9269,0.8397,3.0796,3.0212,2.7673,3.7214,2327996.0504,2324671.835,282110.5195,12198699.3544,12181280.4416,0
2908,600019.SH,宝钢股份,20260825,5.85,0.3926,1.1035,0.8,12.3168,12.6942,0.6179,0.4013,0.3898,3.7007,5.0849,2178208.4749,2141409.5749,761852.7922,12742519.5495,12527245.9845,4
2909,600020.SH,中原高速,20260825,3.8,0.6574,2.0653,1.06,13.5882,13.0944,0.7173,1.2942,1.3309,4.4737,3.1579,224737.1832,224737.1832,71537.6752,854001.284,854001.284,1
2910,600021.SH,上海电力,20260825,13.7,0.7706,1.8015,0.91,13.9698,15.4299,1.8582,0.9236,0.9352,2.0401,2.7007,282187.5805,282187.5805,120699.5566,3865969.846,3865969.846,1
2911,600022.SH,山东钢铁,20260825,1.34,0.6389,1.5468,0.87,135.3199,129.2955,0.7544,0.2132,0.2226,,,1069884.9554,1069884.9554,441891.4279,1433645.8464,1433645.8464,1
2912,600023.SH,浙能电力,20260825,4.89,0.235,0.8762,1.31,8.7099,8.8596,0.8497,0.8242,0.8448,6.953,6.7485,1340873.2749,1340873.2749,359556.5748,6556870.2903,6556870.2903,1
2913,600025.SH,华能水电,20260825,9.79,0.1704,1.526,1.17,21.4482,21.3602,2.5707,6.8583,6.7622,1.9737,2.094,1863109.4257,1863109.4257,207995.6663,18239841.3197,18239841.3197,1
2914,600026.SH,中远海能,20260825,19.04,1.4894,3.5371,0.68,25.8023,18.9331,2.1606,4.3601,4.0946,0.9179,1.9958,547121.4178,382799.1956,161191.9602,10417191.8368,7288496.768,4
2915,600027.SH,华电国际,20260825,4.6,0.647,1.5095,1.02,8.7992,9.0947,1.0684,0.4239,0.4348,4.5811,5.0,1161177.4184,921567.7327,394969.6394,5341416.132,4239211.558,1
2916,600028.SH,中国石化,20260825,5.36,0.3193,2.1676,1.02,20.3766,18.028,0.7682,0.2329,0.2306,4.2574,3.7326,12092551.4222,9475247.5375,1395898.0969,64816075.6112,50787326.8144,1
2917,600029.SH,南方航空,20260825,5.06,0.2959,0.9792,0.88,106.992,29.7219,2.4741,0.5031,0.4913,,,1812096.9844,1347697.2536,407250.36,9169210.7188,6819348.085,1
2918,600030.SH,中信证券,20260825,27.15,0.5162,0.6364,0.68,14.1042,10.697,1.4357,5.667,4.6402,1.0313,2.5783,1562427.2212,1217655.0974,987690.0866,42419899.0556,33059335.8944,4
2919,600031.SH,三一重工,20260825,18.95,0.457,0.6035,0.73,20.7236,20.6957,1.9238,1.9527,1.8894,3.5143,2.5726,919500.4437,847439.0037,641692.9722,17424533.338,16058969.05,1
2920,600032.SH,浙江新能,20260825,6.83,0.4964,2.1442,0.76,32.4629,36.4653,1.278,3.3682,3.4526,0.7613,0.937,240467.5324,240467.5324,55672.2024,1642393.2299,1642393.2299,1
2921,600033.SH,福建高速,20260825,3.51,1.1264,2.5547,1.37,10.1582,10.5692,0.7709,3.1593,3.2052,2.849,3.4473,274440.0,274440.0,121003.1499,963284.4,963284.4,4
2922,600035.SH,楚天高速,20260825,3.4,0.5685,1.235,1.07,10.1398,10.8955,0.6015,0.8328,0.8532,5.0,4.7059,161011.5901,161011.5901,74122.5182,547439.406,547439.406,1
2923,600036.SH,招商银行,20260825,39.5,0.3074,0.5412,0.76,6.6332,6.6083,0.8797,2.9514,2.9238,5.0633,5.1038,2521984.5601,2062894.4429,1171836.1832,99618390.12,81484330.38,4
2924,600037.SH,歌华有线,20260825,7.05,1.0712,1.7253,1.26,285.9558,145.278,0.7681,4.4203,4.008,0.383,0.7092,139177.7884,139177.7884,86415.4412,981203.4195,981203.4195,1
2925,600038.SH,中直股份,20260825,27.2,0.866,1.5369,0.96,34.2112,45.7229,1.2659,0.7667,0.7668,0.75,0.8787,81989.3213,66893.5221,37692.4911,2230109.504,1819503.744,1
2926,600039.SH,四川路桥,20260825,8.58,0.129,0.5991,0.78,10.2247,10.6309,1.4098,0.6481,0.6535,4.7741,5.7272,869559.0645,869559.0645,187203.9473,7460816.7348,7460816.7348,1
2927,600048.SH,保利发展,20260825,5.11,0.7736,1.3051,0.69,59.1177,,0.3153,0.1985,0.2042,3.2976,0.6789,1197044.3418,1197044.3418,709550.0956,6116896.5774,6116896.5774,1
2928,600050.SH,中国联通,20260825,4.33,0.4568,1.0703,0.92,14.8329,19.5717,0.7896,0.3451,0.3441,4.0023,3.776,3126442.5327,3099040.9152,1322650.225,13537496.1982,13418847.1836,1
2929,600051.SH,宁波联合,20260825,6.34,1.8206,2.5673,1.17,23.3563,29.1271,0.5773,1.5549,2.0527,1.8927,0.9464,31088.0,31088.0,22046.24,197097.92,197097.92,1
2930,600052.SH,东望时代,20260825,3.9,1.0996,1.8005,1.06,,,1.5248,5.5884,6.3649,0.5066,0.5066,84419.4741,84419.4741,51558.1371,329235.933,329235.933,1
2931,600053.SH,*ST九鼎,20260825,7.76,0.9705,3.6662,3.35,,,1.5514,11.9545,12.8929,,,43354.08,43354.08,11476.495,336427.6608,336427.6608,2
2932,600054.SH,黄山旅游,20260825,11.34,2.026,4.799,1.9,28.2793,27.9241,1.6924,3.9212,3.8339,1.5168,1.2434,72937.944,51330.0,21670.425,827116.2396,582082.2,1
2933,600055.SH,万东医疗,20260825,11.13,0.7371,1.3514,0.74,,,1.7617,5.8093,5.6692,1.168,,70306.1058,70306.1058,38348.1077,782507.0043,782507.0043,1
2934,600056.SH,中国医药,20260825,9.41,1.3021,2.7563,1.03,29.7451,29.152,1.1713,0.3981,0.4019,1.1191,1.0086,149587.9748,149535.1478,70639.8276,1407622.8918,1407125.7615,1
2935,600057.SH,厦门象屿,20260825,6.16,0.8174,1.8661,1.12,13.5255,13.1801,1.1486,0.0426,0.0421,5.5711,3.5723,283901.5539,209251.0164,91661.7272,1748833.6096,1288986.2832,4
2936,600058.SH,五矿发展,20260825,10.01,0.9082,2.4259,1.11,561.6585,,2.2001,0.2031,0.2102,,0.3357,107191.0711,107191.0711,40130.5789,1072982.6107,1072982.6107,4
2937,600059.SH,古越龙山,20260825,8.14,1.1007,1.7902,0.54,33.3781,32.932,1.2565,4.0528,4.0502,0.9828,1.0815,91154.2413,91154.2413,56045.8255,741995.5136,741995.5136,1
2938,600060.SH,海信视像,20260825,26.18,0.8346,1.5998,1.53,13.9218,13.7141,1.5654,0.5923,0.5888,3.3613,3.5917,130497.2254,130016.8721,67831.5518,3416417.2196,3403841.6566,1
2939,600061.SH,国投资本,20260825,6.31,0.3068,0.8503,0.78,12.3035,11.9896,0.7376,764.9331,679.2289,2.0126,2.4461,639409.7773,639409.7773,230715.6492,4034675.7118,4034675.7118,1
2940,600062.SH,华润双鹤,20260825,16.01,0.6417,1.6153,0.71,10.096,10.3063,1.3576,1.5115,1.5395,2.9426,2.992,103857.2452,103822.5388,41242.9764,1662754.5725,1662198.8654,1
2941,600063.SH,皖维高新,20260825,5.68,1.3701,1.6757,0.7,27.0799,23.9171,1.3706,1.4668,1.4354,2.4829,1.7606,206910.6449,206910.6449,169178.1065,1175252.4352,1175252.4352,1
2942,600064.SH,南京高科,20260825,7.68,0.8628,1.3221,0.77,7.2609,7.7943,0.6679,3.894,4.6426,3.9063,4.1667,173033.9644,173033.9644,112925.6424,1328900.8128,1328900.8128,1
2943,600066.SH,宇通客车,20260825,29.99,0.5835,1.0001,0.75,11.9536,12.102,5.1167,1.6028,1.5803,5.0017,8.3361,221393.9223,221393.9223,129175.5584,6639603.6608,6639603.6608,4
2944,600067.SH,冠城新材,20260825,2.84,1.1817,1.8179,1.16,52.9225,204.8708,0.7067,0.319,0.3289,7.5893,1.0349,139166.8739,139166.8739,90466.5273,395233.9108,395233.9108,1
2945,600071.SH,凤凰光学,20260825,15.72,0.5667,1.1177,0.83,128.5895,249.9516,8.5257,2.7646,2.72,,,28157.3889,28157.3889,14277.0761,442634.1708,442634.1708,1
2946,600072.SH,中船科技,20260825,8.79,1.1314,1.5726,1.08,,,1.7342,1.2743,1.1567,0.3426,,150064.9709,108333.7316,77940.5069,1319071.0863,952253.4867,1
2947,600073.SH,光明肉业,20260825,5.37,1.3086,2.0383,0.74,,,1.0732,0.2275,0.2274,1.3035,,93772.9472,93772.9472,60202.5414,503560.7415,503560.7415,1
2948,600075.SH,新疆天业,20260825,4.66,1.2913,2.3295,0.99,,,0.8922,0.7588,0.7724,0.4291,,170779.7343,170779.7343,94668.1167,795833.5418,795833.5418,1
2949,600076.SH,康欣新材,20260825,3.15,1.0106,1.6611,0.86,,,1.1897,11.2421,11.9574,,,134454.3367,134454.3367,81805.5082,423531.171,423531.171,1
2950,600078.SH,澄星股份,20260825,10.84,3.1128,5.3481,0.79,869.6222,68.508,4.0938,2.0487,1.8614,,,67966.2861,66257.2861,38563.8247,736754.5836,718229.0236,1
2951,600079.SH,ST人福,20260825,18.02,0.3512,0.5527,0.63,15.8531,15.4547,1.5148,1.2275,1.2293,1.7758,2.6637,163222.5965,154317.877,98072.7725,2941271.252,2780808.1976,1
2952,600080.SH,ST金花,20260825,4.82,0.6643,0.8904,1.17,115.5035,176.8803,1.1295,3.307,3.2808,0.5881,,37327.0285,37327.0285,27847.7933,179916.2846,179916.2846,1
2953,600081.SH,东风科技,20260825,10.14,0.5189,2.0564,1.1,297.6721,86.1122,1.2012,0.8938,0.9304,0.4931,0.1085,55302.617,55302.617,13955.4119,560768.5668,560768.5668,1
2954,600082.SH,ST海泰,20260825,2.95,1.6556,2.3565,1.86,,,1.1282,4.2428,4.228,,,64611.5826,63433.5412,44566.648,190604.161,187128.943,1
2955,600084.SH,*ST尼雅,20260825,4.21,0.4246,0.9812,2.27,,,3.7096,38.3678,34.6319,,,112372.683,112372.683,48630.1732,473088.9828,473088.9828,1
2956,600085.SH,同仁堂,20260825,24.25,0.4382,0.9216,1.0,27.9627,30.8419,2.3612,1.9273,1.9981,2.0619,2.0619,137147.0262,137147.0262,65216.1722,3325815.4775,3325815.4775,1
2957,600088.SH,中视传媒,20260825,11.55,0.8747,2.0287,1.13,,,3.6608,4.4275,4.3383,0.2944,0.1905,39770.64,39770.64,17146.9217,459350.892,459350.892,1
2958,600089.SH,特变电工,20260825,19.0,1.0872,1.3265,0.72,16.1233,18.0364,1.3548,0.9874,0.9106,1.3073,1.8825,505279.2571,505279.2571,414129.9271,9600305.94,9600305.94,0
2959,600094.SH,大名城,20260825,4.02,1.0387,1.6153,1.34,65.1405,64.7794,0.9094,4.1603,4.8313,,,232495.0045,212622.995,136726.7511,934629.9,854744.46,1
2960,600095.SH,湘财股份,20260825,7.88,0.5835,1.8919,0.85,48.5437,51.3153,1.8314,75.267,133.858,,,285918.7743,285918.7743,88183.9293,2253039.9076,2253039.9076,1
2961,600096.SH,云天化,20260825,29.78,2.2015,3.5714,1.0,10.5291,10.1936,2.1369,1.1213,1.1756,5.3727,4.7011,182299.0731,182299.0731,112373.6439,5428866.3046,5428866.3046,4
2962,600097.SH,开创国际,20260825,8.75,1.1506,2.0123,0.63,28.53,81.6926,0.9358,0.9023,0.9353,0.9143,1.1429,24093.6559,24093.6559,13776.0021,210819.525,210819.525,1
2963,600098.SH,广州发展,20260825,6.28,0.4136,1.5786,0.94,9.4923,9.1639,0.7924,0.433,0.426,5.8923,5.5732,350586.4981,350586.4981,91860.5173,2201683.22,2201683.22,4
2964,600099.SH,林海股份,20260825,9.21,1.349,2.3301,1.17,82.1944,80.0167,3.6627,1.784,1.7012,0.3257,0.4886,21912.0,21912.0,12686.308,201809.52,201809.52,1
2965,600100.SH,同方股份,20260825,6.71,0.5372,0.786,0.81,45.4146,67.8151,1.4177,1.4922,1.515,,0.6706,335029.7713,335029.7713,228955.7108,2248049.7567,2248049.7567,1
2966,600101.SH,明星电力,20260825,7.94,1.2138,1.77,1.07,23.6221,23.6067,1.3771,1.4398,1.414,1.5113,1.3854,54786.2471,54786.2471,37570.2847,435002.825,435002.825,1
2967,600103.SH,青山纸业,20260825,3.15,7.5094,10.1935,2.43,129.0793,181.7589,1.7719,2.918,2.8905,0.3831,0.273,224082.6747,221232.9047,162978.6823,705860.4105,696883.635,2
2968,600104.SH,上汽集团,20260825,10.31,0.3048,1.0035,1.0,11.7276,11.7243,0.3944,0.1834,0.1832,0.8483,2.5642,1149527.7504,1149527.7504,349184.8225,11851631.1025,11851631.1025,1
2969,600105.SH,永鼎股份,20260825,38.48,7.7259,10.1488,0.87,240.7867,134.4056,15.4597,10.6411,8.8373,0.2209,0.1299,146199.4802,146199.4802,111295.9839,5625755.9904,5625755.9904,1
2970,600106.SH,重庆路桥,20260825,4.27,1.1607,1.5919,1.47,49.777,97.6357,1.074,50.2679,53.6478,0.8431,0.6089,132902.5062,132902.5062,96903.073,567493.7177,567493.7177,4
2971,600107.SH,*ST尔雅,20260825,5.88,0.3994,0.5098,1.08,,,5.2213,8.9621,8.7106,,,36000.0,36000.0,28205.9362,211680.0,211680.0,1
2972,600108.SH,亚盛集团,20260825,3.37,7.2489,10.0796,0.74,115.2412,123.0569,1.5135,1.5469,1.5546,0.1632,0.089,194691.5121,194691.5121,140015.2748,656110.3887,656110.3887,1
2973,600109.SH,国金证券,20260825,8.54,0.3746,0.5914,0.84,13.8978,13.259,0.8762,3.7418,3.5158,1.3968,0.9286,370536.491,370536.491,234723.0305,3164381.6246,3164381.6246,1
2974,600110.SH,诺德股份,20260825,11.25,13.4119,19.1227,1.28,,,3.2497,2.6638,1.8166,,,173518.0932,173518.0932,121698.6201,1952078.5125,1952078.5125,1
2975,600111.SH,北方稀土,20260825,39.85,1.0603,1.711,0.74,63.9907,42.7083,5.487,3.3846,2.9106,0.0878,0.3262,361506.5842,361506.5842,224026.6051,14406037.213,14406037.213,4
2976,600113.SH,浙江东日,20260825,29.72,1.0154,2.5131,0.43,86.8878,104.6688,5.0274,16.1827,16.9317,0.404,0.4374,42117.666,41143.116,16623.7878,1251737.1524,1222773.5264,1
2977,600114.SH,东睦股份,20260825,29.41,2.1527,2.6548,0.72,36.6418,35.6974,5.5081,3.2516,3.2103,0.9419,0.9648,66751.4165,61638.3477,49980.5261,1963159.2622,1812783.8735,4
2978,600115.SH,中国东航,20260825,3.53,0.7889,1.7958,1.09,,78.3615,5.5294,0.5572,0.543,,,2208773.667,1702496.4893,747940.5647,7796971.0551,6009812.6097,1
2979,600116.SH,三峡水利,20260825,6.27,0.8682,1.8685,0.88,27.503,15.6518,1.0385,1.1785,1.1588,1.4212,1.9739,191214.2904,191214.2904,88844.6091,1198913.5983,1198913.5983,4
2980,600117.SH,西宁特钢,20260825,2.27,0.3523,0.968,0.85,,,2.1468,1.2475,1.219,,,325511.4857,325511.4857,118489.7958,738911.0823,738911.0823,1
2981,600118.SH,中国卫星,20260825,60.24,1.9412,3.9416,0.44,2003.3684,707.9851,11.1222,11.6719,10.6839,0.0166,0.0199,118248.9135,118248.9135,58237.7404,7123314.3384,7123314.3384,1
2982,600119.SH,*ST长投,20260825,4.75,0.5905,1.0902,0.78,,,23.3751,8.5164,8.6192,,,36527.037,36527.037,19785.1609,173503.44,173503.44,1
2983,600120.SH,浙江东方,20260825,4.82,0.7134,1.4231,0.63,17.6129,11.7193,0.9825,20.1221,19.484,1.7079,1.7079,341538.1492,341538.1492,171211.5538,1646213.883,1646213.883,1
2984,600121.SH,郑州煤电,20260825,4.18,11.3473,23.5945,1.32,,,8.4697,1.4337,1.6312,,,121841.2038,121841.2038,58597.2758,509296.216,509296.216,1
2985,600123.SH,兰花科创,20260825,7.26,1.6527,3.031,0.97,,,0.7009,1.3137,1.204,2.0661,,147324.0021,147324.0021,80329.8021,1069572.24,1069572.24,4
2986,600125.SH,铁龙物流,20260825,5.44,1.0886,1.5552,1.65,13.5264,13.3556,0.8974,0.6179,0.6242,2.5735,2.2243,130552.1874,130552.1874,91377.407,710203.9136,710203.9136,1
2987,600126.SH,杭钢股份,20260825,6.81,1.6702,4.4177,0.75,952.7594,334.5626,1.1831,0.4395,0.5045,,0.0734,337718.9083,337718.9083,127681.8671,2299865.7771,2299865.7771,4
2988,600127.SH,金健米业,20260825,9.31,46.1672,58.6893,1.64,1583.7161,,8.8994,1.7793,1.7565,,,64178.3218,64178.3218,50485.0967,597500.1592,597500.1592,2
2989,600128.SH,苏豪弘业,20260825,8.41,1.4793,2.0122,1.03,43.8503,36.4815,0.9808,0.2737,0.2945,1.1658,1.7241,25169.87,24676.75,18141.9029,211678.6067,207531.4675,1
2990,600129.SH,太极集团,20260825,14.66,2.9317,4.8148,0.43,67.0463,72.4052,2.2654,0.7699,0.7925,,,55141.8185,55141.8185,33575.8361,808379.0812,808379.0812,1
2991,600130.SH,波导股份,20260825,4.36,3.0191,3.6284,1.14,622.7745,657.5158,3.6031,6.9513,6.4193,,,75000.0,75000.0,62405.36,327000.0,327000.0,1
2992,600131.SH,国网信通,20260825,14.88,0.5781,1.3902,1.2,27.0951,28.5957,2.7102,1.6759,1.6904,1.1534,1.1093,119698.5669,119590.5149,49734.7834,1781114.5728,1779506.7888,4
2993,600132.SH,重庆啤酒,20260825,39.71,0.7386,1.8464,0.77,15.6134,16.5414,12.1332,1.3054,1.3292,5.5402,6.2956,48397.1198,48397.1198,19358.848,1921849.6352,1921849.6352,1
2994,600133.SH,东湖高新,20260825,8.26,1.0483,1.2642,0.82,31.8872,41.7642,0.9874,2.3486,2.4565,1.9976,2.0097,106623.9875,106623.9875,88411.6613,880714.1574,880714.1574,1
2995,600135.SH,乐凯胶片,20260825,7.34,1.0602,1.9519,1.08,,,1.7244,3.0772,3.0103,,,55330.7099,55330.7099,30053.0656,406127.4114,406127.4114,1
2996,600136.SH,ST明诚,20260825,1.46,0.4859,0.7299,1.09,,,13.1639,5.9335,6.0813,,,204082.5931,194308.9494,129352.8116,297960.5814,283691.067,1
2997,600137.SH,浪莎股份,20260825,18.26,1.3913,3.1476,1.24,54.9247,58.2556,3.2593,4.5538,4.5172,1.0186,1.0953,9721.7588,9721.7588,4297.2833,177519.3376,177519.3376,1
2998,600138.SH,中青旅,20260825,7.13,1.4995,1.9522,1.79,61.7991,64.2612,0.8194,0.4552,0.4433,0.9818,0.5049,72384.0,72384.0,55598.0408,516097.92,516097.92,1
2999,600141.SH,兴发集团,20260825,29.52,2.6452,3.9521,0.91,23.7762,22.1608,1.4218,1.2108,1.1041,3.1099,1.6859,120173.9857,120173.9857,80433.912,3547536.1848,3547536.1848,4
3000,600143.SH,金发科技,20260825,14.12,1.0754,1.4256,0.45,32.827,30.21,1.9221,0.5772,0.5561,0.6821,1.4127,267329.8366,263482.6028,198757.3883,3774697.1996,3720374.312,1
3001,600148.SH,长春一东,20260825,15.73,1.2894,2.5106,1.68,194.7352,134.9002,4.6248,2.9055,2.7396,,0.2543,14151.645,14151.645,7268.1029,222605.4545,222605.4545,1
3002,600149.SH,廊坊发展,20260825,5.0,2.5105,3.8804,0.82,123.6037,132.845,7.5836,9.5015,9.6781,,,38016.0,38016.0,24595.425,190080.0,190080.0,1
3003,600150.SH,中国船舶,20260825,33.84,0.5649,1.0982,0.69,32.4484,22.5241,1.7029,1.6757,1.522,0.439,1.0786,752562.1288,752562.1288,387101.5077,25466702.4792,25466702.4792,1
3004,600151.SH,航天机电,20260825,10.21,2.2823,3.6649,0.99,,,3.3239,4.062,4.2929,,,143425.2287,143425.2287,89318.9076,1464371.5983,1464371.5983,1
3005,600152.SH,维科技术,20260825,8.28,5.678,7.9832,1.74,,,2.692,3.0925,2.71,,,52907.9375,52907.9375,37630.1161,438077.7432,438077.7432,1
3006,600153.SH,建发股份,20260825,8.78,0.4134,0.7769,0.59,,,0.5911,0.0379,0.0381,8.1034,7.9727,289953.8551,289953.8551,154285.0566,2545794.8908,2545794.8908,4
3007,600155.SH,华创云信,20260825,5.94,1.2897,1.441,1.58,72.2386,52.0321,0.6572,4.177,3.9926,,,221354.2477,221354.2477,198107.4711,1314844.245,1314844.245,1
3008,600156.SH,华升股份,20260825,8.23,2.7363,4.5845,1.15,,,8.9591,4.1526,4.4409,0.1215,0.1215,40211.0702,40211.0702,24000.639,330937.1061,330937.1061,1
3009,600157.SH,永泰能源,20260825,1.57,1.2385,1.5188,0.87,164.193,156.131,0.7301,1.4382,1.4454,,,2181776.4145,2181776.4145,1779047.1763,3425388.9637,3425388.9637,0
3010,600158.SH,中体产业,20260825,7.04,2.4399,3.3812,1.17,,,2.8149,3.1493,3.0837,0.2798,,95951.3067,95951.3067,69239.4885,675497.2224,675497.2224,1
3011,600159.SH,大龙地产,20260825,2.6,2.1708,4.1507,1.29,,,1.4805,3.2434,3.88,,,83000.3232,83000.3232,43408.6677,215800.832,215800.832,1
3012,600160.SH,巨化股份,20260825,37.92,1.0714,2.3083,0.89,27.0601,24.6543,4.7366,3.7929,3.7626,0.6065,1.4768,269974.6081,269974.6081,125311.1586,10237437.2112,10237437.2112,1
3013,600161.SH,天坛生物,20260825,12.32,0.7119,1.4273,0.7,22.3326,25.0486,2.0536,3.9496,4.0656,2.0292,1.6234,197737.1446,197737.1446,98625.1157,2436121.5648,2436121.5648,1
3014,600162.SH,香江控股,20260825,4.32,5.9557,18.5371,1.13,,,2.466,9.7777,10.6015,0.2532,0.1151,326843.8122,326843.8122,105011.2242,1411965.2592,1411965.2592,1
3015,600163.SH,中闽能源,20260825,4.98,0.5317,1.5621,0.83,18.1682,20.3054,1.2923,5.8963,6.0876,1.6667,0.6024,190299.6143,190299.6143,64770.5089,947692.0578,947692.0578,1
3016,600166.SH,福田汽车,20260825,2.86,1.1393,2.0562,0.86,16.6031,15.8393,1.4071,0.3697,0.3639,,,791740.0367,791740.0367,438691.3605,2264376.5144,2264376.5144,1
3017,600167.SH,联美控股,20260825,5.7,0.2677,0.8986,1.07,18.8026,21.4761,1.0772,3.982,4.1282,3.4494,2.587,226284.0463,226284.0463,67406.2721,1289819.085,1289819.085,1
3018,600168.SH,武汉控股,20260825,4.42,0.3955,0.9907,0.61,47.2621,41.6606,0.8091,1.0811,1.1345,0.6109,0.6357,99339.7569,99339.7569,39657.1387,439081.7392,439081.7392,1
3019,600169.SH,ST太重,20260825,2.05,0.3077,0.6368,1.3,28.8507,28.4742,1.3026,0.6583,0.6438,,,333314.15,333314.15,161064.1534,683294.0075,683294.0075,4
3020,600170.SH,上海建工,20260825,2.28,1.1985,2.1664,1.21,16.3764,14.2924,0.6472,0.0984,0.0943,2.6316,1.5351,888593.9744,888593.9744,491581.9199,2025994.2516,2025994.2516,1
3021,600171.SH,上海贝岭,20260825,22.44,1.3009,1.7377,0.76,67.343,72.225,3.4983,5.0125,4.807,0.7576,0.5348,70892.3303,70892.3303,53072.3303,1590823.8852,1590823.8852,1
3022,600172.SH,黄河旋风,20260825,13.99,14.4334,19.5463,0.82,,,43.5178,14.8747,14.0894,,,144218.4476,128319.8608,94754.2322,2017616.1155,1795194.8414,2
3023,600173.SH,卧龙新能,20260825,6.13,0.6861,1.7131,0.88,,,1.1995,1.4174,2.1103,,,70050.6244,70041.6244,28053.1999,429410.3006,429355.1306,1
3024,600176.SH,中国巨石,20260825,39.79,4.2283,8.1167,0.73,48.4817,35.1489,4.8042,8.4363,7.6101,1.0304,0.9006,400313.6728,397158.7028,206893.3409,15928480.9293,15802944.673,4
3025,600177.SH,雅戈尔,20260825,7.9,0.5831,1.329,1.05,14.9244,14.2362,0.8607,3.1537,3.1302,5.8086,5.5292,462344.1902,450344.1933,197587.3041,3652519.101,3557719.101,4
3026,600178.SH,东安动力,20260825,9.55,1.9125,3.8978,2.23,355.8062,,1.7475,0.7791,0.7787,0.0524,0.1152,46647.6161,46647.6161,22888.3161,445484.771,445484.771,1
3027,600179.SH,安通控股,20260825,4.4,0.8901,1.6354,0.94,17.1445,15.1357,1.4884,2.0505,1.9998,,,423152.6979,386227.8495,210222.0058,1861871.88,1699402.54,1
3028,600180.SH,*ST瑞茂,20260825,1.53,1.4395,3.7998,0.86,,,0.3872,0.0772,0.0985,2.2695,0.6484,108662.7464,108662.7464,41164.8485,166254.0075,166254.0075,0
3029,600182.SH,S佳通,20260825,13.61,1.1583,1.1583,0.76,23.479,20.9514,4.0065,0.9551,0.9596,6.6863,4.1881,34000.0,17000.0,17000.0,462740.0,231370.0,1
3030,600183.SH,生益科技,20260825,129.0,2.6344,5.1348,0.93,93.9849,60.3225,16.9358,11.0211,9.0101,0.7753,0.9303,242900.367,241174.8857,123732.6331,31334147.73,31111560.81,1
3031,600184.SH,光电股份,20260825,17.56,1.5301,3.1114,0.78,200.3259,199.6878,2.9938,4.192,4.1763,,0.1879,58272.7468,58272.7468,28656.9768,1023269.49,1023269.49,1
3032,600185.SH,珠免集团,20260825,4.67,1.1916,2.1646,1.26,,,101.9636,2.597,2.7729,,,188500.5795,188500.5795,103766.6015,880297.7086,880297.7086,1
3033,600186.SH,莲花控股,20260825,11.55,10.7639,13.1931,0.74,66.9852,58.8919,10.9678,5.9978,5.6348,,,179276.4641,178913.8291,145971.0396,2070643.1604,2066454.7261,1
3034,600187.SH,*ST国中,20260825,1.35,1.3298,1.7332,0.77,,,0.7409,9.7776,7.4406,,,161378.1103,161378.1103,123813.1403,217860.4485,217860.4485,0
3035,600188.SH,兖矿能源,20260825,21.71,0.8245,3.1382,1.02,25.9995,22.8083,2.8488,1.5035,1.497,3.3168,2.3027,1003685.202,596135.202,156620.9149,21790005.692,12942095.192,4
3036,600189.SH,泉阳泉,20260825,7.5,1.6174,2.8568,1.44,355.7307,176.7887,4.2402,4.264,3.9715,,,71519.7812,71519.7812,40490.6649,536398.35,536398.35,1
3037,600191.SH,华资实业,20260825,11.63,4.4122,9.4536,1.74,95.5564,82.0725,3.2836,8.96,7.718,,0.1935,48493.2,48493.2,22632.5707,563975.916,563975.916,1
3038,600192.SH,长城电工,20260825,7.03,1.9437,3.2142,0.99,,,4.0883,2.0153,1.9827,,,44174.8,44174.8,26714.0716,310548.844,310548.844,1
3039,600195.SH,中牧股份,20260825,6.83,0.6022,1.229,0.69,40.711,53.0451,1.2256,1.1241,1.0805,0.3367,0.7467,102114.826,102114.826,50037.0567,697444.2889,697444.2889,1
3040,600196.SH,复星医药,20260825,23.02,1.0882,1.8764,0.48,18.2383,17.6819,1.2508,1.4755,1.4528,1.377,1.6783,267042.9325,211848.8825,122859.787,6147328.2486,4876761.2176,1
3041,600197.SH,伊力特,20260825,10.06,0.9876,1.7652,0.79,21.9996,26.8843,1.1957,2.7638,3.105,4.4732,4.2744,47317.4717,47317.4717,26474.709,476013.7482,476013.7482,1
3042,600198.SH,大唐电信,20260825,7.87,2.6386,5.5705,0.95,,,50.0283,10.2061,9.4196,,,130360.3541,130194.9804,61670.072,1025935.9545,1024634.4926,1
3043,600199.SH,金种子酒,20260825,7.03,1.8873,2.5889,0.73,,,2.3774,6.4046,7.5042,,,65779.6824,65779.6824,47953.974,462431.1504,462431.1504,1
3044,600201.SH,生物股份,20260825,12.67,1.4362,1.6604,1.01,139.2054,96.9211,2.5755,9.9799,9.089,0.2372,0.2901,109992.7826,109992.7826,95141.32,1393608.5226,1393608.5226,1
3045,600202.SH,哈空调,20260825,5.15,1.8991,2.8787,1.33,270.1764,,2.5013,1.2962,1.3832,0.1942,,38334.0672,38334.0672,25289.1287,197420.4605,197420.4605,1
3046,600203.SH,福日电子,20260825,10.44,5.237,7.2415,1.91,,485.1861,3.6004,0.4458,0.3757,0.1916,,59298.8082,59298.8082,42884.868,619079.5764,619079.5764,1
3047,600206.SH,有研新材,20260825,51.15,9.4573,14.1337,0.58,163.5306,136.1691,9.9319,4.5379,3.7314,0.2131,0.2717,84655.3332,84655.3332,56645.4964,4330120.1295,4330120.1295,4
3048,600207.SH,安彩高科,20260825,4.41,1.368,3.0062,1.07,,,2.5581,1.6456,1.933,,,108931.2554,108931.2554,49570.4638,480386.8566,480386.8566,1
3049,600208.SH,衢州发展,20260825,2.92,0.5573,1.2907,0.63,95.1499,163.8585,0.5946,6.9223,7.2756,,,850894.08,850797.6337,367347.7791,2484610.7136,2484329.0796,1
3050,600210.SH,紫江企业,20260825,6.08,0.5828,0.7952,0.77,8.8903,8.4884,1.3344,0.9602,0.965,4.9342,5.7566,151673.6158,151673.6158,111152.8382,922175.6096,922175.6096,1
3051,600211.SH,西藏药业,20260825,38.54,1.4959,3.3634,0.53,13.2442,12.6942,3.1742,4.1664,4.3054,4.8547,4.5307,32231.9196,32231.9196,14335.7843,1242218.1968,1242218.1968,1
3052,600212.SH,绿能慧充,20260825,6.08,4.9853,5.3585,2.31,256.9732,1993.2046,7.4195,3.0753,2.8747,,,70415.0213,53118.0213,49418.0213,428123.3216,322957.5616,1
3053,600215.SH,派斯林,20260825,6.51,1.2467,1.7772,0.87,,,1.2127,3.3705,3.2902,0.2335,,45688.288,45688.288,32049.1173,297430.7679,297430.7679,1
3054,600216.SH,浙江医药,20260825,12.87,3.279,5.2601,0.46,14.1706,16.473,1.101,1.3936,1.4038,2.8461,2.1677,96163.775,95138.9475,59306.9541,1237627.8486,1224438.2865,1
3055,600217.SH,中再资环,20260825,3.2,0.7642,1.2942,1.13,,,1.8622,1.6914,1.852,,,165765.3673,165765.3673,97879.5761,530449.184,530449.184,1
3056,600218.SH,全柴动力,20260825,7.75,1.1498,1.7506,1.3,52.3709,51.3043,1.032,0.7676,0.767,0.7742,0.6452,43559.9919,43559.9919,28611.6243,337589.9225,337589.9225,1
3057,600219.SH,南山铝业,20260825,4.81,1.2414,2.305,0.49,11.6643,12.6761,1.108,1.5955,1.5378,8.1033,9.0369,1148370.1559,1148370.1559,618486.6479,5523660.4696,5523660.4696,1
3058,600221.SH,海航控股,20260825,1.31,0.417,0.7206,0.9,28.5981,25.8173,10.3052,0.8268,0.7984,,,4321563.2535,4284551.4933,2479344.848,5661247.8575,5612762.4519,1
3059,600222.SH,太龙药业,20260825,7.98,5.1618,6.7631,0.9,74.4001,73.0957,2.779,2.5394,2.501,,0.1734,55936.3183,55936.3183,42692.2015,446371.8336,446371.8336,1
3060,600223.SH,福瑞达,20260825,5.78,2.2356,4.6207,2.39,31.2954,34.7809,1.3778,1.6094,1.5987,1.0381,0.9862,101656.8775,101656.8775,49182.9575,587576.7664,587576.7664,1
3061,600226.SH,亨通股份,20260825,5.97,4.1793,6.7693,0.91,88.3786,107.2321,4.7609,9.5992,7.2726,,,297438.1224,297438.1224,183637.1575,1775705.5764,1775705.5764,4
3062,600227.SH,赤天化,20260825,3.81,17.4349,21.1056,0.8,,,2.8686,2.9733,2.9301,,,168872.7685,127759.9803,105540.0845,643405.2537,486765.5238,4
3063,600228.SH,返利科技,20260825,8.32,5.7883,8.2653,0.82,,,9.4232,6.2696,4.9259,,,41667.2427,41603.7177,29135.5053,346671.52,346142.9504,1
3064,600229.SH,城市传媒,20260825,5.18,0.6109,1.6051,1.35,,,1.2385,1.7252,1.758,1.3514,,66070.7784,66070.7784,25148.1503,342246.6404,342246.6404,1
3065,600230.SH,沧州大化,20260825,14.37,2.2402,4.1494,0.77,192.8019,54.9757,1.4476,1.3036,1.3305,0.1461,0.1601,41396.1015,41396.1015,22349.3591,594861.957,594861.957,4
3066,600231.SH,凌钢股份,20260825,1.75,0.9372,3.1101,2.55,,,1.5343,0.3209,0.3121,,,287206.3381,283638.3381,85472.9508,502611.095,496367.095,1
3067,600232.SH,金鹰股份,20260825,6.55,1.392,2.798,1.1,114.6517,65.2124,2.4844,1.7045,1.6334,1.5267,,36471.8544,36471.8544,18144.5093,238890.6175,238890.6175,1
3068,600233.SH,圆通速递,20260825,16.91,0.5784,1.1567,0.67,13.3955,10.2175,1.5587,0.7692,0.7396,2.1266,1.478,342401.6438,342401.6438,171215.9632,5790011.7967,5790011.7967,4
3069,600234.SH,科新发展,20260825,20.66,0.8044,1.6825,1.07,,,11.9969,14.1235,13.3577,,,26252.0973,26252.0973,12551.6888,542368.386,542368.386,4
3070,600235.SH,民丰特纸,20260825,5.82,1.5932,2.5008,1.4,125.5591,205.3009,1.3543,1.6975,1.6511,0.2921,0.2577,35130.0,35130.0,22380.0,204456.6,204456.6,1
3071,600236.SH,桂冠电力,20260825,9.89,0.0902,0.6879,0.6,23.7702,20.2441,4.309,7.5009,6.521,1.7189,2.9626,788237.7802,788237.7802,103396.5922,7795671.6442,7795671.6442,0
3072,600237.SH,铜峰电子,20260825,8.25,3.1682,4.1842,0.78,43.3826,45.7958,2.6275,3.7285,3.9461,,0.9697,63048.9755,62461.5795,47295.1963,520154.085,515308.035,1
3073,600238.SH,ST椰岛,20260825,4.86,1.2013,1.4767,0.84,,,31.2986,5.8681,4.7868,,,44820.0,44527.158,36223.5725,217825.2,216401.9976,4
3074,600239.SH,ST云城,20260825,1.43,1.1664,2.0133,1.27,,,2.0856,1.3087,1.5329,,,160568.6909,160568.6909,93027.1976,229613.2267,229613.2267,4
3075,600241.SH,时代万恒,20260825,7.48,1.4475,2.8181,1.1,,,2.153,5.7437,4.8707,,,29430.2115,29430.2115,15116.8642,220137.9708,220137.9708,1
3076,600243.SH,*ST海华,20260825,3.74,1.2219,1.3554,0.95,,,3.0143,5.0786,4.102,,,43885.0,43885.0,39561.6125,164129.9,164129.9,1
3077,600246.SH,万通发展,20260825,11.5,4.1028,5.0301,0.69,,,4.8915,48.2325,49.247,,,194298.7476,189041.2476,154192.8287,2234435.625,2173974.375,1
3078,600248.SH,陕建股份,20260825,2.92,0.5158,1.6135,1.05,48.2393,,0.3901,0.0848,0.0865,3.1036,0.6849,371392.9286,370573.9286,118466.4071,1084467.3556,1082075.8756,1
3079,600249.SH,两面针,20260825,5.35,1.147,1.7889,0.92,298.8478,,1.3753,2.7692,2.8257,0.5607,,55000.0,55000.0,35266.6244,294250.0,294250.0,1
3080,600250.SH,南京商旅,20260825,9.51,14.2143,29.9366,1.59,336.3999,299.1661,4.7626,3.9942,4.1211,,,31279.1404,31279.1404,14851.7691,297464.6214,297464.6214,1
3081,600251.SH,冠农股份,20260825,10.39,2.4726,4.459,0.87,23.1687,17.7587,1.9982,3.21,3.2451,1.7324,1.5399,77699.3583,77699.3583,43085.8715,807296.3504,807296.3504,1
3082,600252.SH,中恒集团,20260825,2.26,1.8125,2.4825,0.81,,,1.3674,4.1154,4.5492,,,318416.307,318416.307,232481.9483,719620.8606,719620.8606,1
3083,600255.SH,鑫科材料,20260825,3.3,2.8777,3.2145,1.1,192.9492,110.8441,3.9682,1.2547,1.1236,,,180614.6955,180614.6955,161693.6655,596028.51,596028.51,1
3084,600256.SH,广汇能源,20260825,6.17,1.8574,2.8868,0.86,29.3166,22.2788,1.5782,1.2956,1.3631,10.081,1.0211,639200.2964,639200.2964,411254.7151,3943865.851,3943865.851,1
3085,600257.SH,大湖股份,20260825,5.64,2.6089,3.6283,0.61,535.8366,110.7002,3.3255,2.9501,2.9233,,,48123.7188,48123.7188,34603.4266,271417.7808,271417.7808,1
3086,600258.SH,首旅酒店,20260825,12.27,1.1918,2.126,1.0,16.8908,16.358,1.1191,1.8011,1.7984,2.934,3.6675,111660.3126,111660.3126,62596.5451,1370072.0037,1370072.0037,1
3087,600259.SH,中稀有色,20260825,81.28,2.8795,4.6372,0.91,214.3806,108.8626,7.4669,4.6985,4.6756,,0.1845,33643.591,33643.591,20890.9293,2734550.9952,2734550.9952,4
3088,600261.SH,阳光照明,20260825,3.16,1.4434,2.7059,1.04,22.3739,29.834,1.2429,1.581,1.5943,4.4304,4.1139,133505.2966,133505.2966,71216.9134,421876.748,421876.748,1
3089,600262.SH,北方股份,20260825,15.86,9.6183,14.9178,4.13,17.5177,14.9384,2.02,1.2285,1.2075,1.4232,1.7159,23800.0,23800.0,15345.1902,377468.0,377468.0,1
3090,600265.SH,*ST景谷,20260825,22.94,1.1573,3.2423,1.49,,,9.0196,15.2933,23.3893,,,12980.0,12980.0,4633.1947,297761.2,297761.2,4
3091,600266.SH,城建发展,20260825,4.11,1.7132,3.144,0.7,,,0.4668,0.2817,0.2711,1.2165,1.2165,207574.3507,207574.3507,113108.0246,853130.5785,853130.5785,1
3092,600267.SH,海正药业,20260825,12.28,3.592,5.8325,0.69,26.8051,20.6413,1.6198,1.3739,1.406,1.6933,1.6784,118027.2096,118027.2096,72688.3093,1449374.1388,1449374.1388,1
3093,600268.SH,国电南自,20260825,10.55,0.7186,1.5549,0.56,22.3169,20.802,2.866,1.111,1.1509,1.3277,1.8963,101558.6712,101549.545,46930.9971,1071444.074,1071347.7525,1
3094,600269.SH,赣粤高速,20260825,3.82,0.8206,1.811,1.15,6.9722,12.3327,0.4638,1.4199,1.5218,4.4503,4.4503,233540.7014,233540.7014,105826.7147,892125.474,892125.474,1
3095,600271.SH,航天信息,20260825,6.82,0.7302,1.3784,1.17,,,0.9733,2.2754,2.3717,0.0587,,185288.4638,185288.4638,98160.8244,1263667.2972,1263667.2972,1
3096,600272.SH,开开实业,20260825,19.18,35.277,59.0471,1.27,389.3837,218.9623,6.3395,4.4486,4.4491,0.2047,0.0782,26265.1945,16000.0,9559.0217,503766.3442,306880.0,1
3097,600273.SH,嘉化能源,20260825,6.57,1.4278,2.4138,1.11,8.7221,13.7618,0.8644,0.8464,0.8439,6.1867,6.8216,131130.9122,131130.9122,77565.6707,861530.0787,861530.0787,1
3098,600276.SH,恒瑞医药,20260825,46.49,1.2073,1.9808,0.67,40.0157,39.9363,4.7864,9.7556,9.8508,0.4296,0.4297,663719.9874,637900.2274,388806.5783,30856342.3351,29655981.6927,4
3099,600278.SH,东方创业,20260825,6.26,0.5084,1.3675,1.36,26.6016,29.518,0.7121,0.163,0.165,1.6743,1.5876,86051.8657,86051.8657,31992.7768,538684.7062,538684.7062,1
3100,600279.SH,重庆港,20260825,4.42,0.9543,2.7616,1.6,107.5095,77.4014,0.7754,1.1717,1.2335,0.905,0.3846,118686.6283,118686.6283,41013.9003,524594.9046,524594.9046,1
3101,600280.SH,中央商场,20260825,3.08,3.6565,8.5042,1.94,,,13.0728,1.6259,1.7329,,,112833.4788,112833.4788,48514.7372,347527.1184,347527.1184,1
3102,600281.SH,华阳新材,20260825,5.05,6.2298,11.022,0.74,,,46.1727,5.7554,5.3782,,,51440.2025,51440.2025,29074.8686,259773.01,259773.01,2
3103,600282.SH,南钢股份,20260825,4.74,0.5187,1.3928,0.66,10.1912,10.7182,1.0498,0.5039,0.4856,4.2954,5.3966,616509.1011,616509.1011,229601.355,2922253.134,2922253.134,4
3104,600283.SH,钱江水利,20260825,7.87,0.3352,0.8249,1.02,20.4269,22.0643,1.3884,1.7279,1.7093,3.1766,3.1766,56082.4898,56082.4898,22788.482,441369.1963,441369.1963,1
3105,600284.SH,浦东建设,20260825,5.11,1.112,1.7651,0.91,14.0378,17.5939,0.6218,0.343,0.3677,3.5225,2.9354,97025.6,97025.6,61126.3687,495800.816,495800.816,1
3106,600285.SH,羚锐制药,20260825,19.67,1.0141,1.3023,0.47,14.6874,14.2977,3.4519,2.8949,2.8587,4.5755,5.5923,56711.5486,56649.0486,44113.3577,1115516.1885,1114286.8135,1
3107,600287.SH,苏豪时尚,20260825,4.92,0.9013,1.933,1.19,85.6198,94.0923,0.9407,0.869,0.8842,,,43679.6074,43679.6074,20365.9619,214903.6812,214903.6812,1
3108,600288.SH,大恒科技,20260825,11.15,4.465,4.9208,0.46,46.7598,26.2713,2.4269,2.7944,2.794,,0.2154,43680.0,43680.0,39634.0,487032.0,487032.0,1
3109,600289.SH,ST信通,20260825,4.51,0.6252,0.8368,2.06,,,3.1651,9.1591,3.9108,,,63105.2069,56592.2684,42280.862,284604.4971,255231.1377,1
3110,600292.SH,电投水电,20260825,12.12,1.3686,1.3686,0.66,108.494,74.1639,3.3092,4.7516,4.9827,,0.4627,476418.5064,43928.3583,43928.3583,5774192.2976,532411.7026,4
3111,600293.SH,三峡新材,20260825,2.86,2.4711,3.4508,1.25,,,2.0109,2.7915,3.4744,,,116014.5046,116014.5046,83077.3945,331801.47,331801.47,1
3112,600295.SH,鄂尔多斯,20260825,12.95,0.3086,1.3375,0.54,15.3397,14.1622,1.6124,1.408,1.3942,4.6332,5.4054,279877.6254,197557.6254,45577.9458,3624415.3085,2558371.3085,4
3113,600298.SH,安琪酵母,20260825,41.37,0.8566,1.3947,0.68,23.2461,22.0797,2.8839,2.1461,1.9927,1.33,1.3295,86781.5671,85715.0471,52644.2726,3590153.5509,3546031.6185,1
3114,600299.SH,安迪苏,20260825,8.38,0.8946,3.5339,0.7,22.3541,25.9316,1.3145,1.4978,1.4888,1.8705,1.8019,307977.9257,307977.9257,77960.0096,2580855.0534,2580855.0534,1
3115,600300.SH,维维股份,20260825,3.16,2.2301,3.228,1.21,15.2751,14.8005,1.4251,1.526,1.4627,4.0506,3.2911,161714.218,161714.218,111721.418,511016.9352,511016.9352,4
3116,600301.SH,华锡有色,20260825,45.96,2.9821,4.1037,0.72,36.3059,30.5137,5.7093,5.01,4.8018,,0.8486,63256.7479,27533.5681,20008.7623,2907280.23,1265442.8772,4
3117,600302.SH,ST标准,20260825,6.47,0.7647,1.3363,0.7,,,4.6195,6.6383,6.8875,,,34600.9804,34600.9804,19801.8356,223868.3406,223868.3406,1
3118,600303.SH,曙光股份,20260825,2.96,3.3603,3.9958,1.22,,,2.1476,1.2983,1.4301,,,68360.4211,67751.2211,56975.241,202346.8432,200543.6112,1
3119,600305.SH,恒顺醋业,20260825,6.8,0.9058,1.5542,1.09,52.2963,48.8317,2.2498,3.2852,3.1489,1.473,1.7647,110466.9668,110295.9908,64285.2506,751175.396,750012.732,1
3120,600307.SH,酒钢宏兴,20260825,1.45,0.408,0.9901,1.05,,,1.7078,0.297,0.2951,,,626335.7424,626335.7424,258083.7496,908186.823,908186.823,1
3121,600308.SH,华泰股份,20260825,3.25,0.9532,1.583,1.89,,,0.5442,0.3958,0.4022,0.2415,,151687.0176,151687.0176,91341.8433,492982.815,492982.815,1
3122,600309.SH,万华化学,20260825,72.87,1.2971,2.2305,1.42,18.2098,13.8526,2.0081,1.1224,0.9848,1.0048,1.7154,313047.1626,313047.1626,182051.9021,22811746.5492,22811746.5492,4
3123,600310.SH,广西能源,20260825,4.17,2.208,4.5052,0.98,,,2.2498,1.6461,1.624,0.7194,0.7194,146571.0722,146571.0722,71835.2412,611201.3619,611201.3619,1
3124,600312.SH,平高电气,20260825,20.06,1.0367,1.7698,0.63,24.3071,21.4011,2.2939,2.1746,2.2319,1.6899,1.65,135692.1309,135692.1309,79485.2086,2721984.1278,2721984.1278,4
3125,600313.SH,农发种业,20260825,7.01,14.3663,23.8576,0.99,97.4013,111.3749,3.3383,1.2236,1.0697,,0.1283,116137.3969,108219.8663,65166.6375,814123.174,758621.2887,1
3126,600315.SH,上海家化,20260825,18.34,1.4548,3.0383,0.8,46.0744,32.2066,1.7445,1.9516,1.8595,0.2121,1.3001,67222.598,67222.598,32188.2402,1232862.484,1232862.484,1
3127,600316.SH,洪都航空,20260825,28.9,1.0504,2.0259,0.85,521.2448,383.2257,3.8435,2.7822,2.649,0.0588,0.0588,71711.4512,71711.4512,37180.2292,2072460.905,2072460.905,4
3128,600318.SH,新力金融,20260825,6.59,2.4444,3.1994,1.43,94.7056,79.3292,3.0457,9.5869,9.0337,0.3035,0.3035,51272.7632,51272.7632,39172.7725,337887.4884,337887.4884,1
3129,600319.SH,亚星化学,20260825,6.33,2.2512,3.9087,1.52,,,7.269,2.8532,2.9598,,,38770.9384,38770.9384,22330.0038,245420.0502,245420.0502,1
3130,600320.SH,振华重工,20260825,4.12,1.192,2.2026,1.43,29.5925,25.3939,1.354,0.5973,0.596,1.3397,1.8212,525656.1739,331020.5899,179144.048,2165703.4204,1363804.8308,1
3131,600322.SH,津投城开,20260825,2.67,1.7351,2.2798,1.2,,,38.8125,3.0565,3.4924,,,110570.0,110570.0,84151.356,295221.9,295221.9,1
3132,600323.SH,瀚蓝环境,20260825,29.73,0.4649,0.858,0.74,12.2856,11.3699,1.5942,1.7393,1.6168,3.5318,3.5318,81534.7146,81534.7146,44176.6026,2424026.9283,2424026.9283,1
3133,600325.SH,华发股份,20260825,2.35,3.5721,5.0772,1.33,,,0.7541,0.0775,0.0938,5.2566,0.8431,275215.2116,275215.2116,193630.6853,646755.7435,646755.7435,1
3134,600326.SH,西藏天路,20260825,7.14,1.3301,1.7287,0.51,,,2.5282,2.7395,2.9038,,,136246.4423,136246.4423,104830.8211,972799.5816,972799.5816,1
3135,600327.SH,大东方,20260825,4.08,2.7527,4.9784,0.7,,,1.2782,1.111,1.1884,0.7261,,88477.9518,88477.9518,48922.7146,360990.036,360990.036,1
3136,600328.SH,中盐化工,20260825,6.45,1.0955,2.0166,1.25,127.8942,,0.7983,0.8338,0.8597,1.9084,0.3914,146630.9533,146630.9533,79652.9346,945769.6275,945769.6275,1
3137,600329.SH,达仁堂,20260825,36.08,0.3248,0.7635,0.67,13.0384,32.7597,4.677,5.6504,5.8849,3.5477,13.2761,77009.4356,56708.9356,24123.3828,2778500.5952,2046058.5552,1
3138,600330.SH,天通股份,20260825,27.41,14.5494,17.9394,1.21,,,4.3589,10.563,10.2719,0.0792,,123343.4416,123343.4416,100035.6343,3380843.6904,3380843.6904,1
3139,600331.SH,宏达股份,20260825,12.37,2.4633,3.5864,1.19,,,10.4908,8.6152,8.8171,,,264160.0,203200.0,139568.5195,3267659.2,2513584.0,4
3140,600332.SH,白云山,20260825,20.22,0.5856,1.2223,0.7,11.0199,12.8267,0.8401,0.4233,0.4219,3.9565,4.2038,162579.0949,140589.0949,67358.5846,3287349.1998,2842711.3998,1
3141,600333.SH,长春燃气,20260825,6.28,1.1346,2.7506,0.63,,330.2259,1.9747,1.5536,1.5395,,,60903.0684,60903.0684,25121.9808,382471.2796,382471.2796,1
3142,600335.SH,国机汽车,20260825,5.2,2.2779,7.3683,1.24,18.3535,16.5885,0.6642,0.2173,0.2266,2.1272,2.1571,148745.6892,148745.6892,45984.861,773477.588,773477.588,1
3143,600336.SH,澳柯玛,20260825,6.24,0.9603,1.5652,1.35,,,2.414,0.7313,0.7953,0.1603,0.1603,79801.4769,79801.4769,48959.7544,497961.2352,497961.2352,1
3144,600337.SH,ST美克,20260825,3.29,1.2933,2.4078,0.88,,,12.0492,1.81,2.0062,0.3643,,143699.8137,143699.8137,77187.1513,472772.3749,472772.3749,1
3145,600338.SH,西藏珠峰,20260825,13.63,4.5064,4.8768,0.95,24.3357,22.0044,2.6233,5.1279,4.2482,0.4035,0.1467,91421.0168,91421.0168,84478.0672,1246068.5026,1246068.5026,4
3146,600339.SH,中油工程,20260825,3.41,0.7408,2.6645,0.59,53.4433,51.0945,0.7076,0.1911,0.1916,1.4076,0.7625,558314.7471,558314.7471,155218.0662,1903853.2975,1903853.2975,1
3147,600340.SH,*ST华幸,20260825,1.09,0.5975,0.9822,0.74,,,,0.4933,0.5126,,,389335.5062,389335.5062,236867.4719,424375.7059,424375.7059,0
3148,600343.SH,航天动力,20260825,18.18,2.2104,3.932,0.48,,,9.1098,14.0869,14.775,,,63820.6348,63820.6348,35876.5744,1160259.0534,1160259.0534,1
3149,600345.SH,长江通信,20260825,48.0,5.7704,8.8572,1.54,72.1872,23.5898,3.7741,15.4882,15.459,0.1146,0.2292,32961.2132,21155.9297,13783.0182,1582138.08,1015484.64,1
3150,600346.SH,恒力石化,20260825,18.3,0.4527,1.8438,0.68,18.2082,11.4704,1.7905,0.6409,0.6595,2.8962,2.0219,703909.9786,703909.9786,172842.4706,12881552.634,12881552.634,4
3151,600348.SH,华阳股份,20260825,8.97,0.8438,1.8971,1.09,19.001,20.3555,1.1614,1.509,1.5745,3.4448,2.6421,360750.0,360750.0,160447.8633,3235927.5,3235927.5,4
3152,600350.SH,山东高速,20260825,10.9,0.3427,2.5914,1.47,16.4391,16.2961,1.7176,2.2025,2.1878,3.8532,3.8532,483457.0825,483457.0825,63933.0459,5269682.172,5269682.172,1
3153,600351.SH,亚宝药业,20260825,7.0,3.5383,4.0965,0.88,15.1369,14.987,1.7171,2.1624,2.1571,4.3353,5.0,69200.0046,69200.0046,59770.0046,484400.0,484400.0,1
3154,600352.SH,浙江龙盛,20260825,12.66,1.2193,1.6271,0.95,22.5187,20.9047,1.2427,3.0937,3.0073,3.5545,5.1343,325333.186,325333.186,243794.564,4118718.1854,4118718.1854,4
3155,600353.SH,旭光电子,20260825,35.31,10.0086,17.2409,0.84,181.1307,177.5802,15.134,17.9,17.5768,0.1702,0.1982,82881.1159,82881.1159,48113.8997,2926532.3472,2926532.3472,4
3156,600354.SH,敦煌种业,20260825,7.09,22.1519,30.7565,1.02,79.1973,122.2097,4.9997,3.2239,3.1419,,,52780.208,52780.208,38014.2279,374211.6889,374211.6889,1
3157,600356.SH,恒丰纸业,20260825,9.02,1.9588,2.7957,1.71,15.0332,13.1178,0.9643,1.0531,1.0478,1.206,2.1064,32953.6504,29873.1378,20930.8295,297241.923,269455.7228,1
3158,600358.SH,国旅联合,20260825,5.08,0.7059,0.8776,0.93,,,122.0232,13.8326,12.3528,,,116315.5409,50493.666,40613.366,590882.9432,256507.8436,1
3159,600359.SH,新农开发,20260825,6.81,5.987,10.0314,0.89,,,3.8523,5.3706,5.4919,,,38151.282,38151.282,22769.7245,259810.2168,259810.2168,1
3160,600360.SH,华微电子,20260825,10.36,4.0863,5.2604,0.59,57.555,56.5774,2.8309,4.4113,4.3664,0.7143,0.5309,96029.5304,96029.5304,74596.8648,994865.9308,994865.9308,4
3161,600361.SH,创新新材,20260825,3.72,0.9905,1.9859,1.04,17.6768,16.4342,1.2177,0.1802,0.1777,2.1857,2.3656,373266.2913,373266.2913,186162.08,1388550.5988,1388550.5988,1
3162,600362.SH,江西铜业,20260825,44.15,2.6136,6.2359,0.99,21.4411,19.1211,1.8176,0.2807,0.2669,2.479,2.2536,346272.9405,207524.7405,86976.8295,15287950.301,9162217.271,4
3163,600363.SH,联创光电,20260825,17.74,9.3063,11.5243,1.04,16.6581,17.9052,1.7635,2.3932,2.5369,0.3061,,45088.845,45088.845,36410.6924,799876.199,799876.199,1
3164,600365.SH,ST通葡,20260825,2.84,0.9243,1.1566,1.81,,,6.3331,1.8885,2.1685,,,45393.0,42728.0,34147.8092,128916.12,121347.52,0
3165,600366.SH,宁波韵升,20260825,11.54,2.5337,3.8345,0.74,38.3372,25.5145,1.9756,2.321,1.9659,0.4243,0.8571,109904.1051,109904.1051,72621.1715,1268293.4294,1268293.4294,4
3166,600367.SH,红星发展,20260825,38.27,27.2756,40.4876,1.3,140.6347,132.3821,5.1344,6.1144,6.1767,0.1307,0.1045,34113.0902,32197.3182,21690.5846,1305507.9543,1232191.4364,1
3167,600368.SH,五洲交通,20260825,4.14,2.7506,5.7634,2.12,11.9747,12.0263,0.9121,4.9531,5.1774,3.1643,3.3575,160965.3858,160965.3858,76820.129,666396.7146,666396.7146,1
3168,600369.SH,西南证券,20260825,4.03,0.3383,0.6433,0.82,25.2075,21.5318,1.0214,8.3491,7.0964,2.1092,2.3821,664510.9124,664510.9124,349465.4207,2677978.9673,2677978.9673,1
3169,600370.SH,*ST三房,20260825,1.52,0.5416,2.5473,1.29,,,1.2436,0.3076,0.2933,,,402266.2789,402266.2789,85520.7206,611444.7439,611444.7439,1
3170,600371.SH,万向德农,20260825,8.67,16.2723,33.0402,1.3,457.6393,,4.8778,12.8246,14.0884,1.7301,1.1534,29257.8,29257.8,14409.4665,253665.126,253665.126,2
3171,600372.SH,中航机载,20260825,10.88,0.2988,0.6679,0.71,49.3264,45.92,1.3882,2.1744,2.1819,0.845,0.6224,483889.663,483889.663,216483.9724,5264719.5008,5264719.5008,1
3172,600373.SH,中文传媒,20260825,7.12,0.7516,1.711,1.11,34.2956,45.0239,0.5362,1.2369,1.2849,5.8167,2.809,134735.8719,134735.8719,59181.7687,959319.3944,959319.3944,1
3173,600375.SH,汉马科技,20260825,3.82,1.5526,1.7843,1.29,128.7064,115.4069,1.801,0.9345,0.8125,,,160307.1367,146268.576,127277.7708,612373.2748,558745.9756,1
3174,600376.SH,首开股份,20260825,3.35,2.3346,4.9311,0.44,,,6.9124,0.2871,0.3648,,,257956.5242,257956.5242,122126.6904,864154.342,864154.342,1
3175,600377.SH,宁沪高速,20260825,12.25,0.298,2.408,1.28,13.4336,12.995,1.424,3.0416,3.0802,4.0,4.0,503774.75,380218.3001,47054.5099,6171240.6875,4657674.175,1
3176,600378.SH,昊华科技,20260825,43.34,3.4761,8.0664,0.73,38.7053,35.6618,3.0089,3.35,3.1475,0.6599,0.9045,128999.962,107256.5363,46220.595,5590858.6998,4648498.4436,4
3177,600379.SH,宝光股份,20260825,14.78,6.7241,12.0482,0.94,95.136,92.4655,6.0406,3.8701,3.6914,0.6852,0.4209,33020.1564,33020.1564,18428.448,488037.9648,488037.9648,1
3178,600380.SH,健康元,20260825,9.24,1.2457,2.4405,0.9,12.6571,14.1072,1.1106,1.111,1.2161,2.1645,2.381,182945.3386,182945.3386,93379.9733,1690414.9416,1690414.9416,4
3179,600381.SH,*ST春天,20260825,4.83,0.931,1.5995,0.72,,,2.8965,8.2566,9.3376,,,58706.0741,58706.0741,34168.2758,283550.3181,283550.3181,1
3180,600382.SH,广东明珠,20260825,6.46,1.5896,2.295,0.92,24.3611,23.7381,1.4298,4.6238,4.497,1.4452,5.9688,69440.8089,69440.8089,48099.236,448587.6326,448587.6326,1
3181,600383.SH,金地集团,20260825,2.23,1.5591,2.4997,0.8,,,0.225,0.2813,0.2669,,,451458.3572,451458.3572,281581.6135,1006752.1428,1006752.1428,1
3182,600386.SH,北巴传媒,20260825,3.46,0.9892,2.1982,1.27,,,1.661,0.7138,0.7727,0.289,0.289,80640.0,80640.0,36288.0,279014.4,279014.4,1
3183,600388.SH,紫金龙净,20260825,17.42,0.5822,0.8803,0.6,19.8907,18.0792,2.0274,1.8635,1.7596,1.6073,2.1777,127004.6293,127004.6293,83999.0912,2212420.6546,2212420.6546,1
3184,600389.SH,江山股份,20260825,18.4,2.7527,3.8751,1.15,14.8779,14.5815,1.8427,1.3624,1.2745,2.9891,2.9891,43065.0,43065.0,30592.1859,792396.0,792396.0,1
3185,600390.SH,五矿资本,20260825,4.99,0.984,1.9847,1.61,51.5205,42.5215,0.5288,12.6438,12.191,0.1202,0.4008,449806.5459,449806.5459,223024.9462,2244534.6845,2244534.6845,1
3186,600391.SH,航发科技,20260825,31.2,1.7172,2.6839,0.65,169.1943,224.1051,5.8047,2.3825,2.4021,,,33012.9367,33012.9367,21122.2062,1030003.728,1030003.728,1
3187,600392.SH,盛和资源,20260825,22.32,2.8461,3.8077,0.88,46.6298,39.2008,3.0401,2.6098,2.5435,0.672,1.5681,175282.657,175282.657,131016.376,3912308.9712,3912308.9712,4
3188,600395.SH,盘江股份,20260825,5.48,2.0167,3.9956,1.03,35.7012,29.5565,1.109,1.2051,1.2442,0.7299,1.0949,214662.4894,214662.4894,108347.1132,1176350.4452,1176350.4452,4
3189,600396.SH,华电辽能,20260825,14.14,8.121,17.6908,0.72,732.0921,513.5376,13.5673,4.7851,4.6779,,,147270.6817,147270.6817,67605.3306,2082407.4152,2082407.4152,4
3190,600397.SH,江钨装备,20260825,17.56,8.1964,13.5128,0.76,,,90.0432,6.7505,9.9459,,,98995.9882,98995.9882,60047.3792,1738369.5844,1738369.5844,4
3191,600398.SH,海澜之家,20260825,6.04,0.5201,1.2949,0.95,13.3928,13.3062,1.5062,1.3414,1.3126,2.9801,6.7881,480277.0296,480277.0296,192919.4365,2900873.2612,2900873.2612,1
3192,600399.SH,抚顺特钢,20260825,4.33,2.2659,3.2841,1.17,,,1.6233,1.0971,1.047,0.4136,,197210.0,197210.0,136069.5484,853919.3,853919.3,1
3193,600400.SH,红豆股份,20260825,2.96,1.6827,3.7795,0.63,,,4.8897,3.0426,3.1359,,,229137.1852,229137.1852,102016.3434,678246.0824,678246.0824,4
3194,600403.SH,大有能源,20260825,7.11,7.3427,47.3628,1.26,,,5.5098,4.1336,3.9054,,,239081.2402,239081.2402,37065.1791,1699867.6164,1699867.6164,4
3195,600405.SH,动力源,20260825,4.57,1.3874,1.5246,0.89,,,72.6052,6.5002,6.2402,,,61282.9588,61282.9588,55767.4925,280063.1272,280063.1272,1
3196,600406.SH,国电南瑞,20260825,23.15,0.276,0.643,0.64,22.4587,22.3478,3.4759,2.8075,2.7794,2.5035,2.6719,803175.6156,800817.6162,343761.7724,18593515.603,18538927.903,4
3197,600408.SH,安泰集团,20260825,2.95,8.3714,12.2328,0.8,,,2.6218,0.596,0.5742,,,100680.0,100680.0,68899.2884,297006.0,297006.0,1
3198,600409.SH,三友化工,20260825,6.95,1.8842,3.4582,1.37,160.2534,842.745,1.0415,0.7619,0.7724,1.0504,0.4317,206434.9448,206434.9448,112473.3154,1434722.833,1434722.833,1
3199,600410.SH,华胜天成,20260825,13.36,3.5136,3.5136,0.86,528.9608,,3.3997,3.1443,3.0568,0.0494,0.0567,109649.4683,109649.4683,109649.4683,1464916.9192,1464916.9192,1
3200,600415.SH,小商品城,20260825,12.17,1.0052,2.4819,0.64,15.8759,15.1993,2.7959,3.3489,3.1244,2.7116,4.1085,548355.9226,548355.9226,222086.1312,6673491.5464,6673491.5464,4
3201,600416.SH,湘电股份,20260825,8.53,0.9601,1.4923,1.0,56.0068,56.4163,1.2931,2.5754,2.568,,,147578.2384,147578.2384,94946.1686,1258842.3872,1258842.3872,1
3202,600418.SH,江淮汽车,20260825,21.22,4.2974,5.9155,1.41,,,3.8536,1.0292,0.9713,,,225417.8195,225417.8195,163756.3193,4783366.1404,4783366.1404,1
3203,600419.SH,天润乳业,20260825,8.7,1.4152,2.1174,0.73,66.1716,23.3439,1.1089,0.9975,0.978,0.2413,0.2299,31551.5296,31551.5296,21087.8015,274498.3075,274498.3075,1
3204,600420.SH,国药现代,20260825,8.58,0.6106,1.3919,0.66,12.2209,16.0137,0.8268,1.229,1.3046,3.4965,3.4965,134117.2692,134117.2692,58835.2257,1150726.1766,1150726.1766,1
3205,600422.SH,昆药集团,20260825,8.56,1.1242,1.7845,0.77,18.5166,,1.3322,0.9855,1.3314,3.5047,2.1028,75697.5757,75697.5757,47687.1675,647971.2848,647971.2848,1
3206,600423.SH,*ST柳化,20260825,2.89,0.4539,0.6311,1.04,,,4.2671,16.7982,15.7975,,,79869.5026,79869.5026,57441.6425,230822.855,230822.855,1
3207,600425.SH,青松建化,20260825,3.66,1.1241,1.8455,1.24,21.2502,20.1922,0.9139,1.5125,1.5927,2.7322,2.7322,160470.3707,160470.3707,97742.244,587321.5542,587321.5542,1
3208,600426.SH,华鲁恒升,20260825,19.96,1.528,2.2536,1.05,16.5553,13.3888,1.5713,1.7724,1.6958,2.1237,1.928,274994.3015,274957.9013,186419.9227,5488886.228,5488159.684,4
3209,600428.SH,中远海特,20260825,11.26,1.7493,3.722,0.96,17.3579,16.787,1.8066,1.3311,1.2579,2.4778,2.8863,274392.0395,244528.5583,114922.3575,3089654.3704,2753391.5856,4
3210,600429.SH,三元股份,20260825,4.67,1.1767,3.9515,1.38,,,1.4308,1.103,1.0797,0.259,,149755.7426,149755.7426,44597.2929,699359.3058,699359.3058,1
3211,600433.SH,冠豪高新,20260825,3.38,2.1703,3.6252,1.4,,,1.3309,0.8272,0.8008,1.7751,,175027.9233,175027.9233,104786.3945,591594.3696,591594.3696,1
3212,600435.SH,北方导航,20260825,10.55,0.9986,1.62,0.63,132.2879,131.1629,5.4932,3.8063,3.7352,0.1892,0.237,151235.7749,151235.7749,93221.8179,1595537.3735,1595537.3735,1
3213,600436.SH,片仔癀,20260825,126.14,0.5603,1.1553,0.76,35.2549,40.0048,5.0026,8.4545,8.8479,2.5527,2.3545,60331.721,60331.721,29262.3256,7610243.1608,7610243.1608,1
3214,600438.SH,通威股份,20260825,12.01,0.6528,1.1921,0.67,,,1.5465,0.6427,0.6732,,,450199.094,450199.094,246545.6453,5406891.0709,5406891.0709,4
3215,600439.SH,ST瑞贝卡,20260825,1.88,1.3243,1.9976,1.13,,,0.8452,1.6454,1.6322,,,113198.544,113198.544,75044.7223,212813.2552,212813.2552,1
3216,600444.SH,国机通用,20260825,14.39,2.12,3.8315,0.54,36.1214,35.6834,2.7593,2.3442,2.1823,0.7644,1.1119,14642.1932,14642.1932,8101.736,210701.1141,210701.1141,1
3217,600446.SH,金证股份,20260825,10.73,1.3946,1.8471,0.97,,,2.8155,4.1754,4.3139,,,94126.7479,94126.7479,71066.2738,1009980.0275,1009980.0275,1
3218,600448.SH,华纺股份,20260825,2.98,2.4196,2.9738,1.43,,,2.0948,0.6384,0.6271,,,62981.9662,62981.9662,51245.5192,187686.2706,187686.2706,1
3219,600449.SH,宁夏建材,20260825,12.54,4.4008,8.6348,1.17,32.927,32.2397,0.8137,1.1591,1.2606,1.6746,1.2759,47818.1042,47818.1042,24370.5938,599638.974,599638.974,4
3220,600452.SH,涪陵电力,20260825,9.1,0.9564,1.639,0.58,35.5542,32.2804,2.4447,4.6667,4.8542,0.989,1.1319,153654.1654,153654.1654,89659.9591,1398252.947,1398252.947,1
3221,600455.SH,博通股份,20260825,24.42,1.8286,2.3031,0.93,34.3448,31.4937,4.2506,5.0872,4.9795,,,6245.8,6245.8,4958.9938,152522.436,152522.436,1
3222,600456.SH,宝钛股份,20260825,27.4,0.8668,1.7131,0.66,32.6541,34.5721,1.8077,2.1376,2.1215,1.4234,1.0949,47777.7539,47777.7539,24175.8588,1309110.35,1309110.35,1
3223,600458.SH,时代新材,20260825,11.55,2.1751,3.9688,0.92,21.4108,19.7681,1.3548,0.5122,0.4848,2.2121,1.9956,95211.276,86916.9015,47634.7598,1099690.1685,1003890.195,4
3224,600459.SH,贵研铂业,20260825,21.07,3.0728,5.0107,0.56,27.081,26.072,1.9207,0.3116,0.3557,1.0525,1.1826,82327.8119,75970.6258,46587.9939,1734647.1674,1600701.1741,4
3225,600460.SH,士兰微,20260825,34.32,10.4981,15.7162,1.07,143.2965,87.9066,4.6244,4.3758,4.0859,0.1166,0.2331,166407.1845,166407.1845,111156.1796,5711094.4176,5711094.4176,4
3226,600461.SH,洪城环境,20260825,8.93,0.6406,1.1683,1.08,9.6106,9.7378,1.1211,1.5318,1.58,5.196,5.2296,128415.6812,128415.6812,70411.9433,1146752.0224,1146752.0224,1
3227,600463.SH,空港股份,20260825,8.31,1.5131,3.6425,1.64,,,2.8086,4.53,3.789,,,30000.0,30000.0,12461.9181,249300.0,249300.0,1
3228,600467.SH,好当家,20260825,2.37,1.8989,3.0121,0.77,115.9118,98.2943,1.0065,3.2936,3.0276,0.3764,0.2591,146099.4304,146099.4304,92104.3314,346255.6491,346255.6491,1
3229,600468.SH,百利电气,20260825,5.97,1.5554,3.3296,1.06,72.9175,78.6058,3.185,2.9296,2.8378,,0.4188,108773.5321,108773.5321,50812.8451,649377.9741,649377.9741,1
3230,600469.SH,风神股份,20260825,5.25,0.9017,1.8353,1.34,19.8325,18.0909,1.0002,0.6303,0.617,0.6244,1.9048,89003.4812,84623.9192,41575.6536,467268.27,444275.58,1
3231,600470.SH,六国化工,20260825,5.93,6.7765,9.0952,0.96,,,2.0298,0.4801,0.4879,,,52160.0,52160.0,38862.8256,309308.8,309308.8,2
3232,600475.SH,华光环能,20260825,15.25,1.5972,5.0562,1.3,37.6194,38.9122,1.6834,1.5952,1.6175,2.92,2.2711,95596.5729,94288.5729,29785.6509,1457847.6925,1437900.6925,1
3233,600476.SH,*ST湘邮,20260825,9.58,0.4304,0.7095,0.66,,,,2.9243,3.2334,,,16107.0,16107.0,9771.228,154305.06,154305.06,1
3234,600477.SH,杭萧钢构,20260825,2.46,1.6605,2.7214,1.4,49.9041,82.5232,1.1602,0.8167,1.0911,2.4797,1.7073,235896.8436,235896.8436,143934.9772,580306.2264,580306.2264,1
3235,600478.SH,科力远,20260825,4.93,1.4011,1.9538,1.16,59.4904,57.332,2.8389,1.4535,1.3042,,,169391.8916,169391.8916,121471.8779,835102.0177,835102.0177,1
3236,600479.SH,千金药业,20260825,10.02,1.7227,2.4103,1.16,17.2269,16.0055,1.5893,1.3591,1.3722,3.0548,3.7924,49221.0016,41850.7117,29912.5981,493194.42,419344.1142,1
3237,600480.SH,凌云股份,20260825,8.42,1.0177,1.9401,1.04,12.3236,14.5696,1.2761,0.5188,0.5082,3.9288,4.7507,122222.7331,121318.5142,63641.9122,1029115.3866,1021501.8542,1
3238,600481.SH,双良节能,20260825,4.27,1.9765,3.39,1.02,,,2.0304,1.1651,1.295,,,206420.1289,206420.1289,120354.5437,881413.9551,881413.9551,1
3239,600482.SH,中国动力,20260825,31.85,0.429,0.8245,0.63,55.5342,48.3784,1.7662,1.2499,1.2381,0.8346,0.8913,226824.6368,226824.6368,118018.1835,7224364.784,7224364.784,1
3240,600483.SH,福能股份,20260825,10.66,0.5349,1.5483,0.98,10.0218,10.0506,1.0749,2.1553,2.1261,3.5929,3.9962,278014.6609,278014.6609,96041.1865,2963636.2756,2963636.2756,4
3241,600486.SH,扬农化工,20260825,54.02,1.3406,2.2928,1.15,16.9758,17.1901,1.8252,1.839,1.7831,1.7085,1.7674,40411.1938,40411.1938,23628.6065,2183012.4838,2183012.4838,4
3242,600487.SH,亨通光电,20260825,64.6,10.6023,14.7425,1.3,59.4451,49.3454,4.9162,2.3832,2.2322,0.3528,0.4218,246639.2257,245364.6257,176458.6326,15932894.258,15850555.098,1
3243,600488.SH,津药药业,20260825,5.45,6.4693,14.8604,0.89,84.3312,225.3606,1.9516,2.0463,2.1795,1.7982,0.9541,109188.668,109188.668,47533.7429,595078.2515,595078.2515,1
3244,600489.SH,中金黄金,20260825,26.24,2.2608,4.174,0.96,25.7812,20.2678,3.8782,1.6085,1.4653,1.4787,1.7454,484731.2564,484731.2564,262549.579,12719348.2624,12719348.2624,4
3245,600490.SH,鹏欣资源,20260825,7.34,3.237,3.9117,0.99,72.0356,71.2365,2.552,4.7623,4.2146,,0.4223,221288.7079,199262.1386,164893.3095,1624259.1314,1462584.1076,4
3246,600491.SH,ST龙元,20260825,1.8,6.0155,8.8605,0.68,,,0.3962,0.6214,0.6403,,,152975.7955,152975.7955,103857.2015,275356.44,275356.44,1
3247,600493.SH,凤竹纺织,20260825,6.19,2.1733,3.2446,1.16,107.1706,274.5694,1.51,1.8283,1.814,0.9483,0.2908,27200.0,27200.0,18218.6406,168368.0,168368.0,1
3248,600495.SH,晋西车轴,20260825,4.12,0.8354,1.2272,0.96,173.1362,143.7634,1.5178,3.8353,3.6783,0.3398,0.4369,120819.0886,120819.0886,82243.6048,497774.6508,497774.6508,1
3249,600496.SH,精工钢构,20260825,3.42,1.37,1.9487,0.79,11.2507,10.7659,0.728,0.3266,0.3262,2.3392,6.4327,199012.5599,199012.5599,139905.6873,680622.9552,680622.9552,1
3250,600497.SH,驰宏锌锗,20260825,9.93,2.4461,4.1149,0.92,48.3433,41.6121,2.9115,2.0803,1.9801,1.615,1.007,504038.0483,504038.0483,299625.7602,5005097.8365,5005097.8365,4
3251,600498.SH,烽火通信,20260825,40.66,8.8632,14.4955,1.29,126.7066,131.7879,3.1426,2.2161,2.1758,0.3839,0.2386,135816.7482,127162.1456,77752.3715,5522309.055,5170413.019,1
3252,600499.SH,科达制造,20260825,14.26,1.8377,3.2018,1.31,20.8949,14.7973,2.0634,1.5727,1.3958,1.3586,2.1038,191785.6391,191785.6391,110077.5451,2734863.2264,2734863.2264,1
3253,600500.SH,中化国际,20260825,5.28,3.1661,6.9285,0.64,,,1.8617,0.4002,0.4073,,,358830.6303,358830.6303,163975.4825,1894625.7264,1894625.7264,4
3254,600501.SH,航天晨光,20260825,14.18,1.2537,2.3277,0.8,,,3.9943,2.821,2.5123,,,42782.42,42782.42,23043.0428,606654.7156,606654.7156,1
3255,600502.SH,安徽建工,20260825,4.56,1.7133,2.6013,1.37,5.1301,5.057,0.6416,0.0941,0.0925,5.9211,5.9211,171653.3938,171653.3938,113056.5144,782739.4584,782739.4584,1
3256,600503.SH,华丽家族,20260825,2.21,2.168,2.334,1.36,,,1.0261,9.3194,9.0134,,,160229.0,160229.0,148827.0,354106.09,354106.09,1
3257,600505.SH,西昌电力,20260825,10.64,1.5753,3.5677,1.04,325.6149,254.504,3.156,2.5663,2.6339,0.188,0.235,36456.75,36456.75,16096.8977,387899.82,387899.82,1
3258,600506.SH,统一股份,20260825,15.28,5.5177,9.3614,1.97,291.6689,78.0136,7.5351,1.582,1.317,,0.1762,24962.4614,24962.4614,14713.2515,381426.3888,381426.3888,4
3259,600507.SH,方大特钢,20260825,4.33,1.9476,3.2548,2.36,10.6298,12.5224,0.9758,0.5493,0.56,0.7456,4.519,231318.789,231318.789,138416.3291,1001610.3607,1001610.3607,1
3260,600508.SH,上海能源,20260825,10.87,3.863,10.3782,2.44,49.8948,36.8432,0.8567,1.4327,1.2747,1.9056,1.9713,101180.52,101180.52,37661.4934,1099832.2524,1099832.2524,2
3261,600509.SH,天富能源,20260825,7.4,0.9659,1.5038,0.63,44.2034,44.6816,1.28,1.213,1.2011,0.7432,1.1351,137439.7407,137439.7407,88282.4767,1017054.076,1017054.076,0
3262,600510.SH,黑牡丹,20260825,7.2,1.3779,3.444,1.61,111.2361,,0.7168,1.6411,1.7429,0.5694,0.3194,103202.5457,103202.5457,41290.4959,743058.36,743058.36,1
3263,600511.SH,国药股份,20260825,26.71,0.8426,1.543,0.86,10.0936,10.4537,1.0714,0.3841,0.3762,2.9951,2.9951,75450.2998,55334.6424,30215.7901,2015277.513,1477988.2344,1
3264,600512.SH,腾达建设,20260825,2.04,1.5068,1.8412,1.41,105.3616,275.0664,0.5233,0.6683,0.6548,0.9843,0.4902,158740.5163,158740.5163,129907.8469,323830.6608,323830.6608,1
3265,600513.SH,联环药业,20260825,16.27,4.9524,8.2397,0.81,,,3.6318,1.7126,1.6044,0.547,0.4302,28545.627,28545.627,17157.1454,464437.4001,464437.4001,1
3266,600515.SH,海南机场,20260825,2.79,0.7134,1.1558,0.9,145.8454,152.0189,1.3204,7.2117,6.2239,0.1792,0.1792,1142530.9602,917601.2508,566396.3979,3187661.3784,2560107.4875,1
3267,600516.SH,方大炭素,20260825,5.06,0.5659,0.9108,0.61,218.948,214.5265,1.247,5.7766,5.5523,0.3708,0.1372,402597.0368,402597.0368,250155.7047,2037141.0224,2037141.0224,1
3268,600517.SH,国网英大,20260825,4.93,0.2844,1.054,1.06,11.1408,12.1697,1.1765,3.4309,3.3359,1.8864,2.7181,571843.5744,571843.5744,154284.0381,2819188.8001,2819188.8001,1
3269,600518.SH,康美药业,20260825,1.37,0.9278,1.2435,0.85,1834.3912,,2.6047,3.6072,3.7645,,,1382889.669,1382235.2188,1031293.84,1894558.8479,1893662.2514,1
3270,600519.SH,贵州茅台,20260825,1304.0,0.1689,0.3712,0.58,19.8021,20.0175,6.4879,9.6548,9.5803,3.9673,3.9895,125008.1601,125008.1601,56879.8666,163010640.64,163010640.64,4
3271,600520.SH,三佳科技,20260825,23.94,3.4008,4.3677,0.95,496.3528,283.0765,9.6341,10.0202,9.2181,,,15843.0,15843.0,12335.6667,379281.42,379281.42,4
3272,600521.SH,华海药业,20260825,16.43,1.9191,3.1787,0.63,92.342,65.9211,2.5607,2.8647,2.8758,1.5145,0.6058,149725.2196,149725.2196,90395.5371,2459985.3646,2459985.3646,1
3273,600522.SH,中天科技,20260825,33.89,7.3824,9.5481,1.21,39.8529,36.2173,3.0428,2.2031,2.0696,0.8803,0.7664,341294.9652,341294.9652,263883.1769,11566486.5333,11566486.5333,1
3274,600523.SH,贵航股份,20260825,11.95,0.8393,1.5634,0.68,25.0832,23.1857,1.4836,1.9148,1.8624,1.1046,1.205,40431.132,40404.462,21689.7277,483152.0035,482833.297,1
3275,600526.SH,菲达环保,20260825,4.72,1.2805,2.3118,0.88,14.0458,13.189,0.897,0.8565,0.8643,2.1216,1.0596,88847.384,87300.714,48354.7375,419359.6336,412059.3512,0
3276,600527.SH,江南高纤,20260825,2.24,4.6225,6.5924,2.28,183.9234,160.0415,1.9076,7.4649,6.99,2.2126,1.3204,173176.0902,173176.0902,121428.8896,387914.4416,387914.4416,1
3277,600528.SH,中铁工业,20260825,7.04,0.3808,0.8819,1.04,11.4427,11.4334,0.6132,0.5648,0.562,1.4716,1.2827,222155.1588,222155.1588,95913.9423,1563972.3264,1563972.3264,1
3278,600529.SH,山东药玻,20260825,19.22,1.6297,2.0244,1.07,18.495,18.5024,1.4925,2.8508,2.8317,3.1217,2.3933,66361.4113,66361.4113,53423.3133,1275466.3002,1275466.3002,1
3279,600530.SH,ST交昂,20260825,3.79,1.2649,2.8749,1.67,840.9355,,9.4677,9.3499,9.6824,0.3113,,77492.0,77492.0,34094.8431,293694.68,293694.68,1
3280,600531.SH,豫光金铅,20260825,13.43,5.6473,8.33,1.03,18.8822,17.922,2.2865,0.3277,0.2926,1.5105,1.6009,120926.2698,120926.2698,81981.5828,1624039.8061,1624039.8061,4
3281,600533.SH,栖霞建设,20260825,2.2,1.2741,2.2388,1.13,,,1.742,0.4685,0.4549,,,105000.0,105000.0,59755.632,231000.0,231000.0,1
3282,600535.SH,天士力,20260825,14.75,0.8326,1.6723,0.72,19.9426,18.0186,1.6852,2.6754,2.704,2.7797,2.1017,149395.0005,149395.0005,74378.1968,2203576.25,2203576.25,4
3283,600536.SH,中国软件,20260825,32.55,2.9469,4.6366,0.45,,,8.6462,5.9572,5.8777,,,93378.6584,84365.5895,53619.7835,3039475.383,2746099.9545,4
3284,600537.SH,*ST亿晶,20260825,2.1,1.5506,1.5506,0.94,,,,1.2897,1.6691,,,118371.5018,118371.5018,118371.5018,248580.15,248580.15,0
3285,600538.SH,国发股份,20260825,5.27,1.6791,1.6791,0.72,,,4.0838,8.4162,8.2698,,,52419.8348,52419.8348,52419.8348,276252.5041,276252.5041,1
3286,600539.SH,狮头股份,20260825,14.85,4.99,8.3121,0.51,,,11.3667,7.757,7.8051,,,23000.0,23000.0,13807.7796,341550.0,341550.0,4
3287,600540.SH,新赛股份,20260825,4.11,7.2353,12.0583,0.84,,,6.2095,0.7933,0.6636,,,58137.696,58137.696,34884.195,238945.947,238945.947,1
3288,600543.SH,*ST莫高,20260825,4.16,0.9517,1.5037,1.81,,,1.9265,6.5636,5.4758,,,32112.0,32112.0,20323.8083,133585.92,133585.92,1
3289,600545.SH,卓郎智能,20260825,4.25,3.9819,7.244,0.71,,,2.8988,2.1368,2.0517,,,178791.2222,178791.2222,98277.6549,759862.685,759862.685,1
3290,600546.SH,山煤国际,20260825,13.31,1.4884,3.5361,1.09,22.6215,19.6909,1.5796,1.2889,1.2205,5.1841,2.6672,198245.614,198245.614,83444.9858,2638649.0691,2638649.0691,4
3291,600547.SH,山东黄金,20260825,34.97,3.7953,8.3823,0.92,34.0147,31.2491,5.037,1.5458,1.4541,0.9227,1.3002,460992.9525,361444.3347,163653.5106,16120923.4615,12639708.2201,4
3292,600548.SH,深高速,20260825,8.22,0.1567,1.0776,1.06,18.1504,17.6695,0.8887,2.2517,2.2548,2.9684,2.9684,253785.6127,171442.5983,24923.0467,2086117.7142,1409258.172,4
3293,600549.SH,厦门钨业,20260825,52.39,2.9146,4.6287,0.77,36.0157,23.49,4.4496,1.7978,1.3413,1.1529,1.1147,158758.5826,155393.198,97847.5624,8317362.0062,8141049.748,4
3294,600550.SH,保变电气,20260825,10.96,0.7083,1.5683,0.56,102.4439,79.0549,20.5795,3.5358,3.0769,,,184152.848,184152.848,83165.8849,2018315.236,2018315.236,1
3295,600551.SH,时代出版,20260825,6.9,0.5292,1.3959,1.06,11.4179,11.6695,0.783,0.702,0.7203,5.7971,4.3478,67805.5239,67805.5239,25703.9459,467858.088,467858.088,1
3296,600552.SH,凯盛科技,20260825,17.81,5.1296,7.2533,0.74,130.7503,126.7406,3.8976,2.8612,2.7714,0.2807,0.2807,94460.6894,94460.6894,66803.3558,1682344.8889,1682344.8889,1
3297,600556.SH,天下秀,20260825,4.57,1.517,2.4825,0.83,267.6511,397.9946,2.1554,2.1162,2.0938,0.1882,0.1138,180774.7642,180774.7642,110470.798,826140.6532,826140.6532,1
3298,600557.SH,康缘药业,20260825,12.22,1.04,1.789,0.54,22.7633,23.0774,1.4126,2.101,2.131,,,56615.8806,56615.8806,32914.6344,691846.0536,691846.0536,1
3299,600558.SH,大西洋,20260825,4.86,1.1653,1.7489,0.66,23.9434,22.1488,1.7585,1.1745,1.1537,3.0864,3.4979,89760.4831,89760.4831,59805.0432,436235.9328,436235.9328,1
3300,600559.SH,老白干酒,20260825,11.7,0.9454,1.263,0.98,24.9023,24.1693,1.9544,2.5968,2.5642,4.7009,1.7094,91474.7444,91474.7444,68475.3412,1070254.458,1070254.458,1
3301,600560.SH,金自天正,20260825,11.28,1.1071,1.9407,1.37,48.8868,49.9241,2.5555,3.1846,3.1024,0.6294,0.6312,22364.55,22364.55,12758.4475,252272.124,252272.124,1
3302,600561.SH,江西长运,20260825,5.81,1.3046,2.1654,0.95,103.0994,114.3887,1.8141,1.1387,1.1949,,,28447.68,28447.68,17138.7147,165281.0208,165281.0208,1
3303,600562.SH,国睿科技,20260825,26.46,0.7497,2.191,1.07,52.2817,57.4578,4.8678,9.7853,9.7688,0.9599,0.941,124185.784,124185.784,42490.8042,3285955.7388,3285955.7388,1
3304,600563.SH,法拉电子,20260825,126.18,1.2556,2.1869,0.56,23.8139,23.5626,4.6586,5.3296,5.0776,1.585,1.8228,22500.0,22500.0,12917.9776,2839050.0,2839050.0,4
3305,600566.SH,济川药业,20260825,24.94,0.6623,1.7135,0.8,12.9264,13.2254,1.5332,3.6955,3.8946,8.3609,6.962,92146.276,91869.136,35509.5542,2298128.2232,2291216.3516,1
3306,600567.SH,山鹰国际,20260825,1.34,0.8796,1.1813,1.33,,,0.5707,0.2889,0.2848,,,620545.8106,620545.8106,462097.2441,831531.3854,831531.3854,1
3307,600568.SH,ST中珠,20260825,2.15,0.268,0.4285,0.69,,,2.6516,7.4214,7.8657,,,199286.9681,166906.7279,104382.9273,428466.9855,358849.4695,4
3308,600569.SH,安阳钢铁,20260825,1.8,0.7917,2.4631,1.71,,,3.5474,0.1724,0.1746,,,287242.1386,287242.1386,92331.4083,517035.852,517035.852,1
3309,600570.SH,恒生电子,20260825,21.35,0.8584,1.0838,0.81,32.8378,30.2023,4.0539,6.9912,7.14,0.4672,0.936,189364.7942,189364.7942,149990.4855,4042938.2665,4042938.2665,1
3310,600571.SH,信雅达,20260825,10.8,4.1006,5.1207,2.54,75.4015,143.1858,4.3564,2.4494,2.427,0.4352,0.3981,46631.8309,45775.1703,36656.1545,503623.764,494371.836,1
3311,600572.SH,康恩贝,20260825,4.3,2.3968,3.5,0.5,23.0113,22.5803,1.5043,1.6862,1.6306,3.4646,3.4883,253853.2031,253179.0178,173374.8567,1091568.803,1088669.786,1
3312,600573.SH,惠泉啤酒,20260825,9.89,1.7009,3.4071,0.62,30.9099,27.7198,1.7899,3.8615,3.7561,0.8089,1.0111,25000.0,25000.0,12480.5422,247250.0,247250.0,1
3313,600575.SH,淮河能源,20260825,3.35,0.9376,2.5529,1.07,14.1432,15.4348,1.076,0.6184,0.6005,,5.6716,716679.217,388626.1065,142729.1911,2400875.387,1301897.4685,1
3314,600576.SH,祥源文旅,20260825,5.53,1.1629,1.7314,1.29,51.3687,56.7606,2.2535,4.9736,4.8759,,,105454.844,66039.0083,44355.8125,583165.3205,365195.7253,1
3315,600577.SH,精达股份,20260825,8.61,4.1631,4.8661,0.83,32.0723,31.1146,3.0421,0.7788,0.6834,0.8947,1.0072,223181.4338,223181.4338,190938.5178,1921592.1123,1921592.1123,1
3316,600578.SH,京能电力,20260825,5.57,0.8063,3.9372,0.65,10.5648,10.5521,1.4953,1.0526,1.0708,2.1544,3.0521,669462.1015,669462.1015,137100.4264,3728903.897,3728903.897,0
3317,600579.SH,中化装备,20260825,6.9,0.5937,1.4149,0.61,,,2.2438,2.1507,2.2016,,,49360.0759,49360.0759,20712.681,340584.552,340584.552,1
3318,600580.SH,卧龙电驱,20260825,29.74,1.8246,2.706,0.39,41.2531,40.9663,4.1624,3.0063,3.0166,0.4189,0.605,156211.7511,155763.2511,105027.4335,4645737.445,4632399.055,1
3319,600581.SH,*ST八钢,20260825,2.32,0.3771,0.7545,1.03,,,,0.1897,0.1839,,,153289.787,153289.787,76610.8606,355632.3128,355632.3128,1
3320,600582.SH,天地科技,20260825,4.9,0.6501,1.6606,1.09,8.2877,14.0497,0.7785,0.6935,0.7127,6.4694,6.1224,413858.8892,413858.8892,162018.4906,2027908.561,2027908.561,1
3321,600583.SH,海油工程,20260825,6.06,0.5992,1.3431,0.3,12.854,12.8973,0.9285,0.9864,0.9491,3.3168,3.2343,442135.48,442135.48,197245.4091,2679341.0088,2679341.0088,4
3322,600584.SH,长电科技,20260825,74.05,4.8161,6.2166,0.67,84.6556,68.3339,4.5779,3.4088,3.3299,0.2026,0.1756,178941.457,178941.457,138629.1648,13250615.113,13250615.113,1
3323,600585.SH,海螺水泥,20260825,17.6,0.3796,0.7566,0.8,11.4477,11.9544,0.4792,1.1253,1.1532,5.4279,4.8353,527706.0044,397746.0044,199567.001,9287625.6,7000329.6,1
3324,600586.SH,金晶科技,20260825,4.22,1.0794,1.5941,0.97,,,1.233,1.3231,1.519,0.3504,,141733.77,141733.77,95970.2422,598116.5094,598116.5094,1
3325,600587.SH,新华医疗,20260825,12.48,0.7041,1.0058,0.59,14.3842,15.4529,0.9641,0.7776,0.7819,4.0066,2.8046,60664.4549,60664.4549,42468.5022,757092.336,757092.336,1
3326,600588.SH,用友网络,20260825,10.18,1.183,2.0252,0.84,,,5.1759,3.7885,3.7292,,,341699.7409,341699.7409,199591.7898,3478503.3532,3478503.3532,1
3327,600589.SH,大位科技,20260825,7.45,2.4922,2.9514,0.68,,,18.8809,25.3091,22.5389,,,148156.989,147846.989,124846.989,1103769.5755,1101460.0755,1
3328,600590.SH,泰豪科技,20260825,8.28,2.0472,3.0124,0.73,116.6518,93.9874,2.1747,1.5619,1.5601,,0.2778,85286.975,84356.9523,57327.0672,706176.1116,698475.546,1
3329,600592.SH,龙溪股份,20260825,14.23,1.3488,2.1703,0.76,33.73,41.0527,2.1991,4.2232,4.599,1.019,0.9136,39955.3571,39955.3571,24831.9771,568564.7728,568564.7728,1
3330,600593.SH,大连圣亚,20260825,40.23,3.9693,8.5531,1.36,192.5293,102.6823,25.0996,10.3562,10.1886,,,13044.5,12880.0,5977.2255,524780.235,518162.4,1
3331,600594.SH,益佰制药,20260825,3.84,11.427,14.9653,2.25,,,1.4292,1.6169,1.9318,,,78439.39,78439.39,59893.6264,301207.2576,301207.2576,4
3332,600595.SH,中孚实业,20260825,6.15,1.3985,2.1545,0.73,15.2407,8.8326,1.3472,1.0685,0.9213,,2.8455,400790.5114,400790.5114,260150.8226,2464861.6365,2464861.6365,4
3333,600596.SH,新安股份,20260825,10.37,2.1996,3.1474,0.94,95.3001,42.1559,1.1132,0.957,0.9251,0.9643,0.9643,134959.7049,134959.7049,94316.7142,1399532.089,1399532.089,4
3334,600597.SH,光明乳业,20260825,6.8,0.7924,1.6385,1.16,,,1.0198,0.3923,0.3949,2.3529,,137847.3763,137845.5363,66659.4767,937362.184,937349.672,1
3335,600598.SH,北大荒,20260825,13.18,4.1813,11.6613,0.78,20.091,19.3886,2.7305,4.4806,4.4038,4.173,4.173,177767.9909,177767.9909,63741.7788,2342982.1082,2342982.1082,1
3336,600600.SH,青岛啤酒,20260825,51.24,0.4227,0.9861,0.68,15.2354,14.9441,2.1547,2.1526,2.1633,4.2935,4.5863,136419.5121,70912.5943,30399.3888,6990135.6924,3633561.1116,1
3337,600601.SH,方正科技,20260825,11.55,3.0371,4.2769,0.69,104.5361,56.5293,9.405,9.9938,7.595,,,427374.2887,417029.3287,296132.5264,4936173.0495,4816688.7615,1
3338,600602.SH,云赛智联,20260825,18.41,3.1137,5.5565,0.81,129.971,128.3616,5.1168,3.9664,3.9422,0.2444,0.2336,136767.3455,107430.299,60201.6978,2517886.9135,1977791.823,4
3339,600603.SH,广汇物流,20260825,4.57,1.453,3.5598,0.83,14.3265,43.6621,0.721,1.947,2.2371,,,115379.9951,115379.9951,47095.6802,527286.6,527286.6,1
3340,600604.SH,市北高新,20260825,4.64,4.2518,10.6294,2.28,,,1.4443,7.9045,4.8084,0.2155,,187330.4804,140745.4804,56298.9292,869213.4272,653059.0272,4
3341,600605.SH,汇通能源,20260825,26.58,3.8957,6.2672,2.99,227.3456,187.2498,3.8156,53.1786,42.6145,0.5267,0.1505,20628.2429,20628.2429,12822.5154,548298.6192,548298.6192,2
3342,600606.SH,绿地控股,20260825,1.27,0.5653,2.0376,0.92,,,0.463,0.0991,0.1037,,,1405421.8314,1405421.8314,389885.2311,1784885.7241,1784885.7241,1
3343,600609.SH,金杯汽车,20260825,3.34,2.0091,2.8137,1.55,18.5443,20.7338,2.5717,0.9565,0.9401,,0.6886,130455.8558,130455.8558,93150.9024,435722.5724,435722.5724,1
3344,600610.SH,中毅达,20260825,8.74,17.1619,27.1059,1.82,184.6369,203.965,60.1828,8.9637,8.4791,,,107127.4605,70872.6705,44872.6705,936294.0004,619427.1358,1
3345,600611.SH,大众交通,20260825,4.6,5.5524,7.9626,1.05,150.2052,,1.1357,5.2109,5.3688,1.087,0.8696,236412.2864,156331.6364,109013.029,1087496.534,719125.544,1
3346,600612.SH,老凤祥,20260825,35.55,0.6364,2.082,0.85,10.5967,11.0107,1.3545,0.3521,0.3792,5.7665,4.6414,52311.7764,31710.963,9693.7837,1859683.779,1127324.628,4
3347,600613.SH,神奇制药,20260825,10.27,36.0801,65.9782,1.52,143.4187,151.7947,2.357,2.8094,2.8938,1.4606,0.6816,53407.1628,47931.9978,26211.5362,548491.5332,492261.64,1
3348,600615.SH,鑫源智造,20260825,9.5,1.0969,1.5679,1.37,,,2.9704,3.4744,3.5658,,,22562.461,22526.605,15760.123,214343.465,214002.795,1
3349,600616.SH,金枫酒业,20260825,4.37,1.0615,1.6721,0.94,1432.8664,7107.5321,1.5114,5.5401,5.7312,1.1442,1.1442,66900.495,66900.495,42471.3015,292355.185,292355.185,1
3350,600617.SH,国新能源,20260825,3.36,1.4003,3.4476,0.84,,,2.0357,0.422,0.4475,,,192919.1776,177554.2689,72118.0395,648208.4448,596582.3472,1
3351,600618.SH,氯碱化工,20260825,10.15,0.9088,3.2293,1.21,13.6065,14.8083,1.2476,1.5008,1.4596,2.069,2.3645,115639.9976,74983.9976,21103.4329,1173746.0,761087.6,1
3352,600619.SH,海立股份,20260825,14.27,2.1403,3.2071,0.85,213.2614,118.7393,2.4823,0.7472,0.7453,0.0911,0.1962,107334.4406,78917.4798,52667.9032,1531662.4588,1126152.4396,0
3353,600620.SH,XD天宸股,20260825,4.49,0.7659,1.9465,0.99,162.4618,505.1714,2.162,10.3128,10.0905,0.3341,0.2227,68667.7113,68667.7113,27020.6059,308318.0179,308318.0179,1
3354,600621.SH,华鑫股份,20260825,12.82,0.4135,0.9241,0.64,21.3951,20.8096,1.4541,5.2427,5.2552,0.9126,1.4041,106089.9292,106089.9292,47468.3404,1360072.9026,1360072.9026,1
3355,600622.SH,光大嘉宝,20260825,2.27,1.1012,1.9235,0.78,,,1.7035,2.7414,2.697,,,149968.5402,149968.5402,85853.9547,340428.5858,340428.5858,1
3356,600623.SH,华谊集团,20260825,8.07,0.7422,2.1423,1.26,30.8345,30.6853,0.7565,0.3712,0.3674,2.2447,1.3631,211949.0814,187603.4733,64998.7001,1710429.0756,1513960.0029,4
3357,600624.SH,ST复华,20260825,4.15,0.3584,0.5054,0.71,,,6.6342,4.4043,4.487,,,67934.6942,67934.6942,48180.1806,281928.9635,281928.9635,1
3358,600626.SH,申达股份,20260825,3.63,0.8072,1.8147,1.32,1189.1938,107.9218,1.4947,0.4462,0.4495,,0.2755,132074.4667,132074.4667,58746.4337,479430.3261,479430.3261,1
3359,600628.SH,新世界,20260825,6.27,1.33,2.3855,1.35,60.851,59.1425,0.9499,3.6833,3.6635,0.638,0.638,64687.5384,64687.5384,36065.7964,405590.8758,405590.8758,1
3360,600629.SH,华建集团,20260825,16.22,1.5695,3.1851,0.54,260.3735,1199.5551,3.5403,2.6733,2.7105,0.6348,0.1182,114980.4878,114980.4878,56656.546,1864983.5478,1864983.5478,1
3361,600630.SH,龙头股份,20260825,6.81,2.8689,4.1033,1.64,61.4901,53.9313,3.5559,1.5817,1.5557,0.558,0.5698,42486.1597,42486.1597,29705.04,289330.7496,289330.7496,1
3362,600633.SH,浙数文化,20260825,10.1,1.0,1.9486,0.8,22.3672,25.7894,1.2395,4.1566,3.773,2.3762,2.4752,126807.4472,126807.4472,65075.9808,1280755.245,1280755.245,1
3363,600635.SH,大众公用,20260825,4.57,1.3977,1.9102,1.2,32.499,49.6275,1.5181,2.2402,2.2386,0.7877,1.0941,295243.4675,241879.1675,176981.5081,1349262.6579,1105387.8069,1
3364,600637.SH,东方明珠,20260825,8.35,2.1606,4.0533,2.13,45.4635,40.3644,0.9432,3.7482,3.9383,2.7545,2.1557,336189.9817,336189.9817,179206.9386,2807186.333,2807186.333,1
3365,600638.SH,新黄浦,20260825,5.08,2.2075,3.5265,1.23,50.5971,26.6564,0.7315,1.512,1.5608,0.7283,0.6102,67339.6786,67339.6786,42152.1523,342085.5744,342085.5744,1
3366,600639.SH,浦东金桥,20260825,9.48,0.3654,1.049,0.71,9.9118,10.2034,0.7065,1.7838,1.7601,3.404,4.1071,112241.2893,85023.6703,29615.5246,1064047.4292,806024.3916,1
3367,600640.SH,国脉文化,20260825,10.58,0.8885,2.9367,0.9,389.5071,358.6249,2.1304,4.6053,4.5999,0.0855,0.1701,79155.134,79155.134,23948.7795,837461.2754,837461.2754,1
3368,600641.SH,先导基电,20260825,31.46,6.3517,8.3873,0.86,,697.1672,3.5417,16.086,12.954,0.1323,,94686.592,93062.992,70476.142,2978840.1214,2927761.6654,4
3369,600642.SH,申能股份,20260825,8.39,0.3685,1.0608,0.8,10.2311,10.8326,1.0775,1.4649,1.4926,5.3635,5.4827,489407.9376,489381.3156,170006.852,4106132.6166,4105909.2748,4
3370,600643.SH,爱建集团,20260825,4.07,1.3319,2.6648,1.69,,,0.6602,5.4719,6.2304,,,159317.0778,159035.1716,79489.5418,648420.5156,647273.1419,1
3371,600644.SH,乐山电力,20260825,8.8,2.1944,3.9305,0.72,218.2567,223.6754,2.4611,1.499,1.5301,,0.1705,57832.0818,57832.0818,32287.565,508922.304,508922.304,1
3372,600645.SH,中源协和,20260825,19.68,2.0704,2.6881,0.38,80.9025,83.6855,2.4762,6.3296,6.4785,,,46794.889,46777.0165,36027.7493,920923.4352,920571.7536,1
3373,600648.SH,外高桥,20260825,9.27,0.3891,1.0861,2.07,13.4779,13.3711,0.8094,2.1497,2.0128,3.7756,3.7756,135991.2218,113777.0691,40759.2248,1260638.6094,1054713.4389,1
3374,600649.SH,城投控股,20260825,3.85,1.2214,2.6099,0.49,33.1611,35.1439,0.4557,0.6636,0.7397,1.0443,1.039,249180.0768,249180.0768,116612.9225,959343.308,959343.308,1
3375,600650.SH,锦江在线,20260825,10.46,0.6505,1.4719,0.79,40.6414,47.4741,1.3249,3.8346,4.1302,1.0516,1.0516,55161.0107,39056.0075,17261.2122,576984.1646,408525.8646,1
3376,600651.SH,飞乐音响,20260825,5.68,0.74,2.0773,0.99,258.7628,236.7339,5.6445,7.849,8.251,,,250702.8015,250702.8015,89307.7162,1423991.904,1423991.904,1
3377,600653.SH,申华控股,20260825,1.7,0.9991,1.3594,1.21,,,5.2899,0.9044,0.9432,,,194638.0317,194638.0317,143048.5612,330884.651,330884.651,1
3378,600654.SH,中安科,20260825,2.97,2.9323,3.5205,1.56,159.5705,116.1646,5.0143,2.7529,2.8401,,,284540.9661,231743.1823,193023.676,845086.6512,688277.2446,1
3379,600655.SH,豫园股份,20260825,4.66,0.3589,0.7216,0.99,,,0.6067,0.4985,0.529,4.0561,,389120.8383,388984.6273,193480.9753,1813303.1144,1812668.3758,1
3380,600657.SH,信达地产,20260825,2.64,0.8893,3.3027,0.84,,,0.486,1.6423,1.6728,,,285187.8595,285187.8595,76789.1751,752895.9504,752895.9504,1
3381,600658.SH,电子城,20260825,4.05,1.1643,2.2223,1.21,,,1.118,3.8841,4.1827,,,111858.5045,111858.5045,58603.2353,453026.925,453026.925,1
3382,600660.SH,福耀玻璃,20260825,57.67,0.6826,0.9636,1.0,16.1618,17.7525,3.9425,3.287,3.2498,4.6818,3.6414,260974.3532,200298.6332,141881.6828,15050390.7645,11551221.9921,1
3383,600661.SH,昂立教育,20260825,8.62,2.1166,3.3701,0.73,28.5323,21.5166,9.3153,1.7996,1.7325,,,28654.883,28654.883,17997.3346,247005.0656,247005.0656,1
3384,600662.SH,外服控股,20260825,4.24,0.5431,1.9154,0.82,14.8424,14.5277,1.8472,0.4012,0.3884,5.6605,3.5377,228344.3104,227676.204,64549.9905,968179.8744,965347.088,1
3385,600663.SH,陆家嘴,20260825,9.37,0.3153,1.5454,0.71,38.4892,31.068,1.8495,2.597,2.3989,1.6036,1.3159,503515.3679,393441.7679,80278.0984,4717939.0169,3686549.3849,1
3386,600664.SH,哈药股份,20260825,8.21,11.6609,21.8307,0.76,57.1823,66.7428,3.5285,1.2952,1.2952,,,251850.9876,251850.9876,134527.2853,2067696.6279,2067696.6279,4
3387,600665.SH,天地源,20260825,3.46,0.8627,2.0305,0.61,,,2.1095,0.4905,0.5028,,,86412.2521,86412.2521,36712.1583,298986.385,298986.385,1
3388,600666.SH,奥瑞德,20260825,3.44,2.7775,3.2439,0.76,66.9379,131.3978,8.4951,20.3484,17.2361,,,275131.7394,257184.5679,220206.3839,946453.1856,884714.9208,1
3389,600667.SH,太极实业,20260825,19.94,8.0862,12.1629,0.69,93.069,90.803,4.7702,1.3593,1.362,0.4798,0.326,209154.2178,209154.2178,139051.571,4170535.1468,4170535.1468,4
3390,600668.SH,尖峰集团,20260825,7.4,0.9508,1.1339,0.83,7.418,,0.5577,1.19,1.2123,1.1261,1.3442,41290.0594,41290.0594,34622.367,305546.444,305546.444,1
3391,600671.SH,天目药业,20260825,19.92,1.4081,2.4818,0.79,137.6547,148.4199,32.8603,11.4559,11.9002,,,12177.8885,12177.0533,6909.1073,242583.5688,242566.836,1
3392,600673.SH,东阳光,20260825,32.07,0.7317,1.5561,0.56,350.3701,1852.5914,9.2111,6.4626,5.6159,,,300955.5059,300155.7927,141132.2457,9651642.885,9625996.1853,4
3393,600674.SH,川投能源,20260825,15.54,0.4252,1.2944,0.78,15.9337,16.3865,1.6954,45.4239,46.3202,2.574,3.2175,487460.6828,487460.6828,160137.7754,7575138.9672,7575138.9672,4
3394,600675.SH,中华企业,20260825,2.27,0.5946,2.1256,0.84,115.6866,,0.9563,1.3,1.6996,,0.2599,604613.5331,604613.5331,169128.0739,1372472.7131,1372472.7131,1
3395,600676.SH,久事动娱,20260825,6.62,0.5973,1.1131,0.94,,,1.4276,1.5665,1.6448,,,102849.2944,102849.2944,55189.9254,680862.2998,680862.2998,1
3396,600678.SH,ST金顶,20260825,5.4,1.4081,1.7712,0.79,260.4951,,7.308,3.1139,2.9415,,,34899.0,34899.0,27743.6516,188454.6,188454.6,1
3397,600679.SH,上海凤凰,20260825,9.67,0.9515,2.0241,1.51,44.8817,54.3468,2.248,2.2197,2.236,,0.6515,49529.4277,34369.4257,16157.3196,478949.5881,332352.3881,1
3398,600681.SH,百川能源,20260825,3.47,1.539,3.0491,1.34,19.6185,18.986,1.2642,0.8938,0.9226,6.7723,4.3228,134085.481,133980.8772,67624.6985,465276.6156,464913.6536,1
3399,600682.SH,南京新百,20260825,5.75,1.1613,2.1314,0.77,,,0.4708,1.216,1.244,0.277,,134513.2221,116406.0275,63425.3202,773451.015,669334.6725,1
3400,600683.SH,京投发展,20260825,10.19,5.518,12.4792,0.7,,,,1.3206,0.8246,,,74077.7597,74077.7597,32755.457,754852.3744,754852.3744,1
3401,600684.SH,珠江股份,20260825,3.55,1.9143,2.7783,0.92,53.0608,63.312,3.1161,2.4737,2.462,,,110607.4283,85346.0723,58805.122,392656.3765,302978.5485,1
3402,600685.SH,中船防务,20260825,25.9,0.9421,2.2755,1.06,36.3098,30.0091,2.0077,1.7818,1.6206,0.5792,0.8301,141350.6378,82143.5181,34009.7481,3660981.576,2127517.168,1
3403,600686.SH,金龙汽车,20260825,11.3,3.8634,6.8589,2.2,17.3009,12.8972,2.2397,0.3301,0.3202,0.9735,2.0354,71704.7417,71704.7417,40389.3071,810263.562,810263.562,1
3404,600688.SH,上海石化,20260825,2.85,1.0569,4.1721,1.27,,,1.2828,0.3976,0.4004,0.7018,,1054261.75,732881.35,185651.25,3004645.9875,2088711.8475,1
3405,600689.SH,上海三毛,20260825,10.98,1.7657,2.6862,1.12,193.3541,189.824,4.6558,1.4372,1.5979,0.1366,0.1639,20099.1343,15220.4143,10004.52,220688.4474,167120.1018,1
3406,600690.SH,海尔智家,20260825,21.23,0.526,0.9096,0.79,10.182,10.6362,1.5903,0.6585,0.6705,5.7572,5.3699,937762.965,625302.8411,361568.9205,19908707.8531,13275179.2932,1
3407,600691.SH,潞化科技,20260825,2.6,1.5702,3.2036,1.0,,,1.9862,0.6275,0.6302,,,237598.1952,237558.5952,116438.8406,617755.32,617652.36,1
3408,600692.SH,亚通股份,20260825,6.49,3.8745,4.1616,1.1,158.615,85.1889,2.348,1.6479,1.4597,,,35176.4064,25501.0517,23742.2313,228294.836,165501.8145,1
3409,600693.SH,东百集团,20260825,8.96,7.5328,16.7212,1.26,170.3082,159.2522,2.1629,4.2201,4.1848,0.8929,1.0045,86984.6246,86895.2782,39145.5841,779382.2848,778581.7088,1
3410,600694.SH,大商股份,20260825,14.62,0.908,1.4945,1.24,11.2881,11.0741,0.6055,0.8929,0.8856,5.7088,6.2181,37879.3611,37879.3611,23014.7461,553796.2432,553796.2432,1
3411,600697.SH,欧亚集团,20260825,11.03,2.968,3.9642,1.54,,,0.7808,0.2598,0.2671,0.9066,0.9066,15908.8075,15537.6015,11633.0019,175474.1743,171379.728,1
3412,600698.SH,湖南天雁,20260825,7.28,3.8663,7.4258,1.8,,,10.5046,15.0779,13.2742,,,106863.7732,83045.1741,43238.4161,777968.2456,604568.8376,2
3413,600699.SH,均胜电子,20260825,19.14,1.1665,1.9391,0.75,22.2199,21.2398,1.6936,0.4851,0.4912,1.3478,0.9319,155077.0563,139567.0563,83956.4503,2968174.9284,2671313.5284,1
3414,600702.SH,舍得酒业,20260825,35.3,1.4725,2.1137,0.78,52.5671,,1.6828,2.6527,2.9271,1.2065,0.8689,33209.0865,33195.0865,23125.5097,1172280.877,1171786.677,1
3415,600703.SH,三安光电,20260825,13.22,2.2833,3.4628,0.66,,,1.8898,3.6745,3.9866,0.1427,,498901.8727,498901.8727,328967.5678,6595482.7214,6595482.7214,1
3416,600704.SH,物产中大,20260825,4.89,0.5822,1.0963,0.91,6.9791,7.0866,0.6033,0.0424,0.0423,4.2945,4.4742,517117.989,517117.989,274637.8965,2528706.9711,2528706.9711,1
3417,600706.SH,曲江文旅,20260825,8.01,3.1843,4.5621,1.58,,,4.3464,2.1127,2.4771,,,25505.9785,25403.0185,17731.4238,204302.8998,203478.1902,1
3418,600707.SH,彩虹股份,20260825,9.27,2.5791,6.9894,0.41,88.8856,578.8901,1.526,2.9455,3.0038,,0.7551,358838.9732,358766.9732,132383.5569,3326437.2519,3325769.8119,1
3419,600708.SH,光明地产,20260825,3.05,0.5773,1.2045,0.81,,,1.1398,1.5178,1.5754,,,222863.6743,222527.7771,106661.6507,679734.224,678709.729,1
3420,600710.SH,苏美达,20260825,10.61,0.7202,1.8764,1.29,10.2275,10.105,1.6187,0.1177,0.1126,3.4779,3.9114,130674.9434,130674.9434,50158.035,1386461.1134,1386461.1134,1
3421,600711.SH,盛屯矿业,20260825,11.51,3.5714,4.3527,0.98,18.1363,13.1131,1.99,1.1857,1.0031,1.295,0.8523,309061.1551,309061.1551,253581.1654,3557293.9516,3557293.9516,4
3422,600712.SH,南宁百货,20260825,5.45,2.336,3.2858,1.21,,,3.9224,6.2999,6.393,,,54465.536,53864.8371,38293.6826,296837.193,293563.378,1
3423,600713.SH,南京医药,20260825,5.25,0.6822,1.5517,0.54,10.9915,11.0408,0.9343,0.125,0.1259,3.2393,3.2381,130816.4032,128981.3712,56704.8995,686786.1,677152.1925,1
3424,600714.SH,金瑞矿业,20260825,17.26,9.2024,14.2075,1.3,162.7223,350.2528,6.6059,14.958,16.5513,0.4056,0.2607,28817.6273,28817.6273,18665.5189,497392.2938,497392.2938,2
3425,600715.SH,文投控股,20260825,1.58,0.9085,1.2124,1.06,,,5.9335,20.0974,25.1417,,,405985.35,286237.2241,214471.7013,641456.853,452254.8076,1
3426,600716.SH,凤凰股份,20260825,3.58,0.4512,0.9424,0.92,,,0.8214,6.4025,6.2567,,,93606.059,93606.059,44817.7047,335109.6948,335109.6948,1
3427,600717.SH,天津港,20260825,4.31,0.6657,1.5561,0.93,12.7186,10.8034,0.6099,0.9751,1.0414,2.413,2.3666,289400.1038,289400.1038,123802.7519,1247314.431,1247314.431,1
3428,600718.SH,东软集团,20260825,8.19,0.6754,0.8564,0.98,,,1.1075,0.814,0.8109,1.82,,119643.8852,119643.8852,94355.2891,979883.4591,979883.4591,1
3429,600719.SH,大连热电,20260825,6.94,1.8585,2.7699,0.69,,,7.8153,4.6418,4.6367,,,40459.96,40459.96,27146.5816,280792.1224,280792.1224,1
3430,600720.SH,中交设计,20260825,5.19,0.5128,0.6917,0.5,8.1845,8.3129,0.7447,1.0768,1.0756,4.4123,2.4432,229459.5565,100904.9771,74806.5271,1190895.1164,523696.8462,1
3431,600721.SH,百花医药,20260825,14.96,34.9651,44.0812,1.15,141.3891,191.9863,7.1851,14.8147,16.7433,,0.2674,38454.7635,38454.7635,30502.2548,575283.2096,575283.2096,1
3432,600722.SH,金牛化工,20260825,14.02,20.2607,46.0907,0.92,199.0091,200.5282,7.5616,20.3037,21.0311,,,68031.9676,68031.9676,29905.6699,953808.2194,953808.2194,4
3433,600724.SH,宁波富达,20260825,5.11,0.4935,2.1427,1.16,40.2774,39.823,2.613,4.9988,5.1365,2.7397,2.3483,144524.1071,144494.2664,33279.4209,738518.2021,738365.7197,1
3434,600725.SH,云维股份,20260825,3.31,2.7296,3.9127,1.69,,,15.9146,7.4335,7.8659,,,123247.0,123247.0,85981.0643,407947.57,407947.57,1
3435,600726.SH,华电能源,20260825,5.55,0.9703,6.929,0.65,219.4616,131.5786,8.3334,2.6345,2.6747,,,790733.621,747533.6208,104676.1352,4388571.591,4148811.591,4
3436,600727.SH,鲁北化工,20260825,7.55,2.64,4.0146,1.18,104.277,30.3058,1.1922,0.7842,0.7201,1.3245,0.6623,52858.3135,52858.3135,34759.5594,399080.2405,399080.2405,1
3437,600728.SH,佳都科技,20260825,4.61,1.1554,1.3728,1.04,56.5471,149.4468,1.2446,0.9707,0.9701,,0.1769,213259.9261,213259.9261,179484.5557,983128.2773,983128.2773,1
3438,600729.SH,重百集团,20260825,19.46,1.7476,1.8338,1.17,8.1986,11.9391,1.0787,0.5831,0.6018,7.0002,4.8813,44045.3077,19248.2844,18343.9301,857121.538,374571.5288,1
3439,600730.SH,*ST高科,20260825,9.39,1.9035,2.3802,0.86,,,3.2843,70.5883,78.6955,0.1065,,58665.6002,58665.6002,46917.3018,550869.984,550869.984,4
3440,600731.SH,湖南海利,20260825,5.85,1.3196,1.7728,0.9,13.298,18.0915,0.9938,1.7899,1.7559,3.449,,55385.2416,54168.2665,40321.9516,324003.7125,316884.3795,4
3441,600732.SH,爱旭股份,20260825,11.5,0.7393,1.0777,0.59,,,5.1298,1.5579,1.5283,,,211519.4603,210525.3328,144427.2407,2432473.79,2421041.295,1
3442,600733.SH,北汽蓝谷,20260825,4.98,1.4481,2.3698,1.12,,,5.2652,1.1349,1.1218,,,636715.3962,604494.5781,369398.0084,3170842.692,3010383.0084,1
3443,600734.SH,*ST实达,20260825,1.67,1.0693,1.4472,0.91,,,15.8723,41.2727,37.5641,,,217830.3106,217785.3106,160919.6716,363776.6177,363701.4677,1
3444,600735.SH,ST新华锦,20260825,6.13,0.6355,1.127,0.82,,,2.4639,1.9655,1.9902,,,42877.8219,42545.1827,23991.9475,262841.0366,260801.9534,1
3445,600736.SH,苏州高新,20260825,6.77,1.8939,3.3695,0.97,52.8096,36.1068,1.0456,1.4252,1.4731,0.2659,0.2659,115129.2907,115129.2907,64709.8013,779425.2933,779425.2933,1
3446,600737.SH,中粮糖业,20260825,14.74,3.9386,7.9938,0.72,33.1432,31.8379,2.7104,1.1892,1.2232,2.7815,2.3066,213884.8228,213884.8228,105381.5155,3152662.2468,3152662.2468,1
3447,600738.SH,丽尚国潮,20260825,4.14,1.9597,3.9342,0.7,19.221,16.7935,1.4775,4.9731,4.9632,0.3499,2.3562,76133.5236,76066.6196,37889.9232,315192.7728,314915.8068,1
3448,600739.SH,辽宁成大,20260825,10.78,0.8924,1.5889,0.65,22.2802,17.4557,0.5567,1.6573,1.7399,0.1855,1.3915,152231.5928,152231.5928,85499.6246,1641056.5402,1641056.5402,1
3449,600740.SH,山西焦化,20260825,3.82,3.0037,6.9772,1.1,117.7284,66.9711,0.6464,1.5842,1.6159,0.5236,0.6545,256212.1154,256212.1154,110300.67,978730.2984,978730.2984,1
3450,600741.SH,华域汽车,20260825,15.36,0.3565,0.8554,0.96,6.719,6.7505,0.711,0.2632,0.2638,5.2083,6.5104,315272.3984,315272.3984,131406.0855,4842584.064,4842584.064,4
3451,600742.SH,富维股份,20260825,7.74,0.5708,0.9265,1.12,12.3659,12.8352,0.6743,0.2895,0.3024,8.1395,6.7183,74305.788,74305.788,45778.4388,575126.8146,575126.8146,1
3452,600743.SH,华远控股,20260825,2.31,1.1771,2.5837,1.22,,,9.7857,17.1818,17.0246,,,234610.0874,234610.0874,106887.0535,541949.3079,541949.3079,1
3453,600744.SH,华银电力,20260825,6.47,2.8876,6.2965,0.73,161.1027,91.0512,10.1948,1.6296,1.63,,,203112.4274,203112.4274,93148.5002,1314137.4221,1314137.4221,1
3454,600745.SH,*ST闻泰,20260825,18.92,6.5394,8.4558,2.69,,,1.0493,0.7712,3.2457,,,127386.9249,127386.9249,98517.0148,2410160.5264,2410160.5264,2
3455,600746.SH,江苏索普,20260825,6.74,1.2767,5.1203,1.29,89.0576,120.3605,1.4444,1.3441,1.3676,0.7316,0.5852,116784.2884,116784.2884,29118.9883,787126.1146,787126.1146,1
3456,600748.SH,上实发展,20260825,3.86,0.8041,1.9086,1.1,,,0.6987,2.1013,2.2449,,,184456.2892,184456.2892,77713.8273,712001.2794,712001.2794,1
3457,600749.SH,西藏旅游,20260825,14.96,10.5134,19.1382,3.25,145.8893,140.9476,3.1939,18.1556,17.7856,,,22696.5517,22696.5517,12468.1759,339540.388,339540.388,1
3458,600750.SH,华润江中,20260825,23.15,0.8465,1.4999,0.78,16.2282,16.8015,3.7167,3.4871,3.6687,5.1788,5.9593,63558.8289,62882.5289,35490.9253,1471386.9145,1455730.5695,1
3459,600751.SH,海航科技,20260825,3.15,0.9135,1.8023,0.97,88.7954,119.7655,1.2165,5.9262,5.1311,,0.5714,289933.7783,257318.9052,130418.0367,913291.407,810554.5665,1
3460,600753.SH,ST海钦,20260825,10.0,0.2907,0.4591,0.61,63.427,47.3838,26.6409,1.3214,1.2115,,,23030.7175,23030.7175,14579.5575,230307.2,230307.2,1
3461,600754.SH,锦江酒店,20260825,18.85,1.3881,2.9659,1.39,21.6734,19.5434,1.2446,1.4523,1.4337,2.019,2.7122,106407.8462,90604.4063,42403.6838,2005787.9725,1707893.1285,4
3462,600755.SH,厦门国贸,20260825,5.79,0.6126,1.011,1.23,24.2511,36.115,0.6399,0.0366,0.0349,5.7939,3.8094,213215.8487,213215.8487,129208.1906,1234519.7715,1234519.7715,1
3463,600756.SH,浪潮软件,20260825,14.11,2.7245,3.3674,0.46,,,2.2069,4.2696,4.1734,,,34962.8753,32409.8753,26221.7753,493326.2368,457303.4068,1
3464,600757.SH,长江传媒,20260825,7.75,0.6002,1.3739,0.89,9.2764,9.917,0.9092,1.3282,1.3918,5.2903,5.2903,121365.0273,121349.7103,53012.2899,940578.9825,940460.2525,1
3465,600758.SH,辽宁能源,20260825,3.56,8.2412,13.5715,1.28,,,0.882,1.0035,1.0989,0.8989,,132201.7394,132074.3394,80201.3597,470638.1944,470184.6504,1
3466,600759.SH,ST洲际,20260825,2.63,4.0472,4.6132,1.11,75.6395,37.8856,1.2108,5.1847,4.5133,,,414900.928,414368.578,363534.3999,1091189.4459,1089789.3654,4
3467,600760.SH,中航沈飞,20260825,44.32,0.3929,1.1939,0.82,35.7171,38.6341,5.2835,2.8136,3.0324,0.8773,0.9139,283492.9431,282955.2651,93107.5484,12564407.544,12540577.5664,4
3468,600761.SH,安徽合力,20260825,16.19,2.2861,3.5667,2.34,11.7751,13.3639,1.3063,0.7276,0.6858,4.3237,3.706,89069.2761,89069.2761,57089.9619,1442031.6432,1442031.6432,4
3469,600763.SH,通策医疗,20260825,35.38,1.6793,2.5582,0.62,31.5275,25.7352,3.8256,5.4324,5.3183,1.2719,,44728.9117,44728.9117,29360.883,1582508.8358,1582508.8358,1
3470,600764.SH,中国海防,20260825,17.6,0.5157,1.4092,0.82,103.7457,108.6231,1.5248,3.5368,3.5161,0.3352,0.3977,71062.9386,71062.9386,26006.7192,1250707.744,1250707.744,1
3471,600765.SH,中航重机,20260825,13.24,0.4359,0.6731,0.61,33.762,36.1255,1.4328,2.0322,2.0027,0.9336,0.0637,155249.4153,155249.4153,100539.28,2055502.2586,2055502.2586,1
3472,600768.SH,富邦新材,20260825,15.32,2.5018,3.9869,0.69,34.9739,19.0748,4.2553,1.7701,1.2449,0.9791,0.3264,13374.72,13374.72,8392.7118,204900.7104,204900.7104,1
3473,600769.SH,祥龙电业,20260825,14.69,3.6038,4.5092,1.16,289.5313,393.8868,41.9647,67.5349,67.105,,,37497.72,37497.72,29968.6023,550841.5068,550841.5068,1
3474,600770.SH,综艺股份,20260825,5.07,1.3782,2.2428,0.87,60.4032,48.336,1.9368,13.9649,11.1789,,,130000.0,130000.0,79885.1862,659100.0,659100.0,1
3475,600771.SH,广誉远,20260825,13.61,1.4706,1.7335,0.8,105.6726,100.6382,3.9202,4.8652,4.6252,,,48949.1141,48949.1141,41525.7673,666197.3871,666197.3871,1
3476,600773.SH,西藏城投,20260825,10.48,2.876,4.8873,1.1,,,2.3721,10.8554,25.1357,0.0954,,95158.6865,95158.6865,55996.916,997263.0712,997263.0712,4
3477,600774.SH,汉商集团,20260825,7.41,1.3625,3.2706,0.97,,,1.4769,2.119,2.1815,,,29503.2402,29488.0177,12284.0864,218619.0084,218506.2282,1
3478,600775.SH,南京熊猫,20260825,9.44,1.5961,2.4423,0.83,803.8454,263.9864,2.773,3.4674,3.2228,,0.1059,91383.8529,67183.8529,43905.6474,862663.544,634215.544,1
3479,600776.SH,东方通信,20260825,12.87,1.5931,3.7112,1.3,45.1439,35.3452,4.2324,6.5251,6.2833,0.474,0.4274,125600.0064,95600.0064,41038.4512,1616472.1287,1230372.1287,1
3480,600777.SH,新潮能源,20260825,3.99,0.4106,1.6378,1.27,22.4765,35.7263,1.2232,3.7302,4.0936,,,680049.5825,636615.2391,159590.8292,2713397.8242,2540094.8076,4
3481,600778.SH,友好集团,20260825,5.65,2.9536,4.8005,1.58,133.1142,125.3441,7.151,1.2344,1.302,,,31149.1352,31121.4882,19147.8301,175992.641,175836.4185,1
3482,600779.SH,水井坊,20260825,27.15,0.3407,0.9276,0.84,32.6093,34.2332,2.5046,4.3571,4.5725,3.5518,0.9337,48750.3198,48750.3198,17903.6978,1323571.188,1323571.188,1
3483,600780.SH,通宝能源,20260825,5.85,0.5491,1.3335,0.99,10.3477,10.289,0.7827,0.5954,0.5975,,3.0769,114650.2523,114650.2523,47208.4052,670703.9625,670703.9625,1
3484,600782.SH,新钢股份,20260825,2.83,1.6295,3.0573,1.49,202.7166,,0.3547,0.2516,0.2618,0.3532,4.7703,318402.2149,314565.2149,167653.3152,901078.2543,890219.5443,1
3485,600783.SH,鲁信创投,20260825,16.43,2.1069,6.2657,0.39,84.7743,73.2465,2.7787,141.0906,145.8532,0.426,0.3956,74435.9294,74435.9294,25030.309,1222982.3299,1222982.3299,1
3486,600784.SH,鲁银投资,20260825,7.68,1.0468,1.5524,0.71,30.6053,35.04,1.5394,1.5472,1.5248,0.8594,0.651,67565.2277,67565.2277,45558.2268,518900.9664,518900.9664,0
3487,600785.SH,新华百货,20260825,11.78,22.5993,39.0462,7.39,49.955,65.2017,1.6247,0.6231,0.6221,2.1222,1.2127,31588.3792,31588.3792,18282.892,372111.1164,372111.1164,2
3488,600787.SH,中储股份,20260825,4.66,1.0255,1.9932,1.58,18.5365,18.6922,0.7231,0.1494,0.1402,1.5055,2.4249,217007.9582,217007.9582,111657.7622,1011257.0936,1011257.0936,1
3489,600789.SH,鲁抗医药,20260825,7.38,2.4583,3.119,0.75,68.6836,88.7011,1.4927,1.3377,1.3511,1.3049,0.6775,104518.9778,101029.8197,79629.347,771350.0724,745600.0716,1
3490,600790.SH,轻纺城,20260825,3.38,0.958,1.5901,1.41,,25.2032,0.8785,5.6458,6.0428,3.289,3.289,146579.0928,146579.0928,88311.2528,495437.3242,495437.3242,1
3491,600791.SH,京能置业,20260825,7.73,3.0781,5.6291,1.14,,,,1.5604,1.5395,,,45288.0,45231.3696,24733.0051,350076.24,349638.4901,1
3492,600792.SH,云煤能源,20260825,3.82,3.2299,9.9046,0.89,,,1.8544,0.7732,0.736,,,110992.36,110992.36,36194.3684,423990.8152,423990.8152,1
3493,600793.SH,宜宾纸业,20260825,14.39,4.2772,8.989,1.46,93.1102,,11.2356,1.0941,1.1729,,,17690.4002,17690.4002,8417.6282,254564.856,254564.856,1
3494,600794.SH,保税科技,20260825,3.22,1.5297,2.3915,1.34,,,1.5453,6.3855,6.9551,0.9317,0.6211,120015.2157,120015.2157,76763.4369,386449.0084,386449.0084,1
3495,600795.SH,国电电力,20260825,5.14,0.6913,1.5835,0.72,12.8012,14.1282,1.5216,0.5385,0.5342,4.0856,4.6887,1783561.9082,1783561.9082,778582.766,9167508.2174,9167508.2174,4
3496,600796.SH,钱江生化,20260825,5.17,1.56,2.319,1.04,26.9303,25.9827,1.2887,2.6453,2.7412,0.5996,0.5996,86658.5766,31147.7889,20953.2286,448024.8586,161034.0743,1
3497,600797.SH,浙大网新,20260825,6.76,1.0941,1.1639,0.6,,,2.1535,2.1191,2.1807,,0.4438,102752.637,102752.637,96587.637,694607.8464,694607.8464,1
3498,600798.SH,宁波海运,20260825,3.31,1.9447,3.5892,0.73,145.8658,69.7982,1.0183,1.4782,1.1525,0.6042,0.6042,120653.4201,120653.4201,65372.3334,399362.8202,399362.8202,1
3499,600800.SH,渤海化学,20260825,3.36,2.0054,3.2305,0.61,,,3.8112,1.1201,1.2055,,,111004.5216,110973.0216,68890.6014,372975.1872,372869.3472,1
3500,600801.SH,华新建材,20260825,23.3,0.5099,1.2773,0.68,16.9769,14.9069,1.4739,1.3704,1.3058,3.4307,2.3577,207899.5649,134169.7649,53556.2809,4844059.748,3126155.408,4
3501,600802.SH,福建水泥,20260825,4.68,1.2052,1.7206,0.93,,,2.5622,1.4037,1.5738,,,45824.84,45824.84,32099.1693,214460.2512,214460.2512,1
3502,600803.SH,新奥股份,20260825,17.86,0.2506,0.9272,1.06,11.8086,12.6793,2.2846,0.4205,0.4289,6.7655,6.3792,309518.5107,307172.6707,83018.8649,5528000.5886,5486103.8862,1
3503,600805.SH,悦达投资,20260825,4.64,1.7774,2.7758,1.82,107.0785,48.1598,0.9187,1.5446,1.4772,1.7241,1.0776,85089.4494,85027.5368,54443.5055,394815.048,394527.7856,1
3504,600807.SH,济高发展,20260825,2.65,1.7067,2.1982,1.06,,,7.9291,6.6649,7.3991,,,88463.4731,78701.8464,61104.8824,234428.222,208559.9025,1
3505,600808.SH,马钢股份,20260825,2.6,1.6335,4.3636,1.89,,,0.8319,0.2583,0.2641,,,770068.1186,596775.1186,223407.4037,2002177.112,1551615.312,1
3506,600809.SH,山西汾酒,20260825,116.66,0.3146,0.939,0.73,11.6215,12.9603,3.1611,3.6758,3.8342,5.1946,5.6232,121996.4222,121996.4222,40870.9501,14232102.3572,14232102.3572,4
3507,600810.SH,神马股份,20260825,6.34,0.5572,1.5845,0.86,,,0.9692,0.5496,0.5549,0.7048,,109057.9008,108075.3008,38003.6349,691427.0911,685197.4071,1
3508,600812.SH,华北制药,20260825,4.81,1.5928,3.5397,0.84,45.0827,66.8748,1.4955,0.893,1.0081,0.6237,0.7277,171573.037,171573.037,77203.1554,825266.3224,825266.3224,1
3509,600814.SH,杭州解百,20260825,6.84,1.0206,3.0376,1.67,22.3994,22.0423,1.3138,2.9579,2.9268,2.6024,1.8275,73507.8598,73507.8598,24699.2182,502793.7624,502793.7624,1
3510,600815.SH,厦工股份,20260825,3.9,2.3489,4.5438,0.62,,,4.7591,10.2979,9.2719,,,177409.448,177409.448,91709.2005,691896.855,691896.855,1
3511,600816.SH,建元信托,20260825,2.52,1.2285,1.9546,1.11,211.9656,21.6082,1.6408,,,,,984444.8254,546913.7919,343759.4815,2480800.9464,1378222.7508,1
3512,600817.SH,宇通重工,20260825,9.71,0.4687,1.6008,1.09,16.6982,17.582,2.1045,1.4815,1.5534,3.9184,5.1506,53206.6846,52949.1846,15501.4932,516636.8628,514136.5378,1
3513,600818.SH,ST中路,20260825,7.4,1.5985,1.76,0.94,,,4.7622,2.2078,2.3587,0.1351,,32144.791,23795.791,21611.961,237871.446,176088.846,1
3514,600819.SH,耀皮玻璃,20260825,5.51,0.8453,1.9816,1.06,39.6842,45.9418,1.3892,0.954,0.9545,0.6015,0.7535,97675.7073,78925.7071,33665.7544,538193.1621,434880.6621,1
3515,600820.SH,隧道股份,20260825,5.47,0.6476,1.0771,1.09,7.7681,7.8863,0.5351,0.2969,0.311,5.4845,3.6563,314409.6094,314409.6094,189018.5421,1719820.5667,1719820.5667,1
3516,600821.SH,金开新能,20260825,5.97,3.1148,4.2741,0.78,115.9894,,1.3027,3.4027,3.5102,3.3501,1.675,196732.4953,196732.4953,143370.4346,1174493.025,1174493.025,4
3517,600822.SH,上海物贸,20260825,8.51,0.8007,2.0131,1.31,144.7898,149.2096,3.4014,2.5101,2.6932,,,49597.2914,39614.7908,15757.1946,422072.9379,337121.8629,1
3518,600824.SH,益民集团,20260825,3.64,2.0758,3.4405,0.83,31.5508,30.2522,1.5145,5.6661,5.976,0.4945,0.9615,105402.7073,105402.7073,63593.0544,383665.8644,383665.8644,1
3519,600825.SH,新华传媒,20260825,5.01,0.8599,1.7727,1.36,123.8799,122.8857,2.0967,3.6076,3.6045,0.2395,0.2595,104488.785,104488.785,50686.785,523488.8379,523488.8379,1
3520,600826.SH,兰生股份,20260825,7.94,0.5553,1.5363,1.05,17.6522,17.0581,1.3259,3.5364,3.509,3.5264,3.7783,72418.3568,72418.3568,26176.2966,575001.7784,575001.7784,1
3521,600827.SH,百联股份,20260825,7.71,0.909,2.0734,1.11,21.7975,11.1828,0.6684,0.555,0.5706,3.4371,1.9455,178416.8117,160444.992,70337.9552,1375593.6051,1237030.8729,1
3522,600828.SH,茂业商业,20260825,4.03,0.8907,5.7781,1.37,,,1.0377,2.9488,3.1235,,,173198.2546,173136.0181,26690.5144,697988.9878,697738.1606,1
3523,600829.SH,人民同泰,20260825,10.14,7.3382,28.9233,0.95,43.9336,41.3326,1.8992,0.5666,0.5528,,,57988.8597,57988.8597,14712.5743,588007.0404,588007.0404,2
3524,600830.SH,香溢融通,20260825,8.34,1.2704,1.854,1.57,47.1829,46.0626,1.6726,9.2004,9.1531,0.1799,0.2158,45432.2747,45432.2747,31131.0133,378905.1318,378905.1318,1
3525,600831.SH,广电网络,20260825,3.38,2.1138,2.9855,1.36,,,6.7807,2.1785,2.3648,,,71094.6992,71094.6992,50335.6344,240300.086,240300.086,1
3526,600833.SH,第一医药,20260825,10.9,4.6018,8.3591,0.85,42.1083,31.8817,2.0579,1.1415,1.152,2.0183,0.7156,22308.6347,22308.6347,12281.1613,243164.067,243164.067,1
3527,600834.SH,申通地铁,20260825,7.48,0.4978,1.1976,0.71,65.8533,72.6399,2.0488,5.988,5.9083,0.254,0.5348,47738.1905,47738.1905,19843.8106,357081.6612,357081.6612,1
3528,600835.SH,上海机电,20260825,17.92,0.6322,1.6164,0.99,22.7778,25.8862,1.2752,0.9355,0.9342,2.3438,2.0089,100729.4745,80650.43,31543.0714,1805072.1024,1445255.7056,1
3529,600838.SH,上海九百,20260825,8.02,3.4842,5.169,1.78,70.9248,75.0166,2.0829,33.6144,33.4997,0.399,0.4239,40088.1981,40088.1981,27021.328,321507.364,321507.364,2
3530,600839.SH,四川长虹,20260825,6.92,0.9232,1.2025,0.62,32.3034,43.0589,2.0751,0.2936,0.2924,0.7225,0.8617,461624.4222,461495.8631,354314.5069,3194440.9864,3193551.3512,1
3531,600841.SH,动力新科,20260825,5.7,1.3993,4.4508,1.28,2.7544,2.5368,1.2322,1.3783,1.3415,,,138782.1784,104302.4484,32790.941,791058.426,594523.965,1
3532,600843.SH,上工申贝,20260825,7.09,1.4869,1.9176,1.14,,,1.903,1.1621,1.1569,,,71316.648,46922.273,36382.7372,505635.0485,332678.8943,1
3533,600844.SH,金煤科技,20260825,3.72,17.4754,24.4951,3.15,,,47.7337,4.5775,4.5498,,,101652.424,82273.0634,58695.4202,378147.0024,306055.7832,1
3534,600845.SH,宝信软件,20260825,17.34,0.3448,1.0166,0.51,37.9737,38.1416,4.4697,4.5168,4.1683,3.5022,1.3344,285790.4137,213405.4153,72391.9934,4955605.7094,3700449.9828,1
3535,600846.SH,同济科技,20260825,11.56,0.5786,1.3684,0.72,26.5096,28.9559,1.669,1.626,1.378,1.7179,1.1419,62476.1516,62476.1516,26418.3004,722224.294,722224.294,1
3536,600847.SH,万里股份,20260825,12.95,1.3157,2.3993,1.13,,,4.3443,3.9209,4.1729,,,15328.74,15328.74,8405.6171,198507.183,198507.183,1
3537,600848.SH,上海临港,20260825,8.54,0.1783,0.5561,0.7,22.2298,23.3714,1.284,2.714,2.7749,2.3419,2.3419,252248.7004,239391.2273,76770.3939,2154203.898,2044401.1042,1
3538,600850.SH,电科数字,20260825,14.57,1.1661,1.9987,1.23,36.1686,39.1693,2.4224,1.1073,1.1032,2.3624,1.2583,81623.8489,81623.8489,47620.992,1189259.4945,1189259.4945,1
3539,600851.SH,海欣股份,20260825,8.57,1.3908,2.16,0.47,58.7768,52.2916,2.0552,13.6556,14.8391,0.4667,0.5834,120705.6692,73820.611,47530.7099,1034447.5919,632642.6277,1
3540,600853.SH,龙建股份,20260825,3.33,1.0338,1.8482,1.06,8.6808,8.598,0.9266,0.1916,0.1934,1.2016,1.1712,101369.9085,101369.9085,56700.9055,337561.7953,337561.7953,1
3541,600854.SH,春兰股份,20260825,4.65,1.3883,2.0477,1.27,18.9256,19.1501,0.9743,25.464,23.5641,2.5806,2.5806,51945.8538,51945.8538,35218.3425,241548.2025,241548.2025,1
3542,600855.SH,航天长峰,20260825,12.03,1.3121,2.3894,0.98,,,4.0313,4.5114,4.5924,,,46854.2728,46763.9728,25680.324,563656.8681,562570.5591,1
3543,600857.SH,宁波中百,20260825,20.33,2.9573,4.8454,0.87,140.1656,172.2486,5.3706,9.9251,17.2506,,0.2213,22431.9919,22431.9919,13691.0298,456042.3567,456042.3567,1
3544,600858.SH,银座股份,20260825,4.92,1.9081,3.3413,1.56,43.1845,87.2454,0.9303,0.4844,0.4934,0.7724,0.7114,52006.6589,51754.8029,29555.2985,255872.7672,254633.616,1
3545,600859.SH,王府井,20260825,9.98,1.4264,2.1344,1.37,,,0.5771,1.1051,1.1245,0.8016,,112393.1424,112382.8064,75105.1668,1121683.637,1121580.4438,1
3546,600860.SH,京城股份,20260825,8.49,2.8644,6.4138,0.84,,,5.855,3.0421,3.0993,,,54748.5988,44404.0788,19830.5736,464815.614,376990.6392,4
3547,600861.SH,北京人力,20260825,13.07,0.3095,0.443,0.69,6.3249,8.7908,0.9774,0.1638,0.1618,5.3481,7.9059,56611.2718,56611.2718,39557.4348,739909.2989,739909.2989,1
3548,600862.SH,中航高科,20260825,17.44,0.4338,0.7819,0.63,23.5683,26.2945,3.0637,4.8513,5.1827,1.4278,1.2751,139304.9107,139304.9107,77282.6466,2429477.6304,2429477.6304,4
3549,600863.SH,华能蒙电,20260825,4.67,1.5896,3.1284,0.93,14.6746,16.1439,1.7501,1.7382,1.8016,3.9243,4.7109,783518.956,706332.5057,358893.7631,3659033.5432,3298572.8217,4
3550,600864.SH,哈投股份,20260825,5.45,0.9929,1.8338,0.59,32.6086,30.4974,0.856,6.9871,7.0848,0.9174,0.9358,208057.052,208057.052,112655.1628,1133910.9225,1133910.9225,1
3551,600865.SH,百大集团,20260825,8.79,1.8228,4.6748,1.43,332.1835,,1.4412,15.9729,16.4203,2.0478,,37624.0316,37624.0316,14670.3989,330715.2237,330715.2237,1
3552,600866.SH,星湖科技,20260825,4.3,1.1134,1.3666,0.64,7.2984,33.4901,0.9337,0.4493,0.4485,8.8372,8.8372,166147.2616,166147.2616,135360.1092,714433.218,714433.218,1
3553,600867.SH,通化东宝,20260825,8.1,1.3398,2.2925,0.7,13.0135,12.2088,2.3211,5.3828,5.113,3.0627,3.6991,195854.2829,195854.2829,114465.4487,1586419.668,1586419.668,1
3554,600868.SH,梅雁吉祥,20260825,2.8,2.2283,2.3996,0.99,,,2.7471,14.3864,13.1602,,,189814.8679,189814.8679,176264.8506,531481.636,531481.636,1
3555,600869.SH,远东股份,20260825,16.2,8.9537,16.1887,1.1,610.6677,297.708,8.2245,1.2791,1.2784,,0.061,221935.2746,221935.2746,122747.9395,3595351.374,3595351.374,1
3556,600871.SH,石化油服,20260825,2.23,0.7711,2.9194,0.65,64.1645,62.5243,4.224,0.5238,0.5198,,,1895704.5833,1354701.2351,357828.5987,4227421.2134,3020983.7652,1
3557,600872.SH,中炬高新,20260825,18.48,1.2772,1.661,0.9,26.6428,20.6068,2.567,3.4069,3.1039,2.2746,2.3702,77429.3542,77098.795,59287.2009,1430894.5728,1424785.824,1
3558,600873.SH,梅花生物,20260825,7.85,0.6542,0.9929,0.65,6.7096,10.122,1.4047,0.9093,0.911,5.4513,5.451,280424.165,280424.165,184775.4985,2201329.7345,2201329.7345,4
3559,600874.SH,创业环保,20260825,5.58,0.4228,1.0103,0.87,10.1616,9.9131,0.8317,1.8409,1.8231,3.0466,3.7455,157041.8085,123041.8085,51485.2899,876293.2998,686573.2998,1
3560,600875.SH,东方电气,20260825,25.6,0.9694,1.7226,0.59,23.1081,20.7683,1.8884,1.1412,1.1277,1.5742,2.0703,345836.0326,226336.6595,127368.4132,8853402.368,5794218.496,1
3561,600876.SH,凯盛新能,20260825,7.1,0.6234,1.6199,0.83,,,1.6673,1.4134,1.5156,,,64567.4963,39567.4963,15227.474,458429.25,280929.25,1
3562,600877.SH,电科芯片,20260825,12.03,0.9588,1.6335,0.84,327.4009,633.1042,5.7159,13.9371,15.205,,,118405.9492,118405.9492,69495.3439,1424423.5785,1424423.5785,1
3563,600879.SH,航天电子,20260825,14.23,1.6398,2.2025,0.51,206.8462,205.4334,2.2485,3.3752,3.341,0.3514,0.1476,329929.9334,329929.9334,245643.9251,4694902.9039,4694902.9039,1
3564,600880.SH,博瑞传播,20260825,3.89,1.184,1.8386,1.0,,,1.4167,10.25,11.9989,0.2571,,109333.2092,109303.0175,70389.7562,425306.1869,425188.7478,1
3565,600881.SH,亚泰集团,20260825,1.94,5.0201,5.9304,0.57,,,14.5817,0.9858,1.0065,,,323215.0988,323215.0988,273605.4,627037.294,627037.294,1
3566,600882.SH,妙可蓝多,20260825,20.37,1.1358,2.4638,0.75,87.4072,75.7328,2.1898,1.8387,1.626,,,50845.3647,50845.3647,23440.0274,1035719.9832,1035719.9832,1
3567,600883.SH,博闻科技,20260825,7.97,2.3814,4.2998,0.73,78.459,66.8749,1.9155,33.7248,31.4689,0.7528,0.4391,23608.8,23608.8,13075.6975,188162.136,188162.136,1
3568,600884.SH,杉杉股份,20260825,12.04,1.643,1.6729,0.7,59.0446,35.7724,1.201,1.2525,1.2199,,,224563.9258,183510.9746,180231.4069,2703749.5968,2209472.0788,4
3569,600885.SH,宏发股份,20260825,34.36,0.5479,0.7383,0.62,30.2558,27.2789,4.0247,3.0911,2.6752,1.0098,1.0099,154759.4313,154759.4313,114837.8021,5317534.0148,5317534.0148,1
3570,600886.SH,国投电力,20260825,13.9,0.2607,0.8358,0.68,15.0489,14.9684,1.6121,2.0987,2.1231,3.2842,3.6554,800449.4262,745417.9797,232532.2636,11126247.077,10361309.922,4
3571,600887.SH,伊利股份,20260825,25.9,0.6654,0.7277,0.67,14.1655,13.5554,2.7493,1.4167,1.395,6.5637,5.3282,632536.0667,629392.9721,575539.3895,16382683.954,16301277.923,1
3572,600888.SH,新疆众和,20260825,10.39,4.3603,7.3734,1.16,24.3775,20.3424,1.2444,2.0441,2.023,2.3487,1.2512,155308.5949,155308.5949,91843.7544,1613656.2501,1613656.2501,4
3573,600889.SH,*ST京化,20260825,13.1,0.4087,0.7042,0.61,,3928.8818,4.8651,25.5699,21.3952,,,58658.9347,36634.601,21263.6242,768431.983,479913.26,1
3574,600892.SH,大晟文化,20260825,3.9,4.2006,6.4298,0.9,,,248.7847,6.544,6.1724,,,55946.4188,55931.9536,36540.3789,218191.038,218134.605,1
3575,600893.SH,航发动力,20260825,36.28,0.8978,1.8301,0.94,152.457,140.4061,2.4076,2.0873,1.8251,0.2674,0.1985,266559.4238,266512.4758,130745.0597,9670776.1204,9669072.7744,4
3576,600894.SH,广日股份,20260825,7.29,1.6934,4.0018,3.7,8.9599,10.3315,0.7113,0.8524,0.852,9.7051,6.8949,84720.6229,84314.4445,35678.2516,617613.3198,614652.2676,4
3577,600895.SH,张江高科,20260825,30.24,1.4765,2.8812,0.95,47.4915,49.4853,3.4226,11.1993,10.8195,0.7275,0.6614,154868.955,154868.955,79362.6643,4683237.3504,4683237.3504,4
3578,600897.SH,厦门空港,20260825,14.65,0.313,0.978,0.92,11.784,11.9884,1.2293,2.9499,2.9427,2.1843,2.5939,41693.4,41693.4,13343.4,610808.31,610808.31,1
3579,600900.SH,长江电力,20260825,28.21,0.3684,0.6516,1.03,20.0056,19.1294,3.0287,8.0036,7.9032,3.3428,3.5448,2446821.7716,2446821.7716,1383537.8018,69024842.1317,69024842.1317,1
3580,600901.SH,江苏金租,20260825,6.59,0.447,1.1303,0.64,11.7784,11.2738,1.4814,6.2477,5.7678,6.0702,4.5524,579186.6431,579045.2431,228992.358,3816839.9576,3815908.1316,4
3581,600903.SH,贵州燃气,20260825,6.23,2.6045,7.4892,0.78,153.8723,94.1909,2.3694,1.092,1.1464,0.7974,0.4549,116398.525,116398.525,40479.3098,725162.8108,725162.8108,1
3582,600905.SH,三峡能源,20260825,3.72,0.2709,0.5878,1.39,28.6308,46.083,1.1853,3.7447,3.8366,1.8011,1.1022,2858765.0142,2858765.0142,1317439.8047,10634605.8372,10634605.8372,1
3583,600906.SH,财达证券,20260825,6.44,1.0323,1.6616,0.89,27.9725,18.3511,1.6379,7.7396,5.9049,2.0186,1.7081,324500.0,212423.495,131977.61,2089780.0644,1368007.34,1
3584,600908.SH,无锡银行,20260825,5.46,0.9268,1.215,0.99,5.1894,5.1517,0.518,2.4864,2.4684,6.044,4.3956,219468.1695,199931.2665,152508.0708,1198296.2082,1091624.7342,4
3585,600909.SH,华安证券,20260825,8.12,1.9351,3.2922,0.96,19.3502,12.8702,1.4935,8.0492,6.134,1.6055,1.9365,502420.9278,502420.9278,295315.6365,4079657.9516,4079657.9516,4
3586,600916.SH,中国黄金,20260825,7.98,5.2447,11.0692,1.33,48.6737,44.0102,1.836,0.192,0.1808,4.386,1.8546,168000.0,168000.0,79600.31,1340640.0,1340640.0,4
3587,600917.SH,重庆燃气,20260825,4.85,0.325,0.7205,1.14,35.9541,42.0063,1.3034,0.7347,0.7524,1.6907,1.1134,156103.976,156103.976,70409.9331,757104.303,757104.303,1
3588,600918.SH,中泰证券,20260825,5.65,1.1307,1.5387,1.25,31.1827,18.0695,0.9942,3.927,3.2472,0.3894,0.885,791834.0996,456282.4063,335270.5883,4473862.665,2577995.6165,1
3589,600919.SH,江苏银行,20260825,12.04,0.5017,0.6429,0.86,6.4042,6.114,0.8142,2.5124,2.4009,4.3241,4.685,1835132.4463,1835132.4463,1432171.4421,22094994.698,22094994.698,4
3590,600925.SH,苏能股份,20260825,4.46,0.958,1.2495,1.49,136.3778,140.1992,1.9717,2.4255,2.3565,2.7354,0.4484,688888.8889,160604.8586,123145.866,3072444.4494,716297.6756,1
3591,600926.SH,杭州银行,20260825,16.62,0.4129,0.6091,0.7,6.3312,6.1353,0.8604,3.1052,3.0714,3.9711,3.9711,724900.2548,724900.2548,491383.3604,12047842.155,12047842.155,4
3592,600927.SH,永安期货,20260825,12.91,0.3934,2.6173,1.3,28.7285,23.0094,1.3976,10.1185,8.8963,0.6995,1.0862,145044.4656,145044.4656,21801.1287,1872524.1077,1872524.1077,1
3593,600928.SH,西安银行,20260825,3.57,0.4668,1.7072,0.97,5.9875,5.89,0.4421,1.5921,1.4674,2.8011,2.8011,444444.4445,442335.4066,120948.7783,1586666.6865,1579137.4137,4
3594,600929.SH,雪天盐业,20260825,5.22,0.9473,2.5659,0.93,111.162,124.1365,1.1191,1.5793,1.6026,1.6673,0.2874,164011.3256,164011.3256,60550.6837,856139.1426,856139.1426,1
3595,600930.SH,华电新能,20260825,3.97,0.6908,0.6908,0.62,22.8017,25.8653,1.4994,4.2484,4.1464,,1.5113,4171428.5714,1074319.5436,1074319.5436,16560571.4229,4265048.5738,1
3596,600933.SH,爱柯迪,20260825,13.85,0.6015,1.2412,0.78,12.1777,12.5893,1.4506,1.9244,1.86,2.0716,2.8711,103001.9293,98101.3046,47538.8193,1426576.592,1358703.005,1
3597,600935.SH,华塑股份,20260825,2.3,0.4913,1.112,1.5,,,1.3919,1.7738,1.8069,,,359473.8056,350740.1812,154979.4908,826789.74,806702.414,1
3598,600936.SH,北投科技,20260825,5.09,5.7351,8.7351,1.26,,,8.3266,2.3661,2.867,,,167102.6239,167102.6239,109713.4757,850552.3358,850552.3358,2
3599,600938.SH,中国海油,20260825,33.51,1.189,1.189,0.83,13.0464,12.7763,1.9027,3.9996,3.9091,3.7934,3.4167,4752995.3984,299000.0,299000.0,159272875.854,10019490.0,4
3600,600939.SH,重庆建工,20260825,2.65,0.5876,2.3534,1.18,,,0.7193,0.228,0.2362,,,190247.4944,190247.4944,47498.3763,504155.8485,504155.8485,1
3601,600941.SH,中国移动,20260825,98.86,1.4064,1.4064,1.4,15.6388,16.2678,1.5082,2.0415,2.0527,4.8494,4.7579,2168721.4173,90276.7867,90276.7867,214399799.5812,8924763.4594,1
3602,600955.SH,维远股份,20260825,12.6,0.5663,1.4814,0.68,,,0.9173,0.7903,0.7094,0.2365,0.3942,55000.0,55000.0,21026.3,693000.0,693000.0,1
3603,600956.SH,新天绿能,20260825,7.06,0.2235,1.8144,0.91,17.3965,20.0144,1.2848,1.6021,1.7138,2.9902,2.8329,450026.7473,234808.8677,28924.7424,3177188.8359,1657750.606,1
3604,600958.SH,东方证券,20260825,8.96,0.364,0.5221,0.79,13.5136,13.1598,0.9304,4.957,4.8915,2.4353,3.542,849664.5292,746948.2864,520705.4164,7612994.1888,6692656.6784,1
3605,600959.SH,江苏有线,20260825,3.04,0.4104,0.8744,1.06,58.832,95.1746,0.6726,1.903,2.028,0.7237,0.5263,500071.7686,500071.7686,234717.6519,1520218.1808,1520218.1808,1
3606,600960.SH,渤海汽车,20260825,4.09,1.1027,1.996,1.32,23.2274,24.2885,1.1039,1.248,1.3908,,,95051.5518,95051.5518,52508.6638,388760.8395,388760.8395,1
3607,600961.SH,株冶集团,20260825,26.09,8.2625,11.8274,1.09,24.876,11.2512,4.7763,1.2582,1.0772,,,107287.2703,75181.2398,52520.8583,2799124.8743,1961478.5516,4
3608,600962.SH,国投中鲁,20260825,26.02,2.6028,4.6953,0.96,166.7268,375.5055,7.2045,3.4388,3.8471,,,26221.0,26221.0,14535.4531,682270.42,682270.42,1
3609,600963.SH,岳阳林纸,20260825,3.41,1.8861,3.3446,1.36,,,0.7881,0.6917,0.7038,0.8839,,175756.7854,175756.7854,99114.3753,599330.6539,599330.6539,1
3610,600965.SH,*ST福成,20260825,2.76,0.8224,2.1388,0.5,39.6827,41.4809,1.027,1.9437,1.938,1.3768,,81870.0955,81870.0955,31478.4226,225961.476,225961.476,1
3611,600966.SH,博汇纸业,20260825,4.91,1.2932,2.5275,1.94,42.2146,41.6783,0.8775,0.3426,0.3445,0.5359,0.4739,133684.4288,133684.4288,68397.8451,656390.5513,656390.5513,1
3612,600967.SH,内蒙一机,20260825,11.02,0.9118,2.0375,0.9,56.0114,65.3792,1.5697,1.8708,1.8953,0.6352,0.8984,170179.4667,170179.4667,76162.279,1875377.7594,1875377.7594,1
3613,600968.SH,海油发展,20260825,4.01,0.3213,1.7513,0.66,10.494,10.378,1.3514,0.8094,0.8146,3.3666,3.6658,1016510.4199,1016510.4199,186510.4199,4076206.7842,4076206.7842,4
3614,600969.SH,郴电国际,20260825,8.64,1.4656,2.0931,0.83,41.8822,31.2284,0.8793,0.771,0.7619,,1.4583,37005.0484,37005.0484,25911.3429,319723.632,319723.632,1
3615,600970.SH,中材国际,20260825,7.85,0.4835,1.1716,1.03,7.1909,7.7555,0.8797,0.415,0.4204,5.7722,6.1146,262181.2924,262181.2924,108205.5434,2058123.1265,2058123.1265,1
3616,600971.SH,恒源煤电,20260825,8.73,2.6897,5.9721,1.31,,106.1394,0.8924,1.8935,1.5877,5.3837,2.843,120000.4884,120000.4884,54046.5995,1047604.2777,1047604.2777,1
3617,600973.SH,宝胜股份,20260825,6.21,1.2217,2.0284,1.24,,,2.5153,0.1776,0.1625,,,137136.6248,137136.6248,82595.9815,851618.4102,851618.4102,1
3618,600975.SH,新五丰,20260825,4.99,1.4213,2.1938,1.19,,,3.4904,0.8592,0.8961,,,124966.174,124966.174,80962.0099,623581.1883,623581.1883,1
3619,600976.SH,健民集团,20260825,27.64,0.9866,1.3602,0.53,11.7828,13.3994,1.5729,1.2582,1.3348,3.2562,3.2562,15339.86,15329.86,11118.5986,423993.7304,423717.3304,1
3620,600977.SH,中国电影,20260825,12.25,1.7025,5.2166,1.56,196.2427,195.7153,2.0927,4.7321,4.9416,0.3755,0.2612,186700.0,186700.0,60931.75,2287075.0,2287075.0,1
3621,600979.SH,广安爱众,20260825,3.93,1.5197,2.2406,1.14,,,1.171,1.6353,1.6337,1.4513,,126082.5616,124168.6456,84216.0849,495504.5001,487982.7945,1
3622,600980.SH,北矿科技,20260825,19.86,1.1337,2.1609,0.62,30.8143,27.7112,2.5042,2.9365,2.7182,0.715,0.9268,19326.3526,18926.3526,9929.7752,383821.311,375877.311,4
3623,600981.SH,苏豪汇鸿,20260825,2.48,0.8827,2.7084,1.45,351.2746,,1.1165,0.1005,0.0973,0.4032,0.4032,224243.3192,224243.3192,73084.2181,556123.4336,556123.4336,1
3624,600982.SH,宁波能源,20260825,4.82,1.0433,2.1249,0.79,15.4843,14.2453,1.1806,1.4223,1.3874,3.112,3.527,111762.7485,111762.7485,54876.7377,538696.455,538696.455,1
3625,600983.SH,惠而浦,20260825,7.85,0.5802,2.8632,1.81,11.5765,12.4993,2.2767,1.3379,1.4246,3.6943,8.535,76643.9,76643.9,15529.6791,601654.615,601654.615,4
3626,600984.SH,建设机械,20260825,4.94,1.1003,1.6957,0.37,,,3.4713,2.4421,2.4278,,,125704.3925,125704.3925,81563.5433,620979.6866,620979.6866,3
3627,600985.SH,淮北矿业,20260825,17.53,1.0703,2.7762,0.87,31.35,36.1659,1.124,1.148,1.1591,4.2784,1.4261,269325.8709,269325.8709,103832.6564,4721282.5011,4721282.5011,4
3628,600986.SH,浙文互联,20260825,7.07,2.5953,2.9947,0.77,122.9573,,2.0381,1.2596,1.3045,,,148737.4062,148737.4062,128897.8046,1051573.4887,1051573.4887,1
3629,600987.SH,航民股份,20260825,6.62,0.7776,1.6781,1.28,9.1965,9.3808,1.0023,0.6302,0.7371,6.0423,5.287,102081.8873,102081.8873,47302.869,675782.1118,675782.1118,1
3630,600988.SH,赤峰黄金,20260825,47.66,5.1663,6.0453,0.99,29.3844,25.2491,6.3387,7.1665,6.5701,0.3357,0.6714,190041.1178,166391.1378,142198.5632,9057359.7792,7930201.7324,4
3631,600989.SH,宝丰能源,20260825,23.24,0.7656,2.5907,0.69,15.0152,11.0952,3.0872,3.5478,3.0754,2.959,2.9872,733336.0,733336.0,216714.873,17042728.64,17042728.64,1
3632,600990.SH,四创电子,20260825,17.83,0.8025,1.4917,0.7,,,3.2614,2.7481,3.0896,,,26901.2696,26901.2696,14473.0042,479649.6441,479649.6441,1
3633,600992.SH,贵绳股份,20260825,9.84,2.1799,2.8479,0.89,80.5487,,1.6872,1.1552,1.1679,,,24509.0,24509.0,18760.0182,241168.56,241168.56,1
3634,600993.SH,马应龙,20260825,23.22,0.9163,1.4186,0.73,17.2127,16.95,2.1796,2.5886,2.56,2.6701,3.0146,43105.3891,43031.7966,27795.0062,1000907.1558,999198.396,1
3635,600995.SH,南网储能,20260825,12.29,0.2398,1.0879,0.78,23.2626,19.9563,1.6766,5.3243,4.792,0.9646,1.3757,319600.5805,319600.5805,70454.0636,3927891.1282,3927891.1282,1
3636,600996.SH,贵广网络,20260825,6.67,2.4815,4.6845,2.06,,,5.3002,6.574,6.7616,,,124679.9854,124679.9854,66047.039,831615.5333,831615.5333,1
3637,600997.SH,开滦股份,20260825,5.66,0.8987,2.9256,0.94,,,0.6638,0.5167,0.5194,4.5936,0.3534,158779.9851,158779.9851,48778.1263,898694.7434,898694.7434,0
3638,600998.SH,九州通,20260825,4.92,0.5269,1.1879,0.72,11.0024,12.3436,0.9194,0.1537,0.1481,4.0199,4.0199,504247.0234,504247.0234,223635.4727,2480895.3384,2480895.3384,0
3639,600999.SH,招商证券,20260825,17.66,0.5304,1.305,0.99,12.4362,11.5366,1.2354,6.1502,5.6397,2.8086,3.2163,869652.6806,742200.5272,301633.7568,15358066.3288,13107261.3598,4
3640,601000.SH,唐山港,20260825,4.55,0.5324,1.2349,0.8,13.4926,12.9144,1.23,4.7439,4.5227,4.3956,4.3956,592592.8614,592592.8614,255464.593,2696297.513,2696297.513,1
3641,601001.SH,晋控煤业,20260825,17.7,1.7652,4.1491,1.31,16.1752,17.8696,1.5155,2.2599,2.1575,4.2655,3.0904,167370.0,167370.0,71206.7492,2962449.0,2962449.0,1
3642,601002.SH,晋亿实业,20260825,5.32,0.9084,1.6516,0.78,21.1216,19.9325,1.1649,2.1897,2.2163,1.8656,1.4925,96165.072,95444.072,52497.1293,511598.1724,507762.4524,1
3643,601003.SH,柳钢股份,20260825,3.67,0.4872,2.8675,0.86,14.4074,22.2688,1.0294,0.1403,0.1426,,2.7248,263422.1771,256279.32,43538.1917,966759.4006,940545.1044,1
3644,601005.SH,重庆钢铁,20260825,1.2,0.6103,0.9082,1.3,,,0.8403,0.4804,0.5176,,,960933.9524,831363.6567,558708.7963,1153120.752,997636.392,1
3645,601006.SH,大秦铁路,20260825,4.72,0.548,1.2103,0.91,15.8899,15.5215,0.5694,1.2075,1.1725,4.7277,4.7211,1986289.2778,1986289.2778,899397.0241,9375285.4016,9375285.4016,1
3646,601007.SH,金陵饭店,20260825,6.89,2.3633,4.1831,1.87,42.3624,41.1417,1.6631,1.4743,1.5023,1.016,1.9594,39000.0,39000.0,22033.2082,268710.0,268710.0,1
3647,601008.SH,连云港,20260825,4.48,2.1238,5.1499,0.98,32.5763,29.165,1.324,2.1622,2.1085,1.3393,1.3393,124063.8006,124063.8006,51163.7271,555805.824,555805.824,1
3648,601009.SH,南京银行,20260825,11.6,0.4915,1.1503,0.82,6.5766,6.2797,0.7424,2.5821,2.445,4.2741,4.5616,1236356.7245,1236356.7245,528224.2518,14341737.952,14341737.952,4
3649,601010.SH,ST文峰,20260825,1.43,0.7278,1.0414,0.73,,,0.6263,1.7191,1.7959,7.282,1.3871,180869.62,180869.62,126397.1633,258643.5566,258643.5566,1
3650,601011.SH,宝泰隆,20260825,2.94,7.495,10.9078,0.97,,,1.0526,8.2187,8.714,,,191566.4539,191566.4539,131629.9649,563205.363,563205.363,4
3651,601012.SH,隆基绿能,20260825,12.17,0.616,0.782,0.67,,,1.8273,1.311,1.3585,,,757806.9148,757806.1602,597013.0711,9222510.0947,9222500.9672,1
3652,601015.SH,陕西黑猫,20260825,3.59,4.9238,12.6755,0.84,,,1.5242,0.7237,0.7412,,,204249.7639,204249.7639,79341.5415,733256.6384,733256.6384,4
3653,601016.SH,节能风电,20260825,3.41,1.2138,2.1424,0.95,32.5457,44.8214,1.2531,4.9643,5.1781,3.1618,1.1018,654448.7274,603825.6955,342120.3059,2231670.1693,2059045.637,1
3654,601018.SH,宁波港,20260825,3.45,0.2615,1.658,0.8,12.986,12.9991,0.8189,2.1637,2.089,4.0,3.4783,1945438.8399,1945438.8399,306805.4656,6711763.998,6711763.998,1
3655,601019.SH,山东出版,20260825,7.04,0.3415,1.6677,0.84,12.5149,12.4608,0.935,1.3141,1.3106,5.2557,4.1193,208690.0,208690.0,42738.5758,1469177.6,1469177.6,1
3656,601020.SH,华钰矿业,20260825,21.8,4.8649,6.0676,1.18,20.5289,20.8913,4.1569,8.6328,8.8008,0.1835,0.3624,81996.4698,81996.4698,65743.2217,1787523.046,1787523.046,4
3657,601021.SH,春秋航空,20260825,43.77,0.2597,0.5882,0.71,18.4783,16.3249,2.2971,1.9955,1.9278,2.839,2.1518,97833.3423,97833.3423,43190.234,4282165.2918,4282165.2918,1
3658,601022.SH,宁波远洋,20260825,8.34,0.588,3.095,0.67,18.5398,19.6035,1.9314,1.9856,1.9234,2.3094,1.6187,145403.7038,130863.3334,24863.3334,1212666.858,1091400.1722,4
3659,601026.SH,道生天合,20260825,15.59,3.4183,3.4183,0.42,50.7283,49.9717,4.0394,2.9409,2.9284,0.9622,2.4375,65940.0,11108.569,11108.569,1028004.6,173182.6063,1
3660,601033.SH,永兴股份,20260825,14.17,1.2436,1.2436,1.13,14.8197,14.1497,1.1535,2.9748,2.8414,4.2343,4.446,90000.0,24000.0,24000.0,1275300.0,340080.0,4
3661,601038.SH,一拖股份,20260825,13.03,0.849,3.3904,0.87,18.0319,17.3274,1.7805,1.3528,1.3389,2.8238,2.0407,112364.5275,73170.5275,18321.9422,1464109.8259,953412.0059,1
3662,601058.SH,赛轮轮胎,20260825,13.81,0.4656,0.6301,0.56,12.8911,12.8261,2.0258,1.2342,1.2,2.7516,2.3896,328810.0259,328810.0259,242962.6184,4540866.5143,4540866.5143,4
3663,601059.SH,信达证券,20260825,16.4,0.2491,1.1678,1.25,28.0853,27.0402,2.4739,13.152,11.9742,0.4512,0.5305,324300.0,324300.0,69160.0,5318520.0,5318520.0,4
3664,601061.SH,中信金属,20260825,11.44,0.4655,4.5511,1.0,20.843,14.322,2.2633,0.3953,0.3396,1.4685,1.9231,490000.0,490000.0,50115.3847,5605600.0,5605600.0,4
3665,601065.SH,江盐集团,20260825,6.88,0.6103,1.2056,1.17,17.6339,30.0747,0.9946,1.9563,2.0566,3.1977,1.7442,64277.6079,64277.6079,32538.9401,442229.9568,442229.9568,1
3666,601066.SH,中信建投,20260825,24.64,0.2346,1.4619,0.76,20.2475,15.2048,2.1825,8.1952,6.6338,0.6696,1.3799,775669.4797,649567.1035,104246.0291,19112495.9872,16005333.344,4
3667,601068.SH,中铝国际,20260825,4.52,0.3838,3.3201,0.92,52.4092,51.51,4.3473,0.5855,0.6025,,,298691.7967,255959.0667,29590.6667,1350086.936,1156934.9964,1
3668,601069.SH,西部黄金,20260825,31.38,5.259,14.3564,1.13,60.5713,32.224,5.5625,2.1071,1.4599,0.1605,0.4971,91099.9123,88718.8443,32499.3323,2858715.1758,2783997.1992,4
3669,601077.SH,渝农商行,20260825,6.87,0.6406,1.0783,0.97,6.433,6.3339,0.5738,2.7235,2.667,4.4338,4.6712,1135700.0,883824.2409,525035.6542,7802259.0687,6071872.5288,4
3670,601083.SH,锦江航运,20260825,13.03,20.3798,20.3798,2.33,11.2392,11.4024,1.7415,2.4053,2.3828,3.7452,6.2318,129412.0,19412.0,19412.0,1686238.36,252938.36,4
3671,601086.SH,国芳集团,20260825,7.61,1.075,4.0993,0.93,72.1149,52.4151,3.11,6.3328,6.1041,1.0422,1.3028,66600.0,66600.0,17466.0,506826.0,506826.0,1
3672,601088.SH,中国神华,20260825,47.17,0.1564,0.9632,0.9,19.3588,19.84,2.1274,3.4691,3.4596,6.1858,4.0546,2168943.4304,1649103.7955,267832.8759,102309061.5931,77788226.246,1
3673,601089.SH,福元医药,20260825,16.28,0.7923,2.8959,0.37,16.6489,20.1562,2.0942,2.2299,2.1824,2.9945,2.9945,48000.0,48000.0,13132.2997,781440.0,781440.0,1
3674,601096.SH,宏盛华源,20260825,4.21,1.1208,2.6002,0.96,30.345,31.5999,2.3533,1.1763,1.1787,0.9501,1.0926,267515.5088,164297.6541,70819.2353,1126240.255,691693.1065,1
3675,601098.SH,中南传媒,20260825,10.26,0.404,1.1443,0.96,11.5595,11.4764,1.1134,1.4623,1.4586,5.3606,5.3606,179600.0,179600.0,63411.652,1842696.0,1842696.0,1
3676,601099.SH,太平洋,20260825,3.39,0.916,1.0283,0.6,109.7538,138.3864,2.326,17.4093,18.1965,,,681631.637,681631.637,607227.6395,2310731.2596,2310731.2596,1
3677,601100.SH,恒立液压,20260825,100.74,1.0705,3.0024,2.25,49.4032,49.2746,7.5408,12.3457,10.7182,0.9927,0.8537,134082.0992,134082.0992,47806.4039,13507430.754,13507430.754,4
3678,601101.SH,昊华能源,20260825,13.19,3.8454,10.4799,0.83,37.0667,23.4828,1.5274,2.3662,2.2497,3.4723,1.8954,143999.7926,143999.7926,52838.4382,1899357.2301,1899357.2301,4
3679,601106.SH,中国一重,20260825,3.07,0.6339,1.5798,1.02,,,4.076,2.1445,2.1096,,,685778.2927,685778.2927,275153.0356,2105339.3503,2105339.3503,1
3680,601107.SH,四川成渝,20260825,5.78,0.7182,3.3596,1.77,11.6813,11.9134,1.0182,2.0182,1.9253,5.0173,5.1384,305806.0,216274.0,46233.7162,1767558.68,1250063.72,1
3681,601108.SH,财通证券,20260825,8.37,0.8031,1.1881,0.58,14.7662,13.1326,1.0192,5.615,5.1796,2.0132,1.3027,464376.899,464376.899,313899.0534,3886834.653,3886834.653,4
3682,601111.SH,中国国航,20260825,5.92,0.3631,1.1302,0.87,,61.0334,2.7579,0.7074,0.6893,,,2049256.103,1163810.9474,373886.4707,12131596.1298,6889760.8086,1
3683,601112.SH,振石股份,20260825,15.13,1.6119,1.6119,0.6,35.8767,33.1284,4.014,3.656,3.3973,,1.1368,174036.6367,18273.85,18273.85,2633174.3632,276483.3505,1
3684,601113.SH,华鼎股份,20260825,3.47,1.155,1.6951,1.48,21.0231,34.1162,1.1615,0.9943,0.9979,,,135415.2226,110415.2226,75239.5384,469890.8134,383140.8134,1
3685,601116.SH,三江购物,20260825,10.76,3.1586,7.9811,0.73,31.4463,33.3355,1.7598,1.5006,1.5039,1.8587,0.9294,54767.84,54767.84,21674.6696,589301.9584,589301.9584,1
3686,601117.SH,中国化学,20260825,7.52,0.7261,1.2811,0.95,7.1337,7.0008,0.6669,0.2423,0.2405,2.4739,2.8061,610556.0662,608806.7362,345054.4487,4591381.6464,4578226.6848,1
3687,601118.SH,海南橡胶,20260825,6.11,3.5833,10.0526,0.91,,,2.7334,0.6191,0.6452,0.1784,,427942.7797,427942.7797,152541.5773,2614730.3858,2614730.3858,4
3688,601121.SH,宝地矿业,20260825,7.27,2.0949,4.6963,1.39,50.9878,45.5026,1.635,4.4391,4.4676,0.4193,0.9862,98424.2748,80000.0,35685.6605,715544.4429,581600.0,4
3689,601126.SH,四方股份,20260825,44.19,2.1469,3.5921,0.64,44.4104,42.9008,7.1204,4.4933,4.3193,1.6296,1.6293,83310.55,82508.54,49312.1034,3681493.2045,3646052.3826,1
3690,601127.SH,赛力斯,20260825,50.73,1.0459,2.2209,0.79,14.8353,68.0285,2.3582,0.5354,0.5518,2.5232,2.1865,174198.5086,155720.3392,73330.6827,8837090.4123,7899692.8482,1
3691,601128.SH,常熟银行,20260825,6.33,1.2431,1.3661,1.03,5.4731,5.3213,0.7208,1.9875,1.9538,5.4182,3.8776,364817.9244,364817.9244,331955.9748,2309297.4336,2309297.4336,1
3692,601133.SH,柏诚股份,20260825,24.81,1.7044,5.983,0.73,63.6322,67.978,4.3124,3.1585,3.3001,0.8484,0.4844,52620.2583,52438.6744,14938.6744,1305508.4025,1301003.4027,4
3693,601136.SH,首创证券,20260825,13.82,0.2078,1.1797,0.8,35.7578,34.2782,2.6703,14.9401,14.1927,1.411,1.2156,273333.38,273333.38,48148.38,3777467.3116,3777467.3116,1
3694,601137.SH,博威合金,20260825,19.69,3.2654,5.5943,1.81,144.7451,,1.8468,0.8711,0.7803,2.2477,0.2083,91812.6932,91812.6932,53591.4915,1807791.8661,1807791.8661,1
3695,601138.SH,工业富联,20260825,60.15,0.381,2.3501,0.72,33.8275,25.4435,6.7915,1.322,1.0851,1.0643,1.6294,1984409.2284,1984409.2284,321690.8737,119362215.1845,119362215.1845,4
3696,601139.SH,深圳燃气,20260825,6.32,0.4398,1.7985,0.79,12.9128,12.609,1.1018,0.6101,0.6248,2.5316,2.5316,287674.4455,287674.4455,70347.3026,1818102.524,1818102.524,1
3697,601155.SH,新城控股,20260825,11.11,0.7234,2.2056,0.63,36.8471,36.4596,0.4048,0.4727,0.4953,,,225562.2856,225562.2856,73982.2856,2505997.0419,2505997.0419,1
3698,601156.SH,东航物流,20260825,18.59,1.1417,1.5723,1.15,10.9792,10.8461,1.4599,1.2163,1.1667,1.5492,3.6417,158755.5556,94459.5556,68592.1323,2951265.8604,1756003.2204,4
3699,601158.SH,重庆水务,20260825,4.15,0.1193,1.0427,0.95,24.6295,23.8653,1.1378,2.6474,2.6441,3.7831,3.0602,480003.0119,480003.0119,54906.943,1992012.4915,1992012.4915,1
3700,601162.SH,天风证券,20260825,3.64,0.9755,1.2986,0.79,235.3142,278.0158,1.3383,12.8496,13.8019,,,1007398.5234,859797.0474,645886.2107,3666930.6492,3129661.262,1
3701,601163.SH,三角轮胎,20260825,12.97,0.2443,0.6934,0.79,11.243,10.6457,0.7326,1.0565,1.0328,4.0864,3.084,80000.0,80000.0,28183.215,1037600.0,1037600.0,1
3702,601166.SH,兴业银行,20260825,18.02,0.5668,0.793,1.19,4.9227,4.9204,0.4595,1.7926,1.7976,5.8823,5.9156,2116285.9513,2116285.9513,1512501.8184,38135472.819,38135472.819,4
3703,601168.SH,西部矿业,20260825,36.48,2.0758,3.0781,0.9,23.8648,14.6284,3.8774,1.4092,1.2506,2.7412,0.2741,238300.0,238300.0,160709.3052,8693184.0,8693184.0,4
3704,601169.SH,北京银行,20260825,5.14,0.6105,0.8823,1.04,5.4105,5.2981,0.3835,1.5973,1.5413,6.2257,5.4086,2114298.4272,2114298.4272,1463037.4002,10867493.9302,10867493.9302,4
3705,601177.SH,杭齿前进,20260825,13.63,3.9973,7.2342,1.45,21.9194,19.5079,1.8556,2.316,2.2046,0.4405,0.5136,40771.35,40241.65,22236.025,555713.5005,548493.6895,4
3706,601179.SH,中国西电,20260825,12.82,1.0145,2.108,0.6,51.7562,48.3346,2.8051,2.7661,2.6639,0.741,0.7878,512588.2352,512588.2352,246696.7667,6571381.2368,6571381.2368,1
3707,601186.SH,中国铁建,20260825,6.06,0.2133,0.5397,0.86,4.4815,4.6746,0.2961,0.0799,0.0819,4.9505,4.9505,1357954.15,1150324.55,454692.891,8229202.149,6970966.773,1
3708,601187.SH,厦门银行,20260825,7.23,0.8292,1.847,0.96,7.242,7.1127,0.6998,3.2562,3.0955,4.1494,3.4578,263912.7888,263338.0092,118225.9132,1908089.4717,1903933.8123,4
3709,601188.SH,龙江交通,20260825,2.89,1.2918,2.6041,1.28,22.4445,24.4976,0.8333,4.8978,4.8444,2.4567,1.7993,130546.9915,130546.9915,64759.1344,377280.8011,377280.8011,1
3710,601198.SH,东兴证券,20260825,13.64,0.3469,0.6308,0.57,20.9779,19.1068,1.4483,9.3595,8.8763,1.217,1.217,323244.552,323244.552,177784.5036,4409055.662,4409055.662,4
3711,601199.SH,江南水务,20260825,6.29,1.0339,2.933,0.65,15.9143,16.3078,1.2511,4.0335,4.0111,2.2258,1.9078,93521.0292,93521.0292,32968.474,588247.2787,588247.2787,4
3712,601200.SH,上海环境,20260825,7.0,0.4708,1.0822,1.0,15.6242,15.6213,0.7973,1.5058,1.5237,1.4286,1.9286,134623.0251,134623.0251,58565.0067,942361.21,942361.21,1
3713,601208.SH,东材科技,20260825,44.3,4.8377,6.2908,0.78,156.7795,109.9992,7.1965,8.6372,7.6567,0.1986,0.3386,101018.2943,101018.2943,77683.7868,4475110.247,4475110.247,1
3714,601211.SH,国泰海通,20260825,17.31,0.6683,0.8272,0.9,10.9434,9.4127,0.9193,4.8224,3.5224,2.4723,2.8747,1758105.7948,1344912.4024,1086594.4485,30432811.398,23280433.644,4
3715,601212.SH,白银有色,20260825,6.58,9.3008,25.599,3.41,,,3.0653,0.5701,0.5604,0.0608,,740477.4511,740477.4511,269034.0933,4872341.621,4872341.621,4
3716,601216.SH,君正集团,20260825,4.47,0.4847,1.2905,1.02,11.3695,12.4583,1.2633,1.4945,1.5013,3.3557,8.5011,843801.739,843801.739,316969.099,3771793.7778,3771793.7778,1
3717,601218.SH,吉鑫科技,20260825,4.48,3.6224,4.9739,1.81,32.1222,25.1262,1.4225,3.0875,2.573,0.2232,1.0045,96903.3512,96903.3512,70573.2459,434127.008,434127.008,1
3718,601222.SH,林洋能源,20260825,5.51,0.5832,0.9677,0.96,46.0467,62.1887,0.7423,2.3068,2.1391,6.461,1.5971,204122.0156,204122.0156,123020.8429,1124712.3302,1124712.3302,1
3719,601225.SH,陕西煤业,20260825,26.52,0.3328,0.9576,0.76,15.3364,15.9005,2.5182,1.6255,1.638,4.8196,3.5747,969500.0,969500.0,336903.9335,25711140.0,25711140.0,1
3720,601226.SH,华电科工,20260825,6.5,2.0305,5.4981,3.03,48.2054,40.4224,1.7375,0.7246,0.7158,0.525,0.7385,116222.37,116222.37,42921.6044,755445.405,755445.405,1
3721,601228.SH,广州港,20260825,3.08,0.2923,1.6328,1.05,28.2814,28.1387,1.0757,1.6707,1.7132,1.2662,1.0714,754453.1351,754453.1351,135073.0696,2323715.6712,2323715.6712,1
3722,601229.SH,上海银行,20260825,9.72,0.4283,0.6648,0.8,5.7087,5.6989,0.5466,2.5221,2.4957,5.3494,5.3498,1420903.8737,1420903.8737,915542.701,13811185.6164,13811185.6164,4
3723,601231.SH,环旭电子,20260825,26.45,1.0071,3.5017,0.92,34.0919,31.0124,2.8205,1.0674,1.0652,0.797,1.6164,238893.5678,238893.5678,68708.8076,6318734.9265,6318734.9265,1
3724,601233.SH,桐昆股份,20260825,23.71,2.0828,3.5202,1.28,27.748,16.9904,1.4024,0.6008,0.5766,0.4226,0.5061,237900.149,237467.222,140498.8289,5640612.5565,5630347.7862,4
3725,601236.SH,红塔证券,20260825,6.83,0.1555,0.6822,0.72,26.414,28.7775,1.2535,13.1697,13.8679,2.251,3.078,469323.3706,469323.3706,106996.4006,3205478.6171,3205478.6171,1
3726,601238.SH,广汽集团,20260825,5.24,0.4714,1.5989,0.85,,,0.5126,0.5586,0.5563,0.3809,,1019706.59,738369.7595,217676.5526,5343262.5316,3869057.5424,1
3727,601279.SH,英利汽车,20260825,3.34,1.6489,6.8411,3.12,,,1.2772,1.2262,1.2591,0.2994,,158578.5985,158578.5985,38222.869,529652.524,529652.524,1
3728,601288.SH,农业银行,20260825,6.85,0.1182,1.3189,0.81,8.2373,8.1462,0.8482,3.3053,3.2185,5.2759,3.6424,34998303.3873,31924421.0777,2862106.1712,239738378.2215,218682284.398,4
3729,601298.SH,青岛港,20260825,8.97,0.1343,1.0934,0.76,11.0453,11.1043,1.2364,3.096,3.04,3.8718,3.8506,649110.0,539207.5,66237.6,5822516.7,4836691.275,4
3730,601311.SH,骆驼股份,20260825,7.4,0.7398,1.2254,0.79,10.3616,14.824,0.8744,0.5325,0.5443,3.9189,4.8649,117314.6118,117314.6118,70819.8745,868128.114,868128.114,1
3731,601318.SH,中国平安,20260825,55.01,0.6935,0.7624,0.86,7.3907,6.2524,0.9689,0.9482,0.885,4.6719,4.9082,1810764.1995,1066006.5083,969734.5981,99610138.642,58641018.1151,1
3732,601319.SH,中国人保,20260825,7.1,0.1848,2.1973,1.36,6.7313,7.3688,0.9832,0.4693,0.475,3.5912,3.0985,4422399.0583,3549775.6583,298560.3196,31399033.326,25203407.186,1
3733,601326.SH,秦港股份,20260825,3.4,0.3848,1.6589,0.97,11.827,11.775,0.9163,2.7195,2.6951,2.5,3.3824,558741.2,475755.9,110357.5437,1899720.08,1617570.06,1
3734,601328.SH,交通银行,20260825,7.16,0.5534,0.6282,0.86,6.6165,6.5623,0.5434,2.3868,2.358,6.0773,4.5349,8836378.4223,2607243.9569,2296728.4001,63268469.5037,18667866.7314,4
3735,601330.SH,绿色动力,20260825,7.05,0.6183,1.9681,1.06,16.3309,15.7799,1.2188,2.8539,2.8008,4.1021,4.4885,143040.5028,98909.5236,31074.3722,1008435.525,697312.116,1
3736,601333.SH,广深铁路,20260825,2.95,1.0548,1.9724,1.07,14.656,13.5936,0.7221,0.7285,0.7161,2.3729,3.0508,708353.7,565223.7,302278.57,2089643.415,1667409.915,1
3737,601336.SH,新华保险,20260825,59.36,0.6808,2.0211,0.91,5.1035,5.0179,1.4987,1.1739,1.2642,4.4811,4.5991,311954.66,208543.934,70249.7025,18517628.6176,12379167.6848,4
3738,601339.SH,百隆东方,20260825,7.73,0.4607,1.7921,0.88,17.6667,14.0403,1.2586,1.4747,1.3567,5.304,5.1746,149956.9,149956.9,38548.2228,1159166.837,1159166.837,4
3739,601360.SH,三六零,20260825,8.62,0.777,1.905,0.65,229.4038,79.3393,2.1358,6.9411,6.6762,2.3202,2.3202,699955.7879,699955.7879,285504.122,6033618.9098,6033618.9098,1
3740,601366.SH,利群股份,20260825,3.66,2.6024,4.2948,0.8,,,0.8038,0.5189,0.5579,0.4847,2.7322,95974.1113,95974.1113,58154.1929,351265.2426,351265.2426,1
3741,601368.SH,绿城水务,20260825,4.64,0.5143,1.1931,1.13,43.0245,34.6221,0.8473,1.6369,1.6338,0.6466,0.7543,88297.3077,88297.3077,38062.6493,409699.5184,409699.5184,1
3742,601369.SH,陕鼓动力,20260825,8.81,0.3867,1.0151,0.74,20.3003,21.9435,1.6694,1.6116,1.6067,4.8808,3.5187,172347.4492,170621.1292,64992.2669,1518381.0345,1503172.1553,1
3743,601375.SH,中原证券,20260825,4.04,0.8396,1.1029,1.04,41.1507,35.9674,1.289,9.5557,8.9343,0.6188,0.7426,464288.47,344751.97,262453.5853,1875725.4188,1392797.9588,1
3744,601377.SH,兴业证券,20260825,5.83,0.3787,0.535,0.7,17.5406,13.7207,0.8953,4.2519,3.8237,2.5729,2.5729,863598.7294,863598.7294,611290.5527,5034780.5959,5034780.5959,1
3745,601388.SH,怡球资源,20260825,3.42,3.4806,6.4941,2.72,44.3265,20.5742,1.5978,0.9908,0.9352,,0.731,220122.2616,220122.2616,117976.163,752818.1292,752818.1292,1
3746,601390.SH,中国中铁,20260825,4.38,0.3339,0.7654,0.93,4.6937,5.0622,0.3342,0.0985,0.0998,5.9915,3.8489,2453131.0329,2032392.0329,886519.4439,10744713.9114,8901877.0914,1
3747,601398.SH,工商银行,20260825,7.9,0.1083,0.9357,0.79,7.6394,7.5822,0.7141,3.3588,3.2898,5.6886,3.9278,35640625.7089,26961221.2539,3119269.1681,281560943.109,212993647.875,1
3748,601399.SH,国机重装,20260825,3.15,0.7593,2.0296,1.06,49.0227,47.389,1.5273,1.6376,1.6252,,,721355.589,721355.589,269849.5069,2272270.1085,2272270.1085,1
3749,601456.SH,国联民生,20260825,8.76,0.2955,0.4595,1.02,24.7706,23.3676,0.9303,6.485,6.2458,0.6393,0.6849,568059.2806,437698.1617,281461.2078,4976199.2928,3834235.8816,1
3750,601500.SH,通用股份,20260825,4.04,0.722,0.8623,0.98,31.7562,28.392,1.042,0.7527,0.7514,,,158300.0735,158300.0735,132530.5675,639532.2828,639532.2828,1
3751,601512.SH,中新集团,20260825,7.75,0.2064,1.0864,1.14,11.0003,12.6812,0.7531,3.6139,4.0454,1.6516,2.7355,149889.0,149889.0,28479.0,1161639.75,1161639.75,1
3752,601515.SH,衢州东峰,20260825,3.38,0.5188,1.0397,0.69,,,1.3276,5.1229,4.8934,,,192447.0671,192447.0671,96019.6132,650471.0966,650471.0966,1
3753,601518.SH,吉林高速,20260825,2.79,0.8831,2.9834,1.6,10.7463,10.7287,0.9048,3.856,3.821,3.0824,4.6595,189055.3169,189055.3169,55961.5908,527464.3428,527464.3428,1
3754,601519.SH,大智慧,20260825,7.96,1.1854,2.3686,0.83,,,12.2058,19.1562,18.7854,,,198916.0,198916.0,99553.4734,1583371.36,1583371.36,1
3755,601528.SH,瑞丰银行,20260825,4.99,0.8929,0.9765,1.02,4.9807,4.9595,0.4799,2.2212,2.2438,4.008,4.2084,196216.1395,185577.0886,169683.591,979118.5386,926029.6791,1
3756,601555.SH,东吴证券,20260825,7.86,0.4596,0.6413,0.74,10.9945,11.5761,0.8927,4.3247,4.4296,4.771,4.5547,496870.2837,496870.2837,356109.0216,3905400.4008,3905400.4008,4
3757,601566.SH,九牧王,20260825,8.4,0.753,2.6485,0.69,16.3938,30.1802,1.2855,1.6224,1.5911,3.5714,5.9524,57463.715,57463.715,16336.901,482695.248,482695.248,1
3758,601567.SH,三星电气,20260825,14.56,0.8193,1.6905,0.96,16.06,21.4919,1.7497,1.4247,1.4649,9.4052,4.3092,140520.94,140520.94,68104.8017,2045984.8864,2045984.8864,1
3759,601568.SH,北元化工,20260825,3.78,0.3442,0.8674,0.91,138.6394,366.2897,1.3199,1.6799,1.7184,2.6455,1.3228,397222.2224,397222.2224,157648.339,1501499.9916,1501499.9916,1
3760,601577.SH,长沙银行,20260825,9.54,0.4306,0.7371,0.94,4.7321,4.6599,0.52,1.5063,1.4839,6.499,4.5073,402155.3754,402068.3625,234876.0763,3836562.2298,3835732.1544,4
3761,601579.SH,会稽山,20260825,19.7,4.6555,11.256,0.88,38.6093,33.8047,2.5161,5.184,5.0831,1.9923,1.4943,47946.3409,47946.3409,19830.5209,944542.898,944542.898,4
3762,601588.SH,北辰实业,20260825,1.73,1.5374,3.0852,1.79,,,1.0005,0.9611,0.957,,,336702.0,266000.0,132552.1697,582494.46,460180.0,1
3763,601595.SH,上海电影,20260825,16.48,1.3681,4.4443,1.35,65.4255,121.8251,4.3654,8.0431,8.7295,0.2913,0.2913,44820.0,44820.0,13797.1683,738633.6,738633.6,1
3764,601598.SH,中国外运,20260825,6.63,0.2245,1.1225,0.78,11.826,11.7198,1.1393,0.4913,0.5028,4.3772,4.5265,717375.1227,515747.0227,103153.2957,4756197.0456,3419402.7426,1
3765,601599.SH,浙文影业,20260825,3.09,1.3444,1.7478,1.19,27.0209,32.1831,2.3418,1.1104,1.1063,,,116054.2453,116054.2453,89272.4964,358607.6325,358607.6325,1
3766,601600.SH,中国铝业,20260825,9.37,1.0243,1.7392,0.84,12.6829,10.9603,1.9932,0.6666,0.6592,2.7536,2.8816,1715497.1327,1320333.9905,777562.8694,16074208.2018,12371529.4863,4
3767,601601.SH,中国太保,20260825,31.48,0.6818,1.3329,1.05,5.6602,5.6167,0.9476,0.696,0.6978,3.4307,3.6531,962034.1455,684504.1455,350157.5939,30284835.042,21548190.642,1
3768,601606.SH,长城军工,20260825,31.54,5.6525,13.7498,1.66,2736.8299,,10.6738,14.6025,17.1179,,0.0127,72422.84,72422.84,29772.6841,2284216.3736,2284216.3736,1
3769,601607.SH,上海医药,20260825,16.37,0.369,1.0309,0.79,10.6045,10.4499,0.7853,0.2141,0.2107,1.7715,2.8711,370836.1809,278920.7505,99826.2872,6070588.2666,4565932.6775,1
3770,601608.SH,中信重工,20260825,4.74,0.5891,1.6539,0.84,57.8144,57.181,2.3031,2.6776,2.6734,0.6034,0.692,457955.3437,457955.3437,163124.5936,2170708.3116,2170708.3116,1
3771,601609.SH,金田股份,20260825,13.46,4.236,8.7321,0.57,30.9222,28.3293,2.2813,0.186,0.1604,0.687,1.0083,172863.8193,172863.8193,83857.94,2326747.0172,2326747.0172,1
3772,601611.SH,中国核建,20260825,10.63,0.602,1.8106,0.68,24.288,27.3691,1.4227,0.3143,0.3359,0.9784,0.5644,301383.4212,301383.4212,100211.0724,3203705.7546,3203705.7546,1
3773,601615.SH,明阳智能,20260825,10.82,1.3622,1.7673,0.73,37.0819,63.977,0.9276,0.6423,0.6266,2.6724,1.6332,226149.6706,226149.6706,174308.7771,2446939.4294,2446939.4294,1
3774,601616.SH,广电电气,20260825,3.97,4.0248,5.3708,1.61,,,1.422,4.422,4.182,1.7632,,85367.5319,85367.5319,63972.8769,338909.0941,338909.0941,1
3775,601618.SH,中国中冶,20260825,2.59,0.3657,1.0147,1.03,40.5452,39.7776,0.5194,0.1177,0.126,2.1622,,2069161.917,1785261.917,643390.387,5359129.3728,4623828.3728,1
3776,601619.SH,嘉泽新能,20260825,4.05,0.8462,1.2477,0.52,17.0756,24.8031,1.5329,4.8794,5.083,3.429,1.9092,301133.6508,253324.8859,171809.4194,1219591.2825,1025965.8045,1
3777,601628.SH,中国人寿,20260825,37.6,0.1389,1.9276,0.98,6.8975,7.3404,1.7764,1.7262,1.7748,1.8298,2.2766,2826470.5,2082353.0,150000.0,106275290.8,78296472.8,4
3778,601633.SH,长城汽车,20260825,15.4,0.1353,0.7656,0.72,13.3913,14.5822,1.4978,0.5929,0.5796,2.9128,2.2636,857846.9665,621323.2772,109823.2822,13210843.338,9568378.512,1
3779,601636.SH,旗滨集团,20260825,5.75,1.1075,1.7613,0.47,27.4813,104.9652,1.1386,1.081,1.0753,0.7031,1.878,295865.3728,295865.3728,186033.1027,1701225.8775,1701225.8775,1
3780,601658.SH,邮储银行,20260825,5.04,0.1897,1.3337,0.93,6.9251,6.8872,0.5863,1.7015,1.6696,4.1065,4.3313,12009505.3492,7252780.0605,1031701.1125,60527906.964,36554011.5024,0
3781,601665.SH,齐鲁银行,20260825,6.52,0.6916,1.1307,0.92,7.0225,6.7941,0.7932,3.0546,2.9617,3.2131,3.8221,615384.2525,615384.2525,376404.5596,4012305.31,4012305.31,4
3782,601666.SH,平煤股份,20260825,9.56,1.4863,3.0458,0.81,102.0575,81.3454,1.0721,1.1498,1.0403,5.9741,0.594,246936.5109,246936.5109,120502.5969,2360713.0356,2360713.0356,4
3783,601668.SH,中国建筑,20260825,4.47,0.5585,1.3206,1.21,4.7276,4.8685,0.3723,0.0887,0.0906,6.0738,6.0805,4132039.0444,4132039.0444,1747666.3119,18470214.5088,18470214.5088,1
3784,601669.SH,中国电建,20260825,4.65,0.5082,0.8214,0.95,8.0044,8.5787,0.5442,0.1241,0.1236,2.7301,2.2692,1722615.9334,1307152.585,808778.7421,8010164.121,6078259.5435,1
3785,601677.SH,明泰铝业,20260825,16.39,1.7587,2.076,0.73,10.3969,8.398,1.0021,0.58,0.5191,1.6416,1.922,124329.0627,124329.0627,105327.9378,2037753.2934,2037753.2934,1
3786,601678.SH,滨化股份,20260825,6.23,4.0284,4.5626,0.87,66.6183,54.4304,1.2839,1.0116,1.0021,0.7858,0.7786,240896.2276,204333.6276,180408.959,1500783.5129,1272998.5149,4
3787,601686.SH,友发集团,20260825,5.23,0.311,0.5433,0.98,11.3817,11.5217,1.1214,0.1527,0.1523,5.4044,5.5373,147934.7326,147934.7326,84684.2326,773698.6379,773698.6379,1
3788,601688.SH,华泰证券,20260825,18.59,0.474,0.6756,0.63,10.2426,9.5664,0.9422,4.6861,4.3177,2.7973,2.9586,902686.3786,730675.8106,512607.3091,16780939.8042,13583263.3079,4
3789,601689.SH,拓普集团,20260825,46.8,0.8047,1.9342,0.64,29.2654,29.4101,3.3077,2.7494,2.6717,1.109,1.047,173783.558,173783.558,72300.1111,8133070.608,8133070.608,1
3790,601696.SH,中银证券,20260825,11.61,0.7297,1.3963,0.76,30.8553,28.6322,1.6665,9.5139,9.0604,0.3307,0.3247,277800.0,277800.0,145168.4209,3225258.0,3225258.0,0
3791,601698.SH,中国卫通,20260825,23.79,0.3997,1.7002,0.49,227.7649,268.8592,6.3297,37.9986,37.8833,0.1358,0.132,422438.5412,422438.5412,99310.4778,10049812.8666,10049812.8666,1
3792,601699.SH,潞安环能,20260825,16.73,1.2127,3.2303,1.05,44.8783,42.5212,1.0797,1.7989,1.78,2.4507,1.1178,299140.92,299140.92,112306.2688,5004627.5916,5004627.5916,4
3793,601700.SH,风范股份,20260825,7.51,20.4739,41.5476,1.26,,,3.9758,2.8703,2.6234,0.2609,,113875.73,113875.73,56115.96,855206.7323,855206.7323,4
3794,601702.SH,华峰铝业,20260825,15.84,0.8494,2.7999,0.53,13.1602,13.3049,2.3623,1.2667,1.2222,1.8939,1.8939,99853.06,99853.06,30293.0,1581672.4704,1581672.4704,4
3795,601717.SH,中创智领,20260825,15.09,0.6918,0.9699,0.55,6.2752,6.5764,1.0755,0.6515,0.655,7.4221,8.2836,178539.993,154216.573,109995.5414,2694168.4491,2327128.0413,4
3796,601718.SH,ST际华,20260825,1.85,0.2907,0.5984,0.54,,,0.6763,1.1649,1.3163,,,436106.9503,436106.9503,211892.1512,806797.8575,806797.8575,1
3797,601727.SH,上海电气,20260825,6.5,0.2215,0.4495,0.62,83.7417,78.0394,1.8402,0.8019,0.7888,,0.2192,1554012.1636,1261563.9636,621520.4251,10101079.04,8200165.74,1
3798,601728.SH,中国电信,20260825,6.45,0.1061,0.5738,0.71,17.7859,19.8357,1.2508,1.1265,1.1494,4.2465,4.2171,9150713.8699,7762972.8699,1435912.6872,59022104.4615,50071175.0115,4
3799,601766.SH,中国中车,20260825,6.13,0.4113,1.0278,0.65,13.3468,12.6329,0.9969,0.6443,0.6173,5.2202,3.752,2869886.4088,2432779.8048,973548.9798,17592403.6933,14912940.174,1
3800,601777.SH,千里科技,20260825,8.15,0.4741,1.1406,0.89,436.5329,280.0869,3.5682,3.685,3.3697,,,452110.0071,452110.0071,187904.5289,3684696.5815,3684696.5815,1
3801,601778.SH,晶科科技,20260825,3.61,2.2513,2.9209,0.75,40.7463,56.974,0.8555,3.4461,3.9875,0.7258,0.7713,372304.4498,372304.4498,286964.4498,1344019.0645,1344019.0645,1
3802,601788.SH,光大证券,20260825,14.34,0.2825,0.6162,0.71,17.7538,15.4832,1.0756,6.0929,5.6115,1.5209,0.7636,461078.7639,390669.8839,179122.5656,6611869.4184,5602206.0792,1
3803,601789.SH,宁波建工,20260825,4.25,2.6192,3.5815,0.65,27.4599,23.7892,1.033,0.3018,0.333,1.6775,1.1765,152439.1877,108679.859,79479.859,647866.5575,461889.405,1
3804,601798.SH,蓝科高新,20260825,7.83,1.428,2.2789,1.03,57.0741,50.9783,2.145,2.7974,2.8302,,,35452.8198,35452.8198,22215.4098,277595.5806,277595.5806,1
3805,601799.SH,星宇股份,20260825,84.42,1.1393,2.4927,0.98,14.8496,14.5535,2.0844,1.5808,1.5468,1.7683,2.3456,28567.9419,28567.9419,13056.7792,2411705.4948,2411705.4948,1
3806,601800.SH,中国交建,20260825,5.95,0.2393,1.1949,1.11,6.5399,7.2063,0.3312,0.132,0.1317,5.0978,3.2868,1621378.6279,1172287.3079,234825.6475,9647202.836,6975109.482,1
3807,601801.SH,皖新传媒,20260825,5.44,0.6213,2.8269,1.07,13.2953,14.2045,0.8764,1.3311,1.369,1.8382,5.5147,195793.1237,195793.1237,43032.2372,1065114.5728,1065114.5728,1
3808,601808.SH,中海油服,20260825,12.43,0.4764,2.5658,0.7,15.4385,15.5662,1.2484,1.1796,1.168,1.8552,2.2727,477159.2,296046.8,54962.07,5931088.856,3679861.724,1
3809,601811.SH,新华文轩,20260825,12.08,0.2957,1.3897,1.35,9.5029,9.5192,0.9581,1.2705,1.2709,4.9669,5.0497,123384.1,79190.39,16852.143,1490479.928,956619.9112,1
3810,601816.SH,京沪高铁,20260825,4.87,0.27,0.5379,1.05,18.0891,17.847,1.1324,5.5331,5.4903,3.2177,2.7495,4892567.937,4892567.937,2455697.6065,23826805.8678,23826805.8678,4
3811,601818.SH,光大银行,20260825,3.07,0.4124,1.2154,1.13,4.6719,4.7961,0.3596,1.4361,1.4507,6.1564,5.7003,5908555.1061,4640681.5561,1574705.0464,18139264.1877,14246892.3892,0
3812,601825.SH,沪农商行,20260825,8.81,0.343,0.5751,1.21,6.9007,6.8863,0.6452,3.2843,3.2741,4.9262,4.9376,964444.4445,943229.9197,562531.6175,8496755.5164,8309855.5952,4
3813,601827.SH,三峰环境,20260825,8.27,0.2494,0.8937,0.87,11.2326,11.0482,1.1086,2.4873,2.5024,2.9625,3.2164,167193.33,167193.33,46655.2359,1382688.8391,1382688.8391,1
3814,601828.SH,美凯龙,20260825,2.17,1.2339,3.005,1.38,,,0.419,1.4354,1.4501,,,435368.7873,361240.2239,148332.7199,944750.2743,783891.2774,1
3815,601838.SH,成都银行,20260825,18.72,0.395,0.7684,0.71,5.9731,5.9087,0.8626,3.3616,3.3083,4.7596,4.9199,423843.5356,423843.5356,217872.2156,7934351.0688,7934351.0688,4
3816,601857.SH,中国石油,20260825,11.19,0.0485,0.6928,0.56,13.0196,12.947,1.2607,0.715,0.7192,4.2002,4.2002,18302097.7818,16192207.7818,1133871.4551,204800474.1582,181190805.0582,1
3817,601858.SH,中国科传,20260825,21.98,1.2163,6.6324,1.07,35.9052,35.7026,3.0447,5.7676,5.9423,1.2466,1.3935,79050.0,79050.0,14497.065,1737519.0,1737519.0,1
3818,601860.SH,紫金银行,20260825,2.56,1.4711,1.9191,0.98,7.5313,7.4903,0.4584,2.2758,2.2619,3.9061,3.9061,366110.4277,355168.7961,272266.3356,937242.7008,909232.128,0
3819,601865.SH,福莱特,20260825,10.2,0.6119,1.4522,0.62,24.3708,26.1863,1.0847,1.5352,1.5762,,1.4603,234288.0543,190102.5543,80105.0543,2389738.11,1939046.01,4
3820,601866.SH,中远海发,20260825,2.4,0.4596,1.2442,0.74,19.583,20.4376,1.0126,1.2506,1.2231,1.7156,1.5456,1313205.672,971042.772,358692.3722,3151693.6128,2330502.6528,0
3821,601868.SH,中国能建,20260825,2.52,0.5668,1.3071,1.0,19.089,19.6169,0.9339,0.2461,0.2453,1.4238,1.2381,4424018.3243,3242872.7636,1406193.1907,11148526.1664,8172039.3552,1
3822,601869.SH,长飞光纤,20260825,394.5,5.1443,19.2348,1.57,401.3686,94.8744,19.9585,22.9165,18.4769,0.0679,0.0748,82790.5108,40633.8314,10867.3495,32660856.195,16030045.935,1
3823,601872.SH,招商轮船,20260825,18.83,1.1325,3.4878,0.64,25.2896,19.2215,3.3742,5.396,4.8829,1.2002,1.6994,807453.8502,807453.8502,262185.3016,15204355.9955,15204355.9955,4
3824,601877.SH,正泰电器,20260825,25.95,1.1541,2.4568,0.75,12.3885,10.9977,1.2121,0.9429,0.8252,2.3069,2.2897,214896.8976,214896.8976,100947.8178,5576574.555,5576574.555,4
3825,601878.SH,浙商证券,20260825,9.21,0.2509,0.4685,0.74,17.4616,16.1521,1.1174,4.7648,4.4227,1.6149,1.8302,457379.6639,457379.6639,244897.148,4212466.6686,4212466.6686,1
3826,601880.SH,辽港股份,20260825,1.46,0.2888,0.8907,0.93,26.3354,23.5436,0.8453,3.0298,3.009,1.637,1.9589,2357176.7213,1841305.1214,597006.9859,3441478.0112,2688305.4752,1
3827,601881.SH,中国银河,20260825,12.04,0.1868,0.6593,0.64,10.5154,10.2659,1.0861,4.6516,4.4935,2.6661,2.907,1093440.2256,724341.7623,205231.828,13165020.3692,8721074.7904,1
3828,601882.SH,海天精工,20260825,19.8,0.847,3.1767,0.55,24.0929,23.4142,3.3775,3.0688,3.0019,1.8182,1.5152,52200.0,52200.0,13918.6977,1033560.0,1033560.0,1
3829,601886.SH,江河集团,20260825,13.37,2.6152,7.9669,0.85,24.8233,20.9565,2.0942,0.6934,0.6493,4.1137,3.7397,113300.206,113300.206,37191.1394,1514823.8077,1514823.8077,1
3830,601888.SH,中国中免,20260825,52.61,0.9858,2.1108,1.04,30.4817,26.7082,1.9026,2.0359,2.0548,2.471,1.3305,207779.6644,195247.5544,91183.2854,10931287.9126,10271973.6055,1
3831,601890.SH,亚星锚链,20260825,8.69,2.9175,4.5621,1.07,26.2647,23.442,2.1354,3.9716,3.7536,1.611,1.1507,95940.0,95940.0,61354.4006,833718.6,833718.6,1
3832,601898.SH,中煤能源,20260825,15.08,0.7784,4.6363,1.53,11.1801,10.9065,1.2031,1.3504,1.3625,2.8117,2.8117,1325866.34,915200.04,153647.8192,19994064.4072,13801216.6032,1
3833,601899.SH,紫金矿业,20260825,33.68,1.2211,1.7327,0.88,17.2967,13.2373,4.4342,2.5655,2.3847,1.481,3.0192,2659071.4622,2060179.314,1451827.5436,89557526.7728,69386839.1608,4
3834,601900.SH,南方传媒,20260825,11.85,0.5697,1.5217,0.97,10.0207,9.798,1.1857,1.2103,1.2365,4.6414,4.7257,88197.0094,88197.0094,33018.8402,1045134.5685,1045134.5685,1
3835,601901.SH,方正证券,20260825,6.69,0.5091,1.0347,1.06,13.872,12.9248,1.0507,5.2433,5.0345,1.7982,2.1674,823210.1395,823210.1395,405033.3792,5507275.8366,5507275.8366,1
3836,601908.SH,京运通,20260825,3.0,1.0723,1.9847,0.84,,,0.9784,2.3272,2.5388,,,241460.2861,241460.2861,130460.4193,724380.87,724380.87,1
3837,601916.SH,浙商银行,20260825,2.93,0.5999,0.7144,1.16,6.2231,6.2025,0.4384,1.2873,1.2855,5.3242,4.471,2746463.5963,2154443.5963,1809235.9057,8047138.348,6312519.748,4
3838,601918.SH,新集能源,20260825,10.47,2.0457,3.8373,1.18,12.6975,11.1474,1.4921,2.2087,1.8886,1.5282,1.6237,259054.18,259054.18,138109.0227,2712297.2646,2712297.2646,4
3839,601919.SH,中远海控,20260825,17.07,1.0686,2.6197,1.1,8.4432,10.404,1.1058,1.1873,1.2216,9.3542,5.8722,1526812.2965,1255653.6965,512221.7068,26062685.9013,21434008.5993,4
3840,601921.SH,浙版传媒,20260825,7.41,0.3113,1.6382,0.42,12.8076,13.1144,1.1324,1.5618,1.6372,5.3981,4.3185,222222.2223,222222.2223,42222.1962,1646666.6502,1646666.6502,1
3841,601928.SH,凤凰传媒,20260825,8.81,0.3763,1.3838,0.94,12.4896,13.1008,1.1007,1.8159,1.8676,6.8104,5.6754,254490.0,254490.0,69211.9742,2242056.9,2242056.9,0
3842,601929.SH,吉视传媒,20260825,2.33,2.1497,3.1175,1.21,,,1.7834,4.1005,4.0651,,,348978.8168,348978.8168,240645.0804,813120.6506,813120.6506,1
3843,601933.SH,永辉超市,20260825,3.11,1.7172,3.7757,1.11,,,12.8021,0.5187,0.5862,,,892503.7165,892503.7165,405901.5415,2775686.5692,2775686.5692,1
3844,601939.SH,建设银行,20260825,10.66,1.3227,1.911,1.04,8.2284,8.1577,0.7861,3.6642,3.565,5.5235,1.9034,26160038.1459,959365.7606,664036.519,278866006.679,10226839.0016,0
3845,601949.SH,中国出版,20260825,5.22,0.4953,2.1601,1.17,15.3565,17.2714,0.999,1.8633,1.9086,1.954,1.954,190396.8054,190396.8054,43654.2902,993871.3482,993871.3482,1
3846,601952.SH,苏垦农发,20260825,8.94,2.5471,7.9213,0.83,22.4864,25.7403,1.7123,1.2232,1.2552,3.0201,2.349,137800.0,137800.0,44310.3574,1231932.0,1231932.0,1
3847,601956.SH,东贝集团,20260825,5.01,1.1317,2.142,1.33,40.9792,,1.3224,0.5074,0.4979,1.9965,1.968,62161.659,62161.659,32842.6548,311429.9166,311429.9166,1
3848,601958.SH,金钼股份,20260825,22.07,2.6458,9.571,1.56,22.5723,20.2678,3.4453,5.1474,4.8136,1.8124,1.8124,322660.44,322660.44,89194.8133,7121115.9108,7121115.9108,4
3849,601963.SH,重庆银行,20260825,11.16,0.6369,1.1342,0.83,7.1564,6.7639,0.6797,2.6773,2.5385,3.4356,3.9038,362577.7875,203405.7281,114211.8664,4046368.1364,2270007.9468,4
3850,601965.SH,中国汽研,20260825,14.09,0.5361,1.4326,0.99,13.3569,13.4543,1.7651,2.8444,2.8902,3.1242,2.4133,100264.8387,99840.5727,37357.3259,1412731.5956,1406753.6313,1
3851,601966.SH,玲珑轮胎,20260825,11.19,0.6651,1.4796,1.19,11.9636,15.6686,0.7172,0.6646,0.655,2.3146,1.9392,146350.2683,146350.2683,65789.9761,1637659.5213,1637659.5213,1
3852,601968.SH,宝钢包装,20260825,4.48,0.5737,1.3905,1.41,30.4495,29.1999,1.2563,0.651,0.62,1.6994,1.6553,127577.946,127577.946,52638.0152,571549.216,571549.216,1
3853,601969.SH,海南矿业,20260825,9.43,1.2467,5.5841,1.61,43.4171,28.1425,2.6311,4.2377,3.9649,1.1694,1.168,198450.9351,197247.6616,44036.143,1871392.2699,1860045.4338,1
3854,601975.SH,招商南油,20260825,4.04,4.0549,5.8569,0.87,14.4177,12.9625,1.5781,3.2492,3.1439,,0.6683,468034.4678,468034.4678,324032.6995,1890859.2588,1890859.2588,1
3855,601985.SH,中国核电,20260825,8.84,0.4206,1.0451,1.55,19.5418,22.0881,1.5155,2.2153,2.2523,1.8093,2.031,2056800.2074,1888328.4867,759939.4793,18182113.8564,16692823.8516,1
3856,601988.SH,中国银行,20260825,6.14,0.1198,2.0652,0.92,8.1408,8.0656,0.7238,3.0052,2.943,5.2692,3.6857,32221241.1814,21076551.4846,1222241.8928,197838420.8452,129410026.0872,1
3857,601990.SH,南京证券,20260825,6.61,0.1772,0.2784,0.64,26.986,26.5817,1.2316,10.365,10.491,1.6479,1.8441,439962.7795,423172.48,269316.9139,2908153.9758,2797170.0928,1
3858,601991.SH,大唐发电,20260825,5.9,1.2549,4.6319,0.54,14.7828,13.5786,2.965,0.9005,0.9,1.9847,0.9322,1850671.0504,1239608.9106,335854.3159,10918959.195,7313692.569,1
3859,601992.SH,金隅集团,20260825,1.39,0.3744,0.9028,1.44,,,0.3821,0.1629,0.1657,3.5971,3.5971,1067777.1134,833415.8264,345581.3926,1484210.1829,1158448.0037,1
3860,601995.SH,中金公司,20260825,33.68,0.3599,1.0655,0.71,16.606,14.3548,1.5836,5.7084,5.1474,0.5344,0.9501,482725.6868,292354.244,98738.676,16258201.2392,9846490.8032,1
3861,601996.SH,丰林集团,20260825,2.6,2.2899,3.8776,1.3,,,1.2446,1.7174,1.7207,,,112091.4416,112091.4416,66196.8416,291437.744,291437.744,1
3862,601997.SH,贵阳银行,20260825,5.47,4.1028,5.1833,3.43,3.81,3.8946,0.3029,1.5385,1.4592,5.3016,5.4845,365619.8076,365619.8076,289405.9131,1999940.3607,1999940.3607,4
3863,601998.SH,中信银行,20260825,8.51,0.2578,1.4016,1.36,6.7057,6.6502,0.6375,2.2287,2.2005,4.2327,4.4771,5564516.2264,4076299.9287,749816.9354,47354033.1173,34689312.4043,4
3864,601999.SH,出版传媒,20260825,6.13,0.7677,2.3639,0.5,32.154,32.2552,1.2577,1.6115,1.668,0.9788,0.9788,55091.47,55091.47,17891.47,337710.7111,337710.7111,1
3865,603000.SH,人民网,20260825,16.5,1.776,4.1224,1.97,85.7654,95.7337,4.7414,8.7926,8.8243,0.8,0.8061,110569.1056,110569.1056,47633.3171,1824390.315,1824390.315,1
3866,603001.SH,奥康国际,20260825,8.12,1.9954,3.8229,0.56,,,1.3794,1.6927,2.0205,1.8473,,40098.0,40098.0,20929.2283,325595.76,325595.76,1
3867,603002.SH,宏昌电子,20260825,15.52,3.903,8.3257,0.53,497.599,301.2406,5.0612,5.7215,4.4717,0.1289,0.0966,113407.8509,113407.8509,53164.5774,1760089.832,1760089.832,4
3868,603004.SH,鼎龙科技,20260825,18.83,3.7361,3.7361,0.86,29.7289,38.7949,2.1126,6.3149,6.404,1.1152,1.0621,23552.0,5888.0,5888.0,443484.16,110871.04,1
3869,603005.SH,晶方科技,20260825,30.33,7.3154,8.685,1.31,53.5157,58.6141,4.2722,13.4205,13.3367,0.2766,0.3952,65217.1706,65217.1706,54932.194,1978036.7661,1978036.7661,4
3870,603006.SH,联明股份,20260825,11.54,1.2117,4.2977,1.31,31.7635,28.2447,2.1575,3.3972,3.1677,6.5858,6.0659,25425.425,25425.425,7168.5498,293409.4622,293409.4622,1
3871,603007.SH,顺景科技,20260825,4.73,3.189,3.189,1.5,,,17.8479,10.1984,7.6034,,,88444.6101,69508.9029,69508.9029,418343.0053,328777.097,1
3872,603008.SH,ST喜临门,20260825,8.17,1.0275,1.6145,0.81,12.4641,22.3815,0.8558,0.3412,0.3431,9.8463,3.4272,36829.2435,36829.2435,23438.2201,300894.8908,300894.8908,1
3873,603009.SH,北特科技,20260825,44.65,1.395,2.2819,0.52,129.3723,125.0643,7.5227,6.6584,6.5359,0.186,0.3113,34638.9815,34638.9815,21175.696,1546630.457,1546630.457,4
3874,603010.SH,万盛股份,20260825,11.34,1.305,2.6072,0.72,,,2.5738,1.9641,1.7824,0.6906,0.0878,58503.0293,57077.8293,28570.0154,663424.3602,647262.5922,4
3875,603011.SH,合锻智能,20260825,22.8,4.8391,6.9153,0.56,,,6.0472,5.3126,5.352,,,49441.4437,49441.4437,34597.6015,1127264.832,1127264.832,1
3876,603012.SH,创力集团,20260825,8.78,2.256,2.9015,0.61,53.5312,61.9288,1.4774,2.1596,2.099,1.1459,1.139,64650.0,64650.0,50268.1078,567627.0,567627.0,1
3877,603013.SH,亚普股份,20260825,16.35,0.3486,1.744,0.99,15.7312,14.8118,1.7933,0.9098,0.8882,2.4669,2.4484,50821.9564,50821.9564,10158.5864,830939.046,830939.046,1
3878,603014.SH,威高血净,20260825,32.25,0.734,0.734,0.54,27.9342,27.5939,1.8574,3.5748,3.567,0.4886,1.6073,41775.4066,10148.4882,10148.4882,1347256.9725,327288.8025,1
3879,603015.SH,弘讯科技,20260825,10.91,1.555,3.1034,0.81,102.7287,110.7605,3.1846,5.3197,5.2844,0.4583,0.7333,40421.9,40421.9,20254.73,441002.929,441002.929,1
3880,603016.SH,新宏泰,20260825,28.82,2.1879,4.8443,0.68,67.0517,79.5448,5.2396,7.0039,7.1532,1.6412,1.1797,14816.0,14816.0,6691.48,426997.12,426997.12,4
3881,603017.SH,中衡设计,20260825,9.97,4.2642,7.5991,2.54,56.1338,47.2234,1.8397,2.3392,2.3109,1.9806,3.466,27619.0293,27619.0293,15498.4571,275361.7291,275361.7291,1
3882,603018.SH,华设集团,20260825,5.31,0.8581,0.8581,1.15,15.8591,15.2901,0.8019,1.0583,1.0639,1.5559,1.9448,81914.7727,81914.7727,81914.7727,434967.4287,434967.4287,1
3883,603019.SH,中科曙光,20260825,83.19,1.4144,1.6935,0.59,55.9284,54.885,5.3963,8.1342,7.8139,0.3244,0.5406,146311.5784,146305.4344,122193.3796,12171659.5083,12171148.7217,1
3884,603020.SH,爱普股份,20260825,9.97,0.977,1.558,0.78,43.173,42.7876,1.1302,1.5165,1.5047,1.8054,1.003,37563.7774,37563.7774,23555.3508,374510.8866,374510.8866,1
3885,603021.SH,*ST华鹏,20260825,5.45,1.9235,3.2498,0.59,,,,4.8744,4.9017,,,31994.807,31994.807,18936.7934,174371.7145,174371.7145,1
3886,603022.SH,新通联,20260825,8.97,1.3286,2.2243,1.07,30.1446,30.2073,2.101,1.8315,1.8171,0.8696,1.1148,20000.0,20000.0,11946.0,179400.0,179400.0,1
3887,603023.SH,威帝股份,20260825,4.09,1.4522,2.7185,0.87,561.5248,,2.9817,11.8049,12.1896,,,55811.7407,55811.7407,29814.2418,228270.0166,228270.0166,1
3888,603025.SH,大豪科技,20260825,13.72,0.6759,2.9843,0.49,21.5746,18.1632,5.5474,5.1039,4.5757,2.5339,3.2799,111665.4773,110917.4773,25120.8569,1532050.3856,1521787.8256,1
3889,603026.SH,石大胜华,20260825,62.2,2.9106,4.2801,0.86,910.4021,44.3927,2.784,2.1259,1.9426,,0.0643,23270.1014,23270.1014,15824.5299,1447400.22,1447400.22,4
3890,603027.SH,千禾味业,20260825,7.36,0.7764,1.5796,0.95,28.1787,29.2249,2.7874,3.8082,3.8276,6.2822,3.4927,133073.8612,133073.8612,65407.373,979423.6096,979423.6096,1
3891,603028.SH,赛福天,20260825,7.1,1.2842,1.8138,1.18,,,4.6357,1.1867,1.628,,,28704.0,28419.0,20120.9262,203798.4,201774.9,1
3892,603029.SH,天鹅股份,20260825,16.22,1.9184,4.6109,0.81,26.3721,25.9133,2.0715,2.053,1.9651,1.0604,1.1406,12134.2,12134.2,5048.5248,196816.724,196816.724,1
3893,603030.SH,全筑股份,20260825,2.11,2.9122,3.8357,1.49,,,3.9744,2.9313,2.6993,,,131693.352,131693.352,99985.4659,277872.9685,277872.9685,1
3894,603031.SH,安孚科技,20260825,39.15,3.9356,5.4444,0.97,64.7627,46.3317,5.0824,3.0654,3.0975,0.3462,0.4228,37384.595,31439.0369,22726.4613,1463607.09,1230838.416,1
3895,603032.SH,德新科技,20260825,19.36,8.59,16.8402,3.44,106.0992,61.3628,3.803,8.088,7.3383,0.2896,0.2221,23322.74,23288.16,11879.0772,451528.2464,450858.7776,4
3896,603033.SH,三维股份,20260825,7.37,0.6335,1.6696,0.98,,,3.0085,1.6291,1.594,,,103116.3554,101253.1018,38417.3613,759967.4995,746235.347,4
3897,603035.SH,常熟汽饰,20260825,11.26,1.2119,1.7885,1.33,11.9154,12.4956,0.7663,0.5802,0.5541,3.095,1.4545,36634.708,36634.708,24825.0198,412506.8346,412506.8346,1
3898,603036.SH,如通股份,20260825,15.85,5.7675,7.4388,0.9,31.0439,32.3829,2.3403,7.4697,7.7966,1.2618,1.388,20600.6025,20600.6025,15972.2373,326519.51,326519.51,1
3899,603037.SH,凯众股份,20260825,10.27,1.0262,1.5409,0.75,37.2002,38.7799,2.7554,3.3239,3.3042,2.4483,1.9474,26653.8157,26615.0077,17724.7904,273734.7314,273336.1527,1
3900,603038.SH,华立股份,20260825,17.28,3.417,5.8719,0.85,214.9901,55.7737,3.2374,3.7207,3.3661,0.2894,0.2894,26867.7106,26867.7106,15635.04,464274.0288,464274.0288,1
3901,603039.SH,泛微网络,20260825,40.1,4.2526,8.9764,0.61,42.7318,36.5249,4.6018,5.3945,5.3,0.3138,0.3127,30763.9146,30763.9146,14574.3925,1233632.791,1233632.791,4
3902,603040.SH,新坐标,20260825,52.34,0.4529,0.9786,0.63,38.7091,38.8091,6.6421,12.8455,12.5071,1.6421,1.7034,19735.7472,19735.0222,9133.6554,1032969.155,1032930.9468,1
3903,603041.SH,美思德,20260825,11.23,1.1551,1.9537,1.08,36.2917,34.9679,1.3452,3.3277,3.2035,1.0569,1.0569,18314.7692,18314.7692,10828.2692,205674.8671,205674.8671,1
3904,603042.SH,华脉科技,20260825,13.91,3.4884,4.5293,0.84,,,3.4074,3.5574,3.4769,,0.083,20876.6792,20876.6792,16079.0265,290394.6188,290394.6188,1
3905,603043.SH,广州酒家,20260825,13.62,0.4991,1.5632,0.66,15.7875,15.7313,1.9299,1.4315,1.4073,4.2738,3.6754,56563.837,56245.237,17956.7826,770399.5008,766060.1688,1
3906,603045.SH,福达合金,20260825,54.52,7.8889,10.2879,1.09,68.3372,25.0963,5.894,1.4656,1.2364,0.1119,0.2715,13544.5155,13544.5155,10386.1249,738447.2304,738447.2304,4
3907,603048.SH,浙江黎明,20260825,22.01,1.9978,7.0046,1.36,103.7625,96.2365,2.5281,4.4471,4.3511,1.2651,1.5814,14688.0,14688.0,4189.25,323282.88,323282.88,1
3908,603049.SH,中策橡胶,20260825,49.25,0.276,1.2653,0.44,10.3843,10.0966,1.7119,0.958,0.9247,2.6396,2.9036,87448.5598,50498.0262,11016.5446,4306841.58,2487027.9775,1
3909,603050.SH,科林电气,20260825,17.94,0.7558,1.583,0.62,28.0474,34.0087,3.7817,1.649,1.637,0.7533,1.1056,40331.9193,40331.9193,19257.5325,723554.6448,723554.6448,1
3910,603051.SH,鹿山新材,20260825,20.58,2.1051,3.1647,0.82,,,1.9421,2.2061,2.2084,1.2445,,16283.2896,16163.2896,10751.5983,335110.1082,332640.5082,4
3911,603052.SH,可川科技,20260825,56.86,3.4639,9.8833,1.01,677.9153,,10.1954,11.5619,11.2041,0.3103,,18789.7282,18789.7282,6585.3954,1068384.0478,1068384.0478,1
3912,603053.SH,成都燃气,20260825,8.76,0.2495,1.3132,1.13,16.1813,17.0887,1.5989,1.4553,1.4906,3.4247,3.4247,88889.0,88889.0,16889.0,778667.64,778667.64,1
3913,603055.SH,台华新材,20260825,9.15,1.101,3.2327,1.36,15.3335,16.2978,1.5083,1.2713,1.2799,2.7316,1.9667,89029.3742,88847.9842,30258.6475,814618.7355,812959.017,1
3914,603057.SH,紫燕食品,20260825,21.7,0.3586,1.4381,0.7,38.1462,29.6107,4.2241,2.7817,2.6673,2.3914,0.8295,41511.5,41200.0,10274.3165,900799.55,894040.0,1
3915,603058.SH,永吉股份,20260825,9.11,1.51,2.7079,0.92,45.948,35.1317,3.3591,4.2886,4.666,1.2782,,41469.3566,41466.3566,23123.8266,377785.8696,377758.5396,1
3916,603059.SH,倍加洁,20260825,25.04,1.2731,4.5067,1.05,21.9478,20.6541,2.2543,1.641,1.5453,0.319,1.3954,10061.77,10044.87,2837.56,251946.7208,251523.5448,1
3917,603060.SH,国检集团,20260825,5.49,0.6168,1.9527,1.09,36.9616,47.4732,2.2344,1.6951,1.6642,2.0764,1.2204,80396.4055,80396.4055,25395.1496,441376.2909,441376.2909,1
3918,603061.SH,金海通,20260825,339.57,4.4178,6.2833,0.81,167.3561,126.5917,17.2978,42.314,34.6139,0.0335,0.0772,8700.0,8700.0,6116.9456,2954259.0,2954259.0,4
3919,603062.SH,麦加芯彩,20260825,39.08,0.5408,0.6196,0.76,20.0791,30.5909,2.0835,2.4656,2.5453,4.4165,4.3109,10800.0,3707.31,3235.75,422064.0,144881.6748,1
3920,603063.SH,禾望电气,20260825,30.67,2.9712,3.6201,0.72,26.8073,32.0095,2.6073,3.4154,3.5508,0.3812,0.4181,46414.3234,46223.3234,37937.5534,1423527.1944,1417669.2244,4
3921,603065.SH,宿迁联盛,20260825,17.82,11.597,26.0673,1.0,,,3.7379,5.7605,5.6807,0.5564,1.1964,41896.7572,41896.7572,18639.3455,746600.2632,746600.2632,4
3922,603066.SH,音飞储存,20260825,9.17,1.5598,3.0079,1.41,81.4642,21.525,1.7679,2.1482,2.0121,0.5671,0.3708,29418.0074,29418.0074,15255.287,269763.1517,269763.1517,1
3923,603067.SH,振华股份,20260825,33.71,2.5637,3.9472,0.71,38.6455,38.3986,6.6117,5.6153,5.4071,0.3762,0.4746,75552.5404,75552.5404,49071.0337,2546876.1234,2546876.1234,1
3924,603068.SH,博通集成,20260825,36.55,5.059,8.2742,0.72,249.4769,103.6824,3.1018,6.0444,4.6965,,0.0274,15178.7319,15178.7319,9280.6206,554782.5815,554782.5815,1
3925,603069.SH,海汽集团,20260825,12.99,1.0283,2.4494,1.24,,,5.483,6.6134,7.6119,,,31600.0,31600.0,13266.735,410484.0,410484.0,1
3926,603070.SH,万控智造,20260825,11.61,0.3851,1.4817,0.83,52.2171,178.4365,2.1848,2.4673,2.6304,0.6891,0.6891,40100.0,40100.0,10421.5494,465561.0,465561.0,1
3927,603071.SH,物产环能,20260825,12.67,0.7746,2.676,0.47,11.0753,10.1318,1.1901,0.1895,0.1961,4.7356,3.7096,55795.4442,55795.4442,16150.0481,706928.2248,706928.2248,1
3928,603072.SH,天和磁材,20260825,31.56,1.2619,1.5087,0.89,51.7538,48.1702,3.7407,3.5575,3.4559,0.4753,0.7921,26428.0,12623.0,10558.4265,834067.68,398381.88,1
3929,603073.SH,彩蝶实业,20260825,16.75,2.4595,2.6522,0.89,27.9015,38.8946,1.3991,2.4103,2.365,1.791,0.597,11600.0,5089.2848,4719.4226,194300.0,85245.44,1
3930,603075.SH,热威股份,20260825,19.27,4.0346,4.0346,0.72,23.9983,23.7907,3.79,3.6475,3.4533,3.6339,3.6333,40240.0899,4240.0899,4240.0899,775426.5343,81706.5343,1
3931,603076.SH,乐惠国际,20260825,20.86,1.4813,2.9997,0.94,95.1883,97.8982,1.9487,1.5971,1.4886,1.9175,0.9588,12070.1344,12070.1344,5960.3001,251782.9118,251782.9118,1
3932,603077.SH,和邦生物,20260825,2.39,1.7393,2.5899,1.07,,,1.1164,2.9367,3.4296,,,883170.5728,883170.5728,593093.5379,2110777.669,2110777.669,4
3933,603078.SH,江化微,20260825,34.68,6.3178,10.1226,0.78,127.5984,125.255,6.7033,10.8392,10.4457,0.2595,0.2595,38563.7248,38563.7248,24068.6682,1337389.8096,1337389.8096,4
3934,603079.SH,圣达生物,20260825,13.89,8.404,15.1603,0.74,42.2426,48.9664,1.6429,3.1089,3.1614,,0.7139,18902.9624,18902.9624,10478.6727,262562.1144,262562.1144,2
3935,603080.SH,新疆火炬,20260825,19.58,1.1409,2.1503,0.75,13.1406,12.9892,1.7221,1.7005,1.6968,2.8601,2.6558,14150.0,14150.0,7507.88,277057.0,277057.0,4
3936,603081.SH,大丰实业,20260825,9.69,0.7842,1.3635,1.19,46.6316,69.5731,1.2805,1.7175,1.6645,1.3416,0.6192,42249.9149,42249.9149,24299.5699,409401.6279,409401.6279,1
3937,603082.SH,北自科技,20260825,43.4,18.6052,18.6052,1.63,41.9514,49.4539,4.2083,3.4332,3.3719,1.3015,1.3521,16657.3109,4055.69,4055.69,722927.254,176016.946,1
3938,603083.SH,剑桥科技,20260825,173.5,6.3014,7.1946,0.73,242.4859,135.8447,6.8221,13.2461,11.6308,0.1487,0.1867,36825.0373,27558.8373,24137.5162,6389144.44,4781458.74,4
3939,603085.SH,天成自控,20260825,10.04,1.5711,2.5617,1.29,46.961,35.5254,4.0006,1.3207,1.1748,,,39710.0,39710.0,24353.1121,398688.4,398688.4,1
3940,603086.SH,先达股份,20260825,5.66,2.1196,3.1327,1.45,17.9992,33.6859,1.1547,1.0427,0.9805,,1.7668,43481.3143,43481.3143,29420.6722,246104.2146,246104.2146,1
3941,603087.SH,甘李药业,20260825,68.78,2.2994,3.7288,0.91,35.9321,40.1224,3.4746,10.1406,10.415,1.4541,1.4536,59743.2169,56141.6587,34619.867,4109138.6716,3861423.3748,1
3942,603088.SH,宁波精达,20260825,9.8,2.0657,2.9282,0.91,40.9889,53.6539,4.2845,5.5891,5.7267,2.5792,1.7347,50238.7966,43787.184,30890.1454,492340.142,429114.364,1
3943,603089.SH,正裕工业,20260825,11.09,9.3635,23.3467,2.05,29.0018,53.3236,1.6199,1.1001,1.0844,0.7419,0.9017,27571.9231,24003.3268,9626.8471,305772.7037,266196.9297,1
3944,603090.SH,宏盛股份,20260825,38.56,2.7475,5.5302,1.27,46.8045,50.6349,5.9162,5.0481,4.7761,0.778,0.778,10000.0,10000.0,4968.13,385600.0,385600.0,1
3945,603091.SH,众鑫股份,20260825,49.5,1.0629,1.0629,0.58,26.6129,24.6132,3.1033,4.7058,4.5673,1.3853,1.3853,14313.431,4401.8267,4401.8267,708514.785,217890.585,1
3946,603092.SH,德力佳,20260825,41.84,4.9302,4.9302,0.88,20.2279,19.7965,2.9393,3.0877,3.0254,,1.4842,40000.01,3457.1654,3457.1654,1673600.4184,144647.9928,1
3947,603093.SH,南华期货,20260825,11.55,1.5557,5.7993,1.24,24.6586,18.6386,2.054,8.6418,7.1657,0.4509,0.4093,103814.454,88203.899,23661.3685,1199056.8975,1018755.045,1
3948,603095.SH,越剑智能,20260825,16.4,7.0504,22.9979,1.34,49.608,80.4745,1.8,3.9795,4.4448,5.2904,1.8213,25826.92,25826.92,7917.7144,423561.488,423561.488,2
3949,603096.SH,新经典,20260825,15.07,1.3779,3.4295,1.4,30.1846,31.2875,1.2832,3.5968,3.7496,5.3086,3.9814,15423.4624,15423.4624,6196.8584,232431.5422,232431.5422,1
3950,603097.SH,江苏华辰,20260825,18.98,0.8213,2.7187,0.7,62.001,87.5422,4.0455,1.9341,1.9677,0.7536,0.5645,22993.5868,22467.6768,6787.6768,436418.3382,426436.5664,4
3951,603098.SH,森特股份,20260825,10.14,0.6922,1.7772,0.86,53.0714,60.4453,1.9144,1.8202,1.9355,0.4933,0.9865,53951.9978,53879.9978,20986.237,547073.28,546343.2,1
3952,603099.SH,长白山,20260825,38.08,2.8626,8.2662,1.29,80.1817,78.1752,6.9112,13.1652,12.5021,0.2096,0.3808,27235.586,27235.586,9431.8212,1037131.2672,1037131.2672,4
3953,603100.SH,川仪股份,20260825,17.5,0.4041,0.8808,0.75,13.9765,14.0023,1.8746,1.3197,1.3185,3.2864,2.9143,51317.3176,51153.9166,23467.2323,898053.1,895193.6,1
3954,603101.SH,汇嘉时代,20260825,7.36,1.5944,4.0322,0.75,45.0238,32.0552,2.3602,1.4131,1.3775,0.672,1.3441,47040.0,47040.0,18600.02,346214.4,346214.4,1
3955,603102.SH,百合股份,20260825,40.08,8.9295,15.9347,0.73,19.9721,21.623,1.4969,2.8159,2.5801,1.8208,,6400.0,6400.0,3586.4455,256512.0,256512.0,1
3956,603103.SH,横店影视,20260825,14.88,0.8677,6.8327,1.47,59.2722,,8.0212,4.1072,5.4486,0.9409,0.9409,63420.0,63420.0,8054.0,943689.6,943689.6,1
3957,603105.SH,芯能科技,20260825,7.62,8.7342,14.5841,4.16,18.9785,21.7138,1.7729,5.1608,5.302,2.6246,2.6247,50001.1375,50001.1375,29945.1375,381008.6868,381008.6868,4
3958,603106.SH,恒银科技,20260825,7.45,4.3543,9.8135,0.68,124.4333,135.2925,2.9285,10.6752,11.9,0.4027,0.2685,52052.0,52052.0,23095.4721,387787.4,387787.4,4
3959,603107.SH,上海汽配,20260825,11.82,0.8486,1.2725,1.21,25.5134,29.3454,1.9004,1.7803,1.7615,2.5381,2.5381,33733.5,21817.3998,14550.509,398729.97,257881.668,4
3960,603108.SH,润达医疗,20260825,9.77,1.5357,2.0042,0.45,,,1.6064,0.844,0.8627,0.3066,,60460.3824,60460.3824,46326.3515,590697.9126,590697.9126,1
3961,603109.SH,神驰机电,20260825,17.85,1.0542,2.6359,1.34,27.8667,45.8858,1.9065,1.2731,1.2333,1.6555,1.3796,20884.836,20884.836,8352.636,372794.394,372794.394,1
3962,603110.SH,东方材料,20260825,24.61,4.1876,5.1599,0.52,,4455.1268,7.1062,13.0168,12.121,0.2032,,20122.6732,20122.6732,16330.9289,495218.9087,495218.9087,4
3963,603111.SH,康尼机电,20260825,5.85,0.5571,0.7504,1.14,14.3475,14.1541,1.2258,1.2043,1.1947,4.2111,5.0174,86203.0672,83759.5196,62190.4665,504287.9595,489993.192,1
3964,603112.SH,华翔股份,20260825,16.46,2.6811,6.3882,0.89,15.9317,15.5459,1.9656,2.1534,2.113,2.0226,2.5643,53996.1401,53460.6541,22437.4215,888776.4644,879962.299,1
3965,603113.SH,金能科技,20260825,5.48,4.1936,8.5203,0.9,210.9779,,0.6168,0.2749,0.2753,6.474,5.1615,84849.0616,84849.0616,41761.5979,464972.8488,464972.8488,2
3966,603115.SH,海星股份,20260825,76.2,2.381,6.4133,0.66,90.3692,83.502,8.6085,8.1197,7.6956,0.7701,0.7787,24458.26,24458.26,9080.36,1863719.412,1863719.412,1
3967,603116.SH,红蜻蜓,20260825,6.57,1.1814,2.6502,1.0,,,1.497,1.8697,1.8774,3.7367,3.2883,57620.08,57620.08,25686.8794,378563.9256,378563.9256,1
3968,603117.SH,万林物流,20260825,3.92,1.3437,1.9858,1.05,151.2496,319.5594,2.2907,9.5022,10.164,,,59919.7742,59919.7742,40544.796,234885.4984,234885.4984,1
3969,603118.SH,共进股份,20260825,16.25,12.986,22.2859,0.69,164.474,160.0483,2.5214,1.3909,1.3718,,0.1846,78727.6406,78727.6406,45874.6875,1279324.15,1279324.15,1
3970,603119.SH,浙江荣泰,20260825,49.88,1.3181,2.2952,0.61,84.7268,77.3014,11.2389,17.1442,13.8608,0.2999,0.3547,47285.9968,47285.9968,27156.8661,2358625.68,2358625.68,4
3971,603120.SH,肯特催化,20260825,46.0,3.2907,3.8244,0.68,50.4453,49.3707,3.4263,6.8042,6.3934,0.8696,0.8696,9040.0,3790.0,3261.07,415840.0,174340.0,4
3972,603121.SH,华培动力,20260825,12.57,1.019,2.1167,0.96,,,3.8783,3.6627,3.6038,1.5911,,33853.3715,33853.3715,16297.6971,425536.8609,425536.8609,1
3973,603122.SH,合富中国,20260825,12.24,5.6107,12.1977,0.94,,,4.6677,7.1883,7.4228,1.0621,,39805.2633,39805.2633,18309.4748,487216.3824,487216.3824,1
3974,603123.SH,翠微股份,20260825,9.89,10.8922,21.8988,1.4,,,4.8495,3.405,3.4386,,,79873.6665,65227.5949,32443.4516,789950.4974,645100.8651,4
3975,603124.SH,江南新材,20260825,127.01,5.647,5.647,1.05,84.481,70.9952,9.6001,1.7921,1.6486,0.2913,0.3622,14574.5199,7760.881,7760.881,1851109.7852,985709.3688,1
3976,603125.SH,常青科技,20260825,22.8,0.8941,3.2811,0.71,58.3701,45.2349,3.649,8.908,7.8297,0.4537,0.1754,40483.6375,40483.6375,11031.8175,923026.992,923026.992,4
3977,603126.SH,中材节能,20260825,6.11,1.1543,2.3396,1.31,272.0216,113.8452,1.8181,1.0007,0.8847,0.0818,0.1637,61050.0,61050.0,30122.4214,373015.5,373015.5,1
3978,603127.SH,昭衍新药,20260825,48.29,5.9608,9.3354,0.76,121.4944,73.0915,4.2289,21.8301,21.4573,0.0618,0.2472,74934.822,62771.6714,40080.91,3618602.4578,3031243.9443,1
3979,603128.SH,华贸物流,20260825,5.55,1.6404,3.074,2.9,14.877,15.0812,1.1297,0.4044,0.3825,3.1351,4.036,130904.6494,130904.6494,69854.6737,726520.8075,726520.8075,1
3980,603129.SH,春风动力,20260825,305.03,0.6414,1.0325,0.45,27.9442,26.9359,5.847,2.371,2.0114,1.2547,1.3769,15348.2763,15348.2763,9534.7857,4681685.8484,4681685.8484,4
3981,603130.SH,云中马,20260825,41.56,0.7122,1.729,0.67,54.6494,52.6264,3.9833,2.1368,2.1533,0.2406,0.5534,13751.42,13751.42,5664.5996,571509.0152,571509.0152,1
3982,603131.SH,上海沪工,20260825,14.46,1.5909,2.7501,0.7,,,2.9588,5.2786,5.0894,0.0783,,33690.722,33690.722,19489.1698,487167.8112,487167.8112,1
3983,603132.SH,金徽股份,20260825,18.46,0.8031,3.6981,1.02,33.2934,25.8659,5.3246,10.4739,8.9525,2.2752,3.0336,97800.0,97800.0,21240.0,1805388.0,1805388.0,4
3984,603135.SH,中重科技,20260825,9.16,0.9834,1.1933,1.06,,,1.9665,15.2755,15.9416,0.7095,,63425.708,62953.808,51878.7325,580979.5036,576656.8996,1
3985,603136.SH,天目湖,20260825,9.25,2.0347,3.7998,1.68,26.2132,31.6544,1.8459,4.918,5.1205,2.5405,2.1622,27012.671,27012.671,14464.5305,249867.1975,249867.1975,1
3986,603137.SH,恒尚节能,20260825,21.77,7.4923,16.4629,0.7,,,3.3274,2.6826,3.0711,0.3675,,18293.3334,18293.3334,8325.3334,398245.7941,398245.7941,4
3987,603138.SH,海量数据,20260825,12.8,1.2137,2.1844,0.73,,,4.6459,7.3397,7.0915,,,29361.071,28834.285,16021.6797,375821.824,369078.912,1
3988,603139.SH,康惠股份,20260825,34.29,1.4989,2.9627,0.95,,,6.688,7.7454,8.2346,,,10645.46,9988.0,5053.1963,365032.8234,342488.52,1
3989,603150.SH,万朗磁塑,20260825,51.93,1.2048,1.988,0.77,39.8735,44.1228,2.5504,1.0765,0.8476,0.6162,0.6355,8548.3,8548.3,5180.655,443913.219,443913.219,4
3990,603151.SH,邦基科技,20260825,15.25,1.914,4.1456,0.69,23.5641,56.8806,1.9393,0.4583,0.4366,1.301,1.3108,17128.18,17128.18,7908.06,261204.745,261204.745,4
3991,603153.SH,上海建科,20260825,13.21,0.3277,1.4041,1.1,14.7079,14.4821,1.4261,1.0828,1.0809,1.9015,2.0437,40986.1106,40378.0169,9423.9067,541426.5131,533393.6442,1
3992,603155.SH,新亚强,20260825,13.4,1.9359,6.8302,1.06,74.9232,64.5042,2.7331,10.3665,9.0281,2.8307,2.5733,45789.086,45789.086,12977.9814,613573.806,613573.806,4
3993,603156.SH,养元饮品,20260825,42.96,1.7417,4.3046,1.01,42.9746,39.5202,6.1688,10.1465,8.4983,4.3296,3.4916,126027.7566,126027.7566,50991.2472,5414152.5696,5414152.5696,5
3994,603158.SH,腾龙股份,20260825,10.57,4.5959,7.1348,1.32,99.9569,86.8695,2.2832,1.2432,1.2588,1.4975,0.5615,49077.0148,49077.0148,31612.8081,518743.9957,518743.9957,1
3995,603159.SH,上海亚虹,20260825,22.23,1.4878,3.3649,0.79,,,6.2764,7.4493,7.986,0.2924,,14000.0,14000.0,6190.1,311220.0,311220.0,1
3996,603160.SH,汇顶科技,20260825,48.02,0.8994,1.6166,0.83,26.731,34.007,2.4046,4.7251,4.9211,1.1218,1.1207,46598.2755,46598.2755,25923.9579,2237649.4056,2237649.4056,1
3997,603161.SH,科华控股,20260825,15.98,1.2961,2.0448,0.52,36.7379,40.8952,2.3432,1.5995,1.6186,0.8883,0.9043,22416.1353,19074.875,12090.2582,358209.9172,304816.5824,4
3998,603162.SH,海通发展,20260825,11.96,7.7605,7.7605,1.01,35.3629,18.2386,3.3746,3.701,2.6899,0.5574,0.5643,137489.258,42234.7129,42234.7129,1644371.5257,505127.1663,4
3999,603163.SH,圣晖集成,20260825,79.54,1.7066,6.1213,0.6,51.4668,48.4143,6.6549,2.6615,2.6918,1.1315,1.0058,10000.0,10000.0,2788.025,795400.0,795400.0,4
4000,603165.SH,荣晟环保,20260825,13.75,1.4613,2.6605,1.26,19.218,18.7781,1.5994,1.9084,1.885,6.646,13.9011,31272.8378,31272.8378,17177.5491,430001.55,430001.55,1
4001,603166.SH,福达股份,20260825,11.0,1.2612,3.0889,0.7,22.4333,21.6959,2.5964,3.5725,3.378,0.8965,1.7914,64565.0651,64071.5651,26160.0811,710215.77,704787.27,0
4002,603167.SH,渤海轮渡,20260825,8.75,0.6046,1.0106,1.01,15.5929,16.4945,1.1591,2.2251,2.2271,11.6571,10.2857,46914.4503,46914.4503,28065.9398,410501.4375,410501.4375,4
4003,603168.SH,莎普爱思,20260825,5.76,2.0321,3.5998,1.09,,,1.6263,4.6565,4.689,,,37412.6505,37251.4005,21028.8696,215496.864,214568.064,1
4004,603169.SH,兰石重装,20260825,6.4,0.7848,1.4557,1.06,,,3.144,1.289,1.3347,,,130629.1798,130629.1798,70422.9602,836026.752,836026.752,1
4005,603170.SH,宝立食品,20260825,12.43,0.4541,1.3402,0.73,18.9342,18.4203,3.2123,1.6948,1.6352,3.1376,3.5398,40001.0,40001.0,13552.808,497212.43,497212.43,1
4006,603171.SH,税友股份,20260825,41.16,1.3004,4.9516,0.81,122.7607,105.0357,6.5389,8.1437,7.803,0.4864,0.4854,40634.5,40589.0,10659.3561,1672516.02,1670643.24,4
4007,603172.SH,万丰股份,20260825,17.54,0.7354,2.2613,0.77,48.4779,45.1213,2.1035,4.237,3.9111,0.5131,0.3991,13338.0,13338.0,4337.99,233948.52,233948.52,1
4008,603173.SH,福斯达,20260825,31.19,0.3222,0.9358,0.56,11.8439,12.5368,2.4021,1.6619,1.6536,1.5872,2.603,16000.0,16000.0,5508.496,499040.0,499040.0,1
4009,603175.SH,超颖电子,20260825,88.74,2.886,2.886,0.52,167.6336,604.4875,14.16,8.1606,7.6887,,0.1803,43702.9321,4547.424,4547.424,3878198.0082,403538.0508,4
4010,603176.SH,汇通集团,20260825,5.14,1.0845,3.4504,1.54,61.8695,116.4989,2.2854,1.0547,1.0235,0.4466,0.2918,47523.7528,46181.6528,14514.9862,244272.075,237373.681,1
4011,603177.SH,德创环保,20260825,10.77,3.45,8.3018,0.61,,,6.8101,2.0469,2.0853,0.375,,20419.2,20419.2,8485.8,219914.784,219914.784,1
4012,603178.SH,圣龙股份,20260825,16.6,3.4086,8.449,0.82,,,3.4622,2.3431,2.4086,0.241,,23641.1881,23641.1881,9537.6956,392443.754,392443.754,1
4013,603179.SH,新泉股份,20260825,37.52,2.4988,3.8674,0.74,33.8414,34.1772,3.6276,1.7768,1.7154,0.53,0.5548,73515.865,71419.865,46145.4757,2758315.4424,2679673.5224,4
4014,603180.SH,金牌家居,20260825,15.43,0.6368,2.1434,0.45,108.7793,,0.8821,0.7211,0.7371,2.5135,0.6412,15425.714,15425.714,4582.925,238018.7053,238018.7053,1
4015,603181.SH,皇马科技,20260825,12.67,0.5687,0.9951,0.66,17.0837,16.5751,2.0645,3.1022,2.9504,1.6206,1.756,58870.0,58870.0,33646.65,745882.9,745882.9,1
4016,603182.SH,嘉华股份,20260825,13.32,1.3696,1.7561,0.63,23.1446,24.6055,1.942,1.5817,1.4046,3.003,3.7538,16455.0,16455.0,12832.6337,219180.6,219180.6,1
4017,603183.SH,建研院,20260825,4.71,2.2536,2.947,0.75,320.5047,,1.468,2.954,3.0352,0.5308,0.1062,49715.3251,49715.3251,38018.6691,234159.2043,234159.2043,1
4018,603185.SH,弘元绿能,20260825,16.42,0.9137,1.6626,1.02,60.0313,,0.9504,1.5105,1.4551,,0.9135,68307.6802,67902.2202,37317.0982,1121612.1056,1114954.4524,4
4019,603186.SH,华正新材,20260825,174.65,16.4596,25.9957,0.9,98.9596,94.6759,11.6935,6.2674,5.9874,,0.0744,15679.0518,15679.0518,9927.4469,2738346.0825,2738346.0825,1
4020,603187.SH,海容冷链,20260825,11.12,1.423,1.7808,0.62,11.058,13.2329,1.0121,1.2822,1.2648,4.4494,4.9463,38639.7541,38236.1891,30555.102,429674.1312,425186.4328,1
4021,603188.SH,亚邦股份,20260825,4.76,3.8704,5.5009,1.06,,,3.8495,3.5611,3.2045,,,57017.0,57017.0,40117.0,271400.92,271400.92,1
4022,603189.SH,*ST网达,20260825,9.0,0.6588,1.0879,0.45,461.0172,,1.6922,9.4846,8.0099,1.651,1.1006,26954.8349,26954.8349,16324.3649,242593.47,242593.47,1
4023,603190.SH,亚通精工,20260825,16.74,0.9524,0.9524,0.95,26.3328,23.2957,1.2966,1.5863,1.518,1.0783,1.5361,17435.6,16800.0,16800.0,291871.944,281232.0,1
4024,603191.SH,望变电气,20260825,14.71,2.6639,4.3843,0.87,70.0975,72.4075,1.9391,1.2392,1.2076,0.3423,0.3399,32996.4639,32996.4639,20048.9498,485377.9266,485377.9266,1
4025,603192.SH,汇得科技,20260825,20.15,0.855,2.8442,0.91,41.4234,43.6729,1.5337,1.3619,1.3528,1.572,1.2413,16711.0451,13940.6467,4190.6467,336727.6575,280904.0975,1
4026,603193.SH,润本股份,20260825,21.25,5.2504,5.3785,1.21,27.3372,24.4203,3.6728,5.5655,5.0469,2.0235,2.1647,40459.3314,10333.6314,10087.5814,859760.7625,219589.6375,1
4027,603194.SH,中力股份,20260825,34.21,0.7137,0.7137,1.17,15.9773,16.1547,2.4856,1.8912,1.841,2.5723,1.9,40100.0,15802.6913,15802.6913,1371821.0,540610.0249,1
4028,603195.SH,公牛集团,20260825,40.13,0.1175,0.6972,0.51,17.7791,17.4225,4.0621,4.5158,4.4773,4.285,4.7463,180344.6009,180016.3355,30339.404,7237229.1993,7224055.7242,1
4029,603196.SH,璞源材料,20260825,19.38,0.4254,0.7734,0.52,451.0668,208.791,3.9987,9.9487,6.7074,,,41868.744,23698.8282,13036.5782,811416.375,459283.3254,1
4030,603197.SH,保隆科技,20260825,30.48,1.1037,1.5779,0.85,30.6737,34.5164,2.0318,0.7458,0.7183,2.7126,1.6591,21402.5627,21115.2127,14768.7152,652350.0288,643591.6008,1
4031,603198.SH,迎驾贡酒,20260825,39.46,0.5306,1.9102,0.67,15.8981,15.8497,2.7523,5.245,5.0907,3.8013,3.8013,80000.0,80000.0,22223.415,3156800.0,3156800.0,4
4032,603199.SH,九华旅游,20260825,34.13,2.8054,5.0659,1.02,17.7494,16.9301,2.1968,4.2996,4.22,1.9924,2.2561,11068.0,11068.0,6129.1646,377750.84,377750.84,1
4033,603200.SH,上海洗霸,20260825,38.81,11.3684,23.2174,6.49,75.702,83.0593,6.1929,13.5436,13.3077,0.2319,0.0773,17548.0103,17548.0103,8592.3487,681038.2681,681038.2681,4
4034,603201.SH,常润股份,20260825,14.94,1.4254,4.5006,0.82,13.1573,14.4348,1.587,0.9297,0.9275,2.6692,2.3226,18997.9722,18835.4742,5965.431,283829.6718,281401.9218,1
4035,603202.SH,天有为,20260825,52.73,2.442,2.442,1.46,9.1512,12.2649,1.2403,2.1105,2.2319,6.6186,4.7411,16000.0,5021.3572,5021.3572,843680.0,264776.3128,1
4036,603203.SH,快克智能,20260825,42.66,1.8034,4.987,0.81,101.7275,94.4177,9.3928,13.0294,12.1019,1.1459,0.9016,33001.1653,32623.5049,11797.2097,1407829.4856,1391718.51,4
4037,603205.SH,健尔康,20260825,22.46,4.3923,4.3923,1.81,31.4419,31.8207,2.301,3.4204,3.4298,1.2021,1.1131,15600.0,4134.0,4134.0,350376.0,92849.64,1
4038,603206.SH,嘉环科技,20260825,13.76,0.8441,2.6742,0.79,78.8897,106.7889,1.8424,0.8964,0.9211,,0.436,30519.9988,30519.9988,9632.9988,419955.2,419955.2,1
4039,603207.SH,小方制药,20260825,23.33,5.3055,5.3055,0.49,18.066,18.4063,3.2581,7.1362,6.9173,9.4233,4.5843,16067.3262,5460.2946,5460.2946,374850.5756,127388.5657,1
4040,603208.SH,江山欧派,20260825,11.53,0.8562,1.9887,0.72,,,2.1178,1.248,1.7,1.6479,,17587.9347,17587.9347,7572.3621,202788.8329,202788.8329,1
4041,603209.SH,兴通股份,20260825,14.34,2.572,4.5702,0.82,17.2618,13.4141,1.3588,2.862,2.5062,1.2004,1.3818,32500.0,32149.1597,18092.6597,466050.0,461018.9544,4
4042,603210.SH,泰鸿万立,20260825,13.37,0.7813,1.0897,0.68,22.6672,21.3876,2.3482,1.9845,1.9099,,0.8788,34040.0,23267.75,16681.83,455114.8,311089.8175,1
4043,603211.SH,晋拓股份,20260825,22.18,2.5893,9.2662,0.75,87.5924,96.3944,4.8122,4.6971,4.5688,0.2705,0.3472,27180.8,27180.8,7595.2,602870.144,602870.144,1
4044,603212.SH,赛伍技术,20260825,11.66,1.4541,2.2896,0.91,,,2.1337,1.9457,1.9758,,,43749.0636,43749.0636,27785.1433,510114.0396,510114.0396,1
4045,603213.SH,镇洋发展,20260825,13.99,0.525,2.1369,1.1,82.3092,82.7495,3.2441,2.371,2.3546,1.8513,1.7753,44489.3635,44489.3635,10929.9748,622406.1464,622406.1464,1
4046,603214.SH,爱婴室,20260825,13.79,2.4599,3.8043,1.94,23.4537,24.8148,1.6092,0.5051,0.5088,2.7774,2.7774,13854.0036,13854.0036,8958.2587,191046.66,191046.66,1
4047,603215.SH,比依股份,20260825,14.47,0.6023,1.5874,1.06,38.1129,62.1654,2.5263,1.3212,1.3108,1.798,1.5891,21459.5078,18722.838,7103.253,310519.1097,270919.4948,1
4048,603216.SH,梦天家居,20260825,20.92,1.1055,4.3428,0.51,71.8819,72.8666,2.576,4.295,4.4487,0.956,0.956,22269.0,22269.0,5669.0,465867.48,465867.48,1
4049,603217.SH,元利科技,20260825,28.39,3.0933,8.2078,1.3,30.5902,28.5062,1.7061,2.7136,2.6501,1.2158,1.0567,20808.76,20808.76,7842.4171,590760.6964,590760.6964,2
4050,603218.SH,日月股份,20260825,9.69,0.3674,0.9018,0.8,18.0343,19.2852,0.9567,1.5952,1.6366,3.5742,3.8784,102984.65,102893.65,41916.6812,997921.2585,997039.4685,1
4051,603219.SH,富佳股份,20260825,14.02,0.6587,2.8399,1.32,73.4983,143.2428,4.8696,2.4616,2.4836,1.4235,0.3559,56140.0,56140.0,13022.123,787082.8,787082.8,1
4052,603220.SH,中贝通信,20260825,18.54,3.4723,4.4791,0.7,122.2084,158.9775,2.5819,3.0644,3.1269,0.4804,0.3776,53635.8207,53635.8207,41580.0392,994408.1028,994408.1028,1
4053,603221.SH,爱丽家居,20260825,26.92,7.1064,26.603,0.81,379.6722,,4.1515,5.7894,5.94,0.675,0.1114,24227.0,24227.0,6471.7,652190.84,652190.84,4
4054,603222.SH,济民健康,20260825,8.28,2.5969,4.1451,0.82,,,3.9067,6.3382,6.5082,,,52509.0615,52509.0615,32897.3075,434775.0168,434775.0168,1
4055,603223.SH,恒通股份,20260825,10.21,0.928,2.1639,0.9,27.0712,22.7465,1.7629,5.2968,5.2036,0.9305,1.1263,70582.2193,70582.2193,30269.1895,720644.4662,720644.4662,4
4056,603225.SH,新凤鸣,20260825,18.99,1.1249,2.0167,1.18,31.2811,29.4918,1.5146,0.4452,0.4274,1.0561,1.0381,167749.378,166854.568,93067.8298,3185560.7262,3168568.2843,4
4057,603226.SH,菲林格尔,20260825,36.14,1.188,4.1149,1.13,,,15.0865,35.2065,36.0354,,,35549.177,35549.177,10262.9907,1284747.3652,1284747.3652,5
4058,603227.SH,雪峰科技,20260825,7.65,0.4936,0.9509,0.51,16.2774,15.5746,1.5545,1.4735,1.518,2.6144,1.9608,107169.2689,107169.2689,55628.6423,819844.9155,819844.9155,0
4059,603228.SH,景旺电子,20260825,91.03,2.674,6.2216,0.64,74.0455,77.0456,6.9098,5.9542,5.4176,0.8206,0.5943,100129.3217,98201.0649,42206.1219,9114772.1544,8939242.9378,4
4060,603229.SH,奥翔药业,20260825,8.15,1.0119,2.1727,0.77,51.826,62.6373,2.8586,8.5359,8.514,1.224,0.7804,83029.7145,83029.7145,38671.1741,676692.1365,676692.1365,1
4061,603230.SH,内蒙新华,20260825,9.23,0.4737,1.6744,1.05,18.6674,39.5807,1.1526,2.1551,2.5455,5.2004,1.6251,35352.3,35352.3,10000.67,326301.729,326301.729,1
4062,603231.SH,索宝蛋白,20260825,16.39,2.7654,3.4776,1.3,16.5406,17.7268,1.5496,1.7951,1.7018,1.8304,2.2575,19145.9105,10626.5982,8450.329,313801.4649,174169.974,1
4063,603232.SH,格尔软件,20260825,14.95,2.2243,3.1225,0.72,,,2.6729,9.7232,9.2018,0.3368,,23254.5595,23129.9995,16477.1586,347655.672,345793.5,1
4064,603233.SH,大参林,20260825,18.41,1.181,2.9895,2.36,16.9734,15.3737,2.7798,0.7624,0.7496,3.5098,4.4818,113885.452,113885.452,44992.2594,2096631.1345,2096631.1345,1
4065,603235.SH,天新药业,20260825,23.19,0.0806,0.6801,0.63,17.1611,19.5227,2.005,4.3292,4.291,2.9148,2.3576,43778.0,43778.0,5187.3509,1015211.82,1015211.82,1
4066,603236.SH,移远通信,20260825,56.65,1.9718,2.5116,0.47,27.4337,23.7172,3.119,0.944,0.819,1.1052,1.103,40536.5158,40536.5158,31824.673,2296393.858,2296393.858,4
4067,603237.SH,五芳斋,20260825,14.36,0.5859,1.4591,0.92,23.1439,25.69,1.7376,1.2553,1.2793,3.4375,3.4678,19601.1726,18980.6926,7621.0442,281472.8012,272562.7084,1
4068,603238.SH,诺邦股份,20260825,12.42,1.2542,3.1429,1.08,18.7925,18.6957,1.474,0.7671,0.7417,2.4155,2.4155,17750.9,17750.9,7083.8,220466.178,220466.178,1
4069,603239.SH,浙江仙通,20260825,14.19,0.9542,2.2738,0.66,17.3115,18.803,2.7916,2.5237,2.5447,1.4799,2.1142,27072.0,27072.0,11360.91,384151.68,384151.68,1
4070,603248.SH,锡华科技,20260825,18.35,2.4934,2.4934,0.41,41.9265,43.1254,3.6134,6.6834,6.4476,,0.8719,46000.0,7150.4951,7150.4951,844100.0,131211.675,1
4071,603255.SH,鼎际得,20260825,30.7,6.3645,10.0638,2.82,361.7802,81.3812,2.5611,4.916,3.7366,,0.114,13459.1667,6067.5248,3837.1667,413196.212,186272.864,1
4072,603256.SH,宏和科技,20260825,133.16,1.2441,7.7173,0.65,596.5665,243.8232,40.8414,102.8619,72.1932,,0.0511,90458.6445,87972.75,14182.1649,12045472.5024,11714451.39,4
4073,603257.SH,中国瑞林,20260825,64.21,3.2193,3.2193,0.69,47.7603,38.7261,3.0016,3.9164,3.8676,0.7787,0.7787,12000.0,2490.0,2490.0,770520.0,159882.9,1
4074,603258.SH,电魂网络,20260825,12.95,1.0042,1.8273,1.06,,,1.613,8.1688,8.431,,,24276.475,24134.135,13263.3134,314380.416,312537.113,1
4075,603259.SH,药明康德,20260825,161.0,2.3876,2.8437,0.93,25.0846,22.1683,5.7646,10.5681,8.97,1.0528,1.1983,298375.7155,247328.0246,207655.114,48038490.92,39819811.22,1
4076,603260.SH,合盛硅业,20260825,33.21,0.8171,2.9253,1.07,,,1.3345,1.9153,1.9363,1.3438,,118220.6941,118220.6941,33022.8608,3926109.1149,3926109.1149,4
4077,603261.SH,立航科技,20260825,50.0,1.8485,5.4372,0.92,,,7.9114,11.2459,9.4828,,,7750.5022,7750.5022,2634.9858,387525.0,387525.0,1
4078,603262.SH,技源集团,20260825,18.35,2.9138,2.9138,0.82,54.9043,64.3783,4.6743,6.7153,6.872,,0.4796,40001.0,10434.7771,10434.7771,734018.35,191478.213,4
4079,603266.SH,天龙股份,20260825,15.85,0.8216,1.8334,1.01,29.7136,28.5749,1.9426,2.3811,2.3514,1.0726,0.7571,19888.675,19888.675,8912.865,315235.578,315235.578,1
4080,603267.SH,鸿远电子,20260825,47.34,2.4939,3.9653,0.81,43.7754,38.2473,2.4213,6.0968,6.2927,0.5692,0.7378,23108.0892,23108.0892,14533.6805,1093936.9806,1093936.9806,1
4081,603268.SH,松发股份,20260825,191.2,4.9859,5.9389,2.58,73.3738,34.6818,14.9141,9.0012,5.0639,,,101871.6941,23324.9792,19582.1792,19477867.128,4459736.176,1
4082,603269.SH,海鸥股份,20260825,18.43,5.1335,6.8447,1.06,68.8172,66.8194,7.7123,4.3161,4.128,0.8311,0.6964,43194.549,43194.549,32395.9089,796075.5565,796075.5565,1
4083,603270.SH,金帝股份,20260825,28.3,3.9428,3.9428,0.78,42.1298,41.2427,2.699,3.069,2.8628,1.2367,1.1307,21910.6667,7071.6667,7071.6667,620071.961,200128.261,1
4084,603271.SH,永杰新材,20260825,42.88,1.3915,1.6252,0.89,20.459,18.5153,2.7919,0.8812,0.8438,1.1693,1.4779,19813.5,9457.5996,8097.5996,849602.88,405541.888,1
4085,603272.SH,*ST联翔,20260825,14.12,3.6643,8.1438,1.12,,,2.7156,10.3327,12.0477,0.6776,,10362.7,10362.7,4662.7,146321.324,146321.324,1
4086,603273.SH,天元智能,20260825,14.71,3.9875,3.9875,0.97,124.5664,114.3782,3.5718,6.2425,6.7546,0.372,0.3381,21543.34,5605.84,5605.84,316902.5314,82461.9064,1
4087,603275.SH,众辰科技,20260825,35.73,1.8437,1.8437,1.12,29.5987,29.3037,1.7603,7.2907,6.9084,0.4722,0.338,14865.4851,4153.5963,4153.5963,531143.9577,148408.128,1
4088,603276.SH,恒兴新材,20260825,15.76,2.5362,2.5362,0.69,54.5164,44.7874,1.8209,3.7687,3.5304,0.7849,0.951,20764.9497,7547.7436,7547.7436,327255.612,118952.3824,4
4089,603277.SH,银都股份,20260825,12.56,1.0556,4.9533,0.66,15.7862,23.3967,2.6942,2.8148,2.8019,5.5593,5.5913,61171.3965,60974.6025,12994.7281,768312.6584,765840.976,0
4090,603278.SH,大业股份,20260825,9.16,2.6885,5.4115,0.84,,,1.6504,0.6229,0.6302,,,34175.9392,34175.9392,16978.7748,313051.6104,313051.6104,1
4091,603279.SH,景津装备,20260825,12.62,0.8234,1.3401,0.9,13.973,15.2434,1.5671,1.2503,1.261,7.132,6.3391,57637.3,57637.3,35411.9231,727382.726,727382.726,1
4092,603280.SH,南方路机,20260825,26.39,1.8884,4.8308,0.56,30.2178,41.4336,2.0766,2.7585,2.9863,0.9852,1.061,10840.6667,10840.6667,4237.6667,286085.2813,286085.2813,1
4093,603281.SH,江瀚新材,20260825,18.74,0.577,0.8407,0.46,23.2378,25.1819,1.9544,5.2297,4.8469,3.796,3.7375,51863.6833,51863.6833,35596.3443,971925.3632,971925.3632,4
4094,603282.SH,亚光股份,20260825,15.8,0.8932,1.8623,0.93,22.043,31.966,1.6056,2.4231,2.7114,1.4721,1.4407,13382.0,13382.0,6418.4459,211435.6,211435.6,1
4095,603283.SH,赛腾股份,20260825,47.1,6.8137,10.6964,0.97,34.2327,30.5456,4.745,4.9041,4.6868,0.6634,0.8819,35252.6243,35252.6243,22456.306,1660398.402,1660398.402,4
4096,603284.SH,林平发展,20260825,43.52,9.8888,9.8888,0.71,17.7128,15.608,1.4668,1.2312,1.0357,,1.4246,7541.48,1885.37,1885.37,328205.2096,82051.3024,1
4097,603285.SH,键邦股份,20260825,34.6,8.4317,8.4317,0.64,40.7529,42.2632,3.2146,8.9465,8.85,0.578,0.7489,16000.0,6229.678,6229.678,553600.0,215546.928,1
4098,603286.SH,日盈电子,20260825,41.37,1.4918,2.2843,0.5,,,6.0271,4.6874,4.7257,0.0717,,11799.3671,11688.4221,7633.3121,488139.9369,483549.9354,1
4099,603288.SH,海天味业,20260825,35.96,0.229,0.7119,1.0,29.8934,28.9016,5.0069,7.2871,7.1116,3.1092,3.7783,585104.5044,555982.0644,178819.6284,21040357.82,19993114.8776,1
4100,603289.SH,泰瑞机器,20260825,9.03,1.479,4.0403,1.08,29.1347,33.7816,1.7814,2.1967,2.1744,1.661,1.6611,29339.7874,29339.7874,10740.4155,264938.3037,264938.3037,1
4101,603290.SH,斯达半导,20260825,92.99,4.1812,8.8929,0.63,54.9526,114.3245,3.2368,5.55,5.5609,0.6839,0.5463,23947.3466,23947.3466,11259.3975,2226864.0765,2226864.0765,0
4102,603291.SH,联合水务,20260825,8.99,1.0148,3.5985,0.86,37.5423,36.69,2.0835,3.4497,3.5726,1.6685,2.2247,42322.0604,42322.0604,11934.666,380475.3194,380475.3194,4
4103,603293.SH,埃泰克,20260825,35.53,2.8583,2.8583,0.8,25.6165,25.5191,2.1596,1.763,1.6456,,,17909.0658,3509.6511,3509.6511,636308.9018,124697.8645,1
4104,603296.SH,华勤技术,20260825,75.0,1.9824,1.9824,0.76,28.0407,26.6062,4.2464,0.6631,0.6416,0.8551,1.143,151580.3032,79859.6051,79859.6051,11368522.5,5989470.75,4
4105,603297.SH,永新光学,20260825,105.13,0.8975,2.8737,0.72,52.9473,55.3431,5.5326,12.0591,11.5308,0.81,0.8561,11072.91,11072.91,3458.1445,1164095.0283,1164095.0283,1
4106,603298.SH,杭叉集团,20260825,26.2,0.2814,0.7312,1.0,15.6605,15.3823,2.851,1.9346,1.8856,2.6718,2.2901,130981.2049,130981.2049,50413.7501,3431707.44,3431707.44,1
4107,603299.SH,苏盐井神,20260825,8.73,1.5469,3.2047,3.06,15.9639,23.6308,1.0365,1.8497,1.9213,4.1544,2.8866,95475.9938,94418.6338,45574.3498,833505.3927,824274.6399,4
4108,603300.SH,海南华铁,20260825,4.8,1.3285,1.7447,0.81,18.2036,22.6375,1.406,1.6033,1.5091,0.5226,,199918.8217,199918.8217,152233.4553,959610.336,959610.336,1
4109,603301.SH,振德医疗,20260825,82.86,0.5074,1.2617,0.8,83.8318,82.8138,3.8192,5.0501,5.0398,0.7917,0.3621,26387.6225,26387.6225,10612.8159,2186478.1932,2186478.1932,1
4110,603303.SH,得邦照明,20260825,22.93,0.6529,2.603,1.18,41.3815,55.2744,3.5237,2.5292,2.5942,5.9054,4.0667,47694.4575,47694.4575,11962.2255,1093633.9678,1093633.9678,4
4111,603305.SH,旭升集团,20260825,11.26,1.0337,2.0136,0.76,35.6407,32.9742,1.3909,2.9246,2.8157,2.7823,1.4154,115570.8556,115570.8556,59332.1485,1301327.8836,1301327.8836,1
4112,603306.SH,华懋科技,20260825,73.08,3.1606,4.3417,0.83,110.5759,168.3423,7.4919,9.6185,9.715,0.1189,0.1073,32949.5697,32949.5697,23986.2694,2407954.5756,2407954.5756,1
4113,603307.SH,扬州金泉,20260825,25.43,2.4907,9.8163,2.68,22.9845,22.4633,1.7365,2.9565,2.8576,2.704,3.7936,9871.165,9715.0,2465.0,251023.8531,247052.45,4
4114,603308.SH,应流股份,20260825,43.44,3.4271,4.8591,1.22,86.5279,80.0694,5.9337,10.3354,9.5922,0.1576,0.3602,69445.7116,69445.7116,48979.1447,3016721.7119,3016721.7119,1
4115,603309.SH,维力医疗,20260825,11.41,1.4453,2.907,0.74,43.631,58.1697,1.8723,2.0416,2.0124,4.3971,4.3821,29187.1418,29187.1418,14511.7162,333025.2674,333025.2674,1
4116,603310.SH,巍华新材,20260825,14.71,0.6046,0.8333,0.89,30.0196,28.7208,1.2487,5.5679,4.6938,2.0394,1.3596,34534.0,19401.0,14076.0,507995.14,285388.71,1
4117,603311.SH,金海高科,20260825,28.0,1.1554,2.6165,0.66,84.1452,94.0905,4.8984,7.7204,7.774,0.4286,0.4225,23588.3907,23588.3907,10415.7552,660474.92,660474.92,4
4118,603312.SH,西典新能,20260825,31.91,1.7188,1.776,0.77,19.5736,24.8315,2.8226,1.8354,1.9788,3.5943,2.4639,15999.95,5091.95,4928.01,510558.4045,162484.1245,1
4119,603313.SH,梦百合,20260825,6.13,2.4197,4.1856,0.69,,,1.0297,0.3925,0.3835,0.8157,,57058.6885,57058.6885,32985.4683,349769.7697,349769.7697,1
4120,603315.SH,福鞍股份,20260825,11.67,1.329,2.6554,0.91,78.4519,90.5275,2.1501,2.9289,2.8958,0.7114,0.3856,32036.6264,32036.6264,16034.6885,373867.4721,373867.4721,1
4121,603316.SH,诚邦股份,20260825,13.93,2.5745,4.1651,0.79,,,6.8056,7.4689,6.2577,,,26999.9,26426.4,16334.3094,376108.607,368119.752,1
4122,603317.SH,天味食品,20260825,13.44,1.0251,3.5371,0.88,25.0554,19.1579,3.001,4.1391,3.6252,4.095,4.0684,106207.7113,106207.7113,30780.7531,1427431.6224,1427431.6224,1
4123,603318.SH,水发燃气,20260825,10.24,16.2438,27.4382,1.39,,,3.0219,2.2271,2.3281,0.5496,,55467.3218,45907.0924,27177.5656,567985.3568,470088.6016,2
4124,603319.SH,美湖股份,20260825,26.21,3.0323,3.9639,0.67,85.5771,124.0751,3.6096,3.9593,3.9255,0.5723,0.3701,33914.9678,33914.9678,25943.9598,888911.3637,888911.3637,1
4125,603320.SH,迪贝电气,20260825,17.9,5.2564,12.9408,3.31,33.1452,35.6526,2.2319,2.715,2.7377,0.7821,0.9497,14914.6203,14914.6203,6058.1913,266971.698,266971.698,1
4126,603321.SH,梅轮电梯,20260825,6.43,0.897,2.0113,1.0,69.5516,64.9287,1.55,3.3109,3.3575,2.7134,0.7717,34888.9469,34456.4469,15366.4469,224335.9485,221554.9735,1
4127,603322.SH,超讯科技,20260825,25.4,1.8402,2.3144,0.5,,,12.7533,1.7242,3.1377,,,15758.6796,15758.6796,12530.1796,400270.472,400270.472,1
4128,603323.SH,苏农银行,20260825,4.22,1.6851,1.9491,1.19,4.5858,4.5365,0.4838,2.2243,2.217,5.4639,4.5239,222039.5581,222039.5581,191972.0062,937006.9432,937006.9432,4
4129,603324.SH,盛剑科技,20260825,27.13,2.0403,5.794,0.69,,,2.5121,3.639,4.4381,0.4497,,15098.332,14587.842,5136.85,409617.7472,395768.1535,4
4130,603325.SH,博隆技术,20260825,53.87,1.1316,1.1316,1.07,10.5079,16.2363,1.5649,3.1834,3.6067,3.2022,2.9701,8000.4,3418.32,3418.32,430981.548,184144.8984,1
4131,603326.SH,我乐家居,20260825,7.17,1.0737,3.3586,0.54,13.1242,15.9775,1.9197,1.5773,1.675,9.0976,5.5788,31917.693,31917.693,10203.593,228849.8373,228849.8373,1
4132,603327.SH,福蓉科技,20260825,9.61,3.3655,11.43,0.97,84.8864,68.8124,4.0128,3.7878,3.5211,1.9029,1.141,104545.936,104545.936,30783.1768,1004686.4834,1004686.4834,1
4133,603328.SH,依顿电子,20260825,10.91,1.8814,4.7011,0.76,23.3919,28.1406,2.5168,2.7061,2.7133,1.8148,1.5399,99844.2611,99844.2611,39957.0887,1089300.8766,1089300.8766,1
4134,603329.SH,上海雅仕,20260825,10.6,1.8251,3.3172,1.12,69.6436,38.6879,1.798,0.9107,0.8431,0.1797,0.434,25005.1175,20638.3053,11355.2483,265054.272,218766.086,1
4135,603330.SH,天洋新材,20260825,10.94,28.9788,46.2895,1.06,,,3.632,5.5,5.9306,,,43267.3649,40671.323,25461.6729,473344.9184,444944.2408,4
4136,603331.SH,百达精工,20260825,12.8,1.2484,1.6322,0.58,,,2.4839,1.8371,1.9148,0.625,,20217.5636,20217.5636,15463.1811,258784.768,258784.768,1
4137,603332.SH,苏州龙杰,20260825,11.58,1.636,4.0943,0.59,32.6915,25.5652,1.9183,1.5108,1.3422,1.8937,2.4102,21634.7184,21634.7184,8644.6218,250530.0576,250530.0576,1
4138,603333.SH,福华尚纬,20260825,9.75,6.5073,11.6859,1.55,,,3.5588,5.1535,4.5889,0.0832,0.0832,74516.1457,62152.7586,34610.038,726532.4625,605989.41,1
4139,603334.SH,丰倍生物,20260825,31.72,4.4466,4.4466,0.47,32.3847,33.2452,2.6315,1.4355,1.1269,,1.1034,14350.0,3181.6703,3181.6703,455182.0,100922.5724,1
4140,603335.SH,迪生力,20260825,6.66,2.3973,4.4243,0.98,58.816,43.8718,11.0205,2.8974,3.4416,,,42814.46,42814.46,23199.28,285144.3036,285144.3036,1
4141,603336.SH,宏辉果蔬,20260825,8.99,2.5655,4.8519,0.54,307.2135,335.3757,3.8084,5.2006,5.4281,0.0556,0.1224,60871.8945,60871.8945,32186.2352,547238.2911,547238.2911,4
4142,603337.SH,杰克科技,20260825,39.09,1.5891,4.7515,1.69,21.7562,21.3974,3.4449,2.8271,2.61,1.2226,1.097,47638.8091,46702.9791,15619.8118,1862201.0829,1825619.4882,1
4143,603338.SH,浙江鼎力,20260825,58.8,1.7877,4.0924,2.4,15.6767,15.4789,2.5138,3.4719,3.2593,1.7007,1.9558,50634.7879,50634.7879,22119.4099,2977325.652,2977325.652,1
4144,603339.SH,四方科技,20260825,14.31,3.3075,5.9237,1.84,28.6777,25.8377,1.5878,2.6188,2.4674,1.6132,1.0832,30944.1175,30944.1175,17277.9339,442810.3572,442810.3572,1
4145,603341.SH,龙旗科技,20260825,36.92,2.2421,2.2421,0.51,32.9747,43.2223,2.6713,0.458,0.4786,1.3176,1.3507,52259.0644,26740.2331,26740.2331,1929404.4952,987249.2916,1
4146,603344.SH,星德胜,20260825,23.13,5.4841,5.4841,1.4,25.9231,27.1697,2.0739,1.7486,1.7145,1.3403,,19453.098,5403.098,5403.098,449950.203,124973.703,1
4147,603345.SH,安井食品,20260825,77.25,3.6614,4.8818,1.95,18.9419,17.103,1.6259,1.59,1.442,4.371,3.6941,33328.8932,29329.4232,21997.3013,2574656.7525,2265697.695,4
4148,603348.SH,文灿股份,20260825,14.42,0.657,1.2561,0.98,,,1.1854,0.7675,0.7679,1.0402,,31447.7192,31447.7192,16447.7192,453476.1224,453476.1224,1
4149,603350.SH,安乃达,20260825,28.37,0.8773,1.1344,0.7,28.7295,29.8706,2.4206,1.6489,1.6716,4.3962,2.1142,11649.4,4412.45,3412.45,330493.478,125181.2065,1
4150,603351.SH,威尔药业,20260825,27.11,1.3674,3.1214,1.0,24.3212,23.691,2.053,2.7503,2.621,1.4755,2.2132,13543.9132,13543.9132,5933.3294,367175.4001,367175.4001,1
4151,603352.SH,至信股份,20260825,25.62,1.7451,1.7451,0.59,25.5308,31.0552,1.9612,1.4328,1.3447,,0.4294,22666.6667,4533.3334,4533.3334,580719.8292,116143.9146,1
4152,603353.SH,和顺石油,20260825,30.93,2.083,6.4725,0.97,,,3.2798,2.0411,2.0965,0.984,0.6523,17041.8,17041.8,5484.492,527102.874,527102.874,1
4153,603355.SH,莱克电气,20260825,28.85,0.4921,2.5675,1.05,20.6952,28.0973,2.9269,1.6765,1.6892,,,57339.6882,57339.6882,10989.8953,1654250.0565,1654250.0565,1
4154,603356.SH,华菱精工,20260825,16.91,2.1378,3.0148,1.12,,,7.4651,2.3572,2.4173,,,13334.0,13334.0,9455.4783,225477.94,225477.94,1
4155,603357.SH,设计总院,20260825,6.09,0.6184,1.1738,0.99,9.3343,21.4863,0.8784,1.3529,1.7164,5.7475,3.2841,56054.3253,56054.3253,29530.4853,341370.8697,341370.8697,1
4156,603358.SH,华达科技,20260825,45.98,1.1396,2.4297,0.46,85.1886,165.1184,6.0919,4.3248,4.2306,1.0661,0.8917,46974.3076,46177.0643,21658.88,2159878.314,2123221.2188,4
4157,603359.SH,*ST东珠,20260825,2.17,1.2794,2.3719,1.14,,,0.6899,3.4098,4.5411,,,44609.6,44609.6,24062.5868,96802.832,96802.832,1
4158,603360.SH,百傲化学,20260825,13.77,1.6519,3.7364,1.11,46.3578,56.3789,6.8967,5.6409,6.4905,3.1124,,70622.3654,70622.3654,31223.0475,972470.0349,972470.0349,2
4159,603363.SH,傲农生物,20260825,2.91,1.13,1.4617,0.64,102.3863,,2.5655,0.9378,0.8932,,,273106.1826,214658.9668,165947.5507,794739.0129,624657.6027,1
4160,603365.SH,水星家纺,20260825,18.0,1.1398,2.994,1.26,11.614,11.192,1.4584,1.0434,1.0313,4.9335,5.4779,26249.63,26113.37,9941.546,472493.34,470040.66,1
4161,603366.SH,日出东方,20260825,7.44,4.7892,12.1574,1.15,34.6261,35.5743,1.3991,1.4802,1.3983,0.7258,0.6048,81304.8101,81304.8101,32028.658,604907.7864,604907.7864,1
4162,603367.SH,辰欣药业,20260825,14.71,4.6058,8.7308,1.61,15.8101,14.5884,1.0436,1.9334,1.9599,2.7736,2.3657,45275.4129,45275.4129,23884.6658,666001.2811,666001.2811,1
4163,603368.SH,柳药集团,20260825,15.87,1.058,1.4189,0.66,8.8852,9.5989,0.8027,0.3012,0.3004,4.7317,4.1854,39721.1355,39721.1355,29617.856,630374.4918,630374.4918,1
4164,603369.SH,今世缘,20260825,27.82,0.8942,1.6559,0.58,13.3218,14.1191,2.0227,3.407,3.5886,4.3134,4.3134,124680.0037,124680.0037,67326.8263,3468597.6,3468597.6,1
4165,603370.SH,华新精科,20260825,32.5,1.4445,1.4445,0.8,34.3824,42.4525,2.9121,3.5976,3.6865,,0.8769,17495.0,3499.0,3499.0,568587.5,113717.5,1
4166,603373.SH,安邦护卫,20260825,39.96,2.9775,4.3756,0.96,47.5166,46.7432,3.2149,2.2154,2.2032,1.2513,0.9831,15053.7635,6360.2151,4327.9571,601548.6492,254154.3912,1
4167,603375.SH,盛景微,20260825,37.51,2.0716,3.0352,0.87,373.0168,,2.4533,8.0384,8.8051,0.2666,0.2645,10066.6667,6378.0929,4353.0925,377600.4166,239242.1559,1
4168,603376.SH,大明电子,20260825,26.9,10.449,10.449,0.93,43.4125,64.772,6.2839,3.4637,3.6174,,0.5576,40000.1,3200.08,3200.08,1076002.69,86082.152,1
4169,603377.SH,ST东时,20260825,2.89,0.4409,0.7388,1.5,,,,3.3809,3.4797,,,72283.1422,72283.1422,43138.5222,208898.281,208898.281,1
4170,603378.SH,*ST亚士,20260825,6.75,4.368,7.7611,1.46,,,,6.2576,7.338,,,42859.6642,42859.6642,24121.7842,289302.705,289302.705,1
4171,603379.SH,三美股份,20260825,59.52,1.3855,3.3785,1.62,17.6289,17.0042,4.2832,6.2117,5.646,1.2891,2.5538,61047.9037,61047.9037,25034.6314,3633571.008,3633571.008,4
4172,603380.SH,易德龙,20260825,33.93,2.1673,4.8675,1.06,24.5003,24.3971,3.429,2.3776,2.2843,2.9472,1.7668,16044.12,16044.12,7143.85,544376.9916,544376.9916,4
4173,603381.SH,永臻股份,20260825,15.79,6.5133,7.7674,2.47,,,1.1202,0.3495,0.3559,3.5465,,23725.6326,14213.7686,11918.8883,374627.6977,224435.4283,1
4174,603382.SH,海阳科技,20260825,19.02,5.7356,9.1477,0.68,30.0163,34.2451,1.9202,0.8062,0.8328,1.0515,1.5773,18125.1368,11548.5886,7240.8986,344740.1628,219654.1818,1
4175,603383.SH,顶点软件,20260825,28.6,1.3182,2.2306,0.51,32.9611,29.7557,4.05,10.1004,10.0592,2.7973,2.7972,20537.6359,20537.6359,12137.3382,587376.504,587376.504,1
4176,603385.SH,惠达卫浴,20260825,5.62,0.7257,1.8091,0.82,,,0.6081,0.7266,0.7482,1.9573,,38066.4968,38066.4968,15269.267,213933.73,213933.73,1
4177,603386.SH,骏亚科技,20260825,13.84,1.454,3.4178,0.68,,,3.4502,1.781,1.7705,,,32632.256,32632.256,13882.806,451630.4784,451630.4784,1
4178,603387.SH,基蛋生物,20260825,9.34,1.608,2.6696,0.64,21.4664,20.3596,1.674,4.5039,4.4061,1.9272,2.5696,50715.3517,50715.3517,30548.3222,473681.369,473681.369,1
4179,603389.SH,亚振家居,20260825,43.93,1.1211,2.8358,0.79,,,57.5652,20.7712,17.8757,,,26275.2,26275.2,10387.7487,1154269.536,1154269.536,1
4180,603390.SH,通达电气,20260825,9.89,2.2376,6.0216,1.6,40.8108,27.5791,2.0472,3.4317,3.5087,0.91,1.1122,35165.1984,35107.3968,13045.9248,347783.828,347212.186,4
4181,603391.SH,力聚热能,20260825,69.19,10.4308,10.4308,0.81,27.8711,30.5425,2.9121,5.533,5.863,1.8066,2.1679,9100.0,2275.0,2275.0,629629.0,157407.25,1
4182,603392.SH,万泰生物,20260825,28.1,0.7314,2.7636,0.89,,,3.0273,19.5328,17.5552,,,126439.2804,126439.2804,33463.3805,3552943.768,3552943.768,1
4183,603393.SH,新天然气,20260825,25.26,3.2907,5.8168,1.08,13.2712,18.7551,1.1053,2.7291,2.8258,,,42392.1327,42392.1327,23982.4729,1070825.2038,1070825.2038,1
4184,603395.SH,红四方,20260825,28.55,20.8624,20.8624,0.94,144.8703,145.871,5.2036,2.1638,2.1443,0.4041,0.2242,26000.0,6500.0,6500.0,742300.0,185575.0,2
4185,603396.SH,金辰股份,20260825,25.85,1.94,3.299,0.97,64.0714,66.0638,1.3672,1.265,1.3122,0.5803,0.5803,13852.7478,13852.7478,8146.1486,358093.5875,358093.5875,1
4186,603398.SH,*ST沐邦,20260825,10.12,1.875,2.893,1.02,,,,11.279,10.5429,,,43364.1524,43364.1524,28105.344,438845.198,438845.198,1
4187,603399.SH,永杉锂业,20260825,14.53,11.2672,14.0683,0.84,,,4.5965,1.3731,1.1616,,,51229.0649,51229.0649,41029.0649,744358.2418,744358.2418,4
4188,603400.SH,华之杰,20260825,44.1,9.822,9.822,0.52,46.0403,66.9967,4.8141,4.0842,4.1588,0.6986,1.3943,12983.0075,3623.0075,3623.0075,572550.741,159774.741,4
4189,603402.SH,陕西旅游,20260825,63.78,9.9502,9.9502,1.59,16.6876,21.057,2.2369,6.227,6.8772,,2.4121,10053.3334,2513.3334,2513.3334,641201.3874,160300.1874,1
4190,603406.SH,天富龙,20260825,29.47,6.4921,6.4921,0.67,26.6773,25.124,2.4983,3.3655,3.4721,1.6966,1.6966,40001.0,5871.9829,5871.9829,1178829.47,173047.2506,1
4191,603407.SH,长裕集团,20260825,55.79,14.1324,14.1324,0.52,91.2756,82.9773,10.6161,12.7754,13.0225,,,40787.5231,3591.1992,3591.1992,2275535.7408,200353.048,4
4192,603408.SH,建霖家居,20260825,11.4,2.0336,7.6743,2.97,11.5774,12.4939,1.502,0.9967,0.9176,4.386,5.614,44757.3,44757.3,11860.1633,510233.22,510233.22,1
4193,603409.SH,汇通控股,20260825,18.21,3.5099,3.5099,1.06,23.2004,21.3816,2.2032,2.7686,2.6435,1.8428,1.1056,18777.7893,5387.8012,5387.8012,341943.5559,98111.838,1
4194,603416.SH,信捷电气,20260825,45.13,1.202,2.3143,0.54,27.8728,26.9853,2.5708,3.5183,3.3903,3.2328,3.41,15697.5753,13954.612,7248.006,708431.3341,629771.5493,1
4195,603418.SH,友升股份,20260825,43.45,1.5684,1.5684,0.8,17.1102,16.1834,1.8185,1.6839,1.6624,,1.9102,19306.8444,4136.4612,4136.4612,838882.198,179729.187,1
4196,603421.SH,鼎信通讯,20260825,5.98,1.0031,2.0202,0.86,,,1.6205,2.5952,2.6491,,,65219.0511,65219.0511,32383.2835,390009.919,390009.919,1
4197,603429.SH,*ST集友,20260825,8.99,0.6066,1.029,0.74,,,3.7372,27.5547,39.2621,,,52448.5465,52448.5465,30918.0165,471512.4645,471512.4645,1
4198,603435.SH,嘉德利,20260825,49.16,4.9888,4.9888,0.67,92.6932,92.6932,15.8842,29.8132,29.8132,,,45916.754,3568.7542,3568.7542,2257267.43,175439.75,1
4199,603439.SH,三力制药,20260825,12.35,3.5862,7.92,0.8,107.8264,102.3713,3.3401,2.9289,2.9758,2.7597,0.4808,40384.0216,40384.0216,18285.917,498742.647,498742.647,1
4200,603444.SH,吉比特,20260825,385.09,1.432,2.425,0.55,15.4668,12.3821,4.5804,4.4712,3.7421,4.1643,5.0696,7204.1101,7204.1101,4254.2261,2774230.7199,2774230.7199,1
4201,603456.SH,九洲药业,20260825,16.49,4.025,7.2839,0.91,19.915,24.5749,1.6335,2.6394,2.7891,3.0321,1.8193,88171.0028,88171.0028,48722.8796,1453939.79,1453939.79,1
4202,603458.SH,勘设股份,20260825,9.64,6.0697,6.704,0.91,,,1.1977,2.2004,2.4084,,,30612.4514,30612.4514,27716.2789,295104.018,295104.018,1
4203,603459.SH,红板科技,20260825,87.04,12.563,12.563,0.91,121.528,118.1272,26.8785,17.8424,17.0212,,,75375.3588,7905.1858,7905.1858,6560671.3344,688067.7376,1
4204,603466.SH,风语筑,20260825,11.14,6.0748,9.8302,0.82,,,3.1856,3.9879,4.196,1.7952,0.1795,59482.8492,59482.8492,36758.3871,662638.949,662638.949,1
4205,603468.SH,津富士达,20260825,23.74,6.5984,6.5984,0.57,25.6139,26.0782,3.3015,1.9337,1.7612,,,41222.17,3998.8574,3998.8574,978614.3158,94932.9364,1
4206,603477.SH,巨星农牧,20260825,14.72,2.9671,4.8739,0.86,253.7054,,3.0408,0.9622,0.9297,1.1113,0.1267,52297.9624,51007.0813,31052.2965,769826.0065,750824.2367,1
4207,603486.SH,科沃斯,20260825,56.21,2.258,6.8582,1.72,18.5204,16.0679,3.2352,1.7104,1.5729,0.796,1.6367,57934.0876,57409.5201,18901.1218,3256475.1989,3226989.1192,1
4208,603488.SH,展鹏科技,20260825,8.27,2.0543,2.9343,0.84,,,3.1728,4.6025,4.298,0.3628,,29199.044,29199.044,20442.2507,241476.0608,241476.0608,1
4209,603489.SH,八方股份,20260825,28.28,0.8883,3.312,1.12,64.5306,52.773,2.3951,4.9631,4.7036,0.3536,0.5304,23461.7979,23461.7979,6292.184,663499.704,663499.704,1
4210,603496.SH,恒为科技,20260825,23.87,1.9081,2.582,0.43,218.77,157.0983,5.4813,7.3025,6.9471,0.1047,0.1047,32020.9243,32020.9243,23663.496,764339.3604,764339.3604,4
4211,603499.SH,翔港科技,20260825,11.84,0.8142,2.0044,0.77,43.1393,41.6114,5.2613,4.8481,4.7423,0.8618,0.4826,42363.2146,42363.2146,17208.4711,501580.4064,501580.4064,1
4212,603500.SH,祥和实业,20260825,9.35,1.0899,2.302,0.68,23.1456,22.4974,2.8848,3.7277,3.7668,1.3904,2.3529,33278.3246,33260.9069,15747.8031,311152.3855,310989.5085,1
4213,603501.SH,豪威集团,20260825,85.55,1.878,2.9898,1.33,26.5972,33.2365,3.3132,3.7289,3.72,0.7231,0.5836,125770.4429,120696.3329,75815.8317,10759661.142,10325571.0315,1
4214,603505.SH,金石资源,20260825,15.2,0.9395,2.0737,0.72,39.272,44.2152,6.7908,3.2909,3.1537,0.6937,0.7875,84166.8813,84166.8813,38132.3225,1279336.576,1279336.576,4
4215,603506.SH,南都物业,20260825,11.09,3.9962,10.3184,0.69,20.982,17.7269,1.6814,1.1182,1.1098,,1.907,18777.7779,18777.7779,7272.4453,208245.5802,208245.5802,1
4216,603507.SH,振江股份,20260825,23.35,3.4419,4.6091,1.42,50.0788,27.7189,2.1456,1.4048,1.2335,0.9774,0.9883,23893.3994,23630.3834,17646.3228,557910.89,551769.373,1
4217,603508.SH,思维列控,20260825,21.65,0.7389,1.6877,0.92,14.8425,14.4753,2.0028,5.432,5.2944,15.1884,12.1224,38127.4377,38127.4377,16692.4413,825459.076,825459.076,1
4218,603511.SH,爱慕股份,20260825,12.7,0.2895,2.0662,0.78,33.9,32.1635,1.1516,1.6662,1.6688,3.1549,2.9003,40587.4312,40188.7312,5631.514,515460.361,510396.871,1
4219,603515.SH,欧普照明,20260825,16.66,0.1116,0.7364,0.6,13.4345,13.584,1.7308,1.7742,1.7738,5.3891,5.0863,74227.9749,73775.0549,11177.8413,1236637.9802,1229092.333,1
4220,603516.SH,淳中科技,20260825,99.15,2.8681,4.1472,0.91,72.0769,68.1237,11.8303,61.2199,60.2257,0.2508,0.1003,20326.8279,20326.8279,14057.5539,2015405.1945,2015405.1945,1
4221,603517.SH,ST绝味,20260825,11.38,0.5765,1.1036,0.89,,,1.1358,1.2615,1.336,2.8998,,60600.1936,60600.1936,31652.3996,689630.1622,689630.1622,1
4222,603518.SH,锦泓集团,20260825,8.12,3.1963,4.8111,1.99,12.3857,10.846,0.7364,0.6673,0.6782,3.8325,2.4631,34535.1984,34407.3984,22858.8644,280425.824,279388.088,1
4223,603519.SH,立霸股份,20260825,17.3,6.2681,13.1772,1.15,29.421,25.7645,4.3361,2.7294,2.7291,5.725,5.725,26632.7839,26632.7839,12668.5567,460747.094,460747.094,1
4224,603520.SH,司太立,20260825,8.92,1.608,1.9675,0.8,382.3286,232.2528,1.5186,1.5989,1.5825,1.6816,3.3632,43840.9881,43840.9881,35829.9888,391061.6308,391061.6308,1
4225,603527.SH,众源新材,20260825,10.14,1.7378,2.8125,1.1,50.9385,109.2333,1.5151,0.2909,0.2542,1.5779,0.9862,31697.12,31697.12,19584.3908,321408.7968,321408.7968,1
4226,603528.SH,多伦科技,20260825,6.35,1.3516,2.9132,1.42,,,2.3851,11.2116,12.0102,0.7818,,70593.0131,70593.0131,32751.4338,448265.6135,448265.6135,1
4227,603529.SH,爱玛科技,20260825,21.37,1.0431,3.541,1.58,9.0779,12.4207,1.8851,0.736,0.7858,5.7147,5.5114,86424.8088,85076.5921,25062.3721,1846898.1897,1818086.7283,4
4228,603530.SH,神马电力,20260825,46.9,0.6305,2.9918,0.57,46.8703,41.6153,11.1463,11.7585,10.589,0.976,0.7258,43140.4377,42746.4774,9007.9472,2023286.636,2004809.912,1
4229,603533.SH,掌阅科技,20260825,20.9,2.8008,5.2816,0.94,,,3.9962,2.8288,2.7027,0.4785,,43889.6835,43889.6835,23274.867,917294.312,917294.312,1
4230,603535.SH,嘉诚国际,20260825,6.26,1.1469,3.3614,1.31,83.3498,,1.2895,2.835,3.1972,0.9714,0.3195,51091.8331,51091.8331,17431.5283,319834.8558,319834.8558,1
4231,603536.SH,惠发食品,20260825,9.54,2.3665,5.3351,1.13,,,6.4902,1.6279,1.699,,,24053.226,24053.226,10669.6253,229467.8142,229467.8142,1
4232,603538.SH,美诺华,20260825,26.96,14.57,19.129,0.76,89.6461,78.4204,3.1255,6.097,5.4401,0.1199,0.4107,33992.8187,33691.995,25662.1672,916446.4272,908336.32,1
4233,603551.SH,奥普科技,20260825,9.33,1.2956,4.5778,1.28,12.0736,13.2143,2.7996,1.9147,1.8815,9.0134,9.085,38468.365,38122.7343,10789.7781,358909.7988,355685.0709,1
4234,603556.SH,海兴电力,20260825,25.31,1.4143,4.3336,0.4,16.8803,18.5256,1.8076,2.5809,2.3482,2.7444,3.1288,48626.417,48626.417,15870.0858,1230734.6902,1230734.6902,1
4235,603557.SH,*ST起步,20260825,3.42,1.239,1.8423,1.8,,,38.1016,13.4676,6.0078,,,62343.6888,62343.6888,41926.6552,213215.4198,213215.4198,4
4236,603558.SH,XD健盛集,20260825,11.78,1.1376,2.3329,1.07,9.968,9.2183,1.8027,1.5592,1.5355,4.7767,5.2629,34263.8049,34263.8049,16709.0274,403627.564,403627.564,4
4237,603559.SH,中通国脉,20260825,9.04,2.0817,2.9087,0.44,,,4.6339,8.6937,8.1841,,,40127.6979,40127.6979,28718.3956,362754.408,362754.408,0
4238,603565.SH,中谷物流,20260825,12.53,3.8114,9.3009,2.17,13.15,13.2818,2.4003,2.4785,2.4762,9.7366,5.3472,210006.3103,210006.3103,86058.6378,2631379.0643,2631379.0643,4
4239,603566.SH,普莱柯,20260825,10.22,0.8452,1.2354,0.81,19.1183,24.2018,1.3889,3.2451,3.4616,5.8006,5.8006,34606.2273,34606.2273,23676.3105,353675.6706,353675.6706,0
4240,603567.SH,珍宝岛,20260825,5.61,4.7016,9.3181,0.75,,,0.8645,6.6154,10.3435,2.6756,,94023.5287,93940.3292,47398.7992,527472.0033,527005.2513,1
4241,603568.SH,伟明环保,20260825,14.71,0.2777,0.8469,0.62,13.6132,17.5362,2.0638,4.8323,5.5793,2.6985,3.4052,204845.7418,204845.7418,67165.5148,3013280.8354,3013280.8354,1
4242,603569.SH,长久物流,20260825,6.0,0.6888,2.3803,1.3,,,1.3649,0.9804,1.0244,6.0,10.8333,60350.7251,60350.7251,17464.8246,362104.38,362104.38,1
4243,603577.SH,汇金通,20260825,10.34,1.4043,3.5286,1.33,34.0321,34.4844,1.7762,0.8384,0.8458,0.8395,0.588,33913.91,33913.91,13496.9567,350669.8294,350669.8294,1
4244,603578.SH,三星新材,20260825,13.3,3.3788,7.7872,1.04,,,2.1964,2.0235,1.9561,,,23406.0564,18035.7032,7825.5032,311300.465,239874.81,1
4245,603579.SH,荣泰健康,20260825,18.24,1.302,2.5998,1.15,24.334,20.6524,1.3291,2.3315,2.0914,1.6711,2.7172,20105.2364,20105.2364,10069.1844,366719.5776,366719.5776,1
4246,603580.SH,艾艾精工,20260825,74.62,10.0413,30.3676,0.91,222.4194,241.6937,21.7912,29.5664,21.8446,0.1099,0.1099,13067.32,13067.32,4320.82,975083.4184,975083.4184,1
4247,603583.SH,捷昌驱动,20260825,23.7,1.0051,2.1043,1.04,23.017,27.2786,1.9431,2.2652,2.2729,1.2583,1.3081,38576.0955,38224.6955,18258.6222,914253.57,905925.39,1
4248,603585.SH,苏利股份,20260825,10.2,1.2811,3.6267,1.12,14.5737,16.8315,1.0083,1.0113,0.9997,,2.4897,27535.5811,27079.6011,9565.5955,280862.916,276211.92,1
4249,603586.SH,金麒麟,20260825,13.65,0.8201,2.0335,0.63,19.624,58.2188,1.1905,1.5136,1.6953,3.663,4.0293,19605.278,19605.278,7906.7263,267612.072,267612.072,1
4250,603587.SH,地素时尚,20260825,11.79,0.3056,1.1456,0.96,21.4004,20.0141,1.4928,2.6089,2.5732,4.2038,3.3849,47270.2787,47270.2787,12609.8033,557316.6012,557316.6012,1
4251,603588.SH,高能环境,20260825,13.7,4.0205,4.6965,1.1,24.8997,15.373,2.0018,1.4165,1.1372,0.5109,0.7207,152323.4457,152323.4457,130397.3282,2086831.265,2086831.265,1
4252,603589.SH,口子窖,20260825,19.2,0.5371,0.8798,0.75,17.0554,29.3295,1.0702,2.8777,3.2297,6.7761,2.598,59811.9472,59811.9472,36515.1278,1148389.44,1148389.44,1
4253,603590.SH,康辰药业,20260825,30.85,2.4026,4.4012,0.81,29.5569,29.081,1.5228,5.3604,5.3437,1.9474,1.1202,15901.0477,15822.3477,8637.1717,490547.3925,488119.4975,1
4254,603595.SH,ST东尼,20260825,26.7,1.0237,1.9123,1.15,,,4.0818,2.9444,2.713,0.0562,,23244.2326,23244.2326,12442.7059,620620.941,620620.941,1
4255,603596.SH,伯特利,20260825,25.7,1.2135,1.8057,0.9,17.6178,17.6409,2.8618,1.9202,1.9144,0.9174,0.9991,89764.18,89764.18,60327.4668,2306939.426,2306939.426,4
4256,603598.SH,引力传媒,20260825,16.88,2.9077,5.7893,0.72,266.1538,228.2295,20.3963,0.5503,0.5353,,,27001.46,26971.46,13546.83,455784.6448,455278.2448,1
4257,603599.SH,广信股份,20260825,10.08,1.2847,2.201,1.43,13.9677,13.8319,0.8979,2.5976,2.8149,2.6786,2.1825,91026.9345,91026.9345,53130.3942,917551.4544,917551.4544,1
4258,603600.SH,永艺股份,20260825,9.69,1.0231,2.4261,0.93,13.7553,12.9492,1.3638,0.6559,0.6387,4.7545,4.7472,33043.317,33043.317,13934.9951,320189.7708,320189.7708,1
4259,603601.SH,再升科技,20260825,9.0,4.1092,6.3775,0.78,183.2052,252.7813,3.7728,8.0667,8.1082,0.2998,0.3115,114234.0971,114234.0971,73604.2131,1028106.9,1028106.9,1
4260,603602.SH,纵横通信,20260825,11.69,1.3043,1.877,0.93,,,2.9609,1.4709,1.3356,0.5764,0.1647,23105.7494,23105.7494,16056.2363,270106.2175,270106.2175,1
4261,603605.SH,珀莱雅,20260825,61.2,4.3736,8.6761,4.4,16.1801,12.9791,3.6401,2.2868,2.284,3.2349,3.2398,39597.6049,39597.6049,19961.1754,2423373.12,2423373.12,1
4262,603606.SH,东方电缆,20260825,34.8,1.5801,2.5656,0.69,22.576,21.0554,3.3942,2.6471,2.3507,1.0746,1.3373,82480.8488,82480.8488,50798.3721,2870333.58,2870333.58,1
4263,603607.SH,京华激光,20260825,21.65,1.5808,3.0487,0.72,36.5524,36.2219,3.8565,4.5132,4.9825,2.3095,2.3095,17851.68,17851.68,9256.4807,386488.872,386488.872,1
4264,603608.SH,天创时尚,20260825,17.73,2.6675,3.6591,0.75,519.0321,210.6583,6.347,6.5613,6.6547,,,42502.9684,42502.9684,30984.5009,753577.6581,753577.6581,4
4265,603609.SH,禾丰股份,20260825,6.43,0.3712,0.8015,0.95,110.685,,0.9105,0.1625,0.1572,0.8639,,90401.6733,90401.6733,41865.7226,581282.7381,581282.7381,1
4266,603610.SH,麒盛科技,20260825,15.17,1.4216,3.2767,0.95,51.0277,56.8582,1.7208,1.7674,1.7211,0.6592,0.9229,35299.1621,35299.1621,15314.9225,535488.2572,535488.2572,1
4267,603611.SH,诺力股份,20260825,17.19,0.7693,1.193,1.15,10.3172,11.6172,1.3666,0.662,0.6632,5.2182,4.8458,25760.0791,25760.0791,16611.0548,442815.7752,442815.7752,1
4268,603612.SH,索通发展,20260825,16.83,1.6514,2.2257,1.08,11.2274,13.3135,1.3856,0.4738,0.4234,1.241,1.9502,49810.4459,49810.4459,36957.8425,838309.8735,838309.8735,1
4269,603613.SH,国联股份,20260825,18.18,0.8751,1.3378,0.77,9.9076,9.8755,1.3973,0.2569,0.2631,0.3621,,72053.7813,72053.7813,47131.2696,1309937.7204,1309937.7204,1
4270,603615.SH,茶花股份,20260825,16.92,1.2446,2.6605,0.92,638.7298,219.1712,3.5647,3.2241,1.9579,,0.1182,24182.0,24182.0,11312.2638,409159.44,409159.44,1
4271,603616.SH,韩建河山,20260825,5.56,2.3055,3.5805,1.12,,,10.1157,2.4344,2.6969,,,38721.8,38429.3,24744.58,215293.208,213666.908,1
4272,603617.SH,君禾股份,20260825,6.8,1.1625,2.0232,0.85,52.4893,55.734,1.7013,2.3608,2.3578,1.1785,0.7353,38981.1337,38672.6337,22221.7122,265071.684,262973.884,1
4273,603618.SH,杭电股份,20260825,29.02,12.3043,23.8506,1.2,,,7.4161,2.1229,2.0745,0.2068,,69137.5616,69137.5616,35667.5616,2006371.9912,2006371.9912,1
4274,603619.SH,中曼石油,20260825,22.97,6.9339,8.6363,0.84,20.8432,34.1013,2.4329,2.7052,2.829,2.1579,1.4674,46233.8461,46233.8461,37119.9388,1061991.5345,1061991.5345,4
4275,603626.SH,科森科技,20260825,20.05,14.8618,21.1063,1.57,,429.0841,5.1561,3.551,4.1829,,,55487.969,55487.969,39071.3729,1112533.7985,1112533.7985,1
4276,603628.SH,清源股份,20260825,9.74,0.9458,1.9167,0.83,46.2356,88.6768,2.0261,1.2719,1.267,0.6801,0.4419,27263.9123,27217.3673,13430.6339,265550.5808,265097.1838,1
4277,603629.SH,利通电子,20260825,119.3,7.7775,14.0431,0.67,149.5293,81.8671,19.4901,13.2281,12.1513,0.0768,0.268,36672.8,36072.34,19978.0548,4375065.04,4303430.162,4
4278,603630.SH,拉芳家化,20260825,13.96,3.2255,7.8245,1.1,,,1.6513,3.8419,3.7076,0.6378,,22520.458,22520.458,9283.5449,314385.6216,314385.6216,4
4279,603633.SH,徕木股份,20260825,6.53,1.4844,2.1751,1.0,,,1.6013,1.8339,1.8555,0.4099,,42681.0818,42681.0818,29127.0973,278707.4524,278707.4524,1
4280,603636.SH,南威软件,20260825,6.96,1.2286,1.8437,0.75,,,2.183,4.8323,5.1638,,,58036.0523,58036.0523,38673.8299,403930.908,403930.908,1
4281,603637.SH,镇海股份,20260825,14.03,4.9952,6.3404,1.09,50.6471,54.7943,3.2113,7.25,7.0472,1.4255,0.7128,23868.5877,23868.5877,18804.6041,334876.3177,334876.3177,2
4282,603638.SH,艾迪精密,20260825,18.92,0.7039,1.9049,0.79,42.3261,37.6085,4.5745,5.2135,4.637,0.7482,1.0099,88069.4049,88069.4049,32545.7044,1666273.048,1666273.048,1
4283,603639.SH,海利尔,20260825,10.73,0.4491,1.2648,0.7,20.6187,24.6268,1.0679,0.8927,0.915,4.5299,2.7959,34964.8236,33987.8336,12068.4897,375172.5186,364689.4159,1
4284,603648.SH,畅联股份,20260825,9.46,0.5309,1.0513,0.65,27.8293,27.4784,1.8099,2.2303,2.2038,3.1712,3.3827,36241.28,36241.28,18301.9174,342842.5088,342842.5088,1
4285,603650.SH,彤程新材,20260825,62.13,2.5181,6.4523,0.66,68.0409,63.7224,9.1151,11.1632,9.7886,0.7785,0.8009,61606.9636,61458.6888,23985.4188,3827640.4248,3818428.4097,4
4286,603655.SH,朗博科技,20260825,32.7,1.5699,4.8516,0.77,76.6077,77.3032,6.1871,12.8364,12.7117,0.5758,1.0304,10600.0,10600.0,3430.0,346620.0,346620.0,1
4287,603656.SH,泰禾智能,20260825,17.35,0.5655,0.9953,0.6,108.9716,94.039,2.3896,5.1523,4.6947,0.2837,0.283,18294.5358,18294.5358,10394.7214,317410.269,317410.269,1
4288,603657.SH,春光科技,20260825,24.5,4.4571,12.0319,1.09,,,3.7969,1.2933,1.2901,0.142,,13519.005,13519.005,5007.955,331215.745,331215.745,4
4289,603658.SH,安图生物,20260825,34.17,0.8094,2.7972,0.73,18.2821,19.6407,2.2509,4.6199,4.6225,3.6874,3.8338,57142.4768,57142.4768,16534.6579,1952558.5416,1952558.5416,1
4290,603659.SH,璞泰来,20260825,23.73,1.2476,2.6593,0.81,21.5686,18.4647,2.3772,3.2385,2.7154,0.7031,0.951,214418.4175,214418.4175,100591.4323,5088149.1066,5088149.1066,4
4291,603660.SH,苏州科达,20260825,10.64,2.8922,3.767,0.68,,,8.514,5.8126,6.5163,,,57149.2696,57149.2696,43877.9068,608068.2328,608068.2328,4
4292,603661.SH,恒林股份,20260825,32.74,0.96,3.3707,0.54,27.7891,26.6324,1.2322,0.3899,0.3719,3.879,1.6799,13906.7031,13906.7031,3960.9165,455305.358,455305.358,4
4293,603662.SH,柯力传感,20260825,48.92,1.3443,2.8643,0.59,40.3411,44.8937,4.9246,8.8154,8.5834,0.57,0.7441,28082.9868,28082.9868,13179.8776,1373819.8708,1373819.8708,1
4294,603663.SH,三祥新材,20260825,41.2,3.6859,8.1639,0.64,208.0392,163.4126,16.8974,20.9818,20.9587,0.1298,0.1734,59357.0127,59316.6927,26780.6745,2445508.812,2443847.628,4
4295,603665.SH,康隆达,20260825,20.7,1.9692,3.306,1.42,41.6831,322.0134,5.0981,2.3577,2.2971,,0.7729,16016.7707,16016.7707,9540.1968,331547.139,331547.139,1
4296,603666.SH,亿嘉和,20260825,26.08,2.1387,3.3585,0.71,,,2.6155,9.7355,13.6223,,,20553.042,20553.042,13088.432,536023.2832,536023.2832,4
4297,603667.SH,五洲新春,20260825,50.84,2.8301,4.4464,0.58,213.1465,230.9562,6.4925,5.8264,6.1336,0.2257,0.236,38315.1922,36620.277,23308.9257,1947944.768,1861775.0352,4
4298,603668.SH,天马科技,20260825,9.99,0.8457,1.206,0.53,,,2.3837,0.842,0.8347,,,50579.6732,50579.6732,35467.9904,505290.9033,505290.9033,1
4299,603669.SH,灵康药业,20260825,5.6,4.0004,9.3455,0.97,,,6.8667,12.3698,9.7691,,,71233.1165,71233.1165,30492.2334,398905.472,398905.472,1
4300,603676.SH,卫信康,20260825,9.38,0.4808,2.0252,0.64,17.5294,18.8404,2.6431,3.5939,3.5125,3.4635,3.4635,43516.15,43516.15,10330.078,408181.487,408181.487,1
4301,603677.SH,奇精机械,20260825,13.65,0.7156,2.7283,1.09,54.5072,200.3836,2.3557,1.2715,1.2881,1.8315,1.4652,19260.0865,19260.0865,5051.4865,262900.2285,262900.2285,1
4302,603678.SH,火炬电子,20260825,45.55,3.2617,5.4652,0.65,67.7432,71.9625,3.3646,5.2569,3.9703,0.4809,0.5247,47556.6631,47556.6631,28382.1536,2166205.863,2166205.863,4
4303,603679.SH,华体科技,20260825,22.44,3.182,4.5468,0.77,,,4.6026,8.497,7.1332,,,17768.6217,17768.6217,12434.8475,398727.8328,398727.8328,4
4304,603680.SH,今创集团,20260825,10.37,0.4852,3.0216,0.76,13.9655,13.0789,1.3836,1.8724,1.8503,2.893,2.893,78371.8767,78371.8767,12585.5817,812716.3956,812716.3956,1
4305,603681.SH,永冠新材,20260825,18.25,1.7268,2.5236,0.88,34.9862,31.504,1.4496,0.6485,0.6429,0.6402,0.526,23774.183,23774.183,16267.971,433878.785,433878.785,1
4306,603682.SH,锦和商管,20260825,11.69,3.2507,7.7398,0.81,,,8.3184,5.835,6.069,2.8229,2.8229,47250.0,47250.0,19845.0,552352.5,552352.5,1
4307,603683.SH,晶华新材,20260825,15.75,4.7973,7.1451,0.6,51.3837,45.9464,2.6697,2.1147,1.9631,0.5644,0.6304,29141.8503,28843.3143,19365.7203,458984.1375,454282.1325,1
4308,603685.SH,晨丰科技,20260825,24.5,0.5936,0.9956,0.47,281.1553,168.0376,3.1057,5.4877,5.5692,0.0218,0.1224,25295.0568,20146.5747,12011.5998,619728.725,493590.965,1
4309,603686.SH,福龙马,20260825,12.93,2.5766,3.1038,1.18,34.6165,34.2195,1.5344,1.0904,1.0579,1.222,0.8739,41543.0404,41543.0404,34485.9836,537151.5072,537151.5072,1
4310,603687.SH,大胜达,20260825,14.41,2.8689,5.6873,1.13,102.7789,114.2265,2.4221,3.5958,3.5539,0.4022,0.2919,55003.1864,55003.1864,27745.9753,792595.9679,792595.9679,2
4311,603688.SH,石英股份,20260825,46.7,2.0633,4.3331,0.9,164.9777,183.4822,4.318,25.0945,24.3478,0.4047,0.1832,54167.8289,54167.8289,25793.726,2529637.661,2529637.661,4
4312,603689.SH,皖天然气,20260825,7.61,0.5356,1.4571,0.8,12.332,11.8306,1.0603,0.7832,0.8019,4.9002,4.5547,52581.3345,52344.7965,19242.0157,400143.9974,398343.928,1
4313,603690.SH,至纯科技,20260825,25.69,7.4706,9.9031,0.99,,,3.0545,3.4465,4.3405,0.1933,,38296.425,38296.425,28889.9669,983835.2867,983835.2867,1
4314,603693.SH,江苏新能,20260825,11.25,0.4445,2.7903,0.85,19.7634,22.1265,1.3962,4.8059,4.9642,1.3333,1.3333,89147.588,89147.588,14200.6602,1002910.3875,1002910.3875,1
4315,603696.SH,安记食品,20260825,13.32,5.2419,12.3925,0.66,113.9449,99.0626,5.5278,5.3509,5.3383,0.6757,0.5255,23520.0,23520.0,9948.837,313286.4,313286.4,1
4316,603697.SH,有友食品,20260825,9.54,1.2986,3.9355,0.96,21.9889,20.2789,2.2486,2.5679,2.2035,4.6122,4.4025,42769.2098,42769.2098,14112.3889,408018.2634,408018.2634,1
4317,603698.SH,航天工程,20260825,21.57,2.0136,6.5337,0.58,53.3996,51.7033,3.2846,2.7416,2.6723,0.7557,0.6027,53599.0,53599.0,16518.1627,1156130.43,1156130.43,1
4318,603699.SH,纽威股份,20260825,52.92,0.7448,1.9799,0.9,25.628,24.1671,8.8961,5.2818,4.9668,3.2319,3.0427,77528.2899,75814.2728,28522.0203,4102797.1068,4012091.1684,1
4319,603700.SH,宁水集团,20260825,11.85,3.0506,3.6805,1.5,25.3838,31.2135,1.4426,1.3593,1.29,1.6872,2.5088,19996.1934,19996.1934,16573.8277,236954.8515,236954.8515,1
4320,603701.SH,德宏股份,20260825,19.26,0.9467,1.8623,0.9,436.3248,363.6525,6.2533,5.4617,4.6909,0.2077,0.2077,26136.1901,26136.1901,13287.0002,503383.0194,503383.0194,1
4321,603703.SH,盛洋科技,20260825,10.06,4.5285,6.3715,0.94,,,5.0514,4.5685,4.3111,,,41498.212,41498.212,29494.6099,417471.9926,417471.9926,1
4322,603706.SH,东方环宇,20260825,19.26,0.5541,1.7778,0.87,16.8792,15.3552,1.9772,2.7396,2.7021,4.6729,4.6729,18938.2714,18938.2714,5902.231,364751.0802,364751.0802,4
4323,603707.SH,健友股份,20260825,8.14,0.7027,2.2452,0.58,22.6149,22.449,1.8944,3.2955,3.26,1.2285,1.227,161565.102,161565.102,50567.3454,1315139.914,1315139.914,1
4324,603708.SH,家家悦,20260825,9.28,1.475,4.9822,0.55,29.5174,29.0497,2.4254,0.3299,0.3307,2.5088,3.2393,63833.8675,63833.8675,18898.2586,592378.3136,592378.3136,1
4325,603709.SH,中源家居,20260825,12.22,2.3798,7.5938,0.41,,,3.9201,1.2293,1.1381,,0.5036,16323.5059,16264.2051,5097.0413,199473.2922,198748.6462,1
4326,603711.SH,香飘飘,20260825,11.57,1.167,6.2731,0.84,50.1562,23.4749,1.377,1.6327,1.5083,2.1608,0.605,41287.41,41287.41,7680.6253,477695.3337,477695.3337,1
4327,603712.SH,七一二,20260825,10.96,1.673,3.2364,1.25,,,2.2123,3.9391,3.8852,,,77200.0,77200.0,39906.17,846112.0,846112.0,1
4328,603713.SH,密尔克卫,20260825,63.66,0.9754,1.7032,0.61,17.6839,16.8905,2.2855,0.8309,0.7764,1.0135,1.4272,17404.8542,17404.8542,9967.3415,1107992.751,1107992.751,1
4329,603716.SH,塞力医疗,20260825,16.1,9.8011,11.377,1.3,,,3.5987,3.3755,3.7426,,,22579.077,22579.077,19451.4022,363523.188,363523.188,1
4330,603717.SH,天域生物,20260825,6.53,2.9572,4.3213,0.65,,,4.9539,2.6112,2.8961,,,29014.624,29014.624,19855.5611,189465.4686,189465.4686,1
4331,603718.SH,*ST海利,20260825,3.01,0.875,1.3431,0.85,,,2.2039,10.3978,11.2612,2.6315,,64897.97,64897.97,42278.1762,195342.8897,195342.8897,1
4332,603719.SH,良品铺子,20260825,9.42,1.2256,2.6532,1.17,,,1.9625,0.6834,0.6462,2.6633,2.6633,39798.34,39798.34,18383.936,374900.3628,374900.3628,1
4333,603721.SH,中广天择,20260825,17.99,2.5666,5.1726,0.66,88.2227,85.9506,4.7691,6.8479,6.2716,,0.4447,13000.0,13000.0,6450.5215,233870.0,233870.0,1
4334,603722.SH,阿科力,20260825,29.9,1.5585,2.68,1.4,,,3.2939,6.007,5.5246,0.3275,,9772.0121,9570.0121,5565.3821,292183.099,286143.299,1
4335,603725.SH,天安新材,20260825,12.54,6.9707,11.7466,1.09,34.2643,33.0225,4.4412,1.2389,1.2615,0.7879,0.9455,30485.768,30485.768,18091.0703,382291.5558,382291.5558,1
4336,603726.SH,朗迪集团,20260825,24.0,2.8123,6.2744,1.41,25.1117,19.5874,2.977,2.4423,2.5513,1.6656,2.2917,18555.93,18461.43,8274.6924,445342.32,443074.32,1
4337,603727.SH,博迈科,20260825,18.27,1.0146,1.946,0.97,83.7623,,1.6666,2.7084,3.1738,1.3472,1.0778,28171.9277,28171.9277,14687.2977,514701.1611,514701.1611,1
4338,603728.SH,鸣志电器,20260825,46.84,1.0893,2.5542,0.61,320.9734,289.5759,6.5983,7.1038,6.8434,0.0512,0.0534,41888.25,41888.25,17864.25,1962045.63,1962045.63,1
4339,603729.SH,ST龙韵,20260825,11.46,0.9125,1.3075,0.89,,,3.8226,3.1172,3.3133,0.0873,,9216.51,9216.51,6432.48,105621.2046,105621.2046,1
4340,603730.SH,岱美股份,20260825,10.66,0.8344,3.6506,1.08,34.7168,35.9459,4.6046,3.5667,3.5966,2.5256,2.3452,214859.3681,214859.3681,49111.1513,2290400.8842,2290400.8842,1
4341,603733.SH,仙鹤股份,20260825,20.75,0.6893,2.2209,0.54,16.7467,16.5081,1.9356,1.3739,1.3546,2.0815,2.9906,81725.323,81725.323,25366.3222,1695800.39,1695800.39,4
4342,603737.SH,三棵树,20260825,25.14,0.9095,2.7574,0.53,28.724,28.6675,7.419,1.7768,1.7345,2.415,1.8828,88538.0968,88538.0968,29203.6615,2225847.834,2225847.834,1
4343,603738.SH,泰晶科技,20260825,37.7,10.0681,12.2513,0.93,278.5664,218.5037,8.0004,15.4153,14.6582,0.2114,0.1081,38588.7492,38588.7492,31712.2292,1454795.875,1454795.875,1
4344,603739.SH,蔚蓝生物,20260825,12.54,2.203,5.3052,0.59,45.4519,40.6269,1.763,2.3226,2.2648,0.7974,0.7974,25302.8866,25302.8866,10507.0426,317298.2406,317298.2406,1
4345,603755.SH,日辰股份,20260825,23.6,0.8856,2.1392,1.1,27.6365,27.4624,3.0654,4.9697,4.7268,1.8793,2.0881,9861.3681,9861.3681,4082.3681,232728.332,232728.332,1
4346,603757.SH,大元泵业,20260825,66.11,9.4117,18.6005,1.62,85.2217,105.4448,5.8115,6.3968,6.451,1.0235,1.0588,18654.7259,18654.7259,9439.1959,1233264.2003,1233264.2003,1
4347,603758.SH,秦安股份,20260825,12.12,9.603,27.9211,1.35,35.1324,44.7359,2.0048,3.882,3.7972,2.4438,,43311.6049,43311.6049,14896.298,524936.592,524936.592,2
4348,603759.SH,海天股份,20260825,7.56,0.7309,1.8646,1.28,19.7463,26.6989,1.1943,1.0846,0.7919,,1.5212,46176.0,46176.0,18099.7296,349090.56,349090.56,1
4349,603766.SH,隆鑫通用,20260825,14.86,1.3385,2.2335,1.31,18.5196,19.502,3.3358,1.5947,1.5928,2.6918,4.7106,205354.185,205354.185,123065.998,3051563.2634,3051563.2634,1
4350,603767.SH,中马传动,20260825,14.54,1.5703,4.6278,0.54,,,3.2667,4.9168,4.9281,1.3755,,30863.15,30863.15,10472.15,448750.201,448750.201,1
4351,603768.SH,常青股份,20260825,11.8,1.7941,4.1017,2.06,,,1.2823,0.7962,0.7727,0.4914,,23795.5857,23795.5857,10408.0857,280787.962,280787.962,1
4352,603773.SH,沃格光电,20260825,95.88,7.5535,12.2148,0.59,,,20.3988,8.4437,8.2928,0.0514,,22467.8633,22467.8633,13893.8835,2154218.4168,2154218.4168,1
4353,603776.SH,永安行,20260825,20.44,0.4599,0.7416,0.5,,,1.6763,13.9426,12.7627,1.0414,,28076.0572,28076.0572,17412.4911,573874.6664,573874.6664,4
4354,603777.SH,来伊份,20260825,13.49,1.1651,3.1337,0.57,,,2.8948,1.1813,1.185,,,33442.4166,33442.4166,12434.2933,451138.2458,451138.2458,1
4355,603778.SH,国晟科技,20260825,9.39,3.3498,4.6063,0.71,,,21.9554,7.7827,7.5557,,,66004.212,64285.7142,46750.0835,619779.5319,603642.8169,1
4356,603779.SH,威龙股份,20260825,7.96,4.4269,6.1679,1.32,,,5.3956,7.2736,7.8455,0.1131,,33208.2754,33208.2754,23834.8638,264337.9088,264337.9088,1
4357,603786.SH,科博达,20260825,39.37,0.3927,1.8776,0.82,19.1705,20.2358,2.7563,2.2929,2.2769,1.651,1.5748,40385.67,40385.67,8447.6904,1589983.8279,1589983.8279,4
4358,603787.SH,新日股份,20260825,10.36,1.3217,3.7505,1.44,47.1199,51.9994,1.5443,0.5797,0.5962,1.9305,1.9305,23014.379,23014.379,8110.459,238428.9768,238428.9768,1
4359,603788.SH,宁波高发,20260825,14.04,0.4333,0.694,0.96,14.4863,14.4399,1.441,1.9801,2.0073,4.9858,5.698,22306.5068,22306.5068,13927.5068,313183.4004,313183.4004,1
4360,603789.SH,ST星农,20260825,6.17,0.9335,1.8212,0.87,,,15.636,4.2349,3.6969,,,26521.46,26000.0,13326.7172,163637.4082,160420.0,1
4361,603790.SH,雅运股份,20260825,24.0,1.4484,3.7187,0.39,63.7892,56.639,3.5196,5.5443,5.2396,0.5,0.5417,19136.0,19136.0,7453.054,459264.0,459264.0,4
4362,603797.SH,联泰环保,20260825,4.74,1.2973,3.058,0.44,21.2366,21.6467,0.8075,2.6779,2.6664,1.8987,,57660.519,57660.519,24461.8379,273310.8648,273310.8648,0
4363,603798.SH,康普顿,20260825,13.17,1.7804,3.7863,1.44,66.1795,78.1956,2.7198,3.5509,3.7398,0.8224,0.7552,25644.965,25644.965,12058.836,337744.2549,337744.2549,1
4364,603799.SH,华友钴业,20260825,39.13,2.7928,3.5228,0.88,12.1259,10.7276,1.4565,0.9145,0.7455,1.1329,1.28,189352.7517,188760.7197,149643.735,7409373.1075,7386206.9736,4
4365,603800.SH,洪田股份,20260825,66.16,1.8603,3.5097,0.74,947.4205,579.3526,17.3975,12.7564,12.9639,0.1466,,20800.0,20800.0,11025.0,1376128.0,1376128.0,1
4366,603801.SH,志邦家居,20260825,6.7,11.3264,21.0673,1.45,14.2159,42.6144,0.9238,0.668,0.7073,8.9996,5.8274,43435.1483,43435.1483,23352.0636,291015.505,291015.505,4
4367,603803.SH,瑞斯康达,20260825,11.25,9.2446,16.4009,1.34,,,3.1108,3.8811,3.7497,,,42488.3557,42488.3557,23949.2352,477994.05,477994.05,1
4368,603806.SH,福斯特,20260825,15.37,0.8403,2.2072,0.77,52.0952,35.9241,2.4624,2.5884,2.7615,1.6898,0.9749,260874.5702,260874.5702,99312.9416,4009642.1409,4009642.1409,1
4369,603808.SH,歌力思,20260825,8.64,0.9825,2.2591,1.4,19.06,19.0534,1.1988,1.1001,1.0799,0.5787,2.1065,36373.3233,36373.3233,15819.1219,314265.4848,314265.4848,1
4370,603809.SH,豪能股份,20260825,9.04,0.9936,1.4606,0.96,30.0184,29.5879,2.2364,3.0934,2.838,1.5415,1.6593,92028.8807,92028.8807,62602.0662,831941.0752,831941.0752,1
4371,603810.SH,丰山集团,20260825,12.45,1.0259,1.865,1.12,52.7943,57.1539,1.3321,1.6903,1.5726,,0.9398,16534.2179,16534.2179,9095.3443,205851.039,205851.039,1
4372,603811.SH,诚意药业,20260825,7.43,1.1919,1.6735,0.61,17.4491,17.5846,2.3467,4.1911,4.1131,2.3328,2.8841,45822.6048,45822.6048,32636.4601,340461.918,340461.918,1
4373,603813.SH,原尚股份,20260825,28.75,0.6571,1.8747,0.69,,,6.0851,8.8261,8.932,,,10501.5,10501.5,3681.2,301918.125,301918.125,1
4374,603815.SH,交建股份,20260825,5.43,1.5377,2.9593,1.23,,,2.1344,0.8734,0.9099,1.1844,,61892.4235,61892.4235,32160.6915,336075.8406,336075.8406,0
4375,603816.SH,顾家家居,20260825,25.06,0.6839,1.1491,0.86,12.9599,13.1272,2.0929,1.1567,1.1499,4.8884,4.8858,92573.3012,81588.0346,48557.0168,2319886.898,2044596.0318,1
4376,603817.SH,海峡环保,20260825,5.74,1.3418,2.5993,1.16,15.4286,13.9631,1.0008,2.3767,2.3524,1.0453,1.3066,57008.4039,57008.4039,29428.1768,327228.216,327228.216,1
4377,603818.SH,曲美家居,20260825,3.71,1.7891,3.0865,0.51,,,1.2339,0.7468,0.7538,,,68654.3855,68654.3855,39795.3283,254707.7869,254707.7869,4
4378,603819.SH,神力股份,20260825,13.72,1.5866,3.1766,0.5,151.5131,114.2421,3.678,1.9981,1.979,0.1458,0.2915,21773.0187,21773.0187,10875.2038,298725.8344,298725.8344,1
4379,603822.SH,ST嘉澳,20260825,57.5,0.4718,0.7714,0.51,140.9172,24.994,9.7918,0.9144,0.7591,,0.2129,7682.5886,7682.5886,4699.0388,441748.925,441748.925,4
4380,603823.SH,百合花,20260825,66.95,6.4066,19.525,1.42,166.9886,152.42,11.0497,12.9625,12.5761,0.224,0.1942,41636.7704,41636.7704,13661.9717,2787581.7515,2787581.7515,4
4381,603825.SH,ST华扬,20260825,8.11,0.4781,0.7569,0.73,,,65.9641,1.4767,1.2935,,,25333.6552,25333.6552,16001.0792,205455.9826,205455.9826,1
4382,603826.SH,坤彩科技,20260825,15.8,0.9175,3.3501,1.34,,,7.1941,10.6836,9.5167,,0.7303,85176.0,85176.0,23328.1561,1345780.8,1345780.8,4
4383,603828.SH,*ST利达,20260825,5.32,0.7691,1.5459,0.74,,,6.1917,2.0534,2.4508,,,59596.0158,59593.9625,29649.3443,317050.7732,317039.8672,1
4384,603829.SH,洛凯股份,20260825,15.43,1.7189,3.5872,1.13,36.0584,52.2471,1.9242,1.2985,1.3107,0.6959,0.9721,18626.6159,18626.6159,8925.4094,287408.7466,287408.7466,1
4385,603833.SH,欧派家居,20260825,32.5,0.51,2.02,0.68,9.859,10.678,1.0641,1.1424,1.1976,7.6308,7.6215,60572.7207,60572.7207,15294.8853,1968613.4,1968613.4,1
4386,603836.SH,海程邦达,20260825,9.21,0.9281,2.024,0.93,100.8832,55.2382,1.515,0.3025,0.3053,1.1491,1.5359,28620.9332,27892.9332,12789.6793,263598.7653,256893.8853,1
4387,603838.SH,*ST四通,20260825,11.66,1.3382,3.6833,0.84,,,4.2466,10.4696,9.6836,,,32001.6,32001.6,11627.0468,373138.656,373138.656,4
4388,603839.SH,安正时尚,20260825,7.28,1.0165,3.8382,1.12,,,1.6754,1.2013,1.1688,1.367,,38701.62,38701.62,10249.6682,281747.7936,281747.7936,1
4389,603843.SH,*ST正平,20260825,7.28,1.6357,2.2971,0.87,,,197.7152,3.7047,3.807,,,69962.3237,69962.3237,49817.1582,509325.6896,509325.6896,1
4390,603848.SH,好太太,20260825,13.34,1.3805,8.0693,0.76,26.4149,24.4804,2.0758,3.4778,3.3148,1.4993,1.4993,40240.6511,40240.6511,6884.6511,536810.271,536810.271,1
4391,603855.SH,华荣股份,20260825,16.04,0.3002,0.5307,0.93,14.6362,15.5494,2.4099,1.6822,1.7472,6.2347,6.177,33751.1,33553.25,18981.11,541367.644,538194.13,1
4392,603856.SH,东宏股份,20260825,11.39,1.3082,3.3158,1.04,12.8825,12.824,1.1618,1.458,1.4491,1.9052,2.3365,28205.606,28205.606,11127.7557,321261.8979,321261.8979,4
4393,603858.SH,步长制药,20260825,15.31,0.3606,0.826,0.41,44.7509,43.1771,1.5797,1.3596,1.3836,2.5474,3.7045,105456.8442,105456.8442,46046.0427,1614544.2204,1614544.2204,1
4394,603859.SH,能科科技,20260825,37.61,1.4933,2.0387,0.7,44.4104,44.3933,3.1675,6.5709,6.5857,0.0488,0.2197,26639.9089,24469.7701,17923.4341,1001927.0151,920308.0497,1
4395,603860.SH,中公高科,20260825,26.72,1.4172,2.636,1.09,39.0732,38.1871,2.1192,6.4923,6.5026,0.6261,0.768,6668.0,6668.0,3584.8,178168.96,178168.96,1
4396,603861.SH,白云电器,20260825,11.93,1.0077,2.2141,0.82,31.5824,30.7517,1.6111,1.3085,1.309,1.1399,1.0457,54052.7955,52858.6478,24057.179,644849.904,630603.6945,4
4397,603863.SH,松炀资源,20260825,12.78,3.3024,4.6432,1.6,,,10.8001,5.9017,5.6644,,,20465.0,20465.0,14555.35,261542.7,261542.7,1
4398,603866.SH,桃李面包,20260825,4.27,0.7411,1.9286,1.02,24.0645,30.3237,1.357,1.2538,1.2658,3.0445,4.6838,159971.9155,159971.9155,61470.8377,683080.0984,683080.0984,1
4399,603867.SH,新化股份,20260825,28.91,2.967,3.8754,0.9,24.1419,22.9056,2.0081,2.1363,1.99,1.3625,1.3798,21748.6743,21568.6743,16513.3752,628754.0497,623550.2497,4
4400,603868.SH,飞科电器,20260825,30.34,0.1721,1.7195,0.94,25.8084,25.4294,3.7597,3.4229,3.5681,1.648,1.648,43560.0,43560.0,4360.0,1321610.4,1321610.4,1
4401,603869.SH,ST智知,20260825,8.73,0.1389,0.3889,0.75,115.4647,143.0984,1.1357,6.2658,6.8202,0.1461,0.2746,48862.1988,48862.1988,17458.1169,426567.006,426567.006,4
4402,603871.SH,嘉友国际,20260825,12.88,0.6275,1.5481,0.85,15.4415,14.5984,2.8011,2.1035,2.1985,3.7711,3.101,136800.8658,136800.8658,55453.267,1761995.2056,1761995.2056,1
4403,603876.SH,鼎胜新材,20260825,22.56,2.3124,3.8002,0.77,40.8762,33.7366,2.7439,0.797,0.7734,0.4437,0.7535,92926.7213,92926.7213,56545.9758,2096426.8032,2096426.8032,4
4404,603877.SH,太平鸟,20260825,12.61,0.2895,0.9826,0.76,34.0018,29.8847,1.3511,0.9355,0.9385,3.18,2.3791,46990.4803,46932.356,13827.9853,592549.9528,591817.0596,1
4405,603878.SH,武进不锈,20260825,5.15,2.243,3.6936,1.38,36.2969,91.0429,1.1159,1.2376,1.3377,1.7319,0.9623,56114.9986,56114.9986,34076.4412,288992.25,288992.25,1
4406,603879.SH,永悦科技,20260825,5.58,2.0428,3.0198,0.85,,,8.6534,6.0809,5.9592,,,35934.444,35934.444,24307.7696,200514.1752,200514.1752,1
4407,603880.SH,南卫股份,20260825,9.04,4.5516,8.628,0.59,,,15.1827,4.3512,4.469,,,28904.2,28904.2,15248.1585,261293.968,261293.968,1
4408,603881.SH,数据港,20260825,24.99,4.3935,7.5289,0.45,155.277,154.2491,6.3704,12.5188,12.7326,0.1995,0.1934,86205.2399,86205.2399,50304.3315,2154268.9476,2154268.9476,4
4409,603882.SH,金域医学,20260825,29.3,2.7559,4.7424,0.88,,133.3922,2.1496,2.2508,2.2937,3.0034,3.0034,46325.8275,46013.4577,26739.3749,1357346.819,1348194.378,4
4410,603883.SH,老百姓,20260825,13.22,1.417,2.6202,0.62,26.2737,25.3946,1.4755,0.4512,0.4502,1.6651,3.1014,75889.0236,75889.0236,41042.3726,1003252.8444,1003252.8444,1
4411,603885.SH,吉祥航空,20260825,10.53,0.3176,0.7225,0.85,21.9688,20.1201,2.2074,1.0151,1.0036,0.9466,1.8569,216900.5268,216900.5268,95334.8617,2283962.5809,2283962.5809,1
4412,603886.SH,元祖股份,20260825,12.05,3.655,7.237,0.56,20.7172,30.6436,1.9508,1.39,1.3932,8.2988,4.9793,24000.0,24000.0,12120.9,289200.0,289200.0,1
4413,603887.SH,城地香江,20260825,9.28,7.1034,8.3604,0.83,,,1.5876,1.448,1.3809,,,60202.9421,60202.9421,51151.418,558683.2832,558683.2832,1
4414,603888.SH,新华网,20260825,16.2,0.8546,2.1877,1.16,36.522,36.4428,3.1598,5.3865,5.3344,0.5871,0.8249,74221.1985,74221.1985,28993.8428,1202383.44,1202383.44,1
4415,603889.SH,新澳股份,20260825,5.72,1.2945,2.3567,1.44,11.3086,10.8814,1.4246,1.0747,1.0372,4.0363,4.7068,94920.4676,94213.7356,51750.4593,542945.0884,538902.5928,1
4416,603890.SH,春秋电子,20260825,18.37,6.8899,9.6441,0.85,30.6422,28.5922,2.6449,1.9876,1.8845,0.7387,1.0237,47522.3296,47522.3296,33950.8576,872985.1948,872985.1948,4
4417,603893.SH,瑞芯微,20260825,175.06,1.5871,3.2498,0.48,71.2297,54.1553,15.0471,16.8273,14.1561,0.5106,0.856,42314.355,42308.955,20662.1388,7407551.8616,7406606.5376,1
4418,603895.SH,天永智能,20260825,24.94,1.1517,2.6215,0.7,146.5339,158.5447,13.1339,5.0585,5.1556,,,10808.0,10808.0,4748.4448,269551.52,269551.52,4
4419,603896.SH,寿仙谷,20260825,15.15,0.9802,1.6551,1.08,165.2553,,1.3533,4.6915,4.8031,1.7822,,19824.3938,19824.3938,11741.2088,300339.5085,300339.5085,1
4420,603897.SH,长城科技,20260825,31.05,6.0194,14.4503,0.78,20.3182,20.035,2.6969,0.5093,0.4616,5.7971,4.8309,20643.5681,20643.5681,8599.2381,640982.8485,640982.8485,1
4421,603898.SH,好莱客,20260825,11.29,0.6411,2.1055,0.54,231.0178,,1.1052,2.0356,2.1844,0.7163,0.3809,30022.9482,30022.9482,9141.5621,338959.1055,338959.1055,1
4422,603899.SH,晨光股份,20260825,22.65,0.3022,0.8388,0.93,15.8287,15.6041,2.1534,0.8276,0.8183,4.415,4.415,91579.5377,91579.5377,32995.9319,2074276.581,2074276.581,1
4423,603900.SH,莱绅通灵,20260825,6.56,10.5881,18.2642,2.9,37.6513,26.4904,1.1276,1.4709,1.4788,1.5249,1.5249,34290.384,34272.384,19868.414,224944.8928,224826.8128,1
4424,603901.SH,永创智能,20260825,9.5,1.074,1.8883,0.88,39.9198,32.6387,1.8603,1.3735,1.3387,0.1327,0.8422,57669.0597,56889.9147,32358.1047,547856.07,540454.145,1
4425,603903.SH,中持股份,20260825,14.19,3.1702,5.1747,0.65,,,2.5351,3.5344,3.5879,,,25531.948,25531.948,15641.7491,362298.3705,362298.3705,4
4426,603906.SH,龙蟠科技,20260825,19.24,3.0875,5.3204,0.76,,224.8953,5.001,1.703,1.4039,,,79111.1906,56299.6503,32671.5659,1522099.2956,1083205.266,4
4427,603908.SH,牧高笛,20260825,19.45,1.2622,3.2031,1.07,,,3.7287,1.7898,1.9151,3.3505,,9312.6988,9312.6988,3669.7674,181132.015,181132.015,1
4428,603909.SH,建发合诚,20260825,9.79,0.6371,1.1138,0.76,23.3711,21.9634,2.1783,0.3342,0.3123,1.2257,1.5322,26067.314,26067.314,14911.747,255198.9649,255198.9649,1
4429,603912.SH,佳力图,20260825,9.08,7.6178,12.5774,1.3,,,2.8618,6.6674,6.6025,0.8802,,54232.629,54232.629,32847.3097,492432.2804,492432.2804,2
4430,603915.SH,国茂股份,20260825,13.18,0.5131,1.437,0.65,37.4531,35.636,2.3211,3.327,3.2585,1.7936,1.6539,66788.248,65663.248,23448.4204,880269.135,865441.635,1
4431,603916.SH,苏博特,20260825,11.6,1.7708,3.3927,0.51,40.2981,37.0034,1.1468,1.3712,1.3854,0.8873,1.0492,42032.7791,42032.7791,21938.7191,487580.248,487580.248,1
4432,603917.SH,合力科技,20260825,12.68,1.4541,2.1835,1.43,89.9959,125.6151,1.5396,3.4272,3.4242,1.183,1.183,20384.0,20384.0,13574.2634,258469.12,258469.12,1
4433,603918.SH,金桥信息,20260825,10.87,6.7149,8.9358,2.08,,,4.0554,5.7299,5.5728,,,36510.7526,36510.7526,27436.4621,396871.8525,396871.8525,1
4434,603919.SH,金徽酒,20260825,16.41,1.3779,2.9913,0.86,23.4888,30.8111,2.4469,2.8522,2.7983,2.9843,3.021,50725.9997,50725.9997,23365.453,832413.66,832413.66,1
4435,603920.SH,世运电路,20260825,37.17,2.2001,4.1768,0.62,39.1609,69.7682,4.2371,4.8028,4.4557,2.4212,1.6142,72059.2317,72059.2317,37956.7912,2678441.5791,2678441.5791,1
4436,603922.SH,ST金鸿顺,20260825,13.84,0.7036,1.2791,0.66,,,2.6468,3.8823,3.6535,,,17920.0,17920.0,9857.7823,248012.8,248012.8,4
4437,603926.SH,铁流股份,20260825,15.93,2.3846,4.0255,1.16,47.9054,46.0788,2.1212,1.5584,1.548,1.647,0.8161,23298.6611,23083.8611,13674.3021,371147.6538,367725.8898,1
4438,603927.SH,中科软,20260825,13.44,1.0987,1.6512,0.97,49.8747,49.787,3.5174,1.8528,1.8791,2.9018,2.2321,83104.0,83104.0,55297.0638,1116917.76,1116917.76,1
4439,603928.SH,兴业股份,20260825,12.26,2.9176,8.5727,0.73,41.1375,34.7124,2.5873,2.6184,2.5367,1.0039,1.2549,34070.4,34070.4,11595.3916,417703.104,417703.104,4
4440,603929.SH,亚翔集成,20260825,160.91,2.5884,6.5031,0.79,38.4814,28.102,14.3787,6.9971,5.949,1.2429,1.6469,21336.0,21336.0,8492.2,3433175.76,3433175.76,4
4441,603931.SH,格林达,20260825,35.08,2.0588,5.3858,0.74,57.1403,58.3338,3.508,11.1857,11.4488,0.6271,0.5274,19955.838,19955.838,7628.6092,700050.8672,700050.8672,1
4442,603933.SH,睿能科技,20260825,19.11,1.717,4.6757,0.89,113.4867,60.9459,2.9329,1.7745,1.4879,0.314,0.314,20754.4575,20754.4575,7621.4575,396617.7306,396617.7306,1
4443,603936.SH,博敏电子,20260825,17.21,6.953,8.739,0.5,1679.8103,,2.6078,3.0748,2.9449,,0.0581,64534.8004,63039.8004,50156.2593,1110643.908,1084914.958,0
4444,603937.SH,丽岛新材,20260825,11.95,2.0149,5.4551,0.92,,1071.6695,1.6131,1.2648,1.1943,,,20889.1991,20889.1991,7715.6593,249625.94,249625.94,1
4445,603938.SH,三孚股份,20260825,41.59,3.4793,10.0984,0.72,198.1762,98.8671,6.088,7.5887,6.6276,0.0407,0.0527,38262.4497,38262.4497,13183.0498,1591335.2955,1591335.2955,1
4446,603939.SH,益丰药房,20260825,23.8,0.6482,1.3153,1.03,17.1911,16.6933,2.4223,1.181,1.1773,2.9412,2.9412,121239.2486,121239.2486,59748.8282,2885494.15,2885494.15,1
4447,603948.SH,建业股份,20260825,20.47,0.5006,1.8347,0.99,14.4642,14.2587,1.5046,1.6166,1.6229,4.8852,4.8852,16248.9167,16248.9167,4433.9197,332615.3924,332615.3924,1
4448,603949.SH,雪龙集团,20260825,14.14,1.1701,3.9233,1.16,33.1146,31.1487,2.6965,6.8617,6.6327,0.7086,1.5559,21073.6706,21020.5274,6269.4334,297981.6938,297230.2942,1
4449,603950.SH,长源东谷,20260825,64.93,2.9152,7.9226,1.24,54.1041,53.395,6.7977,9.3311,9.3324,0.3316,0.1999,32413.08,32386.88,11916.9497,2104581.2844,2102880.1184,1
4450,603955.SH,大千生态,20260825,20.1,2.0253,3.2966,1.14,,,1.9091,7.4994,6.2275,0.2488,,13572.0,13572.0,8337.8113,272797.2,272797.2,1
4451,603956.SH,威派格,20260825,6.15,3.2418,5.7722,0.82,,,1.9727,3.0205,3.613,,,56990.6286,56990.6286,32007.4222,350492.3745,350492.3745,1
4452,603958.SH,哈森股份,20260825,22.26,20.7945,56.975,2.11,,,7.4995,3.3424,3.2799,,,21936.0,21936.0,8006.1196,488295.36,488295.36,4
4453,603959.SH,ST百利,20260825,5.18,1.6056,1.9502,0.91,,,6495.8971,3.4261,4.9676,,,49029.8992,49029.8992,40366.2992,253974.882,253974.882,1
4454,603960.SH,克来机电,20260825,15.93,1.1166,1.7932,0.7,151.4302,197.0846,3.7099,8.3944,8.5367,0.3585,0.2009,26219.79,26219.79,16327.4491,417681.2547,417681.2547,1
4455,603966.SH,法兰泰克,20260825,7.99,1.7773,2.767,2.09,17.7223,16.339,1.9594,1.7128,1.5609,2.2054,2.6957,52039.4896,51969.7056,33382.2033,415795.5251,415237.9829,1
4456,603967.SH,中创物流,20260825,11.84,1.8967,5.5841,2.29,15.7364,14.1282,1.6537,0.4637,0.4583,5.0676,5.4899,34666.671,34666.671,11774.591,410453.3728,410453.3728,1
4457,603968.SH,醋化股份,20260825,10.57,0.9056,1.7531,0.96,,,1.2346,0.8216,0.8355,,,20448.0,20448.0,10562.2894,216135.36,216135.36,1
4458,603969.SH,银龙股份,20260825,7.37,3.9106,6.524,1.71,17.5665,14.7685,2.1264,2.0033,1.9326,1.0678,0.9498,87153.38,85155.38,51044.1762,642320.4106,627595.1506,1
4459,603970.SH,中农立华,20260825,10.75,0.8554,2.1227,0.5,16.748,16.6527,1.7762,0.2571,0.2543,4.186,2.9767,26880.0134,26880.0134,10832.6534,288960.1075,288960.1075,1
4460,603976.SH,正川股份,20260825,28.18,1.9667,4.0552,1.07,255.8271,326.3872,4.0719,7.2792,6.7977,0.7691,0.9067,17161.4529,17161.4529,8323.1429,483609.661,483609.661,1
4461,603977.SH,国泰集团,20260825,11.51,1.5571,3.0293,1.49,28.3497,31.2357,2.08,3.029,2.9102,0.7819,1.1295,62124.1828,62124.1828,31933.9396,715049.3118,715049.3118,4
4462,603978.SH,深圳新星,20260825,19.03,2.553,4.0291,0.74,,,2.422,1.2302,1.1727,,,21109.4299,21109.4299,13376.0405,401712.4529,401712.4529,1
4463,603979.SH,金诚信,20260825,73.37,1.0459,1.8152,0.9,19.5697,18.1744,3.9979,3.2941,3.1571,0.6133,0.8996,62379.258,62379.258,35944.4049,4576766.3062,4576766.3062,4
4464,603980.SH,吉华集团,20260825,6.55,3.5109,5.3333,1.26,81.6495,47.5047,1.1248,2.9092,2.7795,1.0687,2.2443,67683.336,67683.336,44556.4165,443325.877,443325.877,4
4465,603982.SH,泉峰汽车,20260825,6.22,0.9859,1.65,0.86,,,1.0705,0.8626,0.889,,,36512.8995,33955.3548,20288.248,227110.1758,211202.277,1
4466,603983.SH,丸美生物,20260825,26.36,0.5208,2.7125,0.8,42.7536,49.5763,3.0798,3.0556,3.0253,2.8452,1.8968,40100.0,40100.0,7700.0,1057036.0,1057036.0,1
4467,603985.SH,恒润股份,20260825,16.4,1.6258,2.4883,0.71,86.6063,64.7509,2.1769,1.8258,1.9246,,0.3656,44085.8003,44085.8003,28805.6614,723007.12,723007.12,1
4468,603986.SH,兆易创新,20260825,395.51,5.9312,5.9312,0.82,168.4122,35.0026,7.4443,30.1568,16.7007,0.0853,0.1893,70174.5034,66849.1934,66849.1934,27754717.8397,26439524.4816,1
4469,603987.SH,康德莱,20260825,7.53,1.2487,2.1351,1.04,13.6844,14.073,1.1552,1.431,1.4382,1.992,2.2576,43679.088,43679.088,25545.4555,328903.5477,328903.5477,1
4470,603988.SH,中电电机,20260825,20.06,4.0669,8.0968,0.9,153.9588,12561.152,7.1915,7.1649,7.8223,0.1994,0.2243,23520.0,23520.0,11813.6624,471811.2,471811.2,4
4471,603989.SH,艾华集团,20260825,27.41,3.3057,9.6729,0.52,41.244,41.3386,2.7658,2.7522,2.7214,0.5472,0.7297,39877.986,39877.986,13628.1359,1093055.7059,1093055.7059,1
4472,603990.SH,麦迪科技,20260825,23.45,4.5708,5.8044,0.86,182.7965,368.803,8.5338,23.7429,23.8737,,,30524.5431,30524.5431,24037.1183,715800.463,715800.463,1
4473,603991.SH,领先股份,20260825,134.49,1.9239,2.4817,0.9,,1104.472,5.8426,37.322,14.7236,,0.0074,15270.971,8953.6498,6941.2048,2053792.7553,1204176.3885,1
4474,603992.SH,松霖科技,20260825,21.57,0.7874,3.5226,0.93,46.5231,37.423,2.6071,3.6474,3.3218,1.6761,1.7269,44304.182,44304.182,9903.4662,955641.1626,955641.1626,1
4475,603993.SH,洛阳钼业,20260825,18.42,1.0672,2.6241,0.83,19.376,14.1656,4.3948,1.9067,1.594,1.3844,1.5527,2139431.0176,1746084.2176,710084.1776,39408319.3884,32162871.3324,4
4476,603995.SH,甬金股份,20260825,24.47,1.4437,2.8068,0.53,16.2159,14.7462,1.4982,0.2086,0.1965,3.2693,3.2693,36360.9543,36360.9543,18702.1646,889752.4465,889752.4465,4
4477,603997.SH,继峰股份,20260825,11.45,0.9212,1.5897,0.54,32.1159,21.9134,2.6489,0.6394,0.5749,,0.9345,127226.4864,127226.4864,73722.3788,1456743.3105,1456743.3105,1
4478,603998.SH,方盛制药,20260825,10.1,2.8397,4.5518,0.7,14.4742,14.4679,2.5575,2.5393,2.4759,4.0594,4.4554,43908.136,43908.136,27393.0053,443472.214,443472.214,1
4479,603999.SH,读者传媒,20260825,5.71,1.1621,2.7563,1.29,38.47,38.4068,1.5846,3.64,3.8621,0.5779,0.7881,57600.0,57600.0,24285.4056,328896.0,328896.0,1
4480,605001.SH,威奥股份,20260825,6.02,3.0232,5.5066,1.16,27.5212,28.9721,0.8643,1.3258,1.2874,3.3223,3.3223,39288.6,39288.6,21570.2767,236517.372,236517.372,1
4481,605003.SH,众望布艺,20260825,22.48,1.2401,4.6532,0.75,34.1082,36.273,1.726,4.5696,4.4107,1.8238,2.2242,11000.0,11000.0,2931.5404,247280.0,247280.0,1
4482,605005.SH,合兴股份,20260825,16.03,0.4667,2.9575,1.61,31.0774,35.5815,3.0961,3.4424,3.4441,1.2477,1.2477,40100.0,40100.0,6327.2451,642803.0,642803.0,1
4483,605006.SH,山东玻纤,20260825,13.71,2.6872,7.8151,0.55,,1267.8202,2.9011,3.6063,3.0726,,,65360.1304,65360.1304,22474.1027,896087.3823,896087.3823,4
4484,605007.SH,五洲特纸,20260825,14.88,0.6674,3.4723,0.85,28.923,20.0549,1.9403,0.7968,0.733,1.6842,1.0753,47573.0003,47457.7103,9121.5949,707886.24,706170.7248,1
4485,605008.SH,长鸿高科,20260825,12.91,1.1484,6.5655,0.82,,,4.27,2.1258,2.0836,,,64596.2414,64596.2414,11298.8249,833937.4584,833937.4584,4
4486,605009.SH,豪悦护理,20260825,25.14,1.1616,3.4851,1.37,23.2955,22.7685,1.6022,1.4388,1.3657,2.4053,3.3669,21495.7453,21495.7453,7164.3474,540403.155,540403.155,1
4487,605011.SH,杭州热电,20260825,16.64,0.5679,2.8416,0.62,35.7018,38.7375,2.6769,2.1006,2.0278,1.3221,0.9615,40010.0,40010.0,7996.67,665766.4,665766.4,1
4488,605016.SH,百龙创园,20260825,20.1,1.3772,3.1714,1.2,22.9066,20.7062,4.0548,6.1218,5.7888,1.0333,1.3184,42001.232,42001.232,18238.8402,844224.723,844224.723,1
4489,605018.SH,长华集团,20260825,12.23,1.4014,5.7106,0.81,60.3631,55.3452,2.0306,2.6674,2.6357,1.2105,1.2215,47006.5793,47006.5793,11535.4793,574890.4734,574890.4734,1
4490,605020.SH,永和股份,20260825,30.97,1.7082,2.9054,0.66,28.168,19.6973,2.6198,3.0387,2.6837,0.7421,1.4525,51081.8723,50292.3987,29569.5724,1582005.5139,1557555.628,4
4491,605028.SH,世茂能源,20260825,24.26,0.3496,1.3982,0.48,22.5174,27.3436,2.8237,12.0239,12.07,4.5342,3.7098,16000.0,16000.0,4000.0,388160.0,388160.0,1
4492,605033.SH,美邦股份,20260825,19.28,2.8378,10.396,0.54,53.5636,40.9885,2.1894,2.8583,2.6556,0.778,0.778,13520.0,13520.0,3690.55,260665.6,260665.6,1
4493,605050.SH,福然德,20260825,10.28,0.2601,0.7148,0.69,13.4932,13.6487,1.1343,0.4307,0.4269,3.3983,3.8785,49282.9181,49282.9181,17931.3881,506628.4176,506628.4176,1
4494,605055.SH,迎丰股份,20260825,9.87,0.8645,2.9594,1.2,,,4.4211,2.7235,2.6726,0.6017,0.5912,44000.0,44000.0,12853.953,434280.0,434280.0,1
4495,605056.SH,咸亨国际,20260825,14.1,1.4147,3.5072,1.16,22.2365,22.0913,3.2918,1.2657,1.1565,2.5218,2.7672,40939.32,40339.32,16272.3091,577244.412,568784.412,1
4496,605058.SH,澳弘电子,20260825,26.88,1.5869,5.2839,1.23,25.2012,25.7971,2.1141,2.85,2.8068,2.2321,1.8601,14292.512,14292.512,4292.512,384182.6688,384182.6688,1
4497,605060.SH,联德股份,20260825,42.38,1.7333,4.7619,0.84,44.7804,39.5496,3.921,8.1292,7.2914,0.82,0.8257,24059.2,23888.4,8694.9934,1019628.896,1012390.392,1
4498,605066.SH,天正电气,20260825,7.21,1.4412,2.4137,0.38,39.2477,81.8194,2.14,1.2872,1.3083,3.4963,1.3934,50243.3125,50243.3125,29999.96,362254.2651,362254.2651,4
4499,605068.SH,明新旭腾,20260825,17.6,3.0857,8.8986,1.25,192.7426,,1.8478,1.9247,1.8981,,0.2273,16219.8495,16219.8495,5624.3571,285469.36,285469.36,1
4500,605069.SH,正和生态,20260825,10.89,2.0948,5.4246,1.15,,,3.3545,6.4034,6.4709,,,21169.7778,21169.7778,8175.0978,230538.9042,230538.9042,1
4501,605077.SH,华康股份,20260825,10.96,1.0624,1.5913,0.78,16.5634,30.5609,1.1124,0.792,0.6906,6.3941,4.5673,30270.3778,29942.9678,19990.3766,331763.3648,328174.9512,1
4502,605080.SH,浙江自然,20260825,22.12,2.7292,8.1038,0.68,16.2831,18.839,1.3519,3.0453,2.9366,0.8944,0.6417,14090.922,14035.12,4726.69,311691.1504,310456.8544,4
4503,605086.SH,龙高股份,20260825,25.59,1.2306,4.5403,0.81,37.8104,39.6631,2.8665,15.8635,17.3422,0.7347,1.059,17920.0,17920.0,4857.17,458572.8,458572.8,1
4504,605088.SH,冠盛股份,20260825,20.33,2.4958,4.2674,1.54,13.9616,15.9088,1.4222,0.9264,0.856,2.6988,2.9127,20272.6053,20119.3893,11766.9893,412142.1613,409027.1987,4
4505,605089.SH,味知香,20260825,20.37,0.6364,2.4145,0.98,40.8893,39.0593,2.2195,4.0035,3.9884,1.7496,1.7496,13800.0,13800.0,3637.1696,281106.0,281106.0,1
4506,605090.SH,九丰能源,20260825,35.13,1.2196,2.2566,0.48,16.7735,15.8169,2.0215,1.2246,1.2745,3.2076,1.7814,70658.4518,70587.1718,38150.1632,2482231.3485,2479727.2821,1
4507,605098.SH,行动教育,20260825,56.85,0.8237,2.0056,0.91,21.1908,18.8197,6.4967,8.3571,7.5725,3.9578,2.6318,11925.11,11925.11,4897.5398,677942.5035,677942.5035,1
4508,605099.SH,共创草坪,20260825,33.27,1.0995,9.8884,3.04,20.0646,19.0888,4.238,4.0707,3.9046,1.9188,2.4928,40266.2736,40212.6336,4471.4021,1339658.8029,1337874.2001,4
4509,605100.SH,华丰股份,20260825,33.21,2.0015,4.4267,1.22,348.3673,330.2514,4.4054,10.0046,9.2767,0.6468,0.2156,23902.2,23790.48,10756.48,793792.062,790081.8408,4
4510,605108.SH,同庆楼,20260825,12.79,1.3557,4.3166,1.63,32.5609,49.5806,1.4253,1.2405,1.229,0.9346,0.9346,26000.0,26000.0,8165.4852,332540.0,332540.0,1
4511,605111.SH,新洁能,20260825,58.67,5.0333,6.4401,0.85,61.9044,62.1816,5.4147,12.9817,11.5226,0.1107,0.3247,41533.2567,41533.2567,32460.9341,2436756.3642,2436756.3642,4
4512,605116.SH,奥锐特,20260825,19.98,0.9026,3.2031,0.58,18.0662,20.6125,3.0064,4.7809,4.8171,1.4466,1.6901,40618.3234,40618.3234,11445.5434,811554.0336,811554.0336,1
4513,605117.SH,德业股份,20260825,95.01,0.799,2.0107,0.79,38.1515,33.1141,10.4616,9.8963,8.5692,2.2182,2.1828,127323.1036,127323.1036,50593.0428,12096967.731,12096967.731,1
4514,605118.SH,力鼎光电,20260825,28.69,0.4397,2.6829,0.78,45.3699,43.1197,7.2933,14.2054,13.0467,2.1234,2.0901,41121.9,40886.85,6700.26,1179787.311,1173043.7265,1
4515,605122.SH,四方新材,20260825,11.67,1.6021,4.8261,0.8,,,1.157,1.9445,2.0641,,,17235.4,17235.4,5721.49,201137.118,201137.118,1
4516,605123.SH,派克新材,20260825,75.96,1.0934,2.513,0.52,36.4702,35.2066,1.9753,2.5979,2.41,0.9979,1.0269,12117.0892,12117.0892,5272.0892,920414.1564,920414.1564,1
4517,605128.SH,上海沿浦,20260825,23.23,0.9144,1.4529,0.55,38.8673,36.0312,3.3405,3.0149,2.9049,0.7494,0.8057,31398.6743,31398.6743,19760.7088,729391.1041,729391.1041,4
4518,605133.SH,嵘泰股份,20260825,28.05,1.6882,3.6935,0.46,41.9355,42.7316,2.0945,2.4798,2.3092,0.4078,0.7421,28527.5152,28211.8112,12894.5713,800196.6555,791341.2705,4
4519,605136.SH,丽人丽妆,20260825,8.17,1.7247,3.4516,0.81,,,1.349,1.9335,1.8639,,,40045.85,40045.85,20010.1451,327174.5945,327174.5945,1
4520,605138.SH,盛泰集团,20260825,5.81,1.2448,5.2958,2.2,106.2838,20.2498,1.3245,0.9429,0.9401,0.926,0.9294,55557.168,55557.168,13058.7601,322787.1577,322787.1577,1
4521,605151.SH,西上海,20260825,19.43,0.8149,2.4306,0.75,,129.2238,1.8988,1.4283,1.3755,0.4117,,13455.4222,13455.4222,4511.236,261438.8106,261438.8106,1
4522,605155.SH,西大门,20260825,14.19,0.7235,1.8865,0.63,24.2087,24.8723,1.9729,3.0641,3.0357,1.7426,1.4152,19051.9372,18742.8372,7188.6372,270347.0286,265960.8996,1
4523,605158.SH,华达新材,20260825,7.89,1.5165,5.3975,2.01,61.8007,,1.6649,0.5767,0.5726,1.882,0.6203,51142.0,51142.0,14369.444,403510.38,403510.38,1
4524,605162.SH,新中港,20260825,9.0,6.2297,19.1815,0.87,32.3702,39.0497,2.4125,5.6334,5.8957,1.8089,1.7542,44284.6311,44284.6311,14382.5261,398561.67,398561.67,1
4525,605166.SH,聚合顺,20260825,8.32,1.369,2.0125,0.87,18.0786,26.9326,1.3112,0.4741,0.5092,1.5985,0.7572,31473.3976,31473.3976,21409.0588,261858.688,261858.688,1
4526,605167.SH,利柏特,20260825,14.5,1.5374,2.947,0.69,33.8314,34.2017,3.5899,2.8207,3.0378,0.6785,0.3078,50990.7594,50990.7594,26601.2981,739366.02,739366.02,4
4527,605168.SH,三人行,20260825,46.87,2.6725,5.795,0.88,52.0227,77.5144,3.6134,2.6963,2.527,1.5362,1.5362,21081.6986,21081.6986,9722.1698,988099.279,988099.279,4
4528,605169.SH,洪通燃气,20260825,11.28,2.054,6.5056,0.88,26.2427,30.8467,1.5824,1.0203,1.0574,2.1711,1.7368,28288.0,28288.0,8931.2906,319088.64,319088.64,1
4529,605177.SH,东亚药业,20260825,20.38,3.5303,7.1332,0.56,,,1.4072,2.4867,2.3061,,,11472.0414,11365.2363,5624.8719,233800.1752,231623.3874,4
4530,605178.SH,时空科技,20260825,66.04,2.6905,4.3057,0.66,,,5.9273,18.8395,19.5599,,,9908.0,9908.0,6191.1411,654324.32,654324.32,1
4531,605179.SH,一鸣食品,20260825,29.94,6.9191,33.2249,1.09,234.5214,207.0439,10.3576,4.1343,4.1513,0.1336,0.2104,40100.0,40100.0,8350.8,1200594.0,1200594.0,1
4532,605180.SH,华生科技,20260825,13.05,2.2444,7.8065,0.45,84.1312,102.1344,1.9203,6.3184,5.7978,0.9962,0.5364,16900.0,16900.0,4858.75,220545.0,220545.0,1
4533,605183.SH,确成股份,20260825,14.25,0.4326,1.3382,1.94,11.9044,13.4983,1.5625,2.6646,2.6461,2.0987,2.7982,41518.4405,41242.9445,13333.6225,591637.77,587711.895,4
4534,605186.SH,健麾信息,20260825,25.95,1.029,2.0685,0.76,114.6494,114.6986,3.19,10.2152,10.2465,,,13600.0,13600.0,6765.1778,352920.0,352920.0,1
4535,605188.SH,国光连锁,20260825,12.05,1.1423,6.121,1.15,390.872,351.0697,4.9397,2.1722,2.1605,0.081,0.1232,50774.65,50774.65,9475.8498,611834.5325,611834.5325,4
4536,605189.SH,富春染织,20260825,14.81,4.1718,9.4932,0.79,45.9864,24.3016,1.8495,1.0349,0.9768,0.7535,0.6961,23823.4939,23823.4939,10469.1752,352825.8869,352825.8869,4
4537,605196.SH,华通线缆,20260825,33.8,2.2628,3.2977,1.05,60.4523,55.9773,5.101,2.2937,2.1252,0.1857,,51097.2181,50735.054,34813.204,1727085.698,1714844.69,4
4538,605198.SH,安德利,20260825,64.07,2.7888,16.1372,1.77,64.8153,84.7955,7.9123,12.7665,14.8136,0.3902,0.4682,33418.8,27053.6,4675.38,2141142.516,1733324.152,4
4539,605199.SH,ST葫芦娃,20260825,6.0,0.2574,0.8402,0.94,,,6.2564,2.6649,3.3805,,,40010.8752,40010.8752,12258.1802,240065.28,240065.28,1
4540,605208.SH,永茂泰,20260825,14.09,3.112,5.6987,0.92,68.8682,36.2672,2.0454,0.7952,0.7484,0.2765,0.4258,32994.0,32994.0,18017.74,464885.46,464885.46,1
4541,605218.SH,伟时电子,20260825,14.68,0.9074,2.4969,0.7,160.5824,,2.0096,1.5013,1.4539,0.3284,0.1362,24281.4721,21283.346,7734.5843,356452.1264,312439.578,1
4542,605222.SH,起帆电缆,20260825,20.05,1.8083,4.8371,0.97,48.478,40.6781,1.7309,0.3836,0.3514,0.1995,0.2993,41290.7753,41290.7753,15436.4853,827880.139,827880.139,1
4543,605228.SH,神通科技,20260825,10.49,0.8476,2.3162,1.05,37.8352,31.2073,2.1997,2.6701,2.6638,0.2272,1.3259,47965.5319,47713.5319,17460.8062,503158.4097,500514.9297,1
4544,605255.SH,天普股份,20260825,67.24,0.2851,1.1402,0.38,344.8072,599.3861,11.0917,28.3163,29.1555,0.3346,0.1487,13408.0,13408.0,3351.9799,901553.92,901553.92,1
4545,605258.SH,协和电子,20260825,28.33,2.8959,6.959,1.3,37.372,37.7717,2.0819,2.547,2.6014,2.4709,1.7649,8800.0,8800.0,3662.0,249304.0,249304.0,1
4546,605259.SH,绿田机械,20260825,17.53,0.4038,0.9264,0.71,12.3146,15.6236,1.6454,1.1984,1.1818,3.4227,1.7114,17248.0,17248.0,7517.6584,302357.44,302357.44,1
4547,605266.SH,健之佳,20260825,16.86,0.8556,1.7445,0.85,17.5876,17.3045,0.962,0.2921,0.2989,6.2548,7.2214,15454.2928,15454.2928,7579.5081,260559.3294,260559.3294,1
4548,605268.SH,王力安防,20260825,9.49,1.1449,6.3902,0.67,33.2648,31.9836,2.4242,1.2931,1.2759,2.135,2.6344,44055.0,44055.0,7893.0,418081.95,418081.95,1
4549,605277.SH,新亚电子,20260825,15.17,1.8398,3.719,1.59,26.7376,27.0805,3.3798,1.5034,1.4599,0.8248,1.1536,38878.5419,38619.6112,19105.0325,589787.4518,585859.4837,1
4550,605286.SH,同力天启,20260825,26.99,6.5897,23.9623,1.46,22.8214,33.5418,2.1001,2.1138,2.2774,0.6669,0.4446,16800.0,16800.0,4620.07,453432.0,453432.0,4
4551,605287.SH,德才股份,20260825,38.78,1.8957,3.4597,0.89,77.6219,90.5664,3.4334,1.548,1.5922,,0.1297,14000.0,14000.0,7670.9745,542920.0,542920.0,1
4552,605288.SH,凯迪股份,20260825,55.99,1.3153,4.8553,0.74,90.9338,1017.0599,2.5469,4.1263,4.0134,0.4755,0.9447,9867.2521,9827.8477,2662.3957,552467.4451,550261.1927,4
4553,605289.SH,罗曼股份,20260825,106.95,1.9884,3.9388,0.75,300.1312,188.7014,11.9821,8.6563,7.8091,,0.167,15261.05,15248.3884,7697.6984,1632169.2975,1630815.3105,1
4554,605296.SH,神农集团,20260825,32.08,0.7958,6.4636,1.45,49.8032,,4.0826,3.1543,3.3471,1.2123,1.2123,52623.0618,51798.4418,6377.3461,1688147.7648,1661693.9552,1
4555,605298.SH,必得科技,20260825,47.75,0.389,1.3906,0.77,157.9758,156.5881,8.3808,15.9758,16.0943,0.3141,0.4188,18785.0,18625.1,5209.9739,896983.75,889348.525,1
4556,605299.SH,舒华体育,20260825,12.86,2.4048,8.0363,0.98,58.7657,45.4076,4.3031,3.3471,3.012,1.5669,1.553,40765.9308,40765.9308,12198.8222,524249.8598,524249.8598,1
4557,605300.SH,佳禾食品,20260825,9.82,0.4541,1.554,0.67,144.8939,99.7938,1.5466,1.9779,1.9931,0.6048,0.7056,45439.8597,45439.8597,13279.6631,446219.4252,446219.4252,1
4558,605303.SH,园林股份,20260825,22.85,2.2837,4.9291,1.53,,,4.3541,7.6233,7.9497,,,16123.7408,16123.7408,7470.3937,368427.459,368427.459,2
4559,605305.SH,中际联合,20260825,37.52,1.425,1.9804,1.02,15.0353,14.2228,2.6025,4.2448,3.9865,2.1855,1.9989,21252.0,21252.0,15291.6159,797375.04,797375.04,1
4560,605318.SH,法狮龙,20260825,73.9,0.7843,2.7599,0.62,,,14.8129,17.7376,18.7631,0.406,,12572.9028,12572.9028,3572.9028,929137.31,929137.31,4
4561,605319.SH,无锡振华,20260825,25.72,1.7456,4.689,1.95,19.3566,19.1963,3.1303,3.0403,2.9246,1.8606,1.7496,35009.792,34815.192,12961.192,900451.8502,895446.7382,1
4562,605333.SH,沪光股份,20260825,17.22,1.1191,3.9624,0.64,16.6055,19.0998,2.3174,0.9412,0.9312,1.2572,1.1614,46404.0406,46404.0406,13106.3806,799077.5688,799077.5688,1
4563,605336.SH,*ST帅电,20260825,10.76,0.4472,1.3994,0.44,,,1.094,8.7029,9.8033,3.0204,,18341.245,18341.245,5861.245,197351.85,197351.85,0
4564,605337.SH,李子园,20260825,9.36,0.7501,1.95,0.64,18.4835,21.9616,2.2389,2.8003,2.8369,7.8747,4.9636,38761.6508,38761.6508,14911.011,362809.044,362809.044,1
4565,605338.SH,巴比食品,20260825,18.57,0.8219,1.9382,0.56,16.2935,16.1164,2.0364,2.393,2.3714,4.308,6.462,23956.6662,23956.6662,10158.432,444875.3619,444875.3619,4
4566,605339.SH,南侨食品,20260825,13.95,0.3096,1.9338,0.41,145.5398,810.6395,1.7364,1.9313,1.9886,1.2088,0.2133,42429.0616,42429.0616,6792.9284,591885.387,591885.387,1
4567,605358.SH,立昂微,20260825,43.22,5.3707,6.8875,0.67,,486.8377,3.113,9.2941,8.3033,,0.3459,77219.9373,77219.9373,60214.2005,3337445.8068,3337445.8068,4
4568,605365.SH,立达信,20260825,14.31,1.7477,10.4208,1.58,34.4464,34.3407,1.9252,1.046,1.0416,2.933,1.4665,50201.2876,50201.2876,8419.6126,718380.4599,718380.4599,4
4569,605366.SH,宏柏新材,20260825,7.76,1.8597,3.0734,0.76,,,2.2407,4.3141,4.2085,,,77282.77,77282.77,46763.148,599714.2952,599714.2952,1
4570,605368.SH,蓝天燃气,20260825,6.73,0.4898,1.1921,0.92,17.054,20.3963,1.4484,1.1858,1.2383,12.63,5.9435,71463.5915,71463.5915,29358.8299,480949.9607,480949.9607,0
4571,605369.SH,拱东医疗,20260825,16.84,0.7334,2.3018,1.04,71.8634,66.2753,2.1777,3.2592,3.1723,1.6997,0.8923,21980.3029,21980.3029,7003.462,370148.252,370148.252,4
4572,605376.SH,博迁新材,20260825,147.55,3.5442,5.477,0.69,176.1006,158.8781,21.9275,33.513,29.4268,0.1017,0.0678,26160.0,26160.0,16928.52,3859908.0,3859908.0,1
4573,605377.SH,华旺科技,20260825,8.85,2.4649,4.6858,1.74,18.1868,19.2994,1.2405,1.5386,1.5996,6.8362,4.9718,55667.0268,55667.0268,29282.778,492653.2155,492653.2155,4
4574,605378.SH,野马电池,20260825,14.39,0.7938,2.8537,1.22,64.574,96.6165,3.0217,3.0336,2.9789,2.4819,1.0424,26134.64,26134.64,7269.73,376077.4696,376077.4696,1
4575,605388.SH,均瑶健康,20260825,6.1,1.5124,4.6186,0.61,,,2.384,2.7506,2.6912,1.2795,,60048.4,60048.4,19663.0596,366295.24,366295.24,1
4576,605389.SH,长龄液压,20260825,69.5,0.344,1.3809,0.64,102.9571,97.6432,6.0252,12.0993,11.6194,0.7982,0.9645,18699.721,17714.6788,4412.7929,1299630.54,1231170.26,1
4577,605398.SH,新炬网络,20260825,20.31,0.715,2.3093,0.8,204.8592,239.3919,3.1807,6.0464,6.0276,0.0727,0.1455,16271.6379,16271.6379,5038.2605,330477.0084,330477.0084,1
4578,605399.SH,晨光新材,20260825,10.75,0.9328,2.636,1.0,,,1.6256,3.0316,2.7752,0.9328,,31137.1304,31104.4304,11006.5854,334724.1475,334372.6225,1
4579,605488.SH,福莱新材,20260825,29.99,1.9269,4.3134,0.73,116.4157,146.9223,3.9754,3.1504,2.9293,0.5459,0.5029,29998.8319,27597.8095,12328.4795,899664.9117,827658.3219,1
4580,605499.SH,东鹏饮料,20260825,123.7,0.9712,2.8868,1.1,20.5697,18.5072,4.6633,4.3506,4.0219,3.1093,1.5546,73419.931,67601.69,22743.1373,9082045.4647,8362329.053,1
4581,605500.SH,森林包装,20260825,7.15,1.3103,5.5154,1.52,48.3869,77.3744,1.1554,1.0612,0.8103,2.0979,0.979,41440.0,41440.0,9844.9045,296296.0,296296.0,1
4582,605507.SH,国邦医药,20260825,15.39,0.3743,0.8361,0.48,14.6688,17.04,1.4335,2.0029,1.965,2.7825,2.7847,78235.29,78235.29,35025.775,1204041.1131,1204041.1131,1
4583,605555.SH,德昌股份,20260825,12.02,1.1924,3.2471,1.25,35.7657,68.0193,2.0328,1.294,1.2279,2.2399,2.3295,48406.904,48406.904,17776.9278,581850.938,581850.938,4
4584,605566.SH,福莱蒽特,20260825,25.62,1.6546,3.7744,0.8,76.1531,60.8027,1.6808,4.4061,3.9847,0.3882,0.3882,13334.0,13334.0,5845.4401,341617.08,341617.08,1
4585,605567.SH,春雪食品,20260825,9.28,1.0989,1.6734,0.84,46.9663,50.2266,1.6705,0.7061,0.6911,1.0776,1.0776,20000.0,20000.0,13133.105,185600.0,185600.0,1
4586,605577.SH,龙版传媒,20260825,9.99,1.6278,7.9183,0.68,19.8146,18.6022,1.1022,2.9253,2.8567,1.5015,1.6016,44444.4445,44444.4445,9136.4445,443999.9556,443999.9556,1
4587,605580.SH,恒盛能源,20260825,17.45,1.14,4.1592,0.94,31.3211,30.1203,4.5521,4.7862,4.402,1.4327,1.7192,28000.0,28000.0,7674.59,488600.0,488600.0,1
4588,605588.SH,冠石科技,20260825,46.81,1.52,4.6142,0.9,,,3.7212,2.5127,2.6442,,,7327.5481,7309.9561,2408.0727,343002.6155,342179.2276,4
4589,605589.SH,圣泉集团,20260825,37.31,2.5522,3.4201,0.58,31.3732,33.1345,2.9241,2.8876,2.7059,1.4165,1.7401,84638.2498,84591.8998,63125.6003,3157853.1075,3156123.789,4
4590,605598.SH,上海港湾,20260825,26.8,1.4387,4.4557,0.84,99.263,192.0798,3.8011,4.1501,4.1946,0.4281,0.3022,24301.6809,24301.6809,7846.9809,651285.024,651285.024,1
4591,605599.SH,菜百股份,20260825,16.51,1.7683,4.7461,1.23,11.3331,10.5971,2.5384,0.4456,0.3683,4.361,4.7244,77777.78,77777.78,28977.5982,1284111.1478,1284111.1478,4
4592,688001.SH,华兴源创,20260825,51.29,1.331,5.4631,0.57,302.0138,213.3581,7.1227,10.7999,10.3447,,0.1011,47156.5619,47156.5619,11488.7791,2418659.9624,2418659.9624,1
4593,688002.SH,睿创微纳,20260825,158.27,1.8957,2.4587,0.67,65.5174,36.2437,9.3009,11.688,9.0331,0.0978,0.237,46554.967,46554.967,35894.324,7368255.1019,7368255.1019,4
4594,688003.SH,天准科技,20260825,81.8,2.5109,5.4053,0.57,209.2939,84.3905,8.0048,8.9022,7.66,0.6037,0.606,19478.2316,19478.2316,9048.2316,1593319.3449,1593319.3449,4
4595,688004.SH,博汇科技,20260825,21.55,1.9089,3.0832,0.57,,,3.0758,10.0926,10.7915,,,8008.8,8008.8,4958.5216,172589.64,172589.64,1
4596,688005.SH,容百科技,20260825,26.09,1.4815,2.2765,0.95,,,2.3986,1.5198,1.2649,1.3984,,71461.8752,71461.8752,46508.0406,1864440.4492,1864440.4492,4
4597,688006.SH,杭可科技,20260825,22.17,1.4604,4.1916,0.55,36.3312,35.1573,2.4196,4.4659,4.2325,0.8209,1.0465,60367.2152,60367.2152,21033.0574,1338341.2674,1338341.2674,4
4598,688007.SH,光峰科技,20260825,10.38,1.339,2.0192,1.13,,,2.0232,2.791,3.8942,0.2394,,45961.5635,45961.5635,30476.8393,477080.9928,477080.9928,1
4599,688008.SH,澜起科技,20260825,194.42,2.0711,2.0711,0.67,106.1461,92.7804,11.3835,43.4903,41.6689,0.301,0.3006,122053.8021,114476.4521,114476.4521,23729699.796,22256511.409,1
4600,688009.SH,中国通号,20260825,4.96,0.3559,1.5289,1.2,14.2484,14.8404,1.1177,1.5202,1.5463,3.4274,3.4274,1058981.9,862101.8,200680.2,5252550.224,4276024.928,4
4601,688010.SH,福光股份,20260825,26.32,1.6894,3.3178,0.72,334.1601,292.0604,2.4654,6.25,6.2909,0.2142,,16056.1578,16056.1578,8175.6476,422598.1312,422598.1312,1
4602,688011.SH,新光光电,20260825,77.27,1.7288,3.6899,0.78,,,7.332,66.3052,53.2927,,,9950.0,9916.2523,4645.9269,768836.5,766228.6375,4
4603,688012.SH,中微公司,20260825,354.0,1.5178,1.9436,0.7,160.5875,80.1456,11.2883,27.3788,24.0218,0.0552,0.0649,95784.2348,94219.7038,73578.8834,33907617.42,33353773.8,4
4604,688013.SH,天臣医疗,20260825,25.43,1.0266,2.123,0.7,24.227,25.2631,3.579,6.3164,6.5193,5.8087,5.0609,8115.56,8115.56,3924.347,206378.6908,206378.6908,1
4605,688015.SH,交控科技,20260825,15.93,0.714,1.5397,1.26,19.2144,19.3847,1.1194,1.1879,1.2004,1.4438,2.6365,18868.0742,18868.0742,8749.2671,300568.3551,300568.3551,1
4606,688016.SH,心脉医疗,20260825,91.39,0.8138,1.3635,0.62,19.9972,19.1408,2.6706,8.3405,8.112,1.7721,2.4681,12326.2117,12326.2117,7356.6247,1126492.3319,1126492.3319,1
4607,688017.SH,绿的谐波,20260825,301.76,3.5488,5.4257,0.59,444.8264,404.5384,15.5014,96.9342,90.2737,0.0331,0.0696,18333.0125,18333.0125,11991.0809,5532169.0976,5532169.0976,1
4608,688018.SH,乐鑫科技,20260825,109.0,1.1251,1.7735,0.65,51.3175,44.7577,5.4293,9.9591,9.1228,0.2613,0.3276,23438.4311,23438.4311,14868.951,2554788.87,2554788.87,1
4609,688019.SH,安集科技,20260825,233.6,2.5673,3.5753,0.77,68.0714,64.8568,11.6253,21.3017,19.8833,0.1089,0.164,22835.6543,22835.6543,16397.6061,5334407.84,5334407.84,4
4610,688020.SH,方邦股份,20260825,122.25,4.7632,10.0152,0.83,,,7.6567,28.1676,28.8784,0.1489,,8240.3,8240.3,3919.0177,1007376.675,1007376.675,1
4611,688021.SH,奥福科技,20260825,21.18,2.9573,4.9481,1.47,110.0266,45.9316,1.8331,4.6331,4.6366,,0.4721,7641.3717,7641.3717,4566.9844,161844.2166,161844.2166,1
4612,688022.SH,ST瀚川,20260825,8.64,0.8473,1.1487,0.6,47.0274,103.3595,2.2842,2.0045,2.4339,,,17587.8324,17587.8324,12973.9087,151958.8512,151958.8512,1
4613,688023.SH,安恒信息,20260825,37.81,1.4383,1.7982,0.81,,,1.7329,1.7957,1.7842,,,10217.5143,10217.5143,8172.346,386324.0531,386324.0531,1
4614,688025.SH,杰普特,20260825,415.1,4.3401,6.6777,0.98,141.523,115.9007,16.41,19.0234,16.4944,0.1009,0.2138,9504.9423,9504.9423,6177.6269,3945500.594,3945500.594,1
4615,688026.SH,洁特生物,20260825,16.02,3.3964,6.1005,0.84,46.6171,81.6179,2.0758,3.9871,4.1033,0.4468,0.4469,14036.4427,14031.9605,7812.1249,224863.7688,224791.9992,1
4616,688027.SH,国盾量子,20260825,373.59,1.3983,1.8342,0.79,7126.9459,6397.6604,11.9314,123.7783,122.9008,,0.0043,10286.1001,8037.437,6127.437,3842784.099,3002707.2096,1
4617,688028.SH,沃尔德,20260825,89.65,3.0333,4.6287,0.76,143.1881,132.9842,6.6943,17.9548,16.984,0.3795,0.2789,15094.9,15094.9,9892.0819,1353257.785,1353257.785,1
4618,688029.SH,南微医学,20260825,76.76,1.5283,2.6823,1.16,25.2823,25.9406,3.3991,4.5289,4.3192,1.9442,1.942,18784.7422,18784.7422,10702.859,1441916.6424,1441916.6424,1
4619,688030.SH,山石网科,20260825,16.59,1.2755,1.9767,0.81,,,4.3942,3.2808,3.2006,,,18023.5868,18023.5868,11629.8674,299011.3581,299011.3581,1
4620,688031.SH,星环科技,20260825,101.46,2.4495,3.5663,0.62,,,15.239,27.4628,26.4641,,,12113.5916,12113.5916,8320.1235,1229044.8414,1229044.8414,4
4621,688032.SH,禾迈股份,20260825,74.2,0.6807,1.8485,0.96,,,1.623,4.765,3.5616,4.2789,,12407.3545,12407.3545,4569.0492,920625.37,920625.37,1
4622,688033.SH,*ST天宜,20260825,6.09,0.5302,0.7092,0.79,,,2.5816,5.0125,6.0387,,,56219.8596,56219.8596,42029.9324,342378.9474,342378.9474,1
4623,688035.SH,德邦科技,20260825,64.56,3.2045,5.8412,0.6,85.3379,70.59,3.8253,5.9351,5.286,0.5357,0.3829,14224.0,14224.0,7803.1797,918301.44,918301.44,4
4624,688036.SH,传音控股,20260825,59.1,1.1497,2.819,0.77,26.3636,21.6587,3.2146,1.0373,0.9456,3.8551,2.8637,115118.4545,115118.4545,46950.4744,6803500.395,6803500.395,1
4625,688037.SH,芯源微,20260825,355.65,2.6236,3.6637,0.81,1000.7406,1017.0682,25.6195,36.8277,35.8118,0.0308,0.0101,20176.6496,20176.6496,14448.5999,7175825.5725,7175825.5725,4
4626,688038.SH,中科通达,20260825,18.01,1.393,2.2114,0.87,,,3.5381,8.0969,8.7021,,,11637.34,11637.34,7330.7379,209588.4934,209588.4934,1
4627,688039.SH,当虹科技,20260825,32.79,1.5322,2.9115,1.05,,,3.4937,11.2685,10.2009,,,11060.1424,11060.1424,5820.6388,362661.9906,362661.9906,4
4628,688041.SH,海光信息,20260825,232.06,0.7855,2.0326,0.66,211.9485,171.6747,21.258,37.5176,29.9465,0.0731,0.1032,232433.8091,232433.8091,89817.7181,53938589.9486,53938589.9486,1
4629,688045.SH,必易微,20260825,57.91,2.4054,4.2562,0.61,338.4656,69.8791,2.8021,5.9798,4.7921,,0.0939,7057.6989,7057.6989,3988.7722,408711.407,408711.407,4
4630,688046.SH,药康生物,20260825,34.49,4.1648,8.4097,0.79,99.1842,77.5002,6.2422,17.8315,16.1107,0.4047,0.636,41018.62,41018.62,20314.2323,1414732.2038,1414732.2038,1
4631,688047.SH,龙芯中科,20260825,103.4,0.6601,1.4177,0.65,,,17.2865,65.2637,64.2575,,,40100.0,40100.0,18670.6956,4146340.0,4146340.0,1
4632,688048.SH,长光华芯,20260825,289.6,3.6443,5.5452,0.62,2345.6387,1512.9262,16.9396,106.9398,99.5091,,,17627.9943,17627.9943,11584.8943,5105065.904,5105065.904,4
4633,688049.SH,炬芯科技,20260825,39.68,3.715,4.8303,1.19,34.1388,31.4592,3.306,7.5721,6.6542,0.7275,0.8992,17601.5964,17601.5964,13537.398,698431.488,698431.488,1
4634,688050.SH,爱博医疗,20260825,41.8,2.1604,2.9666,1.11,30.1514,30.5249,2.8233,5.4533,5.3064,0.8366,0.765,19343.7735,19343.7735,14087.0977,808569.586,808569.586,1
4635,688051.SH,佳华科技,20260825,24.89,1.0546,2.4892,0.65,,,3.3256,9.321,9.9718,,,7733.4,7733.4,3276.5482,192484.326,192484.326,1
4636,688052.SH,纳芯微,20260825,235.18,1.9992,2.8234,0.77,,,5.0625,11.4178,10.1403,,,16350.5247,14341.0247,10154.8007,3845315.2936,3372721.0836,1
4637,688053.SH,ST思科瑞,20260825,36.23,0.6645,1.5356,1.03,,,2.2674,18.8871,18.1312,,,10000.0,10000.0,4327.38,362300.0,362300.0,1
4638,688055.SH,龙腾光电,20260825,3.7,0.3348,3.2241,0.91,,,3.0768,4.9358,5.2494,,,333333.34,333333.34,34611.34,1233333.358,1233333.358,4
4639,688056.SH,莱伯泰科,20260825,41.86,1.1199,2.6337,0.69,69.8963,82.4587,3.4711,7.0399,7.2626,1.419,0.3548,6745.246,6745.246,2868.1033,282356.165,282356.165,1
4640,688057.SH,金达莱,20260825,18.3,1.6833,3.3184,0.76,53.6464,86.3264,1.5893,15.7784,16.6314,1.3661,1.0929,27600.0,27600.0,14000.8,505080.0,505080.0,1
4641,688058.SH,宝兰德,20260825,22.86,0.9281,1.6641,0.83,,,2.8133,7.518,7.5895,,,7583.6544,7583.6544,4229.5365,173362.239,173362.239,1
4642,688059.SH,华锐精密,20260825,85.99,3.191,4.9746,0.91,64.4914,35.504,5.5362,12.0319,10.9163,0.3103,0.9648,13998.1475,13100.9992,8403.82,1203700.9185,1126554.99,4
4643,688060.SH,云涌科技,20260825,35.22,0.6418,2.0658,1.12,,,2.3905,5.6446,5.5906,,,6019.0728,6019.0728,1870.0528,211991.6454,211991.6454,1
4644,688061.SH,灿瑞科技,20260825,38.17,1.9382,4.946,1.31,,,1.9098,7.0332,6.9665,,0.5054,11488.9391,11488.9391,4502.1108,438532.8398,438532.8398,1
4645,688062.SH,迈威生物,20260825,29.99,4.2625,4.2625,0.89,,,125.4265,20.2221,17.9753,,,44673.02,23024.0,23024.0,1339743.8698,690489.76,1
4646,688063.SH,派能科技,20260825,43.5,1.9944,2.8575,0.94,125.9682,71.1052,1.1462,3.3735,2.291,1.0092,0.2781,24535.9249,24535.9249,17124.7391,1067312.52,1067312.52,4
4647,688065.SH,凯赛生物,20260825,43.31,0.8348,1.526,0.95,55.7124,49.9998,1.7588,9.4806,8.8635,0.9206,1.0373,72128.9794,58337.8039,31914.9902,3123906.1238,2526610.118,4
4648,688066.SH,*ST航图,20260825,8.13,1.7681,2.4807,0.74,,,,4.7807,6.2726,,,26332.9417,26332.9417,18768.9806,214086.8022,214086.8022,1
4649,688067.SH,爱威科技,20260825,23.18,1.3787,2.5672,0.99,54.6036,52.5906,3.0204,7.1754,7.1836,0.6573,0.6573,6800.0,6800.0,3651.7142,157624.0,157624.0,1
4650,688068.SH,热景生物,20260825,99.02,3.3667,4.6566,0.76,,,3.7765,22.6848,21.4761,,,9275.4116,9275.4116,6706.198,918451.0982,918451.0982,4
4651,688069.SH,德林海,20260825,36.01,2.535,4.8751,1.17,57.1437,58.5875,4.3488,9.8239,9.7916,0.7736,1.3538,15663.3036,15663.3036,8144.7436,564035.433,564035.433,1
4652,688070.SH,纵横股份,20260825,34.04,1.5643,3.5195,0.74,281.8195,148.6357,5.1992,4.8473,4.7456,,,8842.05,8842.05,3930.05,300983.382,300983.382,1
4653,688071.SH,华依科技,20260825,32.66,2.9334,4.3172,1.13,,,2.7373,5.4295,5.2744,,,8478.9724,8478.9724,5761.2312,276923.1602,276923.1602,1
4654,688072.SH,拓荆科技,20260825,654.99,2.0586,3.2252,0.92,205.4505,87.5296,14.973,29.2053,25.4609,0.0395,0.0488,29067.8984,28269.3012,18043.4538,19039183.821,18516108.807,4
4655,688073.SH,毕得医药,20260825,65.0,5.9021,14.7955,0.87,38.9311,35.1891,2.8131,4.4624,4.3735,1.318,1.6917,9088.2948,9088.2948,3625.4108,590738.85,590738.85,4
4656,688075.SH,安旭生物,20260825,29.72,0.4179,1.6108,0.68,54.4055,150.885,0.7333,8.3698,9.2763,2.6918,2.6776,12708.2805,12708.2805,3297.0805,377690.0816,377690.0816,1
4657,688076.SH,ST诺泰,20260825,27.93,0.8479,1.3499,0.54,26.6191,28.6119,2.8399,4.5546,4.5844,2.033,1.2501,31681.5961,31681.5961,19900.407,884867.088,884867.088,1
4658,688077.SH,大地熊,20260825,29.22,3.2409,5.8269,0.62,58.2719,48.1278,3.0179,2.0337,1.7581,0.6602,0.7262,11447.8504,11447.8504,6367.3092,334506.177,334506.177,1
4659,688078.SH,龙软科技,20260825,23.78,1.4882,2.6604,1.25,,,2.6208,11.2665,11.1533,0.5719,,7289.3,7289.3,4077.532,173339.554,173339.554,1
4660,688079.SH,美迪凯,20260825,15.61,3.2624,7.317,0.99,,,5.3039,9.6816,8.7943,,,41170.0078,40463.0358,18040.8217,642663.8561,631628.0544,1
4661,688080.SH,映翰通,20260825,36.78,0.9844,1.3641,0.76,18.1785,19.9128,2.3042,3.4867,3.5558,0.5442,0.2991,7365.6132,7365.6132,5315.3132,270907.1358,270907.1358,1
4662,688081.SH,兴图新科,20260825,28.86,1.1838,2.4005,0.82,,,7.5404,20.8422,18.0089,,,10304.0,10304.0,5081.3649,297373.44,297373.44,1
4663,688082.SH,盛美上海,20260825,292.38,0.9643,3.6969,0.61,101.0808,83.5363,9.6601,20.7925,19.4919,0.2043,0.2119,48259.6689,47741.3036,12452.2376,14110162.3146,13958601.294,4
4664,688083.SH,中望软件,20260825,52.91,1.4641,2.5344,0.68,432.6727,160.5762,3.4432,10.0472,9.7585,0.6724,0.6607,16964.6246,16964.6246,9800.0242,897598.0442,897598.0442,1
4665,688084.SH,晶品特装,20260825,42.6,2.7109,5.566,1.71,,,2.122,11.0254,11.1186,,,7565.9066,7565.9066,3684.925,322307.766,322307.766,4
4666,688085.SH,三友医疗,20260825,13.35,0.6288,1.003,0.65,77.6051,90.263,2.2851,9.0217,8.6357,0.0238,0.1307,36680.8748,35061.5573,21980.9562,489689.748,468071.826,1
4667,688087.SH,英科再生,20260825,41.89,1.7258,3.0852,1.84,28.3159,30.594,2.8072,2.2815,2.144,0.3776,0.5245,19314.449,18624.549,10418.4874,809082.3105,780182.3995,1
4668,688088.SH,虹软科技,20260825,29.32,2.3032,3.9008,1.87,45.5186,47.6189,4.2933,12.744,12.3493,1.6012,1.0902,40117.04,40117.04,23686.4768,1176231.6128,1176231.6128,4
4669,688089.SH,ST嘉必优,20260825,7.78,1.1757,2.2048,0.85,9.0053,,0.8452,2.2983,4.122,2.6008,,16636.0003,16636.0003,8871.2243,129428.08,129428.08,1
4670,688090.SH,瑞松科技,20260825,71.51,6.189,9.056,1.29,982.9207,378.0036,12.2657,12.0122,11.6717,0.0827,0.1076,15872.2465,15872.2465,10847.2951,1135024.5975,1135024.5975,1
4671,688091.SH,上海谊众,20260825,36.8,1.8594,2.6738,0.73,117.8314,110.9861,5.2515,24.066,23.4628,,,20670.364,20607.3051,14330.6484,760669.3952,758348.8277,4
4672,688092.SH,爱科科技,20260825,22.91,0.8179,1.7381,1.14,37.3574,40.9122,2.8453,4.2217,4.1966,1.2222,1.1785,8266.374,8266.374,3889.7365,189382.5367,189382.5367,1
4673,688093.SH,世华科技,20260825,21.51,3.2942,10.1613,4.61,15.1186,18.3742,2.1399,5.5497,6.3315,2.5409,3.235,28038.2791,28038.2791,9089.5822,603103.4028,603103.4028,4
4674,688095.SH,福昕软件,20260825,58.14,2.211,3.6761,0.65,175.6705,112.2116,2.0208,4.9799,4.8429,0.5066,0.5144,9135.9524,9135.9524,5494.8856,531164.133,531164.133,1
4675,688096.SH,京源环保,20260825,8.57,2.6433,3.2384,0.79,,,2.4234,4.2319,4.3212,1.2251,,23375.5799,23375.5799,19079.7499,200328.7206,200328.7206,1
4676,688097.SH,博众精工,20260825,47.47,1.4387,3.2134,0.73,35.7385,30.8229,4.1756,3.2293,2.6754,0.4924,0.5065,44664.7765,44664.7765,19996.9352,2120237.1066,2120237.1066,4
4677,688098.SH,申联生物,20260825,8.12,0.5349,0.944,0.35,,,2.4034,11.5672,12.2534,,,41064.4,41064.4,23267.6525,333442.928,333442.928,1
4678,688099.SH,晶晨股份,20260825,91.35,1.8877,2.3237,0.75,44.2967,39.1715,4.8503,5.6925,4.9235,,0.2171,42331.9995,42331.9995,34387.8908,3867028.2,3867028.2,1
4679,688100.SH,威胜信息,20260825,25.92,0.6824,2.6282,0.64,19.1282,22.6159,3.5399,4.2801,4.7618,2.9536,2.1037,49168.5175,49168.5175,12765.9653,1274448.0384,1274448.0384,1
4680,688101.SH,三达膜,20260825,14.66,0.7306,2.0641,0.63,12.8677,13.2702,1.0822,3.1936,2.8331,,2.3874,33201.2066,33201.2066,11751.9082,486729.7386,486729.7386,1
4681,688102.SH,斯瑞新材,20260825,32.4,1.6837,3.4652,0.41,171.4578,159.8211,12.9601,16.1026,15.149,0.2299,0.2457,78107.5007,77880.7308,37840.9141,2530683.0,2523335.652,1
4682,688103.SH,国力电子,20260825,73.65,2.1073,3.2519,0.74,99.6616,107.39,6.2302,5.3055,5.0152,0.2851,0.3105,9531.5566,9531.5566,6176.5696,701999.394,701999.394,4
4683,688105.SH,诺唯赞,20260825,22.46,3.0293,7.0814,0.75,,,3.0558,8.4271,8.2144,0.5138,1.7117,51698.5064,51698.5064,22115.8473,1161148.5346,1161148.5346,4
4684,688106.SH,金宏气体,20260825,26.87,2.516,3.8764,0.64,109.2372,155.3076,4.2641,5.1902,5.1154,0.3311,0.9204,53632.5892,53055.4892,34435.0029,1441107.6933,1425601.0163,4
4685,688107.SH,安路科技,20260825,30.15,1.4208,3.5334,0.89,,,13.3873,23.2417,20.4058,,,40084.9367,40084.9367,16119.0377,1208560.941,1208560.941,1
4686,688108.SH,赛诺医疗,20260825,17.5,1.7469,2.1096,0.59,154.6781,106.3417,7.3737,13.9209,12.9616,,,41795.2,41795.2,34609.2583,731416.0,731416.0,4
4687,688109.SH,品茗科技,20260825,70.93,0.688,1.3659,0.64,119.911,324.7345,7.25,12.7918,13.6951,0.9464,0.7691,7884.23,7884.23,3971.09,559228.4339,559228.4339,4
4688,688110.SH,东芯股份,20260825,113.97,3.9941,5.6956,0.87,,87.617,12.1298,54.7171,24.2931,,,44237.7391,44237.7391,31022.0612,5041775.2278,5041775.2278,4
4689,688111.SH,金山办公,20260825,234.75,1.0244,2.1068,0.59,59.3134,30.2,7.2248,18.3727,16.542,0.3819,0.5325,46401.3435,46401.3435,22562.6084,10892714.565,10892714.565,1
4690,688112.SH,鼎阳科技,20260825,68.95,2.1814,5.8111,0.53,77.1736,69.8653,6.9259,18.2789,16.1602,0.7378,0.9572,15959.6883,15959.6883,5990.9858,1100420.6255,1100420.6255,1
4691,688113.SH,联测科技,20260825,37.12,1.3107,2.174,1.43,26.5233,24.6295,2.3647,4.8052,4.5513,1.1556,1.1502,6439.7559,6439.7559,3882.5438,239043.8912,239043.8912,1
4692,688114.SH,华大智造,20260825,69.18,3.7278,7.0047,0.93,,,4.0936,10.3664,9.615,,,41651.6155,41563.7624,22119.3236,2881458.3798,2875380.9168,4
4693,688115.SH,思林杰,20260825,63.37,2.6409,6.2994,1.03,,757.5401,4.6386,22.9205,19.7501,0.496,0.3235,9333.8,9333.8,3912.9225,591482.906,591482.906,4
4694,688116.SH,天奈科技,20260825,32.3,1.9947,2.1931,1.36,51.9701,48.1716,3.1093,9.1253,8.6288,0.4519,0.2562,36653.2051,36653.2051,33337.0515,1183898.683,1183898.683,1
4695,688117.SH,圣诺生物,20260825,24.61,3.0423,4.4282,0.49,34.3365,26.5602,4.7403,7.3134,5.9514,0.3824,1.021,22034.0369,22034.0369,15138.1307,542257.7244,542257.7244,1
4696,688118.SH,普元信息,20260825,20.37,2.1032,2.6275,0.78,267.7392,,2.3733,5.5969,6.0032,0.7245,1.4728,9331.6713,9331.6713,7469.5728,190086.1179,190086.1179,1
4697,688119.SH,中钢洛耐,20260825,3.93,0.9982,2.2599,1.2,,,1.5693,2.214,2.3027,,,112500.0,112500.0,49692.4416,442125.0,442125.0,1
4698,688120.SH,华海清科,20260825,262.5,1.7652,2.4536,0.86,120.2094,114.123,16.4678,28.0266,24.3875,0.0997,0.1083,49628.1438,49628.1438,35703.6196,13027386.75,13027386.75,4
4699,688121.SH,*ST卓然,20260825,1.82,3.2189,4.6077,0.78,,,0.1892,0.23,0.2348,,,23361.4003,20266.6667,14157.8667,42517.748,36885.3394,4
4700,688122.SH,西部超导,20260825,48.3,0.9129,1.3533,0.73,37.3881,44.0026,4.3735,6.0047,5.997,1.5528,0.8282,64966.4497,64966.4497,43826.2684,3137879.535,3137879.535,1
4701,688123.SH,聚辰股份,20260825,130.03,4.4427,5.6257,0.62,56.8302,30.2184,6.6161,16.9184,16.5515,0.2296,0.5362,15890.2569,15890.2569,12548.7649,2066210.5078,2066210.5078,4
4702,688125.SH,安达智能,20260825,120.08,1.0339,3.3364,0.66,,,5.5168,14.1726,14.1335,,,8242.5456,8220.3546,2547.3861,989764.2032,987099.628,1
4703,688126.SH,沪硅产业,20260825,24.16,2.1666,3.393,0.58,,,4.1181,21.4878,18.4161,,,330502.3393,285761.7899,182470.0621,7984936.5344,6904004.8464,4
4704,688127.SH,蓝特光学,20260825,62.26,1.8916,3.812,0.76,64.9944,45.3274,10.5826,16.4524,12.8178,0.3191,0.4819,40589.77,40589.77,20141.07,2527119.0802,2527119.0802,1
4705,688128.SH,中国电研,20260825,21.24,0.8238,3.8718,1.88,16.0754,15.9108,2.3883,1.8027,1.7468,2.354,2.5895,40450.0,40450.0,8606.9009,859158.0,859158.0,4
4706,688129.SH,东来技术,20260825,21.86,1.1975,3.4425,1.66,26.1848,25.7761,2.5486,3.9739,3.9622,0.6332,1.1682,12047.88,12047.88,4190.88,263366.6568,263366.6568,1
4707,688130.SH,晶华微,20260825,23.53,2.9902,4.713,0.84,,,2.2936,16.3872,14.0731,,,12089.1094,6028.5094,3824.8534,284456.7583,141850.8403,1
4708,688131.SH,皓元医药,20260825,98.02,3.3023,4.8513,1.01,87.1585,85.2196,6.7089,7.2652,6.9684,0.2325,0.2342,21323.4092,21323.4092,14515.1207,2090120.6482,2090120.6482,1
4709,688132.SH,邦彦技术,20260825,13.55,0.6398,1.1713,0.99,,,1.746,15.0733,16.3929,,,15222.5204,15222.5204,8315.1477,206265.146,206265.146,1
4710,688133.SH,泰坦科技,20260825,23.78,3.4294,3.8052,1.28,,,1.4373,1.5508,1.5639,0.2944,,16443.6977,16443.6977,14819.7545,391031.186,391031.186,1
4711,688135.SH,利扬芯片,20260825,25.3,3.9678,5.3158,0.91,,3265.5574,3.7201,9.5368,9.0087,,,23310.3941,23310.3941,17399.5531,589752.867,589752.867,1
4712,688136.SH,科兴制药,20260825,22.89,11.6239,23.3397,2.05,29.7198,22.1042,2.5157,3.0139,3.2092,0.3413,1.0699,20198.5,20198.5,10059.5045,462343.665,462343.665,4
4713,688137.SH,近岸蛋白,20260825,83.52,10.8379,33.984,1.08,,,2.8894,39.8766,38.8675,,,6991.7453,6991.7453,2229.7453,583950.96,583950.96,1
4714,688138.SH,清溢光电,20260825,33.77,2.2013,5.5045,0.8,56.7564,55.5838,3.7508,8.5755,8.3608,0.7657,0.5301,31480.0,31480.0,12589.3302,1063079.6,1063079.6,4
4715,688139.SH,海尔生物,20260825,30.01,1.3353,2.6152,0.84,37.8811,37.1876,2.1482,4.0787,3.9092,1.551,1.0869,31649.2922,31649.2922,16159.8991,949795.1929,949795.1929,1
4716,688141.SH,杰华特,20260825,117.32,2.8106,4.7335,0.75,,,42.326,19.8988,18.2706,,,45032.1609,45032.1609,26738.7825,5283173.0112,5283173.0112,1
4717,688143.SH,长盈通,20260825,168.8,17.3523,22.4653,0.99,908.4542,2210.7008,15.9216,54.6219,51.4869,0.0274,0.0291,12878.0802,12237.4426,9452.2576,2173819.904,2065679.872,1
4718,688146.SH,中船特气,20260825,247.0,7.5065,7.5065,0.6,378.4576,253.626,21.7649,57.8611,41.853,0.07,0.0794,52941.1765,14497.0842,14497.0842,13076468.99,3580778.76,4
4719,688147.SH,微导纳米,20260825,111.97,2.3517,6.5241,0.97,237.0649,332.7548,17.7198,19.7493,19.9637,0.0387,0.1276,46446.3139,46446.3139,16742.499,5200593.3307,5200593.3307,4
4720,688148.SH,芳源股份,20260825,6.3,3.0217,3.791,0.93,,35.441,8.7068,1.411,1.1303,,,51017.3053,51017.3053,40664.956,321409.053,321409.053,1
4721,688150.SH,莱特光电,20260825,37.85,1.5302,3.4458,0.73,69.5038,74.572,7.811,27.5854,28.1923,0.8145,0.7867,40243.7585,40243.7585,17871.6783,1523226.316,1523226.316,4
4722,688151.SH,华强科技,20260825,15.97,0.7536,2.5415,0.91,128.6111,114.2084,1.3044,8.7561,8.2167,0.2718,0.3507,34450.0,34450.0,10215.32,550166.5,550166.5,1
4723,688152.SH,麒麟信安,20260825,31.5,3.7906,7.1319,0.47,,,2.6513,10.3432,10.1691,,,10189.8076,10189.8076,5415.818,320979.015,320979.015,4
4724,688153.SH,唯捷创芯,20260825,24.79,1.5463,3.1103,1.7,244.4853,,2.4609,4.5961,4.6208,,0.308,43031.3008,41816.5234,20789.5324,1066745.927,1036631.5308,4
4725,688155.SH,先惠技术,20260825,60.01,1.8577,3.9037,1.11,21.7928,17.1376,3.113,2.5139,2.1513,0.9834,1.6505,12735.9843,12735.9843,6060.8432,764286.1598,764286.1598,1
4726,688156.SH,路德科技,20260825,19.59,2.4034,3.4019,1.04,,,2.5573,5.1892,4.451,,,10071.4157,10071.4157,7115.3568,197299.1178,197299.1178,1
4727,688157.SH,松井股份,20260825,19.41,1.1009,2.3335,0.98,180.7183,382.7985,2.705,5.0456,5.2501,0.7118,0.1717,18771.7296,18771.7296,8855.6753,364359.2793,364359.2793,1
4728,688158.SH,优刻得,20260825,29.75,3.508,3.9644,0.66,,,5.5684,8.0654,7.2521,,,46070.5081,40987.3908,36268.6836,1370597.6725,1219374.8525,4
4729,688159.SH,有方科技,20260825,32.58,3.0022,4.2461,0.82,110.5935,80.5312,3.2297,1.2571,1.4925,0.3042,,9281.072,9281.072,6562.1322,302377.2606,302377.2606,1
4730,688160.SH,步科股份,20260825,99.35,1.8169,4.5063,0.82,125.0291,121.3607,6.899,12.5229,11.608,0.2781,0.3007,9121.5206,9121.5206,3677.6636,906223.012,906223.012,1
4731,688161.SH,威高骨科,20260825,22.34,0.3064,1.5989,1.02,33.2634,34.2265,2.13,5.8682,5.8446,1.2004,1.5116,40000.0,40000.0,7666.6667,893600.0,893600.0,1
4732,688162.SH,巨一科技,20260825,24.34,1.7465,4.1853,2.39,41.2183,39.2302,1.3792,0.7698,0.7387,,0.8171,13710.0775,13710.0775,5721.0775,333703.3472,333703.3472,1
4733,688163.SH,赛伦生物,20260825,34.29,1.0115,2.3108,0.68,71.6557,68.1368,3.3128,18.9131,18.5918,0.9332,1.1082,10822.0,10822.0,4737.2,371086.38,371086.38,4
4734,688165.SH,埃夫特,20260825,16.5,1.2246,2.3272,0.71,,,7.1229,9.2362,8.7496,,,52178.0,52178.0,27456.7992,860937.0,860937.0,1
4735,688166.SH,博瑞医药,20260825,34.85,2.5579,4.0844,0.7,278.5939,298.6798,6.151,12.4117,11.6861,0.267,0.0459,43579.4991,43579.4991,27291.4355,1518745.575,1518745.575,1
4736,688167.SH,炬光科技,20260825,264.59,5.1925,5.9602,0.58,,,15.1441,39.129,38.0145,,,13013.8971,13013.8971,11337.7717,3443347.801,3443347.801,4
4737,688168.SH,安博通,20260825,35.36,2.5862,3.9535,0.8,,,3.8192,6.8724,8.3803,,,10805.9005,10805.9005,7068.6095,382096.624,382096.624,1
4738,688169.SH,石头科技,20260825,135.0,7.4729,9.4535,2.98,25.7015,20.9534,2.4139,1.8743,1.6784,0.564,0.3848,25955.1118,25955.1118,20517.3707,3503939.85,3503939.85,2
4739,688170.SH,德龙激光,20260825,52.41,2.9515,4.2312,0.69,209.5757,322.6978,4.3969,6.8793,6.9843,,,10336.0,10336.0,7209.94,541709.76,541709.76,4
4740,688171.SH,纬德信息,20260825,27.77,1.4972,2.7128,1.29,272.7384,255.3159,3.9258,23.2883,20.6125,0.107,0.1147,11685.076,11685.076,6449.1276,324494.6716,324494.6716,1
4741,688172.SH,燕东微,20260825,52.03,0.9681,2.1639,0.9,,,4.1012,40.5173,34.5027,,,142761.8097,119875.4111,53632.9642,7427896.9743,6237117.5823,4
4742,688173.SH,希荻微,20260825,13.72,2.101,3.6555,0.83,,,3.9964,6.0645,5.6232,,,41525.0496,41135.6714,23642.4324,569723.6805,564381.4116,4
4743,688175.SH,高凌信息,20260825,19.85,1.5005,3.0319,1.12,,,1.9278,14.5484,13.4981,0.3875,0.3875,16811.21,16811.21,8320.0486,333702.5185,333702.5185,1
4744,688176.SH,亚虹医药,20260825,11.82,1.7199,2.3989,0.7,,,4.6111,24.4056,23.5568,,,57219.2168,57219.2168,41023.011,676331.1804,676331.1804,1
4745,688177.SH,百奥泰,20260825,20.14,0.7138,2.4488,0.52,,,37.2098,8.9173,8.5076,,,41408.0,41408.0,12070.3423,833957.12,833957.12,1
4746,688178.SH,万德斯,20260825,27.13,2.3033,4.2986,1.37,,,2.4831,4.6049,4.2408,,,8499.7844,8499.7844,4554.4019,230599.0314,230599.0314,4
4747,688179.SH,阿拉丁,20260825,20.25,4.1739,6.9914,0.65,71.8267,51.8048,5.4348,10.5367,9.2612,0.7532,0.6608,36200.6057,36200.6057,21612.1619,733062.3525,733062.3525,4
4748,688180.SH,君实生物,20260825,35.25,2.0933,2.3726,0.6,,,6.1382,14.4855,13.2853,,,102668.9871,76639.4171,67617.5258,3619081.8975,2701539.555,1
4749,688181.SH,八亿时空,20260825,38.07,2.7788,3.5036,0.68,62.471,53.9379,2.4313,5.8342,5.4884,,0.4865,13302.9861,13302.9861,10550.9988,506444.8293,506444.8293,0
4750,688182.SH,灿勤科技,20260825,28.0,1.2444,3.8823,0.54,93.052,89.8309,4.8911,15.4757,10.8139,0.2679,0.3571,40000.0,40000.0,12821.2475,1120000.0,1120000.0,1
4751,688183.SH,生益电子,20260825,103.0,1.2673,4.2861,0.8,58.5629,42.0153,13.2477,9.0872,7.4963,0.5229,0.8588,83759.1234,83759.1234,24766.6393,8627189.36,8627189.36,1
4752,688184.SH,ST帕瓦,20260825,10.93,0.6558,0.7143,1.23,,,1.5572,2.4814,1.8908,,,15672.7934,9816.7934,9012.1017,171303.5947,107297.5147,0
4753,688185.SH,康希诺,20260825,71.35,11.7721,25.846,1.31,632.3953,,3.5784,16.5057,15.7235,,,24704.3801,11437.2901,5209.3473,1762657.513,816050.6415,4
4754,688186.SH,广大特材,20260825,13.73,1.8985,2.3914,1.57,18.7047,116.2183,0.8375,0.7846,0.82,1.9858,,28048.9356,28048.9356,22268.3347,385111.9462,385111.9462,1
4755,688187.SH,时代电气,20260825,47.41,0.3595,1.2084,0.47,15.4005,15.2486,1.4877,2.198,2.1343,3.0373,2.3624,133070.3412,86890.7512,25852.6027,6308864.8194,4119490.4575,4
4756,688188.SH,柏楚电子,20260825,99.73,0.4496,1.2621,0.55,36.3546,32.1109,6.3797,18.4212,17.063,1.5755,1.8563,40555.7343,40555.7343,14446.3314,4044622.9529,4044622.9529,1
4757,688189.SH,ST南新,20260825,6.5,0.761,1.3722,0.44,,,2.3115,12.495,13.9252,,,27282.9414,27282.9414,15130.9414,177339.11,177339.11,1
4758,688190.SH,云路股份,20260825,72.54,0.4872,1.3437,0.65,29.569,31.38,3.2362,4.6067,4.4945,1.2821,1.93,12000.0,12000.0,4350.9765,870480.0,870480.0,1
4759,688191.SH,智洋创新,20260825,21.37,1.7232,3.2812,0.83,112.5783,112.6854,8.162,5.9337,5.8718,1.4395,0.3305,32800.2738,32800.2738,17225.9306,700941.7699,700941.7699,1
4760,688192.SH,迪哲医药,20260825,60.2,1.662,4.4333,0.9,,,24.7812,34.9541,28.904,,,46516.5842,46121.4092,17290.3003,2800298.718,2776508.882,1
4761,688193.SH,仁度生物,20260825,48.26,0.7956,1.4051,0.65,191.7021,139.5032,2.1052,11.9411,11.8392,0.501,2.3061,4006.987,4006.987,2268.9399,193377.3374,193377.3374,1
4762,688195.SH,腾景科技,20260825,165.98,4.4693,6.8474,0.59,425.6424,417.3691,29.5292,51.3324,46.7103,0.03,0.0706,18109.0,18109.0,11819.78,3005731.82,3005731.82,4
4763,688196.SH,卓越新能,20260825,35.69,1.9182,5.9498,0.84,29.3713,36.7945,1.4125,1.5784,1.5956,1.3217,1.401,12719.0795,12719.0795,4100.6502,453943.9652,453943.9652,1
4764,688197.SH,首药控股,20260825,35.61,2.6931,3.091,0.51,,,7.9627,611.0011,152.7623,,,14871.9343,6400.4882,5576.6242,529589.7834,227921.4489,4
4765,688198.SH,佰仁医疗,20260825,76.44,0.3311,1.2376,0.52,54.3962,52.0125,7.6934,16.9789,15.868,1.0439,1.0466,13774.8133,13774.8133,3685.1282,1052946.4764,1052946.4764,1
4766,688199.SH,久日新材,20260825,23.05,2.1166,2.6679,0.94,134.5488,76.8941,1.436,2.5005,2.3617,,0.2593,16122.7251,16122.7251,12791.3763,371628.9265,371628.9265,1
4767,688200.SH,华峰测控,20260825,382.73,2.8896,4.4702,1.63,143.354,135.2134,18.3461,57.0788,54.0992,0.132,0.2097,20079.8269,20079.8269,12979.8206,7685153.3359,7685153.3359,4
4768,688201.SH,ST信安,20260825,7.25,0.6654,1.1015,1.37,111.9425,73.9518,1.7739,4.2429,4.1587,,0.3402,31715.3816,31715.3816,19157.8289,229936.505,229936.505,1
4769,688202.SH,美迪西,20260825,103.2,8.0885,13.5601,1.14,,,6.9231,11.9212,10.0172,,,13435.2184,13435.2184,8014.0429,1386514.704,1386514.704,1
4770,688203.SH,海正生材,20260825,12.96,7.3419,13.0548,3.54,266.2578,95.1506,1.7572,3.0841,2.5021,0.4601,,20267.8068,20267.8068,11398.4113,262670.8176,262670.8176,1
4771,688205.SH,德科立,20260825,152.9,4.196,6.1882,0.48,340.2572,171.8021,9.9241,26.0737,23.2877,0.214,0.065,15923.7488,15923.7488,10797.2871,2434741.375,2434741.375,4
4772,688206.SH,概伦电子,20260825,41.42,1.6754,2.6078,0.68,609.673,1021.0043,10.4844,43.164,42.3561,0.0623,0.0625,50403.5633,43657.8835,28048.8275,2087715.4552,1808309.3896,1
4773,688207.SH,格灵深瞳,20260825,17.89,3.1438,4.033,0.74,,,1.8772,29.8008,28.3509,,,25897.3147,25897.3147,20187.5978,463302.8759,463302.8759,1
4774,688208.SH,道通科技,20260825,25.42,1.3032,2.0894,1.02,18.2034,19.1601,4.5555,3.5251,3.3099,3.5553,4.204,67018.6411,67018.6411,41801.6418,1703613.8568,1703613.8568,1
4775,688209.SH,英集芯,20260825,22.51,2.0013,3.8573,0.85,54.8645,47.9908,4.367,6.0678,5.813,0.392,0.2739,43378.4049,43378.4049,22505.9427,976447.784,976447.784,1
4776,688210.SH,统联精密,20260825,31.0,3.0852,4.4078,0.83,,,3.9564,5.8855,5.9567,0.4663,,16266.0508,16266.0508,11385.0865,504247.55,504247.55,4
4777,688211.SH,中科微至,20260825,31.26,0.3537,0.9093,0.77,,,1.1731,1.6147,1.5703,,,13109.2862,13109.2862,5099.2862,409796.4054,409796.4054,1
4778,688212.SH,澳华内镜,20260825,28.08,2.2817,3.1776,0.78,330.1982,,3.0922,4.8864,4.7682,0.2796,,13466.525,13466.525,9669.529,378140.1624,378140.1624,1
4779,688213.SH,思特威,20260825,99.2,1.7279,1.8687,0.83,39.8591,35.2299,7.3955,4.419,4.0539,0.2765,1.0116,40230.6775,32350.9476,29913.1833,3990883.456,3209214.24,1
4780,688215.SH,瑞晟智能,20260825,44.6,1.2106,2.9092,0.77,114.5871,69.535,8.0677,9.303,7.6432,0.1287,0.2772,9035.1261,9035.1261,3759.8983,402966.798,402966.798,4
4781,688216.SH,气派科技,20260825,29.8,2.7011,5.8826,0.77,,,4.6453,4.4346,3.9614,,,11440.4321,10624.1721,4878.2903,340924.814,316600.266,4
4782,688217.SH,睿昂基因,20260825,25.03,1.4687,2.3326,0.65,,,1.6646,7.8871,8.5871,0.671,0.671,5585.5896,5585.5896,3516.9312,139807.3177,139807.3177,1
4783,688218.SH,江苏北人,20260825,41.7,3.0875,3.7929,0.66,,,5.5094,9.5228,8.776,0.4556,,11647.5338,11647.5338,9481.2215,485702.001,485702.001,1
4784,688219.SH,会通股份,20260825,10.46,0.7562,1.2901,0.89,29.5139,29.1985,1.9066,0.8858,0.8099,1.2333,1.4229,54960.0,54960.0,32217.8838,574881.6,574881.6,1
4785,688220.SH,翱捷科技,20260825,91.1,1.3923,2.3932,0.75,,,7.0045,9.9841,9.4399,,,41830.0889,41830.0889,24334.9994,3810721.199,3810721.199,1
4786,688221.SH,前沿生物,20260825,19.36,3.3364,4.3931,0.61,,2094.5528,6.5433,58.7733,18.4906,,,37457.8653,37457.8653,28447.8553,725184.3632,725184.3632,1
4787,688222.SH,成都先导,20260825,34.93,4.7569,8.699,0.86,127.8087,114.0451,9.0995,26.6296,24.1568,0.1712,0.3722,40068.0,40068.0,21910.4495,1399575.24,1399575.24,1
4788,688223.SH,晶科能源,20260825,4.34,0.4574,1.2259,0.74,,,1.7884,0.6805,0.6975,,,1026941.2261,1026941.2261,383115.636,4456924.9213,4456924.9213,1
4789,688225.SH,亚信安全,20260825,12.03,0.9112,1.7431,0.83,,,3.3014,0.6217,0.6544,,,40001.0,40001.0,20910.7763,481212.03,481212.03,1
4790,688226.SH,威腾电气,20260825,29.08,1.6234,2.8042,0.8,187.4341,236.6016,3.3298,1.4805,1.4051,0.5002,,19608.5742,18877.552,10928.7786,570217.2156,548959.154,1
4791,688227.SH,品高股份,20260825,68.9,1.5993,2.7466,0.62,,,6.1551,16.4161,15.8622,,,11305.5275,11305.5275,6583.0981,778951.017,778951.017,1
4792,688228.SH,开普云,20260825,81.15,3.3719,7.5951,0.81,,,4.3954,13.0882,13.505,0.1824,,6755.076,6755.076,2998.996,548174.742,548174.742,4
4793,688229.SH,博睿数据,20260825,64.55,0.7623,1.2884,0.57,,,7.8393,22.6258,23.3648,,,4440.0,4440.0,2627.012,286602.0,286602.0,1
4794,688230.SH,芯导科技,20260825,54.17,0.9381,3.7524,0.89,60.0115,56.8569,2.8314,16.1846,15.1898,1.4768,0.7938,11760.0,11760.0,2940.0,637039.2,637039.2,1
4795,688231.SH,隆达股份,20260825,30.88,1.8896,4.1263,1.97,133.3049,106.0403,3.5156,5.3329,4.7601,0.6111,0.6125,31957.9289,31957.9289,14634.9981,986860.8784,986860.8784,1
4796,688232.SH,新点软件,20260825,18.08,0.4605,1.2745,0.76,161.0855,110.8093,1.0843,3.1689,3.183,1.9912,0.5492,32198.1975,32198.1975,11634.5487,582143.456,582143.456,1
4797,688233.SH,神工股份,20260825,107.71,4.199,6.7839,0.61,179.7741,185.4547,9.5749,41.8805,41.2608,0.0692,0.1711,17030.5736,17030.5736,10541.2597,1834362.6947,1834362.6947,4
4798,688234.SH,天岳先进,20260825,106.41,2.35,4.2495,0.76,,,7.2538,35.203,32.5408,,,48461.8544,42971.1044,23763.0995,5156825.4585,4572554.751,1
4799,688235.SH,百济神州,20260825,275.1,3.045,3.045,0.57,271.4022,125.3369,12.0019,10.3712,9.7355,,,154228.5181,11505.526,11505.526,39643989.756,3165171.303,4
4800,688236.SH,春立医疗,20260825,14.53,0.5774,3.141,0.67,20.4491,20.1796,1.829,5.3293,5.3958,0.3356,2.4658,38356.85,28842.8,5302.1057,557325.0305,419085.884,1
4801,688237.SH,超卓航科,20260825,55.0,1.0533,2.3471,0.52,389.504,345.9535,4.0644,12.6859,11.9403,0.6089,0.6095,8968.1952,8968.1952,4024.7089,493251.0,493251.0,4
4802,688238.SH,和元生物,20260825,7.3,6.7682,9.0909,0.83,,,3.6222,17.699,17.5722,,,64903.67,64743.31,48201.4684,473796.791,472626.163,1
4803,688239.SH,航宇科技,20260825,50.58,10.9269,14.1738,2.36,51.9241,45.3827,4.3087,4.7483,4.1697,0.335,0.2956,19091.2852,19091.2852,14717.8231,965637.2054,965637.2054,1
4804,688244.SH,永信至诚,20260825,15.26,1.4389,3.0754,1.23,,,2.43,8.3364,8.2929,0.2203,,15096.1519,15096.1519,7062.8201,230367.249,230367.249,1
4805,688246.SH,嘉和美康,20260825,17.5,1.0935,1.8553,0.57,,,1.8665,5.9581,6.2104,,,13758.5598,13758.5598,8109.1807,240774.8,240774.8,1
4806,688247.SH,宣泰医药,20260825,9.92,1.7742,5.1848,0.65,94.7107,103.2474,3.4368,10.0704,10.4055,0.619,0.3494,45334.0,45334.0,15513.1456,449713.28,449713.28,1
4807,688248.SH,南网科技,20260825,40.66,0.4475,1.4346,0.41,54.5593,55.565,6.9376,6.2313,6.3424,0.6517,0.7673,56470.0,56470.0,17616.45,2296070.2,2296070.2,1
4808,688249.SH,晶合集成,20260825,37.37,1.079,2.6173,1.0,118.5859,135.2481,3.5856,7.6716,7.172,0.2591,,223464.5597,200759.1697,82764.8125,8350870.596,7502370.1717,4
4809,688251.SH,井松智能,20260825,21.41,1.761,3.0816,1.36,68.1697,145.0393,2.5542,2.081,2.0338,0.8306,0.2335,10060.2465,9990.329,5709.091,215389.9525,213892.9653,1
4810,688252.SH,天德钰,20260825,19.59,1.0401,2.7045,0.71,34.3138,36.5611,3.1945,3.6595,3.664,0.3652,0.5831,40902.1341,40902.1341,15729.4921,801272.7267,801272.7267,1
4811,688253.SH,英诺特,20260825,54.5,1.2404,2.4506,0.77,51.6749,83.1223,3.562,17.6898,23.0511,1.0077,0.813,13698.4316,13698.4316,6933.68,746564.435,746564.435,4
4812,688255.SH,凯尔达,20260825,25.9,2.5731,4.6733,0.97,108.7122,88.3087,2.6615,4.3793,4.0799,1.104,0.5611,10985.887,10985.887,6048.7252,284534.551,284534.551,1
4813,688256.SH,寒武纪,20260825,1010.48,1.9992,4.0919,0.89,308.5837,190.7063,46.8775,97.8029,66.1086,,0.0995,62885.4008,62885.4008,30724.3109,63544438.992,63544438.992,1
4814,688257.SH,新锐股份,20260825,54.32,3.815,5.1738,0.88,85.3292,39.2016,7.2135,7.7413,6.2609,0.3299,0.3801,35526.3279,35526.3279,26195.8373,1929790.2456,1929790.2456,4
4815,688258.SH,卓易信息,20260825,92.5,1.7901,2.8146,0.74,140.5323,93.0644,11.7005,33.4236,33.1953,0.2123,0.2123,12114.2237,12114.2237,7704.561,1120565.35,1120565.35,4
4816,688259.SH,创耀科技,20260825,29.75,1.4825,2.6938,1.28,42.07,56.4749,2.1107,9.1843,9.624,0.6511,0.8347,11170.0,11170.0,6147.066,332307.5,332307.5,4
4817,688260.SH,昀冢科技,20260825,101.0,5.0308,8.3178,0.85,,,86.8692,21.5196,17.4305,,,12000.0,12000.0,7257.798,1212000.0,1212000.0,4
4818,688261.SH,东微半导,20260825,69.73,4.2993,8.2581,0.65,185.0679,68.4544,2.8282,6.827,6.2274,0.0565,0.1081,12264.5327,12209.6589,6356.618,855205.6769,851379.5918,4
4819,688262.SH,国芯科技,20260825,26.38,1.915,2.5614,0.69,,,4.5992,16.6647,14.7417,,,33599.9913,33599.9913,25121.0876,886367.7362,886367.7362,1
4820,688265.SH,南模生物,20260825,41.0,3.3326,10.9066,0.66,101.6812,96.6091,1.8663,7.5922,7.39,,0.3022,7796.3513,7796.3513,2382.251,319650.35,319650.35,1
4821,688266.SH,泽璟制药,20260825,119.0,1.7558,2.6389,0.51,,57.2869,18.3089,38.866,19.205,,,26470.8186,26470.8186,17612.2248,3150027.58,3150027.58,1
4822,688267.SH,中触媒,20260825,18.45,0.4318,0.7661,0.51,20.5475,26.5542,1.4649,4.9767,4.9888,2.6735,2.0565,22813.6294,22813.6294,12857.4992,420911.4735,420911.4735,0
4823,688268.SH,华特气体,20260825,142.3,3.7622,6.323,0.77,134.2351,145.5473,9.6779,12.8065,12.4017,0.395,0.3503,12768.2038,12768.2038,7597.0257,1816914.86,1816914.86,4
4824,688269.SH,凯立新材,20260825,30.92,0.9011,1.213,0.92,37.0575,29.8254,3.6711,1.9897,1.8711,1.6171,0.9702,13070.4,13070.4,9710.4,404136.768,404136.768,4
4825,688270.SH,ST臻镭,20260825,59.23,1.5159,2.1277,0.52,133.3993,118.1894,7.7306,41.0936,36.9305,,,29951.4643,29951.4643,21339.406,1774024.9758,1774024.9758,1
4826,688271.SH,联影医疗,20260825,106.77,0.3778,0.741,0.55,47.0739,49.7633,3.9947,6.3764,5.9312,0.1957,0.2884,82415.7988,82415.7988,42023.4959,8799534.966,8799534.966,1
4827,688272.SH,富吉瑞,20260825,28.48,1.5624,4.2152,0.86,,,5.4308,10.3003,10.3111,,,7600.0,7600.0,2816.9311,216448.0,216448.0,1
4828,688273.SH,麦澜德,20260825,29.82,1.2597,3.1969,1.09,29.0559,34.7977,2.1762,6.9093,7.2288,2.296,2.624,10000.0,10000.0,3940.4158,298200.0,298200.0,1
4829,688275.SH,万润新能,20260825,81.1,5.1012,8.4184,1.14,,103.8753,1.8551,0.89,0.7009,,,12611.8463,12611.8463,7642.2192,1022821.035,1022821.035,4
4830,688276.SH,百克生物,20260825,16.87,2.1028,6.316,1.09,,,1.8391,11.5332,11.1709,1.0018,,41365.7598,41365.7598,13772.0919,697840.3712,697840.3712,1
4831,688277.SH,天智航,20260825,15.62,1.2481,1.6297,0.74,,,6.2983,26.1312,26.6924,,,46644.4859,46644.4859,35722.5899,728586.9338,728586.9338,1
4832,688278.SH,特宝生物,20260825,59.77,0.8543,2.1674,0.4,23.6585,22.593,7.8605,6.6018,6.0667,1.0338,1.0286,40818.948,40818.948,16089.6742,2439748.6415,2439748.6415,1
4833,688279.SH,峰岹科技,20260825,182.63,2.3789,4.6153,0.8,96.025,81.8695,4.042,27.1652,24.6463,0.4208,0.4271,11511.408,9355.808,4822.3376,2102328.8083,1708651.5803,1
4834,688280.SH,精进电动,20260825,5.44,1.7133,2.0545,0.93,21.3458,305.8186,4.9789,1.1767,1.2111,,,59022.1667,52054.4145,43409.2401,321080.5504,283175.9904,1
4835,688281.SH,华秦科技,20260825,45.11,0.611,1.1828,0.82,56.0298,51.7254,3.5576,13.8402,11.7799,0.932,0.5542,38159.8945,38159.8945,19711.015,1721392.6379,1721392.6379,1
4836,688282.SH,理工导航,20260825,55.15,0.8428,2.4198,0.64,,,3.8963,16.3103,16.0404,,,8902.93,8902.93,3100.7711,490996.5895,490996.5895,4
4837,688283.SH,坤恒顺维,20260825,28.31,0.8597,1.7124,1.0,73.71,66.4342,3.4815,14.2079,13.9369,0.912,0.912,12180.0,12180.0,6115.2465,344815.8,344815.8,1
4838,688285.SH,高铁电气,20260825,7.69,0.5226,2.0896,1.0,56.2298,49.1763,1.6998,2.45,2.2701,0.2601,0.2731,37628.9913,37628.9913,9410.0,289366.9331,289366.9331,1
4839,688286.SH,敏芯股份,20260825,46.18,7.6054,9.4136,0.63,100.4884,,3.4907,5.8283,6.4168,,0.4154,7831.3521,7831.3521,6327.0485,361651.743,361651.743,4
4840,688288.SH,鸿泉技术,20260825,18.88,1.0805,1.982,0.9,62.3419,800.4923,2.5102,2.7005,2.653,,0.5297,9981.3704,9981.3704,5441.4723,188448.2656,188448.2656,1
4841,688289.SH,圣湘生物,20260825,15.5,1.9708,3.3868,0.79,45.1424,57.2221,1.2536,5.4708,5.601,3.4334,3.3461,57938.8006,57938.8006,33715.1742,898051.4,898051.4,1
4842,688290.SH,景业智能,20260825,65.6,0.821,1.8037,0.77,,,5.2985,33.5672,34.4029,0.1744,0.0761,10218.9714,10218.9714,4651.5312,670364.432,670364.432,4
4843,688291.SH,金橙子,20260825,42.13,1.6737,5.1041,1.02,117.2907,55.5244,4.2676,17.0694,17.1756,0.3886,0.4739,10266.67,10266.67,3366.67,432534.8071,432534.8071,4
4844,688292.SH,浩瀚深度,20260825,17.65,2.1489,3.4842,1.55,,,2.8685,7.2095,6.9752,0.6725,0.3399,15835.0951,15835.0951,9766.6298,279489.515,279489.515,1
4845,688293.SH,奥浦迈,20260825,59.33,3.5753,5.1904,0.84,202.3185,127.3235,3.1841,23.7703,18.6073,0.5788,0.6466,14219.4199,11716.5698,8070.7278,843638.1886,695144.0981,1
4846,688295.SH,中复神鹰,20260825,37.81,0.3789,2.0344,0.63,353.7903,197.9955,7.1605,15.5119,14.4261,,0.0873,90000.0,90000.0,16762.2558,3402900.0,3402900.0,4
4847,688296.SH,和达科技,20260825,25.04,6.364,9.9103,0.8,,,4.7125,8.7487,8.567,,,10739.316,10739.316,6896.3569,268912.5728,268912.5728,1
4848,688297.SH,中无人机,20260825,38.52,0.5062,1.259,0.64,293.5483,232.7186,4.6865,8.6214,6.1743,,0.5176,67500.0,67500.0,27138.477,2600100.0,2600100.0,1
4849,688298.SH,东方生物,20260825,19.23,0.7539,1.4655,0.65,,,0.6577,4.0921,3.832,,,20160.0,20160.0,10370.2233,387676.8,387676.8,1
4850,688299.SH,长阳科技,20260825,12.9,1.4062,1.7423,0.89,,,1.8906,3.3886,3.4756,,,28739.2894,28739.2894,23195.5586,370736.841,370736.841,1
4851,688300.SH,联瑞新材,20260825,145.75,6.1749,15.789,1.19,120.2623,116.1466,20.3073,31.55,28.7155,0.2639,0.3431,24146.919,24146.919,9443.552,3519413.59,3519413.59,1
4852,688301.SH,奕瑞科技,20260825,97.01,1.0675,1.4332,0.51,46.7743,42.163,3.9394,13.5084,10.6491,0.47,0.695,31340.9395,31340.9395,23345.2742,3040384.5894,3040384.5894,4
4853,688302.SH,海创药业,20260825,35.04,1.2674,1.677,0.6,,,3.3562,169.4933,74.6205,,,9901.5598,9901.5598,7483.5693,346950.6624,346950.6624,1
4854,688303.SH,大全能源,20260825,17.6,0.2496,0.9474,0.57,,,1.0042,7.7567,9.4034,,,213244.2813,213244.2813,56172.4313,3753099.328,3753099.328,4
4855,688305.SH,科德数控,20260825,61.52,2.0052,3.3496,0.52,92.0378,90.5597,4.2484,14.7789,15.4148,0.3071,0.3422,13255.8603,13221.3778,7914.7778,815500.5072,813379.2976,4
4856,688306.SH,均普智能,20260825,8.63,0.5035,1.3914,0.68,867.1592,1311.6491,6.059,4.1408,3.9237,,0.0916,122828.28,122828.28,44449.3543,1060008.0564,1060008.0564,1
4857,688307.SH,中润光学,20260825,48.85,3.6563,5.0549,0.78,96.2984,89.7454,6.6128,9.2251,8.2699,0.6535,0.7311,12428.36,12428.36,8989.8141,607125.386,607125.386,1
4858,688308.SH,欧科亿,20260825,92.76,4.0565,5.3556,0.71,142.1534,49.1212,5.1995,10.106,8.1835,0.1604,0.2674,15878.1708,15878.1708,12026.5272,1472859.0492,1472859.0492,4
4859,688309.SH,恒誉科技,20260825,72.5,1.6683,2.8345,0.69,172.176,54.2495,6.8565,19.4863,11.9455,0.1214,0.2345,7940.1269,7940.1269,4673.2202,575659.425,575659.425,4
4860,688310.SH,迈得医疗,20260825,15.81,3.6865,9.899,3.75,40.0047,45.8162,3.1772,5.8066,5.8107,,1.5563,16432.46,16432.46,6119.724,259797.1926,259797.1926,1
4861,688311.SH,盟升电子,20260825,22.67,2.4848,3.6946,0.78,,,2.2311,7.5599,7.6949,,,17510.6991,17510.6991,11777.1351,396967.569,396967.569,1
4862,688312.SH,燕麦科技,20260825,48.22,2.9608,5.2932,0.62,51.8493,51.8678,4.5936,11.4353,11.501,1.0167,1.1376,14671.4976,14671.4976,8206.6976,707459.73,707459.73,4
4863,688313.SH,仕佳光子,20260825,151.7,3.7875,5.9273,0.62,184.2049,145.7723,39.9348,32.204,26.0511,0.0396,0.1978,45198.6328,45198.6328,28881.5429,6856632.171,6856632.171,4
4864,688314.SH,康拓医疗,20260825,31.63,0.7059,1.7024,0.75,26.1582,29.4019,3.5119,7.3543,7.5435,1.1957,1.6362,8162.8272,8162.8272,3384.652,258190.3129,258190.3129,1
4865,688315.SH,诺禾致源,20260825,16.07,4.2017,11.6742,0.9,40.0626,41.1534,2.4984,3.0269,2.9541,0.3028,0.2725,41620.0,41620.0,14979.6235,668833.4,668833.4,4
4866,688316.SH,青云科技,20260825,46.71,3.7215,4.7047,0.72,,,42.1015,9.8083,9.7818,,,4789.8129,4789.8129,3788.8294,223732.0251,223732.0251,1
4867,688317.SH,之江生物,20260825,17.42,1.1198,1.7884,0.46,,,1.0014,26.4951,28.0016,,,18984.3712,18984.3712,11887.2152,330707.7254,330707.7254,1
4868,688318.SH,财富趋势,20260825,73.98,0.8282,2.6731,0.6,84.1044,87.4181,6.8511,72.0644,72.2972,0.3448,0.3669,35856.726,35856.726,11109.1902,2652680.8854,2652680.8854,1
4869,688319.SH,欧林生物,20260825,28.02,1.1573,1.7173,0.39,510.3098,,13.0671,16.1321,14.954,,,40540.93,40540.93,27319.7923,1135956.8586,1135956.8586,1
4870,688320.SH,禾川科技,20260825,34.7,2.1803,2.9168,0.98,,,4.3184,5.1511,4.9425,,,15101.3668,15101.3668,11288.5508,524017.539,524017.539,1
4871,688321.SH,微芯生物,20260825,25.88,2.9132,3.8377,0.61,224.9511,123.5971,4.7247,12.5962,10.9519,,0.2238,44294.1287,40780.8151,30956.7964,1146332.0844,1055407.6216,4
4872,688322.SH,奥比中光,20260825,96.8,3.5222,5.319,0.78,312.426,365.4182,10.0064,42.4796,42.3833,,,41283.4732,32026.3792,21207.528,3996239.896,3100153.584,1
4873,688323.SH,瑞华泰,20260825,27.19,7.1108,11.5864,0.64,,,4.4961,14.0896,12.6599,,,20039.8287,20039.8287,12298.8534,544882.9777,544882.9777,1
4874,688325.SH,赛微微电,20260825,105.5,0.749,1.4428,0.6,93.7102,98.1471,5.1397,18.6678,18.0863,0.9224,1.1992,8646.6427,8218.1375,4265.9179,912220.8049,867013.5063,4
4875,688326.SH,经纬恒润,20260825,64.66,1.2518,2.4152,1.21,77.3628,181.4811,1.9605,1.1324,1.159,,0.4353,11993.232,11162.3521,5785.321,775482.2518,721757.551,1
4876,688327.SH,云从科技,20260825,9.85,2.0267,2.0267,0.96,,,14.1714,20.463,23.7192,,,103997.5329,83486.7849,83486.7849,1024375.6705,822344.783,1
4877,688328.SH,深科达,20260825,88.54,9.7424,14.893,0.97,342.4932,128.1481,9.5287,12.4374,11.1801,,0.1807,9445.6295,9445.6295,6178.961,836316.0802,836316.0802,4
4878,688329.SH,艾隆科技,20260825,21.81,3.8402,6.3125,2.19,90.7086,129.7547,2.1773,3.8113,3.3869,,1.1408,7720.0,7720.0,4696.4088,168373.2,168373.2,1
4879,688330.SH,宏力达,20260825,34.14,1.072,2.0889,1.38,7.4962,7.5759,1.0885,7.349,8.4519,0.9866,1.3406,14000.0,14000.0,7184.3479,477960.0,477960.0,1
4880,688331.SH,荣昌生物,20260825,122.37,3.2358,5.4947,1.26,97.3369,11.8655,8.3082,21.247,8.6275,,,56447.7483,35589.6244,20958.4695,6907511.1675,4355101.7994,1
4881,688332.SH,中科蓝讯,20260825,87.85,2.705,7.208,0.87,11.0777,8.8891,2.7534,8.5144,8.1028,0.7673,1.5382,17848.5336,17848.5336,6698.0677,1567993.3605,1567993.3605,4
4882,688333.SH,铂力特,20260825,105.86,5.4222,7.6405,1.04,142.4947,162.5784,5.5387,15.683,14.856,0.1039,0.0768,27432.2174,27432.2174,19467.7546,2903974.8092,2903974.8092,1
4883,688334.SH,西高院,20260825,17.9,0.2814,0.8786,0.6,22.7836,22.2061,1.8995,6.5288,6.3725,2.6313,2.4358,31657.9466,31217.1069,9998.6609,566677.305,558786.269,1
4884,688335.SH,复洁科技,20260825,19.96,1.2484,2.1948,0.87,273.6926,,2.6111,8.6172,9.3642,0.9908,0.9908,14803.4592,14803.4592,8420.1574,295477.0616,295477.0616,1
4885,688336.SH,三生国健,20260825,43.46,0.8826,5.4585,0.58,13.4342,12.6448,4.5802,9.2757,8.8066,0.1948,0.7663,89622.5429,89622.5429,14490.8684,3894995.5884,3894995.5884,1
4886,688337.SH,普源精电,20260825,43.63,1.9189,5.284,0.67,110.8323,90.4764,3.0007,10.5982,9.8972,0.9162,0.9143,21867.6617,18591.6962,6751.6962,954086.4421,811155.871,1
4887,688338.SH,赛科希德,20260825,31.36,1.6457,2.9921,0.87,37.1511,39.5703,1.9519,12.6446,12.9393,1.0308,0.8121,10614.24,10614.24,5837.955,332862.5664,332862.5664,1
4888,688339.SH,亿华通,20260825,17.09,1.2155,1.4935,0.89,,,2.1329,15.8998,15.5305,,,24053.2081,19578.7119,15934.265,411069.3589,334600.1539,1
4889,688343.SH,云天励飞,20260825,55.6,1.5612,2.239,0.7,,,5.3748,14.9288,14.418,,,35960.338,35960.338,25074.1215,1999394.904,1999394.904,1
4890,688345.SH,博力威,20260825,51.57,1.4486,4.9292,0.81,94.0161,56.8907,4.1443,1.9207,1.6703,,0.3839,10187.234,10138.614,2979.558,525355.4511,522848.1177,4
4891,688347.SH,华虹宏力,20260825,226.56,2.8885,3.0089,0.64,1045.3727,797.914,8.7009,22.7684,21.867,,,173772.6402,40775.0,39144.0,39369929.3184,9237984.0,4
4892,688348.SH,昱能科技,20260825,32.08,0.6763,1.6634,0.94,,,1.5006,4.2215,4.3793,1.233,,15627.7435,15627.7435,6354.1058,501337.8992,501337.8992,1
4893,688349.SH,三一重能,20260825,13.72,0.4501,1.3582,1.34,30.6939,20.1877,1.5217,0.7984,0.7492,3.3477,2.0702,159333.6255,156618.8095,51900.085,2186057.4036,2148810.0732,4
4894,688350.SH,富淼科技,20260825,29.35,0.7315,1.0956,0.69,276.4059,145.6731,2.2617,3.026,2.972,,0.2482,14324.4628,14324.4628,9564.3518,420422.901,420422.901,4
4895,688351.SH,微电生理,20260825,20.2,0.5707,1.9179,0.7,186.0942,152.5947,5.2598,20.4639,19.5455,,0.104,47060.0,47060.0,14003.168,950612.0,950612.0,1
4896,688352.SH,颀中科技,20260825,17.51,5.7969,5.7969,0.76,78.3677,,3.6117,9.51,9.6619,0.5688,0.5667,118957.1873,36641.5708,36641.5708,2082940.3496,641593.9047,4
4897,688353.SH,华盛锂电,20260825,88.48,3.5939,7.7656,0.77,1064.571,47.1162,3.8656,16.2309,10.7557,,,15950.0,15950.0,7381.6207,1411256.0,1411256.0,4
4898,688355.SH,明志科技,20260825,17.65,1.1265,3.5735,1.28,27.387,31.301,1.976,4.1245,4.1036,2.5386,2.8206,12395.6072,12395.6072,3907.6756,218782.5165,218782.5165,1
4899,688356.SH,键凯科技,20260825,133.41,21.5917,35.3774,2.98,131.1416,112.0157,6.0432,25.427,24.6494,0.1122,0.2318,6065.07,6065.07,3701.6639,809140.9887,809140.9887,1
4900,688357.SH,建龙微纳,20260825,26.76,0.8033,1.2738,1.57,27.1773,30.5945,1.5384,3.1853,3.1306,0.7474,1.1211,10005.9875,10005.9875,6310.1075,267760.2924,267760.2924,1
4901,688358.SH,祥生医疗,20260825,28.48,0.5827,1.9733,0.58,27.4107,26.4105,2.2495,7.3274,7.3346,3.5034,3.0899,11212.5613,11197.5613,3306.7651,319333.7088,318906.5088,1
4902,688359.SH,三孚新科,20260825,92.8,4.0125,6.5165,0.86,,,14.7224,20.2038,18.8745,,,9968.0147,9968.0147,6137.8147,925031.328,925031.328,4
4903,688360.SH,德马科技,20260825,15.33,1.2085,2.3724,0.73,42.4877,43.8196,2.6985,2.3993,2.2033,0.6989,0.7175,26374.5667,26374.5667,13435.2156,404322.1581,404322.1581,4
4904,688361.SH,中科飞测,20260825,338.99,2.4883,2.6532,0.91,2034.7283,21118.7127,23.5275,58.1221,55.3749,,,35205.1671,35205.1671,33016.6661,11934200.5783,11934200.5783,4
4905,688362.SH,甬矽电子,20260825,61.61,4.2883,5.5847,0.8,341.6565,333.4746,10.7064,6.3485,6.0374,,,45322.389,45322.389,34801.389,2792312.4479,2792312.4479,4
4906,688363.SH,华熙生物,20260825,36.08,0.4528,1.0988,0.64,59.505,68.2009,2.4375,4.1387,4.3991,0.3028,0.523,48167.8242,48167.8242,19847.6321,1737894.9456,1737894.9456,1
4907,688365.SH,光云科技,20260825,14.18,1.7791,4.2328,0.82,,,6.2698,10.7326,10.0257,,,42629.0684,42629.0684,17917.3832,604480.2126,604480.2126,1
4908,688366.SH,昊海生科,20260825,29.97,0.4128,0.9185,0.76,27.3222,44.9501,1.2932,2.7732,2.9212,3.297,3.297,22883.2195,19405.1855,8720.3855,685810.1034,581573.5443,1
4909,688367.SH,工大高科,20260825,29.71,1.3558,1.9697,1.05,258.3879,320.6027,4.3749,13.1767,14.2655,0.3702,0.3702,8762.46,8762.46,6031.589,260332.6866,260332.6866,1
4910,688368.SH,晶丰明源,20260825,118.24,3.569,9.697,1.04,676.8646,226.5125,4.797,15.351,10.5205,0.1803,0.6009,20380.6892,12370.6995,4553.0713,2409812.7856,1462711.568,4
4911,688369.SH,致远互联,20260825,20.2,3.9318,4.9808,1.29,,,3.0471,2.5769,2.5119,,,11521.8071,11521.8071,9095.3421,232740.562,232740.562,1
4912,688370.SH,丛麟科技,20260825,23.36,0.4756,1.3961,1.32,138.2576,80.2672,1.2194,6.0854,6.184,1.5411,0.8923,13710.7879,13710.7879,4670.5477,320284.0544,320284.0544,1
4913,688371.SH,菲沃泰,20260825,26.92,1.7589,4.3604,0.72,298.9335,3362.5924,4.6203,17.0663,18.085,,0.1804,33547.2356,33547.2356,13532.3022,903091.7008,903091.7008,4
4914,688372.SH,伟测科技,20260825,121.66,3.7727,5.1705,0.91,67.8107,59.0573,4.9226,13.057,11.5545,0.1888,0.4497,16899.653,16899.653,12331.1034,2056011.419,2056011.419,4
4915,688373.SH,盟科药业,20260825,5.89,6.2536,8.7442,2.53,,,21.2446,27.2633,25.6626,,,65622.838,65622.838,46931.4412,386518.5276,386518.5276,1
4916,688375.SH,国博电子,20260825,77.23,0.4876,1.6317,0.65,90.6953,113.8505,7.293,19.2918,20.9079,0.5179,0.5516,59601.49,59601.49,17811.3066,4603023.0727,4603023.0727,4
4917,688376.SH,美埃科技,20260825,65.74,0.9116,1.7673,0.75,73.4262,80.2012,4.541,4.6092,4.2949,0.3023,0.2282,13525.1944,13525.1944,6976.4385,889145.9906,889145.9906,4
4918,688377.SH,迪威尔,20260825,19.5,1.2476,1.9459,1.44,38.159,45.1729,2.4156,3.7723,3.7374,0.5962,0.8547,23357.1267,23357.1267,14975.0267,455464.035,455464.035,1
4919,688378.SH,奥来德,20260825,42.22,3.0741,4.4078,0.62,152.6691,49.9204,5.2559,19.1324,14.5783,0.4658,0.4692,26142.5164,24927.9257,17385.5992,1103737.1944,1052457.2046,4
4920,688379.SH,华光新材,20260825,55.5,4.2185,7.1938,0.94,28.0276,40.6438,3.7551,2.0624,1.7291,0.7091,1.0763,9497.8561,9008.552,5282.6445,527130.675,499974.525,1
4921,688380.SH,中微半导,20260825,41.4,2.6857,6.4191,0.68,58.3258,44.8784,5.1345,14.7709,12.333,0.6016,0.7219,40036.5,40036.5,16751.08,1657511.1,1657511.1,4
4922,688381.SH,帝奥微,20260825,33.33,4.6047,6.192,0.99,,107.4474,3.1021,14.6772,17.0168,0.6212,0.2817,24750.0,24750.0,18405.5508,824917.5,824917.5,1
4923,688382.SH,益方生物,20260825,19.16,2.6692,3.6661,0.65,,,7.8696,297.8033,155.4341,,,57959.2004,57959.2004,42198.6102,1110498.272,1110498.272,1
4924,688383.SH,新益昌,20260825,120.0,1.3596,4.3445,0.53,,,9.5186,16.7814,13.9934,0.1657,,10164.65,10164.65,3181.1225,1219758.0,1219758.0,4
4925,688385.SH,复旦微电,20260825,52.1,1.6759,2.6652,0.55,184.713,48.3353,6.1445,10.7767,9.823,0.1529,0.1113,82371.925,53938.925,33916.0626,4291577.553,2810218.253,4
4926,688386.SH,泛亚微透,20260825,49.48,1.6336,2.2679,0.7,45.3956,48.014,3.2478,6.8191,6.5236,0.142,0.7074,9960.8958,9100.0,6554.9593,492865.332,450268.0,4
4927,688387.SH,信科移动,20260825,12.52,1.4817,2.5603,0.48,,,7.2917,6.9654,7.0265,,,341875.0,201677.72,116712.5,4280275.0,2525005.0544,1
4928,688388.SH,嘉元科技,20260825,28.31,5.7666,7.194,1.27,327.6119,46.4133,2.2376,1.9373,1.4161,,0.1093,65990.7307,65990.7307,52897.1915,1868197.5663,1868197.5663,4
4929,688389.SH,普门科技,20260825,10.97,0.4657,0.7354,0.81,25.5155,33.121,2.2624,4.5291,4.1418,2.5706,2.5706,42848.573,42848.573,27134.0385,470048.8129,470048.8129,1
4930,688390.SH,固德威,20260825,63.75,2.4453,3.649,0.94,114.8818,58.6163,5.448,1.7436,1.6545,,,24312.3131,24312.3131,16292.2871,1549909.7625,1549909.7625,4
4931,688391.SH,钜泉科技,20260825,25.39,0.8364,1.6737,0.74,68.4757,77.5955,1.5747,5.4485,5.515,2.3538,1.1816,11559.394,11559.394,5776.1944,293492.9121,293492.9121,1
4932,688392.SH,骄成超声,20260825,187.64,3.856,6.2061,0.67,184.7448,150.5794,11.6972,28.0558,26.3342,0.2857,0.2078,11573.336,11573.336,7190.7447,2171621.5176,2171621.5176,4
4933,688393.SH,安必平,20260825,20.43,1.8014,3.0153,0.83,,,1.618,5.5498,5.4391,0.4895,0.4895,9356.7699,9356.7699,5589.9955,191158.8091,191158.8091,1
4934,688395.SH,正弦电气,20260825,22.84,2.0692,4.8666,1.09,49.3601,45.4929,2.4982,4.4756,4.1256,0.6567,0.7881,8659.772,8659.772,3682.012,197789.1468,197789.1468,1
4935,688396.SH,华润微,20260825,58.64,1.9769,5.845,0.9,117.9125,74.5929,3.3179,7.0461,6.51,0.1432,0.1313,132821.068,132821.068,44922.8534,7788627.5448,7788627.5448,4
4936,688398.SH,赛特新材,20260825,20.81,1.793,3.2414,1.71,144.3903,253.6707,3.4178,3.5101,3.4321,0.4781,0.239,16781.4205,16781.4205,9282.7365,349221.3502,349221.3502,1
4937,688399.SH,硕世生物,20260825,28.42,1.1302,1.8858,0.66,,,1.1969,10.405,10.8206,8.0834,8.0834,12413.0147,12413.0147,7439.6677,352777.7442,352777.7442,1
4938,688400.SH,凌云光,20260825,46.17,1.3643,2.6705,0.6,136.1334,63.4586,3.8493,7.5439,7.5886,0.0518,0.1826,47574.9645,45749.5983,23371.8398,2196536.3649,2112259.032,1
4939,688401.SH,路维光电,20260825,66.02,2.6475,4.3694,0.99,53.807,50.0209,8.102,11.7366,11.0979,0.4251,0.568,20536.9728,19334.9575,11715.5265,1355850.9443,1276493.8942,4
4940,688403.SH,汇成股份,20260825,22.53,4.3137,5.8358,0.9,144.603,351.2313,4.9655,12.5478,11.9294,0.3507,0.2214,99309.8171,99309.8171,73408.6948,2237450.2446,2237450.2446,4
4941,688408.SH,中信博,20260825,24.82,1.0901,1.6673,0.77,,,1.3408,0.7898,0.8058,3.9911,,21906.5886,21906.5886,14323.4304,543721.5638,543721.5638,4
4942,688409.SH,富创精密,20260825,199.92,2.5534,3.981,1.07,,856.3075,13.5475,17.2764,16.0083,0.0746,,30621.0771,30621.0771,19640.0267,6121766.3136,6121766.3136,4
4943,688410.SH,山外山,20260825,10.95,1.6636,2.9435,0.87,33.5844,29.9927,2.6709,6.0719,5.7826,0.6524,1.3046,44744.087,44744.087,25288.2229,489947.7855,489947.7855,1
4944,688411.SH,海博思创,20260825,198.35,0.9925,1.0957,0.67,38.0466,34.1089,7.246,3.1166,2.9107,0.5474,0.8016,18245.4836,13257.4276,12008.6187,3618992.9415,2629611.2405,4
4945,688416.SH,恒烁股份,20260825,75.9,4.9689,7.0494,1.02,,,6.1537,17.2509,13.2285,,,10788.0694,10788.0694,7604.2192,818814.513,818814.513,1
4946,688418.SH,震有科技,20260825,32.24,1.8362,2.6877,0.72,,,8.4873,7.0799,7.9556,,,19255.4634,19255.4634,13155.2172,620796.0304,620796.0304,1
4947,688419.SH,耐科装备,20260825,55.84,6.4996,14.927,1.3,79.6254,72.7586,6.141,21.69,18.735,0.5089,0.7122,11455.1669,11455.1669,4987.8833,639656.6928,639656.6928,4
4948,688420.SH,美腾科技,20260825,22.57,0.636,1.3032,0.97,,,1.3988,3.9004,3.9895,0.6434,,8843.0,8843.0,4315.75,199586.51,199586.51,1
4949,688425.SH,铁建重工,20260825,4.07,0.192,0.6928,0.75,14.6372,17.3348,1.1641,2.1609,2.2892,2.0885,2.0639,533349.7,533349.7,147795.7,2170733.279,2170733.279,1
4950,688426.SH,康为世纪,20260825,21.05,1.9449,5.6271,0.61,,,1.7694,12.2364,11.3024,,,11249.3716,11222.7568,3878.8768,236799.2385,236239.098,4
4951,688428.SH,诺诚健华,20260825,28.7,4.3722,4.3722,0.95,79.0287,55.2536,6.6189,21.3791,18.2603,,,176910.7002,27282.2767,27282.2767,5077337.09,783001.436,1
4952,688429.SH,时创能源,20260825,10.61,0.2918,1.3355,0.84,,,3.2914,4.1692,3.8895,,,40000.08,40000.08,8738.7235,424400.8488,424400.8488,1
4953,688432.SH,有研硅,20260825,45.22,4.4191,17.2374,0.75,270.1571,239.1208,12.3892,56.2436,50.4111,0.132,0.1213,125030.1858,125030.1858,32053.8958,5653865.1918,5653865.1918,4
4954,688433.SH,华曙高科,20260825,99.1,2.7763,9.062,1.23,596.8187,564.6883,19.2161,57.5621,50.4311,0.0492,0.0515,41557.7547,41557.7547,12731.7232,4118373.025,4118373.025,4
4955,688435.SH,英方软件,20260825,29.66,3.3013,3.7779,1.23,,,2.3016,13.1383,13.9747,,,8350.0,5604.815,4897.7269,247661.2966,166238.9612,4
4956,688439.SH,振华风光,20260825,38.38,0.8711,2.0554,0.86,45.1421,56.2234,1.53,9.9479,10.6659,0.4247,0.4429,20000.0,20000.0,8476.1041,767600.0,767600.0,1
4957,688443.SH,智翔金泰,20260825,24.68,2.7972,2.7972,0.8,,,6.3048,39.2224,32.5741,,,36668.0,14339.0,14339.0,904966.24,353886.52,1
4958,688448.SH,磁谷科技,20260825,65.41,2.51,4.8293,0.77,640.9235,955.3967,6.2176,17.3237,16.9239,0.3363,,9751.894,9751.894,5068.4186,637871.1249,637871.1249,1
4959,688449.SH,联芸科技,20260825,66.65,3.1585,5.8383,0.76,215.6678,174.3837,15.9069,23.1017,21.2711,,0.075,46000.0,29320.4135,15862.3913,3065900.0,1954205.3265,1
4960,688450.SH,光格科技,20260825,33.64,3.3189,4.8416,0.99,,,2.3732,10.2957,10.005,,,6600.0,4893.0672,3354.1878,222024.0,164602.8748,1
4961,688455.SH,科捷智能,20260825,16.68,3.8306,8.5067,1.88,92.0207,93.3304,3.045,1.2256,1.1679,,,16803.0666,16803.0666,7566.5148,280275.2076,280275.2076,4
4962,688456.SH,有研粉材,20260825,79.39,5.379,7.8965,0.69,117.6823,91.5565,6.3929,2.1082,1.8819,0.2519,0.2985,10366.0,10366.0,7061.2,822956.74,822956.74,4
4963,688458.SH,美芯晟,20260825,33.28,1.1502,1.2673,0.63,,,2.0386,6.6866,6.7914,,,11153.6629,9373.1589,8506.8541,371193.8048,311938.7648,4
4964,688459.SH,哈铁科技,20260825,8.01,0.198,0.5414,1.01,34.61,51.7294,1.1309,3.4035,3.6034,1.623,1.8727,48000.0,48000.0,17558.4968,384480.0,384480.0,1
4965,688466.SH,金科环境,20260825,14.2,0.9891,2.4243,0.93,45.9053,85.6817,1.537,3.3138,3.8074,2.8873,2.0211,12215.4152,12215.4152,4983.5552,173458.964,173458.964,1
4966,688468.SH,科美诊断,20260825,6.39,0.6631,0.9074,0.83,58.3679,66.8677,1.8052,7.7044,7.8931,1.9244,,40110.8,40110.8,29310.7992,256308.012,256308.012,1
4967,688469.SH,芯联集成,20260825,8.51,1.6987,2.2372,0.73,,,5.3428,8.7211,7.7148,,,838268.7172,586980.0,445706.58,7133666.8072,4995199.8,4
4968,688472.SH,阿特斯,20260825,10.13,0.7099,1.9191,0.72,36.332,24.8029,1.5614,0.9168,0.9512,0.9116,0.962,364314.0112,364314.0112,134765.4391,3690500.9213,3690500.9213,4
4969,688475.SH,萤石网络,20260825,29.1,0.413,2.1392,0.84,40.4468,34.013,3.894,3.8833,3.7686,1.2027,1.3746,78750.0,78750.0,15204.4162,2291625.0,2291625.0,1
4970,688478.SH,晶升股份,20260825,47.8,3.5036,5.6497,0.75,,,4.4126,57.2507,138.5583,0.5181,,13836.6096,13836.6096,8580.6764,661389.958,661389.958,4
4971,688479.SH,友车科技,20260825,32.85,3.0148,3.8408,1.01,154.9937,173.4736,3.5796,12.9366,13.3062,1.0778,0.5603,20132.436,8652.436,6791.556,661350.654,284232.654,1
4972,688480.SH,赛恩斯,20260825,75.0,1.0558,2.359,1.0,67.3578,57.0989,5.8204,5.8107,5.2598,0.84,0.56,9532.6179,9532.6179,4266.5607,714946.5,714946.5,4
4973,688484.SH,南芯科技,20260825,34.53,1.1878,1.6707,0.48,62.1729,208.7379,3.6873,4.5497,4.4457,0.5716,0.7178,42961.0678,42961.0678,30543.9922,1483445.7471,1483445.7471,4
4974,688485.SH,九州一轨,20260825,85.65,5.2448,5.5907,0.75,,,10.2921,56.6063,55.162,0.0261,,15029.2062,15029.2062,14099.3458,1287251.8365,1287251.8365,1
4975,688486.SH,龙迅股份,20260825,42.92,2.1782,4.2426,0.92,46.6538,44.1936,5.0204,14.1156,13.6552,0.8851,1.7228,18687.1209,18686.2347,9593.6693,802051.1904,802012.9916,4
4976,688488.SH,艾迪药业,20260825,15.78,1.6227,3.1149,0.53,,,6.8136,9.2328,9.4947,,,42078.2808,42078.2808,21920.9464,663995.2584,663995.2584,4
4977,688489.SH,三未信安,20260825,23.65,0.6405,1.5373,0.73,,,2.2131,7.2394,7.1538,0.3167,,16957.8545,16827.7447,7011.2428,401053.1525,397976.051,1
4978,688496.SH,*ST清越,20260825,0.92,1.834,3.9104,0.44,,,0.4643,0.6185,0.6495,,,45000.0,23794.56,11160.0,41400.0,21890.9952,0
4979,688498.SH,源杰科技,20260825,1553.0,2.4804,3.3825,0.82,1012.701,543.0452,76.582,321.4797,221.6512,0.0221,0.0443,12450.0377,12289.2144,9011.7492,19334896.59,19085143.13,1
4980,688499.SH,利元亨,20260825,35.08,2.0825,3.2154,0.8,114.9183,103.7583,2.5009,1.9234,1.6872,,,16872.851,16872.851,10928.2183,591899.578,591899.578,4
4981,688500.SH,慧辰股份,20260825,36.58,1.3254,1.9815,0.6,,,3.8251,5.5034,5.2135,,,7598.2278,7491.7438,5011.1623,277942.8876,274047.8492,1
4982,688501.SH,青达环保,20260825,13.46,1.6407,2.7116,1.34,13.3816,17.4064,2.0357,1.1651,1.3293,1.2618,1.4859,17391.64,17391.64,10522.9732,234091.4744,234091.4744,1
4983,688502.SH,茂莱光学,20260825,427.12,3.3432,9.3612,0.87,486.771,1213.7021,18.9056,32.6369,30.8207,0.0792,0.0955,5280.0748,5280.0748,1885.6748,2255223.4984,2255223.4984,4
4984,688503.SH,聚和材料,20260825,86.07,6.4208,7.7136,0.6,49.6373,33.6209,3.9273,1.4276,1.2102,0.48,0.48,24203.3643,24203.3643,20146.6203,2083183.1952,2083183.1952,4
4985,688505.SH,复旦张江,20260825,8.52,1.5143,2.9852,0.56,,,4.1026,12.8778,13.2221,0.3521,,103657.21,71057.21,36045.6576,883159.4292,605407.4292,1
4986,688506.SH,百利天恒,20260825,264.04,0.3435,1.5701,0.75,,,19.3162,43.2581,42.797,,,41287.3817,41287.3817,9031.5984,10901519.8152,10901519.8152,4
4987,688507.SH,索辰科技,20260825,151.03,6.8576,6.8576,0.57,427.2113,1020.1414,4.8649,28.8919,28.8521,0.245,0.2188,8910.8784,4923.573,4923.573,1345810.2064,743606.7771,1
4988,688508.SH,芯朋微,20260825,85.44,7.5513,9.929,1.22,60.7298,44.6521,3.9091,9.9009,9.6551,0.4563,0.5209,13242.0346,13242.0346,10070.8742,1131399.0432,1131399.0432,1
4989,688509.SH,正元地信,20260825,4.24,1.1316,1.1329,0.85,,,2.9613,5.8315,6.2787,,,77000.0,38522.89,38479.22,326480.0,163151.8928,1
4990,688510.SH,航亚科技,20260825,24.0,1.3003,1.7468,0.59,61.1999,67.7902,5.1324,8.9554,8.9016,0.8284,0.8321,25992.2608,25992.2608,19348.3565,623814.24,623814.24,1
4991,688511.SH,天微电子,20260825,21.25,0.9456,2.0977,0.75,83.2221,120.0465,3.4605,18.9128,22.41,,1.086,13367.7885,13367.7885,6025.8672,284065.5375,284065.5375,1
4992,688512.SH,慧智微,20260825,13.46,2.8306,2.8306,0.73,,,4.0048,7.8848,7.1914,,,47289.6548,32457.0296,32457.0296,636518.8236,436871.6238,4
4993,688513.SH,苑东生物,20260825,44.02,1.5342,2.9152,0.81,27.3568,28.0298,2.6492,5.8367,5.8173,0.9625,1.0994,17653.2256,17653.2256,9290.4756,777095.1846,777095.1846,1
4994,688515.SH,裕太微,20260825,148.44,5.8345,6.5695,0.82,,,8.0957,19.2593,17.5347,,,8000.0,4981.94,4424.558,1187520.0,739519.1736,4
4995,688516.SH,奥特维,20260825,43.75,4.5327,7.492,1.9,30.9793,31.6616,3.785,2.1526,2.4006,4.8118,2.9763,31476.0458,31476.0458,19042.9593,1377077.1875,1377077.1875,1
4996,688517.SH,金冠电气,20260825,16.12,1.7982,3.0107,0.86,27.2398,28.9617,2.7228,3.0147,3.0747,3.3872,2.9917,13661.3184,13661.3184,8159.2895,220220.4784,220220.4784,1
4997,688518.SH,联赢激光,20260825,20.09,3.1382,3.6329,0.96,40.9962,41.237,2.0743,2.1026,2.0929,0.7466,0.7466,34132.5095,34132.5095,29484.9493,685722.1259,685722.1259,4
4998,688519.SH,南亚新材,20260825,288.87,2.6518,6.4982,1.09,282.6831,183.9407,23.5536,12.9952,11.1234,0.0332,0.1073,23518.0442,23518.0442,9597.2953,6793656.2148,6793656.2148,1
4999,688520.SH,神州细胞,20260825,36.51,0.7506,2.4387,0.63,,,242.4604,11.0066,12.593,,,47033.5714,44533.5714,13706.1564,1717195.6407,1625920.6407,1
5000,688521.SH,芯原股份,20260825,164.49,2.7501,3.6522,0.64,,,29.5703,27.4415,21.4013,,,52591.5273,52591.5273,39602.1017,8650780.7697,8650780.7697,4
5001,688522.SH,纳睿雷达,20260825,18.14,1.7374,1.7374,0.74,70.2618,67.3402,3.289,16.6896,15.3346,0.4777,0.4328,42404.2526,17218.4486,17218.4486,769213.095,312342.683,1
5002,688523.SH,航天环宇,20260825,40.2,0.7878,3.0993,0.48,343.6456,969.7026,9.7171,35.6902,40.1218,,,40688.0,40688.0,10342.8213,1635657.6,1635657.6,4
5003,688525.SH,佰维存储,20260825,227.82,3.1995,3.8895,0.64,125.9413,13.0309,8.4591,9.5052,4.6781,,0.094,47156.6656,47156.6656,38790.8856,10743232.5594,10743232.5594,1
5004,688526.SH,科前生物,20260825,13.1,0.2553,0.9389,0.5,14.5831,15.6683,1.4159,6.4294,6.5512,3.2669,4.8855,46612.8056,46612.8056,12677.3149,610627.811,610627.811,1
5005,688528.SH,秦川物联,20260825,10.2,1.492,4.427,1.35,,,3.8502,6.3465,6.2131,,,16800.0,16800.0,5661.896,171360.0,171360.0,1
5006,688529.SH,豪森智能,20260825,16.17,0.8848,1.6237,1.11,,,2.7452,1.8436,1.7773,,,16817.5953,16817.5953,9164.1785,271940.592,271940.592,1
5007,688530.SH,欧莱新材,20260825,62.13,12.3734,12.3734,0.82,,5269.1678,11.7384,18.2074,13.5357,0.1046,,16004.4824,6977.8764,6977.8764,994358.9637,433535.6844,4
5008,688531.SH,日联科技,20260825,134.03,3.112,3.3394,0.69,126.0755,100.3049,6.4712,20.59,16.6509,0.3069,0.4444,16559.3939,11477.8827,10696.3834,2219455.0417,1538380.2564,1
5009,688533.SH,上声电子,20260825,21.17,0.4524,1.6373,0.87,19.1274,19.4473,1.9687,1.1555,1.1363,2.0981,1.6533,16498.7109,16498.7109,4558.7121,349277.6907,349277.6907,1
5010,688535.SH,华海诚科,20260825,98.2,3.2111,4.4789,0.67,580.1352,460.2318,6.5333,30.7157,23.5695,0.1142,0.068,14327.405,13353.3781,9573.6961,1406951.662,1311301.916,4
5011,688536.SH,思瑞浦,20260825,315.35,4.4831,6.9728,1.1,251.7004,104.9048,6.5762,20.3269,15.5576,,0.0489,13807.5483,13564.8979,8721.3325,4354210.8925,4277691.215,1
5012,688538.SH,和辉光电,20260825,2.31,0.8282,1.0656,0.87,,,4.2015,5.7992,5.7833,,,1380943.7625,575223.5725,447079.1963,3189980.0856,1328766.4467,1
5013,688539.SH,高华科技,20260825,25.27,0.8438,1.8511,0.44,78.4198,89.5177,2.6771,11.5818,11.989,0.7825,0.7825,18592.0,18592.0,8475.0,469819.84,469819.84,1
5014,688543.SH,国科军工,20260825,38.27,1.6928,3.0486,0.93,38.8934,41.9659,4.152,6.8006,6.9661,1.6331,1.9598,25061.0433,25061.0433,13915.4433,959086.0008,959086.0008,1
5015,688545.SH,兴福电子,20260825,76.63,6.3366,7.1796,0.75,133.3871,122.3259,9.2884,18.7032,15.5952,0.261,0.3915,36000.0,18225.0,16085.0,2758680.0,1396581.75,4
5016,688548.SH,广钢气体,20260825,34.29,1.4742,2.6139,0.68,158.3714,140.9331,7.424,18.6604,18.2241,0.242,0.2828,131939.8521,131939.8521,74412.7132,4524217.4565,4524217.4565,4
5017,688549.SH,中巨芯,20260825,24.56,9.5888,11.1157,0.64,,,12.0244,29.9471,25.1308,0.0204,,147727.6,58931.9,50836.7843,3628189.856,1447367.464,4
5018,688550.SH,瑞联新材,20260825,37.83,1.8977,3.1502,0.57,21.536,24.4651,2.006,3.9735,3.9307,1.5245,2.349,17606.8116,17384.4438,10472.2801,666065.6828,657653.509,4
5019,688551.SH,科威尔,20260825,38.41,2.9117,5.5004,0.93,65.4653,87.1926,3.1931,8.1671,8.2812,0.7955,0.5953,10899.4609,10899.4609,5769.6228,418648.2586,418648.2586,1
5020,688552.SH,航天南湖,20260825,26.02,0.4313,1.3781,0.54,274.6427,,3.398,10.831,17.3043,,0.1115,33724.8,33724.8,10554.8701,877519.296,877519.296,1
5021,688553.SH,汇宇制药,20260825,11.96,2.3743,3.19,0.77,,66.0077,2.0069,7.4997,6.8246,2.6079,1.126,62590.0859,50741.1652,37766.5428,748577.4764,606864.3932,4
5022,688556.SH,高测股份,20260825,8.14,2.1163,2.6289,0.95,,,1.7367,1.8528,1.8005,1.4554,,83077.3934,83077.3934,66879.8679,676249.9546,676249.9546,1
5023,688557.SH,兰剑智能,20260825,20.92,1.1641,2.1536,0.62,28.3456,27.7095,2.538,2.0655,2.0282,1.087,1.0787,14832.2528,14832.2528,8017.4398,310290.67,310290.67,1
5024,688558.SH,国盛智科,20260825,31.06,0.7848,2.422,0.82,26.072,25.0499,2.3339,3.2304,3.1461,1.9171,2.3964,13200.0,13200.0,4277.1968,409992.0,409992.0,4
5025,688559.SH,海目星,20260825,55.33,3.8848,5.2044,0.64,,,5.6606,3.2508,2.7445,,,24775.9044,24775.9044,18493.9383,1370850.547,1370850.547,4
5026,688560.SH,明冠新材,20260825,12.22,1.2979,2.0855,1.01,,,0.9587,3.4185,3.3127,,,20130.1918,20130.1918,12527.6918,245990.9218,245990.9218,1
5027,688561.SH,奇安信,20260825,24.94,0.4045,1.0256,0.51,,,2.4098,3.8745,3.8478,,,68225.2725,68225.2725,26911.1141,1701538.2338,1701538.2338,1
5028,688562.SH,航天软件,20260825,14.08,0.5532,0.8746,0.7,,,3.3786,4.6304,4.7016,,,40000.0,40000.0,25300.0,563200.0,563200.0,1
5029,688563.SH,航材股份,20260825,49.28,0.5595,0.5595,0.59,41.2986,42.5409,2.1213,7.748,7.7341,1.082,0.9043,44935.9548,13554.2674,13554.2674,2214444.1088,667954.4256,1
5030,688565.SH,力源科技,20260825,11.22,1.0441,1.5377,0.98,187.9456,254.1617,3.3785,5.9049,6.0622,,0.2674,14973.0,14973.0,10166.8,167997.06,167997.06,1
5031,688566.SH,吉贝尔,20260825,25.65,0.6437,2.1694,0.46,19.7176,20.3025,2.0787,5.3394,5.2068,2.0104,2.0189,20110.1625,20110.1625,5967.0547,515825.604,515825.604,1
5032,688567.SH,孚能科技,20260825,9.56,0.6201,1.0593,0.87,,,1.2798,1.2815,1.3812,,,122210.3885,122210.3885,71537.7571,1168331.3284,1168331.3284,1
5033,688568.SH,中科星图,20260825,30.97,1.1026,2.5695,0.87,851.2277,,6.8825,9.3495,10.537,0.2822,0.0387,80807.8912,80807.8912,34675.9681,2502620.3533,2502620.3533,4
5034,688569.SH,铁科轨道,20260825,18.5,0.574,2.1246,0.32,22.7552,20.1994,1.3072,3.0562,2.7798,1.8919,1.4595,21066.67,21066.67,5691.67,389733.395,389733.395,1
5035,688570.SH,天玛智控,20260825,15.4,0.3694,0.5564,0.64,68.1574,118.2017,1.5454,4.1205,4.2604,2.1429,0.6494,43300.0,18820.0,12494.5,666820.0,289828.0,1
5036,688571.SH,杭华股份,20260825,8.45,1.4725,3.6934,0.83,33.0348,33.1412,2.1045,2.8688,2.8335,2.3021,1.7612,42417.07,42417.07,16910.5276,358424.2415,358424.2415,1
5037,688573.SH,信宇人,20260825,16.5,2.1183,2.1183,0.69,,,4.6639,6.1746,5.5664,,,9775.4388,5321.6225,5321.6225,161294.76,87806.73,1
5038,688575.SH,亚辉龙,20260825,9.38,1.0418,1.864,0.43,229.6264,172.0955,1.9755,2.9601,2.9931,2.235,0.2239,57138.83,57138.83,31934.32,535962.2254,535962.2254,1
5039,688576.SH,西山科技,20260825,41.7,1.2173,1.2228,1.0,54.3407,59.1076,1.6246,8.248,8.1069,1.6021,0.801,6764.3189,3231.8536,3217.2958,282072.144,134768.145,1
5040,688577.SH,浙海德曼,20260825,42.28,0.5374,1.5877,0.71,131.7779,102.2381,6.3617,7.497,6.9644,0.724,0.6758,15579.162,15579.162,5273.1874,658686.8848,658686.8848,1
5041,688578.SH,艾力斯,20260825,114.0,1.0465,2.0951,0.47,23.4342,19.1514,6.0624,9.8895,8.3641,0.7018,0.8772,45000.0,45000.0,22477.4998,5130000.0,5130000.0,1
5042,688579.SH,地纬智能,20260825,8.02,1.2708,1.8047,1.25,53.357,248.3996,2.3273,6.1676,7.281,0.8105,0.6234,40001.0,40001.0,28166.76,320808.02,320808.02,1
5043,688580.SH,伟思医疗,20260825,46.9,1.2724,3.3032,0.71,32.5312,26.989,2.5587,9.707,9.4991,1.7047,2.3056,9577.1288,9577.1288,3689.1013,449167.397,449167.397,1
5044,688581.SH,安杰思,20260825,51.89,0.924,1.3056,0.52,18.8967,19.5945,1.6442,7.0563,7.0666,2.6541,2.0113,8074.0656,4117.8278,2914.2703,418963.4923,213674.1987,1
5045,688582.SH,芯动联科,20260825,41.59,0.842,1.8052,0.45,55.0683,90.0401,6.5948,31.9019,39.1105,0.9112,0.73,40173.9056,40173.9056,18737.9862,1670832.9169,1670832.9169,1
5046,688583.SH,思看科技,20260825,85.07,5.472,5.472,0.92,109.7899,138.17,8.8439,28.3537,28.3436,0.4812,0.2939,12376.0,4312.4819,4312.4819,1052826.32,366862.6736,1
5047,688584.SH,上海合晶,20260825,28.94,4.0226,8.7453,0.76,154.4999,163.1652,4.6541,14.7685,14.7697,0.6872,0.3436,66919.5352,34330.023,15790.945,1936651.1982,993510.7788,4
5048,688585.SH,上纬新材,20260825,143.11,1.1803,7.2072,0.56,1404.9955,,49.0359,32.1258,31.7904,0.0217,,40336.1728,40336.1728,6605.7864,5772509.2887,5772509.2887,4
5049,688586.SH,江航装备,20260825,11.0,1.2582,3.2916,1.43,158.2269,170.9453,3.4937,9.1866,9.48,0.8182,0.2364,79133.9156,79133.9156,30248.0149,870473.12,870473.12,4
5050,688588.SH,凌志软件,20260825,9.63,0.6686,1.1639,1.02,35.4713,97.8805,3.0587,3.5631,3.5777,2.0569,2.0569,39001.0003,39001.0003,22405.4312,375579.63,375579.63,1
5051,688589.SH,力合微,20260825,19.62,2.7634,3.5058,0.73,138.6368,189.9902,2.9747,7.9673,7.7107,1.2705,0.5082,14532.8518,14532.8518,11455.5744,285134.517,285134.517,1
5052,688590.SH,新致软件,20260825,12.67,1.4494,1.9842,0.68,,,2.6564,1.8817,1.8772,0.2298,0.2298,31286.5145,28151.7184,20564.024,396400.2084,356682.2924,1
5053,688591.SH,泰凌微,20260825,29.18,6.0585,6.8894,2.68,55.3803,56.4164,2.7952,6.9445,6.6996,0.6878,0.9008,24156.3929,19634.8829,17266.8389,704883.4602,572945.7984,1
5054,688592.SH,司南导航,20260825,24.77,2.3495,2.3495,1.22,182.6318,152.1875,3.0261,5.4241,5.2101,0.2544,0.2205,11614.6811,5533.5492,5533.5492,287695.6236,137066.0335,1
5055,688593.SH,新相微,20260825,31.09,2.5415,4.5734,0.52,1572.1246,1499.5448,9.2823,23.2976,22.3311,,0.1435,45952.9412,45952.9412,25537.3533,1428676.9046,1428676.9046,4
5056,688595.SH,芯海科技,20260825,27.46,1.5357,2.6373,0.77,,,6.113,4.663,4.5603,,,14409.3526,14409.3526,8390.5973,395680.751,395680.751,1
5057,688596.SH,正帆科技,20260825,70.6,9.7647,11.507,1.15,164.5449,294.0127,6.1874,4.5617,4.3049,0.3647,0.1311,31767.0467,31767.0467,26957.1207,2242753.73,2242753.73,4
5058,688597.SH,煜邦电力,20260825,6.86,1.7366,2.3229,1.06,30.7655,348.5618,3.0358,2.3041,2.3017,1.476,,33606.0276,33606.0276,25123.9672,230537.3658,230537.3658,1
5059,688598.SH,金博股份,20260825,35.8,8.2466,9.3739,0.6,,,1.9254,9.2562,8.6997,,,20757.3116,20357.5616,17909.3654,743111.698,728800.648,4
5060,688599.SH,天合光能,20260825,12.71,0.5852,0.9591,0.59,,,1.4614,0.4446,0.4385,,,234256.7686,234256.7686,142945.992,2977403.5467,2977403.5467,1
5061,688600.SH,皖仪科技,20260825,27.2,1.6283,2.9996,0.78,66.5697,43.0968,4.5933,5.1774,4.6371,0.342,0.6841,13470.849,13470.849,7312.4575,366407.12,366407.12,1
5062,688601.SH,力芯微,20260825,49.69,2.4725,3.9412,0.79,179.1489,258.3343,5.3262,8.6446,8.1945,0.7994,0.1998,13369.27,13369.27,8386.9482,664319.0263,664319.0263,1
5063,688602.SH,康鹏科技,20260825,6.6,0.9414,1.8834,0.89,,,1.2753,4.4542,5.3208,,,51937.5,51937.5,25959.6161,342787.5,342787.5,1
5064,688603.SH,天承科技,20260825,103.32,3.5951,8.813,0.95,148.6694,131.974,10.5373,27.362,25.07,0.1937,0.1356,12472.4524,12472.4524,5087.83,1288653.534,1288653.534,4
5065,688605.SH,先锋精科,20260825,69.6,3.5315,4.3426,0.87,74.5683,82.044,8.4353,11.3802,11.533,0.2874,0.1437,20237.9856,10835.173,8811.3744,1408563.408,754127.832,4
5066,688606.SH,奥泰生物,20260825,48.2,0.2702,0.6042,0.48,16.5607,20.4437,0.9391,4.0278,4.0869,5.3505,4.2595,7565.4353,7565.4353,3383.0818,364654.208,364654.208,1
5067,688607.SH,康众医疗,20260825,41.13,1.3796,2.0477,0.72,,,4.3178,11.297,10.9523,0.1471,,8812.9027,7932.9027,5344.3824,362474.577,326280.177,4
5068,688608.SH,恒玄科技,20260825,104.1,0.9909,1.7118,0.51,41.515,53.5743,3.5053,6.9961,8.3947,0.5826,0.9606,23688.6047,23688.6047,13713.2821,2465983.26,2465983.26,1
5069,688609.SH,九联科技,20260825,8.92,2.2545,2.7325,0.58,,,4.7295,1.9487,1.7056,,,52195.2898,50000.0,41252.728,465581.9868,446000.0,1
5070,688610.SH,埃科光电,20260825,173.69,5.1347,8.5022,0.87,184.6393,121.6464,7.1961,26.824,19.336,0.1151,0.1151,6800.0,4093.2568,2472.0184,1181092.0,710958.3294,1
5071,688611.SH,杭州柯林,20260825,61.19,0.6274,1.4387,0.61,,,10.8799,45.4195,43.1783,0.2335,,15338.96,15338.96,6688.7719,938590.9624,938590.9624,4
5072,688612.SH,威迈斯,20260825,34.58,2.6064,2.9176,1.25,25.9627,25.2999,4.0321,2.2857,2.3196,1.0366,1.9029,41918.3508,25669.9361,22932.0052,1449536.543,887666.5252,1
5073,688613.SH,奥精医疗,20260825,15.62,1.7988,2.3455,0.91,154.6381,150.6172,1.4907,9.5651,9.3064,,0.1946,13700.8584,13700.8584,10507.4534,214007.4332,214007.4332,1
5074,688615.SH,合合信息,20260825,92.77,4.7595,4.7595,0.89,40.0379,39.0641,6.1244,10.0478,9.1028,1.0999,1.2704,19600.0,13533.8342,13533.8342,1818292.0,1255533.4091,1
5075,688616.SH,西力科技,20260825,10.98,0.8635,1.8655,0.88,18.9465,19.3784,2.1623,3.4771,3.3934,2.6849,2.6849,17937.8265,17937.8265,8303.3265,196957.3734,196957.3734,1
5076,688617.SH,惠泰医疗,20260825,253.52,1.2516,2.2002,0.7,43.7227,38.4656,11.6219,13.886,12.3876,0.4743,0.3879,14152.9162,14152.9162,8051.0167,3588048.2784,3588048.2784,4
5077,688618.SH,三旺通信,20260825,30.39,1.768,4.7323,0.53,92.9735,123.2066,4.0507,9.3499,9.6752,0.528,0.5208,11004.7848,11004.7848,4111.5074,334435.2642,334435.2642,1
5078,688619.SH,罗普特,20260825,14.25,1.5946,3.3866,0.64,,,4.0803,17.3217,18.2284,,,18543.8042,18543.8042,8731.4537,264249.15,264249.15,4
5079,688620.SH,安凯微,20260825,15.09,3.9354,5.7454,1.19,,,4.6416,11.0163,10.1132,,,39200.0,39200.0,26850.768,591528.0,591528.0,4
5080,688621.SH,阳光诺和,20260825,64.39,1.8026,2.4894,0.41,35.3744,36.9982,5.7518,5.9003,6.0679,0.247,0.2834,11200.0,11200.0,8110.27,721168.0,721168.0,4
5081,688622.SH,*ST禾信,20260825,97.19,0.8573,1.8428,2.6,,,23.1395,68.9039,78.8353,,,7046.5521,7046.5521,3278.2343,684854.1945,684854.1945,4
5082,688623.SH,双元科技,20260825,58.03,1.1343,1.7023,0.58,79.38,71.196,2.3452,14.517,13.6892,1.4135,1.1337,8551.2117,3551.9584,2366.6522,496226.7163,206120.2388,1
5083,688625.SH,呈和科技,20260825,52.28,1.6446,4.2813,0.72,49.2242,52.7665,8.2582,13.889,13.693,0.8998,0.3142,25966.694,25966.694,9974.7464,1357538.5532,1357538.5532,4
5084,688626.SH,翔宇医疗,20260825,42.63,0.9101,2.5815,0.62,87.2711,84.7016,3.2416,8.8842,8.8035,0.5425,0.4119,16000.0,16000.0,5641.0402,682080.0,682080.0,1
5085,688627.SH,精智达,20260825,448.61,4.5875,5.9587,0.79,645.4613,504.2368,23.6242,37.4331,28.3755,0.0708,0.0498,9412.8154,9412.8154,7246.8088,4222685.1802,4222685.1802,4
5086,688628.SH,优利德,20260825,81.68,4.3188,8.9782,0.7,60.3678,47.2544,6.8808,7.4783,6.436,1.5836,1.3467,11176.7588,11176.7588,5376.4253,912917.7568,912917.7568,4
5087,688629.SH,华丰科技,20260825,133.08,1.7407,3.1151,0.56,173.7878,144.2909,32.3348,24.6527,22.6155,,,46825.4966,46099.2831,25759.3551,6231536.2092,6134892.1824,4
5088,688630.SH,芯碁微装,20260825,415.0,3.9107,6.1056,0.87,209.7023,175.4887,25.1354,43.1778,36.1773,0.0888,0.1687,14650.5116,13174.0716,8438.0908,6079961.65,5467239.05,4
5089,688631.SH,莱斯信息,20260825,39.7,0.4609,1.484,0.65,117.4369,112.9896,3.4087,5.0959,5.1724,1.0076,0.4282,16347.0,16347.0,5077.41,648975.9,648975.9,1
5090,688633.SH,星球石墨,20260825,24.28,1.5363,3.5021,1.09,24.4765,18.3466,2.3387,5.1304,4.4637,1.212,2.4639,17040.063,17040.063,7475.263,413732.6568,413732.6568,1
5091,688635.SH,长进光子,20260825,316.7,11.8607,11.8607,0.71,310.1752,295.6353,45.7849,120.1863,115.8571,,,9367.0,1775.6517,1775.6517,2966528.9,562348.355,1
5092,688636.SH,智明达,20260825,19.8,2.8738,4.7606,0.67,33.6954,29.2911,2.4003,4.8575,4.8436,0.4642,0.5051,17390.6404,17390.6404,10498.1625,344334.672,344334.672,1
5093,688638.SH,誉辰智能,20260825,34.34,2.0343,2.0343,1.14,,,2.5167,2.6653,2.463,,,5600.0,2646.1022,2646.1022,192304.0,90867.074,1
5094,688639.SH,华恒生物,20260825,16.6,2.4795,3.5817,0.87,31.356,35.0735,1.5341,1.4508,1.3817,1.503,0.9619,25011.5693,25011.5693,17314.8052,415192.062,415192.062,1
5095,688646.SH,逸飞激光,20260825,69.8,2.3788,2.4918,0.61,,,4.6205,8.1849,6.2854,,,9416.2608,6073.2171,5797.9784,657254.948,423910.756,4
5096,688648.SH,中邮科技,20260825,33.36,5.161,6.031,0.99,7.2394,7.3349,2.1055,3.2749,2.9512,,0.7494,13600.0,6952.8924,5949.8918,453696.0,231948.4104,1
5097,688651.SH,盛邦安全,20260825,22.96,2.8091,2.9309,1.01,,,2.5778,7.6298,7.7081,,,10249.296,4701.8051,4506.3579,235323.928,107953.5576,1
5098,688652.SH,京仪装备,20260825,143.57,4.0588,4.8712,0.76,163.0535,152.1832,10.7319,16.9114,16.2892,0.0871,0.0871,16800.0,12075.0,10061.3582,2411976.0,1733607.75,4
5099,688653.SH,康希通信,20260825,13.9,9.7406,9.7432,1.45,,684.5057,4.0217,8.6345,7.8591,,,42448.0,31641.1597,31632.4659,590027.2,439812.124,4
5100,688655.SH,迅捷兴,20260825,45.73,11.445,20.9803,1.26,,,9.0613,8.8516,6.6623,,,13339.0,13339.0,7276.5755,609992.47,609992.47,1
5101,688656.SH,浩欧博,20260825,93.07,1.1212,3.1114,0.57,254.805,213.3474,7.1118,14.8386,14.6145,0.3159,0.212,6351.8621,6351.8621,2289.0153,591167.6102,591167.6102,4
5102,688657.SH,浩辰软件,20260825,32.74,1.3322,1.5542,0.5,61.4953,67.4497,2.2322,9.4072,8.4596,1.4567,1.2486,9542.0372,5969.4543,5116.8143,312406.0622,195439.793,1
5103,688658.SH,悦康药业,20260825,13.8,4.8691,9.0609,0.86,,,1.9344,2.5387,2.5245,,,45000.0,45000.0,24181.988,621000.0,621000.0,1
5104,688659.SH,元琛科技,20260825,10.65,1.3876,2.5238,0.73,,,3.2935,2.439,2.2512,,,16000.0,16000.0,8796.688,170400.0,170400.0,1
5105,688660.SH,电气风电,20260825,7.45,1.1066,2.7671,0.82,,,2.7503,0.7261,0.5958,,,133333.34,133333.34,53323.336,993333.383,993333.383,1
5106,688661.SH,和林微纳,20260825,98.45,2.644,5.053,0.99,501.9283,,12.3708,17.2361,17.8245,0.0625,0.0813,15188.7826,15188.7826,7947.531,1495335.391,1495335.391,4
5107,688662.SH,富信科技,20260825,87.3,7.1638,11.1202,0.67,254.1185,243.4128,13.9332,18.7319,17.9598,0.3083,0.3524,11470.5644,11470.5644,7389.5517,1001379.888,1001379.888,4
5108,688663.SH,新风光,20260825,53.59,1.1032,1.7792,0.53,110.7873,147.828,7.6221,5.2628,5.7721,0.7866,0.2902,19724.7984,19724.7984,12230.6544,1057052.032,1057052.032,0
5109,688665.SH,四方光电,20260825,43.61,0.4553,1.4438,0.74,33.311,34.2486,3.6307,4.301,4.1625,0.7939,0.9172,10119.2341,10119.2341,3190.8841,441299.6203,441299.6203,1
5110,688667.SH,菱电电控,20260825,86.39,0.8135,1.7657,0.45,33.564,28.939,2.5079,3.8135,4.4784,0.1138,0.926,5269.5457,5269.5457,2427.8509,455236.4245,455236.4245,1
5111,688668.SH,鼎通科技,20260825,248.11,2.8659,5.2945,0.69,143.6626,111.8659,16.4623,21.7642,18.859,0.2813,0.2418,13927.0606,13927.0606,7538.5317,3455442.8566,3455442.8566,1
5112,688669.SH,聚石化学,20260825,76.5,2.6072,4.3043,0.77,,,8.9156,2.3613,2.5524,,,12133.3334,12133.3334,7349.3334,928199.745,928199.745,1
5113,688670.SH,金迪克,20260825,16.66,4.8978,12.7135,1.49,,,1.9584,18.1826,18.6136,,,12320.0,12320.0,4746.1985,205251.2,205251.2,1
5114,688671.SH,碧兴物联,20260825,24.85,1.9006,2.5481,0.98,,,1.9514,5.9821,6.0826,,,7851.89,5377.2122,4010.75,195119.4665,133623.6685,1
5115,688676.SH,金盘科技,20260825,74.0,2.4472,4.7188,0.62,51.5878,48.798,6.6685,4.664,4.4207,0.6777,0.9175,45978.5588,45978.5588,23844.9511,3402413.3512,3402413.3512,4
5116,688677.SH,海泰新光,20260825,84.25,7.6253,11.4301,0.63,59.1507,58.5153,7.5426,16.7598,15.3591,0.7056,0.7027,11987.7,11987.7,7997.2898,1009963.725,1009963.725,0
5117,688678.SH,福立旺,20260825,20.04,4.3459,6.5183,1.02,146.3142,93.2374,3.4555,4.0961,3.7158,0.3209,0.3564,40310.6501,40310.6501,26876.1932,807825.426,807825.426,1
5118,688679.SH,通源环境,20260825,39.2,2.4531,4.9174,0.49,,,4.7029,3.7268,3.7519,0.1276,,13168.9675,13168.9675,6569.4075,516223.624,516223.624,1
5119,688680.SH,海优新材,20260825,33.78,1.0166,1.4728,0.93,,,2.1258,2.8382,2.9801,,,9757.0958,9757.0958,6734.8838,329594.838,329594.838,1
5120,688681.SH,科汇股份,20260825,17.18,1.3698,2.0144,1.05,38.3598,35.9482,2.8971,3.5574,3.4583,0.575,1.1141,10467.0,10467.0,7117.8485,179823.06,179823.06,1
5121,688682.SH,霍莱沃,20260825,31.99,1.4411,3.5695,1.22,,,5.272,10.7425,10.5038,0.4466,0.6252,10183.8895,10183.8895,4111.4861,325782.6411,325782.6411,1
5122,688683.SH,莱尔科技,20260825,30.08,0.6444,1.296,0.46,116.4839,103.1545,4.0057,4.9572,3.7328,0.2093,0.266,16109.78,16109.78,8010.454,484582.1824,484582.1824,1
5123,688685.SH,迈信林,20260825,39.45,1.7972,2.8269,0.8,329.5872,,7.1667,12.5948,13.1468,0.3941,0.1141,14685.1667,14685.1667,9336.3394,579329.9565,579329.9565,4
5124,688686.SH,奥普特,20260825,127.35,2.5005,8.9823,1.4,83.6113,73.8872,4.8812,12.2665,10.4431,0.1958,0.4198,12223.5455,12223.5455,3402.7889,1556669.0925,1556669.0925,1
5125,688687.SH,凯因科技,20260825,18.33,2.2248,2.8673,0.77,102.4044,314.5429,1.8372,2.3724,2.5451,1.6031,1.3639,17094.4422,17094.4422,13263.8421,313341.0852,313341.0852,1
5126,688689.SH,银河微电,20260825,39.4,3.0856,7.3175,0.63,71.4523,56.5609,4.1674,5.4398,4.8208,0.5123,0.5634,14490.8035,14490.8035,6110.4488,570937.52,570937.52,0
5127,688690.SH,纳微科技,20260825,40.72,3.0399,5.1929,0.93,120.8988,94.0004,8.0429,17.7825,16.6284,0.1535,0.2505,40381.4765,40381.4765,23639.5328,1644333.8656,1644333.8656,1
5128,688691.SH,灿芯股份,20260825,63.46,3.7648,3.7648,0.7,,,6.3124,10.5118,10.0609,0.2679,,12000.0,7296.501,7296.501,761520.0,463035.89,1
5129,688692.SH,达梦数据,20260825,237.5,0.9123,1.4017,0.39,52.0586,47.1939,6.9208,20.5954,18.4414,0.3939,0.6737,11324.0,7416.4708,4827.165,2689450.0,1761411.625,1
5130,688693.SH,锴威特,20260825,74.92,6.1191,7.79,0.81,,,7.1079,21.6855,20.1082,,,7368.4211,3890.4414,3055.9598,552042.0264,291471.7648,4
5131,688695.SH,中创股份,20260825,19.6,1.7687,2.2062,0.86,,,2.1894,11.2215,11.5309,0.7143,,8505.1378,5339.5478,4280.7266,166700.744,104655.18,1
5132,688696.SH,极米科技,20260825,69.71,0.9691,1.261,1.23,34.0273,37.2385,1.6308,1.4077,1.4148,,1.639,7002.0,7002.0,5380.7923,488109.42,488109.42,1
5133,688697.SH,纽威数控,20260825,14.4,0.9393,2.3904,0.62,30.3037,29.7856,4.8166,3.1865,3.0369,2.1259,2.2321,64026.6732,64026.6732,25159.8732,921984.048,921984.048,4
5134,688698.SH,伟创电气,20260825,44.42,1.0748,2.1833,0.73,36.3498,37.5429,3.99,4.9079,4.7113,0.9295,1.1155,21503.3174,21503.3174,10585.8294,955177.4744,955177.4744,1
5135,688699.SH,明微电子,20260825,58.56,3.0192,5.8485,0.77,,87.2369,5.025,9.6927,7.4693,,,11006.464,11006.464,5681.8599,644538.2976,644538.2976,4
5136,688700.SH,东威科技,20260825,55.14,2.649,3.822,0.63,136.0532,92.6688,8.4893,14.98,12.3837,0.1811,0.3626,29840.136,29840.136,20681.896,1645385.3196,1645385.3196,4
5137,688701.SH,卓锦股份,20260825,8.7,1.8023,3.5956,1.14,,,8.9913,9.2315,9.0581,,,13427.7372,13427.7372,6730.7755,116821.338,116821.338,1
5138,688702.SH,盛科通信,20260825,355.88,2.7396,4.8349,0.65,,,65.3768,126.8204,124.0788,,,41000.0,20299.1783,11502.1068,14591080.0,7224072.1784,1
5139,688707.SH,振华新材,20260825,10.39,1.6215,2.3638,1.26,,,1.3863,3.7003,3.8713,,,50874.0205,50874.0205,34897.3393,528581.0678,528581.0678,4
5140,688708.SH,佳驰科技,20260825,39.65,2.257,2.7026,2.51,36.0578,35.965,4.494,14.3405,14.1407,1.0076,1.2596,40047.76,14274.395,11920.795,1587894.0805,565979.96,4
5141,688709.SH,成都华微,20260825,25.0,1.2581,1.57,0.63,103.6498,246.3748,5.4695,20.9493,22.4994,0.08,0.196,63684.7026,22174.6251,17768.7247,1592117.75,554365.75,1
5142,688710.SH,益诺思,20260825,97.97,5.3949,6.5507,1.37,,579.1982,5.8366,17.0237,15.328,0.3266,,14097.9615,9069.3964,7469.1364,1381178.1209,888529.118,1
5143,688711.SH,宏微科技,20260825,25.32,3.9609,4.7971,0.82,320.667,323.9715,5.2192,4.0722,4.0381,,,21675.2529,21675.2529,17896.9491,548817.33,548817.33,1
5144,688712.SH,北芯生命,20260825,32.81,6.9764,6.9764,1.33,170.989,110.7514,7.5095,25.239,20.4254,,,41700.0,4560.0,4560.0,1368177.0,149613.6,1
5145,688716.SH,中研股份,20260825,27.5,1.6707,1.6707,0.74,281.9813,2402.3103,2.8377,10.8214,10.7843,0.7273,0.7273,12168.0,6992.717,6992.717,334620.0,192299.8,1
5146,688717.SH,艾罗能源,20260825,49.16,15.8549,15.9031,2.11,65.0477,,1.817,1.9269,1.4487,1.907,1.907,16000.0,9904.7808,9874.7108,786560.0,486918.9848,4
5147,688718.SH,唯赛勃,20260825,14.3,0.7698,2.1045,0.79,54.6379,49.3937,3.0799,5.9276,5.8846,0.807,0.807,17375.4389,17375.4389,6355.7859,248468.792,248468.792,1
5148,688719.SH,爱科赛博,20260825,49.17,2.7827,2.7827,0.65,,,3.3726,6.2842,6.0696,0.3301,,11538.5418,8972.2298,8972.2298,567350.0118,441164.5491,4
5149,688720.SH,艾森股份,20260825,64.6,5.1157,5.1157,0.78,154.6204,149.2245,7.5902,13.3679,12.6141,,0.1208,12263.7981,7818.9364,7818.9364,792241.48,505103.524,4
5150,688721.SH,龙图光罩,20260825,41.19,5.2492,5.2492,0.68,98.039,112.2913,4.4945,22.2935,21.6263,0.9711,,13350.0,5515.329,5515.329,549886.5,227176.4427,4
5151,688722.SH,同益中,20260825,13.65,0.8979,1.6681,0.8,27.943,29.8983,2.0904,3.1342,3.1408,0.4904,0.7327,22410.52,22410.52,12062.3867,305903.598,305903.598,1
5152,688726.SH,拉普拉斯,20260825,46.19,6.189,6.189,1.5,30.0579,34.5413,4.3578,3.4276,3.9754,0.801,0.6711,40532.6189,21992.4474,21992.4474,1872201.7178,1015831.2655,4
5153,688727.SH,恒坤新材,20260825,48.5,8.2034,8.2034,1.09,222.8397,229.0633,8.617,33.0742,33.0663,,,44931.96,5402.8245,5402.8245,2179200.06,262036.77,4
5154,688728.SH,格科微,20260825,15.26,0.7477,2.0602,0.59,785.6987,382.8741,5.0419,5.0997,4.8762,0.1425,,260058.6667,259879.1667,94322.1866,3968495.3042,3965756.1342,4
5155,688729.SH,屹唐股份,20260825,22.89,1.5685,2.3604,0.95,100.857,110.4426,7.4985,13.3271,13.6573,,0.1193,295556.0,174823.7067,116169.2665,6765276.84,4001714.7219,4
5156,688733.SH,壹石通,20260825,30.05,2.2932,3.1486,0.77,,,2.8688,9.528,8.6296,0.3298,0.3285,19977.519,19977.519,14550.2048,600324.476,600324.476,4
5157,688737.SH,中自科技,20260825,18.17,0.8487,1.5655,0.92,,,1.2244,1.2298,1.0448,,,11956.4509,11956.4509,6481.5327,217248.6965,217248.6965,1
5158,688739.SH,成大生物,20260825,20.94,0.5263,1.1914,0.51,66.1692,203.8624,0.934,6.2724,6.4084,3.7763,0.4716,41645.0,41645.0,18397.1551,872046.3,872046.3,1
5159,688750.SH,金天钛业,20260825,14.04,0.7546,1.0879,0.61,109.5529,109.1202,2.6246,10.5743,10.2353,0.5983,0.1638,46250.0,23291.8326,16155.2464,649350.0,327017.2932,1
5160,688755.SH,汉邦科技,20260825,26.81,1.0905,1.225,0.5,51.4166,40.2229,2.3866,4.1721,3.8147,0.2869,0.6312,11440.0,7986.7159,7109.6117,306706.4,214123.9632,4
5161,688757.SH,胜科纳米,20260825,30.98,3.651,4.1482,0.57,201.9198,216.2692,13.9536,23.5957,22.5793,0.6423,0.3615,40331.1486,18122.0347,15949.9405,1249458.7172,561420.4894,1
5162,688758.SH,赛分科技,20260825,26.35,2.7521,4.3403,0.65,86.7243,79.3406,7.9156,27.2349,25.3426,0.2543,0.363,41646.4084,29818.3672,18906.9519,1097382.9035,785714.0495,4
5163,688759.SH,必贝特,20260825,25.38,4.8257,4.8257,0.69,,,7.1703,,,,,45003.6657,7200.0,7200.0,1142193.1446,182736.0,1
5164,688765.SH,禾元生物,20260825,36.05,3.4056,3.4056,0.61,,,4.4927,269.2752,241.5884,,,35750.0,7197.0846,7197.0846,1288787.5,259454.734,1
5165,688766.SH,普冉股份,20260825,410.0,7.2003,11.6183,0.69,293.7948,61.3653,18.2399,26.2823,11.3486,0.0743,0.0291,14870.3553,14870.3553,9215.6314,6096847.6,6096847.6,4
5166,688767.SH,博拓生物,20260825,36.45,1.8284,4.0675,1.02,110.5142,179.5659,2.306,12.1497,12.1094,2.9372,1.9204,14933.3334,14933.3334,6712.5234,544319.8785,544319.8785,1
5167,688768.SH,容知日新,20260825,41.67,0.8524,1.3029,0.91,43.5188,54.0671,3.3915,5.6792,5.7934,1.0253,0.7199,8798.8713,8726.3549,5709.3702,366648.9129,363627.0045,1
5168,688772.SH,珠海冠宇,20260825,14.06,2.2355,2.959,1.14,33.932,38.9741,2.2213,1.1106,1.0294,2.103,2.0968,113827.9624,113827.9624,85995.1196,1600421.1176,1600421.1176,4
5169,688775.SH,影石创新,20260825,122.71,1.576,2.7975,1.0,52.9732,58.7774,8.4826,5.0513,4.5278,,0.1915,40100.0,25935.8231,14611.4097,4920671.0,3182584.4722,1
5170,688776.SH,国光电气,20260825,46.79,0.9184,2.1773,0.67,,,2.9701,18.3445,22.7841,0.3954,,10838.3419,10838.3419,4571.7589,507125.9286,507125.9286,1
5171,688777.SH,中控技术,20260825,88.8,1.2422,1.5652,0.81,159.1415,177.3874,7.0023,8.7032,8.8136,0.794,0.3108,79118.9527,78719.9115,62474.1208,7025762.76,6990328.008,1
5172,688778.SH,厦钨新能,20260825,45.51,0.9969,2.8756,0.91,30.4286,25.212,2.415,1.1554,0.8575,1.1692,1.0961,50469.1083,50469.1083,17496.7565,2296849.1961,2296849.1961,4
5173,688779.SH,五矿新能,20260825,8.04,1.1571,2.0267,0.52,68.0186,24.5238,2.1202,1.6607,1.0886,,0.5146,192921.9984,192921.9984,110146.3484,1551092.88,1551092.88,4
5174,688781.SH,视涯科技,20260825,37.26,3.662,3.662,0.65,,,9.1869,72.6258,39.3758,,,100000.0,4083.5097,4083.5097,3726000.0,152151.5826,1
5175,688783.SH,西安奕材,20260825,30.92,10.1652,10.1652,0.59,,,10.177,47.1265,45.9282,,,403780.0,26890.0,26890.0,12484877.6,831438.8,4
5176,688785.SH,恒运昌,20260825,268.95,3.2928,3.2928,0.72,159.9463,188.8948,8.1577,34.3898,35.5376,,0.2975,6770.1688,1354.4448,1354.4448,1820834.532,364276.638,4
5177,688786.SH,悦安新材,20260825,26.5,2.9469,4.7736,0.94,55.4557,56.5344,5.7858,10.4975,9.8221,0.6523,0.6262,17332.046,17332.046,10699.5396,459299.325,459299.325,4
5178,688787.SH,海天瑞声,20260825,100.28,1.7442,2.6297,0.51,428.4752,273.1131,8.0572,16.0474,14.9759,0.3463,0.099,6032.518,6032.518,4001.2143,604941.1056,604941.1056,4
5179,688788.SH,科思科技,20260825,30.43,1.7233,3.9653,0.88,,,4.0281,23.3564,29.1999,,,21890.4171,21890.4171,9513.61,666125.4806,666125.4806,4
5180,688789.SH,宏华数科,20260825,47.05,0.625,1.1826,0.57,16.0539,18.3765,2.3459,3.6834,3.8682,1.9043,1.8884,18025.6107,18025.6107,9525.4818,848104.9505,848104.9505,1
5181,688790.SH,昂瑞微,20260825,95.19,1.7384,1.7384,0.67,,,3.4864,5.0332,4.9442,,,9953.1688,1267.5773,1267.5773,947442.2523,120660.9402,1
5182,688793.SH,倍轻松,20260825,19.8,2.8149,6.209,0.8,,,7.5523,2.1606,2.1649,,,8500.3119,8500.3119,3853.7361,168306.138,168306.138,4
5183,688795.SH,摩尔线程,20260825,532.88,2.2747,2.2747,0.64,,,20.5695,166.3663,98.6069,,,47002.8217,3022.549,3022.549,25046862.7216,1610656.444,1
5184,688796.SH,百奥赛图,20260825,124.65,5.7889,5.7889,0.67,321.6279,191.7718,24.4134,40.4015,35.6512,,,44689.842,3860.7498,3860.7498,5570588.556,481242.4875,4
5185,688797.SH,臻宝科技,20260825,304.55,11.4496,11.4496,1.04,209.3281,190.8076,16.1609,54.5121,48.0266,,,15529.0296,2919.2698,2919.2698,4729366.0865,889063.6785,4
5186,688798.SH,艾为电子,20260825,54.91,2.4721,2.9547,1.27,40.3808,50.1295,3.0504,4.4861,4.5163,0.5998,0.7831,23312.895,13574.3554,11357.0554,1280111.0645,745367.855,1
5187,688799.SH,华纳药厂,20260825,43.0,1.7707,3.7609,0.74,24.1162,24.7942,2.7058,3.8202,3.9597,0.9794,0.4159,13363.7,13363.7,6292.02,574639.1,574639.1,4
5188,688800.SH,瑞可达,20260825,61.79,4.7336,7.9006,0.89,59.5833,70.4391,7.4421,5.655,5.6141,0.3094,0.3447,28838.7022,28838.7022,17278.4262,1781943.273,1781943.273,4
5189,688802.SH,沐曦股份,20260825,655.25,4.4962,4.4962,0.82,,,20.0149,159.4598,139.0366,,,40010.0,1852.8595,1852.8595,26216552.5,1214086.515,4
5190,688805.SH,健信超导,20260825,38.55,4.6675,4.6675,1.27,86.0908,69.9128,5.2877,11.1593,9.7891,,0.7782,16768.0,3353.6,3353.6,646406.4,129281.28,4
5191,688806.SH,泰诺麦博,20260825,24.11,6.912,6.912,0.46,,,703.1223,216.7649,146.1319,,,46054.619,5102.566,5102.566,1110376.8882,123022.9627,1
5192,688807.SH,优迅股份,20260825,339.01,16.7946,16.7946,0.79,307.7501,267.6101,14.9989,55.7893,49.7555,,0.1062,8000.0,1600.0,1600.0,2712080.0,542416.0,1
5193,688808.SH,联讯仪器,20260825,2209.0,2.9838,2.9838,0.57,1306.0091,830.0471,221.0249,189.9309,153.1661,,,10266.6667,1929.6144,1929.6144,22679051.94,4262508.49,4
5194,688809.SH,强一股份,20260825,421.7,5.5685,5.5685,0.83,138.3431,110.8458,13.0702,53.9817,45.1358,,0.2371,12955.93,2591.1906,2591.1906,5463515.681,1092704.823,4
5195,688811.SH,有研复材,20260825,21.03,3.3677,3.3677,0.55,153.1227,147.1783,13.0617,18.36,17.1374,,0.1997,50167.3605,9212.6097,9212.6097,1055019.5808,193741.1883,4
5196,688813.SH,泰金新能,20260825,107.31,8.5298,8.5298,0.57,84.1189,97.5844,9.5863,7.1693,7.8553,,0.4659,16000.0,3007.6976,3007.6976,1716960.0,322756.287,4
5197,688816.SH,易思维,20260825,48.18,1.2771,1.2771,0.69,61.4078,71.6552,2.6482,10.7627,10.5861,,0.4981,10000.0,2053.6018,2053.6018,481800.0,98942.448,1
5198,688818.SH,电科蓝天,20260825,45.33,3.9906,3.9906,0.47,240.7384,210.3722,14.4187,23.9572,22.4681,,0.1646,173692.389,14202.1019,14202.1019,7873476.0387,643781.193,1
5199,688819.SH,天能股份,20260825,21.96,0.1745,1.2577,0.86,13.4136,17.1303,1.2455,0.4662,0.4713,1.8627,2.4988,97210.0,97210.0,13490.0,2134731.6,2134731.6,1
5200,688820.SH,盛合晶微,20260825,121.12,4.1026,4.1026,0.47,245.1045,241.3125,11.6943,34.5965,33.4237,,,186277.4097,17290.2643,17290.2643,22561919.8992,2094196.2912,4
5201,688825.SH,长鑫科技,20260825,56.5,5.2596,5.2596,0.68,2015.4952,134.0183,46.238,61.1458,35.5155,,,6688088.6077,450303.8971,450303.8971,377877006.465,25442170.35,4
5202,688826.SH,频准激光,20260825,960.0,18.985,18.985,0.48,240.8386,230.6947,75.2123,91.8844,84.6022,,,4000.0,761.7762,761.7762,3840000.0,731308.8,4
5203,688828.SH,国仪公司,20260825,102.96,32.0508,32.0508,1.05,,,59.3642,61.8216,54.6536,,,40001.0,2603.9033,2603.9033,4118502.96,268097.544,1
5204,688835.SH,N高凯,20260825,235.0,80.9817,80.9817,,176.9802,127.3414,27.7415,46.0009,39.3927,,,9995.0708,1878.2785,1878.2785,2348841.45,441395.8,1
5205,688836.SH,C宇树,20260825,602.8,17.6867,17.6867,,876.3548,417.3169,84.6571,143.48,117.4543,,,40446.434,3008.772,3008.772,24381108.004,1813686.556,4
5206,688981.SH,中芯国际,20260825,120.0,1.5536,1.612,0.64,203.8051,203.6098,6.8577,15.2596,14.967,,,856105.9513,199956.2549,192709.1694,102732714.0,23994750.0,4
5207,689009.SH,九号公司,20260825,43.5,2.3783,2.3985,1.44,18.2061,20.9919,4.3515,1.5044,1.3397,3.4395,3.7502,73584.85,56223.139,55749.5173,3200940.975,2445706.5465,1
5208,920000.BJ,安徽凤凰,20260825,13.67,0.6475,1.1931,0.47,18.9516,20.4243,1.8356,2.9308,2.8781,1.0973,1.0973,9168.0,5759.3925,3125.645,125326.56,78730.8955,1
5209,920001.BJ,纬达光电,20260825,10.97,1.4275,2.8059,0.54,,,2.377,7.9191,7.5737,1.8232,0.9116,15364.6104,9005.2514,4581.2145,168549.7761,98787.6079,1
5210,920002.BJ,万达轴承,20260825,52.61,2.0794,3.3022,0.45,53.4729,52.2186,4.4111,9.49,8.9345,0.3879,0.4209,6370.4155,4459.7153,2808.2714,335147.5595,234625.6219,1
5211,920003.BJ,中诚咨询,20260825,15.32,1.3749,1.3749,0.44,13.6757,14.2971,2.3248,3.7565,3.9442,,6.5274,9060.0,1946.642,1946.642,138799.2,29822.5554,1
5212,920005.BJ,鼎佳精密,20260825,22.57,0.5931,0.988,0.47,31.3534,36.9999,2.9929,4.1528,3.8254,2.6584,4.5567,8300.0,3831.1723,2300.0,187331.0,86469.5588,1
5213,920006.BJ,晟楠科技,20260825,15.16,1.2877,1.7502,0.45,172.1748,575.8155,4.3553,12.1735,13.7149,0.7256,0.7256,9028.72,4779.7112,3516.5184,136875.3952,72460.4218,1
5214,920007.BJ,酉立智能,20260825,33.03,1.2059,1.2059,0.38,16.0912,27.0112,2.263,1.4265,1.3732,2.9696,3.6357,4453.245,1170.625,1170.625,147090.6824,38665.7438,1
5215,920008.BJ,成电光信,20260825,19.09,0.6877,0.7586,0.49,75.0552,60.7565,3.7378,7.1026,6.8326,,0.4191,6375.0,3406.8693,3088.1293,121698.75,65037.1349,1
5216,920009.BJ,丹娜生物,20260825,36.42,2.5099,2.5099,0.32,28.8944,30.1461,4.0568,11.6567,11.5602,,0.9806,7754.6,1008.0,1008.0,282422.532,36711.36,1
5217,920010.BJ,凯添燃气,20260825,8.52,2.8071,5.2314,0.74,72.9283,70.2687,2.854,4.2663,3.8222,0.5869,0.3521,23450.0,17422.3853,9348.6734,199794.0,148438.7228,1
5218,920011.BJ,晨光电机,20260825,18.32,2.6797,2.6797,0.37,16.1994,16.7454,1.7838,1.6461,1.6358,,,8266.6667,1860.0001,1860.0001,151445.3339,34075.2018,1
5219,920012.BJ,创达新材,20260825,53.46,6.0783,6.0783,0.56,40.1924,38.1253,3.1131,6.1099,5.6947,,,4931.738,1929.751,1929.751,263650.7135,103164.4885,4
5220,920014.BJ,特瑞斯,20260825,8.75,1.3816,1.9842,0.66,122.6382,113.6159,1.3556,2.0206,2.1334,2.2997,1.1329,12185.6743,6704.7298,4668.7712,106624.6501,58666.3858,1
5221,920015.BJ,锦华新材,20260825,39.5,2.5693,2.5693,0.65,27.5296,36.9934,3.1782,5.1873,6.1377,,1.0886,13556.6667,4001.244,4001.244,535488.3347,158049.138,1
5222,920016.BJ,中草香料,20260825,12.88,1.0071,1.1249,0.54,51.7889,43.7855,2.5253,4.1384,3.5612,0.5435,0.5435,7698.1929,3423.7218,3065.2576,99152.7246,44097.5368,1
5223,920017.BJ,星昊医药,20260825,16.59,1.4475,2.5567,0.54,19.9464,17.8416,1.2591,3.1614,3.1317,0.9446,3.6166,12389.2517,12256.9917,6939.3655,205537.6857,203343.4923,1
5224,920018.BJ,宏远股份,20260825,14.92,1.0954,1.0954,0.57,23.2185,22.7699,2.6442,0.9138,0.8676,0.5156,1.0311,16552.8433,5749.094,5749.094,246968.422,85776.4825,1
5225,920019.BJ,铜冠矿建,20260825,14.33,1.0394,2.9886,1.03,74.6924,83.885,3.2221,1.9939,1.8987,1.3957,0.6978,21026.67,16753.5666,5826.67,301312.1811,240078.6094,4
5226,920020.BJ,泰凯英,20260825,15.16,0.367,0.367,0.45,19.6042,18.7989,2.852,1.3213,1.2537,,1.5831,22494.5,5560.0901,5560.0901,341016.62,84290.9659,4
5227,920021.BJ,流金科技,20260825,6.62,2.9159,3.5244,0.9,203.108,132.326,3.1707,5.1599,5.4495,,0.2266,30899.9983,24755.4673,20480.9989,204557.9887,163881.1935,1
5228,920022.BJ,世昌股份,20260825,18.53,0.955,0.955,0.79,16.2293,16.6304,2.6593,1.6755,1.6731,3.1301,6.3681,6032.1,1661.5,1661.5,111774.813,30787.595,1
5229,920023.BJ,*ST田野,20260825,1.84,1.9449,2.1722,0.8,48.4635,,0.499,1.1214,1.1602,,,32730.4,26880.853,24068.333,60223.936,49460.7695,1
5230,920026.BJ,卓兆点胶,20260825,20.96,3.6056,7.1201,0.91,46.5785,56.9756,3.8046,6.3617,5.761,0.7497,1.7721,11490.8144,8662.2137,4386.4877,240847.4698,181559.9992,1
5231,920027.BJ,交大铁发,20260825,11.55,0.8748,1.1462,0.51,26.8804,25.4972,2.5772,3.268,3.1156,0.7992,1.7982,10296.455,7204.8925,5498.6425,118924.0553,83216.5084,1
5232,920028.BJ,新恒泰,20260825,13.78,0.922,0.922,0.42,20.3621,20.0671,1.998,2.7102,2.6461,,,16436.0,6495.96,6495.96,226488.08,89514.3288,1
5233,920029.BJ,开发科技,20260825,34.99,0.2553,0.8651,0.59,10.2471,12.9975,1.914,2.3973,2.6431,2.8771,3.0689,20694.1133,20136.4808,5943.1133,724087.0244,704575.4632,1
5234,920030.BJ,德众汽车,20260825,4.46,1.2747,1.9573,1.28,,,1.8184,0.3364,0.3798,0.3761,,17883.9681,11207.6478,7299.179,79762.4977,49986.1092,1
5235,920033.BJ,康普化学,20260825,14.83,1.3397,2.1904,1.57,79.964,46.1766,2.2907,7.1866,5.4765,,0.3372,11913.525,8283.2255,5066.073,176677.5758,122840.2342,1
5236,920035.BJ,精创电气,20260825,23.8,4.0224,4.0224,0.93,27.8409,26.263,2.8311,2.9999,2.6814,,1.7507,6942.0,1573.68,1573.68,165219.6,37453.584,1
5237,920036.BJ,觅睿科技,20260825,29.17,2.3315,2.3315,0.62,20.0583,23.3976,2.645,1.9802,1.9665,,0.6856,5442.1827,1306.1277,1306.1277,158748.4694,38099.745,1
5238,920037.BJ,广信科技,20260825,41.78,1.001,1.3701,1.0,27.0415,25.3157,5.8961,6.7249,6.3129,1.1215,2.243,12804.8071,7828.793,5719.4931,534984.8406,327086.9715,4
5239,920038.BJ,森合高科,20260825,37.82,14.3026,14.3026,1.09,14.5156,14.5156,4.854,4.7066,4.7066,,,10450.5201,3416.6081,3416.6081,395238.6702,129216.1183,4
5240,920039.BJ,国义招标,20260825,8.53,0.5253,1.6033,0.39,42.0624,44.9136,2.4136,4.7337,4.8165,2.3447,1.1723,15382.0,15381.99,5040.19,131208.46,131208.3747,4
5241,920045.BJ,蘅东光,20260825,481.44,8.1347,10.6579,1.17,150.5715,98.3415,34.3959,20.7067,15.2952,,0.0801,9530.0167,2817.8549,2150.7538,4588131.24,1356628.0631,1
5242,920046.BJ,亿能电力,20260825,19.76,3.7612,5.7774,0.7,135.883,130.2052,7.7368,9.5053,8.8062,0.4049,0.4049,10115.0,5592.7037,3640.9717,199872.4,110511.8251,4
5243,920047.BJ,诺思兰德,20260825,16.77,1.4507,1.5876,0.57,,,17.3171,69.2186,70.1475,,,27427.1974,18010.6427,16457.4419,459954.1004,302038.4781,4
5244,920050.BJ,爱伦医疗,20260825,29.09,0.9224,0.9224,0.52,20.9253,18.3852,1.8782,1.9912,1.6514,,3.4376,6767.9334,1810.2651,1810.2651,196879.1826,52660.6118,1
5245,920055.BJ,隆源股份,20260825,27.13,2.8307,2.8307,1.45,12.8966,12.3384,1.5067,1.7986,1.7372,,2.0273,6800.0,1530.0,1530.0,184484.0,41508.9,1
5246,920056.BJ,能之光,20260825,16.01,0.606,0.606,0.58,23.7671,22.5683,2.3741,2.1884,2.1842,,0.9182,8169.17,3084.3881,3084.3881,130788.4117,49381.0535,1
5247,920057.BJ,百甲科技,20260825,4.89,0.5611,0.6911,0.76,97.382,72.4634,1.2339,0.5745,0.5399,,0.3058,18126.3297,11653.2345,9460.9245,88637.7522,56984.3167,1
5248,920058.BJ,华洋赛车,20260825,28.56,1.2216,2.4002,0.29,30.9853,33.4774,4.4911,2.0517,2.0217,3.0214,2.1834,5605.611,2759.4388,1404.4357,160096.2502,78809.5721,4
5249,920059.BJ,双英集团,20260825,15.05,22.3162,22.3162,,17.5362,17.5362,2.9757,0.6114,0.6114,,,15208.624,3231.8326,3231.8326,228889.7912,48639.0806,1
5250,920060.BJ,万源通,20260825,20.78,1.394,1.7426,0.88,25.3338,27.5358,2.896,2.6778,2.6361,2.4062,2.4062,15204.4663,9482.4272,7585.3337,315948.8097,197044.8372,1
5251,920061.BJ,西磁科技,20260825,18.36,4.888,8.975,2.22,293.0212,232.4559,4.6848,13.479,12.6989,0.7734,0.3867,7079.0,3936.44,2143.8751,129970.44,72273.0384,1
5252,920062.BJ,科润智控,20260825,7.13,0.993,1.1414,0.76,85.368,,1.8072,0.956,0.9266,0.416,0.4208,18870.6277,13286.398,11559.2535,134547.5755,94732.0177,4
5253,920065.BJ,千岸科技,20260825,34.22,16.4502,16.4502,1.49,14.0695,14.3049,3.8623,1.559,1.5208,,,9025.0,1575.0,1575.0,308835.5,53896.5,1
5254,920066.BJ,科拜尔,20260825,17.06,1.8419,1.8419,0.6,37.9045,31.0365,2.5828,2.361,2.205,2.0935,0.5862,6285.3326,1987.3326,1987.3326,107227.7742,33903.8942,1
5255,920068.BJ,天工股份,20260825,15.88,0.9873,2.5073,1.12,74.393,113.9797,7.7564,16.4991,19.1732,0.6297,1.2594,65560.0015,17368.2539,6838.856,1041092.8238,275807.8719,1
5256,920069.BJ,普昂医疗,20260825,34.0,2.0458,2.0458,0.81,20.0419,18.4924,2.2731,4.7078,4.4407,,1.4998,5291.9828,1475.6441,1475.6441,179927.4152,50171.8994,1
5257,920072.BJ,科莱瑞迪,20260825,25.05,4.0077,4.0077,0.43,29.9637,29.9637,3.7907,6.0863,6.0863,,,7660.0,1446.5,1446.5,191883.0,36234.825,1
5258,920075.BJ,柏星龙,20260825,15.2,0.942,1.3156,0.58,45.4404,36.8135,2.4226,1.9112,1.741,3.0417,2.0364,6481.5,3512.8701,2515.2197,98518.8,53395.6255,1
5259,920076.BJ,国亮新材,20260825,12.75,0.8811,0.8811,0.55,18.8188,18.3653,1.496,1.4057,1.3372,,1.6807,11708.8287,3683.1935,3683.1935,149287.5659,46960.7171,1
5260,920077.BJ,吉林碳谷,20260825,13.55,0.8336,1.0461,0.73,44.4808,38.4483,2.9646,3.1316,2.7719,,0.738,58623.9853,30191.1506,24056.7335,794355.0008,409090.0906,1
5261,920078.BJ,族兴新材,20260825,21.4,10.7753,12.2332,1.18,31.3825,31.8814,2.5954,3.225,3.0399,,0.4673,12000.0,3898.78,3434.14,256800.0,83433.892,4
5262,920079.BJ,乔路铭,20260825,14.01,4.1505,4.1505,0.73,13.6631,13.6631,3.4287,1.8392,1.8392,,,41631.04,7260.1066,7260.1066,583250.8704,101714.0935,0
5263,920080.BJ,奥美森,20260825,21.04,0.7556,0.7556,0.55,23.4183,21.6034,3.1194,4.4319,4.2472,2.3764,4.7529,8300.0,2297.5701,2297.5701,174632.0,48340.8749,1
5264,920081.BJ,欧伦电气,20260825,44.24,17.9511,17.9511,1.97,13.8376,13.1094,3.0683,1.5772,1.3851,,,7260.0,1710.0,1710.0,321182.4,75650.4,1
5265,920082.BJ,方正阀门,20260825,7.86,1.3525,1.3525,1.12,27.8427,47.8376,3.0016,2.2008,2.5252,2.908,1.8175,20349.7,5722.4318,5722.4318,159948.642,44978.3139,1
5266,920083.BJ,金戈新材,20260825,42.89,19.3348,21.9058,0.92,66.6073,66.6073,8.6814,7.1747,7.1747,,,8926.9474,3802.3222,3356.0513,382876.774,163081.5992,4
5267,920086.BJ,科马材料,20260825,20.13,1.613,1.613,0.74,18.7757,18.1588,1.956,6.0975,5.8286,,2.4839,8368.0,2737.21,2737.21,168447.84,55100.0373,1
5268,920087.BJ,秋乐种业,20260825,16.27,17.0579,33.9405,0.94,214.652,296.8542,4.971,8.1153,8.1015,0.9219,0.4302,16520.0,16404.6125,8244.6725,268780.4,266903.0454,1
5269,920088.BJ,科力股份,20260825,44.09,15.648,16.6815,0.8,68.6408,83.5413,5.5411,8.6977,8.4017,0.1814,0.2268,8807.15,3256.623,3054.8484,388307.2435,143584.5081,4
5270,920089.BJ,禾昌聚合,20260825,9.84,0.5738,0.6564,0.76,11.5905,12.447,1.4657,0.9789,0.9791,0.7817,0.9381,19586.84,11156.1776,9753.1001,192734.5056,109776.7876,1
5271,920090.BJ,*ST同辉,20260825,3.76,1.4913,1.4913,0.62,,,21.6269,22.4904,40.9886,,,19933.3546,13491.2672,13491.2672,74949.4133,50727.1647,4
5272,920091.BJ,大鹏工业,20260825,28.17,2.3114,2.3114,0.4,45.3319,50.7185,3.6726,7.2497,7.3832,,1.136,6146.52,1450.02,1450.02,173147.4684,40847.0634,1
5273,920092.BJ,汉鑫科技,20260825,27.89,6.2647,9.8289,0.92,,,4.9335,16.4169,21.0482,0.1775,,6207.97,3295.6659,2100.5823,173140.2833,91916.122,1
5274,920093.BJ,信胜科技,20260825,19.58,28.0909,28.0909,,12.3946,12.3946,4.2447,1.8621,1.8621,,,14100.0,2520.0,2520.0,276078.0,49341.6,1
5275,920096.BJ,嘉晨智能,20260825,33.29,3.6834,3.6834,0.39,32.2474,30.6355,3.3076,5.7294,5.2397,,,6900.0,1620.0,1620.0,229701.0,53929.8,1
5276,920098.BJ,科隆新材,20260825,16.64,0.7171,0.774,0.55,23.008,24.1769,1.4211,2.794,2.7534,1.8029,1.8029,8132.0369,5537.5664,5130.9646,135317.094,92145.1049,1
5277,920099.BJ,瑞华技术,20260825,17.89,0.7096,0.8507,0.53,15.7602,27.4392,1.9064,2.8968,3.3673,0.9316,0.9316,9407.9997,5893.3446,4915.8691,168309.1146,105431.9349,1
5278,920100.BJ,三协电机,20260825,31.87,3.7799,3.7799,0.54,54.5246,60.8837,7.0921,5.979,5.0115,1.1206,1.7482,10333.302,2739.8193,2739.8193,329322.3347,87318.0411,1
5279,920101.BJ,志高机械,20260825,16.1,0.1629,0.1746,0.36,17.8976,18.9242,1.8718,2.2186,2.3245,,0.8873,12480.7443,10213.7816,9532.4147,200939.9832,164441.8838,1
5280,920106.BJ,林泰新材,20260825,34.72,0.733,1.0609,0.66,13.9163,17.592,3.2816,4.6759,5.1685,1.2177,1.7281,5659.35,4366.1878,3016.6871,196492.632,151594.0404,4
5281,920107.BJ,恒兴股份,20260825,21.01,12.265,12.265,0.42,15.8595,15.8595,2.5741,2.1641,2.1641,,,8388.0,1887.3,1887.3,176231.88,39652.173,1
5282,920108.BJ,宏海科技,20260825,8.96,0.3691,0.453,0.55,83.8396,64.1099,3.2175,3.0085,2.6751,0.853,0.1228,17220.0,7296.765,5944.89,154291.2,65379.0144,1
5283,920110.BJ,雷特科技,20260825,25.69,0.4103,0.6191,0.73,22.156,25.392,2.7558,4.9771,4.8862,3.8926,1.9463,3900.0,1623.9,1076.2,100191.0,41717.991,1
5284,920111.BJ,聚星科技,20260825,28.53,3.1939,5.1093,0.58,36.8991,17.7306,4.0166,3.5856,2.1807,0.701,0.3505,15515.45,7528.8125,4706.325,442655.7885,214797.0206,4
5285,920112.BJ,巴兰仕,20260825,15.49,0.5635,0.5635,0.8,12.5774,12.4938,1.9884,1.6424,1.5779,2.3056,2.7668,11879.0,3484.9755,3484.9755,184005.71,53982.2705,1
5286,920116.BJ,星图测控,20260825,43.9,0.6322,1.8626,0.44,97.3878,96.7003,16.3347,30.5687,30.5209,0.1732,0.2083,22368.5,22368.5,7592.1517,981977.15,981977.15,1
5287,920117.BJ,龙鑫智能,20260825,29.67,16.3961,16.3961,0.73,22.5608,22.5608,3.961,4.2021,4.2021,,,8984.0012,2021.4003,2021.4003,266555.3156,59974.9469,4
5288,920118.BJ,太湖远大,20260825,20.76,2.389,2.7255,0.91,41.7322,18.8778,1.796,0.6742,0.627,4.741,1.4451,5171.1,3133.91,2746.91,107352.036,65059.9716,1
5289,920119.BJ,美德乐,20260825,50.8,1.7384,1.7384,1.36,18.9042,18.1234,2.5389,3.7473,3.374,,0.703,10097.2573,2757.0337,2757.0337,512940.6708,140057.312,4
5290,920121.BJ,江天科技,20260825,28.73,1.7658,1.7658,1.13,17.3309,16.6958,2.3403,3.1249,3.0299,,1.7403,6606.8183,1192.5274,1192.5274,189813.8898,34261.3122,1
5291,920122.BJ,中纺标,20260825,22.22,1.6767,3.3277,0.41,95.1624,86.9893,6.0226,10.5619,10.4354,1.2197,0.8782,9224.2108,3737.5138,1883.1394,204961.964,83047.5566,4
5292,920123.BJ,芭薇股份,20260825,10.56,1.7754,2.24,1.29,30.4682,29.4241,2.7582,1.3992,1.2985,2.1853,1.8939,11154.0,6498.4896,5150.6229,117786.24,68624.0502,1
5293,920124.BJ,南特科技,20260825,12.35,0.5291,0.5861,0.36,18.5114,20.607,1.7008,1.6784,1.6864,,1.2146,14873.3315,7658.1409,6914.4744,183685.644,94578.0401,1
5294,920125.BJ,鸿仕达,20260825,117.86,4.8388,4.8388,0.64,94.8945,75.0785,9.379,9.9638,8.9416,,,5616.0,2289.8519,2289.8519,661901.76,269881.9449,4
5295,920126.BJ,永大股份,20260825,10.05,2.7711,2.7711,0.54,17.0972,17.0972,2.4127,2.5728,2.5728,,,18608.0,4466.8,4466.8,187010.4,44891.34,1
5296,920128.BJ,胜业电气,20260825,17.33,2.0058,2.0058,0.67,75.5811,128.3049,2.7409,2.5524,2.4954,2.3081,0.577,8119.0,2430.0,2430.0,140702.27,42111.9,1
5297,920130.BJ,立方控股,20260825,16.74,2.8828,5.3173,0.56,,,3.3089,4.4693,4.4304,,,9224.3236,5729.5119,3106.2915,154415.1771,95912.0292,1
5298,920132.BJ,泰鹏智能,20260825,8.44,1.1757,1.3556,0.81,49.4693,42.8989,3.4206,3.0628,2.3629,0.8203,0.9114,10767.12,3656.0193,3170.9453,90874.4928,30856.8029,1
5299,920136.BJ,永励精密,20260825,21.44,11.3869,11.3869,1.59,15.7271,15.7271,2.2065,3.1762,3.1762,,,8000.0,2100.0,2100.0,171520.0,45024.0,1
5300,920138.BJ,杰理科技,20260825,37.87,7.8121,7.8121,0.52,27.5285,26.7165,3.5151,5.8466,5.6754,,,43295.5,3461.3757,3461.3757,1639600.585,131082.2978,1
5301,920139.BJ,华岭股份,20260825,14.8,0.8043,1.4315,0.61,,,3.8544,12.6122,12.5464,,,26950.7392,26035.9469,14629.3093,398870.9402,385332.0141,1
5302,920145.BJ,恒合股份,20260825,9.59,1.171,1.8898,1.29,,,2.6839,12.1372,15.8565,,,7055.0,4883.225,3025.925,67657.45,46830.1278,4
5303,920146.BJ,华阳变速,20260825,5.0,1.4416,1.6936,1.25,,,3.6814,2.1418,2.87,,,13499.0443,10859.3142,9243.2533,67495.2215,54296.571,1
5304,920149.BJ,旭杰科技,20260825,7.67,1.8721,2.6903,1.89,,,4.8,1.2594,1.358,,,7648.318,6326.7003,4402.5816,58662.5991,48525.7913,4
5305,920152.BJ,昆工科技,20260825,12.52,0.9639,1.1757,0.76,,,9.3036,2.1796,2.3321,,,11010.37,8210.1933,6731.0108,137849.8324,102791.6201,4
5306,920156.BJ,海昌智能,20260825,37.5,4.3646,4.3646,0.77,25.3814,17.5724,3.1367,3.6681,2.9465,,,10412.0,2170.8,2170.8,390450.0,81405.0,4
5307,920158.BJ,长江能科,20260825,8.03,1.5058,1.5058,0.68,29.4476,28.1923,2.8621,5.4403,4.8255,,3.1133,19961.2,5339.516,5339.516,160288.436,42876.3135,1
5308,920159.BJ,农大科技,20260825,29.36,9.3905,9.3905,0.78,15.6722,20.38,2.0316,0.9496,0.9082,,2.7248,7600.0,1532.0,1532.0,223136.0,44979.52,1
5309,920160.BJ,北矿检测,20260825,20.43,1.0817,1.0817,0.69,29.9692,27.5119,4.1357,12.3503,11.7355,,1.2237,11328.0,2548.8,2548.8,231431.04,52071.984,1
5310,920161.BJ,龙辰科技,20260825,26.58,10.5768,10.5768,0.66,42.2541,42.2541,5.0655,5.627,5.627,,,13599.3941,3689.884,3689.884,361471.8952,98077.1167,4
5311,920163.BJ,方大新材,20260825,11.26,0.8943,1.4858,0.91,32.6353,26.025,2.7839,1.7815,1.7119,0.9775,0.8886,12864.016,6068.1535,3652.6785,144848.8202,68327.4084,1
5312,920165.BJ,珈凯生物,20260825,37.98,16.2842,16.2842,1.11,27.6668,24.5044,3.8109,6.9804,6.286,,,4827.4349,960.5041,960.5041,183345.9775,36479.9457,1
5313,920166.BJ,海圣医疗,20260825,20.46,1.5447,1.5447,0.62,17.9514,19.0225,2.3989,4.4616,4.3765,,,7529.4118,2376.4707,2376.4707,154051.7654,48622.5905,1
5314,920167.BJ,同享科技,20260825,14.64,1.3533,2.4694,0.9,74.2341,26.1977,2.4209,0.4982,0.4593,0.2656,0.2049,11002.65,6536.3812,3582.0462,161078.796,95692.6208,1
5315,920168.BJ,通宝光电,20260825,15.24,1.5302,1.5341,1.36,14.3113,16.2885,1.4006,1.5984,1.7112,,3.2808,7517.34,2817.4514,2810.2013,114564.2616,42937.9593,1
5316,920169.BJ,七丰精工,20260825,19.65,5.5152,8.8731,0.47,55.0031,57.1629,4.7144,7.6185,7.7847,0.5149,,8080.009,5084.1586,3160.1267,158772.1769,99903.7165,4
5317,920171.BJ,志晟信息,20260825,15.91,1.3333,2.1791,0.77,324.9838,456.6158,7.2779,6.6012,5.726,,,10023.3235,6763.198,4138.2747,159471.0769,107602.4802,1
5318,920174.BJ,五新智能,20260825,28.72,1.0848,1.2441,0.48,31.3109,27.1984,2.335,4.4481,3.7431,,1.0422,21690.4891,5579.363,4865.0773,622950.847,160239.3054,1
5319,920175.BJ,东方碳素,20260825,7.72,0.8279,0.9936,0.61,,,1.4188,3.8885,4.1511,,,11900.0,7927.586,6605.257,91868.0,61200.9639,1
5320,920176.BJ,维琪科技,20260825,60.78,42.2848,42.2848,2.27,39.3596,38.5835,5.5748,12.9881,13.4523,,,5883.0,794.7,794.7,357568.74,48301.866,1
5321,920177.BJ,恒道科技,20260825,24.5,1.0563,1.0563,0.41,16.1835,15.9961,3.0378,4.3103,4.0521,,,5232.0,1852.8506,1852.8506,128184.0,45394.8397,1
5322,920178.BJ,锐翔智能,20260825,89.3,4.5214,5.456,0.85,45.0595,45.0595,10.2303,9.852,9.852,,,6593.8073,1925.5214,1595.6786,588826.9919,171949.061,4
5323,920179.BJ,凯德石英,20260825,49.99,3.9673,5.4449,0.68,154.1407,235.5366,4.945,13.275,14.2732,0.2417,0.2417,7445.6858,5971.8474,4351.262,372209.8331,298532.6515,4
5324,920180.BJ,爱得科技,20260825,11.83,1.0085,1.0085,0.7,17.9723,21.4955,1.8149,4.6325,4.9107,,2.5359,11812.3046,3566.9474,3566.9474,139739.5634,42196.9877,1
5325,920181.BJ,赛英电子,20260825,76.0,6.9603,6.9603,0.82,37.2761,35.8656,6.5992,5.4718,5.378,,,4320.0,1002.0,1002.0,328320.0,76152.0,4
5326,920183.BJ,海菲曼,20260825,27.83,0.8756,0.8756,0.48,18.208,18.2157,2.8416,5.6902,5.4913,,3.5932,4895.2,1124.9827,1124.9827,136233.416,31308.2685,1
5327,920184.BJ,国源科技,20260825,10.8,0.8841,1.2115,0.71,65.4019,66.2207,2.2554,5.8656,5.6665,,0.9259,13172.7418,8936.7852,6521.5597,142265.6114,96517.2802,1
5328,920185.BJ,贝特瑞,20260825,21.12,0.3324,1.2479,0.96,27.4702,27.9703,1.8651,1.4155,1.3428,1.8604,1.4089,113819.0398,111945.9717,29820.9506,2403858.1206,2364298.9223,1
5329,920186.BJ,中科仪,20260825,72.96,2.1798,2.1798,0.61,19.353,16.3489,6.1729,12.6481,11.9823,,,22383.91,11707.5743,11707.5743,1633130.0736,854184.6209,4
5330,920187.BJ,通领科技,20260825,20.1,6.7063,6.7476,4.81,12.2897,14.3497,1.4265,1.8723,1.9291,,1.7156,9048.0,3319.5265,3299.2365,181864.8,66722.4827,1
5331,920188.BJ,悦龙科技,20260825,21.25,1.0698,1.0698,0.42,19.5354,19.0737,2.2133,6.1107,5.7677,,2.3529,8299.3198,1979.3879,1979.3879,176360.5458,42061.9929,1
5332,920189.BJ,康美特,20260825,21.08,4.5544,5.5839,0.67,34.9352,30.0292,4.719,6.3516,5.7406,,,14141.0,8486.74,6922.0,298092.28,178900.4792,1
5333,920190.BJ,雷神科技,20260825,26.34,6.9118,12.7174,1.48,115.0503,91.4251,3.0798,0.8742,0.858,0.4556,0.4746,10000.0001,9944.3051,5404.6233,263400.0026,261932.9963,1
5334,920191.BJ,瑞尔竞达,20260825,8.61,1.4856,1.4856,0.58,16.4878,18.686,1.4698,3.1976,3.1367,,,17739.54,3991.5,3991.5,152737.4394,34366.815,1
5335,920193.BJ,吉和昌,20260825,31.85,10.2203,10.2203,0.56,54.2832,38.8473,4.5703,6.7022,5.9934,,,11133.08,2520.0,2520.0,354588.598,80262.0,4
5336,920195.BJ,三祥科技,20260825,12.22,0.6137,1.1098,0.69,10.7134,11.7149,1.4253,1.055,1.0811,1.6367,1.6367,9803.0,7075.8985,3912.9068,119792.66,86467.4797,1
5337,920198.BJ,微创光电,20260825,7.55,1.1373,1.1639,0.33,,37.0405,2.8037,7.0697,6.3949,,,16136.3872,7046.6003,6885.6003,121829.7234,53201.8323,1
5338,920199.BJ,倍益康,20260825,25.88,3.6189,6.9648,1.02,443.7649,286.7537,3.3471,6.4543,6.459,,,6810.93,3792.6755,1970.6938,176266.8684,98154.4419,1
5339,920200.BJ,振宏股份,20260825,26.89,1.6346,1.6346,0.47,18.7678,20.4192,2.2854,2.0578,1.9902,,,10156.0,4436.9,4436.9,273094.84,119308.241,1
5340,920204.BJ,沪江材料,20260825,12.56,0.3318,0.5186,0.34,56.4792,48.4309,2.363,3.6772,3.5134,0.4777,0.6369,9428.7797,4999.0743,3198.0078,118425.473,62788.3732,1
5341,920206.BJ,彩客科技,20260825,46.5,22.5399,28.1684,1.75,22.7323,22.8079,3.7687,6.5661,6.3229,,,7154.6227,2752.5103,2202.5103,332689.9556,127991.729,4
5342,920207.BJ,众诚科技,20260825,20.75,1.6735,2.497,0.39,2436.1066,83.8436,6.5715,4.5915,4.0521,,0.7229,9219.5,5631.4468,3774.27,191304.625,116852.5211,1
5343,920208.BJ,青矩技术,20260825,12.05,1.0305,1.1704,1.16,11.8916,11.3521,2.1436,2.3216,2.323,4.2587,4.7421,18624.2425,16125.7101,14197.9201,224422.1221,194314.8067,1
5344,920211.BJ,新睿电子,20260825,103.4,2.6082,4.101,0.3,60.2382,60.2382,13.6986,11.1718,11.1718,,,3440.0,1159.6671,737.5569,355696.0,119909.5781,1
5345,920212.BJ,智新电子,20260825,9.61,0.9955,1.7166,0.81,96.6085,83.648,2.4009,2.0436,1.9092,0.6243,0.3746,10610.0,5160.2263,2992.4167,101962.1,49589.7747,1
5346,920218.BJ,新天力,20260825,16.49,3.1881,3.1881,0.44,20.2802,20.2802,2.6072,1.4607,1.4607,,,9367.124,2107.6229,2107.6229,154463.8748,34754.7016,1
5347,920220.BJ,朗信电气,20260825,39.93,2.2777,2.2777,0.4,20.0852,20.0852,3.4025,1.873,1.873,,,6620.6262,2073.5837,2073.5837,264361.6042,82798.1971,1
5348,920221.BJ,易实精密,20260825,12.58,0.9645,1.6041,0.6,25.7342,28.0665,3.4312,4.2711,4.1495,2.5914,0.7949,11865.0,6193.0908,3723.8751,149261.7,77909.0823,1
5349,920222.BJ,益坤电气,20260825,25.1,6.5579,6.5579,0.47,36.3899,36.3899,6.2969,5.7645,5.7645,,,8564.71,1156.259,1156.259,214974.221,29022.1009,1
5350,920223.BJ,荣亿精密,20260825,11.34,3.5175,5.4479,1.83,,,7.4749,4.1028,3.74,,,15728.5,8167.525,5273.4809,178361.19,92619.7335,1
5351,920225.BJ,利通科技,20260825,14.78,1.4148,1.716,0.57,22.5368,32.8578,2.5319,4.0653,4.2431,1.3532,0.6766,12691.8894,8278.2154,6825.4768,187586.1253,122352.0236,1
5352,920227.BJ,美登科技,20260825,47.34,0.6838,1.1201,0.44,42.5523,42.0307,4.3039,11.8781,11.7376,2.1124,2.1124,3894.15,1771.8217,1081.6034,184349.061,83878.0393,1
5353,920230.BJ,欧康医药,20260825,10.44,2.5079,4.0459,0.43,91.2664,87.2283,2.487,3.162,3.1894,0.7366,1.4368,10047.4603,4724.7748,2928.6622,104895.4855,49326.6489,1
5354,920237.BJ,力佳科技,20260825,11.96,1.3076,3.4602,1.42,27.0412,28.5351,2.1477,3.2565,3.3654,1.7541,0.7601,9503.208,9323.3498,3523.1936,113658.3677,111507.2636,4
5355,920238.BJ,长鹰硬科,20260825,70.65,15.5386,15.5386,1.21,53.9529,53.9529,8.7362,5.5332,5.5332,,,9523.8257,1940.6941,1940.6941,672858.2857,137110.0382,1
5356,920239.BJ,长虹能源,20260825,21.82,0.8164,2.1368,1.54,15.9227,15.4166,3.4523,0.8858,0.8421,1.6368,1.8332,18207.4204,17987.998,6872.5676,397285.9131,392498.1164,4
5357,920242.BJ,建邦科技,20260825,13.59,0.4927,0.6589,0.55,14.9585,15.1304,1.86,1.6412,1.6058,2.0566,3.6562,9421.37,5273.3065,3943.0449,128036.4183,71664.2353,1
5358,920245.BJ,威博液压,20260825,12.84,0.8564,1.6604,0.47,68.7628,56.0742,2.4966,2.6085,2.5475,0.8405,1.1126,6907.32,5319.4347,2743.482,88689.9888,68301.5415,1
5359,920247.BJ,华密新材,20260825,13.85,0.8127,1.9441,0.51,60.2455,56.0298,5.4317,5.9689,5.5498,0.6665,0.6739,18905.2999,13714.3415,5733.0125,261838.4036,189943.6298,1
5360,920249.BJ,利尔达,20260825,9.09,2.4539,2.4539,0.39,90.5466,48.4261,4.7139,1.576,1.3486,,,42163.0,12466.9576,12466.9576,383261.67,113324.6446,1
5361,920252.BJ,天宏锂电,20260825,15.98,4.2421,6.9776,1.33,180.5882,195.5959,6.1778,4.1104,4.1548,0.3692,0.4318,10265.0665,6823.1239,4148.1979,164035.7627,109033.5199,4
5362,920258.BJ,聚仁新材,20260825,11.53,6.1681,6.1681,0.53,37.8677,37.8677,5.6893,7.2627,7.2627,,,40000.0,3600.0,3600.0,461200.0,41508.0,1
5363,920260.BJ,中寰股份,20260825,7.89,0.4335,1.0086,0.74,19.439,25.2061,1.8076,2.6548,2.7044,2.5349,2.5349,10355.0,9896.0709,4253.7409,81700.95,78079.9994,1
5364,920261.BJ,一诺威,20260825,13.67,0.38,0.5865,0.47,21.3184,18.6606,2.4424,0.5306,0.4655,2.1309,2.9261,29113.2748,16024.6197,10382.3388,397978.4665,219056.5513,1
5365,920262.BJ,太湖雪,20260825,13.58,0.8464,1.4163,0.56,29.1325,24.1002,2.9684,1.8769,1.7487,1.6521,0.6136,8293.7022,3855.6499,2304.1196,112628.4759,52359.7256,1
5366,920263.BJ,中航泰达,20260825,6.84,0.7298,1.1663,1.6,,,1.7927,3.0713,3.2665,2.0892,,14124.2896,10254.9192,6416.6208,96610.1409,70143.6473,1
5367,920266.BJ,生物谷,20260825,7.47,1.8831,3.3896,0.4,,,1.0569,2.1392,2.1731,,,12400.0007,11849.0457,6582.7957,92628.0052,88512.3714,1
5368,920267.BJ,鑫汇科,20260825,15.58,1.665,2.3841,0.4,,,3.0675,1.4387,1.5126,1.2837,,4748.2941,2717.7048,1897.9798,73978.4221,42341.8408,1
5369,920270.BJ,天铭科技,20260825,12.34,1.0648,3.0017,0.47,35.7917,39.4953,3.1105,6.0655,5.7977,4.0519,0.5673,10461.6,8128.2067,2883.3177,129096.144,100302.0707,4
5370,920271.BJ,邦德股份,20260825,8.68,2.5398,4.3565,2.16,11.3464,15.8647,1.811,2.9869,3.3594,2.0947,2.3041,13082.3,5789.0431,3374.9448,113554.364,50248.8941,4
5371,920273.BJ,一致魔芋,20260825,17.41,2.1187,3.615,0.47,26.885,32.2381,2.6347,2.4265,2.2827,2.051,2.8719,10303.7904,6859.0204,4019.9504,179388.9909,119415.5452,1
5372,920274.BJ,宏裕包材,20260825,15.45,0.8913,2.799,0.7,68.1663,54.6941,2.5357,2.0261,1.876,0.6398,0.9597,8133.3334,8133.3334,2589.8957,125660.001,125660.001,4
5373,920275.BJ,驱动力,20260825,6.34,0.3443,0.924,0.39,228.7214,442.049,4.4157,13.1623,13.2044,0.9464,0.3943,15937.76,13191.4521,4914.9052,101045.3984,83633.8063,1
5374,920278.BJ,鹿得医疗,20260825,6.27,0.7278,0.9074,0.44,56.2401,79.2808,2.8418,3.6459,3.6387,3.1898,1.5949,17450.0,9864.53,7912.68,109411.5,61850.6031,1
5375,920284.BJ,灵鸽科技,20260825,15.94,5.2506,6.393,1.45,,,5.3277,7.0987,5.8803,,,10478.5645,6706.0701,5507.7312,167028.3181,106894.7574,4
5376,920299.BJ,灿能电力,20260825,14.61,1.4177,2.0169,0.65,52.8647,63.4295,4.6883,10.4879,10.4535,0.7529,1.1362,9010.9276,4541.4765,3192.275,131649.6522,66350.9717,4
5377,920300.BJ,辰光医疗,20260825,9.46,1.7373,2.1576,0.95,,,5.0641,9.0295,9.0695,,,8584.7126,6653.1656,5357.1221,81211.3812,62938.9466,4
5378,920304.BJ,迪尔化工,20260825,9.7,4.337,7.5492,1.5,28.1558,34.2582,3.1122,2.2652,1.9459,1.9737,1.5464,16953.8,13542.9848,7780.467,164451.86,131366.9526,4
5379,920339.BJ,恒太照明,20260825,10.43,0.5661,1.3555,0.91,57.5029,85.7348,3.9424,4.1457,4.4294,0.9561,0.9561,22020.38,15117.7135,6314.1501,229672.5634,157677.7518,4
5380,920344.BJ,三元基因,20260825,24.3,7.2184,15.6323,1.26,576.1564,160.3747,4.7207,10.3497,9.8316,,,12181.0,11372.8159,5251.5642,295998.3,276359.4264,4
5381,920346.BJ,威贸电子,20260825,14.41,0.3944,0.6236,0.51,23.978,24.7515,2.3901,4.0321,4.0703,2.3602,2.3595,8065.3103,4487.8268,2838.4243,116221.1214,64669.5842,1
5382,920351.BJ,华光源海,20260825,12.62,5.3719,5.3719,0.58,60.2454,78.0652,2.4589,0.5724,0.6041,0.7924,0.7924,8803.5439,3984.034,3984.034,111100.724,50278.5091,4
5383,920357.BJ,雅葆轩,20260825,15.15,0.9594,1.4657,0.43,23.9579,21.168,3.7194,2.6343,2.4134,2.5387,0.5077,10410.4,6295.588,4120.6866,157717.56,95378.1582,1
5384,920363.BJ,莱赛激光,20260825,10.05,0.5764,0.8009,0.4,263.0813,244.2619,3.5737,6.4165,6.2169,,1.1462,12402.2,7051.2401,5074.646,124642.11,70864.963,1
5385,920367.BJ,新赣江,20260825,27.45,15.5084,31.3285,0.81,133.2795,157.1216,4.0167,13.7919,13.6399,0.3643,0.1093,7086.125,4199.2578,2078.7373,194514.1313,115269.6266,1
5386,920368.BJ,连城数控,20260825,23.18,0.9135,1.4523,0.59,64.2255,313.7066,1.2853,2.4893,2.8795,0.6471,0.1726,23478.044,22336.9034,14049.5954,544221.0599,517769.4208,1
5387,920370.BJ,新安洁,20260825,2.85,1.1261,2.1693,1.3,,,1.5186,2.1705,2.2485,,,30028.3343,26238.62,13619.9289,85580.7528,74780.067,1
5388,920371.BJ,欧福蛋业,20260825,7.21,2.9492,10.0915,0.86,17.1157,28.012,2.4492,1.6364,1.6,1.387,1.387,20544.5536,19480.9604,5693.1425,148126.2315,140457.7245,1
5389,920374.BJ,云里物里,20260825,14.6,0.9372,1.0801,0.69,80.8336,92.3613,4.7455,5.0879,5.0594,0.71,0.5871,8559.39,3492.4888,3030.4334,124967.094,50990.3365,1
5390,920375.BJ,派诺科技,20260825,6.83,1.0646,1.2409,0.47,106.2879,183.6848,1.3506,1.4676,1.4189,,0.5229,15211.539,9088.2663,7796.8307,103894.8114,62072.8588,1
5391,920378.BJ,泰德股份,20260825,6.89,0.2443,0.3798,0.37,41.9979,48.0495,2.7614,2.6328,2.606,1.4514,1.4514,15552.6,10973.3804,7056.7404,107157.414,75606.591,1
5392,920392.BJ,佳合科技,20260825,13.53,0.4074,0.5235,0.31,50.4688,57.2301,3.0369,1.4056,1.3651,0.5625,0.7392,7666.87,3603.99,2804.5603,103732.7511,48761.9847,1
5393,920394.BJ,民士达,20260825,42.28,0.5866,1.7627,0.53,48.5485,50.6311,7.3516,13.886,14.0985,0.473,0.473,14625.0,14517.2812,4831.2812,618345.0,613790.6491,4
5394,920395.BJ,朗鸿科技,20260825,6.88,0.3692,0.6127,0.83,25.5839,29.1001,4.1964,6.2011,6.5843,2.6229,2.8842,15258.5704,10508.8024,6332.7244,104978.9644,72300.5605,1
5395,920396.BJ,常辅股份,20260825,19.25,1.1163,1.6598,0.52,34.0255,34.0567,3.852,5.3801,5.2333,1.0786,1.039,7222.1136,4971.6911,3343.5522,139025.6868,95705.0537,1
5396,920402.BJ,硅烷科技,20260825,8.59,0.9539,1.9211,0.33,,,2.4658,7.6494,10.1751,0.2328,,42206.0067,27287.3277,13548.5549,362549.5976,234398.1449,1
5397,920403.BJ,康农种业,20260825,21.0,12.1316,15.6581,0.85,30.2267,27.2228,4.0703,6.3465,6.0869,0.6184,0.8658,10929.7188,6500.2938,5036.3313,229524.0948,136506.1698,1
5398,920405.BJ,海希通讯,20260825,17.29,1.4076,2.6961,0.91,29.9639,46.8074,2.8266,3.9447,4.9075,1.2782,0.642,13647.0283,10629.0539,5549.4521,235957.1193,183776.3419,1
5399,920407.BJ,驰诚股份,20260825,10.5,0.81,1.303,0.29,62.2451,61.1256,4.2144,4.2968,3.9876,0.5635,0.7326,11099.92,4518.9164,2809.1519,116549.16,47448.6222,1
5400,920414.BJ,欧普泰,20260825,7.7,1.2329,1.405,0.76,,,2.3313,9.8738,11.8946,,,7974.8171,5607.7587,4920.5829,61406.0917,43179.742,1
5401,920415.BJ,恒拓开源,20260825,8.52,0.8643,1.1943,0.69,48.2518,43.0143,2.144,6.9002,6.756,0.4077,0.4108,14051.1487,10823.1343,7832.1013,119715.7869,92213.1042,1
5402,920418.BJ,苏轴股份,20260825,18.05,0.7637,1.3711,0.59,19.4589,23.5423,3.1853,4.0419,3.9773,1.6159,1.9391,16248.96,15691.8552,8739.6792,293293.728,283237.9864,1
5403,920419.BJ,路斯股份,20260825,10.54,0.7006,1.2833,0.42,18.0095,20.0487,1.7402,1.2676,1.2162,0.9488,1.4231,10330.64,9669.1274,5278.7709,108884.9456,101912.6028,1
5404,920422.BJ,润普食品,20260825,9.35,0.8923,1.4847,0.59,45.0615,34.9835,1.8959,1.6723,1.5949,1.6043,1.2834,8848.271,6622.271,3979.962,82731.3339,61918.2339,1
5405,920425.BJ,乐创技术,20260825,14.07,1.9473,2.7873,0.51,44.1357,27.5399,4.9328,12.4182,9.1015,0.7152,1.2692,10071.1167,8289.8617,5791.6002,141700.612,116638.3541,1
5406,920427.BJ,华维设计,20260825,8.32,1.2551,2.039,0.77,,,2.7397,9.0686,7.8732,1.7428,,10309.5,5085.2039,3130.1625,85775.04,42308.8964,1
5407,920429.BJ,康比特,20260825,10.95,3.0719,5.7407,0.72,34.5646,28.3583,1.6326,1.1764,1.3073,2.2585,0.8875,12447.6,11350.0391,6073.4661,136301.22,124282.9281,1
5408,920433.BJ,大唐药业,20260825,4.92,1.4284,2.5336,0.63,,,3.3163,9.4385,9.6147,1.2195,,25591.9681,16931.6396,9546.1689,125912.4831,83303.6668,1
5409,920436.BJ,大地电气,20260825,10.29,0.9618,2.5476,1.56,,893.7133,2.5257,0.5711,0.4882,,,9517.764,8938.3941,3374.4466,97937.7916,91976.0753,1
5410,920438.BJ,戈碧迦,20260825,105.5,3.2722,5.3279,0.77,515.1511,471.5387,15.4919,27.6324,26.3626,0.0927,0.0955,14446.1,13939.405,8561.25,1524063.55,1470607.2275,4
5411,920445.BJ,龙竹科技,20260825,6.91,1.1578,1.3373,0.34,41.6275,46.0805,3.3127,2.7328,2.7966,4.2584,2.1367,14815.5025,10800.8131,9351.2139,102375.1223,74633.6185,1
5412,920454.BJ,同心传动,20260825,10.68,0.51,0.6125,0.44,41.1947,41.299,3.4424,7.4559,7.9562,1.4981,1.4981,10510.0,4923.05,4099.095,112246.8,52578.174,1
5413,920455.BJ,汇隆活塞,20260825,5.85,0.5729,0.954,0.66,38.1247,37.5434,2.9427,6.4365,6.0453,3.0769,2.3932,17745.0,9731.1442,5842.9882,103808.25,56927.1936,1
5414,920469.BJ,富恒新材,20260825,5.54,0.9206,1.2402,0.62,,,2.801,2.0587,2.0042,0.9025,,14094.6,10344.8162,7679.1736,78084.084,57310.2817,1
5415,920471.BJ,美邦科技,20260825,12.15,7.3614,10.9724,1.27,,,1.9575,2.393,2.1991,0.8104,0.8104,8320.0,5303.0607,3557.8643,101088.0,64432.1875,1
5416,920475.BJ,三友科技,20260825,12.22,0.8955,1.7531,0.52,,,3.4822,6.9536,4.3905,0.4092,,10106.0,5619.661,2870.4901,123495.32,68672.2574,1
5417,920476.BJ,海能技术,20260825,25.21,1.6791,2.2865,0.51,53.6072,47.0507,5.0093,6.2414,5.8762,0.5388,0.3546,8958.574,8032.9933,5899.0833,225845.6505,202511.7611,4
5418,920478.BJ,峆一药业,20260825,10.76,3.8087,4.7151,0.47,23.6354,164.4839,2.3493,4.1214,5.897,1.8967,0.9958,11019.218,6700.4191,5412.3247,118566.7857,72096.5095,1
5419,920489.BJ,佳先股份,20260825,12.45,2.1517,2.1517,0.63,,,3.5635,3.1344,3.1761,1.4458,,13645.92,8682.5529,8682.5529,169891.704,108097.7836,1
5420,920491.BJ,奥迪威,20260825,21.68,1.3326,1.4257,0.76,32.5429,36.3366,2.8205,4.4781,4.5686,1.3838,1.3838,14114.318,11582.2946,10825.9836,305998.4142,251104.1469,1
5421,920493.BJ,并行科技,20260825,112.52,2.1519,2.916,0.73,557.9228,336.9591,14.6731,6.1414,5.0775,,,6058.1955,4463.6935,3294.0273,681668.1577,502254.7926,1
5422,920496.BJ,许昌智能,20260825,6.14,0.4723,0.68,0.5,92.4732,103.0206,1.8055,1.7325,1.7365,2.443,1.6287,16557.5,14499.8432,10070.8995,101663.05,89029.0372,1
5423,920504.BJ,博迅生物,20260825,17.4,2.0292,2.5047,0.52,50.5539,49.7009,3.6267,6.2932,6.1173,0.2874,1.1494,4333.31,1709.1905,1384.6905,75399.594,29739.9147,1
5424,920505.BJ,九菱科技,20260825,29.38,5.6708,11.4723,1.82,113.5311,130.9134,5.5938,11.5582,10.9909,0.5091,0.3404,6478.5465,3601.0926,1780.0343,190339.6962,105800.1006,1
5425,920508.BJ,殷图网联,20260825,14.19,0.6545,1.0399,0.51,403.8162,334.7436,4.4161,9.5276,9.4923,1.1745,0.3524,6000.0,3190.5925,2008.08,85140.0,45274.5076,1
5426,920509.BJ,同惠电子,20260825,19.97,1.4817,2.1621,0.6,46.3784,44.4078,9.0309,13.8047,13.0638,1.253,1.489,16030.5696,8398.5512,5755.6852,320130.4749,167719.0675,1
5427,920510.BJ,丰光精密,20260825,22.24,5.562,8.1386,0.54,,,10.3329,19.5209,16.9838,,,18400.5129,9399.2678,6423.5678,409227.4069,209039.7159,1
5428,920519.BJ,万德股份,20260825,9.8,0.4798,0.4986,0.65,43.7011,34.0291,1.646,2.1021,2.0044,1.0078,1.5117,8925.8104,7936.7289,7637.4132,87472.9419,77779.9432,1
5429,920522.BJ,纳科诺尔,20260825,18.32,2.7474,3.5798,1.03,60.9892,86.4205,3.694,4.1097,3.7917,0.8355,0.3899,21945.1008,18202.422,13969.8825,402034.2467,333468.371,4
5430,920523.BJ,德瑞锂电,20260825,15.23,0.9214,1.1726,0.87,10.6238,11.319,2.099,2.9564,2.9259,1.9698,1.9698,10130.1369,8103.9512,6367.9663,154281.985,123423.1768,4
5431,920526.BJ,凯华材料,20260825,19.09,1.5543,3.0214,0.46,109.5696,95.7085,6.8801,13.7655,13.3641,0.5238,0.5238,8270.0,5236.7486,2693.9515,157874.3,99969.5308,1
5432,920527.BJ,夜光明,20260825,13.96,1.9152,3.0376,0.92,46.7738,32.3491,2.1296,2.2738,2.2239,1.0603,1.7671,6004.27,4655.7297,2935.3987,83819.6092,64993.9866,1
5433,920533.BJ,骏创科技,20260825,18.42,1.6323,2.322,0.62,66.2411,57.2468,6.2886,3.4523,3.2849,0.8352,0.5429,13075.7328,7313.7133,5141.2721,240854.9982,134718.599,1
5434,920541.BJ,铁大科技,20260825,9.75,0.366,0.5538,0.6,18.8746,18.0582,2.74,3.9301,3.848,1.5385,2.0513,13670.0,9005.8684,5952.0584,133282.5,87807.2169,1
5435,920547.BJ,无锡晶海,20260825,18.81,0.9635,1.3937,0.6,23.1778,21.8235,1.9853,3.6051,3.4467,1.0633,1.0633,7768.8,3776.49,2610.7,146131.128,71035.7769,1
5436,920553.BJ,凯腾精工,20260825,7.04,1.1105,1.7644,0.3,44.1712,37.0344,2.8281,2.202,2.1445,1.1364,0.7102,14369.046,9380.3385,5904.1447,101158.0838,66037.583,1
5437,920556.BJ,雅达股份,20260825,6.6,1.0313,1.4187,0.74,45.499,47.9755,2.0083,3.2966,3.2173,1.5152,1.2121,16064.1082,11637.9896,8459.8446,106023.1141,76810.7314,1
5438,920564.BJ,天润科技,20260825,12.72,1.0193,1.6337,0.5,225.5347,,4.8356,6.599,7.9136,0.273,0.2621,10692.4345,4918.8836,3069.0352,136007.7668,62568.1994,1
5439,920566.BJ,梓橦宫,20260825,9.85,1.3771,1.4728,0.51,17.0053,15.5994,1.6571,3.3534,3.2667,2.0445,2.0305,14446.188,11234.6561,10504.4284,142294.9518,110661.3626,1
5440,920570.BJ,坤博精工,20260825,23.89,1.2172,1.7339,0.63,106.6283,85.0815,3.3624,9.9748,9.8147,0.3805,0.4186,5016.9821,2549.0716,1789.4134,119855.7024,60897.3205,1
5441,920571.BJ,国航远洋,20260825,8.93,8.4013,10.6155,0.79,178.9671,28.1341,3.6452,4.9727,4.1231,1.1198,1.1198,55540.7453,29608.4252,23432.6587,495978.8555,264403.237,4
5442,920575.BJ,*ST康乐,20260825,5.54,2.5359,2.5368,0.54,,,,1073.8309,1928.9483,,,28094.0,18783.868,18776.7239,155640.76,104062.6287,1
5443,920576.BJ,天力复合,20260825,38.83,0.9253,3.5467,0.35,208.3049,503.3029,9.6508,8.083,9.3581,0.5151,0.2575,10895.0,10787.0154,2814.3154,423052.85,418859.808,1
5444,920578.BJ,巨能股份,20260825,16.24,1.495,2.1733,0.32,,,4.6978,7.5115,7.507,,,7647.9097,3550.1019,2441.9842,124202.0535,57653.6549,1
5445,920579.BJ,机科股份,20260825,14.4,1.0787,1.0787,0.57,,,4.1127,3.9459,4.0246,0.2222,,12948.0,4457.442,4457.442,186451.2,64187.1648,1
5446,920580.BJ,科创新材,20260825,10.92,1.4826,2.0982,0.78,53.0687,36.3625,2.6763,6.7349,5.7587,0.641,0.641,8600.0,5476.3074,3869.621,93912.0,59801.2768,1
5447,920592.BJ,华信永道,20260825,19.58,2.2114,3.3748,0.46,,,4.7651,8.4956,8.0289,0.7857,,8079.5,5028.5711,3295.0363,158196.61,98459.4221,1
5448,920593.BJ,鼎智科技,20260825,23.47,1.357,2.5897,0.73,149.2101,183.4435,6.0901,16.6702,14.996,0.6023,0.3409,19024.5872,16215.4806,8496.728,446507.0616,380577.3297,1
5449,920599.BJ,同力股份,20260825,17.54,1.0612,1.5943,1.59,9.6654,9.6485,2.1268,1.2698,1.2726,3.9048,3.9479,46252.5,35057.4346,23335.2109,811268.85,614907.4029,1
5450,920608.BJ,丰安股份,20260825,13.47,0.3265,0.4064,0.46,24.9832,24.705,1.7095,5.693,5.7516,2.2272,2.2272,6224.0,4821.8888,3873.7944,83837.28,64950.8421,1
5451,920627.BJ,力王股份,20260825,14.33,5.0354,8.0947,1.59,50.5707,45.0177,2.8587,1.7692,1.6745,0.8374,0.3489,9445.0,4681.75,2912.3188,135346.85,67089.4775,4
5452,920634.BJ,新威凌,20260825,16.23,4.0028,6.9377,1.31,58.4724,61.0032,3.5404,1.2605,1.2425,0.6148,0.6162,6389.8766,4057.3875,2340.9533,103707.6972,65851.3991,4
5453,920639.BJ,晨光电缆,20260825,6.16,0.6967,0.895,0.7,76.2698,60.803,1.4491,0.5459,0.5127,,1.6081,20160.0,11875.3634,9243.5288,124185.6,73152.2385,1
5454,920640.BJ,富士达,20260825,24.97,0.7816,1.5169,0.54,60.3092,60.0975,4.9894,5.3199,5.1172,0.4005,0.6007,18772.8,18061.8306,9306.653,468756.816,451003.9101,1
5455,920641.BJ,格利尔,20260825,13.55,4.2861,6.7347,0.58,116.4679,187.8891,2.9193,1.9644,1.991,0.738,0.738,7507.5,4531.9313,2884.1813,101726.625,61407.6691,4
5456,920642.BJ,通易航天,20260825,9.76,1.3825,2.5559,0.56,,,4.4348,11.2364,13.4683,0.5086,,10367.0278,9995.6878,5406.5158,101182.1913,97557.9129,1
5457,920651.BJ,天罡股份,20260825,26.02,2.0081,5.3485,0.86,20.6634,20.7755,2.8781,4.507,4.506,2.6902,2.6902,6100.0,4146.7373,1556.9363,158722.0,107898.1045,4
5458,920656.BJ,海昇药业,20260825,14.48,1.3397,1.6524,0.52,20.8474,16.8075,2.0369,6.564,5.5501,1.3812,2.7624,10000.0,3237.6281,2625.0125,144800.0,46880.8549,1
5459,920662.BJ,方盛股份,20260825,19.69,15.2392,16.3115,2.0,86.9177,105.6248,3.724,4.4611,4.3781,0.8735,0.6094,8755.0002,2700.6082,2523.0687,172385.9539,53174.9755,1
5460,920663.BJ,明阳科技,20260825,12.91,0.4448,0.7141,0.5,20.1974,17.9695,4.2554,4.4317,4.2479,4.0589,4.6399,13355.251,6407.652,3990.902,172416.2904,82722.7873,1
5461,920665.BJ,科强股份,20260825,8.34,0.8135,1.257,0.51,33.4095,44.3493,1.4985,3.3371,3.3365,1.7986,1.199,12999.0,6418.1109,4153.3234,108411.66,53527.0449,1
5462,920670.BJ,数字人,20260825,12.51,0.9049,1.0808,0.53,162.3084,323.9745,5.6467,13.3294,13.3592,,0.4796,10618.24,6663.3608,5578.9099,132834.1824,83358.6436,1
5463,920675.BJ,秉扬科技,20260825,7.17,0.8021,1.2754,0.71,25.8005,30.2449,1.9543,2.3413,2.4755,2.7894,2.7894,17216.4,7901.787,4969.266,123441.588,56655.8128,1
5464,920679.BJ,前进科技,20260825,15.32,0.2456,0.5076,0.41,44.0806,34.3799,1.6855,7.6289,6.6643,2.3499,1.8277,5585.0,3717.5,1798.58,85562.2,56952.1,1
5465,920682.BJ,球冠电缆,20260825,5.74,0.5263,0.7337,0.82,23.1315,29.2901,1.9851,0.5862,0.5048,2.4197,2.9036,38937.6,22580.6786,16200.13,223501.824,129613.0952,1
5466,920685.BJ,新芝生物,20260825,11.76,1.4265,1.6945,0.42,30.5705,30.1794,1.9036,6.341,6.2588,1.4865,1.0736,9151.5941,5831.3974,4909.1357,107622.7466,68577.2334,1
5467,920689.BJ,克莱特,20260825,19.84,0.7751,0.9008,0.51,26.4325,25.7166,2.8818,2.4821,2.3885,2.0161,2.5202,7340.0,3793.0617,3263.8617,145625.6,75254.3441,1
5468,920690.BJ,捷众科技,20260825,16.28,1.2787,2.4015,0.35,19.466,19.237,2.2736,3.5926,3.5109,1.89,2.3625,8619.0,5602.8804,2983.331,140317.32,91214.8929,1
5469,920693.BJ,阿为特,20260825,22.5,0.98,1.5354,0.51,438.9016,,4.6386,5.5953,5.0922,0.3111,0.16,7270.0,3661.0,2336.75,163575.0,82372.5,1
5470,920694.BJ,中裕科技,20260825,16.65,3.252,6.0023,1.45,24.3597,17.3408,2.3382,3.0856,2.7501,1.4,1.8097,13150.9482,6246.6783,3384.3975,218963.2875,104007.1937,1
5471,920699.BJ,海达尔,20260825,80.0,3.5311,5.8385,0.94,80.586,103.4717,14.8899,13.7939,15.1254,0.5804,0.3393,6387.542,2922.542,1767.542,511003.36,233803.36,4
5472,920701.BJ,豪声电子,20260825,12.55,1.9589,5.3536,1.04,24.5802,26.7913,2.0294,1.9241,1.9309,1.7075,2.7888,13720.0,10020.724,3666.58,172186.0,125760.0862,4
5473,920703.BJ,广厦环能,20260825,9.86,0.4453,1.2918,0.66,16.3996,17.4531,1.3037,4.0345,3.7146,2.8977,,15072.4,7626.5147,2628.7724,148613.864,75197.4349,4
5474,920706.BJ,铁拓机械,20260825,13.4,1.1072,1.7975,0.58,26.3105,48.4133,2.1139,3.3766,3.7889,1.4578,1.0934,9460.5245,4767.187,2936.5745,126771.0283,63880.3058,4
5475,920717.BJ,瑞星股份,20260825,7.78,2.5509,3.1134,0.63,,,1.6231,6.0145,6.6322,0.531,,11468.0,4428.0,3628.0,89221.04,34449.84,1
5476,920718.BJ,合肥高科,20260825,9.28,0.5781,0.8288,0.53,21.5669,104.0041,1.4704,0.7359,0.8016,2.1552,2.1552,9066.67,4651.0069,3244.0693,84138.6976,43161.344,1
5477,920719.BJ,宁新新材,20260825,6.98,2.773,3.0106,1.13,,,9.7882,3.189,3.6803,,,9309.34,7434.2662,6847.4655,64979.1932,51891.1781,1
5478,920720.BJ,吉冈精密,20260825,9.37,0.9539,0.9871,0.66,39.3824,43.1672,4.5421,3.4503,3.4459,1.2262,1.0672,26489.134,7401.7173,7153.1893,248203.1856,69354.0911,1
5479,920725.BJ,惠丰钻石,20260825,73.81,11.7658,17.7323,1.07,,,11.2073,39.7348,37.5215,0.1346,,9127.5,4418.0685,2931.4955,673700.775,326097.636,1
5480,920726.BJ,朱老六,20260825,16.52,4.7735,9.6927,0.87,84.7354,42.5025,3.5824,7.756,7.1457,1.0329,1.1542,10131.0,5591.3455,2753.6775,167364.12,92369.0277,1
5481,920729.BJ,永顺生物,20260825,6.74,1.3294,1.3294,0.46,44.6469,65.9009,2.815,7.734,9.0326,1.9291,1.9291,27330.0,7750.7041,7750.7041,184204.2,52239.7456,1
5482,920735.BJ,德源药业,20260825,24.25,1.1361,1.5709,0.55,13.2082,12.7212,2.3789,2.9585,2.8531,1.1496,1.4995,12904.7589,11413.2954,8254.3639,312940.4033,276772.4135,1
5483,920748.BJ,路桥信息,20260825,25.73,6.4628,15.8751,1.21,,,9.5366,22.1922,17.0709,0.3887,,7674.0,3683.6034,1499.6034,197452.02,94779.1155,4
5484,920751.BJ,惠同新材,20260825,15.61,0.5812,0.9242,0.72,29.1635,29.0358,3.2824,5.8809,5.5541,1.9218,0.9609,8678.0,8306.7125,5223.7125,135463.58,129667.7821,0
5485,920753.BJ,天纺标,20260825,15.11,1.5971,2.2748,0.51,37.5729,34.7749,3.0005,5.1165,5.0584,2.0384,2.0384,8140.4368,3270.965,2296.5015,123002.0,49424.2812,1
5486,920765.BJ,美之高,20260825,14.13,0.9795,1.9627,0.34,,,3.9574,2.3478,2.193,1.5243,0.8493,8692.0077,5280.7104,2635.2947,122818.0688,74616.438,1
5487,920768.BJ,拾比佰,20260825,7.05,0.9447,1.2397,1.11,20.2775,18.6479,1.5184,0.5999,0.5805,,1.5198,15535.8,10738.9517,8183.7179,109527.39,75709.6095,1
5488,920770.BJ,艾能聚,20260825,9.79,1.0351,1.2135,0.6,28.1882,29.4334,2.0479,6.9797,7.2668,1.2257,1.8386,13013.2175,8189.38,6985.8841,127399.3993,80174.0302,1
5489,920779.BJ,武汉蓝电,20260825,24.37,13.1468,13.1468,2.16,31.0656,35.2627,4.2612,11.6205,11.279,4.3672,4.3086,8006.152,2002.0002,2002.0002,195109.9242,48788.7449,4
5490,920781.BJ,瑞奇智造,20260825,5.56,0.5553,0.6332,0.5,,,2.4329,3.5792,3.8062,0.327,,15456.7054,12036.6288,10556.3875,85939.282,66923.6561,1
5491,920786.BJ,骑士乳业,20260825,7.33,7.0307,9.4101,0.84,31.2632,21.3067,1.9701,1.1614,1.2047,,1.3643,20905.3,13805.1455,10314.359,153235.849,101191.7165,1
5492,920790.BJ,联迪信息,20260825,21.23,3.9418,6.048,1.0,222.3197,,5.6447,8.8158,7.9026,1.4131,1.1776,7896.702,5435.4958,3542.5804,167646.9835,115395.5758,1
5493,920792.BJ,东和新材,20260825,9.82,0.4327,0.6519,1.07,21.4659,20.1831,1.5232,1.9893,1.8504,1.0183,1.0183,16554.0,10162.6338,6744.7946,162560.28,99797.0639,1
5494,920799.BJ,艾融软件,20260825,33.12,6.9634,10.8369,1.55,107.4063,202.9495,17.6823,14.5097,13.2933,0.7539,0.7539,20914.54,12006.9921,7715.2725,692689.5648,397671.5784,1
5495,920802.BJ,保丽洁,20260825,10.35,1.1199,1.8863,0.38,34.2035,31.94,1.9269,4.2405,4.0136,1.1891,1.1594,8200.829,3621.7642,2150.165,84878.5802,37485.2595,1
5496,920806.BJ,云星宇,20260825,10.29,0.6177,1.9017,1.06,40.5314,41.9114,1.9799,1.9569,1.926,0.9718,0.9718,30073.6667,30073.6667,9768.3387,309458.0303,309458.0303,1
5497,920807.BJ,奔朗新材,20260825,9.39,1.9296,2.6168,1.02,77.7765,123.769,1.8242,2.8649,2.8274,1.065,1.065,18188.0,12355.0922,9110.4035,170785.32,116014.3158,1
5498,920808.BJ,曙光数创,20260825,65.77,1.9302,6.6411,2.37,356.4995,636.2303,18.478,14.9081,13.5099,0.0943,0.0563,20000.0001,19476.1322,5660.5139,1315400.0066,1280945.2148,1
5499,920809.BJ,安达科技,20260825,7.6,1.8055,1.8055,1.01,,100.4026,2.6751,1.3035,0.8556,,,59905.0,45910.7148,45910.7148,455278.0,348921.4325,4
5500,920810.BJ,春光智能,20260825,9.38,1.4906,2.5369,0.32,725.7577,,3.9497,6.9001,7.4599,,,9590.0,6240.7545,3666.9144,89954.2,58538.2772,4
5501,920819.BJ,颖泰生物,20260825,3.04,0.4407,1.1217,0.48,,,0.783,0.6807,0.6929,,,122580.0,121162.5,47599.4042,372643.2,368334.0,1
5502,920821.BJ,则成电子,20260825,17.28,1.7515,3.2507,0.8,156.831,430.2583,4.5706,6.0675,6.4226,0.4134,0.191,13836.1899,7285.3422,3925.3728,239089.3615,125890.7132,1
5503,920826.BJ,盖世食品,20260825,8.8,7.1687,7.5419,0.73,25.9876,25.6613,3.1606,1.9614,1.8983,1.1364,1.1364,14051.5814,6315.4153,6002.9564,123653.9163,55575.6546,1
5504,920832.BJ,齐鲁华信,20260825,6.1,0.2034,0.2113,0.56,,,1.1543,2.1097,2.4356,1.3115,1.3115,13876.3865,12386.5573,11919.5486,84645.9577,75557.9995,1
5505,920833.BJ,美心翼申,20260825,9.92,1.0932,1.9005,0.81,39.2796,52.4207,1.8447,2.5948,2.7136,2.5378,2.5202,11450.4,8655.4868,4978.7811,113587.968,85862.4291,4
5506,920834.BJ,三维装备,20260825,9.19,1.2265,2.2422,0.57,23.4149,23.7145,3.5,3.5753,3.5805,2.5027,2.3504,12000.0005,6279.6439,3434.9821,110280.0046,57709.9274,4
5507,920837.BJ,华原股份,20260825,9.61,0.4801,1.3866,1.11,19.5467,18.2872,2.4762,2.4315,2.369,2.2741,2.6876,15272.6687,13678.7787,4735.7787,146770.3462,131453.0633,1
5508,920839.BJ,万通液压,20260825,23.8,0.4526,0.9051,0.37,22.4117,23.5143,4.3266,4.0395,3.8824,2.1008,2.3109,11820.9971,6520.2596,3260.5909,281339.731,155182.1785,1
5509,920855.BJ,浙江大农,20260825,12.4,0.5672,1.8689,0.47,26.9621,34.1076,1.5914,3.4601,3.5513,1.6935,1.2097,7473.3333,6703.6911,2034.5183,92669.3329,83125.7696,1
5510,920856.BJ,浩淼科技,20260825,12.5,4.3821,7.0209,0.44,68.5035,240.3606,2.5797,2.8171,3.3225,0.7273,1.2,9512.6628,5306.0037,3311.7755,118908.285,66325.0463,4
5511,920857.BJ,泓禧科技,20260825,20.21,1.845,6.1567,1.04,,,4.3879,3.7924,3.8833,0.4948,,7400.7152,7400.7152,2217.8286,149568.4542,149568.4542,4
5512,920866.BJ,绿亨科技,20260825,6.27,5.3585,6.7031,0.81,35.2423,38.3588,1.4733,2.2768,2.4633,2.3504,1.5669,18020.59,11411.2299,9122.2834,112989.0993,71548.4115,1
5513,920870.BJ,恒进感应,20260825,11.88,1.3718,2.4257,0.58,96.7309,86.7377,3.4726,16.4495,15.8785,0.9259,0.8418,13400.0,6600.29,3732.76,159192.0,78411.4452,1
5514,920871.BJ,派特尔,20260825,10.94,0.6936,1.1614,0.48,91.5916,68.4857,3.584,5.5685,5.2858,1.6645,1.8316,8485.7241,4701.4089,2807.8315,92833.8217,51433.4134,1
5515,920873.BJ,中设咨询,20260825,6.86,0.4756,0.5494,0.48,,,4.5118,11.5915,11.3922,,,15338.7002,11980.6395,10370.8614,105223.4834,82187.187,4
5516,920876.BJ,慧为智能,20260825,15.64,1.2582,1.9682,0.44,153.589,559.4327,3.9522,1.819,1.8834,,0.3197,6418.0659,3924.8249,2509.0296,100378.5507,61384.2614,1
5517,920879.BJ,基康技术,20260825,12.59,0.2974,0.6163,0.55,30.6124,31.9071,3.8901,6.1999,6.2256,2.3353,1.9704,20086.8814,15031.0719,7252.1199,252893.8368,189241.1952,1
5518,920885.BJ,星辰科技,20260825,11.74,1.3384,1.9566,0.36,59.1779,86.6553,4.8413,10.1499,9.3972,0.3813,0.5111,17081.99,8757.0926,5990.3906,200542.5626,102808.2671,1
5519,920892.BJ,广咨国际,20260825,9.99,0.2195,0.6403,0.56,15.8086,15.7078,3.8094,2.8861,2.8646,5.46,6.006,17035.1353,15085.2545,5171.0875,170181.0016,150701.6925,1
5520,920895.BJ,花溪科技,20260825,12.63,1.9604,2.8467,0.6,,639.5023,3.6773,10.8672,8.8539,,,5652.4,2873.69,1978.98,71389.812,36294.7047,1
5521,920896.BJ,旺成科技,20260825,11.92,0.4361,0.75,0.39,19.6934,19.6229,2.6288,2.7015,2.6264,2.5168,2.5168,10122.424,4440.181,2581.6476,120659.2941,52926.9575,1
5522,920906.BJ,舜宇精工,20260825,15.61,0.9759,1.3524,0.52,34.627,32.2254,1.7635,1.3574,1.3546,0.5701,0.5701,6497.0,3335.5723,2407.0826,101418.17,52068.2836,1
5523,920914.BJ,远航精密,20260825,16.74,0.9125,1.5742,0.82,31.2008,31.0201,1.6784,1.6001,1.4484,0.5933,0.8961,9968.3,9960.425,5773.7345,166869.342,166737.5145,1
5524,920924.BJ,广脉科技,20260825,14.35,1.5237,1.8798,0.68,88.4847,107.4852,4.7658,3.1832,3.1842,0.3491,0.1394,10729.65,6537.2141,5298.9046,153970.4775,93809.0223,1
5525,920925.BJ,锦好医疗,20260825,11.68,1.0843,1.4495,0.55,74.9679,217.1619,3.1399,3.7442,3.9188,0.2511,0.4244,9858.0643,5529.5053,4136.3177,115142.191,64584.6219,1
5526,920926.BJ,鸿智科技,20260825,9.96,0.3027,1.0296,0.63,31.6456,65.1107,3.4531,1.8635,1.8426,2.7507,2.51,8836.1737,8018.2379,2357.6617,88008.2901,79861.6495,1
5527,920931.BJ,无锡鼎邦,20260825,10.48,3.868,3.868,0.43,93.4374,457.5582,2.5157,3.1597,2.994,0.9542,0.4771,9393.0,2877.58,2877.58,98438.64,30157.0384,1
5528,920932.BJ,科达自控,20260825,11.11,0.9048,1.2231,0.3,,,2.0588,4.0532,3.6136,0.196,,10535.035,8706.2025,6440.6488,117044.2389,96725.9098,1
5529,920942.BJ,恒立钻具,20260825,16.36,0.8577,1.0819,0.65,50.2332,81.2748,2.0127,5.7815,5.6377,0.9193,0.9169,6116.46,4141.5014,3283.2914,100065.2856,67754.9629,1
5530,920943.BJ,优机股份,20260825,15.38,2.8542,4.1852,0.31,21.4645,31.6628,2.3948,1.5823,1.623,1.6255,1.3004,10152.1378,5180.7833,3533.0903,156139.8794,79680.4472,1
5531,920946.BJ,森萱医药,20260825,10.1,2.4484,8.8506,0.67,32.7938,28.8422,3.2815,7.8032,7.3417,1.3861,1.5842,42691.834,42678.709,11806.275,431187.5234,431054.9609,1
5532,920950.BJ,迅安科技,20260825,12.58,0.3273,0.5792,0.49,21.7805,23.0899,2.8025,4.8668,4.8594,2.9809,2.8617,7332.0,3572.01,2018.64,92236.56,44935.8858,1
5533,920953.BJ,国子软件,20260825,22.06,2.1851,3.5731,0.43,42.1531,45.4971,4.5947,8.704,8.5884,0.5766,0.574,12811.599,5988.5753,3662.2777,282623.8739,132107.9711,1
5534,920957.BJ,汉维科技,20260825,9.73,3.5271,6.5172,1.69,213.0639,58.6318,2.6559,1.6977,1.6162,1.0277,1.0277,10730.1334,4270.4734,2311.2134,104404.198,41551.7062,1
5535,920961.BJ,创远信科,20260825,19.38,1.171,1.4922,0.45,795.1177,,3.6865,13.539,16.3394,0.258,0.1548,14284.0508,10546.4153,8276.0648,276824.9045,204389.5285,1
5536,920964.BJ,润农节水,20260825,4.75,3.9891,4.3863,0.74,,,1.4215,1.2039,1.2295,0.4211,,26120.8,14769.7237,13432.1579,124073.8,70156.1876,1
5537,920970.BJ,大禹生物,20260825,6.06,4.1949,5.4044,0.56,,,2.8337,4.0091,3.7889,,,11080.08,7007.13,5438.98,67145.2848,42463.2078,1
5538,920971.BJ,天马新材,20260825,25.31,2.7068,5.2097,0.72,68.9503,61.9553,5.5702,9.6157,9.5012,0.8057,0.7987,10396.8002,8570.2802,4452.8702,263143.0131,216913.7919,4
5539,920974.BJ,凯大催化,20260825,6.15,0.5354,0.6131,0.49,39.5108,29.7362,1.5293,0.9394,0.9022,,,16380.0,12547.4219,10956.5029,100737.0,77166.6447,1
5540,920976.BJ,视声智能,20260825,17.61,5.4265,7.3295,3.99,18.5588,16.0051,4.6865,4.1342,3.679,3.975,3.3831,7095.34,4411.96,3266.48,124948.9374,77694.6156,1
5541,920978.BJ,开特股份,20260825,20.07,0.7652,0.8165,0.66,20.8663,21.7984,4.4149,3.199,3.1447,2.5076,1.9681,18002.8468,10093.4948,9459.9632,361317.1353,202576.4406,1
5542,920981.BJ,晶赛科技,20260825,28.71,2.8172,4.1023,0.61,226.7097,144.0557,4.2536,3.8057,3.0093,0.5225,,7646.8,3846.2697,2641.3675,219539.628,110426.4031,1
5543,920982.BJ,锦波生物,20260825,119.71,1.0748,1.3464,0.52,21.1223,22.0726,6.7664,8.634,8.5861,2.1205,1.2512,11506.534,5546.5106,4427.663,1377447.1851,663972.7839,1
5544,920985.BJ,海泰新能,20260825,4.55,0.6361,1.0336,0.52,,,2.7106,0.853,1.3286,5.3993,,30947.62,21931.7859,13496.7859,140811.671,99789.6258,1
5545,920992.BJ,中科美菱,20260825,11.28,0.834,1.2999,0.52,57.1058,60.9981,1.7402,3.5364,3.4681,0.7092,0.7979,9673.0934,4901.7283,3144.7283,109112.4936,55291.4952,1
