,ts_code,name,trade_date,close,turnover_rate,turnover_rate_f,volume_ratio,pe,pe_ttm,pb,ps,ps_ttm,dv_ratio,dv_ttm,total_share,float_share,free_share,total_mv,circ_mv,limit_status
0,000001.SZ,平安银行,20260928,11.3,0.3686,0.8766,0.82,5.1436,5.0458,0.4683,1.6683,1.6528,5.2922,5.3893,1940591.8198,1940568.4991,816056.5553,21928687.566,21928424.05,0
1,000002.SZ,万科Ａ,20260928,3.71,4.6076,6.9161,0.58,,,0.4332,0.1896,0.2232,,,1193070.9471,971511.3154,647230.2363,4426293.2245,3604306.9972,4
2,000006.SZ,深振业Ａ,20260928,7.32,2.3036,3.6321,1.23,,,1.8766,3.7746,6.4515,,,134999.5046,134999.5046,85619.6798,988196.34,988196.34,1
3,000007.SZ,全新好,20260928,10.91,2.151,3.239,1.37,1961.2404,,21.1764,9.5512,9.1848,,,34644.8044,34644.8044,23007.4655,377974.768,377974.768,4
4,000008.SZ,神州高铁,20260928,2.35,0.6599,1.0838,0.74,,,2.9923,3.0105,2.9839,,,271637.7683,271629.6952,165387.8495,638348.7595,638329.795,4
5,000009.SZ,中国宝安,20260928,6.76,0.563,0.9611,1.12,85.8714,,1.7876,0.7569,0.6824,0.4438,0.4438,257921.3965,257602.0465,150911.9601,1743548.664,1741389.858,4
6,000010.SZ,*ST美丽,20260928,1.47,0.9743,1.1435,0.69,,,6.7535,2.6647,2.8182,,,114965.2292,95144.31,81064.3036,168998.8881,139862.1357,4
7,000011.SZ,深物业A,20260928,10.12,3.5787,10.0741,1.04,177.9929,,1.821,2.5307,2.412,,0.1976,59597.9092,52647.5543,18702.6342,603130.8492,532793.206,2
8,000012.SZ,南玻Ａ,20260928,3.67,0.8912,1.3333,0.76,88.8519,,0.883,0.8139,0.8361,1.8752,0.5303,304246.8811,195931.6598,130973.9556,1116586.0496,719069.1922,4
9,000014.SZ,沙河股份,20260928,11.2,9.104,13.7974,3.21,,,1.9668,8.7409,8.5325,,,24204.6224,24204.6224,15971.0154,271091.744,271091.744,1
10,000017.SZ,深中华A,20260928,7.36,7.4133,13.6461,0.51,123.3285,153.0535,12.8718,6.893,7.0812,,,68918.4933,44082.1951,23947.6218,507240.0864,324444.992,4
11,000019.SZ,深粮控股,20260928,6.66,3.6187,5.5637,0.64,31.56,42.8664,1.5469,1.3943,1.3934,2.2523,1.8018,115253.5254,41620.8907,27070.8927,767588.5098,277195.1274,4
12,000020.SZ,深华发Ａ,20260928,14.64,7.8946,23.1146,1.17,116.9689,140.4922,9.2635,4.8322,5.8166,,,28316.1227,18116.5391,6187.5497,414547.9968,265226.1456,2
13,000021.SZ,深科技,20260928,33.68,3.4186,5.1786,0.73,46.9993,43.4901,4.0077,3.3895,3.2774,0.5555,0.6489,158480.0962,158458.6762,104602.7985,5337609.64,5336888.2144,4
14,000025.SZ,特力Ａ,20260928,14.96,1.3906,3.0145,1.16,45.1377,44.9262,3.3739,4.412,7.3653,0.6684,0.7353,43105.832,39277.832,18118.6699,644863.2168,587596.3368,1
15,000026.SZ,飞亚达,20260928,18.76,1.6953,3.0668,0.87,87.1773,72.2374,2.2524,2.1696,2.1353,2.1322,0.6397,40576.4007,36443.7819,20146.0492,761213.4516,683685.3128,4
16,000027.SZ,深圳能源,20260928,6.18,0.3743,1.4946,1.08,13.9781,12.7762,0.8782,0.677,0.6677,2.4272,2.589,475738.9916,475738.9916,119154.1128,2940066.9582,2940066.9582,1
17,000028.SZ,国药一致,20260928,19.46,0.3896,1.1199,1.05,10.4882,11.07,0.6313,0.1623,0.1635,1.7098,2.8777,61222.1584,52585.9082,18292.0394,1191383.2336,1023321.8086,4
18,000029.SZ,深深房Ａ,20260928,21.57,0.5799,1.8257,0.57,218.3111,,6.1048,14.7157,21.9364,,0.1623,101166.0,89166.0,28324.0694,2182150.62,1923310.62,4
19,000030.SZ,富奥股份,20260928,3.86,0.4826,1.741,0.97,9.4482,11.3159,0.7956,0.3813,0.3949,3.9368,3.886,171981.0845,167080.8645,46309.1612,663847.0074,644932.1196,4
20,000031.SZ,大悦城,20260928,2.27,1.0771,3.506,0.58,,,0.9869,0.315,0.3489,,,428631.3339,428630.4701,131681.1819,972993.1191,972991.1669,4
21,000032.SZ,深桑达Ａ,20260928,13.41,2.2813,3.8938,1.06,,,2.2505,0.3314,0.3259,0.838,0.1864,121517.9311,121517.9311,71195.8125,1629555.4413,1629555.4413,4
22,000034.SZ,神州数码,20260928,22.7,3.6012,3.8466,1.57,44.1347,38.9461,2.0195,0.1606,0.1451,0.8157,0.2297,101673.9663,84914.7841,79497.561,2307998.892,1927565.506,4
23,000035.SZ,中国天楹,20260928,4.7,1.2092,1.7533,0.95,39.5272,39.2041,1.0365,2.1243,2.0884,0.7489,0.766,238803.2769,231312.4623,159532.1976,1122375.369,1087168.562,4
24,000036.SZ,华联控股,20260928,3.83,2.0686,2.9484,0.68,76.6497,56.1168,1.0451,8.6513,7.1698,,,140381.8725,140298.1231,98431.0272,537662.5621,537341.7996,4
25,000037.SZ,深南电A,20260928,8.96,2.8276,4.7883,0.66,33.5371,26.6558,3.2181,13.4454,12.3559,,0.3571,60276.2596,33890.815,20013.5196,540075.2896,303661.7472,1
26,000039.SZ,中集集团,20260928,8.57,0.8332,0.9463,0.84,209.2831,,1.0079,0.2951,0.2899,2.0317,2.0115,539252.0385,230140.7141,202638.8546,4621389.8971,1972305.8847,4
27,000042.SZ,中洲控股,20260928,8.16,0.8451,1.8124,0.97,,,1.6334,2.091,1.0013,,,66483.1139,66414.2227,30966.7714,542502.1776,541940.0352,4
28,001914.SZ,招商积余,20260928,9.06,1.0376,2.7945,0.97,14.5845,14.5674,0.872,0.4953,0.4802,2.6632,2.8698,105371.9858,105371.9483,39124.123,954670.2294,954669.867,1
29,000045.SZ,深纺织Ａ,20260928,11.25,1.3652,2.7984,1.57,83.2868,67.87,1.8956,1.758,1.7644,0.6311,0.4267,50652.1849,45702.1849,22295.2413,569837.025,514149.525,1
30,000048.SZ,京基智农,20260928,17.96,1.8895,4.1393,0.44,62.3161,,2.7354,1.9546,2.0632,3.9784,,53020.275,52930.275,24161.6725,952244.2288,950627.8288,4
31,000049.SZ,德赛电池,20260928,21.65,0.9874,1.8119,0.98,28.4922,20.8185,1.219,0.3718,0.3566,1.5242,1.0624,38463.8534,38453.4862,20955.5893,832742.569,832518.0585,4
32,000050.SZ,深天马Ａ,20260928,6.26,0.8457,1.5075,0.91,91.1,,0.5772,0.4209,0.4302,,,243577.5599,243575.3974,136643.719,1524795.5256,1524782.004,4
33,000055.SZ,方大集团,20260928,3.85,3.0319,3.6905,0.88,,,0.7453,1.2242,1.2415,1.2987,,107387.4227,67585.4429,55524.4019,413441.567,260203.944,1
34,000056.SZ,*ST皇庭,20260928,2.73,2.8938,3.6192,0.72,,,,0.9608,0.9956,,,118252.822,90373.3208,72260.6308,322830.1986,246719.1636,4
35,000058.SZ,深赛格,20260928,7.12,1.5906,5.4278,1.79,126.323,122.6419,4.3078,5.1943,5.4333,0.1756,0.3371,123120.0672,98473.9279,28857.6097,876614.8984,701134.3816,1
36,000059.SZ,华锦股份,20260928,5.62,2.2094,4.1716,0.84,,,0.8912,0.2153,0.2295,0.3203,,159944.2537,159941.2987,84709.3812,898886.7412,898870.106,1
37,000060.SZ,中金岭南,20260928,5.74,1.7652,2.5239,1.2,31.7956,18.4069,1.2588,0.4215,0.3564,1.2756,0.9582,444117.2458,444110.1208,310604.051,2549233.015,2549192.0888,4
38,000061.SZ,农产品,20260928,5.87,0.6909,1.7491,0.79,31.2823,26.7544,1.3483,1.7848,2.0313,1.0195,1.0221,198496.1198,179431.3488,70877.8845,1165172.2244,1053262.0245,4
39,000062.SZ,深圳华强,20260928,21.84,1.2793,3.5971,0.63,49.3427,36.917,3.3107,0.917,0.7227,2.6557,1.3736,104590.9322,104476.1878,37156.7074,2284265.9112,2281759.9896,4
40,000063.SZ,中兴通讯,20260928,30.79,1.7269,2.2665,0.98,26.2178,44.4567,1.9547,1.1,1.0493,2.0039,1.3254,478353.4887,402762.1232,306868.0832,14728503.9571,12401045.6748,4
41,000065.SZ,北方国际,20260928,9.58,1.3579,2.6029,0.74,15.3829,15.0259,0.9994,0.8209,0.9086,1.4241,1.4301,116144.2159,106501.8573,55562.909,1112661.6276,1020287.8188,4
42,000066.SZ,中国长城,20260928,14.16,3.4623,5.7826,0.52,,386.8587,4.0315,2.8894,2.6251,,,322579.9088,322558.9838,193131.473,4567731.5256,4567435.1568,4
43,000068.SZ,华控赛格,20260928,3.22,1.2154,2.134,0.94,,,5.7693,3.8939,5.3814,,,100667.1464,100667.1464,57333.4369,324148.223,324148.223,4
44,000069.SZ,华侨城Ａ,20260928,1.86,1.4158,2.8519,0.85,,,0.4694,0.4764,0.4517,,,803775.8053,689860.1781,342477.7122,1495023.0066,1283139.9348,1
45,000070.SZ,特发信息,20260928,16.15,7.5789,12.4603,0.58,,,13.2196,3.1755,2.9222,,,86839.2949,85671.7041,52109.2048,1402454.5335,1383597.955,5
46,000078.SZ,ST海王,20260928,1.5,1.9323,3.6041,0.95,,,3.8573,0.148,0.1668,,,263112.3257,262978.6912,140994.0051,394668.48,394468.035,4
47,000088.SZ,盐田港,20260928,4.57,0.8983,1.7271,1.47,16.4153,15.9381,1.3129,27.6834,26.2145,4.7702,4.267,519948.3346,316292.0742,164511.8742,2376163.8681,1445454.7599,1
48,000089.SZ,深圳机场,20260928,6.56,0.6902,1.6039,1.06,25.6148,14.1649,1.1175,2.6233,2.5465,1.8293,2.439,205076.9509,205076.9509,88247.3977,1345304.792,1345304.792,1
49,000090.SZ,天健集团,20260928,3.56,1.1153,1.8459,0.82,29.7711,,0.602,0.2956,0.2914,2.809,1.0112,186854.5434,186845.9934,112899.5706,665202.1624,665171.7244,1
50,000096.SZ,广聚能源,20260928,7.91,0.7141,1.5541,0.97,36.3833,23.993,1.5066,3.0568,2.7709,0.9482,0.9482,52800.0,51084.8,23472.9623,417648.0,404080.768,1
51,000099.SZ,中信海直,20260928,12.74,0.6983,1.1378,1.13,32.0191,35.2246,1.7829,4.4213,4.4814,1.4757,1.2559,77577.0137,77577.0137,47609.5662,988331.1074,988331.1074,4
52,000100.SZ,TCL科技,20260928,4.8,1.5188,1.565,0.64,23.3225,16.3536,1.6836,0.5723,0.5629,0.9381,1.7771,2194641.6151,2011498.0236,1952165.9198,10534279.728,9655190.496,4
53,000151.SZ,中成股份,20260928,10.14,4.24,6.4279,1.51,9.8956,8.2955,4.0324,3.1505,2.5171,,,35090.6286,30793.4695,20311.8595,355818.9882,312245.7858,1
54,000153.SZ,丰原药业,20260928,6.1,1.8078,2.4714,0.74,28.5124,30.0197,1.3105,0.7347,0.8093,1.6397,1.6393,46468.5522,46085.5922,33712.0247,283458.155,281122.099,1
55,000155.SZ,川能动力,20260928,10.89,0.7927,1.3095,0.97,40.0099,22.2762,1.7974,5.5853,3.6863,1.5611,2.3875,184616.8342,184616.8342,111765.2937,2010477.2787,2010477.2787,4
56,000156.SZ,华数传媒,20260928,6.88,0.6435,1.2252,0.66,27.3305,30.1643,0.851,1.389,1.4191,2.6163,2.3256,185293.2442,169987.5877,89286.3393,1274817.56,1169514.6192,4
57,000157.SZ,中联重科,20260928,5.9,0.6768,0.9324,1.52,10.5025,12.161,0.8858,0.9793,0.9382,5.0847,6.7797,864853.5236,707041.7363,513187.8453,5102635.768,4171546.266,4
58,000158.SZ,常山北明,20260928,12.2,1.1988,1.8251,0.65,583.1145,1495.1131,3.7173,2.5872,2.5955,,0.2213,159861.6721,159064.3645,104483.7945,1950312.374,1940585.192,4
59,000159.SZ,国际实业,20260928,5.49,2.1548,2.792,1.17,69.415,92.5719,1.2823,1.3284,1.3443,,0.3643,48068.5993,48066.8493,37095.9605,263896.614,263887.0065,1
60,000166.SZ,申万宏源,20260928,4.34,0.2635,0.6395,1.15,11.4306,9.9213,0.9451,4.4803,4.1169,1.8664,2.5346,2503994.456,2253550.7316,928437.8416,10867335.913,9780410.1682,4
61,000301.SZ,东方盛虹,20260928,13.23,0.2301,0.7546,0.83,653.9739,20.5917,2.309,0.6965,0.6498,,,661123.247,660837.3023,201485.9056,8746660.5578,8742877.5094,4
62,000333.SZ,美的集团,20260928,82.0,0.3727,0.544,0.82,14.235,14.0963,2.9538,1.3705,1.3442,4.8739,5.1312,762879.8092,688485.4605,471671.0081,62556144.3544,56455807.761,4
63,000338.SZ,潍柴动力,20260928,24.62,1.512,1.5357,0.94,19.4613,16.378,2.2135,0.9177,0.8797,2.8825,2.9782,864022.0621,495639.2543,487974.7523,21272223.1172,12202638.335,4
64,000400.SZ,许继电气,20260928,20.59,1.9418,3.1348,2.28,17.9677,22.0952,1.6964,1.3989,1.3917,2.2879,1.8699,101855.8239,101506.5609,62877.9155,2097211.3338,2090020.0704,1
65,000401.SZ,金隅冀东,20260928,3.51,0.2931,0.8117,0.65,42.6287,,0.3591,0.3805,0.4165,2.8512,2.8512,265614.6988,263135.4688,95019.8473,932307.597,923605.4997,4
66,000402.SZ,金融街,20260928,2.61,1.7369,3.4571,0.45,,,0.4017,0.9753,0.9804,,,298892.9907,298866.7172,150154.1435,780110.7039,780042.1392,4
67,000403.SZ,派林生物,20260928,9.8,0.6532,1.056,0.94,22.2147,34.7826,1.1561,3.5379,3.7617,2.7473,,95039.7386,94068.2787,58185.7779,931389.452,921869.144,4
68,000404.SZ,长虹华意,20260928,6.75,0.8704,1.2567,1.32,9.4953,9.6254,1.0948,0.3988,0.4286,4.4444,4.7456,69599.5979,69298.496,47998.9988,469797.3,467764.875,4
69,000407.SZ,胜利股份,20260928,4.17,1.4689,1.9659,0.97,23.5593,21.8557,1.1769,0.8811,0.9153,1.0072,1.4388,88008.4656,87578.2212,65436.8679,366995.2782,365201.1774,0
70,000408.SZ,藏格矿业,20260928,69.9,0.4959,1.1152,0.99,28.4676,19.2729,6.3772,30.6611,27.6693,1.4306,3.5685,156891.4754,156889.8254,69763.0982,10966714.452,10966599.117,4
71,000409.SZ,云鼎科技,20260928,8.73,0.615,0.9777,0.75,71.7917,76.1804,3.5552,3.8739,4.1687,,,67766.3405,59047.3934,37142.5897,591600.1482,515483.7147,4
72,000410.SZ,沈阳机床,20260928,5.12,0.8643,1.1621,0.37,,,3.2355,3.6281,3.6541,,,264907.3009,197101.8333,146597.5989,1356325.376,1009161.3696,4
73,000411.SZ,英特集团,20260928,10.1,1.398,4.331,1.42,11.3818,12.7366,1.0336,0.1694,0.1668,3.5057,3.505,56484.9146,56373.5936,18196.6958,570497.591,569373.259,4
74,000415.SZ,渤海租赁,20260928,4.06,1.0682,1.6314,0.89,,5.2122,0.8046,0.4744,0.5217,,,618452.1282,539291.3883,353115.9608,2510915.6478,2189523.0434,4
75,000417.SZ,合百集团,20260928,5.7,2.7721,4.4745,0.69,27.7461,89.396,0.9338,0.6639,0.7187,1.9298,1.1404,77988.42,77902.7451,48263.6984,444533.994,444045.675,4
76,000419.SZ,通程控股,20260928,5.01,0.7921,1.4229,0.88,22.1487,24.0438,0.8063,1.5229,1.6766,2.994,2.5948,54358.2655,54358.2655,30261.0171,272334.9327,272334.9327,1
77,000420.SZ,吉林化纤,20260928,3.47,1.4831,1.7558,1.02,375.3686,260.8529,1.9194,1.5719,1.5382,,,245886.8343,245877.5343,207691.7308,853227.3001,853195.0291,4
78,000421.SZ,南京公用,20260928,5.63,0.6581,1.4335,0.52,67.2616,32.5883,1.161,0.4632,0.415,1.0688,1.0657,57441.5734,57420.8022,26361.7375,323396.0391,323279.104,4
79,000422.SZ,湖北宜化,20260928,11.54,1.2153,1.7608,1.07,15.5127,17.2053,2.0471,0.489,0.4639,1.726,2.1676,108694.9102,106716.5412,73654.4477,1254339.2614,1231508.8716,4
80,000423.SZ,东阿阿胶,20260928,45.28,0.5715,0.8655,0.73,16.6623,16.2321,2.8519,4.3238,4.258,5.6437,6.149,63982.6824,63870.0293,42170.3956,2897135.7504,2892034.9584,1
81,000425.SZ,徐工机械,20260928,7.06,0.8103,0.892,0.65,12.5804,13.3879,1.2807,0.8201,0.7708,2.4874,2.8172,1171121.0449,899808.4894,817449.8395,8268114.613,6352647.9394,4
82,000426.SZ,兴业银锡,20260928,31.17,2.8237,3.886,1.34,32.4758,17.4506,4.7965,9.9629,7.516,0.2246,0.3529,177563.5739,177517.5464,128993.5044,5534656.7886,5533222.0335,4
83,000428.SZ,华天酒店,20260928,3.87,3.5258,7.8694,0.61,,,3.2165,7.4651,7.6454,,,101892.6,101892.6,45651.708,394324.362,394324.362,4
84,000429.SZ,粤高速Ａ,20260928,12.38,0.3589,0.9396,0.88,14.3694,16.2353,2.4465,5.791,5.7897,4.2246,4.8788,209080.6126,130332.9906,49783.9954,2588417.9518,1613522.4162,4
85,000430.SZ,张家界,20260928,6.72,2.4092,2.9705,0.58,,,2.9895,11.8632,11.4129,,,80963.5372,37055.6486,30054.3523,544074.9888,249013.968,4
86,000488.SZ,ST晨鸣,20260928,2.12,0.4108,0.5521,0.54,,,40.0235,1.008,0.5697,,,294145.62,169941.4334,126445.9028,623588.7356,360275.8316,1
87,000498.SZ,山东路桥,20260928,5.76,6.5745,16.5421,4.64,4.0149,4.6341,0.496,0.1304,0.1368,3.538,3.8314,155244.2024,144934.7779,57603.2745,894206.592,834824.3328,1
88,000501.SZ,武商集团,20260928,6.97,0.7465,1.3219,0.87,29.7057,36.6335,0.487,0.8816,0.8858,4.1973,2.7982,76899.2731,76829.3891,43387.9628,535987.9119,535500.8483,4
89,000503.SZ,国新健康,20260928,7.44,5.0182,6.9222,4.8,,,6.5186,20.7897,20.439,,,97925.2472,97923.5472,70988.546,728563.86,728551.212,2
90,000504.SZ,南华生物,20260928,12.36,4.2637,7.1827,0.28,141.494,106.4874,15.0108,9.8069,6.178,,,33002.3098,32912.2398,19537.1546,407908.5516,406795.2864,5
91,000505.SZ,京粮控股,20260928,6.13,4.2394,8.6344,0.84,,,1.5524,0.5671,0.6587,0.2936,,72695.0251,66197.5251,32502.523,445620.5339,405790.8589,4
92,000506.SZ,招金黄金,20260928,16.38,3.7771,5.6375,0.88,95.7921,44.6306,16.8717,28.8806,21.9336,,,92901.7761,92870.6961,62222.4027,1521731.1564,1521222.066,4
93,000507.SZ,珠海港,20260928,4.9,0.6881,0.9909,0.77,18.6847,19.5755,0.5263,1.0273,1.0486,1.3062,1.0851,91973.4895,90235.4455,62660.7305,450670.101,442153.705,4
94,000509.SZ,华塑控股,20260928,3.49,4.4718,7.3971,0.58,,,35.4129,4.958,5.3105,,,107312.8052,107312.4808,64874.1073,374521.672,374520.5552,4
95,000510.SZ,新金路,20260928,17.11,6.5887,7.3453,0.85,,,11.0022,6.6864,6.4931,,,64854.3589,60698.6792,54447.0189,1109658.0996,1038554.4148,4
96,000513.SZ,丽珠集团,20260928,30.34,4.9225,8.4818,4.64,13.3148,16.0892,2.0155,2.2411,2.5064,3.6556,4.7132,88790.7171,56765.1788,32944.4164,2693910.4448,1722255.5612,2
97,000514.SZ,渝开发,20260928,4.34,0.9643,2.6195,0.55,541.9708,,1.01,5.0322,3.7409,,0.2304,84377.0965,84377.0965,31062.1866,366196.614,366196.614,4
98,000516.SZ,国际医学,20260928,4.26,0.6228,0.8775,0.62,,,2.9321,2.3408,2.3421,,,223889.6753,220474.8361,156465.2637,953770.0368,939222.8184,4
99,000517.SZ,荣安地产,20260928,2.01,1.3337,4.5156,0.71,,,1.4172,1.1502,2.3679,,,318392.2485,249198.6416,73600.6121,639968.4225,500889.2664,1
100,000518.SZ,四环生物,20260928,3.72,2.5212,3.8884,1.03,,,12.4032,11.1212,14.0174,,,102955.6222,102953.5693,66754.4571,382994.9064,382987.2804,1
101,000519.SZ,中兵红箭,20260928,14.46,2.0687,3.5331,0.66,482.9332,168.3522,1.9397,2.1713,1.9916,,0.1729,139255.8982,139255.8982,81538.1814,2013640.314,2013640.314,4
102,000520.SZ,凤凰航运,20260928,4.05,1.6415,2.3963,0.62,,,9.1667,5.4327,3.7834,,,101208.3455,101208.3455,69328.8299,409893.8175,409893.8175,4
103,000521.SZ,长虹美菱,20260928,4.28,0.7508,1.0484,1.03,10.7407,86.0864,0.7502,0.145,0.1548,7.7103,4.7809,102992.3715,87528.8864,62683.114,440807.3436,374623.6492,4
104,000523.SZ,红棉股份,20260928,3.18,6.1378,11.4727,0.74,73.5468,47.8683,2.9258,2.7544,2.7646,,,183546.8461,179481.8054,96021.3349,583678.983,570752.1558,4
105,000524.SZ,岭南控股,20260928,8.76,0.7382,2.3977,0.69,83.7988,76.2858,2.562,1.3035,1.2625,0.9132,0.5822,67020.8597,67000.8507,20626.8769,587102.7336,586927.446,4
106,000525.SZ,红太阳,20260928,4.39,0.965,1.2178,0.59,,,2.1816,1.8572,1.7979,,,130293.8641,111176.0005,88096.3981,571990.0454,488062.64,4
107,000526.SZ,学大教育,20260928,35.38,2.2813,3.3626,1.37,22.0988,16.2112,3.4848,1.336,1.2412,,,12186.1109,12147.3509,8241.1184,431144.5718,429773.243,4
108,000528.SZ,柳工,20260928,7.43,0.7246,0.9785,0.71,9.4216,10.5099,0.8072,0.4574,0.4254,3.5364,4.2478,204057.5298,203774.4739,150908.7907,1516147.4464,1514044.3411,4
109,000529.SZ,广弘控股,20260928,5.01,0.5518,1.2455,0.85,23.8024,35.7154,0.9186,1.4168,1.491,2.3952,2.3952,58379.033,56988.4377,25250.7268,292478.9904,285512.0844,1
110,000530.SZ,冰山冷热,20260928,5.17,1.7427,2.4367,0.72,70.2691,142.2893,1.3799,0.9912,1.0398,0.9671,0.9671,84321.2507,60011.6725,42919.9791,435940.8625,310260.3339,4
111,000531.SZ,穗恒运Ａ,20260928,5.47,0.5979,1.2548,0.96,18.8315,17.3262,0.8227,1.3755,1.4593,2.5358,1.9965,104140.1332,90974.5488,43344.2359,569646.5111,497630.7885,4
112,000532.SZ,华金资本,20260928,12.45,6.8171,12.8861,0.46,26.2577,23.9326,2.6086,8.675,8.4368,0.4819,0.8032,34470.834,34354.9746,18174.812,429161.8335,427719.3765,4
113,000533.SZ,顺钠股份,20260928,10.04,3.0332,4.8947,0.51,68.0317,61.238,6.7948,3.0977,2.6768,,,69081.6,68490.24,42442.8232,693579.264,687642.0096,4
114,000534.SZ,万泽股份,20260928,21.8,2.9861,4.2958,1.15,56.3813,54.7223,5.9402,8.6076,8.3415,0.2172,,50954.8516,50453.2041,35071.0146,1110815.73,1099879.76,4
115,000536.SZ,华映科技,20260928,3.39,3.0123,5.0493,0.86,,,17.3738,6.7997,7.4523,,,276603.2803,276308.2516,164837.6623,937685.1192,936684.9675,4
116,000537.SZ,绿发电力,20260928,7.28,0.4925,1.5874,0.76,18.6905,31.4506,0.7532,3.0586,2.8644,3.3832,2.2698,205571.7899,205571.7899,63780.8262,1496562.6312,1496562.6312,4
117,000538.SZ,云南白药,20260928,50.33,0.3917,0.8979,0.92,17.4255,17.1977,2.1917,2.1803,2.1477,4.3791,5.2076,178426.2603,178413.2393,77824.5029,8980193.6658,8979538.3692,1
118,000539.SZ,粤电力Ａ,20260928,4.93,1.1413,3.2304,0.77,43.144,1193.5339,1.1376,0.5022,0.4729,0.4057,0.4057,525028.3986,255538.6899,90280.556,2588390.012,1259805.7417,4
119,000541.SZ,佛山照明,20260928,4.85,0.4039,0.8034,1.17,34.6692,52.6183,1.0999,0.8467,0.8757,2.4742,1.0309,153577.823,123051.9707,61866.1904,744852.427,596802.0545,4
120,000543.SZ,皖能电力,20260928,7.17,0.8559,2.0213,1.21,7.5628,8.801,0.9061,0.5952,0.6366,4.4491,5.2859,226686.3331,226686.3331,95991.878,1625340.9861,1625340.9861,1
121,000544.SZ,中原环保,20260928,7.15,0.2483,1.0025,0.92,6.4819,6.7742,0.7402,1.258,1.2693,3.6364,3.7762,97468.4488,97468.4488,24142.7944,696899.4175,696899.4175,4
122,000545.SZ,金浦钛业,20260928,2.16,2.4318,2.8525,0.76,,,3.333,1.3562,1.4611,,,98683.3096,98540.3096,84007.8965,213155.9496,212847.0696,4
123,000546.SZ,金圆股份,20260928,4.26,1.2111,1.8314,0.81,,,0.9048,0.3514,0.2737,,,77764.8262,69670.5206,46072.353,331278.1758,296796.4152,4
124,000547.SZ,航天发展,20260928,14.06,5.147,6.4664,1.38,,,6.1423,8.9865,7.7623,,,159846.8269,158912.1062,126486.5878,2247446.4298,2234304.2666,4
125,000548.SZ,湖南投资,20260928,4.58,0.782,1.1553,0.93,54.3511,79.546,1.1092,4.4018,5.3874,1.0917,0.655,49921.5811,49921.5811,33790.9354,228640.8364,228640.8364,0
126,000550.SZ,江铃汽车,20260928,16.12,1.027,3.2409,1.33,11.7182,11.6586,1.1631,0.3552,0.3441,4.3875,3.3906,86321.4,51846.316,16428.716,1391500.968,835762.6784,1
127,000551.SZ,创元科技,20260928,11.63,2.489,3.865,1.28,19.1123,17.9848,1.8406,1.3356,1.2813,0.7165,0.5159,48473.3046,48436.1977,31192.0713,563744.5953,563313.006,4
128,000552.SZ,甘肃能化,20260928,2.44,1.3029,2.2952,0.82,,84.3373,0.7873,1.6659,1.4892,2.7869,,535181.6776,372581.3542,211511.5513,1305843.2748,909098.494,4
129,000553.SZ,安道麦A,20260928,5.38,0.234,1.4597,0.9,,,0.7107,0.433,0.4414,,,232981.1766,217707.1961,34893.4,1253438.7484,1171264.736,4
130,000554.SZ,泰山石油,20260928,6.24,2.1779,2.1779,0.7,19.2641,17.4789,2.4591,0.9409,0.997,2.3562,2.3723,47744.4918,35930.4797,35930.4797,297925.6176,224206.1952,4
131,000555.SZ,神州信息,20260928,9.77,2.4812,4.0441,0.85,168.9456,,1.7422,0.7243,0.741,,0.1018,97577.4437,97491.6887,59814.0803,953331.6865,952493.8113,4
132,000557.SZ,西部创业,20260928,3.57,0.441,0.8437,0.87,17.7962,72.0075,0.8153,3.917,3.7327,1.4006,0.5602,145837.4735,145791.6198,76206.9067,520639.7679,520476.0834,4
133,000558.SZ,天府文旅,20260928,3.52,1.3085,1.867,0.64,,,4.4259,8.4749,9.6156,,,128922.3949,128867.9883,90320.1922,453806.848,453615.3248,4
134,000559.SZ,万向钱潮,20260928,10.91,1.4388,3.9443,0.51,35.0718,34.4599,4.3938,2.7123,2.9039,1.6374,1.8257,332902.1044,332707.9064,121364.4438,3631961.959,3629843.2588,4
135,000560.SZ,我爱我家,20260928,3.71,27.1145,35.7583,1.34,,,0.9336,0.8339,0.9176,0.1159,,235550.0851,234268.8119,177639.1228,873890.7968,869137.2851,1
136,000561.SZ,烽火电子,20260928,7.54,1.163,2.0595,0.72,,,2.2988,3.8934,3.9335,,,86401.8238,77624.736,43832.0304,651469.7982,585290.5396,4
137,000563.SZ,陕国投Ａ,20260928,2.88,0.5846,1.0358,0.92,10.281,10.2646,0.779,4.9885,4.9234,2.7778,3.125,511397.0358,511397.0358,288624.8934,1472823.4752,1472823.4752,0
138,000564.SZ,供销大集,20260928,1.44,1.1751,1.589,0.86,,,1.8127,13.7898,14.0014,,,1805806.3354,1509487.9525,1116288.7752,2600361.1152,2173662.648,4
139,000565.SZ,渝三峡Ａ,20260928,6.35,2.6292,4.4223,0.75,339.8998,203.1851,2.1454,6.9806,6.5723,0.2362,0.2362,43359.222,43359.222,25778.3238,275331.047,275331.047,4
140,000566.SZ,海南海药,20260928,4.64,3.4349,4.4554,0.48,,,,7.2424,8.5731,,,129736.5126,129665.554,99966.5651,601977.4064,601648.152,4
141,000567.SZ,海德股份,20260928,5.82,0.8006,3.2686,0.89,29.548,7.1796,1.6369,16.1645,5.1008,,,195459.2155,194876.4564,47729.7771,1137572.6604,1134180.9972,4
142,000568.SZ,泸州老窖,20260928,69.96,0.3862,0.7873,0.66,9.5076,13.717,2.2516,4.002,5.214,8.5062,8.2549,147190.1463,147116.1037,72175.6256,10297422.1944,10292242.356,4
143,000570.SZ,苏常柴Ａ,20260928,5.22,1.6199,2.7442,1.13,72.4841,44.6739,1.0403,1.4876,1.4251,0.1916,0.4215,70569.2507,55569.2507,32802.909,368371.485,290071.485,4
144,000571.SZ,新大洲A,20260928,6.34,2.6773,3.7756,0.84,,,,10.4733,8.7347,,,83912.9,81399.215,57721.0118,532007.8494,516071.0548,4
145,000572.SZ,海马汽车,20260928,3.96,7.5217,11.4843,0.92,,,4.3134,3.5218,4.3179,,,164463.6426,164225.3067,107561.0357,651276.054,650332.2276,1
146,000573.SZ,粤宏远Ａ,20260928,3.8,1.9304,2.4171,0.97,35.3502,192.3806,1.5101,4.4229,3.874,1.3158,1.3158,63828.0604,63255.9819,50520.0112,242546.628,240372.724,1
147,000576.SZ,甘化科工,20260928,8.17,1.5524,2.4249,0.75,47.0649,45.9666,2.1146,7.0539,4.5548,,,43641.8214,43381.5261,27772.7861,356553.7511,354427.1001,4
148,000581.SZ,威孚高科,20260928,17.94,0.6222,1.0612,1.05,16.2373,14.4208,0.8663,1.4425,1.3507,5.5907,4.4593,96678.5693,79389.1049,46542.825,1734413.3664,1424240.454,4
149,000582.SZ,北部湾港,20260928,9.15,2.1508,4.8913,0.99,22.1876,21.6252,1.1206,3.0249,3.0131,1.3081,1.7077,251708.448,215684.8223,94839.5238,2303132.3175,1973516.103,1
150,000586.SZ,汇源通信,20260928,12.72,4.4469,6.1916,1.1,,,7.8004,4.8006,4.6417,,,19344.0,19119.0,13731.667,246055.68,243193.68,4
151,000589.SZ,贵州轮胎,20260928,4.16,0.9718,1.247,0.98,10.4292,8.8586,0.702,0.5908,0.5627,4.0713,3.113,155439.0104,154411.0704,120341.4364,646626.2816,642350.0512,4
152,000590.SZ,古汉医药,20260928,8.92,1.4508,2.6693,1.49,,,4.0103,6.3259,6.4846,,,23947.1267,23935.1027,13009.1308,213608.3104,213501.092,4
153,000591.SZ,太阳能,20260928,4.14,0.6989,1.0715,0.66,19.6512,25.3843,0.6671,3.261,3.4871,2.737,1.8429,390485.2975,390339.6026,254606.0491,1616609.1006,1616005.944,4
154,000592.SZ,平潭发展,20260928,9.09,29.0916,35.1699,1.81,,,10.303,13.3035,16.5806,,,193178.0892,191509.2449,158411.7626,1755988.7472,1740818.9916,1
155,000593.SZ,德龙汇能,20260928,21.42,4.0648,6.887,0.74,377.7386,325.5962,8.5576,5.0555,5.4206,,,35863.1009,35848.3019,21157.9909,768187.602,767870.586,4
156,000595.SZ,新能股份,20260928,5.44,1.7134,3.2586,0.61,74.3426,,12.0855,9.3084,8.4293,,,113865.6366,113865.6366,59872.0442,619429.0816,619429.0816,4
157,000596.SZ,古井贡酒,20260928,87.9,0.7247,2.1582,0.99,13.0917,22.6443,1.8667,2.4673,3.0804,6.8259,5.0057,52860.0,40860.0,13719.5978,4646394.0,3591594.0,4
158,000597.SZ,东北制药,20260928,4.73,0.6143,1.4189,0.7,25.9521,31.428,1.2197,0.954,1.0296,2.1144,1.1628,142692.8265,140920.3737,61008.4552,674937.0386,666553.3501,1
159,000598.SZ,兴蓉环境,20260928,6.99,0.4164,1.2286,0.93,10.4025,10.1684,1.0406,2.3002,2.2516,2.6758,3.365,298384.3721,298347.7196,101126.4063,2085706.7463,2085450.5628,4
160,000599.SZ,青岛双星,20260928,4.41,1.1635,1.984,0.91,,,1.7406,2.3265,2.6983,,,244311.3119,81674.2112,47898.9012,1077412.8771,360183.2661,4
161,000600.SZ,建投能源,20260928,7.05,1.0637,1.8834,0.9,7.6349,8.1571,1.1676,0.6294,0.6548,1.64,4.0233,203437.5655,109005.0876,61564.0593,1434234.8685,768485.8845,4
162,000601.SZ,韶能股份,20260928,5.96,1.8429,2.364,0.71,59.1811,35.2911,1.4942,1.3225,1.2744,3.3491,0.8389,106408.4929,105396.0741,82163.1949,634194.6004,628160.5772,4
163,000603.SZ,盛达资源,20260928,30.06,4.204,7.0961,0.95,38.9525,24.3313,5.5221,8.4261,7.6621,0.3327,0.3992,68996.9346,66671.6359,39498.3563,2074048.0164,2004149.4984,4
164,000605.SZ,渤海股份,20260928,5.96,0.8651,1.4698,0.94,246.5153,239.593,0.9903,1.1217,1.0664,0.3356,0.2013,35265.86,35265.86,20756.9665,210184.5256,210184.5256,1
165,000607.SZ,华媒控股,20260928,3.75,9.0872,16.8196,1.15,,,3.1849,3.0611,3.0678,,,101769.841,88506.2168,47817.3634,381636.9,331898.325,4
166,000608.SZ,阳光股份,20260928,7.0,3.0109,3.3358,0.96,,,2.5929,15.3699,16.0559,,,74991.3309,57684.9309,52065.6559,524939.31,403794.51,4
167,000609.SZ,*ST中迪,20260928,9.24,1.7336,2.2953,0.96,,,,13.3198,10.9502,,,29926.5522,29071.3022,21956.8222,276521.322,268618.812,4
168,000610.SZ,*ST西旅,20260928,7.2,2.4968,3.4067,0.42,,,,3.0684,3.1488,,,23674.7901,23550.4294,17260.2149,170458.488,169563.096,4
169,000612.SZ,焦作万方,20260928,10.19,3.712,4.9181,1.32,11.3418,6.8812,1.5006,1.8704,1.6563,1.2758,3.1894,119219.9394,119219.9394,89984.0703,1214851.1886,1214851.1886,4
170,000615.SZ,*ST美谷,20260928,3.16,0.3788,0.4652,0.84,,,3.4335,5.7893,7.2481,,,178749.2693,92509.2663,75326.9845,564847.6932,292329.2932,4
171,000617.SZ,中油资本,20260928,6.54,0.3812,1.659,0.84,19.228,16.3316,0.7724,90.1018,84.0964,1.789,1.5596,1264207.9079,1264207.9079,290484.1416,8267919.7314,8267919.7314,4
172,000619.SZ,海螺新材,20260928,5.22,1.2757,1.9166,0.59,,,0.9336,0.5072,0.504,,,44116.8831,36000.0,23962.0607,230290.1136,187920.0,4
173,000620.SZ,盈新发展,20260928,3.04,3.8157,5.0826,0.48,,,4.7995,10.4333,9.0039,,,587181.504,467174.8815,350719.5315,1785031.76,1420211.6352,4
174,000623.SZ,吉林敖东,20260928,17.2,0.6621,0.9128,1.15,8.5876,6.5017,0.643,8.8084,9.1835,2.8498,2.8498,119589.5387,119102.3318,86394.2569,2056940.088,2048560.076,4
175,000625.SZ,长安汽车,20260928,7.05,0.5582,0.9096,1.2,17.149,26.8647,0.9191,0.4261,0.4453,4.8943,2.3531,991290.5548,826702.1316,507318.4018,6988598.448,5828250.0165,1
176,000626.SZ,远大控股,20260928,8.7,2.4275,5.9328,0.85,,84.0618,1.8769,0.0587,0.0556,,2.5287,50662.6864,50431.2771,20634.9618,440765.403,438752.136,4
177,000628.SZ,高新发展,20260928,54.75,4.4241,5.1445,0.84,176.5669,212.3024,8.6914,3.8728,4.6787,0.1005,0.1826,35228.0,19223.8585,16531.6285,1928733.0,1052506.335,4
178,000629.SZ,钒钛股份,20260928,2.77,0.716,1.4291,1.08,,78.6074,2.051,2.8949,2.6718,,,929094.7845,929044.443,465428.5444,2573592.5406,2573453.0988,4
179,000630.SZ,铜陵有色,20260928,5.69,1.5715,2.3997,1.11,31.5941,19.2269,2.0046,0.4417,0.3494,2.5517,1.7575,1340947.151,1114300.1681,729725.5217,7629989.2835,6340367.9673,4
180,000631.SZ,顺发恒能,20260928,2.96,0.4103,1.4337,0.5,115.4346,342.2618,1.2318,13.811,14.6291,,0.5068,230000.0085,230000.0085,65816.8233,680800.0296,680800.0296,4
181,000632.SZ,ST三木,20260928,3.62,2.4679,3.1428,0.74,,,,0.2854,0.4754,,,46551.957,46548.1606,36552.1005,168518.0952,168504.3392,4
182,000633.SZ,合金投资,20260928,5.26,2.3707,2.9911,1.34,267.5306,377.4691,10.1139,6.9472,7.4156,,,38510.6373,38510.6373,30522.6798,202565.9664,202565.9664,1
183,000635.SZ,英力特,20260928,7.35,2.9458,5.1092,1.13,,,2.9436,1.6944,1.7583,,,39413.3623,36681.9816,21149.7129,289688.196,269612.553,4
184,000636.SZ,风华高科,20260928,50.42,8.0609,10.5762,0.79,204.2113,142.2276,4.5725,10.0508,8.922,0.2975,0.1983,114749.0419,114748.9969,87459.5352,5785647.101,5785644.58,5
185,000637.SZ,茂化实华,20260928,4.2,3.1518,3.9909,1.43,,,4.6026,0.7025,0.6413,,,51987.5356,36458.9305,28793.1304,218347.668,153127.506,4
186,000639.SZ,ST西王,20260928,1.49,2.6978,3.3731,0.89,,,0.905,0.355,0.3746,,,107942.8095,107942.6247,86332.2604,160834.772,160834.5038,4
187,000650.SZ,仁和药业,20260928,5.14,0.7488,1.0139,0.62,18.2999,18.2293,1.1049,2.0347,1.9702,2.9183,2.9183,139993.8234,133138.5834,98324.1448,719568.2348,684332.3012,1
188,000651.SZ,格力电器,20260928,38.4,0.438,0.5767,0.78,7.4162,7.7182,1.4484,1.2619,1.3235,7.7898,7.8045,560140.5741,551289.2991,418637.9131,21509398.272,21169509.12,4
189,000652.SZ,泰达股份,20260928,3.27,0.5456,0.7948,0.74,,,0.8805,0.2671,0.4318,0.9276,,145933.3963,145822.247,100102.5459,477202.218,476838.7575,4
190,000655.SZ,金岭矿业,20260928,7.05,0.6903,1.6599,0.89,15.656,17.7536,1.1859,2.523,2.346,2.9787,3.2057,59534.023,59534.023,24760.0085,419714.841,419714.841,4
191,000656.SZ,金科股份,20260928,1.21,1.842,2.5181,0.53,0.4369,0.3475,3.069,1.8611,2.6548,,,1058873.1632,758709.6632,554992.8489,1281236.5236,918038.6886,4
192,000657.SZ,中钨高新,20260928,53.25,3.2285,5.2442,0.8,94.7433,43.1598,10.7567,6.879,4.6372,0.3005,0.4319,227858.478,145345.2007,89481.401,12133464.06,7739631.9,4
193,000659.SZ,珠海中富,20260928,2.74,2.2379,2.6549,1.27,,,51.634,3.5683,3.8764,,,128570.252,128570.252,108374.1312,352282.485,352282.485,1
194,000661.SZ,长春高新,20260928,70.5,0.7894,1.0899,0.59,185.5799,,1.2832,2.3801,2.6091,3.6317,0.2235,40793.7529,39477.7531,28592.6444,2875959.375,2783181.375,4
195,000663.SZ,永安林业,20260928,6.08,5.9516,8.4689,2.59,,,2.2478,6.304,5.9485,,,33639.7452,30630.1196,21525.5731,204529.68,186231.1296,0
196,000665.SZ,湖北广电,20260928,3.94,2.0348,3.1379,1.16,,,1.466,2.9516,3.1434,,,113714.9495,113711.978,73738.9323,448036.903,448025.2012,4
197,000668.SZ,荣丰控股,20260928,17.18,4.2327,7.1629,0.76,98.7497,95.5043,3.5091,6.356,6.257,,0.9099,15029.0569,14684.189,8677.2104,258199.2508,252274.3842,4
198,000669.SZ,ST金鸿,20260928,4.1,0.5299,0.6683,1.03,101.9403,39.6978,37.7206,2.2353,2.2141,,,68040.8797,68040.8797,53950.9653,278967.608,278967.608,4
199,000670.SZ,盈方微,20260928,7.67,6.112,7.185,0.74,,,200.422,1.3665,1.2172,,,84594.4477,83045.0077,70642.7093,648839.4139,636955.2091,4
200,000672.SZ,上峰材料,20260928,14.71,1.9742,4.6884,1.12,22.3633,8.126,1.4322,3.0389,3.3485,4.2122,4.259,96939.545,96939.545,40818.872,1425980.7805,1425980.7805,4
201,000676.SZ,智度股份,20260928,6.37,7.2273,9.6317,0.72,56.6743,39.6388,1.8621,1.9928,1.9752,,,125978.9215,125902.8332,94472.7454,802485.7204,802001.0271,4
202,000677.SZ,ST海龙,20260928,1.74,1.9666,2.567,0.8,433.1295,,2.8577,1.3123,1.2518,,,86397.7948,86397.7948,66189.5048,150332.1546,150332.1546,4
203,000678.SZ,襄阳轴承,20260928,10.65,7.612,13.8476,3.11,,,6.2962,3.18,3.3841,,,45961.1797,45961.1797,25264.8784,489486.567,489486.567,2
204,000679.SZ,大连友谊,20260928,6.33,1.4496,2.015,0.64,,,17.932,5.3591,5.0272,,,35640.0,35640.0,25640.0,225601.2,225601.2,4
205,000680.SZ,山推股份,20260928,8.92,0.9179,1.3448,0.64,11.05,10.1384,2.0061,0.9153,0.8419,1.3961,1.11,150014.2612,131457.0547,89725.2547,1338127.1992,1172596.886,4
206,000681.SZ,视觉中国,20260928,15.6,2.003,2.6687,0.66,131.6312,77.8632,2.9823,14.0391,14.5869,0.1536,0.064,70057.7436,67613.5043,50746.86,1092900.744,1054770.6,4
207,000682.SZ,东方电子,20260928,10.27,0.6157,1.0515,1.02,15.098,13.5998,2.2026,1.6436,1.5501,0.7984,0.8471,134072.7007,134060.0019,78497.4781,1376926.629,1376796.2,4
208,000683.SZ,博源化工,20260928,5.49,1.0578,1.403,0.86,21.6579,19.7472,1.6541,1.6899,1.674,5.4673,5.4645,371683.156,333856.5773,251724.837,2040540.5484,1832872.6242,4
209,000685.SZ,中山公用,20260928,10.63,0.6956,1.4956,1.1,8.3018,5.9376,0.8053,3.3829,3.3453,4.064,3.6218,146773.113,124658.194,57979.5216,1560198.1593,1325116.5597,4
210,000686.SZ,东北证券,20260928,7.5,0.5124,0.8929,1.06,12.0941,9.8333,0.859,3.4629,3.0958,2.9333,3.3333,234045.2915,234045.2915,134321.0589,1755339.675,1755339.675,4
211,000688.SZ,国城矿业,20260928,23.91,0.9814,2.7965,0.69,26.3218,23.5654,8.3704,5.8958,4.7152,,0.5437,118506.7706,118506.3386,41589.6473,2833496.8707,2833486.5894,4
212,000690.SZ,宝新能源,20260928,5.2,3.6529,4.4865,1.67,11.0441,10.2982,0.8712,1.3105,1.3391,3.8462,3.8462,217588.7862,217446.8225,177044.2467,1131461.656,1130723.464,1
213,000691.SZ,亚太实业,20260928,8.97,1.5466,1.7524,0.64,,,9.6774,8.3486,7.423,,,48490.5,32327.0,28531.8205,434959.785,289973.19,4
214,000692.SZ,惠天热电,20260928,4.12,1.6258,2.3222,0.97,,,56.3391,1.0436,1.0289,,,53283.2976,53283.2976,37303.6368,219527.196,219527.196,0
215,000695.SZ,滨海能源,20260928,12.6,1.2905,1.8598,0.77,,,8.4034,5.0807,3.8463,,,23175.2139,22199.3139,15403.5161,292007.646,279711.306,4
216,000697.SZ,炼石航空,20260928,8.98,1.1164,1.6692,1.43,,,3.8539,6.6903,5.9944,,,139608.83,65310.7348,43680.8641,1253687.2934,586490.3554,1
217,000698.SZ,ST沈化,20260928,3.59,0.5982,1.087,1.11,,657.0581,2.0127,0.5244,0.4769,,,81951.4395,78571.4395,43239.9572,294205.6696,282071.4696,4
218,000700.SZ,模塑科技,20260928,12.1,5.7608,8.2296,1.03,22.9991,22.0113,2.6794,1.5627,1.6434,1.7934,2.7008,91801.5389,91801.5389,64261.0719,1110798.634,1110798.634,4
219,000701.SZ,厦门信达,20260928,5.17,5.3441,8.9688,2.61,226.6847,6.9956,,0.1067,0.1134,,,66831.3106,66774.6631,39787.9395,345517.8727,345224.9922,4
220,000702.SZ,正虹科技,20260928,5.78,2.2082,3.8344,1.03,,,6.1703,1.967,1.8392,,,34662.4948,34662.4948,19961.696,200349.1922,200349.1922,1
221,000703.SZ,恒逸石化,20260928,17.26,1.6482,3.3703,0.95,274.7091,11.9611,2.3803,0.6251,0.5683,0.2325,4.9724,411158.8968,409090.3843,200057.1662,7096602.5588,7060900.033,1
222,000705.SZ,浙江震元,20260928,7.05,1.553,1.7464,0.85,103.8051,,1.2154,1.0351,1.2636,0.8511,,33412.3286,28196.527,25073.9756,235556.9265,198785.5365,1
223,000707.SZ,双环科技,20260928,4.51,1.1074,1.4047,0.87,,,0.9721,1.2688,1.3387,3.1945,,58471.7193,55070.3589,43414.0379,263707.4572,248367.3236,4
224,000708.SZ,中信特钢,20260928,12.79,0.1631,1.0098,0.76,10.8883,10.5474,1.4723,0.6012,0.6071,5.5294,5.0492,504715.9056,504713.6556,81504.3856,6455316.4889,6455287.7114,4
225,000709.SZ,河钢股份,20260928,1.99,0.5541,1.5732,0.76,20.53,19.7512,0.3963,0.1741,0.1748,1.5075,2.0101,1033712.1092,1033541.2398,364017.535,2057087.0989,2056747.0676,4
226,000710.SZ,贝瑞基因,20260928,10.28,20.3761,26.3217,1.68,,,2.5554,3.9085,3.9113,,,35352.1465,33552.7358,25973.7531,363420.102,344922.1672,4
227,000711.SZ,京蓝科技,20260928,4.7,2.1667,2.1667,0.56,,,19.0131,29.2124,19.9649,,,295349.7223,235701.486,235701.486,1388143.731,1107797.003,4
228,000712.SZ,锦龙股份,20260928,9.75,3.7007,5.0715,0.63,30.8161,50.53,3.2573,9.3945,10.1348,,,89600.0,89573.4125,65362.3621,873600.0,873340.7475,4
229,000713.SZ,国投丰乐,20260928,6.11,2.8818,4.0726,0.51,73.8722,77.6051,1.5767,1.68,1.6546,0.2518,0.491,79821.9474,61401.498,43447.2078,487712.1145,375163.165,4
230,000715.SZ,中兴商业,20260928,5.27,1.151,2.2206,0.86,24.9347,25.5769,1.4065,3.8173,3.9593,1.4596,1.2334,54043.4622,48623.1055,25203.548,284809.0869,256243.7897,4
231,000716.SZ,黑芝麻,20260928,4.96,2.4384,3.7638,0.76,,,1.4775,1.655,1.4816,1.0089,,75288.405,73572.4137,47665.4322,373430.4888,364919.172,4
232,000717.SZ,中南股份,20260928,2.13,0.6829,1.4516,0.71,,,0.7681,0.1976,0.2009,,,242384.559,242369.709,114018.42,516279.1128,516247.4823,0
233,000718.SZ,苏宁环球,20260928,2.04,1.1359,1.7207,0.65,332.9165,,0.6745,4.4621,6.263,3.4314,1.4706,303463.6384,228209.3122,150654.2061,619065.8256,465546.9924,0
234,000719.SZ,中原传媒,20260928,11.86,0.8494,1.8675,1.03,8.8214,8.9925,1.0049,1.2976,1.3493,5.059,5.5649,102320.3749,66714.7543,30345.1786,1213519.5882,791236.935,4
235,000720.SZ,新能泰山,20260928,3.53,2.1026,3.6063,0.52,,,2.3771,3.0942,3.0696,,,125653.1571,125653.1571,73261.3407,443555.6548,443555.6548,4
236,000721.SZ,西安饮食,20260928,6.06,1.6953,2.6226,0.41,,,33.5003,6.1811,6.7752,,,57391.4308,51236.0308,33119.842,347792.0658,310490.3418,4
237,000722.SZ,湖南发展,20260928,13.0,2.9782,6.1446,0.68,115.2968,54.3958,2.1956,23.8204,17.4688,0.279,0.279,63978.9346,46415.8282,22496.9877,831726.22,603405.79,4
238,000723.SZ,美锦能源,20260928,3.44,1.1219,1.7937,0.86,,,1.2565,0.843,0.8263,,,440350.2262,439517.6042,274905.4456,1514804.7568,1511940.544,4
239,000725.SZ,京东方Ａ,20260928,5.8,3.9593,4.7484,0.87,36.684,27.3434,1.6138,1.0502,1.0408,0.8708,0.9647,3704432.8064,3536713.4117,2948984.0167,21485710.24,20512937.778,4
240,000726.SZ,鲁泰Ａ,20260928,5.96,1.381,1.8127,0.87,8.2085,9.9989,0.4932,0.8252,0.8454,3.3545,4.194,81752.5607,58933.6475,44898.2892,487245.2576,351244.554,4
241,000727.SZ,冠捷科技,20260928,2.15,1.4112,2.4129,1.02,,,5.8286,0.1795,0.174,,,452956.698,452956.698,264919.5807,973856.905,973856.905,4
242,000728.SZ,国元证券,20260928,7.18,0.424,0.7227,1.02,12.9142,11.4995,0.8113,5.0141,4.6092,3.3426,2.507,436377.7891,436377.7891,256053.2416,3133192.5322,3133192.5322,4
243,000729.SZ,燕京啤酒,20260928,10.85,0.7349,1.6063,0.71,18.2126,15.4814,1.8117,1.9945,1.9348,2.6728,2.765,281853.9341,250960.6667,114810.7076,3058115.249,2722923.2695,1
244,000731.SZ,四川美丰,20260928,8.07,2.4075,2.7714,0.83,,,1.1655,1.1922,1.182,3.3863,1.2414,54882.59,54882.59,47677.2348,442902.5013,442902.5013,1
245,000733.SZ,振华科技,20260928,39.13,2.2767,3.3002,1.28,21.1472,22.5895,1.3741,3.768,3.8812,0.46,0.9711,55416.9431,55408.4081,38224.6137,2168465.2535,2168131.0833,4
246,000735.SZ,罗牛山,20260928,5.67,5.437,6.5627,1.03,42.4595,,1.639,1.9335,1.8476,0.3527,0.6173,115151.3578,115089.7517,95348.4579,652908.2112,652558.8825,1
247,000736.SZ,中交发展,20260928,4.6,1.7958,3.7537,0.5,,,2.8014,0.2337,1.5351,,,74709.8401,74709.8401,35741.9096,343665.264,343665.264,0
248,000737.SZ,北方铜业,20260928,13.05,3.9321,8.0216,0.89,31.4395,14.6252,3.1451,0.8904,0.6755,0.8429,1.0728,190471.6435,190454.2585,93359.8923,2485655.0325,2485428.093,4
249,000738.SZ,航发控制,20260928,18.82,0.8301,1.6751,0.97,74.0131,101.9313,1.9664,4.7861,4.7642,0.9139,0.4091,131518.4001,131518.4001,65177.1507,2475176.288,2475176.288,1
250,000739.SZ,普洛药业,20260928,26.81,1.9153,4.0782,1.26,34.8699,36.5384,4.7286,3.1745,3.3897,2.6159,0.8628,115844.3576,115797.9723,54382.4415,3105787.2916,3104543.5757,1
251,000750.SZ,国海证券,20260928,3.55,0.5634,0.7461,0.87,29.4725,23.8578,0.9884,6.5623,5.5561,1.1831,1.1831,638617.4477,579620.3977,437648.8941,2267091.9475,2057652.42,4
252,000751.SZ,锌业股份,20260928,4.35,1.0843,1.6261,0.78,103.1273,100.2101,1.9151,0.3793,0.3576,,0.2299,161563.0595,161563.007,107726.6728,702799.311,702799.0935,4
253,000752.SZ,*ST西发,20260928,9.01,1.0964,1.3508,1.67,16.503,16.9513,3.7367,5.4844,5.45,,,26375.8491,26375.8491,21407.3042,237646.4085,237646.4085,1
254,000753.SZ,漳州发展,20260928,5.52,12.7863,20.545,2.0,84.2027,78.7354,1.9935,1.99,2.1488,0.3623,0.3623,99148.1071,99148.1071,61705.3723,547297.5672,547297.5672,1
255,000755.SZ,山西高速,20260928,4.68,0.2042,0.9004,0.87,14.7604,14.6185,1.255,4.2146,4.2189,4.2735,4.2735,146731.0196,146731.0196,33275.4941,686701.1736,686701.1736,1
256,000756.SZ,新华制药,20260928,14.33,12.4065,24.0905,1.07,34.439,46.3787,1.8939,1.1404,1.1782,1.7206,1.0468,69668.3435,49887.2911,25691.6831,998347.3122,714884.8657,1
257,000757.SZ,浩物股份,20260928,4.26,1.503,2.167,0.76,47.5294,63.0106,1.4083,0.8126,0.9682,,,53271.6095,53271.6095,36949.7157,226937.0586,226937.0586,4
258,000758.SZ,中色股份,20260928,5.63,1.1561,1.7935,1.04,23.5571,17.505,1.7198,1.1069,0.999,0.8183,0.9773,198974.6067,198237.8132,127790.8153,1120227.0357,1116078.8883,4
259,000759.SZ,中百集团,20260928,6.18,7.5867,11.9175,0.47,,,7.7212,0.4895,0.5592,,,65602.9486,65570.6025,41742.3281,405426.231,405226.308,4
260,000761.SZ,本钢板材,20260928,2.2,0.3597,2.376,0.6,,,1.7736,0.1948,0.2053,,,410839.0102,370839.0102,56139.0476,903845.822,815845.822,4
261,000762.SZ,西藏矿业,20260928,20.15,1.5144,1.914,1.06,,232.3842,3.511,29.8135,13.8215,0.2483,0.4963,52081.924,52080.0618,41206.7135,1049450.688,1049413.209,4
262,000766.SZ,通化金马,20260928,15.18,0.8672,1.0796,0.72,427.906,596.7106,6.3303,12.5401,13.6207,,,96649.4707,96561.3556,77561.3556,1467139.1064,1465801.4448,4
263,000767.SZ,晋控电力,20260928,3.26,1.6956,2.6377,0.7,51.1359,58.1107,1.6573,0.6487,0.656,,,307694.2219,291224.6436,187210.3509,1003083.1572,949392.3264,4
264,000768.SZ,中航西飞,20260928,22.92,1.5191,3.3581,2.28,55.3591,66.941,2.8453,1.5539,1.781,0.5237,0.6545,278061.0135,277641.4009,125598.4291,6373158.3492,6363540.888,1
265,000776.SZ,广发证券,20260928,19.81,0.7018,1.4193,0.98,11.3133,8.2087,1.1221,4.3674,3.2997,2.524,3.0288,782484.5511,590404.9311,291937.224,15501018.9355,11695921.6633,4
266,000777.SZ,中核科技,20260928,16.04,0.8378,1.1571,1.11,36.1993,39.5831,2.4341,3.5521,4.062,1.2157,0.8292,38341.7593,38341.0827,27761.4548,615001.8304,614990.9232,4
267,000778.SZ,新兴铸管,20260928,3.5,1.4491,2.427,1.65,14.6449,15.1621,0.5291,0.3747,0.3432,0.5714,2.1429,396318.2285,389345.129,232464.7851,1387113.805,1362707.955,4
268,000779.SZ,甘咨询,20260928,8.36,4.3846,8.0302,0.6,26.085,32.3325,0.9679,1.8871,1.9143,0.9569,0.4785,46482.9452,46477.9692,25377.4429,388597.462,388555.8292,4
269,000782.SZ,恒申新材,20260928,8.06,2.3215,2.6493,0.85,,,3.5125,2.252,2.1941,,,68658.1509,52813.9623,46278.9623,553384.689,425680.5176,4
270,000783.SZ,长江证券,20260928,7.92,1.6379,3.0853,1.65,11.8488,8.5013,1.1868,4.1524,3.2952,1.8939,3.7879,553007.2948,553007.2948,293578.2013,4379817.7368,4379817.7368,4
271,000785.SZ,居然智家,20260928,2.22,1.3423,4.2964,1.04,,,0.7182,1.2405,1.3615,,,622704.8814,619273.5133,193476.5517,1382404.8336,1374787.1922,4
272,000786.SZ,北新建材,20260928,15.85,1.1346,2.0445,1.24,9.2832,11.4699,0.9864,1.0673,1.1079,5.4166,4.3218,170223.6042,168950.7842,93756.9604,2698044.06,2677869.863,4
273,000788.SZ,北大医药,20260928,5.4,1.7932,2.5715,0.73,38.8298,84.1177,2.1209,2.1711,3.3105,1.1111,3.6667,59598.7425,59598.7425,41559.7687,321833.196,321833.196,1
274,000789.SZ,万年青,20260928,4.09,0.5145,1.0154,0.63,112.3984,,0.5171,0.7159,0.8139,3.4905,3.4906,79742.0215,79742.0215,40403.4811,326144.8618,326144.8618,4
275,000790.SZ,华神科技,20260928,4.42,20.3637,24.8024,3.06,,,3.818,5.0538,5.6643,,,62371.9364,62264.2739,51121.1458,275683.9306,275208.0734,4
276,000791.SZ,甘肃能源,20260928,7.09,0.628,1.5814,0.69,11.211,11.1305,1.5164,2.537,2.4719,2.5388,3.244,324383.9742,193563.2286,76869.943,2299882.4182,1372363.3007,1
277,000792.SZ,盐湖股份,20260928,23.13,0.9446,1.4428,1.09,14.4409,10.1564,2.5632,7.8958,5.7469,,,529157.2541,529151.8096,346420.0498,12239407.1925,12239281.3653,4
278,000793.SZ,ST华闻,20260928,2.01,0.4502,0.698,1.15,,,3.3299,24.8143,23.6113,,,439394.0005,266470.3163,171883.83,883181.94,535605.3432,4
279,000795.SZ,英洛华,20260928,8.24,1.3425,2.6833,1.06,36.7972,39.153,3.4822,2.368,2.108,3.1259,1.4913,111625.0714,111624.9027,55846.6164,919790.5768,919789.176,4
280,000796.SZ,凯撒旅业,20260928,3.5,2.6753,3.4236,0.7,200.4642,135.9872,6.3405,7.0222,6.1218,,,160378.8916,133076.8828,103992.7697,561326.115,465769.08,4
281,000797.SZ,中国武夷,20260928,2.61,5.0131,11.1129,1.2,,,0.9581,0.5748,0.566,,,157075.4217,157057.4029,70850.5381,409966.8462,409919.814,4
282,000798.SZ,中水渔业,20260928,9.75,3.6959,7.6479,0.65,42.5904,35.7397,6.5354,0.8215,0.7634,,,36585.8712,36583.6212,17679.0466,356712.2325,356690.295,4
283,000799.SZ,酒鬼酒,20260928,36.02,1.0797,1.5648,0.74,,,3.204,10.5646,10.8719,1.6657,0.8329,32492.898,32489.753,22417.0239,1170394.258,1170280.795,4
284,000800.SZ,一汽解放,20260928,5.84,0.2088,0.9552,1.11,39.6667,28.4176,1.0892,0.4585,0.3982,0.8562,0.7705,492128.0975,492063.5033,107548.5132,2874028.0456,2873650.84,4
285,000801.SZ,四川九洲,20260928,11.54,0.7794,1.5355,0.96,65.4665,57.5256,4.0198,2.8525,2.5829,0.8721,0.1733,101632.4759,101593.9973,51564.6494,1172838.8192,1172394.76,4
286,000802.SZ,北京文化,20260928,3.79,8.7009,11.2211,1.08,,,4.5843,8.1682,9.9798,,,71590.0255,71554.4005,55483.4777,271326.2137,271191.176,4
287,000803.SZ,山高环能,20260928,6.88,1.8273,2.6402,0.94,105.8833,58.5105,2.1234,2.2177,2.1893,,,46629.6153,46488.8628,32174.6305,320811.7168,319843.3568,4
288,000807.SZ,云铝股份,20260928,25.37,1.513,2.6133,1.07,14.5312,8.0198,2.3055,1.4653,1.3342,1.9708,2.7552,346795.7405,346792.0301,200781.1353,8798207.9238,8798113.8011,4
289,000809.SZ,和展能源,20260928,3.41,3.6965,5.6259,1.12,,,1.0559,7.8372,5.3969,,,82479.1293,82479.1293,54193.3793,281253.8333,281253.8333,4
290,000810.SZ,创维数字,20260928,9.02,1.6505,3.5928,1.4,57.6814,35.9789,1.5771,1.1778,1.0287,1.4305,0.8869,115019.5579,111815.8175,51366.2258,1037476.4312,1008578.6964,4
291,000811.SZ,冰轮环境,20260928,37.9,3.3469,5.2648,0.67,66.6476,61.7057,5.7819,5.3341,4.9416,0.5075,0.2639,99247.7985,98518.0553,62630.1099,3761491.62,3733834.474,4
292,000812.SZ,陕西金叶,20260928,3.68,2.0832,2.4875,0.47,,,1.8489,1.9948,1.9491,0.7733,,75633.1187,75612.9681,63324.5041,278329.8816,278255.7296,4
293,000813.SZ,德展健康,20260928,3.2,0.9338,1.3685,0.64,,,1.466,16.9117,17.9871,,,209710.554,209664.804,143055.8282,671073.76,670927.36,0
294,000815.SZ,美利云,20260928,14.58,3.8151,5.7087,0.63,152.1409,127.4534,7.1515,29.5709,29.7126,,,69526.3035,69526.3035,46463.1987,1013693.454,1013693.454,4
295,000816.SZ,智慧农业,20260928,2.78,1.8448,2.4824,0.49,,,2.0306,3.2162,3.1175,,,144701.3318,143950.9072,106980.4372,402269.6974,400183.5298,4
296,000818.SZ,航锦科技,20260928,11.31,2.3211,3.1837,1.07,,,3.4073,1.8104,2.2252,,,66000.0039,65821.1439,47987.9239,746460.0,744437.0934,4
297,000819.SZ,岳阳兴长,20260928,11.83,0.9783,1.4724,1.12,,,2.0659,1.1671,0.9385,0.8538,,36602.0106,36602.0106,24319.7195,433001.7783,433001.7783,4
298,000820.SZ,神雾节能,20260928,3.51,3.3565,3.4484,0.76,,,28.6833,6.8619,6.0962,,,64655.5179,29696.6877,28904.9696,226940.8752,104235.3819,4
299,000821.SZ,ST京机,20260928,7.25,0.865,1.1226,0.97,22.8494,79.5818,1.0821,0.6363,0.8011,0.9655,0.4506,62287.4778,59857.5718,46121.9429,451584.23,433967.3825,4
300,000822.SZ,山东海化,20260928,4.19,0.6743,1.1301,0.74,,,1.051,0.7903,0.7919,,,89509.1926,89509.1926,53404.3048,375043.5061,375043.5061,4
301,000823.SZ,超声电子,20260928,22.18,26.9198,37.1412,0.9,59.3219,59.6823,2.3675,2.0844,1.9883,0.8139,0.8139,59495.4911,59493.2167,43120.4867,1319609.9682,1319559.6196,4
302,000825.SZ,太钢不锈,20260928,3.3,0.5735,1.5633,1.02,364.8021,,0.574,0.208,0.2047,,0.2727,569624.7796,569624.7796,208979.3462,1879761.774,1879761.774,4
303,000826.SZ,*ST启环,20260928,1.76,1.0007,1.2537,0.77,,,,0.5392,0.5755,,,142535.3248,142515.3384,113754.78,250862.1808,250826.9984,4
304,000828.SZ,东莞控股,20260928,9.93,0.3959,1.3121,0.98,12.5347,12.2663,0.995,6.6513,6.9429,4.7835,3.2729,103951.6992,103951.6992,31367.4398,1032240.381,1032240.381,4
305,000829.SZ,天音控股,20260928,8.66,3.9176,6.0237,1.05,,156.1542,3.0307,0.098,0.0868,0.1155,,102510.0438,102412.9669,66606.1551,887737.033,886896.3202,4
306,000830.SZ,鲁西化工,20260928,11.32,0.9037,1.7695,0.92,23.7749,19.2861,1.1028,0.7397,0.7245,3.1014,1.7668,190431.9011,190417.8218,97247.1521,2155689.108,2155529.7224,4
307,000831.SZ,中国稀土,20260928,52.29,1.9109,3.0839,1.07,321.546,223.9171,10.9611,17.4386,18.7882,,0.0555,106122.0807,106122.0807,65757.3396,5549123.5632,5549123.5632,4
308,000833.SZ,粤桂股份,20260928,18.45,3.2193,3.9394,0.77,32.8716,17.3689,3.5381,5.1584,3.9032,0.6202,0.9151,85511.6988,45370.6652,37076.3003,1577690.865,837088.8615,4
309,000837.SZ,秦川机床,20260928,9.47,0.7715,1.411,0.73,183.182,176.0614,1.9547,2.3691,2.2437,0.3168,0.3168,102314.5837,100739.7487,55081.1386,968919.1673,954005.4325,4
310,000838.SZ,*ST发展,20260928,2.16,2.9529,4.4354,0.77,,,,8.3891,14.158,,,110046.217,105376.5855,70154.1376,237699.8352,227613.4344,4
311,000839.SZ,国安股份,20260928,2.83,1.9431,3.0572,0.72,117.757,,9.0916,3.3385,3.2095,,,391982.6352,391982.6352,249133.8007,1109310.8712,1109310.8712,0
312,000848.SZ,承德露露,20260928,8.02,1.1336,2.0078,1.06,13.0447,12.2719,2.5366,2.5777,2.4567,3.849,6.2344,102000.0074,101061.4074,57058.2708,818040.0802,810512.5082,4
313,000850.SZ,华茂股份,20260928,5.14,21.8585,40.7916,8.79,23.5588,50.6744,1.0658,1.423,1.3612,1.8834,1.8834,94366.5009,94337.4379,50551.3811,485043.81,484894.4416,1
314,000852.SZ,石化机械,20260928,5.21,1.4806,3.0859,1.14,458.6008,,1.5817,0.6913,0.7269,,,95577.0136,95025.8873,45592.0874,497956.2742,495084.8869,4
315,000856.SZ,冀东装备,20260928,8.82,1.9983,2.8547,1.21,76.6662,93.3947,4.7503,0.7205,0.7729,,0.4535,22700.0,22700.0,15890.0001,200214.0,200214.0,1
316,000858.SZ,五粮液,20260928,68.91,0.3958,0.8824,0.97,29.872,20.4444,2.2576,6.5998,5.8871,12.0781,7.4822,388160.8005,388151.3391,174105.0794,26748160.728,26747508.8394,4
317,000859.SZ,国风新材,20260928,8.68,2.9506,4.1624,0.51,,,2.8942,3.5811,3.3597,,,89597.6271,89592.0771,63507.9137,777707.4284,777659.2544,4
318,000860.SZ,顺鑫农业,20260928,10.11,1.0891,1.7667,0.73,,,1.1044,1.0381,1.1654,1.4837,,74176.6989,74176.6989,45725.5821,749926.437,749926.437,1
319,000862.SZ,银星能源,20260928,5.24,2.0477,2.595,0.87,108.1772,,1.093,3.6732,3.7754,,,91795.4696,71318.8589,56276.5732,481008.2628,373710.8264,1
320,000863.SZ,三湘印象,20260928,4.39,1.5845,2.944,0.82,,,1.195,7.0439,4.0682,,,118069.956,116481.4068,62693.0661,518327.1244,511353.3899,4
321,000868.SZ,安凯客车,20260928,4.18,9.8853,18.866,1.26,,,4.8894,1.1455,1.1042,,,93951.4735,93951.3985,49228.2222,392717.1864,392716.852,1
322,000869.SZ,张裕Ａ,20260928,17.05,0.5848,2.4287,0.81,153.8466,418.464,1.0672,3.6698,3.5486,2.3571,1.4663,64328.0128,45505.562,10958.1764,1096792.6182,775869.8321,1
323,000875.SZ,电投绿能,20260928,4.56,0.9298,1.3197,0.92,32.128,85.3568,0.9365,1.2612,1.2764,1.25,1.2939,362727.0626,334243.9867,235503.643,1654035.4392,1524152.5944,4
324,000876.SZ,新希望,20260928,6.82,0.8255,1.8346,0.95,,,1.8821,0.3167,0.3054,0.321,,496214.1115,450000.8269,202489.017,3384180.2302,3069005.6606,4
325,000877.SZ,天山股份,20260928,3.6,0.4953,2.6261,0.97,,,0.3551,0.3436,0.3727,,,711049.1694,711049.0194,134113.7338,2559777.012,2559776.472,4
326,000878.SZ,云南铜业,20260928,15.61,1.8957,2.8635,0.85,29.0882,21.9012,1.9856,0.2109,0.1828,1.2702,1.4734,242518.404,200362.081,132641.4927,3785712.224,3127652.0688,4
327,000880.SZ,潍柴重机,20260928,23.72,4.6613,4.6613,0.53,45.8341,38.3769,4.947,1.7983,1.4484,0.8733,0.489,46384.884,22702.68,22702.68,1100249.3536,538507.5696,4
328,000881.SZ,中广核技,20260928,6.32,0.7479,1.2287,1.08,,,1.2164,1.076,1.0843,,,94542.5815,90373.0851,55004.702,597509.1688,571157.9288,4
329,000882.SZ,华联股份,20260928,1.5,1.5334,2.1358,0.39,,,0.6489,3.428,3.6384,,,273735.1947,273563.6141,196402.6704,410602.785,410345.415,0
330,000883.SZ,湖北能源,20260928,4.34,0.2688,1.0501,0.79,16.0905,15.0036,0.8254,1.759,1.7387,2.1155,3.4562,707938.763,647951.0729,165867.4088,3072454.2184,2812107.6438,0
331,000885.SZ,城发环境,20260928,11.54,0.376,1.2877,1.16,5.9942,6.0846,0.7557,1.1289,1.1198,3.0849,3.3449,64207.8255,64207.8255,18747.3891,740958.3582,740958.3582,4
332,000886.SZ,海南高速,20260928,4.56,1.1646,1.5952,0.91,29.1597,17.8954,1.3861,6.8612,5.4676,,,98882.83,97963.6898,71520.9893,450905.7048,446714.4264,4
333,000887.SZ,中鼎股份,20260928,18.55,1.9253,3.2373,1.1,15.3649,16.8119,1.6535,1.2334,1.2184,1.0782,1.0782,131648.9747,131437.0608,78166.9287,2442088.3935,2438157.463,4
334,000888.SZ,峨眉山Ａ,20260928,9.14,1.0209,1.6901,0.69,21.8882,21.7602,1.7777,5.1591,5.2392,3.6105,2.5164,52691.3102,52691.3102,31826.6608,481598.5734,481598.5734,4
335,000889.SZ,中嘉博创,20260928,3.63,3.0762,4.1567,0.74,,28.2494,17.0629,2.1339,2.1942,,,93629.1116,86979.9451,64370.7433,339873.7056,315737.2185,4
336,000890.SZ,法尔胜,20260928,7.02,4.4398,7.4486,0.82,,,1922.2781,9.4973,9.2954,,,41950.3968,41949.1046,25004.2336,294491.7378,294482.682,4
337,000892.SZ,欢瑞世纪,20260928,4.33,16.8554,20.7985,1.06,,,8.4006,8.065,7.366,,,98098.0473,71079.8804,57604.2387,424764.5565,307775.8804,4
338,000893.SZ,亚钾国际,20260928,36.29,1.3498,2.0043,0.9,20.0492,15.4691,2.295,6.2974,5.062,,0.2997,92405.1187,81113.8324,54625.853,3353381.8048,2943620.8907,4
339,000895.SZ,双汇发展,20260928,23.57,0.4613,1.5551,2.13,15.9977,16.053,3.9073,1.3777,1.3854,5.9398,3.3941,346466.1213,346421.2167,102748.4803,8166206.4484,8165148.1554,1
340,000897.SZ,津滨发展,20260928,1.88,1.6921,2.1397,0.66,,,1.012,7.3707,10.0181,5.0532,,161727.2234,161724.1634,127892.9294,304047.1736,304041.4208,0
341,000898.SZ,鞍钢股份,20260928,1.97,0.3893,1.5068,0.78,,,0.4433,0.1922,0.1977,,,936922.1258,795750.8008,205564.2941,1845736.5961,1567629.076,4
342,000899.SZ,赣能股份,20260928,8.99,0.8846,2.9851,0.94,8.7137,10.5415,1.4432,1.1856,1.0391,3.6707,6.307,97567.776,97567.776,28912.0529,877134.3422,877134.3422,1
343,000900.SZ,现代投资,20260928,3.52,0.5876,1.0994,0.95,13.207,16.0699,0.4872,0.9004,0.7822,4.2614,4.5455,151782.8334,151775.2584,81117.3699,534275.5968,534248.9152,4
344,000901.SZ,航天科技,20260928,13.87,1.389,2.1338,1.0,157.5985,677.4553,2.6181,2.0151,2.3063,,0.0721,79820.1406,79819.3306,51957.9601,1107105.3418,1107094.1071,4
345,000902.SZ,新洋丰,20260928,13.6,0.6142,1.2601,1.33,10.5839,10.521,1.3627,0.9455,0.8562,2.2059,2.2059,125473.4262,114278.3444,55704.0002,1706438.512,1554185.424,4
346,000903.SZ,ST云动,20260928,1.92,0.9672,1.4623,1.33,,,7.5862,0.7872,0.8793,,,192026.1648,192026.1648,127011.9255,368690.2272,368690.2272,4
347,000905.SZ,厦门港务,20260928,9.42,6.8847,14.3903,1.95,70.6185,79.1111,1.5643,0.6566,0.6669,0.5616,1.7031,154230.7913,74180.8097,35490.0575,1452854.0418,698783.2302,4
348,000906.SZ,浙商中拓,20260928,6.19,1.4709,2.738,1.35,19.7238,16.3929,0.8964,0.0187,0.0173,3.226,2.1002,70966.3179,70370.1505,37804.2792,439281.5208,435591.2285,1
349,000908.SZ,石药景峰,20260928,5.97,1.2817,1.4719,0.81,,,5.0273,27.7814,26.4518,,,175954.8702,87977.4351,76609.3686,1050450.6336,525225.3168,4
350,000909.SZ,*ST数源,20260928,5.19,1.0351,1.7675,0.75,,,3.7569,8.4241,9.3226,,,43771.4245,43771.057,25634.2299,227173.7217,227171.8014,4
351,000910.SZ,大亚圣象,20260928,6.84,5.6543,10.5593,0.61,280.7369,,0.5892,0.8185,0.8229,2.7778,2.7778,54739.75,54723.5125,29303.4325,374419.89,374308.8084,5
352,000911.SZ,*ST广糖,20260928,4.98,1.4213,3.0377,0.62,,,,0.8082,0.7381,,,40031.9818,40031.9818,18731.2137,199359.2604,199359.2604,4
353,000912.SZ,泸天化,20260928,3.84,1.9505,4.5557,0.6,189.4197,1037.9105,0.947,1.3395,1.399,,,156800.0,156800.0,67131.9797,602112.0,602112.0,4
354,000913.SZ,钱江摩托,20260928,10.53,0.7315,1.3878,1.3,5.6728,6.8514,1.0668,1.0238,1.0939,8.5501,5.698,52641.1,52010.2675,27413.1278,554310.783,547668.1431,4
355,000915.SZ,华特达因,20260928,23.57,0.7637,1.1185,0.99,10.3221,13.1184,2.1116,2.4786,2.8974,10.6067,10.6067,23433.1485,23412.286,15985.8496,552319.3455,551827.6753,4
356,000917.SZ,电广传媒,20260928,6.66,1.1868,1.424,0.83,68.5716,228.306,0.9174,2.1771,2.0588,0.3003,0.4505,141755.6338,141745.9363,118131.7383,944092.5624,944027.9604,4
357,000919.SZ,金陵药业,20260928,6.46,1.1518,1.9765,0.71,74.5184,71.7902,1.0668,1.2566,1.2631,1.5524,1.548,62192.4528,62171.7978,36232.7598,401763.2916,401629.828,1
358,000920.SZ,沃顿科技,20260928,12.24,3.6444,7.804,0.51,26.2297,25.285,2.8589,2.8627,2.8542,1.6912,1.8709,47262.1118,47259.7868,22070.0354,578488.3488,578459.8296,4
359,000921.SZ,海信家电,20260928,26.5,0.6432,1.5665,0.81,11.5167,13.2581,2.1022,0.4174,0.43,4.6378,4.7697,138486.1171,92376.2921,37928.8158,3669881.915,2447971.685,1
360,000922.SZ,佳电股份,20260928,11.84,0.9257,1.455,0.9,38.8642,32.1227,2.0921,2.0069,1.9275,0.7815,0.7742,83398.2184,70492.9203,44846.7796,987434.9248,834636.1728,4
361,000923.SZ,河钢资源,20260928,15.04,1.7532,2.7853,0.92,17.3073,55.7648,1.0098,1.6813,1.9103,3.3245,3.9894,65272.8961,62790.1354,39522.7855,981704.416,944363.7056,4
362,000925.SZ,众合科技,20260928,7.76,2.5568,2.5568,1.09,,,1.6221,2.297,2.1147,,0.1878,67622.3811,67100.6496,67100.6496,524749.6688,520701.044,4
363,000926.SZ,福星股份,20260928,2.11,1.9376,2.4471,0.69,,,1.1092,0.8764,0.8728,,,159296.4774,157320.9145,124570.9038,336115.5517,331947.1201,4
364,000927.SZ,中国铁物,20260928,2.42,0.5098,1.6057,0.84,25.4233,27.8466,1.5,0.4267,0.4296,1.1157,1.7769,605035.3641,605035.0581,192084.6918,1464185.5954,1464184.8452,4
365,000928.SZ,中钢国际,20260928,5.25,0.7745,1.5085,0.81,15.5219,16.4086,0.8874,0.5413,0.5441,5.6952,4.0,143464.4621,143462.7071,73662.5166,753188.4675,753179.2275,4
366,000929.SZ,兰州黄河,20260928,9.21,2.7976,3.8061,1.48,,,5.0375,4.6365,3.8181,,,18576.6,18575.7148,13653.7619,171090.486,171082.2891,1
367,000930.SZ,中粮科技,20260928,5.09,1.8887,4.27,0.5,246.2832,,0.9163,0.5396,0.5593,,0.5894,185644.2396,185630.2967,82106.9705,944929.1816,944858.227,4
368,000931.SZ,中关村,20260928,4.52,1.8657,2.7211,0.74,71.0891,,2.1402,1.3934,1.5392,,0.4425,75312.6982,75102.9532,51491.6325,340413.404,339465.334,0
369,000932.SZ,华菱钢铁,20260928,3.4,0.8166,1.8198,0.79,8.9247,21.4207,0.4262,0.1923,0.1954,2.9472,4.7059,685260.916,685260.916,307472.7975,2329887.128,2329887.128,4
370,000933.SZ,神火股份,20260928,25.15,1.4604,2.1296,1.15,14.1217,8.2186,2.0435,1.3715,1.2403,1.9747,3.1591,224900.4399,224756.9459,154126.2647,5656246.066,5652637.2925,4
371,000935.SZ,四川双马,20260928,19.26,0.6939,1.4156,1.09,49.2961,103.0974,1.8983,12.1972,13.2606,,,76344.0333,76344.0333,37420.0941,1470386.0178,1470386.0178,4
372,000936.SZ,华西股份,20260928,5.3,1.5588,2.5396,0.59,62.6224,,0.9572,1.3496,1.2736,0.7547,0.3774,88601.2887,88588.7337,54375.7854,469586.837,469520.269,4
373,000937.SZ,冀中能源,20260928,4.38,0.8288,2.9281,0.92,27.7887,32.2136,0.8886,1.1245,1.1159,12.4533,2.0756,388690.1535,377673.3486,106898.7929,1702462.857,1654209.273,4
374,000938.SZ,紫光股份,20260928,31.46,4.0529,5.6292,1.03,53.3829,32.0027,5.0351,0.93,0.7974,0.2384,0.2066,286007.9874,286007.2674,205920.194,8997811.3654,8997788.7142,4
375,000948.SZ,南天信息,20260928,13.09,1.0951,1.7012,0.64,139.3718,93.2303,1.8665,0.5102,0.53,0.6941,0.2292,38988.8774,38909.3561,25046.2821,510364.4392,509323.5224,4
376,000949.SZ,新乡化纤,20260928,6.58,1.9877,3.1792,1.12,55.0619,22.7244,1.5565,1.3876,1.2535,,0.304,165689.9922,165650.1548,103568.2369,1090240.1342,1089977.987,4
377,000950.SZ,重药控股,20260928,5.21,0.7352,1.6449,0.8,23.0753,24.8636,0.7602,0.1082,0.1096,0.581,1.1516,171277.8096,171277.8096,76558.2893,892357.3901,892357.3901,1
378,000951.SZ,中国重汽,20260928,19.92,0.6575,1.3662,0.91,13.9791,11.8212,1.4069,0.4033,0.3327,3.6145,4.1516,116899.4951,116899.4951,56259.4575,2328638.04,2328638.04,1
379,000952.SZ,广济药业,20260928,6.55,1.9963,2.6783,1.09,,,3.77,3.611,3.4581,,,34399.9939,34399.4535,25640.247,225319.9345,225316.3975,1
380,000953.SZ,中哲精化,20260928,5.99,1.424,2.1577,0.78,336.0997,630.3614,14.1859,12.2055,12.5004,,,36612.2195,36612.2195,24162.8606,219307.1978,219307.1978,4
381,000955.SZ,欣龙控股,20260928,4.01,1.6768,2.22,0.72,3006.5252,,3.3435,4.2639,4.3706,,,53839.5,53831.2875,40659.7374,215896.395,215863.4729,4
382,000957.SZ,中通客车,20260928,9.72,1.0708,1.5992,0.59,16.024,12.7502,1.706,0.7863,0.7786,1.3261,1.0151,59290.3936,59290.3936,39698.1056,576302.5908,576302.5908,1
383,000958.SZ,电投产融,20260928,4.97,0.2547,0.5203,1.38,27.6431,29.5001,1.7896,7.9638,8.6624,1.0586,0.6505,1831652.4953,538341.852,263545.2973,9103312.8753,2675558.9945,4
384,000959.SZ,首钢股份,20260928,3.38,0.276,1.6344,0.96,26.3267,29.6128,0.5209,0.2547,0.2589,0.6525,1.1834,775496.737,745160.7404,125837.4233,2621178.9812,2518643.3012,4
385,000960.SZ,锡业股份,20260928,30.34,1.4713,2.562,0.99,25.3906,20.7324,2.3255,1.1467,0.9242,0.956,1.1866,164543.1952,164543.1952,94493.801,4992240.688,4992240.688,4
386,000962.SZ,东方钽业,20260928,55.52,3.4608,5.7789,0.86,113.3775,124.1787,7.2802,18.976,16.3942,0.219,0.2862,52738.516,51450.2769,30812.3755,2928042.6304,2856519.5456,4
387,000963.SZ,华东医药,20260928,27.02,1.5921,3.802,2.41,13.8785,13.6943,1.8626,1.0865,1.0769,3.4425,3.4419,175373.6848,175301.3098,73407.4941,4738597.1038,4736641.3962,1
388,000965.SZ,天保基建,20260928,3.3,1.4712,3.0303,0.6,190.6589,,0.6673,1.3061,0.8918,0.303,0.303,110983.0895,110983.0895,53883.4999,366244.197,366244.197,4
389,000966.SZ,长源电力,20260928,3.95,0.9462,2.4137,1.0,,1150.0565,1.0153,1.0164,0.9984,1.8228,,348103.5016,348103.5016,136454.6365,1375008.825,1375008.825,1
390,000967.SZ,盈峰环境,20260928,7.59,2.0531,3.7475,1.25,46.3737,39.5721,1.3642,1.8417,1.6716,2.3476,1.6977,335918.8821,335766.8552,183951.6025,2549624.3751,2548470.4674,4
391,000968.SZ,蓝焰控股,20260928,6.88,1.4687,3.2935,0.84,19.8742,22.2835,1.0406,3.1543,3.3725,0.436,0.7267,96750.266,96750.266,43144.1992,665641.8576,665641.8576,1
392,000969.SZ,安泰科技,20260928,16.12,1.6724,2.5918,1.12,46.4113,40.1984,2.8995,2.1351,1.8029,1.2409,1.2407,105051.9397,104079.2721,67158.1092,1693437.2728,1677757.8324,4
393,000970.SZ,中科三环,20260928,10.93,1.8308,2.4268,1.23,145.5112,137.6438,2.0319,2.001,1.8122,0.1812,0.2264,121572.5773,121572.5773,91714.4624,1328788.2994,1328788.2994,4
394,000972.SZ,中基健康,20260928,3.85,1.9321,3.002,0.88,,,,6.034,6.6881,,,77128.3579,77128.3579,49641.076,296944.186,296944.186,4
395,000973.SZ,佛塑科技,20260928,11.16,1.9866,2.6692,0.76,253.9598,28.572,2.8946,12.297,5.454,0.1234,0.1075,245823.6766,101174.5176,75298.4664,2743392.2688,1129107.6432,4
396,000975.SZ,山金国际,20260928,22.13,1.6279,2.5078,1.07,20.6471,16.1787,3.8539,3.5884,3.5037,1.6518,2.1708,277252.7436,252321.4817,163789.9375,6135603.1362,5583874.3524,4
397,000977.SZ,浪潮信息,20260928,67.05,2.9735,4.3827,0.91,40.8068,21.5643,4.0132,0.5975,0.5827,0.2392,0.0597,146847.6655,146691.5664,99523.2094,9846136.2735,9835669.7685,4
398,000978.SZ,桂林旅游,20260928,7.12,14.2237,28.1712,0.56,302.1078,363.7973,3.0899,7.5702,7.4975,,,46813.0,46812.1563,23635.509,333308.56,333302.5792,5
399,000980.SZ,众泰汽车,20260928,2.24,9.5858,14.0055,1.12,,,57.8953,21.6825,26.2027,,,504254.7739,504248.5839,345123.1922,1129530.6848,1129516.8192,2
400,000981.SZ,山子高科,20260928,2.69,4.9853,7.2683,0.75,26.2174,31.9691,9.3102,8.2281,9.2513,,,999747.0888,951335.6093,652515.5452,2689319.6721,2559092.7909,4
401,000983.SZ,山西焦煤,20260928,6.48,0.7696,1.8016,0.81,30.6366,25.8331,0.9893,0.9901,0.9908,3.9506,1.9444,567710.1059,567707.1809,242497.3974,3678761.5128,3678742.5264,4
402,000985.SZ,大庆华科,20260928,17.35,2.0175,5.5274,1.54,302.8925,1039.8628,3.6895,1.2185,1.2046,0.3746,0.1326,12963.95,12963.95,4731.89,224924.5325,224924.5325,1
403,000987.SZ,越秀资本,20260928,7.13,0.413,1.5627,1.11,10.1644,7.4974,1.0554,7.4259,8.1161,3.6333,3.0743,501713.2462,501254.7583,132462.1018,3577215.4725,3573946.4388,4
404,000988.SZ,华工科技,20260928,92.61,5.9339,7.3266,1.43,63.3124,53.3439,7.7873,6.487,6.4011,0.216,0.2673,100550.2707,100498.5657,81394.0143,9311961.4308,9307172.5677,5
405,000989.SZ,九芝堂,20260928,8.56,1.3733,1.9969,0.73,32.9146,22.2695,1.9921,3.2867,2.8213,3.4651,3.4651,85594.2012,73425.0253,50495.5073,732686.4376,628518.2568,1
406,000990.SZ,诚志股份,20260928,6.15,1.8451,3.4554,1.12,,54.2923,0.5807,0.9488,0.9348,0.5807,,170133.2549,170133.2549,90847.3065,1046319.4875,1046319.4875,4
407,000993.SZ,闽东电力,20260928,17.39,14.791,31.1462,0.8,135.2619,465.6292,3.1553,13.314,14.5525,,1.0351,45795.1455,45795.1455,21747.6007,796377.6585,796377.6585,5
408,000995.SZ,皇台酒业,20260928,11.33,8.5887,13.3142,0.89,142.3416,884.9653,13.0875,11.8408,12.5221,,,17740.8,17740.8,11444.1702,201003.264,201003.264,4
409,000997.SZ,新大陆,20260928,19.19,0.9245,1.3333,0.75,19.2311,17.5897,2.5282,2.3152,1.9352,1.1379,1.2846,101309.7915,100743.9381,69855.9941,1944134.8701,1933276.2086,4
410,000998.SZ,隆平高科,20260928,8.43,2.118,2.5637,0.74,74.7031,217.3365,1.8739,1.4613,1.5443,0.4745,0.4982,146944.8061,131505.0546,108644.9034,1238744.664,1108587.5715,4
411,000999.SZ,华润三九,20260928,23.49,0.3337,0.9089,0.74,11.4272,11.9311,1.7122,1.237,1.2291,2.967,4.4275,166421.7858,166256.0811,61041.8132,3909247.6122,3905355.3192,1
412,001201.SZ,东瑞股份,20260928,16.13,6.5019,10.776,0.94,,,1.5088,1.9479,2.0001,,,25778.4001,21250.7395,12822.0282,415805.592,342774.4362,2
413,001202.SZ,炬申股份,20260928,14.86,1.2154,2.5025,0.67,34.1757,40.5754,2.8174,1.3112,1.1648,,1.3392,16669.111,11682.3955,5673.971,247703.1232,173600.464,4
414,001203.SZ,大中矿业,20260928,21.8,1.2165,3.1989,1.21,45.407,51.2191,4.6429,8.172,8.5798,0.8839,0.9101,153308.0435,130595.8622,49665.0626,3342115.272,2846989.748,4
415,001205.SZ,盛航股份,20260928,14.4,1.7275,2.1427,0.95,24.9232,21.3156,1.2475,1.8764,1.7671,0.822,1.0275,18800.354,16648.4329,13422.6547,270725.04,239737.392,4
416,001206.SZ,依依股份,20260928,17.05,2.2903,3.0888,0.73,17.2246,23.1889,1.717,1.8794,1.9296,3.5639,4.3069,18489.3808,10686.4458,7923.7931,315244.0995,182203.9725,1
417,001207.SZ,联科科技,20260928,18.7,1.307,2.5114,0.7,19.3676,19.2032,2.3472,2.4049,2.3445,2.191,3.0428,30313.7744,29262.2092,15228.5788,566867.686,547203.327,1
418,001208.SZ,华菱线缆,20260928,13.23,2.5479,2.5821,0.57,76.6403,81.2899,2.8843,1.8738,1.6994,0.3923,0.4913,63835.0432,31873.3657,31451.5657,844537.7115,421684.6851,4
419,001209.SZ,洪兴股份,20260928,18.79,3.5661,8.2418,0.39,117.3749,97.444,1.9172,1.3508,1.3359,1.0407,0.6244,13152.272,9612.6596,4159.2238,247131.1533,180621.8814,4
420,001210.SZ,金房能源,20260928,26.75,3.8782,5.1227,1.19,43.6909,43.3147,4.1257,4.8972,4.6449,0.7566,0.6676,21953.7746,13341.9891,10100.7853,587263.615,356898.2325,4
421,001211.SZ,双枪科技,20260928,27.29,9.5695,16.5171,1.29,1114.4622,,3.1538,1.7097,1.592,0.5497,,10000.0,9334.0122,5407.8673,272900.0,254725.1329,1
422,001212.SZ,中旗新材,20260928,37.0,3.4268,4.9947,0.72,,,3.8843,17.8093,19.3887,0.1708,,20095.9624,18062.6449,12392.6682,743550.52,668317.68,4
423,001213.SZ,中铁特货,20260928,3.46,0.1149,0.6683,1.09,36.2322,53.3189,0.8011,1.2854,1.3335,2.341,1.3757,444444.4444,444444.4444,76444.4444,1537777.7624,1537777.7624,4
424,001215.SZ,千味央厨,20260928,32.62,1.7923,3.0458,0.68,49.8559,53.049,1.6971,1.669,1.5386,,,9716.0446,9690.1642,5701.9642,316937.2248,316093.0192,4
425,001216.SZ,华瓷股份,20260928,28.04,14.6009,47.6373,1.42,37.1345,40.236,3.2645,5.5632,6.1986,1.2306,1.3845,29195.8338,24683.6199,7565.5865,818651.0732,692128.7048,4
426,001217.SZ,华尔泰,20260928,11.08,1.234,3.3428,0.95,,,1.6884,1.775,1.6907,0.9025,0.9025,33187.0,32857.8747,12129.4827,367711.96,364065.1996,1
427,001218.SZ,丽臣实业,20260928,23.49,1.1663,1.7763,0.99,19.5296,12.0701,1.298,0.6329,0.547,2.1052,2.3115,13425.826,11973.856,7862.056,315372.7467,281265.9714,4
428,001219.SZ,青岛食品,20260928,12.93,1.1854,2.2759,1.45,22.7394,22.5596,2.3401,4.6247,4.5017,3.0936,2.7069,19498.375,19019.75,9906.2595,252114.0534,245925.3675,1
429,001220.SZ,世盟股份,20260928,31.62,2.7381,2.7381,0.66,20.9539,22.4915,1.8891,3.3997,3.8809,,1.4326,9229.0,2307.25,2307.25,291820.98,72955.245,4
430,001221.SZ,悍高集团,20260928,32.92,3.2152,3.2152,1.06,18.7181,18.0293,4.3309,3.6633,3.4446,1.0936,2.2783,40001.0,7686.9554,7686.9554,1316832.92,253054.7232,4
431,001222.SZ,源飞宠物,20260928,15.7,3.3558,4.9566,0.67,25.864,36.7192,2.0945,1.7286,1.6172,0.9429,,19089.0,11299.8685,7650.476,299697.3,177407.959,1
432,001223.SZ,欧克科技,20260928,42.32,2.5326,5.4099,0.63,135.3758,,2.9183,5.7863,5.779,0.1808,0.3629,13069.28,6983.48,3269.28,553091.9296,295540.8736,4
433,001225.SZ,和泰机电,20260928,33.45,1.8928,6.8374,0.96,90.0444,110.0305,2.2201,12.8565,12.1758,2.5735,0.6662,9179.912,8999.802,2491.3796,307067.9895,301043.31,4
434,001226.SZ,拓山重工,20260928,46.0,3.5142,5.5839,1.5,167.4667,132.0813,4.5756,5.0784,4.2572,0.8696,,7466.67,3550.14,2234.28,343466.82,163306.44,4
435,001227.SZ,兰州银行,20260928,2.06,1.4685,1.471,1.22,6.2918,6.5929,0.3781,1.5052,1.4569,4.9047,3.8835,569569.7168,421682.943,420958.583,1173313.6026,868666.8564,4
436,001228.SZ,永泰运,20260928,36.63,5.1327,6.8539,1.14,35.6055,37.7045,2.2243,0.6576,0.6047,1.5662,1.5662,10386.4609,7986.4609,5980.8109,380456.0298,292544.0298,4
437,001229.SZ,魅视科技,20260928,37.4,7.5451,12.2377,1.2,77.2099,98.2367,5.3689,23.3826,20.3184,1.1185,0.573,14343.21,7375.1206,4547.1194,536436.054,275829.488,4
438,001230.SZ,劲旅环境,20260928,19.35,5.4064,7.8726,1.34,21.4655,20.0445,1.7992,2.1755,1.9182,1.5732,1.8678,18777.6479,10998.0178,7552.6743,363347.5275,212811.687,4
439,001231.SZ,农心科技,20260928,22.72,2.9669,4.5307,0.9,33.9878,31.4272,2.1674,2.9417,2.8564,0.6608,0.6602,9967.9635,5096.2935,3337.1935,226472.0512,115787.7088,4
440,001232.SZ,嘉立创,20260928,191.2,9.5633,9.5633,0.98,81.3151,60.9445,12.8984,10.3818,8.3308,,0.2615,55556.0,4420.6549,4420.6549,10622307.2,845228.28,4
441,001233.SZ,海安集团,20260928,43.51,6.427,6.427,0.62,14.4591,20.1016,1.668,3.625,3.5653,,4.5966,18597.3334,3771.3127,3771.3127,809169.8283,164089.6981,4
442,001234.SZ,泰慕士,20260928,31.86,11.6434,35.3615,3.6,73.445,85.0552,3.75,4.1197,3.9499,0.9488,0.9171,10858.96,9154.15,3014.15,345966.4656,291651.219,6
443,001236.SZ,弘业期货,20260928,7.66,0.9587,2.6323,0.79,1933.4257,241.1792,4.1166,26.8459,24.3008,0.1305,0.0522,100777.7778,75807.7778,27610.2769,771957.7948,580687.5948,4
444,001237.SZ,惠康科技,20260928,49.16,2.8156,2.8156,0.59,18.6414,19.7967,2.1416,2.5346,2.4119,,,14835.143,3485.6028,3485.6028,729295.4824,171352.096,4
445,001238.SZ,浙江正特,20260928,26.49,0.9881,3.1621,0.72,113.4747,201.8774,3.5177,2.4501,2.1136,,0.2696,15514.8,14542.2996,4544.2521,410987.052,385225.527,1
446,001239.SZ,永达股份,20260928,12.22,3.9334,4.5021,1.7,61.6993,,2.1605,1.4379,1.4093,,,24000.0,11400.0,9959.9831,293280.0,139308.0,4
447,001248.SZ,华润新能源,20260928,11.51,3.0372,3.0372,0.69,25.1289,32.5362,1.3279,6.6931,6.8066,,,1332161.286,106240.3791,106240.3791,15333176.4479,1222826.7738,4
448,001255.SZ,博菲电气,20260928,27.33,2.7852,6.0217,2.49,154.6851,304.0841,2.5771,5.3174,4.6294,0.1321,0.1464,8700.8184,7721.3784,3571.3784,237793.4106,211025.3154,1
449,001256.SZ,炜冈科技,20260928,21.33,1.5577,3.3812,1.07,22.8693,12.5222,2.183,5.6815,5.2006,0.9327,1.3991,14261.2558,10691.2558,4925.4058,304192.6758,228044.5758,4
450,001257.SZ,盛龙股份,20260928,21.3,4.9303,4.9303,0.97,44.2414,39.6842,5.0815,11.1651,10.6278,,0.7042,183595.0817,13694.7988,13694.7788,3910575.204,291699.24,4
451,001258.SZ,立新能源,20260928,10.24,3.5166,9.0238,0.48,112.3354,64.0784,3.0931,9.017,7.9145,0.166,0.293,93333.3334,93332.1609,36372.2709,955733.2992,955721.3184,4
452,001259.SZ,利仁科技,20260928,43.79,2.4518,4.835,0.74,345.9487,298.1089,4.472,7.4175,6.507,0.3609,0.2707,7358.8888,4754.4499,2410.9388,322245.7931,208197.3655,4
453,001260.SZ,坤泰股份,20260928,19.19,6.5971,11.3991,0.8,53.5998,97.7429,2.7218,3.8332,4.038,0.6566,1.1204,11500.0,5762.5,3335.0,220685.0,110582.375,4
454,001266.SZ,宏英智能,20260928,36.07,10.8632,17.592,1.08,244.5299,87.7156,3.8802,6.9714,4.0915,0.8248,0.8158,10365.1662,5814.7647,3590.6547,373871.3212,209738.3932,1
455,001267.SZ,汇绿生态,20260928,33.21,7.6019,12.0397,1.57,295.9696,335.6997,16.0439,16.587,13.6297,0.1504,0.25,78499.6678,60855.6558,38424.3592,2606974.0407,2021016.4686,4
456,001268.SZ,联合精密,20260928,25.5,6.754,9.2361,0.89,72.6146,,3.9315,5.0237,5.5111,1.2521,0.8347,15070.2667,9433.7617,6898.5367,384291.885,240560.88,4
457,001269.SZ,欧晶科技,20260928,19.45,1.2429,4.0116,1.26,,,5.8499,7.7275,7.753,,,19241.2366,19241.2366,5961.2427,374242.118,374242.118,1
458,001270.SZ,铖昌科技,20260928,96.0,2.4922,4.6954,0.97,168.9613,144.6718,12.5074,48.9024,47.1815,,0.2083,20611.4901,20480.3256,10870.1986,1978703.04,1966111.68,4
459,001277.SZ,速达股份,20260928,30.2,2.3753,4.6151,0.95,26.5122,24.6637,1.455,2.1615,2.0232,1.8335,1.1325,7600.0,4579.5689,2357.0611,229520.0,138303.014,4
460,001278.SZ,一彬科技,20260928,16.71,3.721,6.1805,1.13,,,1.8678,0.9476,0.9199,0.5984,,12373.34,8534.8376,5138.4077,206758.5114,142617.1764,4
461,001279.SZ,强邦新材,20260928,26.05,1.4269,1.4269,0.86,77.8767,124.189,4.1464,2.8117,2.4842,0.7198,0.7198,16000.0,4000.0,4000.0,416800.0,104200.0,4
462,001280.SZ,中国铀业,20260928,60.26,1.3375,1.3375,0.7,75.7418,66.7223,7.1976,6.2646,5.9558,,0.4315,206818.1818,17372.7273,17372.7273,12462863.5268,1046880.7098,4
463,001282.SZ,三联锻造,20260928,16.71,2.8216,7.6024,0.78,33.8243,47.693,2.2532,2.2613,2.2668,0.8464,0.9276,22218.56,15272.72,5668.376,371272.1376,255207.1512,4
464,001283.SZ,豪鹏科技,20260928,46.23,3.5424,3.5424,1.0,29.5217,26.1456,1.652,1.0219,0.9535,0.5957,0.6283,12968.012,10339.8898,10339.8898,599511.1023,478013.1147,4
465,001285.SZ,瑞立科密,20260928,42.0,2.0197,2.0197,1.12,22.7675,20.1181,1.9573,3.1689,2.8526,,1.3212,18053.0219,4149.677,4149.677,758226.84,174286.56,4
466,001286.SZ,陕西能源,20260928,9.49,0.9298,1.8378,0.99,11.8251,11.7692,1.3407,1.5501,1.495,4.3203,4.3203,375000.0,135000.0,68298.5948,3558750.0,1281150.0,1
467,001287.SZ,中电港,20260928,23.06,1.7952,3.1314,0.66,61.6568,28.4297,3.0136,0.2674,0.1575,0.4857,0.5117,75990.0097,75990.0097,43563.873,1752329.6306,1752329.6306,4
468,001288.SZ,运机集团,20260928,33.6,3.4496,5.1539,0.85,40.1268,49.0665,3.4453,4.3976,5.4644,0.5342,0.5981,23376.6705,15185.9329,10164.0909,785456.1288,510247.3454,4
469,001289.SZ,龙源电力,20260928,14.89,0.0477,1.8048,0.83,27.5015,35.1222,1.6153,4.1146,4.2574,2.2015,1.0913,835981.6164,504193.4164,13333.6023,12447766.3218,7507440.0238,4
470,001296.SZ,长江材料,20260928,19.72,2.5872,3.429,0.55,23.7996,28.0078,1.6192,2.5373,2.48,2.9883,2.0118,14959.1086,8098.2751,6110.1498,294993.6492,159698.0816,4
471,001298.SZ,好上好,20260928,16.25,1.3447,2.4127,0.93,92.236,37.4052,4.0281,0.8397,0.592,0.1748,0.2971,43251.4027,40741.9448,22707.6984,702835.25,662056.525,4
472,001299.SZ,美能能源,20260928,10.03,1.6409,5.5735,0.5,30.4546,34.2169,2.8079,4.2912,4.4999,5.7943,3.7852,31421.5187,28233.7678,8312.6319,315157.8456,283184.7131,4
473,001300.SZ,三柏硕,20260928,12.27,1.3086,4.3435,0.61,,,3.1563,6.5358,6.398,0.0811,,24377.5914,24377.5914,7344.4042,299113.0293,299113.0293,4
474,001301.SZ,尚太科技,20260928,46.79,1.7338,1.9889,0.99,18.0377,19.694,2.3712,2.1478,1.8821,1.2179,1.2176,36461.7002,26012.4993,22676.0543,1706042.9524,1217124.8422,4
475,001306.SZ,夏厦精密,20260928,57.06,6.664,6.664,0.7,,,2.8571,4.6562,4.4394,0.2815,,6292.75,1581.7962,1581.7962,359064.315,90257.508,4
476,001308.SZ,康冠科技,20260928,18.01,0.3343,0.9164,1.16,25.0874,29.0852,1.6232,0.8762,0.8672,2.9916,5.3304,70409.1291,52732.5325,19236.5185,1268068.4313,949712.8653,4
477,001309.SZ,德明利,20260928,371.28,5.8419,6.6371,0.95,122.3575,12.3432,8.6136,7.8062,3.5702,0.0576,0.1077,22684.287,16569.8129,14584.5597,8422219.4784,6152039.0568,4
478,001311.SZ,多利科技,20260928,16.79,2.0188,3.462,1.04,28.9131,27.6012,1.4147,1.6164,1.3756,2.3612,,40366.2134,18187.1689,10605.5416,677748.6659,305362.5843,4
479,001312.SZ,福恩股份,20260928,17.83,5.4631,5.4631,0.75,18.0613,18.4631,1.771,2.4184,2.4061,,1.1217,23333.3334,5716.0269,5716.0269,416033.4522,101916.8149,4
480,001313.SZ,粤海饲料,20260928,7.18,1.0249,3.0075,0.64,282.4411,81.0425,1.9255,0.7745,0.6613,1.5668,,70000.0,69914.5051,23825.5977,502600.0,501986.1818,4
481,001314.SZ,亿道信息,20260928,50.96,2.7502,5.8126,0.88,111.1795,29.1051,3.2358,1.5854,1.2508,0.1752,0.3496,14259.4,12409.9387,5871.7631,726659.024,632410.5424,4
482,001316.SZ,润贝航科,20260928,27.6,2.284,6.2963,0.84,24.1901,20.3573,3.2769,3.6556,3.3697,1.5756,2.3965,16116.1588,15036.7978,5454.658,444805.9829,415015.6193,4
483,001317.SZ,三羊马,20260928,64.3,22.2849,53.8976,2.01,,816.1185,5.4044,4.4958,5.0424,0.1455,,8556.5798,8550.2517,3535.2517,550188.094,549781.075,4
484,001318.SZ,阳光乳业,20260928,11.81,1.4386,4.7537,1.68,31.9538,36.6738,2.3176,6.9969,7.2907,1.5241,1.9475,28266.0,28266.0,8553.98,333821.46,333821.46,1
485,001319.SZ,铭科精技,20260928,20.99,2.2864,3.0143,0.91,21.0739,21.6395,2.1403,2.388,2.1014,1.858,2.1429,14140.0,8200.0075,6220.01,296798.6,172118.2099,4
486,001322.SZ,箭牌家居,20260928,6.35,1.0145,4.8171,0.61,133.9247,,1.3225,0.9471,0.9867,2.0517,0.6184,96561.28,78561.1975,16545.0875,613164.128,498863.62,4
487,001323.SZ,慕思股份,20260928,18.21,0.855,3.2063,2.05,14.7944,21.8057,1.8715,1.5158,1.5118,7.4227,5.4615,43508.0764,31124.8039,8299.8039,792281.9547,566782.608,1
488,001324.SZ,长青科技,20260928,20.05,2.5534,4.8659,0.71,65.4579,95.4614,2.4,5.7266,5.5223,0.66,0.66,13800.0,13800.0,7241.48,276690.0,276690.0,4
489,001325.SZ,元创股份,20260928,36.22,3.33,3.33,0.96,17.9957,20.8499,1.5699,1.9836,1.9089,,2.0983,7840.0,1960.0,1960.0,283964.8,70991.2,4
490,001326.SZ,联域股份,20260928,103.56,17.8932,20.5982,0.97,299.176,264.4993,6.1583,4.9297,4.8848,0.2704,0.1349,7320.0,2401.7329,2086.3274,758059.2,248723.1588,4
491,001328.SZ,登康口腔,20260928,30.52,0.6398,1.7626,1.09,29.0192,26.6332,3.5666,3.0625,2.8635,2.4574,2.7851,17217.38,16171.69,5870.46,525474.4376,493559.9788,1
492,001330.SZ,博纳影业,20260928,6.36,3.5297,4.171,0.35,,,2.3606,6.9783,8.4217,,,137451.8984,116284.7322,98406.9433,874194.084,739570.8828,3
493,001331.SZ,胜通能源,20260928,40.74,3.4536,9.6485,1.24,905.7149,,11.5216,3.0134,3.2338,,0.1016,40924.8,28583.415,10231.055,1667276.7594,1164488.5308,4
494,001332.SZ,锡装股份,20260928,26.46,3.8251,6.616,0.66,18.0072,20.2252,1.5646,3.4657,3.3548,2.1536,2.1596,15468.6,6720.4901,3885.49,409299.156,177824.1654,4
495,001333.SZ,光华股份,20260928,19.94,1.8823,3.1657,0.78,22.0353,23.7257,1.4614,1.5606,1.4926,1.8054,1.8054,12800.0,7400.0,4400.0,255232.0,147556.0,4
496,001335.SZ,信凯科技,20260928,33.2,3.3577,3.3577,1.19,39.9911,39.735,3.087,2.3706,2.2146,0.4518,0.4518,9373.956,2554.403,2554.403,311215.14,84806.08,4
497,001336.SZ,楚环科技,20260928,19.04,3.2706,5.0089,0.75,51.6208,46.9908,2.4095,4.4612,4.1012,0.6021,0.6052,10448.555,6429.8663,4198.3351,198940.5824,122424.7248,4
498,001337.SZ,四川黄金,20260928,43.7,1.9153,4.6678,0.99,39.4011,26.6088,8.9166,17.8863,13.008,0.5721,1.1442,42000.0,42000.0,17233.772,1835400.0,1835400.0,4
499,001338.SZ,永顺泰,20260928,9.27,1.8711,3.8594,1.18,19.6492,39.0578,1.279,1.1844,1.2851,3.2362,2.589,50173.0834,50173.0834,24325.2607,465104.4516,465104.4516,1
500,001339.SZ,智微智能,20260928,69.33,3.586,5.1092,1.11,132.6345,49.5379,8.3415,5.548,4.3691,0.0884,0.0334,32703.2752,16189.9671,11363.1777,2267318.4024,1122450.6201,4
501,001356.SZ,富岭股份,20260928,9.36,1.707,2.2154,0.47,60.2697,81.6744,2.7729,2.6958,2.4007,0.406,0.3419,58932.0,21169.65,16311.09,551603.52,198147.924,4
502,001358.SZ,兴欣新材,20260928,24.68,5.7297,6.2281,1.16,62.9324,57.9447,2.1058,6.4072,6.2093,1.987,1.013,12320.0,5097.6308,4689.6968,304057.6,125809.5084,4
503,001359.SZ,平安电工,20260928,81.0,3.949,3.949,0.97,80.8399,84.5277,9.4628,16.4229,14.968,0.3419,0.5755,24115.4114,6029.0782,6029.0782,1953348.21,488355.48,4
504,001360.SZ,南矿集团,20260928,19.57,5.196,8.1364,1.03,79.8911,104.6778,2.8385,4.8109,4.5327,0.7579,1.0105,20400.0,12548.4354,8013.5624,399228.0,245572.9708,4
505,001365.SZ,天海电子,20260928,36.66,11.8836,11.8836,0.72,30.0123,31.3194,2.5791,1.2053,1.1179,,,52500.0,5750.5646,5750.5646,1924650.0,210815.5296,1
506,001366.SZ,播恩集团,20260928,13.1,2.5948,7.4139,0.83,,417.2877,2.6123,1.5472,1.487,,,16068.0,16068.0,5623.7985,210490.8,210490.8,1
507,001367.SZ,海森药业,20260928,21.46,1.4165,4.1948,0.77,24.0614,23.2171,2.1124,6.1426,6.0426,0.5338,0.5405,15235.12,12161.3372,4106.6078,326945.6752,260982.3564,4
508,001368.SZ,通达创智,20260928,41.8,10.63,35.3719,1.63,48.1292,46.9349,3.3362,4.4777,4.2244,1.8067,2.7626,11312.0164,10808.0599,3248.0599,472842.436,451776.908,2
509,001369.SZ,双欣材料,20260928,11.95,2.6233,2.6233,0.84,25.5632,25.953,1.9478,3.8235,3.4896,,1.2552,114700.0,20745.3433,20745.3433,1370665.0,247906.813,4
510,001373.SZ,翔腾新材,20260928,31.46,7.0244,8.7565,0.64,,,2.6016,3.772,3.4925,0.1907,,6868.6888,4196.0482,3366.0482,216088.9874,132007.733,4
511,001376.SZ,百通能源,20260928,12.6,11.3336,11.3336,0.76,30.7463,31.4506,4.6255,5.7602,5.4603,1.1201,0.7487,48860.0,21499.0313,21499.0313,615636.0,270887.778,4
512,001378.SZ,德冠新材,20260928,22.35,6.1911,6.1911,0.54,46.9119,36.4391,2.0658,2.6213,2.3819,2.2326,2.2326,17333.368,8434.0911,8434.0911,387400.8195,188501.9115,4
513,001379.SZ,腾达科技,20260928,15.69,2.1701,2.2176,1.17,43.6684,53.3565,2.0841,1.5656,1.5151,1.2747,1.2747,20000.0,6729.8425,6585.8425,313800.0,105591.1896,4
514,001380.SZ,华纬科技,20260928,18.69,1.3093,3.4635,1.42,18.4027,19.1135,2.5044,2.5411,2.4614,1.0846,0.535,27085.4208,23273.2365,8798.2038,506226.4998,434976.8556,4
515,001382.SZ,新亚电缆,20260928,16.38,1.9777,1.9777,0.84,67.2249,75.1114,4.1452,2.2898,2.2584,1.5263,0.4579,41200.0,6300.0,6300.0,674856.0,103194.0,4
516,001386.SZ,马可波罗,20260928,15.78,2.151,2.151,0.65,15.5821,19.1058,1.5542,2.9198,3.1479,1.9011,3.8023,119492.0,10754.28,10754.28,1885583.76,169702.5384,4
517,001387.SZ,雪祺电气,20260928,12.36,4.9869,6.2248,2.01,23.2115,30.7825,1.7332,1.1311,0.9559,1.5999,1.6184,18299.3441,11640.9541,9325.9641,226179.8424,143882.142,1
518,001388.SZ,信通电子,20260928,19.79,2.8355,4.1816,0.89,33.7597,45.821,3.0625,4.3969,4.5553,2.0232,1.7071,23376.6,12511.8572,8483.9849,462622.914,247609.7094,1
519,001389.SZ,广合科技,20260928,177.59,8.474,8.474,0.79,82.6467,56.7319,10.5882,15.3046,11.2704,0.2693,0.3635,47272.6864,15237.4594,15237.4594,8395156.3778,2706020.4148,4
520,001390.SZ,古麒绒材,20260928,17.42,1.8498,2.6359,0.62,19.5401,20.1525,2.0787,3.3071,3.2237,,0.7425,20000.0,11775.925,8263.925,348400.1742,205136.7006,4
521,001391.SZ,国货航,20260928,3.81,0.2753,0.9774,0.71,17.9967,20.5621,1.7426,2.0332,1.9,1.706,2.2835,1220888.1225,729150.6299,205383.038,4651583.7372,2778063.9003,4
522,001393.SZ,维通利,20260928,39.93,5.1509,5.1509,0.71,33.0567,33.4002,2.6893,3.1846,2.9354,,,24933.3334,4804.0181,4804.0181,995588.2662,191824.5186,4
523,001395.SZ,亚联机械,20260928,30.23,2.1119,2.1119,0.74,18.3311,13.9341,2.7016,4.282,3.6492,1.5776,2.5446,11341.2,5300.1,5300.1,342844.476,160222.023,4
524,001396.SZ,誉帆科技,20260928,31.58,2.4314,2.4314,0.69,27.0058,30.5026,2.3648,4.4467,4.3686,,0.5953,10690.2416,2271.744,2271.744,337597.7792,71741.5492,4
525,001399.SZ,惠科股份,20260928,22.75,6.4102,6.4102,0.52,44.3323,48.1894,4.9005,4.1205,3.9729,,,740730.2236,43056.6731,43056.6731,16851612.505,979539.2425,4
526,001400.SZ,江顺科技,20260928,82.86,13.7682,18.6329,2.11,85.7641,79.9626,5.4627,7.3816,7.0261,0.6896,0.9482,8400.0,3221.4,2380.3501,696024.0,266925.204,1
527,001696.SZ,宗申动力,20260928,15.85,4.4511,5.6891,0.99,27.2701,31.3742,3.2786,1.4744,1.4852,1.2618,1.2618,114502.692,89151.3519,69751.1719,1814867.6365,1413048.8975,1
528,001872.SZ,招商港口,20260928,24.12,0.2969,3.3174,3.11,12.9831,12.5622,0.9171,3.4714,3.3774,3.0735,3.3126,248214.8285,230225.2855,20601.667,5986941.6996,5553033.9948,1
529,001896.SZ,豫能控股,20260928,10.54,2.4972,6.5459,0.49,41.1973,45.6066,4.4502,1.4321,1.485,,,152578.133,152578.133,58208.0646,1608173.4902,1608173.4902,4
530,001965.SZ,招商公路,20260928,9.85,0.1153,0.4348,0.66,14.5183,14.2056,0.9742,5.0097,4.4975,4.2378,3.7868,679509.4992,679509.4992,180163.8325,6693168.575,6693168.575,4
531,001979.SZ,招商蛇口,20260928,7.19,1.13,3.0728,0.76,63.3193,625.3959,0.6651,0.419,0.4102,2.6995,0.7107,901603.2171,886971.3675,326160.7932,6482527.1518,6377324.1503,1
532,002001.SZ,新和成,20260928,25.54,0.4433,0.9164,0.82,11.6045,10.9453,2.2504,3.5277,3.2329,3.5193,3.9085,307342.168,303685.2928,146903.6455,7849519.0218,7756122.3066,4
533,002003.SZ,伟星股份,20260928,11.35,1.4977,2.1983,1.35,20.9338,19.6032,2.9757,2.811,2.6345,3.4649,4.3905,118888.9653,103534.0341,70537.2779,1349389.696,1175111.2405,4
534,002004.SZ,华邦健康,20260928,4.3,0.8363,1.1022,0.59,11.9375,13.2183,0.8433,0.7395,0.7418,4.6346,8.1105,197991.9191,188534.7429,143056.3729,851365.256,810699.382,0
535,002005.SZ,德豪润达,20260928,2.77,1.8663,2.4578,0.64,142.3661,114.1028,16.0058,7.3166,7.4149,,,175242.4858,175199.3158,133037.5719,485421.6973,485302.1164,4
536,002006.SZ,精工科技,20260928,13.11,1.1814,1.6022,1.24,36.728,34.7488,2.7549,4.0243,4.1616,1.1442,1.5256,51968.3458,51968.3458,38318.1058,681305.0685,681305.0685,4
537,002007.SZ,华兰生物,20260928,13.19,0.5585,0.8993,0.73,25.607,29.8069,2.1948,5.2406,5.5188,5.3122,7.5852,182569.0986,157354.3054,97726.3569,2408086.429,2075503.3489,1
538,002008.SZ,大族激光,20260928,82.0,4.6809,5.7213,1.02,70.9663,42.4366,3.9339,4.5007,3.4378,0.4268,0.2439,102960.3408,95672.9903,78274.7062,8442747.88,7845185.18,4
539,002009.SZ,天奇股份,20260928,15.36,3.1788,3.8508,1.69,112.9841,140.7428,2.9968,2.2359,2.0751,,0.3255,40223.3207,35423.1319,29241.5271,617830.1952,544099.2768,4
540,002010.SZ,传化智联,20260928,4.47,0.3775,0.9182,1.0,20.9533,23.3546,0.6847,0.4925,0.5958,3.3557,3.3557,276403.0908,275776.5331,113388.9946,1235521.8123,1232721.0891,4
541,002011.SZ,盾安环境,20260928,12.83,5.8388,10.6172,1.57,12.7889,13.6563,1.9686,1.0576,1.0184,,0.7794,107447.7339,106151.5502,58377.1084,1378554.3759,1361924.3865,4
542,002012.SZ,凯恩股份,20260928,6.93,1.8635,2.3864,1.1,102.2342,100.198,2.0789,5.1691,4.8981,0.0577,0.303,46762.547,46762.547,36515.7553,324064.4715,324064.4715,4
543,002014.SZ,永新股份,20260928,10.98,0.2843,0.7997,1.26,15.3496,15.3221,2.6952,1.8062,1.718,8.1967,4.918,61249.1866,61052.7693,21703.8917,672516.1062,670359.4146,1
544,002015.SZ,协鑫能科,20260928,14.52,2.2548,4.3383,0.63,58.3166,54.4496,1.9052,2.2828,2.4069,0.6709,0.6709,162332.4614,162332.4614,84370.7172,2357067.3192,2357067.3192,4
545,002016.SZ,世荣兆业,20260928,4.61,1.2445,3.1331,0.79,27.1498,21.1872,0.7531,2.3597,2.7353,0.2169,0.3905,80909.5632,80909.5632,32137.2958,372993.0716,372993.0716,4
546,002017.SZ,东信和平,20260928,13.75,1.9307,3.462,0.54,48.9221,47.2967,4.3786,6.0488,6.0031,1.1927,1.0545,58043.1909,58017.2389,32355.124,798093.8625,797737.05,4
547,002019.SZ,亿帆医药,20260928,9.38,0.6147,0.7465,0.72,28.3809,37.6069,1.2896,2.2228,2.2978,1.0661,1.0661,121639.0085,84251.8305,69371.6728,1140973.9138,790282.1654,1
548,002020.SZ,京新药业,20260928,11.35,1.6786,2.2327,0.97,12.8931,13.5408,1.6287,2.4015,2.419,2.9148,2.9399,86102.914,72396.8335,54430.2753,977268.0285,821704.0205,1
549,002021.SZ,中捷资源,20260928,2.56,1.7178,2.1388,0.88,,,4.9551,3.6373,3.6588,,,119547.7323,119543.7891,96014.3204,306042.1888,306032.1024,4
550,002022.SZ,科华生物,20260928,6.04,4.4149,5.4263,0.88,,,1.2979,1.9541,1.9032,,,53139.7174,51432.4049,41846.1011,320963.8484,310651.696,4
551,002023.SZ,海特高新,20260928,9.38,2.5205,3.3065,0.89,,,1.8553,4.4585,4.33,,,74086.0235,73416.0281,55964.63,694926.9614,688642.3614,4
552,002024.SZ,ST易购,20260928,1.14,0.1494,0.3996,0.86,181.6621,77.2437,0.8644,0.2157,0.2538,,,926476.7618,919232.6826,343603.4679,1056183.5064,1047925.2552,4
553,002025.SZ,航天电器,20260928,68.56,1.8133,3.0801,0.75,170.2387,138.8208,4.6638,5.3485,5.0575,0.3365,0.1896,45401.9772,45387.1299,26720.1544,3112759.7488,3111741.6328,4
554,002026.SZ,山东威达,20260928,10.89,3.102,4.8772,0.72,19.0251,22.421,1.232,2.496,2.3676,1.1938,0.6408,44053.1939,44049.3914,28016.1323,479739.2391,479697.8571,4
555,002027.SZ,分众传媒,20260928,4.68,0.8189,1.2152,1.18,22.9402,19.8232,4.8311,5.2975,5.3482,8.1197,6.1966,1444219.9726,1444219.9726,973320.6673,6758949.4596,6758949.4596,1
556,002028.SZ,思源电气,20260928,121.07,2.1452,2.3659,1.09,30.0768,28.528,5.7584,4.3988,3.9747,0.4107,0.5781,78257.3282,61077.5161,55381.8195,9474614.7252,7394654.8742,4
557,002029.SZ,七匹狼,20260928,8.86,8.5817,14.5259,1.34,18.7778,43.1136,0.9369,2.0797,2.0522,1.079,1.079,70502.3537,66540.5959,39311.2659,624650.9096,589549.716,4
558,002030.SZ,达安基因,20260928,5.62,1.4908,2.1804,0.8,,,1.1239,10.4101,10.5599,,,140344.6032,140344.6032,95953.7128,788736.652,788736.652,4
559,002031.SZ,巨轮智能,20260928,5.56,8.2997,10.188,2.03,,,6.4309,15.516,19.8615,,,219939.567,219938.817,179174.0983,1222864.0092,1222859.8392,1
560,002032.SZ,苏泊尔,20260928,39.66,0.2895,1.7749,1.67,15.0745,15.6134,6.259,1.388,1.3921,7.0829,6.6305,79695.1096,79659.31,12991.1196,3160708.0626,3159288.2346,1
561,002033.SZ,丽江股份,20260928,8.19,1.9349,3.5327,0.8,21.0811,17.8788,1.8005,5.2307,4.9909,4.2735,4.2735,54949.0711,54948.0181,30096.1546,450032.8833,450024.2838,4
562,002034.SZ,旺能环境,20260928,13.84,0.9574,1.7511,1.25,9.9158,9.498,0.8047,2.2047,2.207,2.9736,1.1873,51670.1203,51454.7415,28133.3523,715114.4608,712133.6016,4
563,002035.SZ,华帝股份,20260928,4.8,5.2067,6.4959,1.83,13.518,20.1324,1.0601,0.7204,0.7664,6.1277,4.0851,84765.3618,78203.7667,62682.8792,406873.776,375378.096,4
564,002036.SZ,联创电子,20260928,5.97,2.2087,2.4185,0.88,,,9.3865,0.7645,0.8731,,,105759.8056,105546.7775,96388.3463,631386.0657,630114.2766,4
565,002037.SZ,保利联合,20260928,6.71,0.6068,1.0933,0.52,,,3.3287,0.4853,0.5169,,,48388.3566,48388.3566,26857.6012,324685.8956,324685.8956,4
566,002038.SZ,双鹭药业,20260928,5.6,1.5367,2.0645,0.54,,,1.1678,9.2251,10.0886,0.3571,0.1786,102735.0,85219.4786,63435.3239,575316.0,477229.088,4
567,002039.SZ,黔源电力,20260928,19.48,1.8981,3.148,1.9,13.8784,11.7998,1.8441,2.5351,2.3699,0.8214,2.0021,42755.8126,42755.8126,25779.8681,832883.1788,832883.1788,1
568,002040.SZ,南京港,20260928,8.93,2.5267,7.7502,0.54,23.4907,22.0191,1.2321,4.2364,4.1198,1.0679,1.299,48607.5445,48607.5445,15847.0774,434065.3322,434065.3322,4
569,002041.SZ,登海种业,20260928,9.4,3.0031,7.6141,0.76,90.2531,77.9961,2.2295,7.5076,6.8853,0.3085,,88000.0,88000.0,34708.0741,827200.0,827200.0,4
570,002042.SZ,华孚时尚,20260928,3.67,3.5204,6.0598,0.92,108.7393,29.7551,1.0245,0.7753,0.8104,,0.3044,170068.1355,170068.1355,98799.3593,624150.0738,624150.0738,4
571,002043.SZ,兔宝宝,20260928,11.35,0.6166,1.1058,0.4,13.4101,13.8141,2.8626,1.0603,0.9898,5.2264,3.7574,82975.448,80610.5572,44943.7807,941771.3575,914929.856,4
572,002044.SZ,美年健康,20260928,4.41,1.269,1.5019,0.61,60.4985,53.2278,2.171,1.6663,1.71,0.3061,0.2041,391425.3923,387422.7627,327344.0673,1726185.9699,1708534.3716,4
573,002045.SZ,国光电器,20260928,8.63,2.3015,3.069,0.68,,,1.1672,0.6139,0.6649,,0.1738,56248.3132,56183.2882,42132.8137,485423.0016,484861.7927,4
574,002046.SZ,国机精工,20260928,61.48,3.0897,6.1579,1.08,126.6215,244.338,7.6187,10.9199,11.1888,0.3416,0.3188,53619.0854,53594.1836,26891.1023,3296501.0384,3294970.1864,4
575,002047.SZ,宝鹰股份,20260928,3.11,1.144,1.7311,0.65,79.6434,73.0743,151.2093,7.1596,8.4134,,,151624.8693,151617.1712,100200.6312,471553.3457,471529.3987,4
576,002048.SZ,宁波华翔,20260928,17.86,1.5908,2.5692,0.91,34.6884,9.5743,1.2392,0.554,0.6158,2.6277,1.4417,81220.1322,70817.0342,43847.7212,1450591.5218,1264792.1558,4
577,002049.SZ,紫光国微,20260928,58.63,1.2994,1.7606,0.99,34.4012,32.0428,3.4919,8.0443,7.5572,0.3582,0.5268,84323.3676,84311.9864,62221.8538,4943879.1831,4943211.9737,4
578,002050.SZ,三花智控,20260928,35.44,0.9955,1.7682,0.77,36.7059,37.3108,4.5884,4.8089,4.7121,0.7051,1.1261,420801.3935,369104.4992,207818.2676,14913201.2616,13081063.48,4
579,002051.SZ,中工国际,20260928,8.51,1.7599,4.9174,0.66,33.2165,39.0205,0.9093,0.9023,0.8824,1.4819,1.295,122648.3145,122641.1925,43891.2604,1043737.1181,1043676.5269,4
580,002052.SZ,同洲电子,20260928,8.02,1.0818,1.4813,1.5,33.4844,,21.5198,8.733,22.1452,,,75243.9694,68938.7154,50348.6303,603456.6394,552888.5344,4
581,002053.SZ,云南能投,20260928,9.41,0.4082,1.5338,0.67,36.6659,37.2868,1.1379,3.4728,4.1175,3.5069,1.3815,92072.9464,92072.0764,24501.507,866406.4595,866398.2728,4
582,002054.SZ,德美化工,20260928,6.99,1.7055,1.9054,0.97,28.5149,20.1393,1.2794,1.1241,0.9883,0.9808,1.0007,48211.5452,38437.5669,34405.1106,336998.7345,268678.6143,4
583,002055.SZ,ST得润,20260928,6.5,4.0584,4.2033,1.36,,,2.8277,0.8722,0.8648,,,60449.0017,59049.0017,57014.5051,392918.5,383818.5,4
584,002056.SZ,横店东磁,20260928,19.37,1.1315,2.2653,1.07,17.0213,17.7067,2.9707,1.3951,1.3704,4.2293,4.9804,162671.2074,162501.8929,81166.2929,3150941.144,3147661.6093,4
585,002057.SZ,中钢天源,20260928,8.64,1.7729,2.65,1.1,36.9559,32.6875,1.9607,2.0807,1.9652,1.4352,1.3657,75388.3706,75325.6924,50393.5663,651355.5168,650813.9616,4
586,002058.SZ,紫竹高科,20260928,16.69,1.6535,3.111,0.72,11.8644,71.1056,33.0505,2.9408,2.9276,,,14344.8332,14336.5832,7619.9976,239415.2127,239277.5202,4
587,002059.SZ,云南旅游,20260928,4.21,4.3892,9.7723,0.61,,,4.4772,12.1391,14.7307,,,101243.4813,99039.3246,44482.954,426235.0508,416955.5372,4
588,002060.SZ,广东建工,20260928,3.0,0.8748,1.2271,0.84,10.1572,11.9846,0.7988,0.1634,0.1732,4.6667,4.6667,375439.3242,156282.366,111412.952,1126317.99,468847.11,4
589,002061.SZ,浙江交科,20260928,3.26,0.686,1.4193,1.31,8.9354,10.0105,0.5398,0.1857,0.188,3.8741,3.414,264315.1986,259913.79,125625.4731,861667.552,847318.9554,4
590,002062.SZ,宏润建设,20260928,8.8,2.9742,4.7015,1.52,38.9281,43.8731,2.229,1.8948,2.0347,1.1249,1.1074,123727.0889,112470.096,71150.2719,1088798.392,989736.88,4
591,002063.SZ,远光软件,20260928,5.2,0.6698,0.8771,0.72,33.1948,33.1693,2.4935,3.8427,3.8343,0.5738,0.6154,191547.2817,176910.9143,135095.0508,996045.856,919936.732,4
592,002064.SZ,华峰化学,20260928,9.53,0.4467,1.3213,0.73,25.4599,16.5532,1.6434,1.9544,1.8031,2.0986,1.574,496254.3897,495199.0572,167418.7545,4729304.3367,4719247.0418,4
593,002065.SZ,东华软件,20260928,6.46,0.6298,0.8884,0.67,43.3853,45.392,1.6511,1.6017,1.6466,0.774,0.774,320548.2375,294573.9379,208828.9291,2070741.6304,1902947.6524,4
594,002066.SZ,瑞泰科技,20260928,19.65,1.2172,2.0331,1.39,,,7.6033,1.1921,1.2382,0.7507,,23490.7,23100.0,13830.2535,461592.255,453915.0,4
595,002067.SZ,景兴纸业,20260928,3.95,1.5912,1.646,0.9,105.0464,41.7212,0.8581,0.9691,0.8903,,0.2532,147485.3853,133760.3853,129305.3853,582567.2905,528353.5405,4
596,002068.SZ,黑猫股份,20260928,9.12,6.2538,11.8846,0.67,,,2.7167,0.7722,0.7608,,,73534.5196,73500.5821,38676.7084,670634.8224,670325.2896,4
597,002069.SZ,獐子岛,20260928,3.67,1.3586,2.3036,0.79,,,91.0024,2.0423,2.1099,,,71111.2194,71021.6194,41885.4849,260978.1774,260649.3454,0
598,002072.SZ,凯瑞德,20260928,7.09,2.6827,4.7556,0.94,,,11.4639,5.6095,5.7901,,,36768.0,36753.18,20732.9087,260685.12,260580.0462,4
599,002073.SZ,软控股份,20260928,5.58,1.1231,1.3191,1.37,14.1821,14.55,0.8853,0.6868,0.6473,2.6752,0.7168,102450.9853,101413.7353,86341.1867,571676.5242,565888.6692,4
600,002074.SZ,国轩高科,20260928,26.07,1.2647,2.0925,0.68,19.8508,13.9037,1.57,1.0497,0.8851,0.3786,0.3832,181472.5342,173665.769,104960.9866,4730988.9666,4527466.5978,4
601,002075.SZ,沙钢股份,20260928,3.46,0.7255,0.991,0.74,28.3843,30.4932,1.1411,0.5785,0.5843,1.4451,1.4451,219382.5445,219382.192,160595.0194,759063.5884,759062.3774,4
602,002076.SZ,星光股份,20260928,2.09,1.6417,1.8578,0.78,,,7.8415,6.1006,4.5788,,,110912.4491,104269.4232,92143.0584,231807.0205,217923.0878,4
603,002077.SZ,大港股份,20260928,14.79,12.1609,23.9426,1.19,161.525,113.0512,2.5242,24.1698,20.0498,,,58034.8513,58034.8513,29476.9403,858335.4315,858335.4315,1
604,002078.SZ,太阳纸业,20260928,13.54,0.5277,0.9599,0.85,11.8887,11.2951,1.2257,0.9861,0.944,2.8925,2.1694,285418.5119,277657.7688,152644.1906,3864566.6254,3759486.2058,0
605,002079.SZ,苏州固锝,20260928,8.55,2.6729,3.5212,0.97,105.7698,72.5734,1.9199,1.9615,1.7109,0.1982,0.1988,90848.8523,81112.6378,61571.3323,776757.6675,693513.072,4
606,002080.SZ,中材科技,20260928,52.74,2.8199,7.092,0.49,48.6882,43.6668,4.3363,2.931,2.6721,0.4266,0.8229,167812.3584,167812.3584,66724.898,8850423.8664,8850423.8664,4
607,002081.SZ,金螳螂,20260928,4.76,6.2722,12.3571,0.58,28.4883,32.1303,0.923,0.7303,0.7965,2.1008,2.7311,265532.3689,265255.0572,134637.526,1263934.0812,1262614.0856,4
608,002082.SZ,ST万邦,20260928,13.2,5.9863,11.2211,1.73,,,3.1339,7.2265,7.1607,,,61168.9055,56784.7922,30293.8977,807429.48,749559.228,2
609,002083.SZ,孚日股份,20260928,9.21,1.9468,3.2437,0.77,20.3501,14.8853,1.8029,1.6734,1.5735,1.5607,3.1215,94663.9012,94630.8312,56796.1976,871854.519,871549.9443,4
610,002084.SZ,海鸥住工,20260928,5.8,13.3044,22.6436,0.81,,,2.9522,1.4299,1.5177,,,64605.604,64463.4442,37876.0285,374712.48,373887.952,5
611,002085.SZ,万丰奥威,20260928,9.28,0.8338,1.3793,0.7,19.9594,21.7774,2.8678,1.2325,1.2335,2.1552,2.1552,212329.752,212329.752,128350.3253,1970420.08,1970420.08,4
612,002086.SZ,东方海洋,20260928,2.02,2.1042,2.1042,0.61,,,3.2135,11.1126,11.0705,,,195894.65,158097.127,158097.127,395707.193,319356.2026,4
613,002088.SZ,鲁阳节能,20260928,7.96,0.3002,0.8545,0.68,94.5185,,1.7021,1.6343,1.7984,10.1229,3.7703,50944.0186,50596.4633,17777.471,405514.3992,402747.8216,4
614,002090.SZ,金智科技,20260928,8.85,1.2294,1.4654,0.87,53.6964,50.3158,2.2686,2.271,2.2059,0.7345,0.5085,40057.7071,39818.8681,33405.6292,354510.7335,352396.9995,4
615,002091.SZ,江苏国泰,20260928,7.49,0.5884,1.0468,1.11,9.4223,10.0092,0.7779,0.3095,0.3003,6.2747,6.2749,162772.7734,160237.2071,90077.8775,1219168.1222,1200176.7029,4
616,002092.SZ,中泰化学,20260928,4.3,1.2657,1.7992,0.94,,,0.5128,0.386,0.3679,,,257573.9517,257563.7892,181192.676,1107567.985,1107524.297,4
617,002093.SZ,国脉科技,20260928,8.16,6.2889,13.1066,1.65,46.5318,,2.1877,13.9733,14.0669,1.4479,0.7353,100750.0,100750.0,48342.7394,822120.0,822120.0,1
618,002094.SZ,青岛金王,20260928,5.06,4.8088,6.1196,0.85,164.9898,,2.3795,2.0802,2.0684,,,69089.7549,69045.3549,54255.5227,349594.135,349369.471,4
619,002095.SZ,生意宝,20260928,15.82,4.4263,7.897,0.78,,,4.6189,7.6038,6.5555,0.3161,0.3161,25272.0,25170.8415,14108.3104,399803.04,398202.6888,4
620,002096.SZ,易普力,20260928,8.96,0.3111,0.8373,0.8,14.0222,15.6225,1.3717,1.1305,1.2232,2.567,2.8571,124044.077,123961.9861,46054.8897,1111434.9568,1110699.4304,4
621,002097.SZ,山河智能,20260928,6.73,1.3718,2.1508,0.87,85.9317,154.1411,1.5662,0.9893,0.9571,0.2972,0.3418,107461.7264,107300.0545,68435.3929,723217.3756,722129.3365,4
622,002098.SZ,浔兴股份,20260928,8.32,1.9795,4.6765,1.3,14.4701,14.6438,1.8905,1.0737,1.0552,1.2019,1.2019,35800.0,35800.0,15153.7318,297856.0,297856.0,4
623,002099.SZ,海翔药业,20260928,6.0,3.083,5.1175,1.74,,,2.028,5.2197,4.9594,,,161871.5253,161684.3253,97406.0666,971229.18,970105.98,1
624,002100.SZ,天康生物,20260928,7.86,1.7069,2.3838,1.35,50.9454,,1.692,0.6319,0.6519,2.799,0.9924,136525.1515,136525.1515,97759.3855,1073087.679,1073087.679,1
625,002101.SZ,广东鸿图,20260928,8.44,0.5426,1.1042,1.11,15.4417,19.4239,0.7129,0.6082,0.6138,3.7172,2.9858,66282.3011,66221.2199,32539.8311,559422.612,558907.0968,4
626,002102.SZ,ST能特,20260928,2.56,0.6714,0.856,1.22,24.8965,,2.0474,0.8506,1.0828,,,241624.4645,207056.8525,162399.8302,618558.6176,530065.536,4
627,002103.SZ,广博股份,20260928,6.59,1.299,1.6593,0.48,21.3959,25.4699,2.7133,1.2824,1.2091,,,53427.2953,38813.5588,30386.4845,352085.907,255781.3604,4
628,002104.SZ,恒宝股份,20260928,10.21,4.2799,4.4749,0.43,123.1169,,3.4378,8.3466,9.97,0.7883,0.3252,70835.0154,60762.1646,58114.3476,723225.4521,620381.6536,4
629,002105.SZ,信隆健康,20260928,5.98,1.9417,3.8532,0.98,,,2.71,1.844,1.6552,,,36624.195,36447.1975,18366.5128,219012.716,217954.256,4
630,002106.SZ,莱宝高科,20260928,12.16,6.5369,9.1091,0.84,35.0166,54.1723,1.5318,1.4335,1.5026,0.8224,0.8224,70581.616,70499.5842,50592.2331,858272.3776,857274.8928,4
631,002107.SZ,沃华医药,20260928,7.11,2.1316,4.3307,0.56,42.8767,34.6019,5.8038,5.0235,5.2284,1.6878,3.699,57720.96,57139.6391,28125.0028,410396.0256,406262.8404,4
632,002108.SZ,沧州明珠,20260928,4.24,0.9269,1.1552,1.09,45.5142,34.5475,1.3764,2.4521,2.2405,2.3815,1.1792,164859.8206,164799.8206,132223.7681,699005.6368,698751.2368,4
633,002109.SZ,ST兴化,20260928,2.79,0.2928,0.7027,0.98,,,0.9131,1.0031,0.916,,,127626.9851,127626.9851,53182.6107,356079.3021,356079.3021,1
634,002110.SZ,三钢闽光,20260928,2.84,0.8524,2.037,0.78,254.6049,,0.3602,0.1603,0.157,,0.3521,242907.6227,242907.6227,101648.7803,689857.6408,689857.6408,4
635,002111.SZ,威海广泰,20260928,9.32,1.1376,1.8002,0.84,38.4278,24.2422,1.6222,1.492,1.3789,1.8636,3.3964,53201.1052,48875.1597,30885.2262,495834.3452,455516.4912,4
636,002112.SZ,三变科技,20260928,13.89,2.0712,2.43,0.68,293.1824,520.5276,4.6973,2.1809,1.8524,0.449,0.072,29413.1282,26208.0,22337.779,408548.3757,364029.12,4
637,002114.SZ,罗平锌电,20260928,7.12,1.7351,2.3898,0.92,,,3.3126,1.5928,1.3787,,,32339.5267,32338.9342,23479.3223,230257.3824,230253.1816,4
638,002115.SZ,三维通信,20260928,9.54,5.8564,6.4024,1.27,,222.0211,3.7044,0.6426,0.3916,,,80503.7332,74626.6207,68262.1852,768005.5842,711937.9548,4
639,002116.SZ,中国海诚,20260928,7.07,0.6773,1.2805,1.4,11.6055,12.8373,1.4145,0.568,0.6017,3.6487,2.585,55895.2858,55215.2964,29202.9642,395179.6706,390372.1455,4
640,002117.SZ,东港股份,20260928,7.81,0.8827,1.2765,0.65,28.3721,24.9021,2.9782,3.4498,3.4761,2.6889,3.8412,52372.0955,52355.468,36205.143,409026.101,408896.2207,4
641,002119.SZ,康强电子,20260928,29.71,33.7095,41.9904,2.15,95.7297,92.6803,7.7501,5.0694,4.0479,0.101,0.1346,37528.4,37528.4,30127.4792,1114968.764,1114968.764,1
642,002120.SZ,韵达股份,20260928,6.77,0.8542,1.9488,0.66,16.755,11.96,0.9283,0.3813,0.3698,2.9467,2.94,289920.1326,281512.9913,123392.1826,1962759.2801,1905842.9423,4
643,002121.SZ,科陆电子,20260928,4.13,1.6451,2.1706,0.51,,,35.4223,1.0946,1.1665,,,167255.0608,141125.6349,106957.1058,690763.4011,582848.8721,4
644,002122.SZ,ST汇洲,20260928,2.7,0.446,0.6755,1.21,117.7009,,2.5526,5.0352,4.752,,,200150.0575,198682.1538,131188.536,540405.135,536441.805,4
645,002123.SZ,梦网科技,20260928,7.53,2.3347,2.4301,0.57,,,4.1307,2.3245,2.7656,,,80542.259,72053.2059,69223.5215,606483.2178,542560.6713,4
646,002124.SZ,天邦食品,20260928,2.0,3.8971,4.0682,0.55,,,5.3978,0.5114,0.5807,,,222193.3832,197237.5648,188939.6602,444386.76,394475.12,4
647,002125.SZ,湘潭电化,20260928,11.65,1.7227,2.9816,1.32,32.5306,22.6056,2.1158,3.8172,3.729,1.3733,0.9871,62952.2901,62952.2901,36370.9504,733394.1785,733394.1785,4
648,002126.SZ,银轮股份,20260928,34.37,2.5862,2.7446,1.57,30.4053,30.0582,3.9019,1.8565,1.6597,0.3415,0.3449,84682.1243,79514.7506,74924.3551,2910524.4644,2732921.9575,4
649,002127.SZ,南极电商,20260928,2.95,2.5404,2.9287,1.13,,,1.923,2.7857,3.2167,1.3559,2.0339,245487.0403,199473.2997,173023.4346,724186.7689,588446.2341,1
650,002128.SZ,电投能源,20260928,27.74,0.5225,1.1812,0.86,16.0043,12.1082,1.6412,2.8799,2.5437,2.0677,3.36,312647.7068,224157.3493,99155.0772,8672847.4754,6218124.889,4
651,002129.SZ,TCL中环,20260928,9.12,1.7072,2.4366,0.69,,,2.0056,1.2693,1.2305,,,404310.3887,403960.1025,283032.2925,3687310.7568,3684116.112,4
652,002130.SZ,沃尔核材,20260928,15.68,1.8486,1.9953,0.69,19.1895,19.0461,2.3877,2.5975,2.3967,0.8643,1.0437,139988.7362,115450.1909,106961.0959,2195023.4432,1810258.9792,4
653,002131.SZ,利欧股份,20260928,4.2,2.8992,3.0477,0.6,842.8512,,2.1488,1.4185,1.3804,0.7935,0.8077,677177.8703,585479.6954,556947.4241,2844147.054,2459014.74,4
654,002132.SZ,恒星科技,20260928,3.99,2.3545,2.8418,0.89,297.8635,68.6152,1.5597,1.0885,1.0327,1.1874,1.1967,140154.4698,139918.6411,115925.9066,559216.3353,558275.3736,4
655,002133.SZ,广宇集团,20260928,2.83,1.5475,2.2862,0.7,57.2535,,0.7649,0.5375,1.1532,1.7438,1.7438,77414.4175,76987.0201,52112.7811,219082.8086,217873.2666,0
656,002134.SZ,天津普林,20260928,24.3,7.0147,9.9355,0.65,1263.8912,142.0098,10.6276,4.3679,3.6176,,,24781.7796,24670.658,17418.0826,602197.2443,599496.9894,4
657,002135.SZ,东南网架,20260928,5.87,1.1981,2.0189,0.96,133.6652,184.2898,1.0565,0.6982,0.7483,1.1925,0.1677,111552.4281,104387.3863,61947.7365,654812.7641,612753.9793,4
658,002136.SZ,安纳达,20260928,11.62,1.6077,2.3408,0.87,,,2.2089,1.4778,1.3003,,,21502.0,21445.576,14729.0211,249853.24,249197.6396,4
659,002137.SZ,实益达,20260928,7.74,6.3287,7.2412,0.44,103.6872,74.9022,2.9274,6.5849,6.1084,,0.646,57750.4854,39645.8956,34650.0773,446988.7926,306859.266,4
660,002138.SZ,顺络电子,20260928,47.89,3.9242,4.4489,0.92,37.8198,39.3126,5.882,5.7247,5.2326,1.226,1.6545,80631.8354,76634.4788,67596.3164,3861458.8176,3670025.2472,4
661,002139.SZ,拓邦股份,20260928,9.6,0.9624,1.0125,0.97,32.895,73.6151,1.713,1.0801,1.051,0.7186,0.7186,124683.4988,107108.9847,101808.7668,1196961.504,1028246.208,0
662,002140.SZ,东华科技,20260928,9.0,0.8091,2.5266,0.82,11.9583,11.7898,1.3064,0.6356,0.6674,1.6667,2.2222,70801.3872,70690.8875,22638.9042,637212.51,636218.01,4
663,002141.SZ,贤丰控股,20260928,6.29,15.3841,22.0508,0.84,413.9068,963.1441,7.8833,5.6222,6.3179,,,103293.5798,103293.5798,72064.3798,649716.6182,649716.6182,4
664,002142.SZ,宁波银行,20260928,34.55,0.3423,0.6858,1.06,7.7781,7.3307,0.9398,3.1702,2.9918,3.4732,3.4732,660359.0792,659938.4253,329442.2565,22815406.214,22800872.7565,4
665,002144.SZ,宏达高科,20260928,10.82,2.1391,2.3184,0.99,44.2229,74.0854,0.8913,3.8739,4.2364,0.4621,0.4621,17676.2528,13765.9201,12700.9178,191257.025,148947.2544,4
666,002145.SZ,钛能化学,20260928,4.64,2.2597,3.4246,0.86,49.5014,34.1407,1.3352,2.2693,2.0608,0.331,0.8334,380667.2183,380647.4258,251172.9028,1766295.9008,1766204.0752,4
667,002146.SZ,荣盛发展,20260928,1.21,4.7243,5.8622,0.66,,,1.0321,0.1969,0.2813,,,434816.3851,391068.1351,315156.3985,526127.8319,473192.4494,1
668,002148.SZ,北纬科技,20260928,6.15,2.5298,2.6602,0.83,,1492.5872,2.7975,9.0,8.9009,0.26,,55875.133,45102.6611,42892.3214,343632.0495,277381.359,4
669,002149.SZ,西部材料,20260928,31.55,2.9448,4.2824,0.94,149.0117,177.0577,2.3311,4.768,5.0416,0.9509,0.6339,48821.4274,48813.9124,33566.3659,1540316.1165,1540078.8605,4
670,002150.SZ,正泰电源,20260928,20.06,1.335,2.5993,0.68,25.7296,28.6865,3.3405,1.7809,1.7404,0.5018,0.4985,36086.8803,35850.4497,18412.5683,723902.8128,719160.027,4
671,002151.SZ,北斗星通,20260928,28.45,3.0695,3.3175,0.67,,,3.1632,6.9808,6.0433,,,54291.0913,44287.1741,40976.3976,1544581.5105,1259969.9865,4
672,002152.SZ,广电运通,20260928,8.88,0.5895,1.18,0.95,25.6169,26.953,1.7822,1.8293,1.8525,2.2523,4.1667,248338.2898,248212.6213,124008.1959,2205244.0152,2204128.0656,4
673,002153.SZ,石基信息,20260928,7.29,0.9284,1.9196,0.81,,,3.0306,7.1318,7.0822,0.1372,0.1372,272919.3841,159976.3804,77373.1067,1989582.2802,1166227.8102,4
674,002154.SZ,报喜鸟,20260928,3.81,1.5347,2.0066,0.88,16.2695,12.7566,1.1873,1.0756,1.0282,1.3123,4.4619,145933.3729,118012.7141,90261.811,556006.1397,449628.4251,4
675,002155.SZ,湖南黄金,20260928,22.67,2.6382,4.0628,0.95,23.8074,19.7947,4.1171,0.7059,0.6588,0.7804,1.3233,156265.1316,156249.8917,101463.1962,3542530.4971,3542185.0063,4
676,002156.SZ,通富微电,20260928,58.9,3.4987,4.309,0.58,77.028,37.1917,5.5737,3.3621,3.0356,0.0727,0.1309,159379.7706,151745.2222,123210.7507,9387468.453,8937793.458,4
677,002157.SZ,正邦科技,20260928,2.91,1.5023,1.5023,0.95,,,2.6527,1.8194,1.717,,,925016.2589,778789.5012,778789.5012,2691797.3166,2266277.445,4
678,002158.SZ,汉钟精机,20260928,24.66,2.984,7.7439,1.73,28.1314,26.8135,3.0236,4.5055,4.485,2.352,1.8248,53472.4139,53358.7149,20560.9659,1318629.6306,1315825.7886,5
679,002159.SZ,三特索道,20260928,13.25,1.2817,1.8676,0.61,16.3886,18.1141,1.6071,3.6799,3.7071,1.8868,2.1132,17730.1325,13848.6813,9504.3513,234924.2225,183495.01,4
680,002160.SZ,常铝股份,20260928,3.8,1.2658,2.0234,1.23,56.4375,57.1403,1.0427,0.4634,0.4377,,,103278.1167,103072.9489,64480.2442,392456.856,391677.21,4
681,002161.SZ,远望谷,20260928,6.28,3.8812,4.6827,0.53,301.7594,,3.192,7.7036,8.1339,0.2389,0.2153,73975.74,73960.935,61301.4109,464567.71,464474.7032,4
682,002162.SZ,悦心健康,20260928,4.13,2.1972,4.5881,0.68,564.6357,369.126,4.586,3.577,3.5088,,,91970.0965,91832.1621,43978.3101,379836.4717,379266.8208,1
683,002163.SZ,海南发展,20260928,7.32,2.9466,4.1088,0.59,,,11.6336,1.767,1.7709,,,84495.7867,80354.8875,57627.0372,618509.1828,588197.7948,4
684,002164.SZ,宁波东力,20260928,12.31,11.7978,18.6465,1.37,33.4398,29.9702,4.2514,4.462,4.3275,,,53217.3689,47977.5143,30355.8686,655105.7016,590603.1481,4
685,002165.SZ,红宝丽,20260928,6.76,5.1065,6.2702,0.61,286.7038,,2.4925,1.7808,1.6154,0.5917,0.4438,73526.9837,72776.5396,59270.3617,497042.3848,491969.4104,4
686,002166.SZ,莱茵生物,20260928,6.71,1.0481,1.657,0.89,34.7683,30.8014,1.5983,2.4347,2.3921,1.4596,1.4596,74160.9425,73855.3925,46716.4333,497619.9074,495569.6669,1
687,002167.SZ,东方锆业,20260928,15.2,3.9842,5.3409,0.73,223.0852,113.2499,6.4219,9.4588,9.0955,,,77467.33,76219.6723,56858.59,1177503.416,1158538.984,4
688,002168.SZ,ST惠程,20260928,3.55,0.3318,0.4049,0.58,,,,7.5413,7.7352,,,78416.3368,78416.3368,64258.0991,278378.007,278378.007,4
689,002169.SZ,智光电气,20260928,12.26,4.0612,5.1985,0.75,70.8094,40.9203,3.4215,2.5104,2.1574,0.6525,0.6525,78270.4094,76092.3967,59446.3596,959595.2266,932892.824,4
690,002170.SZ,芭田股份,20260928,10.49,1.5588,1.7094,1.01,11.184,9.6308,2.6594,2.0161,1.9782,4.1667,7.3321,97183.073,79030.921,72067.9085,1019450.4043,829034.3508,4
691,002171.SZ,楚江新材,20260928,9.67,2.8946,3.8354,0.94,40.9546,36.0018,1.7501,0.2591,0.2182,,0.8273,162293.7872,161524.147,121903.4924,1569380.9493,1561938.5305,4
692,002172.SZ,澳洋健康,20260928,5.07,17.1794,25.6419,0.68,94.0212,114.5205,19.4021,2.1487,2.2485,,,76573.236,76514.073,51262.5131,388226.2761,387926.3349,4
693,002173.SZ,创新医疗,20260928,17.16,3.3579,4.1849,0.5,,,4.5874,9.6927,10.5542,,,44128.4352,42086.5031,33769.1709,757243.8588,722204.34,4
694,002174.SZ,游族网络,20260928,13.24,4.1435,5.0826,1.0,,,2.7805,9.2549,9.2003,,,97981.0967,97925.9042,79831.1452,1297269.6316,1296538.916,4
695,002175.SZ,*ST东智,20260928,2.44,1.0577,1.2409,1.67,,,3.9975,9.816,9.0153,,,127678.0727,127678.0727,108828.0727,311534.4908,311534.4908,4
696,002176.SZ,江特电机,20260928,8.08,1.7328,2.0871,1.03,,,4.7081,7.0339,7.1002,,,170225.0581,169976.0581,141125.5048,1375418.4848,1373406.5648,4
697,002177.SZ,御银股份,20260928,5.39,1.8273,1.8996,0.67,316.8789,283.7154,2.3885,69.6777,72.8557,0.1299,0.0742,76119.1294,68316.0153,65714.9773,410282.1107,368223.3478,4
698,002178.SZ,延华智能,20260928,4.9,7.0657,9.6638,0.66,389.9453,,8.1827,8.192,9.4481,,,71215.3001,71183.0933,52045.8076,348954.97,348797.141,4
699,002179.SZ,中航光电,20260928,33.27,1.0698,2.0363,1.23,32.3268,37.9024,2.8794,3.2673,3.2588,2.4252,1.6634,210024.6297,209642.2744,110138.338,6987519.4401,6974798.3229,4
700,002180.SZ,奔图科技,20260928,16.07,0.6818,0.9929,0.54,,,2.4922,1.3836,2.6106,,,142187.8923,137634.2694,94512.3781,2284959.3923,2211782.7189,4
701,002181.SZ,粤传媒,20260928,8.69,9.4107,28.8519,1.36,109.5766,,2.4445,16.9896,17.0873,0.7825,0.725,116105.8174,113453.7104,37005.3722,1008959.5758,985912.7399,4
702,002182.SZ,宝武镁业,20260928,10.97,1.1467,1.7053,1.32,,,2.0685,1.0977,1.0701,0.4558,,99179.1553,89661.0733,60292.5365,1087995.2755,983581.9379,4
703,002183.SZ,怡亚通,20260928,4.08,1.8078,2.6715,0.98,,,1.1738,0.1554,0.1857,0.2451,,259700.9091,259699.4091,175739.0397,1059579.7128,1059573.5928,4
704,002184.SZ,海得控制,20260928,9.81,1.1061,1.2879,0.71,,,2.6923,1.363,1.5318,,,35190.837,24828.9322,21324.4178,345222.0423,243571.8033,4
705,002185.SZ,华天科技,20260928,16.99,5.6596,7.245,0.5,79.5509,43.5642,2.9714,3.2835,2.834,0.3288,0.1294,332675.7908,332602.6532,259818.2124,5652161.6721,5650919.0235,4
706,002186.SZ,全聚德,20260928,9.32,0.9059,1.6149,0.69,369.0193,320.4743,3.3257,2.2797,2.3092,,,30692.1588,30680.1588,17211.0112,286050.9312,285939.0912,4
707,002187.SZ,广百股份,20260928,5.4,1.0558,2.4822,0.78,,,0.9452,1.1092,1.6256,0.7441,,70089.4633,70089.4633,29813.1798,378483.084,378483.084,4
708,002188.SZ,中天服务,20260928,5.57,3.3903,4.4212,0.82,56.7971,64.925,4.9387,4.5344,4.3935,,,32710.3864,25736.3007,19735.0005,182196.8723,143351.191,4
709,002189.SZ,中光学,20260928,18.92,1.6535,2.8604,2.14,,,12.0826,3.29,3.1931,,,26119.9273,26119.4323,15099.0416,494189.0756,494179.6156,4
710,002190.SZ,成飞集成,20260928,23.04,0.9557,1.9537,0.83,,,2.3627,3.5809,3.422,,,35872.9343,35872.9343,17547.96,826512.3072,826512.3072,4
711,002191.SZ,劲嘉股份,20260928,3.49,0.9254,1.1444,1.29,,,0.7918,1.6517,1.4778,,,141397.8834,140271.5536,113429.5827,493478.6012,489547.7095,4
712,002192.SZ,融捷股份,20260928,56.09,3.3124,4.4822,0.79,52.245,12.1854,3.2027,17.3283,7.0656,0.296,0.3922,25965.5203,25911.7641,19149.5583,1456406.0168,1453390.6184,4
713,002193.SZ,ST如意,20260928,4.54,0.9068,1.2362,0.78,,,5.777,3.3018,3.2548,,,26171.555,26171.405,19198.3885,118818.8824,118818.2014,4
714,002194.SZ,武汉凡谷,20260928,10.0,6.6392,8.2316,0.92,,,2.7329,5.0541,5.2039,0.7,,68328.5806,51464.715,41508.7522,683285.9,514647.2,4
715,002195.SZ,岩山科技,20260928,5.88,1.2074,1.3395,0.94,361.1741,393.6028,3.3662,51.0097,49.1121,,0.034,566654.2796,561583.3437,506190.9003,3331927.1664,3302110.0392,4
716,002196.SZ,方正电机,20260928,10.26,6.903,7.8658,1.9,242.1564,96.7555,3.5375,1.7456,1.511,,,49587.193,49017.922,43017.922,508764.5694,502923.8592,1
717,002197.SZ,证通电子,20260928,6.38,2.6738,3.1101,0.8,,,2.1977,3.9544,3.6579,,,61436.2928,53400.0012,45908.5058,391963.5302,340692.0,4
718,002198.SZ,ST嘉应,20260928,3.57,0.7418,0.9547,0.96,59.4476,,2.5704,4.7213,5.1683,,,50750.9848,50747.8498,39429.9712,181181.0343,181169.8245,4
719,002199.SZ,东晶电子,20260928,11.46,2.2789,3.4232,0.59,,,16.6215,7.8528,4.9044,,,24344.2363,23090.2093,15371.6514,278984.9904,264613.8066,4
720,002200.SZ,交投生态,20260928,6.68,3.0552,3.9073,1.44,,33.8465,2.2498,5.8771,4.2568,,,45112.5581,19572.597,15304.0043,301351.9008,130744.968,4
721,002201.SZ,九鼎新材,20260928,9.33,5.7283,8.7436,0.6,67.1341,68.5268,5.0829,3.3863,3.2098,0.1501,0.268,65163.6241,60202.342,39441.3357,607976.5746,561687.8322,4
722,002202.SZ,金风科技,20260928,17.23,1.9849,2.6845,1.02,26.2238,23.1603,1.8471,0.9963,0.9301,0.8125,1.1568,422252.1647,336360.5081,248700.9952,7275404.8891,5795491.5873,4
723,002203.SZ,海亮股份,20260928,17.09,0.6183,1.0543,0.74,41.5264,44.898,2.3195,0.4707,0.447,1.4472,1.2872,229175.5274,225039.7227,131972.1758,3916609.6368,3845928.8148,4
724,002204.SZ,大连重工,20260928,5.21,1.5708,3.5243,0.78,17.2574,15.6826,1.2535,0.6485,0.6255,0.9501,1.8052,193137.0032,193137.0032,86084.3077,1006243.77,1006243.77,4
725,002205.SZ,国统股份,20260928,11.6,12.2953,17.617,2.96,,,11.3358,3.2014,3.2987,,,18584.3228,18584.3228,12970.4108,215578.112,215578.112,4
726,002206.SZ,海利得,20260928,4.84,0.5976,0.8388,0.94,10.9344,10.949,1.4005,0.964,1.015,3.6079,4.1075,116202.722,105697.0986,75299.3075,562421.1648,511573.964,4
727,002207.SZ,*ST准油,20260928,5.64,4.455,6.3773,2.7,,,171.9397,4.9821,4.4551,,,26205.5378,26081.195,18219.5672,147799.2456,147097.968,1
728,002208.SZ,合肥城建,20260928,9.69,2.1898,5.2606,0.58,,,1.3526,0.7705,0.8871,,,80329.1894,80303.8706,33427.2487,778389.8511,778144.5003,4
729,002209.SZ,达意隆,20260928,13.23,1.9047,2.2359,0.82,22.229,18.0253,2.8667,1.4626,1.3443,0.3825,0.6047,20453.005,15784.8788,13446.4226,270593.3223,208833.9624,4
730,002210.SZ,飞马国际,20260928,2.07,1.3782,1.9675,0.76,357.3404,183.911,5.8428,20.7287,19.4691,,,266123.2774,265675.9025,186108.6168,550875.1689,549949.113,4
731,002211.SZ,ST宏达,20260928,3.69,1.2824,2.0368,1.27,,,32.9734,3.3743,2.9484,,,43247.5779,43247.5779,27230.0036,159583.5702,159583.5702,4
732,002212.SZ,天融信,20260928,7.28,16.335,16.335,1.5,115.6849,,0.9253,3.3385,3.7477,0.2709,,117945.3879,116684.9183,116684.9183,858642.4392,849466.2176,1
733,002213.SZ,大为股份,20260928,27.75,5.2312,6.4862,0.79,,337.5981,11.7975,5.4593,5.4274,0.0747,,24047.6043,20719.8239,16710.776,667320.9,574975.005,4
734,002214.SZ,大立科技,20260928,17.55,1.5953,1.741,1.03,,,8.5181,30.2425,30.0254,,,59866.2687,47844.3653,43840.3882,1050653.0385,839668.6935,4
735,002215.SZ,诺普信,20260928,9.33,1.5003,1.8167,0.58,14.4057,12.2175,2.0435,1.6203,1.5441,3.7548,3.2166,100425.881,80806.1974,66731.7621,936973.4604,753921.846,4
736,002216.SZ,三全食品,20260928,11.48,0.5621,1.1455,1.03,18.5252,16.9219,2.3281,1.5431,1.4672,2.6132,4.9849,87918.4048,63050.2389,30940.5803,1009303.3468,723816.7552,4
737,002217.SZ,ST合力泰,20260928,1.51,1.3533,1.9098,0.56,497.0191,811.2239,6.0426,6.7023,6.3181,,,747939.8928,727934.1526,515821.4405,1129389.2339,1099180.5665,4
738,002218.SZ,拓日新能,20260928,3.68,3.3362,5.4163,0.58,,,1.3242,5.0449,5.2236,0.2717,,140830.0149,138767.7849,85473.2837,518254.4368,510665.4304,4
739,002219.SZ,新里程,20260928,2.07,1.662,2.4491,0.53,230.925,233.9998,3.6171,2.3407,2.4906,,,345192.1753,327211.782,222056.4297,714547.7919,677328.3846,1
740,002221.SZ,东华能源,20260928,5.59,0.9718,1.5723,1.1,,,0.8935,0.3201,0.3723,,,157612.7767,146100.3187,90298.9023,881055.4402,816700.7888,4
741,002222.SZ,福晶科技,20260928,61.72,5.248,6.4637,0.99,104.187,87.6664,15.3013,25.0686,21.3002,0.324,0.324,47025.0,46815.1714,38010.3809,2902383.0,2889432.2924,4
742,002223.SZ,鱼跃医疗,20260928,26.33,0.6708,1.1081,0.93,17.6739,23.3434,1.9644,3.2921,3.3297,3.0623,4.5831,99464.6775,93446.3165,56569.3718,2618905.0244,2460441.6056,4
743,002224.SZ,三力士,20260928,3.69,1.2264,1.5147,0.87,181.2417,,1.0375,3.1666,2.9212,0.813,0.4024,90211.6324,80638.0369,65291.6384,332880.9516,297554.3676,4
744,002225.SZ,濮耐股份,20260928,3.37,1.7672,2.0889,0.83,45.1167,118.7716,0.9599,0.7119,0.7275,1.2763,1.4667,115923.9147,97492.9053,82479.4417,390663.6104,328551.1067,4
745,002226.SZ,江南化工,20260928,4.86,1.0192,2.4918,0.64,16.994,22.9843,1.3427,1.2897,1.2747,1.3374,1.8107,264892.2855,264891.819,108349.1905,1287376.5294,1287374.2452,4
746,002227.SZ,*ST特迅,20260928,6.43,0.75,1.5584,1.94,,,1.7681,5.7363,5.5861,,,24780.617,24593.6766,11836.583,159339.3866,158137.3624,1
747,002228.SZ,合兴包装,20260928,3.23,2.6236,4.554,1.47,37.8725,47.104,1.3163,0.3845,0.3709,5.2164,4.7398,121338.5629,120932.1709,69670.0889,391923.5488,390610.9091,4
748,002229.SZ,鸿博股份,20260928,10.26,3.338,3.338,0.7,,,4.815,4.9938,12.3512,,,49318.8713,49316.4301,49316.4301,506011.6062,505986.5718,4
749,002230.SZ,科大讯飞,20260928,37.25,0.9417,1.1036,1.26,106.5981,102.3211,3.9176,3.3011,3.2166,0.2574,0.2685,240207.9841,218996.694,186880.0542,8947747.4077,8157626.8515,4
750,002232.SZ,启明信息,20260928,16.28,6.1027,13.7818,1.78,204.3832,196.9772,4.6859,8.5936,8.3184,0.0614,0.1474,40854.8455,40854.8455,18090.8732,665116.958,665116.958,2
751,002233.SZ,塔牌集团,20260928,6.67,1.2226,2.026,0.88,12.3518,18.7316,0.6684,1.9069,2.0651,6.7466,9.1234,117415.0508,117362.3408,70825.6653,783158.3835,782806.8078,4
752,002234.SZ,民和股份,20260928,7.81,1.8656,2.5746,1.27,,,1.6275,1.2609,1.2373,,,34896.0212,30140.8639,21841.0152,272537.9162,235400.1166,1
753,002235.SZ,安妮股份,20260928,7.67,2.6675,3.2012,0.9,,,6.0697,10.9369,10.5836,,,57957.2284,55357.8302,46128.6768,444531.9541,424594.5561,4
754,002236.SZ,大华股份,20260928,15.22,0.8055,1.0559,1.05,12.8977,13.2148,1.2727,1.5196,1.4521,4.227,5.6353,326926.2074,239113.9515,182425.3167,4975816.9162,3639314.319,4
755,002237.SZ,恒邦股份,20260928,12.24,2.0168,2.9884,1.39,27.4488,17.6118,1.2744,0.1557,0.1331,0.9249,1.0948,142997.0408,119235.6008,80468.8264,1750283.7696,1459443.744,4
756,002238.SZ,天威视讯,20260928,7.59,3.0172,8.7855,1.01,,,3.1612,4.7158,5.2516,0.6588,,80255.916,80255.916,27562.3499,609142.4328,609142.4328,5
757,002239.SZ,奥特佳,20260928,2.42,1.6065,1.9561,1.03,43.6155,37.7325,1.3473,1.0372,1.084,0.1207,0.2516,351349.4914,326615.2096,268236.563,850265.7658,790408.8082,4
758,002240.SZ,盛新锂能,20260928,24.44,2.4882,3.1361,1.16,,23.1869,1.9829,4.4171,2.0696,,,91529.3872,91280.1222,72420.3004,2236978.2916,2230886.1328,4
759,002241.SZ,歌尔股份,20260928,23.15,2.3403,3.0156,0.56,20.9042,20.6475,2.1673,0.8531,0.8316,1.258,1.4832,355806.2598,315150.1771,244574.632,8236914.9144,7295726.5999,4
760,002242.SZ,九阳股份,20260928,10.33,3.233,9.9581,1.3,66.9974,118.1918,2.4347,0.9601,1.0221,1.4521,1.4521,76301.7,76176.5625,24731.7789,788196.561,786903.8648,2
761,002243.SZ,力合科创,20260928,6.81,0.8068,1.6287,1.26,46.6182,44.2129,1.1173,3.4928,3.3635,1.0279,0.7342,121060.4219,120216.0648,59550.3189,824421.4602,818671.3686,4
762,002244.SZ,滨江集团,20260928,8.6,1.7956,4.1549,0.88,12.6439,14.7485,0.8718,0.3228,0.3847,0.9535,0.7907,311144.389,275754.934,119171.6818,2675841.754,2371492.398,1
763,002245.SZ,蔚蓝锂芯,20260928,16.24,4.3305,5.0114,1.26,39.0836,31.2599,3.4895,3.4231,3.0044,0.2696,0.4154,171017.1874,160909.8738,139046.4365,2777319.1234,2613176.3505,4
764,002246.SZ,北化股份,20260928,24.93,6.9455,12.9987,0.88,52.0389,35.8697,4.1943,4.9764,4.6306,0.1604,0.2407,54903.4794,54903.4794,29336.1431,1368743.7564,1368743.7564,4
765,002247.SZ,聚力文化,20260928,2.47,2.5737,3.2171,0.89,43.5295,52.5146,3.0594,2.648,2.6414,,,85087.0049,64345.8147,51476.2997,210164.89,158934.1507,1
766,002248.SZ,华东数控,20260928,9.29,2.9368,3.5599,0.39,84.6384,86.5622,23.8433,8.4253,8.6403,,,30749.56,30749.56,25366.98,285663.4124,285663.4124,4
767,002249.SZ,大洋电机,20260928,6.41,1.2196,1.395,0.75,14.6515,17.6437,1.6248,1.298,1.3046,3.5251,4.5704,247479.9621,187158.9101,163627.8522,1586346.5571,1199688.6137,4
768,002250.SZ,联化科技,20260928,14.14,0.8975,1.216,0.86,35.1552,25.1371,1.8393,1.9789,1.7489,0.1414,1.4144,89987.3217,89536.9756,66083.3903,1272420.8462,1266052.8972,4
769,002251.SZ,步步高,20260928,3.35,2.6627,3.3983,0.75,79.84,162.6216,1.0564,2.1393,2.0376,,,268869.9689,222247.2119,174136.7775,900714.3995,744528.1535,4
770,002252.SZ,上海莱士,20260928,5.08,0.9771,1.3984,1.46,21.2368,27.7162,1.0332,4.5577,5.0702,0.649,0.9474,659267.2885,658823.226,460364.9252,3349077.8332,3346822.0084,1
771,002253.SZ,川大智胜,20260928,8.48,7.5735,9.2877,1.75,,,2.2866,5.8834,5.6907,,,22562.6095,20994.9008,17120.0597,191330.9328,178036.752,4
772,002254.SZ,泰和新材,20260928,11.63,2.2005,3.4525,1.36,238.8351,135.222,1.3942,2.7546,2.5976,0.4312,0.1713,85152.8183,85057.2908,54212.7324,990327.2966,989216.2827,4
773,002255.SZ,海陆重工,20260928,7.23,1.6198,1.7037,1.69,14.4108,15.5437,1.2945,2.5869,2.5658,0.6714,1.3429,83088.1055,63794.4743,60652.3705,600726.963,461234.0181,4
774,002256.SZ,兆新股份,20260928,3.12,1.503,1.9797,1.13,149.498,147.3787,4.6758,12.8214,12.7918,,,204063.6125,201824.6621,153223.9521,636678.4632,629692.9392,4
775,002258.SZ,利尔化学,20260928,13.93,1.66,2.8051,0.63,23.2892,24.3586,1.3979,1.2378,1.1968,2.8715,1.4358,80043.7228,79908.0895,47286.9802,1115009.0196,1113119.6937,4
776,002259.SZ,升达林业,20260928,4.81,5.5207,7.7026,0.93,27.4485,17.4616,7.6874,3.6202,3.8847,,,75232.8267,75232.8267,53921.2742,361869.9123,361869.9123,1
777,002261.SZ,拓维信息,20260928,24.1,2.1681,2.4161,0.6,476.3549,560.6496,11.6243,9.5756,9.5601,,0.1037,125992.8174,114610.5481,102843.596,3036426.962,2762114.255,4
778,002262.SZ,恩华药业,20260928,21.55,0.849,1.4379,1.24,20.6458,19.8898,2.6014,3.6929,3.5673,1.6758,1.8613,101297.1423,88377.6305,52184.7945,2182953.367,1904537.9265,1
779,002263.SZ,大东南,20260928,3.09,1.7296,2.3991,0.7,314.3731,284.8847,2.0853,4.7199,4.5742,,,187836.01,187834.51,135418.708,580413.2709,580408.6359,4
780,002264.SZ,新华都,20260928,7.64,13.0602,20.9474,0.99,32.45,33.5385,2.6214,1.7254,1.5755,1.2877,1.9491,71981.13,65090.7872,40582.4994,549935.8332,497293.6356,4
781,002265.SZ,建设工业,20260928,18.95,0.8637,3.9351,0.67,84.1251,77.9152,4.9754,4.3406,3.8227,,0.4011,103304.0407,103304.0407,22673.4746,1957611.558,1957611.558,4
782,002266.SZ,浙富控股,20260928,4.53,1.1849,2.064,0.83,21.1524,12.3962,1.8075,1.0185,0.909,1.0922,1.3106,521927.1402,484258.5229,277991.4108,2364329.9442,2193691.0956,4
783,002267.SZ,陕天然气,20260928,7.15,0.3856,1.0841,0.96,13.617,16.6098,1.1601,0.9251,0.9704,4.8951,2.7972,111207.5445,111207.5445,39554.4989,795133.911,795133.911,1
784,002268.SZ,电科网安,20260928,14.84,2.0009,3.1506,1.06,217.6979,208.1063,2.2979,5.5332,5.5817,0.4043,0.1685,84563.6083,84510.9308,53670.8293,1254923.9724,1254142.2012,1
785,002269.SZ,美邦服饰,20260928,1.36,1.5785,2.5558,0.64,,,19.6119,7.5892,7.9407,,,251250.0,234372.9075,144751.5716,341700.0,318747.1576,4
786,002270.SZ,华明装备,20260928,17.02,1.5368,2.7214,1.76,21.4921,20.8644,4.5286,6.2856,5.8973,3.9539,2.4083,89622.5431,89622.5431,50609.4596,1525375.6308,1525375.6308,4
787,002271.SZ,东方雨虹,20260928,10.12,1.7187,1.7637,0.77,213.4216,149.02,1.177,0.8765,0.8371,18.2804,,238869.9866,195067.2787,190087.1739,2417364.2988,1974080.8736,4
788,002272.SZ,川润股份,20260928,14.42,5.7242,6.6626,1.01,,,4.7581,3.9949,3.8363,,,48487.73,41893.0773,35992.3953,699193.0666,604098.2136,4
789,002273.SZ,水晶光电,20260928,23.85,2.4222,2.6635,1.02,28.289,27.7293,3.2496,4.787,4.4904,1.2442,1.2574,139063.2221,136608.1377,124232.8104,3316657.8471,3258104.0841,4
790,002274.SZ,华昌化工,20260928,5.81,1.8838,3.1409,0.67,,,1.0525,0.8505,0.7575,5.1635,1.7212,95236.4646,93784.913,56249.5929,553323.8326,544890.3271,4
791,002275.SZ,桂林三金,20260928,12.07,0.1864,0.6446,0.7,16.3736,17.4261,2.1726,3.4667,3.5179,4.5568,4.1425,58756.86,56475.1305,16335.1178,709195.3002,681654.8191,4
792,002276.SZ,万马股份,20260928,9.73,1.0379,1.3971,1.03,28.3416,32.1482,1.5765,0.5113,0.4804,0.5155,0.5653,101107.5446,100731.8046,74834.2223,983776.3642,980120.414,4
793,002277.SZ,友阿股份,20260928,5.07,1.0946,1.6102,0.87,,,1.0924,7.1541,8.0757,0.0986,,139417.28,139417.28,94772.406,706845.6096,706845.6096,4
794,002278.SZ,神开股份,20260928,7.89,1.6139,2.1442,0.81,54.8381,88.6401,2.1812,3.5119,3.7198,0.5911,0.7605,38861.7914,35882.1112,27006.7239,306619.5231,283109.8479,4
795,002279.SZ,久其软件,20260928,6.47,2.0847,2.701,0.47,124.6747,58.5774,3.791,2.1566,2.3838,,,86220.6871,79608.8373,61444.5329,557847.8643,515069.1948,4
796,002281.SZ,光迅科技,20260928,163.8,4.7813,7.8692,1.34,143.2935,117.2892,9.384,11.3677,10.1991,0.1547,,82784.8838,78602.9752,47759.0162,13560163.9664,12875167.3378,4
797,002282.SZ,博深股份,20260928,6.06,0.8534,1.1868,1.46,20.641,23.2871,0.889,1.8853,1.9624,3.3003,2.4752,52683.8348,48331.1104,34755.0227,319264.0098,292886.5266,1
798,002283.SZ,天润工业,20260928,7.69,2.9908,3.857,2.0,23.823,19.8586,1.431,2.1526,1.86,3.2014,3.4504,113945.7178,100910.3532,78246.3439,876242.5099,776000.5915,4
799,002284.SZ,亚太股份,20260928,9.22,1.7041,2.9618,0.73,13.9035,12.2183,1.9182,1.2153,1.1821,0.5423,1.0846,73910.0348,73218.8348,42126.7573,681450.4766,675077.6126,4
800,002285.SZ,世联行,20260928,3.26,16.0295,30.2951,0.94,,,3.0072,3.3304,3.7559,,,199282.9038,197900.9381,104711.7898,649662.2866,645157.0644,0
801,002286.SZ,保龄宝,20260928,8.31,7.0126,8.9673,1.01,20.9632,22.51,1.3578,1.1478,1.1088,0.7223,1.444,37997.738,36968.9568,28910.3462,315761.2194,307212.0576,4
802,002287.SZ,奇正藏药,20260928,19.29,0.206,1.0887,0.83,17.0199,16.6879,2.1648,4.5679,4.9736,4.017,3.2874,57211.8203,57098.9795,10804.8107,1103616.0078,1101439.3242,4
803,002289.SZ,宇顺电子,20260928,33.88,1.058,1.9572,0.76,,35.1273,19.1241,28.9988,12.8302,,,28025.3733,27443.1233,14834.7992,949499.5356,929772.9056,4
804,002290.SZ,禾盛新材,20260928,69.6,3.3214,5.9264,0.79,105.7006,85.2425,16.4123,6.7594,6.6726,,0.3017,24811.233,24732.6818,13861.2635,1726861.608,1721394.528,4
805,002291.SZ,遥望科技,20260928,5.36,3.1076,3.712,0.82,,,1.7137,1.5057,1.8107,,,92777.0353,86912.527,72761.1407,497284.9344,465851.1608,4
806,002292.SZ,奥飞娱乐,20260928,8.55,3.777,4.5312,0.73,175.9015,60.473,4.1707,5.1128,4.8511,,,147869.9697,101788.3481,84845.136,1264288.2435,870290.3925,4
807,002293.SZ,罗莱生活,20260928,10.66,0.5691,1.0796,1.95,17.1724,15.2941,2.1777,1.845,1.8001,5.6059,6.5496,83745.4881,83048.3438,43778.0626,892726.8168,885295.3044,4
808,002294.SZ,信立泰,20260928,29.86,0.5959,1.4304,0.7,51.0947,49.4247,3.8858,7.6478,7.0814,1.6745,1.8419,111481.6535,111456.5736,46429.4904,3328842.069,3328093.1802,4
809,002295.SZ,精艺股份,20260928,9.65,3.146,4.4957,0.55,,,1.8667,0.5197,0.4786,0.3731,,25061.6,25042.69,17524.2225,241844.44,241661.9585,4
810,002296.SZ,辉煌科技,20260928,9.75,6.561,6.8762,2.46,20.3008,22.2651,1.5234,4.3237,4.4868,2.0513,1.3333,38958.042,34741.5444,33149.0519,379840.89,338730.015,1
811,002297.SZ,博云新材,20260928,20.38,17.8759,21.5027,1.2,188.8311,52.2337,5.0836,12.8288,9.2707,,,57310.4819,57310.4819,47643.9142,1167987.5824,1167987.5824,4
812,002298.SZ,中电鑫龙,20260928,8.61,6.8194,7.0078,0.71,,,3.4113,3.5497,3.88,,,74011.0901,66532.5012,64743.9376,637235.4849,572844.825,1
813,002299.SZ,圣农发展,20260928,15.8,0.5133,1.0925,0.92,14.2282,20.1952,1.71,0.9772,0.8918,4.406,3.154,124277.0322,121859.9736,57254.4675,1963577.074,1925387.526,1
814,002300.SZ,太阳电缆,20260928,7.83,6.9635,12.8592,0.56,68.0239,134.8023,2.976,0.4701,0.4369,1.4049,0.894,72233.37,72229.181,39113.6395,565587.2871,565554.4794,4
815,002301.SZ,齐心集团,20260928,8.48,5.658,9.3553,1.21,76.1199,87.7866,1.9608,0.5131,0.5115,1.6229,1.2972,72400.7933,71798.8723,43423.3626,613958.6992,608854.4176,4
816,002302.SZ,西部建设,20260928,4.61,0.3645,0.9521,0.63,,,0.7498,0.3214,0.3572,2.7115,,126235.4304,126235.4304,48325.0712,581945.3323,581945.3323,4
817,002303.SZ,美盈森,20260928,6.09,9.4775,11.0828,0.92,35.7393,43.4344,2.1132,2.3488,2.3503,3.2348,2.3974,153132.3685,106736.3525,91276.6088,932576.1333,650024.3715,4
818,002304.SZ,洋河股份,20260928,37.01,0.2722,0.7059,1.06,25.2729,120.1273,1.1817,2.9022,3.7279,12.5561,3.9719,150644.5074,150640.9974,58085.0972,5575353.3151,5575223.41,4
819,002305.SZ,*ST南置,20260928,2.02,0.8192,1.3767,0.77,,,13.9081,3.1318,8.2299,,,173421.577,173421.577,103201.3473,350311.5916,350311.5916,1
820,002306.SZ,ST云网,20260928,2.11,1.2623,1.5348,1.08,,,31.8877,5.5158,5.0971,,,86976.25,81268.8543,66841.0113,183519.8875,171477.2735,4
821,002307.SZ,北新路桥,20260928,2.88,1.1473,1.7949,0.79,,,1.1653,0.4196,0.4373,,,164877.9056,162912.3037,104134.7386,474848.352,469187.424,4
822,002309.SZ,中利集团,20260928,2.76,2.6406,2.6406,0.78,,64.2637,4.1904,3.5458,2.7836,,,300766.5385,240613.2308,240613.2308,830115.6504,664092.5148,4
823,002310.SZ,东方新能,20260928,2.28,1.8139,2.7443,1.03,,,5.674,39.9375,32.3799,,,599932.2117,439900.9452,290763.7511,1367845.4616,1002974.166,1
824,002311.SZ,海大集团,20260928,41.38,0.7122,1.5829,1.82,16.0191,21.081,2.8885,0.5337,0.5122,3.1543,3.002,165701.0297,165541.548,74482.6121,6856708.609,6850109.2562,1
825,002312.SZ,川发龙蟒,20260928,8.11,0.9109,1.6513,0.66,36.9787,38.1652,1.5832,1.5376,1.4371,1.7401,1.1097,188770.9244,188463.6265,103961.0284,1530932.2423,1528440.0393,4
826,002313.SZ,日海智能,20260928,8.63,4.5483,8.0377,0.71,,,37.5393,1.1731,1.115,,,37440.0,37437.93,21185.0661,323107.2,323089.3359,4
827,002314.SZ,南山控股,20260928,2.27,2.134,3.3422,0.71,,,0.9847,0.4705,0.5944,,,270778.2513,133833.3414,85454.9525,614666.6275,303801.6818,0
828,002315.SZ,焦点科技,20260928,24.14,3.5533,4.259,0.93,19.8068,21.2642,3.606,5.2123,4.8551,3.6576,4.2976,41318.2672,26405.9609,22030.5554,997423.0378,637439.8744,4
829,002316.SZ,亚联发展,20260928,4.36,4.2517,4.5737,0.92,277.9574,3955.6598,22.168,2.9227,3.2247,,,39312.0,34073.5,31674.4194,171400.32,148560.46,1
830,002317.SZ,众生药业,20260928,23.11,2.0207,2.3795,0.65,71.2295,98.5628,4.9053,7.7859,8.8341,0.8671,0.8654,84993.0477,76802.2331,65222.1706,1964189.1544,1774899.5353,4
831,002318.SZ,久立特材,20260928,18.08,0.7146,1.1523,1.27,11.705,16.4426,2.2012,1.4651,1.7959,5.2083,5.5157,97717.072,95402.5099,59168.6263,1766724.6618,1724877.379,4
832,002319.SZ,乐通股份,20260928,9.98,2.9432,4.1656,0.92,,,11.5833,5.1489,4.7159,,,20947.251,20947.251,14800.0041,209053.555,209053.555,4
833,002320.SZ,海峡股份,20260928,6.34,1.933,7.1019,1.12,81.9069,77.6325,3.4979,2.7699,2.7075,0.6287,0.6306,223683.4324,223683.4324,60883.4263,1418152.9462,1418152.9462,4
834,002321.SZ,华英农业,20260928,2.12,9.7712,16.0446,1.51,,,4.9815,0.8301,0.7867,,,213289.0071,212525.0009,129427.9635,452172.7012,450553.0,4
835,002322.SZ,理工能科,20260928,12.01,1.6054,2.343,1.12,20.4406,19.4839,1.5552,4.0407,3.9947,5.3149,5.3343,36552.797,35138.0929,24076.3543,438999.0079,422008.4609,1
836,002323.SZ,*ST雅博,20260928,1.22,1.7246,2.0808,1.13,,,19.8733,8.8277,12.2609,,,212085.5142,212049.0942,175751.8132,258744.3222,258699.8898,4
837,002324.SZ,普利特,20260928,8.67,2.4052,3.0089,1.24,26.2433,39.5446,2.0745,0.9742,0.8433,0.5689,0.6258,111233.6248,77622.8462,62047.4668,964395.5721,672990.1095,4
838,002326.SZ,永太科技,20260928,15.99,1.8546,2.3273,1.07,,87.5559,5.0005,2.8374,2.3294,,,92512.7636,81176.9066,64688.9466,1479279.1923,1298018.7909,4
839,002327.SZ,富安娜,20260928,6.06,0.6325,0.8233,1.13,15.0188,14.5844,1.4414,1.9549,1.8903,10.2847,6.3531,83386.7839,49098.3369,37720.5193,505323.9474,297535.9404,4
840,002328.SZ,新朋股份,20260928,8.26,10.7248,12.1337,0.85,45.3128,15.8391,1.8205,1.6594,1.9024,1.7191,1.5702,77177.0,57068.5896,50442.0896,637482.02,471386.5534,4
841,002329.SZ,皇氏集团,20260928,3.54,2.5506,2.7804,0.73,,,6.5738,1.6625,1.6435,,,83240.3985,65149.6424,59766.5577,294671.016,230629.7256,4
842,002330.SZ,得利斯,20260928,4.1,1.4459,2.4502,0.97,,,1.1351,0.8276,0.9066,,,63531.529,63505.434,37475.0299,260479.273,260372.263,1
843,002331.SZ,皖通科技,20260928,6.74,1.4255,1.8349,0.94,,,2.043,2.15,1.9734,0.3758,,42840.9749,40348.2891,31345.7561,288748.2052,271000.9764,4
844,002332.SZ,仙琚制药,20260928,8.65,0.9241,1.1792,0.87,19.0299,22.1717,1.435,2.2763,2.2234,4.6243,3.4472,98920.4866,98571.4191,77249.2383,855662.2385,852642.783,1
845,002333.SZ,罗普斯金,20260928,5.58,3.5437,11.1172,1.76,70.6148,89.669,1.9467,2.4359,2.5791,0.1792,0.1792,67492.48,66650.2713,21245.4625,376608.0384,371908.5066,1
846,002334.SZ,英威腾,20260928,6.36,1.2231,1.2525,0.95,25.0357,52.9221,1.7037,1.1658,1.1302,0.9252,0.9446,82005.86,73501.2094,71776.9651,521557.2696,467467.6956,4
847,002335.SZ,科华数据,20260928,30.4,4.4319,5.8803,0.85,54.8678,40.189,3.4946,2.8105,2.7593,0.2247,1.1237,75441.0409,66007.4053,49749.045,2293407.6434,2006625.1211,4
848,002337.SZ,赛象科技,20260928,4.7,2.1718,3.4582,0.98,56.3112,80.8212,2.063,4.0018,3.7813,0.4468,0.5532,58861.575,58781.7585,36915.6785,276649.426,276274.272,4
849,002338.SZ,奥普光电,20260928,43.67,3.3549,5.6288,1.17,130.1553,95.297,5.4278,13.1069,11.9436,0.1374,0.1603,24000.0,24000.0,14304.5216,1048080.0,1048080.0,4
850,002339.SZ,积成电子,20260928,7.03,5.4678,6.58,0.59,175.7609,762.7543,2.0458,1.1495,1.0928,0.2845,0.2845,50409.2274,47879.3604,39786.5766,354376.8869,336591.9008,4
851,002340.SZ,格林美,20260928,5.99,1.1416,1.2481,1.35,19.3397,16.4541,1.412,0.8233,0.8139,1.1011,1.5819,510235.9661,507598.1882,464314.1619,3056313.4603,3040513.1581,4
852,002342.SZ,巨力索具,20260928,8.68,25.0055,34.3059,4.09,477.8975,701.0818,3.414,3.2419,3.0424,,0.0691,96000.0,95469.0,69587.0,833280.0,828670.92,2
853,002343.SZ,慈文传媒,20260928,5.59,2.5243,3.4523,0.72,,,2.83,6.6553,11.6603,,,47368.0286,47368.0286,34635.2907,264787.2877,264787.2877,4
854,002344.SZ,海宁皮城,20260928,3.95,0.6535,1.3903,1.06,71.7523,60.9705,0.5958,4.9636,5.0227,0.962,1.0127,128261.696,128145.0092,60233.0025,506633.715,506172.7895,4
855,002345.SZ,潮宏基,20260928,8.3,0.9406,1.4955,0.85,14.838,12.5457,1.9004,0.7915,0.769,4.2169,6.6265,88851.2707,86721.8265,54546.0152,737465.541,719791.189,4
856,002346.SZ,柘中股份,20260928,17.97,1.3536,3.0804,0.68,18.6536,13.2428,2.4668,9.3616,8.9087,2.6069,2.6438,44157.5416,44157.5416,19404.0265,793510.9938,793510.9938,4
857,002347.SZ,泰尔股份,20260928,6.42,9.9751,14.2482,4.33,,,2.9687,2.9718,2.9503,0.3115,,50470.2276,49338.2901,34541.4224,324018.8766,316751.8218,2
858,002348.SZ,高乐股份,20260928,10.49,1.7478,2.4214,1.17,,,27.2806,32.3297,29.308,,,99313.92,90353.2999,65219.2391,1041803.0208,947806.117,4
859,002349.SZ,精华制药,20260928,8.68,8.9489,13.6395,0.92,32.8987,32.0965,2.5517,4.9414,4.8636,0.9029,1.0369,83112.8308,81418.0908,53418.6248,721419.3644,706709.0212,1
860,002350.SZ,北京科锐,20260928,13.42,0.892,1.4514,0.69,133.489,435.6548,4.0569,3.3827,3.1049,0.2109,0.2365,54233.1351,53055.1471,32607.1247,727808.673,712000.0741,4
861,002351.SZ,漫步者,20260928,9.87,1.2182,1.5542,1.08,20.361,19.8507,2.9277,3.1374,3.2354,2.5329,2.0147,88910.7,52744.16,41342.4058,877548.609,520584.8592,0
862,002352.SZ,顺丰控股,20260928,30.44,0.238,0.5071,0.99,13.9784,14.2813,1.5125,0.5042,0.4904,3.0583,3.0353,510514.8078,463895.5259,217703.514,15540070.8164,14120979.9332,4
863,002353.SZ,杰瑞股份,20260928,110.4,2.5713,3.0927,0.96,42.1693,42.8936,4.8545,6.9675,6.6613,0.7605,0.7672,102385.5833,69107.0465,57456.8675,11303369.136,7629418.32,4
864,002354.SZ,天娱数科,20260928,7.15,7.6985,7.6985,0.56,,,6.8526,5.6959,5.4186,,,165458.582,162699.3779,162699.3779,1183028.847,1163300.567,4
865,002355.SZ,兴民智通,20260928,4.6,1.4683,1.5698,0.83,,,3.8437,3.3736,3.237,,,66848.1,61816.665,57816.665,307501.306,284356.682,4
866,002356.SZ,鹏飞绿能,20260928,2.62,0.8891,1.1196,0.71,89.4966,100.6747,5.7971,5.8939,6.8114,,,131125.4521,131124.7021,104133.0962,343548.679,343546.714,4
867,002357.SZ,富临运业,20260928,11.37,2.1337,3.0438,0.82,20.8023,9.5677,1.7634,4.3667,4.368,0.8795,0.4398,31348.9036,31347.7786,21974.4565,356437.1067,356424.2586,4
868,002358.SZ,森源电气,20260928,5.09,0.7899,1.0061,0.57,54.1267,51.6024,1.4198,1.6236,1.5972,0.3929,0.3929,92975.6977,92975.5702,72997.1487,473246.313,473245.6513,4
869,002360.SZ,ST同德,20260928,5.58,2.8446,2.8446,0.78,,,2.5366,4.7461,5.5936,,,40177.4248,30850.0304,30850.0304,224190.0036,172143.1674,1
870,002361.SZ,神剑股份,20260928,10.14,10.4258,11.9758,1.27,725.1736,,4.4536,3.9871,3.9824,0.4931,,95103.4969,84452.2984,73521.8989,964349.49,856346.322,0
871,002362.SZ,汉王科技,20260928,15.85,3.3517,4.2309,0.83,,,4.482,2.0511,2.0299,,,24445.4646,20767.2672,16451.6524,387460.6995,329161.2295,1
872,002363.SZ,隆基机械,20260928,6.88,1.2136,2.1024,1.38,42.7454,36.7803,1.3202,1.4035,1.4873,0.8757,1.165,41610.0301,41575.8167,23998.6727,286277.0064,286041.6416,4
873,002364.SZ,中恒电气,20260928,32.61,3.7109,6.2715,1.01,145.4236,137.2713,7.4263,8.5989,7.3261,0.3057,0.3057,56356.496,55815.6935,33026.8831,1837785.1389,1820149.6509,4
874,002365.SZ,永安药业,20260928,13.18,8.6337,9.5583,0.9,172.6689,72.7243,1.9397,4.9592,3.9652,0.7445,0.7445,29468.25,24564.2601,22187.8669,388391.535,323756.9468,4
875,002366.SZ,融发核电,20260928,5.48,0.9452,1.3574,0.75,,,2.4668,12.5926,12.2657,,,208093.764,185041.79,128856.4737,1140353.8048,1014029.0092,4
876,002367.SZ,康力电梯,20260928,5.75,3.3098,6.2791,0.68,13.8926,18.6254,1.2783,1.0313,1.0351,5.2174,2.6087,79774.5456,79484.4231,41897.2925,458703.605,457035.415,4
877,002368.SZ,太极股份,20260928,12.59,1.0452,1.5885,0.71,,,2.11,1.0073,1.3365,0.7347,,62323.1286,62157.3946,40896.1782,784648.0808,782561.5401,4
878,002369.SZ,卓翼科技,20260928,5.51,1.6937,1.7934,1.08,,,21.9902,1.836,1.9212,,,56695.628,56695.628,53542.9316,312392.9213,312392.9213,4
879,002370.SZ,亚太药业,20260928,5.09,1.2175,1.4259,0.55,39.4095,,3.3892,11.7456,11.5509,,,74566.753,74562.253,63667.6964,379544.7575,379521.8525,4
880,002371.SZ,北方华创,20260928,633.93,0.8221,1.3811,1.06,83.3098,80.9348,11.3463,11.69,10.6065,0.1232,0.1202,72568.92,72508.5683,43159.3896,46003615.4556,45965357.7801,4
881,002372.SZ,伟星新材,20260928,8.09,0.3985,0.9765,0.88,17.3866,14.9804,2.73,2.3931,2.4764,7.3226,5.492,159203.7988,147010.8109,59999.5878,1287958.742,1189317.4529,4
882,002373.SZ,千方科技,20260928,7.26,0.799,1.0739,0.95,42.7369,147.3327,1.0038,1.3961,1.4008,,0.7147,158018.8215,137759.4126,102496.8689,1147216.6332,1000133.3166,4
883,002374.SZ,中锐股份,20260928,3.27,2.6854,3.306,1.28,,,6.9486,6.369,6.6998,,,108520.9283,108520.9283,88148.8104,354863.4411,354863.4411,1
884,002375.SZ,亚厦股份,20260928,3.77,1.4297,3.0726,0.77,15.3104,15.2852,0.6126,0.5541,0.6044,1.7996,3.2907,133999.6498,133099.6461,61930.8433,505178.6805,501785.6805,4
885,002376.SZ,新北洋,20260928,6.67,1.0197,1.429,0.87,71.7794,59.2611,1.4627,1.9389,1.7536,2.9361,2.9361,81056.2541,78746.4555,56190.2303,540645.2542,525238.8882,4
886,002377.SZ,国创高新,20260928,2.89,4.4517,5.6819,0.65,134.0743,91.6535,6.6249,1.1979,1.1116,,,91632.5201,87244.7921,68355.7101,264817.9828,252137.4431,4
887,002378.SZ,章源钨业,20260928,21.36,1.2863,2.9907,0.81,88.3609,29.7381,8.8976,4.9332,2.9668,0.3371,0.5618,120141.7666,119589.7946,51436.3743,2566227.9936,2554437.9144,4
888,002379.SZ,宏桥控股,20260928,15.77,1.6935,2.1986,0.66,11.5039,8.3297,3.5499,1.3113,1.2383,,1.5853,1303111.8202,113637.3753,87527.7148,20550073.4014,1792061.4826,4
889,002380.SZ,科远智慧,20260928,26.62,2.1862,2.7864,1.0,45.9955,38.6824,2.5851,3.4223,3.2441,0.1503,0.7513,23999.1649,14220.399,11156.989,638857.9054,378547.048,4
890,002381.SZ,双箭股份,20260928,5.56,1.2546,1.6714,1.35,35.0428,59.0256,1.0804,0.8555,0.8861,3.5971,1.7986,41157.792,32202.65,24171.6952,228837.3124,179046.734,1
891,002382.SZ,蓝帆医疗,20260928,6.09,2.6177,3.4322,2.2,,,0.8606,1.0691,0.9315,,,100759.0726,99779.2227,76100.4874,613622.7363,607655.4498,1
892,002383.SZ,合众思壮,20260928,8.1,3.9322,6.8198,0.72,,,4.1194,4.3792,4.5575,,,74036.0305,74036.0305,42688.047,599691.843,599691.843,4
893,002384.SZ,东山精密,20260928,168.28,4.1697,4.7328,1.0,222.3723,85.9767,12.6493,7.6816,6.0475,0.0385,,183160.7532,138632.1723,122137.2084,30822291.01,23329021.5676,4
894,002385.SZ,大北农,20260928,3.06,1.5273,1.6085,0.71,,,1.9083,0.4498,0.4459,0.9804,0.9804,428037.1965,344389.0807,326993.6776,1309793.8213,1053830.5869,4
895,002386.SZ,天原股份,20260928,5.75,1.3124,1.9576,0.93,85.2616,26.6894,0.961,0.6624,0.5715,,,130164.7073,130138.5155,87248.9823,748447.0825,748296.49,4
896,002387.SZ,维信诺,20260928,6.7,0.7166,1.1959,0.98,,,5.3099,1.1491,1.1659,,,139679.6043,139499.6343,83591.5708,935853.32,934647.521,4
897,002388.SZ,新亚制程,20260928,7.78,9.7049,10.9126,0.73,,,4.1794,2.0415,1.985,,,50653.422,50622.3495,45020.0432,394083.6076,393841.883,1
898,002389.SZ,航天彩虹,20260928,18.08,1.0822,1.7186,0.7,661.1358,173.233,2.2177,6.0766,5.9151,0.3319,0.3319,98491.6021,98476.7026,62011.0729,1780728.128,1780458.736,4
899,002390.SZ,信邦制药,20260928,2.94,1.0705,1.8659,0.84,47.5112,50.7203,0.8465,1.017,1.0903,1.991,1.991,194385.1868,192781.8234,110596.5708,571492.4292,566778.5508,1
900,002391.SZ,长青股份,20260928,5.07,1.5415,1.7297,1.02,81.2415,63.0742,0.7882,0.8936,0.8738,,3.7946,64959.255,46409.8311,41359.1567,329343.3975,235297.8381,4
901,002392.SZ,北京利尔,20260928,7.48,0.8047,1.0702,1.08,22.2081,15.691,1.445,1.2775,1.1921,0.4318,0.4679,119049.0839,115754.6046,87036.2174,890487.1184,865844.408,4
902,002393.SZ,力生制药,20260928,13.85,0.5784,1.2162,0.92,10.2571,28.1494,0.9515,3.0674,3.2791,2.1006,5.4147,30829.3069,30021.7443,14278.3622,426985.805,415801.099,1
903,002394.SZ,联发股份,20260928,10.28,2.2996,3.8641,2.09,10.9574,23.9634,0.7993,0.828,0.8861,0.9728,4.8638,32370.0,32338.9205,19245.5105,332763.6,332444.0976,1
904,002395.SZ,双象股份,20260928,13.98,11.2077,31.5878,4.91,18.5559,25.1882,2.3381,1.456,1.4637,1.073,1.4306,26820.9,26820.9,9516.3715,374956.182,374956.182,4
905,002396.SZ,星网锐捷,20260928,32.99,7.9858,10.869,0.72,61.1139,43.8648,3.454,1.3043,1.1899,0.5861,0.5832,75741.5106,75741.5106,55649.7571,2498712.4149,2498712.4149,5
906,002397.SZ,梦洁股份,20260928,3.57,1.737,2.4146,0.82,56.0008,46.2546,2.1334,1.5896,1.5713,,,74778.1443,64824.8179,46634.3324,266957.9955,231424.6074,4
907,002398.SZ,垒知集团,20260928,4.26,2.1254,2.4944,1.16,54.168,63.5885,0.782,1.2357,1.3032,1.8779,1.8779,68827.9106,59974.0551,51101.864,293206.9392,255489.4956,4
908,002399.SZ,海普瑞,20260928,9.66,0.2591,1.1608,0.69,40.557,69.8506,1.1877,2.587,2.7044,2.588,1.501,146729.6204,124720.1704,27838.4925,1417408.1292,1204796.8422,1
909,002400.SZ,省广集团,20260928,6.26,2.5673,3.1722,0.75,121.2999,170.2269,2.1743,0.5111,0.4703,0.4633,0.2556,174333.7128,172616.4618,139701.2883,1091329.0246,1080579.0396,4
910,002401.SZ,中远海科,20260928,11.99,0.5257,1.0308,0.84,136.943,114.7191,2.6851,2.468,2.5577,1.0842,0.2335,37166.844,37139.8485,18941.4085,445630.5315,445306.8015,4
911,002402.SZ,和而泰,20260928,17.81,2.278,2.3242,1.13,24.7886,29.9309,2.2715,1.5338,1.5009,0.5602,1.1199,92338.9485,81847.8591,80220.5657,1644556.6995,1457710.3866,4
912,002403.SZ,爱仕达,20260928,10.47,8.2088,17.7729,1.19,,,2.7226,1.3326,1.2934,0.1719,,34063.8579,29716.1454,13725.0093,356648.6142,311128.0905,1
913,002404.SZ,嘉欣丝绸,20260928,5.8,1.5127,2.3072,0.87,18.0375,19.1945,1.665,0.6843,0.666,5.1724,5.1724,56005.1541,45578.7096,29883.602,324829.87,264356.518,4
914,002405.SZ,四维图新,20260928,5.89,0.9687,1.0724,0.89,134.8341,,1.6799,3.3846,3.3795,,,237013.5814,235576.2401,212791.9092,1396009.9862,1387544.0536,4
915,002406.SZ,远东传动,20260928,6.41,1.4728,1.525,0.84,29.9631,23.167,1.1837,2.9835,2.6668,2.3401,4.6802,73022.5082,56217.1311,54294.0511,468074.2891,360351.8033,4
916,002407.SZ,多氟多,20260928,29.75,4.6731,4.9455,0.89,166.4375,52.5984,4.0791,3.7539,2.9168,0.6544,0.6528,119043.2569,108091.8296,102139.5289,3541536.985,3215731.9425,4
917,002408.SZ,齐翔腾达,20260928,5.23,0.5707,1.2667,1.07,,,1.3314,0.6257,0.5469,0.5689,,284353.8717,275175.1309,123978.7146,1487170.749,1439165.9346,4
918,002409.SZ,雅克科技,20260928,124.7,4.1525,5.0144,0.84,59.3294,57.1516,7.4183,6.8918,6.7201,0.4651,0.5293,47592.7678,31852.2747,26377.4437,5934817.172,3971978.069,4
919,002410.SZ,广联达,20260928,8.31,1.1267,1.3424,1.03,33.8859,37.2756,2.3401,2.2621,2.3274,1.7906,2.7456,165194.4342,158809.8784,133300.7974,1372765.7964,1319710.1028,4
920,002412.SZ,汉森制药,20260928,8.84,5.562,9.6873,0.44,22.4524,18.8348,1.9001,4.2823,4.4214,,3.3937,50320.0,49784.5,28583.8811,444828.8,440094.98,4
921,002413.SZ,雷科防务,20260928,9.18,23.6852,23.6852,3.96,,,3.6816,8.3144,8.2039,,,131934.0725,129543.0497,129543.0497,1211154.7626,1189205.199,1
922,002414.SZ,高德红外,20260928,11.37,1.2717,2.6843,1.05,70.7648,26.1564,5.7833,10.5131,7.0374,,0.8795,427073.6108,339861.2431,161017.6469,4855826.9457,3864222.2988,4
923,002415.SZ,海康威视,20260928,32.16,0.4251,1.0787,0.93,20.7633,17.9352,3.4944,3.1861,3.0226,3.4254,4.0423,916487.155,904609.371,356514.6606,29474226.744,29092237.3392,4
924,002416.SZ,爱施德,20260928,8.8,0.9236,1.8104,0.78,29.1295,54.7226,2.0662,0.1977,0.18,5.6818,5.6818,123928.1806,122328.1973,62409.9062,1090567.984,1076488.16,4
925,002418.SZ,康盛股份,20260928,4.28,5.9921,7.7449,0.97,193.9593,198.9323,3.333,1.7187,1.6085,,,113640.0,113640.0,87922.0,486379.2,486379.2,4
926,002419.SZ,天虹股份,20260928,4.56,1.0047,1.8483,1.01,62.5593,121.6092,1.3029,0.4502,0.4604,1.3476,1.5402,114125.6572,114123.9697,62035.4197,520413.0096,520405.3032,1
927,002420.SZ,毅昌科技,20260928,6.02,1.654,2.2291,1.11,12.9245,12.4364,2.9647,0.8318,0.8591,,,41094.1,40386.77,29966.88,247386.482,243128.3554,4
928,002421.SZ,达实智能,20260928,3.13,7.501,8.6224,1.7,,,2.446,3.2782,3.1218,0.1597,,212058.1639,203619.9151,177138.1505,663742.0721,637330.3496,1
929,002422.SZ,科伦药业,20260928,38.6,1.1071,1.2952,0.57,36.079,33.5711,2.4944,3.3168,3.3613,1.6295,1.5386,159078.1208,129855.6616,110997.3472,6140415.432,5012428.476,4
930,002423.SZ,中粮资本,20260928,9.05,0.426,1.1445,0.87,18.4081,17.3441,0.9029,103.5223,164.1834,1.7459,1.6354,230410.5575,230410.5575,85756.2135,2085215.568,2085215.568,0
931,002424.SZ,ST百灵,20260928,4.71,1.0528,1.2264,1.22,,,2.0485,2.1405,2.552,,,138550.15,113978.1041,97843.4541,652571.2065,536836.851,1
932,002425.SZ,凯撒文化,20260928,3.03,2.4371,3.0278,0.68,,,1.1724,5.2756,4.9199,,,95666.5066,92018.5923,74067.93,289869.495,278816.3277,4
933,002426.SZ,胜利精密,20260928,2.67,5.6881,6.2125,1.03,,,5.957,2.5606,2.5059,,,340262.5916,319429.676,292467.1262,908501.142,852877.2456,4
934,002427.SZ,尤夫股份,20260928,4.48,0.7225,1.7874,0.81,116.0709,129.5526,4.5298,1.9717,2.0207,,,98543.2777,98451.7986,39799.0734,441473.8944,441064.064,4
935,002428.SZ,云南锗业,20260928,87.77,6.1211,7.6522,0.83,2845.446,793.2394,37.3486,53.7812,45.2019,0.0342,0.0114,65312.0,65300.75,52234.91,5732434.24,5731446.8275,4
936,002429.SZ,兆驰股份,20260928,8.03,1.54,3.2885,1.44,27.8917,35.1895,2.1795,2.0414,1.9645,1.3325,1.0834,452694.0607,452433.0393,211880.2366,3635133.3074,3633037.3056,4
937,002430.SZ,杭氧股份,20260928,24.12,1.0244,2.5388,1.05,24.8701,22.8458,2.3402,1.5646,1.4347,1.6654,1.6584,97835.9791,97793.7841,39459.3989,2359803.8376,2358785.9736,4
938,002431.SZ,ST棕榈,20260928,1.29,0.7845,1.3028,1.08,,,14.2873,1.1524,1.5453,,,180240.4765,180240.4765,108529.363,232510.2192,232510.2192,4
939,002432.SZ,九安医疗,20260928,59.18,2.5324,3.4522,0.76,12.1711,6.2463,1.1922,20.2028,24.3805,0.3112,2.5084,46618.407,43741.7974,32087.3455,2758877.3263,2588639.5701,4
940,002434.SZ,万里扬,20260928,6.18,1.4092,2.8564,0.75,33.7862,239.3916,1.3854,1.488,1.7641,1.6181,0.8091,131260.0,131134.105,64695.345,811186.8618,810408.7998,1
941,002436.SZ,兴森科技,20260928,41.14,5.9039,6.141,0.62,518.167,322.7971,12.4012,9.719,8.9571,0.0724,0.0728,169967.3563,151792.8556,145931.2893,6992457.1904,6244758.2604,4
942,002437.SZ,誉衡药业,20260928,3.45,7.4156,7.9653,0.47,20.4111,19.1623,3.1135,3.6025,3.7655,,,222986.8126,210267.632,195756.892,769304.4945,725423.3235,4
943,002438.SZ,江苏神通,20260928,13.94,1.6019,2.0705,1.67,24.7892,24.7762,1.8769,3.3228,3.419,1.2554,1.4347,50753.7461,46888.0667,36277.0212,707507.275,653619.6958,1
944,002439.SZ,启明星辰,20260928,14.35,5.2177,5.7411,1.06,,,1.5991,7.4366,7.1255,,,121140.0205,72855.8634,66214.3863,1738359.287,1045481.591,0
945,002440.SZ,闰土股份,20260928,13.2,4.7537,7.1232,1.17,22.1656,12.9417,1.43,2.5893,2.2449,1.106,1.4918,112399.9905,94635.5003,63155.1026,1483679.868,1249188.6,1
946,002441.SZ,众业达,20260928,8.14,0.7593,1.117,0.82,23.5342,20.5321,0.999,0.4106,0.4007,6.1425,8.5995,54454.3609,39896.4279,27121.6194,443258.4904,324756.9402,4
947,002442.SZ,龙星科技,20260928,5.23,5.1654,8.9419,0.53,66.5368,98.4214,1.4088,0.6128,0.5753,2.2941,,50337.3686,49151.0767,28393.0081,263264.4451,257060.1484,4
948,002443.SZ,金洲管道,20260928,12.42,6.3049,8.0051,0.69,46.9369,39.0255,1.894,1.5185,1.5059,1.5854,0.2345,52053.552,52053.552,40997.6241,646505.091,646505.091,4
949,002444.SZ,巨星科技,20260928,26.96,0.7037,1.2012,0.9,12.8314,12.6707,1.6726,2.1957,2.1029,0.9273,2.411,119447.8182,114715.8478,67207.7059,3220313.2272,3092739.316,4
950,002445.SZ,中南文化,20260928,3.08,1.7009,2.7032,0.86,98.0345,165.3658,3.1973,6.2735,6.3668,,,237660.7531,236625.4223,148891.6761,731995.11,728806.2936,4
951,002446.SZ,盛路通信,20260928,7.75,3.5345,3.6303,1.19,101.8891,146.1946,2.9098,5.8807,6.0134,,,91541.5724,84777.7296,82540.6153,709447.1675,657027.4075,4
952,002448.SZ,中原内配,20260928,10.74,1.6177,1.9352,0.82,15.9498,12.512,1.6588,1.6647,1.4683,1.1716,1.8025,60790.9646,58050.9507,48526.8848,652894.9104,623467.203,4
953,002449.SZ,国星光电,20260928,6.47,1.3421,1.7092,0.85,,,1.069,1.2194,1.3573,0.7728,,61847.7169,61847.7169,48565.7274,400154.7484,400154.7484,4
954,002451.SZ,摩恩电气,20260928,7.46,1.9898,3.2215,0.73,310.14,308.6814,4.2516,2.0831,2.1986,0.1338,0.1343,43993.5,43914.9,27125.3,328191.51,327605.154,4
955,002452.SZ,长高电气,20260928,11.22,1.9547,2.0853,1.06,20.3137,8.4996,2.2374,4.1802,4.1072,0.9804,1.0695,62033.2085,51788.0199,48546.1764,696012.6162,581061.5844,4
956,002453.SZ,华软科技,20260928,4.6,9.9082,12.7985,0.69,,,5.2725,10.0467,8.9965,,,81236.7126,64310.1478,49786.7883,373688.866,295826.69,4
957,002454.SZ,松芝股份,20260928,5.11,1.0796,1.9264,1.17,18.1539,19.5201,1.1216,0.7982,0.7907,3.4852,4.8793,87907.368,87735.3836,49169.4703,449206.6096,448327.7918,4
958,002455.SZ,百川股份,20260928,6.65,2.6119,2.713,0.96,,,1.7173,0.8333,0.8045,0.7421,,72246.25,66081.1973,63618.6223,480437.5625,439439.98,4
959,002456.SZ,欧菲光,20260928,6.51,1.8394,2.0162,1.07,546.6275,,5.1107,1.0275,1.1292,,,349591.5216,331761.5011,302662.6747,2275840.7952,2159767.365,4
960,002457.SZ,青龙管业,20260928,10.87,3.8587,5.2519,0.77,27.9644,27.7438,1.438,1.3812,1.3717,1.458,1.458,33348.68,33348.68,24501.8546,362500.1516,362500.1516,4
961,002458.SZ,益生股份,20260928,8.12,2.3107,2.6787,0.97,70.2532,24.8929,2.5055,3.9364,3.492,3.2767,1.8166,143119.3039,96638.5576,83363.3499,1162128.7972,784705.1072,1
962,002459.SZ,晶澳科技,20260928,6.56,0.8328,1.586,0.9,,,1.1281,0.4419,0.5082,,,330971.7712,330677.4846,173646.7274,2171174.8112,2169244.2688,4
963,002460.SZ,赣锋锂业,20260928,41.9,2.3874,2.7156,1.2,54.4653,13.7238,1.8227,3.8061,2.324,0.358,0.358,209669.4404,121136.9263,106499.4761,8785149.536,5075637.367,4
964,002461.SZ,珠江啤酒,20260928,8.29,0.2387,1.5052,1.33,20.3014,19.0114,1.6252,3.1218,3.0385,2.0507,2.2919,221332.848,221332.848,35105.8036,1834849.3265,1834849.3265,1
965,002462.SZ,嘉事堂,20260928,12.24,0.741,1.0363,0.85,32.0572,39.2901,0.8044,0.1829,0.1972,1.3889,0.9395,29170.712,29147.0419,20841.3183,357049.4904,356759.7696,0
966,002463.SZ,沪电股份,20260928,117.2,2.1907,3.2045,0.85,59.0051,44.5468,12.5373,11.9046,9.3425,0.4264,0.4266,192436.3537,192285.1736,131452.9513,22553540.22,22535821.924,4
967,002465.SZ,海格通信,20260928,10.0,2.3128,3.1634,1.24,,,2.2382,5.6559,5.8804,0.6,0.5953,248183.3948,247788.7109,181157.4174,2481833.9,2477887.1,4
968,002466.SZ,天齐锂业,20260928,39.41,1.7838,2.6569,1.04,145.9355,14.6126,1.3972,6.5253,3.8023,,,171310.5208,147586.1414,99086.5105,6751347.9873,5816369.7774,4
969,002467.SZ,二六三,20260928,4.99,8.3466,9.4673,1.55,,,4.4379,8.6086,8.0289,0.2004,,137537.1873,136820.1384,120623.7543,686310.5781,682732.4986,1
970,002468.SZ,申通快递,20260928,14.61,0.6179,1.5628,0.49,16.3412,11.4679,1.9022,0.4023,0.3547,0.4501,0.6843,153080.2166,147628.9631,58371.2829,2236501.9645,2156859.1509,4
971,002469.SZ,三维化学,20260928,5.99,0.768,0.9944,0.66,20.8432,38.2435,1.5186,1.4968,1.6368,6.6778,3.3389,64886.263,62898.4911,48579.7248,388668.6974,376761.9551,4
972,002470.SZ,金正大,20260928,1.95,3.3849,4.8289,0.73,185.2196,,3.9255,0.6462,0.5788,,,328602.7742,328574.5667,230319.8275,640775.421,640720.4115,4
973,002471.SZ,中超控股,20260928,5.26,5.0841,6.1142,0.62,,,3.9877,1.3898,1.3701,,,136864.0,134425.8951,111777.7921,719904.64,707080.234,4
974,002472.SZ,双环传动,20260928,38.79,2.5621,3.0221,0.94,26.1363,25.9408,3.1727,3.6184,3.492,1.0377,1.1856,84999.7692,75696.7862,64175.6223,3297141.0783,2936278.4841,4
975,002474.SZ,榕基软件,20260928,6.39,3.4944,3.6778,1.17,,,3.0564,8.2993,9.1332,,,62220.0,53722.5432,51044.0247,397585.8,343287.0306,1
976,002475.SZ,立讯精密,20260928,49.92,1.2673,2.0204,1.21,23.2771,21.7098,4.1511,1.1626,1.0106,0.3954,0.5956,774027.9792,732753.5288,459599.7652,38639476.7217,36579056.1577,4
977,002476.SZ,新叶股份,20260928,4.87,1.4453,1.8383,1.18,95.1658,83.8589,3.065,4.9403,4.3714,0.2053,,61200.0,61200.0,48115.6794,298044.0,298044.0,4
978,002478.SZ,常宝股份,20260928,6.41,3.2155,3.9291,1.29,11.9728,15.9629,0.9694,0.9799,0.97,3.4071,3.0967,90080.4228,72590.5863,59408.0821,577415.5563,465305.6819,4
979,002479.SZ,富春环保,20260928,5.8,1.3289,2.0465,1.05,24.6752,14.8552,1.1377,0.937,0.8246,2.5862,2.5862,86500.0,86307.2844,56043.7486,501700.0,500582.224,4
980,002480.SZ,新筑股份,20260928,5.65,3.8311,5.4392,3.26,,,5.8342,2.9149,2.9094,,,76916.867,76748.7471,54058.2267,434580.3155,433630.4375,2
981,002481.SZ,双塔食品,20260928,4.25,1.0741,1.7736,1.13,160.527,458.0102,2.1417,2.4724,2.3865,0.699,0.2284,123369.65,111815.26,67711.2305,524321.0125,475214.855,1
982,002482.SZ,广田集团,20260928,1.33,1.5059,3.1852,0.54,,,11.7457,3.1178,2.4515,,,375096.2363,374370.9801,177000.948,498877.9992,497913.4034,0
983,002483.SZ,润邦股份,20260928,5.86,1.618,2.4156,0.9,14.4097,16.5357,1.1465,0.7587,0.8876,5.1195,2.5597,88646.8413,88525.0799,59294.6919,519470.4824,518756.9688,4
984,002484.SZ,江海股份,20260928,52.16,4.7662,7.4458,1.16,65.763,63.4292,6.7687,8.0891,7.4669,0.4948,0.4935,85052.3941,82047.0015,52520.3027,4436332.6624,4279571.52,5
985,002485.SZ,ST雪发,20260928,5.76,0.3181,1.2936,0.84,,,3.1186,4.783,6.369,,,54400.0,54400.0,13377.7333,313344.0,313344.0,4
986,002486.SZ,嘉麟杰,20260928,2.68,2.2915,2.9156,0.79,47.6627,64.4863,2.0478,1.7463,1.6815,,0.4478,82428.31,82042.9956,64481.5975,220907.8708,219875.24,4
987,002487.SZ,大金重工,20260928,41.38,12.8321,21.1593,1.14,27.7575,26.4611,2.1212,4.9606,4.6507,0.4012,0.4229,74008.5849,63091.2766,38261.9766,3062475.2432,2610717.0257,1
988,002488.SZ,金固股份,20260928,7.19,1.843,2.4058,1.34,172.1977,128.8159,2.0558,1.8692,1.7909,0.1378,0.1373,99543.9065,92008.3999,70485.3592,715720.7129,661540.396,4
989,002489.SZ,浙江永强,20260928,2.92,2.3715,4.4563,1.09,13.6171,,1.4884,1.1194,1.0722,1.3699,2.0548,216901.6313,191304.2953,101803.9938,633352.7888,558608.556,4
990,002490.SZ,山东墨龙,20260928,6.96,2.9953,5.3009,0.76,1111.751,,11.4035,3.2537,2.5854,,,82352.68,54172.2,30610.5,573174.6528,377038.512,4
991,002491.SZ,通鼎互联,20260928,21.42,9.5821,14.4813,0.59,,122.1173,9.8602,7.7195,6.0589,,,122999.45,117646.8796,77845.0832,2634648.219,2519996.1696,5
992,002492.SZ,恒基达鑫,20260928,6.36,2.1071,3.5233,0.79,,,1.6434,7.6408,8.389,0.3133,,40500.0,39783.4725,23792.2925,257580.0,253022.8692,1
993,002493.SZ,荣盛石化,20260928,13.69,0.6674,2.4555,1.45,161.2085,25.5289,2.8698,0.4431,0.4725,0.7,0.7,998944.2254,936219.8504,254473.7972,13675546.5087,12816849.7465,1
994,002494.SZ,华斯股份,20260928,4.84,6.6148,7.3928,1.24,88.8976,80.7129,1.4662,3.913,3.6807,,,37731.0718,28677.0438,25659.0344,182618.3788,138796.8736,4
995,002495.SZ,佳隆股份,20260928,2.42,2.9025,3.5441,1.12,115.6733,131.2096,2.0531,9.1302,8.238,0.3242,0.4015,93562.56,69391.8207,56829.6591,226421.3952,167928.2044,1
996,002496.SZ,辉丰股份,20260928,2.09,1.2907,1.421,0.68,,,2.4243,9.5861,7.1747,,,150758.9677,118129.9484,107294.3636,315086.2473,246891.5955,4
997,002497.SZ,雅化集团,20260928,15.44,2.0471,2.1948,1.17,28.1406,10.392,1.4622,2.083,1.5043,0.257,0.3855,115256.252,105958.7615,98830.778,1779556.5,1636003.2544,4
998,002498.SZ,汉缆股份,20260928,6.1,1.3201,3.858,0.66,36.6669,35.0325,2.297,1.95,1.7566,0.6557,0.6557,332679.6,332679.6,113833.0124,2029345.56,2029345.56,4
999,002500.SZ,山西证券,20260928,5.09,0.4974,0.9757,0.94,19.7659,18.2174,0.9774,5.453,5.2456,1.9646,1.5717,358977.1547,358977.1547,182994.7581,1827193.6935,1827193.6935,4
1000,002501.SZ,*ST利源,20260928,1.27,0.7625,0.9847,1.12,,,32.2175,20.1639,18.6807,,,355000.0,354529.2606,274529.2606,450850.0,450252.1602,4
1001,002506.SZ,协鑫集成,20260928,2.31,2.741,3.6167,0.98,,,19.358,0.8808,1.0997,,,585031.6427,584444.1996,442926.9851,1351423.0884,1350066.102,4
1002,002507.SZ,涪陵榨菜,20260928,11.09,0.4272,0.6599,0.79,16.662,17.3794,1.437,5.2621,5.1502,3.7872,3.7872,115391.9028,115371.8438,74682.0518,1279696.171,1279473.7056,1
1003,002508.SZ,老板电器,20260928,16.55,0.7185,1.5135,0.88,12.4531,13.9332,1.347,1.546,1.6496,6.042,3.021,94499.2916,93360.5787,44321.5702,1563963.276,1545117.5775,4
1004,002510.SZ,天汽模,20260928,5.61,1.5035,1.7886,0.59,86.4744,106.3696,2.2509,2.3898,2.4412,0.5348,,101513.8708,101509.629,85331.7098,569492.8107,569469.0243,4
1005,002511.SZ,中顺洁柔,20260928,6.86,0.5922,1.2157,0.99,27.5845,22.3126,1.5874,1.001,0.992,0.9221,0.5965,128113.8613,126500.3933,61618.7034,878861.0796,867792.6754,4
1006,002512.SZ,ST达华,20260928,3.7,1.745,2.4171,1.09,,,12.6608,2.2063,1.8235,,,110241.6632,109445.1782,79014.12,407894.179,404947.166,4
1007,002513.SZ,蓝丰生化,20260928,5.32,2.6718,3.4154,1.31,,,400.6989,0.8531,0.8303,,,37559.3978,29508.1202,23083.6044,199816.008,156983.1984,1
1008,002514.SZ,*ST宝馨,20260928,2.54,5.6733,7.1483,0.94,,,,8.1915,8.3708,,,72003.4264,55403.0027,43970.9513,182888.6868,140723.62,1
1009,002515.SZ,金字火腿,20260928,7.08,5.2991,5.942,1.01,338.741,,3.3045,27.0431,28.4537,0.4237,0.1412,121061.4164,110185.1924,98262.7245,857114.7828,780111.1452,4
1010,002516.SZ,旷达科技,20260928,5.59,1.3269,2.6842,0.99,44.6417,37.4788,2.1788,3.6129,3.3932,1.4311,1.4311,147083.8682,146049.8682,72198.3268,822198.8333,816418.7733,4
1011,002517.SZ,恺英网络,20260928,15.68,1.6452,1.8362,0.84,17.5977,14.0641,3.1935,6.291,4.4408,0.6378,0.6331,213644.3234,187924.1673,168375.3182,3349943.0944,2946650.9856,4
1012,002518.SZ,科士达,20260928,33.9,3.0782,7.3946,0.91,32.3094,30.5706,4.0486,3.7451,3.4635,0.6785,1.3274,58222.5094,56515.2297,23526.0599,1973743.089,1915866.297,4
1013,002519.SZ,银河电子,20260928,5.67,4.7697,7.1585,0.9,,,2.8749,11.6595,8.1526,,,112643.0898,112344.4309,74855.0919,638686.3203,636992.9181,4
1014,002520.SZ,日发精机,20260928,6.41,6.3432,8.4911,1.7,,76.6781,15.4596,4.0921,6.2575,,,75024.5171,70532.3171,52690.8573,480907.1732,452112.1712,4
1015,002521.SZ,齐峰新材,20260928,6.13,1.1087,1.2991,0.83,22.1802,20.0479,0.8733,1.0231,1.0273,6.5253,4.4046,56006.105,41917.359,35772.0107,343317.4543,256953.4168,4
1016,002522.SZ,浙江众成,20260928,5.25,5.7163,7.6234,0.65,81.6207,62.6772,2.0236,2.958,2.8687,0.4762,0.381,90577.9387,90520.9756,67876.4909,475534.185,475235.145,4
1017,002523.SZ,天桥起重,20260928,3.4,1.3737,2.021,1.53,40.3422,34.0363,1.8918,2.3247,2.3074,0.4412,0.5882,141664.08,141154.2683,95946.7355,481657.872,479924.518,1
1018,002524.SZ,光正眼科,20260928,4.03,2.7519,3.6871,1.12,,,18.4585,2.3462,2.4748,,,51533.1574,50927.8574,38010.9866,207678.6348,205239.2758,0
1019,002526.SZ,山东矿机,20260928,2.56,0.7934,1.0033,0.75,37.2259,150.0168,1.4152,2.1443,2.3788,0.3906,0.3906,178279.3836,177123.4438,140060.1516,456395.2128,453436.0064,4
1020,002527.SZ,新时达,20260928,10.47,0.9429,1.1663,1.08,1260.4563,,5.6256,1.9639,1.8359,,,66306.1291,55868.3731,45168.9709,694225.1811,584941.8339,4
1021,002528.SZ,*ST英飞,20260928,5.92,1.8051,3.8516,0.47,,,,14.3424,15.8068,,,119867.5082,105021.9577,49219.1551,709615.6592,621730.0032,1
1022,002529.SZ,海源复材,20260928,6.61,1.7896,2.0882,1.03,,,30.1366,4.4202,4.7498,,,26000.0,26000.0,22282.5,171860.0,171860.0,1
1023,002530.SZ,金财互联,20260928,6.94,1.0516,1.3759,0.92,83.3781,71.6064,3.9902,5.1708,4.5603,,0.3746,77919.8175,70666.1559,54012.389,540763.5508,490423.1504,4
1024,002531.SZ,天顺风能,20260928,7.78,8.6084,16.8516,1.14,,,1.5881,2.5947,2.6792,0.2571,,179687.8658,178686.8599,91279.9535,1397971.6286,1390183.7708,1
1025,002532.SZ,天山铝业,20260928,11.75,1.0331,1.4474,0.87,11.2888,7.8696,1.6938,1.8435,1.7165,3.3835,7.1588,462873.7415,410685.7452,293123.1139,5438766.5625,4825557.5625,4
1026,002533.SZ,金杯电工,20260928,10.71,0.6412,0.8525,0.97,13.1027,12.6671,1.7618,0.3868,0.344,2.3138,4.1648,73394.1062,64614.3983,48601.4399,786050.9181,692020.224,4
1027,002534.SZ,西子洁能,20260928,16.7,1.6301,4.9471,1.13,31.9763,58.5456,2.5505,2.2367,2.3574,1.0532,0.5988,83593.5177,82536.5016,27195.9042,1396011.784,1378359.55,4
1028,002535.SZ,林州重机,20260928,2.42,1.9352,2.9757,0.93,,,3.6635,1.7201,2.0423,,,80168.3074,74633.7535,48537.2436,194007.286,180613.675,0
1029,002536.SZ,飞龙股份,20260928,46.5,6.5479,9.8432,0.93,84.3345,146.6973,8.0269,5.8807,5.8243,0.6452,0.6452,57478.5888,54532.2669,36276.196,2672754.435,2535750.555,4
1030,002537.SZ,海联金汇,20260928,5.57,1.2185,1.6276,0.54,21.7579,21.269,1.4589,0.9494,1.0355,,,117354.8545,117051.2095,87629.2947,653666.5702,651975.2397,4
1031,002538.SZ,ST司特,20260928,6.83,2.3295,3.4526,4.29,35.3064,32.3398,1.1131,1.2504,1.1665,1.757,1.757,85355.5763,85300.3388,57552.2588,582978.6114,582601.3222,1
1032,002539.SZ,云图控股,20260928,11.77,1.1334,1.3261,0.88,17.1869,13.8776,1.4391,0.6643,0.6546,1.6992,1.6992,120772.3762,88979.3625,76050.7388,1421490.7949,1047287.0672,4
1033,002540.SZ,亚太科技,20260928,4.91,1.0487,1.5002,0.97,14.3912,20.5718,1.1067,0.7336,0.66,6.05,1.634,124757.4062,85820.1358,59995.1826,612558.8831,421376.8874,4
1034,002541.SZ,鸿路钢构,20260928,18.26,2.767,3.8398,0.98,21.2433,17.1576,1.3469,0.6076,0.5789,1.8455,1.4354,73429.3437,54045.4416,38945.6465,1340819.816,986869.7636,0
1035,002542.SZ,*ST中岩,20260928,1.53,1.308,2.2384,2.04,,,,2.7462,3.5261,,,180611.6738,175924.0033,102802.196,276335.8551,269163.72,4
1036,002543.SZ,万和电气,20260928,7.37,2.202,6.3063,1.26,25.4115,,1.1839,0.7581,0.8051,3.5179,3.2473,74360.0,66117.6201,23086.9124,548033.2,487286.8594,1
1037,002544.SZ,普天科技,20260928,15.26,1.7765,2.7545,1.17,413.5111,494.6119,2.7963,2.1257,2.2446,0.0544,0.1212,68053.389,68046.8529,43885.8686,1038494.7314,1038394.931,4
1038,002545.SZ,东方铁塔,20260928,13.82,2.9985,6.6505,2.22,14.2532,10.1797,1.6585,3.5239,2.9737,2.1708,2.1708,124406.2083,113016.3708,50955.2619,1719293.8222,1561886.2334,4
1039,002546.SZ,新联电子,20260928,7.26,1.0124,1.6397,0.87,10.4706,7.1804,1.4598,8.7995,8.419,1.6529,1.6529,83404.9096,80122.7371,49473.1453,605519.6466,581691.0924,4
1040,002547.SZ,*ST春兴,20260928,2.4,3.5792,4.8877,1.46,,,,1.214,1.226,,,112805.7168,110479.8466,80902.3473,270733.728,265151.64,4
1041,002548.SZ,金新农,20260928,3.86,2.8721,4.1723,0.91,,,3.7735,0.6736,0.6816,,,82817.3658,80447.1492,55377.1985,319675.0482,310525.999,1
1042,002549.SZ,凯美特气,20260928,12.55,1.7538,3.0638,0.94,127.2924,251.9887,4.2496,13.9257,13.8113,,0.3984,69534.7901,69235.9526,39632.4517,872661.6145,868911.1725,4
1043,002550.SZ,千红制药,20260928,6.35,0.9162,1.0574,0.83,20.3782,27.6824,2.9679,5.1721,5.5364,1.8455,2.329,127980.0,95356.6881,82624.2131,812673.0,605514.9815,4
1044,002551.SZ,尚荣医疗,20260928,3.36,1.7473,2.0517,0.68,,,1.1567,2.637,2.5479,0.2378,,84549.4578,61118.6723,52050.1888,284086.1856,205358.7312,1
1045,002552.SZ,宝鼎科技,20260928,46.42,4.7018,12.9396,0.87,144.9662,75.6004,10.9951,5.7234,4.6068,0.4308,0.4308,38798.5331,36850.3289,13390.2983,1801027.7626,1710592.3186,4
1046,002553.SZ,南方精工,20260928,17.34,14.448,16.9144,2.92,17.7315,34.7215,3.847,7.1746,7.0755,0.5679,0.5767,35340.9639,25620.9639,21884.9607,612812.2464,444267.4464,1
1047,002554.SZ,惠博普,20260928,2.71,1.1355,1.6363,0.99,,,1.9628,1.5525,1.659,,,133372.0072,133346.985,92535.1569,361438.1471,361370.3429,4
1048,002555.SZ,三七互娱,20260928,17.05,0.9458,1.0724,0.89,13.0054,11.548,2.677,2.3625,2.5565,5.8319,5.3653,221223.7681,163376.2624,144093.7604,3771865.2785,2785565.233,4
1049,002556.SZ,辉隆股份,20260928,5.06,1.0218,1.6547,1.02,24.4278,24.2179,1.3044,0.3126,0.3072,4.8572,2.9143,93494.0852,93404.1003,57679.6678,473080.0448,472624.746,4
1050,002557.SZ,洽洽食品,20260928,18.44,1.3391,2.34,1.53,29.2922,19.6098,1.8611,1.419,1.273,6.93,5.3224,50585.5645,50340.712,28808.3477,932797.8094,928282.7293,1
1051,002558.SZ,巨人网络,20260928,22.18,3.191,5.0777,1.32,24.0263,13.5034,2.5055,8.3517,5.2211,1.3005,4.4471,190056.1971,190055.4471,119437.1841,4215446.516,4215429.881,4
1052,002559.SZ,亚威股份,20260928,8.68,3.9099,4.2798,1.13,52.7377,69.3438,2.3109,2.4383,2.4479,0.7317,0.7317,64186.3617,51169.5335,46747.8996,557137.6196,444151.5508,4
1053,002560.SZ,通达股份,20260928,6.5,6.0863,6.6949,0.51,29.6091,38.0395,1.7838,0.5975,0.5757,,1.0961,73527.1675,63334.598,57576.426,477926.605,411674.9,4
1054,002561.SZ,徐家汇,20260928,7.28,1.2048,1.8968,0.53,,,1.4119,8.2879,8.5251,0.8242,,41576.3,41443.9567,26324.9866,302675.464,301712.0288,4
1055,002562.SZ,兄弟科技,20260928,4.79,3.219,3.6987,0.97,57.5584,42.5686,1.5011,1.5156,1.4174,,2.0877,114282.1917,81357.7716,70807.7909,547411.6901,389703.7183,4
1056,002563.SZ,森马服饰,20260928,5.41,0.6663,2.0737,1.15,16.3321,13.9254,1.2715,0.9659,0.9305,9.2421,5.5453,269409.016,221349.1963,71126.5838,1457502.7982,1197499.172,4
1057,002564.SZ,天沃科技,20260928,5.1,4.7595,6.6966,0.78,93.2518,,40.0718,1.7211,1.9278,,,85890.4477,85890.4477,61044.5663,438041.295,438041.295,4
1058,002565.SZ,顺灏股份,20260928,8.53,10.1157,13.2845,1.26,153.4061,157.6007,4.8683,7.6135,8.2541,0.4563,,105998.8922,105995.5172,80711.9518,904170.617,904141.7856,4
1059,002566.SZ,益盛药业,20260928,7.01,1.9901,2.3123,0.91,80.001,62.5892,1.0395,3.624,3.5646,1.4265,1.1412,33095.16,23210.2602,19976.5469,231997.0716,162703.9226,1
1060,002567.SZ,唐人神,20260928,3.63,1.4286,1.6098,0.8,,,1.3934,0.2148,0.2299,,,143305.1393,143166.6421,127057.4973,520197.6582,519694.9032,1
1061,002568.SZ,百润股份,20260928,19.41,2.7086,4.1861,1.39,31.7181,27.8014,4.0498,6.8682,6.4956,1.5399,1.5387,104162.3701,76210.8531,49311.2911,2021791.6017,1479252.5985,1
1062,002569.SZ,*ST步森,20260928,11.59,1.4215,1.7509,0.94,192.4517,286.9167,54.6006,11.9171,9.8789,,,14401.0,14001.0,11366.604,166907.59,162271.59,1
1063,002570.SZ,贝因美,20260928,4.37,1.377,1.5891,1.26,30.6332,31.1722,2.8221,1.7007,1.7401,,,108004.3333,107999.5333,93581.3796,471978.9221,471957.9461,4
1064,002571.SZ,德力股份,20260928,10.82,1.072,1.4788,0.79,,,5.6649,2.6774,2.7876,,,39195.07,29830.6188,21625.67,424090.6574,322767.3084,4
1065,002572.SZ,索菲亚,20260928,7.42,0.8309,1.1455,0.66,7.9285,11.0991,1.0675,0.7629,0.8722,13.4771,10.7817,96304.7164,72924.7004,52899.0021,714581.0224,541101.274,4
1066,002573.SZ,清新环境,20260928,3.08,0.7204,1.5141,1.03,,,0.7899,0.4784,0.4997,,,141526.7079,141269.0868,67217.0319,435902.2668,435108.7972,4
1067,002574.SZ,明牌珠宝,20260928,4.94,1.2871,2.8045,0.91,,,0.968,0.7952,0.8226,,,52800.0,52800.0,24232.0827,260832.0,260832.0,4
1068,002575.SZ,群兴玩具,20260928,4.99,2.6838,2.9124,0.56,,,3.8504,6.5389,5.9343,,,61650.0,58432.55,53845.55,307633.5,291578.4245,4
1069,002576.SZ,通达动力,20260928,14.53,1.6411,2.3115,1.42,29.1203,29.4092,1.838,1.3626,1.4294,0.5505,0.545,16510.0,16202.7571,11504.0077,239890.3,235426.1028,1
1070,002577.SZ,雷柏科技,20260928,21.41,2.0137,4.834,0.48,,,5.1226,13.1455,12.5681,,,28068.8,28067.3,11692.0122,600953.008,600920.893,4
1071,002578.SZ,闽发铝业,20260928,4.12,2.65,4.526,1.18,,,2.5877,2.0388,1.8513,,,93863.0183,86116.2561,50421.2037,386715.6424,354798.9912,1
1072,002579.SZ,中京电子,20260928,17.3,18.9869,26.6107,0.83,387.2382,,4.6056,3.3746,3.5366,,,61261.862,58343.8257,41628.7741,1059830.351,1009348.259,5
1073,002580.SZ,圣阳股份,20260928,18.21,7.6318,9.9315,0.94,44.4564,49.5343,3.3821,2.4199,2.2174,0.2197,0.2197,45386.8993,45233.88,34759.9802,826495.449,823708.9548,4
1074,002581.SZ,*ST未名,20260928,4.76,1.5085,1.7435,0.71,,,1.7698,11.4273,10.5356,,,65973.5586,40079.1161,34676.0361,314034.1456,190776.6112,4
1075,002582.SZ,好想你,20260928,9.31,2.6962,3.0325,0.81,4.8127,2.5568,0.9273,3.1392,3.0975,10.4672,6.3508,44770.7891,34417.4578,30600.6057,416816.0549,320426.5526,4
1076,002583.SZ,海能达,20260928,8.46,7.1363,8.4216,6.29,,,7.3752,2.5604,2.5594,,,181861.9381,128313.7692,108731.2471,1538552.0124,1085534.4942,1
1077,002584.SZ,西陇科学,20260928,8.57,14.7242,15.8163,0.47,,127.8085,2.2674,0.6841,0.6064,,,58521.6422,48113.9338,44791.5761,501530.4548,412336.3801,4
1078,002585.SZ,双星新材,20260928,10.46,10.1352,13.2125,0.62,,,1.4236,2.337,2.2912,0.2868,0.1912,114132.2612,88659.1788,68009.6736,1193823.4396,927375.0228,4
1079,002586.SZ,围海股份,20260928,3.65,0.5129,0.8927,0.92,15.2776,15.3272,1.3108,1.9957,2.2276,,,114422.3714,108751.8003,62484.0799,417641.6505,396944.07,4
1080,002587.SZ,奥拓电子,20260928,5.19,1.7996,1.9886,0.89,311.203,208.9145,2.5979,4.4968,3.9585,0.3825,1.3476,65450.4156,53271.2717,48208.1827,339687.6279,276477.8913,4
1081,002588.SZ,史丹利,20260928,7.36,1.3599,2.1383,1.06,8.2058,8.7335,1.0873,0.6902,0.661,4.144,3.6685,115189.198,85863.657,54604.0159,847792.512,631956.5376,4
1082,002589.SZ,瑞康医药,20260928,3.25,6.8907,8.4188,0.41,304.2907,540.9617,0.9212,0.6703,0.6823,0.1214,0.0601,150471.0471,136559.1548,111772.0415,489030.88,443817.2375,4
1083,002590.SZ,万安科技,20260928,9.47,0.814,1.5471,0.76,23.0252,22.7621,1.5871,0.991,0.9662,0.6325,0.8961,51905.2477,49435.0592,26010.5346,491542.7175,468150.0182,4
1084,002591.SZ,恒大高新,20260928,6.34,4.3081,5.0165,1.12,,,2.9761,5.0401,2.8782,,,30019.9484,22351.2462,19195.2622,190326.483,141706.925,4
1085,002592.SZ,ST八菱,20260928,6.19,0.8686,1.2001,1.38,15.0411,14.9222,1.7784,2.471,2.2041,3.2225,5.6436,28408.1157,26289.5977,19029.0821,175846.2628,162732.624,4
1086,002593.SZ,日上集团,20260928,4.59,2.1143,2.9848,1.11,33.5287,23.9403,1.4862,1.0073,0.9849,1.0893,1.0893,80385.8029,56050.4329,39705.0454,368970.822,257271.4737,4
1087,002594.SZ,比亚迪,20260928,83.35,0.523,0.7422,0.74,23.2968,25.8178,3.1667,0.9452,0.9774,1.5893,0.4295,911719.7565,348706.8722,245698.0563,75991841.1625,29064717.6145,4
1088,002595.SZ,豪迈科技,20260928,38.24,0.326,0.6626,0.98,18.5342,19.0368,3.5887,4.004,3.7498,0.7201,1.8035,116000.0,115211.8323,56681.0875,4435840.0,4405700.3792,4
1089,002596.SZ,海南瑞泽,20260928,3.22,1.4568,2.1419,0.53,,,7.7356,3.1697,3.7128,,,114758.0518,114657.0549,77982.5861,369520.921,369195.701,0
1090,002597.SZ,金禾实业,20260928,21.06,0.7202,1.292,0.91,34.4862,44.5783,1.5032,2.4371,2.1744,3.7938,0.9393,56831.9878,56597.6294,31548.9071,1196881.7094,1191946.0878,4
1091,002598.SZ,ST章鼓,20260928,6.79,0.639,0.9851,0.59,33.5711,33.6189,1.6644,1.0929,1.1308,1.4727,1.4728,31205.2978,28653.0024,18584.5661,211883.987,194553.87,4
1092,002599.SZ,盛通股份,20260928,5.51,1.118,1.3217,0.59,395.7924,,2.4434,1.4617,1.5321,0.3576,0.1788,54061.4787,41337.1086,34966.598,297878.7548,227767.4761,4
1093,002600.SZ,领益智造,20260928,12.01,1.0081,2.3718,1.05,42.6297,45.9699,3.0942,1.8963,1.8417,0.3253,0.3313,812030.6431,720000.0669,306034.2436,9752487.9864,8647200.8407,4
1094,002601.SZ,龙佰集团,20260928,14.75,0.4887,0.6432,0.94,28.257,50.0153,1.541,1.3542,1.2999,4.0471,0.6741,238424.8056,197978.0012,150430.9456,3516765.8,2920175.5,4
1095,002602.SZ,世纪华通,20260928,13.87,0.9776,1.1884,0.74,18.2388,13.7195,2.9875,2.6975,2.3881,,1.0056,737068.2322,679682.9127,559168.8558,10223136.3501,9427201.9617,4
1096,002603.SZ,以岭药业,20260928,15.15,0.6702,1.2252,0.79,19.6748,18.4049,2.3198,3.2323,3.2181,1.9802,5.2805,167070.5376,137627.2762,75279.0767,2531118.681,2085053.292,1
1097,002605.SZ,姚记科技,20260928,16.27,0.6862,1.0972,0.74,14.5514,15.9023,1.8074,2.5279,2.6419,3.0625,4.2956,41778.8262,33845.3459,21167.548,679741.5641,550663.8445,4
1098,002606.SZ,大连电瓷,20260928,11.84,2.181,3.0703,0.79,24.538,16.2452,2.5381,2.9221,2.5219,0.2593,0.6219,43907.322,42134.2031,29929.8722,519862.6688,498868.928,4
1099,002607.SZ,中公教育,20260928,1.83,1.9878,2.1128,0.8,230.8453,187.0723,13.5905,5.0455,5.0139,,,616739.9389,572010.5606,538160.78,1128634.0902,1046779.3248,4
1100,002608.SZ,江苏国信,20260928,7.25,0.2275,1.2944,0.75,7.9049,9.3281,0.7325,0.7914,0.7533,1.3793,1.7931,377807.9704,377807.9704,66391.8133,2739107.7825,2739107.7825,1
1101,002609.SZ,捷顺科技,20260928,7.9,1.5311,2.1851,1.63,79.9565,78.2916,2.1327,2.9152,2.797,0.8837,1.0698,64343.8841,45957.3516,32201.6692,508316.652,363063.065,1
1102,002611.SZ,东方精工,20260928,14.71,3.2144,3.831,1.57,24.6895,4.2899,1.8897,3.4247,3.7615,0.8838,1.6451,121728.5908,100396.24,84236.7874,1790627.5589,1476828.6904,1
1103,002612.SZ,朗姿股份,20260928,16.99,5.8704,7.985,1.5,7.5225,9.0267,2.6765,1.2523,1.1842,2.3543,7.063,44244.5375,26135.9227,19214.8277,751714.5647,444049.2808,4
1104,002613.SZ,北玻股份,20260928,3.29,4.6642,6.1348,0.49,115.4682,,1.6356,2.3012,2.6101,0.9119,,110056.8692,77367.1916,58821.064,362087.1023,254538.0551,4
1105,002614.SZ,奥佳华,20260928,8.5,42.8692,49.6167,4.25,431.9328,,1.2597,1.0422,0.9706,1.176,1.1765,62373.9204,44127.5311,38126.5288,530178.32,375084.005,1
1106,002615.SZ,哈尔斯,20260928,6.35,2.7119,3.4639,1.01,50.6362,128.2318,1.4863,1.0978,1.0334,3.2606,,55981.1722,30221.6957,23661.2211,355480.493,191907.795,0
1107,002616.SZ,长青集团,20260928,4.77,0.9066,1.3865,0.94,14.6257,13.0499,1.151,1.118,1.1498,2.7157,5.2411,85921.6368,58748.0268,38415.7368,409846.2228,280228.1031,4
1108,002617.SZ,露笑科技,20260928,6.75,4.9174,5.3492,0.6,60.7781,73.0888,1.9858,3.5094,3.3295,,,190917.3953,187762.1812,172607.5334,1288692.3825,1267394.715,1
1109,002620.SZ,*ST瑞和,20260928,5.2,2.9943,4.2397,1.96,,,,4.9573,5.8253,,,37749.4,31608.332,22323.6764,196296.88,164363.316,4
1110,002622.SZ,皓宸医疗,20260928,2.55,12.1515,15.949,1.95,,,8.2082,3.0474,3.0455,,,84000.0,83997.525,63997.525,214200.0255,214193.7015,4
1111,002623.SZ,亚玛顿,20260928,18.78,6.627,14.0186,0.64,,,1.4045,1.7807,2.1908,2.6624,2.1299,19306.2513,19263.6138,9106.4688,362571.375,361770.5958,4
1112,002624.SZ,完美世界,20260928,9.37,2.28,3.0982,1.16,24.8714,166.4364,2.7914,2.7295,3.1781,2.4064,3.5219,193996.8404,182773.3041,134502.2225,1817750.3908,1712585.821,4
1113,002625.SZ,光启技术,20260928,22.47,2.1597,3.0001,1.75,70.4765,78.0854,4.9267,23.6658,21.7051,,0.1554,215458.7862,215457.2262,155107.2201,4841358.9259,4841323.8727,5
1114,002626.SZ,金达威,20260928,16.02,0.5264,1.1295,0.86,28.7466,37.2008,2.3699,2.9034,2.8655,2.4969,2.4896,60993.6032,60986.1032,28422.0707,977117.472,976997.322,4
1115,002627.SZ,三峡旅游,20260928,6.5,1.0642,1.6204,0.81,71.7538,57.4409,1.4685,6.0601,5.6989,1.503,0.7515,70567.9478,69815.8144,45851.315,458691.61,453802.765,4
1116,002628.SZ,成都路桥,20260928,4.86,2.4564,3.0938,1.05,,,1.3249,4.0947,4.258,,,75710.0415,75533.6959,59970.9481,367950.843,367093.782,4
1117,002629.SZ,仁智股份,20260928,4.31,3.0006,3.1788,0.78,195.5203,201.485,33.364,6.2518,5.8802,,,42609.8,36295.399,34260.7237,183648.238,156433.174,1
1118,002630.SZ,*ST华西,20260928,1.49,2.0917,2.161,2.1,,,,1.0494,1.5608,,,118080.0,107691.3815,104239.7887,175939.2,160460.1562,4
1119,002631.SZ,德尔未来,20260928,12.99,7.7041,16.2949,0.81,,,5.1404,8.8814,10.104,,,79728.2881,79368.9852,37525.2582,1035670.4871,1031003.1801,4
1120,002632.SZ,道明光学,20260928,9.12,2.3111,4.9946,0.48,25.7005,29.1442,2.6276,3.8193,4.0844,2.8509,1.864,62459.909,57451.3511,26583.7298,569634.3792,523956.312,4
1121,002633.SZ,申科股份,20260928,15.27,5.1928,10.7619,1.56,443.8971,196.4523,6.4573,7.336,6.9766,,,15000.0,14956.4063,7216.7376,229050.0,228384.3807,4
1122,002634.SZ,*ST棒杰,20260928,4.04,1.435,1.8891,1.11,,,,3.2668,3.657,,,45935.2513,44651.2438,33918.2458,185578.41,180391.0096,0
1123,002635.SZ,安洁科技,20260928,14.72,11.1931,14.3847,1.66,87.3155,45.5117,1.6553,2.0448,1.9455,1.3587,1.019,65968.6776,39553.3109,30777.3305,971058.9696,582224.7232,4
1124,002636.SZ,金安国纪,20260928,79.3,6.2822,18.3965,0.76,191.9552,57.9532,13.4654,12.8856,9.9052,0.1072,0.1576,72800.0,72523.4913,24766.1167,5773040.0,5751112.757,4
1125,002637.SZ,赞宇科技,20260928,10.18,3.0436,4.669,0.99,26.2571,21.3321,1.2969,0.3646,0.3738,1.1537,1.1312,47040.1,46477.089,30297.619,478868.218,473136.7762,4
1126,002638.SZ,勤上股份,20260928,4.87,5.8283,8.4596,1.67,,,3.7329,18.1241,22.9207,,,143659.4349,135268.0009,93194.1881,699621.4241,658755.16,4
1127,002639.SZ,雪人集团,20260928,14.25,16.3363,17.3582,1.38,304.0173,701.8031,4.2678,4.3983,3.9805,,,77942.5428,66010.5056,62124.2049,1110681.2349,940649.7048,4
1128,002640.SZ,跨境通,20260928,3.96,17.282,18.7868,1.09,,,9.1463,1.1347,1.1487,,,155804.133,154826.178,142425.178,616984.3944,613111.6728,2
1129,002641.SZ,公元股份,20260928,3.75,0.4792,1.2354,0.83,73.7561,140.9208,0.8461,0.7463,0.7496,1.3206,0.5282,122909.3871,113395.7528,43981.2228,460910.175,425234.0625,4
1130,002642.SZ,荣联科技,20260928,6.88,1.9948,2.5261,1.17,227.4044,266.6518,3.8186,2.3348,2.3124,,,66158.0313,66158.0313,52243.3661,455167.2464,455167.2464,1
1131,002643.SZ,万润股份,20260928,12.56,1.5507,3.0022,1.07,40.4376,47.1956,1.6202,3.0952,3.0035,0.8084,0.9952,91590.0025,90221.497,46600.5783,1150370.5256,1133182.04,4
1132,002644.SZ,佛慈制药,20260928,8.26,0.9726,2.5887,0.9,85.7198,71.6851,2.2652,4.6072,4.5527,0.1453,0.2421,51065.7,51065.7,19185.9464,421802.682,421802.682,1
1133,002645.SZ,华宏科技,20260928,17.06,3.6248,5.7754,1.27,62.8864,27.4927,2.9615,1.6398,1.2508,,0.4885,75312.0432,68021.3487,42691.7432,1284823.4024,1160444.231,4
1134,002646.SZ,天佑德酒,20260928,7.08,3.1266,5.3713,0.9,784.6462,,1.1863,3.0624,3.3646,0.1572,0.071,47633.8974,47600.1249,27707.8209,337247.9412,337008.8496,0
1135,002647.SZ,仁东控股,20260928,11.51,2.7488,3.4064,0.82,36.4195,203.0218,20.8909,15.9151,15.4413,,,113772.7657,101529.1657,81928.3988,1309524.5827,1168600.7467,4
1136,002648.SZ,卫星化学,20260928,26.79,0.9256,1.8671,1.26,16.9933,10.2627,2.372,1.959,1.6925,1.8597,1.863,336864.569,336648.2485,166886.0266,9024601.8303,9018806.6175,1
1137,002649.SZ,博彦科技,20260928,9.05,1.1411,1.2448,0.67,51.397,104.5024,1.2965,0.8015,0.8312,1.87,1.4365,59143.4532,58516.6782,53641.2466,535248.313,529575.954,4
1138,002650.SZ,ST加加,20260928,6.32,0.5856,1.0443,0.71,,,3.8553,5.7526,5.8196,,,110708.3824,110704.6324,62078.7124,699676.9616,699653.2616,4
1139,002651.SZ,利君股份,20260928,7.94,1.6354,3.1131,0.77,146.4116,271.144,2.9959,11.2621,9.9601,0.7557,0.7557,103346.0,56546.3641,29704.505,820567.24,448978.0984,4
1140,002652.SZ,扬子新材,20260928,4.46,2.4225,3.4605,0.83,,,9.7764,6.9643,6.2112,,,51206.4,51206.4,35846.4,228380.544,228380.544,4
1141,002653.SZ,海思科,20260928,60.71,0.7172,1.4236,0.76,266.8297,72.9644,14.3824,15.7855,12.6335,0.4366,1.2981,114089.248,53698.6608,27054.3253,6926358.3675,3260045.6486,4
1142,002654.SZ,万润科技,20260928,12.5,4.0422,5.3114,1.14,329.0042,226.0246,6.6693,1.9002,1.9483,,0.144,84530.2544,84524.2544,64326.429,1056628.125,1056553.125,4
1143,002655.SZ,共达电声,20260928,34.52,6.2001,7.4672,0.86,170.5834,281.9123,14.4666,8.7903,8.4138,0.0853,0.0864,36671.0712,36538.3812,30338.2397,1265885.3778,1261304.919,4
1144,002656.SZ,摩登大道,20260928,2.76,1.5713,1.9444,1.03,,,4.9227,3.2587,2.7599,,,71251.9844,68663.8368,55487.9272,196655.4924,189512.1984,0
1145,002657.SZ,中科金财,20260928,14.49,1.6547,1.8076,0.61,,,3.0818,5.7445,5.4756,,,33931.392,33612.744,30768.7389,491665.8411,487048.6026,4
1146,002658.SZ,雪迪龙,20260928,7.27,2.0732,2.7876,2.17,30.622,31.9128,1.7769,3.3072,3.6078,3.378,2.751,63576.0924,35865.7749,26674.2749,462198.1743,260744.1479,4
1147,002659.SZ,凯文教育,20260928,4.66,2.3014,3.2877,0.99,,,1.299,8.0424,7.7667,,,59828.0384,59827.8275,41879.4181,278798.6664,278797.6878,4
1148,002660.SZ,茂硕电源,20260928,7.76,1.4857,2.6891,0.66,,,2.7788,2.2587,2.2952,1.2887,,35662.6019,34635.2168,19135.7014,276741.8536,268769.3072,4
1149,002661.SZ,克明食品,20260928,7.56,1.8036,3.163,0.61,26.5314,,1.1246,0.5657,0.5659,3.7217,3.7217,32384.6342,30841.7401,17586.0067,244827.8028,233163.5544,1
1150,002662.SZ,峰璟股份,20260928,3.1,0.6223,1.0734,0.89,18.6861,28.3866,1.0567,1.5973,1.6657,2.3226,1.6129,150000.0,149998.11,86961.3328,465000.0,464994.141,0
1151,002663.SZ,普邦股份,20260928,1.71,1.5773,2.489,0.86,,,1.5301,1.5894,1.8741,,,172334.8902,170711.618,108182.0768,294692.6619,291916.8702,1
1152,002664.SZ,信质集团,20260928,14.35,1.0411,2.1161,1.41,43.8199,43.6959,1.6441,0.9599,0.9211,,0.4181,40820.0,40294.7338,19824.345,585767.0,578229.3755,4
1153,002666.SZ,德联集团,20260928,4.17,2.02,2.6314,0.87,72.0144,77.5884,0.9225,0.5778,0.5875,2.1677,2.1677,78799.9301,50079.3826,38444.2316,328595.7081,208831.0146,4
1154,002667.SZ,*ST威领,20260928,22.0,8.3002,10.5344,0.97,,,,17.9031,11.3061,,,26059.15,23661.1,18642.9007,573301.3,520544.2,1
1155,002668.SZ,TCL智家,20260928,8.76,1.2565,2.5226,1.0,8.4538,9.5306,2.4808,0.5125,0.5001,,2.3264,108411.1428,108411.1428,54000.6196,949681.5864,949681.5864,4
1156,002669.SZ,康达新材,20260928,14.76,17.6289,24.7872,1.36,35.6999,43.5011,1.6361,0.8551,0.7794,,0.6493,30340.0,30271.78,21529.6179,447818.4,446811.4728,4
1157,002670.SZ,国盛证券,20260928,11.03,1.2077,3.3794,1.24,78.1949,76.4158,1.8519,11.9422,11.8758,,,193508.4653,162335.0634,58015.9661,2134398.3138,1790555.7118,4
1158,002671.SZ,龙泉股份,20260928,4.02,1.7026,2.872,1.09,47.5584,155.8931,1.3715,1.5464,1.6605,,,56159.0846,55139.6073,32687.4011,225759.5418,221661.2322,4
1159,002672.SZ,东江环保,20260928,3.67,3.9788,8.2135,1.36,,,1.9205,1.1733,1.2237,,,110525.5802,90511.8302,43846.2783,405628.8786,332178.4161,4
1160,002673.SZ,西部证券,20260928,6.53,0.4507,0.8511,0.95,16.6432,14.5649,0.9644,4.8769,4.2412,1.8351,1.8351,446958.1705,446958.1705,236671.4325,2918636.8501,2918636.8501,4
1161,002674.SZ,兴业科技,20260928,19.5,3.1393,6.3514,0.83,56.832,51.0705,2.3644,1.93,1.8969,0.7692,,29555.0944,29256.3652,14460.6602,576324.45,570499.215,4
1162,002675.SZ,东诚药业,20260928,12.65,0.4884,0.6125,0.7,53.321,51.9695,2.3717,3.8055,3.9122,0.2372,0.6324,82459.5705,74338.3994,59266.9525,1043113.5605,940380.76,4
1163,002676.SZ,顺威股份,20260928,5.24,1.3668,2.2119,0.99,51.1156,45.5165,2.9706,1.4047,1.4066,0.1767,0.1767,77768.8333,71997.4585,44489.2182,407508.6692,377266.6904,4
1164,002677.SZ,浙江美大,20260928,6.18,1.988,3.9709,1.04,345.9094,,2.7566,8.7916,10.6498,4.8544,0.2589,64605.1647,54588.2225,27328.5725,399259.8888,337355.1996,4
1165,002678.SZ,珠江钢琴,20260928,4.34,0.5121,3.0923,0.84,,,1.9911,10.3484,9.9192,,,135832.0323,135757.4448,22480.9325,589511.0102,589187.2896,4
1166,002679.SZ,福建金森,20260928,11.86,16.1867,44.5036,2.42,302.9129,185.6642,3.7486,18.8016,19.4246,0.3086,0.2445,23575.6,23575.6,8574.8126,279606.616,279606.616,1
1167,002681.SZ,奋达科技,20260928,4.42,2.0002,2.1398,0.89,,,3.7013,2.9253,2.8349,,,179465.2232,157204.9125,146953.5855,793236.2724,694845.7022,4
1168,002682.SZ,龙洲股份,20260928,4.92,5.334,7.5237,1.39,,,5.7304,1.1572,1.2645,,,56236.8594,56236.8594,39869.5779,276685.3512,276685.3512,4
1169,002683.SZ,广东宏大,20260928,27.06,1.0386,1.4607,1.26,21.4823,21.123,2.9031,1.0095,0.9628,2.3823,2.3809,75988.5063,66672.5371,47406.6686,2056249.0806,1804158.9324,4
1170,002685.SZ,华东重机,20260928,5.24,2.5491,2.9044,0.49,79.1356,51.4455,3.1862,6.5649,4.4095,,,100769.0641,100758.9316,88433.9697,528029.8744,527976.7932,4
1171,002686.SZ,亿利达,20260928,6.23,1.3645,2.39,0.95,115.6783,,2.1856,2.1617,2.3982,0.1603,0.3175,56623.9133,52273.2608,29843.7027,352766.9593,325662.4098,1
1172,002687.SZ,乔治白,20260928,5.7,5.4964,7.7135,0.77,33.6851,34.8744,1.8882,2.2831,2.2894,,1.4316,50477.9491,41361.6563,29472.9484,287724.315,235761.462,4
1173,002688.SZ,金河生物,20260928,5.15,0.6262,0.9331,0.59,156.4953,210.0356,1.8989,1.4984,1.4691,1.744,1.7523,83737.7701,75121.1617,50415.1735,431249.5155,386873.974,0
1174,002689.SZ,ST远智,20260928,2.86,0.4847,0.9945,1.25,29.6445,36.7636,2.432,2.1696,2.0928,,1.7483,104331.0725,104291.1524,50823.7754,298386.8602,298272.689,4
1175,002690.SZ,美亚光电,20260928,15.39,1.1557,1.6863,1.0,18.8808,18.5661,5.2756,5.6412,5.5422,4.5486,4.5484,88222.89,42703.2322,29266.6597,1357750.2771,657202.7097,4
1176,002691.SZ,*ST冀凯,20260928,4.0,0.68,1.8936,1.37,,,1.734,4.5184,4.7832,,,34000.0,33598.0305,12065.205,136000.0,134392.12,4
1177,002692.SZ,远程股份,20260928,4.24,1.3616,1.9092,0.88,1716.9403,,2.7534,0.6852,0.7166,0.4717,0.4717,71814.6,71786.1675,51195.5635,304493.904,304373.3608,4
1178,002693.SZ,双成药业,20260928,9.1,3.768,7.3975,0.61,198.1644,73.7947,8.8567,13.6351,12.1811,,,41468.975,41098.1596,20933.7944,377367.718,373993.256,1
1179,002694.SZ,*ST顾地,20260928,2.52,0.3668,0.6114,1.04,,,,2.1592,2.0363,,,76308.48,71879.6025,43116.3733,192297.3696,181136.592,0
1180,002695.SZ,煌上煌,20260928,10.54,2.2924,5.7538,1.51,72.2828,64.8591,2.1095,3.5026,3.0634,1.0434,0.9488,55958.5801,51145.3584,20376.793,589803.4332,539072.0944,1
1181,002696.SZ,百洋股份,20260928,6.49,5.1824,9.3603,0.65,55.2272,,1.7531,0.5533,0.5086,,0.7704,34575.4232,33425.8918,18506.5937,224394.4758,216934.0261,4
1182,002697.SZ,红旗连锁,20260928,4.61,1.0783,1.6166,0.76,13.0453,13.4033,1.277,0.6561,0.6653,2.4946,2.321,136000.0,114809.2375,76577.4825,626960.0,529270.5964,0
1183,002698.SZ,博实股份,20260928,11.12,0.676,0.9135,1.02,20.1699,21.8281,2.7459,4.0207,4.0113,2.2482,2.2482,102256.1575,84413.8325,62468.6056,1137088.4992,938681.7896,4
1184,002700.SZ,万憬能源,20260928,6.31,1.3701,2.6265,1.45,32.1086,33.3149,1.8368,3.7749,3.8837,1.046,0.3962,41362.8185,40936.4099,21354.6262,260999.3942,258308.7471,4
1185,002701.SZ,奥瑞金,20260928,4.24,0.8953,1.3654,1.48,10.7812,12.5239,1.07,0.4518,0.4147,2.8302,2.8302,255976.0469,255735.7434,167696.5288,1085338.4096,1084319.5376,4
1186,002702.SZ,海欣食品,20260928,5.44,7.6485,10.0263,0.85,,,2.9918,1.9858,1.8172,,,55576.0,45874.375,34994.83,302333.4944,249556.6272,4
1187,002703.SZ,浙江世宝,20260928,15.26,5.241,9.6611,0.74,69.5412,65.6557,5.7638,3.5372,3.3516,0.3932,0.3932,82263.2384,58604.8074,31792.0425,1255337.0424,894309.4006,1
1188,002705.SZ,新宝股份,20260928,11.98,2.6494,7.9366,2.39,9.7324,16.4008,1.1581,0.6007,0.6152,4.9691,3.7231,81187.578,80810.34,26976.7439,972627.2084,968107.8732,1
1189,002706.SZ,良信股份,20260928,8.4,1.4954,1.6165,0.56,35.5723,54.6036,2.2362,2.1037,2.0119,2.5293,2.3294,112312.502,91498.959,84644.9579,943425.0,768591.264,4
1190,002707.SZ,众信旅游,20260928,5.02,1.7044,2.1883,0.86,698.8859,,5.3159,0.7231,0.7311,,,98271.5033,86527.8032,67392.5565,493322.93,434369.556,4
1191,002708.SZ,光洋股份,20260928,17.01,10.5435,14.8879,1.7,94.6868,90.8586,5.2737,3.5199,3.2565,,,56209.7967,50963.0351,36091.5485,956128.698,866881.3104,1
1192,002709.SZ,天赐材料,20260928,30.47,2.324,2.6282,1.06,45.6085,15.7056,3.0623,3.7307,2.553,0.3068,1.4703,203856.1744,150901.1019,133434.3996,6211497.4999,4597956.517,4
1193,002712.SZ,思美传媒,20260928,4.88,2.0719,3.3319,0.81,,,1.9231,0.346,0.3166,,,54427.6198,54090.0273,33635.5884,265606.7856,263959.3464,4
1194,002713.SZ,东易日盛,20260928,10.04,2.4926,3.3362,0.59,262.0948,127.7202,9.1174,13.8166,13.4591,,,95140.5184,52411.6059,39159.9337,955210.8208,526212.5644,4
1195,002714.SZ,牧原股份,20260928,41.71,1.4195,1.9467,1.65,15.5481,,3.0415,1.6705,1.8946,3.5484,3.2061,577299.6144,328049.932,239205.2459,24079166.7331,13682962.5803,1
1196,002715.SZ,登云股份,20260928,13.02,2.263,3.4527,1.26,,,3.8884,3.4275,3.4324,0.2458,,13800.0,13800.0,9044.9575,179676.0,179676.0,4
1197,002716.SZ,湖南白银,20260928,8.53,4.956,5.7294,0.94,70.7877,53.9773,5.923,1.935,1.4476,,,282308.8646,232247.5674,200894.4726,2408094.6611,1981071.7721,4
1198,002717.SZ,*ST岭南,20260928,0.77,5.7767,6.127,1.39,,,,12.5043,-164.4899,,,182023.3558,178894.1866,168665.1291,140157.9872,137748.5263,5
1199,002718.SZ,友邦吊顶,20260928,80.19,2.3619,6.6177,2.17,839.1293,7891.2692,11.3009,20.8435,23.2611,,,12944.7829,9621.5283,3434.0268,1038041.9082,771550.4907,4
1200,002719.SZ,ST麦趣,20260928,6.03,2.3342,2.8975,1.64,,,14.407,1.7472,1.9186,,,17413.9457,16184.5095,13038.2465,105006.1185,97592.5953,4
1201,002721.SZ,金一文化,20260928,2.56,1.4549,2.0812,0.72,236.5343,75.3137,3.1583,7.7594,7.8981,,,265937.8615,265937.8615,185915.208,680800.9216,680800.9216,4
1202,002722.SZ,物产金轮,20260928,13.2,0.9765,1.5868,1.08,19.2958,16.5901,0.9831,1.2178,1.1553,1.6132,1.5858,22237.201,22235.701,13683.6087,293531.04,293511.24,4
1203,002723.SZ,小崧股份,20260928,7.36,2.8864,4.1634,0.96,,,3.4023,2.3889,2.7716,,,32611.8876,31775.9182,22029.4333,240023.5104,233870.7712,4
1204,002724.SZ,海洋王,20260928,7.0,7.2989,18.0499,0.93,49.0666,112.0783,1.99,3.1365,3.2241,0.7106,1.4286,77149.7994,56647.8289,22906.7338,540048.6,396534.81,4
1205,002725.SZ,跃岭股份,20260928,10.71,1.6343,2.727,1.37,188.2133,,2.8487,4.1041,4.1627,,0.1674,25600.0,24896.3432,14920.4312,274176.0,266639.8014,4
1206,002726.SZ,ST龙大,20260928,2.43,3.3912,4.1824,1.06,,,5.2975,0.3301,0.374,,,136113.4605,136031.5605,110297.9046,330755.709,330556.692,1
1207,002727.SZ,一心堂,20260928,10.68,1.0543,1.3779,0.94,23.7414,23.1102,0.84,0.3608,0.3703,4.5899,3.6719,58560.4125,39745.8083,30410.1406,625425.1788,424485.2508,1
1208,002728.SZ,特一药业,20260928,9.67,3.4374,5.701,0.77,60.7764,66.3846,2.7892,5.3689,6.0042,0.5026,1.5434,51330.9812,50130.8912,30226.1535,496370.5766,484765.7063,1
1209,002729.SZ,好利科技,20260928,13.46,1.974,2.7039,1.15,51.0469,81.7284,4.3442,5.7944,5.707,0.416,0.208,18296.992,17546.1341,12809.4871,246277.4854,236170.9098,4
1210,002730.SZ,电光科技,20260928,20.98,2.7438,5.497,0.94,113.255,129.5304,4.6595,6.4974,6.6488,0.6196,0.4766,36207.988,34602.988,17271.918,759643.6302,725970.7302,4
1211,002732.SZ,燕塘乳业,20260928,14.07,1.435,3.4006,1.65,38.4193,60.2995,1.4629,1.3963,1.4107,1.0661,0.4264,15735.0,15706.2585,6627.8985,221391.45,220987.0782,4
1212,002733.SZ,雄韬股份,20260928,16.91,2.6529,4.234,0.99,81.5117,172.3624,2.4155,1.868,1.7577,0.5815,0.5815,38421.4913,36886.2759,23112.2674,649707.565,623746.9948,4
1213,002734.SZ,利民股份,20260928,18.54,8.6183,10.3811,1.3,18.2254,18.033,2.1721,1.9315,1.9266,1.1923,2.4272,47162.3514,43160.5434,35831.6081,874389.969,800196.4116,4
1214,002735.SZ,王子新材,20260928,10.73,6.8246,7.3907,0.5,,,2.5776,1.8662,1.8473,0.1233,,37525.4353,28505.9341,26322.1966,402647.8639,305868.6289,4
1215,002736.SZ,国信证券,20260928,9.68,0.1908,0.699,1.19,8.9535,8.6684,1.0193,4.1063,3.8686,3.3935,4.6488,1024174.306,1024174.306,279528.4992,9914007.3208,9914007.3208,4
1216,002737.SZ,葵花药业,20260928,11.3,0.5072,1.1558,0.75,,,1.6846,2.847,2.6336,4.4248,1.7699,58400.0,58399.07,25628.863,659920.0,659909.491,1
1217,002738.SZ,中矿资源,20260928,40.63,2.6011,3.0128,0.98,64.756,20.0266,2.2788,4.5277,4.2714,1.2173,1.2173,72938.4877,71101.5264,61386.5264,2963490.8487,2888855.1639,4
1218,002739.SZ,儒意电影,20260928,8.19,1.6208,2.2934,0.94,33.6474,,2.4083,1.3676,1.5657,,,211177.8708,209991.2448,148403.8686,1729546.7553,1719828.2556,4
1219,002741.SZ,光华科技,20260928,25.74,10.5018,15.1858,1.0,116.0843,84.9885,6.079,4.069,3.0692,,0.3855,46860.231,43002.6595,29738.6675,1206182.3202,1106888.4684,5
1220,002742.SZ,冀衡医药,20260928,4.1,3.1093,4.1394,0.54,,,18.9205,3.117,4.2873,,,68410.2041,52392.1123,39353.8939,280481.82,214807.651,4
1221,002743.SZ,ST富煌,20260928,4.49,2.8017,4.1991,0.57,,,0.9873,1.0199,4.638,,,43526.8478,43457.0978,28995.4664,195435.5565,195122.379,4
1222,002745.SZ,木林森,20260928,11.29,4.0775,4.8607,0.99,,,1.3901,0.9609,0.8676,0.4429,,148416.6399,105678.7379,88651.9256,1675623.8656,1193112.9746,4
1223,002746.SZ,仙坛股份,20260928,6.33,1.7702,2.7292,1.14,22.4147,18.9972,1.1805,0.9437,0.8747,5.5292,5.5292,86053.8727,70967.6227,46028.8634,544720.9971,449225.0346,1
1224,002747.SZ,埃斯顿,20260928,28.45,3.8064,5.9508,1.03,612.7908,138.0582,8.4082,5.638,5.6048,,,96866.6053,78434.5953,50170.2036,2755855.0545,2231464.37,4
1225,002748.SZ,世龙实业,20260928,11.92,1.3203,2.842,0.73,49.6613,24.4461,1.9428,1.4271,1.327,0.4195,0.6292,24000.0,24000.0,11149.19,286080.0,286080.0,4
1226,002749.SZ,国光股份,20260928,8.44,0.2588,0.6132,0.74,15.0432,17.7091,2.474,2.2831,2.2994,12.9361,7.9269,55647.1548,54431.6897,22977.3769,469662.0304,459403.4636,0
1227,002752.SZ,昇兴股份,20260928,6.02,0.7867,2.1795,0.87,19.1474,14.5807,1.604,0.8198,0.7639,1.6611,1.6611,97691.8468,97552.6819,35210.9946,588104.8768,587267.1336,4
1228,002753.SZ,永东股份,20260928,6.71,1.8516,2.1777,0.66,73.8732,90.1879,1.0781,0.7468,0.6713,1.9317,0.6771,42867.9527,29578.8903,25149.2027,287643.9445,198474.3519,4
1229,002755.SZ,奥赛康,20260928,12.5,0.9078,2.9988,0.34,49.0362,58.8199,3.5979,6.5216,7.0629,0.96,0.96,92816.0351,92815.1576,28095.7646,1160200.5,1160189.5,4
1230,002756.SZ,永兴材料,20260928,37.87,2.0444,2.3291,1.08,30.8646,16.7406,1.5168,2.7503,2.3167,2.071,1.8168,53910.154,39373.4452,34559.69,2041577.7592,1491072.5515,4
1231,002757.SZ,南兴股份,20260928,18.77,8.2334,13.0982,0.65,46.2081,39.8466,2.7118,1.6254,1.5374,1.8647,2.1311,29545.5913,28420.3646,17864.7129,554570.7243,533450.1572,4
1232,002758.SZ,浙农股份,20260928,8.48,1.0619,1.9085,0.93,8.0688,7.4197,0.8745,0.0934,0.0828,3.4744,3.7099,51880.2499,51824.7801,28833.736,439944.52,439474.1344,4
1233,002759.SZ,ST天际,20260928,13.44,2.4673,2.9875,0.76,81.9965,18.6964,1.917,2.274,1.6238,,,50138.2605,50104.7496,41379.8966,673858.2144,673407.84,4
1234,002760.SZ,凤形股份,20260928,17.5,1.9061,2.4846,1.01,93.6887,91.412,2.2542,2.9848,2.8172,,,10798.8706,10798.8706,8284.5849,188980.225,188980.225,4
1235,002761.SZ,浙江建投,20260928,7.25,0.7235,1.2722,0.62,44.7726,32.357,1.1305,0.1184,0.1243,0.5631,0.6897,132487.1898,108178.9109,61522.6757,960532.1275,784297.0975,1
1236,002762.SZ,金发拉比,20260928,9.75,2.3237,4.9705,1.1,,,5.2979,8.9387,8.4973,0.5128,0.5128,35402.5,35402.5,16550.9003,345174.375,345174.375,4
1237,002763.SZ,汇洁股份,20260928,7.33,1.2008,2.218,0.92,54.8145,41.2546,1.8708,1.0011,1.015,6.1392,10.9141,40992.4,30365.6388,16439.0038,300474.292,222580.1412,4
1238,002765.SZ,蓝黛科技,20260928,6.78,0.8973,1.1869,0.64,23.9252,64.6986,1.6992,1.1476,1.1826,0.7375,0.7375,65212.809,59590.839,45048.167,442142.8518,404025.8952,4
1239,002766.SZ,索菱股份,20260928,3.99,1.5276,2.922,0.82,,,3.2962,4.6643,6.9448,,,85984.5824,85817.9809,44864.1586,343078.4838,342413.7438,4
1240,002767.SZ,先锋电子,20260928,18.27,2.0578,4.3884,0.67,98.6222,97.6533,3.1473,3.8524,3.5532,0.2408,0.1697,15000.0,13028.3871,6109.3105,274050.0,238028.6853,4
1241,002768.SZ,国恩股份,20260928,70.21,5.3793,8.1904,1.13,36.4366,26.6499,4.3043,1.4424,1.3321,0.2695,0.4812,43660.0,25225.8267,16567.8267,3065368.6,1771105.5243,5
1242,002769.SZ,普路通,20260928,6.61,2.1281,2.8345,0.72,75.242,157.718,2.0829,10.9631,-27.6502,,0.2376,37331.8054,37301.023,28004.4625,246763.198,246559.7422,4
1243,002771.SZ,真视通,20260928,13.3,2.9549,3.1224,0.82,,,4.8072,7.5351,8.6404,0.0767,,20976.41,18059.2355,17090.589,278986.253,240187.892,4
1244,002772.SZ,众兴菌业,20260928,10.26,2.8477,4.5939,1.0,11.4784,8.4171,1.0795,1.8323,1.6894,2.924,4.386,37474.2533,37163.6627,23036.8256,384485.805,381299.1516,4
1245,002773.SZ,康弘药业,20260928,21.1,2.5806,5.7157,2.74,16.7159,19.4787,2.1096,4.2398,4.5098,2.843,3.3175,92132.6354,68683.9429,31009.8892,1943998.493,1449231.134,1
1246,002774.SZ,快意电梯,20260928,16.64,3.5165,8.7375,0.61,78.1508,101.4424,4.9469,3.84,3.8812,2.1635,1.8029,33668.79,28177.1935,11340.1142,560248.6656,468868.4416,4
1247,002775.SZ,文科股份,20260928,3.32,1.6829,3.0944,1.05,,,,4.7803,4.5881,,,65775.6124,59325.0124,32265.1176,218375.0252,196959.0332,4
1248,002777.SZ,久远银海,20260928,12.47,0.9784,1.5951,0.96,66.2259,69.0314,3.0406,4.1318,4.14,1.2029,0.8019,40823.1038,40451.1491,24811.8891,509064.057,504425.8405,4
1249,002778.SZ,中晟高科,20260928,15.69,1.3926,1.9797,0.79,26.5468,120.7587,6.1934,10.0855,8.5939,,,12475.33,12374.2705,8704.6465,195737.9277,194152.2963,4
1250,002779.SZ,中坚科技,20260928,76.46,2.3771,4.213,1.36,81.8793,124.0582,16.2023,13.8761,11.6123,0.1028,0.2263,18480.0,16580.8335,9355.5,1412980.8,1267770.2618,4
1251,002780.SZ,三夫户外,20260928,14.84,4.3221,4.6789,0.5,45.9965,27.3464,2.9447,2.5679,2.222,,0.4717,16536.1713,13259.5301,12248.2682,245396.7628,196771.4252,4
1252,002782.SZ,可立克,20260928,14.14,1.9637,4.6917,1.26,23.3612,31.7156,3.1924,1.2653,1.2336,1.0462,1.4171,49504.6013,48972.87,20497.1505,699995.044,692476.3818,4
1253,002783.SZ,凯龙股份,20260928,8.02,1.5065,1.8986,0.9,28.1182,35.5764,1.4925,1.1299,1.1389,1.247,1.2469,49931.7447,46111.6586,36588.5768,400452.635,369815.5132,0
1254,002785.SZ,万里石,20260928,36.9,4.0932,4.9524,0.7,,,10.2205,7.5475,8.1105,,,22661.9695,19428.7773,16057.9412,836226.693,716921.982,5
1255,002786.SZ,银宝山新,20260928,7.59,0.9991,1.5881,0.48,,,16.9252,1.6334,1.619,,,49561.2,49186.125,30944.765,376169.5839,373322.7267,4
1256,002787.SZ,华源控股,20260928,25.11,4.9626,6.24,0.69,73.553,59.5934,4.5799,3.6112,3.5681,0.3982,,33239.8723,24808.3238,19729.9512,834653.1357,622936.9152,4
1257,002788.SZ,鹭燕医药,20260928,10.69,4.0058,6.5219,0.98,14.7863,15.4189,1.2535,0.1955,0.1938,3.2741,3.2741,38851.6736,38185.1941,23453.3347,415324.3523,408199.6811,4
1258,002789.SZ,*ST建艺,20260928,13.74,1.019,2.1396,0.53,,,35.6548,0.6105,0.8234,,,15962.3514,15647.8262,7452.4758,219322.8264,215001.1842,4
1259,002790.SZ,瑞尔特,20260928,6.4,6.5414,11.9736,0.53,146.0873,,1.3054,1.4878,1.6338,3.125,0.2344,41787.23,26069.75,14242.55,267438.272,166846.4,4
1260,002791.SZ,坚朗五金,20260928,15.11,1.5694,2.218,0.66,,,1.0042,0.9645,1.0383,1.3071,,35388.5013,21233.1087,15024.5171,534720.235,320832.2921,4
1261,002792.SZ,通宇通讯,20260928,30.4,6.2099,7.5745,0.49,387.2084,,5.6806,14.3425,13.7286,0.0819,0.0822,52383.603,33899.4429,27792.2069,1592461.44,1030542.976,4
1262,002793.SZ,罗欣药业,20260928,4.75,2.6757,4.3147,1.06,,,4.5868,2.2723,2.2043,,,108758.8486,108592.7594,67341.3883,516604.5375,515815.61,1
1263,002795.SZ,永和智控,20260928,7.5,5.328,6.8781,0.86,,,7.5194,4.831,5.3358,,,44168.7427,43397.8347,33617.2843,331265.55,325483.725,4
1264,002796.SZ,世嘉科技,20260928,26.24,4.9918,7.2604,0.87,,,7.9624,7.01,7.032,,,25236.6948,22812.8703,15684.6981,662210.7456,598609.7088,5
1265,002797.SZ,第一创业,20260928,6.1,0.9453,1.0628,1.17,30.4663,24.5607,1.4827,6.9546,6.3697,1.2131,1.3443,420240.0,420240.0,373771.36,2563464.0,2563464.0,4
1266,002798.SZ,帝欧水华,20260928,6.57,1.804,2.4329,1.03,,,1.9704,1.682,1.8629,,,58751.4713,51674.9176,38316.604,385997.1579,339504.2244,4
1267,002799.SZ,环球印务,20260928,6.86,1.5941,2.9828,1.09,,,1.7164,2.7177,3.1088,,,32004.0,32003.58,17104.006,219547.44,219544.5588,1
1268,002800.SZ,天顺股份,20260928,14.59,1.3011,2.5016,1.03,,,4.5832,1.954,1.9225,0.2056,,15225.3067,14637.28,7612.65,222137.2729,213557.9152,4
1269,002801.SZ,微光股份,20260928,26.42,1.0687,1.8385,1.51,16.6481,15.5846,3.0097,4.1133,3.9184,1.8757,1.8757,22963.2,11376.075,6613.005,606688.0082,300556.0336,4
1270,002802.SZ,洪汇新材,20260928,12.26,1.8044,3.2289,1.44,53.9341,45.7648,3.4111,5.6487,5.2997,0.8032,0.7984,18124.589,14968.2457,8364.6395,222207.4734,183510.745,4
1271,002803.SZ,吉宏股份,20260928,20.21,7.0514,7.8365,1.52,33.43,29.2463,3.3363,1.3768,1.2811,1.6478,1.7385,45791.6788,29756.4176,26775.2694,925449.8528,601377.2482,1
1272,002805.SZ,丰元股份,20260928,15.43,2.8109,4.0356,1.17,,,4.3115,1.8574,0.8854,,,28006.2508,27881.6068,19419.9441,432136.4375,430213.2423,4
1273,002806.SZ,华锋股份,20260928,14.75,4.6176,4.6929,0.75,,,2.8223,2.6394,2.6484,,,21247.9189,16675.1705,16407.6705,313406.82,245958.7575,4
1274,002807.SZ,江阴银行,20260928,4.15,1.3357,1.4175,1.04,5.4825,5.4301,0.5536,2.724,2.693,6.5717,4.8193,270753.2067,270350.6366,254750.4922,1123625.8215,1121955.156,4
1275,002809.SZ,红墙股份,20260928,8.38,3.146,3.5915,1.24,,,1.1116,2.6187,2.4838,3.1529,1.1933,24026.0213,16997.0302,14888.3308,201338.0476,142435.1114,4
1276,002810.SZ,山东赫达,20260928,20.38,1.3226,2.0924,1.42,50.056,29.3635,3.1185,3.7102,3.2765,1.2245,1.9447,34805.1913,32307.8266,20421.6064,709329.7722,658433.5754,4
1277,002811.SZ,郑中设计,20260928,15.87,4.4735,8.8653,0.75,31.7624,29.1903,3.2635,3.544,2.9747,2.7614,1.8409,30797.0005,28306.3289,14283.4909,488748.39,449221.4571,4
1278,002812.SZ,恩捷股份,20260928,45.09,1.3171,1.9215,1.02,310.4045,41.9018,1.6985,3.2457,2.675,,,98131.8518,81955.2873,56177.0621,4424765.1165,3695364.0261,4
1279,002813.SZ,路畅科技,20260928,23.98,4.9699,14.5673,4.13,,,14.195,7.7022,8.3731,,,12000.0,11989.2056,4090.3616,287760.0,287501.2558,1
1280,002815.SZ,崇达技术,20260928,22.22,7.6836,9.4263,0.68,84.6454,107.6948,3.0858,3.6352,3.2879,0.4731,0.5851,123415.1324,77713.8039,63345.9659,2742284.1886,1726800.636,4
1281,002816.SZ,*ST和科,20260928,21.2,1.2143,1.4456,0.81,119.7608,144.1609,9.4618,7.9295,6.8251,,,10000.0,10000.0,8400.0,212000.0,212000.0,4
1282,002817.SZ,黄山胶囊,20260928,6.75,1.3479,2.2498,0.99,31.0669,33.8908,2.0723,4.3849,4.9592,1.4519,1.2741,29909.817,29036.1795,17397.073,201891.285,195994.215,1
1283,002818.SZ,富森美,20260928,11.31,1.6532,3.3225,1.36,15.2389,9.8305,1.4153,7.0591,8.0307,9.1954,5.924,74845.894,29835.7191,14845.4129,846507.0159,337441.9932,1
1284,002819.SZ,东方中科,20260928,24.97,12.3801,24.6214,4.14,,,1.9047,2.3059,2.3138,0.0961,0.0961,29806.71,23619.8486,11876.5416,744273.5487,589787.6545,4
1285,002820.SZ,桂发祥,20260928,9.69,2.9296,4.4381,1.01,,,2.3396,4.1309,4.2163,1.5054,1.5067,20086.8295,20086.8295,13259.4981,194641.3827,194641.3827,4
1286,002821.SZ,凯莱英,20260928,180.53,2.1204,3.3905,0.78,57.6941,63.0987,3.6834,9.7962,9.2178,0.6047,0.7151,36194.867,31687.6208,19817.5865,6534259.3395,5720566.183,1
1287,002822.SZ,ST中装,20260928,2.91,0.4833,0.5963,0.92,,,5.3211,7.3962,9.0414,,,195000.0,106894.6493,86638.158,567450.0,311063.4315,0
1288,002823.SZ,凯中精密,20260928,12.66,1.9016,2.2501,1.41,17.749,18.4139,1.9877,1.4159,1.3575,2.6531,3.3766,32749.827,22303.9713,18848.7837,414612.8478,282368.2602,4
1289,002824.SZ,和胜股份,20260928,25.2,6.2298,8.5033,0.62,50.6335,39.2829,3.3402,1.955,1.6523,0.6051,0.6746,31117.2838,22617.613,16570.2651,784155.456,569963.772,4
1290,002825.SZ,纳尔股份,20260928,9.25,1.2648,1.951,0.92,22.4427,44.1208,2.0111,1.5967,1.4338,1.2781,1.2865,34194.0627,25780.9758,16714.1988,316295.1475,238474.065,4
1291,002826.SZ,易明医药,20260928,17.54,2.7267,3.5756,1.5,36.1251,27.4807,3.8725,5.2564,4.8864,0.5599,0.8525,19067.775,18472.9311,14087.3428,334448.6858,324015.1922,4
1292,002827.SZ,高争民爆,20260928,68.93,3.7157,8.7638,0.74,96.4431,118.4215,17.9133,10.4498,10.6825,0.3183,0.3047,27704.6,27599.8875,11701.7881,1909678.078,1902460.4177,5
1293,002828.SZ,贝肯能源,20260928,10.73,2.4417,2.7636,0.56,97.5596,,3.575,2.2049,2.6061,0.466,,20098.76,20098.76,17757.6918,215659.6948,215659.6948,4
1294,002829.SZ,星网宇达,20260928,19.44,2.4893,2.8488,0.82,,225.3519,2.3919,10.6901,12.5171,,,20780.9394,15067.3758,13165.8275,403981.4736,292909.8672,4
1295,002830.SZ,名雕股份,20260928,14.71,2.6742,4.06,0.8,63.8428,63.0461,4.1297,3.8768,3.8596,1.2012,0.961,18589.6,9283.45,6114.62,273453.016,136559.5495,4
1296,002831.SZ,裕同科技,20260928,27.63,1.3903,1.9949,1.19,22.3547,22.2669,3.1252,2.065,2.0628,2.6271,2.0666,128833.1029,71422.1966,49776.5763,3559658.8293,1973395.386,4
1297,002832.SZ,比音勒芬,20260928,24.97,1.4778,1.8351,1.43,25.8775,22.7293,2.6272,3.3034,2.9618,2.0825,2.8835,57070.7084,38693.7418,31159.7768,1425055.6287,966182.6878,4
1298,002833.SZ,弘亚数控,20260928,18.47,1.2854,1.8028,1.37,18.405,17.8925,2.6986,3.2628,2.938,3.7472,4.8361,42906.9659,29306.6608,20895.7506,792491.7359,541294.0102,1
1299,002835.SZ,同为股份,20260928,13.03,1.5122,1.9882,1.0,20.5234,25.7033,2.3061,2.5669,2.3872,2.4466,2.1408,21949.3931,12745.3854,9694.0708,286000.682,166072.4317,4
1300,002836.SZ,新宏泽,20260928,11.57,9.4507,24.0968,0.9,63.1217,74.4544,7.3928,6.1257,5.6772,2.0922,1.6911,23040.0,23040.0,9036.252,266572.8,266572.8,4
1301,002837.SZ,英维克,20260928,54.36,2.6411,3.9841,0.83,133.1964,141.5708,19.3935,11.4568,10.6763,0.2144,0.2397,127882.9492,113493.7948,75236.4073,6951717.1185,6169522.6853,4
1302,002838.SZ,道恩股份,20260928,24.48,1.309,2.6977,1.22,61.9956,34.2619,3.0535,1.9338,1.6374,0.5153,0.4853,47839.8402,42063.9371,20410.5967,1171119.2832,1029725.2512,4
1303,002839.SZ,张家港行,20260928,4.22,1.0802,1.3653,1.26,5.2124,5.1424,0.5362,2.1731,2.237,7.109,5.2133,244434.4974,244208.287,193222.9583,1031513.59,1030558.9838,4
1304,002840.SZ,华统股份,20260928,8.0,3.4683,6.0045,1.32,,,1.9097,0.795,0.8709,,,80216.6393,79647.8765,46006.2049,641733.12,637183.04,1
1305,002841.SZ,视源股份,20260928,44.1,1.5364,2.2096,1.28,30.425,14.4311,2.1491,1.2661,1.0943,1.5293,2.7531,69918.6545,52134.5446,36252.3046,3083412.465,2299133.214,4
1306,002842.SZ,翔鹭钨业,20260928,30.81,6.0397,7.2842,0.79,73.6756,17.4305,6.4231,4.3958,2.5755,,0.4264,34363.8074,26846.2059,22259.5287,1058748.9861,827131.7301,4
1307,002843.SZ,泰嘉股份,20260928,14.84,3.7412,5.9057,1.67,,,2.7716,2.4453,2.3277,0.6739,,25173.7562,25043.2862,15864.8583,373578.5984,371642.4236,4
1308,002845.SZ,同兴达,20260928,13.74,2.3554,3.1304,0.72,107.7662,55.3941,1.7865,0.4514,0.4387,0.2813,0.2911,32755.1705,25023.4601,18828.3303,450056.0358,343822.3404,4
1309,002846.SZ,英联股份,20260928,10.8,5.9627,8.5971,0.73,128.524,106.809,3.1653,2.0058,1.8192,,0.2306,41999.3636,27139.1801,18822.7996,453593.088,293103.144,4
1310,002847.SZ,盐津铺子,20260928,43.41,0.6591,1.6306,0.89,15.6715,14.643,5.5843,2.0355,1.9907,3.2558,3.2337,27018.6388,24377.5367,9853.7434,1172879.1624,1058229.0114,1
1311,002848.SZ,高斯贝尔,20260928,14.82,8.7731,11.5574,0.83,,,35.2724,6.7956,4.1548,,,16715.0,16542.0861,12556.9831,247716.3,245153.7738,4
1312,002849.SZ,威星智能,20260928,22.28,14.4887,17.9939,1.07,91.1155,98.7147,3.5358,2.9736,2.8719,0.1795,0.1795,22063.4016,21869.1342,17609.0449,491572.552,487244.2164,5
1313,002850.SZ,科达利,20260928,163.0,1.6581,1.8881,1.49,26.4577,24.0867,3.0869,3.0679,2.6255,1.172,1.4889,28633.2177,20966.0887,18412.0041,4667214.86,3417472.67,4
1314,002851.SZ,麦格米特,20260928,115.4,7.6474,8.7226,1.4,463.1843,301.0727,7.3907,7.1798,6.2567,0.0406,0.026,58501.0344,49168.9122,43107.8197,6751018.862,5674092.214,4
1315,002852.SZ,道道全,20260928,8.9,9.8189,14.2009,2.98,13.1069,44.0791,1.3891,0.4942,0.4885,3.4157,1.8989,34396.8305,28581.8746,19762.2887,306131.787,254378.643,2
1316,002853.SZ,皮阿诺,20260928,20.57,0.7635,1.1252,0.99,,,4.2342,6.6398,7.6972,,,18291.5948,12870.4814,8733.2268,376258.0063,264745.7736,4
1317,002855.SZ,捷荣技术,20260928,12.68,3.9019,10.7194,0.6,,,16.8806,1.8678,2.134,,,24641.9682,24622.7232,8962.7232,312460.1796,312216.0896,4
1318,002856.SZ,*ST美芝,20260928,18.02,6.445,10.0422,1.11,,,,6.9161,7.0238,,,13531.2808,12390.4443,7952.1355,243833.6656,223275.7288,1
1319,002857.SZ,三晖电气,20260928,17.64,1.4892,2.1743,1.09,,,5.2329,6.5112,7.3745,0.081,,13381.5,12858.515,8806.5503,236049.8364,226824.2928,4
1320,002858.SZ,力盛体育,20260928,11.55,3.0257,3.5373,1.15,,,2.5328,4.3366,4.4224,,,18667.8458,14739.1713,12607.6413,215613.552,170237.4135,4
1321,002859.SZ,洁美科技,20260928,59.98,3.0823,6.2395,0.86,123.78,105.0184,7.1231,12.9543,11.7964,0.3444,0.3558,45364.1963,42831.52,21159.0407,2720944.716,2569034.5696,4
1322,002861.SZ,瀛通通讯,20260928,14.06,3.3904,3.9919,1.26,,,2.6133,3.1074,2.9347,0.7112,,18628.3962,14200.4203,12060.6052,261915.304,199657.9052,4
1323,002862.SZ,实丰文化,20260928,14.95,5.5815,6.7806,1.8,,,8.6803,6.0742,5.764,0.1421,,16949.0,12857.6663,10583.7534,253387.55,192222.1665,4
1324,002863.SZ,今飞凯达,20260928,4.75,1.2153,1.8348,0.97,47.505,44.3665,1.0077,0.528,0.4855,0.3579,0.2105,59948.3554,59948.3554,39705.9006,284754.71,284754.71,4
1325,002864.SZ,盘龙药业,20260928,20.94,1.4636,1.6727,0.7,29.7314,36.4557,1.6496,2.5091,2.8931,1.4799,1.3959,13670.0928,9859.6728,8627.1125,286251.7432,206461.5484,4
1326,002865.SZ,钧达股份,20260928,36.14,2.4344,3.4071,0.98,,,2.9755,1.4748,1.5745,,,31126.6052,22882.1452,16349.3824,1124915.6854,826960.901,4
1327,002866.SZ,传艺科技,20260928,13.96,2.977,3.76,1.36,47.084,61.9496,1.9268,1.8836,1.8547,,0.4298,28952.2256,18376.8894,14549.9273,404173.1308,256541.3844,4
1328,002867.SZ,周大生,20260928,10.04,0.4743,1.3082,0.78,9.8785,11.3605,1.7517,1.2363,1.3867,8.9641,8.9641,108547.3893,107914.1804,39128.9912,1089815.7956,1083458.3672,4
1329,002868.SZ,绿康生化,20260928,22.19,1.4932,2.0228,0.73,,,48.6065,6.676,7.3309,,,15541.5837,10743.3221,7930.7896,344867.6602,238394.2708,4
1330,002869.SZ,金溢科技,20260928,16.7,2.8752,3.7035,0.57,,,1.4756,6.3632,6.655,1.1749,,17691.4991,15845.5279,12301.8241,295448.05,264620.351,4
1331,002870.SZ,香山股份,20260928,46.26,2.0581,3.5905,0.91,74.439,238.3013,4.4082,1.1718,1.286,0.1869,0.2346,15275.8347,12973.2594,7436.5994,706660.3584,600143.0076,4
1332,002871.SZ,伟隆股份,20260928,17.6,2.08,2.7895,0.84,33.034,35.6303,3.9835,6.6171,6.2262,1.9764,2.264,25185.3845,14844.1753,11068.2947,443262.864,261257.568,4
1333,002872.SZ,ST天圣,20260928,6.04,1.5925,1.6046,1.06,,,0.9967,3.7362,3.7304,,,31800.0,21491.8134,21328.9334,192072.0,129810.5324,1
1334,002873.SZ,新天药业,20260928,8.44,2.0764,2.7928,0.82,226.1144,251.0391,1.6114,2.748,2.8485,1.1421,0.3462,24410.3806,23969.0548,17820.9982,206023.6072,202298.782,1
1335,002875.SZ,安奈儿,20260928,12.72,1.9277,3.0528,1.29,,,4.5134,4.9759,4.8268,,,21241.062,21241.062,13412.2041,270186.2832,270186.2832,4
1336,002876.SZ,三利谱,20260928,31.54,2.9472,3.3249,1.08,116.4726,69.0601,2.2506,1.4871,1.2949,0.4746,0.3448,17388.4932,14894.146,13202.2791,548433.29,469761.491,4
1337,002877.SZ,智能自控,20260928,7.41,1.5826,2.0072,0.8,113.4558,161.8468,2.1582,2.5299,2.7893,0.2699,0.3374,35584.3695,24051.4652,18963.6542,263680.1817,178221.3927,4
1338,002878.SZ,元隆雅图,20260928,12.42,1.4724,2.5598,0.89,,,2.5745,1.0817,1.1702,,,26199.1727,23593.1322,13570.7799,325393.6914,293026.6746,4
1339,002879.SZ,长缆科技,20260928,17.41,11.6666,13.3312,1.5,25.1338,27.8051,1.8157,2.3341,2.3247,1.1005,2.8087,19310.764,13713.9021,12001.4312,336200.4012,238759.0356,4
1340,002880.SZ,卫光生物,20260928,21.97,1.201,4.3673,1.27,20.2289,27.2194,2.0663,3.9338,4.1606,0.9103,0.9103,22680.0,22680.0,6237.0,498279.6,498279.6,1
1341,002881.SZ,美格智能,20260928,42.6,4.0112,5.5902,0.72,90.2568,78.3168,4.6185,3.4377,3.3155,0.3038,0.2345,30238.25,18357.576,13172.313,1288149.45,782032.908,4
1342,002882.SZ,金龙羽,20260928,22.28,4.9828,10.7077,1.11,90.145,122.6056,4.5693,2.0739,2.0341,1.3465,0.4488,43290.0,24699.0038,11493.6296,964501.2,550293.72,1
1343,002883.SZ,*ST中设,20260928,9.16,0.2499,0.3908,0.74,,,3.115,3.87,3.7808,0.2183,,15615.7166,15398.3978,9845.6372,143039.9952,141049.344,4
1344,002884.SZ,凌霄泵业,20260928,15.25,0.5497,0.7998,1.23,11.9906,12.5897,2.4022,3.1673,3.0213,6.5574,6.5574,35768.2509,27265.7626,18740.1712,545465.8125,415802.84,4
1345,002885.SZ,京泉华,20260928,26.28,5.41,7.5136,0.88,84.545,62.2364,4.522,2.1271,2.0024,0.0832,0.1332,27091.6968,23800.3501,17137.0541,711969.876,625473.198,4
1346,002886.SZ,沃特股份,20260928,24.18,12.4046,16.6834,0.76,98.8283,86.6891,3.4344,3.1018,2.873,0.1737,0.3102,26320.3565,20907.8164,15545.5312,636426.3048,505551.0876,4
1347,002887.SZ,绿茵生态,20260928,9.47,6.2088,12.1868,3.7,23.8649,27.1987,1.2635,6.1114,6.7289,2.6399,3.1679,30598.7814,21723.1314,11067.2694,289770.4466,205718.0411,1
1348,002888.SZ,惠威科技,20260928,18.44,3.2725,4.8376,1.02,128.7109,135.6238,7.3535,9.9225,10.2762,1.1063,0.7321,14764.3412,7492.302,5068.2889,272254.4296,138158.012,4
1349,002889.SZ,东方嘉盛,20260928,11.96,0.6827,1.538,0.98,43.9875,20.3802,1.6977,1.2108,1.6665,0.4479,0.2508,37766.7472,25128.4554,11154.4259,451690.33,300536.3816,4
1350,002890.SZ,弘宇股份,20260928,15.19,0.8524,1.4465,0.64,249.2951,237.2829,4.2678,8.6114,8.3351,0.1712,0.1712,16987.516,16147.671,9515.3801,258040.4288,245283.1073,4
1351,002891.SZ,中宠股份,20260928,27.81,1.5496,2.9606,0.71,24.5177,31.0055,2.6482,1.7145,1.4748,1.1862,0.8269,32189.7746,32189.7746,16847.9902,895197.5037,895197.5037,4
1352,002892.SZ,科力尔,20260928,8.56,0.8692,1.0992,0.98,218.0564,,5.747,3.9518,3.7314,0.4295,0.2264,84431.6221,50112.3935,39626.3454,722734.6672,428962.0584,4
1353,002893.SZ,京能热力,20260928,10.18,4.1192,5.1491,1.03,43.0941,41.0501,2.033,2.0136,1.9762,1.002,0.8939,26364.0,20277.8618,16221.8631,268385.52,206428.6148,1
1354,002895.SZ,川恒股份,20260928,30.03,0.5183,0.9657,0.94,14.4371,14.1657,2.459,2.1847,2.0158,4.6095,5.9943,60586.8383,59934.8683,32171.3983,1819422.8052,1799844.1461,4
1355,002896.SZ,中大力德,20260928,63.31,5.1301,9.2094,1.95,198.4157,282.0269,10.4107,11.9531,11.0947,0.3159,0.1895,19652.267,19652.267,10947.2096,1244185.2137,1244185.2137,1
1356,002897.SZ,意华股份,20260928,59.14,6.4091,10.727,0.88,36.0195,44.5895,4.0603,1.7912,1.8436,0.1693,0.8455,19385.8976,18435.8188,11014.9894,1146482.126,1090294.3948,5
1357,002899.SZ,英派斯,20260928,20.61,2.8805,4.0795,1.04,48.3595,55.5829,1.755,2.5904,2.5369,0.3608,0.3993,14779.6976,14779.6976,10435.8276,304609.617,304609.617,4
1358,002900.SZ,哈三联,20260928,13.06,13.1393,23.7521,1.17,,,2.3901,5.2337,5.1318,1.5314,,31635.455,19794.32,10949.945,413159.1076,258513.8192,1
1359,002901.SZ,大博医疗,20260928,41.3,0.4232,1.6685,0.73,28.5158,24.1271,4.8624,6.5744,6.2627,1.189,1.4189,41401.9506,28841.2223,7315.7779,1709900.535,1191142.386,4
1360,002902.SZ,铭普光磁,20260928,25.56,11.3911,13.7615,0.59,,,9.8144,3.7751,3.2501,,,23500.9062,18647.0846,15435.1078,600683.004,476619.3648,4
1361,002903.SZ,宇环数控,20260928,29.31,7.7107,9.0233,0.95,,,5.9553,11.1148,12.3998,0.2732,,15566.15,10756.5949,9191.8765,456243.8565,315275.6529,4
1362,002905.SZ,金逸影视,20260928,8.76,1.5383,5.7139,0.71,111.6586,,99.314,2.8673,3.6317,,,37632.0,34944.0,9408.0,329656.32,306109.44,4
1363,002906.SZ,华阳集团,20260928,26.67,0.9267,2.149,0.89,17.9113,16.6358,1.9627,1.0729,0.9549,1.7997,1.8748,52491.9041,52470.1333,22626.6492,1399958.973,1399378.3671,4
1364,002907.SZ,华森制药,20260928,14.49,3.0384,8.4456,0.66,92.9678,81.637,3.482,7.3155,7.5752,0.5866,0.5176,41759.6314,33904.5651,12197.4694,605097.1836,491277.2193,1
1365,002908.SZ,德生科技,20260928,6.98,0.9842,1.2567,0.76,336.8946,,2.8443,5.3768,5.6938,0.7082,0.7111,43143.2088,32524.8116,25471.6029,301139.6058,227023.1738,4
1366,002909.SZ,集泰股份,20260928,7.46,4.2988,7.161,0.26,,,3.3963,2.6797,2.8054,1.3272,,39000.0,38042.7383,22837.1021,290940.0,283798.8404,5
1367,002910.SZ,庄园牧场,20260928,9.86,2.9017,5.0609,0.93,,,1.932,2.0943,1.9735,,,19553.9347,17104.9725,9807.3535,192801.8484,168655.0042,4
1368,002911.SZ,佛燃能源,20260928,11.28,0.4407,2.9276,1.63,14.2132,13.938,3.3114,0.4359,0.4674,4.2531,4.6103,129817.583,126703.8001,19072.9977,1464342.3024,1429218.864,1
1369,002912.SZ,中新赛克,20260928,26.47,4.9104,7.3045,0.32,65.1169,612.0949,2.976,6.0196,5.9488,0.7556,1.5111,17075.2,16222.2836,10905.2141,451980.544,429403.7516,2
1370,002913.SZ,奥士康,20260928,82.8,4.0155,12.3031,0.76,85.3421,134.9502,5.9723,4.7521,4.4152,0.7246,0.359,31736.0504,30543.8924,9968.8924,2627744.9731,2529034.2907,4
1371,002915.SZ,中欣氟材,20260928,16.2,1.6859,2.3727,0.97,288.5583,304.5253,3.6186,3.4571,3.4123,,,33527.333,30099.4316,21386.5737,543142.746,487610.766,4
1372,002916.SZ,深南电路,20260928,370.98,1.1528,3.2415,0.86,77.1427,60.6403,14.0154,10.6863,8.8698,0.3044,0.6469,68116.6595,66502.1207,23650.825,25269918.5268,24670956.4776,4
1373,002917.SZ,金奥博,20260928,10.04,0.8603,1.2738,0.89,19.992,19.8005,1.938,1.9729,2.0142,0.9805,1.4836,34761.4197,26054.6731,17597.0667,349004.6568,261588.8868,4
1374,002918.SZ,蒙娜丽莎,20260928,10.57,8.4654,12.9106,0.91,82.4232,40.2278,1.3265,1.1014,1.15,1.8921,0.7569,40881.9913,21420.4964,14045.3139,432122.6343,226414.685,1
1375,002919.SZ,名臣健康,20260928,15.72,1.3471,2.083,1.25,147.7902,,5.3021,2.7625,2.4628,0.3181,0.3158,26613.6066,26420.819,17086.9586,418365.9492,415335.2904,4
1376,002920.SZ,德赛西威,20260928,80.0,1.0015,1.8377,1.72,19.4592,19.2856,2.9708,1.4665,1.455,1.3948,1.555,59680.9294,59662.1794,32512.2102,4774474.4,4772974.4,4
1377,002921.SZ,联诚精密,20260928,19.79,3.0415,3.739,0.98,,1927.7035,2.2468,2.5462,2.2187,,,14897.0127,12875.613,10473.6132,294811.8279,254808.3219,4
1378,002922.SZ,伊戈尔,20260928,21.35,3.9546,5.2847,1.22,45.0562,43.4866,2.4009,1.714,1.6462,1.2947,1.3956,42258.2924,38212.4876,28595.2288,902214.4915,815836.6615,4
1379,002923.SZ,润都股份,20260928,10.75,2.3783,3.8812,1.03,,267.2273,3.3361,3.0604,2.6923,1.3953,,33489.3286,25806.4083,15813.0003,360010.2975,277418.9075,4
1380,002925.SZ,盈趣科技,20260928,22.12,1.766,5.2588,1.06,29.5795,21.9627,3.2628,4.1324,3.5105,1.3409,1.0266,77166.9053,73106.8893,24550.5498,1706932.0492,1617124.4068,4
1381,002926.SZ,华西证券,20260928,8.08,0.4608,0.8558,0.78,14.4254,10.9909,0.8373,4.5954,4.0366,1.547,3.0322,262500.0,262500.0,141322.5126,2121000.0,2121000.0,4
1382,002927.SZ,泰永长征,20260928,19.11,4.3538,8.9479,0.58,,,4.195,5.0452,5.1983,0.2616,,22319.218,22073.7832,10740.4767,426520.1031,421829.9358,4
1383,002928.SZ,华夏航空,20260928,6.08,2.239,4.0766,1.06,12.4166,18.563,1.9967,1.0423,1.026,,,127824.155,127823.5175,70204.2005,777170.8928,777167.0016,4
1384,002929.SZ,润建股份,20260928,47.7,3.539,5.3402,1.05,360.2745,536.3023,2.0906,1.32,1.4787,0.2704,0.1258,28637.7834,21656.9759,14352.2171,1366022.583,1033037.946,4
1385,002930.SZ,宏川智慧,20260928,9.01,1.239,2.5202,1.14,,,2.102,3.4671,3.2446,2.2173,,45800.5216,43341.8021,21308.5183,412662.6852,390509.618,4
1386,002931.SZ,锋龙股份,20260928,38.86,2.8312,5.4702,1.39,374.248,1584.3497,8.3166,17.0467,16.5081,0.1287,0.1287,21850.5856,20257.5858,10484.7352,849113.9274,787209.9474,4
1387,002932.SZ,*ST明德,20260928,15.1,0.3318,0.4029,0.71,,,0.6559,13.2454,13.1392,7.5015,,23252.0957,15609.4995,12852.7556,351106.71,235703.45,4
1388,002933.SZ,新兴装备,20260928,27.15,1.0326,1.639,0.82,80.7109,79.3505,2.0417,7.7043,7.8086,0.0737,0.0737,11735.0,11689.4276,7364.5318,318605.25,317368.0245,4
1389,002935.SZ,天奥电子,20260928,18.26,5.6482,9.9088,2.07,118.8479,117.1536,4.788,7.8579,7.9811,0.2769,0.2753,42183.7182,41509.0883,23660.9251,770274.7272,757955.9834,1
1390,002936.SZ,郑州银行,20260928,1.7,1.1312,1.4163,1.04,8.1565,7.9497,0.3292,1.1962,1.1898,1.1765,,909209.1358,704873.4081,562997.2885,1545655.538,1198284.797,4
1391,002937.SZ,兴瑞科技,20260928,27.23,4.8172,9.5434,0.98,59.5055,66.4807,4.3887,4.8881,4.6017,1.3842,1.0312,31600.9729,31518.4709,15909.389,860494.4131,858247.9381,5
1392,002938.SZ,鹏鼎控股,20260928,79.66,0.9534,3.2693,0.99,49.3908,48.7302,5.3693,4.7159,4.6167,1.2556,1.2553,231753.6658,231082.6265,67386.2975,18461497.3522,18408042.3058,4
1393,002939.SZ,长城证券,20260928,7.67,0.3721,1.0199,0.94,13.1587,13.1055,0.9583,5.9556,5.9729,2.1904,2.5554,403442.6956,360265.9631,131436.0281,3094405.4323,2763239.9132,4
1394,002940.SZ,昂利康,20260928,22.46,2.0272,3.4476,0.61,36.119,39.5903,2.7382,3.18,3.4131,0.9739,1.0821,20172.8186,18466.9355,10858.5136,453081.5372,414767.4724,4
1395,002941.SZ,新疆交建,20260928,10.34,0.9329,1.7124,1.11,15.9715,18.8725,1.5469,0.8,0.7306,1.2834,1.9342,72975.1172,72975.1172,39757.9585,754562.7408,754562.7408,4
1396,002942.SZ,新农股份,20260928,16.48,2.3412,6.8713,0.88,26.8568,23.9438,2.0013,2.3121,2.2278,1.8248,2.4272,15548.072,13875.8083,4727.8708,256232.1936,228673.3488,4
1397,002943.SZ,宇晶股份,20260928,28.98,4.7059,5.3995,1.12,587.9163,,9.516,9.2653,15.2075,,,26683.5988,18885.222,16459.5635,773290.728,547293.6756,4
1398,002945.SZ,华林证券,20260928,14.07,0.3387,3.3867,0.51,75.0428,88.7971,5.1578,22.3751,22.1925,0.2843,0.4051,270000.0,270000.0,27000.0,3798900.0,3798900.0,4
1399,002946.SZ,新乳业,20260928,14.54,0.6373,2.8172,1.65,17.116,15.6522,3.5394,1.114,1.0862,1.9601,3.0949,86068.2988,85071.4775,19243.63,1251433.082,1236939.3192,1
1400,002947.SZ,恒铭达,20260928,58.25,3.2043,3.8756,0.86,28.009,27.0311,4.5948,5.2134,4.983,1.0063,0.8304,25576.8936,19830.3748,16395.5745,1489853.8425,1155119.0525,4
1401,002948.SZ,青岛银行,20260928,6.06,1.3311,2.432,1.6,6.799,6.143,0.807,2.4204,2.3093,2.6403,2.9703,582035.4724,352219.4756,192784.821,3527134.9482,2134450.0488,1
1402,002949.SZ,华阳国际,20260928,13.2,4.5334,7.7398,1.07,28.5721,28.5644,1.7737,2.1513,2.5452,2.6509,1.5148,19608.7886,15192.5636,8898.6386,258836.028,200541.792,1
1403,002950.SZ,奥美医疗,20260928,8.49,1.1932,2.1548,0.84,21.6021,22.1645,1.4558,1.4643,1.4024,0.6905,1.6713,63326.5407,42962.5255,23790.8273,537642.4095,364751.8797,4
1404,002951.SZ,金时科技,20260928,15.81,2.4924,14.7479,1.37,,,4.1908,14.7872,23.1405,3.1386,,40306.39,40112.1894,6778.856,637244.0259,634173.7239,4
1405,002952.SZ,亚世光电,20260928,19.12,2.5714,5.9819,0.87,294.1272,158.2791,3.5705,3.3958,3.2575,0.2583,0.2609,16434.0,13407.4732,5763.5142,314218.08,256350.8264,4
1406,002953.SZ,日丰股份,20260928,9.94,2.712,3.815,0.87,30.8696,38.1378,2.2007,1.0815,0.9957,0.9278,0.9988,49157.9648,28128.8768,19996.6799,488630.2218,279601.0672,4
1407,002955.SZ,鸿合科技,20260928,36.29,2.303,4.2078,0.76,165.8954,466.6268,2.6787,2.6518,2.634,3.4941,,23663.9912,20565.6516,11255.6489,858766.1971,746327.4385,4
1408,002956.SZ,西麦食品,20260928,17.85,2.2652,4.875,0.94,32.4898,23.3979,3.3904,2.4911,2.2381,1.6711,2.1545,31254.5639,31251.0766,14521.0144,557894.0745,557831.778,1
1409,002957.SZ,科瑞技术,20260928,37.26,4.9188,10.6785,0.69,57.303,50.2573,4.7324,5.9444,5.2259,0.4537,0.6707,41998.2466,41886.2537,19293.8054,1564854.4224,1560681.675,5
1410,002958.SZ,青农商行,20260928,2.88,0.9142,1.2039,0.89,5.1149,5.0178,0.4176,1.5957,1.6681,4.1666,4.1666,555570.5649,543977.879,413086.129,1600043.2416,1566656.2944,4
1411,002959.SZ,小熊电器,20260928,33.78,3.5205,10.0736,11.45,13.4102,17.0959,1.8169,1.0065,1.0436,2.9426,3.8301,15583.3544,13979.439,4885.4633,526405.9008,472225.4832,1
1412,002960.SZ,青鸟智控,20260928,8.44,0.8492,1.5209,0.77,27.8254,29.6713,1.4318,1.8934,1.947,1.6291,1.4667,105373.4626,96844.8955,54073.9246,889352.0868,817370.956,4
1413,002961.SZ,瑞达期货,20260928,13.11,1.7656,5.9887,0.91,16.9189,12.6897,2.2028,7.5436,6.0603,1.8275,2.7316,70586.148,70585.815,20810.455,925384.4265,925380.1002,4
1414,002962.SZ,五方光电,20260928,14.76,14.9564,17.3443,3.93,115.9381,176.9143,2.4511,3.6544,3.6338,1.3411,0.6705,29166.5352,20921.573,18041.1078,430497.9828,308802.3732,2
1415,002963.SZ,豪尔赛,20260928,22.1,4.3748,9.4693,0.67,,,2.8591,9.5909,10.7436,0.905,,15035.993,14934.0337,6899.453,332295.379,330042.063,4
1416,002965.SZ,祥鑫科技,20260928,30.44,4.8856,6.3668,0.56,52.1219,349.6727,1.9286,1.0191,0.9351,1.352,0.657,26538.0359,23794.2746,18258.7026,807817.6332,724297.5788,4
1417,002966.SZ,苏州银行,20260928,9.29,0.7079,0.8463,1.15,7.7655,7.3967,0.7839,3.3614,3.1449,4.4133,3.8751,447066.2011,439576.2518,367698.9105,4153245.0082,4083663.3792,1
1418,002967.SZ,广电计量,20260928,18.01,1.5622,2.7359,1.91,27.1344,25.6546,2.3496,3.1969,3.0228,2.6756,1.8699,63962.1152,60641.8935,34626.7887,1151957.6011,1092160.4389,4
1419,002968.SZ,新大正,20260928,9.73,2.2138,4.513,0.86,23.2069,22.9069,1.7136,0.7306,0.7132,4.438,1.5277,22627.7783,21314.0277,10455.3351,220168.2994,207385.5119,4
1420,002969.SZ,嘉美包装,20260928,10.69,1.7398,3.1777,1.0,135.5992,85.5683,3.6022,4.1719,4.0087,0.2423,0.3742,109849.571,109273.3744,59827.185,1174291.9033,1168132.3253,4
1421,002970.SZ,锐明技术,20260928,39.9,3.0724,4.6036,1.02,19.2406,25.3355,3.3406,2.9726,2.8774,2.6691,1.4889,18453.2853,13154.5259,8779.2383,736286.0835,524865.5834,4
1422,002971.SZ,和远气体,20260928,39.43,12.3599,16.508,0.8,137.6364,176.1333,3.8947,4.9901,4.8464,0.5088,0.1268,21059.35,16100.4546,12054.7303,830370.1705,634840.7435,4
1423,002972.SZ,科安达,20260928,13.14,3.0531,4.0162,0.68,36.9711,39.0885,2.6167,8.5255,8.2914,2.2723,1.8908,24600.88,13848.864,10527.9011,323255.5632,181974.0204,4
1424,002973.SZ,侨银股份,20260928,12.2,1.7239,2.9768,0.56,27.1043,48.5208,1.9589,1.3807,1.4784,0.8197,0.8197,40866.57,31765.3078,18395.956,498572.154,387536.782,4
1425,002975.SZ,博杰股份,20260928,100.0,10.1135,12.5371,1.18,142.2399,70.0433,8.425,11.3368,9.1076,0.0963,0.0721,20813.0736,13826.3119,11153.4269,2081307.0,1382631.0,4
1426,002976.SZ,瑞玛精密,20260928,22.71,6.577,8.2086,0.54,559.8143,,3.0804,2.095,2.0527,,,19461.0893,12172.9448,9753.3848,441961.1268,276447.4674,4
1427,002977.SZ,*ST天箭,20260928,18.79,2.0067,2.734,1.33,,,2.6722,-13.1667,-10.0598,0.958,,12012.0,6670.6628,4896.1628,225705.48,125341.7014,4
1428,002978.SZ,安宁股份,20260928,24.28,0.4586,1.2158,1.13,15.9174,18.4925,1.2766,5.705,5.9811,2.0553,1.2351,47198.9958,36927.9558,13929.9558,1145991.72,896610.8688,4
1429,002979.SZ,雷赛智能,20260928,52.0,2.5662,3.3755,1.18,72.9193,54.7696,8.0295,8.7702,7.3707,0.5933,0.4796,31603.81,22407.6383,17035.3383,1643398.12,1165197.28,4
1430,002980.SZ,华盛昌,20260928,100.28,8.0894,12.9685,0.58,212.161,156.4505,15.9776,23.5204,20.2528,0.5207,,18841.1224,10128.6819,6318.0264,1889387.5136,1015704.0304,4
1431,002981.SZ,朝阳科技,20260928,23.2,3.5396,9.4372,0.52,42.9483,110.2445,3.0327,1.7423,1.8122,1.11,0.7247,13655.8715,12158.4851,4560.2439,316816.416,282076.968,4
1432,002982.SZ,湘佳股份,20260928,12.72,3.5539,4.6596,1.37,78.4486,172.2619,1.6398,0.5781,0.5554,1.6846,0.7862,20319.4085,13009.1248,9922.1248,258462.768,165476.0064,1
1433,002983.SZ,芯瑞达,20260928,21.73,1.5089,2.994,0.78,38.5451,44.0635,3.5756,4.8884,4.797,1.1545,1.844,22247.253,12933.5232,6518.1727,483432.7425,281045.3896,4
1434,002984.SZ,森麒麟,20260928,12.72,0.813,1.0492,0.86,11.7188,15.0976,0.9743,1.5306,1.4787,4.6356,2.7507,103628.6871,71392.0189,55318.5807,1318156.9368,908106.4944,4
1435,002985.SZ,北摩高科,20260928,26.91,0.8283,1.5452,0.82,44.6431,40.6655,3.2497,9.7279,9.6284,0.0855,0.4831,33185.36,33102.1941,17743.8724,893018.0376,890779.9329,4
1436,002986.SZ,宇新股份,20260928,12.66,0.9587,1.1452,0.61,,100.3224,1.2095,0.59,0.4634,2.3907,0.7815,38012.1392,30183.7442,25267.9592,481233.6924,382126.1484,4
1437,002987.SZ,京北方,20260928,10.5,0.7596,1.8004,0.74,33.3696,35.5431,3.7719,2.2576,2.2692,1.4183,1.6675,104045.7086,101392.5333,42778.2528,1092479.955,1064621.565,4
1438,002988.SZ,豪美新材,20260928,30.64,1.4732,3.2824,0.86,64.6605,71.1058,2.8034,0.9841,0.9181,0.5143,,24980.4496,24980.4496,11211.2755,765400.988,765400.988,4
1439,002989.SZ,中天精装,20260928,24.4,5.128,10.3487,0.77,,,3.5961,13.9594,15.674,,,20161.7542,19783.5292,9803.1063,491946.8025,482718.1125,4
1440,002990.SZ,盛视科技,20260928,51.01,12.39,19.7135,1.34,156.5296,79.54,5.1889,9.2403,8.1905,0.4109,0.1961,26179.6638,13801.8563,8674.5063,1335424.9667,704032.8786,4
1441,002991.SZ,甘源食品,20260928,37.24,0.9131,1.2842,0.69,16.6544,16.2281,2.0412,1.6563,1.5634,6.2387,4.3359,9321.5831,4993.3706,3550.6331,347135.6392,185953.0988,1
1442,002992.SZ,宝明科技,20260928,32.51,1.0766,1.9627,0.75,492.4326,1867.8719,8.0734,4.4955,4.8846,,,18086.8635,15823.6407,8679.5428,588003.8186,514426.5364,4
1443,002993.SZ,奥海科技,20260928,32.49,2.2379,4.6388,1.16,21.233,38.6612,1.9202,1.2537,0.7545,4.5671,3.6451,27604.0,23844.6933,11503.4964,896853.96,774713.9781,4
1444,002995.SZ,天地在线,20260928,16.53,3.8854,5.6743,0.62,,,3.6631,2.5947,2.9879,,,17745.448,12169.3645,8332.8183,293332.1232,201159.5208,4
1445,002996.SZ,顺博合金,20260928,5.84,1.0872,1.7249,1.11,17.6387,16.8001,1.1827,0.2446,0.2259,0.8452,1.8593,66943.6836,45837.7491,28890.7335,390951.0912,267692.46,4
1446,002997.SZ,瑞鹄模具,20260928,25.46,0.8289,1.4145,0.75,13.6014,13.1336,2.0106,1.6188,1.524,1.7675,2.3566,20932.1325,20932.1325,12266.7525,532932.0298,532932.0298,4
1447,002998.SZ,优彩资源,20260928,8.0,4.5041,6.2845,1.09,54.5284,30.1548,1.6226,1.0444,1.0084,7.6723,4.6247,35482.0772,27049.7244,19386.4959,283856.6176,216397.7952,4
1448,002999.SZ,天禾股份,20260928,6.31,2.8743,4.4757,0.75,36.666,32.5709,1.7843,0.1614,0.1515,1.9651,1.1094,34759.2,34471.1157,22137.1157,219330.552,217512.7672,4
1449,003000.SZ,劲仔食品,20260928,9.53,1.5674,2.1358,1.59,17.3059,17.7127,3.0424,1.7197,1.5546,4.2433,4.2068,44079.5179,29796.1315,21866.9693,420077.8256,283957.1189,1
1450,003001.SZ,中岩大地,20260928,19.83,16.7481,20.5157,0.81,250.293,,2.9904,5.6188,7.9243,1.0104,0.3828,17455.0394,11435.1002,9335.0724,346133.4432,226758.033,4
1451,003002.SZ,壶化股份,20260928,15.54,3.5613,6.8175,0.93,21.9322,27.6591,2.4193,2.875,3.0024,0.7917,1.0601,24280.1314,18295.5875,9557.0975,377313.2202,284313.4686,1
1452,003003.SZ,天元股份,20260928,11.01,3.463,4.2356,1.32,33.4334,34.6327,1.5019,1.9052,1.9517,1.7932,1.7924,17672.0,11804.1388,9651.111,194568.72,129963.5814,1
1453,003004.SZ,声迅股份,20260928,57.0,2.3403,4.4193,0.68,,,7.527,12.4128,11.6036,,,8186.3878,6874.2853,3640.4097,466624.1046,391834.2621,4
1454,003005.SZ,竞业达,20260928,14.82,7.8647,10.0171,0.6,399.5136,,1.9608,7.1528,7.244,1.5423,0.4723,23138.8691,13419.4675,10535.997,342918.0534,198876.5454,4
1455,003006.SZ,百亚股份,20260928,22.49,11.5447,28.2412,1.04,46.4612,48.578,6.7143,2.7668,2.6849,2.4435,1.7786,42964.779,42857.2965,17519.638,966277.9022,963860.677,4
1456,003007.SZ,直真科技,20260928,39.68,2.6916,5.15,1.12,267.7065,134.7247,3.1284,11.1779,8.1302,0.1392,0.0751,11957.4442,7258.7657,3793.703,474471.616,288027.9936,4
1457,003008.SZ,开普检测,20260928,19.65,1.5119,2.2408,1.15,23.1718,25.5048,1.9602,8.781,9.3906,5.8524,5.0891,10400.0,8022.0061,5412.6561,204360.0,157632.4965,4
1458,003009.SZ,中天火箭,20260928,45.23,1.4986,3.5413,0.96,,,3.6754,9.5148,8.6183,0.1189,0.0396,16471.7418,16468.7303,6969.0703,745016.8002,744880.6579,4
1459,003010.SZ,若羽臣,20260928,27.99,2.0405,2.6673,0.76,44.7865,30.065,10.9504,2.537,1.9795,1.6766,1.0553,31105.9476,22614.2181,17299.9786,870655.5405,632972.0178,4
1460,003011.SZ,海象新材,20260928,19.9,5.6484,7.4022,1.47,20.5432,28.4372,1.4724,1.6938,1.7413,2.9853,1.4943,10267.6,7808.8556,5958.6191,204325.24,155396.314,4
1461,003012.SZ,东鹏控股,20260928,4.55,0.5914,1.4316,0.77,14.9577,32.5766,0.7161,0.8684,0.9494,5.3408,5.3258,115698.1158,113458.5953,46872.4075,526426.446,516236.63,4
1462,003013.SZ,地铁设计,20260928,15.5,1.3919,6.085,0.47,15.2763,19.1217,2.1404,2.7727,3.026,2.7553,2.008,45892.8617,40323.8733,9223.5625,711337.8064,625056.8735,4
1463,003015.SZ,日久光电,20260928,12.13,1.8638,2.1506,1.16,32.6112,36.385,3.0014,5.1087,4.9756,1.6205,1.6205,28106.6667,24704.2817,21409.7294,340933.9071,299662.9164,4
1464,003016.SZ,欣贺股份,20260928,7.53,1.6553,5.3659,1.2,176.4665,67.606,1.1641,2.1389,2.0628,,,42052.1612,41088.2842,12675.0419,316652.7648,309394.7484,4
1465,003017.SZ,大洋生物,20260928,22.61,2.0096,2.3859,1.11,22.8241,21.3361,1.9451,2.18,2.0625,2.1983,2.2114,10080.0,8348.1084,7031.5895,227908.8,188750.7671,4
1466,003018.SZ,金富科技,20260928,44.96,3.5941,10.9971,0.87,143.7166,98.3268,8.8141,19.073,13.2584,0.538,0.3587,32247.7554,28451.1553,9298.5525,1449859.2896,1279164.1536,4
1467,003019.SZ,宸展光电,20260928,26.1,2.119,3.0747,1.04,23.7356,26.4196,2.7104,1.8287,1.7746,1.9136,1.9196,17659.1134,17292.8134,11917.616,460902.771,451342.341,4
1468,003020.SZ,立方制药,20260928,16.94,1.416,2.2945,0.53,23.4028,23.6928,2.101,2.4881,2.5677,3.4575,2.4597,22821.8618,16854.8255,10401.6119,386602.4778,285520.8202,4
1469,003021.SZ,兆威机电,20260928,68.91,1.1973,2.9001,0.79,72.5021,85.4871,3.6365,10.7469,10.563,0.4119,0.5579,26754.785,20781.7363,8579.2118,1843672.5789,1432069.7034,4
1470,003022.SZ,联泓新科,20260928,18.3,0.6292,2.4296,1.09,79.9478,42.7357,3.1327,3.8565,2.7799,0.3279,0.3825,133556.8,133443.1825,34559.5488,2444089.44,2442010.194,4
1471,003023.SZ,彩虹集团,20260928,25.7,2.0243,4.7188,1.43,42.5204,95.0692,1.7415,2.3657,2.3415,1.5564,1.3619,10534.16,10512.0314,4509.6687,270727.912,270159.171,4
1472,003025.SZ,思进智能,20260928,11.98,0.8919,1.4963,0.79,22.0108,22.5211,2.6839,4.6346,4.5411,1.5303,1.6606,28395.3558,22641.5929,13494.9256,340176.293,271246.2482,4
1473,003026.SZ,中晶科技,20260928,33.83,17.2029,22.4364,0.59,148.8877,108.8945,9.3887,14.9527,13.3745,0.3022,0.403,18957.925,14416.088,11053.3824,641346.7719,487696.3247,4
1474,003027.SZ,同兴科技,20260928,16.35,1.2628,1.7678,1.04,28.8908,53.8741,1.2513,2.9534,3.8987,1.7937,1.8117,13072.32,10281.1782,7344.1307,213732.432,168097.293,4
1475,003028.SZ,振邦智能,20260928,23.47,1.5268,2.8103,0.96,46.0762,91.0528,1.957,2.474,2.3513,2.1225,1.4939,14412.015,7069.3645,3840.7256,338249.8747,165917.8792,4
1476,003029.SZ,吉大正元,20260928,17.71,3.5868,5.0422,0.83,,,3.4199,8.4321,9.2114,,,19362.0227,17558.3038,12490.1766,342901.3742,310957.493,1
1477,003030.SZ,祖名股份,20260928,26.22,2.9668,4.4273,0.73,129.339,326.0995,3.3664,1.6156,1.5455,0.5693,0.5693,12478.0,8157.8391,5466.8067,327173.16,213898.5648,4
1478,003031.SZ,中瓷电子,20260928,116.99,2.2843,6.6907,0.92,93.7819,77.5743,8.2855,18.3347,14.4163,0.359,0.3761,45105.2859,45105.2859,15399.705,5276867.8771,5276867.8771,4
1479,003032.SZ,传智教育,20260928,8.75,13.1522,18.3889,0.65,,,2.9306,9.2822,7.3881,,,40244.75,28448.1608,20346.9031,352141.5625,248921.4,4
1480,003033.SZ,征和工业,20260928,87.4,2.6757,8.2469,0.65,40.7947,45.7362,5.0083,3.6975,3.5624,0.5721,0.5721,8175.0,8097.0938,2627.1038,714495.0,707685.666,4
1481,003035.SZ,南网能源,20260928,5.22,0.6027,2.2389,0.65,57.0659,55.0378,2.7832,5.3758,5.1842,0.249,0.5364,378787.8787,378787.8787,101965.2375,1977272.7336,1977272.7336,4
1482,003036.SZ,泰坦股份,20260928,50.9,3.9908,12.6707,0.74,232.8546,263.9229,7.7569,7.2832,6.6677,0.243,0.1295,21660.6445,21660.0895,6822.0895,1102527.085,1102498.581,5
1483,003037.SZ,三和管桩,20260928,5.75,0.3666,1.1102,0.58,72.705,,1.2506,0.5625,0.5909,0.8656,0.8656,59907.4678,59907.4678,19782.4778,344467.9525,344467.9525,4
1484,003038.SZ,鑫铂股份,20260928,10.63,1.9835,2.2621,1.17,,,0.9336,0.3135,0.2903,1.8447,,24330.5377,16203.1348,14207.9412,258633.6158,172239.3229,4
1485,003039.SZ,顺控发展,20260928,12.5,0.7616,3.4866,0.71,25.4047,24.9049,2.6681,3.464,3.3795,1.68,1.848,61751.873,61751.873,13488.3588,771898.375,771898.375,4
1486,003040.SZ,楚天龙,20260928,14.05,8.7218,16.6813,0.47,906.0312,,4.6775,6.4909,7.5335,0.2135,0.0712,46113.5972,45685.0258,23886.2459,647896.08,641874.6715,4
1487,003041.SZ,真爱美家,20260928,38.68,1.5668,4.5466,0.49,23.8156,102.0119,3.7518,5.6653,5.5635,2.0683,,14400.0,13681.6688,4714.7188,556992.0,529206.9956,4
1488,003042.SZ,中农联合,20260928,14.17,6.6147,13.6444,2.5,,,1.7105,1.0848,1.0392,,,14248.0,14150.5,6860.1,201894.16,200512.585,4
1489,003043.SZ,华亚智能,20260928,59.92,4.0778,4.8278,0.85,101.1849,90.9108,4.4063,8.5382,8.2414,0.3331,0.3909,14284.5414,9401.7194,7941.2708,855929.6368,563351.0624,4
1490,003816.SZ,中国广核,20260928,4.26,0.2996,1.7448,1.41,22.0294,21.678,1.7394,2.8419,2.8759,2.23,2.0188,5049882.4032,3933519.9032,675486.0878,21512499.024,16756794.774,1
1491,300001.SZ,特锐德,20260928,34.73,1.0869,1.6136,0.67,29.4848,27.2792,4.1497,2.3217,2.2672,0.4287,0.5715,105532.7713,103117.3748,69460.3467,3665153.1472,3581266.4268,4
1492,300002.SZ,神州泰岳,20260928,7.83,1.1316,1.1523,0.67,19.2175,22.8544,1.9556,2.6462,2.4181,1.2741,0.7663,196717.3866,185104.9053,181778.878,1540297.1637,1449371.4453,4
1493,300003.SZ,乐普医疗,20260928,11.4,0.7033,0.9721,0.83,21.845,27.2726,1.2816,3.2417,3.3212,2.6118,1.4276,184342.4716,157891.2054,114238.3729,2101504.272,1799959.794,4
1494,300004.SZ,南风股份,20260928,7.61,2.449,3.2967,1.03,117.8218,20940.3079,2.0637,6.4333,7.2238,,,47999.3598,47999.3598,35656.6865,365275.1296,365275.1296,4
1495,300005.SZ,探路者,20260928,10.53,3.9981,4.9501,0.94,117.7943,84.472,4.3332,6.7388,5.6145,0.109,0.0915,88360.2186,87654.9336,70797.317,930433.1166,923006.4129,4
1496,300006.SZ,莱美药业,20260928,5.34,2.3176,3.679,0.84,,,3.2571,7.2691,7.5288,,,105591.1205,105582.0898,66513.5935,563856.5808,563808.3606,4
1497,300007.SZ,汉威科技,20260928,30.25,2.4749,2.7131,0.62,62.3694,59.0329,3.3077,4.1038,4.3009,0.1322,0.1653,32744.5619,28275.9613,25793.8712,990522.94,855347.79,4
1498,300008.SZ,天海防务,20260928,6.2,2.3383,2.6725,0.75,35.9064,30.1413,4.1956,2.3711,2.1818,,0.5161,172802.9133,172760.2571,151160.2571,1071378.104,1071113.612,4
1499,300009.SZ,安科生物,20260928,8.42,2.0807,2.3472,0.87,19.1342,20.0673,3.3025,5.3154,5.7365,2.9649,2.9691,167070.0708,123087.9578,109108.7545,1406729.9894,1036400.6232,1
1500,300010.SZ,ST豆神,20260928,4.98,4.854,4.854,0.74,146.4187,,5.8507,10.2276,9.5079,,,206661.2659,163677.4393,163677.4393,1029173.1246,815113.6512,4
1501,300011.SZ,鼎汉技术,20260928,5.77,0.5378,0.7231,0.61,,,2.3122,2.025,2.0925,,,60555.5387,50966.5579,37910.4641,349405.4658,294077.0512,4
1502,300012.SZ,华测检测,20260928,13.78,1.853,1.9626,1.44,22.8148,20.8384,2.8648,3.5025,3.2706,1.0821,1.4481,168282.8214,143194.5938,135191.8094,2318937.2596,1973221.4502,4
1503,300013.SZ,新宁物流,20260928,4.22,2.7469,3.7661,1.04,,,12.3263,3.2567,1.6839,,,55835.8894,55772.3382,40679.8953,235627.4558,235359.2748,4
1504,300014.SZ,亿纬锂能,20260928,47.58,1.144,1.7477,0.61,25.0116,17.7357,2.0612,1.6822,1.3091,1.4689,0.9748,217329.6935,211298.2103,138318.7364,10340546.6502,10053568.8318,4
1505,300015.SZ,爱尔眼科,20260928,7.86,0.4575,0.8439,0.93,22.5582,28.7059,3.1753,3.2701,3.2071,2.0348,2.2852,929956.4734,795789.2308,431386.6999,7309457.8809,6254903.3541,4
1506,300016.SZ,北陆药业,20260928,9.49,7.2396,9.2025,0.67,59.5272,38.7331,2.2128,4.5801,4.2647,0.4456,0.6322,58168.9731,56219.4413,44227.523,552023.5253,533522.4856,4
1507,300017.SZ,网宿科技,20260928,14.76,2.9998,3.3524,0.62,46.0726,47.5356,3.5458,7.9034,7.9589,1.6587,2.2358,249568.4777,236646.9603,211759.6379,3683630.7309,3492909.134,4
1508,300018.SZ,中元股份,20260928,11.46,2.1862,2.1862,0.86,40.2604,40.4786,3.9087,8.5569,8.2853,0.601,0.8726,48871.0536,36329.0039,36329.0039,560062.233,416330.34,4
1509,300019.SZ,硅宝科技,20260928,13.65,0.8422,1.4161,1.15,19.2673,24.878,2.0009,1.4304,1.3992,2.1978,2.1978,39311.67,36866.7975,21926.0498,536604.2955,503231.82,4
1510,300020.SZ,ST银江,20260928,3.65,2.3419,2.5154,1.73,,,3.3965,16.6182,24.3585,,,79467.7974,76678.8734,71390.5727,290057.4335,279877.8755,4
1511,300021.SZ,大禹节水,20260928,3.73,1.0841,1.4667,0.61,77.9841,108.3418,1.4287,1.0139,0.9367,1.3865,0.5281,102236.7469,87323.3219,64547.7193,381343.0775,325715.9836,4
1512,300022.SZ,吉峰科技,20260928,7.75,1.6774,2.0876,1.14,,,7.4624,1.3849,1.317,,,49424.038,49422.598,39710.7745,383036.31,383025.15,4
1513,300024.SZ,机器人,20260928,12.91,1.1383,1.5216,1.08,,,4.9867,4.9037,5.1653,,,156561.995,156517.4707,117090.2536,2021215.2909,2020640.5377,4
1514,300025.SZ,华星创业,20260928,5.75,2.0123,2.3921,0.78,,,7.1057,5.1469,5.4363,,,50879.2922,50688.1744,42638.7734,292555.9175,291456.9775,4
1515,300026.SZ,红日药业,20260928,3.2,1.1383,1.6805,0.65,519.7743,535.4384,1.1232,1.9456,2.2181,0.9375,0.3125,300415.4837,300132.5425,203292.228,961329.536,960424.128,1
1516,300027.SZ,ST华谊,20260928,1.64,1.805,1.8121,0.71,,,,14.6936,18.782,,,277450.5919,256630.7029,255620.6029,455018.9676,420874.348,4
1517,300030.SZ,阳普医疗,20260928,6.86,1.8792,2.4233,0.91,145.9717,70.5157,3.257,4.3619,4.509,,,30918.7315,27222.7587,21110.0584,212102.4878,186748.1336,1
1518,300031.SZ,宝通科技,20260928,20.0,2.4868,2.6232,0.99,40.4788,32.3162,2.0363,2.4218,2.1944,0.5,0.5,41874.6695,35855.7982,33991.3941,837493.4,717116.0,4
1519,300032.SZ,金龙机电,20260928,3.73,1.539,1.8428,1.0,446.4032,,4.9073,1.8956,2.2255,,,80316.9608,80316.9608,67074.2895,299582.2608,299582.2608,4
1520,300033.SZ,同花顺,20260928,198.05,1.5971,2.5176,0.89,46.5075,40.7767,19.4284,24.724,21.6179,1.118,1.9403,75264.0,43840.9939,27811.3823,14906035.2,8682708.0695,4
1521,300034.SZ,钢研高纳,20260928,15.43,1.0396,1.7561,1.07,140.6232,97.2005,3.1843,3.3263,3.1259,0.6481,0.2333,79696.1563,76705.5977,45409.3182,1229711.7488,1183567.408,4
1522,300035.SZ,中科电气,20260928,11.84,1.4725,1.5638,1.08,17.2682,23.5489,1.6401,0.9584,0.8064,2.1115,2.1115,68542.6671,58663.5518,55235.7331,811545.2128,694576.432,4
1523,300036.SZ,超图软件,20260928,10.0,1.6132,1.652,1.08,105.1905,,1.9826,3.2653,3.6963,,0.2939,49276.6617,44505.2653,43459.6133,492766.7,445052.7,4
1524,300037.SZ,新宙邦,20260928,66.67,2.7796,3.2441,1.47,45.8049,31.4673,4.4875,5.2143,3.9104,0.5931,0.7454,75388.655,54677.9548,46849.9132,5026161.6289,3645379.2465,4
1525,300039.SZ,上海凯宝,20260928,5.18,1.7772,2.5572,0.73,19.4493,20.9553,1.2645,4.7007,5.3597,2.5097,2.5097,104600.0,91664.2576,63706.4937,541828.0,474820.8668,4
1526,300040.SZ,九洲集团,20260928,5.68,3.4926,3.726,0.76,89.2557,170.1574,1.4061,2.5146,2.6467,0.9897,0.3521,64341.0436,52035.8542,48775.9164,365457.1072,295563.628,1
1527,300041.SZ,回天新材,20260928,10.67,2.6012,2.9608,0.79,27.0599,24.3674,1.965,1.3458,1.2882,1.4058,1.4058,55943.5922,54442.4423,47829.5133,596918.1053,580900.8348,4
1528,300042.SZ,朗科科技,20260928,36.83,4.4241,5.8901,0.91,271.8744,52.6875,6.5224,5.9532,4.2734,,0.1901,20040.0,20038.155,15050.655,738073.5683,738005.4328,4
1529,300043.SZ,星辉娱乐,20260928,4.27,1.4824,2.1719,0.79,17.6154,22.228,3.0732,2.539,3.6028,0.2337,1.1708,124419.8401,124353.9501,84876.6034,531272.7168,530991.3665,4
1530,300044.SZ,*ST赛为,20260928,6.02,1.567,1.623,0.65,,,,35.0442,32.9888,,,76386.9228,71541.6346,69076.0138,459849.2584,430680.6126,4
1531,300045.SZ,华力创通,20260928,11.14,3.3441,3.6679,1.23,,,4.9441,9.4451,10.7281,,,66267.5236,52353.7926,47731.291,738220.1728,583221.2206,4
1532,300046.SZ,台基股份,20260928,24.14,1.6536,2.2443,0.7,116.3048,132.923,5.0357,15.9216,14.333,0.6007,0.6214,23653.1371,23653.1371,17427.3371,570986.7996,570986.7996,4
1533,300047.SZ,天源迪科,20260928,8.95,1.5663,1.591,0.56,185.9094,198.7222,1.723,0.6084,0.5761,0.1676,0.1676,63774.4672,58057.5819,57154.1376,570781.5065,519615.341,4
1534,300048.SZ,合康新能,20260928,4.69,0.5309,0.6512,0.9,85.64,,2.9798,0.713,0.8342,,,113234.7357,112930.1795,92061.6377,531070.9306,529642.5442,4
1535,300049.SZ,福瑞医科,20260928,46.12,2.2733,2.4463,0.85,79.0145,73.3028,6.195,7.6315,7.4386,,0.3252,26399.11,23359.0217,21706.5562,1217526.9532,1077318.0024,4
1536,300050.SZ,世纪鼎利,20260928,7.04,4.859,5.8956,0.87,247.4806,298.7879,9.2453,13.1737,12.8302,,,54484.6718,54451.4549,44876.9849,383572.0768,383338.208,4
1537,300051.SZ,琏升科技,20260928,7.85,4.6411,5.3983,0.94,,,27.8991,7.5204,10.601,,,37201.769,36784.679,31624.5224,292033.8945,288759.738,4
1538,300052.SZ,中青宝,20260928,9.99,2.6452,3.1923,0.81,,,7.9439,14.2464,17.6849,,,26185.871,26184.836,21696.9539,261596.9412,261586.5516,4
1539,300053.SZ,航宇微,20260928,11.69,2.08,2.4777,0.93,,,5.8504,29.396,32.1501,,,69687.4323,66221.6303,55593.2838,814646.0567,774130.8547,4
1540,300054.SZ,鼎龙股份,20260928,67.5,2.579,2.8437,1.0,89.4795,68.6593,11.4585,17.608,16.7256,0.1466,0.1479,95471.9458,74452.0506,67520.0273,6444356.3415,5025513.4155,4
1541,300055.SZ,万邦达,20260928,5.63,1.7889,2.0039,0.94,,,0.9593,1.8013,1.6977,0.2664,0.2664,83674.9606,63284.9344,56495.079,471090.0248,356294.1559,4
1542,300056.SZ,中创环保,20260928,7.46,4.2603,4.6807,1.26,,,63.5252,7.475,7.4702,,,38549.0443,38515.4693,35055.6288,287575.913,287325.4062,4
1543,300057.SZ,万顺新材,20260928,6.09,2.2443,2.483,0.97,,,1.0813,1.0542,0.8928,0.1455,0.1642,100357.1463,83097.5988,75110.4951,611175.0435,506064.384,4
1544,300058.SZ,蓝色光标,20260928,12.68,4.6099,4.6099,0.63,202.6299,134.0096,5.7169,0.6627,0.6421,,0.0789,359022.1227,347793.0282,347793.0282,4552400.4816,4410015.6204,4
1545,300059.SZ,东方财富,20260928,17.87,1.1547,1.2385,1.04,23.397,19.3905,2.8732,80.0456,66.7777,0.335,0.559,1582219.9875,1339236.5708,1248694.8937,28274271.2213,23932157.5059,4
1546,300061.SZ,旗天科技,20260928,6.76,5.3084,6.4582,0.71,,,10.3132,10.7666,11.4548,,,65899.3677,60989.5047,50131.011,445479.6736,412289.02,1
1547,300062.SZ,中能电气,20260928,5.99,2.7327,3.1508,0.63,,,2.4605,3.261,3.4856,,,62993.737,45871.825,39783.965,377332.5026,274772.2617,4
1548,300063.SZ,天龙集团,20260928,8.22,2.7777,3.083,0.51,54.8609,66.2546,3.4668,0.8235,0.743,,,75852.715,62666.6943,56461.071,623509.2762,515120.1918,4
1549,300065.SZ,海兰信,20260928,14.85,3.4607,3.5781,0.88,265.9613,653.5448,6.0543,14.9581,22.5732,,,72153.916,65666.4688,63511.6665,1071485.712,975147.0795,4
1550,300066.SZ,三川智慧,20260928,4.54,0.9624,1.4989,1.03,33.234,38.6298,1.8285,4.1039,3.4317,0.6608,1.1013,104003.3262,100591.0349,64588.3241,472175.0728,456683.2762,4
1551,300067.SZ,安诺其,20260928,5.15,2.6962,3.3286,0.77,,,2.3782,5.9113,5.0396,0.1942,,115437.4574,93748.3681,75937.4021,594502.919,482804.1055,4
1552,300068.SZ,ST南都,20260928,4.02,3.4741,3.9427,0.85,,,12.4433,0.4834,0.6884,,,89836.7299,85300.0416,75161.7051,361143.6546,342906.1608,4
1553,300069.SZ,金利华电,20260928,23.63,3.3062,5.8223,0.89,,,9.9355,12.5497,10.9184,,,11700.0,11700.0,6643.7463,276471.0,276471.0,4
1554,300070.SZ,碧水源,20260928,3.33,0.6787,1.0865,0.77,197.9011,60.8194,0.4405,1.5504,1.5774,0.1201,0.1201,362420.9363,347774.8047,217229.8327,1206861.6969,1158090.084,4
1555,300071.SZ,福石控股,20260928,3.97,3.0526,3.908,0.58,,,23.287,3.757,5.0804,,,96388.4336,94541.0791,73847.9894,382662.0671,375328.0876,4
1556,300072.SZ,海新能科,20260928,3.4,0.6164,0.9864,0.71,,,1.5524,2.7926,2.2256,,,234972.0302,233136.3778,145682.8995,798904.902,792663.692,4
1557,300073.SZ,当升科技,20260928,36.31,1.5991,2.0825,1.17,31.2547,23.4833,1.3131,1.905,1.2038,0.5126,0.7794,54429.3668,50596.9362,38853.2101,1976330.4247,1837174.8914,4
1558,300074.SZ,华平股份,20260928,3.8,2.4241,2.8553,0.62,,,2.5146,7.082,8.5109,,,55039.06,55002.7,46696.5222,209148.428,209010.26,4
1559,300075.SZ,数字政通,20260928,10.17,1.7733,1.8851,1.32,,,1.9976,10.4977,10.4353,,,62113.0158,52467.8331,49356.2087,631689.3117,533597.8311,1
1560,300076.SZ,*ST宁视,20260928,4.08,1.093,1.5551,1.28,,,2.0996,20.9693,13.4868,,,42400.0,42400.0,29800.4,172992.0,172992.0,4
1561,300077.SZ,国民技术,20260928,21.35,4.6318,4.5265,0.48,,,8.2363,10.6435,8.858,,,67812.67,55750.8075,57047.0475,1447800.5045,1190279.7935,4
1562,300078.SZ,思创智联,20260928,2.7,1.9342,2.3792,0.82,,,6.1409,4.411,9.1712,,,111787.223,111336.7148,90514.622,301825.494,300609.117,0
1563,300079.SZ,数码视讯,20260928,4.69,1.2459,1.2901,0.8,201.5993,170.7679,1.6388,9.1218,8.9811,0.2134,0.4217,142602.8062,129218.2156,124788.0026,668807.1789,606033.4518,4
1564,300080.SZ,易成新能,20260928,3.61,0.6511,1.5321,0.79,,,1.6382,1.9132,2.1592,,,187338.0436,187312.7461,79598.9297,676290.3605,676199.0275,4
1565,300081.SZ,ST恒信,20260928,3.32,1.1299,1.2066,0.99,,,2.754,5.1191,5.5952,,,60479.5417,60465.0817,56620.5996,200792.0728,200744.0656,4
1566,300083.SZ,创世纪,20260928,11.56,2.9195,3.0869,0.99,137.2246,93.1032,3.5288,3.6949,3.2314,,,170049.9738,149264.2589,141165.7369,1965777.6971,1725494.8329,4
1567,300084.SZ,海默科技,20260928,9.91,1.3076,1.7278,1.11,,,4.2699,8.5331,9.544,,,54875.9899,47150.1544,35684.6681,543821.0609,467257.9865,4
1568,300085.SZ,银之杰,20260928,29.45,3.4301,4.7415,0.63,,,49.2203,27.438,26.9296,,,70664.0535,59670.7135,43166.5365,2081056.2725,1757302.4095,4
1569,300086.SZ,康芝药业,20260928,5.34,4.3413,6.13,0.42,,,2.8035,5.214,6.42,,,45512.4411,44068.2522,31209.6671,243036.4296,235324.455,4
1570,300087.SZ,ST荃银,20260928,5.5,0.7763,1.3649,0.72,,,3.1963,1.1592,1.2297,0.9091,,94733.1751,88986.6169,50610.5793,521032.49,489426.41,4
1571,300088.SZ,长信科技,20260928,6.95,5.5542,6.6081,1.33,85.2635,174.1166,2.0134,1.5,1.6736,0.8418,0.7134,249773.3579,248550.3647,208911.9352,1735924.7825,1727425.002,4
1572,300091.SZ,*ST金灵,20260928,2.36,0.2425,0.3332,0.83,,,5.1582,8.9667,10.5801,,,284204.5067,162212.0493,118059.5586,670722.6436,382820.438,4
1573,300092.SZ,科新机电,20260928,11.03,1.0072,1.316,1.05,47.1959,56.7478,1.8331,2.6308,2.826,2.1578,0.9066,27392.3271,20985.8756,16060.9433,302137.3999,231474.2564,4
1574,300093.SZ,金刚光伏,20260928,19.76,1.6127,1.9451,0.96,53.809,29.2336,5.7014,36.2979,43.3829,,,55297.6,27900.0,23132.0955,1092680.576,551304.0,4
1575,300094.SZ,国联水产,20260928,2.87,3.5766,4.6478,0.74,,,32.6596,1.0151,1.0852,,,112816.7253,110551.3399,85071.2556,323784.0151,317282.3458,4
1576,300095.SZ,华伍股份,20260928,8.78,2.7766,3.1014,0.74,,,2.3108,2.6932,2.7741,1.1477,1.3467,39442.5163,31767.0228,28439.4949,346305.2378,278914.4356,4
1577,300096.SZ,易联众,20260928,9.23,4.808,5.7366,5.66,80.4681,,12.6594,7.9598,7.6808,,,43000.0,43000.0,36039.3251,396890.0,396890.0,1
1578,300097.SZ,智云股份,20260928,10.02,6.0243,6.7683,0.61,,,15.9276,17.0655,19.3688,,,29618.6669,26383.0416,23483.0416,296779.0734,264358.0608,4
1579,300098.SZ,高新兴,20260928,4.16,1.3967,1.4721,0.82,,,2.718,3.6348,3.5119,,,173778.2275,154174.3627,146286.5248,722917.3952,641365.3376,4
1580,300099.SZ,尤洛卡,20260928,6.23,1.6869,1.7215,0.59,25.0662,26.2653,1.9859,7.9307,8.6974,3.6758,2.2472,73726.5255,53783.1403,52703.0316,459316.2819,335068.9622,4
1581,300100.SZ,双林股份,20260928,21.96,3.5133,6.5949,2.83,25.2663,41.3516,3.8712,2.3186,2.5003,0.6263,0.4499,57899.694,55759.2533,29704.3066,1271477.2802,1224473.2025,1
1582,300101.SZ,振芯科技,20260928,13.82,2.4143,3.4161,1.33,277.2641,,4.4464,8.2174,9.6619,0.5288,,56790.57,56558.934,39972.934,784845.6774,781644.4126,4
1583,300102.SZ,乾照光电,20260928,15.92,1.8976,2.8371,0.99,127.795,107.8418,3.3538,4.3082,5.7511,0.2823,0.3091,92033.3863,91570.7732,61246.365,1465171.4096,1457806.6584,4
1584,300103.SZ,达刚控股,20260928,7.91,2.2599,3.11,0.96,,,6.0815,16.3273,20.2117,,,31760.1,31734.061,23059.211,251222.391,251016.4146,4
1585,300105.SZ,龙源技术,20260928,7.03,1.6719,2.8734,1.09,,,2.0292,3.7789,3.7937,1.4225,2.1337,51581.442,51549.162,29994.09,362617.5232,362390.5948,4
1586,300106.SZ,西部牧业,20260928,10.47,3.971,6.8253,1.25,,93.0531,5.495,2.393,2.1833,,,21133.231,21133.231,12295.4139,221264.9181,221264.9181,4
1587,300107.SZ,建新股份,20260928,6.55,1.5519,1.9402,0.92,,249.8966,2.4261,7.9199,6.2714,0.2442,,56278.2268,34774.7069,27815.6123,368622.4065,227774.3505,4
1588,300109.SZ,新开源,20260928,12.53,2.0433,2.115,1.0,38.0251,47.5085,2.1587,6.1354,5.9628,1.6765,1.2932,57685.6526,52087.7968,50322.688,722801.3198,652660.134,4
1589,300110.SZ,华仁药业,20260928,3.28,12.1323,15.168,0.65,,,4.4755,2.9344,2.9768,,,118221.2982,118142.5107,94498.251,387765.864,387507.4328,4
1590,300111.SZ,向日葵,20260928,2.95,2.2934,3.2753,0.73,,,5.6694,13.9845,16.1116,,,128721.0714,128721.0714,90130.1583,379727.1565,379727.1565,4
1591,300112.SZ,万讯自控,20260928,10.26,13.1074,13.9692,0.72,,,3.5649,3.2138,3.3304,,,32295.2822,27259.2163,25577.5376,331349.6754,279679.5972,4
1592,300113.SZ,顺网科技,20260928,15.73,2.5932,2.9076,0.63,25.3921,25.5908,4.0459,6.0796,8.1598,0.5722,0.7629,67416.3882,50902.0301,45397.244,1060459.8147,800688.9319,4
1593,300115.SZ,长盈精密,20260928,22.5,1.7756,2.6417,1.09,51.2499,99.0042,3.6837,1.6277,1.465,0.5755,0.5333,136135.0101,135739.7229,91236.1918,3063037.7273,3054143.7653,4
1594,300118.SZ,东方日升,20260928,8.72,2.1131,2.2878,1.05,,,1.2723,0.7899,1.085,,,114001.3863,92651.958,85576.9986,994092.1208,807925.0912,4
1595,300119.SZ,瑞普生物,20260928,16.55,1.0172,1.2602,0.81,19.2046,22.0964,1.6344,2.2633,2.2547,1.7753,2.3613,46475.4706,33852.985,27325.5652,769169.194,560266.9845,4
1596,300120.SZ,经纬辉开,20260928,7.21,5.7384,5.8721,0.74,,,1.6773,1.6071,1.3488,,,57439.3929,52712.3752,51512.3526,414138.074,380056.2598,1
1597,300121.SZ,阳谷华泰,20260928,9.45,2.7912,4.0399,1.06,21.3207,32.3793,1.1828,1.2219,1.1711,2.1988,0.8327,44523.9323,42940.7974,29667.8314,420751.1602,405790.5354,4
1598,300122.SZ,智飞生物,20260928,12.93,1.5399,1.9944,0.62,,,2.0592,3.455,3.8432,,,239378.9747,141430.6248,109201.2873,3095170.1429,1828697.9787,4
1599,300123.SZ,ST亚光,20260928,4.17,2.1017,2.4018,0.9,,,27.9422,5.4346,8.1462,,,102183.4123,99402.8683,86984.0122,426104.8197,414509.9679,4
1600,300124.SZ,汇川技术,20260928,52.29,1.2463,1.5448,1.1,28.0583,28.9696,3.8521,3.1414,2.8758,0.7794,0.9547,270978.0674,241244.345,194639.9646,14169443.2803,12614667.0615,1
1601,300125.SZ,聆达股份,20260928,8.59,0.9955,1.2509,0.62,281.441,37.991,5.306,45.8,49.5637,,,66584.9987,36075.9959,28711.9172,571965.15,309892.84,4
1602,300126.SZ,锐奇股份,20260928,6.58,2.0376,2.9925,1.31,,,2.0386,4.077,3.9293,,,30395.76,21065.0829,14343.2797,200004.1008,138608.2264,4
1603,300127.SZ,银河磁体,20260928,22.99,1.3332,2.8359,1.04,41.8016,35.2363,4.9437,8.6597,7.3453,1.5224,1.7399,32314.636,23262.5125,10936.0399,742913.3437,534805.1049,4
1604,300128.SZ,锦富技术,20260928,4.67,1.4963,2.0652,0.98,,,16.8338,2.7241,2.3523,,,129911.5412,129724.2687,93990.2772,606686.8918,605812.3409,4
1605,300129.SZ,泰胜风能,20260928,7.32,3.4052,3.585,0.86,37.8256,69.9978,1.423,1.5628,1.8235,0.6911,0.8197,110885.3245,71871.0186,68267.6259,811680.6156,526095.8664,4
1606,300130.SZ,新国都,20260928,17.65,1.4339,1.664,0.81,21.358,21.5662,2.2147,3.1488,2.7885,2.8328,3.1161,56730.5434,43454.4169,37446.7727,1001294.2075,766970.513,4
1607,300131.SZ,英唐智控,20260928,13.4,4.2945,4.3937,0.84,575.7967,,8.9468,2.7228,2.6589,,,113501.9485,106288.3836,103889.8619,1520925.996,1424264.292,4
1608,300132.SZ,诺斯贝尔,20260928,6.1,1.5598,1.7202,0.73,20.5651,17.2992,2.087,1.4199,1.3188,,,51658.0886,50808.1284,46068.9239,315114.349,309929.593,4
1609,300133.SZ,华策影视,20260928,7.36,3.1046,4.099,0.85,72.1908,57.3807,1.857,4.8784,5.0655,0.4484,0.2852,187477.1665,166400.0366,126030.2381,1379831.9712,1224704.2944,4
1610,300134.SZ,大富科技,20260928,8.12,1.1515,2.563,1.23,,,1.7333,2.5356,2.4228,,,76749.8006,76749.8006,34481.843,623208.376,623208.376,4
1611,300135.SZ,宝利国际,20260928,3.42,1.2747,1.923,0.69,,,3.6231,2.3051,2.3153,0.2924,,92160.0,92160.0,61092.4872,315187.2,315187.2,4
1612,300136.SZ,信维通信,20260928,52.8,5.4131,5.6705,1.18,72.0878,73.2566,6.3762,5.7339,5.5298,0.0932,0.0943,96756.8638,82501.2463,78755.1624,5108762.736,4356066.0,4
1613,300137.SZ,先河环保,20260928,9.82,3.3108,3.8601,0.46,406.141,,3.2609,5.7062,6.137,,0.3055,53658.221,52785.1404,45272.8081,526923.7204,518350.0748,4
1614,300138.SZ,晨光生物,20260928,11.18,0.5814,0.6474,0.49,14.6421,16.2472,1.5886,0.8235,0.8912,1.1628,2.6834,48310.0093,39831.3292,35771.0914,540105.9118,445314.2694,4
1615,300139.SZ,晓程科技,20260928,41.84,9.1675,9.7157,1.07,75.7084,69.6128,9.7212,18.1876,15.7704,,0.239,27400.0,23365.9225,22047.5425,1146416.0,977630.0928,4
1616,300140.SZ,节能环境,20260928,5.21,0.257,1.1255,1.0,18.5339,17.672,1.1174,2.6967,2.7326,2.3033,2.3033,309906.7016,309526.5928,70680.1604,1614613.907,1612633.5339,4
1617,300141.SZ,和顺电气,20260928,9.76,1.638,3.1279,0.81,,,4.0486,6.8877,5.0028,,,25784.46,25466.5755,13336.2236,251656.3296,248553.8208,4
1618,300142.SZ,沃森生物,20260928,13.6,5.2255,5.2224,0.82,122.3751,115.2237,3.1158,8.9946,10.3664,0.0735,1.1397,159934.8541,157692.0555,157785.0555,2175114.096,2144612.016,1
1619,300143.SZ,盈康生命,20260928,7.76,0.8702,1.5254,0.54,110.1528,101.8758,3.1675,4.0041,3.6671,,0.2467,97293.1746,83225.2459,47476.6259,754995.0768,645827.94,4
1620,300144.SZ,宋城演艺,20260928,5.59,0.8711,1.3842,1.0,17.8356,19.2042,2.0122,6.4598,6.8355,3.5967,4.4754,260887.4798,258159.7994,162457.0515,1458361.0132,1443113.282,4
1621,300145.SZ,南方泵业,20260928,4.7,3.6559,5.3577,0.8,38.1858,35.4615,3.03,1.7108,1.6398,,1.0638,192024.2036,191091.2286,130392.9052,902513.787,898128.781,4
1622,300146.SZ,汤臣倍健,20260928,9.26,0.5663,0.6729,0.66,20.028,24.146,1.4405,2.5002,2.4459,3.8688,4.8122,169167.7031,112081.8659,94316.5723,1566492.9946,1037878.1162,4
1623,300147.SZ,*ST香雪,20260928,5.2,2.9851,3.8627,1.78,,,,2.1553,2.3231,,,66127.9045,65762.4182,50821.4261,343865.132,341964.584,4
1624,300148.SZ,天舟文化,20260928,3.48,2.3025,2.52,0.61,43.3329,68.3447,2.7926,5.0766,5.3294,,,84315.9343,81406.2502,74378.1119,293419.4364,283293.75,4
1625,300149.SZ,睿智医药,20260928,9.7,5.3166,6.8342,0.71,365.218,,3.8398,4.3168,4.2104,,,50498.5807,48158.5284,37464.7317,489836.226,467137.741,1
1626,300150.SZ,世纪瑞尔,20260928,4.11,1.4556,1.5944,1.06,46.689,,1.5273,2.7741,3.0982,,,58510.6053,46366.3232,42329.2292,240478.566,190565.5752,4
1627,300151.SZ,昌红科技,20260928,19.87,5.6037,6.4966,0.96,163.8221,196.3287,6.9071,10.6472,11.0673,0.3775,0.4026,53250.9499,36869.7787,31802.3562,1058096.3765,732602.5286,4
1628,300152.SZ,*ST动力,20260928,1.57,1.2312,1.3079,0.74,,,5.3407,4.5442,4.1699,,,71280.0,71279.0925,67099.3525,111909.6,111908.1713,4
1629,300153.SZ,科泰电源,20260928,24.77,3.9324,5.774,0.75,155.6004,96.0419,8.3716,4.4955,3.1075,,0.2826,32000.0,31833.0118,21680.0118,792640.0,788503.6577,4
1630,300154.SZ,瑞凌股份,20260928,13.25,3.6125,7.6288,0.85,57.0645,62.814,3.4787,6.6615,6.4651,1.5094,1.5094,44955.5201,31537.2926,14933.8026,595660.64,417869.0925,4
1631,300155.SZ,安居宝,20260928,4.43,11.9005,16.7653,1.11,,,2.1182,16.5503,18.5575,,,56122.7744,33073.984,23476.8916,248623.8711,146517.7314,4
1632,300157.SZ,新锦动力,20260928,3.6,2.0496,2.4468,0.76,67.9752,,,3.8466,3.7221,,,76817.7707,73627.3382,61677.3085,276543.972,265058.424,4
1633,300158.SZ,振东制药,20260928,5.13,1.3682,1.9679,0.42,,,1.5631,1.8291,2.1012,,,99230.3056,99168.5242,68945.5051,509051.439,508734.5076,4
1634,300159.SZ,新研股份,20260928,2.73,1.3472,1.3472,0.94,208.2636,37.7787,3.236,14.0735,12.7002,,,329042.1031,184111.5203,184111.5203,898284.933,502624.4496,4
1635,300160.SZ,秀强股份,20260928,4.42,0.5729,0.9094,0.73,17.6914,28.2503,1.293,2.0482,2.1714,2.2624,1.6968,77294.6292,76296.4451,48067.5982,341642.2646,337230.309,4
1636,300161.SZ,华中数控,20260928,25.65,1.0755,1.5551,0.49,312.2892,784.7373,3.3357,3.2581,3.0705,0.039,0.078,19869.6906,19546.7185,13518.868,509657.5485,501373.368,4
1637,300162.SZ,雷曼光电,20260928,8.67,27.5455,32.2225,2.72,,,4.2333,3.4195,3.6043,,,41951.003,34213.553,29247.528,363715.17,296631.4785,1
1638,300163.SZ,先锋新材,20260928,7.63,9.484,10.0791,0.89,51.7491,,6.7363,16.4278,18.8438,,,47400.0,45831.2706,43125.0883,361662.0,349692.5901,0
1639,300164.SZ,通源石油,20260928,8.89,9.8693,11.0273,0.78,142.8583,,3.8541,4.5635,4.8084,,,58845.8629,58321.0593,52196.3957,523139.6954,518474.2234,4
1640,300165.SZ,天瑞仪器,20260928,4.93,2.9954,3.3188,0.8,,,2.2971,3.9456,3.9555,,,49551.1725,42050.8804,37953.0253,244287.2681,207310.8384,4
1641,300166.SZ,东方国信,20260928,11.8,2.8032,3.0771,0.6,,,2.3763,5.155,4.8592,,,113874.5748,93139.9197,84849.3026,1343720.044,1099051.056,4
1642,300167.SZ,ST迪威迅,20260928,3.8,1.1322,1.23,0.54,,,21.8206,2.9627,3.0604,,,41632.89,35408.5,32592.8387,158204.982,134552.3,4
1643,300168.SZ,万达信息,20260928,4.67,0.9566,1.2013,0.87,,,7.3297,3.3207,3.1753,,,144062.8576,143944.0508,114617.2659,672773.5562,672218.7135,4
1644,300169.SZ,天晟新材,20260928,5.63,4.8208,4.9245,1.8,146.3845,31.3584,21.3196,4.2646,4.1099,,,33949.434,30173.5782,29538.0015,191135.3472,169877.2554,4
1645,300170.SZ,汉得信息,20260928,14.9,2.4807,2.5143,0.52,68.4128,65.6999,2.6653,4.539,4.4155,0.3048,0.099,104041.9711,99427.441,98098.9553,1550225.353,1481468.856,4
1646,300171.SZ,东富龙,20260928,16.27,3.5621,5.2889,0.72,62.1828,47.5327,1.563,2.3811,2.3338,0.6473,0.8915,76582.804,56069.7223,37763.0592,1246002.156,912254.3444,1
1647,300172.SZ,中电环保,20260928,4.52,1.6412,1.8059,1.01,37.4427,33.2923,1.5867,4.2698,3.8087,1.1062,2.2124,67671.0,52351.2387,47576.5986,305872.92,236627.6048,1
1648,300173.SZ,ST福能,20260928,3.25,0.5265,0.6646,0.82,,,3.0966,2.0154,2.2293,,,73472.5698,73471.6323,58207.2322,238785.8525,238782.7975,4
1649,300174.SZ,元力股份,20260928,17.26,3.9359,5.094,1.12,27.5478,29.6717,1.7755,3.3011,3.1741,1.3222,1.1482,36421.036,36287.7913,28038.2357,628626.9778,626327.2554,4
1650,300175.SZ,朗源股份,20260928,5.35,1.1354,1.493,1.0,,,5.136,8.6348,6.967,,,47080.0,47080.0,35804.704,251878.0,251878.0,0
1651,300176.SZ,鸿特科技,20260928,4.42,2.0138,2.7069,1.13,47.7118,179.8485,2.4712,1.2738,1.2677,0.3297,0.3297,53145.3919,53145.3919,39537.6669,234902.6238,234902.6238,1
1652,300177.SZ,中海达,20260928,6.03,1.2276,1.3281,0.92,,,3.5932,4.4323,5.1632,,,74416.9066,60630.3251,56039.5369,448733.9673,365600.8899,4
1653,300179.SZ,四方达,20260928,44.44,13.6679,16.6918,0.97,231.6449,182.7038,18.5857,38.0766,31.7011,0.4477,0.6715,48572.393,37564.6635,30759.5165,2158557.0116,1669373.4904,1
1654,300180.SZ,华峰超纤,20260928,4.28,1.1901,1.6607,0.58,112.8909,302.7591,1.601,1.8851,1.9507,0.1168,0.1168,176106.0155,171808.7334,123122.6402,753733.7228,735341.3644,4
1655,300181.SZ,佐力药业,20260928,12.97,0.9483,1.0023,0.72,14.3955,14.363,2.7353,2.9917,2.838,4.5672,5.3439,70138.7335,60249.8419,57002.5803,909699.3735,781440.4494,1
1656,300182.SZ,捷成股份,20260928,5.0,4.3733,4.6733,1.22,69.9795,64.7955,1.5576,5.0364,5.841,0.1,0.14,266382.5632,241460.4193,225959.1557,1331912.8,1207302.1,1
1657,300183.SZ,东软载波,20260928,10.74,1.8123,2.9079,0.96,474.2541,,1.6107,4.7245,5.1633,0.9311,0.0466,46260.9137,37108.7762,23126.9087,496842.2808,398548.2972,4
1658,300184.SZ,力源信息,20260928,11.21,3.5296,3.6402,0.87,74.7567,34.4302,2.7538,1.4497,1.141,,,114664.1429,104961.3156,101772.2116,1285385.1215,1176616.3972,4
1659,300185.SZ,通裕重工,20260928,2.74,1.725,2.0949,1.08,168.8693,134.5574,1.5572,1.6787,1.5364,0.3845,0.2529,403620.2012,384645.909,316723.5367,1105919.348,1053929.7934,4
1660,300187.SZ,永清环保,20260928,4.46,0.6751,1.2727,0.75,25.6208,22.5142,2.4367,3.5612,3.5351,3.7444,2.3991,64562.2165,64237.8042,34077.1419,287947.4566,286500.588,4
1661,300188.SZ,国投智能,20260928,10.63,1.4662,2.4441,1.23,,,3.8462,6.4737,6.8211,,,85947.731,85550.859,51323.213,913624.3699,909405.6418,1
1662,300189.SZ,神农种业,20260928,5.88,11.7522,12.3943,0.55,56.1893,55.7418,8.788,24.1682,27.576,,,102400.0,88625.0424,84033.3899,602112.0,521115.2352,4
1663,300190.SZ,维尔利,20260928,3.78,1.5822,2.2094,1.28,,,1.1433,2.1847,2.3393,,,94808.905,94424.1642,67616.9386,358377.642,356923.3248,4
1664,300191.SZ,潜能恒信,20260928,30.5,2.1984,2.8405,0.66,224.4591,51.6692,7.9358,13.6774,8.3019,,0.1639,32000.0,22119.5,17119.0,976000.0,674644.75,4
1665,300192.SZ,科德教育,20260928,23.76,11.0648,16.0207,1.53,88.5176,122.8864,11.0298,14.4921,14.659,0.9019,0.3006,46080.066,45543.978,31455.3817,1094862.4632,1082124.9648,4
1666,300193.SZ,佳士科技,20260928,7.8,0.6737,0.7991,1.15,18.7479,20.6888,1.5953,2.9231,2.5947,2.5641,3.8462,47624.9805,41815.6172,35255.3581,371474.844,326161.836,4
1667,300194.SZ,福安药业,20260928,3.85,1.0686,1.1537,0.54,59.4878,76.7863,1.0408,2.635,2.7641,1.8182,1.2987,118971.2382,96837.8683,89700.3828,458039.274,372825.7995,1
1668,300195.SZ,长荣股份,20260928,6.24,2.151,2.3092,1.18,109.8761,360.7617,0.9821,1.6282,1.5871,,0.3205,42370.7756,31390.7981,29240.3731,264393.6672,195878.592,4
1669,300196.SZ,长海股份,20260928,17.39,6.8072,8.684,0.7,21.7859,23.0024,1.4978,2.2657,2.1586,1.7022,3.1214,40895.754,24716.5244,19374.6641,711177.0925,429820.2828,4
1670,300197.SZ,节能铁汉,20260928,1.89,1.375,2.1185,0.8,,,,6.2245,7.7705,,,296529.808,296522.308,192459.8797,560441.3409,560427.1659,4
1671,300198.SZ,*ST纳川,20260928,2.2,0.9626,1.2098,1.41,,,5.2238,29.9748,21.2054,,,103154.854,102448.6844,81514.4015,226940.67,225387.096,4
1672,300199.SZ,翰宇药业,20260928,22.4,4.6736,4.9761,0.75,541.008,154.8074,23.2694,20.4735,17.9014,,,88324.1336,74471.8959,69943.9389,1978460.736,1668170.56,4
1673,300200.SZ,高盟新材,20260928,8.22,0.9571,1.3441,0.75,34.07,44.4685,2.1783,2.6849,2.4986,1.7633,1.7633,43097.3206,42537.9295,30291.0668,354259.9704,349661.7846,4
1674,300201.SZ,海伦哲,20260928,12.67,2.0691,2.581,0.75,41.3688,36.2284,6.7699,7.4332,6.1035,0.2335,0.2348,100904.3607,100371.7365,80464.3986,1278458.2412,1271709.9458,4
1675,300203.SZ,聚光科技,20260928,13.73,3.502,4.6147,0.91,,,2.3871,2.0559,2.0913,1.8208,,44873.76,44836.8525,34025.5692,616116.7248,615609.9848,4
1676,300204.SZ,舒泰神,20260928,19.75,2.3233,3.706,0.56,,,13.2455,48.5468,57.0115,,,54134.4345,45366.4501,28440.4021,1069155.0814,895987.3895,4
1677,300205.SZ,*ST天喻,20260928,5.2,0.9823,1.6158,1.46,,,5.7859,13.0101,20.4575,,,43005.6,43005.6,26143.9595,223629.12,223629.12,4
1678,300206.SZ,理邦仪器,20260928,11.62,1.2073,1.5837,0.89,22.0381,19.0798,3.0449,3.3698,3.1944,1.7814,2.6764,57966.3346,33837.9565,25795.1638,673568.8708,393197.0952,1
1679,300207.SZ,欣旺达,20260928,21.38,9.4066,12.2955,1.75,37.3604,49.1279,1.6347,0.6245,0.5306,0.9747,0.6985,184746.2446,171392.5731,131122.6281,3949874.7095,3664373.2129,1
1680,300209.SZ,行云科技,20260928,33.54,7.4609,8.004,0.79,,,33.1472,215.1437,87.3903,,,92863.6126,74290.8901,69249.641,3114645.4794,2491716.4506,4
1681,300210.SZ,森远股份,20260928,6.94,1.1199,1.4452,0.82,,,9.413,10.266,17.8569,,,48421.9953,48421.9953,37520.101,336048.68,336048.68,4
1682,300212.SZ,*ST易录,20260928,7.49,1.0254,1.5745,0.89,,,,11.5868,15.5159,,,71989.2422,70384.9729,45838.0515,539199.4076,527183.4253,4
1683,300213.SZ,佳讯飞鸿,20260928,6.32,1.6039,1.644,0.92,,,1.8304,4.3367,4.2769,0.7911,,59436.466,55259.0868,53909.1342,375638.4904,349237.4488,4
1684,300214.SZ,日科化学,20260928,9.56,3.2176,5.273,1.05,,,1.831,1.1878,1.2044,,,46490.2614,46490.2614,28368.5567,444446.8856,444446.8856,4
1685,300215.SZ,电科院,20260928,6.12,2.8959,7.1623,0.95,678.4357,76.8893,2.2792,8.3527,7.8216,0.0817,0.0327,74909.4187,74909.4187,30287.8554,458445.6504,458445.6504,4
1686,300217.SZ,东方电热,20260928,3.95,0.9832,1.2492,1.0,37.4649,55.1303,1.3788,1.7806,2.037,0.8101,0.4051,147797.694,124141.4188,97710.0338,583800.915,490358.609,4
1687,300218.SZ,安利股份,20260928,12.39,0.881,1.3937,1.16,20.4681,37.6481,1.8145,1.1832,1.1724,1.9884,2.068,21698.7,21627.6394,13671.9994,268846.893,267966.4596,4
1688,300219.SZ,鸿利智汇,20260928,6.68,3.7676,5.8588,1.93,48.4932,38.2945,1.8416,1.0865,1.0292,1.7216,2.994,70794.3506,70664.8891,45442.4225,472906.258,472041.4652,4
1689,300220.SZ,金运激光,20260928,11.21,1.5096,3.0064,1.04,1125.4276,,28.8512,6.7384,6.766,,,15120.0,15101.9348,7583.31,169495.2,169292.6353,0
1690,300221.SZ,银禧科技,20260928,12.83,7.2958,7.2958,1.38,54.8953,38.8824,4.0027,2.7669,2.535,,1.5588,47375.4685,46201.7764,46201.7764,607827.2801,592768.8374,4
1691,300222.SZ,科大智能,20260928,9.58,2.336,2.4997,1.16,92.7749,76.6401,4.13,2.4469,2.2873,,0.4154,78222.1234,65211.3509,60939.4543,749367.9096,624724.733,4
1692,300223.SZ,君正股份,20260928,132.26,4.1505,4.2811,0.67,181.0282,49.6891,5.0074,14.3656,10.5607,0.0753,0.1131,51495.1667,42287.3468,40997.5136,6810750.7477,5592924.4878,4
1693,300224.SZ,正海磁材,20260928,11.62,1.1645,1.9417,0.71,35.1862,32.6716,2.1206,1.5381,1.4559,1.5392,1.7112,93070.0417,92697.5673,55593.8225,1081473.8648,1077145.7634,4
1694,300225.SZ,金力泰,20260928,7.8,2.4004,2.8208,0.56,219.1677,208.6127,4.253,4.6204,4.2385,0.2564,,47542.959,47213.589,40178.315,370835.088,368266.002,4
1695,300226.SZ,上海钢联,20260928,16.82,1.6418,2.2303,0.54,30.2378,29.3824,2.8003,0.091,0.0835,0.2477,0.4954,38246.5706,36769.6869,27067.5473,643307.3074,618466.1858,4
1696,300227.SZ,光韵达,20260928,10.08,4.871,5.1405,1.09,,,3.7718,3.7454,2.7409,,,59576.1391,43306.7729,41036.1724,600527.4821,436532.2708,4
1697,300228.SZ,富瑞特装,20260928,6.39,1.4394,1.4615,1.07,15.8339,17.29,1.539,1.2121,1.1901,1.2277,1.8779,59742.5549,56038.2333,55189.3844,381754.8945,358084.2897,4
1698,300229.SZ,拓尔思,20260928,12.54,1.6784,2.1887,0.72,,,2.9808,21.4243,27.8816,,,87362.0932,87303.0233,66947.7781,1095520.6086,1094779.8708,4
1699,300230.SZ,永利股份,20260928,4.33,1.1564,1.3044,1.12,20.5979,20.3705,1.1065,1.4789,1.3881,1.5012,4.2725,81321.3441,62982.2499,55836.815,352121.4022,272713.1425,4
1700,300231.SZ,银信科技,20260928,8.1,1.5459,1.9971,0.93,59.2083,124.1068,2.2694,1.9341,2.0855,1.2333,1.85,44474.6551,44472.3736,34425.0216,360244.665,360226.197,4
1701,300232.SZ,洲明科技,20260928,5.2,1.4708,1.6223,1.21,89.7626,,1.2259,0.7005,0.7099,4.5976,0.3831,109030.4971,88845.4758,80548.097,566958.6,461996.496,4
1702,300233.SZ,金城医药,20260928,13.17,1.6384,2.1384,0.63,114.4163,36.1953,1.3495,1.8472,1.7903,3.0013,1.1255,38387.4587,37224.1463,28520.5934,505562.8482,490242.0555,4
1703,300234.SZ,开尔新材,20260928,9.94,7.3309,8.6448,1.06,,,4.4482,17.0043,17.9034,0.1408,,50317.109,34398.7044,29170.6158,500151.974,341923.078,4
1704,300235.SZ,方直科技,20260928,11.75,2.5213,3.1216,0.65,159.1128,138.4407,4.184,32.5596,30.0106,0.3815,0.2119,25174.6635,20479.9104,16541.4563,295802.255,240638.9425,4
1705,300236.SZ,上海新阳,20260928,86.41,2.1768,2.9067,1.07,90.0625,71.1496,3.9655,13.9823,12.0965,0.2991,0.5531,31338.2153,27869.9106,20871.9726,2707934.7261,2408238.9231,4
1706,300237.SZ,ST美晨,20260928,2.3,0.9973,1.3674,1.1,,,167.4063,1.8501,1.7524,,,144191.493,144190.143,105166.7751,331640.427,331637.322,1
1707,300238.SZ,冠昊生物,20260928,11.89,1.6499,2.2465,0.66,134.1547,190.0935,5.6012,8.4233,9.0375,,,27469.5818,26513.4082,19472.2994,326613.3062,315244.4449,4
1708,300239.SZ,东宝生物,20260928,5.38,1.725,2.3619,0.89,58.7753,58.3067,1.8475,4.2851,4.0378,0.4564,0.2191,59362.3165,58977.7015,43073.0571,319369.2816,317300.026,1
1709,300240.SZ,飞力达,20260928,6.08,1.4494,2.5022,0.85,232.2198,505.989,1.5638,0.3503,0.3345,,0.3289,37156.295,36333.8504,21045.9684,225910.2432,220909.808,4
1710,300241.SZ,瑞丰光电,20260928,5.68,3.8541,4.1109,1.66,61.7918,45.9043,1.7386,2.2124,1.9657,0.3369,0.5276,71741.5389,60105.5159,56350.6332,407491.9472,341399.3536,4
1711,300242.SZ,佳云科技,20260928,3.88,3.5311,4.4874,1.48,,,10.4727,1.3591,2.1384,,,63455.5224,63455.4878,49932.8978,246207.4176,246207.3012,1
1712,300243.SZ,瑞丰高材,20260928,21.47,12.5711,13.5953,0.72,197.8806,78.846,3.8732,3.0484,2.9138,0.2086,0.4183,27956.2074,22364.8857,20679.8992,600219.8287,480174.1883,4
1713,300244.SZ,迪安诊断,20260928,20.35,4.9481,5.5175,0.63,288.7074,47.7899,1.9605,1.2597,1.2804,1.2012,1.6817,62497.9436,50144.9011,44970.2888,1271833.079,1020448.715,4
1714,300245.SZ,ST天玑,20260928,5.85,2.0082,2.38,0.72,,,1.5835,3.8182,4.01,,,30504.9969,29365.3553,24778.0742,178454.25,171787.356,4
1715,300246.SZ,宝莱特,20260928,15.21,2.4678,2.786,0.69,,,3.8392,3.6763,3.6956,0.3248,0.3248,26476.2007,21164.5466,18747.189,402703.002,321912.8055,4
1716,300247.SZ,融捷健康,20260928,3.69,1.0232,1.1973,0.71,39.6628,41.4992,2.5238,3.1795,3.3121,,,80404.0313,80404.0313,68712.8011,296690.8707,296690.8707,4
1717,300248.SZ,新开普,20260928,8.08,1.125,1.1783,0.76,49.2621,75.9981,1.8258,3.9337,3.9055,0.9901,0.9901,47634.8393,40734.1317,38893.6647,384889.5072,329131.7704,4
1718,300249.SZ,依米康,20260928,12.55,3.0235,3.5276,0.96,188.0436,156.8833,8.8658,3.963,3.5213,,,45842.57,37410.9619,32064.5185,575324.2535,469507.548,4
1719,300250.SZ,初灵信息,20260928,14.47,3.2857,3.5641,0.71,75.7555,78.82,5.5561,12.8387,12.7868,,,21374.9479,15759.1782,14528.2605,309295.5265,228035.3346,4
1720,300251.SZ,光线传媒,20260928,10.87,0.8547,1.7039,0.94,19.0701,,3.3537,7.8933,28.4159,1.8337,1.3799,293358.8432,275314.1609,138097.0839,3188810.5908,2992664.9192,4
1721,300252.SZ,金信诺,20260928,11.28,5.1917,5.7756,1.02,537.7335,225.7542,3.1183,3.0888,2.7916,,,68421.3953,55875.1534,50226.4127,771793.2792,630271.692,4
1722,300253.SZ,卫宁健康,20260928,6.83,1.8054,1.9779,0.76,,,2.789,7.1384,6.6483,0.2193,,220127.488,185462.1369,169287.0123,1503470.7567,1266706.4162,4
1723,300254.SZ,仟源医药,20260928,9.08,5.7812,5.9181,1.68,93.9786,81.2166,5.1932,2.682,2.7486,,,25720.8563,22742.805,22216.6337,233545.4088,206422.8132,1
1724,300255.SZ,常山药业,20260928,22.46,1.6567,2.3866,0.66,,,17.3815,23.5874,24.0206,,,91906.0878,91769.5878,63705.115,2064210.7814,2061144.9914,4
1725,300256.SZ,星星科技,20260928,2.57,0.6744,1.2452,0.71,,,6.4809,3.8062,3.9475,,,226839.3386,224339.3386,121505.4516,582977.1038,576552.1038,4
1726,300257.SZ,开山股份,20260928,17.83,1.0951,2.7079,0.87,48.6496,48.5388,2.7342,3.7502,3.5692,0.5609,0.5609,99363.5018,95479.0313,38611.4271,1771651.205,1702391.1049,4
1727,300258.SZ,精锻科技,20260928,9.13,1.8901,2.9885,1.85,41.5535,131.9671,1.1445,2.6201,2.7587,0.7699,0.8602,58504.7243,56989.2238,36042.3473,534148.0936,520311.5786,1
1728,300259.SZ,新天科技,20260928,3.97,6.5128,11.839,1.13,18.2958,23.767,1.5257,4.3006,4.4873,1.2394,2.7266,115510.5035,115483.675,63528.9596,458576.6989,458470.1898,4
1729,300260.SZ,新莱应材,20260928,58.6,4.5995,7.3481,0.74,136.508,143.1526,10.9419,7.9719,7.6247,0.1019,0.0849,40780.6752,28739.354,17989.2436,2389747.262,1684125.91,4
1730,300261.SZ,雅本化学,20260928,4.78,0.8216,1.2617,0.79,,,2.7069,3.5226,3.7064,,,96330.9471,94283.0489,61400.6287,460461.941,450672.979,4
1731,300263.SZ,隆华科技,20260928,10.14,3.6166,4.2234,0.9,54.511,51.7986,2.4672,3.3706,3.0591,0.4301,0.5917,102168.1672,96220.3672,82394.508,1035985.2438,975674.5518,4
1732,300264.SZ,佳创视讯,20260928,6.1,5.7133,6.0673,1.36,,,2031.5295,22.507,42.6397,,,43085.7518,37044.2589,34883.0148,262823.075,225969.986,4
1733,300265.SZ,通光线缆,20260928,12.11,4.1889,6.5631,0.92,176.0286,,2.4514,2.2262,2.214,0.3237,0.1652,46760.1335,46730.171,29825.501,566265.1743,565902.3587,4
1734,300266.SZ,兴源环境,20260928,1.82,1.0611,1.7978,0.75,,,,3.1188,3.3428,,,155380.7314,155305.1914,91664.8331,282792.9286,282655.4458,4
1735,300267.SZ,尔康制药,20260928,3.21,2.3319,3.0519,0.92,,,1.646,5.6795,6.2971,,,206260.487,142237.8091,108680.936,662096.1729,456583.3701,1
1736,300268.SZ,佳沃食品,20260928,11.95,1.5118,2.1586,0.87,,,,1.2562,2.4963,,,17420.0,13370.75,9364.1581,208169.0,159780.4625,4
1737,300269.SZ,联建光电,20260928,4.8,9.7764,11.6266,4.34,307.6385,,34.6859,5.1297,6.0787,,,54697.5829,52564.5328,44199.5948,262548.384,252309.744,1
1738,300270.SZ,中威电子,20260928,10.13,2.6211,2.8499,0.93,,,5.501,18.1554,15.0877,,,30280.6028,25681.1704,23618.8684,306742.478,260150.2521,4
1739,300271.SZ,华宇软件,20260928,5.73,1.794,2.3613,0.67,,,1.3169,2.8726,2.7943,,,81186.0673,80424.1454,61102.3873,465196.1811,460830.3795,1
1740,300272.SZ,开能健康,20260928,5.95,2.5223,3.1095,1.91,64.9583,123.2938,2.8724,1.9763,1.9621,2.8061,1.6807,61146.9472,46447.2015,37676.5676,363824.3358,276360.8489,1
1741,300274.SZ,阳光电源,20260928,81.06,2.5473,2.8285,0.86,12.4843,15.2983,3.3517,1.8843,2.195,2.4795,1.6288,207321.1424,158752.6674,142967.3874,16805452.419,12868491.4302,4
1742,300275.SZ,梅安森,20260928,8.91,1.3673,1.4291,0.94,67.3063,71.9943,2.8593,6.3025,6.4427,0.3307,0.3894,30800.5068,27146.1453,25972.7533,274432.5441,241872.1965,4
1743,300276.SZ,三丰智能,20260928,6.23,4.9945,6.1052,3.68,,,4.9067,4.9332,5.6015,,,140104.299,120547.6273,98617.3714,872849.789,751011.7349,1
1744,300277.SZ,汽轮科技,20260928,12.7,2.0581,2.3739,0.83,8581.9573,188.7653,1.982,98.467,34.7385,0.0348,0.5354,151659.4157,76544.8286,66362.1686,1926074.634,972119.341,4
1745,300278.SZ,华昌达,20260928,3.5,0.9566,1.364,0.73,,,3.0241,1.7115,1.5753,,,141388.6508,140944.518,98847.1968,494860.275,493305.82,4
1746,300279.SZ,和晶科技,20260928,5.95,2.5891,3.5136,0.75,44.976,78.6225,2.7668,1.5905,1.7482,,,48909.949,48733.7952,35911.1665,291014.2025,289966.11,4
1747,300281.SZ,金明精机,20260928,7.09,1.321,2.5488,0.49,,,2.3912,6.7822,6.6526,0.5642,0.5642,41892.358,39732.5912,20591.862,297016.8324,281704.0631,4
1748,300283.SZ,温州宏丰,20260928,13.17,10.5612,12.1439,0.91,259.9971,53.944,5.4549,1.7903,1.2863,,0.1139,49697.8222,37986.8489,33035.936,654520.2894,500286.8145,4
1749,300284.SZ,苏交科,20260928,4.99,0.896,1.6289,1.26,267.982,815.3407,0.7594,1.5117,1.5157,1.8036,1.9038,126282.7774,119828.1717,65911.3641,630151.0722,597942.5683,4
1750,300285.SZ,国瓷材料,20260928,65.06,11.1278,11.6502,1.07,106.2853,101.1396,8.8498,14.1554,13.1286,0.3056,0.2285,99704.8299,85307.2983,81482.5748,6486796.2398,5550092.938,4
1751,300286.SZ,安科瑞,20260928,18.75,2.2996,3.256,1.29,22.9184,24.9485,2.058,4.2972,4.1097,2.1257,2.4,25078.4655,20777.3329,14674.4396,470221.125,389574.9375,4
1752,300287.SZ,飞利信,20260928,3.53,1.9663,1.9976,0.66,,,5.2765,14.5603,19.139,,,143527.3808,132287.2156,130210.4404,506651.6867,466973.8866,4
1753,300288.SZ,朗玛信息,20260928,9.64,0.9983,1.1446,0.64,348.7395,,3.0286,10.9284,12.0451,0.1556,0.1037,33794.1402,25783.6666,22488.1203,325775.5096,248554.5788,4
1754,300289.SZ,利德曼,20260928,5.94,1.0057,1.8771,0.79,,,1.98,9.903,10.1685,,,54401.1487,54315.6487,29102.3335,323142.831,322634.961,0
1755,300290.SZ,ST荣科,20260928,7.17,5.5557,6.9457,0.8,,,7.6251,6.0778,6.5044,,0.2092,63973.2569,63958.9694,51158.9694,458688.2742,458585.8149,4
1756,300291.SZ,百纳千成,20260928,4.83,13.9166,22.2951,1.69,,,2.2486,14.7998,6.1917,,,94188.9651,93075.8644,58097.8304,454932.6768,449556.4038,4
1757,300292.SZ,吴通控股,20260928,4.39,2.8863,3.0866,0.6,50.1909,44.7138,3.9185,1.3532,1.4011,,,134176.4974,111799.0288,104544.4976,589034.835,490797.7417,4
1758,300293.SZ,蓝英装备,20260928,14.01,0.807,1.5979,0.81,,,7.1061,3.9444,4.1193,,,33843.8106,33843.8106,17092.4617,474151.7781,474151.7781,4
1759,300294.SZ,博雅生物,20260928,14.39,0.5987,1.0285,0.58,64.3855,,0.975,3.524,4.2812,2.1543,0.5073,50424.8738,50424.8738,29350.7645,725613.8793,725613.8793,4
1760,300295.SZ,*ST三六五,20260928,11.43,1.0904,1.2413,0.63,,,1.9994,20.0658,16.0502,,,18961.3714,16767.9396,14730.185,216728.4591,191657.5542,4
1761,300296.SZ,利亚德,20260928,4.72,1.4161,1.5382,1.02,41.6669,62.5698,1.6396,1.8122,1.9939,2.1162,2.1162,271197.7222,232099.6623,213681.2222,1280053.2488,1095510.4061,4
1762,300298.SZ,三诺生物,20260928,16.19,0.8266,1.2835,0.82,97.3065,67.6159,3.0481,1.9349,1.8277,1.3494,,55684.5893,44800.1059,28852.2704,901533.5121,725313.7809,1
1763,300299.SZ,富春股份,20260928,5.29,2.2024,3.0952,0.97,,,9.2069,9.6667,8.8571,,,69030.0085,68945.4835,49057.8919,365168.7529,364721.5892,4
1764,300300.SZ,海峡创新,20260928,11.08,35.524,45.7098,1.95,51.91,69.9656,29.7449,48.6017,46.8965,,,66684.7062,66680.96,51821.9425,738866.5868,738825.0368,1
1765,300301.SZ,ST长方,20260928,3.86,4.2496,4.5943,3.98,,,62.5838,8.0764,7.9319,,,82986.8769,78987.6719,73061.8561,320329.3568,304892.4062,1
1766,300302.SZ,同有科技,20260928,26.21,4.6137,5.5187,0.88,,56.1735,9.7728,31.134,25.6081,,,47926.3798,37158.5931,31065.0269,1256150.4198,973926.6439,4
1767,300303.SZ,聚飞光电,20260928,6.46,2.798,3.2103,1.19,30.011,34.3842,2.4671,2.6534,2.6376,1.9987,1.8419,141680.5527,132864.6736,115803.2182,915256.353,858305.7682,4
1768,300304.SZ,云意电气,20260928,11.85,1.7714,3.069,0.78,22.2968,25.2194,2.9894,4.3381,4.3484,0.7392,0.6684,87814.3718,85254.3934,49207.7843,1040600.2845,1010264.5215,4
1769,300305.SZ,裕兴股份,20260928,6.41,10.4511,14.1286,1.68,,,1.2654,2.7026,2.7942,,,37540.0372,32147.5897,23779.9858,240631.6564,206066.0519,4
1770,300306.SZ,远方信息,20260928,10.37,2.233,2.9518,1.68,39.0134,39.6907,1.9252,6.8872,6.9104,4.1659,2.5072,26895.8778,15765.1136,11925.7856,278910.1719,163484.1907,4
1771,300307.SZ,慈星股份,20260928,6.97,1.5996,2.4434,0.96,57.2955,33.8046,1.66,2.8641,2.4286,1.4234,0.2869,80055.3776,78765.3734,51563.6165,557985.9289,548994.6289,4
1772,300308.SZ,中际旭创,20260928,815.0,2.7203,3.2864,1.41,88.9112,46.936,24.0847,25.1045,14.7174,0.11,0.1714,117790.9641,110993.7003,91876.5417,95999632.4,90459865.5,4
1773,300310.SZ,宜通世纪,20260928,4.2,1.8305,1.9749,0.76,338.2056,4271.598,1.998,1.4774,1.5898,,,88165.8531,80659.1852,74761.0732,370296.612,338768.598,4
1774,300311.SZ,任子行,20260928,6.21,21.5329,24.1273,1.93,181.5894,94.3874,6.5939,8.5523,8.2457,,,67363.015,53740.9093,47962.1917,418324.3542,333731.0511,1
1775,300313.SZ,天山生物,20260928,12.26,9.21,19.1095,0.73,,,76.8135,14.6774,7.7712,,,23977.8994,19735.2789,9511.5479,293969.054,241954.5328,4
1776,300314.SZ,戴维医疗,20260928,12.9,9.3068,13.9091,1.28,42.6773,61.7506,3.0153,6.3613,6.3543,0.6744,0.6202,28800.0,14374.1448,9617.9398,371520.0,185426.406,1
1777,300315.SZ,掌趣科技,20260928,3.91,1.347,1.4351,0.67,,,2.3035,14.9942,15.5259,,,270761.1003,270758.0778,254149.0017,1058675.901,1058664.0928,4
1778,300316.SZ,晶盛机电,20260928,38.7,1.4464,2.9795,1.75,57.2815,106.0298,2.9544,4.4622,5.6243,1.0319,0.387,130953.3797,123155.5433,59785.7845,5067895.806,4766119.398,4
1779,300317.SZ,珈伟新能,20260928,4.19,11.56,13.2189,2.28,,,2.4567,5.5145,5.0332,,,83018.8405,82891.3405,72489.0318,347848.9396,347314.7146,1
1780,300318.SZ,博晖创新,20260928,5.17,0.933,2.0092,0.71,,,3.3209,5.1219,5.1748,,,81690.0495,79853.9484,37079.8505,422337.5585,412844.9215,0
1781,300319.SZ,麦捷科技,20260928,18.8,11.0743,14.2325,0.95,52.7509,52.4736,3.377,4.3983,4.1894,0.6042,0.5691,88758.8324,85127.022,66237.194,1668666.004,1600387.976,4
1782,300320.SZ,海达股份,20260928,8.09,1.0026,1.2116,0.96,20.9324,18.979,1.8404,1.3517,1.3313,0.4944,0.7417,60123.4191,48653.8621,40262.2554,486398.4678,393609.7274,4
1783,300321.SZ,同大股份,20260928,33.07,2.6646,5.3207,0.61,261.7091,406.2819,4.6248,7.3795,7.923,0.13,0.1149,8880.0,8872.1907,4443.2047,293661.6,293403.3233,4
1784,300322.SZ,硕贝德,20260928,16.33,6.3604,7.8284,0.93,116.1398,133.1098,7.2821,2.7121,2.4099,,,46003.8153,44043.0763,35784.0216,751242.3806,719223.4964,4
1785,300323.SZ,华灿光电,20260928,10.94,4.967,4.967,0.78,,,2.6898,3.2832,2.5157,,,162299.8797,89116.7138,89116.7138,1775560.6872,974936.8074,4
1786,300324.SZ,旋极信息,20260928,3.82,5.4197,5.938,0.68,,,2.7909,3.1538,3.9951,,,172759.0595,170998.3348,156072.2184,659939.571,653213.6206,4
1787,300326.SZ,ST凯利,20260928,6.13,0.5254,0.681,0.83,32.5852,19.5339,1.5125,4.5639,5.6552,,1.6313,71701.2682,71671.7627,55296.502,439528.7851,439347.8888,4
1788,300327.SZ,中颖电子,20260928,25.38,4.1242,5.3965,1.17,144.007,96.1633,4.7163,6.7467,6.3972,0.7837,0.394,34137.0172,33881.0277,25893.2705,866397.5676,859900.5414,4
1789,300328.SZ,宜安科技,20260928,12.38,2.8189,3.8667,0.66,,,8.264,4.951,4.739,,,69042.36,68788.7569,50147.2169,854744.4168,851604.8488,4
1790,300329.SZ,海伦钢琴,20260928,11.6,0.7081,1.2769,0.96,,,5.1062,23.8842,25.3246,0.2759,,25288.878,25196.7237,13971.9037,293350.892,292281.952,4
1791,300331.SZ,苏大维格,20260928,43.48,4.67,5.2858,1.25,,19726.8835,7.2358,5.5352,5.3951,,,25966.2286,22213.0818,19625.2566,1129011.6804,965824.7184,4
1792,300332.SZ,天壕能源,20260928,4.8,1.735,2.1026,0.75,,,1.0569,1.5832,1.562,,,84770.9765,81248.779,67044.525,406900.6872,389994.1392,4
1793,300333.SZ,兆日科技,20260928,11.28,4.5903,5.3598,0.58,,129.7346,6.1647,29.6643,30.7381,,,33600.0,33478.0067,28671.4571,379008.0,377631.9528,4
1794,300334.SZ,津膜科技,20260928,8.48,2.2856,3.6448,1.03,,,4.7627,10.5714,8.2965,,,30206.5356,30202.9761,18940.3196,256151.4592,256121.2704,4
1795,300335.SZ,迪森股份,20260928,5.45,2.0506,2.2219,0.93,59.1377,64.4777,1.3583,2.4888,2.552,1.8349,2.2018,47701.2388,38416.0564,35454.2151,259971.758,209367.527,1
1796,300337.SZ,银邦股份,20260928,8.87,1.6144,2.2468,1.13,157.6036,81.5398,4.0417,1.1401,0.9346,0.1127,0.1127,82194.8677,71141.2611,51115.5522,729068.4765,631022.986,4
1797,300338.SZ,*ST开元,20260928,2.69,2.9771,3.0797,1.17,,,,7.9652,8.2485,,,40262.4692,34993.9242,33827.8091,108306.0443,94133.6448,4
1798,300339.SZ,润和软件,20260928,33.62,1.4111,1.4908,0.82,276.1133,223.4741,7.3107,6.7238,6.5086,0.2064,0.4128,79641.0841,77768.6667,73609.4256,2677533.4458,2614582.6854,4
1799,300340.SZ,科恒股份,20260928,8.48,1.1708,1.5213,0.64,,,44.7592,1.1277,1.085,,,27551.4715,27344.6176,21044.6176,233636.4656,231882.3776,4
1800,300341.SZ,麦克奥迪,20260928,12.69,0.5967,1.5704,0.71,38.2582,34.489,3.2877,4.3126,3.9653,0.5516,0.5516,51741.0336,51580.8861,19598.0972,656593.7976,654561.4941,4
1801,300342.SZ,天银机电,20260928,30.06,4.0183,5.2916,1.36,998.845,644.8663,8.1234,15.5591,15.1801,0.2162,0.0665,42503.5113,42035.6988,31920.7518,1277655.5106,1263593.142,4
1802,300343.SZ,联创股份,20260928,5.17,0.9379,1.0679,0.98,141.3819,99.1243,2.7891,5.531,4.7184,,,106837.4879,106564.3208,93592.1398,552349.8233,550937.5344,4
1803,300345.SZ,华民股份,20260928,6.64,6.771,9.0549,0.74,,,11.2765,3.8482,4.5897,,,58133.2576,48074.3701,35948.4601,386004.8305,319213.8175,4
1804,300346.SZ,南大光电,20260928,52.15,3.44,3.9333,0.72,112.7231,98.0097,10.1723,13.941,13.2271,0.505,0.6903,69115.6903,66199.593,57897.0817,3604383.2335,3452308.6185,4
1805,300347.SZ,泰格医药,20260928,56.8,1.6827,1.8706,0.76,55.0815,535.118,2.5109,7.1576,6.7088,0.524,0.2138,86102.605,56622.1236,50933.6477,4890627.68,3216136.416,4
1806,300348.SZ,长亮科技,20260928,9.18,1.4366,1.4854,0.82,362.0769,,3.5335,3.8089,3.5009,0.0762,0.0764,81237.4315,73045.2173,70647.6568,745759.6074,670555.1196,4
1807,300349.SZ,金卡智能,20260928,10.1,1.5955,2.2546,0.83,15.8472,19.8227,0.9412,1.3058,1.3626,4.9313,2.4752,41721.3313,36973.7928,26165.7286,421385.433,373435.279,4
1808,300350.SZ,华鹏飞,20260928,4.67,8.5419,8.9215,1.48,,,3.0026,5.7086,4.1784,,,56201.2279,46182.9061,44217.6163,262459.7441,215674.1897,1
1809,300351.SZ,永贵电器,20260928,13.44,2.1716,2.9625,1.17,83.6335,,2.1421,2.3313,2.2223,0.4452,0.3051,38891.2606,26341.6726,19308.9941,522698.5344,354032.0448,4
1810,300352.SZ,ST信源,20260928,3.01,4.0467,4.2285,1.41,,,4.6227,14.268,14.7135,,,144982.4087,127890.2395,122390.9556,436397.0541,384949.6224,4
1811,300353.SZ,东土科技,20260928,16.3,1.7278,1.8009,0.93,121.1287,68.9459,4.5178,10.2263,11.1489,,,61489.2881,54056.0447,51862.5568,1002275.264,881113.452,4
1812,300354.SZ,东华测试,20260928,27.8,2.3577,3.011,1.55,28.0838,38.6635,4.4206,7.2421,8.154,0.6353,0.7194,13832.0201,8343.6551,6533.0991,384530.434,231953.748,1
1813,300355.SZ,蒙草生态,20260928,2.71,0.8867,1.0512,0.89,214.0222,,1.0453,1.6685,1.8163,0.1476,,160424.2081,157205.13,132609.3988,434749.6091,426025.9023,4
1814,300357.SZ,我武生物,20260928,19.9,1.0425,1.9065,0.58,27.3515,24.9634,3.7829,9.8073,9.5386,1.1055,1.2563,52358.4,48541.4205,26543.6808,1041932.16,965974.258,4
1815,300358.SZ,楚天科技,20260928,9.63,5.1689,7.5878,0.71,27.0424,16.7048,1.2351,1.1949,1.1536,,0.7269,71509.258,70486.3762,48015.7148,688634.1738,678783.8394,1
1816,300359.SZ,全通教育,20260928,4.06,2.3322,3.6961,0.96,,,5.2324,8.5483,9.7352,,,63333.3422,63330.1697,39960.3938,257133.3604,257120.4902,4
1817,300360.SZ,炬华科技,20260928,10.87,0.8004,1.2164,1.13,9.8611,14.0093,1.3377,3.3131,3.7466,6.4397,5.5198,51418.7126,50030.8887,32920.8654,558921.3777,543835.7743,4
1818,300363.SZ,博腾股份,20260928,23.91,3.3341,5.2135,0.69,134.8736,,2.6213,3.7995,3.6206,,0.3755,54344.2176,49885.6385,31902.9386,1299370.3002,1192765.6524,1
1819,300364.SZ,中文在线,20260928,23.14,7.7604,8.9092,0.78,,,63.9952,10.1762,10.0461,,,72850.0118,66108.5663,57584.1506,1685749.4628,1529752.3098,4
1820,300365.SZ,恒华科技,20260928,4.45,1.9369,2.0545,0.98,,,1.7052,2.982,3.9433,,,59985.5469,51172.4617,48244.0479,266935.6975,227717.447,4
1821,300366.SZ,ST创意,20260928,5.34,0.9003,0.9087,1.12,,,2.9891,4.3422,5.5439,,,60757.615,50517.2408,50047.2408,324445.6374,269762.0616,4
1822,300368.SZ,汇金股份,20260928,9.28,5.6388,8.0545,0.74,,,142.4435,32.8613,40.856,,,52894.3475,52894.3475,37030.2475,490859.568,490859.568,4
1823,300369.SZ,绿盟科技,20260928,8.95,12.8509,17.0993,1.21,,,2.8548,2.8547,2.8412,,,81062.1887,80805.5928,60729.1116,725506.6005,723210.0305,1
1824,300370.SZ,安控科技,20260928,2.1,1.4125,2.1755,0.59,,,8.0333,7.9913,8.4983,,,156537.6225,156147.6109,101388.4669,328729.002,327909.981,4
1825,300371.SZ,汇中股份,20260928,10.11,1.5142,2.1706,0.83,30.7251,50.2899,1.7575,4.5157,4.7339,0.877,0.9833,20121.7296,13999.5662,9765.7586,203430.6903,141535.6527,4
1826,300373.SZ,扬杰科技,20260928,85.01,1.7129,3.3209,0.79,36.7,32.3445,4.6094,6.4781,5.6395,0.9623,0.5882,54334.7787,54214.336,27962.934,4618999.6478,4608761.0434,4
1827,300374.SZ,中铁装配,20260928,10.03,1.4973,2.8809,0.57,,,3.5494,1.2843,1.2769,,,24591.2337,24588.3447,12779.4489,246650.0369,246621.0502,4
1828,300375.SZ,鹏翎股份,20260928,4.05,1.563,1.8262,1.35,,,1.4911,1.0823,1.0918,0.8787,,76414.3818,53262.8329,45586.0664,309478.2463,215714.4732,4
1829,300376.SZ,易事特,20260928,4.06,0.7216,1.4939,1.11,393.6594,,1.4951,2.5753,2.5585,0.5117,0.0486,232824.0476,232740.2401,112421.6554,945265.643,944925.3744,4
1830,300377.SZ,赢时胜,20260928,13.15,2.4741,3.0219,0.81,,,4.0886,7.1925,6.9327,,,75100.308,70104.5832,57397.7113,987568.945,921875.227,4
1831,300378.SZ,鼎捷数智,20260928,37.93,6.1955,7.7088,0.91,63.0029,33.5624,4.1589,4.2334,4.1379,0.0786,0.3276,27155.4662,26951.3162,21660.6986,1030006.9771,1022263.5676,1
1832,300380.SZ,安硕信息,20260928,27.22,1.1712,1.9195,0.76,149.0183,134.4625,10.9688,4.335,4.2723,0.1559,0.3118,16312.0251,12710.7535,7755.4684,444013.3232,345986.7103,4
1833,300381.SZ,溢多利,20260928,5.66,1.6228,2.3108,0.81,,,1.078,3.2656,3.3385,1.7668,0.8834,48017.3861,47845.3174,33599.4796,271778.4274,270804.5112,4
1834,300382.SZ,斯莱克,20260928,14.69,6.4865,9.8493,2.17,,,4.2777,4.533,4.1703,,,64839.9994,64833.8222,42698.1442,952499.6,952408.8158,4
1835,300383.SZ,光环新网,20260928,10.89,2.4258,3.0587,1.41,,,1.6483,2.7273,2.8816,0.551,0.1837,179759.2847,179511.0701,142363.7925,1957578.5592,1954875.5523,4
1836,300384.SZ,三联虹普,20260928,11.82,1.7694,2.5309,1.37,16.8516,23.9276,1.3426,4.5832,5.9868,1.8613,1.5228,31900.7265,22038.1842,15407.0909,377066.5104,260491.2876,4
1837,300385.SZ,ST雪浪,20260928,12.92,1.2428,1.9101,0.64,,,,10.0567,11.0515,,,33314.5932,30123.2533,19599.8349,430424.5028,389192.39,4
1838,300386.SZ,飞天诚信,20260928,10.56,1.5272,1.9293,0.68,752.6046,,3.1514,6.3584,7.3958,,0.0947,41804.4,25720.7653,20359.9937,441454.464,271611.3312,4
1839,300387.SZ,富邦科技,20260928,7.35,1.56,2.5648,0.83,35.8667,39.9592,1.4677,1.5376,1.5493,0.9524,0.8163,28905.7018,28895.6645,17575.5317,212456.895,212383.101,4
1840,300388.SZ,节能国祯,20260928,6.64,0.3604,0.9302,0.87,12.7006,11.9805,0.9237,1.2314,1.2009,1.9578,1.4458,68104.2231,68104.2231,26387.3264,452212.0208,452212.0208,4
1841,300389.SZ,艾比森,20260928,12.76,1.4292,3.1509,0.6,18.6989,16.797,2.6356,1.1326,1.0921,2.7429,1.5674,36910.0317,27451.8071,12451.7198,470971.9828,350285.0956,4
1842,300390.SZ,天华新能,20260928,48.0,2.6248,3.3771,0.91,99.1475,14.3164,2.9057,5.2824,3.3591,1.25,,83075.0788,71149.1404,55298.8556,3987603.84,3415158.72,4
1843,300393.SZ,中来股份,20260928,5.82,1.7358,1.956,0.89,,,3.5016,1.4253,2.7433,,,108962.7358,94402.495,83775.9246,634163.1468,549422.55,4
1844,300394.SZ,天孚通信,20260928,244.8,3.0867,5.5663,1.09,132.3742,114.9864,42.7352,51.7164,48.2404,0.2495,0.4085,109082.5093,108838.8049,60355.1688,26703396.0,26643738.24,4
1845,300395.SZ,菲利华,20260928,88.49,3.5632,4.4146,0.8,104.9718,90.1159,8.8823,23.0722,19.2529,0.1455,0.1921,52572.7082,51227.635,41347.7495,4652159.1079,4533133.8636,4
1846,300396.SZ,ST迪瑞,20260928,6.99,0.4798,1.002,0.83,,,1.2325,2.3619,2.2039,3.7196,,27270.0161,27230.4751,13038.5248,190617.4398,190341.0552,4
1847,300397.SZ,天和防务,20260928,11.28,9.3729,10.2914,1.03,,,4.1441,11.6831,9.0684,,,51763.6745,40816.2815,37173.3065,583894.1976,460407.6384,4
1848,300398.SZ,飞凯材料,20260928,35.6,5.3631,6.7755,0.8,51.981,46.0467,3.8772,6.2912,5.8218,0.2933,0.3224,57003.325,56721.5297,44897.7793,2029318.548,2019286.468,4
1849,300399.SZ,天利科技,20260928,18.92,1.4393,2.6096,0.7,,2892.6095,7.3757,7.6608,7.0009,0.2643,0.2643,19760.0,19758.0725,10897.5727,373859.2,373822.6844,4
1850,300400.SZ,劲拓股份,20260928,33.13,4.2345,6.3086,0.87,95.9908,91.5276,10.9576,10.2672,9.6616,1.2039,1.234,24331.9,24250.75,16277.8482,806115.847,803427.3475,4
1851,300401.SZ,花园生物,20260928,15.24,3.6758,5.2542,0.78,27.2351,30.1663,2.5001,6.71,6.4158,0.7462,0.7399,54481.6618,53603.0369,37500.3955,830300.4984,816910.3296,4
1852,300402.SZ,宝色股份,20260928,14.46,0.8034,1.77,0.89,65.946,70.9348,2.3555,2.5764,2.6272,0.6224,0.4841,24679.0497,24361.8497,11058.3197,356859.063,352272.351,4
1853,300403.SZ,汉宇集团,20260928,8.72,1.7834,2.0991,1.29,22.27,25.2847,2.3447,4.4802,4.4722,1.1468,2.1789,60300.0,43816.0813,37225.0868,525816.0,382076.2176,4
1854,300404.SZ,博济医药,20260928,14.23,11.9117,13.4676,0.54,180.008,105.3087,5.065,6.3193,5.71,0.0835,0.0914,38574.8938,28551.5612,25252.9564,548920.6847,406288.6988,4
1855,300405.SZ,科隆股份,20260928,5.76,3.0818,3.683,0.92,,,4.005,3.0131,2.7093,,,28437.2671,21882.3359,18310.503,163798.6752,126042.2784,4
1856,300406.SZ,九强生物,20260928,11.87,1.5107,2.7493,1.33,36.6426,30.9294,2.0228,5.1328,5.0939,7.5501,8.7945,58614.0466,42428.3173,23314.3459,695748.7735,503624.1584,1
1857,300407.SZ,凯发电气,20260928,10.4,1.7399,2.1888,0.75,51.1836,55.0177,1.657,1.3414,1.2617,0.8752,0.7575,34643.9212,25577.2476,20331.4169,360296.768,266003.4,4
1858,300408.SZ,三环集团,20260928,115.54,2.0954,3.2352,0.86,88.1081,69.6274,10.188,25.6131,20.4491,0.328,0.3884,199671.8571,186980.6217,121105.0361,23070086.7044,21603740.8348,4
1859,300409.SZ,道氏技术,20260928,16.31,2.2836,2.3791,1.02,25.1722,22.5186,1.5793,1.5643,1.3724,1.0875,1.5104,78224.8953,69620.6256,66826.1206,1275848.119,1135512.4753,4
1860,300410.SZ,正业科技,20260928,8.37,5.6362,7.2376,0.87,83.5535,73.1283,10.8011,3.5351,3.1488,,,36711.4797,36711.4797,28588.4436,307275.0876,307275.0876,4
1861,300411.SZ,金盾股份,20260928,8.13,3.9936,4.271,1.32,310.4337,19309.661,3.4225,9.592,9.4238,,,40652.0007,30911.55,28903.7063,330500.76,251310.9015,4
1862,300412.SZ,迦南科技,20260928,4.49,1.7868,2.3678,0.98,75.3977,110.6071,2.1895,1.8152,1.9053,1.3363,1.2918,49775.6637,46786.1646,35305.7946,223492.7134,210069.8584,4
1863,300413.SZ,芒果超媒,20260928,18.76,4.5982,7.8749,0.55,28.5986,52.7395,1.5203,2.5406,2.499,1.1727,1.3859,187072.0815,102169.9958,59658.274,3509472.4084,1916709.2,4
1864,300414.SZ,中光防雷,20260928,10.55,2.276,3.9948,0.86,197.8511,183.406,3.4454,7.1676,6.4993,0.0948,0.1517,32601.9466,31567.1284,17985.2992,343950.5725,333033.2215,4
1865,300415.SZ,伊之密,20260928,18.81,0.7357,1.0845,0.85,12.4371,12.8785,2.6637,1.4572,1.3762,2.6073,3.1348,46856.2084,45442.7139,30826.4831,881365.122,854777.3751,4
1866,300416.SZ,苏试试验,20260928,13.69,2.0017,2.8679,1.07,27.043,25.8234,2.4667,3.0975,2.9801,1.0957,1.0957,50854.7806,50512.5069,35256.0709,696201.9382,691516.2619,4
1867,300417.SZ,南华仪器,20260928,12.05,3.9888,4.6554,0.96,,,3.6204,8.2586,6.2848,,0.5809,13456.32,8771.4938,7515.6801,162148.656,105696.4545,4
1868,300418.SZ,昆仑万维,20260928,40.36,2.7212,3.7507,0.6,,147.8349,3.5041,6.3263,5.2793,,,128503.4715,117445.7697,85208.9812,5186400.0492,4740111.2772,4
1869,300419.SZ,ST浩丰,20260928,7.52,1.6757,1.9716,0.84,,,8.6623,11.5285,15.104,,,36775.377,36775.377,31257.377,276550.8576,276550.8576,1
1870,300420.SZ,五洋自控,20260928,7.44,4.3464,5.1135,0.76,176.2504,399.987,3.4913,9.7795,11.4976,,0.1344,111638.3561,111627.8061,94882.0528,830589.3984,830510.9064,4
1871,300421.SZ,力星股份,20260928,17.18,2.3013,2.6065,1.01,72.9801,95.5401,4.0024,4.5547,4.4978,0.6985,0.8731,29403.0484,23340.2947,20607.1328,505144.2272,400986.1822,4
1872,300422.SZ,博世科,20260928,4.04,1.432,2.3851,0.93,,,3.7353,1.0734,1.2356,,,53388.0389,51674.3384,31023.7929,215687.6816,208764.3336,4
1873,300423.SZ,昇辉科技,20260928,5.33,1.8703,2.1967,0.81,,,2.465,3.4881,5.6958,,,49751.129,33336.8152,28383.393,265173.5229,177685.2506,4
1874,300424.SZ,航新科技,20260928,13.05,4.597,5.3647,0.49,,,4.6413,1.9063,1.9837,,,25662.4833,25647.9951,21977.3987,334895.4945,334706.4,4
1875,300425.SZ,中建环能,20260928,4.0,1.6494,2.5983,1.49,219.7789,224.6464,1.1519,1.7184,1.6798,0.65,0.1,68222.4853,68073.8381,43215.0647,272889.96,272295.36,4
1876,300426.SZ,华智数媒,20260928,7.55,5.1884,6.9737,0.57,,,22.0987,30.009,27.6739,,,45038.281,40000.0,29759.4624,340039.014,302000.0,4
1877,300427.SZ,红相股份,20260928,6.04,9.6983,11.7733,1.08,,,2.5816,4.2228,4.5872,,,50852.0298,50300.4888,41435.4531,307146.2612,303814.9596,4
1878,300428.SZ,立中集团,20260928,19.05,0.6809,1.7067,1.0,14.7428,12.3013,1.428,0.4066,0.3578,1.6432,2.0472,68558.1553,60322.9584,24068.2013,1306032.948,1149152.388,4
1879,300429.SZ,强力新材,20260928,11.08,3.5946,4.0373,0.83,,,3.2685,6.2209,5.7649,,,55546.1655,41780.5719,37199.7965,615451.5137,462928.7367,4
1880,300430.SZ,*ST益通,20260928,4.32,5.4134,6.84,0.96,,,0.8994,2.5077,2.8766,1.0417,,27304.6796,25985.4209,20565.4998,117956.2176,112257.0144,4
1881,300432.SZ,富临精工,20260928,12.63,1.6364,2.7234,0.79,50.5059,40.3632,4.4873,1.6017,1.1537,0.5655,0.7918,170976.0242,169245.7398,101695.7331,2159427.1326,2137573.6962,4
1882,300433.SZ,蓝思科技,20260928,31.6,1.1789,3.1332,0.68,41.517,48.3229,3.1608,2.2418,2.3723,1.5775,1.7355,527874.087,495183.7995,186320.2762,16680821.244,15647808.08,4
1883,300434.SZ,金石亚药,20260928,12.58,9.9297,16.8404,0.66,38.397,31.3225,1.9331,4.8671,4.8722,0.5485,0.6518,40174.3872,34336.3236,20245.9769,505393.7004,431950.9056,1
1884,300435.SZ,中泰股份,20260928,15.58,1.7017,2.5705,1.1,13.3436,13.4695,1.7391,2.1846,2.2786,1.2837,1.6046,38571.3,36887.4635,24420.0105,600940.854,574706.6268,4
1885,300436.SZ,广生堂,20260928,83.56,1.3856,1.8547,0.68,,,67.0543,33.7204,32.8299,,,16802.6389,13672.3469,10214.5408,1404028.5984,1142461.566,4
1886,300437.SZ,清水源,20260928,10.52,2.3921,2.852,0.68,,,1.8656,2.9691,2.7287,,,24520.3097,17375.0597,14573.3097,257953.6612,182785.6312,4
1887,300438.SZ,鹏辉能源,20260928,46.84,3.8351,4.5302,1.16,114.437,21.227,3.7533,1.9739,1.2661,,0.1281,50334.336,40416.4238,34214.7638,2357660.0172,1893105.1128,4
1888,300439.SZ,美康生物,20260928,10.31,1.9811,2.6089,1.05,62.6161,57.9275,1.3177,2.5712,2.4264,1.3098,0.3205,38384.3815,29233.2051,22199.2258,395743.0609,301394.3951,4
1889,300440.SZ,运达科技,20260928,16.18,2.0524,3.1268,0.84,82.1389,116.415,4.2885,5.9789,6.609,0.3516,0.2849,44191.67,43995.1665,28877.4231,715021.2206,711841.794,4
1890,300441.SZ,鲍斯股份,20260928,7.01,0.7137,1.3605,1.14,23.3348,25.4345,1.7619,2.6302,2.5229,4.2796,0.9272,64441.5868,62901.9147,32997.9476,451735.4758,440942.3891,4
1891,300442.SZ,润泽科技,20260928,65.05,1.4408,3.547,0.78,21.1388,19.8742,7.366,18.8149,15.4192,0.8074,1.0299,164104.1973,163622.8373,66464.6836,10674978.21,10643665.742,4
1892,300443.SZ,金雷股份,20260928,20.93,5.953,6.6658,1.66,21.3059,24.8655,1.0466,2.6915,2.5848,0.8109,0.9066,32013.4598,24210.677,21621.8761,670041.7178,506729.5324,1
1893,300444.SZ,双杰电气,20260928,8.43,2.0001,2.1886,0.65,36.5742,21.4612,3.332,1.403,1.7266,,0.7064,80462.009,62744.1699,57341.1083,678294.7443,528933.3531,4
1894,300445.SZ,康斯特,20260928,18.63,1.6955,2.2045,0.97,37.9002,31.5837,2.9733,6.7111,6.2225,0.4831,0.5368,21243.0013,13955.4471,10733.2453,395757.09,259990.0335,4
1895,300446.SZ,航天智造,20260928,12.38,0.6331,1.3245,1.03,11.8787,14.2887,1.7777,1.1625,1.1977,2.2617,2.5848,84541.0111,83631.2957,39974.2919,1046617.8276,1035355.494,4
1896,300447.SZ,全信股份,20260928,13.74,1.6798,2.1479,1.0,144.7027,126.9092,2.1402,5.1173,5.2407,0.3602,0.4322,31231.0375,20145.2815,15755.2615,429114.4896,276796.1472,4
1897,300448.SZ,浩云科技,20260928,5.44,2.0095,2.8098,0.96,,,3.0774,14.3452,17.2726,0.5988,0.5988,67651.7079,63901.7081,45701.7975,368025.3024,347625.3024,4
1898,300449.SZ,汉邦高科,20260928,6.66,1.7768,2.3108,0.88,,,9.5892,15.8145,16.5173,,,38603.5989,38603.5989,29681.4579,257099.976,257099.976,4
1899,300450.SZ,先导智能,20260928,31.2,1.5605,2.2964,0.89,33.4035,29.3528,2.9037,3.6167,3.2603,0.1782,0.9133,167422.1434,155941.3913,105970.9253,5223570.768,4865371.368,4
1900,300451.SZ,创业慧康,20260928,3.43,1.1105,1.3964,0.67,,,1.3919,5.0522,5.7151,,,154912.4692,153114.3411,121766.4306,531349.7721,525182.1862,4
1901,300452.SZ,山河药辅,20260928,13.25,1.8027,2.36,0.89,17.5956,17.2868,3.0922,3.295,3.1265,2.2465,2.2465,23445.6285,19862.9687,15172.2492,310654.5975,263184.3525,1
1902,300453.SZ,三鑫医疗,20260928,9.04,1.273,1.4684,1.31,17.8142,16.7401,3.1606,2.8775,2.7502,3.3196,3.3176,52208.4275,36481.8406,31627.5598,471964.1846,329795.839,1
1903,300454.SZ,深信服,20260928,139.37,4.7962,5.7491,1.03,153.1253,70.6221,5.4311,7.4781,6.6596,0.0437,0.0781,43155.9055,28800.1438,24026.5438,6014637.783,4013875.5118,4
1904,300455.SZ,航天智装,20260928,16.36,0.7972,1.7769,1.19,,,7.0342,10.5369,11.8903,0.0917,,71776.7936,70671.4754,31704.9769,1174268.448,1156185.4128,4
1905,300456.SZ,赛微电子,20260928,35.05,4.3421,4.4902,0.61,17.4176,6.1451,2.839,31.1417,59.3549,,1.0556,73221.3134,59756.276,57784.658,2566407.266,2094457.614,4
1906,300457.SZ,赢合科技,20260928,20.27,1.2229,2.0445,0.63,24.2965,21.1627,1.8371,1.3844,1.1601,0.5716,0.4152,64506.6868,64365.2203,38498.5653,1307550.6063,1304683.0094,4
1907,300458.SZ,全志科技,20260928,32.27,3.6464,4.293,0.61,122.3223,54.2385,9.2052,11.2985,9.4606,0.4938,0.5149,99363.7349,81415.1465,69154.1776,3206467.8898,2627266.8905,4
1908,300459.SZ,汤姆猫,20260928,3.44,1.8441,1.8882,0.82,,,15.6616,13.0582,13.2787,,,351581.0939,328574.1048,320905.2976,1209438.9496,1130294.904,4
1909,300460.SZ,ST惠伦,20260928,8.91,1.3611,1.5724,0.99,,,5.8196,4.5279,4.24,,,28080.4251,28080.4251,24307.6871,250196.6313,250196.6313,4
1910,300461.SZ,田中精机,20260928,35.31,4.0718,7.1878,0.71,354.1239,318.4993,9.9111,17.5892,15.3063,,,15753.8692,14471.1257,8197.7492,556269.1497,510975.6003,4
1911,300462.SZ,ST华铭,20260928,11.26,0.8329,0.9221,1.02,,,1.5033,2.9582,3.2618,,,18122.1938,13803.4042,12468.1442,204055.8594,155426.284,4
1912,300463.SZ,迈克生物,20260928,9.3,0.8535,0.9223,0.8,,,0.8914,2.5909,2.6408,1.1254,,60466.6624,49159.8938,45491.7899,562339.938,457186.977,0
1913,300464.SZ,星徽股份,20260928,10.41,8.6531,12.6221,0.69,1000.3464,233.4958,32.522,3.2534,3.2255,,,46729.9663,35514.2675,24346.7929,486458.9877,369703.5507,4
1914,300465.SZ,高伟达,20260928,10.92,1.5888,2.144,0.9,168.8655,201.414,6.9951,4.7028,4.9414,,,44374.9357,44374.9357,32883.8181,484574.3448,484574.3448,4
1915,300466.SZ,赛摩智能,20260928,7.01,0.8722,1.4706,0.97,,,5.3613,7.9456,7.722,,,53552.9908,46054.0826,27314.7209,375406.4599,322839.1008,4
1916,300467.SZ,迅游科技,20260928,32.31,1.496,1.5332,1.04,256.6337,276.4666,10.0718,22.8832,22.6666,,,20320.4897,16712.02,16305.7614,656555.0319,539965.3662,4
1917,300468.SZ,四方精创,20260928,20.75,2.7648,3.3908,0.41,148.1936,165.1314,6.6934,17.4482,16.2702,0.4819,0.2892,53064.9275,53000.129,43214.9987,1101097.2975,1099752.6975,4
1918,300469.SZ,信息发展,20260928,46.44,1.9449,2.3673,1.12,,,57.9582,44.8718,45.3574,,,24823.8824,24811.5299,20385.0976,1152820.9872,1152247.4532,4
1919,300470.SZ,中密控股,20260928,27.06,0.5949,0.7755,0.79,14.5997,16.9085,1.9107,3.181,3.2479,3.696,3.696,20793.4737,19733.4685,15136.442,562671.5688,533987.6982,4
1920,300471.SZ,厚普股份,20260928,9.76,0.89,1.151,0.67,584.9406,41.4374,2.779,4.2533,4.1278,,,47015.8731,37476.3985,28976.4373,458874.8912,365769.664,4
1921,300472.SZ,ST新元,20260928,6.66,1.4438,1.5874,1.41,,,148.5868,14.7925,11.0322,,,27525.8621,25674.8076,23352.0442,183322.2276,170994.2346,4
1922,300473.SZ,德尔股份,20260928,36.07,7.6097,9.7719,0.9,39.6497,35.6307,3.1904,1.1451,1.1538,,,17266.2383,15313.2998,11924.9006,622793.2155,552350.7238,4
1923,300474.SZ,景嘉微,20260928,52.1,1.826,2.4309,0.72,,,4.018,37.8139,31.6231,0.1152,,52261.9223,40647.9684,30533.0924,2722846.032,2117759.237,4
1924,300475.SZ,香农芯创,20260928,159.7,4.5289,6.2609,0.8,137.6912,18.6149,10.5034,2.1272,0.9573,0.057,0.0731,46954.1767,44849.7141,32442.7902,7498580.949,7162498.687,4
1925,300476.SZ,胜宏科技,20260928,213.5,3.1434,4.5481,0.69,48.6607,41.7508,5.5349,10.8761,9.5851,0.1383,0.9342,98278.4813,86519.4945,59797.7843,20982455.48,18471911.115,4
1926,300477.SZ,ST合纵,20260928,2.64,1.2743,1.2992,0.78,,,1160.9027,1.7017,1.6498,,,107201.8687,99553.5703,97647.443,283012.9368,262821.4248,0
1927,300478.SZ,杭州高新,20260928,33.96,3.271,4.4924,0.95,,,79.4344,10.981,11.1131,,,12667.3,12667.3,9223.335,430181.508,430181.508,4
1928,300479.SZ,神思电子,20260928,14.73,1.266,1.7303,0.98,172.8824,65.2345,5.4548,3.2251,3.1425,,,19704.0865,19692.8365,14408.9938,290241.2457,290075.5332,4
1929,300480.SZ,光力科技,20260928,30.03,4.0083,4.655,1.08,276.0007,124.5399,6.1989,16.5882,13.3147,0.158,,37022.26,25899.8292,22302.0497,1111778.4678,777771.8949,4
1930,300481.SZ,濮阳惠成,20260928,13.52,2.443,3.7927,0.99,30.0454,32.1034,1.6255,2.7976,2.7184,2.9586,2.9586,29185.5438,29005.228,18683.3319,394588.636,392150.7096,4
1931,300482.SZ,万孚生物,20260928,16.38,0.957,1.5291,0.86,,,1.4362,3.6746,4.0796,2.5112,1.3388,46815.3159,42926.3727,26866.9495,766834.7778,703133.9406,4
1932,300483.SZ,首华燃气,20260928,22.96,2.7778,3.2156,1.14,52.2214,25.4309,2.2713,3.1416,2.7434,,,38510.774,38453.174,33218.2464,884207.2792,882884.7832,4
1933,300484.SZ,蓝海华腾,20260928,12.89,2.3355,2.5659,1.41,51.8379,96.5592,3.9715,5.4881,6.0593,1.2441,1.2413,20716.39,17177.5689,15635.4726,267034.2671,221418.8773,1
1934,300485.SZ,赛升药业,20260928,8.48,1.5799,2.051,0.86,280.3194,,1.2716,10.0923,10.5097,,0.3538,48166.64,27386.4432,21096.2484,408453.1072,232237.0112,4
1935,300486.SZ,东杰智能,20260928,17.04,1.117,1.5555,1.11,421.8039,315.1987,4.776,8.0182,7.0533,,0.0763,47714.8936,47700.5527,34253.9944,813061.7256,812817.372,4
1936,300487.SZ,蓝晓科技,20260928,67.0,1.1047,1.3522,0.81,38.0249,39.0704,7.4535,12.245,11.6966,1.1595,0.5255,50914.0859,30802.4558,25163.7269,3411244.03,2063764.82,4
1937,300488.SZ,恒锋工具,20260928,36.53,2.4582,5.6398,0.56,41.225,34.811,3.156,9.7963,9.2022,0.4871,0.8084,19122.0797,16224.7662,7071.8293,698529.5824,592690.8481,4
1938,300489.SZ,光智科技,20260928,257.9,8.7084,15.4912,0.77,,,46.132,17.2582,15.9323,,,13915.7835,13782.2431,7747.6931,3588879.662,3554439.696,4
1939,300490.SZ,华自科技,20260928,10.16,2.5967,3.3189,0.99,,,1.7971,1.7246,1.171,,,39867.0674,39282.446,30733.6211,405049.4312,399109.692,4
1940,300491.SZ,通合科技,20260928,34.69,6.8407,8.6268,0.69,153.4993,239.2719,5.0919,3.9582,3.5038,0.1928,0.228,17767.3649,15760.7067,12497.5519,616350.0653,546739.0299,4
1941,300492.SZ,华图山鼎,20260928,20.64,1.1165,2.8692,1.14,23.6152,94.2985,27.7382,1.7769,1.8835,2.36,2.0755,27530.5961,27530.5961,10713.1686,568231.584,568231.584,4
1942,300493.SZ,润欣科技,20260928,12.73,2.1092,2.6566,0.85,118.1368,91.2213,5.4617,2.2592,2.2403,0.275,0.1571,51252.1047,51211.2297,40659.8747,652439.3603,651918.9579,4
1943,300494.SZ,盛天网络,20260928,7.8,1.2333,1.3336,0.88,169.8485,,2.8881,3.1956,3.3903,,0.0641,49051.0076,39834.8068,36839.6068,382597.878,310711.518,4
1944,300496.SZ,中科创达,20260928,53.21,1.867,2.0355,0.92,54.5787,45.7283,2.3224,3.1586,2.7972,0.1085,0.3462,46171.7054,36953.09,33894.3134,2456796.6891,1966273.9189,4
1945,300497.SZ,富祥股份,20260928,17.49,8.973,9.7924,0.84,,73.1277,3.9853,7.9503,6.0446,,0.2859,53864.8934,45626.2584,41808.4407,942097.101,798003.2874,4
1946,300498.SZ,温氏股份,20260928,14.91,0.6527,0.7228,1.43,18.8383,,2.8333,0.9556,0.985,3.3431,3.3459,665392.9305,594587.9969,536924.9614,9921008.5863,8865307.08,1
1947,300499.SZ,高澜股份,20260928,33.5,7.4723,7.783,0.75,360.2789,327.9165,7.3949,10.3383,9.6019,,0.197,30524.8564,27173.2159,26088.5633,1022582.81,910302.87,4
1948,300500.SZ,启迪设计,20260928,9.72,2.5316,4.7082,1.43,,,1.6707,1.6897,1.8783,1.5432,,17397.4869,16759.7955,9011.7955,169103.6028,162905.256,1
1949,300501.SZ,海顺新材,20260928,10.45,5.4552,10.5607,5.66,,,2.2673,2.6312,2.3938,3.0081,5.06,27818.2696,27722.2819,14320.167,290700.9215,289697.826,1
1950,300502.SZ,新易盛,20260928,399.7,3.0846,3.2033,1.21,58.4852,42.4945,22.9445,22.441,15.7861,0.0572,0.1786,139473.7276,125472.3748,120824.0605,55747645.884,50151306.289,4
1951,300503.SZ,昊志机电,20260928,61.81,4.3172,5.7582,1.1,161.0331,66.6301,12.1054,12.0419,9.3319,0.0845,0.1605,31068.8746,24328.1959,18240.1719,1920367.4728,1503726.042,4
1952,300504.SZ,天邑股份,20260928,17.32,4.1885,7.6798,0.8,,,2.1165,3.8285,3.4486,,,27102.458,22022.1223,12010.6078,469414.6072,381423.1184,4
1953,300505.SZ,川金诺,20260928,18.95,6.7985,7.416,1.05,11.4777,13.015,1.7811,1.2783,1.1724,1.5831,2.1108,27486.7523,21729.9624,19920.8499,520873.9125,411782.742,1
1954,300506.SZ,名家汇,20260928,4.7,1.9651,1.9651,0.82,,,4.9769,37.2613,39.7724,,,142559.6569,76099.6513,76099.6513,670030.402,357668.355,4
1955,300507.SZ,苏奥传感,20260928,6.27,1.1081,1.714,1.37,42.1615,53.037,2.3434,2.197,2.3582,0.9481,0.9529,80400.2307,77834.7148,50322.6444,504109.4421,488023.6317,4
1956,300508.SZ,维宏股份,20260928,37.16,2.5015,4.0558,1.16,46.4284,63.1227,4.7109,7.4684,7.1268,0.4977,0.4298,10971.199,8278.7793,5106.2026,407689.792,307639.4648,4
1957,300509.SZ,新美星,20260928,8.94,2.1327,4.0593,1.41,21.4537,19.2416,3.7044,2.1752,1.9684,1.6779,1.7897,29640.0,24710.3523,12982.3723,264981.6,220910.529,1
1958,300510.SZ,金冠股份,20260928,3.39,1.7245,2.3434,0.74,,,1.4911,2.6126,2.9019,,,82469.07,82469.07,60689.4985,279570.1473,279570.1473,1
1959,300511.SZ,雪榕生物,20260928,4.75,2.6473,2.7621,0.62,102.169,20.2663,1.8617,1.5315,1.2935,,,64084.7016,56969.7713,54600.8691,304402.325,270606.4075,4
1960,300512.SZ,中亚股份,20260928,7.42,1.8137,4.8452,1.58,113.2963,103.6115,1.8487,2.618,2.3934,0.7967,0.4023,40923.7375,32633.0671,12215.6622,303654.1508,242137.3794,4
1961,300513.SZ,恒实科技,20260928,7.34,1.8861,1.8008,0.8,,,4.4331,2.7105,2.4512,,,31369.1155,28715.5781,30075.4292,230249.3408,210772.3572,4
1962,300514.SZ,友讯达,20260928,10.11,3.0175,3.995,1.87,28.9054,,1.9551,2.5385,2.6291,2.9674,5.9347,20000.0,16025.8325,12104.45,202200.0,162021.1413,1
1963,300515.SZ,三德科技,20260928,16.33,2.2487,4.0241,0.8,18.2975,16.0082,3.5787,5.092,4.7415,1.7925,2.39,20575.45,20207.7775,11292.2065,335997.0985,329993.0474,4
1964,300516.SZ,久之洋,20260928,34.0,1.7928,5.603,0.81,354.6167,300.594,6.5571,12.5307,12.527,0.145,0.1134,25200.0,25200.0,8063.4453,856800.0,856800.0,4
1965,300517.SZ,海波重科,20260928,11.43,3.2581,4.0529,0.73,1286.3697,,2.2581,9.7998,14.3219,0.8638,0.8725,20041.745,12623.285,10147.9143,229077.2025,144284.2047,4
1966,300518.SZ,新迅达,20260928,25.79,4.6707,5.7347,1.03,,,8.3181,40.2616,42.3873,,,19941.1576,19937.6476,16238.4192,514282.5164,514191.9935,1
1967,300519.SZ,新光药业,20260928,14.65,1.9305,2.7955,0.79,43.2381,37.7968,2.8274,8.8333,8.7787,2.0478,2.0478,16000.0,11410.0,7879.71,234400.0,167156.5,1
1968,300520.SZ,科大国创,20260928,22.58,5.0992,6.451,0.89,,,4.0121,4.4792,4.7324,,,29203.1018,28221.916,22308.2726,659406.2238,637250.9536,4
1969,300521.SZ,爱司凯,20260928,24.02,1.7987,2.3965,1.06,,,6.8879,18.5413,17.8022,0.1602,,14973.0,14773.0,11087.652,359651.46,354847.46,4
1970,300522.SZ,世名科技,20260928,14.14,8.7678,14.4354,0.85,223.3826,680.4637,5.8598,6.346,6.6572,0.2829,0.2829,32245.1507,26369.5043,16016.301,455946.421,372864.73,4
1971,300523.SZ,辰安科技,20260928,21.87,2.1225,4.4496,0.97,,,5.4723,3.4654,3.4207,,,23263.7638,23263.0438,11096.6846,508778.4312,508762.6848,4
1972,300525.SZ,博思软件,20260928,7.68,1.3598,1.3667,0.77,33.2284,34.4719,2.3794,2.8801,2.961,1.562,0.7813,75163.5578,61539.4865,61228.2889,577256.1408,472623.2832,4
1973,300527.SZ,ST应急,20260928,7.99,0.5585,1.2638,0.95,456.248,298.4171,2.7686,8.0946,7.9873,0.0319,0.0658,101677.0372,101677.0372,44931.8479,812399.5496,812399.5496,4
1974,300528.SZ,幸福蓝海,20260928,13.34,3.5649,9.0158,1.23,,,14.5251,5.9767,7.1844,,,37260.8054,37260.8054,14733.1068,497059.2054,497059.2054,4
1975,300529.SZ,健帆生物,20260928,15.0,0.6274,0.7834,0.81,22.4824,22.8143,3.587,5.9544,6.2722,5.1714,3.3614,79860.5275,51240.2075,41036.3426,1197907.95,768603.15,1
1976,300530.SZ,领湃科技,20260928,18.66,1.3832,4.6057,0.68,,,36.6864,24.6129,22.232,,,17195.1354,17195.1354,5164.279,320861.3124,320861.3124,4
1977,300531.SZ,优博讯,20260928,14.9,1.5286,2.2258,0.82,57.3504,35.701,3.2098,3.108,2.6826,0.3323,0.5297,32107.8965,31160.8338,21400.5137,478407.561,464296.367,4
1978,300532.SZ,今天国际,20260928,7.36,0.9506,1.4652,0.74,19.8957,26.0375,2.5508,1.9819,1.8032,2.907,3.879,63564.03,60458.151,39223.6592,467831.2608,444971.9914,4
1979,300533.SZ,冰川网络,20260928,13.65,1.3713,1.5933,0.53,9.2673,35.8427,3.5127,1.7544,1.8013,5.2329,10.4657,32824.6758,23097.1287,19879.1129,448056.882,315275.8245,4
1980,300534.SZ,陇神戎发,20260928,13.0,14.5478,23.3308,0.65,89.725,114.1222,5.5069,4.4461,5.3442,0.3077,0.1538,30334.5,30205.9644,18834.7617,394348.5,392677.48,4
1981,300535.SZ,达威股份,20260928,15.65,2.5626,3.4527,1.06,46.767,129.6835,1.7607,2.3496,2.3343,,0.6709,10701.9863,8116.1046,6023.7808,167486.0856,127017.037,4
1982,300536.SZ,农尚环境,20260928,8.17,1.5551,1.6638,0.94,,,8.9642,12.5244,11.4943,,,29328.8133,29326.6871,27411.4266,239616.4594,239599.0573,4
1983,300537.SZ,广信材料,20260928,20.38,5.2645,5.9881,0.8,308.6739,281.7662,4.6427,8.7689,8.257,,,20720.9354,15176.2133,13342.3417,422292.5534,309291.1598,4
1984,300538.SZ,同益股份,20260928,14.31,3.2958,3.9419,0.9,,,2.9305,0.8638,0.9476,,0.1389,18191.8573,12246.7173,10239.6729,260325.5166,175250.5632,4
1985,300539.SZ,横河精密,20260928,17.39,2.6586,4.2768,0.63,88.5656,101.8193,4.0628,4.8458,4.9213,0.6438,1.0902,26867.7162,21846.4737,13580.6906,467229.4769,379910.1133,4
1986,300540.SZ,蜀道装备,20260928,25.4,4.9225,7.5311,1.0,96.2172,68.8625,5.0037,8.1364,7.1771,0.1418,0.1986,22759.183,20672.7206,13511.9978,578083.172,525087.088,4
1987,300541.SZ,先进数通,20260928,9.25,1.2455,1.2455,1.05,33.3107,94.8501,2.3583,1.1099,1.1346,0.1946,0.7568,43004.4492,38804.5412,38804.5412,397791.1625,358941.995,4
1988,300542.SZ,新晨科技,20260928,12.22,1.4764,2.1746,0.71,,,6.7429,3.3974,3.3735,,,29855.9899,25195.1537,17105.5783,364840.1978,307884.733,4
1989,300543.SZ,朗科智能,20260928,7.8,1.4351,1.5915,0.84,259.5199,,1.7315,1.4819,1.3968,1.2821,0.3846,30637.1334,25019.8808,22560.9423,238969.614,195155.064,4
1990,300545.SZ,联得装备,20260928,26.73,7.7529,9.2981,0.82,44.7864,54.9144,2.2764,4.2511,4.4438,0.7234,0.3726,18622.9126,12415.1509,10351.9683,497790.3843,331856.9595,4
1991,300546.SZ,雄帝科技,20260928,16.47,2.03,2.3028,0.7,82.8098,271.361,2.7465,5.2278,5.1026,0.2717,0.2732,18764.9691,13796.5823,12161.6737,309059.0559,227229.6726,4
1992,300547.SZ,川环科技,20260928,23.67,3.5065,4.033,0.91,25.1627,28.4414,3.7746,3.3708,3.5142,1.1666,1.1666,21690.6174,17848.4242,15518.5035,513416.7387,422472.1014,4
1993,300548.SZ,长芯博创,20260928,213.01,4.0332,4.5494,1.0,187.5537,128.6771,30.0507,24.7973,20.7871,0.0371,0.1361,29483.3753,29423.7505,26085.3406,6280253.7727,6267553.094,4
1994,300549.SZ,优德精密,20260928,14.89,2.0167,3.0133,1.16,250.7586,298.2279,3.6259,6.2962,6.3305,0.3358,0.3358,13334.0,10205.4725,6830.24,198543.26,151959.4483,4
1995,300550.SZ,和仁科技,20260928,13.86,1.3751,2.7405,0.56,76.3484,185.8194,3.2716,8.3646,8.3873,0.1804,0.2165,26256.0141,26231.6361,13162.0581,363908.4372,363570.5304,4
1996,300551.SZ,古鳌科技,20260928,11.58,1.7663,2.2279,0.7,,23.4077,6.1391,25.6018,32.8935,,,34006.2839,32732.5188,25950.692,393792.8382,379042.5816,4
1997,300552.SZ,万集科技,20260928,19.66,1.8997,2.3391,0.85,,,2.4222,3.8302,3.6098,,,21313.3112,13795.7726,11204.0242,419019.6746,271224.8382,4
1998,300553.SZ,集智股份,20260928,59.89,6.6769,7.807,1.08,350.9626,,7.8674,21.5285,22.2688,,0.0835,11102.5047,8508.9212,7277.1923,664928.725,509599.2188,4
1999,300554.SZ,三超新材,20260928,23.16,9.1967,11.7313,0.96,,,5.4028,11.5906,10.6553,,,11421.1577,8787.4104,6888.872,264514.0656,203516.4156,4
2000,300555.SZ,ST路通,20260928,12.19,0.4629,0.5571,1.18,,,6.1314,20.9709,20.0824,,,20000.0,19803.7363,16456.0292,243800.0,241407.5906,4
2001,300556.SZ,丝路视觉,20260928,15.83,2.7731,2.8824,0.77,,93.644,4.9087,3.1658,2.7494,,,12156.535,10850.6536,10439.3599,192437.8699,171765.7895,4
2002,300557.SZ,理工光科,20260928,23.86,1.5803,2.9971,1.09,80.652,80.1035,3.7008,5.1808,4.9419,0.4963,0.6448,15712.8241,15615.2391,8233.8233,374908.1238,372579.6264,4
2003,300558.SZ,贝达药业,20260928,47.71,1.7099,2.8925,0.57,66.1488,43.1964,3.0482,5.5958,5.2408,0.4144,0.3125,42333.1685,42217.9362,24956.5638,2019715.4691,2014217.7361,4
2004,300559.SZ,佳发教育,20260928,12.67,1.506,1.8772,0.75,159.8986,367.756,4.3136,11.7573,16.5156,1.1839,0.5525,39951.4567,31113.6833,24960.3836,506184.8715,394210.3256,4
2005,300560.SZ,中富通,20260928,15.92,8.0468,10.0865,1.22,,,4.0709,3.2096,3.2077,,,22974.3622,18696.4785,14915.6436,365751.8112,297647.9616,4
2006,300561.SZ,汇金科技,20260928,14.35,3.7548,6.3641,0.66,,,8.046,42.007,44.8029,0.2439,0.2091,32810.7975,24105.7574,14222.2872,470834.98,345917.656,4
2007,300562.SZ,乐心股份,20260928,16.04,8.9901,9.9872,1.0,42.8242,35.2049,3.1215,3.5606,3.5141,1.7295,0.8093,21892.4188,16727.8783,15057.8064,351154.3976,268315.1679,4
2008,300563.SZ,神宇股份,20260928,24.11,5.4025,6.2786,0.68,59.3517,70.7685,3.8986,5.1991,4.9882,0.9648,0.8163,18213.8114,12672.9881,10904.6726,439134.9591,305545.7889,4
2009,300564.SZ,筑博设计,20260928,12.45,2.0179,3.1728,0.99,82.5568,45.7388,1.6671,5.7026,5.7982,4.0161,2.008,16131.52,11807.59,7509.4475,200837.424,147004.4955,4
2010,300565.SZ,科信技术,20260928,9.58,2.9311,3.0262,0.96,,,4.6926,4.0462,3.8846,,,24970.4612,22820.5145,22103.8656,239217.0068,218620.4858,4
2011,300566.SZ,激智科技,20260928,24.27,8.252,9.1397,0.76,31.2314,31.4036,2.5298,2.9922,2.9819,0.8166,1.0207,26210.4623,22668.0431,20466.2197,636127.8642,550153.3308,4
2012,300567.SZ,精测电子,20260928,194.15,2.2287,2.7418,0.88,662.1843,419.7631,9.753,16.2242,14.3744,,0.103,27974.6846,22704.974,18455.9827,5431285.0151,4408170.7021,4
2013,300568.SZ,星源材质,20260928,16.12,6.053,6.2742,1.05,662.844,172.3116,2.2135,5.8434,4.9404,0.307,0.0611,149541.9139,120874.4694,116612.2321,2410615.5892,1948496.4564,4
2014,300569.SZ,天能重工,20260928,5.5,8.2238,10.6369,2.47,51.4236,61.8274,1.074,1.4214,1.3586,0.1783,0.4992,102272.6168,101964.7941,78833.0989,562499.355,560806.345,1
2015,300570.SZ,太辰光,20260928,202.37,6.4297,8.0012,0.65,153.7434,152.2372,27.5532,29.7161,26.7356,0.3953,0.4941,22712.6867,19219.2798,15444.4368,4596367.0753,3889405.6936,4
2016,300571.SZ,平治信息,20260928,27.47,4.6253,5.9071,0.99,,,3.1426,3.8008,3.817,,,13952.8294,11563.7175,9054.4675,383284.2401,317655.3884,4
2017,300572.SZ,安车检测,20260928,23.2,2.5258,2.7489,1.1,,,3.2874,12.0991,10.5838,,,22898.8812,18133.969,16661.7269,531254.016,420708.104,4
2018,300573.SZ,兴齐眼药,20260928,35.58,1.0655,1.1762,0.67,18.1474,15.9558,5.8381,5.1066,4.6581,2.7478,2.7946,35491.7774,27199.7626,24639.8524,1262797.1766,967767.4608,4
2019,300575.SZ,中旗股份,20260928,6.08,6.2958,7.1333,0.8,,,1.4494,1.0863,1.0056,0.7986,,47858.545,34632.1716,30566.0388,290979.9536,210563.6033,4
2020,300576.SZ,容大感光,20260928,27.65,4.4153,5.2807,0.98,94.4872,122.8875,6.4151,10.4433,9.8365,0.2457,0.2298,40368.8373,26155.0576,21868.5477,1116198.426,723187.409,4
2021,300577.SZ,开润股份,20260928,18.75,1.1186,1.5685,0.6,13.5825,12.6506,2.1127,0.9193,0.897,1.8401,2.7908,23983.6247,14257.0241,10167.6832,449692.875,267319.125,4
2022,300578.SZ,会畅科技,20260928,15.23,1.7394,2.3922,0.89,,,2.6618,6.5685,7.1142,,,19826.974,19821.6115,14412.6115,301964.7531,301883.1203,4
2023,300579.SZ,数字认证,20260928,23.64,2.1584,4.4838,1.03,,,8.4732,7.6098,7.4787,0.1269,,27000.0,26280.0019,12650.8334,638280.0,621259.2,1
2024,300580.SZ,贝斯特,20260928,18.1,0.9294,2.1698,0.61,32.7043,32.9733,2.7161,6.0455,5.7557,0.9359,0.7735,50232.2762,47259.2472,20243.3063,909204.268,855392.425,4
2025,300581.SZ,晨曦航空,20260928,9.92,1.3317,2.4212,0.91,,,6.1116,41.9733,39.0949,,,55010.9546,55010.9546,30256.4644,545708.624,545708.624,4
2026,300582.SZ,英飞特,20260928,10.48,2.4437,2.6947,1.2,,,3.486,1.3541,1.3326,0.3577,,29853.6488,22631.3141,20523.1723,312866.1472,237176.1288,4
2027,300583.SZ,赛托生物,20260928,13.51,1.9655,3.6708,0.9,,262.4013,1.455,2.5204,2.2845,0.148,0.037,18970.2126,18614.8926,9967.0744,256287.5371,251487.1639,4
2028,300584.SZ,海辰药业,20260928,29.71,2.1204,3.0269,0.84,84.7679,79.2872,3.3213,5.3129,4.9065,0.3366,0.3366,12000.0,8213.1521,5753.4781,356520.0,244012.6865,4
2029,300585.SZ,奥联电子,20260928,13.83,10.4268,16.4097,1.93,,,3.7873,5.0705,5.5925,,,17111.1111,17111.1111,10872.4963,236646.6513,236646.6513,4
2030,300586.SZ,美联新材,20260928,8.64,4.3295,4.8542,1.09,,,3.313,3.6934,3.6322,,,71121.6645,53533.1093,47747.1343,614491.2288,462526.0704,4
2031,300587.SZ,天铁科技,20260928,4.41,3.694,4.4224,1.03,,,2.5162,3.6227,2.9815,0.6111,,129826.8797,105261.2511,87924.623,572536.5408,464202.1125,4
2032,300588.SZ,熙菱信息,20260928,21.15,1.3248,1.728,0.69,,,16.8509,18.0381,18.9038,,,19147.103,17682.203,13556.703,404961.165,373978.53,4
2033,300589.SZ,江龙船艇,20260928,13.2,5.5745,5.9555,0.66,,,7.3742,7.0945,5.7969,0.0758,,37766.7996,22253.7759,20830.1458,498521.76,293749.896,4
2034,300590.SZ,移为通信,20260928,11.11,3.7457,5.19,0.91,68.8783,38.9722,2.7158,5.763,4.5254,1.9584,1.0801,46223.6538,35781.4593,25824.3128,513544.7515,397532.0206,4
2035,300591.SZ,万里马,20260928,6.38,2.4402,2.6733,0.55,,,15.3452,5.0093,4.7561,,,40567.3777,35049.9727,31993.7352,258819.8844,223618.8086,4
2036,300592.SZ,华凯易佰,20260928,19.25,2.5503,3.8654,0.5,51.3336,27.3893,3.1676,0.8246,0.8786,0.2659,1.2788,39122.9329,34388.6124,22688.4312,753116.4025,661980.7425,4
2037,300593.SZ,新雷能,20260928,30.03,3.9585,4.2035,1.08,,,7.0198,13.7109,11.9745,,,54249.8469,45026.2151,42402.2673,1629122.9955,1352137.3866,4
2038,300594.SZ,ST朗进,20260928,15.15,1.439,2.2648,0.82,,,1.9029,1.7812,1.8263,,,9187.345,9099.0625,5781.4325,139188.201,137850.759,4
2039,300595.SZ,欧普康视,20260928,10.02,0.873,1.1831,0.86,18.6882,19.4217,1.7824,4.815,4.8293,2.7995,1.8782,89435.6608,66849.476,49330.7632,896145.3132,669831.7896,4
2040,300596.SZ,利安隆,20260928,39.24,0.9701,1.425,1.04,18.1453,16.3044,1.8071,1.496,1.4041,0.9429,1.1468,22961.9667,22961.9667,15631.4728,901027.7028,901027.7028,4
2041,300597.SZ,吉大通信,20260928,7.93,1.3695,1.6635,1.12,,,2.3276,4.5807,4.6169,0.0493,,27257.003,27155.2238,22355.2238,216148.01,215340.8946,4
2042,300598.SZ,诚迈科技,20260928,30.53,2.5648,3.4929,1.15,,,4.6178,2.9831,2.9058,,,21698.1741,21693.5825,15929.6756,662445.1301,662304.9974,4
2043,300599.SZ,雄塑科技,20260928,14.74,12.3744,22.671,2.38,,,2.7097,5.8032,6.2707,,0.6751,35813.1567,31702.508,17304.003,527885.9784,467294.9974,1
2044,300600.SZ,国瑞科技,20260928,10.1,1.8125,3.0799,0.66,,,2.5126,10.7323,11.8753,,,29423.448,29423.448,17315.4154,297176.845,297176.845,4
2045,300601.SZ,康泰生物,20260928,12.86,1.31,1.9652,0.44,204.2319,172.6745,1.5729,5.3735,5.6239,0.6998,0.2722,111693.0267,90039.7192,60020.4668,1436372.3658,1157910.7992,4
2046,300602.SZ,飞荣达,20260928,35.17,3.6139,4.7627,0.88,56.5756,45.7246,4.7581,3.1601,2.8053,0.1069,0.1693,58644.3631,40117.9301,30440.8221,2062522.1412,1410947.5981,4
2047,300603.SZ,立昂技术,20260928,7.82,2.3664,2.5372,0.92,,,2.9241,4.98,5.0979,,,46479.8231,37393.1454,34875.5496,363472.2706,292414.433,4
2048,300604.SZ,长川科技,20260928,248.93,3.255,3.5666,0.95,120.7051,86.0288,28.5462,30.3701,24.4029,0.0392,0.0395,64558.2194,48947.8185,44672.7048,16070477.5552,12184580.4592,4
2049,300605.SZ,恒锋信息,20260928,10.42,7.2949,8.3242,2.52,,,4.1747,3.9355,6.0091,,,16514.4125,12638.295,11075.5708,172080.2564,131691.086,1
2050,300606.SZ,金太阳,20260928,32.76,5.6695,8.218,0.64,227.5931,246.9351,6.8434,8.3181,8.564,0.3663,0.6105,13834.7826,11892.2441,8204.2506,453227.3928,389589.7824,4
2051,300607.SZ,拓斯达,20260928,30.6,5.537,6.1848,1.01,197.575,97.6704,4.9279,5.8147,5.3813,,0.1041,47697.2412,34517.7635,30902.017,1459535.544,1056243.456,4
2052,300608.SZ,思特奇,20260928,9.67,2.0944,3.1137,0.7,,,2.3293,5.4569,5.447,,,34802.9112,30436.6058,20472.7307,336544.2364,294322.0187,4
2053,300609.SZ,汇纳科技,20260928,23.9,2.3068,2.8848,0.85,,,3.3391,9.3462,8.996,,,12011.4387,11989.4463,9587.1621,287073.416,286547.855,4
2054,300610.SZ,晨化股份,20260928,10.29,2.4504,2.6558,1.56,33.0747,31.454,1.8442,2.4943,2.2594,1.9626,1.4577,21208.728,16557.7628,15276.8637,218237.8317,170379.3504,4
2055,300611.SZ,美力科技,20260928,27.14,2.5639,2.985,1.03,39.2634,31.4799,4.4379,2.847,1.7917,0.4359,0.5527,21107.468,14830.298,12737.908,572856.7358,402494.342,4
2056,300612.SZ,宣亚国际,20260928,11.99,2.3565,2.9628,0.62,,,4.9887,6.2774,7.9414,,,18298.5996,18204.4746,14479.4671,219400.214,218271.5953,4
2057,300613.SZ,富瀚微,20260928,82.04,6.6671,11.2801,0.92,131.8144,40.5062,6.0173,11.3078,7.7518,0.1445,0.0965,23289.513,21969.0104,12984.7714,1910671.4004,1802337.5804,4
2058,300614.SZ,百川畅银,20260928,10.3,1.6374,2.8666,0.95,,,2.3826,4.1948,4.7001,,,16044.0728,16044.0728,9164.2324,165253.921,165253.921,4
2059,300615.SZ,欣天科技,20260928,13.21,6.3847,8.9128,0.77,,,5.6658,5.3824,4.3142,0.3794,0.379,19298.92,15308.7263,10966.4908,254938.7332,202228.3233,4
2060,300616.SZ,尚品宅配,20260928,10.51,2.3889,2.7096,0.51,,,0.8732,0.6643,0.7426,7.9428,1.7651,22451.598,15520.1092,13683.2563,235966.316,163116.3561,4
2061,300617.SZ,安靠智电,20260928,34.23,2.2126,3.3736,1.25,77.0717,67.5413,1.858,6.8567,6.3094,0.6941,,16570.7664,13887.2724,9108.3341,567217.1148,475361.2521,4
2062,300618.SZ,寒锐钴业,20260928,30.21,1.1796,1.484,1.14,36.759,41.4176,1.6811,1.3975,1.2586,0.4943,0.5627,30969.7091,27249.6658,21659.1782,935594.9391,823212.5307,4
2063,300619.SZ,金银河,20260928,23.45,6.2129,7.0352,1.88,275.8661,69.4388,3.3041,2.7486,2.3865,,0.1082,22619.9555,19043.2446,16817.4434,530437.8275,446563.978,4
2064,300620.SZ,光库科技,20260928,255.27,4.1781,8.1946,0.92,360.0343,232.8276,28.1774,43.1545,33.3206,0.0392,0.0783,24918.0545,24733.6042,12610.7772,6360830.6235,6313746.072,4
2065,300621.SZ,维业股份,20260928,7.04,1.6916,2.7796,0.86,,,3.5811,0.1688,0.2059,0.142,,20805.67,20252.9013,12325.1157,146471.9168,142580.416,4
2066,300622.SZ,博士眼镜,20260928,14.74,2.1228,2.4989,0.43,31.6407,26.775,5.0694,3.4564,3.3092,0.4101,2.3939,31899.5824,22079.6753,18756.2735,470199.9566,325454.4832,4
2067,300623.SZ,捷捷微电,20260928,33.05,2.5144,4.0313,0.64,58.4417,52.8053,4.4873,7.9729,6.9516,0.448,0.448,84291.9919,76765.819,47879.151,2785850.2695,2537110.351,4
2068,300624.SZ,万兴科技,20260928,46.97,3.7883,4.7396,0.69,,,9.4406,5.9245,6.1405,,,19333.6324,17123.3216,13686.5526,908100.6011,804282.3404,4
2069,300625.SZ,三雄极光,20260928,9.94,1.2802,2.038,0.92,,,1.5135,1.538,1.5847,3.0181,2.5151,27933.1,16197.1756,10174.4103,277655.014,160999.9692,4
2070,300626.SZ,华瑞股份,20260928,28.67,2.2876,3.9147,0.92,519.6581,362.5027,9.7128,6.2765,6.0517,,0.0593,18000.0,17990.1525,10513.0705,516060.0,515777.6005,4
2071,300627.SZ,华测导航,20260928,26.01,0.7292,0.9877,1.13,30.1292,29.838,4.7294,5.5827,5.4423,1.3518,1.7147,79397.0662,65713.1856,48512.6526,2065117.6919,1709199.9575,4
2072,300628.SZ,亿联网络,20260928,41.1,1.1717,1.7027,1.33,20.0224,18.0498,5.6546,8.6307,7.734,4.3683,4.3795,126691.8377,72587.0698,49953.2786,5207034.624,2983328.577,1
2073,300629.SZ,新劲刚,20260928,18.54,6.8962,7.735,2.1,57.2048,44.9339,2.6364,11.8916,10.2291,0.5365,0.5365,25142.3424,21692.4037,19340.2204,466138.9836,402177.096,4
2074,300631.SZ,久吾高科,20260928,20.84,1.0667,1.4476,1.08,35.3627,35.9992,1.91,4.1133,3.9366,0.8639,1.1998,12501.6424,12160.5081,8960.5081,260534.1776,253425.0284,4
2075,300632.SZ,光莆股份,20260928,17.84,5.673,6.663,0.86,,,3.2265,6.7645,6.9139,0.5189,0.5407,30518.162,22758.5633,19377.1569,544443.9744,406012.7104,4
2076,300633.SZ,开立医疗,20260928,19.29,1.0532,1.2907,0.77,41.5405,49.9623,2.7168,3.5493,3.4175,0.5245,0.9279,42483.7505,26011.6315,21225.3715,819511.5375,501764.3427,1
2077,300634.SZ,彩讯股份,20260928,20.63,2.0365,3.4698,0.43,32.0263,41.5561,3.069,5.0867,5.7953,0.7712,0.7019,45121.09,43427.35,25487.8268,930848.0867,895906.2305,4
2078,300635.SZ,中达安,20260928,11.74,2.5829,3.0142,0.93,,,5.097,2.7886,3.0294,,,14001.4,12037.6332,10315.0355,164376.436,141321.7762,4
2079,300636.SZ,同和药业,20260928,7.06,1.6431,2.0442,0.99,40.5637,75.6806,1.2494,3.5779,3.7798,0.5666,0.5666,41995.1495,36731.0277,29523.0436,296485.759,259321.0718,1
2080,300637.SZ,扬帆新材,20260928,9.33,1.3509,2.1756,1.19,144.1611,,3.0674,2.3812,2.4102,,0.3215,23475.013,23453.4869,14563.0269,219021.8713,218821.0328,4
2081,300638.SZ,广和通,20260928,19.97,2.3183,2.6729,0.65,51.7078,93.9694,2.9546,2.5681,2.5422,1.7511,1.1688,89858.3044,53039.1685,46001.3561,1794470.4507,1059192.2249,4
2082,300639.SZ,凯普生物,20260928,6.29,3.3894,5.4398,1.52,,,1.0679,6.0726,6.2111,,,64650.0674,63020.2146,39265.901,406648.9239,396397.1498,1
2083,300640.SZ,德艺文创,20260928,6.26,3.5035,4.0694,0.71,150.7102,,2.4491,1.847,1.805,0.3195,0.3994,31099.3427,22774.6405,19607.2338,194681.8684,142569.2464,4
2084,300641.SZ,正丹股份,20260928,12.98,0.8632,1.9806,1.42,9.5522,21.2522,2.1424,2.9782,3.5876,4.6225,3.8521,52554.481,52554.121,22904.417,682157.1504,682152.4776,4
2085,300642.SZ,透景生命,20260928,20.32,15.8032,18.5237,0.62,919.0236,267.9669,2.2942,9.063,8.4093,0.7327,0.7268,16227.2241,13770.5571,11748.1346,329737.3136,279817.7792,4
2086,300643.SZ,万通智控,20260928,17.2,1.8329,3.1324,1.14,25.2203,24.5179,3.0222,3.2576,3.1623,0.9235,1.2727,23158.1854,23109.9303,13522.9094,398320.7889,397490.8012,4
2087,300644.SZ,南京聚隆,20260928,20.62,2.9507,4.1064,0.72,17.2694,22.8966,2.137,0.7997,0.7597,1.1846,1.2096,11093.3506,8846.7086,6356.9008,228744.877,182419.1602,4
2088,300645.SZ,正元智慧,20260928,13.89,2.2686,3.1073,0.66,150.7436,132.1014,1.8781,1.4995,1.4442,0.1406,0.1421,14210.6515,13932.0444,10171.7386,197385.9285,193516.0356,4
2089,300647.SZ,超频三,20260928,9.52,19.9823,24.2614,1.78,,,9.9098,6.1797,5.0362,,,45732.1024,45664.2143,37610.1961,435369.592,434723.2792,4
2090,300648.SZ,星云股份,20260928,37.63,1.2821,1.5239,0.84,,,5.493,6.8677,6.0266,,,17428.14,13579.0617,11424.6387,655820.9082,510980.0278,4
2091,300649.SZ,杭州园林,20260928,26.58,3.739,4.3659,0.72,,,8.3152,24.8418,26.7964,0.1881,0.1881,13241.6609,10179.6692,8718.0662,351963.3228,270575.6286,4
2092,300650.SZ,太龙股份,20260928,12.16,2.8789,3.1348,0.74,73.5253,86.8672,2.0593,1.0961,0.9856,0.3718,0.2796,24140.2672,17034.5341,15643.8746,293545.5616,207139.8848,4
2093,300651.SZ,金陵体育,20260928,15.96,2.9806,4.5139,0.78,37.0365,82.7745,2.1196,5.3872,5.2876,0.8569,1.2531,14120.9688,10340.6515,6828.0731,225370.6812,165036.774,4
2094,300652.SZ,雷迪克,20260928,27.72,2.8938,5.4286,0.59,26.1819,38.8396,2.3873,3.5402,3.7716,0.4163,0.3608,13339.0572,11947.6378,6368.7786,369758.7432,331188.5808,4
2095,300653.SZ,正海生物,20260928,15.6,1.2876,2.2446,1.3,34.0735,40.3723,3.2163,7.7114,8.3554,2.9101,1.7713,18000.0,18000.0,10325.1626,280800.0,280800.0,1
2096,300654.SZ,世纪天鸿,20260928,9.3,1.9116,3.5607,0.82,136.2967,154.2679,4.0806,6.7068,6.6985,0.5914,0.5376,36612.4852,35264.8284,18932.1247,340496.157,327962.919,4
2097,300655.SZ,晶瑞电材,20260928,12.8,2.4627,2.8455,0.71,96.5548,112.0038,5.5297,8.9581,8.052,0.4043,0.1673,112662.6471,112149.2066,97058.9506,1442081.92,1435509.888,4
2098,300656.SZ,民德电子,20260928,28.3,4.6411,5.9985,0.65,,,6.1942,15.9746,14.9523,,,17112.5072,13495.0642,10441.1597,484283.75,381910.198,4
2099,300657.SZ,弘信电子,20260928,33.43,5.1061,6.1984,0.93,109.4729,74.2069,10.3193,2.204,2.2402,,,48212.5646,47770.6438,39352.1127,1611745.8808,1596972.4952,4
2100,300658.SZ,延江股份,20260928,10.12,2.3707,3.6034,0.76,83.1118,56.077,2.5101,1.9324,1.88,0.5844,1.0227,33276.4105,23942.8809,15752.4854,336757.2692,242301.9456,4
2101,300659.SZ,中孚信息,20260928,11.6,16.9133,18.4725,2.11,,,2.6768,4.1678,4.7034,,,26039.2378,18236.201,16696.8735,302055.184,211539.92,1
2102,300660.SZ,江苏雷利,20260928,23.41,0.6819,1.8506,0.94,45.5186,63.7937,3.8631,3.2556,3.005,1.244,0.6572,58127.7512,58092.7889,21405.4149,1360770.6275,1359952.2139,4
2103,300661.SZ,圣邦股份,20260928,117.0,1.7628,2.6431,0.87,146.7348,104.7214,8.213,20.593,17.1717,0.1302,0.17,68609.1144,60234.4418,40172.0529,8027265.87,7047429.48,4
2104,300662.SZ,科锐国际,20260928,20.26,0.8031,1.1389,0.65,12.7177,11.7801,1.6606,0.2742,0.2559,0.7897,1.1352,19680.6359,19636.9135,13847.1469,398729.5638,397843.7966,4
2105,300663.SZ,科蓝软件,20260928,7.44,2.845,2.9838,0.72,,,12.9606,6.0248,7.7618,,,47846.0941,46039.6642,43897.6429,355974.9401,342535.1016,4
2106,300664.SZ,鹏鹞环保,20260928,4.57,0.7538,1.0838,1.17,20.1952,23.4008,0.7775,2.0743,2.044,2.1187,2.1535,75286.0332,72517.9886,50434.0656,344057.1571,331407.2143,4
2107,300665.SZ,飞鹿股份,20260928,8.66,2.0661,2.3765,0.86,,,4.5348,3.833,4.0714,,,22954.073,21801.0949,18953.8764,198782.2462,188797.4394,4
2108,300666.SZ,江丰电子,20260928,232.64,3.0501,3.3778,0.77,128.5315,81.6248,8.8056,13.9445,12.2366,0.126,0.1589,27597.1083,22144.3642,19995.8073,6420189.344,5151663.9104,4
2109,300667.SZ,必创科技,20260928,14.54,3.8615,4.4768,0.98,,,2.8587,3.9189,3.7904,,,20463.6039,17731.1129,15294.2544,297540.744,257810.3394,4
2110,300668.SZ,杰恩股份,20260928,31.53,4.9431,7.9854,1.75,255.3674,232.0869,4.7815,6.8896,8.5688,,,12038.1273,9969.3862,6171.1963,379562.2389,314334.8667,4
2111,300669.SZ,沪宁股份,20260928,24.78,1.7126,2.9007,0.95,248.8994,361.7887,5.5117,14.6188,14.9992,0.4014,0.3211,19270.5526,18249.9937,10775.1791,477524.229,452234.7522,4
2112,300670.SZ,大烨智能,20260928,7.23,4.3996,5.7214,0.57,,,5.2018,9.6178,10.3027,,,31692.0479,22469.4226,17278.4981,229133.5215,162453.9066,4
2113,300671.SZ,富满微,20260928,56.9,5.0008,7.2331,0.63,,,7.6034,14.9445,11.1031,,,22388.321,22328.1705,15437.1662,1273895.408,1270472.873,4
2114,300672.SZ,国科微,20260928,175.8,4.6382,6.5151,1.0,,,9.5161,21.3091,15.724,0.1698,,21710.2452,21033.7661,14974.3253,3816661.95,3697736.766,4
2115,300673.SZ,佩蒂股份,20260928,14.71,1.7481,2.2778,0.71,31.4508,59.7481,2.1585,2.5108,2.4987,2.3292,1.6461,24730.5855,16046.1274,12314.7449,363786.9789,236038.5723,4
2116,300674.SZ,宇信科技,20260928,15.83,1.3927,1.8339,0.68,25.8085,21.4013,2.3773,3.0762,3.185,1.6035,1.8881,70405.706,70322.1545,53404.0704,1114522.231,1113199.6345,4
2117,300675.SZ,建科院,20260928,13.93,9.3371,16.34,7.85,,,4.1554,8.0094,8.4446,0.0718,,14666.67,14666.67,8380.9557,204306.7131,204306.7131,1
2118,300676.SZ,华大基因,20260928,44.6,4.0619,6.553,0.82,,,2.1906,5.0351,4.831,,,41831.7075,41603.595,25788.2062,1865694.266,1855520.56,4
2119,300677.SZ,英科医疗,20260928,48.4,1.475,1.6846,1.02,31.3546,27.8569,1.6679,3.1927,2.6582,0.3045,0.4111,65475.3263,46561.2527,40768.675,3169005.488,2253564.5,4
2120,300678.SZ,中科信息,20260928,20.66,1.1528,1.7172,1.05,427.8535,378.869,7.2564,9.5934,8.383,0.242,0.2904,29638.6293,29273.6719,19652.9605,612334.0958,604794.0222,4
2121,300679.SZ,电连技术,20260928,41.01,4.8399,5.9777,0.93,64.618,74.8007,3.4597,3.2222,3.1657,1.147,0.5739,42482.0,35947.1763,29105.2018,1742186.82,1474193.8518,4
2122,300680.SZ,隆盛科技,20260928,20.22,1.8178,2.0144,0.68,24.7483,26.9467,2.9556,2.2476,2.2387,0.7633,0.7609,29411.3888,22636.5608,20427.9523,594698.3058,457711.2432,4
2123,300681.SZ,英搏尔,20260928,21.2,5.6157,5.923,0.97,34.9291,24.37,2.0766,1.6747,1.3163,0.1183,0.2925,30605.534,23081.6925,21884.0244,648837.236,489331.828,4
2124,300682.SZ,朗新科技,20260928,8.67,0.9069,1.4038,0.75,89.0644,,1.4672,2.0697,2.0976,2.8835,2.1915,107823.5821,103393.3617,66798.8663,934830.4386,896420.4312,4
2125,300683.SZ,海特生物,20260928,24.82,2.311,3.8456,0.34,,,1.5602,6.0002,6.6046,0.5238,,13089.4391,12219.9604,7343.7104,324879.9008,303299.4072,4
2126,300684.SZ,中石科技,20260928,109.2,11.9562,14.089,1.04,96.6009,92.1111,15.7897,17.8265,17.0839,0.5923,0.6752,29950.9223,20457.5177,17360.6673,3270640.7152,2233960.9328,4
2127,300685.SZ,艾德生物,20260928,20.85,3.4706,4.4789,0.65,22.5151,24.0398,4.294,6.7909,6.9062,1.4441,2.1341,39010.5169,38958.6863,30188.5247,813369.342,812288.6865,1
2128,300686.SZ,智动力,20260928,14.14,2.0025,3.0494,1.01,,,4.7127,2.3162,2.4795,,,26062.422,25890.782,17002.1479,368522.6188,366095.6292,4
2129,300687.SZ,赛意信息,20260928,27.57,3.9208,4.4851,0.79,,,4.1377,5.4311,5.11,0.2541,,40841.161,33586.4039,29360.4155,1125990.8088,925977.1555,4
2130,300688.SZ,创业黑马,20260928,33.06,6.0214,7.0929,0.93,,,15.6984,39.2277,47.1467,,,16737.9464,14837.8458,12596.4457,553356.627,490539.321,4
2131,300689.SZ,澄天伟业,20260928,59.23,5.0059,10.1932,1.09,445.4303,947.5411,9.811,16.5289,14.8896,,0.0753,11560.0,10174.3924,4996.6633,684698.8,602629.1197,4
2132,300690.SZ,双一科技,20260928,26.0,13.3561,16.3294,1.66,26.9198,22.1536,2.5819,4.2659,3.9763,0.8077,1.4885,16534.8919,11158.0258,9126.3264,429907.1894,290108.6708,1
2133,300691.SZ,联合光电,20260928,20.27,13.9371,17.643,0.99,588.7796,146.1488,3.3303,2.7001,2.5084,0.3947,,26904.8766,22073.812,17437.2448,545361.7149,447436.1287,4
2134,300692.SZ,中赋科技,20260928,8.85,2.3679,2.8112,0.64,72.845,68.2559,1.5523,5.2123,5.374,0.2502,0.2573,56227.6116,52538.056,44254.5682,497614.437,464961.831,4
2135,300693.SZ,盛弘股份,20260928,35.84,3.5556,3.7469,1.25,23.5461,20.5384,4.9913,3.2374,2.9043,1.3917,2.3103,31279.5823,26962.3603,25585.6756,1121060.1472,966330.9824,4
2136,300694.SZ,蠡湖股份,20260928,10.57,1.3878,1.9492,0.94,18.6992,16.8256,1.5209,1.6282,1.6912,0.7507,0.8042,21707.0376,21680.7876,15436.5953,229443.4128,229165.9503,4
2137,300695.SZ,兆丰股份,20260928,48.47,1.5829,5.4396,1.4,14.1425,16.8741,1.7117,7.0258,7.0085,0.295,0.3055,10225.6924,10225.6924,2975.6923,495639.1943,495639.1943,4
2138,300696.SZ,爱乐达,20260928,19.45,1.8471,3.3128,0.91,103.403,179.1885,3.0291,11.4435,13.0993,,0.3483,29424.8983,27388.2402,15270.4378,572314.305,532701.268,4
2139,300697.SZ,电工合金,20260928,14.03,3.2128,6.7952,1.06,36.5842,30.2058,4.6698,1.8981,1.4355,0.9869,1.1404,43264.0,33124.0,15661.009,606993.92,464729.72,4
2140,300698.SZ,万马科技,20260928,26.52,2.1863,3.9953,0.83,75.5415,73.8876,6.4578,4.9024,4.4729,,,13400.0,12018.4965,6576.589,355368.0,318730.62,4
2141,300699.SZ,光威复材,20260928,22.58,1.0302,1.6196,1.25,31.1101,35.2335,3.4333,6.5647,6.3046,2.1974,2.1974,83135.2,82338.0299,52373.8714,1877192.816,1859192.7174,4
2142,300700.SZ,岱勒新材,20260928,16.83,2.2945,2.303,0.9,,,8.6006,14.8577,12.7368,,,39702.8823,35540.9157,35409.0883,668199.6387,598153.6836,4
2143,300701.SZ,森霸传感,20260928,9.89,1.1613,2.0123,1.24,37.2547,33.7719,2.8423,6.5154,6.8394,1.0225,1.7382,27959.3327,25215.3734,14552.0318,276517.7737,249380.0093,4
2144,300702.SZ,天宇股份,20260928,22.25,1.6587,2.4185,1.0,55.4172,85.5117,2.1726,2.5293,2.349,0.2247,0.2247,34797.7159,21114.6066,14481.6649,774249.27,469800.0725,1
2145,300703.SZ,创源股份,20260928,13.61,3.3142,4.955,0.89,40.4257,5922.227,3.2181,1.1451,1.101,1.1021,0.5758,18039.184,16966.1583,11347.9458,245513.3759,230909.4376,4
2146,300705.SZ,九典制药,20260928,10.78,1.0417,1.4333,0.68,11.4064,15.8129,2.1096,1.7336,1.8689,2.8504,3.6647,50029.1194,36994.6356,26887.9068,539313.9136,398802.2192,1
2147,300706.SZ,阿石创,20260928,48.02,4.9498,6.9668,0.8,,653.2776,10.3705,5.167,4.7963,,,15353.6299,11383.0324,8087.4898,737281.3126,546613.1006,4
2148,300707.SZ,威唐工业,20260928,11.96,1.6554,2.0303,0.88,71.0993,,1.9109,2.542,2.3826,0.5035,0.7543,17390.0011,14358.0522,11706.6607,207984.4,171722.278,4
2149,300708.SZ,聚灿光电,20260928,9.14,5.2374,5.8314,0.69,42.0547,52.2255,2.929,2.757,3.55,1.1939,0.3267,94332.7204,72143.1313,64794.3646,862201.0645,659388.2201,4
2150,300709.SZ,精研科技,20260928,35.4,4.6858,5.3225,1.14,128.7501,,2.9731,2.2702,2.1303,0.3098,0.1408,18664.3781,14985.0161,13192.3221,660718.9847,530469.5699,4
2151,300710.SZ,万隆光电,20260928,29.7,5.4658,5.7311,1.39,,,6.8888,10.9287,11.4705,,,9949.03,7458.0013,7112.8309,295486.191,221502.6,4
2152,300711.SZ,广哈通信,20260928,17.02,2.9435,8.7943,0.86,49.8153,57.4495,3.1802,6.4238,5.9627,1.0441,1.1751,28043.3632,24842.6804,8314.9239,477297.9872,422822.4136,4
2153,300712.SZ,永福股份,20260928,19.73,0.8913,1.5559,0.95,157.0323,,2.9777,2.1775,2.8424,0.2487,0.2487,18754.6035,18674.001,10697.1655,370028.258,368438.02,4
2154,300713.SZ,英可瑞,20260928,13.39,2.6686,3.8529,0.6,,,5.0356,5.2865,6.1648,,,15884.081,8940.7331,6192.5449,212687.8312,119716.3747,4
2155,300715.SZ,凯伦股份,20260928,14.08,4.6935,7.4904,1.84,260.9741,942.5206,2.9504,2.2085,2.2066,,,37805.543,31942.6526,20015.4305,532302.0032,449752.512,4
2156,300716.SZ,*ST泉为,20260928,17.43,1.0254,1.2569,0.96,,,,58.0042,168.8256,,,16002.0,16002.0,13054.56,278914.86,278914.86,4
2157,300717.SZ,华信新材,20260928,19.01,3.7506,7.3276,1.09,35.4967,39.0478,2.6343,5.4309,5.2729,1.0521,1.0521,10277.5,10185.34,5213.2846,195375.275,193623.3134,4
2158,300718.SZ,长盛轴承,20260928,57.31,6.5352,9.9743,2.86,67.5878,67.1716,9.5498,13.5063,12.19,0.6993,0.7427,29877.903,19791.2471,12967.3282,1712303.0221,1134236.5375,1
2159,300719.SZ,安达维尔,20260928,11.77,1.4321,1.6918,0.93,,,2.9954,4.4028,4.717,0.3398,,25422.715,17962.0132,15204.5818,299225.2967,211412.8577,4
2160,300720.SZ,海川智能,20260928,58.1,4.4665,8.9183,0.91,489.8545,621.1051,19.4544,49.6572,47.0909,0.2582,0.0947,19487.7256,18414.5221,9222.4496,1132236.532,1069883.612,4
2161,300721.SZ,怡达股份,20260928,20.99,4.183,6.1219,0.72,,,3.1067,2.1683,1.6957,0.1429,,16484.6739,13839.5844,9456.4163,346013.2233,290492.7842,4
2162,300722.SZ,新余国科,20260928,20.99,0.7145,2.0925,0.87,70.4281,78.6598,9.0632,12.9915,13.1984,0.8576,0.8576,27675.648,27675.648,9450.3809,580911.8935,580911.8935,4
2163,300723.SZ,一品红,20260928,32.5,0.7851,2.1315,0.57,,66.5845,7.9549,15.7465,17.4722,,,45169.2766,41919.3546,15440.8584,1468001.275,1362378.875,4
2164,300724.SZ,捷佳伟创,20260928,53.75,2.2809,2.4183,0.94,7.1534,16.1166,1.4083,1.21,1.9051,2.2235,2.2272,34829.2006,29037.0199,27386.9397,1872069.5,1560739.825,4
2165,300725.SZ,药石科技,20260928,51.58,9.3492,9.8522,0.65,65.6367,57.2416,2.6414,6.1078,5.7042,0.4618,0.7341,23380.7341,20272.0352,19236.9522,1205978.5692,1045631.8232,4
2166,300726.SZ,宏达电子,20260928,52.39,5.3869,9.0359,0.82,53.7828,50.8596,4.3849,11.4362,11.1202,1.1453,1.9088,41183.9845,21443.8423,12783.9845,2157628.7122,1123442.7776,4
2167,300727.SZ,润禾材料,20260928,32.93,2.7615,5.5214,0.96,49.4447,57.8184,4.3847,4.2066,3.8383,0.6997,0.911,18013.6352,16211.6327,8108.1619,593188.8359,533848.9759,4
2168,300729.SZ,乐歌股份,20260928,11.2,1.5877,2.9936,0.84,14.7457,25.197,1.0768,0.5698,0.5669,2.6762,2.6786,34161.3405,32808.4465,17400.4565,382607.008,367454.64,4
2169,300730.SZ,科创信息,20260928,11.23,1.7891,2.4636,0.65,,,20.1772,11.042,11.3533,,,24113.8947,20675.537,15014.995,270799.097,232186.3142,4
2170,300731.SZ,科创新源,20260928,45.79,6.7961,8.508,1.0,227.9681,533.0167,13.1482,7.0169,7.165,0.1246,0.0624,17728.4525,16825.0864,13439.6897,811786.1834,770420.8711,4
2171,300732.SZ,设研院,20260928,5.77,1.1233,1.9356,0.98,,,0.7741,1.2664,1.294,,,37056.0072,37024.8562,21488.3117,213813.1777,213633.4422,1
2172,300733.SZ,西菱动力,20260928,12.89,1.5316,2.0903,0.49,56.7472,51.7235,2.8745,2.6516,2.5479,0.2964,,39660.2338,29241.9945,21426.9202,511220.3647,376929.2511,4
2173,300735.SZ,光弘科技,20260928,17.6,1.7641,3.4591,1.32,49.677,58.6031,2.6023,1.5951,1.414,1.3375,1.4101,81507.0481,76053.882,38787.0981,1434524.08,1338548.288,4
2174,300736.SZ,百邦科技,20260928,33.62,3.6966,4.9494,0.95,,,67.5551,10.1731,12.8777,,,12793.4324,12488.785,9327.6808,430115.4528,419873.1198,4
2175,300737.SZ,科顺股份,20260928,4.44,3.0415,4.7348,0.72,,,1.2528,0.8156,0.8587,7.8808,1.351,111025.6317,88717.723,56989.3134,492953.7972,393906.6768,4
2176,300738.SZ,奥飞数据,20260928,18.71,2.3012,3.0895,0.84,139.2862,76.4814,5.0257,7.3108,6.4856,0.0695,0.0748,98520.4079,98489.4119,73359.1293,1843316.8318,1842736.8966,4
2177,300739.SZ,明阳电路,20260928,28.19,6.3992,9.9032,0.82,126.8002,118.3466,3.7873,5.6534,4.9485,0.4252,0.2486,37306.5157,30297.5657,19577.3374,1051670.7988,854088.4983,4
2178,300740.SZ,水羊股份,20260928,20.36,9.1291,14.4278,0.83,60.3738,79.8573,3.9386,1.7995,1.7959,,0.432,43990.2379,40897.6947,25877.808,895641.0828,832676.9684,4
2179,300741.SZ,华宝股份,20260928,25.5,4.2376,22.4256,0.77,187.402,87.0409,2.3028,11.7391,10.7502,0.3922,0.8235,61588.0,61587.715,11637.715,1570494.255,1570486.86,4
2180,300743.SZ,天地数码,20260928,14.34,1.4574,2.1043,0.78,20.0346,19.1998,3.5708,2.4503,2.3261,3.4477,4.4691,15120.4323,12755.1128,8833.8798,216826.9662,182908.2774,4
2181,300745.SZ,欣锐科技,20260928,26.25,4.5524,5.128,1.47,,,1.9787,1.6571,1.4605,,,16856.652,14222.9048,12626.2117,442487.0625,373351.125,4
2182,300746.SZ,汉嘉数智,20260928,14.96,2.9817,6.2478,1.44,47.0277,46.3162,4.0594,2.576,2.7559,,,22573.8328,22354.545,10668.515,337704.6464,334424.068,4
2183,300747.SZ,锐科激光,20260928,36.14,3.9156,6.5075,1.19,125.4159,81.9281,5.734,5.8545,5.4673,0.1391,0.1937,56160.0,52197.777,31407.3837,2029622.4,1886427.7692,4
2184,300748.SZ,金力永磁,20260928,24.1,1.1746,2.0234,1.11,47.2012,38.5976,4.3598,4.3156,3.7592,1.2429,1.6598,138197.0097,113188.5988,65705.6184,3330547.9338,2727845.2311,4
2185,300749.SZ,顶固集创,20260928,22.24,3.3652,4.2033,1.26,512.0839,42.0479,6.7437,5.3879,6.7103,,,20516.94,15739.56,12601.36,456296.7456,350047.8144,4
2186,300750.SZ,宁德时代,20260928,291.99,0.796,1.2024,0.9,18.7131,15.8954,3.5616,3.1888,2.5897,2.3135,2.845,462724.9686,426061.7083,282052.3187,135111063.9903,124405758.7029,4
2187,300751.SZ,迈为股份,20260928,182.6,2.2155,2.8348,0.81,70.5743,87.8254,6.3309,6.2473,7.4369,0.6013,0.5467,27890.1752,19284.9155,15071.7684,5092746.868,3521426.392,4
2188,300752.SZ,隆利科技,20260928,12.86,3.1967,3.8445,0.79,68.2015,103.1041,3.2518,2.6493,2.5143,,0.5503,32286.9478,22326.6467,18564.3496,415210.177,287120.719,4
2189,300753.SZ,爱朋医疗,20260928,20.55,4.1551,4.826,0.67,,,3.9392,7.5735,7.8112,0.3163,,12604.8,8856.6453,7625.4143,259028.64,182004.1575,4
2190,300755.SZ,华致酒行,20260928,11.11,2.2553,7.5173,1.1,,,1.7274,0.7855,0.8913,0.8188,,41679.84,41658.09,12498.09,463063.0224,462821.3799,4
2191,300756.SZ,金马游乐,20260928,30.87,2.7698,3.1459,0.65,84.4924,75.0658,4.5934,9.9327,8.8994,0.1157,0.2777,22063.7446,19199.5971,16903.7756,681107.9625,592691.652,4
2192,300757.SZ,罗博特科,20260928,530.31,3.7472,5.3074,1.21,,,53.396,93.5808,67.8636,0.0085,,16760.8111,16256.6797,11477.7465,8888425.1511,8621079.9708,4
2193,300758.SZ,七彩化学,20260928,10.99,1.5624,2.538,1.24,71.7239,68.423,2.4395,2.9336,2.7316,,0.6824,39911.5632,35974.1896,22145.5987,438628.0444,395356.3481,4
2194,300759.SZ,康龙化成,20260928,43.13,2.3562,3.2117,0.61,47.6243,46.2674,4.847,5.622,5.1964,0.4635,0.4637,183728.3628,142003.1954,104178.0754,7924204.1668,6124598.016,4
2195,300760.SZ,迈瑞医疗,20260928,158.29,0.7455,1.5385,1.67,23.5768,24.3922,4.7296,5.7633,5.5946,2.9266,2.6796,121179.9431,121066.2145,58663.881,19181572.7026,19163570.3809,1
2196,300761.SZ,立华股份,20260928,20.88,1.7301,2.5234,1.98,30.5848,49.4904,1.9249,0.9435,0.9061,2.8155,1.1845,84633.7321,64676.391,44343.9485,1767152.2824,1350443.0232,1
2197,300762.SZ,上海瀚讯,20260928,25.06,2.2645,2.5957,1.03,,,7.3666,32.4307,33.7938,,,65035.4727,62796.5772,54784.0168,1629789.1288,1573682.2948,4
2198,300763.SZ,锦浪科技,20260928,52.25,2.827,4.2567,1.1,27.8886,36.7427,2.2177,2.9816,2.9443,0.3847,0.3834,39669.1774,32159.4784,21358.2455,2072714.655,1680332.83,4
2199,300765.SZ,石药创新,20260928,44.03,0.6491,2.5615,0.49,,60.4652,15.7102,28.6624,14.2224,0.045,,140459.2944,140459.2944,35594.7438,6184422.5387,6184422.5387,4
2200,300766.SZ,每日互动,20260928,21.1,2.6218,2.8268,0.67,,,5.2985,16.1532,14.6402,,,39474.9757,35790.8038,33195.9152,832921.867,755185.88,4
2201,300767.SZ,震安科技,20260928,19.27,4.8921,6.5976,1.15,,,3.4789,10.0259,12.0938,,,27629.1028,23989.1871,17788.0419,532412.9497,462271.6913,4
2202,300768.SZ,迪普科技,20260928,15.03,1.9845,3.9013,1.3,53.3938,48.0238,2.7389,7.9433,8.0347,0.5257,0.5273,64382.9039,42066.7034,21398.0784,967674.987,632262.501,4
2203,300769.SZ,德方纳米,20260928,38.11,3.3333,3.7872,1.28,,422.5925,1.9715,1.225,0.7009,,,28018.803,25177.7674,22160.0484,1067796.8491,959524.8147,4
2204,300770.SZ,新媒股份,20260928,34.95,1.4963,2.7693,1.29,12.0572,12.9748,2.1466,4.8968,5.1131,8.1873,8.0114,22783.8591,22783.8591,12310.0296,796295.907,796295.907,4
2205,300771.SZ,智莱科技,20260928,11.23,1.6006,1.8583,0.78,32.5723,23.5902,1.3561,4.4933,4.0894,1.3079,1.7438,24000.0,18907.7273,16285.4213,269520.0,212333.8079,4
2206,300772.SZ,运达股份,20260928,9.85,4.9102,8.2153,2.36,22.7999,,1.2175,0.2636,0.2397,0.6092,0.6091,78684.7705,69796.5622,41716.5622,775044.9845,687496.116,1
2207,300773.SZ,拉卡拉,20260928,14.38,1.9802,2.7173,0.61,13.3567,9.7102,3.374,2.8189,2.5412,2.0161,3.3777,108733.0918,102861.0729,74958.2734,1563581.8342,1479142.1866,4
2208,300774.SZ,倍杰特,20260928,9.5,3.0957,4.2643,0.91,46.1749,251.3138,2.6661,3.8376,3.9592,2.1053,0.2632,40876.366,20407.7476,14815.2817,388325.477,193873.6022,4
2209,300775.SZ,三角防务,20260928,20.19,1.4887,2.1188,0.83,28.4479,69.4481,1.8841,6.9594,8.5753,0.9906,0.4953,54755.3981,53164.4017,37353.0646,1105511.4876,1073389.2703,4
2210,300776.SZ,帝尔激光,20260928,129.74,10.2748,12.5518,1.56,71.2725,74.2515,7.5002,18.2019,19.5544,0.2872,0.2995,28523.4456,17931.2265,14678.369,3700632.403,2326397.7802,4
2211,300777.SZ,中简科技,20260928,20.08,1.839,2.2801,1.94,28.0614,155.7496,1.993,10.4354,15.7273,1.0927,1.134,43970.7537,43090.7241,34754.9909,882932.66,865261.6576,4
2212,300778.SZ,新城市,20260928,10.85,2.5193,5.5536,1.31,,,1.8571,15.3495,15.7628,,,20365.9642,20360.2009,9236.2159,220970.666,220908.17,0
2213,300779.SZ,惠城环保,20260928,50.79,2.7628,3.3442,1.23,258.2703,486.6966,6.8575,13.2951,14.1321,0.129,0.2101,29730.9355,22717.355,18767.8342,1510034.214,1153814.4605,4
2214,300780.SZ,德恩精工,20260928,18.97,3.9147,4.4399,0.79,,,2.7959,4.6077,4.8641,,,14667.0,10776.2272,9501.4663,278232.99,204425.0831,4
2215,300781.SZ,因赛集团,20260928,25.79,2.1831,3.188,0.51,,,7.6019,6.7509,6.3041,,,16417.534,12113.6784,8295.1772,423408.3566,312411.8072,4
2216,300782.SZ,卓胜微,20260928,70.25,2.6869,3.6844,1.04,,,3.1194,10.8405,10.5415,0.135,,57498.6986,45856.5468,33441.8257,4039283.675,3221422.6375,4
2217,300783.SZ,三只松鼠,20260928,16.42,2.0518,2.4669,1.54,42.4551,24.7965,2.1225,0.6473,0.6601,1.5189,0.7086,40168.64,28028.24,23311.84,659569.0688,460223.7008,4
2218,300784.SZ,利安科技,20260928,42.18,3.0919,3.0919,1.15,44.1847,60.4557,2.9244,4.4563,4.5027,0.9483,0.9483,5623.76,1693.4475,1693.4475,237210.1968,71429.721,4
2219,300785.SZ,值得买,20260928,33.52,5.6655,7.2674,0.56,77.0445,80.4561,3.4467,5.1761,5.03,0.4475,0.5609,19885.5243,13010.3228,10142.457,666562.6304,436105.9264,4
2220,300786.SZ,国林科技,20260928,14.18,4.2566,4.5979,0.54,,,2.3625,4.6728,3.9642,,,18401.5879,14670.4819,13581.2249,260934.5164,208027.4333,4
2221,300787.SZ,海能实业,20260928,11.7,4.2845,5.6916,0.76,38.7277,7098.2371,2.6519,1.1251,1.0309,1.4245,1.7094,31343.302,19653.2667,14794.5283,366716.727,229943.259,0
2222,300788.SZ,中信出版,20260928,28.66,5.967,22.517,0.63,41.8906,63.3994,2.4284,3.2017,3.2627,1.6678,1.2212,19015.1515,19015.1515,5039.0151,544974.199,544974.199,4
2223,300789.SZ,唐源电气,20260928,16.03,1.6552,3.5968,0.79,87.8335,,2.2656,4.6939,6.1513,0.9482,0.811,14384.9057,13957.923,6422.9974,230589.947,223745.4576,4
2224,300790.SZ,宇瞳光学,20260928,18.08,6.1901,6.3273,1.2,38.2229,36.0711,3.3925,2.7821,2.5102,0.5919,0.5926,52036.5973,45694.2976,44703.1362,940821.728,826152.944,4
2225,300791.SZ,仙乐健康,20260928,17.43,0.3049,0.7621,0.6,39.349,41.8619,1.8681,1.2603,1.2572,2.8552,0.7439,30822.5672,25749.9743,10301.0174,537237.2208,448821.9771,4
2226,300792.SZ,壹网壹创,20260928,23.86,3.467,6.2179,0.78,52.7191,54.9753,1.9072,5.2848,5.8432,0.4178,0.585,23766.2258,21418.5151,11942.7042,567062.1476,511045.7703,4
2227,300793.SZ,佳禾智能,20260928,11.84,1.2299,1.7106,0.52,,,1.6112,2.1302,2.0046,1.0028,,38054.6826,37208.8326,26752.6326,450567.4112,440552.5472,4
2228,300795.SZ,米奥会展,20260928,12.81,9.3517,12.2546,0.68,28.0062,35.9817,6.6609,4.8787,5.3661,2.594,1.543,29889.387,17419.2356,13292.8071,382883.0859,223140.4644,4
2229,300796.SZ,贝斯美,20260928,6.91,0.9515,1.3431,1.04,103.6821,,1.4525,1.6381,1.6691,,0.2849,36114.2872,36041.8057,25532.1938,249549.7439,249048.9071,1
2230,300797.SZ,钢研纳克,20260928,13.09,0.8968,2.4579,0.9,32.1518,28.7117,3.6987,4.251,3.8859,0.9175,0.9861,38247.321,38169.4384,13927.1859,500657.4188,499637.9696,4
2231,300798.SZ,锦鸡股份,20260928,8.26,5.5722,6.9613,0.75,,,2.1601,3.4392,2.9818,0.1151,,49315.2189,40570.3586,32475.0026,407343.7172,335111.1736,4
2232,300800.SZ,力合科技,20260928,10.54,1.3023,2.5869,0.95,58.6091,51.4692,1.2207,2.9661,2.7989,1.4819,0.9262,23675.9,23427.92,11794.64,249543.986,246930.2768,4
2233,300801.SZ,泰和科技,20260928,20.81,1.9847,2.9924,0.93,60.627,28.649,1.7024,1.6154,1.6266,0.4744,0.4744,21809.92,13721.5576,9100.9376,453864.4352,285545.6636,4
2234,300802.SZ,矩子科技,20260928,25.03,4.3145,6.098,0.68,79.0664,69.6757,4.7407,9.1912,8.2672,0.6157,0.6881,28407.8255,20235.9695,14317.6319,711047.9849,506506.3291,4
2235,300803.SZ,指南针,20260928,53.97,1.8108,2.8874,0.9,211.6916,229.1312,15.086,31.3406,28.415,,0.1011,89397.7288,88722.5153,55640.8412,4824795.4881,4788354.4044,4
2236,300804.SZ,广康生化,20260928,44.35,3.4253,3.4253,0.76,80.6099,218.703,2.4133,4.348,4.4465,,0.3382,7400.0,2750.0,2750.0,328190.0,121962.5,4
2237,300805.SZ,电声股份,20260928,8.45,4.2772,5.906,1.33,103.3548,114.3379,2.2906,1.4409,1.3159,0.2366,0.355,42444.2152,30022.8727,21743.1552,358653.5745,253693.2515,4
2238,300806.SZ,斯迪克,20260928,48.25,5.754,6.5915,1.06,506.6657,376.8761,12.9113,10.1398,9.5181,0.0148,0.0221,63373.1915,45666.8786,39864.2398,3057756.4899,2203426.8925,4
2239,300807.SZ,天迈科技,20260928,34.91,1.6943,2.5744,0.87,,,5.3942,14.8289,16.9527,,,6803.9587,5193.9171,3418.2451,237526.2436,181319.7472,4
2240,300808.SZ,久量股份,20260928,20.07,2.4863,4.7241,0.63,,,3.4566,10.6615,11.0194,,,16000.0,11889.9577,6257.6778,321120.0,238631.451,4
2241,300809.SZ,华辰装备,20260928,23.79,1.6717,2.1538,0.72,29.8379,26.1423,3.2318,11.1021,12.8242,0.5044,0.5044,25353.92,15056.9504,11686.6672,603169.7568,358204.8405,4
2242,300810.SZ,中科海讯,20260928,24.39,1.1625,2.0959,0.56,,,3.9242,9.1212,8.8771,0.081,0.081,11805.0,11400.365,6323.2505,287924.1939,278055.0243,4
2243,300811.SZ,铂科新材,20260928,78.0,4.2517,6.4936,1.27,76.0769,70.303,9.8078,17.6507,14.972,0.1816,0.1823,40782.9825,33474.1378,21917.6495,3181072.635,2610982.7484,4
2244,300812.SZ,易天股份,20260928,18.98,3.5696,6.0867,0.76,199.2438,,4.793,5.92,6.2479,,0.1882,19610.784,17793.9676,10435.5795,372212.7942,337729.5506,4
2245,300813.SZ,泰林生物,20260928,22.12,3.2094,5.4831,0.79,162.6238,114.9856,3.3905,7.8958,7.4658,0.9042,0.5818,12119.9219,8512.6073,4982.6373,268092.6304,188298.9332,4
2246,300814.SZ,中富电路,20260928,126.82,2.7914,7.353,0.67,832.9954,476.2263,14.8546,12.9194,11.0247,0.0789,0.0394,19143.0132,19143.0132,7267.1936,2427716.5282,2427716.5282,4
2247,300815.SZ,玉禾田,20260928,14.97,1.0427,1.9935,0.55,10.6926,10.9591,1.2677,0.7727,0.7592,2.505,3.6473,39859.2,39215.9808,20512.3266,596692.224,587063.2206,4
2248,300816.SZ,艾可蓝,20260928,58.42,4.1012,5.3389,0.7,49.1732,51.9581,4.786,4.3228,3.6861,0.2376,0.2039,8000.0,5836.5334,4483.4717,467360.0,340970.0826,4
2249,300817.SZ,双飞集团,20260928,17.63,7.2796,9.2963,6.12,59.1588,49.6171,3.652,4.0732,3.6479,1.5882,0.726,21829.824,12613.3578,9877.1838,384859.9029,222373.5368,1
2250,300818.SZ,耐普矿机,20260928,15.79,1.9455,2.3707,0.79,44.5451,70.6623,1.9404,3.433,3.1686,0.341,0.9451,21940.7669,14213.2206,11663.6053,346444.7583,224426.7438,4
2251,300819.SZ,聚杰微纤,20260928,45.14,2.5946,6.4433,0.74,119.8762,148.1993,7.6485,11.6634,11.4352,0.8861,0.5206,14920.5,13476.225,5426.615,673511.8214,608317.0222,4
2252,300820.SZ,英杰电气,20260928,67.47,5.1695,7.6993,0.83,67.2628,74.9731,5.8256,9.9839,10.0341,0.5876,0.5893,22220.4138,11178.7638,7505.6778,1499211.0627,754230.9372,4
2253,300821.SZ,东岳硅材,20260928,14.66,2.8365,5.9298,0.89,,47.8981,3.2941,4.666,4.2826,0.1023,0.1364,120000.0,119979.075,57391.235,1759200.1466,1758893.3128,4
2254,300822.SZ,贝仕达克,20260928,11.26,0.7544,2.3837,0.84,288.1477,345.2344,2.848,4.184,4.6049,0.8836,0.2651,31153.62,28898.2037,9145.4245,350789.7612,325393.732,4
2255,300823.SZ,建科智能,20260928,14.55,2.4164,3.3094,0.96,56.3403,34.8386,2.006,4.6592,4.2752,2.2405,1.6907,13098.2727,8675.4167,6334.3608,190579.974,126227.361,4
2256,300824.SZ,北鼎股份,20260928,8.08,3.3741,8.2799,3.14,23.2239,25.0315,3.4614,2.7741,2.6007,2.5218,2.4603,32634.1682,31896.8151,12998.157,263684.0936,257726.3056,1
2257,300825.SZ,阿尔特,20260928,11.64,6.4198,7.2532,1.3,,,2.7999,5.9072,5.3454,,,49488.0481,48448.79,42882.0972,576040.902,563943.9156,4
2258,300826.SZ,测绘股份,20260928,14.53,2.5462,4.3304,1.06,272.4374,394.9519,2.2218,3.9857,4.1731,0.1476,0.1565,22822.0029,22156.5887,13027.7827,331603.66,321935.2527,4
2259,300827.SZ,上能电气,20260928,24.6,1.6343,1.9662,0.73,29.6004,28.6132,3.1924,2.4324,2.1724,0.3127,0.4854,55669.1579,43654.0275,36285.9598,1369461.336,1073889.138,4
2260,300828.SZ,锐新科技,20260928,18.0,14.5012,16.2688,3.58,91.8958,108.9301,3.8015,5.0405,4.4004,1.6536,0.3304,16642.2,9480.6987,8450.5924,299559.6,170652.6,1
2261,300829.SZ,金丹科技,20260928,22.7,25.8014,28.2848,1.2,44.982,72.8183,2.1146,3.1963,3.1021,0.182,0.4333,22727.5107,16813.1831,15336.9431,515914.477,381659.186,4
2262,300830.SZ,金现代,20260928,7.87,2.3345,2.8261,0.62,,,2.7354,11.4171,11.6032,0.2904,,45164.0747,33693.4772,27832.6647,355441.3096,265167.6876,4
2263,300831.SZ,ST派瑞,20260928,13.4,2.0759,2.0759,1.16,96.9526,82.7686,4.4302,22.8724,20.6531,0.3407,0.346,32000.0,18448.424,18448.424,428800.0,247208.828,4
2264,300832.SZ,新产业,20260928,49.61,0.6805,1.3466,1.46,24.0577,22.7036,4.346,8.5168,8.1002,2.6204,2.413,78571.8785,68309.2288,34522.07,3897950.8924,3388820.8408,1
2265,300833.SZ,浩洋股份,20260928,44.43,2.9595,6.3709,2.17,32.6632,30.4322,2.301,4.9564,4.7019,2.926,1.5755,12649.05,8125.3477,3774.5284,561997.2915,361009.3005,1
2266,300834.SZ,星辉环材,20260928,38.35,0.8567,2.439,1.27,147.8873,101.1804,2.573,5.6919,6.6337,0.7859,0.3747,19371.2353,19199.8254,6744.391,742886.8738,736313.3041,4
2267,300835.SZ,龙磁科技,20260928,185.78,3.5466,4.1234,0.78,131.4872,142.8288,15.6866,17.1843,15.6251,0.1046,0.1045,11924.754,8357.5423,7188.5688,2215380.055,1552663.7812,4
2268,300836.SZ,佰奥智能,20260928,54.3,3.1917,3.4449,0.4,50.4172,49.6651,7.8806,5.0564,4.852,0.3796,0.3673,9268.561,6345.0062,5878.7377,503282.808,344534.043,4
2269,300837.SZ,浙矿股份,20260928,22.24,2.1943,4.575,1.23,29.1524,37.3142,1.6068,3.2697,3.6204,1.3489,1.3489,10000.6762,7559.4262,3625.6762,222415.1232,168121.7232,4
2270,300838.SZ,浙江力诺,20260928,14.31,2.0485,2.638,1.22,,,2.0597,2.0658,1.9179,1.0482,,13797.8,10180.7375,7905.5375,197446.518,145686.3894,4
2271,300839.SZ,博汇股份,20260928,12.57,1.867,3.379,0.73,,183.6107,4.6548,1.2863,1.0265,,,28813.3941,28318.1398,15646.3175,362184.3123,355959.0198,4
2272,300840.SZ,酷特智能,20260928,18.53,3.9132,4.3919,0.7,119.6355,114.1844,3.4858,6.7765,6.6939,0.5397,0.5397,24000.0,17751.5335,15816.6913,444720.0,328935.8509,4
2273,300841.SZ,康华生物,20260928,54.88,2.0714,3.0414,0.65,32.4309,28.9278,1.9735,6.1214,5.8482,1.8222,0.9111,12994.6899,12157.5334,8280.0933,713148.5872,667205.2464,0
2274,300842.SZ,帝科股份,20260928,60.42,5.1597,5.4467,1.49,,,5.3444,0.4864,0.4107,0.4809,,14527.9743,12926.744,12245.5159,877779.9474,781033.6308,4
2275,300843.SZ,胜蓝股份,20260928,116.9,3.9653,8.1603,0.95,171.0337,121.4314,11.2188,10.9902,9.1278,0.1936,0.0842,16370.7963,16049.9594,7799.1263,1913746.0875,1876240.2539,4
2276,300844.SZ,山水比德,20260928,24.6,2.3648,8.2956,1.58,,,2.9823,4.8472,5.1858,,,9321.088,9003.988,2566.788,229298.814,221498.154,1
2277,300845.SZ,捷安高科,20260928,14.45,5.8196,6.6858,1.46,73.795,90.963,3.7697,8.2709,7.7644,1.7001,1.3736,20564.11,14534.8799,12651.8174,297151.3895,210029.016,1
2278,300846.SZ,首都在线,20260928,18.63,4.2271,4.7935,0.8,,,12.3078,7.6175,7.4013,,,50561.7981,41684.7819,36759.218,941966.334,776587.4514,4
2279,300847.SZ,中船汉光,20260928,14.67,3.2042,8.4509,2.19,37.954,38.5356,2.866,3.6443,3.6551,0.9271,0.7907,29601.0,29601.0,11223.4138,434246.67,434246.67,1
2280,300848.SZ,美瑞新材,20260928,10.9,1.1606,2.1135,0.73,56.9283,67.9355,3.0338,2.6704,2.3172,0.6422,0.4587,42788.7627,25312.2512,13899.9974,466397.484,275903.525,4
2281,300849.SZ,锦盛新材,20260928,21.49,2.4679,4.7561,1.27,,,6.0467,10.5115,10.2972,,,15000.0,14493.75,7520.7363,322350.0,311470.6875,4
2282,300850.SZ,新强联,20260928,30.22,7.3835,8.0823,1.65,15.2949,15.0789,1.7161,2.704,2.786,0.28,0.9762,41408.5835,32324.0145,29529.4998,1251367.2876,976831.5822,1
2283,300851.SZ,交大思诺,20260928,24.9,2.3154,3.4212,1.38,29.0369,26.6881,1.6715,5.3719,5.0856,1.7269,2.7309,8693.34,5666.3527,3834.8693,216464.166,141092.115,1
2284,300852.SZ,四会富仕,20260928,67.91,7.239,15.6034,0.83,85.0824,77.5391,4.8045,5.6431,4.7299,0.1814,0.2062,16052.1165,15495.6311,7188.9695,1090099.4692,1052308.2333,4
2285,300853.SZ,申昊科技,20260928,29.05,4.5775,4.5775,0.69,,,8.7976,13.6704,11.3546,,,14694.91,9831.4077,9831.4077,426887.1355,285602.4605,4
2286,300854.SZ,中兰环保,20260928,14.9,2.2742,3.545,0.96,,,2.3858,4.1983,4.6471,0.5658,,14381.66,11398.1245,7312.3047,214286.734,169831.988,4
2287,300855.SZ,图南股份,20260928,33.88,1.2215,1.5818,0.83,86.2962,43.0341,6.0956,11.904,8.6449,0.7379,0.4427,39553.15,29295.6138,22623.1,1340060.722,992535.2668,4
2288,300856.SZ,科思股份,20260928,10.29,0.405,1.0214,0.98,45.3082,48.3594,1.8441,3.3002,2.9582,2.0825,0.6786,47568.7223,45973.5623,18228.3623,489482.1288,473067.9324,4
2289,300857.SZ,协创数据,20260928,245.99,3.1612,4.7853,1.16,103.3838,46.8261,19.8591,9.8384,6.0754,0.0597,0.0978,48936.304,48489.1668,32031.9947,12037842.8969,11927850.9283,4
2290,300858.SZ,科拓生物,20260928,14.59,1.3125,1.5658,0.5,40.6731,49.0286,2.1453,10.506,10.3321,1.0281,0.6767,26349.5118,19574.0152,16407.2423,384439.4968,285584.9518,4
2291,300859.SZ,西域旅游,20260928,23.08,2.4614,4.3373,0.8,47.9021,53.2874,4.8348,10.9754,11.2132,1.2998,1.2998,15500.0,15500.0,8796.26,357740.0,357740.0,4
2292,300860.SZ,锋尚文化,20260928,28.46,2.2868,3.3973,0.59,,,1.7414,22.4584,34.4565,0.7379,0.7379,18845.0723,10941.6909,7364.9767,536330.6922,311400.4974,4
2293,300861.SZ,美畅股份,20260928,15.25,1.8612,2.9989,1.01,42.0085,21.8544,1.5515,4.7426,4.4266,2.3404,1.8306,67184.044,42186.489,26181.902,1024556.7625,643343.9725,4
2294,300862.SZ,蓝盾光电,20260928,47.48,22.7458,26.0298,1.09,,,4.4697,21.9707,22.3521,0.0316,0.0211,18461.7902,15147.1007,13236.1161,876565.7892,719184.308,4
2295,300863.SZ,卡倍亿,20260928,37.93,3.1664,7.2439,1.02,83.0492,71.8658,6.8383,2.4514,2.2287,0.4048,0.3693,26140.6192,25112.0309,10976.6579,991513.7166,952499.2979,4
2296,300864.SZ,南大环境,20260928,24.84,2.1686,7.3477,0.85,26.1319,25.83,3.0263,4.9365,4.8344,3.3656,3.3962,15910.4168,15910.4168,4695.8445,395214.8328,395214.8328,4
2297,300865.SZ,大宏立,20260928,28.87,8.2935,14.7308,1.13,1040.7499,124.0468,3.1117,8.3846,7.4906,,0.1039,9568.0,6214.1275,3498.5848,276228.16,179401.9331,4
2298,300866.SZ,安克创新,20260928,121.1,1.1764,1.6831,1.13,28.0458,23.1735,6.1602,2.3392,2.0839,1.7953,1.3958,58943.2137,31066.2807,21713.3657,7138022.731,3762126.508,4
2299,300867.SZ,圣元环保,20260928,16.85,2.2932,2.9407,0.98,18.4463,13.8789,1.1203,2.9437,2.8591,0.4036,0.546,27174.1053,19162.7822,14943.5004,457883.585,322892.843,4
2300,300868.SZ,杰美特,20260928,77.55,4.1913,5.161,0.94,,,6.757,15.6639,15.2963,0.0578,,12717.8676,8075.8325,6558.3989,986270.8185,626280.6165,4
2301,300869.SZ,康泰医学,20260928,11.35,1.2188,1.6105,0.69,,,2.7592,9.7445,9.5741,2.2026,,40180.4051,26373.4916,19959.7669,456047.54,299339.1115,4
2302,300870.SZ,欧陆通,20260928,182.13,3.9133,8.3789,1.07,113.9372,234.8354,10.7113,6.2306,5.7315,0.3927,0.2901,15264.3542,15262.6742,7128.2155,2780096.0655,2779790.0871,4
2303,300871.SZ,回盛生物,20260928,20.7,1.7296,3.2165,1.09,16.4995,12.2227,1.8055,2.4844,2.4228,0.9962,2.3992,20178.4357,20178.4357,10850.8294,417693.708,417693.708,4
2304,300872.SZ,天阳科技,20260928,14.87,1.8988,2.1383,0.81,,,2.0299,4.0849,4.1617,0.3138,,48812.1083,42202.6693,37475.2772,725836.0757,627553.7029,4
2305,300873.SZ,海晨股份,20260928,14.28,6.2414,9.8996,0.85,17.3864,30.4889,1.4518,2.4251,2.2577,1.9917,1.6431,32224.713,23392.7998,14748.3555,460168.8588,334049.184,4
2306,300875.SZ,捷强装备,20260928,30.97,1.9609,3.4807,0.63,,,3.6441,9.7305,8.0131,,,9983.4751,8779.1669,4945.8607,309188.3756,271890.8949,4
2307,300876.SZ,蒙泰高新,20260928,15.33,2.0853,2.8308,1.2,,,2.3014,4.5038,4.3916,,,15203.7554,11340.2804,8353.9504,233073.6408,173846.4924,1
2308,300877.SZ,金春股份,20260928,26.29,1.2835,2.5896,0.77,36.3902,30.8263,1.8981,2.9019,2.6378,0.3688,1.2663,12000.0,11999.85,5947.5405,315480.0,315476.0565,4
2309,300878.SZ,维康药业,20260928,29.8,1.1386,3.5628,0.64,,,4.858,19.1535,18.2164,0.4609,,14479.0322,14390.1838,4598.8029,431475.094,428827.364,4
2310,300879.SZ,大叶股份,20260928,17.32,1.7668,3.6583,0.33,,,2.8289,0.9344,1.0075,0.1194,,20239.8833,20102.8448,9708.8721,350554.7216,348181.1888,4
2311,300880.SZ,迦南智能,20260928,18.23,1.4228,3.19,0.75,44.1177,71.919,3.3381,5.5805,6.1334,2.4685,0.8228,19513.728,19513.728,8703.5488,355735.2979,355735.2979,4
2312,300881.SZ,盛德鑫泰,20260928,29.81,1.8359,3.2901,0.8,13.2201,14.6561,2.6122,1.0412,0.9915,3.3336,,11000.0,5740.625,3203.31,327910.2981,171128.1803,4
2313,300882.SZ,万胜智能,20260928,13.07,0.5078,1.5658,0.91,30.5681,47.1388,2.9557,2.6682,2.5446,0.3826,1.5302,28620.1188,26632.703,8637.1043,374064.9684,348089.389,4
2314,300883.SZ,龙利得,20260928,6.32,1.4036,1.8968,0.98,,,1.5494,2.4713,2.3934,,,34600.0,33067.4575,24468.0689,218672.0,208986.3472,4
2315,300884.SZ,狄耐克,20260928,11.93,2.1685,2.6872,1.12,258.1506,68.9466,2.352,4.5855,4.3796,,0.8219,25386.282,19143.2358,15448.294,302858.4397,228378.8532,4
2316,300885.SZ,海昌新材,20260928,18.56,1.4023,2.4384,0.92,83.4002,67.3011,5.0379,17.247,11.424,0.6514,0.4343,24815.18,16701.7775,9605.3329,460569.7408,309985.0368,4
2317,300886.SZ,华业香料,20260928,23.65,2.6395,3.6104,0.57,58.7923,110.6641,2.9629,4.7732,4.3833,0.6302,0.421,7511.8,4716.835,3448.455,177654.3065,111553.266,4
2318,300887.SZ,谱尼测试,20260928,6.95,1.8029,2.8297,0.7,,,1.3944,2.7787,2.7693,,,54573.3413,36426.7514,23208.8707,379284.722,253165.9222,4
2319,300888.SZ,稳健医疗,20260928,29.24,0.3304,1.1036,0.79,22.1963,21.5918,1.4591,1.5568,1.5302,2.3913,2.7112,58297.0928,58036.0952,17374.6565,1704607.204,1696975.564,4
2320,300889.SZ,爱克股份,20260928,21.37,3.4796,4.0195,0.76,,,3.3345,3.9939,3.7158,,,22022.708,15038.6979,13018.7604,470625.3127,321377.019,4
2321,300890.SZ,翔丰华,20260928,25.44,3.1175,3.2163,1.18,56.1604,28.1614,1.402,1.8161,1.4605,,0.3917,11957.9984,10929.8599,10594.022,304211.52,278055.6384,4
2322,300891.SZ,惠云钛业,20260928,7.5,1.1674,1.9454,0.6,,,2.4508,1.7274,1.6358,0.1325,,40000.844,33347.4365,20011.0768,300006.33,250105.7738,4
2323,300892.SZ,品渥食品,20260928,22.44,2.3103,3.578,0.81,446.8759,,2.1981,2.8358,2.7593,0.4412,0.4412,10000.0,6595.7492,4258.8389,224400.0,148008.63,1
2324,300893.SZ,松原安全,20260928,13.18,1.1626,1.9923,0.71,17.0504,18.9764,2.9391,2.3326,2.1399,0.7247,0.5906,47396.1078,25188.1351,14698.4528,624680.7298,331979.6852,4
2325,300894.SZ,火星人,20260928,9.92,1.5257,2.783,0.99,,,4.4834,5.2141,6.0209,,,40500.4211,29407.9211,16122.3111,401764.1664,291726.5664,4
2326,300895.SZ,铜牛信息,20260928,59.11,9.8869,9.8869,0.77,,,11.4623,31.9917,31.5591,,,14080.0657,6822.7925,6822.7925,832272.3466,403295.1169,4
2327,300896.SZ,爱美客,20260928,91.63,0.7538,0.9758,0.61,21.4765,25.3227,3.5046,11.3049,11.703,5.4357,1.9569,30259.2061,22101.2302,17072.2334,2772651.4123,2025135.7049,4
2328,300897.SZ,山科智能,20260928,16.8,4.8714,7.4269,1.93,185.7132,782.7049,3.3823,5.6485,5.6314,0.9057,0.2113,19584.6234,12048.2173,7902.6747,329021.784,202410.096,4
2329,300898.SZ,熊猫乳品,20260928,20.25,4.8831,8.1784,2.92,23.2474,24.5374,2.5417,3.0959,2.895,2.963,2.963,12400.0,11474.3548,6851.0971,251100.0,232355.5875,1
2330,300899.SZ,上海凯鑫,20260928,29.5,1.725,2.1932,1.1,69.0876,320.5305,2.9677,9.0383,10.0354,1.322,2.0,6378.3466,4332.7948,3407.7878,188161.03,127817.305,4
2331,300900.SZ,广联航空,20260928,21.67,3.7832,3.9455,1.0,,,3.6548,7.009,6.5661,,,32772.0334,25673.2459,24617.2997,710170.1068,556339.3275,4
2332,300901.SZ,中胤时尚,20260928,16.73,2.7608,6.5659,1.11,1034.2799,424.6182,4.1322,10.9224,9.8959,,,24000.0,24000.0,10091.3896,401520.0,401520.0,4
2333,300902.SZ,国安达,20260928,17.87,5.8409,8.8239,1.37,,,4.0581,10.3233,10.9129,,,18180.3369,12667.3838,8385.0665,324882.4971,226366.0806,4
2334,300903.SZ,科翔股份,20260928,94.6,5.1246,6.0754,0.88,,,22.7136,11.0706,10.1866,,,43538.6563,35137.9744,29639.2634,4118756.29,3324051.962,4
2335,300904.SZ,威力传动,20260928,47.92,6.0222,19.8292,1.61,,,6.1884,3.954,3.0729,,,7238.3232,7238.3232,2198.3232,346860.4477,346860.4477,1
2336,300905.SZ,宝丽迪,20260928,34.97,5.3605,8.6356,0.77,41.3691,40.0995,3.191,4.215,4.1502,1.4237,1.4291,17901.5696,13932.8039,8648.6817,626017.9029,487230.016,4
2337,300906.SZ,日月明,20260928,28.16,1.2881,2.5882,1.11,39.2761,40.8256,2.4244,13.2048,12.7546,1.7756,0.5327,8000.0,7225.3025,3595.9275,225280.0,203464.5184,4
2338,300907.SZ,康平科技,20260928,51.54,4.5196,12.5412,0.98,103.4251,131.8328,6.171,4.7707,3.0791,,0.4851,9600.0,9600.0,3459.65,494784.0,494784.0,4
2339,300908.SZ,仲景食品,20260928,17.27,1.4335,2.9402,1.78,19.062,18.3181,2.0766,3.3787,3.2525,3.1947,3.9934,21170.0,17833.916,8695.0112,365605.9,307991.7984,1
2340,300909.SZ,汇创达,20260928,61.2,4.739,6.6858,1.05,720.0476,1141.335,5.2631,7.116,6.5853,0.3758,,17297.2979,12913.9272,9153.4902,1058594.76,790332.516,4
2341,300910.SZ,瑞丰新材,20260928,27.29,1.4142,1.9956,0.88,14.1952,13.3838,2.7542,2.9795,2.7595,3.3332,4.1665,38304.2277,26827.611,19011.3821,1045322.4367,732125.4769,4
2342,300911.SZ,亿田智能,20260928,32.83,5.0102,8.7405,0.59,,,5.6511,17.8224,24.5291,2.2823,,18334.5547,17134.6479,9821.9065,601923.6048,562530.5595,4
2343,300912.SZ,凯龙高科,20260928,19.44,2.8715,3.9045,0.93,,,5.1752,3.7375,3.482,,,11388.48,8594.9225,6321.0725,221392.0512,167085.2448,4
2344,300913.SZ,兆龙互连,20260928,36.03,5.0876,12.741,0.86,53.381,49.8778,4.672,5.8149,5.2052,0.2522,0.4441,34278.112,28585.432,11414.3741,1235040.3033,1029933.0429,4
2345,300915.SZ,海融科技,20260928,23.27,4.9788,8.2124,1.41,,,1.9629,2.9334,2.8982,1.2239,1.7135,12583.9268,5760.0188,3492.0188,292828.0511,134035.6654,1
2346,300916.SZ,朗特智能,20260928,27.53,3.4043,5.5287,0.91,38.8034,78.2013,3.0051,2.4828,2.5833,1.453,1.0897,14464.4007,10268.1906,6322.6004,398204.932,282683.2707,4
2347,300917.SZ,特发服务,20260928,31.88,8.5862,19.2949,0.75,43.4938,41.8331,4.457,1.8126,1.7479,0.7842,0.941,16900.0,16900.0,7520.5,538772.0,538772.0,1
2348,300918.SZ,南山智尚,20260928,10.7,1.7326,3.3326,1.4,42.2821,43.3594,1.3898,3.0206,2.4147,1.559,0.7149,50613.4427,50613.4427,26313.4427,541563.808,541563.808,4
2349,300919.SZ,中伟新材,20260928,36.17,0.7814,1.7487,1.05,24.1047,17.675,1.6085,0.7848,0.6255,1.7135,1.7625,104446.6212,91483.3973,40878.9424,3777834.2888,3308954.4803,4
2350,300920.SZ,润阳科技,20260928,31.36,1.7651,2.4992,0.93,151.1766,271.3545,3.4659,9.6627,9.9706,0.2453,0.2453,13000.0,8634.3953,6098.364,407680.0,270774.784,4
2351,300921.SZ,南凌科技,20260928,15.64,3.5143,4.2014,0.65,189.92,115.2309,4.869,7.2619,7.0741,0.3244,0.4542,25674.5441,16190.5071,13542.4841,401549.962,253219.5764,4
2352,300922.SZ,天秦装备,20260928,17.09,3.9815,4.7343,0.81,64.9205,78.6265,2.7824,11.8389,15.6051,1.0167,1.1703,16085.238,12622.6109,10615.6544,274896.7516,215720.4049,4
2353,300923.SZ,研奥股份,20260928,23.7,1.9623,3.7131,1.5,53.8139,76.1784,1.6667,4.0132,4.8362,1.8867,1.8867,7860.0,7672.825,4054.825,186282.237,181846.071,4
2354,300925.SZ,法本信息,20260928,13.56,1.1405,1.3088,0.78,55.6821,66.4996,2.5847,1.1377,1.0238,0.4716,0.3654,42870.8945,34951.2147,30456.5788,581329.3294,473938.4713,4
2355,300926.SZ,博俊科技,20260928,16.02,0.8245,1.7713,1.05,8.2424,8.9632,1.892,1.1981,1.2163,0.9042,1.3733,43432.6312,29799.3117,13871.0565,695790.7518,477384.9734,4
2356,300927.SZ,江天化学,20260928,26.79,3.8368,9.5979,0.57,198.2347,49.1639,3.7868,2.4913,2.1958,0.3359,0.28,14436.0,14088.893,5632.133,386740.44,377441.3631,4
2357,300928.SZ,华安鑫创,20260928,24.06,3.1487,3.7226,0.63,,,1.951,2.1263,2.4992,,,8000.0,5458.6014,4617.0535,192480.0,131333.916,4
2358,300929.SZ,华骐环保,20260928,15.66,1.8089,2.8737,1.12,,,2.6972,5.825,5.3982,,,13213.2956,12536.0351,7891.0742,206920.278,196314.3864,4
2359,300930.SZ,屹通新材,20260928,25.45,3.0864,4.9304,1.07,45.19,41.462,2.679,3.2752,2.6155,0.3929,0.3929,10000.0,4712.5001,2950.0,254500.0,119933.125,4
2360,300931.SZ,通用电梯,20260928,17.0,11.9302,15.5155,0.98,,,6.9899,9.8859,10.0486,,,24317.1,19542.6403,15026.7213,413390.7,332224.88,4
2361,300932.SZ,三友联众,20260928,10.8,3.4252,5.4517,1.32,66.6349,43.1398,2.7113,2.0971,1.9128,1.0299,1.2566,44814.5597,31919.1317,20054.0517,483997.248,344726.604,4
2362,300933.SZ,中辰股份,20260928,6.3,1.5223,2.4636,0.97,,,1.6158,1.2107,1.0682,0.4088,,54709.0454,54709.0454,33805.6254,344667.015,344667.015,4
2363,300935.SZ,盈建科,20260928,27.2,2.5662,3.6682,0.76,,,2.9954,16.9782,17.3016,,,7943.068,6027.3655,4216.7045,216051.504,163944.464,4
2364,300936.SZ,中英科技,20260928,71.79,6.4381,9.0338,0.93,2540.1042,829.697,5.369,23.8738,19.7427,0.1393,,7520.0,4763.75,3395.0,539860.8,341989.6125,4
2365,300937.SZ,药易购,20260928,24.1,3.3027,3.9971,0.61,,,2.8419,0.5176,0.5156,0.4149,,9566.6682,6486.4182,5359.5682,230556.747,156322.722,4
2366,300938.SZ,信测标准,20260928,30.31,3.7716,5.48,0.77,52.6174,49.3504,5.3718,12.8542,12.0159,0.6249,0.707,34086.2033,29585.0104,20361.7044,1033152.722,896721.6531,4
2367,300939.SZ,秋田微,20260928,96.95,5.1834,9.4398,0.79,145.9782,184.8523,8.04,9.0061,8.9381,0.4077,0.2063,12000.0,12000.0,6589.2,1163400.0,1163400.0,4
2368,300940.SZ,南极光,20260928,13.33,1.8236,2.3013,0.92,33.5244,131.6044,2.5269,3.7445,4.4106,,,22264.4372,15748.1672,12479.1236,296784.9852,209923.1061,4
2369,300941.SZ,创识科技,20260928,14.96,2.3393,3.2271,0.88,93.4911,131.3292,2.4054,12.4202,11.7411,0.8415,0.5433,20475.0,12676.8012,9189.269,306306.0,189644.928,4
2370,300942.SZ,易瑞生物,20260928,6.52,0.7913,1.7647,0.49,192.1737,,3.2503,10.0335,9.3554,0.265,0.3785,40507.7895,40507.7895,18163.1723,264110.7908,264110.7908,4
2371,300943.SZ,春晖智控,20260928,32.97,7.8373,9.3963,0.88,111.8406,110.1295,6.6253,12.0747,11.9634,0.364,0.3943,20382.0,13434.0287,11205.1481,671994.54,442919.9691,4
2372,300945.SZ,曼卡龙,20260928,11.14,2.1988,3.7721,0.94,25.4808,24.6305,1.6881,1.066,1.3492,1.7953,1.526,26207.1629,23870.3797,13914.4197,291947.7624,265916.0332,4
2373,300946.SZ,恒而达,20260928,36.34,1.2518,1.9933,0.87,153.8467,247.1051,4.7363,8.581,8.1102,0.6477,0.6604,15600.78,7579.8975,4760.1975,566932.3452,275453.566,4
2374,300947.SZ,德必集团,20260928,15.21,2.7521,4.4676,0.68,,,1.939,1.8811,1.889,,,15113.7696,15108.0544,9306.9043,229880.4417,229793.4405,4
2375,300948.SZ,冠中生态,20260928,18.13,4.0833,6.1852,1.59,,,3.003,19.3154,18.5652,,,16438.0595,15515.6158,10243.1195,298022.0187,281298.1145,4
2376,300949.SZ,奥雅股份,20260928,23.74,1.8644,3.7607,1.13,,,3.7384,4.7542,4.8379,,,8700.0,4973.6542,2465.6888,206538.0,118074.451,1
2377,300950.SZ,德固特,20260928,20.5,2.5374,3.4621,0.43,34.216,58.258,3.8607,5.7633,5.8434,0.9555,0.9756,15364.4,9763.6775,7156.031,314970.2,200155.44,0
2378,300951.SZ,博硕科技,20260928,79.1,4.922,12.7664,1.87,93.0849,913.2418,6.1844,9.5599,8.8183,0.7494,0.7576,16940.0597,15139.0417,5836.781,1339958.746,1197498.064,4
2379,300952.SZ,恒辉安防,20260928,16.8,3.8117,5.3635,1.09,39.7857,59.4639,2.3355,3.3026,3.2768,0.9184,0.5322,24130.8975,14857.8225,10558.9335,405399.12,249611.376,4
2380,300953.SZ,震裕科技,20260928,93.75,2.7823,3.7026,0.59,44.8069,31.7048,4.6956,2.3606,1.902,0.1115,0.2253,24515.2902,17663.3543,13272.9748,2298308.4563,1655939.4656,4
2381,300955.SZ,嘉亨家化,20260928,27.88,1.2499,2.9446,0.9,,,3.2646,2.4698,2.2539,1.0043,,10080.0,10080.0,4278.5795,281030.4,281030.4,4
2382,300956.SZ,英力股份,20260928,11.03,1.8255,3.5623,1.31,181.1563,,1.8024,1.067,1.1222,0.7555,0.9066,21542.766,21045.2395,10784.7332,237616.7531,232128.9972,4
2383,300957.SZ,贝泰妮,20260928,32.45,1.085,2.1097,0.69,27.1807,24.9536,2.2335,2.5652,2.4641,1.8389,2.4474,42360.0,42360.0,21786.2911,1374582.0,1374582.0,4
2384,300958.SZ,建工修复,20260928,12.39,2.8413,3.0325,1.41,,,1.5763,3.2243,3.9059,,,15673.6579,9104.9427,8530.9773,194196.6474,112810.2066,1
2385,300959.SZ,线上线下,20260928,86.0,4.37,6.3866,1.07,,,6.2655,11.949,15.8186,0.3809,,8036.78,5933.8113,4060.2264,691163.08,510307.66,4
2386,300960.SZ,通业科技,20260928,18.97,4.4102,13.8235,1.21,52.1889,62.1261,4.1959,5.4009,5.5138,1.6779,1.0543,14514.54,13157.94,4197.8548,275340.8238,249606.1218,4
2387,300961.SZ,深水海纳,20260928,11.58,2.2281,2.5636,0.68,,,3.9264,5.4934,5.7201,,,17728.0,15310.6301,13306.507,205290.24,177297.0954,4
2388,300962.SZ,中金辐照,20260928,12.96,0.5585,1.2196,0.78,28.8577,36.3095,3.2703,9.3989,9.3516,1.1265,0.6944,26400.1897,26400.1897,12090.1959,342146.4624,342146.4624,4
2389,300963.SZ,中洲特材,20260928,10.61,1.3578,1.9523,1.16,90.0839,80.5454,4.3061,5.3409,4.8922,0.3703,0.2451,45864.0,34059.4581,23688.0428,486617.04,361370.8706,4
2390,300964.SZ,本川智能,20260928,71.88,7.3197,12.2858,0.74,241.9287,144.9479,7.2859,8.769,6.9351,0.1987,0.1987,10685.9597,8639.6837,5147.3752,768106.8048,621020.1984,4
2391,300965.SZ,恒宇信通,20260928,42.12,0.9033,2.957,0.78,70.0706,1033.9796,2.1083,12.6037,15.3207,1.377,1.6382,6000.0,5499.375,1680.0,252720.4212,231633.8856,4
2392,300966.SZ,共同药业,20260928,24.74,2.7652,3.5461,0.7,,,4.0855,4.705,4.3874,,0.1802,11528.1113,7666.6669,5978.3416,285205.4414,189673.4158,4
2393,300967.SZ,晓鸣股份,20260928,16.15,2.2874,3.4714,0.81,35.7585,,4.476,2.4804,2.92,1.2258,1.5323,18757.4937,12479.6718,8223.2758,302933.4635,201546.6705,0
2394,300968.SZ,格林精密,20260928,9.55,1.1977,2.5085,0.98,,,2.2549,2.9771,2.6535,0.5236,,41338.0,41338.0,19736.1547,394777.9,394777.9,4
2395,300969.SZ,恒帅股份,20260928,74.56,2.2311,3.533,0.94,73.4258,76.236,6.8888,12.9159,11.747,0.2615,0.3353,16411.9856,7827.5301,4943.1455,1223677.9744,583620.6368,4
2396,300970.SZ,华绿生物,20260928,17.03,5.579,10.905,0.55,24.6958,12.9638,1.671,2.1079,1.831,,2.2081,15990.387,12369.6633,6328.3678,272316.1714,210655.3098,4
2397,300971.SZ,博亚精工,20260928,17.4,2.0793,2.3608,1.0,24.5326,28.2093,1.9315,3.9823,3.8128,1.0263,1.4368,11760.0,9225.2757,8125.3657,204624.0,160519.872,4
2398,300972.SZ,万辰集团,20260928,155.6,0.7664,1.539,0.61,22.8438,14.7462,11.3934,0.5969,0.4821,0.4438,0.718,19740.1782,18078.5975,9003.333,3071572.008,2813030.16,1
2399,300973.SZ,立高食品,20260928,25.51,1.364,1.7419,0.85,14.1772,16.5911,1.725,0.9922,0.9623,2.7002,2.7002,16934.0675,11856.3793,9284.2443,431988.0619,302456.2359,1
2400,300975.SZ,商络电子,20260928,23.92,6.5211,8.2819,0.83,54.2589,22.7827,5.7982,1.9224,1.2325,0.0499,0.2745,68700.5604,49452.5864,38938.4683,1643317.3952,1182905.9528,4
2401,300976.SZ,达瑞电子,20260928,57.59,4.0296,7.3766,1.1,38.1952,34.4796,2.9305,3.3808,3.0714,0.963,0.8611,18713.1945,12037.5683,6575.7921,1077692.8713,693243.5584,4
2402,300977.SZ,深圳瑞捷,20260928,18.9,4.1352,7.7471,0.95,97.121,167.421,2.1071,6.1959,5.5738,,0.7886,15319.8327,9577.3533,5112.2282,289544.787,181011.915,4
2403,300978.SZ,东箭科技,20260928,8.74,1.1947,2.1188,0.79,25.936,29.4896,2.3411,1.8159,1.9066,4.0046,4.0046,42270.2739,28708.9219,16187.2919,369442.1598,250915.9608,4
2404,300979.SZ,华利集团,20260928,34.02,0.3947,2.5433,1.58,12.3809,15.9532,2.5719,1.5893,1.708,9.7002,6.1728,116700.0,116700.0,18109.5,3970134.0,3970134.0,4
2405,300980.SZ,祥源新材,20260928,22.98,2.6452,3.1607,0.86,63.8326,33.8294,2.2081,5.2573,4.816,0.7657,0.8489,13806.5198,10000.8698,8369.7898,317273.8296,229819.9926,4
2406,300981.SZ,中红医疗,20260928,18.57,8.1683,26.8333,1.5,,196.5678,1.5147,3.3558,3.0466,1.2198,1.8784,42886.4959,39299.7379,11963.174,796402.305,729796.1718,1
2407,300982.SZ,苏文电能,20260928,14.22,0.8562,1.6091,0.89,,,1.0322,2.3022,3.1688,4.1222,,20696.5146,19389.7146,10317.7146,294304.3722,275721.6762,4
2408,300983.SZ,尤安设计,20260928,37.24,0.4514,1.3668,0.53,,,2.3385,37.9225,48.594,,,17280.0,15281.0238,5046.9005,643507.2,569065.1848,4
2409,300984.SZ,金沃股份,20260928,30.89,2.6816,4.1267,0.88,123.3404,116.9931,3.3456,4.7704,4.5794,0.2209,0.6937,19245.2674,12402.9497,8059.6512,594486.3903,383127.1255,4
2410,300985.SZ,致远新能,20260928,34.89,1.7675,5.6133,0.94,,,7.6853,3.8347,3.6206,,,18651.248,18651.248,5873.018,650742.1125,650742.1125,4
2411,300986.SZ,志特新材,20260928,11.04,3.0483,5.3225,0.7,38.8535,36.8857,2.8475,2.1414,1.969,0.4046,0.6441,57572.2841,57531.6973,32949.1758,635598.0816,635149.968,4
2412,300987.SZ,川网传媒,20260928,14.05,3.4446,6.2619,0.44,118.0804,130.7389,3.1017,7.8893,8.1492,0.8897,0.8185,17336.8,17336.8,9536.8,243582.04,243582.04,4
2413,300988.SZ,津荣天宇,20260928,16.14,2.2264,3.4895,0.98,34.8164,32.4715,2.4091,1.643,1.4815,0.737,0.865,19695.8099,16210.1585,10342.4715,317890.3734,261631.9824,4
2414,300989.SZ,蕾奥规划,20260928,14.73,1.8796,2.6378,0.5,158.794,,3.2804,9.7885,12.1726,,0.0676,21055.8267,16289.4292,11607.1614,310152.3759,239943.3039,4
2415,300990.SZ,同飞股份,20260928,99.1,5.736,8.8818,0.56,67.0911,66.2887,7.7477,5.9172,5.2825,0.4992,0.5027,17121.659,8285.0071,5350.5171,1696756.506,821044.491,4
2416,300991.SZ,创益通,20260928,26.2,4.5881,7.0528,0.94,,,6.1165,5.338,5.6753,0.1145,,14400.0,10510.65,6837.6,377280.0,275379.03,4
2417,300992.SZ,泰福泵业,20260928,27.69,3.4161,5.126,0.42,141.9757,,2.9998,2.821,2.7855,0.2652,0.2664,9530.0771,7798.8271,5197.2971,263887.8349,215949.5224,4
2418,300993.SZ,玉马科技,20260928,9.72,1.1229,2.1699,1.01,20.1309,23.3401,1.9186,4.0184,3.7808,1.0087,2.027,30813.12,24250.7317,12549.5128,299503.5264,235717.0956,4
2419,300994.SZ,久祺股份,20260928,11.36,2.1856,3.2275,1.24,17.888,31.3003,2.391,0.7879,0.7923,3.5211,8.4507,23308.8,11841.216,8018.688,264787.968,134516.2592,1
2420,300995.SZ,奇德新材,20260928,26.05,2.2375,4.0043,1.16,122.2268,90.7253,2.6444,6.3991,6.1014,0.7877,0.7275,9211.0949,6072.9742,3393.3327,239948.8945,158200.8685,4
2421,300996.SZ,普联软件,20260928,12.05,4.1364,5.3545,0.62,64.4681,69.7926,3.7135,5.7813,6.1527,0.631,0.5924,39579.0802,33314.2304,25735.5284,476927.914,401436.4715,4
2422,300997.SZ,欢乐家,20260928,15.09,1.478,5.1347,0.58,148.5864,134.3574,6.7212,4.3747,4.413,1.9114,1.2743,43497.3475,39459.1347,11358.0207,656374.8606,595438.2717,4
2423,300998.SZ,宁波方正,20260928,29.32,5.2006,8.0711,0.94,147.4093,82.322,3.1908,3.1263,3.1503,,0.6755,13716.923,10768.058,6938.333,402180.3876,315719.5192,4
2424,300999.SZ,金龙鱼,20260928,24.18,1.4215,1.4215,0.84,41.579,35.5108,1.3448,0.5348,0.5196,0.4591,0.9512,542159.1536,54264.7097,54264.7097,13109408.247,1312120.6878,4
2425,301000.SZ,肇民科技,20260928,23.73,1.4729,3.6253,0.89,38.7462,41.5515,4.4489,6.8345,6.6773,0.8387,0.9257,24358.8856,22998.0856,9343.8616,578036.4597,545744.6757,4
2426,301001.SZ,凯淳股份,20260928,25.31,2.3589,3.7834,0.96,,,2.6306,6.4038,6.0621,1.4816,,8000.0,4904.17,3057.6506,202480.0,124124.5427,4
2427,301002.SZ,崧盛股份,20260928,26.29,3.0264,3.4561,0.83,,102.4902,3.1692,3.7091,3.2422,,,13493.6678,8779.5395,7688.1894,354748.5843,230814.1066,4
2428,301003.SZ,江苏博云,20260928,56.4,2.6046,4.6358,0.79,53.6869,53.6003,4.7399,10.0319,9.3639,3.1915,0.5319,9713.3323,7514.0129,4221.729,547831.812,423790.164,4
2429,301004.SZ,嘉益股份,20260928,38.28,3.4981,12.1395,7.54,12.7676,18.4311,2.9497,2.3717,2.8075,8.1693,2.046,14580.6262,13610.7375,3922.0387,558146.5164,521019.1272,1
2430,301005.SZ,超捷股份,20260928,58.36,3.0129,6.5249,1.09,674.3188,1817.9036,13.7502,12.4775,12.0873,0.0606,0.0612,18796.5415,18413.6101,8502.6024,1096966.0744,1074618.2796,4
2431,301006.SZ,迈拓股份,20260928,13.76,1.7946,2.8474,0.96,20.7714,28.7977,1.4734,4.8206,5.0452,1.436,1.436,13928.0,8623.625,5435.005,191649.4176,118661.1488,4
2432,301007.SZ,德迈仕,20260928,30.4,1.5071,1.8438,1.26,90.1922,108.6222,7.1295,7.2407,7.1663,0.4934,0.2283,15334.0,15132.5125,12368.6397,466153.6,460028.304,4
2433,301008.SZ,宏昌科技,20260928,55.4,9.5491,19.0008,0.66,220.9548,142.2842,4.6656,6.3269,6.2432,0.1554,0.0505,13096.3234,11564.0734,5811.6634,725536.128,640649.478,4
2434,301009.SZ,可靠股份,20260928,9.2,1.4789,2.0857,0.78,69.2471,,1.9214,2.1744,2.1111,0.7457,1.2783,27186.0,15103.5028,10709.3336,250111.2,138952.2,4
2435,301010.SZ,晶雪节能,20260928,19.46,3.6622,10.1726,0.88,252.1025,354.4347,2.5224,2.4395,2.7146,1.0277,,10800.0,10800.0,3888.0,210168.0,210168.0,1
2436,301011.SZ,华立科技,20260928,15.35,2.2345,4.1205,0.49,34.3383,,2.863,2.3774,2.7889,1.2374,0.9772,15445.7126,14669.6876,7955.4076,237091.6884,225179.7047,4
2437,301012.SZ,扬电科技,20260928,22.17,1.6514,2.5887,0.5,111.1308,89.6466,3.6572,3.414,3.1183,0.4575,0.1804,19696.0162,19696.0162,12564.3882,436660.7634,436660.7634,4
2438,301013.SZ,利和兴,20260928,34.54,7.586,8.2239,0.9,,,12.8214,17.1756,13.766,0.1448,,23374.3056,18924.1638,17456.1146,807348.322,653640.4864,4
2439,301015.SZ,百洋医药,20260928,24.95,0.8691,3.3936,0.48,27.6274,24.4571,5.7144,1.7471,1.7929,3.0541,2.2886,52562.4077,52555.6577,13459.9267,1311432.1295,1311263.717,4
2440,301016.SZ,雷尔伟,20260928,15.11,1.8217,5.7394,1.45,65.378,68.9836,4.5173,12.0214,12.2804,2.0217,0.7076,30640.9026,29382.3968,9326.1714,462984.1501,443968.064,4
2441,301017.SZ,漱玉平民,20260928,12.97,2.5294,4.761,0.96,46.0527,50.7019,2.633,0.5094,0.4889,,0.347,40560.7125,25869.51,13743.5325,526072.4087,335527.5447,4
2442,301018.SZ,申菱环境,20260928,91.74,3.3722,5.6378,0.71,158.3957,285.1679,12.5848,8.1575,8.017,0.124,0.1946,37428.1339,28282.2899,16916.6672,3433656.6462,2594617.2846,4
2443,301019.SZ,宁波色母,20260928,15.66,0.9721,1.1204,0.86,28.1924,26.5162,2.9177,6.6117,6.018,3.1928,3.4589,19795.6069,14514.6658,12593.2695,309999.2526,227299.7322,1
2444,301020.SZ,密封科技,20260928,22.63,4.7038,14.7083,1.71,37.4333,34.0042,3.2691,5.8992,5.4918,1.3699,1.5908,14640.0,14640.0,4682.0,331303.2,331303.2,4
2445,301021.SZ,英诺激光,20260928,81.15,5.363,9.0628,0.72,256.7144,165.416,11.7933,24.1675,22.3608,0.1221,0.1227,15286.9941,15268.7298,9035.3706,1240539.2385,1239057.4395,4
2446,301022.SZ,海泰科,20260928,22.19,1.3384,1.5418,0.86,42.1682,,1.6042,2.6936,2.6349,1.1434,1.3421,10021.6926,6771.9086,5878.4319,222381.3011,150268.6829,4
2447,301023.SZ,奕帆传动,20260928,28.94,1.7171,2.4916,1.0,37.848,45.206,3.2666,10.4511,10.9179,3.2508,2.5921,9330.048,6675.0211,4600.1482,270011.647,193175.0788,4
2448,301024.SZ,霍普股份,20260928,33.59,1.5377,5.0484,0.96,,,6.3476,14.1306,13.4332,,,6358.5,6156.0,1875.0,213582.015,206780.04,4
2449,301025.SZ,读客文化,20260928,9.84,3.8134,9.0674,0.74,450.0566,290.4368,6.2886,11.2892,11.1362,0.3049,0.1524,40030.94,27715.074,11655.9001,393904.4496,272716.2888,4
2450,301026.SZ,浩通科技,20260928,18.43,2.7297,3.062,1.66,23.4436,17.3095,2.3591,0.9535,0.7182,1.1005,1.5503,22158.3581,16003.28,14266.7557,408378.5398,294940.4504,4
2451,301027.SZ,华蓝集团,20260928,18.78,2.9986,3.3531,0.66,,,3.106,3.8178,3.9836,,,14700.0,12647.0678,11309.8559,276066.0,237511.9746,4
2452,301028.SZ,鼎熔岩,20260928,13.04,2.9347,6.3845,1.5,21.6871,20.9446,2.8772,4.1712,3.8027,1.5202,1.5247,38632.526,25059.9899,11519.1199,503768.1912,326782.2696,4
2453,301029.SZ,怡合达,20260928,24.37,1.4149,1.7675,1.31,30.2652,28.2489,3.5414,5.2562,4.638,1.8418,3.0558,63583.4712,45281.1808,36247.8201,1549529.1931,1103502.3761,4
2454,301030.SZ,*ST仕净,20260928,4.85,8.556,12.1589,0.94,,,,1.5929,-2.8587,,,20238.333,20210.571,14221.805,98155.9005,98021.2645,4
2455,301031.SZ,中熔电气,20260928,94.23,2.0154,2.355,1.03,33.9984,26.5666,7.8224,6.3396,5.1032,0.3614,0.3221,14615.4353,11489.8741,9833.2844,1377211.9689,1082690.4501,4
2456,301032.SZ,新柴股份,20260928,10.28,2.428,4.2923,1.27,23.1045,21.9264,1.9549,1.0634,1.0542,0.9728,1.2646,24113.34,16386.1801,9268.8749,247885.1352,168449.9304,1
2457,301033.SZ,迈普医学,20260928,53.93,1.4638,2.1149,0.77,32.2407,29.7962,4.4946,9.8889,9.0989,1.0885,1.2822,6763.1022,5693.5062,3940.6043,364734.5223,307050.9943,4
2458,301035.SZ,润丰股份,20260928,48.77,0.455,1.4052,0.64,17.0192,17.9424,2.3151,1.2103,1.1396,1.1897,3.0067,36450.5266,36375.1026,11777.9681,1777691.8604,1774013.627,1
2459,301036.SZ,双乐股份,20260928,22.26,1.3595,1.5562,0.97,44.8973,358.65,1.3672,1.5072,1.5219,0.8985,1.3477,10000.0,6967.9408,6087.2466,222600.0,155106.3444,4
2460,301037.SZ,保立佳,20260928,13.16,2.9637,4.6554,1.05,,,3.3759,1.0828,1.1356,,,13903.1686,6798.6573,4328.1969,182965.7172,89470.3656,1
2461,301038.SZ,深水规院,20260928,16.36,1.4998,4.5809,1.67,69.2369,56.5839,3.9769,4.6561,4.4261,0.4326,0.5073,22308.0,22308.0,7303.8,364958.88,364958.88,4
2462,301039.SZ,中集车辆,20260928,7.26,0.7061,1.422,1.0,15.0591,16.2962,0.9653,0.6743,0.643,3.8567,4.8209,187412.442,144695.7375,71851.39,1360614.3144,1050491.0724,1
2463,301040.SZ,中环海陆,20260928,25.88,1.281,1.9597,0.81,,,3.8015,3.6671,3.7174,,,10000.1102,9436.4196,6168.3854,258802.8468,244214.5496,4
2464,301041.SZ,金百泽,20260928,35.22,15.7474,17.8214,1.07,186.3658,134.6438,5.4717,5.3634,4.9106,0.2805,0.1346,10668.0,7900.2839,6980.8781,375726.96,278247.8616,4
2465,301042.SZ,安联锐视,20260928,29.2,3.0495,4.6618,1.12,104.8661,98.5008,2.674,6.022,4.9834,,0.9573,9677.7154,9225.1024,6034.5724,282589.132,269372.92,4
2466,301043.SZ,绿岛风,20260928,48.35,1.5653,4.5007,0.78,47.9606,57.8143,3.8416,5.9008,5.8314,3.0196,1.241,6800.0,5674.775,1973.635,328780.4835,274375.613,4
2467,301045.SZ,天禄科技,20260928,66.62,3.8995,5.5842,0.81,226.4808,247.6991,7.1375,12.6449,13.2912,0.0751,0.1501,11031.8358,9070.2827,6333.8124,734940.5146,604262.0536,4
2468,301046.SZ,能辉科技,20260928,33.65,5.3578,8.9131,1.19,812.1659,,5.1973,4.7985,9.7345,0.8054,1.191,16858.753,13019.503,7826.243,567296.9375,438106.175,4
2469,301047.SZ,义翘神州,20260928,146.0,9.4502,24.8833,0.84,120.2075,107.4715,3.3934,25.3857,23.1236,3.4247,1.5068,12163.6742,11958.0621,4541.4431,1775895.82,1745876.76,4
2470,301048.SZ,金鹰重工,20260928,8.91,0.4744,1.8975,1.07,23.533,22.8173,1.6598,1.4851,1.4239,0.6972,1.209,53333.34,53333.34,13333.34,475200.0594,475200.0594,4
2471,301049.SZ,超越科技,20260928,20.38,2.6905,3.7679,1.11,,,3.7757,9.839,9.8258,,,9425.3334,3596.9429,2568.4034,192088.2254,73305.6372,4
2472,301050.SZ,雷电微力,20260928,26.96,1.3662,1.4083,1.13,40.6145,,2.2006,9.0139,19.259,1.2703,0.1848,24757.9192,21048.9977,20419.5929,667473.5232,567481.04,4
2473,301051.SZ,信濠光电,20260928,17.29,2.476,3.2649,0.83,,,2.5957,2.9952,3.4662,0.1721,,28426.0838,22583.7116,17126.5616,491486.9232,390472.3459,4
2474,301052.SZ,果麦文化,20260928,23.61,4.7354,5.4837,0.86,,,3.5817,3.645,4.2926,0.2245,0.0762,9895.9339,8023.9794,6928.9919,233642.9073,189446.1678,4
2475,301053.SZ,远信工业,20260928,34.73,1.9065,4.6376,1.36,275.5834,162.1057,4.8415,6.9242,6.8208,0.5355,0.2057,13188.5317,12322.3644,5065.7226,458037.6469,427955.5628,4
2476,301055.SZ,张小泉,20260928,29.7,2.0494,4.9502,0.86,84.144,74.4284,6.722,4.5343,4.1864,0.3922,1.3468,15600.0,15266.7676,6320.5276,463320.0,453423.069,4
2477,301056.SZ,森赫股份,20260928,13.07,1.9953,4.3678,0.9,46.5262,51.6823,4.582,6.2711,6.4272,4.5907,3.0604,26678.6667,17599.583,8039.6667,348690.0862,230026.5106,4
2478,301057.SZ,汇隆新材,20260928,22.36,5.5052,7.8365,0.87,74.485,63.4873,3.3554,2.7496,2.3628,0.8846,0.8846,11696.9438,8256.1613,5800.0088,261543.5784,184607.7376,4
2479,301058.SZ,中粮科工,20260928,8.39,1.3347,2.8552,0.56,18.7462,18.4909,1.8869,1.4268,1.358,1.7586,1.7586,52080.3005,51227.4245,23946.2443,436953.717,429798.0538,4
2480,301059.SZ,金三江,20260928,13.05,1.7609,5.5158,1.27,39.4895,33.5245,4.8203,6.7312,5.7587,1.293,1.5254,23115.4,20654.4574,6593.8777,301655.97,269540.703,4
2481,301060.SZ,兰卫医学,20260928,11.85,3.7579,7.363,0.59,,122.8596,3.0601,3.2776,3.7071,1.6794,1.5114,40051.7,36016.6407,18382.0067,474612.645,426797.184,4
2482,301061.SZ,匠心家居,20260928,41.28,1.4303,3.0136,0.53,13.6912,16.0134,2.6916,3.4743,3.5985,1.6395,2.143,28439.7621,18883.9656,8962.5333,1173993.7056,779530.2816,4
2483,301062.SZ,上海艾录,20260928,6.86,1.5932,1.5932,0.85,,,2.2055,2.5312,2.3619,1.3089,1.3089,43329.2145,27525.1242,27525.1242,297238.3806,188822.3232,4
2484,301063.SZ,海锅股份,20260928,18.53,2.794,4.7146,1.5,37.7684,88.3545,1.2139,1.0304,1.0903,0.8095,0.8095,10436.0724,9664.7303,5727.5724,193380.3771,179087.4469,1
2485,301065.SZ,本立科技,20260928,20.0,1.6951,2.9529,1.06,26.8977,26.8614,1.5214,3.3207,3.1818,0.9731,1.4597,10602.0,8628.75,4953.375,212040.0,172575.0,1
2486,301066.SZ,万事利,20260928,12.39,2.0578,4.1067,0.82,87.2563,85.6158,2.2698,4.0673,3.8151,1.1041,0.8008,23492.3111,23311.6669,11681.3057,291069.7209,288831.5913,4
2487,301067.SZ,显盈科技,20260928,32.65,5.6669,7.8385,1.17,,,4.1969,4.374,5.0803,0.1517,,9723.6,6601.665,4772.72,317475.8665,215544.5255,4
2488,301068.SZ,大地海洋,20260928,23.84,1.4939,2.2741,1.09,,87.3634,4.0866,2.4514,2.5432,0.9616,0.4194,14131.5742,10032.1525,6590.1339,336896.6288,239166.456,4
2489,301069.SZ,凯盛新材,20260928,15.34,0.7839,1.2259,1.05,54.1538,51.8306,2.9759,6.7747,6.0547,0.6051,0.9544,45317.4229,42677.4229,27291.5076,695169.2228,654671.6228,4
2490,301070.SZ,开勒股份,20260928,64.37,3.3992,3.8798,1.37,,,10.938,29.3546,28.2487,,,12617.4336,8481.387,7430.7878,812184.6128,545947.0743,4
2491,301071.SZ,力量钻石,20260928,65.98,9.0216,12.8232,0.78,153.5992,96.7818,3.1538,26.5456,20.27,0.2273,0.6062,25445.0293,18704.9097,13159.5332,1678863.0794,1234149.9618,4
2492,301072.SZ,中捷精工,20260928,45.29,6.9778,12.5772,0.99,,,6.7138,5.8739,5.6164,,,10486.3518,6792.2173,3768.2923,474926.7915,307619.6438,4
2493,301073.SZ,君亭酒店,20260928,17.21,2.8597,7.0383,0.85,144.9659,126.6716,3.7665,4.9718,4.938,1.3074,0.5811,19445.1046,17817.95,7239.4134,334650.171,306646.9195,4
2494,301075.SZ,多瑞医药,20260928,63.84,1.5859,3.2114,0.61,,,7.7433,33.1257,35.65,,,8000.0,5660.0,2795.0104,510720.0,361334.4,4
2495,301076.SZ,新瀚新材,20260928,20.48,2.1799,2.5626,0.95,70.1518,68.7825,3.8575,10.5293,10.2478,0.6621,0.3742,22816.9435,15235.7918,12960.4442,467290.9312,312028.9792,4
2496,301077.SZ,星华新材,20260928,21.37,1.2656,2.0408,0.64,28.045,31.1573,3.0749,4.7284,4.0139,3.9581,1.4024,17024.7717,9557.1404,5926.6433,363819.3349,204236.0818,4
2497,301078.SZ,孩子王,20260928,6.85,0.8312,1.1544,0.77,29.1027,26.5609,1.9646,0.8432,0.8284,1.0118,1.0867,126457.2936,126098.6021,90788.6366,866232.4365,863775.41,4
2498,301079.SZ,邵阳液压,20260928,26.98,6.038,7.2922,1.52,501.8221,401.8246,6.0631,10.5307,9.6668,0.0747,0.0745,10845.7734,7693.3412,6370.1328,292618.8746,207566.3132,4
2499,301080.SZ,百普赛斯,20260928,120.82,11.575,14.9633,0.72,122.3608,112.4751,7.6228,24.172,21.3175,0.4136,0.4951,16767.9058,12683.7356,9811.5794,2025898.3788,1532448.9352,4
2500,301081.SZ,严牌股份,20260928,17.59,4.6645,10.1639,1.37,237.5054,8173.8236,3.697,4.5982,4.1733,1.5944,0.2834,23439.6287,22516.5317,10333.4897,412303.0688,396065.7926,1
2501,301082.SZ,久盛电气,20260928,9.55,1.2477,2.4313,0.71,76.0155,63.4348,2.7029,1.2106,1.4472,0.8055,0.6444,29420.1926,27270.7852,13995.1716,280962.91,260436.0445,4
2502,301083.SZ,百胜智能,20260928,14.26,2.5427,3.7236,1.11,83.1606,137.5088,3.0551,7.2654,7.114,0.8415,0.3647,17786.6667,8694.3917,5937.0783,253637.9142,123982.0014,4
2503,301085.SZ,亚康股份,20260928,76.18,10.299,14.7238,1.03,,,6.7821,4.9269,4.226,0.1563,,8677.5675,5972.4125,4177.5834,661057.2826,454978.1938,4
2504,301086.SZ,鸿富瀚,20260928,157.99,5.375,7.3449,0.82,195.9836,130.9658,10.079,21.8228,17.3718,0.3621,0.2705,12586.42,6976.0863,5105.1382,1988528.4958,1102152.4591,4
2505,301087.SZ,可孚医疗,20260928,53.23,0.6828,1.4973,0.58,33.7904,30.8912,2.272,3.7068,3.168,3.2914,2.2125,23589.7,19399.127,8846.4775,1255679.731,1032615.6899,4
2506,301088.SZ,戎美股份,20260928,13.31,0.6299,2.049,0.79,38.9203,46.5467,1.2546,5.1152,5.8171,4.29,4.9512,22790.0,18800.0,5780.0,303334.9,250228.0,4
2507,301089.SZ,拓新药业,20260928,24.42,3.1314,4.2476,0.87,,,2.119,8.1678,7.5788,,,12654.45,8964.9313,6609.1933,309021.669,218923.5906,1
2508,301090.SZ,华润材料,20260928,6.93,0.3915,2.1915,0.86,,35.4104,1.5854,0.78,0.7675,,,147093.3296,147093.3296,26274.3962,1019356.7769,1019356.7769,4
2509,301091.SZ,深城交,20260928,19.49,1.0649,2.847,0.9,168.0117,94.1863,4.2397,8.5274,7.2816,0.2013,0.0616,52728.0,52728.0,19721.822,1027668.72,1027668.72,4
2510,301092.SZ,争光股份,20260928,42.39,2.7935,4.6114,0.72,56.8749,66.7798,2.908,8.7525,9.3484,0.6092,0.6114,13453.5284,6098.3684,3694.2784,570295.1367,258509.9043,4
2511,301093.SZ,华兰股份,20260928,63.38,3.3606,5.9767,0.73,224.4807,560.1346,6.1864,21.8068,22.1908,0.187,0.0607,21313.1373,20348.4017,11441.5219,1350826.8132,1289681.592,4
2512,301095.SZ,广立微,20260928,70.56,2.7732,4.341,1.06,159.3433,131.1162,4.4998,19.2276,17.0241,0.3486,0.2789,20028.1088,17450.4035,11148.0637,1413183.4416,1231300.224,4
2513,301096.SZ,百诚医药,20260928,45.99,4.7439,5.5426,0.97,,,2.0156,7.4093,7.7274,,,10922.8284,8311.4607,7113.7182,502340.9517,382244.0454,4
2514,301097.SZ,天益医疗,20260928,34.4,1.4097,2.2553,1.05,,,2.7581,4.876,4.0882,1.0244,1.009,8160.9393,3959.0371,2474.6618,280736.336,136190.976,4
2515,301098.SZ,金埔园林,20260928,8.59,2.8296,3.0265,1.11,,,1.4451,2.8696,2.8817,0.4626,,23145.1721,19298.6721,18043.1721,198817.0103,165775.5753,4
2516,301099.SZ,雅创电子,20260928,56.48,19.3384,25.2423,1.76,84.6276,32.4885,6.7631,1.6138,1.068,0.3046,0.396,18892.5509,11497.4489,8808.3209,1067051.224,649375.976,1
2517,301100.SZ,风光股份,20260928,16.11,4.8253,7.9947,4.12,,,1.6121,2.842,2.9193,,,20122.7,8872.7,5355.2,324176.697,142939.197,1
2518,301101.SZ,明月镜片,20260928,29.9,0.7679,1.9071,0.75,31.2312,28.8993,3.3975,7.2812,6.8092,1.6658,1.6658,20151.21,19410.3143,7815.9793,602521.179,580368.269,4
2519,301102.SZ,兆讯传媒,20260928,9.44,0.4526,1.8105,0.67,315.5536,,1.3156,6.928,8.0292,0.2119,0.1036,40600.0,40600.0,10150.0,383264.0,383264.0,4
2520,301103.SZ,何氏眼科,20260928,16.45,1.3302,2.1574,0.92,95.0941,105.9082,1.3608,2.3792,2.326,0.8961,0.8961,15802.6471,12163.3616,7499.7239,259953.5925,200087.272,4
2521,301105.SZ,鸿铭股份,20260928,48.15,2.0896,2.5186,0.92,,,3.1713,13.5874,13.8664,,2.0768,5000.0,1981.2498,1643.7497,240750.0,95397.1875,4
2522,301106.SZ,骏成科技,20260928,18.69,1.5855,4.8447,0.74,29.3524,57.3994,2.1183,2.9352,2.8692,1.5213,1.3376,14296.0769,14296.0769,4678.7131,267193.7352,267193.7352,4
2523,301107.SZ,瑜欣电子,20260928,23.51,4.1737,8.496,0.86,44.4486,66.6772,3.5287,4.7279,4.5307,1.5191,0.9115,14218.8788,8116.073,3987.0194,334285.8688,190808.8057,4
2524,301108.SZ,洁雅股份,20260928,52.55,6.5668,11.5654,1.36,76.5478,68.4986,3.0892,7.6616,6.7154,0.3262,0.5138,11255.6252,6483.2715,3681.179,591482.831,340695.8385,1
2525,301109.SZ,军信股份,20260928,12.56,0.5274,1.4039,1.18,13.8312,13.3188,1.3356,3.6069,3.5042,5.1183,5.0746,78910.0842,62428.8808,23453.7318,991110.6048,784106.7328,4
2526,301110.SZ,青木科技,20260928,35.3,2.2716,3.2115,0.57,37.1663,28.9218,2.9471,3.2322,3.0991,0.8094,0.8094,12954.9466,9103.2271,6438.9819,457309.735,321344.019,4
2527,301111.SZ,粤万年青,20260928,21.63,2.3567,4.0286,0.94,,584.0237,4.6399,10.9993,11.3609,0.2312,0.2312,16000.0,15999.9025,9359.9025,346080.0,346077.837,4
2528,301112.SZ,信邦智能,20260928,29.46,0.6501,1.9772,1.02,,,2.8577,8.0942,9.8099,0.3394,,11026.66,11026.66,3625.6909,324845.4036,324845.4036,4
2529,301113.SZ,雅艺科技,20260928,17.57,2.0443,4.4657,1.12,274.237,265.8525,3.0656,5.844,6.1712,2.3574,0.8756,11830.0,7166.4211,3280.5625,207853.1,125913.9994,4
2530,301115.SZ,联检科技,20260928,33.9,8.1303,11.2743,1.3,286.6429,,2.511,4.3708,4.3011,1.0146,0.3447,18205.728,14920.215,10759.443,617174.247,505795.458,4
2531,301116.SZ,益客食品,20260928,9.16,1.1285,4.4164,1.43,,,2.6216,0.2169,0.2044,0.7642,,44897.9593,44897.7343,11472.797,411265.3136,411263.2068,1
2532,301117.SZ,ST佳缘,20260928,11.91,8.0708,9.2147,2.2,,,1.8006,6.733,10.2625,0.0857,,18083.6068,11585.4985,10147.2854,215375.7951,137983.305,4
2533,301118.SZ,恒光股份,20260928,23.11,2.3789,4.4762,1.15,,64.4894,1.8045,1.691,1.5604,0.5423,,11011.1,10593.3357,5629.8107,254466.521,244812.0874,4
2534,301119.SZ,正强股份,20260928,26.24,3.1469,8.3104,1.13,33.89,39.0414,3.5479,8.3196,7.9563,2.5044,0.3267,14560.0,11775.4,4459.0,382054.4,308986.496,4
2535,301120.SZ,新特电气,20260928,14.15,2.1778,2.8682,1.02,122.7251,108.0886,3.3627,12.5369,10.8615,0.2093,0.3795,37312.5855,22576.041,17141.7534,527973.0848,319450.9802,4
2536,301121.SZ,紫建电子,20260928,35.4,1.5547,2.6433,1.18,482.7032,,2.1073,2.6399,2.1768,0.4005,,9882.6057,7676.0674,4514.7404,349844.394,271732.878,4
2537,301122.SZ,采纳股份,20260928,64.71,12.9491,22.1255,1.23,1407.386,1288.2791,4.1808,22.1775,16.7921,0.3863,0.0618,12224.5658,7563.9533,4426.8533,791051.2776,489463.2045,1
2538,301123.SZ,奕东电子,20260928,69.84,3.685,7.0558,0.85,,,5.8009,7.2293,6.1345,0.1413,0.1413,23464.0,16504.1636,8619.4095,1638725.76,1152650.5344,4
2539,301125.SZ,腾亚精工,20260928,14.37,2.8856,5.5809,1.17,610.5763,,5.0935,4.8018,4.9902,0.1422,0.0948,20753.7587,17599.3478,9099.6678,298231.5312,252902.6595,4
2540,301126.SZ,达嘉维康,20260928,10.31,2.3719,2.8461,1.15,,,1.4104,0.4117,0.4122,1.0068,0.2134,20540.32,13952.1419,11627.595,211770.6992,143846.5634,4
2541,301127.SZ,武汉天源,20260928,15.04,3.5336,6.4451,1.09,46.1624,61.0006,2.951,5.9334,5.7995,0.6382,0.2515,67408.0064,65442.717,35879.8166,1013816.4704,984258.5088,4
2542,301128.SZ,强瑞技术,20260928,107.6,3.7937,6.6674,0.85,110.0057,90.1478,16.236,8.5667,6.6208,0.2845,0.5311,14481.7778,12738.9383,7248.3355,1558239.528,1370709.944,4
2543,301129.SZ,瑞纳智能,20260928,23.67,2.4278,4.2487,0.78,29.5723,25.2708,1.7644,5.9529,5.8075,1.0321,1.0142,13586.74,6747.25,3855.55,321598.1358,159707.4075,4
2544,301130.SZ,西点药业,20260928,28.15,7.4468,9.1375,0.65,98.3253,366.0457,2.4712,9.1693,10.3547,0.9236,0.5084,7649.4685,5901.736,4809.7447,215332.5805,166133.981,4
2545,301131.SZ,聚赛龙,20260928,33.07,2.1265,2.5223,1.33,55.2338,121.3813,1.6859,1.1132,1.0077,1.6125,1.0731,5466.2433,3915.4877,3301.1705,180768.8875,129485.2543,4
2546,301132.SZ,满坤科技,20260928,64.75,13.979,27.6346,0.76,80.2539,95.6797,5.3235,5.8213,5.2404,0.6471,0.6486,14808.6249,9474.0742,4792.4546,958858.145,613446.0325,4
2547,301133.SZ,金钟股份,20260928,25.59,1.8062,3.9647,0.86,,,2.3347,2.758,2.6404,0.5145,,12146.6624,11113.5969,5062.9488,310833.2853,284397.024,4
2548,301135.SZ,瑞德智能,20260928,18.02,1.4584,2.1282,0.9,85.8343,290.7093,1.9431,1.6308,1.5199,1.2619,1.2547,12978.8866,10077.6666,6905.9067,233879.5978,181599.6134,1
2549,301136.SZ,招标股份,20260928,12.75,11.1245,23.9531,3.05,,315.2522,2.4202,6.3518,6.0387,,,27520.482,27497.4195,12770.6587,350886.12,350592.105,4
2550,301137.SZ,哈焊华通,20260928,29.86,1.046,2.6659,0.87,144.6231,123.9277,3.9168,3.0433,2.8612,0.3014,0.2847,18181.34,18181.34,7133.6036,542894.8124,542894.8124,4
2551,301138.SZ,华研精机,20260928,29.11,1.6058,3.2128,0.8,35.6245,33.1355,2.9484,5.1565,4.841,0.3435,1.7176,12000.0,6856.014,3426.73,349320.0,199578.4511,4
2552,301141.SZ,中科磁业,20260928,35.76,5.111,5.111,1.24,133.6661,216.2445,3.5209,5.9896,5.3975,0.2796,0.5593,12403.2605,4451.2605,4451.2605,443540.5776,159177.0576,4
2553,301148.SZ,嘉戎技术,20260928,57.19,1.8757,2.9192,0.66,130.1423,164.8727,3.8473,13.1095,12.5331,0.6783,0.6812,11649.708,5886.963,3782.563,666246.9149,336675.2424,4
2554,301149.SZ,隆华新材,20260928,8.56,8.6963,11.0626,1.89,33.5748,23.7651,2.173,0.7571,0.6415,1.348,1.348,55900.0023,34011.0763,26736.3101,478504.0856,291134.8448,4
2555,301150.SZ,中一科技,20260928,41.71,10.1054,18.9143,0.97,206.8191,62.37,3.6322,2.3001,1.8933,,0.4698,32390.3897,30383.9006,16233.3278,1351003.1669,1267312.469,4
2556,301151.SZ,冠龙节能,20260928,20.82,2.3468,7.1146,0.99,58.0358,63.7366,1.709,4.3706,4.294,1.4969,2.4015,16900.41,16878.0533,5567.3672,351866.5362,351401.001,4
2557,301152.SZ,天力锂能,20260928,20.67,3.9686,3.9686,0.77,,,2.0255,1.1134,1.0004,,,11874.0007,7108.3757,7108.3757,245435.7867,146930.2146,4
2558,301153.SZ,中科江南,20260928,16.92,0.8643,2.022,1.02,59.6595,44.7926,3.3212,7.2727,7.0425,1.0466,0.9381,35566.452,33175.2348,14181.4135,601784.334,561324.8916,4
2559,301155.SZ,海力风电,20260928,42.41,4.6133,6.4676,0.89,26.5758,190.8309,1.6348,1.9864,3.2956,0.2122,0.3773,21739.1478,12453.7946,8883.1686,921956.9274,528165.2339,4
2560,301156.SZ,美农生物,20260928,11.88,2.6719,4.4805,0.95,39.9046,44.3249,3.001,3.8969,3.3511,2.0598,1.931,18410.7007,11829.2595,7054.3168,218719.116,140531.6088,1
2561,301157.SZ,华塑科技,20260928,63.0,1.3222,3.1018,0.67,130.4499,116.7776,3.4099,14.4636,13.682,0.3175,0.2381,6000.0,4846.0372,2065.7055,378000.0,305300.52,4
2562,301158.SZ,德石股份,20260928,14.15,1.4675,2.6869,0.79,23.6647,26.7766,1.9716,3.8265,3.9202,1.7716,1.8302,19501.5163,19015.4264,10385.7391,275946.508,269068.3345,4
2563,301159.SZ,三维天地,20260928,31.64,2.701,4.078,0.79,291.6577,74.8832,3.8954,6.3825,6.2097,,,7735.0,5301.4976,3511.4022,244735.4,167739.46,4
2564,301160.SZ,翔楼新材,20260928,41.29,4.7567,5.4362,1.01,33.0601,34.8063,3.6306,4.555,4.4127,1.1233,1.1547,16671.6915,11077.7193,9693.0492,688374.142,457399.0299,4
2565,301161.SZ,唯万密封,20260928,29.25,3.4905,4.2818,0.85,40.3266,32.6189,3.5605,4.5648,4.2386,0.2872,0.5709,12000.0,7719.7575,6293.0325,351000.0,225802.9069,4
2566,301162.SZ,国能日新,20260928,36.62,1.0637,1.2141,0.8,52.4972,44.2871,4.2215,9.532,9.1373,1.1346,1.3094,18672.6169,12121.8016,10620.4047,683791.3444,443900.316,4
2567,301163.SZ,宏德股份,20260928,23.64,2.7505,4.0192,1.15,47.3139,93.7948,1.6958,2.251,2.4485,0.5288,0.5288,8160.0,5472.5639,3745.1404,192902.4,129371.3184,1
2568,301165.SZ,锐捷网络,20260928,102.37,1.0916,9.0969,1.06,163.715,121.4843,21.3634,7.9632,6.9097,0.302,0.3663,111363.6363,111363.6363,13363.6363,11400295.8268,11400295.8268,4
2569,301166.SZ,优宁维,20260928,33.15,5.2936,7.3257,0.94,,,1.4769,2.6358,2.4895,0.6904,1.7905,8616.8468,5642.0468,4076.9668,285648.5775,187033.9575,1
2570,301167.SZ,建研设计,20260928,13.5,1.9112,2.8005,0.94,69.6964,231.474,1.6171,4.2548,4.3632,0.4444,0.6667,11200.0,10580.7244,7220.7244,151200.0,142839.72,1
2571,301168.SZ,通灵股份,20260928,39.98,0.9131,1.7649,1.79,187.4304,,2.2593,3.5525,4.2989,0.1538,0.0546,12000.0,9531.3336,4930.89,479760.0,381062.5734,1
2572,301169.SZ,零点有数,20260928,51.04,1.9672,5.0735,0.77,,,8.7012,10.1508,10.0536,,,7204.0536,7200.9036,2792.139,367694.712,367533.936,4
2573,301170.SZ,锡南科技,20260928,22.97,2.0316,2.2996,1.03,22.6528,28.3395,1.2884,2.0455,1.9614,1.3061,1.0884,10000.0,3800.3725,3357.5425,229700.0,87294.4989,4
2574,301171.SZ,易点天下,20260928,32.19,6.4624,7.4607,0.55,125.929,213.9907,5.2226,5.1984,4.6028,0.2745,0.0828,61852.0992,50188.4661,43472.6339,1991019.099,1615566.8493,4
2575,301172.SZ,君逸数码,20260928,17.45,3.0934,5.0385,1.26,112.7275,136.9775,2.6348,8.8266,7.946,0.3141,0.4408,22479.8598,16628.7854,10209.3178,392273.557,290172.3855,4
2576,301173.SZ,毓恬冠佳,20260928,33.53,1.8176,1.8176,1.61,17.0198,17.2318,1.9011,1.2915,1.294,0.68,1.0916,8783.4772,3082.8659,3082.8659,294510.0844,103368.6311,1
2577,301175.SZ,中科环保,20260928,5.52,1.4804,1.4804,0.88,21.2822,19.662,2.1381,4.3388,3.7297,3.5326,3.0797,147188.0,62188.0,62188.0,812477.76,343277.76,4
2578,301176.SZ,逸豪新材,20260928,53.54,8.1132,23.6178,0.73,,,6.0371,5.2627,4.0472,,,16906.6667,16405.3609,5635.5556,905183.1118,878342.9744,4
2579,301177.SZ,迪阿股份,20260928,22.86,0.2678,2.6775,0.87,65.7797,92.9956,1.5023,6.0194,6.2281,2.1858,2.1872,40027.455,40001.0,4001.0,915027.7356,914422.86,4
2580,301178.SZ,天亿马,20260928,34.7,3.511,3.9829,0.64,431.3595,803.8848,4.1322,6.7731,5.9399,,0.1016,9310.4264,6868.7622,6054.8742,323071.574,238345.972,4
2581,301179.SZ,泽宇智能,20260928,19.44,1.6407,2.337,1.01,52.6012,45.3495,3.1502,6.5518,6.2673,1.3902,0.9732,40440.7569,23747.5029,16672.0989,786168.18,461651.4,4
2582,301180.SZ,万祥科技,20260928,11.41,2.2632,5.1818,1.22,,,3.5416,3.3194,3.2049,,,40001.0,16413.8002,7169.0002,456411.41,187281.458,4
2583,301181.SZ,标榜股份,20260928,25.75,2.0619,4.953,0.65,32.5715,37.8116,2.6752,7.0392,7.4938,2.0911,1.4937,15020.3264,11723.5589,4880.3264,386773.4975,301881.67,4
2584,301182.SZ,凯旺科技,20260928,61.33,4.072,9.3023,0.95,,,9.4368,7.7084,6.3651,,,9582.17,8738.42,3825.17,587674.4861,535927.2986,4
2585,301183.SZ,东田微,20260928,282.0,9.133,11.4996,1.22,224.498,164.995,21.8248,25.7481,22.5246,0.0443,0.0638,8007.635,5869.9578,4661.9502,2258154.48,1655328.72,4
2586,301185.SZ,鸥玛软件,20260928,17.1,1.1684,1.6272,1.22,45.0585,49.3467,2.4194,13.975,14.3119,1.7544,1.1696,15341.76,14047.0363,10085.7863,262344.096,240204.384,4
2587,301186.SZ,超达装备,20260928,33.22,3.1181,5.8655,1.37,28.7724,40.996,2.3551,4.811,4.621,1.5752,1.6022,11474.3687,10832.0076,5758.2193,381178.5714,359839.3722,4
2588,301187.SZ,欧圣电气,20260928,15.76,2.4287,8.196,1.01,38.4441,216.7012,2.7729,2.0284,1.6348,3.0153,1.2661,25493.3525,25493.3525,7554.4052,401775.196,401775.196,1
2589,301188.SZ,力诺药包,20260928,33.88,6.5411,8.8098,0.85,228.5437,303.6526,4.6376,9.2353,7.8432,0.2513,0.2862,26753.6615,26753.5578,19864.0117,906414.0008,906410.6128,4
2590,301189.SZ,奥尼电子,20260928,69.86,5.0561,13.6299,0.85,,,5.4296,12.0873,7.3039,,,16363.9931,15794.2327,5858.965,1143188.3414,1103384.9078,4
2591,301190.SZ,善水科技,20260928,24.95,9.1403,19.1984,2.47,74.4952,49.009,2.6811,6.9509,5.6824,0.5752,0.5752,21463.65,18185.4,8658.0,535518.0675,453725.73,2
2592,301191.SZ,菲菱科思,20260928,79.11,5.4573,8.5605,1.1,118.0594,98.4663,4.49,4.322,3.7168,0.8987,0.1797,9689.708,7305.7734,4657.3797,766552.167,577959.4647,4
2593,301192.SZ,泰祥股份,20260928,19.62,2.0785,2.9121,0.94,37.0106,47.7121,3.0196,4.257,4.2572,1.2573,0.7544,10124.2,5038.5603,3596.267,198636.804,98856.5472,4
2594,301193.SZ,家联科技,20260928,22.51,4.0635,6.1302,0.77,,,2.5261,2.0177,1.5843,,,24088.1531,18418.1409,12208.6449,542224.2565,414592.3314,4
2595,301195.SZ,北路智控,20260928,26.83,1.339,2.8143,0.98,23.4061,27.9136,1.4647,3.6779,3.7753,2.4227,2.2363,13206.984,8768.9828,4172.2185,354343.2734,235271.7334,4
2596,301196.SZ,唯科科技,20260928,82.2,4.2685,7.1248,1.01,52.5362,54.5247,4.0574,6.1246,5.3629,0.5568,1.2121,16421.3422,10779.5696,6458.0664,1349834.148,886080.654,4
2597,301197.SZ,工大科雅,20260928,26.4,2.1151,3.2558,0.57,100.4082,153.4241,2.4545,6.873,7.4563,0.3664,0.1807,12054.0,10874.925,7065.0,318225.864,287098.152,4
2598,301198.SZ,喜悦智行,20260928,13.86,3.0017,5.8356,0.68,,,2.6032,5.4531,5.3346,,,16900.0,16227.718,8347.248,234234.0,224916.1992,4
2599,301199.SZ,迈赫股份,20260928,18.03,0.4774,1.4527,0.91,31.0419,48.5254,1.7399,2.8983,3.0597,0.7844,0.9429,18667.6,17967.5875,5904.25,336576.828,323955.6477,4
2600,301200.SZ,大族数控,20260928,233.38,0.6361,4.0898,0.85,138.4558,75.1879,9.4731,19.7689,13.6252,0.167,0.2571,48900.7741,42523.8073,6613.8073,11412464.0364,9924206.7778,4
2601,301201.SZ,诚达药业,20260928,29.41,6.3142,7.8603,0.71,,,2.1701,11.197,9.4911,0.6658,0.6658,15471.3824,10854.4304,8719.3824,455013.2858,319228.7863,4
2602,301202.SZ,朗威股份,20260928,36.32,2.0318,4.5509,0.98,73.9166,84.4338,4.1181,3.9551,3.3193,1.652,1.3767,13640.0,7961.75,3554.5,495404.8,289170.76,4
2603,301203.SZ,国泰环保,20260928,33.06,1.6222,1.8799,1.51,23.2245,29.2668,1.9536,8.8093,6.3665,4.5372,2.4198,8000.0,4376.75,3776.75,264480.0,144695.355,4
2604,301205.SZ,联特科技,20260928,266.8,11.4337,14.0217,1.69,336.6739,446.9484,21.2173,27.5991,23.9419,0.0748,0.075,13008.45,8368.896,6824.253,3470654.46,2232822.52,4
2605,301206.SZ,三元生物,20260928,23.48,1.84,2.5232,0.61,51.97,56.336,1.1338,7.3141,6.2487,7.3855,4.21,20232.57,13028.3123,9500.643,475060.7436,305904.7188,4
2606,301207.SZ,华兰疫苗,20260928,19.78,2.1946,9.3064,1.09,64.992,59.871,2.2581,9.8863,10.016,4.0039,7.0069,60102.75,60063.7988,14163.7988,1188832.395,1188061.964,1
2607,301208.SZ,中亦科技,20260928,29.97,1.4601,1.9123,1.0,65.9751,64.8588,2.2969,3.1242,2.5089,0.6673,0.4338,12000.006,6742.086,5147.736,359640.2997,202060.4373,4
2608,301209.SZ,联合化学,20260928,59.19,2.5384,7.0812,1.17,176.3018,375.4801,12.3807,18.1225,18.3712,0.1724,0.2534,15680.0,13395.62,4802.0,928099.2,792886.7478,4
2609,301210.SZ,金杨精密,20260928,29.3,6.4858,6.4858,0.7,92.5732,55.3969,2.4873,2.6745,2.1416,0.7474,0.8495,16115.9052,6154.847,6154.847,472196.163,180337.105,4
2610,301211.SZ,亨迪药业,20260928,12.43,2.764,8.9359,0.96,148.6875,111.6304,2.2783,11.4509,11.1377,1.3871,0.4827,41760.0,41759.64,12916.64,519076.8,519072.3252,1
2611,301212.SZ,联盛化学,20260928,26.02,1.1201,3.5975,0.96,202.8613,189.1421,2.0698,4.0528,3.7066,0.4612,0.392,10800.0,9375.0,2918.97,281016.0,243937.5,4
2612,301213.SZ,观想科技,20260928,42.71,2.708,5.156,0.47,359.3547,470.4221,6.0747,23.81,22.8821,,0.1672,11199.9998,7239.5468,3802.2878,478352.0,309201.1805,4
2613,301215.SZ,中汽股份,20260928,5.22,0.7457,2.5572,1.52,32.4944,27.9939,2.3244,11.961,11.1221,1.723,1.8966,132390.0,132240.0,38560.0,691075.8,690292.8,4
2614,301216.SZ,万凯新材,20260928,16.4,2.2459,3.5639,0.84,56.269,14.0889,1.4502,0.6141,0.5619,0.805,0.9133,58020.4359,54461.0776,34319.4156,951535.216,893161.712,4
2615,301217.SZ,铜冠铜箔,20260928,100.5,2.848,10.3094,0.74,1329.868,343.4646,14.8518,12.4553,10.8019,0.0198,0.0198,82901.5544,82901.5544,22901.5544,8331605.775,8331605.775,4
2616,301218.SZ,华是科技,20260928,53.2,25.6543,31.2886,1.8,,,6.6887,10.2869,9.997,0.047,,11404.0,7170.3161,5879.1161,606692.8,381461.024,1
2617,301219.SZ,腾远钴业,20260928,38.75,1.7628,2.8001,1.11,13.355,9.7422,1.495,1.7788,1.3615,2.9656,3.957,38283.1347,27324.0145,17201.6975,1483471.2875,1058805.3875,4
2618,301220.SZ,亚香股份,20260928,29.63,2.4732,2.8911,0.67,28.9558,114.9523,1.9434,3.2343,3.0017,0.4774,0.504,11300.6894,7812.2061,6683.0378,334839.4269,231475.6667,4
2619,301221.SZ,光庭信息,20260928,26.68,1.3869,1.8451,0.81,46.853,1418.0313,1.7205,5.0488,4.7507,0.5284,0.7926,13140.028,8934.0796,6715.0909,350576.0004,238361.2544,4
2620,301222.SZ,浙江恒威,20260928,24.9,1.9876,5.0475,0.68,41.9098,38.3058,2.4517,5.7931,5.088,0.8606,1.4343,14033.824,10660.0148,4197.774,349442.118,265434.249,4
2621,301223.SZ,中荣股份,20260928,18.24,0.522,1.9148,1.07,22.9638,22.4727,1.1833,1.1123,1.0563,1.9068,1.9018,19312.756,19312.756,5264.48,352264.7424,352264.7424,4
2622,301225.SZ,恒勃股份,20260928,57.73,7.0682,7.541,0.88,60.9963,70.6343,5.1041,7.2997,5.8347,0.5125,0.3671,14409.2181,4398.7981,4122.9981,831844.2706,253942.724,4
2623,301226.SZ,祥明智能,20260928,36.89,4.9014,10.1595,1.71,241.7807,726.7108,4.4156,7.9014,7.7932,0.2711,0.1626,10880.0,10880.0,5248.9564,401363.2,401363.2,1
2624,301227.SZ,森鹰窗业,20260928,31.16,5.0659,8.192,1.41,,,2.5756,6.7077,6.9867,,,13145.8937,7390.8437,4570.4737,409625.9324,230298.5744,4
2625,301228.SZ,实朴检测,20260928,51.76,1.6275,3.5588,0.87,,,10.5106,15.8927,16.1873,,,12231.5645,11960.19,5469.488,633105.5456,619059.4344,4
2626,301229.SZ,纽泰格,20260928,11.79,2.6431,3.4537,1.25,56.4878,10478.1623,1.7376,1.9968,1.8431,1.3997,0.4569,18178.0501,12928.0641,9894.0038,214319.2095,152421.8274,4
2627,301230.SZ,泓博医药,20260928,38.1,9.1713,15.0833,0.46,201.0177,180.1717,6.809,10.015,9.8481,0.798,0.7391,18094.1126,16274.7919,9895.7706,689385.591,620069.499,4
2628,301231.SZ,荣信文化,20260928,28.9,5.0954,6.1855,0.5,,,3.0231,7.0707,6.3757,,,8440.0,6543.1,5390.0,243916.0,189095.59,4
2629,301232.SZ,飞沃科技,20260928,84.45,5.3518,5.64,1.2,235.2866,728.2691,6.3637,3.4629,3.2575,,,10528.6445,6259.3331,5939.4557,889143.648,528600.4185,4
2630,301233.SZ,盛帮股份,20260928,35.07,4.4577,6.084,0.78,28.8845,32.1707,2.5438,5.7095,5.7068,1.0403,1.2217,7176.68,3937.6138,2885.0763,251686.1676,138091.9827,4
2631,301234.SZ,五洲医疗,20260928,128.01,7.1628,12.9594,0.86,460.7352,366.6477,11.4109,18.9942,19.5871,0.2344,0.1562,6800.0,4031.8026,2228.4293,870468.0,516110.718,1
2632,301235.SZ,华康洁净,20260928,42.67,6.7031,7.9638,1.0,50.4199,52.8036,3.1068,2.5989,2.401,0.0871,0.3513,13925.0077,10421.8335,8772.0444,594179.75,444699.4861,4
2633,301236.SZ,软通动力,20260928,35.55,1.4208,1.7029,0.79,178.5473,437.8393,2.8108,1.0488,0.9706,0.2589,0.1406,103518.928,86795.7357,72420.9041,3680097.9615,3085588.557,4
2634,301237.SZ,和顺科技,20260928,37.35,2.58,3.7726,0.99,,,3.592,6.98,6.1411,0.1881,,11127.0533,8082.0533,5527.0533,415595.3175,301864.5675,4
2635,301238.SZ,瑞泰新材,20260928,15.23,0.8536,3.0334,1.13,50.2254,34.7544,1.5321,5.4454,4.404,1.3132,3.48,73333.33,73333.33,20636.6734,1116866.6159,1116866.6159,4
2636,301239.SZ,普瑞眼科,20260928,31.72,1.5941,3.1986,1.19,,379.1061,2.2281,1.6966,1.6142,,0.941,14961.9048,14204.4048,7078.9463,474591.468,450563.568,1
2637,301246.SZ,宏源药业,20260928,17.1,2.3262,3.318,0.9,57.4542,24.3332,1.4854,3.5268,2.8514,0.174,0.2901,40000.68,23809.59,16692.72,684011.628,407143.989,4
2638,301248.SZ,杰创智能,20260928,54.63,2.9967,3.4064,0.88,614.1023,,5.514,9.8517,9.5434,0.0365,0.0365,15370.5,11232.87,9881.7775,839690.415,613651.6881,4
2639,301251.SZ,威尔高,20260928,82.68,7.2016,16.5615,0.92,231.6257,234.797,10.0753,10.0955,8.619,0.1157,0.0432,18856.4086,17383.316,7558.9728,1559047.9788,1437252.8976,4
2640,301252.SZ,同星科技,20260928,37.85,1.9809,5.5723,0.75,58.9893,70.3494,4.7049,4.9806,4.4207,0.4528,0.317,16922.544,13570.704,4824.304,640518.2904,513651.1464,4
2641,301255.SZ,通力科技,20260928,18.95,0.7658,2.6883,0.77,66.1154,126.1864,2.7216,6.4794,6.1212,0.7539,0.6332,15232.0,13367.6888,3808.0,288646.4,253317.7255,4
2642,301256.SZ,华融化学,20260928,9.78,0.7225,2.7893,0.67,65.3912,67.1843,2.7476,2.7832,2.8073,1.636,1.4315,48000.0,48000.0,12433.64,469440.0,469440.0,4
2643,301257.SZ,普蕊斯,20260928,40.47,4.2343,7.0416,0.68,29.1625,55.0561,2.526,3.795,3.8766,0.4167,0.3657,7900.477,7530.6185,4528.3524,319732.4256,304764.1914,4
2644,301258.SZ,富士莱,20260928,26.44,1.0786,2.7355,0.8,37.6977,367.1908,1.3241,5.6011,6.1471,0.3409,0.8041,9167.0,9113.6,3593.6,242375.48,240963.584,4
2645,301259.SZ,艾布鲁,20260928,19.43,3.8485,4.865,0.98,146.0095,,5.3264,16.2732,24.8126,,0.213,22620.0,14505.9397,11475.2094,439506.6,281850.4142,4
2646,301260.SZ,格力博,20260928,11.66,1.0011,1.8301,1.13,,,1.3963,1.1153,1.1115,,,48360.8984,20550.5655,11241.1685,563888.094,239619.6462,4
2647,301261.SZ,恒工精密,20260928,53.61,1.3728,3.69,0.93,63.444,44.5994,3.4551,5.1362,4.3571,0.9327,0.9327,10546.8235,10457.9485,3890.724,565415.5563,560650.6995,4
2648,301262.SZ,海看股份,20260928,20.06,6.6242,10.3908,0.84,20.1563,24.447,2.168,8.9126,8.7978,2.2433,2.8415,41700.0,12207.5392,7782.3392,836502.0,244883.2524,1
2649,301263.SZ,泰恩康,20260928,18.8,1.8672,2.1396,0.84,335.2516,,5.8185,14.2232,14.8115,0.8824,0.2216,51059.7,36430.3266,31792.4798,959922.36,684890.204,4
2650,301265.SZ,华新科技,20260928,21.68,3.8592,6.1331,1.01,109.2113,103.1767,3.1033,7.6147,7.0862,0.1837,0.4531,30297.3182,24393.3112,15349.1378,656845.8586,528846.9868,4
2651,301266.SZ,宇邦新材,20260928,24.4,2.0701,4.6994,0.69,119.5479,56.9954,1.9117,1.1754,1.1159,0.315,0.9584,14297.45,13563.2418,5974.5006,348857.78,330943.056,4
2652,301267.SZ,华厦眼科,20260928,14.93,0.3299,1.2775,0.62,28.4604,27.829,2.3137,3.0299,2.9964,2.0577,1.7259,84000.0,64844.4383,16744.1164,1254120.0,968127.4892,1
2653,301268.SZ,铭利达,20260928,11.63,0.8725,2.2716,0.92,,,3.3298,1.3256,1.2509,,,40084.8714,36253.5444,13924.9634,466187.0381,421628.6702,4
2654,301269.SZ,华大九天,20260928,86.45,0.7544,1.7368,0.89,776.6649,3685.2689,9.148,35.7469,34.0771,0.1719,0.1727,54787.4648,54787.2923,23798.4502,4736376.332,4736361.4193,4
2655,301270.SZ,汉仪股份,20260928,31.42,1.7131,2.1023,0.9,220.8236,319.1499,3.3012,16.4812,17.2034,0.3181,0.3181,10000.0,9449.2844,7700.1425,314200.0,296896.3776,4
2656,301272.SZ,英华特,20260928,35.12,1.9347,7.8257,1.17,56.5245,65.2313,2.0351,3.6081,3.3748,1.9287,1.1912,5839.647,3968.6323,981.1623,205088.1568,139378.2856,4
2657,301273.SZ,瑞晨环保,20260928,36.18,2.7416,4.5413,1.31,,,4.2497,11.9124,10.0344,,,10029.8508,7698.0633,4647.3108,362879.973,278515.8108,4
2658,301275.SZ,汉朔科技,20260928,38.96,1.1658,1.5978,0.88,36.4295,29.1071,3.9038,3.9075,3.1992,0.3901,0.2544,42240.0,30085.9233,21950.8533,1645670.4,1172147.4432,4
2659,301276.SZ,嘉曼服饰,20260928,17.3,2.7186,4.2879,0.93,21.2446,21.6304,1.0579,2.0049,1.901,3.4682,2.8902,12960.0,7226.7609,4581.9196,224208.0,125022.948,4
2660,301277.SZ,新天地,20260928,10.35,0.769,2.9848,0.76,33.4688,39.0268,2.6459,6.0353,5.7111,2.7605,1.9324,39207.84,39207.84,10101.84,405801.144,405801.144,1
2661,301278.SZ,快可电子,20260928,28.81,1.9624,2.5144,0.61,126.4195,110.8858,1.808,2.3836,2.5003,1.774,0.1388,8970.8143,5408.6008,4221.3563,258449.0361,155821.766,4
2662,301279.SZ,金道科技,20260928,23.53,1.6561,4.163,0.99,61.4868,57.3793,2.9016,5.7064,5.3388,0.65,0.8151,16852.4738,13049.9738,5191.4738,396538.6191,307065.7941,4
2663,301280.SZ,珠城科技,20260928,41.47,2.7346,3.7951,0.98,38.0001,31.4304,4.0203,4.515,3.8101,1.4764,1.2317,19149.2196,9943.3446,7164.6626,794118.1534,412350.3098,4
2664,301281.SZ,科源制药,20260928,46.9,3.4069,4.2392,0.8,306.8208,131.7048,3.5528,12.7535,10.1206,0.4264,0.1066,10829.0,7095.2,5702.21,507880.1,332764.88,4
2665,301282.SZ,金禄电子,20260928,40.03,8.3561,14.0597,1.01,93.407,90.1411,4.8159,4.0979,3.4234,0.4426,0.5311,21093.3875,17657.7875,10494.5495,844368.4017,706841.3337,4
2666,301283.SZ,聚胶股份,20260928,25.24,0.6825,1.1472,0.7,15.3426,16.172,1.815,1.3633,1.1715,3.2477,5.242,11622.2756,9136.1202,5434.8941,293346.2361,230595.6738,4
2667,301285.SZ,鸿日达,20260928,91.0,1.0507,1.3739,0.66,,,20.545,18.457,18.5924,0.0549,,20667.0,20667.0,15804.1316,1880697.0,1880697.0,4
2668,301286.SZ,侨源股份,20260928,43.8,0.8117,2.99,0.9,75.407,69.2618,9.0871,16.2652,15.3453,0.181,1.0327,40010.0,16129.5898,4378.658,1752438.0,706476.042,4
2669,301287.SZ,康力源,20260928,41.39,4.4688,4.4688,0.98,39.7371,53.3633,2.3667,4.7132,4.5517,1.6429,0.5799,6667.0,1703.135,1703.135,275947.5439,70492.9646,1
2670,301288.SZ,清研环境,20260928,16.81,1.8089,3.3899,0.97,,,2.3256,10.1857,7.9255,,,10801.0,7810.9621,4168.0324,181564.81,131302.2376,4
2671,301289.SZ,国缆检测,20260928,45.08,1.3006,5.3047,1.7,40.7718,37.2244,3.4183,10.535,9.9137,0.9095,0.9315,7800.0,7750.09,1900.09,351624.0,349374.0572,1
2672,301290.SZ,东星医疗,20260928,28.26,2.4371,2.8353,0.77,,,1.3154,7.3057,7.3625,2.0915,1.0458,10017.3334,7957.8534,6840.26,283089.7458,224888.841,4
2673,301291.SZ,明阳电气,20260928,33.99,3.6098,3.6098,1.06,18.1735,28.9693,2.0461,1.5473,1.7839,2.3069,1.3239,31454.3278,16631.2433,16631.2433,1069132.6019,565295.9598,4
2674,301292.SZ,海科新源,20260928,55.02,4.3888,4.3888,0.8,,44.2515,3.9557,2.4286,2.0129,,,22279.5778,8518.9157,8518.9157,1225822.4916,468710.9784,4
2675,301293.SZ,三博脑科,20260928,48.29,1.9521,2.544,0.73,118.1609,210.5824,4.1879,5.766,5.3214,0.302,,20598.6987,17220.6016,13213.8267,994711.223,831582.774,4
2676,301295.SZ,美硕科技,20260928,36.35,3.6091,3.6091,0.89,162.4688,74.0109,3.741,5.1913,4.5349,0.6602,0.5777,10080.0,2940.0,2940.0,366408.0,106869.0,4
2677,301296.SZ,新巨丰,20260928,6.32,0.4899,1.1286,0.72,61.8383,325.5307,1.0126,0.9228,0.8302,0.8943,,42754.1514,42753.1764,18557.0096,270206.2912,270200.0976,4
2678,301297.SZ,富乐德,20260928,46.91,5.2498,8.1707,0.98,82.0857,66.8142,5.9934,11.5332,11.0268,0.1228,0.3709,70476.0283,53867.8012,34610.9412,3306030.4876,2526938.5543,4
2679,301298.SZ,东利机械,20260928,12.79,1.2554,1.531,0.8,27.7902,71.7339,2.0611,2.9013,2.97,2.3065,2.3226,14680.0,10820.4492,8873.0453,187757.2,138393.5453,4
2680,301299.SZ,卓创资讯,20260928,45.39,2.4751,3.2807,0.55,41.9467,41.1194,4.7237,7.7352,7.4396,4.5995,3.0803,6066.262,4585.9658,3459.8335,275347.9953,208157.1783,4
2681,301300.SZ,远翔新材,20260928,32.12,3.0829,5.2485,0.38,23.3746,28.3815,2.5208,4.0914,4.0022,3.2891,3.0045,6542.9,3907.4763,2295.22,210157.948,125508.1388,4
2682,301301.SZ,川宁生物,20260928,8.01,1.3261,1.3261,0.64,23.2516,30.2213,2.2396,3.8734,4.096,3.363,2.1577,223229.3,61915.3732,61915.3732,1788066.693,495942.1393,4
2683,301302.SZ,华如科技,20260928,20.93,2.735,4.5126,0.55,,,2.2942,10.7783,8.591,,,15586.5,13899.0,8424.0,326225.445,290906.07,4
2684,301303.SZ,真兰仪表,20260928,13.88,1.4404,3.7414,1.0,16.5399,18.0831,1.6454,3.183,3.1215,2.5216,2.0173,40880.0,31484.8602,12121.2359,567414.4,437009.8596,4
2685,301305.SZ,朗坤科技,20260928,24.68,5.1068,5.1197,0.8,22.5045,19.2411,1.5137,3.3225,3.0106,0.8079,0.8104,24196.0804,12435.1554,12403.8554,597159.2643,306899.6353,4
2686,301306.SZ,西测测试,20260928,90.39,6.0853,9.0659,1.45,,,8.3769,23.5579,22.9616,,,8440.0,5826.25,3910.79,762891.6,526634.7375,4
2687,301307.SZ,美利信,20260928,57.04,6.6315,6.7839,0.98,,,5.1687,3.0935,2.8476,,,21060.0,10921.6865,10676.4065,1201262.4,622973.1976,4
2688,301308.SZ,江波龙,20260928,312.0,3.2077,3.9892,0.87,100.7612,11.9656,7.7176,6.2994,3.9121,,0.3127,45965.7599,28185.1892,22663.3917,14341317.12,8793779.28,4
2689,301309.SZ,万得凯,20260928,29.85,1.3141,3.1223,0.77,26.3867,24.3721,1.7898,3.488,3.1583,0.9997,1.005,10053.44,6060.89,2550.89,300095.184,180917.5665,4
2690,301310.SZ,鑫宏业,20260928,57.41,8.5019,12.9013,1.34,82.6257,82.079,4.6583,2.8996,2.3604,0.7442,0.5707,19095.8816,9753.9924,6427.7924,1096294.4708,559976.5659,1
2691,301311.SZ,昆船智能,20260928,18.3,16.5894,45.6367,2.67,,,2.6061,2.1957,2.7283,0.2951,,24000.0,24000.0,8724.2367,439200.0,439200.0,1
2692,301312.SZ,智立方,20260928,80.91,6.5725,9.6594,0.84,180.877,172.9388,11.0815,22.4805,18.7773,0.2558,0.2666,16852.0408,8477.387,5768.2279,1363498.5564,685905.6249,4
2693,301313.SZ,凡拓数创,20260928,29.36,3.6777,4.2766,0.78,,,5.0403,4.7628,5.5435,,,10233.34,7871.1515,6768.8626,300450.8624,231096.964,4
2694,301314.SZ,科瑞思,20260928,45.87,3.4624,5.369,0.86,133.2702,154.1037,2.4297,12.6924,11.8963,0.436,0.5232,5525.0,2993.2953,1930.343,253431.75,137302.671,4
2695,301315.SZ,威士顿,20260928,43.86,2.1983,5.4485,0.48,133.5706,160.9832,3.8247,20.8254,20.1887,0.912,0.684,8800.0,8080.0,3260.01,385968.0,354388.8,4
2696,301316.SZ,慧博云通,20260928,38.5,5.128,8.2624,1.23,158.8944,139.2232,14.2939,6.9212,6.2419,0.208,0.26,40360.1,39124.7377,24282.6503,1553863.85,1506302.49,4
2697,301317.SZ,鑫磊股份,20260928,44.36,4.8131,5.5594,1.18,24.7996,,6.0171,7.8504,7.3908,1.3131,0.6565,15719.0,5219.6733,4519.05,697294.84,231544.5612,4
2698,301318.SZ,维海德,20260928,21.15,0.9113,1.8095,0.99,33.5069,77.189,1.5625,3.9848,4.1989,1.7674,2.0226,13529.8885,9318.0195,4692.679,286157.1735,197076.123,4
2699,301319.SZ,唯特偶,20260928,86.66,5.0218,9.1151,0.83,200.6789,178.2755,13.1461,10.5149,8.9149,0.4302,0.3938,18246.1775,13751.8207,7576.2774,1581213.7422,1191732.7819,4
2700,301320.SZ,豪江智能,20260928,14.07,1.7973,2.9875,1.27,248.8699,,2.4231,2.8031,2.4835,0.7003,0.3515,18201.0,11420.9175,6870.9175,256088.07,160692.3444,1
2701,301321.SZ,翰博高新,20260928,47.08,5.0012,7.8797,1.24,,,8.3252,2.6786,2.3511,,,18643.5,14761.0014,9368.6977,877735.98,694947.9459,4
2702,301322.SZ,绿通科技,20260928,43.55,5.0251,7.0357,1.17,141.0684,,2.1798,6.2762,5.3214,1.1371,0.1148,14265.5878,10756.5855,7682.6311,621266.3487,468449.2985,4
2703,301323.SZ,新莱福,20260928,73.98,2.2705,4.5925,1.14,57.0198,50.2981,3.4909,8.0674,7.0259,0.7877,0.6649,10658.439,6856.2913,3389.7163,788511.3172,507228.4304,4
2704,301325.SZ,曼恩斯特,20260928,30.16,1.5266,3.7942,0.93,,,1.6685,4.0625,6.0275,,,14389.266,14389.266,5789.47,433980.3832,433980.3832,4
2705,301326.SZ,捷邦科技,20260928,94.41,2.6858,8.3102,1.29,,,5.6934,5.2669,4.6738,,,7270.9728,7207.4913,2329.392,686452.2777,680459.1309,4
2706,301327.SZ,华宝新能,20260928,40.9,0.4644,1.3319,0.62,415.7776,,1.17,1.7221,1.5143,1.9986,,17438.1356,14277.3075,4977.9549,713219.926,583941.979,4
2707,301328.SZ,维峰电子,20260928,46.5,2.5417,5.2872,1.39,74.9735,76.7152,3.7117,10.3933,9.3873,0.7416,0.7245,15934.5711,11516.4065,5536.2758,740957.505,535513.065,4
2708,301329.SZ,信音电子,20260928,19.93,5.1876,5.1876,0.92,55.0295,48.603,2.1588,3.7802,3.119,1.8816,1.3046,17020.0,6604.0,6604.0,339208.6,131617.72,4
2709,301330.SZ,熵基科技,20260928,25.58,1.38,3.3674,1.12,28.0391,29.9309,1.7591,2.8227,2.6153,1.6212,1.8734,23535.155,20466.862,8387.7124,602029.137,523542.2788,4
2710,301331.SZ,恩威医药,20260928,21.35,1.087,3.1421,0.87,42.2898,74.1551,2.1497,2.4387,2.6591,0.8282,4.7761,10289.1887,10259.0978,3548.981,219674.2065,219031.785,4
2711,301332.SZ,德尔玛,20260928,7.61,1.7141,2.1047,1.49,27.0941,29.6653,1.1955,1.0235,1.1066,1.9573,1.9612,46156.25,26484.024,21569.204,351249.0625,201543.3922,4
2712,301333.SZ,诺思格,20260928,66.19,2.3452,5.6491,0.83,46.6964,53.1636,3.1986,7.5119,6.8058,0.2393,0.2403,9658.1256,9645.8474,4004.4974,639271.6247,638458.8115,1
2713,301335.SZ,天元宠物,20260928,25.82,3.1963,5.4841,0.71,56.0801,79.5025,1.6957,1.0993,1.0495,0.7426,0.7426,12779.79,8839.0447,5151.7354,329974.1778,228224.1342,1
2714,301336.SZ,趣睡科技,20260928,41.69,3.0447,3.6553,0.99,70.8385,87.3302,2.5884,6.3433,7.7825,0.4144,0.4603,5190.454,4016.5926,3345.6486,216389.8605,167451.6371,4
2715,301337.SZ,亚华电子,20260928,27.23,1.7115,4.4481,0.62,,,2.6075,11.1674,10.3752,,,10420.0,10193.38,3922.005,283736.6,277565.7374,4
2716,301338.SZ,凯格精机,20260928,89.22,5.8681,11.9715,1.0,71.1752,51.7098,7.7484,11.4984,9.2617,0.1601,0.4243,14896.0,10853.5,5320.0693,1329021.12,968349.27,4
2717,301339.SZ,通行宝,20260928,12.61,3.271,10.9333,1.43,33.1056,33.6259,2.6,6.8521,6.7212,3.0028,1.9829,58021.74,57323.7742,17149.8611,731654.1414,722852.7397,4
2718,301345.SZ,涛涛车业,20260928,229.61,1.8569,2.2468,1.06,30.6726,24.6784,6.3393,6.3527,5.0288,1.521,0.6533,10904.9071,3515.6971,2905.6971,2503876.3851,807239.877,4
2719,301348.SZ,蓝箭电子,20260928,21.95,3.2128,3.9902,0.84,,,3.5587,7.3991,6.6261,0.2278,,24000.0,19347.8581,15578.602,526800.0,424685.527,4
2720,301349.SZ,信德新材,20260928,43.33,3.9376,5.8224,0.81,159.8824,62.2235,2.2225,5.3197,4.1627,,0.4919,14249.848,8667.3237,5861.5475,617445.5672,375554.9756,4
2721,301353.SZ,普莱得,20260928,20.29,4.6873,4.6873,1.29,35.42,39.6412,1.9995,2.7696,2.4197,1.4345,1.8648,12701.6873,4082.6873,4082.6873,257717.2901,82837.7801,4
2722,301355.SZ,南王科技,20260928,12.05,2.9603,3.9061,0.87,,,1.6101,1.3367,1.2454,0.8223,,19509.7928,14171.2928,10740.0428,235092.9695,170764.0445,1
2723,301356.SZ,天振股份,20260928,19.87,3.1929,7.4173,1.44,50.9454,45.3379,1.459,2.7755,2.8851,,0.9311,21600.0,12617.244,5431.242,429192.0,250704.5588,4
2724,301357.SZ,北方长龙,20260928,89.26,3.7128,9.6996,0.62,294.3004,2691.8308,7.5815,41.1344,44.0779,,0.0672,9520.0,6217.75,2380.0,849755.2,554996.365,4
2725,301358.SZ,湖南裕能,20260928,49.5,1.4095,1.6842,0.95,32.8557,10.81,2.0595,1.2119,0.761,0.2833,0.7155,84773.1658,76432.9575,63968.2661,4196271.915,3783431.52,4
2726,301359.SZ,东南电子,20260928,19.43,2.6982,4.205,1.23,57.7363,63.4287,2.7917,6.809,5.954,1.8381,1.544,12017.6,7114.7027,4565.266,233501.968,138238.6735,4
2727,301360.SZ,荣旗科技,20260928,62.56,6.6983,6.6983,0.69,102.6841,91.0855,3.6567,10.3318,9.124,0.4276,0.4276,6978.556,3405.4508,3405.4508,436578.4634,213045.002,4
2728,301361.SZ,众智科技,20260928,26.78,1.3904,2.6133,0.68,32.2932,32.6914,2.4857,10.7453,9.8504,0.6273,0.7095,11633.6,5633.6,2997.31,311547.808,150867.808,4
2729,301362.SZ,民爆光电,20260928,106.02,6.3516,6.3516,0.78,83.8829,116.523,6.3115,9.2663,8.8691,1.2637,0.967,14594.4676,4094.4676,4094.4676,1547305.7094,434095.7094,4
2730,301363.SZ,美好医疗,20260928,16.15,1.4282,3.1332,0.41,45.4106,43.8579,3.4814,7.9083,7.5356,0.6688,1.2366,79596.6832,52203.0341,23795.6621,1285486.382,843078.9345,4
2731,301365.SZ,矩阵股份,20260928,34.53,2.3832,5.8195,1.04,100.117,127.1248,3.5431,8.5519,8.7986,2.4774,1.2615,18242.8801,12312.289,5042.142,629926.6464,425143.3737,4
2732,301366.SZ,一博科技,20260928,68.75,14.8498,20.1669,0.88,493.5346,161.5406,6.5328,12.7807,10.7869,0.4133,0.1446,20953.6201,11699.636,8614.9744,1440561.375,804350.25,4
2733,301367.SZ,瑞迈特,20260928,46.34,1.7007,2.6971,0.93,25.7281,26.2834,1.8977,5.0074,4.2114,0.6123,1.0142,12528.4355,9609.4563,6059.4552,580567.9096,445302.3764,1
2734,301368.SZ,丰立智能,20260928,38.6,1.319,2.2683,0.95,,,5.8436,10.8537,10.0656,0.1477,,14114.9596,12010.0,6983.8015,544837.456,463586.0,4
2735,301369.SZ,联动科技,20260928,139.51,10.023,13.9905,1.44,425.7033,318.5363,9.1901,40.3093,33.8433,0.2006,0.2673,10238.245,5485.7096,3930.0214,1428338.2575,765311.4021,4
2736,301370.SZ,国科恒泰,20260928,8.55,0.3606,0.4864,0.77,59.0406,150.3524,1.635,0.5759,0.6216,0.9749,1.4159,47060.0,47060.0,34893.5096,402363.0,402363.0,4
2737,301371.SZ,敷尔佳,20260928,20.61,2.0006,2.0006,0.56,24.7747,23.3536,1.9367,5.6622,4.9032,5.5985,3.8816,52010.4,7797.53,7797.53,1071934.344,160707.0933,4
2738,301372.SZ,科净源,20260928,34.04,4.1054,4.6163,1.15,,,3.1418,8.4486,8.3499,,,6857.143,4117.0445,3661.3993,233417.0456,140144.0416,4
2739,301373.SZ,凌玮科技,20260928,122.52,11.7231,20.985,0.79,96.8342,94.9971,7.8328,26.5652,23.5668,0.5713,0.4081,10847.2091,6965.5417,3891.2531,1329000.1692,853417.9608,4
2740,301376.SZ,致欧科技,20260928,22.65,2.0847,2.5141,1.39,27.1464,23.2941,2.5871,1.0477,0.9613,1.7587,1.7586,40246.8975,19364.2874,16056.5399,911592.285,438601.1685,4
2741,301377.SZ,鼎泰高科,20260928,350.31,3.3333,4.4491,1.16,342.5632,155.871,47.5625,69.3,46.6818,0.1934,0.5415,42404.4934,9886.0934,7406.805,14854718.083,3463197.379,4
2742,301378.SZ,通达海,20260928,24.93,2.6968,4.6594,0.59,,,2.0631,6.5192,5.954,,,9660.0,6181.3828,3577.707,240823.8,154101.8034,4
2743,301379.SZ,天山电子,20260928,19.99,4.0474,4.9715,1.1,39.0692,54.7248,3.8485,3.105,2.9515,1.0041,0.7053,27748.1718,21867.9702,17803.3516,554685.9183,437140.7203,4
2744,301380.SZ,挖金客,20260928,33.85,2.9556,4.8676,0.83,79.7699,87.2453,4.5699,3.1334,3.0139,0.7131,0.5908,10139.2433,8235.1243,5000.2914,343213.274,278758.812,4
2745,301381.SZ,赛维时代,20260928,23.83,1.2234,1.4717,0.68,34.2307,34.6568,3.3801,0.8197,0.7644,1.0413,2.0904,40648.4938,40610.6938,33760.441,968653.5167,967752.7427,4
2746,301382.SZ,蜂助手,20260928,37.69,5.5299,8.4751,1.08,69.799,69.1614,5.516,5.1457,4.3979,0.2029,0.1319,28532.7403,23635.6572,15422.0228,1075398.9706,890828.0254,4
2747,301383.SZ,天键股份,20260928,23.13,1.6519,2.5512,0.58,,,1.947,2.0262,2.0413,1.725,,16328.3,7061.411,4572.156,377673.579,163330.4133,4
2748,301386.SZ,未来电器,20260928,21.09,3.3184,3.3184,0.54,30.5889,36.2971,2.0063,5.413,5.4252,2.3708,2.3708,14000.0,4500.0,4500.0,295260.0,94905.0,4
2749,301387.SZ,光大同创,20260928,50.69,5.3406,6.9732,1.35,300.2227,,3.3802,3.4144,3.1483,0.2937,0.1963,10730.1904,4268.2602,3268.9508,543913.3311,216358.0994,4
2750,301388.SZ,欣灵电气,20260928,25.38,1.7283,4.1775,1.08,122.8988,95.2105,2.6695,5.4558,4.9323,0.394,0.788,10244.76,7266.2562,3006.12,260012.0088,184417.6788,4
2751,301389.SZ,隆扬电子,20260928,53.67,3.2665,10.4868,0.96,146.6165,167.8754,6.8106,30.1745,22.0099,0.9648,0.403,28350.0,28350.0,8830.7047,1521544.5,1521544.5,4
2752,301390.SZ,经纬股份,20260928,40.19,10.7544,19.0642,0.63,457.545,,2.6182,4.5715,5.3947,0.247,0.1231,6000.0,4905.618,2767.342,241140.0,197156.8678,4
2753,301391.SZ,卡莱特,20260928,44.07,1.3833,3.4333,1.13,214.2066,174.4536,2.0014,7.2572,6.7424,0.264,0.22,9501.4811,9283.5771,3740.2448,418730.2236,409127.3706,4
2754,301392.SZ,汇成真空,20260928,157.65,10.3127,10.3127,1.11,708.4364,,21.3845,33.5659,41.4423,0.1903,0.0634,10000.0,4079.5911,4079.5911,1576500.0,643147.3635,4
2755,301393.SZ,昊帆生物,20260928,66.05,8.0895,8.0895,0.66,62.2185,65.138,2.9716,11.8444,10.0303,0.6002,0.6085,10800.0,4396.77,4396.77,713340.0,290406.6585,4
2756,301395.SZ,仁信新材,20260928,11.83,3.2757,3.2757,1.32,85.7417,,1.9967,1.3024,1.275,0.6955,,24285.0438,12935.0688,12935.0688,287292.1415,153021.8781,4
2757,301396.SZ,宏景科技,20260928,165.07,6.49,8.5883,0.57,1341.4231,343.57,26.9922,30.0275,15.3852,0.0371,0.1471,21492.4565,14150.6795,10693.3226,3547760.3722,2335852.7476,4
2758,301397.SZ,溯联股份,20260928,22.29,2.0039,2.0115,0.9,31.8654,41.4728,2.2913,3.1388,3.2466,2.1138,1.7206,20216.7392,9245.8866,9210.7759,450631.1346,206090.8881,4
2759,301398.SZ,星源卓镁,20260928,38.0,2.3746,7.3777,1.53,92.5053,,4.1261,9.9244,8.6084,0.7049,0.3947,11200.1494,10918.2244,3514.1494,425605.6772,414892.5272,4
2760,301399.SZ,英特科技,20260928,20.42,6.7672,8.0003,0.67,116.5923,324.7869,2.911,8.069,7.4149,1.0132,0.5387,18502.0,5468.3586,4625.5,377810.84,111663.9112,4
2761,301408.SZ,华人健康,20260928,14.57,3.7513,4.9953,0.39,30.4576,26.0746,2.7506,1.0622,1.0036,0.6863,0.6863,40001.0,22895.903,17194.2614,582814.57,333593.263,4
2762,301413.SZ,安培龙,20260928,52.76,4.0928,4.0928,1.1,79.8809,139.0935,5.845,6.125,5.927,0.4072,0.4072,13739.2052,7637.4959,7637.4959,724880.7196,402954.5,4
2763,301418.SZ,协昌科技,20260928,34.5,3.5841,3.7527,1.02,511.8906,1166.7457,1.5775,6.7013,5.45,,0.2884,7333.3334,3083.3334,2944.8334,252999.885,106374.885,4
2764,301419.SZ,阿莱德,20260928,41.53,5.2495,9.1109,0.58,97.9544,105.1937,6.6201,14.2573,13.0091,0.8026,0.7705,15000.0,11210.325,6459.075,622950.4153,465565.0049,4
2765,301421.SZ,波长光电,20260928,73.14,5.2607,6.8873,1.17,238.4696,168.9226,6.9787,18.2181,17.4711,0.2051,0.2734,11571.8,6072.1625,4638.0825,846361.452,444117.7824,4
2766,301428.SZ,世纪恒通,20260928,26.49,2.585,2.9717,0.63,,,2.1465,2.4688,2.5941,0.3738,,9866.6667,6962.7455,6056.7455,261368.0883,184443.2475,4
2767,301429.SZ,森泰股份,20260928,17.37,4.4672,5.4791,1.28,40.1172,41.5817,1.538,2.1183,2.1537,1.959,1.7203,11822.0,4399.2211,3586.8011,205348.14,76414.4514,4
2768,301439.SZ,泓淋电力,20260928,13.85,1.734,2.8705,0.73,26.8357,25.56,1.8082,1.3583,1.2291,1.444,1.444,38910.1809,18324.5424,11069.6915,538905.993,253794.879,4
2769,301446.SZ,福事特,20260928,39.16,2.7009,2.7009,0.61,53.3411,57.7254,3.3298,7.417,6.2686,0.5107,0.2554,10400.0,3177.2,3177.2,407264.0,124419.152,4
2770,301448.SZ,开创电气,20260928,53.29,3.4905,7.2094,0.89,,285.5861,8.0082,7.5481,6.8156,0.3918,,10460.0,7088.3,3431.89,557413.4,377735.507,1
2771,301449.SZ,天溯计量,20260928,39.76,5.4851,5.4851,0.91,35.1948,37.0027,3.1303,4.1927,4.1364,,1.0779,9130.4348,2054.3479,2054.3479,363026.2944,81680.956,4
2772,301456.SZ,盘古智能,20260928,25.7,6.8455,8.7106,1.34,46.8879,40.8983,1.7364,6.078,5.3927,0.7698,0.7782,15208.9325,6855.1838,5387.3188,390869.501,176178.126,1
2773,301458.SZ,钧崴电子,20260928,35.76,5.6436,5.6436,1.02,72.6887,69.9114,5.8028,12.2416,11.0804,0.5537,0.9787,26666.67,11748.1987,11748.1987,953600.1192,420115.632,4
2774,301459.SZ,丰茂股份,20260928,31.51,2.7558,2.7558,1.0,35.8421,43.4588,2.5704,3.6014,3.3048,1.2192,0.6347,10412.182,2609.8991,2609.8991,328087.7918,82237.949,4
2775,301468.SZ,博盈特焊,20260928,30.79,3.3924,3.532,0.88,95.3755,211.1925,2.2926,10.3592,12.4596,0.6496,0.4997,16914.804,9750.3388,9365.2232,520806.9999,300212.9686,4
2776,301469.SZ,恒达新材,20260928,28.62,1.7996,3.6161,0.83,31.886,25.6277,1.8272,2.2247,2.1739,1.2085,1.368,8948.0,4583.8685,2281.1818,256091.76,131190.3594,4
2777,301479.SZ,弘景光电,20260928,48.8,3.0766,3.6336,0.84,31.5252,34.1845,4.667,3.5928,3.3347,1.5683,0.7319,12455.1466,7130.0912,6037.0972,607811.32,347948.392,4
2778,301486.SZ,致尚科技,20260928,182.0,9.3057,12.0603,1.04,249.0484,,9.0585,23.4708,20.1053,0.2175,,12874.3244,7291.8843,5626.4203,2343126.24,1327122.16,4
2779,301487.SZ,盟固利,20260928,15.02,1.9475,3.3386,1.03,253.8581,129.4947,3.5884,2.9745,2.4024,,0.04,45961.6438,45961.6438,26811.1404,690343.8328,690343.8328,4
2780,301488.SZ,豪恩汽电,20260928,90.79,2.3806,3.0881,1.16,123.2016,156.5362,3.8522,5.1648,4.2573,0.4982,0.3985,10170.4538,4184.4731,3225.8531,923375.1555,379908.0313,4
2781,301489.SZ,思泉新材,20260928,112.6,7.0015,7.3681,0.78,217.3032,206.6607,12.0481,14.1091,12.3188,0.1101,0.1369,11629.3624,6958.0767,6611.8444,1309467.062,783479.808,4
2782,301491.SZ,汉桑科技,20260928,36.1,1.5062,1.5716,0.81,20.8338,25.5188,2.1423,2.5393,2.4789,,0.482,12900.0,3825.084,3665.9696,465690.0,138085.388,4
2783,301498.SZ,乖宝宠物,20260928,38.98,2.0655,2.9441,0.65,23.1903,32.1351,3.335,2.3062,2.2014,1.2813,1.282,40047.284,18954.6952,13297.6068,1561043.3642,738854.206,4
2784,301499.SZ,维科精密,20260928,25.72,1.8591,6.6417,0.82,66.0358,64.2069,2.7258,3.6932,3.4316,0.4743,0.2722,13825.4866,13825.4866,3869.8332,355591.6028,355591.6028,4
2785,301500.SZ,飞南资源,20260928,23.87,7.5233,7.5233,0.71,46.6236,17.2441,2.4772,0.9025,0.7327,0.3903,0.2308,56108.2767,14405.0668,14405.0668,1339304.6436,343849.0209,4
2786,301501.SZ,恒鑫生活,20260928,26.92,2.271,2.271,0.83,17.787,24.7999,1.9061,2.1581,2.0851,1.2809,1.3001,14790.0,4350.0,4350.0,398146.8,117102.0,4
2787,301502.SZ,华阳智能,20260928,49.91,3.145,3.986,0.91,133.6797,129.8263,3.4289,7.0874,6.8184,0.7013,0.5209,5708.35,2367.0775,1867.6545,284903.7485,118140.9628,4
2788,301503.SZ,智迪科技,20260928,22.1,1.5646,2.7027,1.04,21.6092,39.7184,2.1012,1.4715,1.2949,3.3066,1.2182,10400.0,5766.8,3338.4,229840.0,127446.28,4
2789,301505.SZ,苏州规划,20260928,18.1,2.336,2.7072,1.01,93.5554,1066.0018,2.195,7.6476,8.7267,1.0992,0.9303,11439.9991,9116.9401,7866.7012,207064.0,165016.614,4
2790,301507.SZ,民生健康,20260928,13.1,1.0153,3.2823,0.51,39.3198,38.995,2.8984,5.9758,5.4662,0.761,1.1379,35655.433,35620.933,11018.6858,467086.133,466634.183,4
2791,301508.SZ,中机认检,20260928,23.96,1.2769,1.2769,0.93,35.7289,33.288,2.6073,6.1564,5.8322,0.8806,1.01,22608.52,5883.64,5883.64,541700.1392,140972.0144,4
2792,301509.SZ,金凯生科,20260928,30.8,4.1938,4.1938,0.54,35.396,58.5881,1.7444,5.8022,6.1799,1.2987,2.9221,12044.6669,5674.0928,5674.0928,370975.528,174761.972,4
2793,301510.SZ,固高科技,20260928,26.73,1.6089,1.7169,0.95,171.7129,93.3602,7.195,19.6698,15.5373,0.1443,0.185,40442.288,38003.324,35612.6812,1081022.1444,1015828.7436,4
2794,301511.SZ,德福科技,20260928,93.8,7.1181,7.4753,1.02,525.4433,175.2999,13.9897,4.7541,3.6198,,0.2123,63032.2,39864.7407,37959.872,5912420.36,3739312.612,4
2795,301512.SZ,智信精密,20260928,30.88,2.1469,4.2872,1.16,66.1461,109.6707,2.2849,4.2371,3.9861,0.8674,0.8674,7466.676,4872.126,2439.78,230571.0784,150451.3744,4
2796,301513.SZ,尚水智能,20260928,42.85,4.2525,4.2525,0.72,27.4226,50.486,3.2935,5.3318,4.1366,,1.0968,10000.0,2014.8989,2014.8989,428500.0,86338.465,4
2797,301515.SZ,港通医疗,20260928,20.19,2.0767,2.5028,0.9,,,1.6706,2.7979,2.7698,0.5708,,10000.0,6755.755,5605.755,201900.2019,136398.7944,4
2798,301516.SZ,中远通,20260928,18.53,8.3466,8.3466,0.67,,,4.1433,5.5529,5.1193,,,28070.1755,7017.5439,7017.5439,520140.2501,130035.0162,4
2799,301517.SZ,陕西华达,20260928,35.8,3.7986,6.2143,0.88,,,4.3279,8.9384,9.2857,0.1516,,15123.738,9754.458,5962.488,541429.892,349209.668,4
2800,301518.SZ,长华化学,20260928,24.0,3.0594,3.1273,0.49,35.9117,232.2798,2.1674,1.2672,1.1184,0.6655,1.1128,14546.9515,5873.9539,5746.2988,349126.8,140974.8,4
2801,301519.SZ,舜禹股份,20260928,12.06,2.5455,3.0253,1.1,,,1.4506,3.3678,4.0083,0.8163,0.8269,16164.2879,7609.2879,6402.3915,194941.3374,91768.0374,4
2802,301520.SZ,万邦医药,20260928,72.02,27.8974,27.8974,0.6,184.1717,687.4469,4.4837,24.4737,31.1958,0.3468,0.2962,9317.1373,3493.8443,3493.8443,671019.7026,251626.3568,4
2803,301522.SZ,上大股份,20260928,22.02,1.4341,2.0254,1.38,81.4654,80.1378,4.1981,3.4013,3.294,0.5313,0.3315,37186.6667,27678.1667,19598.1667,818850.4734,609473.3034,4
2804,301525.SZ,儒竞科技,20260928,39.13,1.75,2.0484,0.78,41.189,108.8862,1.5933,4.0186,4.4781,0.8214,0.6754,13203.6475,7218.6236,6166.7759,516658.4332,282464.6006,4
2805,301526.SZ,国际复材,20260928,27.66,5.8323,5.8323,0.65,382.8021,153.1955,11.9155,12.0472,11.0155,,0.0723,377087.8048,140439.2923,140439.2923,10430248.548,3884550.7614,4
2806,301528.SZ,多浦乐,20260928,71.85,2.662,3.1153,0.57,96.9876,93.7902,4.0625,28.5886,27.3091,0.1555,0.1037,8975.5,4625.6333,3952.497,644889.675,332351.5155,4
2807,301529.SZ,福赛科技,20260928,132.37,6.3411,7.2477,0.96,118.0716,110.5903,10.7832,9.0815,9.0661,0.2239,0.1178,11842.3784,6356.6674,5561.5374,1567575.8406,841432.4079,4
2808,301531.SZ,春光集团,20260928,48.8,7.3101,7.3101,0.89,86.3214,76.2361,7.1802,9.2885,7.9265,,,21973.334,4688.3653,4688.3653,1072298.992,228792.456,4
2809,301533.SZ,威马农机,20260928,28.28,3.0212,3.1685,0.72,92.5723,86.9439,2.5053,3.5035,3.2339,1.3974,1.0481,9830.67,2854.92,2722.17,278011.3476,80737.1376,4
2810,301535.SZ,浙江华远,20260928,13.45,1.1369,2.9931,0.98,57.1265,66.5862,4.8377,7.5015,7.2016,0.8773,0.7435,42529.4118,16979.6118,6449.6118,572020.5645,228375.7545,4
2811,301536.SZ,星宸科技,20260928,124.01,6.939,6.939,0.9,169.9069,49.8346,13.4985,17.6288,12.3955,0.1607,0.2405,42249.6685,18797.4715,18797.4715,5239381.5767,2331074.2547,4
2812,301538.SZ,骏鼎达,20260928,39.34,3.003,3.4835,0.76,22.1323,24.5879,2.8951,4.2086,4.1028,0.7781,0.5447,10976.0,4370.7539,3767.9541,431795.84,171945.305,4
2813,301539.SZ,宏鑫科技,20260928,15.22,1.5655,2.5143,0.98,81.594,,2.9653,2.1002,1.8624,0.657,0.657,14800.0,7797.3524,4854.9256,225256.0,118675.667,1
2814,301548.SZ,崇德科技,20260928,52.21,4.2731,5.1196,0.78,33.7609,32.5945,2.8726,7.3423,6.636,1.358,1.1817,8700.0,3373.3248,2815.5732,454227.0,176121.0372,4
2815,301550.SZ,斯菱智驱,20260928,91.37,4.471,6.1543,0.94,177.5232,203.398,16.7135,38.8758,37.4616,0.2477,0.3305,33534.875,20606.4735,14970.2071,3064081.0719,1882813.1639,4
2816,301551.SZ,无线传媒,20260928,21.78,3.9808,4.6948,0.47,33.3081,34.2842,3.7202,14.3992,14.6807,3.0992,4.5914,40001.0,15455.372,13104.8316,871221.78,336617.9586,4
2817,301552.SZ,科力装备,20260928,24.45,2.4687,2.4687,1.22,19.493,24.4082,2.6549,4.4685,4.6169,3.8203,3.1461,12376.0,3094.0,3094.0,302593.2,75648.3,1
2818,301555.SZ,惠柏新材,20260928,35.65,3.9771,4.6553,0.9,45.1394,32.4797,2.7962,1.4748,1.2725,,0.6171,9226.67,4834.725,4130.315,328931.142,172358.1245,4
2819,301556.SZ,托普云农,20260928,60.02,3.4876,3.6433,0.68,48.1036,52.4446,5.0791,10.0249,10.2973,1.3687,0.7831,8528.0,2948.0,2822.0,511850.56,176938.96,4
2820,301557.SZ,常友科技,20260928,82.2,6.064,6.064,1.83,57.3591,65.7819,4.969,4.3275,4.1285,0.9559,0.7821,6203.1019,2487.0977,2487.0977,509894.82,204439.62,4
2821,301558.SZ,三态股份,20260928,6.75,2.9236,10.4528,2.94,109.7051,155.7642,3.8688,3.154,3.2457,,,79054.0023,79004.5023,22097.5652,533614.5,533280.375,1
2822,301559.SZ,中集环科,20260928,12.62,1.0262,1.0262,0.77,67.1751,79.4352,1.6794,3.169,2.8773,3.4865,1.5769,60000.0,9000.0,9000.0,757200.0,113580.0,4
2823,301560.SZ,众捷股份,20260928,28.23,17.9313,20.375,2.01,54.4977,166.3808,3.5579,3.227,3.1797,0.2834,0.5668,12160.0,5843.2,5142.4,343276.8,164953.536,4
2824,301563.SZ,云汉芯城,20260928,104.6,7.2617,7.2617,0.97,89.5459,41.9903,6.5825,2.7348,1.9489,,0.7597,8465.0928,1913.5696,1913.5696,885448.414,200159.422,4
2825,301565.SZ,中仑新材,20260928,19.32,2.9829,3.7249,0.93,98.7842,73.8818,3.1376,3.6343,3.2225,,,40001.0,12801.0,10251.0,772819.32,247315.32,4
2826,301566.SZ,达利凯普,20260928,24.33,10.5028,10.5028,0.77,61.155,51.4761,6.1172,26.8581,23.6158,0.3699,0.1233,40001.0,21590.9842,21590.9842,973224.33,525308.5434,4
2827,301567.SZ,贝隆精密,20260928,36.88,4.7726,4.7726,0.85,,,3.6542,6.6896,6.5025,0.4881,,7200.0,2123.985,2123.985,265536.3688,78332.7512,4
2828,301568.SZ,思泰克,20260928,69.37,9.4778,9.4778,1.36,64.092,59.2939,6.9228,14.8777,13.8226,0.802,0.8593,10325.84,4777.8,4777.8,716303.5208,331435.986,4
2829,301571.SZ,国科天成,20260928,67.27,4.4171,4.9437,0.89,59.1312,50.8428,5.694,10.939,8.8525,0.1442,0.1695,17942.5908,11916.3165,10647.0474,1206998.0293,801610.8464,4
2830,301575.SZ,艾芬达,20260928,24.64,4.938,4.938,0.65,25.9565,26.1289,2.1113,2.694,2.4314,,1.1596,12133.8,7278.04,7278.04,298976.832,179330.9056,4
2831,301577.SZ,美信科技,20260928,55.32,6.6965,6.6965,1.14,,,3.426,6.053,5.1406,0.5307,,4522.95,1884.1155,1884.1155,250209.594,104229.5184,4
2832,301578.SZ,辰奕智能,20260928,23.02,3.3526,3.3526,1.37,95.6947,356.1874,2.6466,2.9925,2.8096,1.2795,0.8354,10593.1008,3012.087,3012.087,243853.162,69338.3118,4
2833,301580.SZ,爱迪特,20260928,52.26,6.7725,6.7725,1.11,39.7345,37.3599,3.5625,7.5346,6.8952,0.6346,0.6287,14919.0351,10082.3788,10082.3788,779669.0304,526905.1788,4
2834,301581.SZ,黄山谷捷,20260928,36.15,1.7023,3.2,0.77,52.5535,119.4574,2.9258,3.4102,2.9495,1.9364,0.9682,8000.0,4229.45,2250.01,289200.0,152894.6175,4
2835,301583.SZ,托伦斯,20260928,137.13,36.9777,36.9777,1.08,259.0665,335.4718,27.0981,35.3326,34.7585,,,18547.3692,3083.1373,3083.1373,2543400.8481,422790.9882,4
2836,301584.SZ,建发致新,20260928,18.28,1.5378,3.9171,1.95,28.6976,27.5785,3.5647,0.3982,0.3947,,1.636,42329.2259,23859.1197,9366.7197,773778.3244,436144.7136,4
2837,301585.SZ,蓝宇股份,20260928,27.89,0.8492,0.9449,0.81,40.982,44.4066,2.9269,5.9791,5.4691,1.1032,0.753,10400.0,6811.1886,6121.5015,290056.0,189964.0891,4
2838,301586.SZ,佳力奇,20260928,29.06,1.644,2.2499,1.28,42.0655,764.3063,1.9011,3.1571,5.2346,1.6518,0.3441,8297.5503,5291.107,3866.107,241126.803,153759.6566,4
2839,301587.SZ,中瑞股份,20260928,22.48,7.4693,8.1218,2.43,64.6773,52.7076,1.6535,4.7893,4.1137,2.1566,0.5997,14732.804,7345.2665,6755.1565,331193.5688,165121.6696,1
2840,301588.SZ,美新科技,20260928,25.8,4.5079,5.6037,1.44,100.2863,93.6705,3.1938,3.4637,3.1619,0.5426,0.2016,11886.7754,7335.9183,5901.387,306678.924,189266.736,4
2841,301589.SZ,诺瓦星云,20260928,156.03,2.0633,2.2117,0.73,24.5383,23.0596,3.5301,4.1092,3.8545,0.76,0.97,9244.8,3446.496,3215.2969,1442466.144,537757.395,4
2842,301590.SZ,优优绿能,20260928,64.46,3.1842,3.1842,1.49,35.3943,,2.016,2.8658,3.4507,1.328,0.8865,5887.4379,2437.26,2437.26,379504.3824,157105.7796,4
2843,301591.SZ,肯特股份,20260928,41.11,14.8584,14.8584,0.8,68.1322,79.6781,4.8345,10.4401,10.0099,0.842,0.3069,10935.6,4469.4748,4469.4748,449562.516,183739.9117,4
2844,301592.SZ,六九一二,20260928,111.4,4.6616,4.6616,0.88,146.4567,130.5028,8.4007,17.2469,16.5915,0.6284,0.0691,7000.0,2335.8424,2335.8424,779800.0,260212.576,4
2845,301595.SZ,太力科技,20260928,46.83,5.8974,5.8974,0.89,82.521,121.6322,5.6092,4.8586,4.1757,0.5338,1.0677,10828.0,4083.25,4083.25,507075.24,191218.5975,4
2846,301596.SZ,瑞迪智驱,20260928,45.71,3.1904,3.7921,1.01,47.0588,49.0481,5.4403,7.6432,7.0311,1.2501,0.3125,10803.142,4384.1758,3688.563,493811.9865,200400.8678,4
2847,301598.SZ,博科测试,20260928,51.28,2.6918,2.6918,1.03,25.0393,22.6414,3.045,5.3681,5.162,3.9002,1.9501,5889.7223,1802.9098,1802.9098,302024.8416,92453.2248,4
2848,301599.SZ,理奇智能,20260928,31.04,4.7057,4.7057,0.79,48.9188,55.3242,6.1849,5.6459,5.4426,,0.4832,43160.0,5470.0536,5470.0536,1339686.4,169790.352,4
2849,301600.SZ,慧翰股份,20260928,76.26,2.149,2.149,0.86,50.0716,67.6233,6.4856,8.4068,7.3321,2.8558,1.3113,10452.35,3225.85,3225.85,797096.211,246003.321,4
2850,301601.SZ,惠通科技,20260928,16.3,16.0837,16.0837,1.48,30.5041,51.7773,1.7311,4.4013,6.8214,1.1043,0.6748,14048.0,7368.0,7368.0,228982.4,120098.4,4
2851,301602.SZ,超研股份,20260928,16.1,1.2226,3.3929,0.64,46.3067,64.1067,5.2097,17.0059,18.5961,0.6335,0.9317,42832.9638,20849.9391,7512.9446,689610.656,335684.034,4
2852,301603.SZ,乔锋智能,20260928,114.8,4.4914,5.0278,1.19,39.4715,31.1162,5.216,5.5529,4.6045,0.0871,0.2613,12076.0,3773.25,3370.73,1386324.8,433169.1,4
2853,301606.SZ,绿联科技,20260928,50.05,2.4205,4.2855,0.8,29.4726,24.1216,5.8209,2.1881,1.8129,1.1988,1.1988,41490.9806,16499.8797,9319.3558,2076623.549,825818.994,4
2854,301607.SZ,富特科技,20260928,42.35,5.4771,6.1789,0.86,46.1175,32.4153,5.2319,2.4228,1.9585,0.0202,0.2614,23412.8729,15179.1278,13454.9107,991535.468,642836.1555,4
2855,301608.SZ,博实结,20260928,50.2,4.0359,5.5314,0.73,28.358,26.5001,2.9539,3.8891,3.6637,1.1268,1.277,13259.51,5950.6354,4341.7741,665627.402,298722.128,1
2856,301609.SZ,山大电力,20260928,30.16,0.9278,1.6701,0.59,35.6894,36.2892,3.8874,6.947,6.7318,,1.8236,16288.0,9816.566,5453.782,491246.08,296067.7512,4
2857,301611.SZ,珂玛科技,20260928,89.0,3.6988,3.7669,0.73,134.2292,180.0894,20.9132,36.1506,33.8836,0.1124,0.1124,43600.0,14658.0738,14393.2229,3880400.0,1304568.23,4
2858,301613.SZ,新铝时代,20260928,34.14,0.759,1.0218,0.72,24.8424,34.8126,3.5568,1.8673,1.769,1.6779,1.7618,16740.2863,8390.1247,6232.5124,571513.1592,286438.6968,4
2859,301616.SZ,浙江华业,20260928,35.76,4.6287,6.5731,1.64,14.5346,15.3761,1.9743,2.949,2.9792,1.1186,1.1186,8000.0,2840.1791,2000.0,286080.0,101564.8368,4
2860,301617.SZ,博苑新材,20260928,51.31,3.1192,3.5688,1.16,51.7381,52.1792,4.9484,6.0861,5.9734,0.9918,0.4947,17373.2,6895.2,6026.55,891418.892,353792.712,4
2861,301618.SZ,长联科技,20260928,30.03,1.3882,1.6955,0.81,93.3161,123.2289,4.0029,6.6759,6.1261,0.7985,0.5043,12630.2204,4815.1411,3942.5799,379285.5066,144598.6542,4
2862,301622.SZ,英思特,20260928,36.2,1.556,1.556,1.05,31.906,147.8462,2.7545,2.9067,2.7766,1.105,0.4144,11593.188,6465.9396,6465.9396,419673.478,234067.028,4
2863,301626.SZ,苏州天脉,20260928,301.4,5.5608,5.5608,0.97,225.3818,439.3157,21.6838,31.2052,29.8438,0.1858,0.0664,11568.0,5261.8998,5261.8998,3486595.2,1585936.66,4
2864,301628.SZ,强达电路,20260928,105.26,14.8988,15.5332,1.06,65.6317,66.2313,6.6535,8.3206,7.3014,0.38,0.475,7537.58,2906.28,2787.58,793405.6708,305915.0328,4
2865,301629.SZ,矽电股份,20260928,264.56,4.8486,4.8486,0.94,208.969,436.989,9.3856,26.3566,30.3437,0.3621,0.096,4172.7274,1919.6154,1919.6154,1103937.4488,507854.6672,4
2866,301630.SZ,同宇新材,20260928,196.06,11.4084,10.7559,0.98,86.2438,60.9912,6.3149,9.1281,7.9077,,0.8015,5600.0,1637.419,1736.756,1097936.0,321032.5652,4
2867,301631.SZ,壹连科技,20260928,59.81,4.3628,4.3628,0.96,26.0832,26.7693,2.9422,1.4866,1.2803,1.0236,1.1943,12798.0412,4359.4438,4359.4438,765450.7724,260738.1064,4
2868,301632.SZ,广东建科,20260928,12.89,1.5145,1.8263,0.48,46.4246,45.6187,1.9654,4.3133,4.4558,,0.931,41856.0,18381.25,15242.25,539523.84,236934.3125,4
2869,301633.SZ,港迪技术,20260928,59.8,6.5096,7.3088,0.8,46.1338,112.5789,3.7215,6.2351,6.8222,1.6722,0.8361,5568.0,2551.6692,2272.6692,332966.4,152589.866,4
2870,301636.SZ,泽润新能,20260928,39.53,3.304,4.4589,0.69,77.0064,,2.3529,3.0811,3.2541,1.2487,1.2487,6469.4123,3778.1423,2799.6297,255735.7773,149349.8742,4
2871,301638.SZ,南网数字,20260928,20.52,2.2151,2.2151,0.85,103.5986,79.6463,5.8604,9.0402,8.2828,,0.2924,317965.023,25023.4005,25023.4005,6524642.2104,513480.168,4
2872,301655.SZ,绿控传动,20260928,23.85,24.8305,24.8305,1.02,70.9463,52.1852,10.4858,3.2401,2.4145,,,45560.8235,4496.8188,4496.8188,1086625.557,107249.157,4
2873,301656.SZ,联合动力,20260928,13.8,1.8107,1.8107,1.32,29.731,67.9005,3.5728,1.6281,1.5999,,0.3069,244173.116,33084.136,33084.136,3369589.056,456561.132,4
2874,301658.SZ,首航新能,20260928,21.49,2.4043,2.4043,0.92,56.5119,,2.8239,3.4427,3.1977,0.5863,0.3397,41237.1135,9741.6681,9741.6681,886185.7088,209348.4883,4
2875,301662.SZ,宏工科技,20260928,62.8,5.0305,5.7656,0.93,121.6649,72.7737,4.7967,3.5859,3.2597,1.0982,0.6589,11600.0,4459.2018,3890.6581,728480.0,280037.76,4
2876,301665.SZ,泰禾股份,20260928,21.64,0.9088,0.9088,0.82,20.9081,18.5648,2.6647,1.8139,1.6424,2.7726,2.5878,45000.0,10417.0,10417.0,973800.0,225423.88,4
2877,301666.SZ,大普微,20260928,360.5,7.5196,7.5196,0.59,,130.2792,43.1276,68.7101,25.1097,,,43621.636,2651.6343,2651.6343,15725597.615,955912.615,4
2878,301667.SZ,纳百川,20260928,54.3,6.1227,6.1227,1.14,62.7385,118.7761,4.823,3.4061,3.043,,0.1842,11166.96,2372.979,2372.979,606365.928,128852.814,4
2879,301668.SZ,昊创瑞通,20260928,29.81,3.888,4.9652,1.8,31.2265,43.7955,3.1666,3.6622,3.611,,1.6773,11000.0,4840.0,3790.0,327910.0,144280.4,4
2880,301669.SZ,高特电子,20260928,25.1,6.4665,6.4665,0.95,87.9861,96.0506,6.9422,9.5985,9.8156,,,48000.0,8188.7545,8188.7545,1204800.0,205537.625,4
2881,301677.SZ,欣兴工具,20260928,54.22,24.8986,24.8986,1.41,27.4381,27.22,3.7431,10.5972,10.2411,,,10000.0,2144.0018,2144.0018,542200.0,116247.68,1
2882,301678.SZ,新恒汇,20260928,51.8,6.8085,8.5431,0.87,98.387,174.7939,6.8941,13.4425,11.8605,0.9653,0.9653,23955.5467,13897.0967,11075.4967,1240897.49,719869.78,4
2883,301680.SZ,固德电材,20260928,96.86,5.9874,5.9874,0.8,44.7659,40.7763,4.4419,7.2527,5.6523,,0.4646,8280.0,1772.5867,1772.5867,802000.8,171693.0674,4
2884,301682.SZ,宏明电子,20260928,103.53,14.7088,14.7088,1.84,39.4827,49.8095,2.5433,4.8092,4.7852,,0.821,12154.9358,3038.734,3038.734,1258399.9029,314599.7169,4
2885,301683.SZ,慧谷新材,20260928,99.5,6.4442,6.4442,1.12,30.3699,29.8496,2.663,6.3745,5.8933,,1.1055,6311.64,1426.565,1426.565,628009.175,141943.715,4
2886,301686.SZ,C中塑股份,20260928,231.67,46.7935,46.7935,,90.0883,89.0361,17.5504,15.2488,13.3616,,,4933.1495,873.3057,873.3057,1142862.8605,202319.7277,4
2887,301687.SZ,新广益,20260928,50.17,8.1945,8.1945,0.67,59.7637,59.5841,4.8426,10.4923,10.3986,,0.598,14686.4,3115.2846,3115.2846,736816.688,156293.5976,4
2888,301688.SZ,格林生物,20260928,40.0,26.3585,26.3585,0.78,29.802,29.1591,6.2665,4.9616,4.6967,,,13333.3334,2598.4953,2598.4953,533333.6,103940.0,4
2889,301689.SZ,电科思仪,20260928,85.1,56.8445,56.8445,1.1,180.1975,177.5969,28.7329,32.9243,33.3083,,,92790.3932,5756.1452,5756.1452,7896463.04,489848.365,1
2890,301696.SZ,三瑞智能,20260928,89.25,4.123,4.123,0.85,84.7262,67.8394,16.8304,33.2198,25.9762,,0.9804,40001.0,3008.3354,3008.3354,3570089.25,268494.345,4
2891,301697.SZ,贝特利,20260928,28.59,33.7831,33.7831,1.08,64.7163,45.5711,7.9998,2.0598,1.4387,,,26270.0,4399.1034,4399.1034,751059.3,125770.269,4
2892,301699.SZ,洛轴股份,20260928,40.68,65.5684,65.5684,1.66,55.6488,52.748,10.7683,4.8812,4.6942,,,72400.0,6993.1449,6993.1449,2945232.0,284480.9352,1
2893,301707.SZ,展芯股份,20260928,72.78,19.4998,19.4998,0.89,131.1893,121.1426,19.2232,46.82,47.8331,,,41118.993,2705.2564,2705.2564,2992640.82,196888.8228,4
2894,301717.SZ,超纯应材,20260928,355.25,12.6676,12.6676,0.74,195.8398,152.4497,37.3144,72.9837,60.7452,,,10184.6154,1742.6366,1742.6366,3618086.255,619072.86,4
2895,302132.SZ,中航成飞,20260928,58.73,0.9182,2.0058,0.85,45.7222,48.6078,7.5116,2.0825,2.2475,1.0846,0.6572,267209.1376,58606.9499,26826.8497,15693192.7922,3441986.1735,1
2896,600000.SH,浦发银行,20260928,9.16,0.3557,0.9865,2.16,6.0996,5.955,0.4047,1.7537,1.7219,4.0677,4.5852,3330583.83,3330583.83,1201126.9947,30508147.8828,30508147.8828,1
2897,600004.SH,白云机场,20260928,7.62,0.3686,0.8612,1.43,13.3746,17.1539,0.9489,2.4687,2.3694,1.8921,3.7402,257724.4598,236671.8283,101297.3731,1963860.3852,1803439.3446,1
2898,600006.SH,东风股份,20260928,5.83,4.2211,10.5812,3.5,,,1.4738,1.3163,1.248,0.0858,,200000.0,200000.0,79785.462,1166000.0,1166000.0,1
2899,600007.SH,中国国贸,20260928,19.93,0.205,1.0591,0.99,16.6973,16.6823,2.1579,5.3249,5.431,5.5193,5.3688,100728.2534,100728.2534,19492.2293,2007514.0225,2007514.0225,1
2900,600008.SH,首创环保,20260928,2.68,0.8413,1.5689,1.18,11.1028,11.6956,0.9385,1.0417,1.0626,6.3433,4.4776,734059.0677,734059.0677,393643.2234,1967278.3076,1967278.3076,4
2901,600009.SH,上海机场,20260928,22.36,0.2077,0.5013,0.94,26.2846,24.311,1.2901,4.1689,4.1227,2.2809,2.3702,248831.304,248021.884,102740.5144,5563867.868,5545769.2368,4
2902,600010.SH,包钢股份,20260928,2.06,0.7415,1.1681,0.84,249.3577,185.7121,1.7781,1.404,1.4773,0.0972,,4522603.2948,3131821.1887,1988015.7111,9316562.798,6451551.6514,4
2903,600011.SH,华能国际,20260928,6.94,1.1618,2.9199,3.04,7.5606,9.285,1.6889,0.4751,0.486,3.8905,5.7637,1569809.3359,1099770.9919,437592.3252,10894476.8196,7632410.6706,1
2904,600012.SH,皖通高速,20260928,15.5,0.3034,1.4424,0.8,14.106,13.762,2.1023,3.94,4.2666,3.8968,4.2581,170859.1889,116560.0,24517.3238,2648317.445,1806680.0,4
2905,600015.SH,华夏银行,20260928,6.18,0.5066,1.529,1.45,3.616,3.9193,0.3071,1.0701,1.0067,6.5534,6.7961,1591492.8468,1538722.3983,509783.4834,9835425.813,9509304.432,4
2906,600016.SH,民生银行,20260928,3.44,0.5139,0.6483,0.77,4.9279,5.2441,0.2598,1.0542,1.0341,5.7558,4.9709,4378241.8502,3546212.3213,2810983.8524,15061151.964,12198970.3808,4
2907,600017.SH,日照港,20260928,2.79,0.7452,1.3416,0.81,17.3442,18.2923,0.6049,1.0978,1.0772,4.2652,2.5986,307565.3888,307565.3888,170823.63,858107.4381,858107.4381,0
2908,600018.SH,上港集团,20260928,5.38,0.1927,1.5721,1.07,9.2333,8.9178,0.8542,3.1619,3.0201,2.6953,3.6245,2327996.0504,2327832.0278,285270.7123,12524618.749,12523736.3214,1
2909,600019.SH,宝钢股份,20260928,5.8,0.3649,1.0256,1.02,12.2116,12.5857,0.6126,0.3979,0.3865,3.7326,5.3358,2178208.4749,2141409.5749,761852.7922,12633609.126,12420175.506,4
2910,600020.SH,中原高速,20260928,3.8,0.6151,1.9323,1.14,13.5882,13.0944,0.7173,1.2942,1.3309,4.4737,3.1579,224737.1832,224737.1832,71537.6752,854001.284,854001.284,4
2911,600021.SH,上海电力,20260928,12.77,0.6982,1.6324,1.12,13.0215,19.3768,1.7988,0.8609,0.914,2.1887,2.8974,282187.5805,282187.5805,120699.5566,3603535.3966,3603535.3966,4
2912,600022.SH,山东钢铁,20260928,1.27,0.8548,2.0697,0.95,128.2509,122.5413,0.715,0.202,0.211,,,1069884.9554,1069884.9554,441891.4279,1358753.8992,1358753.8992,4
2913,600023.SH,浙能电力,20260928,5.19,0.3655,1.3631,1.15,9.2443,12.6093,0.9449,0.8748,0.9078,6.5511,6.3584,1340873.2749,1340873.2749,359556.5748,6959132.2713,6959132.2713,1
2914,600025.SH,华能水电,20260928,9.87,0.1934,1.7327,1.36,21.6235,22.2318,2.6297,6.9143,6.8657,1.9577,2.077,1863109.4257,1863109.4257,207995.6663,18388890.0741,18388890.0741,1
2915,600026.SH,中远海能,20260928,21.23,1.4029,3.3316,0.66,28.7701,17.3013,2.4146,4.8616,4.2407,0.8232,1.7899,547121.4178,382799.1956,161191.9602,11615387.7466,8126827.016,4
2916,600027.SH,华电国际,20260928,4.89,0.7922,1.8483,1.32,9.354,10.7718,1.1412,0.4506,0.4719,4.3095,4.7035,1161177.4184,921567.7327,394969.6394,5678157.5838,4506466.1997,1
2917,600028.SH,中国石化,20260928,5.41,0.2389,1.6322,1.06,20.5308,18.1644,0.774,0.2346,0.2323,4.2225,2.0725,12071447.9172,9464821.8325,1385472.3919,65306533.1931,51204686.1003,1
2918,600029.SH,南方航空,20260928,4.82,0.33,1.0919,0.96,101.9172,,2.8999,0.4792,0.4581,,,1812097.0492,1347697.3184,407250.4248,8734307.781,6495901.0824,4
2919,600030.SH,中信证券,20260928,25.94,0.6866,0.8465,1.18,13.4756,10.2203,1.3717,5.4144,4.4334,1.0794,2.6985,1562427.2212,1217655.0974,987690.0866,40529362.1179,31585973.2266,4
2920,600031.SH,三一重工,20260928,17.19,0.6567,0.9003,0.8,18.7989,17.7914,1.7165,1.7714,1.6128,3.8741,2.836,919500.4437,847439.0037,618108.9205,15806212.5636,14567476.41,4
2921,600032.SH,浙江新能,20260928,7.43,2.5308,10.5718,3.21,35.3147,48.2642,1.3795,3.6641,3.8453,0.6999,0.6326,240467.5324,240467.5324,57565.8824,1786673.7479,1786673.7479,2
2922,600033.SH,福建高速,20260928,3.59,2.4594,5.5781,1.89,10.3897,10.81,0.7885,3.2313,3.2782,2.7855,3.3705,274440.0,274440.0,121003.1499,985239.6,985239.6,4
2923,600035.SH,楚天高速,20260928,3.65,0.8044,1.7473,1.33,10.8854,10.2297,0.6475,0.894,0.8912,4.6575,4.3836,161011.5901,161011.5901,74122.5182,587692.3035,587692.3035,0
2924,600036.SH,招商银行,20260928,40.64,0.2637,0.4642,1.14,6.8247,6.7565,0.8951,3.0366,2.9644,4.9213,4.9606,2521984.5601,2062894.4429,1171836.1832,102493452.5184,83836030.0416,4
2925,600037.SH,歌华有线,20260928,6.94,0.9277,1.494,0.82,281.494,37.5191,0.7516,4.3514,3.6658,0.389,0.7205,139177.7884,139177.7884,86415.4412,965893.8626,965893.8626,4
2926,600038.SH,中直股份,20260928,26.79,0.6326,1.1396,1.23,33.6955,39.4285,1.2499,0.7552,0.7886,0.7615,0.8921,81989.3213,66893.5221,37132.4911,2196493.8828,1792077.4008,4
2927,600039.SH,四川路桥,20260928,8.62,0.1679,0.7962,0.88,10.2724,9.8522,1.4855,0.6512,0.6329,4.752,5.7006,869559.0645,869559.0645,183325.2201,7495599.0972,7495599.0972,1
2928,600048.SH,保利发展,20260928,5.61,1.227,2.07,0.45,64.9022,,0.3452,0.2179,0.2283,3.0037,0.6184,1197044.3418,1197044.3418,709550.0956,6715418.7474,6715418.7474,1
2929,600050.SH,中国联通,20260928,4.13,0.3446,0.8074,1.05,14.1478,18.6677,0.7531,0.3292,0.3282,4.1961,3.9588,3126442.5327,3099040.9152,1322650.225,12912207.6902,12799038.9996,4
2930,600051.SH,宁波联合,20260928,6.25,1.385,1.953,1.17,23.0248,28.7137,0.5691,1.5329,2.0235,1.92,0.96,31088.0,31088.0,22046.24,194300.0,194300.0,1
2931,600052.SH,东望时代,20260928,3.71,1.5946,2.6373,1.2,,,1.4466,5.3161,7.7671,0.5325,0.5325,84419.4741,84419.4741,51042.1371,313196.2337,313196.2337,1
2932,600053.SH,*ST九鼎,20260928,7.68,0.7451,2.8145,0.82,,,1.5354,11.8313,12.76,,,43354.08,43354.08,11476.495,332959.3344,332959.3344,1
2933,600054.SH,黄山旅游,20260928,10.51,0.8793,2.0828,0.79,26.2095,25.8803,1.5685,3.6342,3.5533,1.6365,1.3416,72937.944,51330.0,21670.425,766577.7494,539478.3,4
2934,600055.SH,万东医疗,20260928,10.45,0.5347,0.9803,0.63,,,1.6925,5.4544,5.3304,1.244,,70306.1058,70306.1058,38348.1077,734698.8495,734698.8495,4
2935,600056.SH,中国医药,20260928,8.84,0.4867,1.0303,0.88,27.9433,30.8687,1.1044,0.374,0.3753,1.1913,0.8512,149587.9748,149535.1478,70639.8276,1322357.7432,1321890.726,4
2936,600057.SH,厦门象屿,20260928,6.03,0.7765,1.7726,0.98,13.24,12.9019,1.1244,0.0417,0.0412,5.6912,3.6493,283901.5539,209251.0164,91661.7272,1711926.4068,1261783.6506,4
2937,600058.SH,五矿发展,20260928,8.66,1.0758,2.8736,1.31,485.9103,,1.929,0.1757,0.1865,,0.388,107191.0711,107191.0711,40130.5789,928274.6662,928274.6662,4
2938,600059.SH,古越龙山,20260928,11.73,13.4824,21.9281,1.13,48.0989,47.8301,1.8265,5.8402,6.1998,0.682,0.7505,91154.2413,91154.2413,56045.8255,1069239.2352,1069239.2352,1
2939,600060.SH,海信视像,20260928,27.26,0.5657,1.0807,0.85,14.4961,13.7156,1.6088,0.6167,0.6061,3.2282,3.4494,130497.2254,130497.2254,68311.9051,3557354.4898,3557354.4898,1
2940,600061.SH,国投资本,20260928,6.09,0.4969,1.3773,1.18,11.8745,10.3089,0.7238,738.2634,583.8055,2.0853,2.5345,639409.7773,639409.7773,230715.6492,3894005.5602,3894005.5602,4
2941,600062.SH,华润双鹤,20260928,15.98,0.4347,1.0944,0.85,10.077,10.287,1.355,1.5087,1.5366,2.9481,2.9976,103857.2452,103822.5388,41242.9764,1659638.855,1659084.1892,4
2942,600063.SH,皖维高新,20260928,5.35,1.6201,1.9815,0.85,25.5066,22.5276,1.2909,1.3816,1.352,2.6361,1.8692,206910.6449,206910.6449,169178.1065,1106971.924,1106971.924,4
2943,600064.SH,南京高科,20260928,7.63,0.7814,1.1973,1.05,7.2136,7.7435,0.6635,3.8686,4.6124,3.9318,4.194,173033.9644,173033.9644,112925.6424,1320249.1148,1320249.1148,1
2944,600066.SH,宇通客车,20260928,26.22,0.9887,1.6945,0.72,10.4509,10.5807,4.4735,1.4013,1.3816,5.7208,7.6278,221393.9223,221393.9223,129175.5584,5804948.5824,5804948.5824,1
2945,600067.SH,冠城新材,20260928,2.58,2.2884,3.3488,1.08,48.0775,290.1244,0.6495,0.2898,0.2853,8.3541,1.1392,139166.8739,139166.8739,95102.2903,359050.5246,359050.5246,4
2946,600071.SH,凤凰光学,20260928,16.16,0.883,1.7415,1.13,132.1887,256.9477,8.7643,2.842,2.7961,,,28157.3889,28157.3889,14277.0761,455023.4224,455023.4224,4
2947,600072.SH,中船科技,20260928,8.74,1.0711,1.4887,0.7,,,1.801,1.2671,1.1717,0.3446,,150064.9709,108333.7316,77940.5069,1311567.8378,946836.8002,4
2948,600073.SH,光明肉业,20260928,5.46,0.8218,1.2801,0.92,,,1.0905,0.2314,0.2237,1.2821,,93772.9472,93772.9472,60202.5414,512000.307,512000.307,1
2949,600075.SH,新疆天业,20260928,4.53,0.7222,1.3028,0.92,,,0.8673,0.7376,0.7508,0.4414,,170779.7343,170779.7343,94668.1167,773632.1769,773632.1769,0
2950,600076.SH,康欣新材,20260928,2.1,2.5064,4.1195,0.73,,,0.8122,7.4947,7.2595,,,134454.3367,134454.3367,81805.5082,282354.114,282354.114,1
2951,600078.SH,澄星股份,20260928,9.66,1.5291,2.6271,1.16,774.9586,61.0505,3.6482,1.8256,1.6588,,,67966.2861,66257.2861,38563.8247,656554.3614,640045.4214,4
2952,600079.SH,ST人福,20260928,18.81,0.4867,0.7139,1.2,16.5481,15.1226,1.59,1.2813,1.2815,1.7012,2.5518,163222.5965,154317.877,105201.0253,3070217.106,2902719.3228,4
2953,600080.SH,ST金花,20260928,4.65,0.4378,0.5868,0.77,111.4298,170.6418,1.0897,3.1904,3.165,0.6096,,37327.0285,37327.0285,27847.7933,173570.6895,173570.6895,4
2954,600081.SH,东风科技,20260928,10.65,1.1494,4.5549,1.93,312.6438,90.4433,1.2616,0.9387,0.9772,0.4695,0.1033,55302.617,55302.617,13955.4119,588972.903,588972.903,4
2955,600082.SH,ST海泰,20260928,3.43,2.0135,2.8659,1.53,,,1.3243,4.9332,4.9289,,,64611.5826,63433.5412,44566.648,221617.7194,217577.0422,1
2956,600084.SH,*ST尼雅,20260928,4.32,0.1787,0.4129,0.69,,,3.8065,39.3702,35.5367,,,112372.683,112372.683,48630.1732,485449.9776,485449.9776,4
2957,600085.SH,同仁堂,20260928,23.33,0.2434,0.5118,0.88,26.9019,32.9837,2.3487,1.8542,2.0166,2.1432,2.1432,137147.0262,137147.0262,65216.1722,3199640.2099,3199640.2099,4
2958,600088.SH,中视传媒,20260928,12.61,3.2531,7.5453,0.34,,,4.1165,4.8339,4.7442,0.2696,0.1745,39770.64,39770.64,17146.9217,501507.7704,501507.7704,4
2959,600089.SH,特变电工,20260928,17.26,0.9337,1.1392,1.07,14.6468,16.3846,1.2308,0.897,0.8272,1.4391,2.0723,505279.2571,505279.2571,414129.9271,8721120.0276,8721120.0276,4
2960,600094.SH,大名城,20260928,3.97,1.611,2.5052,1.16,64.3303,76.8635,0.8973,4.1085,6.5103,,,232495.0045,212622.995,136726.7511,923005.15,844113.31,4
2961,600095.SH,湘财股份,20260928,8.52,1.4041,4.5527,0.72,52.4864,28.5987,1.8999,81.3801,236.6586,,,285918.7743,285918.7743,88183.9293,2436027.9204,2436027.9204,4
2962,600096.SH,云天化,20260928,27.16,0.7643,1.2399,0.83,9.6028,9.2968,1.9489,1.0227,1.0722,5.891,5.1546,182299.0731,182299.0731,112373.6439,4951242.7412,4951242.7412,4
2963,600097.SH,开创国际,20260928,9.23,1.0681,1.868,0.78,30.0951,139.1355,1.0063,0.9518,0.9799,0.8667,1.0834,24093.6559,24093.6559,13776.0021,222384.4818,222384.4818,1
2964,600098.SH,广州发展,20260928,6.25,0.4653,1.7539,1.1,9.447,13.4411,0.8062,0.431,0.4134,5.9205,5.6,350586.4981,350586.4981,93012.056,2191165.625,2191165.625,0
2965,600099.SH,林海股份,20260928,9.36,1.5289,2.6408,1.32,83.533,77.1991,3.6939,1.813,1.6011,0.3205,0.4808,21912.0,21912.0,12686.308,205096.32,205096.32,4
2966,600100.SH,同方股份,20260928,6.48,0.9256,1.3544,1.74,43.8579,88.089,1.3911,1.4411,1.5355,,0.6944,335029.7713,335029.7713,228955.7108,2170992.9096,2170992.9096,4
2967,600101.SH,明星电力,20260928,7.77,1.3247,1.9317,0.69,23.1164,26.0329,1.3732,1.409,1.3932,1.5444,1.4157,54786.2471,54786.2471,37570.2847,425689.1625,425689.1625,4
2968,600103.SH,青山纸业,20260928,3.42,5.6682,7.6942,0.62,140.1433,197.3382,1.9238,3.1681,3.1383,0.3528,0.2515,224082.6747,221232.9047,162978.6823,766362.7314,756616.518,4
2969,600104.SH,上汽集团,20260928,10.77,0.3251,1.0703,1.02,12.2508,13.3978,0.4144,0.1916,0.1914,0.8121,2.4547,1149527.7504,1149527.7504,349184.8225,12380413.8675,12380413.8675,1
2970,600105.SH,永鼎股份,20260928,38.28,6.5362,8.586,0.78,239.5352,133.707,15.3793,10.5858,8.7913,0.222,0.1306,146199.4802,146199.4802,111295.9839,5596516.0944,5596516.0944,5
2971,600106.SH,重庆路桥,20260928,4.31,0.8772,1.203,1.13,50.2433,98.5504,1.084,50.7387,54.1504,0.8353,0.6032,132902.5062,132902.5062,96903.073,572809.8181,572809.8181,4
2972,600107.SH,*ST尔雅,20260928,5.65,0.2102,0.2683,0.72,,,5.2264,8.6115,8.1004,,,36000.0,36000.0,28205.9362,203400.0,203400.0,4
2973,600108.SH,亚盛集团,20260928,3.91,7.3502,10.2205,0.59,133.7072,141.3653,1.7585,1.7947,1.8117,0.1407,0.0767,194691.5121,194691.5121,140015.2748,761243.8041,761243.8041,4
2974,600109.SH,国金证券,20260928,8.0,0.5368,0.8503,1.0,12.9414,11.8855,0.812,3.4843,3.1015,1.5,0.9972,368326.2908,368326.2908,232512.8303,2946610.32,2946610.32,4
2975,600110.SH,诺德股份,20260928,10.88,7.0245,10.0156,0.68,,,3.1429,2.5762,1.7569,,,173518.0932,173518.0932,121698.6201,1887876.8192,1887876.8192,4
2976,600111.SH,北方稀土,20260928,35.57,1.1227,1.8117,1.19,57.1179,38.1213,4.8977,3.0211,2.598,0.0984,0.3655,361506.5842,361506.5842,224026.6051,12858789.0506,12858789.0506,4
2977,600113.SH,浙江东日,20260928,28.2,0.7725,1.9119,0.85,80.5364,97.0176,4.6599,14.9997,15.694,0.4358,0.5783,41143.116,41143.116,16623.7878,1160235.984,1160235.984,4
2978,600114.SH,东睦股份,20260928,25.19,2.3119,3.033,1.43,31.3841,35.3745,4.7962,2.785,2.7177,1.0997,1.5235,66751.4165,61638.3477,46983.7261,1681468.2698,1552670.0365,4
2979,600115.SH,中国东航,20260928,3.31,0.8983,2.0446,0.98,,,7.3191,0.5224,0.4962,,,2208773.667,1702496.4893,747940.5647,7311040.8477,5635263.3819,4
2980,600116.SH,三峡水利,20260928,6.11,0.5196,1.1182,0.97,26.8012,15.2524,1.012,1.1485,1.1293,1.4584,2.0255,191214.2904,191214.2904,88844.6091,1168319.3119,1168319.3119,1
2981,600117.SH,西宁特钢,20260928,2.13,0.3638,0.9994,0.73,,,2.0041,1.1706,1.1844,,,325511.4857,325511.4857,118489.7958,693339.4737,693339.4737,4
2982,600118.SH,中国卫星,20260928,56.11,1.6811,3.376,0.82,1866.0192,659.4463,10.3596,10.8717,9.9515,0.0178,0.0214,118248.9135,118248.9135,58883.8404,6634946.3401,6634946.3401,4
2983,600119.SH,*ST长投,20260928,4.79,0.5723,1.0565,1.36,,,25.5956,8.5881,7.2016,,,36527.037,36527.037,19785.1609,174964.5216,174964.5216,4
2984,600120.SH,浙江东方,20260928,4.58,0.635,1.2668,0.9,16.7359,11.1358,0.9335,19.1202,18.5139,1.7974,1.7974,341538.1492,341538.1492,171211.5538,1564244.727,1564244.727,4
2985,600121.SH,郑州煤电,20260928,5.1,16.7445,34.8168,1.29,,,10.3338,1.7493,1.9902,,,121841.2038,121841.2038,58597.2758,621390.12,621390.12,1
2986,600123.SH,兰花科创,20260928,6.97,1.2059,2.2115,0.94,,,0.6729,1.2612,1.1559,2.1521,,147324.0021,147324.0021,80329.8021,1026848.28,1026848.28,4
2987,600125.SH,铁龙物流,20260928,5.2,0.5767,0.824,1.03,12.9296,12.7664,0.8578,0.5906,0.5966,2.6923,2.3269,130552.1874,130552.1874,91377.407,678871.388,678871.388,4
2988,600126.SH,杭钢股份,20260928,5.92,0.7577,2.0041,0.81,828.2431,132.5139,1.0293,0.3821,0.5669,,0.0845,337718.9083,337718.9083,127681.8671,1999295.9472,1999295.9472,4
2989,600127.SH,金健米业,20260928,14.84,5.6656,7.2262,0.15,2524.4196,,14.3952,2.8362,2.5368,,,64178.3218,64178.3218,50318.4167,952406.2688,952406.2688,5
2990,600128.SH,苏豪弘业,20260928,8.61,1.2415,1.6887,1.04,44.8931,49.4482,1.0165,0.2802,0.3052,1.1387,1.6841,25169.87,24676.75,18141.9029,216712.5807,212466.8175,1
2991,600129.SH,太极集团,20260928,13.34,1.1382,1.8693,0.63,61.0094,105.6425,2.0478,0.7006,0.741,,,55141.8185,55141.8185,33575.8361,735591.8788,735591.8788,1
2992,600130.SH,波导股份,20260928,4.53,2.3024,2.767,0.77,647.057,683.1528,3.7436,7.2224,6.6696,,,75000.0,75000.0,62405.36,339750.0,339750.0,4
2993,600131.SH,国网信通,20260928,14.05,0.3807,0.9155,0.89,25.5837,27.0006,2.559,1.5824,1.5961,1.2215,1.1748,119698.5669,119590.5149,49734.7834,1681764.768,1680246.6655,4
2994,600132.SH,重庆啤酒,20260928,37.6,0.4172,1.0429,0.78,14.7838,15.6625,11.4885,1.2361,1.2586,5.8511,6.6489,48397.1198,48397.1198,19358.848,1819731.712,1819731.712,1
2995,600133.SH,东湖高新,20260928,7.72,0.9634,1.1619,1.22,29.8026,39.0339,0.9229,2.1951,2.2959,2.1373,2.1503,106623.9875,106623.9875,88411.6613,823137.2028,823137.2028,4
2996,600135.SH,乐凯胶片,20260928,7.41,1.4379,2.6473,0.55,,,1.7455,3.1066,2.8954,,,55330.7099,55330.7099,30053.0656,410000.5611,410000.5611,4
2997,600136.SH,ST明诚,20260928,1.45,0.4056,0.5862,1.1,,,12.9971,5.8929,6.4536,,,204082.5931,194308.9494,134455.4726,295919.7555,281747.9775,4
2998,600137.SH,浪莎股份,20260928,17.88,1.343,3.0382,1.01,53.7817,57.0433,3.1915,4.459,4.4232,1.0403,1.1186,9721.7588,9721.7588,4297.2833,173825.0688,173825.0688,4
2999,600138.SH,中青旅,20260928,6.93,0.7723,1.0055,0.78,60.0656,129.3219,0.7925,0.4425,0.4231,1.0101,0.5195,72384.0,72384.0,55598.0408,501621.12,501621.12,4
3000,600141.SH,兴发集团,20260928,27.07,1.406,2.1055,1.0,21.7018,20.2273,1.2978,1.1051,1.0077,3.4072,1.8471,119616.3657,119616.3657,79876.292,3238015.1359,3238015.1359,4
3001,600143.SH,金发科技,20260928,12.88,0.6684,0.886,0.79,29.9442,27.557,1.7533,0.5265,0.5073,0.7477,2.323,267329.8366,263482.6028,198757.3883,3443208.2104,3393655.888,4
3002,600148.SH,长春一东,20260928,15.74,0.912,1.7758,0.64,194.859,110.6673,4.6063,2.9073,2.6556,,0.2541,14151.645,14151.645,7268.1029,222746.971,222746.971,4
3003,600149.SH,廊坊发展,20260928,5.04,1.7997,2.7817,1.02,124.5926,133.9078,7.6443,9.5775,9.7556,,,38016.0,38016.0,24595.425,191600.64,191600.64,4
3004,600150.SH,中国船舶,20260928,38.08,1.3054,2.5379,1.0,36.514,20.4337,1.8808,1.8856,1.6772,0.3902,0.9585,752562.1288,752562.1288,387101.5077,28657565.9104,28657565.9104,4
3005,600151.SH,航天机电,20260928,9.18,1.1192,1.7972,0.84,,,2.9821,3.6523,4.0351,,,143425.2287,143425.2287,89318.9076,1316643.6114,1316643.6114,4
3006,600152.SH,维科技术,20260928,7.56,2.3837,3.3515,1.18,,,2.4579,2.8236,2.4744,,,52907.9375,52907.9375,37630.1161,399984.0264,399984.0264,4
3007,600153.SH,建发股份,20260928,8.46,0.5134,0.9649,0.72,,,0.5912,0.0365,0.0372,8.4099,8.2742,289953.8551,289953.8551,154285.0566,2453009.6556,2453009.6556,1
3008,600155.SH,华创云信,20260928,5.81,0.9079,1.0772,0.59,69.6887,37.1098,0.6277,4.0296,3.53,,,218318.8774,218318.8774,184004.3884,1268432.6928,1268432.6928,4
3009,600156.SH,华升股份,20260928,8.26,9.5474,15.9959,1.21,,,9.5675,4.1678,4.8454,0.1211,0.1211,40211.0702,40211.0702,24000.639,332143.4382,332143.4382,4
3010,600157.SH,永泰能源,20260928,1.43,1.8931,2.3216,1.39,149.5516,180.0725,0.6682,1.3099,1.3238,,,2181776.4145,2181776.4145,1779047.1763,3119940.2663,3119940.2663,4
3011,600158.SH,中体产业,20260928,6.93,1.6263,2.2537,0.9,,,2.7717,3.1001,3.0513,0.2843,,95951.3067,95951.3067,69239.4885,664942.5783,664942.5783,4
3012,600159.SH,大龙地产,20260928,2.72,1.8573,3.5513,0.87,,,1.5687,3.3931,4.4721,,,83000.3232,83000.3232,43408.6677,225760.8704,225760.8704,4
3013,600160.SH,巨化股份,20260928,33.54,0.9772,2.1054,0.93,23.9344,20.6609,4.1049,3.3548,3.3537,0.6857,2.3256,269974.6081,269974.6081,125311.1586,9054948.4194,9054948.4194,4
3014,600161.SH,天坛生物,20260928,12.22,0.4243,0.8506,0.79,22.1513,31.9122,2.0237,3.9175,4.2744,2.0458,1.2275,197737.1446,197737.1446,98625.1157,2416347.8508,2416347.8508,1
3015,600162.SH,香江控股,20260928,4.39,2.9027,9.0346,0.8,,,2.5036,9.9361,10.1262,0.2491,0.1132,326843.8122,326843.8122,105011.2242,1434844.3259,1434844.3259,1
3016,600163.SH,中闽能源,20260928,5.38,2.4669,7.2478,0.43,19.6275,20.7108,1.4242,6.3699,6.3753,1.5428,0.5576,190299.6143,190299.6143,64770.5089,1023811.9018,1023811.9018,4
3017,600165.SH,宁科生物,20260928,3.37,4.1401,4.1401,1.62,,,5.0634,12.2514,10.8205,,,161588.3775,73291.3646,73291.3646,544552.8069,246991.8832,1
3018,600166.SH,福田汽车,20260928,2.75,0.8196,1.4792,0.94,15.9645,14.5896,1.3746,0.3555,0.3373,,,791740.0367,791740.0367,438691.3605,2177285.11,2177285.11,4
3019,600167.SH,联美控股,20260928,5.48,0.2563,0.8604,1.03,18.0769,25.0491,1.068,3.8283,4.0313,3.5878,2.6909,226284.0463,226284.0463,67406.2721,1240036.594,1240036.594,4
3020,600168.SH,武汉控股,20260928,4.34,0.3922,0.9825,0.92,46.4066,40.9066,0.7945,1.0615,1.114,0.6221,0.6475,99339.7569,99339.7569,39657.1387,431134.5584,431134.5584,4
3021,600169.SH,ST太重,20260928,2.16,0.2115,0.4378,1.04,30.3988,30.0021,1.3725,0.6936,0.6783,,,333314.15,333314.15,161064.1534,719958.564,719958.564,4
3022,600170.SH,上海建工,20260928,2.17,1.1438,2.0676,0.67,15.5864,20.611,0.6143,0.0936,0.0979,2.765,1.6129,888593.9744,888593.9744,491581.9199,1928248.9149,1928248.9149,4
3023,600171.SH,上海贝岭,20260928,22.18,1.2044,1.6088,0.83,66.5628,72.7145,3.4527,4.9544,4.5807,0.7665,0.541,70892.3303,70892.3303,53072.3303,1572391.8794,1572391.8794,4
3024,600172.SH,黄河旋风,20260928,16.5,17.7363,24.0121,1.22,,,70.4116,17.5434,16.2469,,,144218.4476,128427.8608,94862.2322,2379604.425,2119059.69,4
3025,600173.SH,卧龙新能,20260928,5.73,0.6373,1.5913,1.11,,,1.1213,1.3249,1.9726,,,70050.6244,70041.6244,28053.1999,401390.0526,401338.4826,4
3026,600176.SH,中国巨石,20260928,39.27,5.4295,10.2819,0.87,47.8481,34.6895,4.7415,8.3261,7.5107,1.0441,0.9126,400313.6728,397158.7028,209725.9775,15720317.8209,15596422.149,4
3027,600177.SH,雅戈尔,20260928,8.29,0.5533,1.3799,1.26,15.6612,13.4235,0.9088,3.3094,3.2987,5.5354,5.765,462344.1902,450344.1933,180582.9766,3832833.3351,3733353.3351,0
3028,600178.SH,东安动力,20260928,10.08,4.5357,9.244,3.56,375.5525,,1.8444,0.8224,0.8219,0.0496,0.1091,46647.6161,46647.6161,22888.3161,470208.0096,470208.0096,1
3029,600179.SH,安通控股,20260928,4.39,0.5476,1.011,0.86,17.1055,15.1013,1.485,2.0458,1.9953,,,423152.6979,386227.8495,209181.9761,1857640.353,1695540.2615,4
3030,600180.SH,*ST瑞茂,20260928,1.5,1.049,2.8621,0.65,,,0.4688,0.0757,0.1265,2.3149,0.6614,108662.7464,108662.7464,39825.5628,162994.125,162994.125,4
3031,600182.SH,S佳通,20260928,12.28,0.88,0.88,1.23,21.1846,19.7923,3.8674,0.8618,0.8729,7.4104,4.6417,34000.0,17000.0,17000.0,417520.0,208760.0,4
3032,600183.SH,生益科技,20260928,131.95,1.8952,3.694,0.76,96.1342,61.7019,17.3231,11.2731,9.2161,0.758,0.6063,242900.367,241174.8857,123732.6331,32050703.8215,31823026.7355,4
3033,600184.SH,光电股份,20260928,18.06,3.6776,7.4782,0.67,206.03,192.7663,3.0804,4.3113,4.4777,,0.1827,58272.7468,58272.7468,28656.9768,1052405.865,1052405.865,4
3034,600185.SH,珠免集团,20260928,4.66,0.9928,1.8034,0.66,,,155.9212,2.5914,3.0494,,,188500.5795,188500.5795,103766.6015,878412.7028,878412.7028,4
3035,600186.SH,莲花控股,20260928,12.02,11.8398,14.5119,0.91,69.711,55.0603,10.6877,6.2419,5.753,,,179276.4641,178913.8291,145971.0396,2154903.1694,2150544.2366,4
3036,600187.SH,*ST国中,20260928,1.24,0.7665,0.999,0.83,,,0.6805,8.9809,6.8343,,,161378.1103,161378.1103,123813.1403,200108.8564,200108.8564,4
3037,600188.SH,兖矿能源,20260928,19.66,0.3903,1.4856,0.67,23.5444,18.4562,2.5674,1.3615,1.2843,3.6626,1.6271,1003685.202,596135.202,156620.9149,19732451.032,11720018.032,4
3038,600189.SH,泉阳泉,20260928,8.19,6.315,11.1544,2.33,388.4579,193.0532,4.6302,4.6563,4.3369,,,71519.7812,71519.7812,40490.6649,585746.9982,585746.9982,5
3039,600191.SH,华资实业,20260928,8.86,1.3581,2.9099,0.72,72.7971,47.3261,2.505,6.8259,5.671,,0.254,48493.2,48493.2,22632.5707,429649.752,429649.752,4
3040,600192.SH,长城电工,20260928,7.16,2.3436,3.8753,0.53,,,4.6774,2.0526,2.1068,,,44174.8,44174.8,26714.0716,316291.568,316291.568,4
3041,600195.SH,中牧股份,20260928,6.67,0.7077,1.4442,1.14,39.7573,48.8598,1.1916,1.0977,1.0347,0.3448,0.7646,102114.826,102114.826,50037.0567,681105.9161,681105.9161,1
3042,600196.SH,复星医药,20260928,23.24,1.1639,2.0069,1.07,18.4126,18.3067,1.2735,1.4896,1.4572,1.364,1.6624,267042.9325,211848.8825,122859.787,6206077.6932,4923367.9712,1
3043,600197.SH,伊力特,20260928,9.17,0.5635,1.0071,0.54,20.0533,31.9814,1.0957,2.5193,3.1479,4.9073,4.6892,47317.4717,47317.4717,26474.709,433901.1999,433901.1999,4
3044,600198.SH,大唐电信,20260928,7.25,0.9765,2.0616,0.8,,,46.087,9.4021,8.6775,,,130360.3541,130194.9804,61670.072,945112.5375,943913.605,4
3045,600199.SH,金种子酒,20260928,6.83,3.4295,4.7043,1.01,,,2.371,6.2224,9.469,,,65779.6824,65779.6824,47953.974,449275.2144,449275.2144,4
3046,600201.SH,生物股份,20260928,11.41,1.0598,1.2252,1.17,125.3618,87.2826,2.3194,8.9874,8.1852,0.2633,0.3222,109992.7826,109992.7826,95141.32,1255017.6198,1255017.6198,1
3047,600202.SH,哈空调,20260928,5.15,1.2556,1.9033,0.95,270.1764,,2.5013,1.2962,1.3832,0.1942,,38334.0672,38334.0672,25289.1287,197420.4605,197420.4605,4
3048,600203.SH,福日电子,20260928,9.68,2.0781,2.8734,0.83,,449.8661,3.3383,0.4133,0.3483,0.2066,,59298.8082,59298.8082,42884.868,574012.4808,574012.4808,4
3049,600206.SH,有研新材,20260928,51.63,12.9134,19.2988,1.41,165.0652,137.4469,10.0251,4.5805,3.7665,0.2111,0.2692,84655.3332,84655.3332,56645.4964,4370754.6879,4370754.6879,1
3050,600207.SH,安彩高科,20260928,5.46,7.6439,16.7975,1.75,,,3.5027,2.0374,2.6383,,,108931.2554,108931.2554,49570.4638,594764.6796,594764.6796,1
3051,600208.SH,衢州发展,20260928,2.81,0.8294,1.9209,0.81,91.5655,140.2664,0.574,6.6616,7.3201,,,850894.08,850797.6337,367347.7791,2391012.3648,2390741.3403,4
3052,600210.SH,紫江企业,20260928,6.2,0.8937,1.2195,1.45,9.0658,8.482,1.4025,0.9791,1.0228,4.8387,5.6452,151673.6158,151673.6158,111152.8382,940376.444,940376.444,0
3053,600211.SH,西藏药业,20260928,35.96,0.6704,1.5073,0.93,12.3576,11.8444,2.9617,3.8875,4.0172,5.203,5.5531,32231.9196,32231.9196,14335.7843,1159059.8432,1159059.8432,4
3054,600212.SH,绿能慧充,20260928,5.69,2.3384,3.268,1.58,240.4897,,6.978,2.878,2.6173,,,70415.0213,68468.0213,48992.4813,400661.4638,389583.0338,4
3055,600215.SH,派斯林,20260928,6.13,1.2956,1.8469,1.16,,,1.1531,3.1738,2.7547,0.248,,45688.288,45688.288,32049.1173,280069.2177,280069.2177,1
3056,600216.SH,浙江医药,20260928,12.31,1.0774,1.7283,0.84,13.554,14.6854,1.0152,1.333,1.3236,2.9756,2.2663,96163.775,95138.9475,59306.9541,1183776.1318,1171160.4745,4
3057,600217.SH,中再资环,20260928,3.22,0.5329,0.9024,0.87,,,1.877,1.702,1.7714,,,165765.3673,165765.3673,97879.5761,533764.4914,533764.4914,4
3058,600218.SH,全柴动力,20260928,7.92,3.1908,4.8578,0.66,53.5197,63.4774,1.0549,0.7845,0.7893,0.7576,0.6313,43559.9919,43559.9919,28611.6243,344995.1208,344995.1208,1
3059,600219.SH,南山铝业,20260928,4.49,1.0608,1.8129,1.3,10.8883,11.8328,1.0343,1.4894,1.4355,8.6808,8.7854,1148370.1559,1148370.1559,671986.6479,5156182.0184,5156182.0184,4
3060,600221.SH,海航控股,20260928,1.21,0.6117,1.0571,1.13,26.415,23.8466,9.5186,0.7637,0.7375,,,4321563.2535,4284551.4933,2479344.848,5229091.5325,5184307.3029,4
3061,600222.SH,太龙药业,20260928,8.07,2.8871,3.7827,0.88,75.2392,85.6847,2.7984,2.568,2.6042,,0.1715,55936.3183,55936.3183,42692.2015,451406.1024,451406.1024,1
3062,600223.SH,福瑞达,20260928,5.61,0.7578,1.6574,0.98,30.375,35.297,1.3398,1.5621,1.5125,1.0695,1.016,101656.8775,101656.8775,46478.3575,570295.0968,570295.0968,1
3063,600226.SH,亨通股份,20260928,5.28,3.6769,5.9555,1.27,78.164,94.8384,4.2107,8.4898,6.432,,,297438.1224,297438.1224,183637.1575,1570473.2736,1570473.2736,4
3064,600227.SH,赤天化,20260928,3.76,9.4608,11.4526,0.65,,,2.7458,2.9343,2.682,,,168872.7685,127759.9803,105540.0845,634961.6152,480377.5248,4
3065,600228.SH,返利科技,20260928,10.14,7.9277,10.5885,0.97,,,11.4845,7.641,6.0034,,,41667.2427,41603.7177,31149.1483,422505.915,421861.7208,4
3066,600229.SH,城市传媒,20260928,5.72,1.1658,3.063,0.54,,,1.3924,1.9051,2.0128,1.2238,,66070.7784,66070.7784,25148.1503,377924.8616,377924.8616,4
3067,600230.SH,沧州大化,20260928,13.56,5.7005,10.5586,1.37,181.9341,51.8769,1.366,1.2301,1.2555,0.1549,0.1696,41396.1015,41396.1015,22349.3591,561331.116,561331.116,4
3068,600231.SH,凌钢股份,20260928,1.61,1.1538,3.8289,0.73,,,1.4116,0.2953,0.2872,,,287206.3381,283638.3381,85472.9508,462402.2074,456657.7274,4
3069,600232.SH,金鹰股份,20260928,6.91,4.494,9.0334,2.84,120.9532,51.1734,2.5993,1.7981,1.6624,1.4472,,36471.8544,36471.8544,18144.5093,252020.4835,252020.4835,1
3070,600233.SH,圆通速递,20260928,18.03,0.5914,1.1824,0.67,14.2873,10.8977,1.6625,0.8204,0.7888,1.9938,2.0508,342511.3538,342511.3538,171325.6732,6175479.6405,6175479.6405,1
3071,600234.SH,科新发展,20260928,19.77,1.1471,2.3992,1.29,,,11.4801,13.515,12.7823,,,26252.0973,26252.0973,12551.6888,519004.017,519004.017,4
3072,600235.SH,民丰特纸,20260928,5.94,1.6677,2.6178,1.46,128.148,261.6079,1.3798,1.7324,1.7227,0.2862,0.2525,35130.0,35130.0,22380.0,208672.2,208672.2,1
3073,600236.SH,桂冠电力,20260928,9.36,0.1839,1.4022,1.91,22.4964,19.1592,4.0781,7.099,6.1715,1.8162,3.8782,788237.7802,788237.7802,103396.5922,7377905.6208,7377905.6208,1
3074,600237.SH,铜峰电子,20260928,8.78,6.1927,8.1786,0.7,46.1696,48.7378,2.7963,3.968,4.1996,,0.9112,63048.9755,62461.5795,47295.1963,553570.0444,548412.6724,4
3075,600238.SH,ST椰岛,20260928,4.02,0.6532,0.803,0.41,,,25.889,4.8538,3.9594,,,44820.0,44527.158,36223.5725,180176.4,178999.1832,4
3076,600239.SH,ST云城,20260928,1.4,0.9888,1.7067,0.92,,,2.0419,1.2813,1.5008,,,160568.6909,160568.6909,93027.1976,224796.166,224796.166,4
3077,600241.SH,时代万恒,20260928,8.04,6.2227,12.1147,6.75,,,2.3142,6.1738,5.2353,,,29430.2115,29430.2115,15116.8642,236618.8884,236618.8884,2
3078,600243.SH,*ST海华,20260928,3.56,1.68,1.8635,0.97,,,2.8692,4.8342,3.9046,,,43885.0,43885.0,39561.6125,156230.6,156230.6,1
3079,600246.SH,万通发展,20260928,12.91,6.0865,7.3752,0.85,,,5.588,54.51,49.9739,,,195604.4226,189041.2476,156008.5517,2525253.1913,2440522.5375,5
3080,600248.SH,陕建股份,20260928,2.79,0.3666,1.1469,0.85,46.0917,,0.3749,0.081,0.0909,3.2482,0.7168,371392.9286,370573.9286,118466.4071,1036186.2747,1033901.2647,4
3081,600249.SH,两面针,20260928,5.33,1.227,1.9926,0.8,297.7306,286.0234,1.349,2.7589,2.8898,0.5629,0.5629,55000.0,55000.0,33869.314,293150.0,293150.0,4
3082,600250.SH,南京商旅,20260928,8.88,2.2074,4.6489,0.73,314.1148,378.455,4.4342,3.7296,3.6988,,,31279.1404,31279.1404,14851.7691,277758.7632,277758.7632,4
3083,600251.SH,冠农股份,20260928,9.93,4.2662,7.6935,2.28,22.1429,13.1736,1.801,3.0679,3.0632,1.8127,0.6042,77699.3583,77699.3583,43085.8715,771554.6448,771554.6448,4
3084,600252.SH,中恒集团,20260928,2.17,1.4647,2.1003,0.86,,,1.3222,3.9516,4.7905,,,318416.307,318416.307,222056.6268,690963.3927,690963.3927,1
3085,600255.SH,鑫科材料,20260928,3.31,3.2928,3.6781,0.73,193.5339,111.18,3.9803,1.2585,1.127,,,180614.6955,180614.6955,161693.6655,597834.657,597834.657,4
3086,600256.SH,广汇能源,20260928,6.8,1.6323,2.537,0.91,32.31,24.5536,1.7394,1.4279,1.5023,9.1471,0.9265,639200.2964,639200.2964,411254.7151,4346562.04,4346562.04,4
3087,600257.SH,大湖股份,20260928,5.47,2.3769,3.3056,0.87,519.6855,107.3635,3.2253,2.8611,2.8352,,,48123.7188,48123.7188,34603.4266,263236.7484,263236.7484,4
3088,600258.SH,首旅酒店,20260928,10.99,0.8717,1.5549,0.65,15.1287,14.3571,1.0216,1.6132,1.6306,3.2757,4.0946,111660.3126,111660.3126,62596.5451,1227146.8069,1227146.8069,4
3089,600259.SH,中稀有色,20260928,74.03,2.5337,4.0784,1.25,195.2583,54.3193,6.4733,4.2794,4.4089,,0.2026,33643.591,33643.591,20900.9293,2490634.9677,2490634.9677,4
3090,600261.SH,阳光照明,20260928,3.28,1.9455,3.6471,0.55,23.2235,30.9669,1.2901,1.6411,1.6548,4.2683,3.9634,133505.2966,133505.2966,71216.9134,437897.384,437897.384,4
3091,600262.SH,北方股份,20260928,14.58,1.3847,2.1477,0.72,16.1039,13.7328,1.857,1.1293,1.11,1.5481,1.8665,23800.0,23800.0,15345.1902,347004.0,347004.0,4
3092,600265.SH,*ST景谷,20260928,22.7,0.5607,1.5708,1.0,,,8.9252,15.1333,23.1446,,,12980.0,12980.0,4633.1947,294646.0,294646.0,4
3093,600266.SH,城建发展,20260928,4.26,1.4291,2.6226,0.52,,,0.4939,0.292,0.3199,1.1737,1.1737,207574.3507,207574.3507,113108.0246,884266.731,884266.731,4
3094,600267.SH,海正药业,20260928,11.54,1.7036,2.7662,0.83,25.1898,15.5109,1.5148,1.2911,1.3934,1.8019,1.786,118027.2096,118027.2096,72688.3093,1362034.0034,1362034.0034,1
3095,600268.SH,国电南自,20260928,9.9,1.0945,2.3682,1.18,20.942,19.5204,2.6894,1.0425,1.08,1.4148,2.0208,101558.6712,101549.545,46930.9971,1005430.932,1005340.545,4
3096,600269.SH,赣粤高速,20260928,3.73,0.5966,1.3165,1.19,6.8079,12.0421,0.4529,1.3864,1.486,4.5576,4.5576,233540.7014,233540.7014,105826.7147,871106.811,871106.811,4
3097,600271.SH,航天信息,20260928,6.55,0.5177,0.9771,1.1,,,0.9434,2.1853,2.3261,0.0611,,185288.4638,185288.4638,98160.8244,1213639.413,1213639.413,4
3098,600272.SH,开开实业,20260928,15.15,14.9609,25.0418,0.67,307.5685,170.3299,5.006,3.5139,3.4189,0.2592,0.099,26265.1945,16000.0,9559.0217,397917.6285,242400.0,4
3099,600273.SH,XD嘉化能,20260928,6.15,0.7542,1.275,0.96,8.1645,12.882,0.8091,0.7923,0.7899,6.6092,5.3045,131130.9122,131130.9122,77565.6707,806455.0965,806455.0965,4
3100,600276.SH,恒瑞医药,20260928,44.47,0.5811,0.9535,0.56,38.277,38.2011,4.5784,9.3317,9.4227,0.4492,0.4493,663719.9874,637900.2274,388806.5783,29515627.9553,28367423.2281,4
3101,600278.SH,东方创业,20260928,6.47,0.4668,1.2556,0.82,27.4939,26.6041,0.6561,0.1685,0.1661,1.62,1.5361,86051.8657,86051.8657,31992.7768,556755.5989,556755.5989,4
3102,600279.SH,重庆港,20260928,4.27,0.4363,1.2627,0.87,103.861,74.7746,0.749,1.132,1.1916,0.9368,0.3981,118686.6283,118686.6283,41013.9003,506791.9101,506791.9101,0
3103,600280.SH,中央商场,20260928,3.0,2.3661,5.5031,0.68,,,13.8587,1.5837,1.7682,,,112833.4788,112833.4788,48514.7372,338500.44,338500.44,4
3104,600281.SH,华阳新材,20260928,4.58,2.9025,5.1353,0.6,,,40.2219,5.2197,4.3451,,,51440.2025,51440.2025,29074.8686,235596.116,235596.116,4
3105,600282.SH,南钢股份,20260928,4.43,0.5834,1.5666,0.9,9.5247,10.0172,0.9811,0.4709,0.4538,4.5959,5.5169,616509.1011,616509.1011,229601.355,2731135.313,2731135.313,1
3106,600283.SH,钱江水利,20260928,7.92,0.4125,1.015,1.07,20.5567,20.3321,1.3539,1.7389,1.6975,3.1566,3.1566,56082.4898,56082.4898,22788.482,444173.3208,444173.3208,4
3107,600284.SH,浦东建设,20260928,5.02,0.8723,1.3846,0.88,13.7906,18.9102,0.6096,0.337,0.3838,3.5857,2.988,97025.6,97025.6,61126.3687,487068.512,487068.512,4
3108,600285.SH,羚锐制药,20260928,18.64,0.9328,1.1979,1.27,13.9184,13.549,3.2711,2.7433,2.709,4.8283,5.9013,56711.5486,56649.0486,44113.3577,1057103.292,1055938.292,4
3109,600287.SH,苏豪时尚,20260928,4.96,0.8067,1.7303,1.14,86.3159,102.2937,0.9865,0.8761,0.8746,,,43679.6074,43679.6074,20365.9619,216650.8656,216650.8656,4
3110,600288.SH,大恒科技,20260928,10.41,2.3683,2.61,0.91,43.6564,24.5277,2.2659,2.6089,2.6085,,0.2307,43680.0,43680.0,39634.0,454708.8,454708.8,4
3111,600289.SH,ST信通,20260928,4.26,0.2562,0.3429,0.45,,,3.1903,8.6514,3.32,,,63105.2069,56592.2684,42280.862,268828.1946,241083.0702,4
3112,600292.SH,电投水电,20260928,11.04,2.1883,2.1883,1.26,98.8262,44.2488,2.9233,4.3282,4.2772,,0.508,476418.5064,43928.3583,43928.3583,5259660.3107,484969.0756,4
3113,600293.SH,三峡新材,20260928,3.93,18.0366,25.1875,1.55,,,2.7632,3.8359,4.7742,,,116014.5046,116014.5046,83077.3945,455936.985,455936.985,1
3114,600295.SH,鄂尔多斯,20260928,12.76,0.3631,1.574,0.93,15.1146,12.801,1.6685,1.3874,1.3509,4.7022,5.4859,279877.6254,197557.6254,45577.9458,3571238.5588,2520835.3588,4
3115,600298.SH,安琪酵母,20260928,38.68,1.2502,2.0303,1.83,21.7346,20.644,2.6963,2.0065,1.8631,1.4225,1.422,86781.5671,86065.2101,52994.4356,3356711.1276,3329002.3228,4
3116,600299.SH,安迪苏,20260928,8.06,1.2299,4.8586,1.4,21.5005,18.8168,1.259,1.4406,1.3472,1.9447,1.8734,307977.9257,307977.9257,77960.0096,2482302.1158,2482302.1158,4
3117,600300.SH,维维股份,20260928,3.04,1.6254,2.3528,1.07,14.695,14.2385,1.371,1.4681,1.4071,4.2105,3.4211,161714.218,161714.218,111721.418,491611.2288,491611.2288,4
3118,600301.SH,华锡有色,20260928,48.19,5.037,6.9313,0.86,38.0675,31.9943,5.9863,5.2531,5.0348,,0.8093,63256.7479,27533.5681,20008.7623,3048342.7825,1326842.7383,1
3119,600302.SH,ST标准,20260928,6.69,1.1386,1.9895,1.02,,,4.9475,6.864,7.4983,,,34600.9804,34600.9804,19801.8356,231480.5562,231480.5562,4
3120,600303.SH,曙光股份,20260928,3.02,4.0103,4.7687,0.66,,,2.3503,1.3247,1.7227,,,68360.4211,67751.2211,56975.241,206448.4684,204608.6844,4
3121,600305.SH,恒顺醋业,20260928,6.69,0.5593,0.9595,0.85,51.4504,48.0418,2.2134,3.2321,3.098,1.4972,1.7937,110466.9668,110295.9908,64285.2506,739024.0293,737880.1731,1
3122,600307.SH,酒钢宏兴,20260928,1.44,0.5461,1.3254,0.69,,,1.6985,0.295,0.2897,,,626335.7424,626335.7424,258083.7496,901923.4656,901923.4656,4
3123,600308.SH,华泰股份,20260928,3.22,0.4926,0.818,0.35,,,0.5392,0.3921,0.3985,0.2437,,151687.0176,151687.0176,91341.8433,488432.2044,488432.2044,4
3124,600309.SH,万华化学,20260928,69.4,0.58,0.9974,0.62,17.3426,13.193,1.9125,1.069,0.9379,1.055,2.9683,313047.1626,313047.1626,182051.9021,21725472.904,21725472.904,4
3125,600310.SH,广西能源,20260928,4.52,3.2086,6.5468,1.1,,,2.3367,1.7843,1.6572,0.6637,0.6637,146571.0722,146571.0722,71835.2412,662501.2364,662501.2364,1
3126,600312.SH,平高电气,20260928,19.65,1.7447,2.9784,2.5,23.8102,20.9637,2.247,2.1302,2.1863,1.7252,1.6845,135692.1309,135692.1309,79485.2086,2666350.3545,2666350.3545,1
3127,600313.SH,农发种业,20260928,6.51,3.664,6.0847,0.7,90.454,103.4309,3.1002,1.1363,0.9934,,0.1381,116137.3969,108219.8663,65166.6375,756054.474,704511.3537,4
3128,600315.SH,上海家化,20260928,17.95,0.7331,1.531,0.76,45.0946,31.5218,1.7074,1.9101,1.82,0.2168,1.3283,67222.598,67222.598,32188.2402,1206645.67,1206645.67,4
3129,600316.SH,洪都航空,20260928,33.05,1.1665,2.25,0.85,596.0948,499.941,4.4053,3.1817,2.7344,0.0514,0.0514,71711.4512,71711.4512,37180.2292,2370063.4225,2370063.4225,1
3130,600318.SH,新力金融,20260928,6.79,3.2326,4.2311,0.59,97.5798,81.7367,3.1381,9.8778,9.3078,0.2946,0.2946,51272.7632,51272.7632,39172.7725,348142.0404,348142.0404,0
3131,600319.SH,亚星化学,20260928,6.17,0.7345,1.2172,0.73,,,7.3514,2.7811,2.8158,,,38770.9384,38770.9384,23394.0038,239216.6998,239216.6998,4
3132,600320.SH,振华重工,20260928,3.99,0.9037,1.6602,0.91,28.7825,23.6663,1.3298,0.5809,0.5772,1.3739,1.8677,527925.187,333289.603,181413.0611,2106421.5081,1329825.504,4
3133,600322.SH,津投城开,20260928,2.66,2.019,2.6529,0.72,,,38.5614,3.0451,5.955,,,110570.0,110570.0,84151.356,294116.2,294116.2,4
3134,600323.SH,瀚蓝环境,20260928,29.17,0.613,1.1315,1.32,12.0542,10.75,1.5663,1.7065,1.4948,3.5996,3.5996,81534.7146,81534.7146,44176.6026,2378367.4907,2378367.4907,1
3135,600325.SH,华发股份,20260928,2.68,3.5397,5.0312,0.58,,,1.251,0.0884,0.1148,4.6093,,275215.2116,275215.2116,193630.6853,737576.7628,737576.7628,1
3136,600326.SH,西藏天路,20260928,6.67,1.5791,2.0524,0.84,,,2.3618,2.5592,2.7126,,,136246.4423,136246.4423,104830.8211,908763.7548,908763.7548,4
3137,600327.SH,大东方,20260928,3.8,1.1331,2.0493,0.67,,,1.1966,1.0348,1.2196,0.7797,,88477.9518,88477.9518,48922.7146,336216.21,336216.21,0
3138,600328.SH,中盐化工,20260928,5.58,0.7988,1.4705,0.8,110.6433,,0.6996,0.7213,0.7996,2.206,0.4524,146630.9533,146630.9533,79652.9346,818200.701,818200.701,4
3139,600329.SH,达仁堂,20260928,35.18,0.2966,0.6973,1.03,12.7131,31.9425,4.5603,5.5095,5.7381,3.6384,13.6157,77009.4356,56708.9356,24123.3828,2709192.0992,1995020.5092,1
3140,600330.SH,天通股份,20260928,27.81,7.022,8.4948,0.96,,,4.5661,10.7172,10.1758,0.078,,123343.4416,123343.4416,101959.0426,3430181.0664,3430181.0664,4
3141,600331.SH,宏达股份,20260928,11.76,1.4641,2.1316,0.89,,,9.936,8.1904,8.3623,,,264160.0,203200.0,139568.5195,3106521.6,2389632.0,4
3142,600332.SH,白云山,20260928,19.45,0.324,0.6762,0.96,10.6002,12.3383,0.8081,0.4072,0.4059,4.1131,3.856,162579.0949,140589.0949,67358.5846,3162163.3005,2734457.8005,1
3143,600333.SH,长春燃气,20260928,6.7,1.2743,3.0892,0.84,,167.1672,2.1506,1.6575,1.5815,,,60903.0684,60903.0684,25121.9808,408050.569,408050.569,4
3144,600335.SH,国机汽车,20260928,5.17,0.9878,3.1953,1.69,18.2477,16.4927,0.6604,0.216,0.2253,2.1396,1.5861,148745.6892,148745.6892,45984.861,769015.2173,769015.2173,1
3145,600336.SH,澳柯玛,20260928,6.26,0.64,1.0431,1.03,,,2.4217,0.7336,0.7979,0.1597,0.1597,79801.4769,79801.4769,48959.7544,499557.2648,499557.2648,4
3146,600337.SH,ST美克,20260928,3.49,2.1169,3.941,0.9,,,55.3524,1.92,2.4918,0.3434,,143699.8137,143699.8137,77187.1513,501512.3369,501512.3369,1
3147,600338.SH,西藏珠峰,20260928,11.61,2.3537,2.5471,1.05,20.7291,18.7433,2.2345,4.368,3.6186,0.4737,0.1723,91421.0168,91421.0168,84478.0672,1061398.0422,1061398.0422,4
3148,600339.SH,中油工程,20260928,3.21,0.5773,2.0766,0.78,50.3088,71.2532,0.6625,0.1798,0.1761,1.4953,0.81,558314.7471,558314.7471,155218.0662,1792190.3475,1792190.3475,4
3149,600340.SH,*ST华幸,20260928,1.29,4.7561,7.9472,1.9,,,,0.5838,0.6826,,,389335.5062,389335.5062,233002.2394,502242.8079,502242.8079,2
3150,600343.SH,航天动力,20260928,20.08,8.1666,14.5275,1.23,,,10.3376,15.5591,16.9023,,,63820.6348,63820.6348,35876.5744,1281518.2504,1281518.2504,4
3151,600345.SH,长江通信,20260928,46.7,4.7405,7.2763,0.99,70.2321,22.9509,3.6719,15.0687,15.0403,0.1178,0.2355,32961.2132,21155.9297,13783.0182,1539288.507,987981.931,5
3152,600346.SH,恒力石化,20260928,16.42,0.4184,1.7038,0.97,16.3376,10.292,1.6066,0.5751,0.5918,3.2278,1.7661,703909.9786,703909.9786,172842.4706,11558201.8716,11558201.8716,1
3153,600348.SH,华阳股份,20260928,8.89,0.4998,1.1238,0.77,18.8315,16.1816,1.1628,1.4955,1.5935,3.4758,2.6659,360750.0,360750.0,160447.8633,3207067.5,3207067.5,0
3154,600350.SH,山东高速,20260928,10.1,0.1754,1.3266,0.85,15.2326,15.8165,1.6662,2.0409,2.0219,4.1584,4.1584,483457.0825,483457.0825,63933.0459,4882916.508,4882916.508,1
3155,600351.SH,亚宝药业,20260928,6.83,3.3802,3.9135,1.25,14.7693,14.6231,1.6754,2.1099,2.1047,4.4432,8.0527,69200.0046,69200.0046,59770.0046,472636.0,472636.0,1
3156,600352.SH,浙江龙盛,20260928,12.25,1.0992,1.4669,0.82,21.7894,20.9187,1.242,2.9935,2.8261,3.6735,3.6735,325333.186,325333.186,243794.564,3985331.5775,3985331.5775,1
3157,600353.SH,旭光电子,20260928,29.31,5.7987,9.9888,0.78,150.3524,143.7502,12.7235,14.8583,13.75,0.205,0.2388,82881.1159,82881.1159,48113.8997,2429245.6272,2429245.6272,5
3158,600354.SH,敦煌种业,20260928,8.96,13.0304,18.239,0.57,100.0857,34.4015,5.5907,4.0742,3.6073,,,52780.208,52780.208,37707.3403,472910.6816,472910.6816,4
3159,600356.SH,恒丰纸业,20260928,11.06,15.8604,23.5541,2.06,18.4332,16.9704,1.1853,1.2913,1.2765,0.9836,1.7179,32953.6504,29873.1378,20115.4355,364467.369,330396.9284,1
3160,600358.SH,国旅联合,20260928,5.62,6.3794,8.4268,3.04,,,137.7804,15.303,13.6811,,,116315.5409,50493.666,38225.7726,653693.3348,283774.4254,4
3161,600359.SH,新农开发,20260928,7.42,16.6023,27.8177,1.57,,,4.2272,5.8517,7.1599,,,38151.282,38151.282,22769.7245,283082.4976,283082.4976,4
3162,600360.SH,华微电子,20260928,10.85,7.4948,9.6482,0.82,60.2772,56.7131,2.9308,4.62,4.4648,0.682,0.5069,96029.5304,96029.5304,74596.8648,1041920.4005,1041920.4005,4
3163,600361.SH,创新新材,20260928,3.4,0.7712,1.5464,1.0,16.1562,15.3474,1.1395,0.1647,0.1558,2.3914,2.5882,373266.2913,373266.2913,186162.08,1269105.386,1269105.386,4
3164,600362.SH,江西铜业,20260928,40.92,1.5211,3.6293,0.75,19.8725,12.2283,1.6169,0.2602,0.2382,2.6746,2.4315,346272.9405,207524.7405,86976.8295,14169488.7048,8491912.3608,4
3165,600363.SH,联创光电,20260928,13.55,7.6657,9.4927,1.24,12.7236,15.9282,1.3212,1.828,2.0239,0.4007,,45088.845,45088.845,36410.6924,610953.9175,610953.9175,4
3166,600365.SH,ST通葡,20260928,2.88,0.3234,0.4019,0.81,,,6.4223,1.9151,2.199,,,45393.0,43923.0,35342.8092,130731.84,126498.24,4
3167,600366.SH,宁波韵升,20260928,10.69,2.024,3.0631,1.11,35.5134,23.6352,1.83,2.1501,1.8211,0.458,0.9253,109904.1051,109904.1051,72621.1715,1174874.9359,1174874.9359,4
3168,600367.SH,红星发展,20260928,35.48,8.0713,11.9809,0.61,130.382,122.7311,4.7601,5.6686,5.7264,0.1409,0.1127,34113.0902,32197.3182,21690.5846,1210332.4332,1142360.9136,4
3169,600368.SH,五洲交通,20260928,4.1,1.5224,3.1922,1.19,11.859,11.9101,0.9033,4.9052,5.1273,3.1951,3.3902,160965.3858,160965.3858,76767.219,659958.099,659958.099,4
3170,600369.SH,西南证券,20260928,3.86,0.4571,0.8692,1.21,24.1442,20.6235,0.9783,7.9969,6.797,2.2021,2.487,664510.9124,664510.9124,349465.4207,2565012.1126,2565012.1126,4
3171,600370.SH,*ST三房,20260928,1.44,0.2848,1.3399,0.87,,,1.1817,0.2914,0.2804,,,402266.312,402266.312,85520.7537,579263.4893,579263.4893,4
3172,600371.SH,万向德农,20260928,14.27,10.8631,22.057,0.39,753.2311,,8.0284,21.1082,23.1881,1.0512,0.7008,29257.8,29257.8,14409.4665,417508.806,417508.806,5
3173,600372.SH,中航机载,20260928,11.24,0.4093,0.9149,0.89,50.9585,52.6195,1.4256,2.2464,2.2661,0.818,0.6025,483889.663,483889.663,216483.9724,5438919.7784,5438919.7784,4
3174,600373.SH,中文传媒,20260928,7.36,0.9867,2.2463,0.79,35.4516,35.7124,0.5576,1.2786,1.3549,5.627,2.7174,134735.8719,134735.8719,59181.7687,991656.0032,991656.0032,4
3175,600375.SH,汉马科技,20260928,3.61,0.937,1.0768,0.82,121.6309,109.0625,1.702,0.8831,0.7678,,,160307.1367,146268.576,127277.7708,578708.7754,528029.5738,4
3176,600376.SH,首开股份,20260928,3.17,1.4157,2.9902,0.45,,,6.541,0.2717,0.3452,,,257956.5242,257956.5242,122126.6904,817722.1684,817722.1684,4
3177,600377.SH,宁沪高速,20260928,12.86,0.3273,2.6447,1.23,14.1026,13.8628,1.5596,3.1931,3.2109,3.8103,3.8103,503774.75,380218.3001,47054.5099,6478543.285,4889607.338,1
3178,600378.SH,昊华科技,20260928,41.92,3.3731,7.8273,0.87,37.4372,31.7934,2.8956,3.2403,2.9044,0.6823,0.9351,128999.962,107256.5363,46220.595,5407678.7424,4496194.1568,4
3179,600379.SH,宝光股份,20260928,14.13,3.8198,6.8443,0.85,90.952,88.399,5.775,3.6999,3.529,0.7167,0.4501,33020.1564,33020.1564,18428.448,466574.8608,466574.8608,4
3180,600380.SH,健康元,20260928,9.79,2.6206,5.1342,3.6,13.4105,14.9469,1.1767,1.1771,1.2885,2.0429,2.2472,182945.3386,182945.3386,93379.9733,1791034.8786,1791034.8786,1
3181,600381.SH,*ST春天,20260928,4.13,0.5923,1.0176,0.47,,,2.5279,7.06,8.7325,,,58706.0741,58706.0741,34168.2758,242456.0691,242456.0691,4
3182,600382.SH,广东明珠,20260928,5.55,1.61,2.5641,0.55,19.5403,20.9911,1.1792,3.7088,3.5896,1.8018,7.4414,64831.7121,64831.7121,40708.1784,359815.9905,359815.9905,4
3183,600383.SH,金地集团,20260928,2.4,2.4598,3.9437,0.43,,,0.2545,0.3027,0.3317,,,451458.3572,451458.3572,281581.6135,1083500.064,1083500.064,4
3184,600386.SH,北巴传媒,20260928,3.52,1.2918,2.8707,1.29,,,1.7324,0.7261,0.8642,0.2841,,80640.0,80640.0,36288.0,283852.8,283852.8,1
3185,600388.SH,紫金龙净,20260928,17.06,0.6781,1.0328,0.86,21.6613,19.6886,2.2079,2.0294,1.9163,1.476,1.9997,141229.3803,127004.6293,83391.3012,2409373.2228,2166698.9878,4
3186,600389.SH,江山股份,20260928,17.74,1.4856,2.0913,0.63,14.3442,14.0585,1.7766,1.3135,1.2288,3.1003,3.1003,43065.0,43065.0,30592.1859,763973.1,763973.1,4
3187,600390.SH,五矿资本,20260928,4.78,0.7688,1.5506,1.31,49.3523,21.8205,0.5043,12.1117,11.4748,0.1255,0.4184,449806.5459,449806.5459,223024.9462,2150075.309,2150075.309,4
3188,600391.SH,航发科技,20260928,41.66,5.0201,7.8461,1.02,225.9177,242.5274,7.6815,3.1813,3.1492,,,33012.9367,33012.9367,21122.2062,1375319.0804,1375319.0804,1
3189,600392.SH,盛和资源,20260928,20.13,2.3637,3.1623,1.24,42.0546,26.1613,2.7021,2.3537,2.0081,0.7452,1.7387,175282.657,175282.657,131016.376,3528439.9458,3528439.9458,4
3190,600395.SH,盘江股份,20260928,5.02,1.1247,2.2284,0.79,32.7044,27.0754,1.0159,1.1039,1.1397,0.7968,1.1952,214662.4894,214662.4894,108347.1132,1077605.6998,1077605.6998,4
3191,600396.SH,华电辽能,20260928,12.52,4.1736,9.0916,0.56,648.2174,388.6736,12.335,4.2368,4.0298,,,147270.6817,147270.6817,67605.3306,1843828.9136,1843828.9136,4
3192,600397.SH,江钨装备,20260928,16.1,6.6726,11.0007,0.99,,,82.5039,6.1893,20.8533,,,98995.9882,98995.9882,60047.3792,1593835.439,1593835.439,4
3193,600398.SH,海澜之家,20260928,5.64,0.4939,1.2295,0.86,12.5059,13.0641,1.5198,1.2526,1.205,3.1915,7.2695,480277.0296,480277.0296,192919.4365,2708762.4492,2708762.4492,4
3194,600399.SH,抚顺特钢,20260928,4.22,1.1346,1.6445,0.83,,,1.582,1.0692,1.0204,0.4244,,197210.0,197210.0,136069.5484,832226.2,832226.2,4
3195,600400.SH,红豆股份,20260928,3.32,1.8384,4.3461,0.42,,,5.9193,3.4126,3.6144,,,229137.1852,229137.1852,96925.2343,760735.4708,760735.4708,4
3196,600403.SH,大有能源,20260928,7.31,5.4929,35.4308,1.13,,,5.6648,4.2498,4.0153,,,239081.2402,239081.2402,37065.1791,1747683.8644,1747683.8644,1
3197,600405.SH,动力源,20260928,5.07,1.4001,1.5386,1.17,,,80.5488,7.2113,6.9229,,,61282.9588,61282.9588,55767.4925,310704.6072,310704.6072,1
3198,600406.SH,国电南瑞,20260928,22.64,0.7204,1.6782,1.97,21.964,21.6489,3.4919,2.7456,2.6069,2.5599,2.732,803175.6156,800817.6162,343761.7724,18183896.0368,18130510.9168,1
3199,600408.SH,安泰集团,20260928,3.02,3.9011,5.7006,0.88,,,2.684,0.6101,0.5878,,,100680.0,100680.0,68899.2884,304053.6,304053.6,4
3200,600409.SH,三友化工,20260928,6.11,0.8076,1.4823,1.08,140.8846,68.5011,0.9009,0.6698,0.6614,1.1948,0.491,206434.9448,206434.9448,112473.3154,1261317.4834,1261317.4834,4
3201,600410.SH,华胜天成,20260928,14.54,6.1831,6.1831,0.47,575.6804,,3.8285,3.422,3.255,0.0454,0.0521,109649.4683,109649.4683,109649.4683,1594303.2938,1594303.2938,4
3202,600415.SH,小商品城,20260928,10.84,0.8712,2.1109,0.76,14.1409,13.2334,2.6894,2.9829,2.6423,3.0443,4.6125,548355.9226,548355.9226,226310.1706,5944178.1728,5944178.1728,0
3203,600416.SH,湘电股份,20260928,8.1,0.9278,1.4421,1.3,53.1835,250.6224,1.2329,2.4456,2.6052,,,147578.2384,147578.2384,94946.1686,1195383.744,1195383.744,4
3204,600418.SH,江淮汽车,20260928,25.22,7.9624,10.9606,1.35,,,4.58,1.2232,1.1544,,,225417.8195,225417.8195,163756.3193,5685037.4204,5685037.4204,2
3205,600419.SH,天润乳业,20260928,8.74,1.1054,1.6539,1.13,66.4758,23.4512,1.114,1.002,0.9825,0.2402,0.2288,31551.5296,31551.5296,21087.8015,275760.3687,275760.3687,1
3206,600420.SH,国药现代,20260928,8.21,0.3305,0.7533,0.58,11.6939,20.1993,0.7987,1.176,1.3069,3.6541,3.0451,134117.2692,134117.2692,58835.2257,1101102.7867,1101102.7867,4
3207,600422.SH,昆药集团,20260928,8.03,0.4471,0.7097,0.87,17.3701,,1.2497,0.9245,1.2489,3.736,2.2416,75697.5757,75697.5757,47687.1675,607851.5674,607851.5674,4
3208,600423.SH,*ST柳化,20260928,2.63,0.4807,0.6684,1.28,,,3.8832,15.2869,14.3763,,,79869.5026,79869.5026,57441.6425,210056.785,210056.785,4
3209,600425.SH,青松建化,20260928,3.57,0.7865,1.2912,0.76,20.7277,19.6957,0.8914,1.4753,1.5536,2.8011,2.8011,160470.3707,160470.3707,97742.244,572879.2209,572879.2209,4
3210,600426.SH,华鲁恒升,20260928,19.4,0.7131,1.0517,0.58,16.0908,13.0132,1.5272,1.7227,1.6482,2.185,1.9836,274994.3015,274994.3015,186456.3229,5334889.42,5334889.42,4
3211,600428.SH,中远海特,20260928,10.8,0.8607,2.0551,0.8,16.6488,12.7384,1.7417,1.2768,1.1024,2.5833,3.0093,274392.0395,274392.0395,114922.3575,2963434.032,2963434.032,4
3212,600429.SH,三元股份,20260928,4.76,1.9007,6.3824,3.27,,,1.4584,1.1243,1.1005,0.2541,0.7773,149755.7426,149755.7426,44597.2929,712837.3224,712837.3224,1
3213,600433.SH,冠豪高新,20260928,3.19,1.1603,1.938,1.03,,,1.256,0.7807,0.7558,1.8809,,175027.9233,175027.9233,104786.3945,558339.0648,558339.0648,4
3214,600435.SH,北方导航,20260928,10.86,1.1045,1.7918,0.83,136.1751,,5.7894,3.9181,4.8039,0.1838,0.2302,151235.7749,151235.7749,93221.8179,1642420.4622,1642420.4622,4
3215,600436.SH,片仔癀,20260928,116.66,0.227,0.468,0.72,32.6053,38.9007,4.817,7.8191,8.5878,2.7602,2.5459,60331.721,60331.721,29262.3256,7038298.4552,7038298.4552,4
3216,600438.SH,通威股份,20260928,11.06,0.6473,1.182,1.01,,,1.5428,0.5919,0.6386,,,450199.094,450199.094,246545.6453,4979201.9354,4979201.9354,4
3217,600439.SH,ST瑞贝卡,20260928,1.83,0.8065,1.2166,1.44,,,0.8306,1.6017,1.5464,,,113198.544,113198.544,75044.7223,207153.3282,207153.3282,4
3218,600444.SH,国机通用,20260928,14.53,1.6689,3.0163,1.27,36.4728,36.0305,2.7862,2.367,2.2036,0.7571,1.1012,14642.1932,14642.1932,8101.736,212751.0207,212751.0207,1
3219,600446.SH,金证股份,20260928,10.21,1.2101,1.6027,0.72,,,2.679,3.9731,4.1049,,,94126.7479,94126.7479,71066.2738,961034.1175,961034.1175,4
3220,600448.SH,华纺股份,20260928,3.07,20.2383,24.8734,0.72,,,2.158,0.6576,0.6461,,,62981.9662,62981.9662,51245.5192,193354.6479,193354.6479,4
3221,600449.SH,宁夏建材,20260928,12.42,1.3426,2.6344,0.54,32.6119,44.2321,0.8067,1.148,1.4129,1.6908,1.2882,47818.1042,47818.1042,24370.5938,593900.802,593900.802,4
3222,600452.SH,涪陵电力,20260928,8.69,1.4089,2.4146,0.73,33.9523,30.826,2.3346,4.4565,4.6355,1.0357,1.1853,153654.1654,153654.1654,89659.9591,1335254.7373,1335254.7373,4
3223,600455.SH,博通股份,20260928,24.35,2.4838,3.1283,1.13,34.2463,31.4034,4.2384,5.0726,4.9652,,,6245.8,6245.8,4958.9938,152085.23,152085.23,4
3224,600456.SH,宝钛股份,20260928,24.37,0.7956,1.5723,1.22,29.0431,34.1353,1.6197,1.9013,1.8905,1.6003,1.231,47777.7539,47777.7539,24175.8588,1164343.7675,1164343.7675,4
3225,600458.SH,时代新材,20260928,10.82,1.7184,3.1354,1.17,20.0576,18.5187,1.2692,0.4798,0.4542,2.3614,2.1302,95211.276,86916.9015,47634.7598,1030185.9414,940440.858,4
3226,600459.SH,贵研铂业,20260928,17.9,1.5542,2.5344,1.16,23.0038,22.1467,1.6315,0.2647,0.3021,1.2391,1.3922,82317.7251,75970.6258,46587.9939,1473487.367,1359874.277,4
3227,600460.SH,士兰微,20260928,31.4,3.2203,4.821,0.63,131.1046,80.4273,4.2309,4.0035,3.7382,0.1274,0.2548,166407.1845,166407.1845,111156.1796,5225185.452,5225185.452,4
3228,600461.SH,洪城环境,20260928,8.7,0.8694,1.553,1.27,9.6081,9.8327,1.1568,1.5314,1.5924,5.1973,5.2309,131775.7625,131775.7625,73772.0246,1146449.1338,1146449.1338,4
3229,600463.SH,空港股份,20260928,8.18,1.0839,2.6094,0.89,,,2.8945,4.4592,3.6996,,,30000.0,30000.0,12461.9181,245400.0,245400.0,1
3230,600467.SH,好当家,20260928,2.41,2.0234,3.2096,0.74,117.8681,99.9533,1.0235,3.3492,3.0787,0.3701,0.2548,146099.4304,146099.4304,92104.3314,352099.6263,352099.6263,1
3231,600468.SH,百利电气,20260928,5.83,1.6168,3.668,0.69,71.2075,85.8738,3.1196,2.8609,2.6243,,0.4288,108773.5321,108773.5321,47945.0709,634149.6799,634149.6799,4
3232,600469.SH,风神股份,20260928,4.89,0.4995,1.0166,0.8,18.4725,18.2097,0.9368,0.5871,0.5655,0.6704,2.045,89003.4812,84623.9192,41575.6536,435227.0172,413810.9688,4
3233,600470.SH,六国化工,20260928,5.43,3.3188,4.4544,1.06,,,1.9571,0.4396,0.4537,,,52160.0,52160.0,38862.8256,283228.8,283228.8,4
3234,600475.SH,华光环能,20260928,14.35,0.6008,1.902,0.87,35.2136,35.5371,1.5889,1.4932,1.6423,3.1195,2.4263,95095.2405,94288.5729,29785.6509,1364616.694,1353040.9795,4
3235,600476.SH,*ST湘邮,20260928,9.83,0.4813,0.7935,0.48,,,,3.0006,3.3177,,,16107.0,16107.0,9771.228,158331.81,158331.81,4
3236,600477.SH,杭萧钢构,20260928,2.37,0.9599,1.5733,0.84,48.0784,79.5041,1.1178,0.7868,1.0512,2.5738,1.7722,235896.8436,235896.8436,143934.9772,559075.5108,559075.5108,4
3237,600478.SH,科力远,20260928,4.33,1.1043,1.5399,0.78,52.2502,50.3544,2.4934,1.2766,1.1454,,,169391.8916,169391.8916,121471.8779,733466.8837,733466.8837,4
3238,600479.SH,千金药业,20260928,12.17,9.3636,13.1006,0.5,20.9233,17.6486,1.9821,1.6507,1.6063,2.5152,3.1224,49221.0016,41850.7117,29912.5981,599019.57,509323.1407,4
3239,600480.SH,凌云股份,20260928,7.65,0.7877,1.5015,0.84,11.1966,13.2372,1.1594,0.4714,0.4617,4.3243,3.9216,122222.7331,121318.5142,63641.9122,935003.8845,928086.6015,4
3240,600481.SH,双良节能,20260928,3.88,1.508,2.5864,0.88,,,2.0143,1.0587,1.282,,,206420.1289,206420.1289,120354.5437,800910.1044,800910.1044,4
3241,600482.SH,中国动力,20260928,33.74,0.5348,1.1428,0.91,58.8296,45.184,1.8584,1.3241,1.2548,0.7878,0.8414,226824.6368,226824.6368,106152.0727,7653063.3536,7653063.3536,4
3242,600483.SH,福能股份,20260928,11.0,0.6083,1.7609,1.66,10.3415,10.3712,1.1092,2.224,2.1939,3.4818,3.2091,278014.6609,278014.6609,96041.1865,3058161.26,3058161.26,1
3243,600486.SH,扬农化工,20260928,51.36,0.5204,0.89,0.8,16.1399,16.3436,1.7354,1.7485,1.6953,1.797,1.859,40411.1938,40411.1938,23628.6065,2075518.7184,2075518.7184,0
3244,600487.SH,亨通光电,20260928,60.64,4.6992,6.5342,0.65,55.8011,35.7232,4.4371,2.2371,1.9466,0.3759,0.4493,246639.2257,245364.6257,176458.6326,14956202.9072,14878911.1632,5
3245,600488.SH,津药药业,20260928,6.27,9.4186,21.6353,1.06,97.0196,106.2508,2.2641,2.3542,2.6004,1.563,0.8293,109188.668,109188.668,47533.7429,684612.9609,684612.9609,2
3246,600489.SH,中金黄金,20260928,20.95,1.438,2.655,1.15,20.5837,15.3969,3.1251,1.2842,1.1674,1.852,2.1862,484731.2564,484731.2564,262549.579,10155119.897,10155119.897,4
3247,600490.SH,鹏欣资源,20260928,6.51,1.7045,2.2232,1.22,63.8899,46.6705,2.2644,4.2238,3.4376,,0.4762,221288.7079,199262.1386,152774.9664,1440589.5021,1297196.5314,4
3248,600491.SH,ST龙元,20260928,1.52,3.3365,4.9144,1.02,,,0.3703,0.5247,0.6255,,,152975.7955,152975.7955,103857.2015,232523.216,232523.216,4
3249,600493.SH,凤竹纺织,20260928,6.44,3.5735,5.3351,1.32,111.499,193.4112,1.5666,1.9022,1.8245,0.9115,0.2795,27200.0,27200.0,18218.6406,175168.0,175168.0,4
3250,600495.SH,晋西车轴,20260928,4.05,0.8222,1.2078,1.24,170.1946,141.3208,1.492,3.7701,3.6158,0.3457,0.4444,120819.0886,120819.0886,82243.6048,489317.3145,489317.3145,4
3251,600496.SH,精工钢构,20260928,3.34,1.2485,1.776,0.95,10.9875,10.6676,0.733,0.319,0.3228,2.3952,6.5868,199012.5599,199012.5599,139905.6873,664701.9504,664701.9504,4
3252,600497.SH,驰宏锌锗,20260928,8.83,1.8346,3.0863,1.17,42.988,26.2829,2.5045,1.8499,1.6293,1.8162,1.1325,504038.0483,504038.0483,299625.7602,4450655.9815,4450655.9815,4
3253,600498.SH,烽火通信,20260928,36.97,5.6701,9.2733,0.94,115.2076,146.789,2.8528,2.015,1.9181,0.4223,0.2624,135816.7482,127162.1456,77752.3715,5021145.2475,4701184.6855,5
3254,600499.SH,科达制造,20260928,11.12,1.9444,3.3878,0.7,16.294,11.539,1.609,1.2264,1.0885,1.7423,2.6978,191785.6391,191785.6391,110077.5451,2132656.3168,2132656.3168,4
3255,600500.SH,中化国际,20260928,5.02,3.569,7.8101,1.32,,,1.77,0.3805,0.3872,,,358830.6303,358830.6303,163975.4825,1801329.7626,1801329.7626,4
3256,600501.SH,航天晨光,20260928,14.55,1.3618,2.5283,1.23,,,4.0985,2.8946,2.5779,,,42782.42,42782.42,23043.0428,622484.211,622484.211,4
3257,600502.SH,安徽建工,20260928,4.13,1.3305,2.0202,0.63,4.6463,4.6115,0.5913,0.0852,0.0847,6.5375,6.5375,171653.3938,171653.3938,113056.5144,708928.5007,708928.5007,4
3258,600503.SH,华丽家族,20260928,2.45,15.4756,16.6613,1.36,,,1.1411,10.3315,10.1539,,,160229.0,160229.0,148827.0,392561.05,392561.05,4
3259,600505.SH,西昌电力,20260928,10.37,2.1854,4.9495,0.97,317.3521,248.0457,3.0759,2.5012,2.5671,0.1929,0.2411,36456.75,36456.75,16096.8977,378056.4975,378056.4975,1
3260,600506.SH,统一股份,20260928,16.37,11.2779,19.1341,1.33,312.4751,83.5787,8.0726,1.6948,1.411,,0.1645,24962.4614,24962.4614,14713.2515,408635.4702,408635.4702,4
3261,600507.SH,方大特钢,20260928,3.96,1.0684,1.9483,1.78,9.7215,12.2866,0.9245,0.5024,0.5213,0.8153,4.9412,231318.789,231318.789,126850.3977,916022.4084,916022.4084,4
3262,600508.SH,上海能源,20260928,10.55,1.0912,2.9317,0.67,48.4259,35.7586,0.8315,1.3905,1.2372,1.9634,2.2275,101180.52,101180.52,37661.4934,1067454.486,1067454.486,4
3263,600509.SH,天富能源,20260928,7.05,0.7603,1.1955,0.79,42.1127,42.5683,1.2194,1.1556,1.1443,0.7801,1.1915,137439.7407,137439.7407,87406.1666,968950.167,968950.167,4
3264,600510.SH,黑牡丹,20260928,6.4,0.6567,1.6414,1.18,98.8766,,0.6372,1.4588,1.5492,0.6406,0.3594,103202.5457,103202.5457,41290.4959,660496.32,660496.32,4
3265,600511.SH,国药股份,20260928,25.85,0.5237,0.959,0.96,9.7686,10.1171,1.0369,0.3717,0.3641,3.0948,3.0948,75450.2998,55334.6424,30215.7901,1950390.255,1430400.444,1
3266,600512.SH,腾达建设,20260928,2.05,1.1817,1.444,0.8,105.878,411.4787,0.5271,0.6716,0.6811,0.9795,0.4878,158740.5163,158740.5163,129907.8469,325418.066,325418.066,0
3267,600513.SH,联环药业,20260928,14.85,2.3898,3.976,0.88,,,3.3579,1.5631,1.4143,0.5993,0.4714,28545.627,28545.627,17157.1454,423902.6055,423902.6055,1
3268,600515.SH,海南机场,20260928,2.66,0.6908,1.1191,0.81,139.0497,144.9356,1.2589,6.8757,5.9339,0.188,0.188,1142530.9602,917601.2508,566396.3979,3039132.3536,2440819.325,4
3269,600516.SH,方大炭素,20260928,5.29,0.8979,1.4558,0.53,228.9002,101.6804,1.2852,6.0392,5.5946,0.3547,0.1312,402597.0368,402597.0368,248307.6847,2129738.3416,2129738.3416,4
3270,600517.SH,国网英大,20260928,4.79,0.2668,1.0367,0.87,10.8244,10.603,1.1453,3.3335,3.1954,1.9415,2.8601,571843.5744,571843.5744,147150.0944,2739130.7003,2739130.7003,4
3271,600518.SH,康美药业,20260928,1.32,0.7047,0.9445,0.81,1767.4426,619.5955,2.4918,3.4755,3.6763,,,1382889.669,1382235.2188,1031293.84,1825414.3644,1824550.4904,4
3272,600519.SH,贵州茅台,20260928,1243.88,0.2257,0.4961,1.03,18.8891,19.0946,6.1888,9.2097,9.1386,4.1591,4.1823,125008.1601,125008.1601,56879.8666,155495150.0608,155495150.0608,1
3273,600520.SH,三佳科技,20260928,25.38,5.505,7.0701,1.07,526.2086,350.7375,10.091,10.6229,8.8239,,,15843.0,15843.0,12335.6667,402095.34,402095.34,4
3274,600521.SH,华海药业,20260928,15.91,0.9572,1.5854,0.6,89.4194,37.9427,2.4974,2.7741,2.6516,1.564,0.6256,149725.2196,149725.2196,90395.5371,2382128.2502,2382128.2502,1
3275,600522.SH,中天科技,20260928,31.32,6.8947,8.9173,1.06,36.8307,28.719,2.7804,2.0361,1.7864,0.9525,0.8292,341294.9652,341294.9652,263883.1769,10689358.4604,10689358.4604,5
3276,600523.SH,贵航股份,20260928,11.78,0.5477,1.0202,0.71,24.7263,22.8559,1.4625,1.8876,1.8359,1.1205,1.2224,40431.132,40404.462,21689.7277,476278.7114,475964.5388,4
3277,600525.SH,长园集团,20260928,4.79,0.7804,1.119,0.68,,,2.2299,0.8001,0.7665,,,131878.0152,131878.0152,91981.1744,631695.7158,631695.7158,4
3278,600526.SH,菲达环保,20260928,4.53,0.8259,1.481,1.24,13.4804,12.6581,0.8609,0.822,0.8295,2.2106,2.3182,88847.384,88048.064,49102.0875,402478.6314,398857.7118,4
3279,600527.SH,江南高纤,20260928,2.15,1.7792,2.5374,0.9,176.5336,153.6112,1.831,7.165,6.7092,2.3052,1.3757,173176.0902,173176.0902,121428.8896,372328.5935,372328.5935,4
3280,600528.SH,中铁工业,20260928,6.72,0.2835,0.6566,1.12,10.9226,11.5443,0.5845,0.5391,0.5686,1.5417,1.3438,222155.1588,222155.1588,95913.9423,1492882.6752,1492882.6752,4
3281,600529.SH,山东药玻,20260928,18.22,0.4743,0.5891,0.76,17.5328,17.5397,1.4149,2.7025,2.6844,3.2931,2.6345,66361.4113,66361.4113,53423.3133,1209104.8902,1209104.8902,1
3282,600530.SH,ST交昂,20260928,3.84,0.5372,1.2293,0.72,852.0297,,9.5926,9.4732,9.8101,0.3073,,77492.0,77492.0,33863.9831,297569.28,297569.28,4
3283,600531.SH,豫光金铅,20260928,11.03,2.275,3.3305,1.06,15.5078,14.4908,1.8855,0.2692,0.2173,1.8391,1.9492,120926.2698,120926.2698,82599.9829,1333816.7581,1333816.7581,4
3284,600533.SH,栖霞建设,20260928,2.23,1.5219,2.6741,0.89,,,3.287,0.4749,1.2537,,,105000.0,105000.0,59755.632,234150.0,234150.0,1
3285,600535.SH,天士力,20260928,13.8,0.7318,1.4698,1.03,18.6581,16.858,1.5766,2.5031,2.5298,2.971,2.2464,149395.0005,149395.0005,74378.1968,2061651.0,2061651.0,1
3286,600536.SH,中国软件,20260928,30.96,1.6352,2.5729,1.25,,1395.8876,8.0566,5.6662,6.2136,,,93378.6584,84365.5895,53619.7835,2891003.3136,2611958.6664,1
3287,600537.SH,*ST亿晶,20260928,2.1,2.6053,2.6053,0.86,,,,1.2897,2.2894,,,118371.5018,118371.5018,118371.5018,248580.15,248580.15,4
3288,600538.SH,国发股份,20260928,4.7,1.4516,1.4516,1.09,,,3.6421,7.5059,7.3754,,,52419.8348,52419.8348,52419.8348,246373.201,246373.201,4
3289,600539.SH,狮头股份,20260928,14.15,6.947,11.5718,1.06,,,10.826,7.3913,7.1349,,,23000.0,23000.0,13807.7796,325450.0,325450.0,4
3290,600540.SH,新赛股份,20260928,5.64,28.2722,46.4704,1.75,,,7.0048,1.0887,0.7937,,,58137.696,58137.696,35370.515,327896.628,327896.628,1
3291,600543.SH,*ST莫高,20260928,4.06,0.4,0.632,1.0,,,1.9349,6.4059,5.0365,,,32112.0,32112.0,20323.8083,130374.72,130374.72,4
3292,600545.SH,卓郎智能,20260928,3.98,5.9466,10.8184,0.98,,,2.8345,2.0011,1.8662,,,178791.2222,178791.2222,98277.6549,711589.0556,711589.0556,4
3293,600546.SH,山煤国际,20260928,13.22,0.6677,1.5863,0.79,22.4685,17.2312,1.5119,1.2802,1.1746,5.2194,2.6853,198245.614,198245.614,83444.9858,2620806.9642,2620806.9642,4
3294,600547.SH,山东黄金,20260928,26.16,3.8826,8.5751,1.92,25.4454,22.0292,3.6399,1.1564,1.1927,1.2334,1.738,460992.9525,361444.3347,163653.5106,12059575.572,9455383.6728,5
3295,600548.SH,深高速,20260928,7.96,0.1515,1.1438,1.09,17.5763,18.2272,0.8776,2.1805,2.2449,3.0653,3.0653,253785.6127,179035.6127,23714.4347,2020133.4556,1425123.4556,4
3296,600549.SH,XD厦门钨,20260928,43.5,2.149,3.4128,1.04,29.9042,19.504,3.6946,1.4927,1.1137,1.3885,1.8851,158758.5826,155393.198,97847.5624,6905998.23,6759604.2,4
3297,600550.SH,保变电气,20260928,10.1,0.6969,1.543,0.78,94.4054,72.8517,18.9647,3.2584,2.8355,,,184152.848,184152.848,83165.8849,1859943.785,1859943.785,4
3298,600551.SH,时代出版,20260928,7.6,3.1024,8.184,0.8,12.5762,12.7963,0.8602,0.7733,0.8788,5.2632,3.9474,67805.5239,67805.5239,25703.9459,515321.952,515321.952,4
3299,600552.SH,凯盛科技,20260928,17.93,11.1466,15.7614,1.41,131.6313,120.6641,3.9125,2.8805,2.7201,0.2789,0.2789,94460.6894,94460.6894,66803.3558,1693680.1717,1693680.1717,4
3300,600556.SH,天下秀,20260928,4.46,1.4984,2.452,0.65,261.2087,,2.1586,2.0652,1.8698,0.1928,0.1166,180774.7642,180774.7642,110470.798,806255.4296,806255.4296,4
3301,600557.SH,康缘药业,20260928,12.22,0.6126,1.0617,0.75,22.7633,22.4102,1.3933,2.101,2.0884,,,56615.8806,56615.8806,32666.7644,691846.0536,691846.0536,1
3302,600558.SH,大西洋,20260928,4.75,1.9658,2.9504,1.06,23.4015,21.3462,1.7572,1.1479,1.1117,3.1579,3.5789,89760.4831,89760.4831,59805.0432,426362.28,426362.28,4
3303,600559.SH,老白干酒,20260928,10.81,0.8636,1.1537,0.75,23.008,26.687,1.8159,2.3992,2.6414,5.0879,1.8501,91474.7444,91474.7444,68475.3412,988841.9394,988841.9394,4
3304,600560.SH,金自天正,20260928,11.57,1.5733,2.8672,1.53,50.1437,54.2331,2.5912,3.2665,2.9774,0.6137,0.6154,22364.55,22364.55,12271.9776,258757.8435,258757.8435,1
3305,600561.SH,江西长运,20260928,5.88,1.4572,2.4188,1.08,104.3415,103.4963,1.7695,1.1524,1.2498,,,28447.68,28447.68,17138.7147,167272.3584,167272.3584,0
3306,600562.SH,国睿科技,20260928,26.71,0.4863,1.4214,0.72,52.7757,58.0006,4.9138,9.8778,9.8611,0.951,0.9322,124185.784,124185.784,42490.8042,3317002.1838,3317002.1838,4
3307,600563.SH,法拉电子,20260928,116.04,1.4071,2.4508,0.81,21.9002,21.6691,4.2842,4.9013,4.6695,1.7235,1.9821,22500.0,22500.0,12917.9776,2610900.0,2610900.0,4
3308,600566.SH,济川药业,20260928,24.66,0.538,1.3883,1.39,12.7854,12.3689,1.6483,3.6552,3.9202,8.4531,7.0389,92175.6019,92014.9219,35655.3401,2273050.296,2269087.9272,1
3309,600567.SH,山鹰国际,20260928,1.3,0.658,0.8836,0.79,,,0.5537,0.2803,0.2763,,,620545.8106,620545.8106,462097.2441,806709.553,806709.553,4
3310,600568.SH,ST中珠,20260928,2.36,0.3812,0.6096,0.8,,,2.9513,8.1463,8.8095,,,199286.9681,166906.7279,104382.9273,470317.2492,393899.8828,4
3311,600569.SH,安阳钢铁,20260928,1.75,0.6629,2.0622,0.62,,,5.2077,0.1676,0.171,,,287242.1386,287242.1386,92331.4083,502673.745,502673.745,1
3312,600570.SH,恒生电子,20260928,19.42,0.7521,0.9495,1.02,29.8694,29.8658,3.7864,6.3592,6.6859,0.5137,1.029,189364.7942,189364.7942,149990.4855,3677464.2218,3677464.2218,4
3313,600571.SH,信雅达,20260928,10.09,1.2849,1.6046,1.09,70.4446,112.4151,4.0565,2.2884,2.2694,0.4658,0.4262,46631.8309,45775.1703,36656.1545,470515.1647,461871.4653,4
3314,600572.SH,康恩贝,20260928,4.25,1.2897,1.8833,0.74,22.7437,21.6413,1.5269,1.6666,1.5828,3.5053,3.5293,253853.2031,253179.0178,173374.8567,1078876.1425,1076010.835,1
3315,600573.SH,惠泉啤酒,20260928,10.19,5.4662,10.9494,2.42,31.8475,28.5607,1.8442,3.9786,3.87,0.7851,0.9814,25000.0,25000.0,12480.5422,254750.0,254750.0,1
3316,600575.SH,淮河能源,20260928,3.12,0.618,1.6827,0.79,13.1721,16.0629,1.0566,0.5759,0.5534,,6.0897,716679.217,388626.1065,142729.1911,2236039.1664,1212513.4632,4
3317,600576.SH,祥源文旅,20260928,5.29,0.8301,1.2359,0.77,49.1393,77.5265,2.1533,4.7577,4.6001,,,105454.844,66039.0083,44355.8125,557856.1565,349346.3629,4
3318,600577.SH,XD精达股,20260928,8.25,2.3712,2.7716,0.51,30.7313,29.8136,2.9149,0.7462,0.6548,0.9338,1.0646,223181.4338,223181.4338,190938.5178,1841246.7975,1841246.7975,4
3319,600578.SH,京能电力,20260928,5.19,0.4752,2.3202,0.75,9.8441,9.8322,1.3933,0.9808,0.9978,2.3121,3.2755,669462.1015,669462.1015,137100.4264,3474508.299,3474508.299,4
3320,600579.SH,中化装备,20260928,6.88,1.0759,2.9283,0.87,,,2.2573,2.1444,2.4912,,,49360.0759,49360.0759,18136.0669,339597.3504,339597.3504,4
3321,600580.SH,卧龙电驱,20260928,26.26,1.1651,1.9085,0.92,36.4259,43.614,3.7621,2.6545,2.755,0.4744,0.6852,156211.7511,155763.2511,95085.4973,4102120.555,4090342.945,4
3322,600581.SH,*ST八钢,20260928,2.41,0.5912,1.183,1.16,,,,0.197,0.1911,,,153289.787,153289.787,76610.8606,369428.3939,369428.3939,4
3323,600582.SH,天地科技,20260928,4.79,0.3983,1.0442,0.96,8.1016,17.9946,0.7894,0.6779,0.716,6.618,6.263,413858.8892,413858.8892,157878.4907,1982384.0831,1982384.0831,4
3324,600583.SH,海油工程,20260928,6.5,1.4917,3.3437,1.33,13.7873,13.8337,0.9959,1.058,1.018,3.0923,3.0154,442135.48,442135.48,197245.4091,2873880.62,2873880.62,4
3325,600584.SH,长电科技,20260928,65.43,3.3898,4.3755,0.61,74.801,60.3793,4.045,3.012,2.9422,0.2293,0.2293,178941.457,178941.457,138629.1648,11708139.7278,11708139.7278,4
3326,600585.SH,海螺水泥,20260928,16.77,0.3951,0.7875,0.8,10.9079,14.2152,0.4628,1.0723,1.1342,5.6649,5.0666,527706.0044,397746.0044,199567.001,8849629.62,6670200.42,4
3327,600586.SH,金晶科技,20260928,3.91,0.8497,1.2549,0.87,,,1.1424,1.2259,1.4075,0.3782,,141733.77,141733.77,95970.2422,554179.0407,554179.0407,4
3328,600587.SH,新华医疗,20260928,12.8,1.9012,2.7158,0.46,14.753,18.2323,0.9781,0.7976,0.7683,3.9065,2.7345,60664.4549,60664.4549,42468.5022,776504.96,776504.96,4
3329,600588.SH,用友网络,20260928,9.11,0.9663,1.6544,0.7,,,4.6319,3.3903,3.3372,,,341699.7409,341699.7409,199591.7898,3112884.6314,3112884.6314,4
3330,600589.SH,大位科技,20260928,7.35,2.4878,2.9462,0.57,,,18.6275,24.9694,22.2364,,,148156.989,147846.989,124846.989,1088953.8765,1086675.3765,4
3331,600590.SH,泰豪科技,20260928,8.09,2.4095,3.5456,0.84,113.975,159.1501,2.1846,1.526,1.4911,,0.2843,85286.975,84356.9523,57327.0672,689971.5873,682447.7255,4
3332,600592.SH,龙溪股份,20260928,14.68,2.5913,4.1695,1.71,34.7967,37.3763,2.2509,4.3567,4.864,0.9877,0.579,39955.3571,39955.3571,24831.9771,586544.6848,586544.6848,4
3333,600593.SH,大连圣亚,20260928,49.56,9.3433,20.1334,0.72,237.18,108.8906,30.6642,12.758,12.6516,,,13044.5,12880.0,5977.2255,646485.42,638332.8,1
3334,600594.SH,益佰制药,20260928,3.6,1.8344,2.4025,0.55,,,1.3399,1.5158,1.8111,,,78439.39,78439.39,59893.6264,282381.804,282381.804,4
3335,600595.SH,中孚实业,20260928,5.74,1.1016,1.6971,0.79,14.2246,8.2438,1.2574,0.9973,0.8599,,3.0488,400790.5114,400790.5114,260150.8226,2300537.5274,2300537.5274,4
3336,600596.SH,新安股份,20260928,10.44,3.5437,5.0708,0.91,95.9434,42.4405,1.1207,0.9634,0.9313,0.9579,0.9579,134959.7049,134959.7049,94316.7142,1408979.268,1408979.268,4
3337,600597.SH,光明乳业,20260928,6.77,0.6335,1.31,1.02,,,0.962,0.3905,0.4006,2.3634,,137847.3763,137845.5363,66659.4767,933226.7626,933214.3058,1
3338,600598.SH,北大荒,20260928,12.36,1.669,4.6546,1.03,18.8411,,3.3867,4.2018,5.0589,4.4498,4.4498,177767.9909,177767.9909,63741.7788,2197212.3564,2197212.3564,4
3339,600600.SH,青岛啤酒,20260928,49.7,0.3238,0.7553,0.69,14.7775,14.7278,2.1626,2.0879,2.1431,4.4266,4.7284,136419.5121,70912.5943,30399.3888,6780049.647,3524355.723,4
3340,600601.SH,方正科技,20260928,12.87,5.9079,8.3199,1.28,120.9431,65.4016,10.8811,11.5623,8.7871,,,443737.925,417029.3287,296132.5264,5710907.1591,5367167.4771,4
3341,600602.SH,云赛智联,20260928,16.23,1.2277,2.1909,0.9,114.5806,110.6673,4.4592,3.4967,3.6401,0.2773,0.2649,136767.3455,107430.299,60201.6978,2219734.0905,1743593.769,4
3342,600603.SH,广汇物流,20260928,4.67,0.6394,1.5664,0.81,14.64,44.6175,0.7367,1.9896,2.286,,,115379.9951,115379.9951,47095.6802,538824.6,538824.6,1
3343,600604.SH,市北高新,20260928,4.77,1.0883,2.7208,0.52,,,1.4848,8.126,4.9431,0.2096,,187330.4804,140745.4804,56298.9292,893566.3896,671355.9396,4
3344,600605.SH,汇通能源,20260928,29.77,4.6622,7.4401,0.91,254.6305,209.7226,4.2735,59.5609,47.7289,0.4703,0.1344,20628.2429,20628.2429,12926.0954,614102.7048,614102.7048,4
3345,600606.SH,绿地控股,20260928,1.41,1.6119,5.8104,0.45,,,0.5153,0.11,0.1301,,,1405421.8314,1405421.8314,389885.2311,1981644.7803,1981644.7803,4
3346,600609.SH,金杯汽车,20260928,3.58,3.9939,5.5933,0.64,19.8768,20.7586,2.7386,1.0252,0.9787,,0.6425,130455.8558,130455.8558,93150.9024,467031.9788,467031.9788,1
3347,600610.SH,中毅达,20260928,7.35,2.3624,3.7313,0.53,155.2725,171.5266,50.6114,7.5381,7.1306,,,107127.4605,70872.6705,44872.6705,787386.831,520914.1245,4
3348,600611.SH,大众交通,20260928,4.27,2.2992,3.2973,0.65,139.4296,,1.0659,4.8371,5.0699,1.171,0.4684,236412.2864,156331.6364,109013.029,1009480.4783,667536.1028,4
3349,600612.SH,老凤祥,20260928,31.22,0.3021,0.9884,0.88,9.306,13.0602,1.2334,0.3092,0.4139,6.5663,4.2281,52311.7764,31710.963,9693.7837,1633173.7716,990016.1712,4
3350,600613.SH,神奇制药,20260928,8.29,14.8385,27.1346,0.66,115.7684,161.5769,1.9285,2.2677,2.4067,1.8094,0.8444,53407.1628,47931.9978,26211.5362,442745.3564,397356.28,1
3351,600615.SH,鑫源智造,20260928,9.37,0.9087,1.2989,1.35,,,2.9475,3.4269,3.4709,,,22562.461,22526.605,15760.123,211410.3439,211074.3357,4
3352,600616.SH,金枫酒业,20260928,5.19,10.8413,17.0771,0.99,1701.7338,1016.9285,1.8333,6.5797,6.9332,0.9634,0.9634,66900.495,66900.495,42471.3015,347213.595,347213.595,1
3353,600617.SH,国新能源,20260928,3.26,1.5233,3.7503,1.02,,,1.9751,0.4094,0.4342,,,192919.1776,177554.2689,72118.0395,628916.5268,578826.9202,1
3354,600618.SH,氯碱化工,20260928,9.58,0.4543,1.6144,0.83,12.8424,13.9767,1.1775,1.4165,1.3777,2.1921,2.5052,115639.9976,74983.9976,21103.4329,1107831.2,718346.72,4
3355,600619.SH,海立股份,20260928,13.18,2.7725,4.1543,1.08,196.9717,69.987,2.2804,0.6901,0.6901,0.0986,0.2124,107334.4406,78917.4798,52667.9032,1414667.9192,1040132.3864,0
3356,600620.SH,天宸股份,20260928,4.3,0.8546,2.1717,1.05,155.587,267.3342,2.1008,9.8764,13.7184,0.3488,0.2326,68667.7113,68667.7113,27020.6059,295271.153,295271.153,4
3357,600621.SH,华鑫股份,20260928,13.58,1.7575,3.9278,0.5,22.6635,17.703,1.5763,5.5535,5.0501,0.8616,1.3255,106089.9292,106089.9292,47468.3404,1440701.2494,1440701.2494,4
3358,600622.SH,光大嘉宝,20260928,2.4,1.5286,2.6702,0.61,,,1.9292,2.8984,3.0422,,,149968.5402,149968.5402,85853.9547,359924.496,359924.496,4
3359,600623.SH,华谊集团,20260928,8.6,0.7327,2.1149,1.19,32.8596,32.7005,0.8062,0.3956,0.3916,2.1064,1.2791,211949.0814,187603.4733,64998.7001,1822762.088,1613389.842,4
3360,600624.SH,ST复华,20260928,4.58,0.3647,0.5143,0.62,,,7.6535,4.8606,5.2344,,,67934.6942,67934.6942,48180.1806,311140.8802,311140.8802,4
3361,600626.SH,申达股份,20260928,3.76,1.057,2.3763,0.71,1231.782,52.3096,1.5469,0.4622,0.4698,,0.266,132074.4667,132074.4667,58746.4337,496600.0072,496600.0072,4
3362,600628.SH,新世界,20260928,6.26,1.0338,1.8542,0.85,60.7539,59.0482,0.9484,3.6774,3.6577,0.639,0.639,64687.5384,64687.5384,36065.7964,404944.0004,404944.0004,4
3363,600629.SH,华建集团,20260928,15.95,1.5469,3.1392,0.93,256.0393,,3.4886,2.6288,2.8843,0.6455,0.1202,114980.4878,114980.4878,56656.5459,1833938.8155,1833938.8155,4
3364,600630.SH,龙头股份,20260928,7.94,19.6659,28.1275,1.03,71.6933,60.0577,4.112,1.8441,1.7691,0.4786,0.4887,42486.1597,42486.1597,29705.04,337340.1104,337340.1104,4
3365,600633.SH,浙数文化,20260928,9.95,0.8673,1.6901,0.85,22.0351,25.4064,1.221,4.0949,3.7169,2.4121,2.5126,126807.4472,126807.4472,65075.9808,1261734.1275,1261734.1275,4
3366,600635.SH,大众公用,20260928,4.39,0.9234,1.2621,0.96,31.2189,39.0701,1.4545,2.1519,2.1025,0.82,1.139,295243.4675,241879.1675,176981.5081,1296118.8333,1061849.5563,4
3367,600637.SH,东方明珠,20260928,8.66,1.2367,2.32,0.85,47.1514,41.8629,0.9783,3.8873,4.0846,2.6559,2.0785,336189.9817,336189.9817,179206.9386,2911405.2268,2911405.2268,4
3368,600638.SH,新黄浦,20260928,5.05,1.6063,2.6008,0.55,50.2983,19.1245,0.7159,1.5031,1.5888,0.7327,0.6139,67339.6786,67339.6786,41589.3523,340065.384,340065.384,4
3369,600639.SH,浦东金桥,20260928,9.6,0.5517,1.332,0.53,10.0373,10.5537,0.7324,1.8064,1.7744,3.272,4.0558,112241.2893,85023.6703,35216.3649,1077516.384,816227.232,4
3370,600640.SH,国脉文化,20260928,12.48,3.211,10.6129,0.68,459.4564,423.0282,2.513,5.4324,5.426,0.0725,0.1442,79155.134,79155.134,23948.7795,987856.0224,987856.0224,1
3371,600641.SH,先导基电,20260928,49.21,13.727,18.1263,1.11,,1092.0201,5.5476,25.1966,20.2908,0.0844,,94817.292,93062.992,70476.142,4665958.8409,4579629.7379,4
3372,600642.SH,申能股份,20260928,8.81,0.3945,1.1355,1.27,10.7432,11.9122,1.1741,1.5383,1.5513,5.1078,5.2213,489407.9376,489407.9376,170033.474,4311683.9514,4311683.9514,1
3373,600643.SH,爱建集团,20260928,4.0,0.7394,1.4793,0.79,,,0.6478,5.3778,6.7704,,,159317.0778,159035.1716,79489.5418,637268.32,636140.68,1
3374,600644.SH,乐山电力,20260928,8.86,3.4332,6.1494,0.47,219.7448,229.6379,2.4766,1.5092,1.5504,,0.1693,57832.0818,57832.0818,32287.565,512392.2288,512392.2288,1
3375,600645.SH,中源协和,20260928,18.77,1.4994,1.9468,0.72,77.1616,75.0018,2.3488,6.0369,6.2831,,,46794.889,46777.0165,36027.7493,878340.0853,878004.6654,4
3376,600648.SH,外高桥,20260928,9.33,0.2181,0.6088,1.29,13.5652,13.4577,0.8147,2.1636,2.0258,3.7513,3.7513,135991.2218,113777.0691,40759.2248,1268798.0826,1061540.0631,1
3377,600649.SH,城投控股,20260928,4.0,0.7877,1.6831,0.58,34.4531,118.3356,0.4786,0.6895,0.8765,1.0051,1.0,249180.0768,249180.0768,116612.9225,996720.32,996720.32,0
3378,600650.SH,锦江在线,20260928,10.19,1.3918,3.1491,1.44,39.5924,46.2487,1.2907,3.7356,4.0236,1.0795,1.0795,55161.0107,39056.0075,17261.2122,562090.6919,397980.7419,4
3379,600651.SH,飞乐音响,20260928,5.07,0.8281,2.3247,1.25,230.9732,375.9006,5.0472,7.0061,7.6875,,,250702.8015,250702.8015,89307.7162,1271063.196,1271063.196,4
3380,600653.SH,申华控股,20260928,1.68,3.8473,5.2348,1.27,,,5.1969,0.8937,1.0186,,,194638.0317,194638.0317,143048.5612,326991.8904,326991.8904,4
3381,600654.SH,中安科,20260928,2.99,2.0625,2.4762,0.85,160.6451,86.0428,4.5234,2.7715,3.1805,,,284540.9661,231743.1823,193023.676,850777.4704,692912.1082,4
3382,600655.SH,豫园股份,20260928,4.46,0.2997,0.6025,0.96,,,0.5807,0.4771,0.5063,4.238,,389120.8383,388984.6273,193480.9753,1735478.9464,1734871.4498,4
3383,600657.SH,信达地产,20260928,3.07,1.3916,5.1683,0.45,,,0.5979,1.9098,2.141,,,285187.8595,285187.8595,76789.1751,875526.7302,875526.7302,1
3384,600658.SH,电子城,20260928,4.05,0.9906,1.8908,0.87,,,0.9126,3.8841,4.446,,,111858.5045,111858.5045,58603.2353,453026.925,453026.925,4
3385,600660.SH,福耀玻璃,20260928,52.91,0.5403,0.7627,1.3,14.8279,16.2872,3.6171,3.0157,2.9816,5.103,4.158,260974.3532,200298.6332,141881.6828,13808152.8585,10597800.5133,1
3386,600661.SH,昂立教育,20260928,9.2,4.8209,7.6757,1.22,30.4521,22.9643,9.9421,1.9206,1.8491,,,28654.883,28654.883,17997.3346,263624.896,263624.896,4
3387,600662.SH,外服控股,20260928,4.17,0.4582,1.6162,1.15,14.5974,14.2879,1.8167,0.3946,0.382,5.7555,3.5971,228344.3104,227676.204,64549.9905,952195.7727,949409.754,4
3388,600663.SH,陆家嘴,20260928,8.75,0.3739,1.3957,0.8,35.9424,29.0123,1.7271,2.4252,2.2401,1.7173,1.4091,503515.3679,393441.7679,105403.5152,4405759.4875,3442615.4875,1
3389,600664.SH,哈药股份,20260928,7.33,18.1585,33.9948,1.04,51.0532,36.041,3.0234,1.1564,1.1441,,,251850.9876,251850.9876,134527.2853,1846067.7567,1846067.7567,5
3390,600665.SH,天地源,20260928,3.36,1.2682,2.9849,0.67,,,2.7842,0.4763,0.5515,,,86412.2521,86412.2521,36712.1583,290345.16,290345.16,4
3391,600666.SH,奥瑞德,20260928,3.19,2.0517,2.3963,0.46,62.0732,121.8485,7.8777,18.8696,15.9835,,,275131.7394,257184.5679,220206.3839,877670.2506,820418.7783,4
3392,600667.SH,太极实业,20260928,17.81,7.2955,10.9735,0.65,83.1274,85.3361,4.2471,1.2141,1.3124,0.5371,0.365,209154.2178,209154.2178,139051.571,3725036.6582,3725036.6582,4
3393,600668.SH,尖峰集团,20260928,7.34,0.9175,1.0942,0.94,7.3579,,0.5609,1.1804,1.2454,1.1353,1.3552,41290.0594,41290.0594,34622.367,303069.0404,303069.0404,0
3394,600671.SH,天目药业,20260928,21.84,2.618,4.6141,1.13,150.9226,194.4612,34.8538,12.5601,12.8169,,,12177.8885,12177.0533,6909.1073,265965.1176,265946.772,4
3395,600673.SH,东阳光,20260928,30.31,0.6062,1.2961,0.84,331.1418,1750.9213,8.7056,6.1079,5.3077,,,300955.5059,300155.7927,140395.2457,9121961.205,9097721.9949,4
3396,600674.SH,川投能源,20260928,16.56,0.7971,2.4262,1.64,16.9796,17.4621,1.8066,48.4054,49.3605,2.4155,3.0193,487460.6828,487460.6828,160137.7754,8072348.8608,8072348.8608,1
3397,600675.SH,中华企业,20260928,2.35,1.6872,6.0314,0.85,119.7637,,1.007,1.3458,1.8492,,0.2511,604613.5331,604613.5331,169128.0739,1420841.7955,1420841.7955,4
3398,600676.SH,久事动娱,20260928,6.68,1.5243,2.8406,1.74,,,1.4068,1.5807,1.7878,,,102849.2944,102849.2944,55189.9254,687033.2572,687033.2572,4
3399,600678.SH,ST金顶,20260928,5.59,1.1395,1.4334,0.75,269.6607,,7.2632,3.2234,2.9394,,,34899.0,34899.0,27743.6516,195085.41,195085.41,4
3400,600679.SH,上海凤凰,20260928,10.55,1.6382,4.1486,0.52,48.9661,55.2385,2.5424,2.4217,2.3473,,0.5972,49529.4277,34369.4257,13571.8525,522535.4865,362597.4865,4
3401,600681.SH,百川能源,20260928,3.46,1.4895,2.9511,1.14,19.5619,21.2624,1.2757,0.8913,0.9353,6.7919,1.7341,134085.481,133980.8772,67624.6985,463935.7608,463573.8448,1
3402,600682.SH,南京新百,20260928,5.73,1.2737,2.3377,0.69,,,0.4708,1.2117,1.2763,0.278,,134513.2221,116406.0275,63425.3202,770760.7506,667006.5519,4
3403,600683.SH,京投发展,20260928,8.92,2.0553,4.6481,0.75,,,,1.1561,0.7219,,,74077.7597,74077.7597,32755.457,660773.6192,660773.6192,4
3404,600684.SH,珠江股份,20260928,3.52,1.221,1.772,0.64,52.6124,57.0419,3.0414,2.4528,2.4129,,,110607.4283,85346.0723,58805.122,389338.1536,300418.1664,4
3405,600685.SH,中船防务,20260928,28.28,1.3202,3.1887,0.69,39.6464,30.3175,2.1053,1.9455,1.8598,0.5304,0.7603,141350.6378,82143.5181,34009.7481,3997396.0992,2323018.7456,4
3406,600686.SH,金龙汽车,20260928,10.91,2.083,3.698,0.86,16.7038,12.4521,2.1624,0.3187,0.3092,1.0082,2.1082,71704.7417,71704.7417,40389.3071,782298.7134,782298.7134,1
3407,600688.SH,上海石化,20260928,2.72,0.6912,2.7285,1.05,,,1.2243,0.3795,0.3822,0.7353,,1054261.75,732881.35,185651.25,2867591.96,1993437.272,4
3408,600689.SH,上海三毛,20260928,11.88,1.4359,2.1845,0.67,209.2028,184.3772,4.9819,1.555,1.5516,0.1263,0.1515,20099.1343,15220.4143,10004.52,238777.6644,180818.4708,4
3409,600690.SH,海尔智家,20260928,20.16,0.4319,0.7535,0.62,9.592,10.5152,1.5671,0.6203,0.6294,6.136,5.7231,930308.8164,617848.6925,354114.7719,18755025.8112,12455829.5904,1
3410,600691.SH,潞化科技,20260928,2.68,1.3282,2.7098,0.59,,,1.9851,0.6468,0.6755,,,237598.1952,237558.5952,116438.8406,636763.176,636657.048,4
3411,600692.SH,亚通股份,20260928,6.49,2.9031,3.1181,1.27,158.615,52.2502,2.3104,1.6479,0.9809,,,35176.4064,25501.0517,23742.2313,228294.836,165501.8145,1
3412,600693.SH,东百集团,20260928,9.33,6.2054,13.7747,0.82,177.341,165.8285,2.2522,4.3943,4.3576,0.8574,0.4287,86984.6246,86895.2782,39145.5841,811566.5979,810732.9624,4
3413,600694.SH,大商股份,20260928,14.29,0.5867,0.9656,0.93,11.0333,11.0059,0.6074,0.8727,0.8694,5.8407,6.3617,37879.3611,37879.3611,23014.7461,541296.0544,541296.0544,4
3414,600697.SH,欧亚集团,20260928,11.28,2.7786,3.7113,0.52,,,0.7985,0.2657,0.2732,0.8865,0.8865,15908.8075,15537.6015,11633.0019,179451.3768,175264.128,4
3415,600698.SH,湖南天雁,20260928,6.98,3.0639,5.8847,0.94,,,10.0717,14.4565,12.7271,,,106863.7732,83045.1741,43238.4161,745909.1146,579655.2866,1
3416,600699.SH,均胜电子,20260928,24.02,9.2582,15.3955,1.64,27.8851,27.2463,2.2468,0.6088,0.6321,1.074,0.7426,155077.0563,139567.0563,83929.4503,3724950.9812,3352400.7812,1
3417,600702.SH,舍得酒业,20260928,31.89,1.2484,1.792,0.77,47.4891,,1.5202,2.3964,2.6443,1.3355,0.9618,33209.0865,33195.0865,23125.5097,1059037.8801,1058591.4201,4
3418,600703.SH,三安光电,20260928,11.59,2.5629,4.115,1.46,,,1.6669,3.2215,3.7476,0.1628,,498901.8727,498901.8727,310733.8982,5782272.6733,5782272.6733,4
3419,600704.SH,物产中大,20260928,4.74,0.5722,1.0774,0.92,6.765,6.8692,0.5848,0.0411,0.041,4.4304,4.6158,517117.989,517117.989,274637.8965,2451139.2726,2451139.2726,4
3420,600706.SH,曲江文旅,20260928,8.06,2.8948,4.1472,0.59,,,4.3736,2.1259,2.4926,,,25505.9785,25403.0185,17731.4238,205578.1988,204748.3412,4
3421,600707.SH,彩虹股份,20260928,10.38,10.1893,27.4539,1.92,99.5288,1650.0945,1.7211,3.2982,3.328,,0.6744,358838.9732,358766.9732,133153.5569,3724748.5086,3724001.1486,1
3422,600708.SH,光明地产,20260928,3.0,0.7467,1.5578,0.66,,,1.1643,1.4929,2.024,,,222863.6743,222527.7771,106661.6507,668591.04,667583.34,4
3423,600710.SH,苏美达,20260928,11.18,0.5004,1.3036,0.73,10.7769,10.4454,1.7332,0.124,0.1135,3.3005,3.712,130674.9434,130674.9434,50158.035,1460945.8292,1460945.8292,4
3424,600711.SH,盛屯矿业,20260928,10.16,1.1894,1.4496,0.74,16.0091,11.5751,1.7566,1.0466,0.8854,1.467,1.4484,309061.1551,309061.1551,253581.1654,3140061.3856,3140061.3856,4
3425,600712.SH,南宁百货,20260928,5.37,3.4606,4.8678,0.38,,,3.8648,6.2074,6.2991,,,54465.536,53864.8371,38293.6826,292479.9498,289254.1908,4
3426,600713.SH,南京医药,20260928,4.93,0.7307,1.662,0.94,10.3215,10.269,0.8898,0.1173,0.1176,3.4495,5.2738,130816.4436,128981.4116,56704.9399,644925.0492,635878.3513,1
3427,600714.SH,金瑞矿业,20260928,17.8,5.5729,8.604,0.64,167.8132,461.1397,6.6547,15.426,16.8743,0.3933,0.2528,28817.6273,28817.6273,18665.5189,512953.814,512953.814,4
3428,600715.SH,文投控股,20260928,1.62,2.218,2.9573,1.13,,,6.1601,20.6062,26.225,,,405985.35,286237.2241,214685.6782,657696.267,463704.2964,4
3429,600716.SH,凤凰股份,20260928,3.72,0.4437,0.9268,0.61,,,0.8535,6.6529,6.5014,,,93606.059,93606.059,44817.7047,348214.5432,348214.5432,1
3430,600717.SH,天津港,20260928,4.21,0.4847,1.133,0.84,12.4235,10.5528,0.5957,0.9525,1.0173,2.4703,2.4228,289400.1038,289400.1038,123802.7519,1218374.421,1218374.421,4
3431,600718.SH,东软集团,20260928,7.84,0.6099,0.7902,0.79,,,1.078,0.7792,0.7987,1.9013,,119643.8852,119643.8852,92349.5747,938008.0976,938008.0976,4
3432,600719.SH,大连热电,20260928,7.84,10.5639,15.7448,1.48,,,8.8288,5.2438,5.238,,,40459.96,40459.96,27146.5816,317206.0864,317206.0864,1
3433,600720.SH,中交设计,20260928,5.06,0.4775,0.644,0.9,7.9795,9.6415,0.7287,1.0498,1.079,4.5257,2.5059,229459.5565,100904.9771,74806.5271,1161065.3736,510579.1988,4
3434,600721.SH,百花医药,20260928,12.18,26.0559,32.8491,0.62,115.1149,156.3097,5.8499,12.0617,13.6319,,0.3284,38454.7635,38454.7635,30502.2548,468378.9768,468378.9768,4
3435,600722.SH,金牛化工,20260928,15.07,13.7189,31.2089,0.85,213.9135,182.0396,7.9869,21.8244,21.6144,,,68031.9676,68031.9676,29905.6699,1025241.7879,1025241.7879,4
3436,600724.SH,宁波富达,20260928,4.86,0.4993,2.1679,0.98,38.3069,37.8795,2.4976,4.7542,5.2217,2.8807,2.4691,144524.1071,144494.2664,33279.4209,702387.1746,702242.1522,4
3437,600725.SH,云维股份,20260928,3.27,1.1586,1.6608,1.02,,,15.7223,7.3437,7.7708,,,123247.0,123247.0,85981.0643,403017.69,403017.69,1
3438,600726.SH,华电能源,20260928,4.96,0.6585,4.7028,0.69,196.1315,117.5909,7.4475,2.3544,2.3904,,,790733.621,747533.6208,104676.1352,3922038.7552,3707766.7552,4
3439,600727.SH,鲁北化工,20260928,7.46,1.7217,2.6182,1.02,103.034,29.9445,1.178,0.7748,0.7115,1.3405,0.6702,52858.3135,52858.3135,34759.5594,394322.9926,394322.9926,4
3440,600728.SH,佳都科技,20260928,4.37,0.7464,0.8869,0.89,53.6033,134.4423,1.1795,0.9202,0.8823,,0.1866,213259.9261,213259.9261,179484.5557,931945.8941,931945.8941,4
3441,600729.SH,重百集团,20260928,18.23,1.0598,1.1121,0.69,7.6804,11.1844,1.0106,0.5463,0.5637,7.4725,5.2106,44045.3077,19248.2844,18343.9301,802945.819,350896.1444,1
3442,600730.SH,*ST高科,20260928,8.52,1.3212,1.652,0.65,,,2.993,64.0482,81.2612,0.1174,,58665.6002,58665.6002,46917.3018,499830.912,499830.912,4
3443,600731.SH,湖南海利,20260928,5.79,0.716,0.989,1.18,13.1616,17.906,0.9836,1.7716,1.7379,3.4847,,55385.2416,54168.2665,39214.2496,320680.5975,313634.2833,4
3444,600732.SH,爱旭股份,20260928,11.01,0.8535,1.1591,0.57,,,5.2224,1.4915,1.4243,,,211519.4603,210525.3328,155013.4807,2328829.2546,2317883.8833,4
3445,600733.SH,北汽蓝谷,20260928,4.95,3.7421,6.1237,2.0,,,6.3616,1.128,1.0499,,,636715.3962,604494.5781,369398.0084,3151741.23,2992248.171,1
3446,600734.SH,*ST实达,20260928,1.84,1.5502,2.098,0.73,,,18.7919,45.4741,105.5244,,,217830.3106,217785.3106,160919.6716,400807.7704,400724.9704,4
3447,600735.SH,ST新华锦,20260928,6.33,0.6946,1.2317,0.66,,,2.5532,2.0296,2.1309,,,42877.8219,42545.1827,23991.9475,271416.6006,269310.9894,4
3448,600736.SH,苏州高新,20260928,6.36,1.3181,2.3452,0.77,49.6114,12.5757,0.9308,1.3389,1.446,0.283,0.283,115129.2907,115129.2907,64709.8013,732222.2844,732222.2844,4
3449,600737.SH,中粮糖业,20260928,14.0,2.7929,5.6685,0.76,31.4793,26.8625,2.6728,1.1295,1.2466,2.9286,2.4286,213884.8228,213884.8228,105381.5155,2994387.48,2994387.48,4
3450,600738.SH,丽尚国潮,20260928,4.21,1.8144,3.6426,0.96,19.546,17.0774,1.5025,5.0572,5.0471,0.3441,2.5487,76133.5236,76066.6196,37889.9232,320522.1192,320240.4702,1
3451,600739.SH,辽宁成大,20260928,10.08,0.6891,1.2269,1.16,20.8334,9.3621,0.5131,1.5497,1.6661,0.1984,1.4881,152231.5928,152231.5928,85499.6246,1534494.4272,1534494.4272,4
3452,600740.SH,山西焦化,20260928,3.73,0.9353,2.1726,0.84,114.9546,65.3932,0.6311,1.5468,1.5778,0.5362,0.6702,256212.1154,256212.1154,110300.67,955671.2076,955671.2076,4
3453,600741.SH,华域汽车,20260928,14.98,0.6807,1.6331,1.71,6.5528,6.7896,0.7098,0.2567,0.2584,5.3405,6.6756,315272.3984,315272.3984,131406.0855,4722780.552,4722780.552,1
3454,600742.SH,富维股份,20260928,7.8,0.6618,1.1598,0.96,12.4618,14.8584,0.6767,0.2917,0.3273,8.0769,6.6667,74305.788,74305.788,42402.8066,579585.162,579585.162,1
3455,600743.SH,华远控股,20260928,2.3,6.4032,14.0545,1.6,,,9.9486,17.1074,17.0111,,,234610.0874,234610.0874,106887.0535,539603.207,539603.207,5
3456,600744.SH,华银电力,20260928,6.03,2.423,5.2834,0.53,150.1467,,10.0885,1.5187,1.5809,,,203112.4274,203112.4274,93148.5002,1224767.9529,1224767.9529,4
3457,600745.SH,*ST闻泰,20260928,16.3,1.9824,2.5634,0.96,,,0.904,0.6644,2.7963,,,127386.9249,127386.9249,98517.0148,2076406.796,2076406.796,4
3458,600746.SH,江苏索普,20260928,6.81,1.0646,4.2697,0.83,89.9826,33.1523,1.4151,1.3581,1.2978,0.724,0.5792,116784.2884,116784.2884,29118.9883,795301.0149,795301.0149,4
3459,600748.SH,上实发展,20260928,3.91,0.7126,1.6915,0.75,,,0.7077,2.1286,2.274,,,184456.2892,184456.2892,77713.8273,721224.0939,721224.0939,4
3460,600749.SH,西藏旅游,20260928,12.78,2.3375,4.2552,0.77,124.63,120.4084,2.7285,15.5099,15.1939,,,22696.5517,22696.5517,12468.1759,290061.909,290061.909,4
3461,600750.SH,华润江中,20260928,22.42,0.6213,1.1007,1.28,15.7165,16.2717,3.5995,3.3771,3.553,5.3474,6.1554,63558.8289,62882.5289,35490.9253,1424988.9686,1409826.3226,1
3462,600751.SH,海航科技,20260928,2.82,0.7696,1.5184,0.66,79.493,107.2187,1.089,5.3053,4.5935,,0.6383,289933.7783,257318.9052,130418.0367,817613.2596,725639.3262,4
3463,600753.SH,ST海钦,20260928,13.71,2.1853,3.452,1.35,86.9584,64.9631,36.5247,1.8117,1.6609,,,23030.7175,23030.7175,14579.5575,315751.1712,315751.1712,1
3464,600754.SH,锦江酒店,20260928,17.89,0.666,1.423,0.73,20.5696,17.3077,1.1919,1.3784,1.3515,2.1273,2.8577,106407.8462,90604.4063,42403.6838,1903636.4365,1620912.8949,4
3465,600755.SH,厦门国贸,20260928,5.76,2.3703,3.885,1.71,24.1254,29.7885,0.6455,0.0364,0.0322,5.824,3.8292,213215.8487,213215.8487,130086.1436,1228123.296,1228123.296,4
3466,600756.SH,浪潮软件,20260928,13.57,1.5381,1.9011,0.9,,,2.1771,4.1062,4.0498,,,34962.8753,32409.8753,26221.7753,474446.2816,439802.0716,4
3467,600757.SH,长江传媒,20260928,7.33,0.6301,1.4484,0.67,8.7736,10.956,0.8906,1.2562,1.3705,5.5935,5.5935,121365.0273,121349.7103,52793.4899,889605.6699,889493.3743,4
3468,600758.SH,辽宁能源,20260928,3.56,4.7969,7.8995,1.06,,,0.9409,1.0035,1.1683,0.8989,,132201.7394,132074.3394,80201.3597,470638.1944,470184.6504,4
3469,600759.SH,ST洲际,20260928,2.23,2.3336,2.6599,1.39,64.1354,32.1235,1.0267,4.3961,3.8269,,,414900.928,414368.578,363534.3999,925229.0739,924041.9334,4
3470,600760.SH,中航沈飞,20260928,43.34,0.3273,0.9946,0.76,34.9273,43.0442,5.2495,2.7514,3.3923,0.8971,0.9345,283492.9431,282955.2651,93107.5484,12286584.453,12263281.4018,1
3471,600761.SH,安徽合力,20260928,14.93,0.7408,1.1558,0.97,10.8587,12.3238,1.2047,0.671,0.6325,4.6885,4.0188,89069.2761,89069.2761,57089.9619,1329804.3504,1329804.3504,4
3472,600763.SH,通策医疗,20260928,33.26,0.9219,1.4091,0.64,29.4506,24.0399,3.5736,5.0745,4.9679,1.3616,,44445.5953,44445.5953,29077.5666,1478260.656,1478260.656,4
3473,600764.SH,中国海防,20260928,18.13,0.6326,1.7287,0.8,106.8698,158.4126,1.5591,3.6433,3.7484,0.3254,0.3861,71062.9386,71062.9386,26006.7192,1288371.1022,1288371.1022,4
3474,600765.SH,中航重机,20260928,13.07,0.6749,1.0422,0.91,33.3285,36.2106,1.3784,2.0061,2.1289,0.9457,0.0645,155249.4153,155249.4153,100539.28,2029109.9194,2029109.9194,4
3475,600768.SH,富邦新材,20260928,14.7,1.9504,3.1082,1.15,33.5585,18.3029,4.0831,1.6985,1.1945,1.0204,0.3401,13374.72,13374.72,8392.7118,196608.384,196608.384,4
3476,600769.SH,祥龙电业,20260928,14.51,3.1004,3.8794,1.07,285.9836,389.0604,41.4505,66.7074,66.2828,,,37497.72,37497.72,29968.6023,544091.9172,544091.9172,4
3477,600770.SH,综艺股份,20260928,5.9,5.1759,8.4229,0.78,70.2917,56.249,2.2539,16.251,13.0089,,,130000.0,130000.0,79885.1862,767000.0,767000.0,4
3478,600771.SH,广誉远,20260928,14.04,2.7913,3.2903,2.11,109.0113,97.0087,4.1218,5.0189,4.8591,,,48949.1141,48949.1141,41525.7673,687245.5044,687245.5044,1
3479,600773.SH,西藏城投,20260928,9.29,2.3375,3.9722,1.36,,,2.1028,9.6228,22.2816,0.1076,,95158.6865,95158.6865,55996.916,884024.2301,884024.2301,4
3480,600774.SH,汉商集团,20260928,7.77,1.4513,3.5886,1.06,,,1.5057,2.1766,2.2909,,,28900.8272,28885.6047,11681.6734,224559.3714,224441.112,1
3481,600775.SH,南京熊猫,20260928,9.27,2.5682,3.9299,1.57,789.3693,279.6168,2.7423,3.405,3.0424,,0.1079,91383.8529,67183.8529,43905.6474,847128.2895,622794.2895,4
3482,600776.SH,东方通信,20260928,12.27,1.7886,4.1666,0.83,43.0393,28.1767,3.8248,6.2209,5.8508,0.4971,0.4482,125600.0064,95600.0064,41038.4512,1541112.1227,1173012.1227,4
3483,600777.SH,新潮能源,20260928,4.02,0.2797,1.1156,0.79,22.6455,47.2271,1.2159,3.7582,4.2588,,,680049.5825,636615.2391,159590.8292,2733799.3116,2559193.2648,1
3484,600778.SH,友好集团,20260928,5.73,2.4547,3.9896,0.6,134.999,127.1189,7.2522,1.2519,1.3204,,,31149.1352,31121.4882,19147.8301,178484.5722,178326.1377,4
3485,600779.SH,水井坊,20260928,25.98,0.257,0.7001,0.52,31.1957,43.0303,2.5407,4.1682,4.8297,3.7127,0.976,48737.4048,48737.4048,17890.7828,1266197.652,1266197.652,4
3486,600780.SH,通宝能源,20260928,6.1,0.6556,1.5922,0.76,10.7899,9.6377,0.8147,0.6209,0.6224,,2.9508,114650.2523,114650.2523,47208.4052,699366.525,699366.525,1
3487,600782.SH,新钢股份,20260928,2.62,0.7955,1.4926,0.66,186.8582,,0.331,0.2319,0.2414,0.3832,5.1752,317018.1149,314565.2149,167653.3152,830587.4482,824160.8502,4
3488,600783.SH,鲁信创投,20260928,14.75,1.3715,4.0786,0.9,76.1059,89.5328,2.4124,126.6638,118.2123,0.4746,0.4407,74435.9294,74435.9294,25030.309,1097929.9675,1097929.9675,4
3489,600784.SH,鲁银投资,20260928,6.98,0.8383,1.2432,0.83,27.8158,31.8463,1.3991,1.4062,1.3859,0.9456,0.7163,67565.2277,67565.2277,45558.2268,471605.3054,471605.3054,4
3490,600785.SH,新华百货,20260928,10.47,4.9545,8.5602,0.55,44.3997,57.9509,1.444,0.5538,0.5529,2.3878,1.3644,31588.3792,31588.3792,18282.892,330730.3386,330730.3386,4
3491,600787.SH,中储股份,20260928,4.53,0.6292,1.2228,0.99,18.0194,30.9175,0.7097,0.1452,0.1306,1.5487,2.4945,217007.9582,217007.9582,111657.7622,983046.0588,983046.0588,4
3492,600789.SH,鲁抗医药,20260928,7.73,2.8069,3.5612,1.09,71.941,56.256,1.5379,1.4012,1.3811,1.2458,0.6468,104518.9778,101029.8197,79629.347,807931.7154,780960.5086,1
3493,600790.SH,轻纺城,20260928,3.7,4.6958,7.7941,1.25,,27.5893,0.9617,6.1803,6.6149,3.0046,3.0046,146579.0928,146579.0928,88311.2528,542342.633,542342.633,1
3494,600791.SH,京能置业,20260928,6.78,2.2723,4.1556,0.74,,,,1.3687,1.448,,,45288.0,45231.3696,24733.0051,307052.64,306668.6886,4
3495,600792.SH,云煤能源,20260928,5.5,14.5459,44.6058,1.03,,,2.6699,1.1133,1.0597,,,110992.36,110992.36,36194.3684,610457.98,610457.98,4
3496,600793.SH,宜宾纸业,20260928,16.67,1.9667,4.1331,0.49,107.8629,,14.0871,1.2674,1.3916,,,17690.4002,17690.4002,8417.6282,294898.968,294898.968,4
3497,600794.SH,保税科技,20260928,3.16,0.749,1.171,0.82,,,1.5165,6.2666,6.8255,0.9494,0.6329,120015.2157,120015.2157,76763.4369,379248.0952,379248.0952,4
3498,600795.SH,国电电力,20260928,5.4,0.97,2.222,1.7,13.4488,14.8429,1.5986,0.5657,0.5612,3.8889,4.463,1783561.9082,1783561.9082,778582.766,9631234.314,9631234.314,1
3499,600796.SH,钱江生化,20260928,5.09,1.3218,1.9649,1.04,26.5136,32.1943,1.2641,2.6044,2.6778,0.609,0.609,86658.5766,31147.7889,20953.2286,441092.1722,158542.2511,1
3500,600797.SH,浙大网新,20260928,6.42,1.0061,1.0638,0.84,,,2.0452,2.0126,2.071,,0.4673,102752.637,102752.637,97177.637,659671.9488,659671.9488,4
3501,600798.SH,宁波海运,20260928,3.4,1.4027,2.5889,0.66,149.8319,71.6961,1.0459,1.5184,1.1839,0.5882,0.5882,120653.4201,120653.4201,65372.3334,410221.628,410221.628,1
3502,600800.SH,渤海化学,20260928,3.16,1.1505,1.8533,0.64,,,3.6675,1.0534,1.2562,,,111004.5216,110973.0216,68890.6014,350774.2832,350674.7432,4
3503,600801.SH,华新建材,20260928,23.85,0.3657,0.916,0.77,17.3776,14.3197,1.4933,1.4027,1.278,3.3516,2.3033,207899.5649,134169.7649,53556.2809,4958404.506,3199948.776,1
3504,600802.SH,福建水泥,20260928,7.28,18.6921,26.6849,2.03,,,3.9856,2.1835,2.4482,,,45824.84,45824.84,32099.1693,333604.8352,333604.8352,2
3505,600803.SH,新奥股份,20260928,18.74,0.1928,0.7133,1.16,12.3905,13.2993,2.4737,0.4412,0.4481,6.4478,6.0796,309518.5107,307172.6707,83018.8649,5800376.8774,5756415.8358,1
3506,600805.SH,悦达投资,20260928,4.55,1.0427,1.6285,1.25,105.0016,47.2257,0.9009,1.5147,1.4486,1.7582,1.7582,85089.4494,85027.5368,54443.5055,387156.9975,386875.307,4
3507,600807.SH,济高发展,20260928,2.62,1.5752,2.0042,0.94,,,8.4964,6.5895,7.0362,,,88463.4731,78752.5589,61897.4462,231774.2914,206331.7072,4
3508,600808.SH,马钢股份,20260928,2.39,0.9252,2.4715,0.78,,,0.7681,0.2374,0.24,,,770068.1186,596775.1186,223407.4037,1840462.8068,1426292.5368,4
3509,600809.SH,山西汾酒,20260928,110.26,0.291,0.8687,0.75,10.984,13.2127,3.5313,3.4742,3.7575,5.4961,5.9496,121996.4222,121996.4222,40870.9501,13451325.2692,13451325.2692,4
3510,600810.SH,神马股份,20260928,6.31,0.7657,1.9459,1.92,,,0.9532,0.5456,0.5542,0.7101,,108762.5248,107779.9248,42407.7761,686291.5012,680091.2952,1
3511,600812.SH,华北制药,20260928,4.9,1.6132,3.5852,0.46,45.9262,68.1261,1.5235,0.9097,1.027,0.6122,0.7143,171573.037,171573.037,77203.1554,840707.896,840707.896,1
3512,600814.SH,杭州解百,20260928,6.84,0.5937,1.7669,0.38,22.3994,22.2528,1.3138,2.9579,2.9713,2.6024,1.8275,73507.8598,73507.8598,24699.2182,502793.7624,502793.7624,4
3513,600815.SH,厦工股份,20260928,4.19,3.586,6.937,0.43,,,5.2729,11.0637,10.3557,,,177409.448,177409.448,91709.2005,743345.5955,743345.5955,5
3514,600816.SH,建元信托,20260928,2.33,0.6458,1.0275,0.67,195.9841,19.979,1.5171,,,,,984444.8254,546913.7919,343759.4815,2293756.4306,1274309.1307,0
3515,600817.SH,宇通重工,20260928,9.62,0.3397,1.159,1.05,16.6183,17.498,2.0944,1.4745,1.546,3.9372,5.1741,53447.6846,52972.6846,15524.9932,514166.6816,509597.1816,1
3516,600818.SH,ST中路,20260928,9.09,0.9887,1.0886,0.46,,,5.8289,2.712,3.1527,0.11,,32144.791,23795.791,21611.961,292196.1411,216303.7311,4
3517,600819.SH,耀皮玻璃,20260928,5.58,1.0508,2.4634,0.99,40.1884,65.4935,1.4081,0.9661,0.9644,0.594,0.744,97675.7073,78925.7071,33665.7544,545030.4618,440405.4618,4
3518,600820.SH,隧道股份,20260928,5.2,0.3517,0.5851,0.79,7.3846,7.9925,0.5166,0.2822,0.2915,5.7692,3.2692,314409.6094,314409.6094,189018.5421,1634929.972,1634929.972,4
3519,600821.SH,金开新能,20260928,5.72,1.3414,1.8273,0.51,111.1323,,1.2894,3.2602,3.4935,3.4965,1.7483,196732.4953,196732.4953,144414.5046,1125309.9,1125309.9,4
3520,600822.SH,上海物贸,20260928,9.09,2.2146,5.5676,0.49,154.658,182.3602,3.6217,2.6811,3.0959,,,49597.2914,39614.7908,15757.1946,450839.3661,360098.4411,1
3521,600824.SH,益民集团,20260928,3.64,0.7426,1.2308,0.62,31.5508,,1.6361,5.6661,6.2297,0.4945,0.9615,105402.7073,105402.7073,63593.0544,383665.8644,383665.8644,4
3522,600825.SH,新华传媒,20260928,8.55,0.4812,0.9919,0.72,211.4118,209.3431,3.5528,6.1567,6.1558,0.1404,0.152,104488.785,104488.785,50686.785,893379.1545,893379.1545,3
3523,600826.SH,兰生股份,20260928,7.99,1.3603,3.7633,1.08,17.7633,20.2186,1.3655,3.5586,3.5967,3.5044,3.2541,72418.3568,72418.3568,26176.2966,578622.6964,578622.6964,4
3524,600827.SH,百联股份,20260928,7.67,0.5004,1.1414,0.75,21.6844,11.1178,0.6692,0.5521,0.5803,3.455,1.9557,178416.8117,160444.992,70337.9552,1368456.9327,1230613.0733,4
3525,600828.SH,茂业商业,20260928,4.27,0.8185,5.3098,0.4,,,1.1281,3.1244,3.6374,,,173198.2546,173136.0181,26690.5144,739556.5702,739290.8054,4
3526,600829.SH,人民同泰,20260928,9.4,1.421,5.6006,0.59,40.7274,38.3162,1.7606,0.5252,0.5124,,,57988.8597,57988.8597,14712.5743,545095.284,545095.284,4
3527,600830.SH,香溢融通,20260928,8.33,1.6168,2.3595,0.56,47.1263,44.5325,1.6562,9.1894,8.754,0.1801,0.2161,45432.2747,45432.2747,31131.0133,378450.8091,378450.8091,4
3528,600831.SH,广电网络,20260928,3.33,7.0648,9.9784,2.01,,,43.4523,2.1463,2.404,,,71094.6992,71094.6992,50335.6344,236745.351,236745.351,4
3529,600833.SH,第一医药,20260928,10.59,1.9106,3.4706,0.68,40.9107,33.8015,2.1081,1.109,1.1169,2.0774,0.7365,22308.6347,22308.6347,12281.1613,236248.3917,236248.3917,4
3530,600834.SH,申通地铁,20260928,7.62,0.325,0.782,0.9,67.0859,61.6234,2.0747,6.1,5.3696,0.2493,0.5249,47738.1905,47738.1905,19843.8106,363765.0078,363765.0078,0
3531,600835.SH,上海机电,20260928,18.32,0.8306,2.1236,0.71,23.2862,26.464,1.3037,0.9564,0.9551,2.2926,1.9651,100729.4745,80650.43,31543.0714,1845363.8904,1477515.8776,4
3532,600838.SH,上海九百,20260928,8.14,1.8873,2.7999,0.36,71.9861,70.0029,2.0991,34.1174,34.7822,0.3931,0.4177,40088.1981,40088.1981,27021.328,326317.948,326317.948,4
3533,600839.SH,四川长虹,20260928,6.42,0.6628,0.8633,0.97,29.9694,13.8871,1.7824,0.2724,0.2685,0.7788,0.9288,461624.4222,461495.8631,354314.5069,2963628.7764,2962803.4212,4
3534,600841.SH,动力新科,20260928,5.47,1.149,3.6547,0.97,2.6432,2.3342,1.1757,1.3226,1.2413,,,138782.1784,104302.4484,32790.941,759138.5246,570534.4015,4
3535,600843.SH,上工申贝,20260928,7.84,12.8511,16.5738,3.13,,,2.1043,1.285,1.2793,,,71316.648,46922.273,36382.7372,559122.536,367870.5968,4
3536,600844.SH,金煤科技,20260928,3.23,2.9261,4.1015,0.74,,,41.4462,3.9746,3.9505,,,101652.424,82273.0634,58695.4202,328337.3166,265741.9838,4
3537,600845.SH,宝信软件,20260928,18.01,0.6676,1.9682,0.63,39.4409,39.6153,4.6424,4.6913,4.3294,3.3719,1.2848,285790.4137,213405.4153,72391.9934,5147085.2841,3843431.6142,4
3538,600846.SH,同济科技,20260928,10.6,0.3588,0.8486,1.09,24.3081,26.5513,1.5304,1.491,1.2636,1.8735,1.2453,62476.1516,62476.1516,26418.3004,662247.19,662247.19,4
3539,600847.SH,万里股份,20260928,12.53,4.0043,7.3024,0.59,,,4.2034,3.7937,4.0375,,,15328.74,15328.74,8405.6171,192069.1122,192069.1122,4
3540,600848.SH,上海临港,20260928,8.48,0.2445,0.7625,0.72,22.0736,16.6308,1.2772,2.695,2.7433,2.3585,2.3585,252248.7004,239391.2273,76770.3939,2139068.976,2030037.6304,4
3541,600850.SH,电科数字,20260928,13.5,0.9807,1.6809,1.12,33.5125,38.0649,2.2781,1.026,0.9935,2.5497,1.358,81623.8489,81623.8489,47620.992,1101921.975,1101921.975,4
3542,600851.SH,海欣股份,20260928,7.9,0.929,1.4428,0.83,54.1817,48.2035,1.8945,12.588,13.679,0.5063,0.6329,120705.6692,73820.611,47530.7099,953574.793,583182.819,4
3543,600853.SH,龙建股份,20260928,3.24,0.8352,1.4932,1.05,8.4462,8.3656,0.9016,0.1865,0.1882,1.235,1.2037,101369.9085,101369.9085,56700.9055,328438.5035,328438.5035,4
3544,600854.SH,春兰股份,20260928,4.74,1.5022,2.2157,1.52,19.2919,22.9728,1.0004,25.9569,19.6275,2.5316,2.5316,51945.8538,51945.8538,35218.3425,246223.329,246223.329,1
3545,600855.SH,航天长峰,20260928,12.47,1.7093,3.0707,1.02,,,4.226,4.6764,5.0884,,,46854.2728,46763.9728,26031.234,584272.7469,583146.7059,4
3546,600857.SH,宁波中百,20260928,18.64,3.1938,5.2329,0.68,128.5138,157.9299,4.9241,9.1,15.8166,,0.2414,22431.9919,22431.9919,13691.0298,418132.2936,418132.2936,5
3547,600858.SH,银座股份,20260928,4.88,1.1606,2.0324,0.79,42.8334,86.5361,0.9227,0.4805,0.4894,0.7787,0.7172,52006.6589,51754.8029,29555.2985,253792.5008,252563.424,0
3548,600859.SH,王府井,20260928,9.59,0.8643,1.2933,0.79,,,0.5545,1.0619,1.1026,0.8342,,112393.1424,112382.8064,75105.1668,1077850.3085,1077751.1479,4
3549,600860.SH,京城股份,20260928,7.4,1.1927,2.6707,0.53,,,5.0871,2.6431,2.6928,,,54574.6888,44404.0788,19830.5736,403852.706,328590.192,4
3550,600861.SH,北京人力,20260928,12.55,0.2214,0.5562,0.99,6.0732,9.2652,0.9961,0.1572,0.1579,5.5697,8.2335,56611.2718,56611.2718,22533.3652,710471.4385,710471.4385,4
3551,600862.SH,中航高科,20260928,17.68,0.66,1.1897,1.01,23.8927,28.4788,3.1526,4.9181,5.3262,1.4084,1.2578,139304.9107,139304.9107,77282.6466,2462910.8088,2462910.8088,4
3552,600863.SH,华能蒙电,20260928,4.74,1.5332,3.0174,1.68,14.8946,17.9868,1.867,1.7643,1.9093,3.8663,4.6414,783518.956,706332.5057,358893.7631,3713879.8704,3348016.0974,1
3553,600864.SH,哈投股份,20260928,5.63,1.5301,2.8259,0.66,33.6856,31.5047,0.8842,7.2179,7.3188,0.8881,0.9059,208057.052,208057.052,112655.1628,1171361.1915,1171361.1915,4
3554,600865.SH,百大集团,20260928,10.59,4.5451,11.6564,0.38,400.2075,,1.7363,19.2438,19.7829,1.6997,,37624.0316,37624.0316,14670.3989,398438.4777,398438.4777,4
3555,600866.SH,星湖科技,20260928,4.08,1.5616,1.8301,1.46,6.925,31.7766,0.8859,0.4263,0.4256,9.3137,9.3137,166147.2616,166147.2616,141767.4692,677880.8208,677880.8208,4
3556,600867.SH,通化东宝,20260928,7.73,0.5666,0.9695,0.88,12.4191,11.6511,2.2151,5.1369,4.8795,3.2093,3.8762,195854.2829,195854.2829,114465.4487,1513953.5844,1513953.5844,0
3557,600868.SH,梅雁吉祥,20260928,2.73,1.4745,1.5879,0.78,,,2.6606,14.0268,10.6235,,,189814.8679,189814.8679,176264.8506,518194.5951,518194.5951,1
3558,600869.SH,远东股份,20260928,18.09,6.9283,12.5267,0.71,681.9122,332.4406,9.1841,1.4284,1.4276,,0.0547,221935.2746,221935.2746,122747.9395,4014809.0343,4014809.0343,4
3559,600871.SH,石化油服,20260928,2.09,0.63,2.3853,0.71,60.1362,58.5991,3.9588,0.4909,0.4872,,,1895704.5833,1354701.2351,357828.5987,3962022.5722,2831325.5916,4
3560,600872.SH,中炬高新,20260928,17.13,0.7886,1.0255,0.78,24.5911,19.0199,2.3693,3.1446,2.8649,2.4644,2.568,77098.795,77098.795,59287.2009,1320702.444,1320702.444,4
3561,600873.SH,梅花生物,20260928,7.29,0.5412,0.8214,1.0,6.2309,9.3999,1.3045,0.8444,0.846,5.87,5.8697,280424.165,280424.165,184775.4985,2044292.1993,2044292.1993,4
3562,600874.SH,创业环保,20260928,5.43,0.3631,0.8679,0.78,9.8884,9.7138,0.8184,1.7914,1.7649,3.1308,3.849,157041.8085,123041.8085,51485.2899,852737.0283,668117.0283,4
3563,600875.SH,东方电气,20260928,22.71,1.2505,2.2221,1.14,20.4994,16.9457,1.703,1.0123,1.0059,1.7745,2.3338,345836.0326,226336.6595,127368.4132,7853936.2413,5140105.5486,4
3564,600876.SH,凯盛新能,20260928,7.43,3.8111,9.9029,0.81,,,2.1186,1.4791,1.7422,,,64567.4963,39567.4963,15227.474,479736.525,293986.525,4
3565,600877.SH,电科芯片,20260928,11.43,0.8839,1.506,0.92,311.0717,601.5279,5.4308,13.242,14.4467,,,118405.9492,118405.9492,69495.3439,1353380.0085,1353380.0085,4
3566,600879.SH,航天电子,20260928,13.84,1.8913,2.5402,0.94,201.1772,486.4033,2.1897,3.2827,3.6188,0.3613,0.1517,329929.9334,329929.9334,245643.9251,4566230.2312,4566230.2312,4
3567,600880.SH,博瑞传播,20260928,4.08,2.943,4.57,0.35,,,1.5164,10.7506,9.8234,0.2451,,109333.2092,109303.0175,70389.7562,446079.4968,445956.3216,4
3568,600881.SH,亚泰集团,20260928,1.86,2.2518,2.6601,0.5,,,56.8895,0.9452,1.0491,,,323215.0988,323215.0988,273605.4,601180.086,601180.086,1
3569,600882.SH,妙可蓝多,20260928,19.08,0.5668,1.2294,1.02,81.8718,70.9367,2.0512,1.7222,1.523,,,50845.3647,50845.3647,23440.0274,970129.4688,970129.4688,1
3570,600883.SH,博闻科技,20260928,8.06,1.7071,2.8271,1.08,79.345,76.9032,1.9305,34.1056,35.7141,0.7444,0.4342,23608.8,23608.8,14256.1395,190286.928,190286.928,4
3571,600884.SH,杉杉股份,20260928,11.19,1.6894,1.7681,0.69,54.8762,23.4178,1.0931,1.1641,1.0532,,,224563.9258,183510.9746,175336.2402,2512870.2648,2053487.7543,4
3572,600885.SH,宏发股份,20260928,33.62,0.7077,0.9538,1.23,29.6042,26.6914,3.938,3.0246,2.6175,1.0321,1.0321,154759.4313,154759.4313,114837.8021,5203012.0366,5203012.0366,1
3573,600886.SH,国投电力,20260928,15.33,0.6948,2.2325,2.25,16.5971,17.2,1.8492,2.3146,2.3965,2.9778,3.3144,800449.4262,745417.9797,231980.5436,12270889.7619,11427257.6334,1
3574,600887.SH,伊利股份,20260928,27.03,0.6607,0.7226,1.18,14.7836,16.8892,3.1832,1.4786,1.4466,6.2893,5.1054,632536.0667,629392.9721,575539.3895,17097449.7018,17012491.9791,1
3575,600888.SH,新疆众和,20260928,9.09,2.8266,4.7799,1.16,21.3274,17.7972,1.0887,1.7883,1.7699,2.6846,1.4301,155308.5949,155308.5949,91843.7544,1411755.0831,1411755.0831,4
3576,600889.SH,*ST京化,20260928,13.24,0.267,0.46,0.83,,3970.8699,4.9171,25.8432,21.6239,,,58658.9347,36634.601,21263.6242,776644.2332,485042.104,4
3577,600892.SH,大晟文化,20260928,4.04,4.1822,6.4017,0.54,,,,6.7789,5.9711,,,55946.4188,55931.9536,36540.3789,226023.5368,225965.078,4
3578,600893.SH,航发动力,20260928,38.68,1.034,2.1077,1.02,162.5423,149.6943,2.5669,2.2254,1.9458,0.2508,0.1861,266559.4238,266512.4758,130745.0597,10310518.7524,10308702.7264,1
3579,600894.SH,广日股份,20260928,7.61,0.8292,1.9596,0.52,9.3532,10.785,0.7425,0.8898,0.8894,9.297,6.605,84720.6229,84314.4445,35678.2516,644723.9182,641632.8884,4
3580,600895.SH,张江高科,20260928,27.34,0.8717,1.5501,0.81,42.9371,44.7397,3.0944,10.1253,9.7819,0.8047,0.7315,154868.955,154868.955,87090.6251,4234117.3664,4234117.3664,4
3581,600897.SH,厦门空港,20260928,15.31,2.8282,8.8371,2.99,12.3149,13.0778,1.5494,3.0828,3.1569,2.0901,2.482,41693.4,41693.4,13343.4,638325.954,638325.954,4
3582,600900.SH,长江电力,20260928,28.55,0.4414,0.9375,1.42,20.2467,19.2963,3.2321,8.1001,7.986,3.303,3.5026,2446821.7716,2446821.7716,1152181.2125,69856761.5335,69856761.5335,1
3583,600901.SH,江苏金租,20260928,6.84,0.5868,1.4838,1.44,12.2252,11.7015,1.5376,6.4847,5.9866,5.8483,4.386,579186.6431,579045.2431,228992.358,3961636.6176,3960669.4416,1
3584,600903.SH,贵州燃气,20260928,6.43,2.7257,7.8377,0.66,158.8121,412.7863,2.404,1.127,1.1978,0.7726,0.2221,116398.525,116398.525,40479.3098,748442.5158,748442.5158,4
3585,600905.SH,三峡能源,20260928,3.53,0.3322,0.7223,1.8,27.1685,90.2088,1.1365,3.5534,3.7348,1.898,1.1615,2858765.0142,2858765.0142,1314969.1135,10091440.4853,10091440.4853,4
3586,600906.SH,财达证券,20260928,6.23,1.1559,1.8604,1.02,27.0603,17.7527,1.5845,7.4872,5.7124,2.0867,1.7657,324500.0,212423.495,131977.61,2021635.0623,1323398.405,4
3587,600908.SH,无锡银行,20260928,5.8,1.1359,1.4891,1.47,5.5125,5.4206,0.5319,2.6412,2.5983,5.6897,4.1379,219468.1695,199931.2665,152508.0708,1272915.386,1159601.366,4
3588,600909.SH,华安证券,20260928,7.59,1.5169,2.5807,0.96,18.0872,12.0301,1.396,7.5238,5.7336,1.7176,2.0718,502420.9278,502420.9278,295315.6365,3813374.8587,3813374.8587,4
3589,600916.SH,中国黄金,20260928,7.1,1.0796,2.2785,1.08,43.3062,50.5311,1.6652,0.1708,0.1875,4.9296,3.3803,168000.0,168000.0,79600.31,1192800.0,1192800.0,4
3590,600917.SH,重庆燃气,20260928,4.81,0.2737,0.5946,0.81,35.6576,41.6599,1.2926,0.7286,0.7462,1.7048,1.1227,156103.976,156103.976,71867.089,750860.1438,750860.1438,1
3591,600918.SH,中泰证券,20260928,5.34,0.5525,0.7519,0.99,29.4718,17.0781,0.9397,3.7115,3.069,0.412,0.9363,791834.0996,456282.4063,335270.5883,4228394.094,2436548.0694,4
3592,600919.SH,江苏银行,20260928,12.22,0.5419,0.6944,1.07,6.4999,6.2054,0.8264,2.55,2.4367,4.2604,4.616,1835132.4463,1835132.4463,1432171.4421,22425318.539,22425318.539,4
3593,600925.SH,苏能股份,20260928,4.09,0.4285,0.5588,0.95,125.0639,152.0387,1.8336,2.2243,1.9664,2.9829,0.489,688888.8889,160604.8586,123145.866,2817555.5601,656873.8774,1
3594,600926.SH,XD杭州银,20260928,16.81,0.5054,0.7456,1.09,6.4036,6.0383,0.8473,3.1407,3.0653,3.9262,4.4021,724900.2548,724900.2548,491383.3604,12185573.2025,12185573.2025,1
3595,600927.SH,永安期货,20260928,12.01,0.3372,2.2433,0.97,26.7257,22.6079,1.3129,9.4131,8.556,0.7519,1.1676,145044.4656,145044.4656,21801.1287,1741984.0847,1741984.0847,4
3596,600928.SH,西安银行,20260928,3.45,0.4298,1.572,1.03,5.7863,5.7193,0.4225,1.5386,1.4712,2.8986,2.8986,444444.4445,442335.4066,120948.7783,1533333.3525,1526057.1645,4
3597,600929.SH,雪天盐业,20260928,5.94,1.5017,4.0676,0.46,126.4947,141.2587,1.2735,1.7971,1.8237,1.4652,0.2525,164011.3256,164011.3256,60550.6837,974227.3002,974227.3002,4
3598,600930.SH,华电新能,20260928,3.81,1.0522,1.0522,1.0,21.8827,32.6859,1.4329,4.0772,3.9096,,1.5748,4171428.5714,1074319.5436,1074319.5436,15893142.8517,4093157.4474,4
3599,600933.SH,爱柯迪,20260928,13.52,1.0323,2.0942,0.47,11.8875,12.9448,1.4472,1.8785,1.6869,2.1222,2.9411,103001.9351,98101.3104,48358.4051,1392586.1626,1326329.7166,4
3600,600935.SH,华塑股份,20260928,2.29,0.6479,1.4663,0.85,,,1.4001,1.7661,1.7747,,,359473.8056,350740.1812,154979.4908,823195.002,803195.0122,0
3601,600936.SH,北投科技,20260928,4.27,1.4499,2.2083,0.65,,,6.9852,1.9849,2.4051,,,167102.6239,167102.6239,109713.4757,713528.1874,713528.1874,4
3602,600938.SH,中国海油,20260928,33.5,1.3736,1.3736,1.2,13.0425,11.5075,1.86,3.9984,3.675,3.7946,3.4177,4752995.3984,299000.0,299000.0,159225345.9,10016500.0,1
3603,600939.SH,重庆建工,20260928,2.58,0.4309,1.7258,0.58,,,0.7185,0.222,0.2673,,,190247.4944,190247.4944,47498.3763,490838.5242,490838.5242,4
3604,600941.SH,中国移动,20260928,97.71,0.8748,0.8748,1.09,15.4595,16.0813,1.4909,2.0181,2.0292,4.9065,2.2528,2169093.7654,90276.7867,90276.7867,211942152.2667,8820945.1509,1
3605,600955.SH,维远股份,20260928,12.23,0.4765,1.2464,1.27,,,0.8904,0.7671,0.6885,0.2437,0.4062,55000.0,55000.0,21026.3,672650.0,672650.0,4
3606,600956.SH,新天绿能,20260928,7.04,0.2536,2.0589,0.88,17.3473,18.6883,1.2982,1.5976,1.7462,2.9987,2.8409,450026.7473,234808.8677,28924.7424,3168188.301,1653054.4286,4
3607,600958.SH,东方证券,20260928,8.59,0.5334,0.7652,1.07,12.9556,10.9114,0.8942,4.7523,4.3143,2.5402,3.6946,849664.5292,746948.2864,520705.4164,7298618.3127,6416285.8111,4
3608,600959.SH,江苏有线,20260928,3.03,0.483,1.029,0.9,58.6385,94.8616,0.6704,1.8968,2.0213,0.7261,0.5281,500071.7686,500071.7686,234717.6519,1515217.4631,1515217.4631,4
3609,600960.SH,渤海汽车,20260928,3.88,0.8492,1.5373,1.01,37.5601,,1.9539,2.0181,2.1573,,,162023.3972,95051.5518,52508.6638,628650.792,368800.014,4
3610,600961.SH,株冶集团,20260928,22.31,2.304,4.7065,1.04,21.2719,9.6211,4.0843,1.0759,0.9211,,,107287.2703,107287.2703,52520.8583,2393578.9937,2393578.9937,4
3611,600962.SH,国投中鲁,20260928,25.1,1.889,3.4075,0.77,160.8317,372.6249,6.992,3.3173,3.5395,,,26221.0,26221.0,14535.4531,658147.1,658147.1,4
3612,600963.SH,岳阳林纸,20260928,3.3,1.3611,2.4136,0.77,,,0.7624,0.6693,0.7124,0.9133,,175756.7854,175756.7854,99114.3753,579997.407,579997.407,4
3613,600965.SH,*ST福成,20260928,2.66,0.4894,1.2727,1.31,38.245,55.0597,0.9913,1.8733,1.8161,1.4286,,81870.0955,81870.0955,31478.4226,217774.466,217774.466,4
3614,600966.SH,博汇纸业,20260928,4.74,0.841,1.6437,1.11,40.753,44.4581,0.8475,0.3308,0.3327,0.5551,0.4909,133684.4288,133684.4288,68397.8451,633664.1982,633664.1982,4
3615,600967.SH,内蒙一机,20260928,12.68,2.4813,5.5444,0.7,64.4486,99.5688,1.8004,2.1526,2.2643,0.5521,0.7808,170179.4667,170179.4667,76162.279,2157875.6796,2157875.6796,4
3616,600968.SH,海油发展,20260928,3.86,0.2375,1.2945,0.79,10.1014,10.0019,1.316,0.7791,0.7717,3.4974,3.8083,1016510.4199,1016510.4199,186510.4199,3923730.2212,3923730.2212,4
3617,600969.SH,郴电国际,20260928,9.65,1.6761,2.3937,0.65,46.7782,34.8789,0.9821,0.8611,0.851,,1.3057,37005.0484,37005.0484,25911.3429,357098.7325,357098.7325,4
3618,600970.SH,中材国际,20260928,7.66,0.7003,1.6967,1.31,7.0168,8.4571,0.8898,0.4049,0.4083,5.9153,6.2663,262181.2924,262181.2924,108205.5434,2008308.6814,2008308.6814,4
3619,600971.SH,恒源煤电,20260928,8.38,1.0232,2.2719,1.08,,101.8841,0.8566,1.8176,1.5241,5.6086,2.9618,120000.4884,120000.4884,54046.5995,1005604.1062,1005604.1062,4
3620,600973.SH,宝胜股份,20260928,5.7,0.9557,1.5867,0.94,,370.5828,2.1813,0.163,0.1369,,,137136.6248,137136.6248,82595.9815,781678.734,781678.734,4
3621,600975.SH,新五丰,20260928,5.1,1.5093,2.5155,0.86,,,4.4651,0.8781,0.9954,,,124966.174,124966.174,74979.3237,637327.467,637327.467,1
3622,600976.SH,健民集团,20260928,26.94,0.454,0.626,0.59,11.4844,13.06,1.5331,1.2263,1.301,3.3408,3.3408,15339.86,15329.86,11118.5986,413255.8284,412986.4284,1
3623,600977.SH,中国电影,20260928,12.89,1.4539,4.4548,0.84,206.4953,205.9404,2.2021,4.9793,5.1998,0.3569,0.2483,186700.0,186700.0,60931.75,2406563.0,2406563.0,4
3624,600979.SH,广安爱众,20260928,3.86,1.2529,1.8473,0.6,,,1.1415,1.5941,1.5926,1.4888,,125139.895,124168.6456,84216.0849,483040.014,479290.989,0
3625,600980.SH,北矿科技,20260928,18.61,1.3637,2.5993,1.19,28.8748,25.9671,2.3466,2.7517,2.5471,0.763,1.0478,19326.3526,18926.3526,9929.7752,359663.3735,352219.3735,4
3626,600981.SH,苏豪汇鸿,20260928,2.38,0.7213,2.2132,0.92,337.1103,,1.1129,0.0965,0.0927,0.4202,0.4202,224243.3192,224243.3192,73084.2181,533699.1016,533699.1016,1
3627,600982.SH,宁波能源,20260928,4.99,4.1992,8.5521,1.74,16.0304,15.238,1.2531,1.4725,1.3947,3.006,3.4068,111762.7485,111762.7485,54876.7377,557696.1225,557696.1225,1
3628,600983.SH,惠而浦,20260928,7.42,0.2114,1.0433,1.1,10.9424,11.8146,2.152,1.2646,1.3466,3.9084,9.0296,76643.9,76643.9,15529.6791,568697.738,568697.738,1
3629,600984.SH,建设机械,20260928,3.45,1.313,2.1565,0.83,,,2.7733,1.7055,1.7216,,,125704.3925,125704.3925,76534.8182,433680.1455,433680.1455,4
3630,600985.SH,淮北矿业,20260928,16.33,0.6818,1.7685,1.39,29.204,25.6675,1.0415,1.0695,1.0497,4.5928,1.5309,269325.8709,269325.8709,103832.6564,4398091.4571,4398091.4571,4
3631,600986.SH,浙文互联,20260928,6.71,1.8143,2.0936,0.56,116.6964,,1.9768,1.1954,1.1158,,,148737.4062,148737.4062,128897.8046,998028.0211,998028.0211,4
3632,600987.SH,航民股份,20260928,6.25,0.3589,0.7746,1.11,8.6825,8.8565,0.9462,0.595,0.6959,6.4,4.0,102081.8873,102081.8873,47302.869,638011.8125,638011.8125,4
3633,600988.SH,赤峰黄金,20260928,38.07,2.5829,3.0224,1.08,23.4718,19.5128,5.0502,5.7245,5.0297,0.4203,0.8406,190041.1178,166391.1378,142198.5632,7234865.4384,6334510.6998,4
3634,600989.SH,宝丰能源,20260928,22.45,0.6865,2.3229,1.04,14.5048,10.718,2.9822,3.4272,2.9709,3.0632,3.7107,733336.0,733336.0,216714.873,16463393.2,16463393.2,1
3635,600990.SH,四创电子,20260928,17.46,0.969,1.8011,1.31,,,3.1937,2.6911,3.0254,,,26901.2696,26901.2696,14473.0042,469696.1742,469696.1742,4
3636,600992.SH,贵绳股份,20260928,10.21,3.4325,4.4844,0.67,83.5775,,1.816,1.1987,1.258,,,24509.0,24509.0,18760.0182,250236.89,250236.89,4
3637,600993.SH,马应龙,20260928,22.39,0.6296,0.9748,1.13,16.5975,16.0619,2.1736,2.4961,2.4562,2.7691,3.1264,43105.3891,43031.7966,27795.0062,965129.6821,963482.002,1
3638,600995.SH,南网储能,20260928,11.68,0.2469,1.1199,1.02,22.108,18.9658,1.5933,5.06,4.5541,1.015,1.5981,319600.5805,319600.5805,70454.0636,3732934.7744,3732934.7744,4
3639,600996.SH,贵广网络,20260928,6.72,1.1956,2.2569,0.9,,,6.5082,6.6232,7.1279,,,124679.9854,124679.9854,66047.039,837849.5328,837849.5328,4
3640,600997.SH,开滦股份,20260928,5.22,0.6328,2.0599,0.98,,,0.6146,0.4766,0.4597,4.9808,0.3831,158779.9851,158779.9851,48778.1263,828831.5478,828831.5478,1
3641,600998.SH,九州通,20260928,4.93,0.6148,1.3862,0.83,11.0248,12.3686,0.9213,0.154,0.1484,4.0117,4.0117,504247.0234,504247.0234,223635.4727,2485937.8086,2485937.8086,1
3642,600999.SH,招商证券,20260928,16.92,0.5384,1.3248,1.13,11.9151,8.2722,1.1698,5.8925,4.0477,2.9314,3.6407,869652.6806,742200.5272,301633.7568,14714523.3456,12558032.9676,4
3643,601000.SH,唐山港,20260928,4.52,0.9612,2.2296,1.39,13.4036,12.6228,1.2563,4.7126,4.4073,4.4248,4.4248,592592.8614,592592.8614,255464.593,2678519.7272,2678519.7272,1
3644,601001.SH,晋控煤业,20260928,17.72,0.639,1.5019,0.59,16.1935,17.6664,1.5502,2.2624,2.2363,4.2607,3.0869,167370.0,167370.0,71206.7492,2965796.4,2965796.4,1
3645,601002.SH,晋亿实业,20260928,5.19,0.6819,1.2398,0.86,20.6055,15.0172,1.1231,2.1362,2.089,1.9123,1.5299,96165.072,95444.072,52497.1293,499096.7133,495354.7233,4
3646,601003.SH,柳钢股份,20260928,3.46,0.5129,2.666,0.71,13.583,24.0334,0.9925,0.1323,0.1357,,2.8902,263422.1771,263422.1771,50681.0488,911440.7428,911440.7428,4
3647,601005.SH,重庆钢铁,20260928,1.19,0.9996,1.4517,0.94,,,0.7755,0.4764,0.5028,,,960933.9524,831363.6567,572454.7643,1143511.4124,989322.7554,4
3648,601006.SH,大秦铁路,20260928,4.65,0.3705,0.8182,0.85,15.6543,15.2914,0.561,1.1896,1.1552,4.7989,4.7922,1986289.2778,1986289.2778,899397.0241,9236245.152,9236245.152,4
3649,601007.SH,金陵饭店,20260928,6.77,1.4574,2.5796,0.92,41.6246,39.4382,1.6695,1.4486,1.4813,1.034,1.9941,39000.0,39000.0,22033.2082,264030.0,264030.0,4
3650,601008.SH,连云港,20260928,4.4,0.9296,2.2542,0.77,31.9946,28.6442,1.3003,2.1236,2.0709,1.3636,2.0455,124063.8006,124063.8006,51163.7271,545880.72,545880.72,0
3651,601009.SH,南京银行,20260928,11.9,0.5602,1.3112,1.6,6.7467,6.4422,0.7616,2.6489,2.5082,4.1664,4.4466,1236356.7245,1236356.7245,528224.2518,14712644.968,14712644.968,4
3652,601010.SH,ST文峰,20260928,1.42,0.5771,0.8259,0.87,,,0.6329,1.707,1.8843,7.3333,,180869.62,180869.62,126397.1633,256834.8604,256834.8604,4
3653,601011.SH,宝泰隆,20260928,2.86,2.1918,3.1897,0.96,,,1.0239,7.995,8.4769,,,191566.4539,191566.4539,131629.9649,547880.047,547880.047,4
3654,601012.SH,隆基绿能,20260928,10.81,1.136,1.4419,1.27,,,1.7011,1.1645,1.2685,,,757806.9148,757806.1602,597013.0711,8191892.6971,8191884.5896,4
3655,601015.SH,陕西黑猫,20260928,3.51,3.0217,7.7789,0.77,,,1.5068,0.7076,0.7206,,,204249.7639,204249.7639,79341.5415,716916.6576,716916.6576,4
3656,601016.SH,节能风电,20260928,3.25,0.9487,1.6744,0.63,31.0187,50.6917,1.1853,4.7314,5.0169,3.3174,0.4293,654449.0575,603826.0256,342120.636,2126959.445,1962434.5975,0
3657,601018.SH,宁波港,20260928,3.43,0.2387,1.5138,0.82,12.9107,13.0495,0.8175,2.1511,2.0264,4.0233,3.5277,1945438.8399,1945438.8399,306805.4656,6672855.2212,6672855.2212,1
3658,601019.SH,山东出版,20260928,6.67,0.4843,2.365,0.76,11.8572,12.1851,0.8951,1.2451,1.2919,5.5472,4.3478,208690.0,208690.0,42738.5758,1391962.3,1391962.3,4
3659,601020.SH,华钰矿业,20260928,19.52,2.9829,3.6848,1.05,18.3819,19.7391,3.6328,7.7299,8.0241,0.2049,0.4047,81996.4698,81996.4698,66378.5617,1600571.0944,1600571.0944,4
3660,601021.SH,春秋航空,20260928,40.44,1.262,2.8586,2.02,17.0725,18.0571,2.2359,1.8436,1.6842,3.0728,2.0664,97833.3423,97833.3423,43190.234,3956380.2696,3956380.2696,1
3661,601022.SH,宁波远洋,20260928,8.33,0.4505,2.3711,0.42,18.5175,19.5655,1.8926,1.9832,1.8284,2.3121,1.533,145403.7038,130863.3334,24863.3334,1211212.821,1090091.5389,4
3662,601026.SH,道生天合,20260928,14.87,4.0052,4.0052,0.55,48.3855,47.6638,3.8528,2.8051,2.7932,1.0087,2.5555,65940.0,11108.569,11108.569,980527.8,165184.4359,4
3663,601033.SH,永兴股份,20260928,14.12,0.8588,0.8588,0.83,14.7674,13.7884,1.1793,2.9643,2.8398,4.2493,4.4618,90000.0,24000.0,24000.0,1270800.0,338880.0,4
3664,601038.SH,一拖股份,20260928,13.62,0.7765,3.1008,0.77,18.8484,18.5457,1.8617,1.4141,1.299,2.7015,1.9609,112364.5275,73170.5275,18321.9422,1530404.8986,996582.6186,4
3665,601058.SH,赛轮轮胎,20260928,13.21,0.981,1.3276,0.94,12.331,11.2778,1.9166,1.1806,1.1071,2.8766,2.4981,328810.0259,328810.0259,242962.6184,4343580.4963,4343580.4963,4
3666,601061.SH,中信金属,20260928,10.42,0.2763,2.7011,0.96,18.9846,13.045,2.0615,0.36,0.3093,1.6123,2.1113,490000.0,490000.0,50115.3847,5105800.0,5105800.0,4
3667,601065.SH,江盐集团,20260928,6.62,0.357,0.6951,0.86,16.9675,28.9381,0.957,1.8823,1.9789,3.3233,1.8127,64277.6079,64277.6079,33012.7101,425517.7782,425517.7782,4
3668,601066.SH,中信建投,20260928,23.03,0.161,1.0033,0.99,18.9245,14.2113,2.0399,7.6597,6.2004,0.7165,1.4763,775669.4797,649567.1035,104246.0291,17863668.1244,14959530.313,4
3669,601068.SH,中铝国际,20260928,4.2,0.6213,5.3744,0.83,48.6988,47.8633,4.0395,0.544,0.5598,,,298691.7967,255959.0667,29590.6667,1254505.56,1075028.094,4
3670,601069.SH,西部黄金,20260928,23.97,1.6813,4.5898,1.08,46.2682,24.6147,4.249,1.6095,1.1151,0.2101,0.6508,91099.9123,88718.8443,32499.3323,2183664.8427,2126590.5948,4
3671,601077.SH,渝农商行,20260928,6.66,0.9326,1.5699,1.21,6.2364,6.0042,0.5404,2.6402,2.5382,4.5736,4.8185,1135700.0,883824.2409,525035.6542,7563762.0666,5886269.4384,1
3672,601083.SH,锦江航运,20260928,12.77,3.0274,3.0274,0.66,11.0149,11.3412,1.7868,2.3573,2.2473,3.8215,6.3587,129412.0,19412.0,19412.0,1652591.24,247891.24,1
3673,601086.SH,国芳集团,20260928,15.85,14.7053,56.073,1.1,150.1999,88.8811,6.5923,13.1898,12.5684,0.5004,0.6255,66600.0,66600.0,17466.0,1055610.0,1055610.0,1
3674,601088.SH,中国神华,20260928,48.39,0.1399,0.8615,1.19,19.8594,19.443,2.3275,3.5588,3.3985,6.0298,3.9524,2168943.4304,1649103.7955,267832.8759,104955172.5777,79800132.882,1
3675,601089.SH,福元医药,20260928,16.09,0.5066,1.8517,0.81,16.4546,19.9209,2.0698,2.2038,2.1569,3.0298,3.0298,48000.0,48000.0,13132.2997,772320.0,772320.0,1
3676,601091.SH,沈鼓集团,20260928,27.71,53.5881,53.5881,0.89,116.5402,117.5774,15.296,8.5138,8.373,,,311000.2589,21116.3182,21116.3182,8617817.2046,585133.2272,1
3677,601096.SH,宏盛华源,20260928,3.9,0.963,2.2273,0.96,28.1105,29.2731,2.18,1.0896,1.0919,1.0256,1.1538,267515.5088,164297.6541,71039.2153,1043310.45,640760.835,4
3678,601098.SH,中南传媒,20260928,9.94,0.6465,1.8312,1.35,11.199,11.8204,1.0956,1.4167,1.4783,5.5332,5.5332,179600.0,179600.0,63411.652,1785224.0,1785224.0,4
3679,601099.SH,太平洋,20260928,3.43,1.4218,1.596,0.65,111.0488,100.0678,2.3263,17.6147,16.698,,,681631.637,681631.637,607227.6395,2337996.5252,2337996.5252,4
3680,601100.SH,恒立液压,20260928,90.0,0.7524,2.1102,1.26,44.1363,44.0214,6.7368,11.0295,9.5755,1.1111,0.9556,134082.0992,134082.0992,47806.4039,12067389.0,12067389.0,4
3681,601101.SH,昊华能源,20260928,12.89,1.0836,2.9531,0.95,36.2237,22.9487,1.4927,2.3124,2.1985,3.5531,1.9395,143999.7926,143999.7926,52838.4382,1856157.2931,1856157.2931,4
3682,601106.SH,中国一重,20260928,2.87,0.6252,1.5581,0.74,,,3.8008,2.0048,2.0883,,,685778.2927,685778.2927,275153.0356,1968183.6923,1968183.6923,4
3683,601107.SH,四川成渝,20260928,6.0,0.4833,2.2609,1.37,12.1259,11.9903,1.0867,2.095,1.9701,4.8333,4.95,305806.0,216274.0,46233.7162,1834836.0,1297644.0,4
3684,601108.SH,财通证券,20260928,8.12,0.8481,1.2546,0.89,14.3251,10.9334,0.9676,5.4473,4.5375,2.0752,1.3428,464376.899,464376.899,313899.0534,3770740.428,3770740.428,4
3685,601111.SH,中国国航,20260928,5.76,0.7061,2.198,1.19,,,1.9716,0.6883,0.6558,,,2049256.103,1163810.9474,373886.4707,11803715.1533,6703551.057,4
3686,601112.SH,振石股份,20260928,16.37,3.2526,3.2526,0.58,38.8171,35.8435,4.343,3.9556,3.6758,,1.0507,174036.6367,18273.85,18273.85,2848979.7968,299142.9245,1
3687,601113.SH,华鼎股份,20260928,3.52,1.4871,2.1823,1.25,21.326,40.1045,0.9959,1.0086,1.0023,,,135415.2226,110415.2226,75239.5384,476661.5744,388661.5744,4
3688,601116.SH,三江购物,20260928,9.84,1.2896,3.2937,0.49,28.7576,33.3099,1.6333,1.3723,1.4323,2.0325,1.0163,54767.84,54767.84,21442.9346,538915.5456,538915.5456,4
3689,601117.SH,中国化学,20260928,7.13,0.6281,1.1083,1.04,6.7638,6.7182,0.6182,0.2297,0.2286,2.6093,2.9596,610556.0662,608806.7362,345054.4487,4353264.7791,4340792.0562,4
3690,601118.SH,海南橡胶,20260928,5.99,3.2061,8.9944,1.15,,,2.6983,0.6069,0.6912,0.182,,427942.7797,427942.7797,152541.5773,2563377.2522,2563377.2522,4
3691,601121.SH,宝地矿业,20260928,6.85,1.0678,2.2099,1.05,48.0421,25.1475,1.5131,4.1827,3.7901,0.445,1.4993,98424.2748,83143.8936,40173.3053,674206.2495,569535.6465,4
3692,601123.SH,马矿股份,20260928,17.62,25.007,25.007,0.83,36.1491,33.0295,5.213,10.9238,10.5677,,,123461.1111,9582.8258,9582.8258,2175384.9344,168849.4646,4
3693,601126.SH,XD四方股,20260928,35.9,1.8969,3.2002,0.89,36.078,34.4922,6.1983,3.6502,3.4555,2.006,3.3427,83308.15,82572.79,48944.8374,2990762.585,2964363.161,4
3694,601127.SH,赛力斯,20260928,45.09,1.6342,3.4703,1.38,13.186,60.4653,2.096,0.4759,0.4905,2.8388,2.46,174198.5086,155720.3392,73330.6827,7854610.8159,7021430.1306,4
3695,601128.SH,常熟银行,20260928,6.14,1.4048,1.5438,1.29,5.3088,5.0577,0.6824,1.9278,1.8689,5.5859,1.7767,364817.9244,364817.9244,331955.9747,2239982.0288,2239982.0288,4
3696,601133.SH,柏诚股份,20260928,23.58,2.5552,8.9694,0.62,60.4745,59.7425,4.0628,3.0018,2.845,0.8927,0.5089,52617.6339,52438.6744,14938.6744,1240723.7154,1236503.8386,4
3697,601136.SH,首创证券,20260928,13.85,0.3811,2.1636,0.82,35.8355,30.5827,2.734,14.9726,13.5765,1.4079,1.213,273333.38,273333.38,48148.38,3785667.313,3785667.313,4
3698,601137.SH,博威合金,20260928,19.18,1.1235,1.9247,0.97,140.996,,1.7989,0.8485,0.7601,2.3075,0.2139,91812.6932,91812.6932,53591.4915,1760967.3942,1760967.3942,4
3699,601138.SH,工业富联,20260928,58.92,0.3244,2.0013,0.82,33.1358,24.9232,6.6526,1.295,1.0629,1.0866,1.6634,1984409.2284,1984409.2284,321690.8737,116921391.8316,116921391.8316,4
3700,601139.SH,深圳燃气,20260928,6.24,0.4477,1.8308,1.09,12.7494,11.593,1.0843,0.6024,0.6157,2.5641,2.5641,287674.4455,287674.4455,70347.3026,1795088.568,1795088.568,1
3701,601155.SH,新城控股,20260928,12.66,0.9924,3.0258,0.65,41.9878,45.0393,0.4571,0.5387,0.5881,,,225562.2856,225562.2856,73982.2856,2855618.5914,2855618.5914,1
3702,601156.SH,东航物流,20260928,18.45,1.2041,1.6582,2.22,10.8965,10.3954,1.4664,1.2071,1.0745,1.561,3.6694,158755.5556,94459.5556,68592.1323,2929040.082,1742778.882,1
3703,601158.SH,重庆水务,20260928,3.97,0.1012,0.8848,0.8,23.5612,22.9425,1.1113,2.5325,2.5142,3.9546,3.199,480003.0119,480003.0119,54906.943,1905611.9497,1905611.9497,4
3704,601162.SH,天风证券,20260928,3.49,1.4594,1.9428,0.94,225.6172,107.1274,1.2843,12.3201,10.9201,,,1007398.5234,859797.0474,645886.2107,3515820.8697,3000691.7045,4
3705,601163.SH,三角轮胎,20260928,12.16,0.2123,0.6027,0.96,10.5408,11.2197,0.6964,0.9905,0.9605,4.3586,4.2763,80000.0,80000.0,28183.215,972800.0,972800.0,4
3706,601166.SH,兴业银行,20260928,17.77,0.2966,0.415,1.11,4.8544,4.9837,0.4497,1.7677,1.77,5.9651,5.9989,2116285.9513,2116285.9513,1512501.8184,37606401.3315,37606401.3315,4
3707,601168.SH,西部矿业,20260928,33.77,1.4042,2.0821,0.99,22.0919,13.5417,3.5894,1.3046,1.1577,2.9612,0.2961,238300.0,238300.0,160709.3052,8047391.0,8047391.0,4
3708,601169.SH,北京银行,20260928,5.45,0.6805,0.9835,1.04,5.7368,5.5047,0.4042,1.6937,1.6446,5.8716,5.1009,2114298.4272,2114298.4272,1463037.4002,11522926.4435,11522926.4435,4
3709,601177.SH,杭齿前进,20260928,13.61,0.873,1.58,0.91,21.8873,19.4793,1.8529,2.3126,2.2013,0.4411,0.5143,40771.35,40241.65,22236.025,554898.0735,547688.8565,4
3710,601179.SH,中国西电,20260928,11.48,0.9181,1.9075,0.93,46.3464,43.2825,2.5119,2.477,2.3855,0.8275,0.9495,512588.2352,512588.2352,246696.7667,5884512.9952,5884512.9952,4
3711,601186.SH,中国铁建,20260928,5.93,0.2019,0.5108,1.0,4.3854,4.9249,0.29,0.0782,0.0831,5.059,5.059,1357954.15,1150324.55,454692.891,8052668.1095,6821424.5815,4
3712,601187.SH,厦门银行,20260928,6.82,0.609,1.3565,0.67,6.8313,6.6186,0.655,3.0716,2.8181,4.3988,3.6657,263912.7888,263338.0092,118225.9132,1799885.2278,1795965.2282,4
3713,601188.SH,龙江交通,20260928,2.84,0.6772,1.3651,0.77,22.0562,23.4094,0.8095,4.813,4.9505,2.5,1.831,130546.9915,130546.9915,64759.1344,370753.4516,370753.4516,4
3714,601199.SH,江南水务,20260928,6.63,2.0538,5.7576,1.24,16.7745,17.5423,1.3226,4.2515,4.1573,2.1116,1.81,93521.0292,93521.0292,33360.724,620044.4289,620044.4289,1
3715,601200.SH,上海环境,20260928,6.72,0.4434,1.0192,1.18,14.9992,15.7707,0.7671,1.4455,1.5179,1.4881,2.0089,134623.0251,134623.0251,58565.0067,904666.7616,904666.7616,4
3716,601208.SH,东材科技,20260928,50.8,7.0476,9.1646,0.88,179.7832,126.139,8.2525,9.9045,8.7802,0.1732,0.2953,101018.2943,101018.2943,77683.7868,5131729.132,5131729.132,5
3717,601211.SH,国泰海通,20260928,16.81,0.4924,0.6094,1.18,10.6273,9.1408,0.8927,4.6831,3.4206,2.5458,2.9602,1758105.7948,1344912.4024,1086594.4485,29553758.498,22607977.444,4
3718,601212.SH,白银有色,20260928,5.49,1.8265,4.8925,0.69,,,2.6358,0.4757,0.469,0.0729,,740477.4511,740477.4511,276434.0933,4065221.2005,4065221.2005,4
3719,601216.SH,君正集团,20260928,4.46,0.4912,1.3078,0.78,11.3441,12.281,1.3701,1.4911,1.4776,3.3632,8.5202,843801.739,843801.739,316969.099,3763355.7604,3763355.7604,4
3720,601218.SH,吉鑫科技,20260928,6.05,27.3259,35.1105,1.76,43.3794,33.9316,1.921,4.1695,3.4746,0.1653,0.7438,96903.3512,96903.3512,75418.4124,586265.2675,586265.2675,2
3721,601222.SH,林洋能源,20260928,5.85,0.6478,1.0748,0.91,48.888,34.4173,0.7701,2.4492,1.7255,6.0855,1.5043,204122.0156,204122.0156,123020.8429,1194113.817,1194113.817,4
3722,601225.SH,陕西煤业,20260928,25.85,0.3186,0.9168,1.08,14.949,12.2859,2.4779,1.5844,1.5753,4.9445,3.5164,969500.0,969500.0,336903.9335,25061575.0,25061575.0,1
3723,601226.SH,华电科工,20260928,6.42,0.7309,1.979,0.63,47.6121,41.6806,1.6875,0.7156,0.6697,0.5316,0.7477,116222.37,116222.37,42921.6044,746147.6154,746147.6154,4
3724,601228.SH,广州港,20260928,3.02,0.2119,1.1834,0.87,27.7305,27.5906,1.0547,1.6382,1.6798,1.2914,1.0927,754453.1351,754453.1351,135073.0696,2278448.4828,2278448.4828,4
3725,601229.SH,上海银行,20260928,9.51,0.3548,0.5507,1.38,5.5853,5.5697,0.5256,2.4676,2.4019,5.4675,5.4679,1420903.8737,1420903.8737,915542.701,13512795.8037,13512795.8037,0
3726,601231.SH,环旭电子,20260928,23.67,1.3785,4.793,1.08,30.5087,27.7529,2.5241,0.9553,0.9533,0.8906,1.8063,238893.5678,238893.5678,68708.8076,5654610.8019,5654610.8019,4
3727,601233.SH,桐昆股份,20260928,23.28,0.8279,1.3992,0.74,27.2447,10.737,1.3018,0.5899,0.5406,0.4304,0.5155,237900.149,237467.222,140498.8289,5538315.492,5528236.8816,1
3728,601236.SH,红塔证券,20260928,6.86,0.3061,1.3425,0.63,26.53,30.5726,1.3214,13.2276,14.1989,2.2412,3.0612,469323.3706,469323.3706,106996.4006,3219558.3182,3219558.3182,4
3729,601279.SH,英利汽车,20260928,3.55,1.0922,4.5313,1.3,,,1.3753,1.3032,1.4046,0.2817,,158578.5985,158578.5985,38222.869,562954.03,562954.03,1
3730,601288.SH,农业银行,20260928,6.86,0.0994,1.1087,1.1,8.2493,8.059,0.8401,3.3102,3.1333,5.2682,3.6371,34998303.3873,31924421.0777,2862106.1712,240088361.2554,219001528.6088,4
3731,601298.SH,青岛港,20260928,9.86,0.1933,1.5738,1.15,12.1412,12.3271,1.356,3.4032,3.2277,3.5223,3.503,649110.0,539207.5,66237.6,6400224.6,5316585.95,1
3732,601311.SH,骆驼股份,20260928,7.24,0.576,0.9542,0.94,10.1375,14.5035,0.8555,0.521,0.5325,4.0055,4.9724,117314.6118,117314.6118,70819.8745,849357.7764,849357.7764,4
3733,601318.SH,中国平安,20260928,52.4,0.6679,0.7342,1.31,7.04,5.9557,0.9229,0.9032,0.843,4.9046,5.2099,1810764.1995,1066006.5083,969734.5981,94884044.08,55858741.124,4
3734,601319.SH,中国人保,20260928,8.0,0.1578,1.8762,0.7,7.5846,6.222,1.0401,0.5288,0.5053,3.1872,2.7499,4422399.0583,3549775.6583,298560.3196,35379192.48,28398205.28,4
3735,601326.SH,秦港股份,20260928,3.48,0.4041,1.7419,0.9,12.1053,11.8966,0.9347,2.7835,2.7109,2.4425,3.3046,558741.2,475755.9,110357.5437,1944419.376,1655630.532,1
3736,601328.SH,交通银行,20260928,7.59,0.8285,0.9405,1.49,7.0139,6.8802,0.5743,2.5302,2.4473,5.733,4.278,8836378.4223,2607243.9569,2296728.4001,67068112.2253,19788981.6329,1
3737,601330.SH,绿色动力,20260928,8.17,1.2715,4.0472,1.06,18.9253,16.5799,1.4192,3.3073,3.1362,3.5397,3.8732,143040.5143,98909.5351,31074.3837,1168640.9667,808090.9418,1
3738,601333.SH,广深铁路,20260928,3.06,0.8247,1.5421,0.68,15.2025,14.3837,0.7484,0.7556,0.7346,2.2876,2.9412,708353.7,565223.7,302278.57,2167562.322,1729584.522,0
3739,601336.SH,新华保险,20260928,55.9,0.6269,1.861,1.19,4.806,3.9384,1.4111,1.1055,1.02,4.7585,4.8837,311954.66,208543.934,70249.7025,17438265.494,11657605.687,4
3740,601339.SH,百隆东方,20260928,7.28,0.7758,3.0181,1.31,16.6382,13.223,1.1854,1.3888,1.2777,5.6319,5.9066,149956.9,149956.9,38548.2228,1091686.232,1091686.232,4
3741,601360.SH,三六零,20260928,8.95,1.4181,3.4385,1.01,238.1861,82.3767,2.2176,7.2069,6.9318,2.2346,1.676,699955.7879,699955.7879,288679.3744,6264604.3205,6264604.3205,0
3742,601366.SH,利群股份,20260928,3.58,0.7681,1.2676,0.72,,,0.8138,0.5075,0.5853,0.4956,2.7933,95974.1113,95974.1113,58154.1929,343587.3138,343587.3138,0
3743,601368.SH,绿城水务,20260928,4.59,0.6623,1.5363,1.67,42.5609,33.0318,0.8385,1.6193,1.6139,0.6536,0.7625,88297.3077,88297.3077,38062.6493,405284.6529,405284.6529,1
3744,601369.SH,陕鼓动力,20260928,8.62,0.6077,1.5734,0.42,19.8431,22.3034,1.653,1.5753,1.5557,4.9933,1.7418,172178.707,172099.118,66470.2557,1484180.4802,1483494.4144,4
3745,601375.SH,中原证券,20260928,3.89,0.9423,1.2378,1.06,39.6228,29.3768,1.2281,9.2009,7.8408,0.6427,0.7712,464288.47,344751.97,262453.5853,1806082.1483,1341085.1633,4
3746,601377.SH,兴业证券,20260928,5.74,0.6954,0.9824,1.19,17.2698,13.5089,0.8815,4.1862,3.7646,2.6132,2.6132,863598.7294,863598.7294,611290.5527,4957056.7102,4957056.7102,4
3747,601388.SH,怡球资源,20260928,3.11,1.1549,2.1547,1.06,40.3086,18.7093,1.453,0.901,0.8505,,0.8039,220122.2616,220122.2616,117976.163,684580.2286,684580.2286,4
3748,601390.SH,中国中铁,20260928,4.22,0.2747,0.6298,0.84,4.5223,5.2494,0.3206,0.0949,0.0985,6.2186,3.9948,2453131.0329,2032392.0329,886519.4439,10352212.9466,8576694.3666,4
3749,601398.SH,工商银行,20260928,8.15,0.1109,0.959,1.21,7.8812,7.7637,0.7331,3.4651,3.312,5.5141,3.8074,35640625.7089,26961221.2539,3119269.1681,290471099.5365,219733953.1875,1
3750,601399.SH,国机重装,20260928,3.05,0.7084,1.8937,0.84,47.4664,45.5408,1.4686,1.5856,1.5703,,,721355.589,721355.589,269849.5069,2200134.5495,2200134.5495,4
3751,601456.SH,国联民生,20260928,8.57,0.4048,0.629,1.48,24.2333,21.1925,0.9277,6.3443,5.9136,0.6534,0.7001,568059.2806,438326.6216,282089.6677,4868268.0296,3756459.1334,1
3752,601500.SH,通用股份,20260928,3.81,0.5741,0.7023,0.92,29.9483,21.9145,1.0033,0.7098,0.6743,,,158300.0735,158300.0735,129413.5215,603123.2667,603123.2667,4
3753,601512.SH,中新集团,20260928,8.35,0.1426,0.7505,0.8,11.8519,12.8346,0.8076,3.8936,5.6484,1.5329,2.5389,149889.0,149889.0,28479.0,1251573.15,1251573.15,1
3754,601515.SH,衢州东峰,20260928,3.14,0.7019,1.4068,1.26,,,1.2558,4.7591,4.2838,,,192447.0671,192447.0671,96019.6132,604283.7998,604283.7998,4
3755,601518.SH,吉林高速,20260928,2.74,0.5557,1.8774,1.03,10.5537,10.6639,0.9101,3.7869,3.8659,3.1387,4.7445,189055.3169,189055.3169,55961.5908,518011.5768,518011.5768,4
3756,601519.SH,大智慧,20260928,8.19,1.3209,2.6393,0.63,,,12.6212,19.7097,19.1158,,,198916.0,198916.0,99553.4734,1629122.04,1629122.04,4
3757,601528.SH,瑞丰银行,20260928,4.99,0.6335,0.6928,1.02,4.9807,4.9595,0.4799,2.2212,2.2438,4.008,6.2124,196216.1395,185577.0886,169683.591,979118.5386,926029.6791,1
3758,601555.SH,东吴证券,20260928,8.08,0.6104,0.8517,1.14,11.3022,9.9346,0.9292,4.4458,3.8777,4.6411,4.4307,496870.2837,496870.2837,356109.0216,4014711.8624,4014711.8624,4
3759,601566.SH,九牧王,20260928,9.13,5.8437,20.5548,1.37,17.8185,32.803,1.3972,1.7634,1.7294,3.2859,5.4765,57463.715,57463.715,16336.901,524643.7636,524643.7636,4
3760,601567.SH,三星电气,20260928,14.63,4.0983,8.6184,2.9,16.1372,34.8396,1.753,1.4316,1.506,9.3602,4.2886,140520.94,140520.94,66821.8017,2055821.3522,2055821.3522,5
3761,601568.SH,北元化工,20260928,3.52,0.4693,1.1824,1.37,129.1033,325.5854,1.2445,1.5643,1.6,2.8409,1.4205,397222.2224,397222.2224,157648.339,1398222.2144,1398222.2144,4
3762,601577.SH,长沙银行,20260928,9.6,0.602,1.0304,1.36,4.7618,4.6366,0.5082,1.5157,1.4848,6.4583,2.3958,402155.3754,402155.3754,234963.0892,3860691.648,3860691.648,4
3763,601579.SH,会稽山,20260928,41.84,11.245,27.1882,1.17,82.0006,71.7965,5.3439,11.0102,10.7958,0.9381,0.7036,47946.3409,47946.3409,19830.5209,2006074.8656,2006074.8656,2
3764,601588.SH,北辰实业,20260928,1.75,1.2986,2.606,0.62,,,1.012,0.9722,0.9681,,,336702.0,266000.0,132552.1697,589228.5,465500.0,0
3765,601595.SH,上海电影,20260928,22.74,2.0852,6.7737,0.64,90.2777,137.0016,6.1012,11.0984,11.6666,0.2111,0.4442,44820.0,44820.0,13797.1683,1019206.8,1019206.8,4
3766,601598.SH,中国外运,20260928,6.6,0.3606,1.8031,1.58,11.7725,12.4604,1.1459,0.4891,0.5105,4.3971,4.547,717375.1227,515747.0227,103153.2957,4734675.792,3403930.332,4
3767,601599.SH,浙文影业,20260928,3.21,1.3341,1.7344,0.87,28.0702,34.8551,2.3253,1.1535,1.1148,,,116054.2453,116054.2453,89272.4964,372534.1425,372534.1425,4
3768,601600.SH,中国铝业,20260928,8.68,1.112,1.9015,0.9,11.7488,8.5209,1.7621,0.6175,0.5953,2.9725,3.1107,1715475.8747,1320333.9905,772126.7357,14890330.6384,11460499.0332,4
3769,601601.SH,中国太保,20260928,30.5,0.5277,1.0316,0.94,5.484,5.203,0.9192,0.6743,0.6567,3.541,3.7705,962034.1455,684504.1455,350157.5939,29342041.575,20877376.575,4
3770,601606.SH,长城军工,20260928,31.0,2.1052,5.121,0.7,2689.9723,,10.4911,14.3525,16.8248,,0.0129,72422.84,72422.84,29772.6841,2245108.04,2245108.04,4
3771,601607.SH,上海医药,20260928,15.89,0.3168,0.8851,1.04,10.2935,12.3531,0.7521,0.2078,0.2036,1.825,2.832,370836.1809,278920.7505,99826.2872,5892586.9002,4432050.7175,4
3772,601608.SH,中信重工,20260928,4.54,0.5021,1.4096,0.92,55.3749,54.5044,2.217,2.5646,2.5507,0.63,0.7225,457955.3437,457955.3437,163124.5936,2079117.2436,2079117.2436,4
3773,601609.SH,金田股份,20260928,11.19,2.6511,5.4649,0.9,25.7072,23.5517,1.8966,0.1547,0.1333,0.8264,1.2128,172863.8193,172863.8193,83857.94,1934346.1458,1934346.1458,4
3774,601611.SH,中国核建,20260928,10.0,0.4389,1.3201,0.91,22.8486,27.9528,1.338,0.2957,0.3262,1.04,0.6,301383.4212,301383.4212,100211.0724,3013834.2,3013834.2,4
3775,601615.SH,明阳智能,20260928,9.51,1.9595,2.5912,1.27,32.5923,133.4688,0.8239,0.5646,0.5661,3.0406,1.8582,226149.6706,226149.6706,171013.8368,2150683.3617,2150683.3617,4
3776,601616.SH,广电电气,20260928,3.75,1.0697,1.4966,0.89,,,1.3742,4.177,3.6055,1.8667,,85367.5319,85367.5319,61015.9149,320128.2375,320128.2375,4
3777,601618.SH,中国中冶,20260928,2.46,0.3771,1.0465,0.93,38.5101,92.7813,0.4962,0.1118,0.1293,2.2764,,2069161.917,1785261.917,643390.387,5090138.3232,4391744.3232,4
3778,601619.SH,嘉泽新能,20260928,3.81,1.2863,1.8966,1.23,16.0637,23.3333,1.4421,4.5903,4.7818,3.645,2.0295,301133.6508,253324.8859,171809.4194,1147319.2065,965167.8309,4
3779,601628.SH,中国人寿,20260928,36.77,0.087,1.2084,0.79,6.7452,4.1969,1.5647,1.688,1.2819,1.8711,2.328,2826470.5,2082353.0,150000.0,103929320.285,76568119.81,4
3780,601633.SH,长城汽车,20260928,13.79,0.18,1.0182,0.75,11.9909,19.7391,1.3588,0.5309,0.5086,3.253,2.528,857820.3749,621323.2899,109823.2899,11829343.0402,8568048.1691,4
3781,601636.SH,旗滨集团,20260928,5.34,2.2551,3.6139,0.91,25.5218,,1.0996,1.0039,1.0156,0.7571,2.0222,295865.3728,295865.3728,184624.0627,1579921.0758,1579921.0758,4
3782,601658.SH,邮储银行,20260928,5.32,0.2388,1.6898,1.38,7.3098,7.1244,0.6106,1.7961,1.7326,3.8904,4.1034,12009505.3492,7252780.0605,1024990.3025,63890568.462,38584789.9192,4
3783,601665.SH,齐鲁银行,20260928,6.96,0.9141,1.4944,1.09,7.4964,6.9614,0.8234,3.2608,3.0923,3.01,3.5805,615384.2525,615384.2525,376404.5596,4283074.38,4283074.38,4
3784,601666.SH,平煤股份,20260928,8.79,0.8281,1.6969,0.98,93.8373,74.7935,0.9857,1.0572,0.9565,6.4975,0.646,246936.5109,246936.5109,120502.5969,2170571.9229,2170571.9229,4
3785,601668.SH,中国建筑,20260928,4.22,0.4293,1.0156,0.98,4.4632,5.506,0.3523,0.0837,0.0894,6.4336,6.4408,4132039.0444,4132039.0444,1746506.5119,17437204.7488,17437204.7488,4
3786,601669.SH,中国电建,20260928,4.52,0.412,0.6658,0.92,7.7807,9.2652,0.5273,0.1206,0.1212,2.8086,2.3345,1722615.9334,1307152.585,808778.7421,7786224.0488,5908329.7068,4
3787,601677.SH,明泰铝业,20260928,16.03,1.2865,1.5186,0.69,10.1686,8.2136,0.9801,0.5672,0.5077,1.6785,1.9652,124329.0627,124329.0627,105327.9378,1992994.8318,1992994.8318,4
3788,601678.SH,滨化股份,20260928,5.7,1.9336,2.19,0.69,60.9509,30.0194,1.1586,0.9255,0.8722,0.8589,1.0304,240896.2276,204333.6276,180408.959,1373108.511,1164701.691,4
3789,601686.SH,友发集团,20260928,4.93,0.4119,0.7196,1.36,10.7288,10.8608,1.057,0.1439,0.1435,5.7333,5.8742,147934.7326,147934.7326,84684.2326,729318.2189,729318.2189,4
3790,601688.SH,华泰证券,20260928,17.84,0.5982,0.8532,0.98,9.8294,7.8458,0.9004,4.4971,3.7236,2.9149,3.083,902686.3786,730675.8106,512325.0791,16103925.0192,13035256.4504,4
3791,601689.SH,拓普集团,20260928,46.5,1.5989,3.8432,1.04,29.0778,32.2375,3.3368,2.7318,2.6198,1.1161,1.0538,173783.558,173783.558,72300.1111,8080935.54,8080935.54,1
3792,601696.SH,中银证券,20260928,10.93,0.9076,1.7368,1.02,29.0481,24.7586,1.5512,8.9567,7.9759,0.3513,0.3449,277800.0,277800.0,145168.4209,3036354.0,3036354.0,4
3793,601698.SH,中国卫通,20260928,23.03,0.396,1.6843,0.86,220.4886,260.2702,6.1275,36.7847,36.673,0.1403,0.1363,422438.5412,422438.5412,99310.4778,9728759.5762,9728759.5762,4
3794,601699.SH,潞安环能,20260928,15.19,0.5865,1.5621,0.82,40.7473,29.4175,0.9701,1.6333,1.5799,2.6991,1.2311,299140.92,299140.92,112306.2688,4543950.5748,4543950.5748,4
3795,601700.SH,风范股份,20260928,6.11,3.0076,6.1034,0.51,,,3.1491,2.3352,1.9623,0.3206,,113875.73,113875.73,56115.96,695780.7103,695780.7103,4
3796,601702.SH,华峰铝业,20260928,14.8,0.3357,1.1067,0.78,12.2962,12.4313,2.2072,1.1835,1.1419,2.027,2.027,99853.06,99853.06,30293.0,1477825.288,1477825.288,4
3797,601717.SH,中创智领,20260928,13.09,1.338,2.138,1.74,5.4435,6.9112,0.9867,0.5651,0.5821,8.5561,9.5493,178539.993,154216.573,96507.8473,2337088.4691,2018694.9013,4
3798,601718.SH,ST际华,20260928,1.91,0.3895,0.8025,1.51,,,0.6982,1.2027,1.359,,,436106.9503,436106.9503,211692.1512,832964.2745,832964.2745,4
3799,601727.SH,上海电气,20260928,6.44,0.3681,0.7471,0.73,82.9687,73.8335,1.8081,0.7945,0.7414,,0.2213,1554012.1636,1261563.9636,621520.4251,10007838.3104,8124471.9024,4
3800,601728.SH,中国电信,20260928,6.25,0.1516,0.8196,1.61,17.2344,19.2207,1.212,1.0916,1.1137,4.3824,4.0224,9150713.8699,7762972.8699,1435912.6872,57191961.6875,48518580.4375,1
3801,601766.SH,中国中车,20260928,6.12,0.7942,1.9845,1.59,13.325,12.6123,0.9952,0.6432,0.6163,5.2288,3.7582,2869886.4088,2432779.8048,973548.9798,17563704.8292,14888612.376,1
3802,601777.SH,千里科技,20260928,8.43,1.1816,2.843,2.21,451.5304,289.7096,3.6907,3.8116,3.4855,,,452110.0071,452110.0071,187904.5289,3811287.3843,3811287.3843,1
3803,601778.SH,晶科科技,20260928,3.34,1.7509,2.2716,0.87,37.6988,631.9536,0.756,3.1883,3.9113,0.7844,0.8336,372304.7402,372304.7402,286964.4498,1243497.8323,1243497.8323,4
3804,601788.SH,光大证券,20260928,13.58,0.297,0.6477,0.97,16.8129,14.6626,1.0186,5.77,5.3141,1.606,2.0876,461078.7639,390669.8839,179122.5656,6261449.5608,5305296.9704,4
3805,601789.SH,宁波建工,20260928,4.13,1.768,2.4176,0.54,26.6846,23.1175,1.0038,0.2933,0.3236,1.7262,1.2107,152439.1877,108679.859,79479.859,629573.8547,448847.8218,4
3806,601798.SH,蓝科高新,20260928,7.52,1.2644,2.0178,1.37,54.8145,33.0221,1.9979,2.6866,2.7006,,,35452.8198,35452.8198,22215.4098,266605.2064,266605.2064,4
3807,601799.SH,星宇股份,20260928,69.22,1.0468,2.2905,0.79,12.1759,12.4607,1.7456,1.2961,1.2855,2.1566,2.8607,28567.9419,28567.9419,13056.7792,1977472.8068,1977472.8068,4
3808,601800.SH,中国交建,20260928,5.76,0.1409,0.7032,0.93,6.331,7.4954,0.3206,0.1277,0.1284,5.2659,3.3952,1621378.6279,1172287.3079,234825.6475,9339140.9088,6752374.9056,4
3809,601801.SH,皖新传媒,20260928,5.22,1.9432,8.8412,0.79,12.7576,16.6331,0.8575,1.2773,1.402,1.9157,5.7471,195793.1237,195793.1237,43032.2372,1022040.0864,1022040.0864,4
3810,601808.SH,中海油服,20260928,12.17,0.3297,1.7758,0.89,15.1156,14.9417,1.2274,1.1549,1.1443,1.8948,2.3213,477159.2,296046.8,54962.07,5807027.464,3602889.556,1
3811,601811.SH,新华文轩,20260928,18.52,8.0479,37.8183,3.04,14.569,16.7236,1.4918,1.9478,2.0383,3.2397,3.2937,123384.1,79190.39,16852.143,2285073.532,1466606.0228,4
3812,601816.SH,京沪高铁,20260928,4.78,0.4772,0.9508,2.36,17.7548,17.1618,1.1164,5.4309,5.3284,3.2782,2.8013,4892567.937,4892567.937,2455697.6065,23386474.7532,23386474.7532,1
3813,601818.SH,光大银行,20260928,2.99,0.2807,0.8273,1.06,4.5502,5.3673,0.3481,1.3987,1.4309,6.3211,5.8528,5908555.1061,4640681.5561,1574705.0464,17666579.7789,13875637.8644,4
3814,601825.SH,沪农商行,20260928,8.61,0.2031,0.3405,0.96,6.7441,6.711,0.6239,3.2098,3.1798,5.0407,5.1556,964444.4445,943229.9197,562531.6175,8303866.6284,8121209.6112,4
3815,601827.SH,三峰环境,20260928,7.78,0.1871,0.6705,0.74,10.5671,10.7234,1.061,2.3399,2.3,3.1491,3.419,167193.33,167193.33,46655.2359,1300764.1074,1300764.1074,4
3816,601828.SH,美凯龙,20260928,2.12,1.1266,2.7437,0.75,,,0.4106,1.4023,1.4559,,,435368.7873,361240.2239,148332.7199,922981.8348,765829.2664,4
3817,601838.SH,成都银行,20260928,19.04,0.6063,1.1795,1.27,6.0752,5.9463,0.875,3.4191,3.3473,4.6796,7.4055,423843.5356,423843.5356,217872.2156,8069981.0016,8069981.0016,0
3818,601857.SH,中国石油,20260928,11.19,0.1007,1.4385,1.33,13.0196,11.6321,1.2502,0.715,0.6961,4.2002,4.5576,18302097.7818,16192207.7818,1133871.4551,204800474.1582,181190805.0582,1
3819,601858.SH,中国科传,20260928,21.65,1.6413,8.9497,1.39,35.3662,36.2711,2.9306,5.681,5.8215,1.2656,1.4148,79050.0,79050.0,14497.065,1711432.5,1711432.5,1
3820,601860.SH,紫金银行,20260928,2.51,1.8115,2.3631,1.52,7.3842,7.2081,0.4415,2.2314,2.3392,3.9839,3.984,366110.4277,355168.7961,272266.3356,918937.1793,891473.688,4
3821,601865.SH,福莱特,20260928,9.1,0.5087,1.2071,0.96,21.7426,59.8106,1.0068,1.3696,1.4706,,1.6368,234288.1024,190102.6024,80105.1024,2132021.71,1729933.66,4
3822,601866.SH,中远海发,20260928,2.42,0.5765,1.5607,0.99,19.7462,19.3849,1.0125,1.2611,1.1964,1.7015,0.6198,1313205.672,971042.772,358692.3722,3177957.7262,2349923.5082,0
3823,601868.SH,中国能建,20260928,2.36,0.6168,1.4125,1.22,17.877,19.6362,0.8823,0.2305,0.2325,1.5203,1.322,4424018.3243,3242872.7636,1416047.4558,10440683.2352,7653179.7136,4
3824,601869.SH,长飞光纤,20260928,394.22,3.1905,11.9297,1.12,401.0837,94.8071,19.9444,22.9003,18.4638,0.068,0.0748,82790.5108,40633.8314,10867.3495,32637674.8522,16018668.4626,4
3825,601872.SH,招商轮船,20260928,20.65,1.1001,3.388,0.54,27.734,15.3719,3.5599,5.9175,4.731,1.0944,1.5496,807453.8502,807453.8502,262185.3016,16673922.0025,16673922.0025,4
3826,601877.SH,正泰电器,20260928,24.45,0.4846,1.0317,0.97,11.6724,10.362,1.142,0.8884,0.7775,2.4484,2.4302,214896.8976,214896.8976,100947.8178,5254229.205,5254229.205,4
3827,601878.SH,浙商证券,20260928,8.91,0.349,0.6566,1.08,16.7495,14.0574,1.0761,4.5705,3.7676,1.6835,1.908,453501.5039,453501.5039,241018.988,4040698.365,4040698.365,4
3828,601880.SH,辽港股份,20260928,1.44,0.5171,1.5949,1.27,25.9746,27.4634,0.8378,2.9883,3.0813,1.6597,1.9861,2357176.7213,1841305.1214,597006.9859,3394334.4768,2651479.3728,4
3829,601881.SH,中国银河,20260928,11.58,0.3478,1.2095,1.26,10.1137,9.1562,1.0485,4.4739,4.0318,2.772,3.0225,1093440.2256,724341.7623,208280.6759,12662037.8634,8387877.5808,4
3830,601882.SH,海天精工,20260928,22.81,0.9174,3.4405,0.71,27.7556,25.0718,3.8721,3.5354,3.2095,1.5783,1.3152,52200.0,52200.0,13918.6977,1190682.0,1190682.0,4
3831,601886.SH,江河集团,20260928,13.16,1.1863,3.6141,1.26,24.4334,20.6274,2.0613,0.6825,0.6391,4.1793,4.5593,113300.206,113300.206,37191.1394,1491030.7636,1491030.7636,1
3832,601888.SH,中国中免,20260928,50.79,0.6233,1.3346,0.91,29.4272,25.7843,1.8368,1.9654,1.9837,2.5596,1.3782,207779.6644,195247.5544,91183.2854,10553128.9314,9916623.0645,4
3833,601890.SH,亚星锚链,20260928,9.2,2.6421,4.1314,0.49,27.8061,24.8178,2.2608,4.2047,3.9739,1.5217,1.1957,95940.0,95940.0,61354.4006,882648.0,882648.0,4
3834,601898.SH,中煤能源,20260928,14.18,0.4438,2.6443,1.62,10.5129,10.2556,1.1313,1.2698,1.2812,2.9901,2.701,1325866.34,915200.04,153614.6892,18800784.7012,12977536.5672,1
3835,601899.SH,紫金矿业,20260928,29.42,0.8082,1.1468,1.12,15.1089,11.563,3.8734,2.241,2.0831,1.6955,3.4563,2659071.4622,2060179.314,1451827.5436,78229882.3532,60610475.3002,4
3836,601900.SH,南方传媒,20260928,12.23,1.1565,3.089,0.62,10.3421,10.1122,1.2237,1.2491,1.2762,4.4971,4.5789,88197.0094,88197.0094,33018.8402,1078649.4323,1078649.4323,4
3837,601901.SH,方正证券,20260928,6.62,0.3982,0.7831,1.09,13.7269,11.994,1.0323,5.1884,4.4739,1.8172,2.1903,823210.1395,823210.1395,418610.9592,5449651.1268,5449651.1268,4
3838,601908.SH,京运通,20260928,2.88,0.7567,1.4006,0.65,,,0.9701,2.2341,2.8392,,,241460.2861,241460.2861,130460.4193,695405.6352,695405.6352,4
3839,601916.SH,浙商银行,20260928,2.82,0.545,0.649,1.16,5.9895,5.9177,0.4263,1.2389,1.2388,5.5319,4.6454,2746463.5963,2154443.5963,1809235.9057,7745027.352,6075530.952,4
3840,601918.SH,新集能源,20260928,11.45,1.8479,3.4662,1.58,13.886,12.1908,1.6318,2.4154,2.0653,1.3974,1.4847,259054.18,259054.18,138109.0227,2966170.361,2966170.361,1
3841,601919.SH,中远海控,20260928,16.46,0.5834,1.4301,1.1,8.1415,9.3945,1.0751,1.1449,1.1304,9.7008,6.0898,1526812.2965,1255653.6965,512221.7068,25131330.4004,20668059.8444,1
3842,601921.SH,浙版传媒,20260928,7.5,0.459,2.416,1.05,12.9631,13.2737,1.1462,1.5807,1.6571,5.3333,4.2667,222222.2223,222222.2223,42222.1962,1666666.65,1666666.65,4
3843,601928.SH,凤凰传媒,20260928,8.16,0.4115,1.513,0.75,11.5681,15.9542,1.0375,1.6819,1.8322,7.3529,6.1275,254490.0,254490.0,69211.9742,2076638.4,2076638.4,4
3844,601929.SH,吉视传媒,20260928,2.27,2.8256,4.0977,0.7,,,1.7375,3.9949,3.9604,,,348978.8168,348978.8168,240645.0804,792181.9214,792181.9214,4
3845,601933.SH,永辉超市,20260928,2.96,0.8181,1.7988,0.73,,,12.1846,0.4937,0.5579,,,892503.7165,892503.7165,405901.5415,2641811.0112,2641811.0112,4
3846,601939.SH,建设银行,20260928,11.0,1.0293,1.3836,1.06,8.4909,8.3073,0.8038,3.7811,3.5822,5.3527,1.8445,26160038.1459,959365.7606,713700.499,287760419.65,10553023.36,1
3847,601949.SH,中国出版,20260928,5.46,2.9144,12.7111,0.59,16.0626,19.6234,1.0329,1.9489,2.017,1.8681,1.8681,190396.8054,190396.8054,43654.2902,1039566.5826,1039566.5826,4
3848,601952.SH,苏垦农发,20260928,8.8,1.7276,5.3725,0.85,22.1343,25.3372,1.6855,1.2041,1.2355,3.0682,2.3864,137800.0,137800.0,44310.3574,1212640.0,1212640.0,4
3849,601956.SH,东贝集团,20260928,5.08,2.3989,4.5405,1.8,41.5518,,1.3409,0.5145,0.5049,1.969,1.9409,62161.659,62161.659,32842.6548,315781.2328,315781.2328,4
3850,601958.SH,金钼股份,20260928,19.13,0.7104,2.5699,0.82,19.5654,17.5679,2.9864,4.4617,4.1724,2.091,2.091,322660.44,322660.44,89194.8133,6172494.2172,6172494.2172,4
3851,601963.SH,重庆银行,20260928,11.02,0.5439,0.9686,1.17,7.0666,6.6791,0.6712,2.6437,2.5067,3.4793,3.9533,362578.731,203406.6716,114212.8099,3995617.6046,2241541.5034,4
3852,601965.SH,中国汽研,20260928,12.98,0.485,1.2963,0.89,12.3047,12.0916,1.6214,2.6203,2.5525,3.3914,2.6197,100264.8387,99840.5727,37357.3259,1301437.6232,1295930.5986,4
3853,601966.SH,玲珑轮胎,20260928,10.33,0.4356,0.9691,1.01,11.0441,24.5479,0.6709,0.6135,0.5914,2.5073,2.1007,146350.2683,146350.2683,65789.9761,1511798.2891,1511798.2891,4
3854,601968.SH,宝钢包装,20260928,4.49,0.7743,1.8766,1.82,30.5175,24.997,1.2572,0.6525,0.5954,1.6956,2.9729,127577.946,127577.946,52638.0152,572824.9955,572824.9955,4
3855,601969.SH,海南矿业,20260928,8.81,0.5345,2.3941,1.04,40.5626,26.2922,2.4581,3.9591,3.7042,1.2517,0.9089,198450.9351,197247.6616,44036.143,1748352.6933,1737751.8846,4
3856,601975.SH,招商南油,20260928,4.52,3.197,4.6178,0.72,16.1307,13.6192,1.7353,3.6352,3.3282,,0.5973,468034.4678,468034.4678,324032.6995,2115515.8044,2115515.8044,1
3857,601985.SH,中国核电,20260928,9.0,0.51,1.2672,1.5,19.8955,25.4309,1.5631,2.2554,2.3284,1.7771,1.9949,2056800.2074,1888328.4867,759939.4793,18511201.89,16994956.41,1
3858,601988.SH,中国银行,20260928,6.63,0.1236,1.3024,1.17,8.7905,8.5786,0.7766,3.2451,3.1131,4.8798,3.4133,32221241.1814,21076551.4846,1999649.3052,213626829.0234,139737536.3124,1
3859,601990.SH,南京证券,20260928,6.5,0.3947,0.6202,1.13,26.5369,22.8334,1.2259,10.1926,9.2375,1.6758,1.2308,439962.7795,423172.48,269316.9139,2859758.07,2750621.12,4
3860,601991.SH,大唐发电,20260928,5.32,1.0013,3.6958,0.77,13.3296,11.8386,2.612,0.812,0.8038,2.2011,2.782,1850671.0504,1239608.9106,335854.3159,9845569.986,6594719.4012,4
3861,601992.SH,金隅集团,20260928,1.38,0.5007,1.2076,0.6,,,0.3934,0.1617,0.1809,3.6232,3.6232,1067777.1134,833415.8264,345581.3926,1473532.4118,1150113.8454,4
3862,601995.SH,中金公司,20260928,30.5,0.6762,2.0022,0.65,15.0381,10.7786,1.4122,5.1694,4.212,0.5902,1.0492,482725.6868,292354.244,98738.676,14723133.545,8916804.32,4
3863,601996.SH,丰林集团,20260928,2.88,2.3183,3.9255,0.99,,,1.3786,1.9023,1.906,,,112091.4416,112091.4416,66196.8416,322823.3472,322823.3472,4
3864,601997.SH,贵阳银行,20260928,5.47,0.9522,1.2029,1.02,3.81,3.8946,0.3029,1.5385,1.4592,5.3016,5.4845,365619.8076,365619.8076,289405.9131,1999940.3607,1999940.3607,4
3865,601998.SH,中信银行,20260928,9.07,0.1741,0.9465,1.6,7.1469,7.035,0.6758,2.3753,2.3397,3.9713,4.2007,5564516.2264,4076299.9287,749816.9354,50470162.2061,36972040.3651,1
3866,601999.SH,出版传媒,20260928,6.46,3.8253,11.7788,0.53,33.885,37.936,1.3295,1.6983,1.8852,0.9288,0.9288,55091.47,55091.47,17891.47,355890.8962,355890.8962,4
3867,603000.SH,人民网,20260928,16.31,1.2332,2.8626,0.5,84.7778,75.4181,4.806,8.6913,8.6485,0.8093,0.8155,110569.1056,110569.1056,47633.3171,1803382.1841,1803382.1841,4
3868,603001.SH,奥康国际,20260928,11.32,5.6809,10.8839,0.83,,,1.923,2.3598,2.8168,1.3251,,40098.0,40098.0,20929.2283,453909.36,453909.36,4
3869,603002.SH,宏昌电子,20260928,17.57,5.1986,11.0893,0.71,563.3257,341.0308,5.7298,6.4772,5.0623,0.1138,0.0854,113407.8509,113407.8509,53164.5774,1992575.9245,1992575.9245,4
3870,603004.SH,鼎龙科技,20260928,18.89,5.1817,5.1817,1.83,29.8237,38.9185,2.1193,6.335,6.4244,1.1117,1.0588,23552.0,5888.0,5888.0,444897.28,111224.32,4
3871,603005.SH,晶方科技,20260928,27.9,4.1283,4.9013,0.9,49.2281,53.918,3.9299,12.3453,12.2682,0.3007,0.4296,65217.1706,65217.1706,54932.194,1819559.043,1819559.043,4
3872,603006.SH,联明股份,20260928,10.72,1.1509,4.0819,1.36,29.5065,26.8994,2.0957,3.1558,2.9504,7.0896,6.5299,25425.425,25425.425,7168.5498,272560.6096,272560.6096,4
3873,603007.SH,顺景科技,20260928,4.45,2.229,2.229,1.12,,,13.6086,9.5947,5.095,,,88444.6101,69508.9029,69508.9029,393578.5145,309314.605,4
3874,603008.SH,ST喜临门,20260928,10.53,3.4565,5.4313,1.1,16.0644,,1.1029,0.4398,0.4504,7.6396,2.6591,36829.2435,36829.2435,23438.2201,387811.8972,387811.8972,1
3875,603009.SH,北特科技,20260928,45.97,1.6493,2.6979,0.66,133.197,124.7183,7.8151,6.8553,6.5962,0.1806,0.3024,34638.9815,34638.9815,21175.696,1592353.9106,1592353.9106,4
3876,603010.SH,万盛股份,20260928,12.1,1.6625,3.3213,1.04,,,2.7463,2.0957,1.9018,0.6472,0.0823,58503.0293,57077.8293,28570.0154,707886.663,690641.743,4
3877,603011.SH,合锻智能,20260928,23.94,7.6474,10.9285,1.08,,,6.371,5.5782,5.8553,,,49441.4437,49441.4437,34597.6015,1183628.0736,1183628.0736,4
3878,603012.SH,创力集团,20260928,8.51,3.3897,4.3595,1.6,51.885,50.4834,1.4328,2.0932,2.1976,1.1823,1.1751,64650.0,64650.0,50268.1078,550171.5,550171.5,4
3879,603013.SH,亚普股份,20260928,13.96,0.4217,2.1099,1.04,13.4316,13.2933,1.5491,0.7768,0.7746,2.8892,2.8653,50821.9564,50821.9564,10158.5864,709474.5616,709474.5616,4
3880,603014.SH,威高血净,20260928,31.05,0.7637,0.7637,0.77,44.7308,43.8648,2.9836,5.7244,5.7342,0.3051,1.1053,69479.8783,10148.4882,10148.4882,2157350.274,315110.6145,4
3881,603015.SH,弘讯科技,20260928,10.28,1.0394,2.0743,1.06,96.7966,104.3646,3.0007,5.0125,4.9792,0.4864,0.7782,40421.9,40421.9,20254.73,415537.132,415537.132,4
3882,603016.SH,新宏泰,20260928,32.39,3.1223,6.9133,0.79,75.3576,89.3982,5.8887,7.8715,8.0393,1.4603,1.0497,14816.0,14816.0,6691.48,479890.24,479890.24,4
3883,603017.SH,中衡设计,20260928,9.88,1.2464,2.2212,1.04,55.627,46.7971,1.823,2.3181,2.29,1.9986,3.4976,27619.0293,27619.0293,15498.4571,272876.0164,272876.0164,4
3884,603018.SH,华设集团,20260928,5.16,0.7262,0.7262,0.89,15.4111,15.1204,0.786,1.0284,1.0256,1.6011,2.7699,81914.7727,81914.7727,81914.7727,422680.2132,422680.2132,1
3885,603019.SH,中科曙光,20260928,80.02,1.5146,1.8135,0.98,53.7972,48.3991,5.0787,7.8242,7.0616,0.3373,0.5621,146311.5784,146305.4344,122193.3796,11707851.8314,11707360.5086,4
3886,603020.SH,爱普股份,20260928,12.35,3.972,6.3342,0.61,53.4791,73.3384,1.4363,1.8785,1.8278,1.4575,0.8097,37563.7774,37563.7774,23555.3508,463912.683,463912.683,4
3887,603021.SH,*ST华鹏,20260928,4.93,1.7373,2.9352,1.04,,,,4.4093,4.434,,,31994.807,31994.807,18936.7934,157734.4133,157734.4133,4
3888,603022.SH,新通联,20260928,8.95,1.4574,2.44,0.93,30.0774,29.8016,2.1051,1.8274,1.7392,0.8715,1.1173,20000.0,20000.0,11946.0,179000.0,179000.0,0
3889,603023.SH,威帝股份,20260928,3.99,1.3073,2.4318,0.59,547.7956,,2.9088,11.5163,11.8916,,,55811.7407,55811.7407,30004.1818,222688.8426,222688.8426,4
3890,603025.SH,大豪科技,20260928,12.83,0.6538,2.8747,1.27,20.1751,16.985,5.1875,4.7728,4.2789,2.7097,3.5074,111665.4773,110917.4773,25225.2869,1432668.1084,1423071.2684,4
3891,603026.SH,石大胜华,20260928,55.34,1.787,2.6615,0.97,809.9944,24.6717,2.3815,1.8914,1.5005,,0.0723,23270.1014,23270.1014,15624.5377,1287767.334,1287767.334,4
3892,603027.SH,XD千禾味,20260928,7.17,0.5585,1.1688,0.72,27.4512,25.4405,2.6754,3.7099,3.5931,6.4486,3.9052,133073.8612,133073.8612,63583.4697,954139.5762,954139.5762,4
3893,603028.SH,赛福天,20260928,7.18,1.3737,1.9367,1.0,,,4.6879,1.2001,1.6463,,,28704.0,28546.0,20247.9262,206094.72,204960.28,4
3894,603029.SH,天鹅股份,20260928,16.61,2.7772,6.675,1.4,27.0062,26.5363,2.1213,2.1023,2.0123,1.0355,1.1138,12134.2,12134.2,5048.5248,201549.062,201549.062,1
3895,603030.SH,全筑股份,20260928,2.02,1.8232,2.4014,0.83,,,3.8258,2.8062,2.6121,,,131693.352,131693.352,99985.4659,266020.567,266020.567,4
3896,603031.SH,安孚科技,20260928,36.77,3.3052,4.5033,1.4,60.8257,43.5151,4.7734,2.879,2.9092,0.3686,0.4501,37384.595,32748.9706,24036.395,1374631.3743,1204179.6269,4
3897,603032.SH,德新科技,20260928,17.41,2.4564,4.8156,1.63,95.4126,55.1822,3.4199,7.2734,6.5991,0.3221,0.247,23322.74,23288.16,11879.0772,406048.9034,405446.8656,4
3898,603033.SH,三维股份,20260928,7.53,0.7421,1.9421,0.72,,,3.1621,1.6645,1.5614,,,103116.3554,101253.1018,38687.3578,776466.1155,762435.843,4
3899,603035.SH,常熟汽饰,20260928,10.47,0.7638,1.1272,0.84,11.0794,15.5578,0.7172,0.5395,0.4904,3.3285,1.5643,36634.708,36634.708,24825.0198,383565.4137,383565.4137,4
3900,603036.SH,如通股份,20260928,13.56,1.7769,2.2918,0.8,26.5587,27.7042,2.0021,6.3905,6.6702,1.4749,2.2124,20600.6025,20600.6025,15972.2373,279344.136,279344.136,4
3901,603037.SH,凯众股份,20260928,10.02,1.7663,2.6522,1.33,36.2947,40.2276,2.7764,3.243,3.1002,2.5094,1.996,26653.8157,26615.0077,17724.7904,267071.2764,266682.4002,4
3902,603038.SH,华立股份,20260928,15.54,2.5482,4.3789,0.93,193.3418,52.509,2.927,3.346,3.0091,0.3218,0.3218,26867.7106,26867.7106,15635.04,417524.2134,417524.2134,4
3903,603039.SH,泛微网络,20260928,34.45,3.6285,7.6591,0.58,36.711,31.3786,3.9534,4.6344,4.5533,0.3652,0.3991,30763.9146,30763.9146,14574.3925,1059816.6995,1059816.6995,4
3904,603040.SH,新坐标,20260928,44.83,0.8095,1.7192,0.67,33.155,35.1038,5.8345,11.0024,10.7221,1.9172,1.8181,19735.7472,19735.0222,9292.0497,884753.6725,884720.9466,4
3905,603041.SH,美思德,20260928,11.56,2.4917,4.2143,1.82,37.3581,34.2501,1.3839,3.4255,3.2067,1.0267,1.0267,18314.7692,18314.7692,10828.2692,211718.7412,211718.7412,4
3906,603042.SH,华脉科技,20260928,16.86,9.0378,11.7345,0.38,,,4.13,4.3118,4.2142,,0.0684,20876.6792,20876.6792,16079.0265,351980.8248,351980.8248,5
3907,603043.SH,广州酒家,20260928,13.04,0.5007,1.5684,1.09,15.1152,15.3758,1.9693,1.3705,1.3245,4.4639,3.8389,56563.837,56245.237,17956.7826,737592.4736,733437.9296,1
3908,603045.SH,福达合金,20260928,45.65,4.1501,5.3422,0.82,57.2192,15.7254,4.5412,1.2272,0.8591,0.1336,0.3242,13544.5155,13544.5155,10522.0618,618307.338,618307.338,4
3909,603048.SH,浙江黎明,20260928,24.75,1.7831,6.2517,0.69,116.6798,131.3609,2.9125,5.0007,4.6315,1.1251,1.4063,14688.0,14688.0,4189.25,363528.0,363528.0,4
3910,603049.SH,中策橡胶,20260928,44.2,0.2665,1.2217,0.8,9.3195,9.0613,1.5364,0.8598,0.8299,2.9412,3.2353,87448.5598,50498.0262,11016.5446,3865226.352,2232012.926,4
3911,603050.SH,科林电气,20260928,16.51,0.936,1.9604,1.03,25.8117,31.2979,3.4802,1.5176,1.5065,0.8185,1.2014,40331.9193,40331.9193,19257.5325,665879.9992,665879.9992,4
3912,603051.SH,鹿山新材,20260928,24.09,4.5443,6.8316,0.94,,,2.2734,2.5823,2.5851,1.0632,,16283.2896,16163.2896,10751.5983,392264.4561,389373.6561,4
3913,603052.SH,可川科技,20260928,52.61,2.4162,6.894,0.9,627.2445,,9.4333,10.6977,10.3667,0.3354,,18789.7282,18789.7282,6585.3954,988527.6953,988527.6953,5
3914,603053.SH,成都燃气,20260928,8.61,0.2026,1.0664,1.18,15.9042,16.7961,1.5715,1.4304,1.4651,3.4843,3.4843,88889.0,88889.0,16889.0,765334.29,765334.29,4
3915,603055.SH,台华新材,20260928,9.14,1.9984,6.7054,2.54,15.3168,13.7996,1.4824,1.27,1.2201,2.7346,1.9689,89029.3804,88847.9904,26479.6602,813728.5369,812070.6323,4
3916,603057.SH,紫燕食品,20260928,17.19,0.9421,3.7932,1.12,30.2181,35.9379,3.3774,2.2036,2.0811,3.0188,1.0471,41511.5,41200.0,10232.9017,713582.685,708228.0,4
3917,603058.SH,永吉股份,20260928,8.57,1.9106,3.4262,0.9,43.2244,33.0492,3.16,4.0344,4.3894,1.3587,,41469.3566,41466.3566,23123.8266,355392.4152,355366.7052,4
3918,603059.SH,倍加洁,20260928,25.9,1.4357,4.4543,0.86,22.7016,21.8281,2.3225,1.6974,1.5379,0.3084,1.3491,10061.77,10044.87,3237.57,260599.843,260162.133,1
3919,603060.SH,国检集团,20260928,5.66,1.9712,6.2404,4.88,38.1061,48.9432,2.3036,1.7476,1.7158,2.0141,1.1837,80396.4055,80396.4055,25395.1496,455043.6806,455043.6806,1
3920,603061.SH,金海通,20260928,316.2,2.9453,4.1497,0.7,155.8383,101.2513,14.5036,39.4018,27.746,0.036,0.0829,8700.0,8700.0,6174.8736,2750940.0,2750940.0,4
3921,603062.SH,XD麦加芯,20260928,36.75,1.1359,1.3014,1.09,18.882,28.767,1.9593,2.3186,2.3935,4.6966,3.6301,10800.0,3707.31,3235.75,396900.0,136243.6425,4
3922,603063.SH,禾望电气,20260928,27.17,3.4654,4.2223,1.58,23.7481,28.3566,2.3098,3.0257,3.1455,0.4303,0.472,46414.3234,46223.3234,37937.5534,1261077.0744,1255887.6044,4
3923,603065.SH,宿迁联盛,20260928,15.12,9.8137,22.0588,1.39,,,3.3007,4.8877,4.5836,0.6558,1.41,41896.7572,41896.7572,18639.3455,633479.0112,633479.0112,4
3924,603066.SH,音飞储存,20260928,9.18,1.309,2.5242,0.71,81.553,24.2757,1.7653,2.1505,2.0095,0.5664,0.3704,29418.0074,29418.0074,15255.287,270057.3318,270057.3318,4
3925,603067.SH,振华股份,20260928,39.69,4.8931,7.5337,0.98,45.501,44.8022,6.9291,6.6115,5.8206,0.3196,0.4031,75552.5404,75552.5404,49071.0337,2998680.3126,2998680.3126,4
3926,603068.SH,博通集成,20260928,46.05,11.388,18.6255,0.71,314.3204,130.6313,3.908,7.6154,5.9172,,0.0217,15178.7319,15178.7319,9280.6206,698980.5165,698980.5165,4
3927,603069.SH,海汽集团,20260928,12.88,0.9292,2.2134,0.51,,,5.4366,6.5574,7.5475,,,31600.0,31600.0,13266.735,407008.0,407008.0,4
3928,603070.SH,万控智造,20260928,11.27,0.3695,1.4218,1.02,50.6879,173.211,2.1209,2.3951,2.5533,0.7098,0.7098,40100.0,40100.0,10421.5494,451927.0,451927.0,4
3929,603071.SH,物产环能,20260928,12.4,0.3155,1.0901,1.14,10.8393,9.9159,1.1647,0.1855,0.1919,4.8387,3.7903,55795.4442,55795.4442,16150.0481,691863.456,691863.456,1
3930,603072.SH,天和磁材,20260928,29.73,1.0186,1.2178,0.92,48.7529,41.894,3.5786,3.3512,2.9144,0.5045,0.8409,26428.0,12623.0,10558.4265,785704.44,375281.79,4
3931,603073.SH,彩蝶实业,20260928,19.72,9.4123,22.3296,3.32,32.8488,45.7912,1.6472,2.8377,2.7844,1.5213,0.5071,11600.0,11600.0,4889.5955,228752.0,228752.0,1
3932,603075.SH,热威股份,20260928,20.03,6.2734,6.2734,0.83,24.9448,24.729,3.9394,3.7913,3.5895,3.4961,3.4955,40240.0899,4240.0899,4240.0899,806009.0027,84929.0027,4
3933,603076.SH,乐惠国际,20260928,20.16,1.3444,2.7225,1.18,91.994,122.4663,1.9031,1.5435,1.3939,1.9841,0.9921,12070.1344,12070.1344,5960.3001,243333.8208,243333.8208,4
3934,603077.SH,和邦生物,20260928,2.16,1.3205,1.9663,1.04,,,1.009,2.6541,3.0996,,,883176.2228,883176.2228,593099.1879,1907660.6412,1907660.6412,4
3935,603078.SH,江化微,20260928,30.14,3.6362,6.2203,0.86,110.8943,112.1076,5.8385,9.4202,8.7145,0.2986,0.2986,38563.7248,38563.7248,22543.1991,1162310.5208,1162310.5208,4
3936,603079.SH,圣达生物,20260928,13.0,1.5333,2.8784,0.78,39.5359,54.7572,1.548,2.9097,2.9505,,0.7628,18902.9624,18902.9624,10069.4375,245738.48,245738.48,4
3937,603080.SH,新疆火炬,20260928,19.62,0.7775,1.4653,0.87,13.1674,13.0157,1.7256,1.704,1.7002,2.8542,2.6504,14150.0,14150.0,7507.88,277623.0,277623.0,4
3938,603081.SH,大丰实业,20260928,9.38,0.5523,1.0975,0.91,45.1398,60.119,1.2298,1.6626,1.5326,1.3859,0.6397,42249.9149,42249.9149,21263.2749,396304.1558,396304.1558,4
3939,603082.SH,北自科技,20260928,42.73,16.2292,16.2292,0.61,41.3038,48.6904,4.1433,3.3802,3.3198,1.3219,1.3734,16657.3109,4055.69,4055.69,711766.8563,173299.6337,4
3940,603083.SH,剑桥科技,20260928,197.37,6.7912,7.7538,0.97,275.8469,154.5341,7.7607,15.0685,13.231,0.1307,0.1875,36825.0373,27558.8373,24137.5162,7268158.1448,5439288.2508,4
3941,603085.SH,天成自控,20260928,9.69,1.0934,1.7828,1.04,45.3239,34.287,3.8611,1.2746,1.1339,,,39710.0,39710.0,24353.1121,384789.9,384789.9,4
3942,603086.SH,先达股份,20260928,5.78,1.4116,2.0863,0.78,18.3808,34.4001,1.1792,1.0648,1.0013,,1.7301,43481.3143,43481.3143,29420.6722,251321.9718,251321.9718,4
3943,603087.SH,甘李药业,20260928,73.96,1.6903,2.7411,0.95,38.6383,38.4333,3.7736,10.9044,10.4996,1.3523,1.3518,59743.2169,56141.6587,34619.867,4418608.5512,4152237.1736,1
3944,603088.SH,宁波精达,20260928,9.74,1.9303,3.5663,1.55,40.7379,46.5896,4.4231,5.5549,5.2642,2.5951,1.7454,50238.7966,43787.184,23700.3399,489325.8146,426487.1332,4
3945,603089.SH,正裕工业,20260928,9.49,0.9342,1.952,0.81,24.8176,,1.4249,0.9413,0.9382,0.867,1.0537,27571.9231,27571.9231,13195.4434,261657.5208,261657.5208,4
3946,603090.SH,宏盛股份,20260928,36.32,3.8621,7.7737,0.83,44.0855,54.2471,5.7211,4.7549,4.2979,0.826,0.826,10000.0,10000.0,4968.13,363200.0,363200.0,4
3947,603091.SH,众鑫股份,20260928,45.12,1.6381,1.6381,1.17,24.258,18.7832,2.8322,4.2894,3.7263,1.5198,1.5198,14313.431,4494.892,4494.892,645821.9616,202809.4368,4
3948,603092.SH,德力佳,20260928,48.34,18.2085,18.2085,2.4,23.3704,22.8719,3.3959,3.5674,3.4954,,1.2847,40000.01,3457.1654,3457.1654,1933600.4834,167119.5978,1
3949,603093.SH,南华期货,20260928,13.4,2.5518,9.5124,1.02,28.6082,21.624,2.383,10.026,8.3134,0.3886,0.3528,103814.454,88203.899,23661.3685,1391113.63,1181932.26,0
3950,603095.SH,越剑智能,20260928,14.27,1.946,6.3476,0.97,43.165,70.0226,1.5662,3.4627,3.8675,6.0801,,25826.92,25826.92,7917.7144,368550.1484,368550.1484,4
3951,603096.SH,新经典,20260928,16.05,1.4842,3.6941,1.18,32.1475,33.3222,1.3666,3.8307,3.9934,4.9844,3.7383,15423.4624,15423.4624,6196.8584,247546.533,247546.533,1
3952,603097.SH,江苏华辰,20260928,17.78,0.8247,2.7299,1.36,58.0811,205.1707,3.8542,1.8118,1.9933,0.8044,0.6026,22993.5868,22467.6768,6787.6768,408826.0302,399475.3504,4
3953,603098.SH,森特股份,20260928,10.53,0.5236,1.3594,0.95,55.1126,61.2942,1.9993,1.8902,2.241,0.475,0.95,53951.9978,53879.9978,20755.5829,568114.56,567356.4,4
3954,603099.SH,长白山,20260928,40.6,4.0817,11.7865,0.69,85.4878,83.3486,7.3686,14.0364,13.3294,0.1965,0.3571,27235.586,27235.586,9431.8212,1105764.954,1105764.954,4
3955,603100.SH,川仪股份,20260928,18.45,0.5388,1.1745,0.93,14.7352,15.7365,1.9513,1.3913,1.3639,3.1172,2.7642,51317.3176,51153.9166,23467.2323,946804.554,943789.824,4
3956,603101.SH,汇嘉时代,20260928,7.3,1.2081,3.0552,1.08,44.6568,31.7939,2.341,1.4016,1.3663,0.6776,1.3551,47040.0,47040.0,18600.02,343392.0,343392.0,1
3957,603102.SH,百合股份,20260928,36.93,1.9178,3.4223,0.9,18.4025,19.9236,1.3792,2.5946,2.3773,1.9761,1.9761,6400.0,6400.0,3586.4455,236352.0,236352.0,4
3958,603103.SH,横店影视,20260928,15.82,0.7658,6.0301,0.85,63.0165,,8.528,4.3666,5.7929,0.885,0.885,63420.0,63420.0,8054.0,1003304.4,1003304.4,4
3959,603105.SH,芯能科技,20260928,8.94,9.11,15.2115,1.54,22.2662,37.3922,2.1585,6.0548,6.3964,2.2371,2.2371,50001.1375,50001.1375,29945.1375,447010.1916,447010.1916,1
3960,603106.SH,恒银科技,20260928,7.18,1.5385,3.4674,0.59,119.9236,152.5086,2.8344,10.2883,13.1324,0.4178,0.2786,52052.0,52052.0,23095.4721,373733.36,373733.36,4
3961,603107.SH,上海汽配,20260928,12.31,1.6174,2.4252,1.86,26.5711,30.562,1.9792,1.8542,1.8346,2.437,2.437,33733.5,21817.3998,14550.509,415259.385,268572.194,1
3962,603108.SH,润达医疗,20260928,9.8,1.9206,2.6022,0.66,,,1.6054,0.8466,0.8815,0.3056,,60460.3824,60460.3824,44623.5644,592511.724,592511.724,4
3963,603109.SH,神驰机电,20260928,17.49,0.8665,2.1665,0.88,27.3046,44.9603,1.868,1.2474,1.2085,1.6896,1.408,20884.836,20884.836,8352.636,365275.8516,365275.8516,4
3964,603110.SH,东方材料,20260928,23.93,4.545,5.6003,1.05,,1225.0807,6.8518,12.6571,11.9346,0.2089,,20122.6732,20122.6732,16330.9289,481535.4931,481535.4931,4
3965,603111.SH,康尼机电,20260928,6.11,0.7541,1.0153,1.39,14.9852,14.3717,1.3245,1.2578,1.2278,4.0319,7.2494,86203.0672,83759.5196,62212.8365,526700.7577,511770.6672,1
3966,603112.SH,华翔股份,20260928,16.61,2.1539,5.374,0.84,16.0769,16.9492,1.9856,2.1731,2.0583,2.0043,2.5411,53996.1401,53460.6541,21426.8096,896875.8854,887981.3965,4
3967,603113.SH,金能科技,20260928,4.82,1.2296,2.4983,0.74,185.5681,,0.5425,0.2418,0.2421,7.3605,0.9959,84849.0616,84849.0616,41761.5979,408972.4692,408972.4692,4
3968,603115.SH,海星股份,20260928,71.46,3.2188,7.6135,0.65,84.7478,71.5827,8.3612,7.6146,6.8293,0.8212,0.8304,24458.26,24458.26,10340.26,1747787.2596,1747787.2596,5
3969,603116.SH,红蜻蜓,20260928,7.26,3.7401,8.3897,2.15,,,1.7388,2.066,2.0675,3.3815,2.9757,57620.08,57620.08,25686.8794,418321.7808,418321.7808,1
3970,603117.SH,万林物流,20260928,3.98,1.6495,2.4377,1.19,153.5647,623.9191,2.3157,9.6476,10.1804,,,59919.7742,59919.7742,40544.796,238480.6846,238480.6846,1
3971,603118.SH,共进股份,20260928,16.49,7.7263,13.2594,0.67,166.9031,139.7128,2.5486,1.4115,1.3159,,0.1819,78727.6406,78727.6406,45874.6875,1298218.7836,1298218.7836,4
3972,603119.SH,浙江荣泰,20260928,53.98,1.8508,3.2226,0.63,91.6911,83.6554,12.1627,18.5534,15.0002,0.2771,0.3277,47285.9968,47285.9968,27156.8661,2552498.28,2552498.28,4
3973,603120.SH,肯特催化,20260928,58.0,11.9141,13.8465,0.78,63.605,62.25,4.3201,8.5793,8.0613,0.6897,0.6897,9040.0,3790.0,3261.07,524320.0,219820.0,4
3974,603121.SH,华培动力,20260928,12.6,2.736,5.6832,1.3,,,3.8917,3.6715,3.6245,1.5873,,33853.3715,33853.3715,16297.6971,426552.462,426552.462,4
3975,603122.SH,合富中国,20260928,14.61,22.8123,49.5946,1.62,,,5.6037,8.5802,8.9627,0.8898,,39805.2633,39805.2633,18309.4748,581554.8486,581554.8486,4
3976,603123.SH,翠微股份,20260928,9.21,2.3307,4.6858,0.41,,,4.6339,3.1709,3.3951,,,79873.6665,65227.5949,32443.4516,735636.4086,600746.1039,4
3977,603124.SH,江南新材,20260928,118.64,7.0261,7.0261,0.74,78.9137,63.1664,8.9012,1.674,1.406,0.3119,0.3877,14574.5199,7760.881,7760.881,1729121.0528,920750.8032,5
3978,603125.SH,常青科技,20260928,21.1,0.9992,3.6666,0.59,54.018,37.4992,3.32,8.2438,6.793,0.4903,0.1896,40483.6375,40483.6375,11031.8175,854204.804,854204.804,5
3979,603126.SH,中材节能,20260928,6.22,0.7345,1.4887,0.77,276.9189,98.3202,1.8667,1.0187,0.8788,0.0804,0.1608,61050.0,61050.0,30122.4214,379731.0,379731.0,4
3980,603127.SH,昭衍新药,20260928,45.44,4.38,6.8597,0.63,114.324,34.5891,3.7939,20.5417,20.114,0.0657,0.2628,74934.822,62771.6714,40080.91,3405038.2208,2852344.6848,4
3981,603128.SH,华贸物流,20260928,5.31,1.2422,2.3278,1.22,14.2336,14.429,1.0808,0.3869,0.366,3.2768,4.2185,130904.6494,130904.6494,69854.6737,695103.6915,695103.6915,1
3982,603129.SH,春风动力,20260928,279.1,1.4675,2.3622,1.45,25.5687,24.6461,5.3499,2.1695,1.8404,1.3713,1.5048,15348.2763,15348.2763,9534.7857,4283704.948,4283704.948,4
3983,603130.SH,云中马,20260928,38.33,0.84,2.2066,1.11,50.4021,48.4053,3.6889,1.9707,1.9634,0.2609,0.6001,13751.42,13751.42,5234.5996,527091.9286,527091.9286,4
3984,603131.SH,上海沪工,20260928,13.7,1.3736,2.3746,0.8,,,2.8033,5.0011,4.8219,0.0827,,33690.722,33690.722,19489.1698,461562.864,461562.864,4
3985,603132.SH,金徽股份,20260928,17.26,0.6375,2.9354,1.49,31.1292,24.1844,4.9785,9.793,8.3706,2.4334,3.2445,97800.0,97800.0,21240.0,1688028.0,1688028.0,4
3986,603135.SH,中重科技,20260928,8.56,0.8853,2.9016,1.2,,,1.8218,14.2749,10.9423,0.7593,,63425.708,62953.808,19208.6464,542924.0776,538884.6136,4
3987,603136.SH,天目湖,20260928,9.11,3.1458,5.8749,0.59,25.8165,31.1753,1.8179,4.8435,5.043,2.5796,2.1954,27012.671,27012.671,14464.5305,246085.4237,246085.4237,1
3988,603137.SH,恒尚节能,20260928,18.39,4.9179,10.8063,0.65,,,2.8259,2.2661,2.8062,0.435,,18293.3334,18293.3334,8325.3334,336414.3387,336414.3387,4
3989,603138.SH,海量数据,20260928,15.4,9.1359,16.4419,1.12,,,5.9308,8.8306,9.5864,,,29361.071,28834.285,16021.6797,452160.632,444048.066,1
3990,603139.SH,康惠股份,20260928,35.02,1.9459,3.4386,0.43,,,6.9678,7.9103,8.6883,,,10645.46,9988.0,5652.3763,372804.0092,349779.76,4
3991,603150.SH,万朗磁塑,20260928,65.25,3.6501,5.5637,0.98,50.101,57.9221,3.2081,1.3527,0.8675,0.4904,0.5057,8548.3,8548.3,5608.078,557776.575,557776.575,4
3992,603151.SH,邦基科技,20260928,18.66,3.0629,6.6339,1.22,28.8332,69.5995,2.373,0.5608,0.5343,1.0632,1.0713,17128.18,17128.18,7908.06,319611.8388,319611.8388,1
3993,603153.SH,上海建科,20260928,13.29,0.3758,1.6102,0.96,14.797,14.5698,1.4348,1.0894,1.0875,1.8901,2.0314,40986.1106,40378.0169,9423.9067,544705.4019,536623.8858,1
3994,603155.SH,新亚强,20260928,14.26,2.7085,9.5561,0.82,79.7318,68.644,2.9085,11.0318,9.6075,2.66,2.4181,45789.086,45789.086,12977.9814,652952.4234,652952.4234,4
3995,603156.SH,养元饮品,20260928,42.9,0.7464,1.8447,0.87,42.9146,39.465,6.1602,10.1323,8.4864,4.3357,3.4965,126027.7566,126027.7566,50991.2472,5406590.904,5406590.904,4
3996,603158.SH,腾龙股份,20260928,10.15,2.2009,3.4168,0.84,95.9851,66.0275,2.1802,1.1938,1.1519,1.5594,0.5847,49077.0148,49077.0148,31612.8081,498131.6515,498131.6515,4
3997,603159.SH,上海亚虹,20260928,22.1,2.8635,6.4763,0.54,,,6.2307,7.4057,7.9558,0.2941,,14000.0,14000.0,6190.1,309400.0,309400.0,4
3998,603160.SH,汇顶科技,20260928,53.72,0.6626,1.1911,0.65,29.904,38.0437,2.69,5.286,5.5052,1.0028,1.0018,46598.2755,46598.2755,25923.9579,2503259.6016,2503259.6016,4
3999,603161.SH,科华控股,20260928,14.74,1.0333,1.666,0.62,33.8871,86.7094,2.2365,1.4753,1.5045,0.9631,0.9804,22416.1353,19221.2333,11921.5503,330413.7562,283320.9302,4
4000,603162.SH,海通发展,20260928,13.02,8.3345,8.3345,0.82,38.5031,19.8582,3.6743,4.0297,2.9287,0.512,0.5183,137510.8285,42489.1666,42489.1666,1790391.0066,553208.9934,4
4001,603163.SH,圣晖集成,20260928,75.62,2.7722,9.9433,1.12,48.9304,46.5972,6.4675,2.5304,2.7189,1.1902,1.124,10000.0,10000.0,2788.025,756200.0,756200.0,4
4002,603165.SH,荣晟环保,20260928,13.33,1.9952,3.6324,1.84,18.631,13.9359,1.6941,1.8501,1.7566,6.8554,15.131,31272.8378,31272.8378,17177.5491,416866.9572,416866.9572,4
4003,603166.SH,福达股份,20260928,10.75,0.7954,1.9558,0.71,21.9235,21.2028,2.5374,3.4913,3.3012,0.9173,1.833,64565.0651,63900.8651,25989.3811,694074.4498,686934.2998,4
4004,603167.SH,渤海轮渡,20260928,7.97,0.8039,1.3438,2.41,14.2029,17.275,1.1289,2.0268,2.0332,12.798,6.2735,46914.4503,46914.4503,28065.9398,373908.1665,373908.1665,4
4005,603168.SH,莎普爱思,20260928,5.91,1.8634,3.3009,0.79,,,1.6061,4.7572,5.2022,,,37251.4005,37251.4005,21028.8696,220155.774,220155.774,1
4006,603169.SH,兰石重装,20260928,5.85,0.6632,1.2302,0.91,,,3.0583,1.1783,1.3028,,,130629.1798,130629.1798,70422.9602,764180.703,764180.703,4
4007,603170.SH,宝立食品,20260928,13.09,3.2873,9.7025,5.53,19.9395,19.0812,3.5125,1.7848,1.6593,2.9794,3.4377,40001.0,40001.0,13552.808,523613.09,523613.09,1
4008,603171.SH,税友股份,20260928,39.31,0.8092,3.0815,0.47,117.1117,100.2024,6.238,7.769,7.444,0.5099,0.5088,40589.0,40589.0,10659.3561,1595553.59,1595553.59,4
4009,603172.SH,万丰股份,20260928,19.46,1.3032,4.0068,0.85,53.7845,46.2126,2.3145,4.7008,4.1943,0.4625,0.3597,13338.0,13338.0,4337.99,259557.48,259557.48,4
4010,603173.SH,福斯达,20260928,28.7,0.3009,0.9622,0.69,10.8983,14.2907,2.2979,1.5292,1.7006,1.7249,2.8289,16000.0,16000.0,5003.992,459200.0,459200.0,4
4011,603175.SH,超颖电子,20260928,104.38,9.3659,9.3659,1.44,197.1782,,18.0645,9.5989,8.3249,,0.1533,43702.9321,4547.424,4547.424,4561711.8334,474659.6996,4
4012,603176.SH,汇通集团,20260928,5.17,1.321,4.203,2.1,61.7034,,2.3151,1.0518,1.0893,0.4478,0.2926,47121.1705,46181.7005,14515.0339,243616.4489,238759.389,4
4013,603177.SH,德创环保,20260928,10.96,1.5963,3.5837,0.6,,,7.4623,2.083,2.2395,0.3685,,20419.2,20419.2,9095.25,223794.432,223794.432,4
4014,603178.SH,圣龙股份,20260928,16.24,5.419,13.4321,2.0,,,3.3872,2.2923,2.3564,0.2463,,23641.1881,23641.1881,9537.6956,383932.9256,383932.9256,1
4015,603179.SH,新泉股份,20260928,40.7,2.1374,3.3081,0.88,36.7096,37.0739,3.9351,1.9274,1.8608,0.4886,0.5115,73515.865,71419.865,46145.4757,2992095.909,2906788.709,4
4016,603180.SH,金牌家居,20260928,15.58,0.6767,2.2747,1.09,109.8367,,0.941,0.7281,0.797,2.4893,0.635,15425.714,15425.714,4588.605,240332.5618,240332.5618,4
4017,603181.SH,皇马科技,20260928,12.12,0.6536,1.1437,0.98,16.3421,15.8556,1.9749,2.9675,2.8223,1.6941,1.8356,58870.0,58870.0,33646.65,713504.4,713504.4,4
4018,603182.SH,嘉华股份,20260928,13.57,1.3207,1.6935,1.2,23.579,25.0674,1.9784,1.6114,1.4309,2.9477,2.9477,16455.0,16455.0,12832.6337,223294.35,223294.35,1
4019,603183.SH,建研院,20260928,5.13,5.0394,6.5897,1.13,349.0847,,1.5989,3.2175,3.3058,0.4873,0.0975,49715.3251,49715.3251,38018.6691,255039.6429,255039.6429,1
4020,603185.SH,弘元绿能,20260928,13.65,0.9312,1.6944,0.94,49.9042,,0.825,1.2557,1.0996,,1.0989,68307.6802,67902.2202,37317.0982,932399.832,926865.303,4
4021,603186.SH,华正新材,20260928,204.6,8.8126,13.7367,0.84,115.9298,78.824,13.0223,7.3421,6.129,,0.0635,15679.0518,15679.0518,10058.7281,3207933.63,3207933.63,4
4022,603187.SH,海容冷链,20260928,10.53,0.6299,0.7883,0.87,10.4713,12.5308,0.9584,1.2142,1.1977,4.6987,5.2234,38639.7541,38236.1891,30555.102,406876.6728,402627.0807,4
4023,603188.SH,亚邦股份,20260928,4.46,1.5416,2.191,0.91,,,3.6277,3.3366,3.0586,,,57017.0,57017.0,40117.0,254295.82,254295.82,4
4024,603189.SH,*ST网达,20260928,9.46,0.5567,0.9193,0.72,484.5803,,1.7787,9.9694,8.4192,1.5707,1.0471,26954.8349,26954.8349,16324.3649,254992.6918,254992.6918,4
4025,603190.SH,亚通精工,20260928,16.19,1.1053,1.1053,1.24,25.4676,21.8137,1.2586,1.5341,1.389,1.1149,1.5883,17435.6,16800.0,16800.0,282282.364,271992.0,4
4026,603191.SH,望变电气,20260928,12.99,1.5441,2.5704,0.79,65.5581,134.7504,1.8212,1.1589,1.1488,0.366,0.3634,34945.7816,32996.4639,19821.9654,453945.6822,428624.0154,4
4027,603192.SH,汇得科技,20260928,20.18,1.8997,4.633,0.82,41.4851,46.8938,1.545,1.3639,1.3091,1.5696,1.8589,16711.0451,16526.6678,6776.6678,337228.8901,333508.1562,4
4028,603193.SH,润本股份,20260928,20.2,1.502,1.5386,0.62,25.9865,23.2137,3.4913,5.2905,4.7975,2.1287,2.6733,40459.3314,10333.6314,10087.5814,817278.466,208739.326,1
4029,603194.SH,中力股份,20260928,32.95,0.5166,0.5166,1.29,15.3888,15.7419,2.3611,1.8216,1.7072,2.6707,1.9727,40100.0,15802.6913,15802.6913,1321295.0,520698.6355,4
4030,603195.SH,公牛集团,20260928,37.52,0.13,0.7711,1.2,16.6228,16.2579,4.4536,4.2221,4.1635,4.5831,5.0765,180344.6009,180016.3355,30339.404,6766529.7672,6754213.0768,4
4031,603196.SH,璞源材料,20260928,17.82,0.6859,1.2469,1.08,414.758,191.9843,3.6769,9.1479,6.1675,,,41868.744,23698.8282,13036.5782,746101.125,422313.1506,4
4032,603197.SH,保隆科技,20260928,29.06,0.9398,1.3439,0.93,29.2447,18.199,1.8762,0.711,0.656,2.8451,1.9615,21402.5627,21115.2127,14766.3152,621958.3936,613608.0026,4
4033,603198.SH,迎驾贡酒,20260928,37.1,0.3043,1.1032,0.71,14.9473,14.7137,2.8008,4.9313,4.7306,4.0431,4.0431,80000.0,80000.0,22065.015,2968000.0,2968000.0,4
4034,603199.SH,九华旅游,20260928,31.84,1.0369,1.8724,0.87,16.5584,15.7942,2.0494,4.0111,3.9368,2.1357,2.4183,11068.0,11068.0,6129.1646,352405.12,352405.12,4
4035,603200.SH,上海洗霸,20260928,36.97,2.253,4.6494,0.84,72.1129,,5.9747,12.9015,12.6758,0.2434,0.0811,17548.0103,17548.0103,8503.4854,648749.9297,648749.9297,4
4036,603201.SH,常润股份,20260928,15.22,1.0739,3.3908,0.77,13.4039,14.5279,1.6247,0.9471,0.9069,2.6201,2.2799,18997.9722,18835.4742,5965.431,289149.1034,286675.8534,4
4037,603202.SH,天有为,20260928,50.5,1.8503,1.8503,1.01,8.7642,11.7462,1.1878,2.0212,2.1375,6.9109,4.9505,16000.0,5021.3572,5021.3572,808000.0,253578.68,4
4038,603203.SH,快克智能,20260928,43.11,2.8467,7.8722,0.9,102.8006,90.6433,9.6937,13.1669,11.4644,1.1339,0.8922,33001.1653,32623.5049,11797.2097,1422680.0076,1406399.085,4
4039,603205.SH,健尔康,20260928,21.25,1.8205,1.8205,0.44,29.748,29.1427,2.1984,3.2361,3.153,1.2706,1.1765,15600.0,4134.0,4134.0,331500.0,87847.5,4
4040,603206.SH,嘉环科技,20260928,13.46,1.0009,3.1712,1.0,77.1697,104.4607,1.8022,0.8768,0.9011,,0.4458,30519.9988,30519.9988,9632.9988,410799.2,410799.2,4
4041,603207.SH,小方制药,20260928,24.35,3.5291,3.5291,0.49,18.9861,20.4945,3.4456,7.4997,7.3302,8.9666,4.3621,16178.3562,5460.2946,5460.2946,393942.8225,132958.0615,1
4042,603208.SH,江山欧派,20260928,11.25,1.2631,2.9337,1.15,,,2.0664,1.2177,1.6588,1.6889,,17587.9347,17587.9347,7572.3621,197864.2125,197864.2125,4
4043,603209.SH,兴通股份,20260928,14.79,1.8207,3.2353,1.73,17.8035,13.835,1.4015,2.9518,2.5848,1.1639,1.3398,32500.0,32149.1597,18092.6597,480675.0,475486.0764,1
4044,603210.SH,泰鸿万立,20260928,13.36,0.9618,1.2106,0.81,22.6503,21.2262,2.3324,1.9831,1.8292,,0.8795,34040.0,23267.75,18485.45,454774.4,310857.14,4
4045,603211.SH,晋拓股份,20260928,18.96,1.9401,6.5958,1.39,74.8761,94.8391,4.0931,4.0152,3.6953,0.3165,0.4061,27180.8,27180.8,7995.2,515347.968,515347.968,4
4046,603212.SH,赛伍技术,20260928,11.66,3.818,6.0116,1.72,,,2.1269,1.9457,2.0135,,,43749.0636,43749.0636,27785.1433,510114.0396,510114.0396,1
4047,603213.SH,镇洋发展,20260928,13.58,0.2996,1.2193,0.86,79.897,217.7765,3.3432,2.3015,2.4608,1.9072,1.8289,44489.3635,44489.3635,10929.9748,604165.5088,604165.5088,4
4048,603214.SH,爱婴室,20260928,13.6,2.6856,4.1533,1.22,23.1306,24.4729,1.587,0.4982,0.5018,2.8162,1.8603,13854.0036,13854.0036,8958.2587,188414.4,188414.4,1
4049,603215.SH,比依股份,20260928,15.64,2.4308,6.4071,0.94,41.1945,,1.8015,1.428,1.4777,1.6635,1.4702,21459.5078,18722.838,7103.253,335626.7364,292825.2176,1
4050,603216.SH,梦天家居,20260928,21.88,4.256,16.7185,0.86,75.1805,79.8087,2.7266,4.4921,4.6571,0.9141,0.9141,22269.0,22269.0,5669.0,487245.72,487245.72,4
4051,603217.SH,元利科技,20260928,26.93,1.2986,3.4455,1.13,29.017,24.0975,1.6013,2.574,2.3563,1.2817,1.114,20808.76,20808.76,7842.4171,560379.9068,560379.9068,4
4052,603218.SH,日月股份,20260928,9.38,1.0127,2.4859,1.37,17.4574,22.3598,0.9183,1.5442,1.7297,3.6923,4.0066,102984.65,102893.65,41916.6812,965996.017,965142.437,1
4053,603219.SH,富佳股份,20260928,12.91,0.6546,2.822,1.5,67.6792,116.7882,4.527,2.2667,2.3293,1.5459,0.3865,56140.0,56140.0,13022.123,724767.4,724767.4,1
4054,603220.SH,中贝通信,20260928,16.99,3.6689,4.6842,1.47,111.9914,220.2145,2.3938,2.8082,3.0193,0.5242,0.412,53635.8207,53635.8207,42009.787,911272.5818,911272.5818,4
4055,603221.SH,爱丽家居,20260928,27.72,1.9305,6.6559,0.26,390.9552,,4.3412,5.9614,6.1396,0.6555,0.1082,24227.0,24227.0,7027.0,671572.44,671572.44,5
4056,603222.SH,济民健康,20260928,8.01,4.9381,8.4277,0.98,,,3.8651,6.1315,6.4003,,,52509.0615,52509.0615,30767.3975,420597.5706,420597.5706,4
4057,603223.SH,恒通股份,20260928,9.45,1.5219,4.3112,2.11,25.0561,18.9949,1.615,4.9025,4.7251,1.0053,1.2169,70582.2193,70582.2193,24915.2839,667001.979,667001.979,4
4058,603225.SH,新凤鸣,20260928,17.11,0.7271,1.3819,0.97,28.184,16.4102,1.3179,0.4011,0.3644,1.1722,1.1522,167747.978,166854.568,87785.6298,2870167.9378,2854881.6927,1
4059,603226.SH,菲林格尔,20260928,28.88,1.905,6.402,0.69,,,12.3873,28.134,31.8039,,,35549.177,35549.177,10578.1407,1026660.3184,1026660.3184,4
4060,603227.SH,雪峰科技,20260928,7.36,0.5528,1.0651,1.27,15.6603,14.9842,1.4955,1.4177,1.4604,2.7174,2.038,107169.2689,107169.2689,55628.6423,788765.8272,788765.8272,4
4061,603228.SH,景旺电子,20260928,95.0,2.6903,6.2593,0.84,77.2747,80.4057,7.2111,6.2139,5.6539,0.7863,0.5694,100239.306,98204.7992,42209.2043,9512285.5615,9329101.1655,4
4062,603229.SH,奥翔药业,20260928,8.17,1.1384,2.4442,0.66,51.9531,83.6803,2.8396,8.5569,8.7136,1.221,0.7784,83029.7145,83029.7145,38671.1741,678352.7307,678352.7307,1
4063,603230.SH,内蒙新华,20260928,16.62,4.2884,15.1594,0.26,33.6134,81.4461,2.1454,3.8806,4.4407,2.8881,0.9025,35352.3,35352.3,10000.67,587555.226,587555.226,5
4064,603231.SH,索宝蛋白,20260928,17.12,1.2844,1.6152,0.72,17.2773,20.4324,1.6356,1.8751,1.6889,1.7523,2.1612,19145.9105,10626.5982,8450.329,327777.9792,181927.392,4
4065,603232.SH,格尔软件,20260928,15.96,6.669,9.2819,0.66,,,2.9263,10.3801,10.0521,0.3154,,23254.5595,23129.9995,16618.7286,371142.7776,369154.8,1
4066,603233.SH,大参林,20260928,17.77,0.4904,1.2413,0.62,16.3833,14.8392,2.6832,0.7358,0.7235,3.6362,4.6432,113885.452,113885.452,44992.2594,2023744.4465,2023744.4465,1
4067,603235.SH,天新药业,20260928,25.2,0.1401,1.4998,1.2,18.6485,19.8815,2.208,4.7044,4.3569,2.6823,2.1695,43778.0,43778.0,4089.3509,1103205.6,1103205.6,1
4068,603236.SH,移远通信,20260928,71.45,2.5958,3.3064,0.66,34.6008,29.9134,3.9338,1.1906,1.033,0.8763,1.0354,40536.5158,40536.5158,31824.673,2896334.354,2896334.354,4
4069,603237.SH,五芳斋,20260928,15.27,1.0269,2.5577,1.1,24.6105,23.536,1.6726,1.3348,1.4085,3.2327,3.2611,19601.1726,18980.6926,7621.0442,299309.8659,289835.1363,1
4070,603238.SH,诺邦股份,20260928,12.68,1.9384,4.9872,1.18,19.1859,21.4639,1.5376,0.7832,0.729,2.3659,2.3659,17750.9,17750.9,6899.1,225081.412,225081.412,4
4071,603239.SH,浙江仙通,20260928,13.75,0.8524,2.0311,1.12,16.7747,19.0363,2.8038,2.4454,2.416,1.5273,2.1818,27072.0,27072.0,11360.91,372240.0,372240.0,4
4072,603248.SH,锡华科技,20260928,23.2,38.1223,38.1223,0.95,53.0078,64.3343,4.6559,8.4498,8.3934,,0.6897,46000.0,7150.4951,7150.4951,1067200.0,165891.6,1
4073,603255.SH,鼎际得,20260928,31.24,2.4898,3.937,0.59,366.6051,82.4666,2.5952,4.9815,3.7865,,0.1125,13402.9167,6067.5248,3837.1667,418706.9084,189549.3248,4
4074,603256.SH,宏和科技,20260928,140.55,2.7496,14.9222,0.74,629.6742,257.3547,43.108,108.5704,76.1997,,0.0484,90458.6445,90458.6445,16668.0594,12713961.852,12713961.852,4
4075,603257.SH,中国瑞林,20260928,66.0,9.4609,9.4609,0.95,49.0917,43.6593,3.1038,4.0256,4.566,0.7576,0.7576,12000.0,2490.0,2490.0,792000.0,164340.0,4
4076,603258.SH,电魂网络,20260928,13.72,1.6092,2.9282,0.5,,,1.7468,8.6545,8.9093,,,24276.475,24134.135,13263.3134,333073.3056,331120.4008,4
4077,603259.SH,药明康德,20260928,161.8,1.4156,1.6861,0.93,25.6414,22.6604,5.8925,10.8027,9.1691,1.0476,1.29,303490.4066,247328.0246,207655.114,49104748.338,40017673.636,4
4078,603260.SH,合盛硅业,20260928,30.91,0.586,2.1519,1.15,,,1.2307,1.7827,1.7498,1.4438,,118220.6941,118220.6941,32195.1016,3654201.5279,3654201.5279,4
4079,603261.SH,立航科技,20260928,49.5,2.3657,6.9583,0.88,,,7.8323,11.1334,9.388,,,7750.5022,7750.5022,2634.9858,383649.75,383649.75,4
4080,603262.SH,技源集团,20260928,17.41,3.1159,3.1159,1.23,52.0917,63.8511,4.4051,6.3713,6.6657,,0.5055,40001.0,10434.7771,10434.7771,696417.41,181669.5198,4
4081,603266.SH,天龙股份,20260928,18.38,3.6614,8.1703,0.78,34.4565,38.5392,2.2425,2.7612,2.6868,0.9249,0.6529,19888.675,19888.675,8912.865,365553.9384,365553.9384,1
4082,603267.SH,鸿远电子,20260928,46.99,3.5212,5.5985,1.01,43.4517,38.056,2.3691,6.0517,6.3898,0.5734,0.7433,23108.0892,23108.0892,14533.6805,1085849.1491,1085849.1491,4
4083,603268.SH,松发股份,20260928,211.95,1.8653,2.2218,0.51,81.3367,38.4457,16.5327,9.9781,5.6135,,,101871.6941,23324.9792,19582.1792,21591704.6955,4943729.511,4
4084,603269.SH,海鸥股份,20260928,23.71,5.746,7.4296,1.18,88.5326,85.2549,10.1304,5.5527,5.4897,0.646,0.5413,43194.549,43194.549,33406.2489,1024142.7805,1024142.7805,4
4085,603270.SH,金帝股份,20260928,32.84,7.5527,11.0771,1.04,48.8884,51.788,3.1448,3.5613,3.0861,1.0658,0.9744,21910.6667,10371.6667,7071.6667,719546.4028,340605.6428,4
4086,603271.SH,永杰新材,20260928,38.18,0.9406,1.1321,0.59,18.2165,10.1742,2.2312,0.7846,0.7246,1.3132,1.6598,19813.5,9457.5996,7857.5996,756479.43,361091.168,4
4087,603272.SH,*ST联翔,20260928,16.15,2.9248,6.5003,0.67,,,3.1404,11.8182,14.3977,0.5924,,10362.7,10362.7,4662.7,167357.605,167357.605,4
4088,603273.SH,天元智能,20260928,14.58,2.984,2.984,1.0,123.4656,133.3967,3.52,6.1874,6.8191,0.3753,0.2047,21543.34,5605.84,5605.84,314101.8972,81733.1472,4
4089,603275.SH,众辰科技,20260928,36.85,1.5073,1.5073,0.87,30.5265,29.4673,1.793,7.5192,6.559,0.4579,0.3278,14865.4851,4492.1179,4492.1179,547793.3065,165534.622,4
4090,603276.SH,恒兴新材,20260928,17.38,4.2236,4.2236,0.73,60.1203,46.7226,2.0154,4.1561,3.7494,0.7117,0.8624,20764.9497,7628.0301,7628.0301,360894.831,132575.1614,4
4091,603277.SH,银都股份,20260928,11.24,0.1709,0.8023,0.53,14.1271,21.7746,2.509,2.519,2.5796,6.2121,6.248,61171.3965,60974.6025,12990.3281,687566.4236,685354.504,0
4092,603278.SH,大业股份,20260928,10.78,18.8941,38.0312,8.56,,,1.9423,0.7331,0.7417,,,34175.9392,34175.9392,16978.7748,368416.6332,368416.6332,2
4093,603279.SH,景津装备,20260928,10.79,0.9615,1.6795,1.19,11.9468,15.2797,1.364,1.069,1.0818,8.3416,7.4143,57637.3,57637.3,32995.5462,621906.467,621906.467,4
4094,603280.SH,南方路机,20260928,27.41,3.2484,8.31,1.55,31.3858,43.035,2.1568,2.8651,3.1017,0.9486,1.0215,10840.6667,10840.6667,4237.6667,297142.7647,297142.7647,4
4095,603281.SH,江瀚新材,20260928,18.09,0.6373,0.9285,0.76,22.4318,24.3084,1.8866,5.0483,4.6787,3.9324,3.8718,51863.6833,51863.6833,35596.3443,938213.9712,938213.9712,4
4096,603282.SH,亚光股份,20260928,17.13,1.2037,2.5096,0.98,23.8985,28.4635,1.7417,2.6271,2.6643,1.3578,1.3289,13382.0,13382.0,6418.4459,229233.66,229233.66,4
4097,603283.SH,赛腾股份,20260928,42.91,3.6257,5.6918,0.95,31.1874,27.8283,4.3229,4.4679,4.2698,0.7282,0.968,35252.6243,35252.6243,22456.306,1512689.9242,1512689.9242,4
4098,603284.SH,林平发展,20260928,40.73,3.7962,3.7962,0.62,16.5772,14.6074,1.3728,1.1523,0.9693,,1.5222,7541.48,1885.37,1885.37,307164.4804,76791.1201,4
4099,603285.SH,键邦股份,20260928,35.76,5.0482,5.0482,0.71,42.1192,42.102,3.329,9.2464,8.7415,0.5593,0.7246,16000.0,6229.678,6229.678,572160.0,222773.3568,4
4100,603286.SH,日盈电子,20260928,43.9,3.1242,4.7839,0.86,,,6.4476,4.9741,4.992,0.0675,,11799.3671,11688.4221,7633.3121,517992.343,513121.638,4
4101,603288.SH,海天味业,20260928,32.93,0.2958,1.1319,1.49,27.3746,26.3319,4.9286,6.6731,6.4682,3.3953,3.3377,585104.5044,555982.0644,145295.4658,19267491.185,18308489.2358,4
4102,603289.SH,泰瑞机器,20260928,11.17,3.8062,10.3974,0.75,36.0393,75.1325,2.2615,2.7172,2.8272,1.3427,1.3429,29339.7874,29339.7874,10740.4155,327725.4543,327725.4543,1
4103,603290.SH,斯达半导,20260928,82.81,1.5799,3.3602,0.77,48.9367,101.8089,2.8825,4.9424,4.9521,0.768,0.6135,23947.3466,23947.3466,11259.3975,1983080.0535,1983080.0535,4
4104,603291.SH,联合水务,20260928,8.61,0.9198,3.5615,0.87,35.9554,38.658,2.0763,3.3038,3.5807,1.7422,2.3229,42322.0604,42322.0604,10930.2365,364392.9366,364392.9366,4
4105,603293.SH,埃泰克,20260928,35.52,3.0185,3.0185,0.7,25.6093,25.512,2.159,1.7625,1.6451,,,17909.0658,3509.6511,3509.6511,636129.8112,124662.768,4
4106,603296.SH,华勤技术,20260928,74.84,1.7701,1.7701,1.08,27.9809,21.964,3.5323,0.6617,0.626,0.8569,1.1454,151580.3032,79859.6051,79859.6051,11344269.652,5976693.2124,4
4107,603297.SH,永新光学,20260928,108.25,0.9152,2.9305,0.91,54.5186,57.8831,5.8371,12.417,11.0088,0.7867,0.8314,11072.91,11072.91,3458.1445,1198642.5075,1198642.5075,4
4108,603298.SH,杭叉集团,20260928,21.76,0.6669,1.7328,1.91,13.0066,12.4436,2.3374,1.6067,1.5371,3.2169,2.7574,130981.2049,130981.2049,50413.7501,2850150.912,2850150.912,4
4109,603299.SH,苏盐井神,20260928,8.6,0.3525,0.7301,1.0,15.7262,23.2789,1.021,1.8222,1.8927,4.2172,2.9302,95475.9938,94442.0338,45597.7498,821093.514,812201.458,4
4110,603300.SH,海南华铁,20260928,4.49,1.1114,1.4596,0.96,17.028,21.1755,1.3152,1.4997,1.4116,0.5587,,199918.8217,199918.8217,152233.4553,897635.5018,897635.5018,4
4111,603301.SH,振德医疗,20260928,74.81,0.4753,1.1819,0.66,75.6874,71.3089,3.4777,4.5594,4.4326,0.8769,0.401,26387.6225,26387.6225,10612.8159,1974057.8522,1974057.8522,4
4112,603303.SH,得邦照明,20260928,27.96,0.6205,2.4739,0.9,50.4591,67.3996,4.2967,3.084,3.1633,4.843,1.0871,47694.4575,47694.4575,11962.2255,1333537.1016,1333537.1016,4
4113,603305.SH,旭升集团,20260928,11.1,1.0366,2.0192,0.71,35.1343,31.8953,1.3804,2.883,2.6827,2.8224,1.4358,115570.8556,115570.8556,59332.1485,1282836.546,1282836.546,4
4114,603306.SH,华懋科技,20260928,73.95,3.8405,4.8411,1.27,111.8923,233.233,6.8517,9.733,9.7996,0.1175,0.106,32949.5697,32949.5697,26139.0637,2436620.7015,2436620.7015,4
4115,603307.SH,扬州金泉,20260928,26.13,1.5489,6.1047,1.33,23.4653,24.156,1.8247,3.0183,2.8824,2.6486,2.6564,9807.655,9715.0,2465.0,256274.1558,253852.95,4
4116,603308.SH,应流股份,20260928,36.56,3.2075,4.7258,0.98,76.3866,69.7849,5.1337,9.1241,7.9149,0.1785,0.408,72843.3921,72843.3921,49441.0767,2663154.3384,2663154.3384,4
4117,603309.SH,维力医疗,20260928,11.12,0.7537,1.5159,0.95,42.522,56.6913,1.8247,1.9897,1.9613,4.5118,4.4964,29187.1418,29187.1418,14511.7162,324560.9968,324560.9968,1
4118,603310.SH,巍华新材,20260928,14.41,0.9936,1.3694,1.53,29.4073,31.6145,1.2349,5.4543,4.2389,2.0819,1.3879,34534.0,19401.0,14076.0,497634.94,279568.41,4
4119,603311.SH,金海高科,20260928,25.71,2.5635,5.2729,1.37,77.2633,98.5439,4.612,7.089,7.2462,0.4667,0.4601,23588.3907,23588.3907,11467.9471,606457.5069,606457.5069,4
4120,603312.SH,西典新能,20260928,32.96,4.1467,4.343,4.34,20.2177,25.6486,2.9155,1.8958,2.0439,3.4798,2.3854,15999.95,5091.95,4861.78,527358.352,167830.672,1
4121,603313.SH,梦百合,20260928,6.25,2.4944,4.3148,0.65,,,1.0488,0.4002,0.3855,0.8,,57058.6885,57058.6885,32985.4683,356616.8125,356616.8125,4
4122,603315.SH,福鞍股份,20260928,10.66,1.2953,2.4465,0.88,71.6622,128.2116,1.9753,2.6754,2.8346,0.7788,0.4221,32036.6264,32036.6264,16961.2385,341510.4758,341510.4758,4
4123,603316.SH,诚邦股份,20260928,15.9,10.3162,16.69,0.66,,,7.7834,8.5252,6.7252,,,26999.9,26426.4,16334.3094,429298.41,420179.76,4
4124,603317.SH,天味食品,20260928,12.59,0.5184,1.9224,0.99,23.4708,17.5828,3.1435,3.8773,3.2729,4.3715,4.343,106207.7113,106207.7113,28639.6913,1337155.0689,1337155.0689,4
4125,603318.SH,水发燃气,20260928,8.62,6.3963,11.1822,0.79,,211.7957,2.4939,1.8747,1.9295,0.6529,,55467.3218,45907.0924,26259.4238,478128.2984,395719.1158,4
4126,603319.SH,美湖股份,20260928,28.79,5.3316,6.9697,0.99,94.001,169.5161,3.9511,4.349,4.1794,0.521,0.5106,33914.9678,33914.9678,25943.9598,976411.9863,976411.9863,4
4127,603320.SH,迪贝电气,20260928,17.8,1.1012,2.711,0.87,32.96,37.4173,2.2353,2.6999,2.668,0.7865,0.9551,14914.6203,14914.6203,6058.1913,265480.236,265480.236,4
4128,603321.SH,梅轮电梯,20260928,7.27,2.027,4.5452,0.49,78.4427,71.6661,1.7534,3.7341,3.7447,2.4059,0.6842,34802.4469,34456.4469,15366.4469,253013.8115,250498.3915,1
4129,603322.SH,超讯科技,20260928,26.45,7.0469,8.8626,1.57,,,13.2805,1.7955,3.2674,,,15758.6796,15758.6796,12530.1796,416817.086,416817.086,4
4130,603323.SH,苏农银行,20260928,4.43,1.3508,1.5624,1.17,4.814,4.7317,0.4931,2.335,2.3224,5.2049,2.4625,222039.5581,222039.5581,191972.0062,983635.2508,983635.2508,1
4131,603324.SH,盛剑科技,20260928,25.25,1.7413,4.9449,1.12,,,2.3315,3.3868,3.8089,0.4832,,15098.332,14587.842,5136.85,381232.883,368343.0105,4
4132,603325.SH,博隆技术,20260928,52.15,0.6456,0.6456,0.95,10.1723,15.7179,1.515,3.0817,3.4915,3.3078,3.0681,8000.4,3418.32,3418.32,417220.86,178265.388,4
4133,603326.SH,我乐家居,20260928,7.59,1.039,3.1469,0.98,13.893,18.3406,2.0997,1.6697,1.8023,8.5941,3.2938,31917.693,31917.693,10538.013,242255.2671,242255.2671,1
4134,603327.SH,福蓉科技,20260928,8.03,1.0998,3.7353,0.87,70.93,57.8746,3.4802,3.1651,2.8652,2.2773,1.3655,104545.936,104545.936,30783.1768,839503.8982,839503.8982,4
4135,603328.SH,依顿电子,20260928,13.13,5.9553,14.8811,0.89,28.1518,41.9103,3.1081,3.2568,3.1966,1.508,1.2795,99844.2611,99844.2611,39957.0887,1310955.1338,1310955.1338,4
4136,603329.SH,上海雅仕,20260928,10.24,1.627,2.9571,1.46,67.2783,19.4411,1.6704,0.8797,0.8897,0.186,0.4492,25005.1175,20638.3053,11355.2483,256052.4288,211336.2944,1
4137,603330.SH,天洋新材,20260928,9.41,5.9327,9.4766,0.63,,,3.09,4.7308,5.5826,,,43267.3649,40671.323,25461.6729,407145.8576,382717.1212,4
4138,603331.SH,百达精工,20260928,12.3,1.6016,2.094,0.98,,,2.1752,1.7653,1.8806,0.6504,,20217.5636,20217.5636,15463.1811,248675.988,248675.988,4
4139,603332.SH,苏州龙杰,20260928,11.95,1.4159,3.5435,0.99,33.736,26.382,1.9796,1.559,1.385,1.8351,2.3356,21634.7184,21634.7184,8644.6218,258534.904,258534.904,4
4140,603333.SH,福华尚纬,20260928,8.88,1.8357,3.2966,1.47,,,3.2186,4.6937,3.3992,0.0913,,74516.1457,62152.7586,34610.038,661703.412,551916.5088,4
4141,603334.SH,丰倍生物,20260928,31.89,2.7919,2.7919,0.53,32.5583,33.4234,2.6456,1.4432,1.1329,,1.0975,14350.0,3181.6703,3181.6703,457621.5,101463.4563,4
4142,603335.SH,迪生力,20260928,6.04,1.8679,3.4472,0.82,53.3407,39.7877,9.9946,2.6277,3.1212,,,42814.46,42814.46,23199.28,258599.3384,258599.3384,4
4143,603336.SH,宏辉果蔬,20260928,9.98,2.1807,4.1242,0.53,341.0446,378.3271,4.2365,5.7733,6.0743,0.0501,0.1102,60871.8945,60871.8945,32186.2352,607501.4622,607501.4622,4
4144,603337.SH,杰克科技,20260928,35.8,0.851,2.5445,1.34,19.9251,19.5965,3.155,2.5892,2.3904,1.335,1.1978,47638.8091,46702.9791,15619.8118,1705469.398,1671966.684,4
4145,603338.SH,浙江鼎力,20260928,52.14,0.4257,0.9744,0.72,13.9011,14.3748,2.2411,3.0787,2.7349,1.9179,2.2056,50634.7879,50634.7879,22119.4099,2640097.9506,2640097.9506,4
4146,603339.SH,四方科技,20260928,12.17,2.0948,3.7518,0.69,24.3891,21.9738,1.3503,2.2272,2.0984,1.8969,1.2736,30944.1175,30944.1175,17277.9339,376589.9404,376589.9404,4
4147,603341.SH,龙旗科技,20260928,35.72,3.4174,3.4174,0.7,31.8792,39.2394,2.5522,0.4428,0.4563,1.363,1.3973,52220.2644,26740.2331,26740.2331,1865307.6872,955161.0156,4
4148,603344.SH,星德胜,20260928,22.16,3.8283,3.8283,0.79,24.836,28.5313,1.9786,1.6753,1.6114,1.3989,,19453.098,5403.098,5403.098,431080.696,119732.696,4
4149,603345.SH,安井食品,20260928,77.24,1.318,1.7573,0.62,18.9395,17.1008,1.6257,1.5898,1.4418,4.3715,4.0917,33328.8932,29329.4232,21997.3013,2574323.4636,2265404.4008,1
4150,603348.SH,文灿股份,20260928,14.55,1.0875,2.0792,1.62,,,1.1961,0.7744,0.7748,1.0309,,31447.7192,31447.7192,16447.7192,457564.326,457564.326,1
4151,603350.SH,安乃达,20260928,28.42,1.4076,1.8201,1.47,28.7767,38.2608,2.449,1.6516,1.6711,4.389,2.1107,11648.0,4412.45,3412.45,331036.16,125401.829,1
4152,603351.SH,威尔药业,20260928,27.0,0.9968,2.2755,0.46,24.2226,23.5949,2.0447,2.7391,2.6103,1.4815,2.2222,13543.9132,13543.9132,5933.3294,365685.57,365685.57,4
4153,603352.SH,至信股份,20260928,25.1,1.7078,1.7078,0.88,25.0126,30.4249,1.9214,1.4038,1.3174,,0.4382,22666.6667,4533.3334,4533.3334,568933.166,113786.583,4
4154,603353.SH,和顺石油,20260928,41.63,5.0032,15.2364,0.67,,154.6144,4.2996,2.7472,2.8442,0.7311,0.4846,17041.8,17041.8,5596.0,709450.134,709450.134,4
4155,603355.SH,莱克电气,20260928,30.27,0.5291,2.7607,0.57,21.7139,28.763,2.9551,1.759,1.7815,,,57339.6882,57339.6882,10989.8953,1735672.4163,1735672.4163,4
4156,603356.SH,华菱精工,20260928,16.56,3.3604,4.6201,1.36,,,8.0776,2.3084,2.3577,,,13334.0,13334.0,9698.4683,220811.04,220811.04,4
4157,603357.SH,设计总院,20260928,5.92,0.4081,0.7746,1.0,9.0737,20.8865,0.8538,1.3151,1.6685,5.9125,3.3785,56054.3253,56054.3253,29530.4853,331841.6336,331841.6336,4
4158,603358.SH,华达科技,20260928,43.04,1.4353,3.0602,0.96,79.7415,,5.9167,4.0482,4.2328,1.1389,0.9526,46974.3076,46177.0643,21658.88,2021773.872,1987460.6624,4
4159,603359.SH,*ST东珠,20260928,2.1,0.9946,1.8439,0.77,,,0.6782,3.2998,5.4265,,,44609.6,44609.6,24062.5868,93680.16,93680.16,4
4160,603360.SH,百傲化学,20260928,12.03,1.2469,2.805,0.79,40.5,48.4227,6.0545,4.9281,5.6116,3.5625,,70622.3654,70622.3654,31393.0475,849587.1111,849587.1111,4
4161,603363.SH,傲农生物,20260928,2.79,1.0526,1.3533,0.75,98.1642,,2.5739,0.8991,0.843,,,273106.1826,214658.9668,166957.609,761966.2701,598898.5263,4
4162,603365.SH,水星家纺,20260928,15.99,0.2926,0.7687,0.6,10.3171,10.0936,1.359,0.9269,0.9159,5.5536,6.1665,26249.63,26113.37,9941.546,419731.5837,417552.7863,4
4163,603366.SH,日出东方,20260928,7.29,2.2317,5.6653,0.78,33.928,34.8571,1.3709,1.4503,1.3701,0.7407,0.6173,81304.8101,81304.8101,32028.658,592712.0649,592712.0649,4
4164,603367.SH,辰欣药业,20260928,14.24,0.9706,1.8399,0.64,15.305,14.1223,1.0103,1.8716,1.8973,2.8652,2.6404,45275.4129,45275.4129,23884.6658,644721.8384,644721.8384,4
4165,603368.SH,柳药集团,20260928,15.12,0.4937,0.6621,0.75,8.4653,9.249,0.7621,0.287,0.2839,4.9664,4.393,39721.1355,39721.1355,29617.856,600583.6368,600583.6368,4
4166,603369.SH,今世缘,20260928,26.64,0.461,0.8537,0.55,12.7568,13.5202,1.9369,3.2625,3.4364,4.5045,4.5045,124680.0037,124680.0037,67326.8263,3321475.2,3321475.2,4
4167,603370.SH,华新精科,20260928,27.35,2.0711,2.6086,0.77,28.9341,35.7254,2.4507,3.0276,3.1024,,1.042,17495.0,8445.3703,6704.9942,478488.25,230980.8695,4
4168,603373.SH,安邦护卫,20260928,52.7,10.0688,14.7967,2.02,62.6658,58.9768,4.2295,2.9217,2.8935,0.9488,0.7455,15053.7635,6360.2151,4327.957,793333.679,335183.594,1
4169,603375.SH,盛景微,20260928,48.59,10.0768,14.7643,0.72,483.2014,,3.1779,10.4128,11.406,0.2058,0.2042,10066.6667,6378.0929,4353.0925,489139.0094,309911.3931,4
4170,603376.SH,大明电子,20260928,26.44,3.9409,3.9409,0.63,42.6702,63.6643,6.1764,3.4045,3.5555,,0.5673,40000.1,3200.08,3200.08,1057602.644,84610.1152,4
4171,603377.SH,ST东时,20260928,3.06,0.347,0.5815,0.63,,,,3.5797,3.7799,,,72283.1422,72283.1422,43138.5222,221186.4084,221186.4084,4
4172,603378.SH,*ST亚士,20260928,4.62,2.5093,4.6269,0.75,,,,4.283,6.1584,,,42859.6642,42859.6642,23244.2276,198011.6292,198011.6292,4
4173,603379.SH,三美股份,20260928,49.7,0.8291,2.0218,0.8,14.7204,14.1987,3.5765,5.1869,4.7145,1.5438,3.4608,61047.9037,61047.9037,25034.6314,3034080.63,3034080.63,4
4174,603380.SH,易德龙,20260928,32.25,2.0437,4.5898,1.24,23.2872,23.1891,3.2592,2.2599,2.1712,3.1008,1.8588,16044.12,16044.12,7143.85,517422.87,517422.87,4
4175,603381.SH,永臻股份,20260928,14.62,1.9126,2.2809,0.84,,,1.0427,0.3236,0.3624,3.8304,,23725.6326,14213.7686,11918.8883,346868.7106,207805.3174,4
4176,603382.SH,海阳科技,20260928,19.05,2.366,3.5327,1.57,30.0636,34.2991,1.9232,0.8075,0.8341,1.0499,1.5748,18125.1368,11548.5886,7734.6386,345283.917,220000.6395,4
4177,603383.SH,顶点软件,20260928,26.61,0.6798,1.1502,0.77,30.6676,27.6853,3.7682,9.3976,9.3592,3.0065,3.0064,20537.6359,20537.6359,12137.3382,546506.6004,546506.6004,4
4178,603385.SH,惠达卫浴,20260928,5.63,1.3061,3.2562,1.47,,,0.6179,0.7279,0.8034,1.9538,,38066.4968,38066.4968,15269.267,214314.395,214314.395,4
4179,603386.SH,骏亚科技,20260928,17.38,4.5671,10.7351,0.8,,,4.294,2.2365,2.1639,,,32632.256,32632.256,13882.806,567148.6788,567148.6788,4
4180,603387.SH,基蛋生物,20260928,9.91,1.8963,3.3828,0.71,22.7765,16.9711,1.7097,4.7788,4.5925,1.8163,3.0251,50715.3517,50715.3517,28430.372,502589.1185,502589.1185,1
4181,603389.SH,亚振家居,20260928,42.63,0.7766,1.9644,0.98,,,56.2848,20.1565,14.0702,,,26275.2,26275.2,10387.7487,1120111.776,1120111.776,4
4182,603390.SH,XD通达电,20260928,10.72,3.4661,9.3275,0.93,44.2335,29.8921,2.2189,3.7195,3.803,0.8396,1.4885,35163.3984,35107.3968,13045.9248,376951.648,376351.328,1
4183,603391.SH,力聚热能,20260928,68.94,12.6554,12.6554,1.71,27.7704,30.4322,2.9016,5.513,5.8418,1.8132,2.1758,9100.0,2275.0,2275.0,627354.0,156838.5,1
4184,603392.SH,万泰生物,20260928,26.69,0.4168,1.4335,0.8,,,2.8754,18.5526,16.6743,,,126439.2804,126439.2804,36763.3805,3374664.3832,3374664.3832,1
4185,603393.SH,新天然气,20260928,24.89,0.9693,1.7133,0.83,13.0768,18.4804,1.0891,2.6891,2.7844,,3.2141,42392.1327,42392.1327,23982.4729,1055140.1157,1055140.1157,1
4186,603395.SH,红四方,20260928,25.1,9.3501,9.3501,0.52,127.3641,194.6398,4.6167,1.9023,1.8657,0.4597,0.255,26000.0,6500.0,6500.0,652600.0,163150.0,4
4187,603396.SH,金辰股份,20260928,39.2,16.972,28.8614,3.01,97.1606,106.4085,2.0808,1.9184,2.0794,0.3827,0.3827,13852.7478,13852.7478,8146.1486,543027.8,543027.8,2
4188,603398.SH,*ST沐邦,20260928,8.24,0.9938,1.5334,0.67,,,,9.1837,8.5844,,,43364.1524,43364.1524,28105.344,357320.596,357320.596,4
4189,603399.SH,永杉锂业,20260928,12.68,3.9678,5.2988,0.79,,764.3538,3.8298,1.1983,0.8783,,,51229.0649,51229.0649,38361.0176,649584.4808,649584.4808,4
4190,603402.SH,陕西旅游,20260928,59.5,5.2487,5.2487,0.41,15.5678,19.6439,2.0868,5.8091,6.4157,,2.5856,10053.3334,2513.3334,2513.3334,598173.135,149543.135,4
4191,603406.SH,天富龙,20260928,27.69,2.1044,2.1044,0.65,25.0659,23.6065,2.3474,3.1622,3.2624,1.8057,4.5143,40001.0,5871.9829,5871.9829,1107627.69,162595.1262,4
4192,603407.SH,长裕集团,20260928,59.86,12.7244,12.7244,0.75,97.9344,89.0307,11.3906,13.7074,13.9725,,,40787.5231,3591.1992,3591.1992,2441540.9472,214969.232,4
4193,603408.SH,建霖家居,20260928,11.6,0.2949,1.1127,0.74,11.7806,12.7131,1.5283,1.0142,0.9337,4.3103,5.5172,44757.3,44757.3,11860.1633,519184.68,519184.68,4
4194,603409.SH,汇通控股,20260928,17.57,2.384,2.384,0.83,22.385,21.7606,2.149,2.6713,2.3484,1.91,1.1459,18777.7893,5387.8012,5387.8012,329925.7703,94663.646,4
4195,603416.SH,信捷电气,20260928,45.5,0.9649,1.8578,1.09,28.1013,25.3188,2.6551,3.5471,3.1913,3.2066,3.3822,15697.5753,13954.612,7248.006,714239.435,634934.755,4
4196,603418.SH,友升股份,20260928,48.75,8.6679,13.8574,3.35,19.1973,18.1574,2.0403,1.8894,1.8652,,1.7026,19306.8444,8804.8602,5507.5269,941208.45,429236.925,1
4197,603421.SH,鼎信通讯,20260928,6.18,2.9812,6.0041,0.59,,,1.7508,2.682,3.2228,,,65219.0511,65219.0511,32383.2835,403053.729,403053.729,4
4198,603429.SH,*ST集友,20260928,8.88,0.529,0.8974,1.83,,,3.7307,27.2176,43.0834,,,52448.5465,52448.5465,30918.0165,465743.124,465743.124,1
4199,603435.SH,嘉德利,20260928,44.42,8.2333,8.2333,1.01,83.7557,80.175,9.2591,26.9387,24.4097,,,45916.754,3568.7542,3568.7542,2039622.035,158523.875,4
4200,603439.SH,三力制药,20260928,13.44,3.538,7.8137,0.51,117.3431,14503.9917,3.699,3.1874,3.4785,2.5359,0.4418,40384.0216,40384.0216,18285.917,542761.2288,542761.2288,4
4201,603444.SH,吉比特,20260928,336.03,1.403,2.3759,0.9,13.4964,10.8046,3.9969,3.9016,3.2653,4.7723,6.8176,7204.1101,7204.1101,4254.2261,2420797.0833,2420797.0833,4
4202,603448.SH,天博智能,20260928,62.17,21.0948,21.0948,0.94,21.2614,22.7814,3.9016,3.8042,3.7573,,,12000.0,2351.6837,2351.6837,746040.0,146203.9456,0
4203,603456.SH,九洲药业,20260928,16.42,2.2539,4.0788,0.72,19.8304,24.4706,1.6266,2.6282,2.7773,3.0451,1.2074,88171.0028,88171.0028,48722.8796,1447767.82,1447767.82,1
4204,603458.SH,勘设股份,20260928,10.52,2.2623,2.4987,0.84,,,1.307,2.4013,2.6282,,,30612.4514,30612.4514,27716.2789,322042.974,322042.974,4
4205,603459.SH,红板科技,20260928,84.07,6.8847,6.8847,0.56,117.3812,75.5251,14.1127,17.2336,15.6037,,,75375.3588,7905.1858,7905.1858,6336806.5152,664589.3233,4
4206,603466.SH,风语筑,20260928,11.52,7.0508,11.4097,0.68,,117.3559,3.2331,4.124,4.1418,1.736,0.1736,59482.8492,59482.8492,36758.3871,685242.432,685242.432,4
4207,603468.SH,津富士达,20260928,22.15,5.0328,5.0328,0.53,23.8984,24.3316,3.0804,1.8042,1.6432,,,41222.17,3998.8574,3998.8574,913071.0655,88574.749,4
4208,603477.SH,巨星农牧,20260928,13.94,2.3954,4.5762,1.18,240.2618,,2.9301,0.9112,0.9299,1.1735,0.1338,52297.9624,51007.0813,26699.0665,729033.5959,711038.7133,1
4209,603486.SH,科沃斯,20260928,50.4,0.5169,1.5612,0.92,16.6073,14.408,2.901,1.5337,1.4104,0.8866,1.8229,57938.0533,57461.0784,19026.9367,2920077.72,2896038.432,1
4210,603488.SH,展鹏科技,20260928,7.68,1.9991,2.8554,0.95,,,2.9465,4.2742,3.9914,0.3906,,29199.044,29199.044,20442.2507,224248.6272,224248.6272,4
4211,603489.SH,八方股份,20260928,29.35,0.8433,3.1444,0.93,66.9722,38.7037,2.4629,5.1509,4.4301,0.3407,0.5111,23461.7979,23461.7979,6292.184,688603.83,688603.83,4
4212,603496.SH,恒为科技,20260928,21.98,1.4707,1.9901,0.7,201.448,179.5833,5.0116,6.7243,7.1251,0.1137,0.1183,32020.9243,32020.9243,23663.496,703819.8216,703819.8216,4
4213,603499.SH,翔港科技,20260928,12.78,0.8601,2.1172,1.24,46.5642,44.915,5.679,5.2329,5.1188,0.7984,0.4471,42363.2146,42363.2146,17208.4711,541401.8238,541401.8238,4
4214,603500.SH,祥和实业,20260928,9.99,8.532,18.01,2.49,24.7299,23.3404,3.1909,3.9828,3.9533,1.3014,2.2022,33278.3246,33278.3246,15765.2208,332450.4168,332450.4168,4
4215,603501.SH,豪威集团,20260928,80.75,0.9614,1.5303,0.9,25.1049,31.3717,3.1273,3.5197,3.5113,0.766,0.6183,125770.4429,120696.3329,75825.2053,10155963.03,9746228.6475,4
4216,603505.SH,金石资源,20260928,14.36,0.9092,2.0068,1.07,37.1017,41.7717,6.4155,3.109,2.9794,0.7343,0.8335,84166.8813,84166.8813,38132.3225,1208636.3968,1208636.3968,4
4217,603506.SH,南都物业,20260928,12.21,2.0687,5.3414,0.91,23.101,26.9748,1.8102,1.2312,1.2347,,1.7321,18777.7779,18777.7779,7272.4453,229276.6938,229276.6938,1
4218,603507.SH,振江股份,20260928,27.12,7.4303,9.9499,0.95,58.1643,26.3897,2.4838,1.6316,1.2958,0.8416,0.8509,23893.3994,23630.3834,17646.3228,647989.008,640855.9056,1
4219,603508.SH,思维列控,20260928,20.48,0.5702,1.3016,1.37,14.0404,13.693,1.8946,5.1385,5.0083,16.0561,2.561,38127.4377,38127.4377,16702.1213,780849.9712,780849.9712,4
4220,603511.SH,爱慕股份,20260928,12.83,0.5636,4.0217,1.52,34.247,29.7708,1.1935,1.6832,1.6956,3.1229,2.8709,40587.4312,40188.7312,5631.514,520736.7269,515621.4059,1
4221,603515.SH,欧普照明,20260928,14.44,0.1463,0.9658,0.86,11.6443,13.3032,1.6143,1.5378,1.5331,6.2176,5.8682,74227.9749,73775.0549,11177.8413,1071851.8868,1065311.722,4
4222,603516.SH,淳中科技,20260928,78.6,2.5339,3.664,1.58,57.1381,35.4103,8.8113,48.5313,50.258,0.3164,0.1266,20326.8279,20326.8279,14057.5539,1597688.838,1597688.838,4
4223,603517.SH,ST绝味,20260928,11.02,0.934,1.7881,1.36,,,1.0999,1.2216,1.2938,2.9946,,60600.1936,60600.1936,31652.3996,667814.0938,667814.0938,4
4224,603518.SH,锦泓集团,20260928,7.85,2.3245,3.4989,1.42,11.9739,10.4854,0.7119,0.6451,0.6556,3.9643,2.5478,34535.1984,34407.3984,22858.8644,271101.32,270098.09,1
4225,603519.SH,立霸股份,20260928,16.9,3.9788,8.5441,1.11,28.7408,25.1687,4.2358,2.6662,2.666,5.8605,5.8605,26632.7839,26632.7839,12402.2367,450093.982,450093.982,4
4226,603520.SH,司太立,20260928,8.42,1.2294,1.5322,0.9,360.8976,175.5976,1.4901,1.5093,1.4992,1.7815,3.5629,43840.9881,43840.9881,35175.0758,369141.1358,369141.1358,4
4227,603527.SH,众源新材,20260928,9.45,1.5717,2.5437,0.83,47.4722,98.7783,1.4171,0.2711,0.2053,1.6931,1.0582,31697.12,31697.12,19584.3908,299537.784,299537.784,4
4228,603528.SH,多伦科技,20260928,6.43,1.1167,2.407,0.67,,,2.4361,11.3528,10.7153,0.7721,,70593.0131,70593.0131,32751.4338,453913.0543,453913.0543,4
4229,603529.SH,爱玛科技,20260928,21.12,0.433,1.4698,1.07,8.9717,12.2754,1.863,0.7274,0.7766,5.7824,4.4109,86424.8384,85076.6217,25062.4017,1825292.6208,1796818.2144,1
4230,603530.SH,神马电力,20260928,42.6,0.4491,1.8636,0.65,42.5731,37.7998,10.1243,10.6804,9.6182,1.0745,0.7991,43140.4377,42746.4774,10302.1552,1837782.744,1821000.048,4
4231,603533.SH,掌阅科技,20260928,21.5,3.742,7.0564,0.67,,,4.145,2.91,2.6957,0.4651,,43889.6835,43889.6835,23274.867,943628.12,943628.12,4
4232,603535.SH,嘉诚国际,20260928,6.11,0.5197,1.5233,0.9,81.3526,,1.2586,2.767,3.1206,0.9953,0.3273,51091.8331,51091.8331,17431.5283,312171.0813,312171.0813,4
4233,603536.SH,惠发食品,20260928,10.08,2.2669,5.1103,1.26,,,6.8576,1.7201,1.7951,,,24053.226,24053.226,10669.6253,242456.5584,242456.5584,1
4234,603538.SH,美诺华,20260928,26.13,6.9487,9.123,0.49,86.8862,76.0061,3.0292,5.9092,5.2726,0.1237,0.4237,33992.8187,33691.995,25662.1672,888232.3866,880371.96,4
4235,603551.SH,奥普科技,20260928,9.25,0.487,1.7205,1.07,11.97,13.101,2.7756,1.8983,1.8653,9.0914,9.1635,38468.365,38122.7343,10789.7781,355832.33,352635.2525,4
4236,603556.SH,海兴电力,20260928,22.44,0.4646,1.4237,0.7,14.9662,16.4249,1.6026,2.2882,2.082,3.0954,3.529,48626.417,48626.417,15870.0858,1091176.8648,1091176.8648,4
4237,603557.SH,*ST起步,20260928,2.99,1.9452,2.8924,2.38,,,43.9087,11.7743,2.7557,,,62343.6888,62343.6888,41926.6552,186407.6331,186407.6331,4
4238,603558.SH,健盛集团,20260928,12.99,2.1249,4.3574,1.29,10.9919,10.1652,1.9879,1.7193,1.6932,4.3318,4.7727,34263.8049,34263.8049,16709.0274,445086.762,445086.762,4
4239,603559.SH,中通国脉,20260928,8.88,2.164,3.0237,0.7,,,4.5329,8.5398,7.6582,,,40127.6979,40127.6979,28718.3956,356333.976,356333.976,4
4240,603565.SH,中谷物流,20260928,11.48,0.5761,1.4059,0.78,12.048,11.9805,2.193,2.2708,2.2455,10.6272,5.8362,210006.3103,210006.3103,86058.6378,2410872.4388,2410872.4388,4
4241,603566.SH,普莱柯,20260928,10.14,0.5628,0.8226,0.97,18.9686,24.0124,1.378,3.2197,3.4345,5.8463,5.8463,34606.2273,34606.2273,23676.3105,350907.1722,350907.1722,4
4242,603567.SH,珍宝岛,20260928,5.16,1.7788,3.5599,0.72,,,0.8072,6.0848,12.7917,2.9089,,94023.5287,93940.3292,46941.2377,485161.4148,484732.1028,4
4243,603568.SH,伟明环保,20260928,13.36,0.2576,0.7856,0.78,12.3639,15.9268,1.8744,4.3888,5.0673,2.9712,3.7493,204845.7418,204845.7418,67165.5148,2736739.0864,2736739.0864,0
4244,603569.SH,长久物流,20260928,5.76,0.4348,1.5025,1.07,,,1.4229,0.9412,0.9767,6.25,11.2847,60350.7251,60350.7251,17464.8246,347620.2048,347620.2048,4
4245,603577.SH,汇金通,20260928,9.7,0.759,1.907,0.82,31.9256,41.8031,1.6643,0.7866,0.8579,0.8948,0.6268,33913.91,33913.91,13496.9567,328964.927,328964.927,0
4246,603578.SH,三星新材,20260928,13.8,1.9553,4.5064,0.86,,,2.3371,2.0995,2.0483,,,23406.0564,18035.7032,7825.5032,323003.49,248892.66,4
4247,603579.SH,荣泰健康,20260928,18.0,2.2096,4.4119,1.21,24.0138,20.3807,1.3116,2.3008,2.0638,1.6934,2.7534,20105.2364,20105.2364,10069.1844,361894.32,361894.32,4
4248,603580.SH,艾艾精工,20260928,79.25,9.3505,28.2784,1.15,236.22,256.6902,23.1433,31.4009,23.2,0.1035,0.1035,13067.32,13067.32,4320.82,1035585.11,1035585.11,1
4249,603583.SH,捷昌驱动,20260928,28.07,1.0733,2.2403,0.69,27.2611,30.4684,2.284,2.6829,2.6165,1.0624,1.1044,38576.0955,38329.3655,18363.2922,1082831.127,1075905.4159,4
4250,603585.SH,苏利股份,20260928,10.37,1.1321,3.2048,1.0,14.8166,17.112,1.0251,1.0282,1.0164,,2.4489,27535.5811,27079.6011,9565.5955,285543.9646,280815.452,1
4251,603586.SH,金麒麟,20260928,13.95,2.0427,5.0651,2.92,20.0553,59.4984,1.2167,1.5469,1.7325,3.5842,3.9427,19605.278,19605.278,7906.7263,273493.656,273493.656,1
4252,603587.SH,地素时尚,20260928,12.35,1.0038,4.5455,1.72,22.4168,19.4654,1.5974,2.7329,2.6842,4.0131,3.2314,47270.2787,47270.2787,10438.9687,583787.958,583787.958,1
4253,603588.SH,高能环境,20260928,16.47,4.2754,4.9943,1.22,29.9341,18.4812,2.4065,1.7029,1.3671,0.425,1.4354,152323.4457,152323.4457,130397.3282,2508767.2215,2508767.2215,4
4254,603589.SH,口子窖,20260928,17.42,0.7212,1.1813,0.66,15.4743,32.2441,0.9953,2.6109,3.0543,7.4685,2.8635,59811.9472,59811.9472,36515.1278,1041924.169,1041924.169,4
4255,603590.SH,康辰药业,20260928,29.16,0.8818,1.6089,0.76,28.3375,27.5609,1.4768,5.1393,5.1285,2.0312,1.1684,16128.5477,15899.7077,8714.5317,470308.518,463635.5436,4
4256,603595.SH,ST东尼,20260928,30.6,0.8762,1.6198,0.88,,59.0947,4.2166,3.3745,3.0442,0.049,,23244.2326,23244.2326,12574.0924,711273.438,711273.438,4
4257,603596.SH,伯特利,20260928,28.0,1.4151,2.2687,1.02,19.1945,17.5936,3.054,2.092,1.9154,0.8421,0.917,89764.1828,89764.1828,55989.0296,2513397.1184,2513397.1184,4
4258,603598.SH,引力传媒,20260928,17.39,7.1258,14.1799,0.66,274.1952,250.7584,20.2986,0.5669,0.5478,,,27015.74,26985.74,13561.11,469555.3894,469033.6894,4
4259,603599.SH,广信股份,20260928,10.21,0.6592,1.1293,0.73,14.1479,14.0103,0.9095,2.6311,2.8512,2.6445,2.1548,91026.9345,91026.9345,53130.3942,929384.9553,929384.9553,4
4260,603600.SH,永艺股份,20260928,10.25,1.306,3.097,1.08,14.5502,14.2855,1.4771,0.6938,0.6474,4.4947,4.878,33043.317,33043.317,13934.9951,338694.03,338694.03,4
4261,603601.SH,再升科技,20260928,10.16,12.092,18.7669,0.95,206.8183,285.3621,4.259,9.1064,9.1532,0.2655,0.2759,114234.0971,114234.0971,73604.2131,1160618.456,1160618.456,4
4262,603602.SH,纵横通信,20260928,11.55,1.0581,1.5227,1.02,,,2.9255,1.4533,1.3196,0.5834,0.1667,23105.7494,23105.7494,16056.2363,266871.4125,266871.4125,4
4263,603605.SH,珀莱雅,20260928,54.68,1.3447,2.6675,1.02,14.4563,11.5964,3.2523,2.0431,2.0406,3.6206,3.6261,39597.61,39597.61,19961.1805,2165197.3148,2165197.3148,4
4264,603606.SH,东方电缆,20260928,35.41,1.2108,1.9659,0.91,22.9717,21.4244,3.4537,2.6935,2.3919,1.0561,1.3143,82480.8488,82480.8488,50798.3721,2920646.8985,2920646.8985,4
4265,603607.SH,京华激光,20260928,22.87,2.2469,4.3333,0.59,38.6121,38.2631,4.0738,4.7676,5.2633,2.1863,2.1863,17851.68,17851.68,9256.4807,408267.9216,408267.9216,4
4266,603608.SH,天创时尚,20260928,19.27,3.1609,4.336,0.86,564.1144,228.9557,6.8983,7.1312,7.2327,,,42502.9684,42502.9684,30984.5009,819032.2319,819032.2319,4
4267,603609.SH,禾丰股份,20260928,6.22,0.4535,0.9792,0.9,107.0701,,0.8845,0.1572,0.1507,0.893,,90401.6733,90401.6733,41865.7325,562298.3874,562298.3874,0
4268,603610.SH,麒盛科技,20260928,13.08,2.3689,5.4601,1.81,43.9975,163.1612,1.5181,1.5239,1.401,0.7645,1.0703,35299.1621,35299.1621,15314.9225,461713.0128,461713.0128,4
4269,603611.SH,诺力股份,20260928,15.41,0.7781,1.2067,1.6,9.2488,12.207,1.2823,0.5934,0.5762,5.8209,5.4056,25760.0791,25760.0791,16611.0548,396962.8328,396962.8328,4
4270,603612.SH,索通发展,20260928,15.61,2.1026,2.8338,1.17,10.4135,12.3484,1.2851,0.4395,0.3927,1.338,0.7646,49810.4459,49810.4459,36957.8425,777541.1245,777541.1245,4
4271,603613.SH,国联股份,20260928,19.15,1.5725,2.404,0.82,10.4362,10.3928,1.41,0.2707,0.2929,0.3438,,72053.7813,72053.7813,47131.2696,1379829.887,1379829.887,4
4272,603615.SH,茶花股份,20260928,18.47,1.4605,3.122,0.53,697.2423,239.249,3.8912,3.5195,2.1373,,0.1083,24182.0,24182.0,11312.2638,446641.54,446641.54,4
4273,603616.SH,韩建河山,20260928,5.57,1.661,2.5709,0.74,,,10.5414,2.4388,2.9296,,,38721.8,38706.8,25007.08,215680.426,215596.876,4
4274,603617.SH,君禾股份,20260928,6.77,1.6585,2.8862,1.5,52.2577,50.6743,1.6837,2.3504,2.1273,1.1837,0.7386,38981.1337,38672.6337,22221.7122,263902.2501,261813.7051,4
4275,603618.SH,杭电股份,20260928,33.29,7.6502,14.9665,0.72,,409.1588,7.6748,2.4352,2.2961,0.1802,,69137.5616,69137.5616,35339.6916,2301589.3724,2301589.3724,4
4276,603619.SH,中曼石油,20260928,21.11,2.6881,3.3481,0.63,19.1554,31.6578,2.2355,2.4861,2.6735,2.3481,1.5967,46233.8461,46233.8461,37119.9388,975996.5735,975996.5735,4
4277,603626.SH,科森科技,20260928,22.5,9.8647,14.0095,1.01,,481.5158,5.7862,3.985,4.6941,,,55487.969,55487.969,39071.3729,1248479.325,1248479.325,4
4278,603628.SH,清源股份,20260928,10.46,2.2234,4.524,1.2,49.6534,,2.1672,1.3659,1.6772,0.6333,0.4115,27263.9123,27217.3673,13376.2139,285180.6032,284693.6902,1
4279,603629.SH,利通电子,20260928,98.77,4.6248,8.4669,0.64,123.7972,38.3736,13.7446,10.9517,9.306,0.0928,0.3237,36672.8,36072.34,19703.6548,3622172.456,3562865.0218,4
4280,603630.SH,拉芳家化,20260928,14.15,1.9576,4.7488,0.79,,,1.6737,3.8942,3.7581,0.6293,,22520.458,22520.458,9283.5449,318664.509,318664.509,4
4281,603633.SH,徕木股份,20260928,6.16,2.2598,3.3114,1.39,,,1.5323,1.73,1.665,0.4345,,42681.0818,42681.0818,29127.0973,262915.4528,262915.4528,4
4282,603636.SH,南威软件,20260928,7.15,9.2439,13.8718,1.03,,,2.3985,4.9642,5.6324,,,58036.0523,58036.0523,38673.8299,414957.7575,414957.7575,5
4283,603637.SH,镇海股份,20260928,13.54,2.5998,3.2999,0.87,48.8782,52.8806,3.0991,6.9968,6.8011,1.4771,0.7386,23868.5877,23868.5877,18804.6041,323180.7086,323180.7086,4
4284,603638.SH,艾迪精密,20260928,19.2,1.3006,3.3299,1.11,42.9525,34.339,3.7114,5.2907,4.3475,0.7372,0.9952,88069.4049,88069.4049,34399.2004,1690932.48,1690932.48,4
4285,603639.SH,海利尔,20260928,10.38,0.3054,0.859,1.1,19.9461,34.6999,1.0169,0.8636,0.9632,4.6826,2.8902,34964.8236,33987.8336,12084.6297,362934.8316,352793.6754,4
4286,603648.SH,畅联股份,20260928,9.6,0.671,1.3288,0.98,28.2412,27.8296,1.9176,2.2633,2.2142,3.125,3.3333,36241.28,36241.28,18301.9174,347916.288,347916.288,4
4287,603650.SH,彤程新材,20260928,65.5,2.1888,5.5878,0.67,71.7316,67.1788,9.6096,11.7687,10.3195,0.7385,0.7597,61606.9636,61604.2968,24131.0268,4035256.535,4035081.65,4
4288,603655.SH,朗博科技,20260928,31.71,1.1484,3.549,0.49,74.2884,74.9628,5.9998,12.4478,12.3269,0.5938,1.0939,10600.0,10600.0,3430.0,336126.0,336126.0,4
4289,603656.SH,泰禾智能,20260928,17.35,0.8016,1.4107,0.78,108.9716,94.039,2.3896,5.1523,4.6947,0.2837,0.283,18294.5358,18294.5358,10394.7214,317410.269,317410.269,4
4290,603657.SH,春光科技,20260928,36.22,4.3511,11.7459,0.99,,,5.7751,1.9119,1.8066,0.0961,,13519.005,13519.005,5007.955,489658.5422,489658.5422,1
4291,603658.SH,安图生物,20260928,34.13,0.6646,2.2969,0.61,18.2607,19.6177,2.2483,4.6145,4.6171,3.6918,3.8383,57142.4768,57142.4768,16534.6579,1950272.8424,1950272.8424,1
4292,603659.SH,璞泰来,20260928,20.8,0.8671,1.8483,1.19,18.9055,16.1849,2.0837,2.8387,2.3801,0.8022,1.0849,214418.4175,214418.4175,100591.4323,4459903.136,4459903.136,4
4293,603660.SH,苏州科达,20260928,9.27,2.4933,3.2475,0.82,,,8.9756,5.0641,5.6281,,,57149.2696,57149.2696,43877.9068,529773.7329,529773.7329,4
4294,603661.SH,XD恒林股,20260928,33.37,2.1809,7.6571,0.74,28.3238,44.6805,1.2402,0.3974,0.357,3.8058,1.0788,13906.7031,13906.7031,3960.9165,464066.579,464066.579,4
4295,603662.SH,柯力传感,20260928,48.19,1.1985,2.5537,1.05,39.7391,45.3513,4.6956,8.6838,7.9094,0.5786,0.7553,28082.9868,28082.9868,13179.8776,1353319.2881,1353319.2881,4
4296,603663.SH,三祥新材,20260928,43.38,4.697,10.4034,1.03,219.0471,172.0592,17.7915,22.092,22.0677,0.1233,0.1647,59357.0127,59316.6927,26780.6745,2574907.0938,2573158.0122,5
4297,603665.SH,康隆达,20260928,22.83,3.5947,5.543,2.05,45.9723,355.1481,5.6226,2.6003,2.5335,,0.7008,16016.7707,16016.7707,10387.1441,365662.8591,365662.8591,1
4298,603666.SH,亿嘉和,20260928,26.24,1.404,2.2048,0.73,,,2.6316,9.7952,13.7058,,,20553.042,20553.042,13088.432,539311.7696,539311.7696,4
4299,603667.SH,五洲新春,20260928,49.42,4.0004,6.2849,1.11,207.1932,245.8862,4.7412,5.6637,6.3482,0.2322,0.2428,38315.1922,36620.277,23308.9257,1893537.184,1809774.2376,4
4300,603668.SH,天马科技,20260928,12.02,1.0358,1.4584,0.63,,,2.8625,1.0131,0.987,,,50579.6732,50579.6732,35921.9504,607967.6334,607967.6334,4
4301,603669.SH,灵康药业,20260928,5.9,3.3458,7.8158,0.51,,,7.2349,13.033,10.2928,,,71235.9471,71235.9471,30495.064,420292.0879,420292.0879,0
4302,603676.SH,卫信康,20260928,8.88,0.3365,1.4175,0.95,16.595,20.0223,2.5079,3.4024,3.408,3.6585,3.6585,43516.15,43516.15,10330.078,386423.412,386423.412,1
4303,603677.SH,奇精机械,20260928,14.55,0.9891,3.7714,0.97,58.1011,213.5957,2.5111,1.3554,1.3731,1.7182,1.3746,19260.0865,19260.0865,5051.4865,280234.3095,280234.3095,1
4304,603678.SH,火炬电子,20260928,43.45,5.1343,8.6029,1.17,64.62,68.6448,3.2095,5.0145,3.7873,0.5041,0.55,47556.6631,47556.6631,28382.1536,2066336.877,2066336.877,4
4305,603679.SH,华体科技,20260928,22.55,5.4683,7.7354,0.6,,,4.6251,8.5387,7.1682,,,17768.6217,17768.6217,12560.9296,400682.381,400682.381,4
4306,603680.SH,今创集团,20260928,9.9,0.766,4.7697,0.82,13.3326,11.9828,1.2935,1.7876,1.8993,3.0303,3.0303,78371.8767,78371.8767,12585.5817,775881.612,775881.612,4
4307,603681.SH,永冠新材,20260928,18.67,4.2931,6.2739,0.99,35.7914,23.9346,1.2782,0.6634,0.6325,0.6258,0.5142,23774.183,23774.183,16267.971,443863.9406,443863.9406,4
4308,603682.SH,锦和商管,20260928,9.31,2.6432,6.2933,1.37,,,6.6248,4.647,4.8334,3.5446,2.3631,47250.0,47250.0,19845.0,439897.5,439897.5,4
4309,603683.SH,晶华新材,20260928,15.27,4.7498,7.0744,0.99,49.8115,44.5406,2.588,2.05,1.903,0.5822,0.6502,29138.2503,28843.3143,19365.7203,444941.0775,440437.3437,4
4310,603685.SH,晨丰科技,20260928,25.3,0.7835,1.3142,0.96,290.3359,222.9664,3.2071,5.6669,5.9742,0.0211,0.1186,25295.0568,20146.5747,12011.5998,639964.765,509708.221,4
4311,603686.SH,福龙马,20260928,14.35,8.0625,9.7124,0.62,38.4182,36.8015,1.7086,1.2101,1.1663,1.101,0.7875,41543.0404,41543.0404,34485.9836,596142.624,596142.624,4
4312,603687.SH,大胜达,20260928,14.13,2.416,4.7894,0.82,100.7818,94.2281,2.3629,3.5259,3.435,0.4102,0.2977,55003.1864,55003.1864,27745.9753,777195.0747,777195.0747,4
4313,603688.SH,石英股份,20260928,44.35,2.5777,5.4132,0.9,156.6758,174.2491,4.1007,23.8317,23.1226,0.4262,0.1929,54167.8289,54167.8289,25793.726,2402343.2605,2402343.2605,4
4314,603689.SH,皖天然气,20260928,7.57,0.4063,1.1052,0.79,12.2672,11.5323,1.0696,0.7791,0.792,4.9261,4.5788,52581.3345,52344.7965,19242.0157,398040.7438,396250.136,4
4315,603690.SH,至纯科技,20260928,23.05,5.2479,6.9566,1.07,,,2.7406,3.0924,3.8944,0.2154,,38296.425,38296.425,28889.9669,882732.7115,882732.7115,4
4316,603693.SH,江苏新能,20260928,12.05,2.3636,14.8377,1.64,21.1688,30.0334,1.5185,5.1476,5.452,1.2448,1.2448,89147.588,89147.588,14200.6602,1074228.4595,1074228.4595,1
4317,603696.SH,安记食品,20260928,13.44,6.7614,15.9846,0.93,114.9715,99.9551,5.5776,5.3991,5.3864,0.6696,0.5208,23520.0,23520.0,9948.837,316108.8,316108.8,4
4318,603697.SH,有友食品,20260928,9.48,2.3974,7.2656,2.5,21.8506,20.1514,2.2344,2.5517,2.1896,4.6414,4.8523,42769.2098,42769.2098,14112.3889,405452.1108,405452.1108,1
4319,603698.SH,航天工程,20260928,20.31,1.6378,5.3145,0.97,50.2803,53.3881,3.0899,2.5815,2.4305,0.8026,0.6647,53599.0,53599.0,16518.1627,1088595.69,1088595.69,4
4320,603699.SH,纽威股份,20260928,42.8,0.5171,1.3541,0.94,20.8389,19.651,7.2337,4.2948,4.0387,3.9746,3.7419,77946.5237,76156.9462,29081.4765,3336111.484,3259517.46,1
4321,603700.SH,宁水集团,20260928,11.51,4.2605,5.6477,1.77,24.6555,34.1508,1.4386,1.3203,1.2235,1.737,2.5829,19996.1934,19996.1934,15084.7546,230156.1469,230156.1469,4
4322,603701.SH,德宏股份,20260928,18.14,1.1716,2.2813,1.14,410.9518,342.5055,5.8896,5.1441,4.4181,0.2205,0.2205,26136.1901,26136.1901,13422.3902,474110.4866,474110.4866,4
4323,603703.SH,盛洋科技,20260928,9.75,2.8075,3.95,0.75,,,5.0153,4.4277,3.6207,,,41498.212,41498.212,29494.6099,404607.5475,404607.5475,4
4324,603706.SH,东方环宇,20260928,17.04,0.3711,1.1907,0.84,14.9336,15.0005,1.9034,2.4238,2.5467,5.2817,5.2817,18938.2714,18938.2714,5902.231,322708.1208,322708.1208,4
4325,603707.SH,健友股份,20260928,7.91,0.6067,1.9384,0.83,21.9759,26.4691,1.8415,3.2024,3.246,1.2642,1.2627,161565.102,161565.102,50567.3454,1277979.941,1277979.941,1
4326,603708.SH,家家悦,20260928,8.88,0.4736,1.5998,0.73,28.2451,27.7975,2.3209,0.3157,0.3164,2.6218,3.3852,63833.8675,63833.8675,18898.2586,566844.7656,566844.7656,1
4327,603709.SH,中源家居,20260928,12.85,2.9916,9.3451,1.71,,,4.1085,1.2926,1.0982,,0.4789,16323.5059,16264.2051,5206.5533,209757.1035,208995.0985,1
4328,603711.SH,香飘飘,20260928,11.72,0.636,3.4189,0.76,50.8064,23.7792,1.3949,1.6539,1.5278,2.1331,0.5973,41287.41,41287.41,7680.6253,483888.4452,483888.4452,4
4329,603712.SH,七一二,20260928,11.21,1.1213,2.1692,0.8,,,2.2893,4.029,3.7994,,,77200.0,77200.0,39906.17,865412.0,865412.0,4
4330,603713.SH,密尔克卫,20260928,66.9,1.1936,2.0843,1.09,18.584,17.7501,2.4018,0.8732,0.816,0.9644,1.358,17404.8542,17404.8542,9967.3415,1164384.465,1164384.465,4
4331,603716.SH,塞力医疗,20260928,16.76,6.137,7.1238,0.78,,,3.4643,3.5138,4.5254,,,22579.077,22579.077,19451.4022,378425.3808,378425.3808,4
4332,603717.SH,天域生物,20260928,5.86,2.5351,3.7046,1.08,,,5.018,2.3433,2.5608,,,29014.624,29014.624,19855.5611,170025.6732,170025.6732,4
4333,603718.SH,*ST海利,20260928,3.06,0.7416,1.1977,0.93,,,2.2241,10.5705,9.2805,2.5885,,64897.97,64897.97,40184.3012,198587.7882,198587.7882,4
4334,603719.SH,良品铺子,20260928,9.07,0.689,1.4916,0.81,,,1.8896,0.658,0.6222,2.7661,2.7661,39798.34,39798.34,18383.936,360970.9438,360970.9438,0
4335,603721.SH,中广天择,20260928,18.31,3.855,7.7692,0.7,89.792,88.5762,5.0141,6.9697,7.2774,,0.4369,13000.0,13000.0,6450.5215,238030.0,238030.0,1
4336,603722.SH,阿科力,20260928,28.49,1.2008,2.0555,1.36,,,3.1542,5.7238,4.8687,0.3437,,9772.0121,9630.6121,5625.9821,278404.6247,274376.1387,4
4337,603725.SH,天安新材,20260928,11.33,4.5038,7.9443,0.81,30.9581,41.6736,3.948,1.1194,1.1804,0.872,1.0465,30485.768,30485.768,17282.7703,345403.7741,345403.7741,4
4338,603726.SH,朗迪集团,20260928,23.55,1.7421,3.8642,1.06,24.6409,17.3385,2.8458,2.3965,2.4425,1.6974,2.3355,18555.93,18549.93,8363.1924,436992.1515,436850.8515,4
4339,603727.SH,博迈科,20260928,19.18,2.871,5.5068,2.27,87.9343,,1.7496,2.8433,3.3318,1.2833,1.0267,28171.9277,28171.9277,14687.2977,540337.6174,540337.6174,1
4340,603728.SH,鸣志电器,20260928,52.25,2.3185,5.4365,1.65,358.0456,306.6458,7.366,7.9243,7.2604,0.0459,0.0478,41888.25,41888.25,17864.25,2188661.0625,2188661.0625,1
4341,603729.SH,ST龙韵,20260928,12.26,1.6869,2.4171,2.36,,,4.0535,3.3348,3.7834,0.0816,,9216.51,9216.51,6432.48,112994.4126,112994.4126,4
4342,603730.SH,岱美股份,20260928,9.33,0.9703,4.8143,1.28,30.3853,23.9013,4.3059,3.1217,3.1979,2.8856,2.6795,214859.3681,214859.3681,43303.3849,2004637.9221,2004637.9221,4
4343,603733.SH,仙鹤股份,20260928,18.3,0.6691,2.1782,1.04,14.7694,13.8674,1.679,1.2117,1.1817,2.3602,3.3909,81725.323,81725.323,25104.5622,1495573.356,1495573.356,4
4344,603737.SH,三棵树,20260928,20.73,0.6747,2.0457,0.56,23.6853,28.6708,5.8375,1.4651,1.4395,2.9288,2.2833,88538.0968,88538.0968,29203.6615,1835394.813,1835394.813,4
4345,603738.SH,泰晶科技,20260928,34.02,6.8729,9.4356,1.04,251.3748,162.3453,7.1275,13.9106,12.7394,0.2343,0.1198,38588.7492,38588.7492,28108.0906,1312789.275,1312789.275,5
4346,603739.SH,蔚蓝生物,20260928,12.75,0.9928,2.3908,0.54,46.2131,39.51,1.7965,2.3615,2.2663,0.7843,0.7843,25302.8866,25302.8866,10507.0426,322611.8475,322611.8475,4
4347,603755.SH,日辰股份,20260928,26.0,3.7486,10.2989,2.25,30.447,32.7113,3.3271,5.4751,5.1137,1.7058,1.1372,9861.3681,9861.3681,3589.3024,256395.62,256395.62,1
4348,603757.SH,大元泵业,20260928,66.03,4.7477,9.3829,1.06,85.1185,163.4507,5.8521,6.3891,6.6208,1.0247,0.4543,18654.7259,18654.7259,9439.1959,1231771.8219,1231771.8219,4
4349,603758.SH,秦安股份,20260928,10.74,1.3178,3.8315,0.83,31.1322,39.6422,1.7765,3.4399,3.3649,2.7578,,43311.6049,43311.6049,14896.298,465166.584,465166.584,4
4350,603759.SH,海天股份,20260928,7.9,1.2141,3.1976,0.76,20.6343,24.4466,1.258,1.1334,0.7143,,1.4557,46176.0,46176.0,17532.4384,364790.4,364790.4,1
4351,603766.SH,隆鑫通用,20260928,14.52,0.9766,1.6295,1.43,18.0958,19.0558,3.2595,1.5583,1.5564,2.7548,4.8209,205354.185,205354.185,123065.998,2981742.8388,2981742.8388,4
4352,603767.SH,中马传动,20260928,15.01,9.9638,29.3351,7.28,,,3.3723,5.0757,5.0874,1.3324,,30863.15,30863.15,10482.81,463255.8815,463255.8815,1
4353,603768.SH,常青股份,20260928,11.6,1.0137,2.3175,1.41,,,1.2539,0.7827,0.719,0.4999,,23795.5857,23795.5857,10408.0857,276028.844,276028.844,1
4354,603773.SH,沃格光电,20260928,99.99,19.385,31.3476,1.2,,,22.0938,8.8056,8.6764,0.0493,,22467.8633,22467.8633,13893.8835,2246561.3214,2246561.3214,1
4355,603776.SH,永安行,20260928,20.71,1.151,1.8558,1.24,,,1.7041,14.1267,10.7658,1.0279,,28076.0572,28076.0572,17412.4911,581455.2026,581455.2026,4
4356,603777.SH,来伊份,20260928,13.59,2.3149,5.9047,0.88,,,3.0658,1.1901,1.2313,,,33442.4166,33442.4166,13110.9183,454482.4878,454482.4878,4
4357,603778.SH,国晟科技,20260928,8.1,5.5991,7.6992,0.46,,,22.8844,6.7136,6.4186,,,66004.212,64285.7142,46750.0835,534634.101,520714.251,4
4358,603779.SH,威龙股份,20260928,8.12,2.671,3.7848,0.87,,,5.5891,7.4198,7.9141,0.1108,,33208.2754,33208.2754,23435.2882,269651.2336,269651.2336,4
4359,603786.SH,科博达,20260928,36.8,0.3459,1.201,1.04,17.9191,20.9328,2.6188,2.1432,2.2014,1.7663,1.6848,40385.67,40385.67,11629.7157,1486192.656,1486192.656,4
4360,603787.SH,新日股份,20260928,10.4,0.93,2.6389,0.98,47.3018,103.323,1.5786,0.5819,0.61,1.9231,0.9615,23014.379,23014.379,8110.459,239349.552,239349.552,4
4361,603788.SH,宁波高发,20260928,13.64,0.46,0.9427,1.26,14.0736,14.7946,1.4903,1.9237,1.9579,5.132,5.8651,22306.5068,22306.5068,10884.0468,304260.7964,304260.7964,4
4362,603789.SH,ST星农,20260928,5.9,0.8224,1.6045,1.05,,,26.9521,4.0496,3.2895,,,26521.46,26000.0,13326.7172,156476.614,153400.0,1
4363,603790.SH,雅运股份,20260928,24.87,1.4645,3.7601,0.9,66.1015,52.9819,3.6444,5.7453,5.2219,0.4825,0.5227,19136.0,19136.0,7453.054,475912.32,475912.32,4
4364,603797.SH,联泰环保,20260928,5.2,5.2292,12.3261,3.51,23.2976,23.7475,0.8859,2.9378,2.9252,1.7308,,57660.519,57660.519,24461.8379,299834.704,299834.704,1
4365,603798.SH,康普顿,20260928,14.31,3.9011,8.1236,2.5,71.908,90.2651,3.0214,3.8583,4.0685,0.7569,0.6951,25644.965,25644.965,12315.276,366979.5207,366979.5207,1
4366,603799.SH,华友钴业,20260928,34.14,1.9728,2.4884,1.07,10.5795,9.3596,1.2708,0.7979,0.6504,1.2985,1.467,189352.7517,188760.7197,149643.735,6464502.885,6444290.9808,4
4367,603800.SH,洪田股份,20260928,54.0,2.7827,5.2498,1.42,773.2876,4024.9014,14.6386,10.4118,10.4484,0.1796,,20800.0,20800.0,11025.0,1123200.0,1123200.0,4
4368,603801.SH,志邦家居,20260928,6.11,1.4707,2.7356,0.79,12.9641,,0.9107,0.6091,0.6766,9.8687,6.3901,43435.1483,43435.1483,23352.0636,265388.7665,265388.7665,4
4369,603803.SH,瑞斯康达,20260928,11.11,8.8685,15.7335,1.27,,,3.0902,3.8328,3.5002,,,42488.3557,42488.3557,23949.2352,472045.6796,472045.6796,5
4370,603806.SH,福斯特,20260928,13.7,0.6556,1.722,0.91,46.4349,32.0208,2.1949,2.3072,2.4614,1.8958,1.0937,260874.5702,260874.5702,99312.9416,3573981.609,3573981.609,4
4371,603808.SH,歌力思,20260928,8.87,0.9349,2.1311,1.1,19.5674,17.8919,1.2267,1.1294,1.1017,0.5637,2.0519,36373.3233,36373.3233,15957.2733,322631.3484,322631.3484,4
4372,603809.SH,豪能股份,20260928,8.5,0.5554,0.8165,0.97,28.2253,27.8205,2.1028,2.9086,2.6685,1.6394,1.7647,92028.8807,92028.8807,62602.0662,782245.48,782245.48,4
4373,603810.SH,丰山集团,20260928,11.96,0.9618,1.7485,0.97,50.7165,72.043,1.2906,1.6237,1.4322,,1.4883,16534.2252,16534.2252,9095.3516,197749.3908,197749.3908,4
4374,603811.SH,诚意药业,20260928,6.89,0.8844,1.1926,0.91,16.181,17.7807,2.2245,3.8865,3.8154,2.5156,3.1101,45822.6048,45822.6048,33983.0915,315717.714,315717.714,1
4375,603813.SH,原尚股份,20260928,25.89,0.7491,2.1371,0.79,,,5.7215,7.9481,7.726,,,10501.5,10501.5,3681.2,271883.835,271883.835,4
4376,603815.SH,交建股份,20260928,5.04,0.8735,1.6811,0.88,,,1.9758,0.8106,1.0579,1.276,,61892.4235,61892.4235,32160.6915,311937.7968,311937.7968,4
4377,603816.SH,顾家家居,20260928,22.25,0.4577,0.8137,0.64,11.5067,12.1515,1.9811,1.027,1.0232,5.5058,5.5028,92573.3012,81588.0346,45890.2102,2059755.925,1815333.6675,4
4378,603817.SH,海峡环保,20260928,5.77,5.6913,11.0253,2.18,15.5093,14.1679,0.9901,2.3891,2.429,1.0399,1.2998,57008.4039,57008.4039,29428.1768,328938.468,328938.468,4
4379,603818.SH,曲美家居,20260928,3.95,4.3284,7.4672,0.78,,,1.4189,0.7951,0.8124,,,68654.3855,68654.3855,39795.3283,271184.8405,271184.8405,1
4380,603819.SH,神力股份,20260928,16.77,4.6685,8.0543,1.03,185.195,114.3618,4.4711,2.4423,2.3808,0.1193,0.2385,21773.0187,21773.0187,12620.2738,365133.5454,365133.5454,1
4381,603822.SH,ST嘉澳,20260928,62.93,0.5195,0.8528,0.83,154.2247,27.3543,10.7164,1.0008,0.8308,,0.1945,7682.5886,7633.2486,4649.6988,483465.3887,480360.4225,1
4382,603823.SH,百合花,20260928,47.43,7.6762,23.3943,1.33,118.3012,107.9803,7.828,9.1832,8.9094,0.3163,0.2741,41636.7704,41636.7704,13661.9717,1974832.0011,1974832.0011,1
4383,603825.SH,ST华扬,20260928,7.54,0.6043,0.9567,1.15,,,,1.3729,1.2398,,,25333.6552,25333.6552,16001.0792,191015.7964,191015.7964,4
4384,603826.SH,坤彩科技,20260928,15.41,2.8045,10.1539,1.41,,384.2339,6.6581,10.4199,8.5532,,0.7488,85176.0,85176.0,23525.5481,1312562.16,1312562.16,4
4385,603828.SH,*ST利达,20260928,6.14,0.4913,0.9875,0.83,,,7.8947,2.3699,3.4481,,,59596.0158,59593.9625,29649.3443,365919.5014,365906.9144,1
4386,603829.SH,洛凯股份,20260928,15.3,1.2529,2.6148,0.9,35.7546,55.6188,1.8787,1.2876,1.2964,0.7018,0.9804,18626.6159,18626.6159,8925.4094,284987.286,284987.286,4
4387,603833.SH,欧派家居,20260928,29.72,0.4621,1.8576,0.94,9.0157,12.6752,0.9991,1.0447,1.2048,8.3445,8.3345,60572.7207,60572.7207,15068.851,1800221.2384,1800221.2384,1
4388,603836.SH,海程邦达,20260928,9.48,0.9581,2.3941,0.92,103.8407,45.7429,1.5607,0.3114,0.2865,1.1163,1.4922,28620.9332,27892.9332,11162.0562,271326.4164,264424.9764,4
4389,603838.SH,*ST四通,20260928,12.79,0.5709,1.5714,0.76,,,4.7326,11.4843,10.5732,,,32001.6,32001.6,11627.0468,409300.464,409300.464,4
4390,603839.SH,安正时尚,20260928,6.83,0.8062,3.0441,0.71,,,1.5314,1.127,1.0973,1.4571,,38701.62,38701.62,10249.6682,264332.0646,264332.0646,4
4391,603843.SH,*ST正平,20260928,6.04,1.4848,2.0852,0.79,,,,3.0737,3.3793,,,69962.3237,69962.3237,49817.1582,422572.4128,422572.4128,4
4392,603848.SH,好太太,20260928,13.22,0.5962,3.4846,0.95,26.1773,24.2602,2.0571,3.4465,3.285,1.5129,1.5129,40240.6511,40240.6511,6884.6511,531981.393,531981.393,4
4393,603855.SH,华荣股份,20260928,17.06,0.5466,0.9503,1.66,15.5669,16.0447,2.4832,1.7892,1.9137,5.862,5.8077,33751.1,33553.25,19301.11,575793.766,572418.445,1
4394,603856.SH,东宏股份,20260928,11.62,0.7489,1.9089,1.16,13.1426,13.083,1.1852,1.4875,1.4783,1.8675,2.2902,28205.606,28205.606,11064.9757,327749.1882,327749.1882,4
4395,603858.SH,步长制药,20260928,14.47,0.3512,0.8044,0.89,42.2956,64.7501,1.517,1.285,1.3607,2.6952,1.2243,105456.8442,105456.8442,46046.0427,1525960.4748,1525960.4748,4
4396,603859.SH,能科科技,20260928,38.38,1.9652,2.6829,0.76,45.3196,48.7573,2.4436,6.7054,6.696,0.0478,0.2153,26639.9089,24469.7701,17923.4341,1022439.7458,939149.7726,4
4397,603860.SH,中公高科,20260928,26.28,1.8562,3.4526,1.24,38.4298,36.1135,2.1139,6.3854,6.3171,0.6366,0.7808,6668.0,6668.0,3584.8,175235.04,175235.04,4
4398,603861.SH,白云电器,20260928,10.71,1.1454,2.5168,1.17,28.3527,27.6069,1.4464,1.1747,1.1751,1.2697,0.7415,54052.7955,52858.6478,24057.179,578905.488,566116.1415,4
4399,603863.SH,松炀资源,20260928,11.79,2.2818,3.2082,1.2,,,11.067,5.4445,4.8175,,,20465.0,20465.0,14555.35,241282.35,241282.35,4
4400,603866.SH,桃李面包,20260928,4.19,1.0045,2.6142,1.22,23.6136,29.7555,1.3316,1.2303,1.2421,3.1026,4.7733,159971.9155,159971.9155,61470.8377,670282.3448,670282.3448,1
4401,603867.SH,新化股份,20260928,33.29,4.0323,5.2668,0.88,27.7996,26.376,2.3123,2.4599,2.2915,1.1833,1.7974,21748.6743,21568.6743,16513.3752,724013.2243,718021.0243,4
4402,603868.SH,飞科电器,20260928,30.93,0.335,3.3471,0.85,26.3103,24.4765,3.8847,3.4895,3.5788,1.6166,3.2331,43560.0,43560.0,4360.0,1347310.8,1347310.8,4
4403,603869.SH,ST智知,20260928,8.37,0.0977,0.2733,0.96,110.7033,137.1974,1.0889,6.0074,6.539,0.1524,0.2864,48862.1988,48862.1988,17458.1169,408976.614,408976.614,4
4404,603871.SH,嘉友国际,20260928,11.96,0.4776,1.1783,0.69,14.3386,12.4756,2.6135,1.9532,1.9811,4.0612,3.3395,136800.8658,136800.8658,55453.267,1636138.4052,1636138.4052,4
4405,603876.SH,鼎胜新材,20260928,16.91,2.8441,4.5524,2.24,30.639,19.5236,2.0427,0.5974,0.5522,0.592,1.3601,92926.7213,92926.7213,58055.6273,1571390.8352,1571390.8352,4
4406,603877.SH,太平鸟,20260928,11.73,0.2241,0.7606,0.74,31.6289,27.7992,1.2568,0.8702,0.873,3.4186,2.5575,46990.4803,46932.356,13827.9853,551198.3304,550516.5828,4
4407,603878.SH,武进不锈,20260928,4.83,1.6564,2.7276,1.24,34.0416,,1.0709,1.1607,1.332,1.8466,1.0261,56114.9986,56114.9986,34076.4412,271035.45,271035.45,4
4408,603879.SH,永悦科技,20260928,4.89,1.9064,2.8183,1.02,,,7.3934,5.3289,5.0086,,,35934.444,35934.444,24307.7696,175719.4116,175719.4116,4
4409,603880.SH,南卫股份,20260928,8.72,2.8319,5.3682,0.57,,,15.8122,4.1972,4.4587,,,28904.2,28904.2,15248.1585,252044.624,252044.624,4
4410,603881.SH,数据港,20260928,23.13,1.7641,3.0231,0.61,143.7198,142.7684,5.8962,11.587,11.7849,0.2156,0.209,86205.2399,86205.2399,50304.3315,1993927.2012,1993927.2012,4
4411,603882.SH,金域医学,20260928,29.01,2.5024,4.3205,0.94,,132.0719,2.1284,2.2285,2.271,3.0334,3.0334,46325.8275,45803.4577,26529.3749,1343912.3283,1328758.3746,4
4412,603883.SH,老百姓,20260928,13.01,0.9302,1.7199,0.82,25.8564,22.92,1.4141,0.444,0.4396,1.692,5.4573,75889.0236,75889.0236,41042.3726,987316.1502,987316.1502,1
4413,603885.SH,吉祥航空,20260928,9.77,0.9219,2.1798,1.61,20.3832,30.9611,2.4525,0.9419,0.9012,1.0203,2.0014,216900.5268,216900.5268,91728.164,2119118.1781,2119118.1781,4
4414,603886.SH,元祖股份,20260928,12.47,1.9815,3.9234,0.99,21.4393,39.8175,2.2259,1.4385,1.496,8.0192,4.8115,24000.0,24000.0,12120.9,299280.0,299280.0,4
4415,603887.SH,城地香江,20260928,8.35,2.2936,2.6995,1.1,,,1.4285,1.3029,1.2425,,,60202.9421,60202.9421,51151.418,502694.549,502694.549,4
4416,603888.SH,新华网,20260928,16.97,2.3946,7.1415,0.46,38.2579,39.2709,3.2907,5.6425,5.5886,0.5604,0.7875,74221.1985,74221.1985,24887.4062,1259533.764,1259533.764,4
4417,603889.SH,新澳股份,20260928,5.95,0.7292,1.3276,0.84,11.7633,10.559,1.5029,1.1179,1.0113,3.8802,4.5249,94920.4676,94213.7356,51750.4593,564776.7965,560571.753,4
4418,603890.SH,春秋电子,20260928,14.92,4.6926,6.4217,1.02,26.3953,28.5265,2.3522,1.7121,1.6119,0.8576,1.1884,50401.6268,50401.6268,36830.1548,751992.3196,751992.3196,4
4419,603893.SH,瑞芯微,20260928,211.28,2.7449,5.541,0.6,85.9672,65.3601,18.1603,20.3089,17.085,0.423,0.7092,42314.355,42309.555,20959.0588,8940177.9808,8939163.8368,4
4420,603895.SH,天永智能,20260928,25.91,1.1752,2.675,1.61,152.2331,164.985,13.483,5.2553,5.2182,,,10808.0,10808.0,4748.4448,280035.28,280035.28,1
4421,603896.SH,寿仙谷,20260928,14.79,1.1204,1.9191,1.05,161.3284,,1.3221,4.58,4.7556,1.8256,,19824.3938,19824.3938,11574.2905,293202.7281,293202.7281,1
4422,603897.SH,长城科技,20260928,28.38,2.5544,6.1322,0.7,18.571,18.3122,2.465,0.4655,0.4219,6.3425,4.9331,20643.5681,20643.5681,8599.2381,585864.5166,585864.5166,4
4423,603898.SH,好莱客,20260928,11.45,1.5142,4.973,1.37,234.2918,,1.1521,2.0644,2.3992,0.7063,0.3755,30022.9482,30022.9482,9141.5621,343762.7775,343762.7775,4
4424,603899.SH,晨光股份,20260928,21.79,0.2415,0.6702,0.83,15.2277,14.9026,2.2881,0.7962,0.7803,4.5893,4.5893,91579.5377,91579.5377,32995.9319,1995518.1766,1995518.1766,4
4425,603900.SH,莱绅通灵,20260928,6.21,3.3749,5.8757,0.57,35.6424,116.7456,1.0861,1.3924,1.722,1.6109,1.6109,34290.384,34272.384,19685.164,212943.2598,212831.4798,4
4426,603901.SH,永创智能,20260928,9.33,1.0056,1.7706,0.87,39.2054,26.59,1.4987,1.3489,1.2802,0.1351,1.1791,57669.0597,56889.9147,32311.1747,538052.3298,530782.8603,4
4427,603903.SH,中持股份,20260928,13.91,7.2585,9.106,1.34,,,2.4897,3.4646,3.8171,,,25531.948,25531.948,20352.0287,355149.4245,355149.4245,4
4428,603906.SH,龙蟠科技,20260928,16.85,1.6733,2.8834,1.19,,40.0159,2.5727,1.4914,1.0652,,,79111.1906,56299.6503,32671.5659,1333023.5515,948649.1025,4
4429,603908.SH,牧高笛,20260928,19.61,1.9227,4.8791,1.27,,,3.6694,1.8045,1.8332,3.3231,,9312.6988,9312.6988,3669.7674,182622.047,182622.047,1
4430,603909.SH,建发合诚,20260928,10.33,2.8981,5.0661,3.25,24.6602,23.1749,2.2984,0.3527,0.3295,1.1617,1.4521,26067.314,26067.314,14911.747,269275.3123,269275.3123,1
4431,603912.SH,佳力图,20260928,9.04,4.3426,7.0737,1.13,,,2.9301,6.638,6.8142,0.8841,,54232.629,54232.629,33293.5997,490262.9752,490262.9752,4
4432,603915.SH,国茂股份,20260928,12.93,0.7086,1.9844,1.01,36.7426,32.4121,2.2618,3.2639,3.0656,1.8283,1.6858,66788.248,65663.248,23446.8704,863572.0725,849025.8225,4
4433,603916.SH,苏博特,20260928,10.36,1.1298,2.1646,0.94,35.9903,33.0479,1.0242,1.2246,1.2373,0.9935,1.1748,42032.7791,42032.7791,21938.7191,435459.6008,435459.6008,4
4434,603917.SH,合力科技,20260928,14.03,1.644,2.4436,0.75,99.5774,180.8186,1.7322,3.7921,3.9452,1.0691,1.0691,20384.0,20384.0,13714.1015,285987.52,285987.52,4
4435,603918.SH,金桥信息,20260928,10.26,1.9815,2.5819,0.49,,,3.861,5.4084,5.4116,,,36510.7526,36510.7526,28020.5131,374600.295,374600.295,4
4436,603919.SH,金徽酒,20260928,15.77,0.6151,1.3355,0.64,22.5728,29.6094,2.3514,2.741,2.6892,3.1054,3.1436,50725.9997,50725.9997,23365.453,799949.02,799949.02,4
4437,603920.SH,世运电路,20260928,43.05,4.6163,8.7639,0.9,45.3559,80.805,4.9073,5.5625,5.1606,2.0905,1.3937,72059.2317,72059.2317,37956.7912,3102149.8515,3102149.8515,4
4438,603922.SH,ST金鸿顺,20260928,11.8,0.4513,0.7993,1.04,,,2.2567,3.3101,3.115,,,17920.0,17920.0,10117.7823,211456.0,211456.0,4
4439,603926.SH,铁流股份,20260928,17.01,1.2638,2.4025,0.88,51.1533,40.6017,2.2525,1.664,1.6514,1.5424,0.7643,23298.6611,23083.8611,12143.2122,396310.2066,392656.4586,4
4440,603927.SH,中科软,20260928,13.43,0.6733,1.0119,0.91,49.8376,53.8516,3.6321,1.8514,1.851,2.9039,2.2338,83104.0,83104.0,55297.0638,1116086.72,1116086.72,4
4441,603928.SH,兴业股份,20260928,11.93,2.1946,6.3302,0.7,40.0303,33.6153,2.5139,2.5479,2.3137,1.0317,1.2767,34070.4,34070.4,11811.7084,406459.872,406459.872,4
4442,603929.SH,亚翔集成,20260928,143.65,1.4801,3.7187,0.91,34.3537,25.0877,12.8364,6.2466,5.3109,1.3923,2.2973,21336.0,21336.0,8492.2,3064916.4,3064916.4,4
4443,603931.SH,格林达,20260928,33.94,1.8787,4.9146,0.99,55.2834,55.49,3.1687,10.8222,11.0338,0.6482,0.7366,19955.838,19955.838,7628.6092,677301.2096,677301.2096,4
4444,603933.SH,睿能科技,20260928,18.88,1.3422,3.6549,0.9,112.1209,60.2124,2.8976,1.7531,1.47,0.3178,0.3178,20754.4575,20754.4575,7621.4575,391844.2048,391844.2048,4
4445,603936.SH,博敏电子,20260928,19.51,7.2635,8.8644,0.75,1904.3056,,2.9563,3.4858,3.3384,,0.0513,64534.8004,63039.8004,51654.7873,1259073.948,1229906.498,4
4446,603937.SH,丽岛新材,20260928,13.29,10.0344,27.1669,2.3,,118.3074,1.7829,1.4067,1.2609,,,20889.1991,20889.1991,7715.6593,277617.468,277617.468,4
4447,603938.SH,三孚股份,20260928,44.06,5.0974,14.7947,0.76,209.9457,104.7388,6.4496,8.0394,7.0212,0.0384,0.0497,38262.4497,38262.4497,13183.0498,1685843.547,1685843.547,4
4448,603939.SH,益丰药房,20260928,22.47,0.5294,1.094,0.91,16.2304,15.4592,2.2901,1.115,1.0967,3.1153,1.7802,121239.2486,121239.2486,58669.94,2724245.9475,2724245.9475,1
4449,603948.SH,建业股份,20260928,18.99,1.3627,4.9938,1.89,13.4184,19.6603,1.5122,1.4997,1.4736,5.2659,5.2659,16248.9167,16248.9167,4433.9197,308566.9908,308566.9908,4
4450,603949.SH,雪龙集团,20260928,18.59,7.7955,27.8443,6.17,43.5361,40.4539,3.616,9.0212,8.4784,0.5389,1.1834,21073.6706,21020.5274,5885.0572,391759.5253,390771.6527,2
4451,603950.SH,长源东谷,20260928,52.5,1.0962,2.9791,0.61,43.7466,43.443,5.4213,7.5448,7.6158,0.4102,0.2473,32413.08,32386.88,11916.9497,1701686.7,1700311.2,4
4452,603955.SH,大千生态,20260928,24.61,2.5682,3.8649,1.04,,,2.8785,11.0883,8.0444,0.1682,,16389.5274,13572.0,9018.4113,403346.3333,334006.92,4
4453,603956.SH,威派格,20260928,6.78,2.5014,4.4536,0.61,,,2.1748,3.3299,3.9831,,,56990.6286,56990.6286,32008.9322,386396.4714,386396.4714,4
4454,603958.SH,哈森股份,20260928,18.0,3.7568,10.2932,0.53,,,6.0005,2.7027,2.545,,,21936.0,21936.0,8006.1196,394848.0,394848.0,4
4455,603959.SH,ST百利,20260928,4.22,0.5971,0.7253,0.61,,,,2.7912,5.6783,,,49029.8992,49029.8992,40366.2992,206906.178,206906.178,4
4456,603960.SH,克来机电,20260928,17.24,2.7156,4.1779,0.44,163.883,12562.2819,4.0627,9.0847,10.0175,0.3313,0.058,26219.79,26219.79,17042.8691,452029.1796,452029.1796,4
4457,603966.SH,法兰泰克,20260928,7.34,0.9695,1.5093,0.72,16.2805,16.2601,1.8326,1.5734,1.5383,2.4007,2.9345,52039.4896,51969.7056,33382.2033,381969.8566,381457.6714,4
4458,603967.SH,中创物流,20260928,11.57,0.4982,1.4667,1.08,15.3775,13.6849,1.7243,0.4531,0.4167,5.1858,5.618,34666.671,34666.671,11774.591,401093.3719,401093.3719,1
4459,603968.SH,醋化股份,20260928,11.63,5.0003,9.6803,2.46,,,1.3465,0.904,0.8987,,,20448.0,20448.0,10562.2894,237810.24,237810.24,2
4460,603969.SH,银龙股份,20260928,7.18,1.0982,1.832,1.3,17.1136,14.3878,2.0716,1.9517,1.8828,1.0961,0.9749,87153.38,85155.38,51044.1762,625761.2684,611415.6284,4
4461,603970.SH,中农立华,20260928,11.86,8.9782,22.2783,6.89,18.4774,20.637,1.9933,0.2836,0.2817,3.7943,2.6981,26880.0134,26880.0134,10832.6534,318796.9186,318796.9186,4
4462,603976.SH,正川股份,20260928,29.6,2.0678,5.5507,0.59,268.7183,297.0277,4.3349,7.646,7.0427,0.7322,0.8632,17161.4529,17161.4529,6393.2287,507978.92,507978.92,4
4463,603977.SH,国泰集团,20260928,10.8,0.8277,1.6101,1.16,26.601,29.3089,1.9517,2.8422,2.7307,0.8333,1.2037,62124.1828,62124.1828,31933.9396,670941.144,670941.144,4
4464,603978.SH,深圳新星,20260928,26.77,8.7734,13.8458,0.89,,,3.4022,1.7306,1.5284,,,21109.4299,21109.4299,13376.0405,565099.4411,565099.4411,1
4465,603979.SH,金诚信,20260928,71.11,0.5003,0.8683,0.76,18.9669,15.6083,3.6344,3.1926,2.9147,0.6328,0.9281,62379.258,62379.258,35944.4049,4435789.1786,4435789.1786,4
4466,603980.SH,吉华集团,20260928,8.04,5.5589,8.4443,0.67,100.2232,56.0991,1.406,3.571,3.378,0.8706,1.8284,67683.336,67683.336,44556.4165,544174.0536,544174.0536,4
4467,603982.SH,泉峰汽车,20260928,6.33,1.342,2.246,0.94,,,1.1374,0.8778,0.8945,,,36512.8995,33955.3548,20288.248,231126.5937,214937.3655,0
4468,603983.SH,丸美生物,20260928,30.1,1.0108,5.264,0.82,48.8195,52.8696,3.5691,3.4892,3.5947,2.4917,1.6611,40100.0,40100.0,7700.0,1207010.0,1207010.0,4
4469,603985.SH,恒润股份,20260928,15.98,1.9211,2.9402,1.07,84.3883,63.0927,2.1212,1.7791,1.8753,,0.3752,44085.8003,44085.8003,28805.6614,704491.084,704491.084,4
4470,603986.SH,兆易创新,20260928,358.51,4.2482,4.2482,0.82,153.1416,31.8288,6.7693,27.4224,15.1864,0.0938,0.2081,70397.1427,67071.8327,67071.8327,25238079.6294,24045922.7413,4
4471,603987.SH,康德莱,20260928,7.47,1.3566,2.3254,1.58,13.5754,14.3383,1.1535,1.4196,1.4423,2.008,2.2758,43679.088,43679.088,25481.8555,326282.8023,326282.8023,4
4472,603988.SH,中电电机,20260928,16.94,1.382,2.7514,1.21,130.0131,10607.4733,6.073,6.0505,6.6056,0.2361,0.2656,23520.0,23520.0,11813.6624,398428.8,398428.8,4
4473,603989.SH,艾华集团,20260928,28.04,4.6621,13.642,0.71,42.192,38.566,2.8147,2.8155,2.6164,0.535,0.7133,39877.986,39877.986,13628.1359,1118178.8396,1118178.8396,5
4474,603990.SH,麦迪科技,20260928,18.99,4.5599,5.7905,0.82,148.0301,331.9168,6.8878,19.2272,20.027,,,30524.5431,30524.5431,24037.1183,579661.0146,579661.0146,4
4475,603991.SH,领先股份,20260928,172.0,4.6124,5.9496,0.88,,168.142,7.2497,47.7313,10.7388,,0.0058,15270.971,8953.6498,6941.2048,2626606.84,1540027.8,4
4476,603992.SH,松霖科技,20260928,19.37,0.6857,3.0675,1.19,41.7781,32.1396,2.3845,3.2754,2.7495,1.8664,2.8136,44304.182,44304.182,9903.4662,858171.9666,858171.9666,4
4477,603993.SH,洛阳钼业,20260928,16.83,0.6569,1.6154,0.88,17.7035,12.9429,4.0154,1.7421,1.4564,1.5152,2.2638,2139431.0176,1746084.2176,710084.1776,36006624.0666,29386597.4226,4
4478,603995.SH,甬金股份,20260928,25.05,1.098,2.1347,0.94,16.6002,15.0957,1.5337,0.2136,0.2012,3.1936,1.996,36360.9543,36360.9543,18702.1646,910841.7975,910841.7975,4
4479,603997.SH,继峰股份,20260928,13.65,2.5553,4.4097,0.86,38.2867,26.1239,3.1579,0.7623,0.6854,,0.7839,127226.4864,127226.4864,73722.3788,1736641.5885,1736641.5885,4
4480,603998.SH,方盛制药,20260928,10.36,1.5255,2.4452,0.7,14.8469,13.5866,2.5597,2.6047,2.4326,3.9575,4.8263,43908.136,43908.136,27393.0053,454888.3304,454888.3304,1
4481,603999.SH,读者传媒,20260928,6.35,3.0648,7.2692,0.68,42.7819,46.1578,1.743,4.0479,4.4296,0.5197,0.7087,57600.0,57600.0,24285.4056,365760.0,365760.0,4
4482,605001.SH,威奥股份,20260928,5.78,0.8385,1.5272,0.68,26.424,1396.7435,0.8612,1.2729,1.2498,3.4602,1.7301,39288.6,39288.6,21570.2767,227088.108,227088.108,4
4483,605003.SH,众望布艺,20260928,24.86,1.0178,3.8192,0.77,37.7193,40.1133,1.9087,5.0533,4.8777,1.6492,2.0113,11000.0,11000.0,2931.5404,273460.0,273460.0,4
4484,605005.SH,合兴股份,20260928,16.0,0.2076,1.3157,0.89,31.0193,35.5149,3.0903,3.4359,3.4376,1.25,1.25,40100.0,40100.0,6327.2451,641600.0,641600.0,4
4485,605006.SH,山东玻纤,20260928,14.46,5.0056,14.5576,0.64,,1337.1758,3.0598,3.8036,3.2407,,,65360.1304,65360.1304,22474.1027,945107.4798,945107.4798,4
4486,605007.SH,五洲特纸,20260928,14.52,0.7303,3.7998,1.07,28.2232,19.5697,1.8934,0.7775,0.7153,1.726,1.1019,47573.0003,47457.7103,9121.5949,690759.96,689085.9492,4
4487,605008.SH,长鸿高科,20260928,13.75,1.1325,6.4746,2.22,,,4.6269,2.2641,2.4495,,,64596.2414,64596.2414,11298.8249,888198.3,888198.3,4
4488,605009.SH,豪悦护理,20260928,25.05,0.6397,1.9194,1.07,23.2121,22.6869,1.5965,1.4337,1.3608,2.4139,3.379,21495.7453,21495.7453,7164.3474,538468.5375,538468.5375,1
4489,605011.SH,XD杭州热,20260928,17.36,1.9979,9.9962,0.88,37.2466,40.4137,2.7927,2.1915,2.1156,1.2673,0.8641,40010.0,40010.0,7996.67,694573.6,694573.6,1
4490,605016.SH,百龙创园,20260928,21.03,0.7426,1.6966,0.98,23.9665,21.5749,4.2005,6.405,5.9308,0.9876,1.0223,42001.232,42001.232,18384.033,883285.8669,883285.8669,4
4491,605018.SH,长华集团,20260928,12.08,4.0963,16.6921,3.29,59.6227,71.2709,2.0549,2.6347,2.7336,1.2255,1.2367,47006.5793,47006.5793,11535.4793,567839.4864,567839.4864,4
4492,605020.SH,永和股份,20260928,30.15,1.6381,2.8299,1.36,27.4222,19.1757,2.5505,2.9583,2.6127,0.7623,2.3144,51081.8723,51081.8723,29569.5724,1540118.3805,1540118.3805,4
4493,605028.SH,世茂能源,20260928,24.1,1.0541,4.2163,0.96,22.3689,33.9134,3.0122,11.9446,11.6376,4.5643,3.7344,16000.0,16000.0,4000.0,385600.0,385600.0,4
4494,605033.SH,美邦股份,20260928,19.45,1.3991,5.1255,0.63,54.0359,41.3499,2.2087,2.8835,2.679,0.7712,0.7712,13520.0,13520.0,3690.55,262964.0,262964.0,4
4495,605050.SH,福然德,20260928,9.97,0.2241,0.6159,0.83,13.0863,12.852,1.0981,0.4177,0.4127,3.504,3.9991,49282.9181,49282.9181,17931.3881,491350.7124,491350.7124,4
4496,605055.SH,迎丰股份,20260928,8.69,0.8553,2.7955,0.91,,,3.9698,2.3979,2.2424,0.6834,0.6715,44000.0,44000.0,13462.8935,382360.0,382360.0,4
4497,605056.SH,咸亨国际,20260928,13.49,1.8974,4.7037,0.73,21.2745,21.1356,3.1494,1.211,1.1065,2.6359,2.8923,40939.32,40339.32,16272.3091,552271.4268,544177.4268,4
4498,605058.SH,澳弘电子,20260928,54.18,3.8052,12.67,0.22,50.7962,56.1131,4.3627,5.7445,5.3503,1.1074,0.9228,14292.512,14292.512,4292.512,774368.1918,774368.1918,5
4499,605060.SH,联德股份,20260928,37.92,1.4673,4.0312,1.01,40.0661,35.386,3.5082,7.2734,6.5238,0.9165,0.9228,24058.2,23888.4,8694.9934,912286.944,905848.128,4
4500,605066.SH,天正电气,20260928,6.59,0.9305,1.5584,0.9,35.8727,74.7836,1.9559,1.1765,1.1958,3.8252,1.5244,50243.3125,50243.3125,29999.96,331103.4129,331103.4129,4
4501,605068.SH,明新旭腾,20260928,20.35,2.4614,7.0984,0.56,222.8587,,2.1845,2.2255,2.1666,,0.1966,16219.8618,16219.8618,5624.3694,330074.1876,330074.1876,4
4502,605069.SH,正和生态,20260928,11.63,5.2414,13.5728,0.69,,,3.9034,6.8385,8.9202,,,21169.7778,21169.7778,8175.0978,246204.5414,246204.5414,4
4503,605077.SH,华康股份,20260928,11.46,2.555,3.8253,0.68,17.319,31.9551,1.1632,0.8282,0.7221,6.1152,4.368,30270.3778,29970.9178,20018.3266,346898.5548,343466.7432,0
4504,605080.SH,浙江自然,20260928,23.68,1.793,5.324,2.15,17.4315,20.1676,1.4472,3.2601,3.1437,0.8355,0.5994,14090.922,14035.12,4726.69,333672.9856,332351.6416,1
4505,605086.SH,龙高股份,20260928,22.92,0.6115,2.2559,1.24,33.8653,35.5247,2.5674,14.2084,15.5328,0.8202,1.1431,17920.0,17920.0,4857.17,410726.4,410726.4,4
4506,605088.SH,冠盛股份,20260928,24.44,6.2627,10.7081,0.66,16.7758,19.1154,1.7089,1.1131,1.0286,2.2461,2.4241,20262.4893,20119.3893,11766.9893,495215.2556,491717.8916,4
4507,605089.SH,味知香,20260928,22.0,1.7358,6.5858,2.25,44.1612,38.9338,2.4535,4.3239,4.3094,1.62,1.62,13800.0,13800.0,3637.1696,303600.0,303600.0,1
4508,605090.SH,九丰能源,20260928,30.95,0.7301,1.3509,0.82,14.7777,13.9349,1.781,1.0789,1.1228,3.6408,0.8057,70658.4518,70587.1718,38150.1632,2186879.0275,2184672.9115,4
4509,605098.SH,行动教育,20260928,53.05,0.4815,1.1724,0.68,19.7743,17.5618,6.0624,7.7985,7.0663,4.2413,5.0738,11925.11,11925.11,4897.5398,632627.0855,632627.0855,4
4510,605099.SH,共创草坪,20260928,27.97,0.2347,2.1107,0.9,16.8682,16.0479,3.5629,3.4222,3.2826,2.2824,2.9651,40266.2736,40212.6336,4471.4021,1126247.5719,1124747.2611,4
4511,605100.SH,华丰股份,20260928,33.55,1.6908,3.7395,0.98,351.9338,280.8371,4.4426,10.107,8.7631,0.6402,0.2134,23902.2,23790.48,10756.48,801918.81,798170.604,4
4512,605108.SH,同庆楼,20260928,12.05,0.7529,2.3975,0.71,30.677,99.3762,1.3517,1.1688,1.1698,0.992,0.992,26000.0,26000.0,8165.4852,313300.0,313300.0,4
4513,605111.SH,新洁能,20260928,56.79,2.9371,3.758,0.68,59.9208,60.1891,5.2412,12.5657,11.1534,0.1143,0.3355,41533.2567,41533.2567,32460.9341,2358673.8354,2358673.8354,4
4514,605116.SH,奥锐特,20260928,19.55,0.3193,1.1331,0.61,17.6774,21.2861,2.9888,4.678,4.6605,1.4785,1.7272,40618.3234,40618.3234,11445.5434,794088.156,794088.156,4
4515,605117.SH,德业股份,20260928,77.77,1.2868,3.2382,1.21,31.23,22.68,8.6214,8.1009,5.7142,2.7098,2.6666,127328.2072,127328.2072,50598.1465,9902314.6739,9902314.6739,1
4516,605118.SH,力鼎光电,20260928,31.75,0.9086,5.5443,0.7,50.209,42.4144,8.0437,15.7205,12.6419,1.9188,1.1025,41121.9,40886.85,6700.26,1305620.325,1298157.4875,4
4517,605122.SH,四方新材,20260928,12.26,1.9086,5.7496,1.15,,,1.2158,2.0428,2.292,,,17235.4,17235.4,5721.49,211306.004,211306.004,4
4518,605123.SH,派克新材,20260928,78.2,1.1598,2.6655,0.94,37.5457,34.3471,1.9995,2.6746,2.3678,0.9693,0.9974,12117.0892,12117.0892,5272.0892,947556.438,947556.438,4
4519,605128.SH,上海沿浦,20260928,22.85,0.9298,1.4774,0.66,38.2315,35.4418,3.2858,2.9656,2.8574,0.7618,0.8191,31398.6743,31398.6743,19760.7088,717459.6095,717459.6095,4
4520,605133.SH,嵘泰股份,20260928,24.26,1.7597,3.8501,0.93,36.2693,38.256,1.8077,2.1447,1.843,0.4715,0.858,28527.5152,28211.8112,12894.5713,692077.3926,684418.5106,4
4521,605136.SH,丽人丽妆,20260928,8.74,5.652,10.7728,4.13,,,1.4432,2.0684,1.9939,,0.286,40045.85,40045.85,21010.1451,350000.729,350000.729,1
4522,605138.SH,盛泰集团,20260928,6.1,0.5814,2.5493,1.07,111.5888,21.2606,1.3907,0.9899,0.987,0.882,0.8852,55557.168,55557.168,12670.6701,338898.737,338898.737,4
4523,605151.SH,西上海,20260928,18.7,0.8834,2.6348,0.96,,74.0468,1.8062,1.3747,1.3314,0.4278,,13455.4222,13455.4222,4511.236,251616.354,251616.354,0
4524,605155.SH,西大门,20260928,14.46,0.9475,2.4705,1.07,24.6693,26.8239,2.0245,3.1224,3.0391,1.71,1.3888,19051.9372,18742.8372,7188.6372,275491.0524,271021.4664,4
4525,605158.SH,华达新材,20260928,7.81,0.9494,3.3384,1.17,61.174,149.4401,1.6237,0.5709,0.4925,1.9012,0.6266,51142.0,51142.0,14544.294,399419.02,399419.02,4
4526,605162.SH,新中港,20260928,12.06,7.483,23.0405,0.79,43.3761,52.3266,3.2327,7.5487,7.9002,1.3499,1.3091,44284.6311,44284.6311,14382.5261,534072.6378,534072.6378,1
4527,605166.SH,聚合顺,20260928,8.45,1.4639,2.152,1.1,18.3611,27.3534,1.3316,0.4815,0.5172,1.5739,0.7456,31473.3976,31473.3976,21409.0588,265950.23,265950.23,4
4528,605167.SH,利柏特,20260928,15.7,0.9795,2.0758,0.91,36.6312,41.997,2.8183,3.0541,3.7556,0.6266,0.2843,50990.7594,50990.7594,24061.2981,800554.932,800554.932,4
4529,605168.SH,三人行,20260928,50.24,2.2249,4.8244,0.64,55.7632,85.009,3.9958,2.8901,2.6555,1.4331,1.4331,21081.6986,21081.6986,9722.1698,1059144.608,1059144.608,4
4530,605169.SH,洪通燃气,20260928,13.24,1.4921,5.1196,1.32,30.8026,25.3645,1.8191,1.1976,1.2586,1.8497,1.4797,28288.0,28288.0,8244.3437,374533.12,374533.12,1
4531,605177.SH,东亚药业,20260928,25.87,6.3644,12.8595,0.8,,,1.8655,3.1562,2.996,,,11470.5914,11365.2363,5624.8719,296744.422,294018.7588,1
4532,605178.SH,时空科技,20260928,64.5,4.246,6.795,0.82,,,5.9954,18.4002,19.5982,,,9908.0,9908.0,6191.1411,639066.0,639066.0,4
4533,605179.SH,一鸣食品,20260928,23.42,4.511,21.6613,0.66,183.45,161.9562,8.1021,3.234,3.2473,0.1708,0.1623,40100.0,40100.0,8350.8,939142.0,939142.0,4
4534,605180.SH,华生科技,20260928,14.12,3.7187,12.9346,1.31,91.0293,4174.9645,2.1113,6.8365,6.2608,0.9207,0.4958,16900.0,16900.0,4858.75,238628.0,238628.0,4
4535,605183.SH,确成股份,20260928,16.24,0.4095,1.2667,0.75,13.5668,16.9534,1.8192,3.0367,2.8977,1.8415,2.4553,41518.4405,41242.9445,13333.6225,674259.4656,669785.3456,4
4536,605186.SH,健麾信息,20260928,24.83,1.4469,2.9087,0.89,109.7011,102.7687,3.0421,9.7743,9.0872,,,13600.0,13600.0,6765.1778,337688.0,337688.0,4
4537,605188.SH,国光连锁,20260928,12.55,1.5156,7.8475,0.5,407.8541,366.3224,5.1543,2.2666,2.2544,0.0776,0.118,50869.85,50869.85,9824.5498,638416.6175,638416.6175,4
4538,605189.SH,富春染织,20260928,13.85,2.712,6.1713,0.99,43.0055,13.5742,1.2808,0.9679,0.805,0.8057,0.7444,23823.4939,23823.4939,10469.1752,329955.3365,329955.3365,4
4539,605196.SH,华通线缆,20260928,33.92,2.6404,4.0543,0.8,60.6669,55.6696,5.063,2.3018,1.9373,0.185,,51097.2181,50739.054,33043.954,1733217.3632,1721068.576,4
4540,605198.SH,安德利,20260928,59.71,2.8462,16.4693,1.13,59.2659,77.5354,7.2348,11.6734,13.5453,0.4187,0.5024,32788.8,27053.6,4675.38,1957819.248,1615370.456,4
4541,605199.SH,ST葫芦娃,20260928,5.7,0.1986,0.6482,1.11,,,7.6247,2.5317,3.597,,,40010.8752,40010.8752,12258.1802,228062.016,228062.016,4
4542,605208.SH,永茂泰,20260928,14.28,1.8958,3.4715,0.76,69.7969,36.7562,2.073,0.8059,0.7585,0.2728,0.4202,32994.0,32994.0,18017.74,471154.32,471154.32,4
4543,605218.SH,伟时电子,20260928,13.94,2.9811,6.6426,0.69,152.4875,,1.9447,1.4256,1.3376,0.3458,0.1435,24281.4721,24281.4721,10897.3752,338483.6918,338483.6918,4
4544,605222.SH,起帆电缆,20260928,21.52,1.0732,2.8708,0.76,52.0322,43.6605,1.8578,0.4117,0.3771,0.1859,0.2788,41290.7753,41290.7753,15436.4853,888577.5856,888577.5856,4
4545,605228.SH,神通科技,20260928,11.12,0.8313,2.2716,0.72,40.1075,33.0815,2.3318,2.8305,2.8238,0.2144,1.6499,47965.5319,47713.5319,17460.8062,533376.6936,530574.4536,4
4546,605255.SH,天普股份,20260928,55.1,0.4177,1.671,0.85,282.5532,14132.3201,9.2636,23.2039,23.8448,0.4083,0.1815,13408.0,13408.0,3351.9799,738780.8,738780.8,4
4547,605258.SH,协和电子,20260928,40.01,8.7773,21.0923,0.85,52.7798,53.3444,2.9402,3.5971,3.674,1.7496,1.2497,8800.0,8800.0,3662.0,352088.0,352088.0,4
4548,605259.SH,绿田机械,20260928,17.25,0.4044,0.9278,1.32,12.1179,15.3741,1.6192,1.1792,1.163,3.4783,1.7391,17248.0,17248.0,7517.6584,297528.0,297528.0,4
4549,605266.SH,健之佳,20260928,15.8,0.9429,1.9226,1.07,16.4819,18.8664,0.9622,0.2737,0.2824,6.6744,7.7059,15454.2928,15454.2928,7579.5081,244177.782,244177.782,1
4550,605268.SH,王力安防,20260928,10.17,2.06,11.4979,1.09,35.6484,35.2693,2.5368,1.3858,1.4018,1.9922,2.4582,44055.0,44055.0,7893.0,448039.35,448039.35,1
4551,605277.SH,新亚电子,20260928,16.67,2.1464,4.3388,0.8,29.3814,25.889,3.6785,1.652,1.5465,0.7506,1.0498,38878.5419,38619.6112,19105.0325,648105.2618,643788.8987,4
4552,605286.SH,同力天启,20260928,24.23,1.4797,5.3807,0.89,20.4877,39.7416,1.8846,1.8977,2.0538,0.7429,0.4953,16800.0,16800.0,4620.07,407064.0,407064.0,4
4553,605287.SH,德才股份,20260928,32.88,1.8652,3.5905,1.37,65.8125,68.6436,2.8904,1.3125,1.3003,,0.153,14000.0,14000.0,7272.929,460320.0,460320.0,4
4554,605288.SH,凯迪股份,20260928,67.79,2.707,9.9924,1.16,110.0983,1231.4072,3.0836,4.9959,4.8593,0.3928,0.7803,9867.2521,9827.8477,2662.3957,668901.0199,666229.7956,1
4555,605289.SH,罗曼股份,20260928,95.0,1.6281,3.2251,0.86,266.5962,128.1553,10.5977,7.6891,6.0504,,0.188,15261.05,15248.3884,7697.6984,1449799.75,1448597.05,4
4556,605296.SH,神农集团,20260928,31.47,1.2533,10.18,1.65,48.8562,,4.0049,3.0944,3.2834,1.2358,1.2358,52623.0618,51798.4418,6377.3461,1656047.6982,1630096.9068,1
4557,605298.SH,必得科技,20260928,42.15,0.2995,1.1837,0.79,139.4488,142.601,7.5054,14.1022,14.7614,0.3559,0.4745,18785.0,18625.1,4712.3628,791787.75,785047.965,4
4558,605299.SH,舒华体育,20260928,12.3,2.5343,8.469,1.14,56.2067,43.4303,4.1157,3.2014,2.8808,1.6382,1.6237,40765.9308,40765.9308,12198.8222,501420.939,501420.939,4
4559,605300.SH,佳禾食品,20260928,10.18,0.8016,2.743,0.69,150.2057,98.3993,1.6148,2.0504,2.1015,0.5835,0.6807,45439.8597,45439.8597,13279.6631,462577.7748,462577.7748,4
4560,605305.SH,中际联合,20260928,29.88,1.4277,1.9842,1.01,11.9737,11.9431,2.0402,3.3804,3.1403,2.7443,2.5435,21252.0,21252.0,15291.6159,635009.76,635009.76,4
4561,605318.SH,法狮龙,20260928,71.35,0.9567,3.3665,1.15,,,14.3018,17.1256,18.1157,0.4205,,12572.9028,12572.9028,3572.9028,897076.415,897076.415,4
4562,605319.SH,无锡振华,20260928,22.05,0.6843,1.8381,0.5,16.5946,16.4572,2.6837,2.6065,2.5073,2.1703,2.0408,35009.7964,34815.1964,12961.1964,771966.09,767675.16,4
4563,605333.SH,沪光股份,20260928,16.4,0.3701,1.3372,0.82,15.8147,29.4535,2.2778,0.8964,0.9075,1.32,1.2195,46404.0406,46404.0406,12843.3806,761026.256,761026.256,4
4564,605336.SH,*ST帅电,20260928,11.22,0.5334,1.669,1.0,,,1.1423,9.075,12.6131,2.8966,,18341.245,18341.245,5861.245,205788.825,205788.825,4
4565,605337.SH,李子园,20260928,9.04,0.6557,1.7045,1.0,17.8516,21.2108,2.1624,2.7045,2.7399,8.1535,5.1393,38761.6562,38761.6562,14911.0164,350405.4064,350405.4064,1
4566,605338.SH,巴比食品,20260928,17.64,0.6067,1.4307,0.81,15.4775,15.3093,1.9344,2.2732,2.2526,4.5351,6.8027,23956.6662,23956.6662,10158.432,422595.6588,422595.6588,1
4567,605339.SH,南侨食品,20260928,13.28,0.4162,2.5997,1.53,138.5497,771.7056,1.653,1.8385,1.8931,1.2697,0.2241,42429.0616,42429.0616,6792.9284,563457.9168,563457.9168,1
4568,605358.SH,立昂微,20260928,45.67,6.9831,8.9553,1.11,,514.4349,3.2895,9.821,8.774,,0.3273,77219.9373,77219.9373,60214.2005,3526634.6598,3526634.6598,4
4569,605365.SH,立达信,20260928,14.67,1.1277,6.0101,0.79,35.3129,35.2046,1.9737,1.0723,1.0678,2.861,1.4305,50201.2876,50201.2876,9419.6126,736452.9243,736452.9243,4
4570,605366.SH,宏柏新材,20260928,10.14,13.5257,22.3531,2.72,,,2.9269,5.6373,5.2034,,,77282.77,77282.77,46763.148,783647.2878,783647.2878,2
4571,605368.SH,蓝天燃气,20260928,6.64,0.329,0.8008,0.84,16.8259,20.0817,1.399,1.1699,1.1931,12.8012,6.0241,71463.5915,71463.5915,29358.8299,474518.2376,474518.2376,4
4572,605369.SH,拱东医疗,20260928,18.06,0.8459,2.6549,0.88,77.0697,71.0767,2.3355,3.4953,3.4022,1.5849,0.8321,21980.3029,21980.3029,7003.462,396964.218,396964.218,1
4573,605376.SH,博迁新材,20260928,119.97,5.2116,8.0535,0.9,143.184,125.9068,17.2037,27.2488,20.6062,0.125,0.0834,26160.0,26160.0,16928.52,3138415.2,3138415.2,4
4574,605377.SH,华旺科技,20260928,7.85,0.7359,1.3769,0.83,16.1318,17.7277,1.1146,1.3647,1.441,7.707,5.2229,55667.0268,55667.0268,29753.178,436986.1855,436986.1855,4
4575,605378.SH,野马电池,20260928,15.35,2.9078,10.4534,1.67,68.8819,237.0822,3.3354,3.236,3.3138,2.3267,0.9772,26134.64,26134.64,7269.73,401166.724,401166.724,1
4576,605388.SH,均瑶健康,20260928,6.11,1.3095,3.9992,0.77,,,2.3944,2.7551,2.6134,1.2774,,60048.4,60048.4,19663.0596,366895.724,366895.724,1
4577,605389.SH,长龄液压,20260928,61.31,0.5616,1.854,1.33,90.8244,86.5704,5.3937,10.6735,9.8881,0.9049,1.1364,18699.721,18699.721,5664.4684,1146479.8332,1146479.8332,4
4578,605398.SH,新炬网络,20260928,22.19,3.6059,11.6456,0.82,223.822,1484.1564,3.5239,6.6061,6.6974,0.0666,0.1331,16271.6379,16271.6379,5038.2605,361067.6916,361067.6916,4
4579,605399.SH,晨光新材,20260928,11.8,2.3666,6.6879,3.1,,,1.8011,3.3277,2.9074,0.8498,,31137.1304,31104.4304,11006.5854,367418.134,367032.274,1
4580,605488.SH,福莱新材,20260928,29.68,3.7965,7.7962,1.31,115.2131,113.6854,3.9525,3.1179,2.7514,0.5516,0.5082,29999.1199,29762.8249,14493.4949,890371.4746,883358.239,4
4581,605499.SH,东鹏饮料,20260928,111.12,0.3064,0.9106,0.66,18.4778,16.625,4.1891,3.9082,3.6128,3.4613,4.402,73419.931,67601.69,22743.1373,8158422.7327,7511899.7928,1
4582,605500.SH,森林包装,20260928,7.37,0.9151,3.8521,1.19,49.8758,79.7552,1.191,1.0938,0.8353,2.0353,0.9498,41440.0,41440.0,9844.9045,305412.8,305412.8,1
4583,605507.SH,国邦医药,20260928,18.32,1.0716,2.3936,0.6,17.4614,20.2841,1.7064,2.3843,2.3391,2.3374,2.3394,78235.29,78235.29,35025.775,1433270.5128,1433270.5128,1
4584,605555.SH,德昌股份,20260928,12.75,2.5223,6.8684,2.28,37.9378,72.1503,2.1563,1.3725,1.3024,2.1116,2.1961,48406.904,48406.904,17776.9278,617187.975,617187.975,1
4585,605566.SH,福莱蒽特,20260928,32.01,4.8525,10.9256,0.81,95.1468,83.046,2.071,5.505,4.8219,0.3107,0.3107,13334.0,13334.0,5922.1201,426821.34,426821.34,4
4586,605567.SH,春雪食品,20260928,9.46,2.7836,4.5187,1.61,47.6379,41.1924,1.6943,0.7162,0.6848,1.0624,1.0624,19900.0,19900.0,12258.805,188254.0,188254.0,1
4587,605577.SH,龙版传媒,20260928,14.87,2.415,11.748,0.26,29.4938,36.1712,1.6893,4.3543,4.256,1.0087,1.076,44444.4445,44444.4445,9136.4445,660888.8228,660888.8228,5
4588,605580.SH,恒盛能源,20260928,21.33,4.6781,17.1074,0.96,38.2853,32.8233,5.7698,5.8505,5.1888,1.1721,1.4065,28000.0,28000.0,7656.69,597240.0,597240.0,4
4589,605588.SH,冠石科技,20260928,44.92,1.7826,5.4112,1.06,,,3.571,2.4112,2.5375,,,7327.5481,7309.9561,2408.0727,329153.546,328363.4032,4
4590,605589.SH,圣泉集团,20260928,36.07,3.8091,5.1044,1.0,30.3305,32.0332,2.827,2.7917,2.6159,1.4652,1.7999,84638.2498,84591.8998,63125.6003,3052901.6775,3051229.833,5
4591,605598.SH,上海港湾,20260928,23.61,1.131,3.5695,1.25,86.6747,,3.5494,3.6238,3.8037,0.4903,0.3461,24086.8649,24086.8649,7632.1649,568690.7646,568690.7646,4
4592,605599.SH,菜百股份,20260928,13.31,0.7618,2.0448,1.36,9.1365,9.3166,2.3405,0.3592,0.2991,5.4095,5.8603,77777.78,77777.78,28977.5982,1035222.2518,1035222.2518,4
4593,688001.SH,华兴源创,20260928,61.82,2.5074,9.5109,0.92,364.0182,302.2377,6.7697,13.0171,11.8581,,0.1178,47156.5619,47156.5619,12431.9103,2915218.5392,2915218.5392,4
4594,688002.SH,睿创微纳,20260928,175.66,1.7329,2.2476,1.1,72.7162,40.226,10.3228,12.9722,10.0256,0.0881,0.454,46554.9721,46554.9721,35894.3291,8177846.0302,8177846.0302,4
4595,688003.SH,天准科技,20260928,74.69,1.7658,3.8012,0.95,191.1023,77.0553,7.309,8.1284,6.9942,0.6612,0.6637,19478.2316,19478.2316,9048.2316,1454829.1182,1454829.1182,4
4596,688004.SH,博汇科技,20260928,30.66,13.6539,22.0532,0.8,,,4.3761,14.3591,15.3534,,,8008.8,8008.8,4958.5216,245549.808,245549.808,4
4597,688005.SH,容百科技,20260928,22.44,1.1702,1.7981,1.18,,,2.063,1.3072,1.0879,1.6258,,71461.8752,71461.8752,46508.0406,1603604.5872,1603604.5872,4
4598,688006.SH,杭可科技,20260928,19.88,0.9534,2.7365,1.02,32.5785,49.876,2.2044,4.0046,3.8614,0.9155,1.172,60367.2152,60367.2152,21033.0574,1200100.3336,1200100.3336,4
4599,688007.SH,光峰科技,20260928,10.62,1.7996,2.7139,0.66,,,2.0699,2.8556,3.9842,0.234,,45961.5635,45961.5635,30476.8393,488111.7672,488111.7672,4
4600,688008.SH,澜起科技,20260928,208.6,2.9267,2.9267,0.78,113.8878,82.8284,11.8332,46.6623,41.3429,0.2806,0.2802,122053.8021,114476.4521,114476.4521,25460422.68,23879787.47,4
4601,688009.SH,中国通号,20260928,4.66,0.2234,0.9597,1.15,13.3866,13.9428,1.0501,1.4282,1.4528,3.6481,3.6481,1058981.9,862101.8,200680.2,4934855.654,4017394.388,1
4602,688010.SH,福光股份,20260928,27.46,3.2181,6.4146,1.01,348.6336,154.8895,2.5653,6.5207,6.9031,0.2053,,16056.1578,16056.1578,8055.2185,440902.1536,440902.1536,4
4603,688011.SH,新光光电,20260928,60.5,3.4146,7.2495,1.04,,,5.8001,51.9149,37.9385,,,9950.0,9916.2523,4670.6746,601975.0,599933.125,4
4604,688012.SH,中微公司,20260928,324.5,1.4969,1.8894,1.05,147.2052,73.4668,10.3476,25.0972,22.02,0.0602,0.0708,95784.2348,94219.7038,74649.112,31081982.635,30574292.65,4
4605,688013.SH,天臣医疗,20260928,24.85,2.1728,4.4934,1.07,23.6744,39.7661,4.0758,6.1724,7.1035,5.9443,5.1791,8115.56,8115.56,3924.347,201671.666,201671.666,4
4606,688015.SH,交控科技,20260928,16.68,0.606,1.3069,0.91,20.119,19.7235,1.1904,1.2438,1.2421,1.3789,2.518,18868.0742,18868.0742,8749.2671,314719.4076,314719.4076,4
4607,688016.SH,心脉医疗,20260928,84.33,0.6309,1.0571,0.9,18.4524,18.2031,2.4415,7.6962,7.2682,1.9205,2.6747,12326.2117,12326.2117,7356.6247,1039469.2893,1039469.2893,4
4608,688017.SH,绿的谐波,20260928,274.62,2.5249,3.8602,0.93,404.8192,356.9133,13.959,88.216,75.3852,0.0364,0.0765,18333.0125,18333.0125,11991.0809,5034611.2062,5034611.2062,4
4609,688018.SH,乐鑫科技,20260928,115.7,1.7822,2.8093,0.61,54.4718,47.5089,5.7631,10.5713,9.6836,0.2462,0.3087,23438.4311,23438.4311,14868.951,2711826.351,2711826.351,4
4610,688019.SH,安集科技,20260928,214.9,2.1149,2.9452,1.08,62.6222,52.2185,10.1333,19.5965,16.9857,0.1184,0.1783,22835.6543,22835.6543,16397.6061,4907381.185,4907381.185,4
4611,688020.SH,方邦股份,20260928,136.28,4.1284,7.7068,0.78,,,8.6212,31.4078,31.3663,0.1335,,8242.3,8242.3,4415.2849,1123260.644,1123260.644,4
4612,688021.SH,奥福科技,20260928,19.92,1.7665,2.9557,0.96,103.4811,43.1991,1.724,4.3575,4.3608,,0.753,7641.3717,7641.3717,4566.9844,152216.0904,152216.0904,4
4613,688022.SH,ST瀚川,20260928,8.77,1.4275,1.9572,1.13,46.2641,101.682,2.2472,1.9719,2.3944,,,17045.898,17045.898,12431.9743,149492.543,149492.543,4
4614,688023.SH,安恒信息,20260928,48.01,8.1218,10.1544,1.7,,,2.2813,2.2801,2.2734,,,10217.5143,10217.5143,8172.346,490542.6551,490542.6551,1
4615,688025.SH,杰普特,20260928,397.02,4.2018,6.4529,1.28,135.3589,99.5705,14.7824,18.1948,14.0785,0.1055,0.2236,9504.9423,9504.9423,6189.1167,3773651.2788,3773651.2788,4
4616,688026.SH,洁特生物,20260928,25.24,6.6558,11.9549,0.71,73.4468,155.9726,3.2609,6.2818,6.1797,0.2836,0.2837,14036.4467,14036.4467,7814.6581,354279.998,354279.998,4
4617,688027.SH,国盾量子,20260928,341.75,2.1446,2.8131,0.86,6519.5368,5852.4062,10.9146,113.229,112.4263,,0.0047,10286.1001,8037.437,6127.437,3515274.675,2746795.12,4
4618,688028.SH,沃尔德,20260928,119.5,6.8548,10.4601,0.95,190.8642,164.9992,8.8259,23.933,21.579,0.2847,0.1088,15094.9,15094.9,9892.0819,1803840.55,1803840.55,4
4619,688029.SH,南微医学,20260928,82.09,1.0996,1.9299,0.81,27.0378,30.2139,3.6829,4.8434,4.6081,1.818,1.2101,18784.7422,18784.7422,10702.859,1542039.3066,1542039.3066,4
4620,688030.SH,山石网科,20260928,18.98,2.6045,4.0364,0.95,,,4.9241,3.7535,3.6165,,,18023.8292,18023.8292,11630.1098,342092.2782,342092.2782,4
4621,688031.SH,星环科技,20260928,89.45,6.5809,9.7596,1.5,,,16.1255,27.0124,25.7966,,,13514.6716,12113.5916,8168.1456,1208887.2315,1083560.6255,4
4622,688032.SH,禾迈股份,20260928,66.42,0.8355,2.2687,2.04,,,1.5023,4.2654,3.0443,4.7801,,12407.3545,12407.3545,4569.0492,824096.187,824096.187,4
4623,688033.SH,*ST天宜,20260928,7.15,0.6846,0.9157,1.03,,,3.2188,5.8849,8.1513,,,56219.8596,56219.8596,42029.9324,401971.999,401971.999,4
4624,688035.SH,德邦科技,20260928,76.0,5.7352,10.4544,0.93,100.4598,83.0985,4.5031,6.9868,6.2226,0.455,0.3252,14224.0,14224.0,7803.1797,1081024.0,1081024.0,4
4625,688036.SH,传音控股,20260928,53.72,0.7807,1.9143,0.91,23.9637,19.687,2.9219,0.9428,0.8596,4.2412,3.1646,115118.4545,115118.4545,46950.4744,6184163.134,6184163.134,4
4626,688037.SH,芯源微,20260928,340.18,1.9035,2.6198,1.05,958.7942,1076.8665,24.4247,35.284,32.1837,0.0322,0.0106,20210.0286,20210.0286,14684.0792,6875048.0054,6875048.0054,4
4627,688038.SH,中科通达,20260928,19.15,1.4148,2.5458,0.98,,,3.735,8.6094,8.3893,,,11637.34,11637.34,6467.0079,222855.061,222855.061,4
4628,688039.SH,当虹科技,20260928,32.0,1.3158,2.5002,0.64,,,3.4377,10.997,10.8833,,,11060.1424,11060.1424,5820.6388,353924.48,353924.48,4
4629,688041.SH,海光信息,20260928,240.5,0.7411,1.9177,0.67,219.6571,177.9185,22.0312,38.8821,31.0356,0.0705,0.0996,232433.8091,232433.8091,89817.7181,55900331.305,55900331.305,4
4630,688045.SH,必易微,20260928,56.95,3.2515,5.7531,1.4,332.8547,68.7207,2.7556,5.8807,4.7127,,0.0954,7057.6989,7057.6989,3988.7722,401936.015,401936.015,4
4631,688046.SH,药康生物,20260928,35.06,1.8626,3.6619,0.61,100.8234,78.781,6.3454,18.1262,16.377,0.3981,0.6256,41018.62,41018.62,20864.2323,1438112.8172,1438112.8172,4
4632,688047.SH,龙芯中科,20260928,99.91,0.94,2.0189,0.77,,,17.4475,63.0609,60.3674,,,40100.0,40100.0,18670.6956,4006391.0,4006391.0,4
4633,688048.SH,长光华芯,20260928,289.79,6.5253,9.9291,1.14,2347.1776,1184.494,16.8006,107.01,78.0701,,,17627.9943,17627.9943,11584.8943,5108415.2221,5108415.2221,4
4634,688049.SH,炬芯科技,20260928,45.45,4.5983,5.9789,0.71,39.103,36.0338,3.7867,8.6731,7.6218,0.6352,0.785,17601.5964,17601.5964,13537.398,799992.72,799992.72,4
4635,688050.SH,爱博医疗,20260928,38.31,0.8522,1.0833,0.73,27.6339,31.2072,2.5677,4.998,4.5498,0.9128,0.8347,19343.7735,19343.7735,15217.5436,741059.8287,741059.8287,4
4636,688051.SH,佳华科技,20260928,24.42,2.0737,4.8945,0.62,,,3.486,9.1449,10.4912,,,7733.4,7733.4,3276.5482,188849.628,188849.628,4
4637,688052.SH,纳芯微,20260928,246.15,2.0653,2.9167,1.28,,,5.1981,11.9504,9.1792,,,16350.5247,14341.0247,10154.8007,4024680.498,3530042.073,4
4638,688053.SH,ST思科瑞,20260928,37.94,0.5489,1.2683,0.87,,,2.3744,19.7786,18.9869,,,10000.0,10000.0,4327.38,379400.0,379400.0,4
4639,688055.SH,龙腾光电,20260928,3.6,0.2535,2.4416,1.12,,,3.0858,4.8024,5.538,,,333333.34,333333.34,34611.34,1200000.024,1200000.024,4
4640,688056.SH,莱伯泰科,20260928,51.89,6.93,16.2981,1.89,86.644,107.112,4.3337,8.7267,8.7718,1.1447,0.2862,6745.246,6745.246,2868.1033,350011.0225,350011.0225,4
4641,688057.SH,金达莱,20260928,18.53,1.8147,3.5773,0.79,54.3207,139.2916,1.6155,15.9767,17.7266,1.3492,1.0793,27600.0,27600.0,14000.8,511428.0,511428.0,4
4642,688058.SH,宝兰德,20260928,25.51,1.6683,2.9943,1.16,,,3.2675,8.3895,8.0952,,,7583.6544,7583.6544,4225.2999,193458.9115,193458.9115,1
4643,688059.SH,华锐精密,20260928,83.3,2.8043,4.3718,1.02,62.4739,34.3933,5.363,11.6555,10.5748,0.3204,0.996,13998.1475,13100.9992,8403.82,1166045.895,1091313.3,4
4644,688060.SH,云涌科技,20260928,36.63,0.8811,2.7838,0.94,,,2.5113,5.8706,6.3876,,,6019.0728,6019.0728,1905.0528,220478.5341,220478.5341,4
4645,688061.SH,灿瑞科技,20260928,44.5,1.5772,4.0249,0.66,,,2.2702,8.1996,8.0188,,0.4335,11488.9391,11488.9391,4502.1108,511257.83,511257.83,4
4646,688062.SH,迈威生物,20260928,26.0,2.2893,2.2893,0.65,,,13.2973,17.5316,13.2896,,,44673.02,23024.0,23024.0,1161498.52,598624.0,4
4647,688063.SH,派能科技,20260928,39.22,1.7878,2.5615,1.06,113.574,64.1091,1.0335,3.0416,2.0656,1.1193,0.3084,24535.9249,24535.9249,17124.7391,962298.7824,962298.7824,4
4648,688065.SH,凯赛生物,20260928,38.15,0.5632,1.0295,0.81,49.0748,44.0428,1.5493,8.3511,7.8075,1.0451,1.1776,72128.9794,58337.8039,31914.9902,2751720.587,2225587.07,4
4649,688066.SH,*ST航图,20260928,8.29,5.5451,7.7798,1.08,,,,4.8748,10.4497,,,26332.9417,26332.9417,18768.9806,218300.0726,218300.0726,4
4650,688067.SH,爱威科技,20260928,24.04,1.8014,3.3544,1.32,56.6295,50.3084,3.1118,7.4416,7.3183,0.6338,0.6338,6800.0,6800.0,3651.7142,163472.0,163472.0,1
4651,688068.SH,热景生物,20260928,89.65,1.93,2.6694,0.54,,,3.4056,20.5382,17.7235,,,9275.4116,9275.4116,6706.198,831540.5065,831540.5065,4
4652,688069.SH,德林海,20260928,34.93,1.3746,2.6436,0.71,55.4299,56.9208,4.3832,9.5293,8.6357,0.7975,0.9969,15663.3036,15663.3036,8144.7436,547119.069,547119.069,4
4653,688070.SH,纵横股份,20260928,35.27,2.315,5.2084,0.88,292.0027,143.4051,5.2586,5.0225,4.704,,,8842.05,8842.05,3930.05,311859.1035,311859.1035,4
4654,688071.SH,华依科技,20260928,35.26,3.2675,4.8089,1.03,,,2.9307,5.8618,5.3232,,,8478.9724,8478.9724,5761.2312,298968.4822,298968.4822,4
4655,688072.SH,拓荆科技,20260928,653.8,1.9386,3.0283,1.23,206.1315,87.8198,15.0226,29.3021,25.5453,0.0394,0.0486,29217.327,28418.7298,18192.8824,19102290.354,18580165.674,4
4656,688073.SH,毕得医药,20260928,73.91,4.3548,9.2355,0.61,44.2676,36.9811,3.2579,5.0741,4.8706,1.1591,1.4878,9088.2948,9088.2948,4285.3658,671715.5139,671715.5139,4
4657,688075.SH,安旭生物,20260928,29.91,0.4343,1.6739,0.92,54.7533,,0.7568,8.4233,9.2626,2.6747,2.6605,12708.2805,12708.2805,3297.0805,380104.6548,380104.6548,1
4658,688076.SH,ST诺泰,20260928,28.92,0.6169,0.9821,0.87,27.5626,38.591,2.9642,4.716,4.5042,1.9634,1.2073,31681.5961,31681.5961,19900.407,916231.872,916231.872,1
4659,688077.SH,大地熊,20260928,26.56,2.9886,5.3776,0.85,52.9672,43.7466,2.7432,1.8485,1.5981,0.7263,0.7989,11447.8504,11447.8504,6362.083,304054.896,304054.896,4
4660,688078.SH,龙软科技,20260928,30.34,2.092,3.7397,0.68,,,3.3438,14.3745,14.2301,0.4483,,7289.3,7289.3,4077.532,221157.362,221157.362,4
4661,688079.SH,美迪凯,20260928,17.03,7.5163,16.8064,1.17,,,5.7876,10.5645,9.5962,,,41178.2878,40563.1208,18140.9067,701266.2787,690789.9336,4
4662,688080.SH,映翰通,20260928,36.77,1.3388,1.8553,1.07,18.1736,22.7773,2.272,3.4857,3.6539,0.5443,0.2992,7365.6132,7365.6132,5315.3132,270833.4797,270833.4797,4
4663,688081.SH,兴图新科,20260928,25.31,1.6072,3.2592,1.26,,,7.1511,18.2784,19.1183,,,10304.0,10304.0,5081.3649,260794.24,260794.24,4
4664,688082.SH,盛美上海,20260928,286.01,1.2648,4.7156,1.23,99.4255,82.1683,9.5019,20.452,19.1727,0.2077,0.2154,48526.6314,48223.297,12934.231,13879101.4463,13792346.033,4
4665,688083.SH,中望软件,20260928,50.9,0.7263,1.2573,0.96,416.2358,154.476,3.3124,9.6655,9.3877,0.6989,0.6868,16964.6246,16964.6246,9800.0242,863499.158,863499.158,4
4666,688084.SH,晶品特装,20260928,41.3,1.2526,2.5719,0.93,,,2.0573,10.689,10.7793,,,7565.9066,7565.9066,3684.925,312472.083,312472.083,4
4667,688085.SH,三友医疗,20260928,13.15,0.7881,1.257,1.11,76.4425,88.9108,2.2508,8.8865,8.5063,0.0242,0.1327,36680.8748,35061.5573,21980.9562,482353.572,461059.514,0
4668,688087.SH,英科再生,20260928,32.3,0.9851,1.7512,1.04,21.8334,21.2544,2.1089,1.7592,1.5494,0.4898,0.6802,19314.449,18756.873,10550.8114,623856.735,605846.901,4
4669,688088.SH,虹软科技,20260928,28.84,0.83,1.4058,0.85,44.7734,46.8394,4.223,12.5353,12.1472,1.6279,0.3464,40117.04,40117.04,23686.4768,1156975.4336,1156975.4336,4
4670,688089.SH,ST嘉必优,20260928,8.35,0.669,1.2545,1.06,9.6651,,0.9071,2.4667,4.424,2.4233,,16636.0003,16636.0003,8871.2243,138910.6,138910.6,4
4671,688090.SH,瑞松科技,20260928,78.38,4.2354,6.3305,0.71,1077.3503,227.5208,13.2466,13.1662,10.3157,0.0755,0.0981,15872.2465,15872.2465,10619.1529,1244066.955,1244066.955,4
4672,688091.SH,上海谊众,20260928,39.29,1.1625,1.6717,0.8,125.8042,117.9482,5.4484,25.6943,25.2526,,,20670.364,20607.3051,14330.6484,812138.6016,809661.0174,4
4673,688092.SH,爱科科技,20260928,22.22,1.1924,2.1792,1.09,36.2323,57.6093,2.8109,4.0946,3.9725,1.2601,0.9451,8266.374,8266.374,4523.0822,183678.7414,183678.7414,4
4674,688093.SH,世华科技,20260928,21.98,0.7531,2.3231,1.01,15.449,18.7757,2.1866,5.671,6.4698,2.4866,3.1659,28038.2791,28038.2791,9089.5822,616281.3944,616281.3944,4
4675,688095.SH,福昕软件,20260928,55.49,2.2257,3.7004,0.7,167.6635,103.303,1.9425,4.7529,4.5467,0.5308,0.539,9135.9524,9135.9524,5494.8856,506953.8655,506953.8655,4
4676,688096.SH,京源环保,20260928,7.2,3.7993,4.6548,1.3,,,2.0274,3.5554,3.432,1.4582,,23375.5799,23375.5799,19079.7499,168304.176,168304.176,4
4677,688097.SH,博众精工,20260928,41.82,1.1479,2.5598,0.92,31.5256,27.1894,3.6833,2.8486,2.36,0.5582,0.5742,44722.5638,44722.5638,20054.7225,1870297.4592,1870297.4592,4
4678,688098.SH,申联生物,20260928,8.34,0.7008,1.2041,0.61,,,2.47,11.8806,12.2989,,,41064.4,41064.4,23898.7841,342477.096,342477.096,4
4679,688099.SH,晶晨股份,20260928,88.27,2.0941,2.5778,0.89,42.8031,37.8507,4.6867,5.5005,4.7575,,0.2247,42331.9995,42331.9995,34387.8908,3736645.64,3736645.64,4
4680,688100.SH,威胜信息,20260928,24.36,0.3498,1.3472,1.0,17.977,21.2548,3.3269,4.0225,4.4752,3.1428,1.2209,49168.5175,49168.5175,12765.9653,1197745.1472,1197745.1472,4
4681,688101.SH,三达膜,20260928,14.09,0.5929,1.6661,1.11,12.3674,12.7543,1.0402,3.0694,2.7229,,2.484,33201.2066,33201.2066,11815.9866,467805.0489,467805.0489,4
4682,688102.SH,斯瑞新材,20260928,29.42,1.2209,2.5127,0.83,155.6879,136.0343,11.1248,14.6216,12.1899,0.2531,0.2706,78107.5007,77880.7308,37840.9141,2297922.65,2291251.0766,4
4683,688103.SH,国力电子,20260928,79.05,2.5986,3.9297,1.05,106.9687,113.7992,6.6707,5.6945,5.1572,0.2657,0.2893,9531.5566,9531.5566,6303.0446,753469.818,753469.818,4
4684,688105.SH,诺唯赞,20260928,25.8,2.7173,5.9299,0.61,,,3.6949,9.6802,9.0606,0.4473,1.4901,51698.5064,51698.5064,23690.2405,1333821.558,1333821.558,4
4685,688106.SH,金宏气体,20260928,25.41,2.2685,3.6119,0.78,103.3017,115.8682,3.4206,4.9082,4.6419,0.3501,0.9733,53632.5892,53055.4892,33322.7629,1362804.1119,1348140.0009,4
4686,688107.SH,安路科技,20260928,29.33,1.6936,3.6749,1.28,,,15.1981,25.403,18.1347,,,45037.3839,40084.9367,18472.7143,1320946.6487,1175691.2902,4
4687,688108.SH,赛诺医疗,20260928,14.78,1.5423,1.8625,0.78,130.6367,73.7405,6.1945,11.7572,10.4777,,,41795.2,41795.2,34609.2583,617733.056,617733.056,4
4688,688109.SH,品茗科技,20260928,68.43,1.0567,2.098,1.09,115.6846,313.2889,6.9944,12.341,13.2124,0.981,0.3624,7884.23,7884.23,3971.09,539517.8589,539517.8589,4
4689,688110.SH,东芯股份,20260928,116.75,3.7266,5.3141,1.2,,89.7542,12.4257,56.0518,24.8857,,,44237.7391,44237.7391,31022.0612,5164756.145,5164756.145,4
4690,688111.SH,金山办公,20260928,222.0,0.8063,1.6581,0.78,56.0919,28.5597,6.8324,17.3748,15.6435,0.4038,0.5631,46401.3435,46401.3435,22562.6084,10301097.48,10301097.48,4
4691,688112.SH,鼎阳科技,20260928,102.66,10.1455,27.0271,1.46,114.9041,104.0228,10.312,27.2155,24.061,0.4956,0.6429,15959.6883,15959.6883,5990.9858,1638421.7754,1638421.7754,4
4692,688113.SH,联测科技,20260928,37.74,1.3399,2.2201,1.05,26.9663,25.624,2.3569,4.8854,4.4477,1.1366,1.1313,6439.7559,6439.7559,3886.5438,243036.5424,243036.5424,4
4693,688114.SH,华大智造,20260928,72.84,2.4061,4.5213,0.81,,,4.3102,10.9148,10.1237,,,41651.6155,41563.7624,22119.3236,3033903.2724,3027504.2784,4
4694,688115.SH,思林杰,20260928,61.64,4.3401,7.9857,1.21,,404.7502,4.5034,22.2947,18.6657,0.5099,0.2334,9333.8,9333.8,5072.767,575335.432,575335.432,4
4695,688116.SH,天奈科技,20260928,32.26,1.4246,1.5664,1.16,51.9058,48.1119,3.1054,9.114,8.6181,0.4524,0.2565,36653.2051,36653.2051,33337.0515,1182432.5546,1182432.5546,4
4696,688117.SH,圣诺生物,20260928,17.92,4.5861,6.6752,0.52,25.0025,19.3401,3.4517,5.3253,4.3335,0.5252,1.4021,22034.0369,22034.0369,15138.1307,394849.9968,394849.9968,4
4697,688118.SH,普元信息,20260928,19.76,1.9359,2.409,0.9,263.8696,,2.339,5.516,5.9164,0.7352,1.4944,9480.7113,9480.7113,7618.6128,187338.8296,187338.8296,4
4698,688119.SH,中钢洛耐,20260928,3.77,0.7665,1.7353,1.02,,,1.5543,2.1239,2.1725,,,112500.0,112500.0,49692.4416,424125.0,424125.0,4
4699,688120.SH,华海清科,20260928,234.24,1.8188,2.5281,1.0,107.268,101.8368,14.6949,25.0093,21.762,0.1118,0.1214,49628.1438,49628.1438,35703.6196,11624895.5136,11624895.5136,4
4700,688121.SH,*ST卓然,20260928,1.14,4.2256,6.0489,0.49,,,0.1215,0.144,0.2169,,,23361.4003,20266.6667,14157.8667,26631.996,23104.0038,4
4701,688122.SH,西部超导,20260928,49.44,1.2408,1.8393,0.9,38.2706,50.3101,4.4455,6.1465,6.2796,1.517,0.8091,64966.4497,64966.4497,43826.2684,3211941.288,3211941.288,4
4702,688123.SH,聚辰股份,20260928,153.86,5.9402,7.5211,0.8,67.274,35.7716,7.8319,20.0275,19.5932,0.1939,0.453,15897.0494,15897.0494,12555.5574,2445920.113,2445920.113,4
4703,688125.SH,安达智能,20260928,113.4,1.2489,4.0091,1.21,,,5.1057,13.3842,11.7779,,,8242.5456,8220.3546,2560.6701,934704.036,932187.69,4
4704,688126.SH,沪硅产业,20260928,23.83,2.0446,3.202,1.02,,,4.0619,21.1943,18.1646,,,330502.3393,285761.7899,182470.0621,7875870.7622,6809703.4557,4
4705,688127.SH,蓝特光学,20260928,61.06,2.0525,4.1363,0.85,63.7417,44.4538,10.3786,16.1353,12.5707,0.3254,0.4913,40589.77,40589.77,20141.07,2478411.3562,2478411.3562,4
4706,688128.SH,中国电研,20260928,21.66,0.336,1.5793,0.96,16.3933,16.2255,2.4356,1.8383,1.7814,2.3084,3.6934,40450.0,40450.0,8606.9009,876147.0,876147.0,4
4707,688129.SH,东来技术,20260928,22.65,0.9895,2.8446,0.74,27.1311,26.7677,2.5707,4.1175,4.046,0.6112,1.1274,12047.88,12047.88,4190.88,272884.482,272884.482,4
4708,688130.SH,晶华微,20260928,26.29,3.6654,5.7772,0.76,,,2.5626,18.3094,15.7238,,,12089.1094,6028.5094,3824.8534,317822.7019,158489.5279,4
4709,688131.SH,皓元医药,20260928,100.48,2.4192,3.554,0.77,89.3459,82.6465,6.6534,7.4475,6.6665,0.2269,0.2389,21323.4116,21323.4116,14515.1231,2142576.2368,2142576.2368,4
4710,688132.SH,邦彦技术,20260928,16.17,1.3677,2.3016,0.93,,,2.2106,17.9878,22.538,,,15222.5204,15222.5204,9045.8277,246148.1484,246148.1484,4
4711,688133.SH,泰坦科技,20260928,21.63,2.8657,4.0688,0.74,,,1.3112,1.4106,1.3852,0.3236,,16443.6977,16443.6977,11581.4746,355677.231,355677.231,4
4712,688135.SH,利扬芯片,20260928,37.67,5.2798,7.0735,0.52,,663.2726,5.4976,14.1997,12.7135,,,23310.3941,23310.3941,17399.5531,878102.3913,878102.3913,4
4713,688136.SH,科兴制药,20260928,22.93,3.4756,6.9788,0.55,29.7717,22.1428,2.5201,3.0192,3.2148,0.3407,1.068,20198.5,20198.5,10059.5045,463151.605,463151.605,4
4714,688137.SH,近岸蛋白,20260928,128.08,12.1392,38.0644,0.86,,,4.4808,61.1518,58.5905,,,6991.7453,6991.7453,2229.7453,895503.34,895503.34,1
4715,688138.SH,清溢光电,20260928,37.48,2.5489,6.3737,0.79,62.9917,55.3358,4.1134,9.5176,9.2812,0.6899,0.4776,31480.0,31480.0,12589.3302,1179870.4,1179870.4,4
4716,688139.SH,海尔生物,20260928,34.8,1.4674,2.8738,0.7,43.9274,43.1233,2.491,4.7297,4.5332,1.3375,0.9373,31649.2922,31649.2922,16159.8991,1101395.292,1101395.292,1
4717,688141.SH,杰华特,20260928,100.71,3.188,4.9637,0.95,,,42.0281,17.254,14.3782,,,45486.8456,45486.8456,29214.3092,4580980.6635,4580980.6635,4
4718,688143.SH,长盈通,20260928,165.05,10.8764,14.0813,1.16,888.2723,2161.5886,15.5679,53.4084,50.3431,0.0281,0.0298,12878.0802,12237.4426,9452.2576,2125527.104,2019789.472,4
4719,688146.SH,中船特气,20260928,201.07,8.9789,8.9789,0.87,308.0828,206.4639,17.7177,47.1018,34.0703,0.086,0.0975,52941.1765,14497.0842,14497.0842,10644881.0519,2914927.8756,4
4720,688147.SH,微导纳米,20260928,105.96,1.314,3.7583,0.86,224.3424,380.1473,16.3099,18.6894,17.7504,0.0409,0.1348,46446.7103,46446.7103,16238.7106,4921493.4234,4921493.4234,4
4721,688148.SH,芳源股份,20260928,5.69,2.0661,2.5921,1.01,,32.0094,7.8638,1.2744,1.0208,,,51017.3053,51017.3053,40664.956,290288.4939,290288.4939,4
4722,688150.SH,莱特光电,20260928,39.69,2.0522,4.6212,0.86,72.8825,78.7928,7.3811,28.9264,28.1683,0.7767,0.7502,40243.7585,40243.7585,17871.6783,1597274.8344,1597274.8344,4
4723,688151.SH,华强科技,20260928,16.6,0.8537,2.8789,0.84,133.6846,118.7138,1.3558,9.1015,8.5408,0.2614,0.3373,34450.0,34450.0,10215.32,571870.0,571870.0,4
4724,688152.SH,麒麟信安,20260928,39.45,9.2177,17.343,2.74,,,3.2996,12.9536,12.849,,,10189.8076,10189.8076,5415.818,401988.0045,401988.0045,1
4725,688153.SH,唯捷创芯,20260928,25.94,0.8339,1.6774,1.12,255.8269,,2.5751,4.8093,4.8352,,0.2943,43031.3008,41816.5234,20789.5324,1116231.922,1084720.5288,4
4726,688155.SH,先惠技术,20260928,50.97,1.8054,3.8436,1.08,18.5099,15.8438,2.6767,2.1352,1.7749,1.1578,2.3444,12735.9843,12735.9843,5982.1366,649152.9006,649152.9006,4
4727,688156.SH,路德科技,20260928,22.24,3.2548,4.6071,1.05,,,2.9033,5.8912,5.0531,,,10071.4157,10071.4157,7115.3568,223988.3808,223988.3808,4
4728,688157.SH,松井股份,20260928,18.39,1.6253,3.4452,1.4,171.2215,1199.1691,2.5861,4.7804,4.886,0.7513,0.1813,18771.7296,18771.7296,8855.6753,345212.1147,345212.1147,4
4729,688158.SH,优刻得,20260928,28.34,2.5534,2.8856,0.72,,,5.3045,7.6831,6.9084,,,46070.5081,40987.3908,36268.6836,1305638.2534,1161582.6326,4
4730,688159.SH,有方科技,20260928,34.78,3.8148,5.3955,0.8,118.0614,84.1169,3.2638,1.342,1.8967,0.285,,9281.072,9281.072,6562.1322,322795.6146,322795.6146,4
4731,688160.SH,步科股份,20260928,94.0,1.1481,2.8475,0.95,118.2963,103.6715,6.4115,11.8485,9.9649,0.2939,0.3178,9121.5206,9121.5206,3677.6636,857422.88,857422.88,4
4732,688161.SH,威高骨科,20260928,21.59,0.1746,0.9109,0.71,32.1467,33.3542,2.0585,5.6712,5.8104,1.2421,1.5641,40000.0,40000.0,7666.6667,863600.0,863600.0,4
4733,688162.SH,巨一科技,20260928,25.51,1.4177,3.3973,2.08,43.1996,41.116,1.4455,0.8068,0.7742,,0.7796,13710.0775,13710.0775,5721.0775,349744.1408,349744.1408,1
4734,688163.SH,赛伦生物,20260928,40.66,3.6435,8.3235,3.38,84.9671,80.7945,3.9282,22.4266,22.0456,0.787,0.9346,10822.0,10822.0,4737.2,440022.52,440022.52,1
4735,688165.SH,埃夫特,20260928,14.54,0.7985,1.5642,0.8,,,6.5194,8.1391,7.0296,,,52178.0,52178.0,26635.3256,758668.12,758668.12,4
4736,688166.SH,博瑞医药,20260928,34.11,1.7548,2.802,0.66,272.6782,154.4022,4.87,12.1482,10.8957,0.2728,0.0468,43579.4991,43579.4991,27291.4355,1486496.745,1486496.745,4
4737,688167.SH,炬光科技,20260928,275.84,4.9261,5.6543,0.99,,,15.788,40.7927,39.6308,,,13013.8971,13013.8971,11337.7717,3589754.176,3589754.176,4
4738,688168.SH,安博通,20260928,43.39,5.3693,8.2081,0.73,,,4.8563,8.4331,18.1497,,,10805.9005,10805.9005,7068.6095,468868.001,468868.001,4
4739,688169.SH,石头科技,20260928,116.39,1.9367,2.4499,1.26,22.1599,18.0661,2.0813,1.616,1.4472,0.6542,0.4463,25956.7776,25956.7776,20519.0365,3021109.6242,3021109.6242,1
4740,688170.SH,德龙激光,20260928,66.12,5.1482,7.3803,0.78,264.3989,2165.2556,5.6049,8.6789,8.8915,,,10336.0,10336.0,7209.94,683416.32,683416.32,4
4741,688171.SH,纬德信息,20260928,25.95,5.5231,10.0072,2.18,254.8636,3005.8692,3.7211,21.7621,20.1143,0.1145,0.1227,11685.076,11685.076,6449.1276,303227.826,303227.826,1
4742,688172.SH,燕东微,20260928,43.74,0.7996,1.7871,0.82,,,3.4478,34.0617,29.0054,,,142761.8097,119875.4111,53632.9642,6244401.5694,5243350.4334,4
4743,688173.SH,希荻微,20260928,12.96,2.1328,3.8518,0.95,,,3.5892,5.7297,5.3734,,,41533.0996,41143.7214,22781.789,538268.9708,533222.6293,4
4744,688175.SH,高凌信息,20260928,25.08,5.0257,10.1548,0.79,,,2.4679,18.3816,18.6683,0.3067,0.3067,16811.21,16811.21,8320.0486,421625.1468,421625.1468,4
4745,688176.SH,亚虹医药,20260928,13.71,2.825,3.9404,0.75,,,5.7941,28.308,25.9556,,,57219.2168,57219.2168,41023.011,784475.5062,784475.5062,4
4746,688177.SH,百奥泰,20260928,20.65,1.1949,4.4027,0.59,,,68.9908,9.1431,8.4504,,,41408.0,41408.0,11238.3423,855075.2,855075.2,4
4747,688178.SH,万德斯,20260928,29.57,1.5301,3.0985,0.97,,,2.7351,5.0191,3.7849,,,8499.7844,8499.7844,4197.4004,251338.4946,251338.4946,4
4748,688179.SH,阿拉丁,20260928,22.95,7.9071,13.2257,0.98,81.5744,58.8353,6.1723,11.9666,10.518,0.6632,0.5818,36276.5932,36276.5932,21688.1494,832547.7405,832547.7405,4
4749,688180.SH,君实生物,20260928,34.84,1.49,2.0664,0.76,,,6.0181,14.317,11.8199,,,102668.9871,76639.4171,55263.4458,3576987.6116,2670117.3928,4
4750,688181.SH,八亿时空,20260928,44.66,5.7248,7.218,0.79,73.2848,63.2747,2.8522,6.8441,6.4385,,0.4147,13302.9861,13302.9861,10550.9988,594111.5334,594111.5334,4
4751,688182.SH,灿勤科技,20260928,26.4,1.4502,4.5243,1.46,87.7347,84.6977,4.6117,14.5914,10.196,0.2841,0.3788,40000.0,40000.0,12821.2475,1056000.0,1056000.0,4
4752,688183.SH,生益电子,20260928,105.96,1.7559,5.9384,0.88,61.8765,44.3926,13.9973,9.6014,7.9205,0.4949,0.5417,86026.1067,83759.1234,24766.6393,9115325.556,8875116.3552,4
4753,688184.SH,ST帕瓦,20260928,10.6,0.5597,0.6097,1.28,,,1.5102,2.4065,1.8337,,,15672.7934,9816.7934,9012.1017,166131.574,104057.974,4
4754,688185.SH,康希诺,20260928,86.5,9.0966,19.9718,0.83,766.674,525.8542,4.2929,20.0104,17.2974,,,24704.3801,11437.2901,5209.3473,2136928.87,989325.585,1
4755,688186.SH,广大特材,20260928,14.22,1.0412,1.3115,0.81,19.3722,120.3659,0.8674,0.8126,0.8492,1.9174,,28048.9356,28048.9356,22268.3347,398855.9268,398855.9268,4
4756,688187.SH,时代电气,20260928,43.75,0.3589,1.2062,1.04,14.2116,14.0714,1.3729,2.0283,1.9695,3.2914,2.56,133070.3412,86890.7512,25852.6027,5821827.375,3801470.3125,4
4757,688188.SH,柏楚电子,20260928,93.1,0.3845,1.0793,0.95,33.9378,29.9761,5.9556,17.1966,15.9287,1.6877,1.9885,40555.7343,40555.7343,14446.3314,3775738.463,3775738.463,4
4758,688189.SH,ST南新,20260928,6.32,1.0447,1.8837,0.85,,,2.2091,12.149,12.6668,,,27282.9414,27282.9414,15130.9414,172428.1808,172428.1808,4
4759,688190.SH,云路股份,20260928,67.03,0.9016,2.4866,1.17,27.323,32.0943,2.9993,4.2568,4.2287,1.3874,2.0886,12000.0,12000.0,4350.9765,804360.0,804360.0,4
4760,688191.SH,智洋创新,20260928,19.97,2.435,4.6365,0.97,105.203,,7.8281,5.545,5.808,1.5404,0.3537,32800.2738,32800.2738,17225.9305,655021.3919,655021.3919,4
4761,688192.SH,迪哲医药,20260928,55.48,0.6943,1.852,0.6,,,22.8382,32.2135,26.6378,,,46516.5842,46121.4092,17290.3003,2580740.4132,2558815.8268,4
4762,688193.SH,仁度生物,20260928,48.82,0.9571,1.7939,0.94,193.9266,110.9912,2.2127,12.0797,12.2158,0.4952,2.2797,4006.987,4006.987,2137.8573,195621.2518,195621.2518,4
4763,688195.SH,腾景科技,20260928,174.39,3.6191,5.079,0.64,447.2092,375.4659,30.3042,53.9333,41.9918,0.0285,0.0672,18109.0,18109.0,12903.7489,3158028.51,3158028.51,4
4764,688196.SH,卓越新能,20260928,30.97,2.3317,7.2324,1.68,25.487,73.942,1.2677,1.3696,1.318,1.5232,1.6145,12719.0795,12719.0795,4100.6502,393909.9076,393909.9076,4
4765,688197.SH,首药控股,20260928,36.8,2.6094,2.9949,0.48,,,8.8398,631.4193,157.8672,,,14871.9343,6400.4882,5576.6242,547287.392,235538.032,4
4766,688198.SH,佰仁医疗,20260928,70.05,0.3041,1.1365,1.15,49.8489,58.1087,7.6964,15.5595,15.4147,1.1391,1.142,13774.8133,13774.8133,3685.1282,964925.4405,964925.4405,4
4767,688199.SH,久日新材,20260928,25.25,2.7814,3.5058,1.08,147.3907,50.8288,1.5605,2.7391,2.482,,0.2367,16122.7251,16122.7251,12791.3763,407098.9325,407098.9325,4
4768,688200.SH,华峰测控,20260928,388.88,2.6859,4.0823,0.97,145.889,103.3793,10.7388,58.0882,50.4447,0.1297,0.2061,20111.7417,20111.7417,13232.6134,7821053.4512,7821053.4512,4
4769,688201.SH,ST信安,20260928,7.7,0.8947,1.4812,0.99,118.8906,104.0643,1.9204,4.5063,4.4412,,0.3203,31715.3816,31715.3816,19157.8289,244208.426,244208.426,4
4770,688202.SH,美迪西,20260928,105.3,4.1565,6.8831,0.8,,,7.064,12.1638,10.2211,,,13435.2184,13435.2184,8113.1795,1414728.666,1414728.666,4
4771,688203.SH,海正生材,20260928,20.01,15.7933,28.0825,1.48,411.0971,146.9107,2.7131,4.7618,3.8632,0.298,,20267.8068,20267.8068,11398.4113,405558.8781,405558.8781,4
4772,688205.SH,德科立,20260928,191.25,7.3407,10.826,0.88,425.5997,214.893,12.4132,32.6135,29.1287,0.1711,0.0523,15923.7488,15923.7488,10797.2871,3045417.1875,3045417.1875,4
4773,688206.SH,概伦电子,20260928,35.39,1.2717,1.8138,0.78,548.7976,,9.3645,38.8541,37.1675,0.0693,0.0695,53101.405,43657.8835,30609.1478,1879258.546,1545052.3732,4
4774,688207.SH,格灵深瞳,20260928,19.04,3.7713,4.8379,0.75,,,1.9979,31.7164,30.1733,,,25897.3147,25897.3147,20187.5978,493084.7824,493084.7824,4
4775,688208.SH,道通科技,20260928,24.69,0.8279,1.3273,0.8,17.6807,18.6098,4.4246,3.4239,3.2148,3.6605,2.0141,67018.6411,67018.6411,41801.6418,1654690.2216,1654690.2216,4
4776,688209.SH,英集芯,20260928,32.89,3.9202,8.5524,0.93,80.1641,62.0572,6.1514,8.8658,8.3135,0.2683,0.1874,43378.4049,43378.4049,19883.3232,1426715.576,1426715.576,4
4777,688210.SH,统联精密,20260928,27.39,1.8699,2.8187,0.89,,,3.5891,5.2002,5.6483,0.5278,,16266.0508,16266.0508,10790.8641,445527.1095,445527.1095,4
4778,688211.SH,中科微至,20260928,32.44,0.574,1.4758,0.63,,,1.1999,1.6756,1.5976,,,13109.2862,13109.2862,5099.2862,425265.3676,425265.3676,4
4779,688212.SH,澳华内镜,20260928,28.06,2.1938,3.0552,1.18,329.963,,3.0899,4.8829,4.7648,0.2798,,13466.525,13466.525,9669.529,377870.8318,377870.8318,4
4780,688213.SH,思特威,20260928,92.15,1.3411,1.4504,0.63,37.0264,32.7261,6.8699,4.1049,3.7658,0.2977,1.089,40230.6775,32350.9476,29913.1833,3707257.162,2981140.0425,4
4781,688215.SH,瑞晟智能,20260928,44.22,1.3719,3.2967,1.17,113.6108,68.9425,7.999,9.2237,7.578,0.1298,0.2796,9035.1261,9035.1261,3759.8983,399533.4486,399533.4486,4
4782,688216.SH,气派科技,20260928,38.51,6.5686,14.1998,0.8,,,5.828,5.7307,4.5855,,,11440.4321,10624.1721,4914.5542,440570.9593,409136.7867,4
4783,688217.SH,睿昂基因,20260928,25.28,1.621,2.7297,0.87,,,1.6961,7.9659,9.0068,0.6644,0.6644,5585.5896,5585.5896,3316.9312,141203.7152,141203.7152,4
4784,688218.SH,江苏北人,20260928,38.36,3.0714,3.7731,0.84,,,5.0682,8.7601,8.0731,0.4953,,11647.5338,11647.5338,9481.2215,446799.2508,446799.2508,4
4785,688219.SH,会通股份,20260928,10.14,0.7534,1.2869,1.08,28.5607,28.2555,1.845,0.8572,0.7837,1.2745,1.4704,54863.34,54863.34,32121.2238,556314.2676,556314.2676,4
4786,688220.SH,翱捷科技,20260928,92.23,1.5219,2.1953,0.68,,,6.6015,10.1079,8.8283,,,41830.0889,41830.0889,28998.8126,3857989.2007,3857989.2007,4
4787,688221.SH,前沿生物,20260928,16.31,2.4641,3.9423,0.61,,,5.9092,49.5141,16.1605,,,37457.8653,37457.8653,23413.0266,610937.8597,610937.8597,4
4788,688222.SH,成都先导,20260928,43.68,5.4524,9.0375,0.62,159.825,124.8885,11.471,33.3003,27.1538,0.1369,0.2976,40068.0,40068.0,24173.4426,1750170.24,1750170.24,4
4789,688223.SH,晶科能源,20260928,3.68,0.7786,2.1297,1.17,,,1.6211,0.5754,0.6454,,,1023969.0997,1023969.0997,374334.7096,3768206.288,3768206.288,4
4790,688225.SH,亚信安全,20260928,15.64,5.3795,10.2907,2.19,,,4.292,0.8082,0.8508,,,40001.0,40001.0,20910.7763,625615.64,625615.64,1
4791,688226.SH,威腾电气,20260928,28.11,4.3285,7.4768,1.18,181.182,175.0037,2.7405,1.4311,1.2487,0.5175,0.1814,19608.5742,18877.552,10928.7786,551196.9027,530647.9305,4
4792,688227.SH,品高股份,20260928,71.41,2.5074,4.3061,0.72,,,6.3794,17.0142,16.4401,,,11305.5275,11305.5275,6583.0981,807327.8973,807327.8973,4
4793,688228.SH,开普云,20260928,83.5,2.0645,4.6502,0.79,,,4.6541,13.4673,14.9961,0.1772,,6755.076,6755.076,2998.996,564049.18,564049.18,4
4794,688229.SH,博睿数据,20260928,58.24,1.1004,1.8664,1.0,,,7.5702,20.414,22.7364,,,4440.0,4440.0,2617.812,258585.6,258585.6,4
4795,688230.SH,芯导科技,20260928,58.08,1.1363,4.5453,1.05,64.3431,51.9537,2.9756,17.3528,15.4157,1.3774,0.7404,11760.0,11760.0,2940.0,683020.8,683020.8,4
4796,688231.SH,隆达股份,20260928,33.0,1.5328,3.9219,0.97,142.4566,82.2076,3.6983,5.6991,4.4564,0.5718,0.5732,31957.9289,31957.9289,12490.3809,1054611.69,1054611.69,4
4797,688232.SH,新点软件,20260928,17.49,0.6376,1.7645,1.1,155.8288,160.2038,1.0757,3.0655,3.2377,2.0583,0.5677,32198.1975,32198.1975,11634.5487,563146.518,563146.518,1
4798,688233.SH,神工股份,20260928,93.24,3.4281,5.6781,0.78,155.6229,168.419,8.3172,36.2542,35.6137,0.08,0.1977,17030.5736,17030.5736,10281.8922,1587930.3468,1587930.3468,4
4799,688234.SH,天岳先进,20260928,105.28,2.2884,4.1382,1.06,,,7.1768,34.8292,32.1953,,,48461.8544,42971.1044,23763.0995,5102063.568,4523997.408,4
4800,688235.SH,百济神州,20260928,257.9,2.0,2.0,0.74,259.4129,88.5029,10.6961,9.9131,8.8274,,,154228.5181,11505.526,11505.526,37892700.252,2967276.187,4
4801,688236.SH,春立医疗,20260928,14.12,0.5545,3.0164,0.79,19.8721,19.4799,1.7768,5.179,5.5533,0.3454,2.5374,38356.85,28842.8,5302.1057,541598.722,407260.336,0
4802,688237.SH,超卓航科,20260928,57.95,1.1749,2.3367,0.73,410.3956,329.9251,4.2682,13.3663,12.743,0.5779,0.5784,8968.1952,8968.1952,4509.1698,519707.19,519707.19,4
4803,688238.SH,和元生物,20260928,8.56,6.3843,8.5753,0.85,,,4.2473,20.7539,20.6052,,,64903.67,64743.31,48201.4684,555575.4152,554202.7336,1
4804,688239.SH,航宇科技,20260928,54.96,3.1032,4.0254,1.01,56.4204,49.3126,4.6818,5.1595,4.5308,0.3083,0.272,19091.2852,19091.2852,14717.8231,1049257.0346,1049257.0346,4
4805,688244.SH,永信至诚,20260928,19.8,9.7808,20.9056,1.41,,,3.2571,10.8165,12.1804,0.1698,,15096.1519,15096.1519,7062.8201,298903.77,298903.77,2
4806,688246.SH,嘉和美康,20260928,16.97,1.5243,2.5863,0.74,,,1.9073,5.7776,6.5036,,,13758.5598,13758.5598,8109.1807,233482.7632,233482.7632,4
4807,688247.SH,宣泰医药,20260928,9.95,1.7337,5.3881,0.88,94.9972,142.7496,3.4202,10.1009,10.7881,0.6172,0.3484,45334.0,45334.0,14587.0647,451073.3,451073.3,1
4808,688248.SH,南网科技,20260928,46.37,0.5723,1.724,0.5,62.2212,65.0599,7.9001,7.1064,7.3646,0.5715,0.6728,56470.0,56470.0,18745.85,2618513.9,2618513.9,4
4809,688249.SH,晶合集成,20260928,33.21,0.8484,2.0576,1.04,105.3917,120.2,3.1867,6.818,6.374,0.2916,,223478.721,200773.331,82778.9738,7421728.2912,6667682.2893,4
4810,688251.SH,井松智能,20260928,18.51,2.8582,6.4765,0.98,58.936,,2.2927,1.7991,2.0746,0.9607,0.2701,10060.2465,9990.329,4408.9167,186215.2275,184921.0083,1
4811,688252.SH,天德钰,20260928,20.79,1.3295,2.9267,1.35,36.4157,38.8007,3.3902,3.8837,3.8884,0.3441,0.5495,40902.1341,40902.1341,18580.5226,850355.2827,850355.2827,4
4812,688253.SH,英诺特,20260928,54.87,0.7659,1.5131,0.89,52.0257,148.7812,3.7048,17.8099,26.2506,1.0009,0.8075,13698.4316,13698.4316,6933.68,751632.8541,751632.8541,4
4813,688255.SH,凯尔达,20260928,26.04,2.5998,4.7218,1.18,109.2999,54.9324,2.6763,4.403,3.7672,1.098,0.5581,10985.887,10985.887,6048.7252,286072.5756,286072.5756,4
4814,688256.SH,寒武纪,20260928,1020.0,1.357,2.7774,1.07,311.491,192.503,47.3192,98.7243,66.7314,,0.0986,62885.4008,62885.4008,30724.3109,64143108.0,64143108.0,4
4815,688257.SH,新锐股份,20260928,54.52,4.0917,5.5491,0.91,85.6434,28.0518,6.7487,7.7698,5.6806,0.3287,0.3787,35526.3279,35526.3279,26195.8372,1936895.5116,1936895.5116,4
4816,688258.SH,卓易信息,20260928,82.2,2.8635,4.6027,0.92,124.8838,62.6863,10.0343,29.7018,29.3963,0.2389,0.2389,12114.2237,12114.2237,7536.6839,995788.884,995788.884,4
4817,688259.SH,创耀科技,20260928,32.91,2.2967,4.1733,2.21,46.5387,62.4736,2.3349,10.1599,10.6462,0.5885,0.7545,11170.0,11170.0,6147.066,367604.7,367604.7,4
4818,688260.SH,昀冢科技,20260928,100.19,4.4127,7.296,0.68,,,86.1726,21.347,17.2907,,,12000.0,12000.0,7257.798,1202280.0,1202280.0,4
4819,688261.SH,东微半导,20260928,74.0,3.7346,7.1733,0.5,196.4008,72.6463,3.0014,7.245,6.6088,0.0532,0.1018,12264.5327,12209.6589,6356.618,907575.22,903514.84,4
4820,688262.SH,国芯科技,20260928,28.01,2.6684,3.7632,0.78,,,4.906,17.6944,13.9514,,,33599.9913,33599.9913,23824.9716,941135.7199,941135.7199,4
4821,688265.SH,南模生物,20260928,54.61,4.5174,14.784,0.79,135.4344,190.5321,2.4788,10.1124,9.3022,,0.2269,7796.3513,7796.3513,2382.251,425758.6735,425758.6735,1
4822,688266.SH,泽璟制药,20260928,107.16,1.1747,1.7656,0.74,,51.5871,16.4873,34.999,17.2942,,,26470.8186,26470.8186,17612.2248,2836613.0712,2836613.0712,4
4823,688267.SH,中触媒,20260928,21.85,0.9001,1.5971,0.48,24.3341,31.4477,1.7348,5.8938,5.9081,2.2574,2.2783,22813.6294,22813.6294,12857.4992,498477.8155,498477.8155,4
4824,688268.SH,华特气体,20260928,124.14,2.5427,4.9061,0.79,117.1044,105.4736,5.9585,11.1721,9.8169,0.4528,0.4016,12768.2038,12768.2038,6617.4827,1585044.348,1585044.348,4
4825,688269.SH,凯立新材,20260928,26.1,1.292,1.7391,0.88,31.2807,33.6678,3.1997,1.6796,1.3348,1.9157,1.1494,13070.4,13070.4,9710.4,341137.44,341137.44,4
4826,688270.SH,ST臻镭,20260928,55.05,1.3207,1.8537,1.1,123.985,115.5691,7.0733,38.1936,36.9386,,,29951.4643,29951.4643,21339.4059,1648827.873,1648827.873,4
4827,688271.SH,联影医疗,20260928,105.88,1.0011,1.9633,2.47,46.6815,49.3485,3.9614,6.3232,5.8818,0.1973,0.2904,82415.7988,82415.7988,42023.4959,8726184.904,8726184.904,1
4828,688272.SH,富吉瑞,20260928,28.86,1.8184,3.8814,1.06,,,5.6861,10.4377,10.7644,,,7600.0,7600.0,3560.5475,219336.0,219336.0,4
4829,688273.SH,麦澜德,20260928,29.48,1.4037,3.5623,1.16,28.7246,39.0773,2.208,6.8305,7.6911,2.3224,2.6542,10000.0,10000.0,3940.4158,294800.0,294800.0,1
4830,688275.SH,万润新能,20260928,64.42,2.6796,4.4403,1.21,,19.8369,1.4472,0.707,0.417,,,12611.8463,12406.1188,7486.9138,812455.377,799202.2504,4
4831,688276.SH,百克生物,20260928,17.76,0.9872,2.965,0.55,,,1.9362,12.1416,11.7603,0.9516,,41365.7598,41365.7598,13772.0919,734655.8976,734655.8976,1
4832,688277.SH,天智航,20260928,15.23,0.9387,1.2257,0.79,,,5.9537,25.4787,27.4526,,,46644.4859,46644.4859,35722.5899,710395.5827,710395.5827,4
4833,688278.SH,特宝生物,20260928,51.6,0.4993,1.2668,0.73,20.4246,19.5048,6.7861,5.6994,5.2375,1.1975,1.1914,40818.948,40818.948,16089.6742,2106257.82,2106257.82,1
4834,688279.SH,峰岹科技,20260928,206.53,1.3634,2.8036,0.76,108.5914,78.8192,4.5428,30.7202,24.7711,0.3721,0.3777,11511.408,9355.808,4549.8727,2377451.5073,1932255.4393,4
4835,688280.SH,精进电动,20260928,4.87,2.4293,2.9131,1.12,19.1092,,5.1459,1.0534,1.191,,,59022.1667,52054.4145,43409.2401,287437.9192,253504.9767,4
4836,688281.SH,华秦科技,20260928,49.15,0.6069,1.1749,0.89,61.0478,56.3579,3.8763,15.0797,12.8349,0.8554,0.5028,38159.8945,38159.8945,19711.015,1875558.5935,1875558.5935,4
4837,688282.SH,理工导航,20260928,51.03,1.1241,3.1026,1.47,,,3.5393,15.1047,16.1941,,,8910.52,8910.52,3228.3611,454703.8356,454703.8356,4
4838,688283.SH,坤恒顺维,20260928,30.07,4.7182,9.3975,1.3,78.2925,81.7433,3.793,15.0912,15.3737,0.8586,0.8586,12180.0,12180.0,6115.2465,366252.6,366252.6,4
4839,688285.SH,XD高铁电,20260928,7.59,0.5258,2.1024,1.01,55.4986,51.4524,1.6628,2.4181,2.1456,0.2635,0.2899,37628.9913,37628.9913,9410.0,285604.0341,285604.0341,4
4840,688286.SH,敏芯股份,20260928,50.24,9.2,11.3874,1.49,109.3231,,3.7976,6.3407,6.981,,0.3818,7831.3521,7831.3521,6327.0485,393447.024,393447.024,4
4841,688288.SH,鸿泉技术,20260928,19.62,1.7797,3.2646,0.9,64.7854,,2.6544,2.8063,2.6977,,0.5097,9981.3704,9981.3704,5441.4723,195834.4794,195834.4794,4
4842,688289.SH,圣湘生物,20260928,16.6,0.753,1.3013,0.78,47.9747,71.0989,1.3645,5.8141,5.9381,3.2307,1.5723,57493.7804,57493.7804,33270.154,954396.748,954396.748,4
4843,688290.SH,景业智能,20260928,56.07,1.0117,2.2226,1.07,,,4.5288,28.6907,29.405,0.2041,0.0891,10218.9714,10218.9714,4651.5312,572977.6479,572977.6479,4
4844,688291.SH,金橙子,20260928,40.8,2.7588,8.4131,0.99,113.588,57.27,4.0873,16.5305,16.4843,0.4013,0.4894,10266.67,10266.67,3366.67,418880.136,418880.136,4
4845,688292.SH,浩瀚深度,20260928,21.89,5.1917,8.2603,0.77,,,3.6327,8.9414,9.0181,0.5422,0.2741,15835.0951,15835.0951,9952.5488,346630.339,346630.339,1
4846,688293.SH,奥浦迈,20260928,74.84,4.7443,6.8875,0.73,255.2084,83.0197,3.3878,29.9843,16.8689,0.4588,0.2672,14219.4199,11716.5698,8070.7278,1064181.3928,876868.0988,4
4847,688295.SH,中复神鹰,20260928,35.23,0.4624,2.3971,0.78,329.6491,205.3342,6.6584,14.4534,13.0234,,0.0937,90000.0,90000.0,17361.2864,3170700.0,3170700.0,4
4848,688296.SH,和达科技,20260928,24.56,7.957,13.837,1.04,,,4.7149,8.581,8.5287,,,10739.316,10739.316,6175.6494,263757.6992,263757.6992,4
4849,688297.SH,中无人机,20260928,42.08,0.8906,2.2152,0.86,320.6779,254.2263,5.1196,9.4182,6.7449,,0.4738,67500.0,67500.0,27138.477,2840400.0,2840400.0,4
4850,688298.SH,东方生物,20260928,18.96,0.7748,1.5062,0.76,,,0.6642,4.0346,3.7902,,,20160.0,20160.0,10370.2233,382233.6,382233.6,4
4851,688299.SH,长阳科技,20260928,12.95,1.4858,1.7927,0.72,,,1.895,3.4017,3.6632,,,28739.2894,28739.2894,23818.5969,372173.8055,372173.8055,4
4852,688300.SH,联瑞新材,20260928,145.69,4.3605,11.1497,0.96,120.2128,116.0988,20.2989,31.537,28.7037,0.264,0.3432,24146.919,24146.919,9443.552,3517964.7748,3517964.7748,4
4853,688301.SH,奕瑞科技,20260928,84.97,2.6628,3.5748,1.14,40.9691,36.9301,3.4505,11.8318,9.3274,0.5366,0.7935,31340.9395,31340.9395,23345.2742,2663039.6718,2663039.6718,4
4854,688302.SH,海创药业,20260928,31.87,1.1367,1.504,0.67,,,3.1322,154.1596,50.6739,,,9901.5598,9901.5598,7483.5693,315562.7172,315562.7172,4
4855,688303.SH,大全能源,20260928,15.5,0.3371,1.2795,0.81,,,0.8844,6.8312,8.2814,,,213244.2813,213244.2813,56172.4313,3305286.34,3305286.34,4
4856,688305.SH,科德数控,20260928,54.73,1.2226,2.2013,0.94,81.8795,97.4949,3.8079,13.1477,15.3969,0.3453,0.3847,13255.8603,13221.3778,7342.7778,725493.2178,723606.1274,4
4857,688306.SH,均普智能,20260928,9.86,1.2015,3.3203,0.71,990.752,840.0174,7.0224,4.731,4.3923,,0.0802,122828.28,122828.28,44449.3543,1211086.8408,1211086.8408,4
4858,688307.SH,中润光学,20260928,43.63,3.1939,4.4051,1.37,86.5459,73.4357,5.9732,8.2908,6.7149,0.7272,0.8135,12506.06,12506.06,9067.5141,545639.3978,545639.3978,4
4859,688308.SH,欧科亿,20260928,80.0,3.4846,4.6006,0.83,122.5989,26.8144,4.2328,8.7158,6.1643,0.186,0.31,15878.1708,15878.1708,12026.5272,1270253.6,1270253.6,4
4860,688309.SH,恒誉科技,20260928,74.66,2.3253,3.9508,0.98,177.3056,55.8657,7.0608,20.0668,12.3014,0.1179,0.2277,7940.1269,7940.1269,4673.2202,592810.1058,592810.1058,4
4861,688310.SH,迈得医疗,20260928,15.45,1.328,3.9341,0.82,39.0938,59.6895,3.2732,5.6744,5.4441,,1.5926,16432.46,16432.46,5547.012,253881.507,253881.507,4
4862,688311.SH,盟升电子,20260928,23.55,2.0484,3.1347,0.91,,,2.3463,7.8533,7.6459,,,17510.6991,17510.6991,11442.6163,412376.985,412376.985,4
4863,688312.SH,燕麦科技,20260928,49.17,8.5917,16.0684,1.05,53.0294,58.9228,4.8752,11.6956,12.073,0.9941,1.1123,14715.5079,14715.5079,7868.3166,723561.6267,723561.6267,4
4864,688313.SH,仕佳光子,20260928,145.5,3.4757,5.3556,0.87,176.6764,139.8146,38.3027,30.8878,24.9864,0.0412,0.2062,45198.6328,45198.6328,29333.5229,6576400.665,6576400.665,4
4865,688314.SH,康拓医疗,20260928,30.37,2.048,4.9391,1.04,25.1161,29.1315,3.3251,7.0613,7.0483,1.2453,1.5426,8162.8272,8162.8272,3384.652,247905.1471,247905.1471,4
4866,688315.SH,诺禾致源,20260928,20.06,7.0012,17.971,0.99,50.0097,55.1669,3.1141,3.7784,3.6564,0.2426,0.2183,41620.0,41620.0,16214.3419,834897.2,834897.2,4
4867,688316.SH,青云科技,20260928,44.7,2.7246,3.4444,0.62,,,68.6709,9.3862,9.9394,,,4789.8129,4789.8129,3788.8294,214104.507,214104.507,4
4868,688317.SH,之江生物,20260928,18.24,1.902,3.0376,0.64,,,1.062,27.7422,29.2156,,,18984.3712,18984.3712,11887.2152,346274.9088,346274.9088,4
4869,688318.SH,财富趋势,20260928,75.73,1.0588,3.4174,0.66,86.0939,90.3649,7.089,73.7691,76.167,0.3369,0.3584,35856.726,35856.726,11109.1902,2715430.1629,2715430.1629,4
4870,688319.SH,欧林生物,20260928,30.8,1.8515,2.7475,0.71,560.9401,,14.3636,17.7326,16.4377,,,40540.93,40540.93,27319.7923,1248660.644,1248660.644,4
4871,688320.SH,禾川科技,20260928,35.25,3.5736,4.8551,1.21,,,4.2894,5.2327,4.4082,,,15101.3668,15101.3668,11115.4237,532323.2925,532323.2925,4
4872,688321.SH,微芯生物,20260928,25.21,1.7637,2.2663,0.77,219.1276,120.3974,4.6023,12.2701,10.6684,,0.2298,44294.1642,44294.1642,34470.1455,1116655.7736,1116655.7736,4
4873,688322.SH,奥比中光,20260928,85.75,1.7229,2.5999,1.0,276.7617,323.7046,8.8642,37.6304,37.5451,,,41283.4732,32026.3792,21223.1719,3540057.5525,2746262.085,4
4874,688323.SH,瑞华泰,20260928,24.18,5.2644,8.5778,1.09,,,3.9984,12.5299,11.2585,,,20039.8287,20039.8287,12298.8534,484563.0894,484563.0894,4
4875,688325.SH,赛微微电,20260928,110.96,1.5886,2.9029,2.02,98.56,107.5993,5.6807,19.6339,18.6359,0.8771,1.1402,8646.6427,8218.1375,4497.3445,959431.474,911884.537,1
4876,688326.SH,经纬恒润,20260928,56.3,0.911,1.7577,1.16,67.3605,,1.8156,0.986,1.0288,,0.4999,11993.232,11162.3521,5785.321,675218.849,628440.305,4
4877,688327.SH,云从科技,20260928,9.68,1.9557,1.9557,1.05,,,13.9268,20.1098,23.3098,,,103997.5329,83486.7849,83486.7849,1006696.0904,808152.0304,4
4878,688328.SH,深科达,20260928,74.37,5.2192,7.2677,1.03,287.6803,107.6392,8.0037,10.4469,9.3908,,0.2151,9445.6295,9445.6295,6783.2186,702471.5031,702471.5031,4
4879,688329.SH,艾隆科技,20260928,23.37,2.3794,3.9112,1.03,97.1966,139.0357,2.333,4.0839,3.6292,,1.0647,7720.0,7720.0,4696.4088,180416.4,180416.4,1
4880,688330.SH,宏力达,20260928,36.83,0.9948,1.9386,0.79,8.0868,6.2149,1.1177,7.9281,7.7969,0.9146,1.2427,14000.0,14000.0,7184.3479,515620.0,515620.0,4
4881,688331.SH,荣昌生物,20260928,115.34,1.4849,2.5215,0.72,91.745,11.1839,7.8309,20.0264,8.1319,,,56447.7483,35589.6244,20958.4695,6510683.485,4104906.7708,4
4882,688332.SH,中科蓝讯,20260928,87.87,3.238,8.6283,1.34,11.0802,8.8911,2.754,8.5164,8.1047,0.7671,1.5379,17848.5336,17848.5336,6698.0677,1568350.3311,1568350.3311,4
4883,688333.SH,铂力特,20260928,100.0,5.1573,7.2672,1.27,134.6068,153.5787,5.2321,14.8149,14.0336,0.11,0.1101,27432.2174,27432.2174,19467.7546,2743222.0,2743222.0,4
4884,688334.SH,西高院,20260928,17.73,0.3667,1.145,1.5,22.5672,21.9953,1.8814,6.4668,6.312,2.6565,2.5324,31657.9466,31217.1069,9998.6609,561295.4535,553479.3603,4
4885,688335.SH,复洁科技,20260928,17.03,1.5471,2.7145,1.34,233.5162,,2.2654,7.3522,7.4749,1.1613,1.1613,14803.4592,14803.4592,8437.2074,252102.9238,252102.9238,4
4886,688336.SH,三生国健,20260928,39.2,0.6226,3.8509,0.71,12.1174,11.4054,4.1313,8.3665,7.9434,0.2159,0.8496,89622.5429,89622.5429,14490.8684,3513203.568,3513203.568,4
4887,688337.SH,普源精电,20260928,51.62,10.2707,28.2386,1.66,131.1292,105.4807,3.6217,12.5391,10.9369,0.7744,0.7728,21867.6617,18607.8754,6767.8754,1128809.1254,960538.7656,4
4888,688338.SH,赛科希德,20260928,31.98,1.8577,3.3776,1.13,37.8856,40.3526,1.9905,12.8946,13.1951,1.0108,0.7964,10614.24,10614.24,5837.955,339443.3952,339443.3952,1
4889,688339.SH,亿华通,20260928,18.49,4.3368,5.3287,1.43,,,2.3703,17.2023,17.0694,,,24053.2081,19578.7119,15934.265,444743.8529,362010.3479,1
4890,688343.SH,云天励飞,20260928,61.93,2.8018,4.0182,0.76,,,6.2462,16.6285,16.7551,,,35960.338,35960.338,25074.1215,2227023.8562,2227023.8562,4
4891,688345.SH,博力威,20260928,44.97,1.8426,6.2699,2.39,81.9838,49.6097,3.6139,1.6749,1.4565,,0.4402,10187.234,10138.614,2979.558,458119.7331,455933.2917,4
4892,688347.SH,华虹宏力,20260928,213.76,3.0363,3.1725,0.81,1094.5899,587.9489,8.718,23.8404,21.8715,,,192849.4794,40775.0,39024.1483,41223504.8448,8716064.0,4
4893,688348.SH,昱能科技,20260928,29.8,0.8381,2.0612,1.3,,,1.4268,3.9215,5.569,1.3273,,15627.7435,15627.7435,6354.1058,465706.652,465706.652,4
4894,688349.SH,三一重能,20260928,12.85,0.482,2.0159,0.96,28.7476,27.8446,1.4655,0.7478,0.6953,3.5744,2.2103,159333.6255,156618.8095,37443.2725,2047437.1455,2012551.7085,4
4895,688350.SH,富淼科技,20260928,28.58,1.8106,2.7955,0.98,269.1544,941.9594,2.2171,2.9466,2.9644,,0.2549,14324.4628,14324.4628,9277.8718,409393.0668,409393.0668,4
4896,688351.SH,微电生理,20260928,17.05,0.4872,1.6372,0.66,157.0746,137.1591,4.4236,17.2727,15.549,,0.1232,47060.0,47060.0,14003.168,802373.0,802373.0,4
4897,688352.SH,颀中科技,20260928,17.67,6.953,6.953,1.2,79.0838,,3.6447,9.5969,9.7502,0.5636,0.5615,118957.1873,36641.5708,36641.5708,2101973.4996,647456.556,4
4898,688353.SH,华盛锂电,20260928,78.96,2.1166,4.5764,1.3,950.0285,42.0468,3.4497,14.4845,9.5985,,,15950.0,15950.0,7377.1207,1259412.0,1259412.0,4
4899,688355.SH,明志科技,20260928,16.73,0.9197,2.9174,1.12,25.9594,39.383,1.9565,3.9095,4.2332,2.6782,2.9758,12395.6072,12395.6072,3907.6756,207378.5553,207378.5553,4
4900,688356.SH,键凯科技,20260928,99.45,9.9709,16.3371,0.85,97.759,141.7056,4.6424,18.9545,16.1468,0.1505,0.311,6065.07,6065.07,3701.6639,603171.2115,603171.2115,1
4901,688357.SH,建龙微纳,20260928,26.68,1.1507,1.8246,1.55,27.096,30.503,1.5338,3.1757,3.1212,0.7496,1.1244,10005.9875,10005.9875,6310.1075,266959.8132,266959.8132,4
4902,688358.SH,祥生医疗,20260928,28.8,0.6683,2.2631,0.92,27.7187,27.8955,2.3605,7.4097,7.3208,3.4645,3.0556,11212.5613,11197.5613,3306.7651,322921.728,322489.728,4
4903,688359.SH,三孚新科,20260928,102.76,4.348,7.0614,1.01,,,14.2182,22.3722,17.917,,,9968.0147,9968.0147,6137.8147,1024312.7076,1024312.7076,4
4904,688360.SH,德马科技,20260928,16.19,2.2581,4.433,1.15,44.8713,46.2779,2.8499,2.5339,2.3269,0.6618,0.6794,26374.5667,26374.5667,13435.2156,427004.2883,427004.2883,4
4905,688361.SH,中科飞测,20260928,361.24,2.4536,3.3628,1.03,2168.28,,25.0239,61.937,55.4831,,,35205.1671,35205.1671,25686.5908,12717515.6108,12717515.6108,4
4906,688362.SH,甬矽电子,20260928,56.8,3.2689,5.0527,0.74,314.9828,283.6073,6.7207,5.8529,5.3637,,,45322.389,45322.389,29321.455,2574311.752,2574311.752,4
4907,688363.SH,华熙生物,20260928,34.3,0.4339,1.053,0.71,56.5693,73.7582,2.3302,3.9346,4.4718,0.3185,0.5501,48167.8242,48167.8242,19847.6321,1652156.226,1652156.226,4
4908,688365.SH,光云科技,20260928,15.22,3.5889,8.5387,0.57,,,6.7297,11.5198,10.761,,,42629.0684,42629.0684,17917.3832,648814.4454,648814.4454,4
4909,688366.SH,昊海生科,20260928,29.82,0.1799,0.4003,0.73,27.1854,44.7252,1.2868,2.7593,2.9066,3.287,2.7939,22883.2195,19405.1855,8720.3855,682377.6204,578662.7658,4
4910,688367.SH,工大高科,20260928,29.52,1.4879,2.1615,0.94,256.7355,372.8776,4.3871,13.0924,13.5767,0.3726,0.3726,8762.46,8762.46,6031.589,258667.8192,258667.8192,4
4911,688368.SH,晶丰明源,20260928,129.59,3.8842,10.1095,1.05,741.8376,248.2557,5.2575,16.8245,11.5303,0.1645,0.5483,20380.6892,12695.2363,4877.6081,2641133.6171,1645176.1516,4
4912,688369.SH,致远互联,20260928,19.36,1.9767,2.5041,0.67,,,3.0452,2.4697,2.3939,,,11521.8071,11521.8071,9095.3421,223062.2416,223062.2416,4
4913,688370.SH,丛麟科技,20260928,28.59,0.9674,2.8398,0.97,169.2116,98.238,1.4924,7.4479,7.5686,1.2592,0.7291,13710.7879,13710.7879,4670.5477,391991.4861,391991.4861,1
4914,688371.SH,菲沃泰,20260928,22.82,2.523,6.2546,1.29,253.405,,4.0002,14.467,15.9593,,0.2128,33547.2356,33547.2356,13532.3022,765548.0168,765548.0168,4
4915,688372.SH,伟测科技,20260928,105.0,4.3247,5.9269,1.0,58.5248,49.0954,4.197,11.269,8.8183,0.2187,0.521,16899.653,16899.653,12331.1034,1774463.25,1774463.25,4
4916,688373.SH,盟科药业,20260928,5.66,2.1217,3.2883,0.58,,,22.7943,26.1986,22.602,,,65622.838,65622.838,42342.3871,371425.2744,371425.2744,4
4917,688375.SH,国博电子,20260928,65.77,0.5246,1.7556,1.13,77.2372,96.9564,6.2108,16.4291,17.8054,0.6082,0.6477,59601.49,59601.49,17811.3066,3919989.9973,3919989.9973,4
4918,688376.SH,美埃科技,20260928,57.43,1.2987,2.7709,1.37,64.1446,72.9595,3.8984,4.0266,3.7459,0.3461,0.2612,13525.1944,13525.1944,6339.0616,776751.6617,776751.6617,4
4919,688377.SH,迪威尔,20260928,16.91,1.0937,1.7059,1.04,33.0907,39.173,2.0947,3.2712,3.241,0.6875,0.9856,23357.1267,23357.1267,14975.0267,394969.0683,394969.0683,4
4920,688378.SH,奥来德,20260928,47.47,4.0457,5.6862,0.9,171.6532,56.1279,5.9095,21.5115,16.3911,0.4143,0.4173,26142.5164,26142.5164,18600.1899,1240985.4244,1240985.4244,4
4921,688379.SH,华光新材,20260928,54.66,7.8048,12.7744,1.54,27.6035,33.1555,3.63,2.0312,1.4189,0.72,1.0928,9497.8561,9497.8561,5802.8841,519153.0276,519153.0276,4
4922,688380.SH,中微半导,20260928,40.29,1.6735,3.9997,0.63,56.762,43.6751,4.9968,14.3748,12.0023,0.6182,0.7418,40036.5,40036.5,16751.08,1613070.585,1613070.585,4
4923,688381.SH,帝奥微,20260928,41.65,4.9132,6.6068,0.94,,134.269,3.8765,18.341,21.2646,0.4971,0.2255,24750.0,24750.0,18405.5508,1030837.5,1030837.5,4
4924,688382.SH,益方生物,20260928,17.65,2.788,3.8293,1.51,,,7.2494,274.3334,143.1843,,,57959.2004,57959.2004,42198.6102,1022979.88,1022979.88,4
4925,688383.SH,新益昌,20260928,128.78,2.7554,8.5803,1.07,,,10.215,18.0093,15.0173,0.1544,,10164.65,10164.65,3264.1425,1309003.627,1309003.627,4
4926,688385.SH,复旦微电,20260928,56.95,2.2649,3.6019,0.75,201.908,52.8348,6.7165,11.7799,10.7374,0.1399,0.1018,82371.925,53938.925,33916.0626,4691081.4135,3071822.0635,4
4927,688386.SH,泛亚微透,20260928,45.88,2.8796,4.0922,0.92,42.0928,53.5857,3.0556,6.323,5.8048,0.1532,0.7629,9960.8958,9960.8958,7009.3392,457006.092,457006.092,4
4928,688387.SH,信科移动,20260928,11.53,0.9763,2.8555,1.16,,,6.6202,6.4146,6.4122,,,341875.0,341875.0,116884.1419,3941818.75,3941818.75,4
4929,688388.SH,嘉元科技,20260928,27.26,5.5616,6.9383,0.66,315.461,44.6918,2.1546,1.8654,1.3635,,0.1135,65990.7307,65990.7307,52897.1915,1798907.2998,1798907.2998,4
4930,688389.SH,普门科技,20260928,11.16,0.4304,0.6797,0.97,25.9574,33.6947,2.3015,4.6076,4.2135,2.5269,2.5269,42848.573,42848.573,27134.0385,478190.0412,478190.0412,1
4931,688390.SH,固德威,20260928,54.67,2.7366,4.0837,1.16,98.5191,30.3471,4.342,1.4952,1.2025,,,24312.3131,24312.3131,16292.2871,1329153.9877,1329153.9877,4
4932,688391.SH,钜泉科技,20260928,26.42,1.2937,2.5884,1.16,71.2718,161.019,1.655,5.671,5.6046,2.2615,1.1352,11562.352,11562.352,5779.1524,305477.287,305477.287,4
4933,688392.SH,骄成超声,20260928,159.4,2.2253,3.5816,0.62,156.9405,113.5568,9.7507,23.8333,20.5555,0.3364,0.367,11573.336,11573.336,7190.7447,1844790.396,1844790.396,4
4934,688393.SH,安必平,20260928,22.16,2.3248,3.8913,0.58,,,1.8235,6.0197,5.8152,0.4513,0.4513,9356.7699,9356.7699,5589.9955,207346.021,207346.021,4
4935,688395.SH,正弦电气,20260928,25.73,2.9455,6.9275,1.44,55.6058,51.2492,2.8143,5.0419,4.6477,0.583,0.6996,8659.772,8659.772,3682.012,222815.8821,222815.8821,4
4936,688396.SH,华润微,20260928,56.31,1.1331,3.3502,0.95,113.2273,71.6291,3.186,6.7661,6.2513,0.1491,0.1367,132821.068,132821.068,44922.8534,7479154.4517,7479154.4517,4
4937,688398.SH,赛特新材,20260928,22.68,1.0381,1.8768,0.51,157.3653,276.4657,3.725,3.8255,3.7405,0.4387,0.2193,16781.4205,16781.4205,9282.7365,380602.6056,380602.6056,4
4938,688399.SH,硕世生物,20260928,26.98,1.3529,2.2573,0.78,,,1.1377,9.8778,10.7723,8.5148,,12413.0147,12413.0147,7439.6677,334903.0098,334903.0098,4
4939,688400.SH,凌云光,20260928,41.4,2.8326,5.3482,1.73,122.069,27.2902,2.5095,6.7645,6.5765,0.0577,0.2037,47574.9645,47574.9645,25197.206,1969603.344,1969603.344,4
4940,688401.SH,路维光电,20260928,64.96,2.9061,4.261,0.91,52.9431,45.9861,7.9722,11.5482,10.4284,0.432,0.5772,20536.9728,19334.9575,13186.9575,1334081.7531,1255998.8392,4
4941,688403.SH,汇成股份,20260928,22.4,5.26,7.116,1.19,143.7686,349.2046,4.9369,12.4754,11.8606,0.3528,0.2227,99309.8171,99309.8171,73408.6948,2224539.968,2224539.968,4
4942,688408.SH,中信博,20260928,22.34,0.9455,1.5966,0.76,,,1.2594,0.7108,0.8497,4.4342,,21906.5886,21906.5886,12973.0838,489393.2206,489393.2206,4
4943,688409.SH,富创精密,20260928,176.8,1.8414,3.1972,0.86,,477.9105,11.687,15.2784,13.0855,0.0844,,30621.0771,30621.0771,17635.7651,5413806.944,5413806.944,4
4944,688410.SH,山外山,20260928,9.54,1.4124,2.4553,0.71,29.2598,23.0464,2.3567,5.2901,4.6734,0.7488,1.4975,44744.087,44744.087,25738.2228,426858.6186,426858.6186,4
4945,688411.SH,海博思创,20260928,155.1,1.5289,1.6439,0.89,29.7506,22.3256,5.4695,2.437,2.114,0.7,1.0251,18245.4836,13257.4276,12330.2008,2829875.499,2056227.393,4
4946,688416.SH,恒烁股份,20260928,73.24,4.4088,6.2547,0.8,,71.2288,5.5182,16.6463,9.5334,,,10788.0694,10788.0694,7604.2191,790118.2468,790118.2468,4
4947,688418.SH,震有科技,20260928,30.19,1.8024,2.6382,1.39,,,7.9476,6.6297,7.4498,,,19255.4634,19255.4634,13155.2172,581322.3374,581322.3374,4
4948,688419.SH,耐科装备,20260928,48.9,2.4956,5.7313,1.02,69.7293,63.7159,5.3777,18.9943,16.4065,0.5811,0.8133,11455.1669,11455.1669,4987.8833,560157.813,560157.813,4
4949,688420.SH,美腾科技,20260928,22.85,1.1549,2.1785,1.16,,,1.4389,3.9488,4.5529,0.6355,,8843.0,8843.0,4687.95,202062.55,202062.55,1
4950,688425.SH,铁建重工,20260928,3.91,0.1938,0.6994,1.11,14.0617,16.6533,1.1183,2.076,2.1992,2.1739,2.1483,533349.7,533349.7,147795.7,2085397.327,2085397.327,4
4951,688426.SH,康为世纪,20260928,21.25,3.5507,10.2732,1.3,,,1.8131,12.3527,10.8945,,,11249.3716,11222.7568,3878.8768,239049.1125,238483.65,4
4952,688428.SH,诺诚健华,20260928,28.63,7.0552,7.0552,1.0,78.8619,55.137,6.6049,21.334,18.2218,,,176968.8139,27340.3904,27340.3904,5066617.0303,782755.3657,4
4953,688429.SH,时创能源,20260928,9.8,0.3001,1.3737,1.06,,,3.4669,3.8509,3.5632,,,40000.08,40000.08,8738.7235,392000.784,392000.784,4
4954,688432.SH,有研硅,20260928,53.15,4.6677,18.2071,0.85,317.5332,281.0542,14.5619,66.1068,59.2514,0.1123,0.1032,125030.1858,125030.1858,32053.8958,6645354.5985,6645354.5985,4
4955,688433.SH,华曙高科,20260928,81.34,1.1884,3.7462,1.02,489.8611,463.4889,15.7723,47.2462,41.3932,0.0599,0.0627,41557.7547,41557.7547,13183.0299,3380307.385,3380307.385,4
4956,688435.SH,英方软件,20260928,29.72,3.2994,3.7757,0.69,,,2.3062,13.1649,14.003,,,8350.0,5604.815,4897.7269,248162.2972,166575.2504,4
4957,688439.SH,振华风光,20260928,36.86,0.9112,2.15,1.02,43.3543,75.353,1.4781,9.5539,12.0708,0.4422,0.4612,20000.0,20000.0,8476.1041,737200.0,737200.0,4
4958,688443.SH,智翔金泰,20260928,24.24,2.3725,2.3725,0.77,,,6.9356,38.5231,26.2629,,,36668.0,14339.0,14339.0,888832.32,347577.36,4
4959,688448.SH,磁谷科技,20260928,62.49,3.8168,7.3437,1.82,612.3117,912.7463,5.94,16.5503,16.1683,0.352,,9751.894,9751.894,5068.4186,609395.6061,609395.6061,4
4960,688449.SH,联芸科技,20260928,57.25,2.2369,4.1347,1.02,185.251,43.4876,10.8287,19.8436,16.7577,,0.0873,46000.0,29320.4135,15862.3913,2633500.0,1678593.4725,4
4961,688450.SH,光格科技,20260928,31.94,2.7163,3.9625,1.14,,,2.272,9.7754,9.5219,,,6600.0,4893.0672,3354.1878,210804.0,156284.6558,4
4962,688455.SH,科捷智能,20260928,17.69,1.5188,2.979,1.29,97.5927,23.9258,2.8618,1.2998,1.1757,,,16803.0666,16803.0666,8566.5148,297246.3083,297246.3083,4
4963,688456.SH,有研粉材,20260928,70.19,5.0224,7.4344,0.79,104.0449,81.2746,5.6691,1.8639,1.537,0.2849,0.3377,10366.0,10366.0,7002.875,727589.54,727589.54,4
4964,688458.SH,美芯晟,20260928,37.7,2.174,2.3954,1.15,,,2.3089,7.5747,7.4033,,,11153.6629,9373.1589,8506.8541,420492.982,353368.132,4
4965,688459.SH,哈铁科技,20260928,8.21,0.2166,0.5921,1.42,35.4741,53.0211,1.1591,3.4885,3.6933,1.5834,1.4616,48000.0,48000.0,17558.4968,394080.0,394080.0,4
4966,688466.SH,金科环境,20260928,13.97,1.065,2.326,1.17,45.1618,84.2939,1.5121,3.2602,3.7457,2.9349,2.0544,12215.4152,12215.4152,5593.1044,170649.4174,170649.4174,4
4967,688468.SH,科美诊断,20260928,6.54,0.9133,1.3315,1.04,59.738,74.7197,1.839,7.8852,8.1335,1.8803,,40110.8,40110.8,27510.7994,262324.632,262324.632,1
4968,688469.SH,芯联集成,20260928,8.6,1.6739,2.202,1.19,,,5.3993,8.8134,7.7964,,,838268.7172,589056.7475,447783.3275,7209110.992,5065888.05,1
4969,688472.SH,阿特斯,20260928,8.18,0.626,1.6922,0.78,29.3382,50.9966,1.3112,0.7403,0.9316,1.1289,1.1913,364314.0112,364314.0112,134765.4391,2980088.6018,2980088.6018,4
4970,688475.SH,萤石网络,20260928,27.21,0.57,2.9521,1.48,37.8199,31.8039,3.6411,3.6311,3.5239,1.2863,1.47,78750.0,78750.0,15204.4162,2142787.5,2142787.5,4
4971,688478.SH,晶升股份,20260928,48.68,5.2111,8.409,0.87,,,4.4833,58.3047,77.9383,0.5087,,13836.6096,13836.6096,8574.5753,673566.1748,673566.1748,4
4972,688479.SH,友车科技,20260928,34.76,2.6599,3.3887,0.92,164.0055,183.5599,3.7877,13.6888,14.0798,1.0186,0.5295,20132.436,8652.436,6791.556,699803.6144,300758.8144,4
4973,688480.SH,赛恩斯,20260928,64.8,1.4858,3.2583,1.53,59.2777,50.2495,5.1222,5.1136,4.6288,0.9545,0.6363,9709.6099,9709.6099,4427.5527,629182.728,629182.728,4
4974,688484.SH,南芯科技,20260928,32.71,1.3373,1.8809,0.95,58.8959,197.7357,3.493,4.3099,4.2114,0.6034,0.7577,42961.0678,42961.0678,30543.9922,1405256.5997,1405256.5997,4
4975,688485.SH,九州一轨,20260928,105.4,6.5449,7.2734,1.22,,,12.8097,69.6592,67.7074,0.0212,,15029.2062,15029.2062,13523.9443,1584078.734,1584078.734,4
4976,688486.SH,龙迅股份,20260928,47.1,3.0713,6.0822,0.96,51.1974,48.1784,5.7879,15.4903,14.2045,0.8065,1.5699,18687.1209,18686.2347,9435.9003,880163.352,880121.433,4
4977,688488.SH,艾迪药业,20260928,15.69,1.4202,2.7262,0.69,,,7.2168,9.1801,9.1373,,,42078.2808,42078.2808,21920.9464,660208.2132,660208.2132,4
4978,688489.SH,三未信安,20260928,27.27,1.9273,4.1244,0.98,,,2.6057,8.3474,8.1361,0.2746,,16957.8545,16827.7447,7863.4984,462440.5695,458892.4698,1
4979,688498.SH,源杰科技,20260928,1591.43,3.1519,4.3871,1.27,1037.761,263.569,63.0659,329.4349,149.9156,0.0216,0.093,12450.0377,12289.2144,8829.049,19813351.2429,19557417.4703,4
4980,688499.SH,利元亨,20260928,37.0,3.7583,5.8027,1.03,121.208,109.4372,2.6378,2.0287,1.7795,,,16872.851,16872.851,10928.2183,624295.45,624295.45,4
4981,688500.SH,慧辰股份,20260928,30.2,2.1713,3.2462,0.66,,,3.2266,4.5421,4.496,,,7595.7838,7491.7438,5011.1623,229392.556,226250.548,4
4982,688501.SH,青达环保,20260928,15.21,2.5085,4.1459,0.65,15.1214,22.2606,2.3191,1.3166,1.5784,1.1166,1.3149,17391.64,17391.64,10522.9732,264526.8444,264526.8444,4
4983,688502.SH,茂莱光学,20260928,408.3,2.86,7.7902,1.12,465.3239,135997.8195,18.1926,31.1989,26.9699,0.0829,0.0683,5280.0852,5280.0852,1938.4852,2155858.7872,2155858.7872,4
4984,688503.SH,聚和材料,20260928,71.49,4.582,5.6591,0.64,41.2289,113.4398,3.5966,1.1857,0.9224,0.5779,0.5779,24203.3643,24203.3643,19596.6203,1730298.2064,1730298.2064,4
4985,688505.SH,复旦张江,20260928,8.28,1.1888,2.3435,0.64,,,3.987,12.5151,12.8497,0.3623,,103657.21,71057.21,36045.6576,858281.6988,588353.6988,4
4986,688506.SH,百利天恒,20260928,239.53,0.374,1.7096,0.74,,,21.4505,39.2425,38.9929,,,41287.3817,41287.3817,9031.5984,9889566.1314,9889566.1314,1
4987,688507.SH,索辰科技,20260928,132.5,5.319,5.319,0.94,374.7964,,4.3531,25.3471,24.5365,0.2793,0.2494,8910.8784,4923.573,4923.573,1180691.6,652373.025,4
4988,688508.SH,芯朋微,20260928,78.5,4.5071,5.9263,1.18,55.7969,41.0252,3.5916,9.0967,8.8709,0.4966,0.5669,13242.0346,13242.0346,10070.8742,1039499.355,1039499.355,4
4989,688509.SH,正元地信,20260928,4.15,1.1868,1.1868,1.14,,,3.019,5.7077,6.3325,,,77000.0,38479.22,38479.22,319550.0,159688.763,0
4990,688510.SH,航亚科技,20260928,23.75,2.3329,3.134,0.95,60.5624,67.084,5.0789,8.8621,8.8089,0.8371,0.8408,25992.2608,25992.2608,19348.3565,617316.175,617316.175,4
4991,688511.SH,天微电子,20260928,22.25,1.313,2.9128,1.17,87.1384,372.0654,3.6386,19.8029,31.0747,,1.0372,13367.7885,13367.7885,6025.8672,297433.3275,297433.3275,4
4992,688512.SH,慧智微,20260928,16.59,14.3341,14.349,1.46,,,5.123,9.7183,8.5162,,,47289.6548,32726.7496,32692.7496,784535.4594,542936.7825,4
4993,688513.SH,苑东生物,20260928,49.5,0.9438,1.7933,0.68,30.7624,31.5191,2.979,6.5633,6.5415,0.8559,0.9777,17653.2256,17653.2256,9290.4756,873834.885,873834.885,4
4994,688515.SH,裕太微,20260928,143.73,5.4777,6.1678,0.97,,,7.9945,18.6482,15.9899,,,8000.0,4981.94,4424.558,1149840.0,716054.2362,4
4995,688516.SH,奥特维,20260928,42.41,2.0903,3.4551,1.01,30.0304,30.6919,3.669,2.0867,2.327,4.9638,2.5971,31476.0458,31476.0458,19042.9593,1334899.2805,1334899.2805,4
4996,688517.SH,金冠电气,20260928,16.9,2.5876,4.3325,1.35,28.5579,40.6432,3.0907,3.1606,3.3399,3.2309,2.8536,13661.3184,13661.3184,8159.2895,230876.308,230876.308,1
4997,688518.SH,联赢激光,20260928,20.25,3.4667,4.0132,1.19,41.3227,33.2734,2.0903,2.1193,1.9917,0.7407,1.1358,34132.5095,34132.5095,29484.9493,691183.3275,691183.3275,4
4998,688519.SH,南亚新材,20260928,275.4,1.8383,4.377,0.68,269.5016,105.4516,19.7843,12.3892,9.0631,0.0348,0.1126,23518.0442,23518.0442,9877.2953,6476868.216,6476868.216,4
4999,688520.SH,神州细胞,20260928,35.19,0.5299,1.7218,0.6,,,,10.6086,13.2672,,,47033.5714,44533.5714,13706.1564,1655111.3283,1567136.3283,4
5000,688521.SH,芯原股份,20260928,193.0,3.2585,4.3219,0.82,,,34.6956,32.1978,25.1106,,,52591.5273,52591.5273,39651.5717,10150165.29,10150165.29,4
5001,688522.SH,纳睿雷达,20260928,17.9,1.8409,1.8726,0.88,69.3323,66.314,3.2216,16.4688,14.0453,0.4841,0.2392,42404.2526,17218.4486,16926.2455,759036.075,308210.255,4
5002,688523.SH,航天环宇,20260928,38.07,0.6698,2.6349,0.97,325.4375,918.3229,9.2023,33.7991,37.9959,,,40688.0,40688.0,10342.8213,1548992.16,1548992.16,4
5003,688525.SH,佰维存储,20260928,198.25,3.4322,4.1682,0.79,110.8183,11.4662,7.4433,8.3638,4.1163,,0.3208,47683.2022,47683.2022,39263.8222,9453194.4,9453194.4,4
5004,688526.SH,科前生物,20260928,12.13,0.1524,0.5605,0.79,13.5033,17.9753,1.4024,5.9533,6.7611,3.5281,5.2762,46612.8056,46612.8056,12677.3149,565413.3853,565413.3853,4
5005,688528.SH,秦川物联,20260928,10.28,1.3655,4.0518,1.31,,,3.9826,6.3962,6.0044,,,16800.0,16800.0,5661.896,172704.0,172704.0,4
5006,688529.SH,豪森智能,20260928,15.1,1.2455,2.2309,1.35,,,3.832,1.7216,1.866,,,16817.5953,16817.5953,9389.1785,253945.76,253945.76,4
5007,688530.SH,欧莱新材,20260928,57.45,9.4181,9.4181,0.76,,252.8432,10.4979,16.836,10.9947,0.1131,,16004.4824,6977.8764,6977.8764,919457.9505,400879.206,4
5008,688531.SH,日联科技,20260928,126.6,4.145,4.4478,1.2,119.0865,94.7445,6.1125,19.4486,15.7278,0.3249,0.4705,16559.3939,11477.8827,10696.3834,2096418.774,1453099.608,4
5009,688533.SH,上声电子,20260928,19.89,0.5607,2.0293,0.78,17.9709,23.8506,1.8826,1.0857,1.0653,2.2331,1.7597,16498.7109,16498.7109,4558.7121,328159.3419,328159.3419,4
5010,688535.SH,华海诚科,20260928,101.31,4.6747,6.5203,0.71,598.5081,289.3639,6.5013,31.6885,19.4116,0.1107,0.066,14327.405,13353.3781,9573.6961,1451509.9071,1352830.9278,4
5011,688536.SH,思瑞浦,20260928,342.42,2.2755,3.5392,1.07,273.3066,113.91,7.1407,22.0718,16.8931,,0.045,13807.5483,13564.8979,8721.3325,4727981.271,4644893.058,4
5012,688538.SH,和辉光电,20260928,2.04,0.9078,1.168,1.1,,,3.9319,5.1214,5.1958,,,1380943.7625,575223.5725,447079.1963,2817125.2704,1173456.0828,4
5013,688539.SH,高华科技,20260928,23.92,1.0605,2.3266,0.78,74.2304,,2.615,10.9631,12.4238,0.8267,0.8267,18592.0,18592.0,8475.0,444720.64,444720.64,4
5014,688543.SH,国科军工,20260928,41.98,2.3,4.1421,0.85,42.6639,46.0342,4.5545,7.4599,7.6414,1.4888,1.7866,25061.0433,25061.0433,13915.4433,1052062.4592,1052062.4592,4
5015,688545.SH,兴福电子,20260928,72.0,4.4726,5.0676,0.82,125.3278,114.935,8.7272,17.5731,14.6529,0.2778,0.4167,36000.0,18225.0,16085.0,2592000.0,1312200.0,4
5016,688548.SH,广钢气体,20260928,31.64,2.0053,3.5556,0.73,146.1321,98.4497,6.7545,17.2183,15.7936,0.2623,0.3065,131939.8521,131939.8521,74412.7132,4174576.854,4174576.854,4
5017,688549.SH,中巨芯,20260928,21.99,2.6292,7.6532,0.7,,,10.7662,26.8134,22.5011,0.0227,,147727.6,147727.6,50751.5462,3248529.924,3248529.924,4
5018,688550.SH,瑞联新材,20260928,36.28,1.6119,2.6758,0.88,20.6536,23.4627,1.9238,3.8107,3.7696,1.5897,2.7801,17606.8116,17384.4438,10472.2801,638775.1248,630707.6211,4
5019,688551.SH,XD科威尔,20260928,38.28,4.8964,9.1373,1.21,65.2437,86.8975,3.1823,8.1394,8.2531,0.7982,0.8562,10899.4609,10899.4609,5840.6228,417231.3288,417231.3288,4
5020,688552.SH,航天南湖,20260928,29.07,0.6264,1.8367,0.77,306.8356,,3.7973,12.1005,14.1753,,0.0998,33724.8,33724.8,11502.4201,980379.936,980379.936,4
5021,688553.SH,汇宇制药,20260928,12.09,2.6569,3.5696,0.81,,66.7252,2.0288,7.5812,6.8988,2.5798,1.1139,62590.0859,50741.1652,37766.5428,756714.1881,613460.7453,4
5022,688556.SH,高测股份,20260928,7.57,1.617,2.0086,0.89,,,1.8241,1.7231,1.6632,1.5649,,83077.3934,83077.3934,66879.8679,628895.8423,628895.8423,4
5023,688557.SH,兰剑智能,20260928,20.71,0.9027,1.67,0.77,28.061,27.4314,2.5125,2.0448,2.0079,1.098,1.0897,14832.2528,14832.2528,8017.4398,307175.8975,307175.8975,4
5024,688558.SH,国盛智科,20260928,33.65,1.1154,3.4423,1.14,28.2461,26.3165,2.5958,3.4997,3.2624,1.7696,2.2119,13200.0,13200.0,4277.1968,444180.0,444180.0,4
5025,688559.SH,海目星,20260928,55.19,5.1843,6.9453,1.15,,,5.5226,3.2425,2.4305,,,24775.9044,24775.9044,18493.9383,1367381.921,1367381.921,4
5026,688560.SH,明冠新材,20260928,12.62,1.4189,2.28,1.11,,,0.9917,3.5304,3.4001,,,20130.1918,20130.1918,12527.6918,254042.9978,254042.9978,4
5027,688561.SH,奇安信,20260928,29.77,2.7843,7.1743,1.67,,,2.8857,4.6249,4.8988,,,68225.2725,68225.2725,26478.1641,2031066.2879,2031066.2879,1
5028,688562.SH,航天软件,20260928,14.17,0.636,1.0056,1.2,,,3.4855,4.66,4.8597,,,40000.0,40000.0,25300.0,566800.0,566800.0,4
5029,688563.SH,航材股份,20260928,52.22,1.3441,1.3441,0.86,43.7624,48.252,2.2444,8.2102,8.2765,1.0211,0.8534,44935.9548,13554.2674,13554.2674,2346555.8312,707803.9794,4
5030,688565.SH,力源科技,20260928,11.4,1.4052,2.0695,0.88,190.9607,165.1714,3.4386,5.9996,6.6555,,0.2632,14973.0,14973.0,10166.8,170692.2,170692.2,4
5031,688566.SH,吉贝尔,20260928,27.48,1.1462,3.863,0.91,21.1244,26.1254,2.197,5.7204,5.5224,1.8766,0.9461,20110.1625,20110.1625,5967.0547,552627.1968,552627.1968,4
5032,688567.SH,孚能科技,20260928,8.79,0.629,1.0746,1.2,,,1.2076,1.1783,1.2819,,,122210.3885,122210.3885,71537.7571,1074229.3281,1074229.3281,4
5033,688568.SH,中科星图,20260928,28.8,1.3452,3.1349,1.43,791.584,,6.733,8.6944,12.6276,0.3035,0.0417,80807.8912,80807.8912,34675.9681,2327267.232,2327267.232,4
5034,688569.SH,铁科轨道,20260928,18.64,0.454,1.6804,1.16,22.9274,20.3522,1.3171,3.0793,2.8009,1.8777,2.1298,21066.67,21066.67,5691.67,392682.7288,392682.7288,4
5035,688570.SH,天玛智控,20260928,14.61,0.2413,0.3635,0.88,64.661,180.8463,1.4836,3.9091,3.9332,2.2587,0.6845,43300.0,18820.0,12494.5,632613.0,274960.2,4
5036,688571.SH,杭华股份,20260928,8.07,1.5791,3.961,1.04,31.5492,30.6597,2.0565,2.7398,2.6445,2.4105,1.8442,42417.07,42417.07,16910.5276,342305.7549,342305.7549,4
5037,688573.SH,信宇人,20260928,15.22,9.1993,9.1993,1.21,,,4.9484,5.6956,3.896,,,9775.4388,5321.6225,5321.6225,148782.1968,80995.0564,4
5038,688575.SH,亚辉龙,20260928,10.29,1.4398,2.6727,0.64,251.9168,87.4956,2.1367,3.2474,3.1108,2.0373,0.2041,57141.83,57141.83,30783.6053,587989.4307,587989.4307,1
5039,688576.SH,西山科技,20260928,39.86,1.2753,1.2811,1.07,51.943,,1.602,7.8841,8.7961,1.676,0.838,6764.3189,3231.8536,3217.2957,269625.7952,128821.541,4
5040,688577.SH,浙海德曼,20260928,40.15,0.6088,1.7985,1.01,125.1392,70.5694,6.1186,7.1193,5.9868,0.7624,0.7116,15579.162,15579.162,5273.1872,625503.274,625503.274,4
5041,688578.SH,艾力斯,20260928,105.99,1.8272,3.6581,0.97,21.7877,17.8057,5.6364,9.1946,7.7764,0.7548,1.1322,45000.0,45000.0,22477.4998,4769550.0,4769550.0,1
5042,688579.SH,地纬智能,20260928,7.84,0.8186,1.1625,1.25,52.1595,242.8245,2.2751,6.0292,7.1176,0.8291,0.6378,40001.0,40001.0,28166.76,313607.84,313607.84,4
5043,688580.SH,伟思医疗,20260928,42.6,1.1838,3.0731,0.95,29.5486,24.1596,2.4125,8.817,8.5226,1.8768,2.5383,9577.1288,9577.1288,3689.1013,407985.738,407985.738,4
5044,688581.SH,安杰思,20260928,57.7,2.7423,3.8749,1.03,21.0126,21.7885,1.8283,7.8464,7.8578,2.3868,1.8087,8074.0656,4117.8278,2914.2703,465873.839,237598.791,4
5045,688582.SH,芯动联科,20260928,36.71,0.877,1.8776,1.05,48.6068,79.4752,5.821,28.1587,34.5215,1.0323,0.4032,40173.9056,40173.9056,18764.0177,1474784.2361,1474784.2361,4
5046,688583.SH,思看科技,20260928,79.49,4.3719,4.3719,0.77,102.5885,175.6464,8.2926,26.4938,25.9178,0.515,0.3145,12376.0,4312.4819,4312.4819,983768.24,342799.0352,4
5047,688584.SH,上海合晶,20260928,27.58,3.4669,7.5371,0.97,147.2393,199.7985,4.4964,14.0744,14.427,0.7211,0.3606,66919.5352,34330.023,15790.945,1845640.6374,946821.9516,4
5048,688585.SH,上纬新材,20260928,133.2,0.45,2.7479,0.53,1307.7031,,45.6403,29.9011,29.589,0.0233,,40336.1728,40336.1728,6605.7864,5372777.844,5372777.844,4
5049,688586.SH,江航装备,20260928,10.99,0.5902,1.5442,1.05,158.0831,181.8094,3.4991,9.1783,9.4787,0.8189,0.2366,79133.9156,79133.9156,30248.0149,869681.7808,869681.7808,4
5050,688588.SH,凌志软件,20260928,8.86,0.5553,0.9491,0.72,32.6351,,3.0626,3.2782,3.4895,2.2356,2.2356,39001.0003,39001.0003,22817.5831,345548.86,345548.86,4
5051,688589.SH,力合微,20260928,20.29,1.9285,2.4465,0.86,143.3711,196.4782,3.0763,8.2394,7.974,1.2285,0.4914,14532.8518,14532.8518,11455.5744,294871.5265,294871.5265,4
5052,688590.SH,新致软件,20260928,12.0,1.9599,2.6966,0.79,,,2.1168,1.7822,1.6897,0.2426,0.2426,31286.5145,28151.7184,20461.0194,375438.24,337820.64,4
5053,688591.SH,泰凌微,20260928,30.95,2.5064,2.8501,0.64,58.7396,59.8386,2.9647,7.3657,7.1059,0.6485,0.8493,24156.3929,19634.8829,17266.8389,747640.2705,607699.536,4
5054,688592.SH,司南导航,20260928,22.53,1.8552,1.8552,1.25,166.116,214.7808,2.7468,4.9335,4.9198,0.2797,0.2424,11614.6811,5533.5492,5533.5492,261678.7404,124670.8815,4
5055,688593.SH,新相微,20260928,29.06,2.7313,4.9148,0.99,1469.4738,1401.6331,8.6762,21.7764,20.873,,0.1535,45952.9412,45952.9412,25537.3533,1335392.4364,1335392.4364,4
5056,688595.SH,芯海科技,20260928,30.33,1.8881,3.2425,0.87,,,6.6836,5.1503,4.8027,,,14409.3526,14409.3526,8390.5973,437035.5855,437035.5855,4
5057,688596.SH,正帆科技,20260928,60.43,4.34,5.1143,0.87,140.842,,5.7926,3.9046,3.7425,0.426,0.1532,31767.0467,31767.0467,26957.1207,1919682.8315,1919682.8315,4
5058,688597.SH,煜邦电力,20260928,6.18,0.8361,1.1184,0.5,27.7159,314.0105,2.7349,2.0757,2.0735,1.6384,,33606.0276,33606.0276,25123.9672,207685.2654,207685.2654,4
5059,688598.SH,金博股份,20260928,33.0,8.4145,9.5647,1.36,,,1.7985,8.5323,8.0744,,,20757.3116,20357.5616,17909.3654,684991.23,671799.48,4
5060,688599.SH,天合光能,20260928,10.68,1.1446,1.8758,1.04,,,1.228,0.3736,0.3684,,,234256.7686,234256.7686,142945.992,2501862.3036,2501862.3036,4
5061,688600.SH,皖仪科技,20260928,34.75,2.9709,4.9251,0.56,85.0476,55.0593,5.8683,6.6145,5.9243,0.2677,0.5354,13470.849,13470.849,8125.796,468112.0375,468112.0375,4
5062,688601.SH,力芯微,20260928,57.41,2.6432,4.2134,1.06,206.9821,468.2547,6.1563,9.9877,9.174,0.6919,0.173,13369.27,13369.27,8386.9482,767529.7907,767529.7907,4
5063,688602.SH,康鹏科技,20260928,6.75,0.5885,1.1775,0.79,,,1.3043,4.5554,5.4417,,,51937.5,51937.5,25959.6161,350578.125,350578.125,4
5064,688603.SH,天承科技,20260928,112.45,5.0796,5.7139,0.94,161.8068,125.7256,11.2922,29.7799,24.8588,0.178,0.1246,12472.4524,12472.4524,11087.7433,1402527.0025,1402527.0025,4
5065,688605.SH,先锋精科,20260928,83.09,4.1311,4.9741,1.13,89.0213,122.0835,9.9994,13.586,13.4968,0.2407,0.1204,20237.9856,10835.173,8998.9598,1681573.7582,900294.2753,4
5066,688606.SH,奥泰生物,20260928,47.04,0.4198,0.9388,1.07,16.1622,25.5984,0.9463,3.9309,4.1017,5.4825,4.3645,7565.4353,7565.4353,3383.0818,355878.2976,355878.2976,1
5067,688607.SH,康众科技,20260928,35.41,1.7911,2.6014,1.74,,,3.7239,9.7259,9.7583,0.1708,,8812.9027,8812.9027,6067.8605,312064.789,312064.789,4
5068,688608.SH,恒玄科技,20260928,110.54,2.8751,4.2005,0.83,44.0832,56.8886,3.7222,7.4289,8.914,0.5487,0.9046,23688.6047,23688.6047,16214.0691,2618537.844,2618537.844,1
5069,688609.SH,九联科技,20260928,8.81,4.2673,5.1721,1.35,,,4.6712,1.9247,1.6846,,,52195.2898,50000.0,41252.728,459840.5049,440500.0,4
5070,688610.SH,埃科光电,20260928,151.8,2.8061,4.6464,0.83,161.3694,106.3154,6.2891,23.4434,16.8991,0.1318,0.1318,6800.0,4093.2568,2472.0184,1032240.0,621356.868,4
5071,688611.SH,杭州柯林,20260928,64.54,0.5825,1.3358,0.8,,,11.7313,47.9062,56.7483,0.2213,,15338.96,15338.96,6688.7719,989976.4784,989976.4784,4
5072,688612.SH,威迈斯,20260928,32.55,2.1309,2.3853,1.18,24.4386,23.8147,3.7954,2.1515,2.1834,1.1013,2.0216,41918.3508,25669.9361,22932.0052,1364442.2925,835556.547,4
5073,688613.SH,奥精医疗,20260928,19.62,6.4012,8.5522,0.82,194.2381,311.9004,1.8709,12.0146,11.8021,,0.1549,13700.8584,13700.8584,10254.9702,268810.8732,268810.8732,4
5074,688615.SH,合合信息,20260928,83.41,3.5383,3.5383,0.79,35.9983,35.1227,5.5064,9.034,8.1844,1.2234,1.413,19600.0,13729.8342,13729.8342,1634836.0,1145205.1203,4
5075,688616.SH,西力科技,20260928,11.0,1.0159,2.2685,1.22,18.981,19.1906,2.2264,3.4834,3.3924,2.68,2.68,17937.8265,17937.8265,8033.3265,197316.13,197316.13,4
5076,688617.SH,惠泰医疗,20260928,241.88,1.2621,2.2187,1.29,41.7153,36.6995,11.0883,13.2485,11.8189,0.4971,0.4065,14152.9162,14152.9162,8051.0167,3423308.2896,3423308.2896,1
5077,688618.SH,三旺通信,20260928,28.16,2.352,6.2954,1.89,86.1512,158.4407,3.8279,8.6638,9.1171,0.5698,0.5621,11004.7848,11004.7848,4111.5074,309894.6048,309894.6048,4
5078,688619.SH,罗普特,20260928,13.76,1.7003,3.6111,1.16,,,3.94,16.7261,17.6016,,,18543.8042,18543.8042,8731.4537,255162.688,255162.688,4
5079,688620.SH,安凯微,20260928,16.82,4.807,7.0179,0.89,,,5.0228,12.2793,8.9288,,,39200.0,39200.0,26850.768,659344.0,659344.0,4
5080,688621.SH,阳光诺和,20260928,71.41,1.1084,1.5306,0.42,39.231,161.1363,6.6567,6.5436,7.5589,0.2227,0.2555,11200.0,11200.0,8110.27,799792.0,799792.0,4
5081,688622.SH,*ST禾信,20260928,145.18,1.3016,2.7978,0.83,,,35.9955,102.927,125.8694,,,7046.5521,7046.5521,3278.2343,1023018.129,1023018.129,1
5082,688623.SH,双元科技,20260928,63.42,2.0556,3.0851,0.7,86.7531,77.8089,2.563,15.8654,14.9607,1.2934,1.0636,8551.2117,3551.9584,2366.6522,542317.7382,225265.3032,4
5083,688625.SH,呈和科技,20260928,69.86,3.3583,8.31,1.03,65.7766,70.5101,11.0351,18.5595,18.2975,0.6734,,25966.694,25966.694,10493.9264,1814032.9634,1814032.9634,4
5084,688626.SH,翔宇医疗,20260928,42.32,1.5676,4.7237,0.73,86.6365,82.1568,3.2245,8.8196,8.6603,0.5465,0.4149,16000.0,16000.0,5309.6326,677120.0,677120.0,4
5085,688627.SH,精智达,20260928,432.0,4.0652,5.2803,1.18,671.8639,524.8626,24.5906,38.9643,29.5362,0.068,0.0479,10174.57,9412.8154,7246.8088,4395414.24,4066338.24,4
5086,688628.SH,优利德,20260928,91.99,14.2713,29.4909,1.49,68.368,53.5168,7.7927,8.4693,7.2889,1.3983,1.1891,11239.2888,11239.2888,5438.9553,1033902.2871,1033902.2871,4
5087,688629.SH,华丰科技,20260928,106.22,2.9624,6.8268,1.08,138.7116,140.0241,16.9246,19.677,18.5353,,,46825.4966,46099.2831,20004.2151,4973803.5478,4896665.5216,4
5088,688630.SH,芯碁微装,20260928,397.29,2.032,3.0372,0.68,200.7534,135.5783,11.0837,41.3353,31.305,0.0928,0.1762,14650.5116,13174.0716,8813.8039,5820505.0908,5233926.2703,4
5089,688631.SH,莱斯信息,20260928,35.37,1.1387,3.6661,1.72,104.6283,119.4656,3.1241,4.5401,5.0378,1.1309,0.4806,16347.0,16347.0,5077.41,578193.39,578193.39,4
5090,688633.SH,星球石墨,20260928,21.67,1.0729,2.4458,1.19,21.8454,14.9186,1.5427,4.5789,3.9554,1.358,2.7607,17040.063,17040.063,7475.263,369258.1002,369258.1002,4
5091,688635.SH,长进光子,20260928,246.89,10.6343,10.6343,1.07,241.8035,248.5419,15.3265,93.6937,95.0886,,,9367.0,1775.6517,1775.6517,2312618.63,438390.2285,4
5092,688636.SH,智明达,20260928,19.43,3.5089,5.8127,1.0,33.0658,28.7437,2.3554,4.7668,4.7531,0.473,0.5147,17390.6404,17390.6404,10498.1625,337900.1352,337900.1352,4
5093,688638.SH,誉辰智能,20260928,34.61,2.4067,2.4067,1.35,,,2.6207,2.6863,2.5521,,,5600.0,2646.1022,2646.1022,193816.0,91581.521,4
5094,688639.SH,华恒生物,20260928,17.69,1.5725,2.2715,0.57,33.415,37.3765,1.6349,1.546,1.4724,1.4104,0.9027,25011.5693,25011.5693,17314.8052,442454.6733,442454.6733,4
5095,688646.SH,逸飞激光,20260928,73.5,5.8644,6.1428,1.31,,,4.8654,8.6187,6.6186,,,9416.2608,6073.2171,5797.9784,692095.11,446381.67,4
5096,688648.SH,中邮科技,20260928,27.92,2.068,2.4166,0.99,6.0588,,1.7839,2.7409,2.1493,,0.8954,13600.0,6952.8924,5949.8918,379712.0,194124.6888,4
5097,688651.SH,盛邦安全,20260928,25.3,6.674,6.674,1.23,,,2.9195,8.4075,8.8974,,,10249.296,4701.8051,4701.8051,259307.29,118955.793,1
5098,688652.SH,京仪装备,20260928,134.32,3.0179,3.6219,0.87,152.5482,150.6682,9.9315,15.8218,13.824,0.0931,0.0931,16800.0,12075.0,10061.3582,2256576.0,1621914.0,4
5099,688653.SH,康希通信,20260928,14.75,4.7205,4.7218,1.03,,726.364,4.2677,9.1625,8.3397,,,42448.0,31641.1597,31632.4659,626108.0,466707.11,4
5100,688655.SH,迅捷兴,20260928,63.08,10.7321,19.6734,1.09,,,12.4991,12.2099,9.19,,,13339.0,13339.0,7276.5755,841424.12,841424.12,4
5101,688656.SH,浩欧博,20260928,137.66,2.5743,7.1434,1.51,376.8825,315.5626,10.519,21.9477,21.6164,0.2136,0.1434,6351.8621,6351.8621,2289.0153,874397.0476,874397.0476,1
5102,688657.SH,浩辰软件,20260928,33.32,1.1359,1.3252,0.74,62.5847,68.6445,2.2718,9.5738,8.6095,1.4314,1.2269,9542.0372,5969.4543,5116.8143,317940.4396,198902.074,4
5103,688658.SH,悦康药业,20260928,13.03,2.3582,4.3883,0.73,,,1.8265,2.3971,2.3837,,,45000.0,45000.0,24181.988,586350.0,586350.0,4
5104,688659.SH,元琛科技,20260928,9.15,1.9546,3.5552,1.04,,,2.9523,2.0955,1.9341,,,16000.0,16000.0,8796.688,146400.0,146400.0,4
5105,688660.SH,电气风电,20260928,8.6,1.6964,4.2417,0.85,,,3.1749,0.8381,0.6878,,,133333.34,133333.34,53323.336,1146666.724,1146666.724,4
5106,688661.SH,和林微纳,20260928,94.28,2.7153,5.1893,1.07,480.6683,,11.8468,16.5061,17.0695,0.0653,0.0849,15188.7826,15188.7826,7947.531,1431998.1784,1431998.1784,4
5107,688662.SH,富信科技,20260928,114.5,16.6572,25.8565,1.15,333.294,319.2527,18.2743,24.5682,23.5556,0.2351,0.2687,11470.5644,11470.5644,7389.5517,1313379.12,1313379.12,4
5108,688663.SH,新风光,20260928,54.72,1.0793,1.7406,0.92,113.1234,124.5399,7.6871,5.3738,5.7927,0.7704,0.2842,19724.7984,19724.7984,12230.6544,1079341.056,1079341.056,4
5109,688665.SH,四方光电,20260928,43.17,1.3299,4.2175,1.15,32.9749,33.9031,3.5941,4.2576,4.1205,0.802,0.9266,10119.2341,10119.2341,3190.8841,436847.1591,436847.1591,4
5110,688667.SH,菱电电控,20260928,98.76,1.9438,4.2189,1.26,38.3699,33.0827,2.867,4.3596,5.1196,0.0996,0.81,5269.5457,5269.5457,2427.8509,520420.758,520420.758,4
5111,688668.SH,鼎通科技,20260928,213.04,4.055,7.4913,1.28,123.3561,96.0538,14.1354,18.6878,16.1933,0.3276,0.1878,13927.0606,13927.0606,7538.5317,2967020.8624,2967020.8624,4
5112,688669.SH,聚石化学,20260928,62.03,1.8438,3.044,0.91,,,7.2292,1.9147,2.0696,,,12133.3334,12133.3334,7349.3334,752630.4599,752630.4599,4
5113,688670.SH,金迪克,20260928,18.14,1.4997,3.8929,0.79,,,2.1324,19.7979,20.2671,,,12320.0,12320.0,4746.1985,223484.8,223484.8,4
5114,688671.SH,碧兴物联,20260928,25.36,3.1045,4.1622,1.1,,,2.0184,6.1049,6.2451,,,7851.89,5377.2122,4010.75,199123.9304,136366.0456,4
5115,688676.SH,金盘科技,20260928,60.11,1.8442,3.5561,1.1,41.9048,39.6386,5.4168,3.7886,3.591,0.8344,1.1295,45978.7393,45978.7393,23845.1316,2763782.0614,2763782.0614,4
5116,688677.SH,海泰新光,20260928,74.7,4.3657,6.4637,0.83,52.4458,51.8824,6.6876,14.86,13.6181,0.7958,0.7926,11987.7,11987.7,8096.7386,895481.19,895481.19,4
5117,688678.SH,福立旺,20260928,31.26,9.8784,14.8162,0.93,228.2327,89.0982,5.3953,6.3894,5.1824,0.2058,0.2285,40310.6501,40310.6501,26876.1931,1260110.919,1260110.919,4
5118,688679.SH,通源环境,20260928,37.94,2.2543,4.6173,0.76,,,4.5789,3.607,3.8036,0.1318,,13168.9675,13168.9675,6429.5559,499630.7218,499630.7218,4
5119,688680.SH,海优新材,20260928,38.77,1.9789,2.8669,0.76,,,2.2888,3.2574,3.321,,,9757.0958,9757.0958,6734.8838,378282.767,378282.767,4
5120,688681.SH,科汇股份,20260928,15.39,1.9691,2.8956,1.22,34.3631,36.1112,2.6329,3.1867,3.0293,0.6419,1.2437,10467.0,10467.0,7117.8485,161087.13,161087.13,4
5121,688682.SH,霍莱沃,20260928,34.65,8.9504,22.1697,4.62,,,5.926,11.6357,11.0445,0.4123,0.5772,10183.8895,10183.8895,4111.4861,352871.7885,352871.7885,4
5122,688683.SH,莱尔科技,20260928,30.55,0.8607,1.731,0.89,118.3039,104.7663,4.0683,5.0347,3.7912,0.2061,0.2619,16109.78,16109.78,8010.454,492153.779,492153.779,4
5123,688685.SH,迈信林,20260928,33.08,2.7911,4.3902,1.12,276.3687,,6.0095,10.5611,11.024,0.47,0.136,14685.1667,14685.1667,9336.3394,485785.4236,485785.4236,4
5124,688686.SH,奥普特,20260928,130.01,1.2036,4.3236,1.1,85.3577,75.4305,4.9832,12.5227,10.6612,0.1918,0.565,12223.5455,12223.5455,3402.7889,1589183.7355,1589183.7355,4
5125,688687.SH,凯因科技,20260928,18.6,2.9358,3.7836,1.29,103.9128,319.1761,1.8643,2.4073,2.5826,1.5798,1.3441,17094.4422,17094.4422,13263.8421,317956.584,317956.584,1
5126,688689.SH,银河微电,20260928,39.32,4.4572,10.5702,0.84,71.3072,56.4461,4.159,5.4287,4.811,0.5133,0.5645,14490.8035,14490.8035,6110.4488,569778.256,569778.256,4
5127,688690.SH,纳微科技,20260928,46.16,1.9861,3.3927,0.61,137.0503,88.9694,8.959,20.1582,17.277,0.1354,0.221,40381.4765,40381.4765,23639.5328,1864009.1168,1864009.1168,4
5128,688691.SH,灿芯股份,20260928,60.47,5.7744,5.7744,1.29,,,6.171,10.0165,8.8377,0.2811,,12000.0,7296.501,7296.501,725640.0,441219.355,4
5129,688692.SH,XD达梦数,20260928,192.88,1.2291,1.8884,1.03,42.2781,40.9813,5.6355,16.7261,14.6042,0.4851,0.8814,11324.0,7416.4708,4827.165,2184173.12,1430488.7336,4
5130,688693.SH,锴威特,20260928,71.34,3.7142,4.7285,1.03,,,6.9091,20.6492,17.2621,,,7368.4211,3890.4414,3055.9598,525663.0828,277543.9896,4
5131,688695.SH,中创股份,20260928,19.92,2.2927,2.8598,1.2,,,2.2536,11.4047,12.2094,0.7028,,8505.1378,5339.5478,4280.7266,169422.3888,106363.836,1
5132,688696.SH,极米科技,20260928,81.06,1.7463,2.2724,1.16,39.5676,41.1379,1.9303,1.6369,1.6463,,1.4095,7002.0,7002.0,5380.7923,567582.12,567582.12,4
5133,688697.SH,纽威数控,20260928,14.79,0.8943,2.2757,0.92,31.1244,26.7503,5.1991,3.2728,2.8849,2.0698,2.1733,64026.6732,64026.6732,25159.8732,946954.4493,946954.4493,4
5134,688698.SH,伟创电气,20260928,42.26,1.1825,2.5132,0.86,34.5822,39.1508,3.7716,4.6692,4.2961,0.977,1.1725,21503.3174,21503.3174,10117.5494,908730.3032,908730.3032,4
5135,688699.SH,明微电子,20260928,64.6,4.0119,7.7715,0.97,,96.2347,5.5432,10.6924,8.2397,,,11006.464,11006.464,5681.8599,711017.316,711017.316,4
5136,688700.SH,东威科技,20260928,61.92,3.8975,5.6234,1.01,152.7823,104.0633,9.5332,16.822,13.9064,0.1613,0.5973,29840.136,29840.136,20681.896,1847701.4688,1847701.4688,4
5137,688701.SH,卓锦股份,20260928,8.63,1.9635,3.9171,1.45,,,10.5203,9.1572,8.7275,,,13427.7372,13427.7372,6730.7755,115881.3962,115881.3962,1
5138,688702.SH,盛科通信,20260928,307.73,2.8773,5.2059,0.78,,,56.0645,109.6618,96.0734,,,41000.0,20903.8666,11553.5747,12616930.0,6432747.9151,4
5139,688707.SH,振华新材,20260928,9.85,0.9035,1.3172,1.29,,,1.3143,3.508,3.6701,,,50874.0205,50874.0205,34897.3393,501109.097,501109.097,4
5140,688708.SH,佳驰科技,20260928,38.17,1.0126,1.2125,1.1,34.7119,38.7915,4.5074,13.8053,14.0348,1.0467,1.3084,40047.76,14274.395,11920.795,1528623.3809,544853.848,4
5141,688709.SH,成都华微,20260928,25.38,2.8926,3.7155,1.71,105.2253,,5.7139,21.2677,24.6788,0.0788,0.1931,63684.7026,22174.6251,17263.1604,1616317.9398,562792.1094,4
5142,688710.SH,益诺思,20260928,95.05,3.4248,4.1416,0.73,,561.9348,5.6626,16.5163,14.8711,0.3367,,14097.9615,9245.6209,7645.3609,1340011.098,878796.181,4
5143,688711.SH,宏微科技,20260928,26.51,5.3084,6.4291,0.93,335.7378,317.0702,5.4152,4.2636,4.0884,,,21675.2529,21675.2529,17896.9491,574610.8775,574610.8775,4
5144,688712.SH,北芯生命,20260928,30.58,2.9591,2.9591,0.58,159.3674,103.224,6.9991,23.5236,19.0372,,,41700.0,4560.0,4560.0,1275186.0,139444.8,4
5145,688716.SH,中研股份,20260928,25.75,1.8314,1.8319,0.71,264.037,,2.7324,10.1328,10.1204,0.7767,0.7767,12168.0,6992.717,6990.717,313326.0,180062.54,4
5146,688717.SH,艾罗能源,20260928,40.47,5.4675,5.4841,1.0,53.5492,,1.4958,1.5863,1.1926,2.3165,2.3165,16000.0,9904.7808,9874.7108,647520.0,400846.4466,4
5147,688718.SH,唯赛勃,20260928,14.82,1.1894,3.2515,0.88,56.6248,48.7146,3.1447,6.1431,5.9059,0.7786,0.7786,17375.4389,17375.4389,6355.7859,257504.0208,257504.0208,4
5148,688719.SH,爱科赛博,20260928,56.82,5.2867,5.6659,0.96,,,3.9435,7.2619,7.5307,0.2857,,11538.5418,9615.9498,8972.2298,655619.8428,546378.279,4
5149,688720.SH,艾森股份,20260928,63.55,4.4809,4.4809,0.87,152.1072,138.4509,7.4244,13.1506,11.83,,0.1228,12263.7981,7818.9364,7818.9364,779364.49,496893.637,4
5150,688721.SH,龙图光罩,20260928,39.49,4.684,4.684,0.87,93.9928,138.8356,4.2744,21.3734,19.7333,1.0129,,13350.0,5515.329,5515.329,527191.5,217800.3817,4
5151,688722.SH,同益中,20260928,14.3,0.7939,1.4749,0.78,29.2736,28.4312,2.1737,3.2835,3.1747,0.4681,0.6994,22410.52,22410.52,12062.3867,320470.436,320470.436,4
5152,688726.SH,拉普拉斯,20260928,46.08,2.9772,2.9772,0.64,29.9863,34.4591,4.3474,3.4194,3.966,0.803,0.6727,40532.6189,21992.4474,21992.4474,1867743.1296,1013412.096,4
5153,688727.SH,恒坤新材,20260928,45.6,5.1711,5.1711,0.91,209.5153,146.066,7.9228,31.0966,29.0243,,,44931.96,5402.8245,5402.8245,2048897.376,246368.592,4
5154,688728.SH,格科微,20260928,13.81,0.8126,2.239,0.85,711.0419,1279.7304,4.5425,4.6151,4.3279,0.1575,,260058.6667,259879.1667,94322.1866,3591410.2327,3588931.3377,4
5155,688729.SH,屹唐股份,20260928,22.48,1.5416,2.3199,0.81,99.0504,92.4502,7.2742,13.0884,14.0593,,0.1214,295556.0,174823.7067,116169.2665,6644098.88,3930037.0008,4
5156,688733.SH,壹石通,20260928,27.16,3.323,4.5189,1.43,,765.1634,2.5987,8.6116,7.0549,0.3649,0.3634,19977.519,19977.519,14690.7648,542589.4432,542589.4432,4
5157,688737.SH,中自科技,20260928,16.98,1.3269,2.4477,1.13,,,1.187,1.1492,0.8854,,,11956.4509,11956.4509,6481.5327,203020.521,203020.521,4
5158,688739.SH,成大生物,20260928,20.64,0.345,0.781,0.78,65.2212,200.9417,0.9206,6.1826,6.3166,3.8312,0.4784,41645.0,41645.0,18397.1551,859552.8,859552.8,1
5159,688750.SH,金天钛业,20260928,13.65,0.9642,1.3901,1.32,106.5098,122.4513,2.5387,10.2806,9.8961,0.6154,0.1685,46250.0,23291.8326,16155.2464,631312.5,317933.4795,4
5160,688755.SH,汉邦科技,20260928,29.76,4.602,5.1697,0.69,57.0741,44.6488,2.6492,4.6312,4.2345,0.2585,0.5687,11440.0,7986.7159,7109.6117,340454.4,237684.7872,4
5161,688757.SH,胜科纳米,20260928,28.78,7.0106,7.8884,1.21,187.5808,246.8247,13.1131,21.9201,19.7512,0.6915,0.3892,40331.1486,18122.0347,16105.4773,1160730.2092,521552.0234,4
5162,688758.SH,赛分科技,20260928,31.23,2.9192,4.074,0.61,102.7856,70.8722,9.3712,32.2788,26.0104,0.2145,0.223,41646.4084,29818.3672,21366.1952,1300617.3843,931227.6951,4
5163,688759.SH,必贝特,20260928,21.69,4.1707,4.1707,0.6,,,6.1278,,,,,45003.6657,7200.0,7200.0,976129.6023,156168.0,4
5164,688765.SH,禾元生物,20260928,40.3,5.5708,5.5708,0.62,,,5.0663,301.0205,269.6721,,,35750.0,7197.0846,7197.0846,1440725.0,290042.324,4
5165,688766.SH,普冉股份,20260928,379.57,4.7517,7.6673,0.65,271.9895,56.8108,16.8862,24.3316,10.5063,0.0802,0.0315,14870.3553,14870.3553,9215.6314,5644342.5452,5644342.5452,4
5166,688767.SH,博拓生物,20260928,41.3,1.8773,4.1764,0.66,125.2191,303.8386,2.8807,13.7663,13.4246,2.5922,1.6949,14933.3334,14933.3334,6712.5234,616746.529,616746.529,4
5167,688768.SH,容知日新,20260928,47.26,1.4401,2.201,1.23,49.3568,136.6452,4.0068,6.4411,7.1296,0.9041,0.6348,8798.8713,8726.3549,5709.3702,415834.5962,412407.301,1
5168,688772.SH,珠海冠宇,20260928,13.86,1.3893,2.2405,0.78,33.4493,104.0505,2.3198,1.0948,1.0087,2.1334,2.1271,113827.9624,113827.9624,70581.5532,1577655.5256,1577655.5256,4
5169,688775.SH,影石创新,20260928,89.72,1.8227,3.2354,0.98,38.7316,81.8528,6.8347,3.6933,3.1049,,0.2619,40100.0,25935.8231,14611.4097,3597772.0,2326961.7704,4
5170,688776.SH,国光电气,20260928,49.6,4.9623,11.7642,1.66,,,3.2114,19.4462,29.3472,0.373,,10838.3419,10838.3419,4571.7589,537581.664,537581.664,4
5171,688777.SH,中控技术,20260928,77.11,1.5484,1.951,0.94,138.1915,251.6008,6.1908,7.5575,7.7449,0.9144,0.358,79118.9527,78719.9115,62474.1208,6100862.2345,6070092.2601,4
5172,688778.SH,厦钨新能,20260928,40.35,1.0228,2.9502,1.08,26.9786,22.3534,2.1412,1.0244,0.7603,1.3187,1.4835,50469.1083,50469.1083,17496.7565,2036428.5885,2036428.5885,4
5173,688779.SH,五矿新能,20260928,7.17,1.232,2.1578,1.4,60.6583,21.8701,1.8907,1.481,0.9708,,0.577,192921.9984,192921.9984,110146.3484,1383250.74,1383250.74,4
5174,688781.SH,视涯科技,20260928,42.09,12.5863,12.5863,0.72,,,10.3777,82.0402,44.4801,,,100000.0,4162.9001,4162.9001,4209000.0,175216.461,4
5175,688783.SH,西安奕材,20260928,27.81,10.2976,10.2976,0.99,,,9.2445,42.3864,38.2501,,,403780.0,26890.0,26890.0,11229121.8,747810.9,4
5176,688785.SH,恒运昌,20260928,350.0,4.9503,4.9503,0.67,208.1473,244.6795,10.707,44.7533,47.0361,,0.2286,6770.1688,1354.4448,1354.4448,2369556.0,474054.0,4
5177,688786.SH,悦安新材,20260928,26.71,2.2232,3.6014,0.88,55.8951,56.9824,5.8317,10.5807,9.8999,0.6471,0.6212,17332.046,17332.046,10699.5396,462939.0555,462939.0555,4
5178,688787.SH,海天瑞声,20260928,87.05,2.5513,3.8465,1.02,371.9462,261.4321,7.1859,13.9302,12.741,0.399,0.114,6032.518,6032.518,4001.2143,525130.866,525130.866,4
5179,688788.SH,科思科技,20260928,27.06,1.3982,3.2171,1.7,,,3.582,20.7697,25.9661,,,21890.4171,21890.4171,9513.61,592354.7652,592354.7652,4
5180,688789.SH,宏华数科,20260928,49.36,2.0083,3.8005,1.16,16.8421,22.8795,2.6154,3.8642,4.1271,1.8152,1.8,18025.6107,18025.6107,9525.4818,889744.1096,889744.1096,4
5181,688790.SH,昂瑞微,20260928,101.89,9.2701,9.2701,0.5,,131.255,3.4516,5.3874,5.5969,,,9953.1688,1990.6338,1990.6338,1014128.4913,202825.2907,4
5182,688793.SH,倍轻松,20260928,17.95,1.7812,3.9022,0.84,,,8.1944,1.9587,2.0075,,,8500.3119,8500.3119,3880.0803,152580.5645,152580.5645,4
5183,688795.SH,摩尔线程,20260928,408.88,9.5231,9.5231,0.73,,,15.783,127.6532,75.6613,,,47002.8217,5600.0,5600.0,19218513.0416,2289728.0,4
5184,688796.SH,百奥赛图,20260928,127.21,3.8111,3.8111,0.44,328.2333,155.2026,23.4759,41.2312,33.4562,,,44689.842,3860.7498,3860.7498,5684994.5464,491126.0075,1
5185,688797.SH,臻宝科技,20260928,256.58,8.5099,8.5099,0.74,176.3566,160.7533,13.6154,45.9258,40.4619,,,15529.0296,2919.2698,2919.2698,3984438.5174,749026.2966,4
5186,688798.SH,艾为电子,20260928,53.98,2.0922,2.5007,0.77,39.6969,49.2805,2.9988,4.4101,4.4398,0.6101,0.7966,23312.8999,13574.3603,11357.0603,1258430.3366,732743.969,4
5187,688799.SH,华纳药厂,20260928,55.0,1.8153,3.7006,0.56,30.8463,31.7135,3.4609,4.8862,5.0648,0.7657,0.3252,13363.7,13363.7,6555.22,735003.5,735003.5,4
5188,688800.SH,瑞可达,20260928,56.25,4.4768,7.472,1.31,54.2411,64.1236,6.7749,5.148,5.1107,0.3399,0.3787,28838.7022,28838.7022,17278.4262,1622176.875,1622176.875,4
5189,688801.SH,燧原科技,20260928,448.0,14.3452,14.3452,0.81,,,72.9243,194.7135,106.2283,,,43035.1728,1790.0325,1790.0325,19279756.16,801933.44,4
5190,688802.SH,沐曦股份,20260928,519.99,11.1501,11.1501,0.64,,23385.2984,14.999,126.5433,101.351,,,40010.0,3249.4581,3249.4581,20804799.9,1689686.7054,4
5191,688805.SH,健信超导,20260928,38.59,3.13,3.13,0.88,86.1802,69.9854,5.2932,11.1709,9.7993,,0.7774,16768.0,3353.6,3353.6,647077.12,129415.424,4
5192,688806.SH,泰诺麦博,20260928,26.86,15.9844,15.9844,0.85,,,240.8596,241.4892,105.795,,,46054.619,5102.566,5102.566,1237027.0932,137055.0302,1
5193,688807.SH,优迅股份,20260928,298.19,10.7516,10.7516,0.83,270.6941,235.3873,13.1929,49.0717,43.7645,,0.1207,8000.0,1600.0,1600.0,2385520.0,477104.0,4
5194,688808.SH,联讯仪器,20260928,2174.99,3.3939,3.3939,0.81,1285.9017,326.3452,65.9151,187.0067,100.1687,,,10266.6667,1929.6144,1929.6144,22329882.8334,4196882.4539,4
5195,688809.SH,强一股份,20260928,462.8,4.8104,4.8104,1.07,151.8264,125.0604,14.403,59.2429,47.5176,,0.2161,12955.93,2591.1906,2591.1906,5996004.404,1199202.732,4
5196,688811.SH,有研复材,20260928,19.47,4.6779,4.6779,0.79,141.7641,134.6254,6.218,16.998,16.9345,,0.2157,50167.3605,9212.6097,9212.6097,976758.4992,179369.5167,4
5197,688813.SH,泰金新能,20260928,135.15,15.6249,15.6249,0.78,105.9423,115.6248,11.8546,9.0292,9.5638,,0.37,16000.0,3007.6976,3007.6976,2162400.0,406490.655,4
5198,688816.SH,易思维,20260928,46.0,1.7214,1.7214,0.95,58.6292,99.0098,2.5705,10.2758,10.6644,,0.5217,10000.0,2053.6018,2053.6018,460000.0,94465.6,4
5199,688818.SH,电科蓝天,20260928,40.78,3.9353,3.9353,1.01,216.5742,212.3329,12.8677,21.5525,19.4391,,0.183,173692.389,14202.1019,14202.1019,7083175.6642,579161.638,4
5200,688819.SH,天能股份,20260928,20.26,0.1984,1.4733,1.2,12.3752,19.6142,1.1698,0.4301,0.4173,2.019,2.7084,97210.0,97210.0,13090.0,1969474.6,1969474.6,4
5201,688820.SH,盛合晶微,20260928,121.07,3.9622,3.9622,0.55,245.0033,241.2129,11.6895,34.5822,33.4099,,,186277.4097,17290.2643,17290.2643,22552606.0287,2093331.7782,4
5202,688825.SH,长鑫科技,20260928,53.8,4.7841,4.7841,0.94,1947.9672,44.6409,27.1089,59.0972,18.5699,,,6788409.9077,450303.8971,450303.8971,365216453.158,24226349.82,4
5203,688826.SH,频准激光,20260928,756.1,11.3012,11.3012,0.72,189.6855,170.9934,52.8037,72.3685,61.2382,,,4000.0,761.7762,761.7762,3024400.0,575981.858,4
5204,688828.SH,国仪公司,20260928,87.38,10.2189,10.2189,0.81,,,50.3812,52.4667,46.3834,,,40001.0,2603.9033,2603.9033,3495287.38,227528.782,4
5205,688835.SH,高凯技术,20260928,359.5,11.3633,11.3633,0.76,270.742,194.8052,42.4386,70.3716,60.2624,,,9995.0708,1878.2785,1878.2785,3593227.665,675241.66,4
5206,688836.SH,宇树科技,20260928,459.65,8.7567,8.7567,0.87,668.2424,318.2145,64.5531,109.407,89.5618,,,40446.434,3008.772,3008.772,18591201.5495,1382981.1305,4
5207,688837.SH,信诺维,20260928,45.07,23.858,23.858,0.42,96.899,48.0465,36.6467,20.9865,17.6659,,,43548.9015,4859.3986,4859.3986,1962748.923,219013.158,4
5208,688981.SH,中芯国际,20260928,116.56,1.3464,1.4959,1.01,197.9905,138.4732,5.8208,14.8243,13.5581,,,856226.4585,200059.3909,180066.4934,99801756.1776,23318922.4984,4
5209,689009.SH,九号公司,20260928,36.7,0.9989,1.0074,0.94,15.3601,17.7104,3.6713,1.2692,1.1302,4.0768,4.445,73584.85,56223.139,55749.5173,2700563.995,2063389.2013,4
5210,920000.BJ,安徽凤凰,20260928,13.7,1.0295,1.9244,1.03,18.9932,20.4691,1.8396,2.9372,2.8844,1.0949,0.5839,9168.0,5759.3925,3081.175,125601.6,78903.6773,4
5211,920001.BJ,纬达光电,20260928,11.26,2.8803,5.6617,0.7,,,2.4652,8.1285,7.6517,1.7762,0.8881,15364.6104,9005.2514,4581.2145,173005.5131,101399.1308,4
5212,920002.BJ,万达轴承,20260928,53.35,5.6599,8.9882,2.91,54.225,52.9531,4.4731,9.6234,9.0602,0.3825,0.415,6370.4155,4459.7153,2808.2714,339861.6669,237925.8113,1
5213,920003.BJ,中诚咨询,20260928,15.86,8.2925,8.2925,0.71,14.1578,14.801,2.4068,3.8889,4.0832,,6.3052,9060.0,1946.642,1946.642,143691.6,30873.7421,4
5214,920005.BJ,鼎佳精密,20260928,26.34,5.4082,9.0086,4.76,36.5905,43.1802,3.4928,4.8465,4.4643,2.2779,3.9045,8300.0,3831.1723,2300.0,218622.0,100913.0784,1
5215,920006.BJ,晟楠科技,20260928,16.84,2.3572,3.204,0.44,191.2549,,4.907,13.5225,13.4861,0.6532,0.6532,9028.72,4779.7112,3516.5184,152043.6448,80490.3366,4
5216,920007.BJ,酉立智能,20260928,31.82,1.0725,1.0725,0.93,15.5017,26.0217,2.1801,1.3743,1.3229,3.0826,3.7739,4453.245,1170.625,1170.625,141702.2559,37249.2875,4
5217,920008.BJ,成电光信,20260928,20.25,2.5728,2.573,0.66,79.6159,71.1671,4.0567,7.5342,7.5321,,0.3951,6375.0,3406.8693,3406.7193,129093.75,68989.1033,4
5218,920009.BJ,丹娜生物,20260928,34.47,1.5084,1.5084,0.52,27.3473,28.532,3.8396,11.0326,10.9412,,2.0515,7754.6,1008.0,1008.0,267301.062,34745.76,4
5219,920010.BJ,凯添燃气,20260928,8.47,2.5606,4.772,0.82,72.5003,69.8563,2.8373,4.2413,3.7998,0.5903,0.3542,23450.0,17422.3853,9348.6734,198621.5,147567.6035,4
5220,920011.BJ,晨光电机,20260928,17.29,1.6705,1.6705,0.55,15.2886,17.9516,1.6578,1.5535,1.51,,,8266.6667,1860.0001,1860.0001,142930.6672,32159.4017,4
5221,920012.BJ,创达新材,20260928,51.45,5.1458,5.1458,0.66,38.6812,36.6919,2.996,5.8802,5.4806,,,4931.738,1929.751,1929.751,253737.9201,99285.689,4
5222,920014.BJ,特瑞斯,20260928,8.44,0.8608,1.2887,0.64,118.2933,400.1966,1.3231,1.949,2.042,2.3842,1.1745,12185.6743,6704.7298,4478.5323,102847.0911,56587.9195,4
5223,920015.BJ,锦华新材,20260928,44.13,10.3969,10.3969,1.21,30.7565,41.3296,3.5508,5.7954,6.8571,,0.9744,13556.6667,4001.244,4001.244,598255.7015,176574.8977,4
5224,920016.BJ,中草香料,20260928,14.07,2.2191,2.4667,0.31,56.5737,47.8309,2.7586,4.5208,3.8903,0.4975,0.4975,7698.1929,3423.7218,3080.0918,108313.5741,48171.7657,4
5225,920017.BJ,星昊医药,20260928,15.46,0.5425,0.9548,0.35,18.6801,16.7088,1.1792,2.9607,2.9329,1.0087,3.8618,12450.7417,12314.5067,6996.8805,192488.4667,190382.2736,4
5226,920018.BJ,宏远股份,20260928,14.38,0.8385,0.8385,0.93,22.3781,20.285,2.4655,0.8807,0.743,0.5349,1.0699,16552.8433,6546.8213,6546.8213,238029.8867,94143.2903,4
5227,920019.BJ,铜冠矿建,20260928,15.91,2.3014,6.6171,1.77,82.9278,79.0047,3.549,2.2137,2.0023,1.2571,0.6285,21026.67,16753.5666,5826.67,334534.3197,266549.2446,1
5228,920020.BJ,泰凯英,20260928,14.73,0.3903,0.3903,0.95,19.0482,17.6353,2.7988,1.2839,1.1361,,1.6293,22494.5,5560.0901,5560.0901,331343.985,81900.1272,4
5229,920021.BJ,流金科技,20260928,7.66,6.2703,7.579,0.51,235.0163,153.1144,3.6688,5.9705,6.3056,,0.1958,30899.9983,24755.4673,20480.9989,236693.987,189626.8795,4
5230,920022.BJ,世昌股份,20260928,18.48,1.1275,1.1275,0.46,16.1855,16.5855,2.6521,1.671,1.6686,3.1385,6.3853,6032.1,1661.5,1661.5,111473.208,30704.52,4
5231,920023.BJ,*ST田野,20260928,1.39,0.7847,0.8764,0.75,36.611,,0.3769,0.8471,0.8765,,,32730.4,26880.853,24068.333,45495.256,37364.3857,4
5232,920025.BJ,凯达重工,20260928,15.2,47.4012,47.4012,,48.2688,48.2688,6.4752,7.1676,7.1676,,,22500.0,5100.0,5100.0,342000.0,77520.0,4
5233,920026.BJ,卓兆点胶,20260928,16.71,1.3616,2.6888,0.59,37.1339,45.4228,3.0332,5.0718,4.5929,0.9404,1.2824,11490.8144,8662.2137,4386.4877,192011.5086,144745.5909,4
5234,920027.BJ,交大铁发,20260928,11.24,0.4528,0.5933,0.74,26.1589,24.8128,2.5081,3.1803,3.032,0.8212,1.8478,10296.455,7204.8925,5498.6425,115732.1542,80982.9917,4
5235,920028.BJ,新恒泰,20260928,14.69,2.2223,2.2223,0.67,21.7067,21.6773,2.079,2.8891,2.7377,,,16436.0,6495.96,6495.96,241444.84,95425.6524,4
5236,920029.BJ,开发科技,20260928,31.76,0.3633,1.2308,1.65,9.3012,13.3047,1.7799,2.176,2.4359,3.1697,3.3811,20694.1133,20136.4808,5943.1133,657245.0384,639534.6302,4
5237,920030.BJ,德众汽车,20260928,4.9,6.1129,9.3862,1.84,,,1.9978,0.3696,0.4173,0.3423,,17883.9681,11207.6478,7299.179,87631.4437,54917.4742,1
5238,920033.BJ,康普化学,20260928,12.88,0.4521,0.7988,0.82,69.4495,41.2996,1.982,6.2417,4.382,,1.1646,11913.525,8283.2255,4688.3388,153446.202,106687.9444,4
5239,920035.BJ,精创电气,20260928,23.29,1.8429,1.8429,0.47,27.2443,25.7002,2.7705,2.9356,2.6239,,1.789,6942.0,1573.68,1573.68,161679.18,36651.0072,4
5240,920036.BJ,觅睿科技,20260928,30.8,2.1708,2.1708,0.36,21.1792,24.705,2.7928,2.0908,2.0764,,0.6494,5442.1827,1306.1277,1306.1277,167619.2272,40228.7332,4
5241,920037.BJ,广信科技,20260928,37.54,0.7454,1.2916,0.85,24.2972,21.6433,5.2772,6.0425,5.3302,1.2482,1.2482,12804.8071,7828.793,4517.9212,480692.4585,293892.8892,4
5242,920038.BJ,森合高科,20260928,36.45,3.4031,4.3062,0.56,13.9898,13.6558,4.0469,4.5361,4.4808,,,10450.5201,5321.6681,4205.6081,380921.4576,193974.8022,1
5243,920039.BJ,国义招标,20260928,7.41,0.7362,2.2467,0.7,36.5395,40.7523,2.1322,4.1121,4.1704,2.6991,1.3495,15382.0,15381.99,5040.19,113980.62,113980.5459,4
5244,920045.BJ,蘅东光,20260928,483.88,4.9517,6.4875,0.95,151.3347,98.8399,34.5702,20.8117,15.3727,,0.0797,9530.0167,2817.8549,2150.7538,4611384.4808,1363503.629,4
5245,920046.BJ,亿能电力,20260928,18.77,2.6818,3.6396,0.72,129.0751,122.914,7.4733,9.0291,8.5415,0.4262,0.4262,10115.0,5592.7037,4120.9717,189858.55,104975.0484,4
5246,920047.BJ,诺思兰德,20260928,15.1,1.7372,1.9012,0.69,,,16.6808,62.3256,69.4318,,,27427.1974,18010.6427,16457.4419,414150.6807,271960.7048,4
5247,920050.BJ,爱伦医疗,20260928,27.34,0.4685,0.4685,0.45,19.6665,17.2792,1.7652,1.8714,1.5521,,3.6576,6767.9334,1810.2651,1810.2651,185035.2992,49492.6478,4
5248,920055.BJ,隆源股份,20260928,24.82,1.5364,1.5364,0.9,11.7985,11.941,1.3876,1.6455,1.4601,,3.8276,6800.0,1530.0,1530.0,168776.0,37974.6,4
5249,920056.BJ,能之光,20260928,13.8,0.7911,1.0184,0.62,20.4864,27.7196,2.0906,1.8864,1.8973,,1.0652,8169.17,4765.9346,3702.2984,112734.546,65769.8975,4
5250,920057.BJ,百甲科技,20260928,4.59,1.8445,2.2719,1.09,91.4076,,1.1607,0.5392,0.5158,,0.3258,18126.3297,11653.2345,9460.9245,83199.8533,53488.3464,4
5251,920058.BJ,华洋赛车,20260928,22.55,1.894,3.7214,0.42,24.4649,41.4621,3.6663,1.62,1.6509,3.8267,1.5787,5605.611,2759.4388,1404.4357,126406.5281,62225.3449,4
5252,920059.BJ,双英集团,20260928,12.15,4.5249,4.5249,0.48,14.688,14.688,2.4924,0.5121,0.5121,,,15778.9474,3231.8326,3231.8326,191714.2109,39266.7661,4
5253,920060.BJ,万源通,20260928,26.28,9.6973,12.5799,1.09,32.0391,41.9807,3.8814,3.3865,3.2398,1.9026,1.9026,15204.4663,9482.4272,7309.5674,399573.3744,249198.1868,4
5254,920061.BJ,西磁科技,20260928,16.81,2.072,3.7636,0.93,268.2836,212.8314,4.2893,12.3411,11.6268,0.8447,0.4224,7079.0,3936.44,2167.1503,118997.99,66171.5564,4
5255,920062.BJ,科润智控,20260928,6.91,0.8337,0.9571,0.85,82.7339,,1.7514,0.9265,0.898,0.4293,0.4342,18870.6277,13286.398,11573.9389,130396.0374,91809.0102,4
5256,920065.BJ,XD千岸科,20260928,35.65,17.174,17.174,0.54,14.6575,14.9026,4.0237,1.6242,1.5844,,0.9369,9025.0,1575.0,1575.0,321741.25,56148.75,4
5257,920066.BJ,科拜尔,20260928,17.75,1.1804,1.1804,0.69,39.4376,32.2918,2.6872,2.4565,2.2942,2.0121,0.5634,6285.3326,1987.3326,1987.3326,111564.6537,35275.1537,4
5258,920068.BJ,天工股份,20260928,15.31,0.4293,1.0903,0.98,71.7227,115.9416,7.7953,15.9069,20.2441,0.6532,0.6532,65560.0015,17368.2539,6838.856,1003723.623,265907.9672,4
5259,920069.BJ,普昂医疗,20260928,31.47,0.9927,0.9929,0.52,18.5505,16.8929,2.0964,4.3574,3.8999,,1.6204,5291.9828,1475.9941,1475.6441,166538.6987,46449.5343,4
5260,920071.BJ,金钛股份,20260928,27.0,27.5431,27.5431,0.8,35.066,35.066,4.7091,4.0874,4.0874,,,25500.0,3150.0,3150.0,688500.0,85050.0,4
5261,920072.BJ,科莱瑞迪,20260928,22.58,2.9347,2.9347,0.29,27.0092,25.1718,2.3368,5.4862,5.0911,,,7660.0,1446.5,1446.5,172962.8,32661.97,4
5262,920075.BJ,柏星龙,20260928,15.68,2.8268,3.9481,0.38,46.8754,150.0675,2.6429,1.9716,1.9293,2.9485,1.9741,6481.5,3512.8701,2515.2197,101629.92,55081.8032,4
5263,920076.BJ,国亮新材,20260928,12.49,0.6623,0.6623,0.44,18.4351,17.5125,1.4692,1.377,1.2535,,1.7157,11708.8287,3683.1935,3683.1935,146243.2705,46003.0868,4
5264,920077.BJ,吉林碳谷,20260928,13.06,1.4139,1.7744,1.08,42.8723,37.0579,2.8574,3.0184,2.6717,,0.7657,58623.9853,30191.1506,24056.7335,765629.248,394296.4268,4
5265,920078.BJ,族兴新材,20260928,17.25,4.2502,4.8253,1.15,25.2966,29.7171,2.09,2.5996,2.3541,,0.5797,12000.0,3898.78,3434.14,207000.0,67253.955,4
5266,920079.BJ,乔路铭,20260928,12.44,2.8144,2.833,0.65,12.1319,11.7395,2.6938,1.6331,1.6378,,,41631.04,7260.1066,7212.35,517890.1376,90315.7261,4
5267,920080.BJ,奥美森,20260928,19.8,0.7516,0.7516,0.75,22.0381,20.3302,2.9356,4.1707,3.9969,2.5253,5.0505,8300.0,2297.5701,2297.5701,164340.0,45491.888,4
5268,920081.BJ,欧伦电气,20260928,42.25,10.6997,10.7459,1.9,13.2152,12.5197,2.9302,1.5063,1.3228,,1.1834,7260.0,1710.0,1702.6589,306735.0,72247.5,1
5269,920082.BJ,方正阀门,20260928,7.66,0.6221,0.6221,0.69,27.1342,46.6203,2.9252,2.1448,2.4609,2.984,1.2122,20349.7,5722.4318,5722.4318,155878.702,43833.8276,4
5270,920083.BJ,金戈新材,20260928,40.72,13.5891,16.1352,0.71,63.2373,56.6595,5.5565,6.8117,6.4823,,,8926.9474,3802.3222,3202.3222,363505.2981,154830.56,4
5271,920086.BJ,科马材料,20260928,19.55,1.2453,1.2453,0.71,18.2348,17.6356,1.8996,5.9218,5.6606,,2.5575,8368.0,2737.21,2737.21,163594.4,53512.4555,4
5272,920087.BJ,秋乐种业,20260928,14.12,5.5227,12.0027,0.57,186.2868,104.4798,4.4315,7.0429,6.8465,1.0623,0.4958,16520.0,16404.6125,7548.1125,233262.4,231633.1285,4
5273,920088.BJ,科力股份,20260928,40.7,10.0985,10.7702,0.92,63.3631,82.8575,5.0393,8.0289,7.9057,0.1966,0.2457,8807.15,3235.0434,3033.2688,358451.005,131666.2664,4
5274,920089.BJ,禾昌聚合,20260928,10.05,0.7462,0.8536,0.68,11.8379,12.7126,1.497,0.9998,1.0,0.7654,0.9185,19586.84,11156.1776,9753.1001,196847.742,112119.5849,4
5275,920090.BJ,*ST同辉,20260928,3.29,0.9679,0.9679,1.11,,,18.9236,19.6791,35.865,,,19933.3546,13491.2672,13491.2672,65580.7366,44386.2691,4
5276,920091.BJ,大鹏工业,20260928,26.69,2.6377,2.6377,1.17,42.9502,116.6719,3.6533,6.8688,8.984,,1.199,6146.52,1450.02,1450.02,164050.6188,38701.0338,4
5277,920092.BJ,汉鑫科技,20260928,24.01,1.824,2.8616,0.48,,,4.3922,14.133,16.5422,0.2062,,6207.97,3295.6659,2100.5823,149053.3597,79128.9383,4
5278,920093.BJ,信胜科技,20260928,18.63,3.4112,3.4112,0.32,11.7933,11.7933,4.0388,1.7717,1.7717,,,14100.0,2520.0,2520.0,262683.0,46947.6,4
5279,920096.BJ,嘉晨智能,20260928,29.55,3.29,3.29,0.81,28.6246,27.1937,2.936,5.0857,4.651,,1.4552,6900.0,1620.0,1620.0,203895.0,47871.0,4
5280,920098.BJ,科隆新材,20260928,17.09,1.934,2.2713,1.32,23.6302,25.5949,1.4729,2.8695,2.8,1.7554,1.7554,8132.0369,5537.5664,4715.1947,138976.5106,94637.0098,4
5281,920099.BJ,瑞华技术,20260928,16.21,0.5659,0.6784,0.34,14.2802,24.8624,1.7274,2.6247,3.0511,1.0282,1.0282,9407.9997,5893.3446,4915.8691,152503.6751,95531.116,4
5282,920100.BJ,三协电机,20260928,30.41,9.3815,9.3815,1.89,52.0268,58.0945,6.7672,5.7051,4.7819,1.1744,1.8321,10333.302,2739.8193,2739.8193,314235.7138,83317.9049,1
5283,920101.BJ,志高机械,20260928,15.7,0.1766,0.4091,0.71,17.4529,19.4054,1.8119,2.1635,2.2951,,0.9099,12480.7443,10213.7816,4408.4691,195947.6855,160356.3711,4
5284,920106.BJ,林泰新材,20260928,33.0,1.7321,2.5069,1.22,13.2269,16.7205,3.119,4.4443,4.9124,1.2811,1.8182,5659.35,4366.1878,3016.6871,186758.55,144084.1974,4
5285,920107.BJ,恒兴股份,20260928,18.94,3.6919,3.6919,0.43,14.2969,14.2969,2.3205,1.9509,1.9509,,,8388.0,1887.3,1887.3,158868.72,35745.462,4
5286,920108.BJ,宏海科技,20260928,8.43,0.3985,0.5492,0.8,78.8803,123.8872,3.0422,2.8306,2.7769,0.9066,0.1305,17220.0,7296.765,5294.765,145164.6,61511.729,4
5287,920110.BJ,雷特科技,20260928,25.04,0.5578,0.8152,0.57,21.5954,24.7495,2.6861,4.8512,4.7626,3.9936,1.9968,3900.0,1623.9,1111.2,97656.0,40662.456,4
5288,920111.BJ,聚星科技,20260928,24.94,1.767,2.8267,0.91,32.256,15.4995,3.5112,3.1344,1.9063,0.8019,0.401,15515.45,7528.8125,4706.325,386955.323,187768.5838,4
5289,920112.BJ,巴兰仕,20260928,14.3,0.4866,0.4866,0.66,11.6112,13.142,1.7885,1.5163,1.4873,2.4975,2.997,11879.0,7514.29,7514.29,169869.7,107454.347,4
5290,920116.BJ,星图测控,20260928,42.84,0.5774,1.9067,0.85,95.0363,99.6995,16.1289,29.8306,30.6334,0.1775,0.2134,22368.5,22368.5,6773.3907,958266.54,958266.54,4
5291,920117.BJ,龙鑫智能,20260928,26.8,14.4938,14.4938,0.53,20.3785,20.307,3.2491,3.7956,3.5957,,,8984.0012,2021.4003,2021.4003,240771.2322,54173.528,4
5292,920118.BJ,太湖远大,20260928,20.2,0.7842,0.8947,0.8,40.6065,18.3686,1.7475,0.656,0.61,4.8725,1.4851,5171.1,3133.91,2746.91,104456.22,63304.982,1
5293,920119.BJ,美德乐,20260928,52.89,1.0308,1.0308,0.65,19.682,18.869,2.6433,3.9015,3.5129,,0.6753,10097.2573,2757.0337,2757.0337,534043.9386,145819.5124,1
5294,920121.BJ,江天科技,20260928,27.2,0.8419,0.8419,0.78,16.408,16.3024,2.2285,2.9585,2.8753,,1.8382,6606.8183,1192.5274,1192.5274,179705.4578,32436.7453,4
5295,920122.BJ,中纺标,20260928,25.3,10.9946,21.3673,2.73,108.3532,91.1129,6.7916,12.026,11.7532,1.0712,0.7713,9224.2108,3737.5138,1923.1394,233372.5332,94559.0991,1
5296,920123.BJ,芭薇股份,20260928,10.67,0.7903,1.0106,0.43,30.7856,27.3865,2.8532,1.4137,1.2735,2.1628,1.8744,11154.0,6498.4896,5081.8529,119013.18,69338.884,4
5297,920124.BJ,南特科技,20260928,12.15,0.6947,0.7695,1.0,18.2116,27.1262,1.6927,1.6512,1.7023,,1.2346,14873.3315,7658.1409,6914.4744,180710.9777,93046.4119,4
5298,920125.BJ,鸿仕达,20260928,140.0,6.4389,6.4389,0.9,112.7204,89.182,11.1409,11.8356,10.6213,,,5616.0,2289.8519,2289.8519,786240.0,320579.266,4
5299,920126.BJ,永大股份,20260928,9.68,2.2091,2.2091,0.58,16.4678,17.3956,1.5438,2.478,2.1773,,,18608.0,4466.8,4466.8,180125.44,43238.624,4
5300,920128.BJ,胜业电气,20260928,18.4,6.0057,6.0057,0.71,80.2477,204.2431,2.9424,2.71,2.3123,2.1739,0.5435,8119.0,2430.0,2430.0,149389.6,44712.0,4
5301,920130.BJ,立方控股,20260928,16.01,2.1839,4.1221,0.39,,,3.2119,4.2744,4.2574,,,9224.3236,5729.5119,3035.5415,147681.4208,91729.4855,4
5302,920132.BJ,泰鹏智能,20260928,8.75,2.7555,3.177,0.44,51.2864,44.4746,3.5463,3.1753,2.4497,0.7912,0.8791,10767.12,3656.0193,3170.9453,94212.3,31990.1689,4
5303,920136.BJ,永励精密,20260928,20.58,4.689,4.689,0.58,15.0963,11.38,1.3674,3.0488,2.7262,,,8000.0,2100.0,2100.0,164640.0,43218.0,4
5304,920138.BJ,杰理科技,20260928,35.3,9.4145,9.4145,0.54,25.6603,24.9034,3.2765,5.4498,5.2902,,,43295.5,3461.3757,3461.3757,1528331.15,122186.5622,4
5305,920139.BJ,华岭股份,20260928,14.66,1.2806,2.2792,0.47,,,3.8179,12.4929,12.4278,,,26950.7392,26035.9469,14629.3093,395097.8367,381686.9816,4
5306,920145.BJ,恒合股份,20260928,9.37,1.2303,1.9855,1.53,,,2.6224,11.8588,15.4928,,,7055.0,4883.225,3025.925,66105.35,45755.8183,4
5307,920146.BJ,华阳变速,20260928,5.59,11.1535,15.2043,0.94,,,4.3356,2.3945,3.3601,,,13499.0443,10859.3142,7966.1112,75459.6576,60703.5664,4
5308,920149.BJ,旭杰科技,20260928,8.31,1.1311,1.6254,0.44,,,4.791,1.3645,2.0387,,,7648.318,6326.7003,4402.5816,63557.5226,52574.8795,4
5309,920152.BJ,昆工科技,20260928,11.53,1.0095,1.2314,1.2,,,8.5679,2.0073,2.1477,,,11010.37,8210.1933,6731.0108,126949.5661,94663.5287,4
5310,920156.BJ,海昌智能,20260928,34.51,2.1915,2.1915,0.64,23.3576,16.1713,2.8866,3.3757,2.7115,,,10412.0,2170.8,2170.8,359318.12,74914.308,4
5311,920158.BJ,长江能科,20260928,7.69,1.3669,1.3669,0.64,28.2008,40.8443,2.9862,5.21,5.1234,,3.251,19961.2,5339.516,5339.516,153501.628,41060.878,4
5312,920159.BJ,农大科技,20260928,27.92,3.1407,3.1407,0.35,14.9036,19.3805,1.9319,0.903,0.8637,,2.8653,7600.0,1532.0,1532.0,212192.0,42773.44,4
5313,920160.BJ,北矿检测,20260928,18.68,0.7697,0.7697,0.95,27.4021,24.0124,3.8296,11.2924,10.5979,,1.3383,11328.0,2548.8,2548.8,211607.04,47611.584,4
5314,920161.BJ,龙辰科技,20260928,19.4,3.6058,3.6058,0.8,30.8401,33.3823,2.5657,4.107,3.992,,,13599.3941,7370.9591,7370.9591,263828.2455,142996.6065,4
5315,920163.BJ,方大新材,20260928,9.27,1.2574,2.0889,1.52,26.8676,21.4256,2.2919,1.4666,1.4093,1.1873,1.0794,12864.016,6068.1535,3652.6785,119249.4283,56251.7829,4
5316,920165.BJ,珈凯生物,20260928,32.6,2.9822,2.9822,0.44,23.7477,21.0332,3.2711,5.9916,5.3956,,1.908,4827.4349,960.5041,960.5041,157374.3777,31312.4337,4
5317,920166.BJ,海圣医疗,20260928,18.95,0.487,0.487,0.47,16.6266,17.6186,2.2219,4.1323,4.0535,,,7529.4118,2376.4707,2376.4707,142682.3536,45034.1198,4
5318,920167.BJ,同享科技,20260928,13.22,1.134,2.0692,0.81,67.0338,23.3797,2.1607,0.4499,0.4128,0.2941,0.2269,11002.65,6536.3812,3582.0462,145455.033,86410.9595,4
5319,920168.BJ,通宝光电,20260928,14.9,0.9933,0.9978,0.98,13.992,17.6173,1.416,1.5627,1.7678,,3.3557,7517.34,2817.4514,2804.6683,112008.366,41980.0259,4
5320,920169.BJ,七丰精工,20260928,19.87,1.8394,2.9593,0.42,55.6189,55.5793,4.4631,7.7038,7.5321,0.5092,,8080.009,5084.1586,3160.1267,160549.7788,101022.2314,4
5321,920171.BJ,志晟信息,20260928,15.34,0.8578,1.4019,0.45,313.3408,440.2568,7.0171,6.3647,5.5209,,,10023.3235,6763.198,4138.2747,153757.7825,103747.4573,4
5322,920174.BJ,五新智能,20260928,29.9,2.325,2.6656,1.27,32.5973,16.479,2.2926,4.6309,2.751,,1.0011,21690.4891,5590.568,4876.2823,648545.6241,167157.9832,4
5323,920175.BJ,东方碳素,20260928,7.48,1.0597,1.2718,0.53,,,1.435,3.7676,4.1781,,,11900.0,7929.236,6606.907,89012.0,59310.6853,4
5324,920176.BJ,维琪科技,20260928,60.25,12.2817,12.2817,0.51,39.0163,38.247,5.5262,12.8748,13.335,,0.6639,5883.0,794.7,794.7,354450.75,47880.675,4
5325,920177.BJ,恒道科技,20260928,22.41,1.298,1.298,0.81,14.803,16.3805,1.7258,3.9426,3.8075,,,5232.0,1852.8506,1852.8506,117249.12,41522.3819,4
5326,920178.BJ,锐翔智能,20260928,81.88,4.1811,5.0454,0.72,41.3154,39.1576,5.4006,9.0334,8.1971,,1.0747,6593.8073,1925.5214,1595.6786,539900.9417,157661.6922,4
5327,920179.BJ,凯德石英,20260928,56.08,4.6753,6.4166,0.89,172.9188,264.2306,5.5474,14.8922,16.012,0.2155,0.2155,7445.6858,5971.8474,4351.262,417554.0597,334901.2022,4
5328,920180.BJ,爱得科技,20260928,11.42,0.8497,0.8497,0.84,17.3494,20.7505,1.752,4.4719,4.7405,,2.627,11812.3046,3596.9474,3596.9474,134896.5185,41077.1393,4
5329,920181.BJ,赛英电子,20260928,65.65,5.5275,5.5275,0.93,32.1997,29.6269,3.5765,4.7266,4.4798,,,4320.0,1002.0,1002.0,283608.0,65781.3,4
5330,920183.BJ,海菲曼,20260928,28.32,2.2203,2.2203,0.68,18.5286,18.1188,3.0969,5.7904,5.2749,,4.2514,4895.2,1124.9827,1124.9827,138632.064,31859.5101,4
5331,920184.BJ,国源科技,20260928,10.97,0.946,1.2962,0.56,66.4313,65.2535,2.3156,5.9579,5.8498,,0.9116,13172.7418,8936.7852,6522.5595,144504.9775,98036.5336,4
5332,920185.BJ,贝特瑞,20260928,19.4,0.3077,1.1552,1.04,25.2331,28.3448,1.7327,1.3002,1.1402,2.0254,1.5338,113819.0398,111945.9717,29820.9506,2208089.3721,2171751.851,4
5333,920186.BJ,中科仪,20260928,67.0,2.4539,2.4539,0.78,17.7721,5.8943,2.9442,11.6149,11.1908,,,22383.91,11707.5743,11707.5743,1499721.97,784407.4781,4
5334,920187.BJ,通领科技,20260928,16.63,0.8308,0.8359,0.76,10.1681,16.2032,1.2037,1.5491,1.692,,2.0735,9048.0,3319.5265,3299.2365,150468.24,55203.7257,4
5335,920188.BJ,悦龙科技,20260928,20.81,1.9112,1.9112,0.69,19.1309,18.6788,2.1675,5.9841,5.6483,,2.4027,8299.3198,1979.3879,1979.3879,172708.845,41191.0622,4
5336,920189.BJ,康美特,20260928,19.79,3.6445,4.4683,0.52,32.7973,28.1916,4.4302,5.9629,5.3893,,0.7074,14141.0,8486.74,6922.0,279850.39,167952.5846,4
5337,920190.BJ,雷神科技,20260928,22.56,2.5033,4.6059,0.71,98.5396,78.3049,2.6378,0.7488,0.7349,0.5319,0.5541,10000.0001,9944.3051,5404.6233,225600.0023,224343.5231,4
5338,920191.BJ,瑞尔竞达,20260928,8.53,1.0529,1.0529,0.72,16.3346,18.5124,1.4561,3.1679,3.1075,,,17739.54,3991.5,3991.5,151318.2762,34047.495,4
5339,920193.BJ,吉和昌,20260928,28.48,6.3548,6.3548,0.55,48.5396,34.7369,4.0867,5.993,5.3593,,,11133.08,2520.0,2520.0,317070.1184,71769.6,4
5340,920195.BJ,三祥科技,20260928,12.48,0.4781,0.8646,0.88,10.9413,11.6847,1.4631,1.0774,1.0708,1.6026,1.6026,9803.0,7075.8985,3912.9068,122341.44,88307.2133,4
5341,920198.BJ,微创光电,20260928,7.79,2.1406,2.1907,0.73,,38.218,2.8928,7.2945,6.5982,,,16136.3872,7046.6003,6885.6003,125702.4563,54893.0163,4
5342,920199.BJ,倍益康,20260928,23.13,2.1298,4.0989,0.74,396.6106,203.1865,3.0102,5.7684,5.628,,,6810.93,3792.6755,1970.6938,157536.8109,87724.5843,4
5343,920200.BJ,振宏股份,20260928,32.8,11.0499,11.0499,1.26,22.8927,24.907,2.7877,2.51,2.4276,,,10156.0,4436.9,4436.9,333116.8,145530.32,4
5344,920201.BJ,百瑞吉,20260928,52.01,58.0673,58.0673,,46.4818,46.4818,11.1094,12.5001,12.5001,,,6822.5832,760.8467,760.8467,354842.5522,39571.6369,4
5345,920204.BJ,沪江材料,20260928,12.63,0.6819,0.9647,0.43,56.794,45.0496,2.3782,3.6977,3.3971,0.4751,0.6334,9428.7797,4999.0743,3533.4748,119085.4876,63138.3084,4
5346,920206.BJ,彩客科技,20260928,36.47,3.3511,4.1879,0.54,17.8289,17.8882,2.9558,5.1498,4.9591,,1.371,7154.6227,2752.5103,2202.5103,260929.0899,100384.0506,4
5347,920207.BJ,众诚科技,20260928,20.83,3.0219,4.5088,0.71,2445.4988,84.1668,6.5969,4.6092,4.0677,,0.7201,9219.5,5631.4468,3774.27,192042.185,117303.0368,4
5348,920208.BJ,青矩技术,20260928,10.47,1.3105,1.4884,0.56,10.3324,9.8636,1.8626,2.0172,2.0184,4.9014,5.4578,18624.2425,16125.7101,14197.9201,194995.819,168836.1847,4
5349,920211.BJ,新睿电子,20260928,88.91,3.7961,5.9686,1.26,51.7967,55.7354,7.1049,9.6062,9.4406,,0.4904,3440.0,1159.6671,737.5569,305850.4,103106.0019,4
5350,920212.BJ,智新电子,20260928,10.1,3.1858,5.2632,0.81,101.5344,87.9131,2.5233,2.1478,2.0065,0.5941,0.3564,10610.0,5160.2263,3123.3944,107161.0,52118.2856,4
5351,920218.BJ,新天力,20260928,14.5,2.6313,2.6313,0.61,17.8328,25.7491,1.5739,1.2845,1.3124,,,9367.124,2107.6229,2107.6229,135823.298,30560.5321,4
5352,920220.BJ,朗信电气,20260928,39.31,2.8852,2.8852,0.68,19.7734,19.7475,2.2538,1.8439,1.7543,,,6620.6262,2073.5837,2073.5837,260256.8159,81512.5752,4
5353,920221.BJ,易实精密,20260928,11.96,1.5272,2.5398,1.73,24.4659,26.6833,3.2621,4.0606,3.945,2.7258,0.8361,11865.0,6193.0908,3723.8751,141905.4,74069.366,4
5354,920222.BJ,益坤电气,20260928,23.47,9.1723,9.1723,0.91,34.0268,33.9835,4.2562,5.3902,5.2078,,,8564.71,1156.259,1156.259,201013.7437,27137.3987,4
5355,920223.BJ,荣亿精密,20260928,12.2,4.6864,7.2583,0.72,,,8.2902,4.4139,3.8869,,,15728.5,8167.525,5273.4809,191887.7,99643.805,4
5356,920225.BJ,利通科技,20260928,15.45,3.0704,3.717,0.8,23.5585,25.36,2.5614,4.2495,4.0139,1.2945,0.6472,12691.8894,8278.2154,6838.2034,196089.6912,127898.4279,4
5357,920227.BJ,美登科技,20260928,48.71,2.5705,4.2109,0.43,43.7838,42.463,4.7437,12.2219,12.0773,2.053,2.053,3894.15,1771.8217,1081.6034,189684.0465,86305.435,4
5358,920229.BJ,世纪数码,20260928,55.88,57.5401,57.5401,,46.288,46.288,7.8838,4.0484,4.0484,,,4434.0,1135.0,1135.0,247771.92,63423.8,4
5359,920230.BJ,欧康医药,20260928,11.07,2.7997,4.5168,0.66,96.7739,80.7514,2.7033,3.3528,3.3922,0.6947,1.355,10047.4603,4724.7748,2928.6622,111225.3855,52303.257,1
5360,920237.BJ,力佳科技,20260928,10.6,0.5576,1.4165,0.77,23.9662,36.642,1.9424,2.8862,3.1823,1.9792,0.8576,9503.208,9323.1998,3670.193,100734.0048,98825.9179,4
5361,920238.BJ,长鹰硬科,20260928,60.35,9.7047,9.7047,0.78,46.0872,12.1475,4.9925,4.7266,2.7758,,,9523.8257,1940.6941,1940.6941,574762.881,117120.8889,4
5362,920239.BJ,长虹能源,20260928,19.53,0.5133,1.3436,1.15,14.2516,14.8568,3.2071,0.7929,0.7133,1.8287,2.0481,18207.4204,17987.998,6872.5676,355590.9204,351305.6009,4
5363,920242.BJ,建邦科技,20260928,13.41,0.595,0.7943,1.29,14.7603,16.5147,1.8403,1.6195,1.5514,2.0842,2.6633,9421.37,5273.3065,3950.0448,126340.5717,70715.0402,4
5364,920245.BJ,威博液压,20260928,13.3,0.7874,1.5682,0.81,71.2262,48.1633,2.5933,2.7019,2.3682,0.8114,1.0741,6907.32,5319.4347,2671.032,91867.356,70748.4815,4
5365,920247.BJ,华密新材,20260928,14.97,2.1281,5.0908,1.25,65.1173,60.5607,5.8709,6.4516,5.9986,0.6166,0.6235,18905.2999,13714.3415,5733.0125,283012.3395,205303.6923,1
5366,920249.BJ,利尔达,20260928,8.64,1.9311,1.9311,0.55,86.0641,46.0288,4.4806,1.498,1.2818,,,42163.0,12466.9576,12466.9576,364288.32,107714.5137,4
5367,920252.BJ,天宏锂电,20260928,13.95,1.2129,1.9369,0.87,157.6474,331.2277,5.5251,3.5882,3.6875,0.4229,0.2867,10265.0665,6823.1239,4272.4845,143197.6777,95182.5784,4
5368,920258.BJ,聚仁新材,20260928,9.72,1.859,3.0542,0.69,31.9232,31.9232,4.7962,6.1226,6.1226,,,40000.0,13176.053,8019.8361,388800.0,128071.2352,4
5369,920260.BJ,中寰股份,20260928,8.05,0.5003,1.1618,1.18,19.8332,21.7654,1.894,2.7086,2.8039,2.4845,2.4845,10355.0,9896.0709,4261.9309,83357.75,79663.3707,4
5370,920261.BJ,一诺威,20260928,13.21,0.3363,0.5191,0.71,20.6011,18.0327,2.3602,0.5128,0.4499,2.2051,3.028,29113.2748,16024.6197,10382.3388,384586.3601,211685.2262,4
5371,920262.BJ,太湖雪,20260928,14.69,4.0062,6.7039,1.69,31.5137,26.0701,3.211,2.0303,1.8916,1.5273,0.5673,8293.7022,3855.6499,2304.1196,121834.4853,56639.497,1
5372,920263.BJ,中航泰达,20260928,6.14,0.4002,0.5917,0.37,,,1.6861,2.7569,3.2477,2.3274,,14124.2896,10250.4647,6933.2925,86723.1381,62937.8533,4
5373,920266.BJ,生物谷,20260928,7.12,1.0028,1.7139,0.73,,,1.0074,2.039,2.0713,,,12400.0007,11849.0457,6932.7857,88288.005,84365.2054,0
5374,920267.BJ,鑫汇科,20260928,15.37,1.81,2.5917,0.5,,,3.0231,1.4193,1.4228,1.3012,,4748.2941,2717.7048,1897.9798,72981.2803,41771.1228,4
5375,920268.BJ,百迈科,20260928,30.84,24.1493,28.9972,0.52,23.6063,23.6063,4.7087,7.7767,7.7767,,,5420.0,1444.8136,1203.2655,167152.8,44558.0514,4
5376,920269.BJ,杰锋动力,20260928,33.85,12.6685,12.6685,0.6,13.8438,13.8438,2.7354,0.8559,0.8559,,,6000.0,889.95,889.95,203100.0,30124.8075,4
5377,920270.BJ,天铭科技,20260928,10.99,0.6167,1.7738,1.34,31.8761,52.7441,2.8056,5.4019,5.255,4.5496,0.6369,10461.6,8128.2067,2825.9427,114972.984,89328.9916,4
5378,920271.BJ,邦德股份,20260928,8.76,1.0764,1.8464,1.12,11.451,16.0109,1.8277,3.0144,3.3904,2.0756,2.2831,13082.3,5789.0431,3374.9448,114600.948,50712.0176,4
5379,920273.BJ,一致魔芋,20260928,16.87,1.429,2.4381,0.65,26.0511,35.6499,2.7222,2.3513,2.2887,2.1167,2.9638,10303.7904,6859.0204,4019.9504,173824.944,115711.6741,4
5380,920274.BJ,宏裕包材,20260928,14.57,0.9754,3.0633,1.24,64.2837,51.5788,2.3913,1.9107,1.7691,0.6785,1.0177,8133.3334,8133.3334,2589.8957,118502.6676,118502.6676,4
5381,920275.BJ,驱动力,20260928,6.56,0.5413,1.4529,1.0,236.6581,457.3882,4.5689,13.6191,13.6626,0.9146,0.3811,15937.76,13191.4521,4914.9052,104551.7056,86535.9258,4
5382,920278.BJ,鹿得医疗,20260928,6.21,0.5281,0.715,0.55,55.7019,82.966,2.7966,3.611,3.4441,3.2206,,17450.0,9864.53,7285.99,108364.5,61258.7313,4
5383,920284.BJ,灵鸽科技,20260928,15.6,2.0349,2.4777,0.86,,,5.2141,6.9473,5.7549,,,10478.5645,6706.0701,5507.7348,163465.6062,104614.6936,4
5384,920288.BJ,华大海天,20260928,17.51,10.6357,10.6357,0.33,18.2614,18.2614,2.2883,2.1314,2.1314,,,7556.2,1788.0,1788.0,127612.88,31307.88,4
5385,920289.BJ,华汇智能,20260928,26.77,13.2834,13.2834,0.4,22.6347,22.6347,6.6449,2.957,2.957,,,6800.008,1445.0017,1445.0017,182036.2142,38682.6955,4
5386,920298.BJ,腾信精密,20260928,87.9,34.8292,36.2508,0.67,36.6817,36.6817,7.2212,9.054,9.054,,,7800.0,1530.0,1470.0,685620.0,134487.0,1
5387,920299.BJ,灿能电力,20260928,13.17,1.8156,2.583,0.89,47.6542,57.1778,4.2262,9.4541,9.4232,0.8352,1.2604,9010.9276,4541.4765,3192.275,118673.9165,59811.2455,4
5388,920300.BJ,辰光医疗,20260928,9.48,1.0662,1.3242,0.8,,,5.2597,9.0486,8.9875,,,8584.7126,6653.1656,5357.1221,81383.0754,63072.0099,4
5389,920304.BJ,迪尔化工,20260928,8.88,0.5981,1.0411,0.48,25.7756,31.3622,2.8491,2.0737,1.7814,2.1559,1.6892,16953.8,13542.9848,7780.467,150549.744,120261.705,4
5390,920339.BJ,恒太照明,20260928,10.36,0.3974,0.9609,0.87,57.117,85.1594,3.916,4.1179,4.3996,0.9653,0.9653,22020.38,15117.7135,6252.6782,228131.1368,156619.5119,4
5391,920344.BJ,三元基因,20260928,22.53,5.9741,12.9375,1.39,534.1894,205.5408,4.3721,9.5958,9.5287,,,12181.0,11372.8159,5251.5642,274437.93,256229.5422,1
5392,920346.BJ,威贸电子,20260928,15.02,4.6033,7.1358,1.01,24.993,26.3679,2.5523,4.2028,4.1792,2.2643,2.2636,8065.3103,4487.8268,2895.0571,121140.9607,67407.1585,4
5393,920351.BJ,华光源海,20260928,12.21,3.8338,3.8338,0.69,58.2882,75.529,2.379,0.5538,0.5845,0.819,0.819,8803.5439,3984.034,3984.034,107491.271,48645.0551,4
5394,920357.BJ,雅葆轩,20260928,14.62,2.5802,4.4945,0.67,23.1198,23.2416,3.5878,2.5421,2.1599,2.6307,0.5261,10410.4,6295.588,3614.1936,152200.048,92041.4966,4
5395,920363.BJ,莱赛激光,20260928,9.61,1.1508,1.4622,0.66,251.5633,213.8636,3.6204,6.1356,5.7075,,1.1986,12402.2,7051.2401,5549.7401,119185.142,67762.4174,4
5396,920367.BJ,新赣江,20260928,25.9,9.0652,18.2806,0.63,125.7537,157.7133,3.8052,13.0131,12.7158,0.3861,0.1158,7086.125,4199.2578,2082.3817,183530.6375,108760.777,4
5397,920368.BJ,连城数控,20260928,22.42,1.0515,1.6713,0.72,62.1198,,1.2432,2.4077,2.7492,0.669,0.1784,23478.044,22330.6534,14049.5954,526377.7465,500653.2492,4
5398,920370.BJ,新安洁,20260928,2.85,0.5123,0.987,0.72,,,1.54,2.1705,2.3194,,,30028.3343,26238.62,13619.9289,85580.7528,74780.067,4
5399,920371.BJ,欧福蛋业,20260928,7.05,1.7111,5.4962,0.63,16.7359,27.3903,2.3949,1.6,1.5645,1.4184,1.4184,20544.5536,19480.9604,6064.8326,144839.1029,137340.7708,4
5400,920374.BJ,云里物里,20260928,14.46,1.3438,1.5357,0.95,80.0585,95.0785,4.7569,5.0391,4.7027,0.7169,0.5928,8559.39,3492.4888,3056.0847,123768.7794,50501.388,4
5401,920375.BJ,派诺科技,20260928,6.2,0.9579,1.0892,0.67,96.4839,,1.2503,1.3322,1.4303,,0.576,15211.539,9843.3595,8656.8991,94311.5418,61028.8289,4
5402,920378.BJ,泰德股份,20260928,7.01,1.0423,1.6208,2.77,42.7293,48.8864,2.8095,2.6787,2.6514,1.4265,1.4265,15552.6,10973.3804,7056.7404,109023.726,76923.3966,4
5403,920392.BJ,佳合科技,20260928,13.4,1.1193,2.0537,0.44,49.9839,59.5994,3.049,1.3921,1.3306,0.568,0.7463,7666.87,3603.99,1964.2765,102736.058,48293.466,4
5404,920394.BJ,民士达,20260928,46.05,1.2293,3.6937,1.13,52.8775,55.1457,8.0071,15.1242,15.3556,0.4343,0.4343,14625.0,14517.2812,4831.2812,673481.25,668520.7993,4
5405,920395.BJ,朗鸿科技,20260928,6.54,0.5357,0.874,0.57,24.3195,49.759,4.4928,5.8947,7.2353,2.7593,3.0341,15258.5704,10508.8024,6440.7244,99791.0504,68727.5677,4
5406,920396.BJ,常辅股份,20260928,17.4,0.9203,1.3684,0.76,30.7555,30.7837,3.4818,4.8631,4.7303,1.1933,1.1494,7222.1136,4971.6911,3343.5522,125664.7766,86507.4251,4
5407,920402.BJ,硅烷科技,20260928,8.03,1.2257,2.4686,0.77,,,2.305,7.1507,9.5118,0.2491,,42206.0067,27287.3277,13548.5549,338914.2338,219117.2414,4
5408,920403.BJ,康农种业,20260928,19.31,3.0931,3.9922,0.51,27.7942,25.654,3.8265,5.8357,5.499,0.6726,0.9416,10929.7188,6500.2938,5036.3313,211052.87,125520.6733,4
5409,920405.BJ,海希通讯,20260928,17.5,2.5241,4.8345,5.3,30.3278,38.1381,2.7848,3.9926,3.0301,1.2629,0.2857,13647.0283,10629.0539,5549.4521,238822.9953,186008.4433,1
5410,920407.BJ,驰诚股份,20260928,10.42,1.4558,2.3418,1.22,61.7709,60.6599,4.1822,4.264,3.9573,0.5679,0.7382,11099.92,4518.9164,2809.1519,115661.1664,47087.1089,4
5411,920414.BJ,欧普泰,20260928,7.79,1.5166,1.7284,0.79,,,2.3585,9.9892,12.0336,,,7974.8171,5607.7587,4920.5829,62123.8252,43684.4403,4
5412,920415.BJ,恒拓开源,20260928,8.6,1.2273,1.6931,0.89,48.7049,43.1099,2.1615,6.965,6.4674,0.4039,0.407,14051.1487,10717.5054,7768.6594,120839.8788,92170.5464,4
5413,920418.BJ,苏轴股份,20260928,18.83,3.273,5.8765,3.57,20.2997,24.5596,3.3229,4.2165,4.1492,1.5489,1.8587,16248.96,15691.8552,8739.6792,305967.9168,295477.6334,1
5414,920419.BJ,路斯股份,20260928,10.62,0.5104,0.9349,0.47,18.1462,20.0182,1.7599,1.2773,1.1414,0.9416,1.4124,10330.64,9669.1274,5279.2709,109711.3968,102686.133,4
5415,920422.BJ,润普食品,20260928,9.09,0.8788,1.3184,0.45,43.8084,27.1973,1.8441,1.6258,1.4331,1.6502,1.3201,8848.271,6622.271,4414.271,80430.7834,60196.4434,4
5416,920425.BJ,乐创技术,20260928,13.77,1.1571,1.6562,0.7,43.1947,26.9527,4.8276,12.1534,8.9074,0.7307,1.2968,10071.1167,8289.8617,5791.6002,138679.277,114151.3956,4
5417,920427.BJ,华维设计,20260928,9.93,17.0612,27.7173,0.71,,,3.2698,10.8235,9.3967,1.4602,,10309.5,5085.2039,3130.1625,102373.335,50496.0747,4
5418,920429.BJ,康比特,20260928,10.01,0.6407,1.1974,0.56,31.5974,25.9239,1.4925,1.0755,1.195,2.4706,0.9708,12447.6,11350.0391,6073.4661,124600.476,113613.8914,4
5419,920433.BJ,大唐药业,20260928,4.62,0.5016,0.8896,0.52,,,3.1795,8.8629,10.0097,1.2987,,25591.9681,16931.6396,9546.1689,118234.8926,78224.175,4
5420,920436.BJ,大地电气,20260928,10.47,0.5569,1.4751,0.53,,73.7731,2.4946,0.5811,0.4245,,,9517.764,8938.3941,3374.4466,99650.9891,93584.9862,4
5421,920438.BJ,戈碧迦,20260928,116.1,4.3665,7.1095,1.03,566.8279,347.7255,16.8536,30.4043,26.3901,0.0842,0.0867,14444.0,13939.405,8561.25,1676948.4,1618364.9205,4
5422,920445.BJ,龙竹科技,20260928,7.32,6.4105,7.4055,2.04,44.0975,62.6385,3.6953,2.8949,3.0114,4.0198,2.681,14815.5025,10800.8131,9349.7139,108449.4783,79061.9519,4
5423,920454.BJ,同心传动,20260928,11.38,1.7698,2.1256,1.29,43.8947,44.0059,3.668,7.9446,8.4776,1.406,1.406,10510.0,4923.05,4099.095,119603.8,56024.309,4
5424,920455.BJ,汇隆活塞,20260928,6.38,0.4096,0.7263,0.69,41.5787,34.9944,3.3231,7.0196,6.1681,2.8213,2.1944,17745.0,9731.1442,5488.0882,113213.1,62084.7,4
5425,920469.BJ,富恒新材,20260928,5.68,1.5241,2.0531,0.66,,,2.8718,2.1107,2.0549,0.8803,,14094.6,10344.8162,7679.1736,80057.328,58758.556,4
5426,920471.BJ,美邦科技,20260928,11.13,1.0652,1.5876,0.6,,,1.7932,2.1921,2.0145,0.8846,0.8846,8320.0,5303.0607,3557.8643,92601.6,59023.0656,4
5427,920475.BJ,三友科技,20260928,10.95,0.689,1.3489,1.05,,,3.1203,6.231,3.9342,0.4566,,10106.0,5619.661,2870.4901,110660.7,61535.288,4
5428,920476.BJ,海能技术,20260928,22.47,0.8571,1.1672,0.7,47.7808,41.9369,4.4649,5.5631,5.2375,0.6045,0.3979,8958.574,8032.9933,5899.0833,201299.1578,180501.3595,4
5429,920478.BJ,峆一药业,20260928,11.12,12.0151,14.8746,0.56,24.4262,169.9871,2.4279,4.2593,6.0943,1.8353,0.9635,11019.218,6700.4191,5412.3247,122533.7042,74508.6604,4
5430,920489.BJ,佳先股份,20260928,12.14,1.4531,1.4531,0.53,,,3.4748,3.0564,3.097,1.4827,,13645.92,8682.5529,8682.5529,165661.4688,105406.1922,4
5431,920491.BJ,奥迪威,20260928,20.83,1.4316,1.5408,1.02,31.267,40.4892,2.7694,4.3026,4.383,1.4402,1.4402,14114.318,11582.2946,10761.9394,294001.2439,241259.1965,4
5432,920493.BJ,并行科技,20260928,107.95,1.84,2.4935,0.62,535.2628,133.287,11.9422,5.892,4.0911,,,6058.1955,4463.6935,3293.8023,653982.2042,481855.7133,4
5433,920496.BJ,许昌智能,20260928,6.18,0.7204,1.0371,0.42,93.0756,146.6583,1.8137,1.7438,1.6075,2.4272,1.6181,16557.5,14499.8432,10070.8995,102325.35,89609.031,4
5434,920504.BJ,博迅生物,20260928,17.93,1.127,1.3911,0.53,52.0937,42.7265,3.7966,6.4849,6.1399,0.2789,1.1154,4333.31,1709.1905,1384.6905,77696.2483,30645.7857,4
5435,920505.BJ,九菱科技,20260928,24.98,2.84,5.7455,1.02,96.5285,123.7137,4.7947,9.8272,8.5687,0.5988,0.4003,6478.5465,3601.0926,1780.0343,161834.0916,89955.2931,4
5436,920508.BJ,殷图网联,20260928,14.26,1.5554,2.4714,0.92,405.8082,225.424,4.4696,9.5746,10.0797,1.1688,0.3506,6000.0,3190.5925,2008.08,85560.0,45497.8491,4
5437,920509.BJ,同惠电子,20260928,22.53,8.6485,12.5218,1.12,52.3238,50.1005,10.1886,15.5744,14.7385,1.1106,1.3198,16030.5696,8398.5512,5800.7109,361168.7331,189219.3585,4
5438,920510.BJ,丰光精密,20260928,21.44,10.4378,15.2731,1.62,,,9.9612,18.8187,16.3728,,,18400.5129,9399.2678,6423.5678,394506.9966,201520.3016,1
5439,920519.BJ,万德股份,20260928,10.9,1.6411,2.3478,0.66,48.6063,23.1555,1.8214,2.338,1.9189,0.9061,2.7182,8925.8104,7936.7289,5547.6893,97291.3334,86510.345,4
5440,920522.BJ,纳科诺尔,20260928,16.77,2.0791,2.7091,1.01,55.8291,120.5115,3.416,3.762,3.1919,0.9127,0.4259,21945.1008,18202.422,13969.8825,368019.3404,305254.6169,4
5441,920523.BJ,德瑞锂电,20260928,14.17,0.7085,0.9146,0.97,9.8844,11.9921,1.9726,2.7507,2.7375,2.1171,2.1171,10130.1369,8048.7475,6234.985,143544.0399,114050.7521,4
5442,920526.BJ,凯华材料,20260928,21.64,5.7368,11.1518,0.46,124.2056,108.493,7.7991,15.6043,15.1492,0.4621,0.4621,8270.0,5236.7486,2693.9515,178962.8,113323.2397,4
5443,920527.BJ,夜光明,20260928,14.96,1.2984,2.0593,0.84,50.1244,34.6664,2.2821,2.4367,2.3832,0.9894,2.3086,6004.27,4655.7297,2935.3987,89823.8792,69649.7163,1
5444,920533.BJ,骏创科技,20260928,16.16,1.567,2.2291,0.54,58.1138,50.2231,5.5171,3.0287,2.8818,0.952,0.6188,13075.7328,7313.7133,5141.2721,211303.842,118189.6069,4
5445,920541.BJ,铁大科技,20260928,9.32,0.3736,0.5669,0.94,18.0422,16.1327,2.6973,3.7567,3.5385,1.6094,2.1459,13670.0,9005.8684,5934.8484,127404.4,83934.6935,4
5446,920547.BJ,无锡晶海,20260928,18.69,0.9558,1.3826,0.64,23.0299,21.6843,1.9726,3.5821,3.4247,1.0701,1.0701,7768.8,3776.49,2610.7,145198.872,70582.5981,4
5447,920553.BJ,凯腾精工,20260928,6.68,0.6738,1.0705,0.9,41.9125,76.0991,2.7005,2.0894,1.9835,1.1976,0.7485,14369.046,9380.3385,5904.1447,95985.2273,62660.6612,4
5448,920556.BJ,雅达股份,20260928,6.36,0.8292,1.1407,1.26,43.8445,54.259,1.9552,3.1767,2.9872,1.5723,1.2579,16064.1082,11637.9896,8459.8446,102167.7282,74017.6139,4
5449,920564.BJ,天润科技,20260928,13.21,1.3803,2.2123,0.46,234.2227,,5.0219,6.8532,8.2185,0.2628,0.2523,10692.4345,4918.8836,3069.0352,141247.0597,64978.4524,4
5450,920566.BJ,梓橦宫,20260928,9.1,0.5666,0.6168,0.49,15.7105,15.4445,1.5542,3.0981,3.0037,2.213,2.1978,14446.188,11234.6561,10320.6084,131460.3108,102235.3705,4
5451,920570.BJ,坤博精工,20260928,24.49,1.459,2.0784,0.78,109.3063,67.7737,3.4527,10.2253,9.3195,0.3712,0.4083,5016.9821,2549.0716,1789.4134,122865.8916,62426.7635,4
5452,920571.BJ,国航远洋,20260928,8.86,7.3607,9.1838,0.86,177.5643,27.9136,3.6166,4.9337,4.0908,1.1287,1.1287,55540.7453,29608.4252,23730.7797,492091.0034,262330.6473,4
5453,920575.BJ,*ST康乐,20260928,4.97,1.3691,1.3697,0.65,,,,963.3465,1730.4825,,,28094.0,18783.868,18776.7239,139627.18,93355.824,4
5454,920576.BJ,天力复合,20260928,36.86,1.0687,4.0961,0.82,197.7367,477.7683,9.1612,7.6729,8.8833,0.5426,0.2713,10895.0,10787.0154,2814.3154,401589.7,397609.3876,4
5455,920578.BJ,巨能股份,20260928,17.4,3.654,5.3121,1.08,,311.3574,4.8228,8.0481,8.7953,,,7647.9097,3550.1019,2441.9842,133073.6288,61771.7731,1
5456,920579.BJ,机科股份,20260928,13.91,1.0811,1.0811,0.94,,,3.9727,3.8117,3.8877,0.2301,,12948.0,4457.442,4457.442,180106.68,62003.0182,1
5457,920580.BJ,科创新材,20260928,10.85,1.8365,2.5991,1.01,52.7285,36.1294,2.6592,6.6918,5.7218,0.6452,0.6452,8600.0,5476.3074,3869.621,93310.0,59417.9353,4
5458,920592.BJ,华信永道,20260928,25.8,4.935,7.5313,0.37,,,6.7694,11.1944,10.3973,0.5963,,8079.5,5028.5711,3295.0363,208451.1,129737.1344,4
5459,920593.BJ,鼎智科技,20260928,23.53,1.3772,2.6284,1.45,149.5915,162.2156,6.0907,16.7128,13.1419,0.6007,0.34,19024.5872,16215.4806,8496.728,447648.5368,381550.2585,1
5460,920599.BJ,同力股份,20260928,17.32,0.6436,0.967,1.13,9.5442,8.6726,2.1802,1.2539,1.1827,3.9544,3.9981,46252.5,35057.4346,23334.3954,801093.3,607194.7673,1
5461,920608.BJ,丰安股份,20260928,13.42,0.8946,1.1136,0.7,24.8905,25.3297,1.6754,5.6718,5.7696,2.2355,2.2355,6224.0,4821.8888,3873.7944,83526.08,64709.7477,4
5462,920627.BJ,力王股份,20260928,12.8,1.3479,2.1073,0.98,45.1713,55.6691,2.6164,1.5803,1.4925,0.9375,0.3906,9445.0,4909.75,3140.3188,120896.0,62844.8,4
5463,920634.BJ,新威凌,20260928,15.25,1.1729,2.3246,0.74,54.9417,57.4868,3.3321,1.1844,1.1348,0.6543,0.6558,6389.8766,4079.2613,2058.2496,97445.6182,62208.7348,4
5464,920639.BJ,晨光电缆,20260928,5.95,0.539,0.6925,0.63,73.6697,116.6679,1.4187,0.5273,0.4523,,1.6649,20160.0,11875.3634,9243.5288,119952.0,70658.4122,4
5465,920640.BJ,富士达,20260928,27.13,2.2026,4.2747,1.06,65.5261,63.2621,5.4222,5.7801,5.4729,0.3686,0.5529,18772.8,18061.8306,9306.653,509306.064,490017.4642,4
5466,920641.BJ,格利尔,20260928,12.75,1.3359,2.0992,0.75,109.5916,56.4129,2.7245,1.8485,1.6486,0.7843,0.7843,7507.5,4531.8313,2884.0813,95720.625,57780.8491,4
5467,920642.BJ,通易航天,20260928,9.58,1.1432,2.1069,0.75,,,4.4692,11.0292,13.3831,0.5181,,10367.0278,10033.1878,5444.0158,99316.1263,96117.9391,4
5468,920651.BJ,天罡股份,20260928,19.78,2.8761,7.6602,1.15,15.708,17.5923,2.3144,3.4262,3.5004,3.5389,3.5389,6100.0,4146.7373,1556.9363,120658.0,82022.4638,1
5469,920656.BJ,海昇药业,20260928,14.48,0.4668,0.8538,1.23,20.8474,16.8075,2.0369,6.564,5.5501,1.3812,2.7624,10000.0,8162.8562,4462.8594,144800.0,118198.1578,4
5470,920662.BJ,方盛股份,20260928,17.91,2.6348,2.8202,0.73,79.6292,185.2937,3.5006,4.087,3.9427,0.9535,0.6652,8818.0002,2700.6082,2523.0687,157930.3836,48367.8929,4
5471,920663.BJ,明阳科技,20260928,11.83,0.7165,1.1504,1.06,18.5078,16.4663,3.8994,4.0609,3.8925,4.4294,5.0666,13355.251,6407.652,3990.902,157992.6193,75802.5232,4
5472,920665.BJ,科强股份,20260928,8.19,1.7575,2.7158,1.17,32.8086,43.5517,1.4716,3.2771,3.2765,1.8315,1.221,12999.0,6418.1109,4153.3234,106461.81,52564.3283,4
5473,920670.BJ,数字人,20260928,12.07,1.1656,1.3922,0.72,156.5998,312.5797,5.4481,12.8606,12.8894,,0.4971,10618.24,6663.3608,5578.9099,128162.1568,80426.7649,4
5474,920675.BJ,秉扬科技,20260928,7.17,0.9019,1.4341,1.08,25.8005,33.7708,2.0503,2.3413,2.5773,2.7894,2.7894,17216.4,7901.787,4969.266,123441.588,56655.8128,4
5475,920679.BJ,前进科技,20260928,15.34,0.1956,0.4031,0.3,44.1382,42.9221,1.7305,7.6388,6.2035,2.3468,1.8253,5585.0,3710.525,1800.605,85673.9,56919.4535,1
5476,920682.BJ,球冠电缆,20260928,5.66,0.5268,0.7343,0.94,22.8091,28.8819,1.9574,0.5781,0.4978,2.4539,2.9446,38937.6,22580.6786,16200.13,220386.816,127806.6409,4
5477,920685.BJ,新芝生物,20260928,12.48,2.2713,2.698,0.54,32.4422,29.929,2.0334,6.7292,6.2606,1.4007,1.0116,9151.5941,5831.3974,4909.1357,114211.8944,72775.8396,4
5478,920689.BJ,克莱特,20260928,19.2,0.7082,0.8889,0.9,25.5799,25.8223,2.9174,2.402,2.2589,2.0833,2.6042,7340.0,3793.0617,3021.962,140928.0,72826.7846,4
5479,920690.BJ,捷众科技,20260928,15.44,1.4647,2.7507,1.12,18.4616,18.0232,2.2105,3.4072,3.1545,1.9928,2.491,8619.0,5602.8804,2983.331,133077.36,86508.4734,4
5480,920693.BJ,阿为特,20260928,23.18,1.3305,2.0845,0.59,452.1662,,4.7552,5.7644,4.7441,0.302,0.1553,7270.0,3661.0,2336.75,168518.6,84861.98,4
5481,920694.BJ,中裕科技,20260928,16.11,0.6336,1.1694,0.84,23.5696,16.7784,2.2623,2.9855,2.6609,1.447,1.8704,13150.9482,6246.6783,3384.3975,211861.7755,100633.9874,4
5482,920699.BJ,海达尔,20260928,62.27,1.4636,2.4199,0.56,62.7261,80.5397,11.5899,10.7368,11.7733,0.7456,0.4359,6387.542,2922.542,1767.542,397752.2403,181986.6903,4
5483,920701.BJ,豪声电子,20260928,10.74,0.5933,1.6214,0.36,21.0352,40.0174,1.8442,1.6466,1.7377,1.9952,3.2588,13720.0,10020.724,3666.58,147352.8,107622.5758,1
5484,920703.BJ,广厦环能,20260928,9.55,0.3974,1.153,0.72,15.884,16.9044,1.2627,3.9076,3.5979,2.9918,,15072.4,7626.5147,2628.7724,143941.42,72833.2154,1
5485,920706.BJ,铁拓机械,20260928,15.88,12.4316,20.0455,1.65,31.1799,57.3734,2.5052,4.0015,4.4902,1.2302,0.9226,9460.5245,4767.187,2956.4614,150233.1291,75702.9296,4
5486,920717.BJ,瑞星股份,20260928,6.66,1.087,1.3267,0.8,,,1.4217,5.1486,6.2862,0.6204,,11468.0,4428.0,3628.0,76376.88,29490.48,4
5487,920718.BJ,合肥高科,20260928,10.0,1.3026,1.8676,0.64,23.2402,112.0734,1.5845,0.793,0.8638,2.0,2.0,9066.67,4651.0069,3244.0693,90666.7,46510.069,4
5488,920719.BJ,宁新新材,20260928,6.9,1.7805,1.9331,1.05,,,9.676,3.1524,3.6381,,,9309.34,7434.2662,6847.4655,64234.446,51296.4368,4
5489,920720.BJ,吉冈精密,20260928,7.65,2.1069,2.1801,1.03,32.1532,39.5424,3.8249,2.817,2.8004,1.5019,1.3072,26489.134,7401.7173,7153.1893,202641.8751,56623.1373,4
5490,920725.BJ,惠丰钻石,20260928,90.05,10.0701,16.6293,0.91,,,13.5656,48.4774,42.9197,0.1103,,9127.5,4418.0685,2675.415,821931.375,397847.0684,4
5491,920726.BJ,朱老六,20260928,14.75,1.8081,3.6714,0.57,75.6566,37.9487,3.1986,6.925,6.3801,1.1568,1.2927,10131.0,5591.3455,2753.6775,149432.25,82472.3461,4
5492,920729.BJ,永顺生物,20260928,6.54,0.6131,0.6131,0.46,43.3221,63.9454,2.7315,7.5045,8.7645,1.9881,1.9881,27330.0,7750.7041,7750.7041,178738.2,50689.6048,4
5493,920735.BJ,德源药业,20260928,25.01,1.4373,2.0011,0.63,13.6221,12.0517,2.3242,3.0512,2.8546,1.1147,1.454,12904.7589,11413.2954,8197.3663,322748.0201,285446.518,4
5494,920748.BJ,路桥信息,20260928,32.4,11.1967,35.3072,2.34,,,12.8976,27.9451,17.8941,0.3086,,7674.0,7037.01,2231.6034,248637.6,227999.124,4
5495,920751.BJ,惠同新材,20260928,14.95,0.77,1.2245,1.54,27.9304,27.8082,3.1436,5.6322,5.3193,2.0067,1.0033,8678.0,8306.7125,5223.7125,129736.1,124185.3519,4
5496,920753.BJ,天纺标,20260928,15.56,5.933,8.4505,4.09,38.6918,37.9135,3.23,5.2689,5.1533,1.9794,1.9794,8140.4368,3270.965,2296.5015,126665.1966,50896.2154,1
5497,920765.BJ,美之高,20260928,11.1,1.1585,2.3214,0.51,,,3.2529,1.8444,1.6453,1.9404,1.0811,8692.0077,5280.7104,2635.2947,96481.2855,58615.8854,4
5498,920768.BJ,拾比佰,20260928,7.1,0.6394,0.8461,0.75,20.4213,17.709,1.5199,0.6042,0.5486,,1.5091,15535.8,10738.9517,8116.3682,110304.18,76246.5571,4
5499,920770.BJ,艾能聚,20260928,9.84,1.9219,2.253,0.61,28.3322,30.2211,2.0802,7.0154,7.7868,1.2195,1.8293,13013.2175,8189.38,6985.8841,128050.0602,80583.4992,4
5500,920779.BJ,武汉蓝电,20260928,21.85,2.5401,2.5401,0.71,27.8532,31.6163,3.8206,10.4189,10.1127,4.8709,3.2037,8006.152,2002.0002,2002.0002,174934.4212,43743.7044,4
5501,920781.BJ,瑞奇智造,20260928,5.47,0.7287,0.8309,1.07,,,2.4587,3.5213,3.8803,0.3324,,15456.7054,12036.6288,10556.3875,84548.1785,65840.3595,4
5502,920786.BJ,骑士乳业,20260928,7.0,3.8919,5.2091,0.5,29.8558,20.3475,1.8814,1.1091,1.1505,,1.4286,20905.3,13805.1455,10314.359,146337.1,96636.0185,4
5503,920790.BJ,联迪信息,20260928,21.85,2.6748,4.104,0.61,228.8124,,5.8095,9.0733,8.1334,1.373,1.1442,7896.702,5435.4958,3542.5804,172542.9387,118765.5832,4
5504,920792.BJ,东和新材,20260928,9.12,0.2218,0.3418,0.66,19.9358,18.7373,1.4197,1.8475,1.5999,1.0965,1.0965,16554.0,10162.6338,6596.7946,150972.48,92683.2203,4
5505,920799.BJ,艾融软件,20260928,30.41,1.6369,2.5475,0.48,98.6179,186.3434,16.2355,13.3224,12.2056,0.8211,0.8211,20914.54,12006.9921,7715.2725,636011.1614,365132.6298,4
5506,920802.BJ,保丽洁,20260928,10.64,0.7593,1.279,0.78,35.1619,32.8349,1.9809,4.3593,4.1261,1.1567,1.1278,8200.829,3621.7642,2150.165,87256.8206,38535.5711,4
5507,920806.BJ,云星宇,20260928,9.83,0.4863,1.4971,0.97,38.7195,40.5367,1.9223,1.8694,1.8128,1.0173,1.0173,30073.6667,30073.6667,9768.3387,295624.1437,295624.1437,4
5508,920807.BJ,奔朗新材,20260928,8.9,2.4956,3.3845,0.79,73.7179,,1.7681,2.7154,2.769,1.1236,1.1236,18188.0,12355.0922,9110.4035,161873.2,109960.3206,4
5509,920808.BJ,曙光数创,20260928,57.31,0.9607,3.2875,1.31,310.643,2686.8994,16.8759,12.9904,11.599,0.1082,0.0646,20000.0001,19476.1322,5691.2204,1146200.0057,1116177.1364,4
5510,920809.BJ,安达科技,20260928,6.65,1.1664,1.1664,0.75,,87.8523,2.3407,1.1405,0.7486,,,59905.0,45915.6648,45915.6648,398368.25,305339.1709,4
5511,920810.BJ,春光智能,20260928,8.4,1.1705,1.9921,0.99,649.9322,,3.537,6.1792,6.6805,,,9590.0,6240.7545,3666.9144,80556.0,52422.3378,4
5512,920819.BJ,颖泰生物,20260928,3.03,0.3702,0.9422,0.84,,,0.7804,0.6785,0.6906,,,122580.0,121162.5,47599.4042,371417.4,367122.375,4
5513,920821.BJ,则成电子,20260928,19.38,5.6688,10.521,0.54,175.8903,482.5467,5.126,6.8049,7.2031,0.3686,0.1703,13836.1899,7285.3422,3925.3728,268145.3603,141189.9318,4
5514,920826.BJ,盖世食品,20260928,8.41,2.0673,2.1751,0.46,24.8359,26.0139,3.0707,1.8745,1.6545,1.1891,1.1891,14051.5814,6315.4153,6002.4264,118173.7996,53112.6427,4
5515,920832.BJ,齐鲁华信,20260928,6.41,0.5015,0.5228,0.43,,,1.2478,2.2169,2.7739,1.248,1.248,13876.3865,12386.5573,11882.7881,88947.6375,79397.8323,4
5516,920833.BJ,美心翼申,20260928,9.48,0.3876,0.6734,0.48,37.5374,113.341,1.8748,2.4797,2.6754,2.6556,0.7403,11450.4,8664.295,4987.5892,108549.792,82137.5166,4
5517,920834.BJ,三维装备,20260928,8.76,0.7253,1.2842,0.69,22.3194,21.8837,3.3869,3.408,3.2538,2.6256,1.895,12000.0005,6279.6439,3546.5304,105120.0044,55009.6806,4
5518,920837.BJ,华原股份,20260928,9.82,0.7058,2.0386,0.66,19.9739,17.025,2.5787,2.4846,2.3488,2.2255,2.6301,15272.6687,13678.7787,4735.7787,149977.6066,134325.6068,4
5519,920839.BJ,万通液压,20260928,23.22,0.6239,1.2477,0.8,21.8655,22.9413,4.2212,3.9411,3.7878,2.1533,2.3686,11820.9971,6520.2596,3260.5909,274483.5527,151400.4279,4
5520,920855.BJ,浙江大农,20260928,12.68,0.8617,2.8392,0.35,27.5709,42.8575,1.6428,3.5383,3.7807,1.6562,1.183,7473.3333,6703.6911,2034.5183,94761.8662,85002.8031,4
5521,920856.BJ,浩淼科技,20260928,10.78,2.4611,3.9431,1.5,59.0774,207.287,2.2248,2.4294,2.8653,0.8433,1.3915,9512.6628,5306.0037,3311.7755,102546.505,57198.7199,4
5522,920857.BJ,泓禧科技,20260928,16.07,0.9854,3.2883,1.05,,,3.7242,3.0155,3.161,0.6223,,7400.7152,7400.7152,2217.8286,118929.4933,118929.4933,4
5523,920866.BJ,绿亨科技,20260928,6.12,1.3997,1.7636,0.47,33.7964,36.785,1.4129,2.1834,2.3622,2.451,1.634,17704.8091,11095.449,8806.5025,108353.4317,67904.1479,4
5524,920870.BJ,恒进感应,20260928,11.17,0.6327,1.1188,0.62,90.9498,76.6905,3.3294,15.4664,14.7938,0.9848,0.8953,13400.0,6600.29,3732.76,149678.0,73725.2393,4
5525,920871.BJ,派特尔,20260928,11.0,2.5386,4.2493,1.26,92.0939,68.8613,3.6037,5.599,5.3148,1.6554,1.8216,8485.7241,4703.5209,2809.9435,93342.9651,51738.7299,4
5526,920873.BJ,中设咨询,20260928,7.26,2.5994,3.0028,0.41,,,4.7749,12.2674,12.0564,,,15338.7002,11980.6395,10370.8614,111358.9635,86979.4428,4
5527,920876.BJ,慧为智能,20260928,15.77,1.8645,2.9055,0.74,154.8656,190.1408,3.9826,1.8341,1.8222,,0.3171,6418.0659,3924.8249,2518.5752,101212.8992,61894.4887,4
5528,920879.BJ,基康技术,20260928,12.04,0.463,0.9392,0.86,29.2751,29.2255,3.7744,5.9291,5.8618,2.4419,1.7027,20086.8814,14977.3821,7382.3901,241846.0521,180327.6805,4
5529,920885.BJ,星辰科技,20260928,11.74,1.6159,2.3573,1.04,59.1779,86.6553,4.8413,10.1499,9.3972,0.3813,0.5111,17081.99,8796.0426,6029.3406,200542.5626,103265.5401,4
5530,920892.BJ,广咨国际,20260928,11.45,0.8548,2.5213,0.46,18.119,17.6392,5.0497,3.3079,3.2787,4.7638,5.2402,17035.1353,15085.2545,5114.0123,195052.2992,172726.164,4
5531,920895.BJ,花溪科技,20260928,20.16,20.1132,29.2066,0.72,,1020.7733,5.8697,17.3463,14.1325,,,5652.4,2873.69,1978.98,113952.384,57933.5904,4
5532,920896.BJ,旺成科技,20260928,12.15,1.5653,2.6921,1.03,20.0734,20.3257,2.7793,2.7536,2.5605,2.4691,2.4691,10122.424,4440.181,2581.6476,122987.4516,53948.1992,1
5533,920906.BJ,舜宇精工,20260928,14.93,0.8683,1.2566,0.51,33.1186,,1.7141,1.2983,1.303,0.5961,0.5961,6497.0,3335.5723,2304.8576,97000.21,49800.0944,4
5534,920914.BJ,远航精密,20260928,16.03,0.6686,1.1533,0.87,29.8775,29.7045,1.6072,1.5322,1.387,0.6196,0.9357,9968.3,9960.425,5773.7345,159791.849,159665.6128,4
5535,920924.BJ,广脉科技,20260928,14.13,1.7832,2.1999,0.73,87.1282,139.785,4.6634,3.1344,3.2223,0.3545,0.1415,10729.65,6537.2141,5298.9046,151609.9545,92370.8352,4
5536,920925.BJ,锦好医疗,20260928,11.05,0.7961,1.0621,0.7,70.9243,651.5592,2.9933,3.5422,3.6339,0.2654,0.4486,9858.0643,5562.9654,4169.7778,108931.6105,61470.7677,4
5537,920926.BJ,鸿智科技,20260928,10.9,7.0791,23.281,11.12,34.6323,71.2557,3.779,2.0393,2.0164,2.5135,2.2936,8836.1737,8018.2379,2438.1257,96314.2933,87398.7931,1
5538,920931.BJ,无锡鼎邦,20260928,9.81,1.593,1.593,0.84,87.4638,428.3059,2.3549,2.9577,2.8026,1.0194,0.5097,9393.0,2877.58,2877.58,92145.33,28229.0598,4
5539,920932.BJ,科达自控,20260928,10.0,1.0445,1.4119,1.02,,,1.8531,3.6482,3.2526,0.2178,,10535.035,8706.2025,6440.6488,105350.35,87062.025,4
5540,920942.BJ,恒立钻具,20260928,16.39,1.6951,2.1382,1.3,50.3253,81.4238,2.0164,5.7921,5.648,0.9176,0.9152,6116.46,4141.5014,3283.2914,100248.7794,67879.2079,4
5541,920943.BJ,优机股份,20260928,13.77,1.5692,2.301,0.92,19.2176,32.9717,2.1793,1.4166,1.4145,1.8155,1.4524,10152.1378,5180.7833,3533.0903,139794.9375,71339.386,4
5542,920946.BJ,森萱医药,20260928,10.35,1.0039,3.6291,0.74,33.6055,28.7021,3.4256,7.9964,7.2083,1.3527,1.5459,42691.834,42678.709,11806.275,441860.4819,441724.6382,1
5543,920950.BJ,迅安科技,20260928,12.97,0.4356,0.7708,1.06,22.4557,24.5845,3.0325,5.0176,4.6448,2.8913,2.7756,7332.0,3572.01,2018.64,95096.04,46328.9697,1
5544,920953.BJ,国子软件,20260928,22.25,1.6503,2.6756,0.68,42.5162,45.889,4.6343,8.779,8.6624,0.5716,0.5691,12811.599,5988.5753,3693.8547,285058.0778,133245.8004,4
5545,920957.BJ,汉维科技,20260928,9.5,1.0059,1.8587,0.28,208.0274,57.2459,2.5931,1.6575,1.578,1.0526,1.0526,10730.1334,4270.4734,2311.2134,101936.2673,40569.4973,4
5546,920961.BJ,创远信科,20260928,22.7,9.5156,11.9274,1.12,931.3298,,4.318,15.8584,19.1385,0.2203,0.1322,14284.0508,11227.7426,8957.3921,324247.9532,254869.757,4
5547,920964.BJ,润农节水,20260928,4.72,1.7579,1.933,0.75,,,1.4284,1.1963,1.1816,0.4237,,26120.8,14769.7237,13432.1579,123290.176,69713.0959,0
5548,920970.BJ,大禹生物,20260928,6.27,5.0705,6.5324,0.86,,,2.9319,4.1481,3.9202,,,11080.08,7007.13,5438.98,69472.1016,43934.7051,4
5549,920971.BJ,天马新材,20260928,29.16,6.1502,11.9443,1.23,79.4386,62.596,6.606,11.0784,11.3396,0.6993,0.6933,10396.8002,8570.2802,4412.8702,303170.6938,249909.3706,1
5550,920974.BJ,凯大催化,20260928,6.13,0.4949,0.5668,0.9,39.3823,29.6395,1.5243,0.9364,0.8993,,,16380.0,12547.4219,10956.5029,100409.4,76915.6962,4
5551,920976.BJ,视声智能,20260928,22.58,3.7851,5.1125,1.23,23.7966,20.5222,6.0091,5.3009,4.7173,3.1001,2.6385,7095.34,4411.96,3266.48,160212.7772,99622.0568,1
5552,920978.BJ,开特股份,20260928,16.71,1.5046,1.6054,1.24,17.373,18.8249,3.6472,2.6634,2.5607,3.0118,2.3639,18002.8468,10093.4948,9459.9632,300827.57,168662.2981,4
5553,920981.BJ,晶赛科技,20260928,28.66,4.9301,7.179,0.71,226.3149,143.8048,4.2461,3.7991,3.0041,0.5234,,7646.8,3846.2697,2641.3664,219157.288,110234.0896,4
5554,920982.BJ,锦波生物,20260928,127.63,2.9857,3.7401,1.45,22.5198,27.1178,7.2069,9.2052,9.7402,1.9889,0.3901,11506.534,5546.5106,4427.663,1468578.9344,707901.1479,1
5555,920985.BJ,海泰新能,20260928,4.44,0.846,1.3747,0.97,,,2.6451,0.8323,1.2965,5.5331,,30947.62,21931.7859,13496.7859,137407.4328,97377.1294,4
5556,920992.BJ,中科美菱,20260928,13.32,5.9694,9.3045,0.95,67.4334,72.0297,2.055,4.1759,4.0953,0.6006,0.6757,9673.0934,4901.7283,3144.7283,128845.6041,65291.021,1
