ts_code,name,trade_date,open,high,low,close,pre_close,change,pct_chg,vol,amount
000001.SZ,平安银行,20260828,11.54,11.68,11.48,11.65,11.59,0.06,0.5177,838126.24,973220.51151
000002.SZ,万科Ａ,20260828,3.1,3.19,3.08,3.16,3.11,0.05,1.6077,1628093.18,512016.92205
000006.SZ,深振业Ａ,20260828,7.34,7.65,7.3,7.48,7.34,0.14,1.9074,301010.24,225333.35628
000007.SZ,全新好,20260828,12.68,12.79,12.6,12.6,12.75,-0.15,-1.1765,64704.0,82082.436
000008.SZ,神州高铁,20260828,2.48,2.53,2.46,2.52,2.49,0.03,1.2048,365038.9,91582.8628
000009.SZ,中国宝安,20260828,7.24,7.27,7.18,7.26,7.25,0.01,0.1379,144104.85,104215.02177
000010.SZ,*ST美丽,20260828,1.62,1.66,1.59,1.6,1.6,0.0,0.0,244466.0,39688.776
000011.SZ,深物业A,20260828,8.34,9.15,8.26,9.15,8.32,0.83,9.976,120828.24,107880.2006
000012.SZ,南玻Ａ,20260828,3.75,3.81,3.73,3.79,3.77,0.02,0.5305,188775.77,71384.45611
000014.SZ,沙河股份,20260828,10.94,11.74,10.9,11.45,10.97,0.48,4.3756,129426.61,147284.64295
000016.SZ,*ST康佳A,20260828,2.45,2.46,2.44,2.45,2.33,0.12,5.1502,3724817.26,910789.89044
000017.SZ,深中华A,20260828,11.18,11.45,10.68,11.45,10.41,1.04,9.9904,1105705.17,1253143.46662
000019.SZ,深粮控股,20260828,7.11,7.41,6.96,7.32,7.17,0.15,2.0921,354995.05,257623.58814
000020.SZ,深华发Ａ,20260828,13.01,13.7,12.83,13.08,13.14,-0.06,-0.4566,161043.74,211213.87344
000021.SZ,深科技,20260828,37.68,38.47,37.15,37.17,37.85,-0.68,-1.7966,728648.63,2750359.98333
000025.SZ,特力Ａ,20260828,16.33,17.66,16.18,17.06,16.66,0.4,2.401,286858.39,486275.05608
000026.SZ,飞亚达,20260828,20.6,20.74,19.96,20.07,20.45,-0.38,-1.8582,78023.0,158529.814
000027.SZ,深圳能源,20260828,6.28,6.33,6.26,6.32,6.31,0.01,0.1585,179105.88,112739.59764
000028.SZ,国药一致,20260828,19.94,20.0,19.81,19.98,19.95,0.03,0.1504,14988.07,29863.65591
000029.SZ,深深房Ａ,20260828,23.63,24.05,23.53,23.73,23.63,0.1,0.4232,49243.1,117101.1211
000030.SZ,富奥股份,20260828,4.12,4.13,3.98,4.06,4.24,-0.18,-4.2453,271944.5,109745.37812
000031.SZ,大悦城,20260828,2.21,2.28,2.2,2.26,2.21,0.05,2.2624,386857.58,86899.64752
000032.SZ,深桑达Ａ,20260828,14.69,15.1,14.51,14.52,14.82,-0.3,-2.0243,338889.24,499824.30549
000034.SZ,神州数码,20260828,23.65,24.15,23.56,24.08,23.64,0.44,1.8613,240380.2,575542.81278
000035.SZ,中国天楹,20260828,4.65,4.76,4.64,4.72,4.67,0.05,1.0707,253225.87,118939.14373
000036.SZ,华联控股,20260828,4.16,4.2,4.09,4.12,4.13,-0.01,-0.2421,249897.24,103214.49113
000037.SZ,深南电A,20260828,9.81,9.92,9.65,9.84,9.85,-0.01,-0.1015,179622.0,175896.182
000039.SZ,中集集团,20260828,9.3,9.67,9.3,9.62,9.3,0.32,3.4409,378895.52,361672.6964
000042.SZ,中洲控股,20260828,8.51,8.69,8.51,8.69,8.55,0.14,1.6374,55729.71,47899.79316
001914.SZ,招商积余,20260828,8.67,8.99,8.67,8.87,8.69,0.18,2.0713,93083.32,82220.09329
000045.SZ,深纺织Ａ,20260828,10.75,11.54,10.62,11.12,10.75,0.37,3.4419,123340.68,136365.62941
000048.SZ,京基智农,20260828,22.4,23.06,22.1,22.17,22.45,-0.28,-1.2472,97437.02,218010.2575
000049.SZ,德赛电池,20260828,23.59,23.68,23.4,23.53,23.59,-0.06,-0.2543,51518.12,121327.91543
000050.SZ,深天马Ａ,20260828,6.67,6.75,6.65,6.72,6.67,0.05,0.7496,167971.2,112816.5344
000055.SZ,方大集团,20260828,3.59,3.62,3.56,3.61,3.58,0.03,0.838,77908.49,27983.32293
000056.SZ,*ST皇庭,20260828,2.07,2.15,2.04,2.08,2.06,0.02,0.9709,201768.0,42290.22
000058.SZ,深赛格,20260828,6.9,7.23,6.85,7.18,6.89,0.29,4.209,141784.5,100577.63107
000059.SZ,华锦股份,20260828,5.15,5.57,5.15,5.57,5.06,0.51,10.0791,980895.58,539433.63375
000060.SZ,中金岭南,20260828,6.84,6.97,6.76,6.93,6.84,0.09,1.3158,1643105.53,1131507.16626
000061.SZ,农产品,20260828,6.28,6.5,6.22,6.44,6.28,0.16,2.5478,410077.0,260552.85572
000062.SZ,深圳华强,20260828,22.73,24.85,22.59,24.85,22.59,2.26,10.0044,609596.55,1472468.30127
000063.SZ,中兴通讯,20260828,33.8,34.01,33.61,33.63,33.96,-0.33,-0.9717,531363.32,1794111.23713
000065.SZ,北方国际,20260828,10.0,10.34,9.92,10.23,9.95,0.28,2.8141,419448.44,425550.97674
000066.SZ,中国长城,20260828,14.39,14.54,14.23,14.26,14.36,-0.1,-0.6964,679014.16,975670.24793
000068.SZ,华控赛格,20260828,3.18,3.35,3.14,3.3,3.18,0.12,3.7736,249393.82,80990.7142
000069.SZ,华侨城Ａ,20260828,1.79,1.84,1.78,1.83,1.79,0.04,2.2346,538383.3,97764.1076
000070.SZ,特发信息,20260828,16.36,16.44,15.89,15.91,16.5,-0.59,-3.5758,770001.15,1243095.11566
000078.SZ,ST海王,20260828,1.61,1.62,1.6,1.61,1.62,-0.01,-0.6173,365980.74,59014.13754
000088.SZ,盐田港,20260828,4.54,4.56,4.47,4.53,4.54,-0.01,-0.2203,266781.45,120615.85598
000089.SZ,深圳机场,20260828,6.47,6.59,6.44,6.56,6.49,0.07,1.0786,161326.53,105240.57497
000090.SZ,天健集团,20260828,3.53,3.66,3.52,3.58,3.52,0.06,1.7045,192068.52,69023.84953
000096.SZ,广聚能源,20260828,8.18,8.3,8.08,8.28,8.15,0.13,1.5951,96020.49,78811.12679
000099.SZ,中信海直,20260828,13.69,14.0,13.61,13.77,13.69,0.08,0.5844,80354.55,110645.12229
000100.SZ,TCL科技,20260828,4.94,4.99,4.9,4.96,4.97,-0.01,-0.2012,3687190.35,1824666.12623
000151.SZ,中成股份,20260828,10.14,10.28,10.05,10.24,10.12,0.12,1.1858,54095.95,55074.29125
000153.SZ,丰原药业,20260828,6.49,6.53,6.36,6.45,6.45,0.0,0.0,202711.2,130183.6022
000155.SZ,川能动力,20260828,12.12,12.44,12.08,12.35,12.12,0.23,1.8977,471273.7,579595.88097
000156.SZ,华数传媒,20260828,6.86,6.95,6.81,6.93,6.82,0.11,1.6129,84594.0,58403.469
000157.SZ,中联重科,20260828,6.97,6.97,6.77,6.82,7.09,-0.27,-3.8082,968124.76,661881.46636
000158.SZ,常山北明,20260828,12.76,12.94,12.6,12.61,12.71,-0.1,-0.7868,248334.91,317061.7897
000159.SZ,国际实业,20260828,6.06,6.1,6.03,6.07,6.05,0.02,0.3306,87297.02,52912.2941
000166.SZ,申万宏源,20260828,4.57,4.59,4.53,4.58,4.57,0.01,0.2188,573394.16,261858.09885
000301.SZ,东方盛虹,20260828,13.6,14.32,13.45,14.1,13.63,0.47,3.4483,489246.04,678989.44157
000333.SZ,美的集团,20260828,86.5,86.98,85.42,86.23,86.18,0.05,0.058,169362.04,1459282.37006
000338.SZ,潍柴动力,20260828,27.71,28.06,25.89,27.64,26.99,0.65,2.4083,2045129.02,5513740.20834
000400.SZ,许继电气,20260828,21.89,21.94,21.7,21.85,22.04,-0.19,-0.8621,96403.05,210058.20065
000401.SZ,金隅冀东,20260828,3.61,3.68,3.6,3.66,3.62,0.04,1.105,100271.7,36595.16791
000402.SZ,金融街,20260828,2.5,2.57,2.49,2.55,2.5,0.05,2.0,459031.88,116528.1259
000403.SZ,派林生物,20260828,10.74,10.74,10.55,10.59,10.67,-0.08,-0.7498,48936.28,51931.68452
000404.SZ,长虹华意,20260828,7.13,7.15,7.09,7.12,7.13,-0.01,-0.1403,73394.0,52233.377
000407.SZ,胜利股份,20260828,4.17,4.22,4.14,4.22,4.17,0.05,1.199,139610.29,58528.9718
000408.SZ,藏格矿业,20260828,79.01,79.28,77.72,79.0,78.83,0.17,0.2157,85424.0,671760.62226
000409.SZ,云鼎科技,20260828,8.74,8.84,8.73,8.78,8.81,-0.03,-0.3405,54423.39,47784.35725
000410.SZ,沈阳机床,20260828,5.16,5.21,5.14,5.2,5.16,0.04,0.7752,137999.01,71501.62718
000411.SZ,英特集团,20260828,9.75,10.06,9.75,9.89,9.81,0.08,0.8155,42812.8,42447.8012
000415.SZ,渤海租赁,20260828,4.47,4.53,4.42,4.49,4.48,0.01,0.2232,458305.27,205627.84423
000417.SZ,合百集团,20260828,5.74,5.82,5.69,5.79,5.73,0.06,1.0471,190246.6,109695.6144
000419.SZ,通程控股,20260828,4.97,5.07,4.94,5.06,4.96,0.1,2.0161,68171.0,34207.853
000420.SZ,吉林化纤,20260828,3.67,3.85,3.66,3.78,3.68,0.1,2.7174,796436.26,297523.67296
000421.SZ,南京公用,20260828,5.71,5.79,5.67,5.78,5.71,0.07,1.2259,96625.14,55543.1098
000422.SZ,湖北宜化,20260828,12.53,13.23,12.45,13.13,12.57,0.56,4.4551,497823.83,642161.57927
000423.SZ,东阿阿胶,20260828,48.9,49.23,48.62,49.12,48.99,0.13,0.2654,46888.0,229579.832
000425.SZ,徐工机械,20260828,7.96,7.97,7.82,7.95,8.01,-0.06,-0.7491,1515326.62,1193904.57951
000426.SZ,兴业银锡,20260828,41.2,42.11,40.18,41.58,40.69,0.89,2.1873,698539.08,2871360.28201
000428.SZ,华天酒店,20260828,4.59,4.61,4.43,4.55,4.61,-0.06,-1.3015,652403.85,295109.95412
000429.SZ,粤高速Ａ,20260828,13.4,13.53,13.33,13.39,13.43,-0.04,-0.2978,49170.37,66046.52798
000430.SZ,张家界,20260828,6.91,7.04,6.89,7.02,6.89,0.13,1.8868,108525.0,75723.626
000488.SZ,ST晨鸣,20260828,1.92,1.94,1.91,1.93,1.91,0.02,1.0471,96161.01,18561.21193
000498.SZ,山东路桥,20260828,4.94,4.99,4.91,4.97,4.94,0.03,0.6073,87230.45,43302.2142
000501.SZ,武商集团,20260828,7.25,7.31,7.12,7.29,7.3,-0.01,-0.137,95933.3,69353.8611
000503.SZ,国新健康,20260828,6.94,7.06,6.88,6.99,6.91,0.08,1.1577,102645.55,71767.38286
000504.SZ,南华生物,20260828,8.41,8.48,8.22,8.4,8.41,-0.01,-0.1189,42985.99,35947.59766
000505.SZ,京粮控股,20260828,7.12,7.5,7.0,7.34,7.21,0.13,1.8031,954431.37,696199.50016
000506.SZ,招金黄金,20260828,22.23,22.3,20.53,21.43,22.08,-0.65,-2.9438,1327828.85,2819852.14229
000507.SZ,珠海港,20260828,5.03,5.12,5.02,5.1,5.03,0.07,1.3917,135209.21,68653.93628
000509.SZ,华塑控股,20260828,3.55,3.59,3.49,3.53,3.52,0.01,0.2841,176428.0,62646.9
000510.SZ,新金路,20260828,17.28,18.49,17.28,17.73,17.41,0.32,1.838,543021.46,973651.48256
000513.SZ,丽珠集团,20260828,26.72,26.95,26.47,26.76,26.27,0.49,1.8652,93077.99,249050.37154
000514.SZ,渝开发,20260828,4.09,4.21,4.06,4.17,4.08,0.09,2.2059,102601.77,42617.2467
000516.SZ,国际医学,20260828,4.17,4.18,4.15,4.16,4.18,-0.02,-0.4785,112103.0,46615.257
000517.SZ,荣安地产,20260828,2.28,2.3,2.2,2.23,2.28,-0.05,-2.193,444583.99,99823.87172
000518.SZ,四环生物,20260828,3.93,3.98,3.86,3.88,3.95,-0.07,-1.7722,353695.89,138876.92966
000519.SZ,中兵红箭,20260828,14.35,14.54,14.28,14.43,14.37,0.06,0.4175,232477.06,335759.163
000520.SZ,凤凰航运,20260828,4.23,4.3,4.21,4.25,4.22,0.03,0.7109,254211.0,108233.012
000521.SZ,长虹美菱,20260828,4.86,4.87,4.83,4.85,4.86,-0.01,-0.2058,38853.0,18848.398
000523.SZ,红棉股份,20260828,3.46,3.63,3.4,3.54,3.42,0.12,3.5088,1113181.8,392659.7142
000524.SZ,岭南控股,20260828,9.89,10.33,9.85,10.19,9.9,0.29,2.9293,172956.54,175719.46689
000525.SZ,红太阳,20260828,4.67,4.87,4.65,4.84,4.67,0.17,3.6403,442426.76,211508.65882
000526.SZ,学大教育,20260828,35.3,36.14,34.61,35.22,35.16,0.06,0.1706,41279.0,146179.774
000528.SZ,柳工,20260828,7.89,7.9,7.82,7.87,7.95,-0.08,-1.0063,279587.62,219699.4116
000529.SZ,广弘控股,20260828,4.99,5.05,4.96,5.02,4.99,0.03,0.6012,41920.53,21018.22359
000530.SZ,冰山冷热,20260828,5.16,5.18,5.09,5.16,5.14,0.02,0.3891,113239.0,58358.315
000531.SZ,穗恒运Ａ,20260828,5.68,5.73,5.66,5.72,5.68,0.04,0.7042,58051.71,33070.19881
000532.SZ,华金资本,20260828,11.3,11.38,11.24,11.28,11.36,-0.08,-0.7042,36595.0,41341.724
000533.SZ,顺钠股份,20260828,11.56,12.16,11.45,11.84,11.66,0.18,1.5437,1037539.95,1226359.90619
000534.SZ,万泽股份,20260828,23.64,23.75,22.82,23.2,23.8,-0.6,-2.521,182428.7,423716.19632
000536.SZ,华映科技,20260828,3.5,3.58,3.46,3.54,3.51,0.03,0.8547,1104580.57,389409.97678
000537.SZ,绿发电力,20260828,7.62,7.64,7.56,7.58,7.67,-0.09,-1.1734,157994.98,119864.41396
000538.SZ,云南白药,20260828,50.0,50.04,49.63,50.0,49.99,0.01,0.02,51141.6,255210.4292
000539.SZ,粤电力Ａ,20260828,5.32,5.34,5.29,5.3,5.36,-0.06,-1.1194,341663.5,181176.75357
000541.SZ,佛山照明,20260828,4.91,4.94,4.89,4.93,4.91,0.02,0.4073,40600.0,19980.18161
000543.SZ,皖能电力,20260828,7.41,7.45,7.37,7.43,7.43,0.0,0.0,141672.35,104931.5745
000544.SZ,中原环保,20260828,7.28,7.35,7.28,7.33,7.32,0.01,0.1366,30483.0,22343.508
000545.SZ,金浦钛业,20260828,2.64,2.7,2.62,2.69,2.64,0.05,1.8939,367668.58,98203.75412
000546.SZ,金圆股份,20260828,4.83,4.9,4.78,4.86,4.81,0.05,1.0395,137640.0,66664.674
000547.SZ,航天发展,20260828,13.99,14.35,13.95,14.16,14.04,0.12,0.8547,489451.36,691394.48768
000548.SZ,湖南投资,20260828,4.55,4.63,4.54,4.61,4.55,0.06,1.3187,67394.01,30942.35965
000550.SZ,江铃汽车,20260828,16.13,16.4,16.05,16.34,16.09,0.25,1.5538,47201.86,76811.56938
000551.SZ,创元科技,20260828,12.68,12.72,12.51,12.52,12.68,-0.16,-1.2618,119990.98,151198.80238
000552.SZ,甘肃能化,20260828,2.67,2.74,2.65,2.73,2.65,0.08,3.0189,1093354.05,295627.14535
000553.SZ,安道麦A,20260828,5.63,5.75,5.59,5.72,5.64,0.08,1.4184,99008.68,56247.6178
000554.SZ,泰山石油,20260828,6.48,6.68,6.48,6.66,6.46,0.2,3.096,204072.43,134487.74824
000555.SZ,神州信息,20260828,10.89,10.99,10.69,10.7,10.82,-0.12,-1.1091,150029.0,162396.124
000557.SZ,西部创业,20260828,3.69,3.76,3.67,3.76,3.68,0.08,2.1739,120181.76,44891.89832
000558.SZ,天府文旅,20260828,3.62,3.71,3.58,3.68,3.6,0.08,2.2222,361728.17,132530.30724
000559.SZ,万向钱潮,20260828,11.37,11.44,11.03,11.08,11.38,-0.3,-2.6362,329337.41,368465.76641
000560.SZ,我爱我家,20260828,2.49,2.64,2.49,2.64,2.4,0.24,10.0,2487038.26,642316.3278
000561.SZ,烽火电子,20260828,7.77,7.84,7.74,7.79,7.82,-0.03,-0.3836,67772.0,52784.81814
000563.SZ,陕国投Ａ,20260828,3.07,3.07,3.01,3.05,3.07,-0.02,-0.6515,521837.49,158737.73896
000564.SZ,供销大集,20260828,1.51,1.56,1.48,1.56,1.52,0.04,2.6316,4576004.47,700752.36819
000565.SZ,渝三峡Ａ,20260828,6.04,6.62,5.99,6.62,6.02,0.6,9.9668,231899.45,146280.39641
000566.SZ,海南海药,20260828,5.0,5.09,4.91,5.04,5.05,-0.01,-0.198,1063772.34,533357.63633
000567.SZ,海德股份,20260828,6.5,7.01,6.3,7.01,6.37,0.64,10.0471,847269.76,568131.93305
000568.SZ,泸州老窖,20260828,77.98,78.83,77.05,78.44,77.51,0.93,1.1998,101166.97,791044.52101
000570.SZ,苏常柴Ａ,20260828,5.18,5.26,5.14,5.24,5.16,0.08,1.5504,122047.13,63644.04525
000571.SZ,新大洲A,20260828,6.41,6.5,6.25,6.26,6.4,-0.14,-2.1875,218366.0,139136.281
000572.SZ,海马汽车,20260828,3.93,3.97,3.9,3.94,3.92,0.02,0.5102,313374.8,123507.8767
000573.SZ,粤宏远Ａ,20260828,3.73,3.86,3.71,3.84,3.73,0.11,2.9491,158720.47,60316.61827
000576.SZ,甘化科工,20260828,8.01,8.37,7.87,8.16,8.0,0.16,2.0,638628.54,517329.51769
000581.SZ,威孚高科,20260828,18.31,18.35,17.94,18.05,18.31,-0.26,-1.42,117450.02,212221.5211
000582.SZ,北部湾港,20260828,10.98,11.24,10.9,11.12,10.89,0.23,2.112,356845.4,395552.10374
000586.SZ,汇源通信,20260828,14.49,14.5,13.72,13.77,14.41,-0.64,-4.4414,245793.38,342113.62626
000589.SZ,贵州轮胎,20260828,4.32,4.38,4.31,4.37,4.33,0.04,0.9238,237631.96,103354.89216
000590.SZ,古汉医药,20260828,9.32,9.64,9.24,9.58,9.34,0.24,2.5696,54283.0,51606.135
000591.SZ,太阳能,20260828,4.31,4.34,4.29,4.33,4.32,0.01,0.2315,300546.47,129821.42696
000592.SZ,平潭发展,20260828,7.07,7.19,6.73,7.01,6.81,0.2,2.9369,3770407.09,2635200.22108
000593.SZ,德龙汇能,20260828,22.67,23.7,22.6,22.63,22.89,-0.26,-1.1359,171002.22,395496.10477
000595.SZ,新能股份,20260828,5.75,5.95,5.66,5.73,5.75,-0.02,-0.3478,286065.46,165087.47172
000596.SZ,古井贡酒,20260828,91.58,94.3,90.72,93.9,92.17,1.73,1.877,38269.22,354684.62131
000597.SZ,东北制药,20260828,5.12,5.15,5.01,5.05,5.12,-0.07,-1.3672,155511.39,78833.41277
000598.SZ,兴蓉环境,20260828,7.17,7.27,7.13,7.2,7.15,0.05,0.6993,173013.87,124673.56477
000599.SZ,青岛双星,20260828,4.71,4.78,4.71,4.77,4.73,0.04,0.8457,68698.81,32617.24178
000600.SZ,建投能源,20260828,7.95,8.03,7.89,8.0,7.97,0.03,0.3764,177383.51,141333.2386
000601.SZ,韶能股份,20260828,6.21,6.24,6.16,6.18,6.26,-0.08,-1.278,251947.88,155775.0447
000603.SZ,盛达资源,20260828,38.56,39.44,36.89,38.59,37.98,0.61,1.6061,677792.47,2577448.31842
000605.SZ,渤海股份,20260828,5.93,6.03,5.89,5.99,5.91,0.08,1.3536,34281.4,20462.9382
000607.SZ,华媒控股,20260828,3.65,3.72,3.64,3.7,3.67,0.03,0.8174,101737.5,37559.428
000608.SZ,阳光股份,20260828,7.41,7.63,7.34,7.39,7.4,-0.01,-0.1351,278062.8,208523.7102
000609.SZ,*ST中迪,20260828,10.15,10.41,9.94,10.05,10.2,-0.15,-1.4706,53136.0,53693.894
000610.SZ,*ST西旅,20260828,6.7,6.94,6.6,6.83,6.64,0.19,2.8614,109399.0,74677.171
000612.SZ,焦作万方,20260828,11.3,11.52,11.17,11.46,11.27,0.19,1.6859,399649.59,453698.96099
000615.SZ,*ST美谷,20260828,3.29,3.31,3.28,3.3,3.31,-0.01,-0.3021,50676.1,16693.7911
000617.SZ,中油资本,20260828,7.5,7.56,7.38,7.4,7.49,-0.09,-1.2016,1115156.22,828638.27602
000619.SZ,海螺新材,20260828,4.92,5.05,4.9,5.03,4.94,0.09,1.8219,56748.0,28350.09
000620.SZ,盈新发展,20260828,3.42,3.45,3.36,3.38,3.45,-0.07,-2.029,3030282.39,1031213.06004
000623.SZ,吉林敖东,20260828,18.67,18.67,18.44,18.62,18.68,-0.06,-0.3212,110056.05,204248.2082
000625.SZ,长安汽车,20260828,7.09,7.13,7.07,7.1,7.1,0.0,0.0,299419.27,212667.09871
000626.SZ,远大控股,20260828,8.55,9.41,8.48,9.41,8.55,0.86,10.0585,296249.54,271272.58914
000628.SZ,高新发展,20260828,46.94,48.93,46.5,48.12,47.07,1.05,2.2307,113471.58,547282.01926
000629.SZ,钒钛股份,20260828,3.08,3.13,3.06,3.11,3.09,0.02,0.6472,932711.94,288733.71572
000630.SZ,铜陵有色,20260828,6.78,6.82,6.65,6.76,6.76,0.0,0.0,3211189.38,2164853.32482
000631.SZ,顺发恒能,20260828,2.95,2.99,2.93,2.98,2.94,0.04,1.3605,118831.53,35349.37437
000632.SZ,ST三木,20260828,4.27,4.44,4.18,4.39,4.27,0.12,2.8103,260424.07,112160.29395
000633.SZ,合金投资,20260828,5.4,5.44,5.35,5.43,5.39,0.04,0.7421,52576.0,28428.138
000636.SZ,风华高科,20260828,55.0,57.36,54.5,55.45,54.11,1.34,2.4764,1624626.08,9086726.733
000637.SZ,茂化实华,20260828,4.18,4.3,4.16,4.27,4.14,0.13,3.1401,120989.47,51331.18069
000639.SZ,ST西王,20260828,1.74,1.79,1.73,1.75,1.73,0.02,1.1561,515202.28,90690.122
000650.SZ,仁和药业,20260828,5.53,5.58,5.46,5.57,5.54,0.03,0.5415,239182.24,132387.36278
000651.SZ,格力电器,20260828,39.1,39.17,38.58,39.0,39.27,-0.27,-0.6875,494873.25,1919618.3024
000652.SZ,泰达股份,20260828,3.5,3.55,3.49,3.54,3.52,0.02,0.5682,124107.0,43792.269
000655.SZ,金岭矿业,20260828,7.37,7.56,7.27,7.55,7.35,0.2,2.7211,120972.4,90012.03038
000656.SZ,金科股份,20260828,1.27,1.31,1.24,1.29,1.29,0.0,0.0,3270915.47,415401.78133
000657.SZ,中钨高新,20260828,67.9,69.4,66.35,66.76,67.54,-0.78,-1.1549,840195.12,5665503.80941
000659.SZ,珠海中富,20260828,2.9,2.98,2.84,2.94,2.87,0.07,2.439,294504.48,85962.77708
000661.SZ,长春高新,20260828,76.69,76.85,75.83,75.92,77.04,-1.12,-1.4538,44674.08,340198.36973
000663.SZ,永安林业,20260828,5.8,6.05,5.76,5.99,5.8,0.19,3.2759,113980.0,67646.373
000665.SZ,湖北广电,20260828,3.94,3.96,3.9,3.94,3.93,0.01,0.2545,118633.4,46668.995
000668.SZ,荣丰控股,20260828,22.89,22.89,22.45,22.7,22.66,0.04,0.1765,32491.0,73640.896
000669.SZ,ST金鸿,20260828,4.11,4.37,4.08,4.26,4.11,0.15,3.6496,79960.0,33583.0175
000670.SZ,盈方微,20260828,6.99,7.2,6.97,6.99,7.04,-0.05,-0.7102,351875.0,248876.083
000672.SZ,上峰材料,20260828,14.54,14.6,14.37,14.39,14.51,-0.12,-0.827,129010.83,186520.26647
000676.SZ,智度股份,20260828,6.75,6.82,6.65,6.67,6.7,-0.03,-0.4478,600168.96,403076.66253
000677.SZ,ST海龙,20260828,1.86,1.88,1.81,1.85,1.86,-0.01,-0.5376,467328.85,85978.58705
000678.SZ,襄阳轴承,20260828,9.0,9.04,8.83,8.86,8.98,-0.12,-1.3363,107614.01,95859.74384
000679.SZ,大连友谊,20260828,6.36,6.39,6.28,6.31,6.34,-0.03,-0.4732,47767.0,30277.779
000680.SZ,山推股份,20260828,10.35,10.44,10.19,10.38,10.4,-0.02,-0.1923,166085.97,171295.72658
000681.SZ,视觉中国,20260828,16.57,16.95,16.44,16.53,16.45,0.08,0.4863,230762.98,385110.41592
000682.SZ,东方电子,20260828,11.6,11.62,11.5,11.53,11.64,-0.11,-0.945,99433.64,114779.66348
000683.SZ,博源化工,20260828,6.2,6.43,6.13,6.36,6.22,0.14,2.2508,880278.38,552451.88738
000685.SZ,中山公用,20260828,11.33,11.48,11.3,11.42,11.33,0.09,0.7944,152315.78,173571.47076
000686.SZ,东北证券,20260828,8.13,8.17,8.05,8.14,8.14,0.0,0.0,194638.82,157773.9532
000688.SZ,国城矿业,20260828,31.01,31.81,30.6,31.5,31.01,0.49,1.5801,222698.94,696765.8958
000690.SZ,宝新能源,20260828,4.9,4.92,4.86,4.9,4.91,-0.01,-0.2037,367261.49,179625.88459
000691.SZ,亚太实业,20260828,10.53,10.62,10.1,10.14,10.56,-0.42,-3.9773,103551.5,106588.243
000692.SZ,惠天热电,20260828,4.38,4.39,4.32,4.35,4.38,-0.03,-0.6849,144849.0,62854.077
000695.SZ,滨海能源,20260828,15.21,15.24,14.85,14.87,15.16,-0.29,-1.9129,97443.0,146187.294
000697.SZ,炼石航空,20260828,8.52,8.63,8.48,8.55,8.47,0.08,0.9445,58206.46,49770.81129
000698.SZ,ST沈化,20260828,3.6,3.65,3.58,3.65,3.61,0.04,1.108,36019.55,13020.59955
000700.SZ,模塑科技,20260828,11.6,11.66,11.18,11.21,11.68,-0.47,-4.024,404123.35,459134.5908
000701.SZ,厦门信达,20260828,5.1,5.18,5.09,5.16,5.1,0.06,1.1765,133838.0,68831.342
000702.SZ,正虹科技,20260828,5.58,5.77,5.58,5.75,5.6,0.15,2.6786,63167.92,35918.08808
000703.SZ,恒逸石化,20260828,19.2,19.74,18.88,19.49,19.2,0.29,1.5104,939117.07,1821312.52962
000705.SZ,浙江震元,20260828,7.29,7.29,7.15,7.21,7.21,0.0,0.0,39019.0,28146.69
000707.SZ,双环科技,20260828,4.64,4.76,4.61,4.73,4.64,0.09,1.9397,81688.56,38362.51564
000708.SZ,中信特钢,20260828,13.95,14.0,13.85,13.96,13.95,0.01,0.0717,93206.02,129890.56484
000709.SZ,河钢股份,20260828,2.12,2.16,2.1,2.15,2.13,0.02,0.939,889885.68,190260.37609
000710.SZ,贝瑞基因,20260828,9.26,9.3,8.98,9.03,9.39,-0.36,-3.8339,300484.51,273053.90502
000712.SZ,锦龙股份,20260828,11.8,11.8,11.8,11.8,10.73,1.07,9.972,151563.75,178845.225
000713.SZ,国投丰乐,20260828,6.4,6.83,6.4,6.69,6.44,0.25,3.882,434825.29,289665.47953
000715.SZ,中兴商业,20260828,5.69,5.76,5.59,5.72,5.68,0.04,0.7042,132542.49,75744.25341
000716.SZ,黑芝麻,20260828,5.14,5.67,5.09,5.67,5.15,0.52,10.0971,763170.9,419217.1924
000717.SZ,中南股份,20260828,2.27,2.35,2.26,2.34,2.27,0.07,3.0837,381752.0,88713.628
000718.SZ,苏宁环球,20260828,1.94,1.99,1.93,1.98,1.94,0.04,2.0619,301306.87,59342.27939
000719.SZ,中原传媒,20260828,11.6,11.67,11.55,11.6,11.61,-0.01,-0.0861,30961.3,35950.9227
000720.SZ,新能泰山,20260828,3.93,3.95,3.85,3.91,3.91,0.0,0.0,387470.0,151178.04903
000721.SZ,西安饮食,20260828,6.9,7.0,6.83,6.95,6.88,0.07,1.0174,184434.0,128022.182
000722.SZ,湖南发展,20260828,12.95,13.08,12.77,13.02,12.94,0.08,0.6182,96128.83,124468.78103
000723.SZ,美锦能源,20260828,3.92,3.97,3.87,3.95,3.9,0.05,1.2821,1174307.17,461560.13148
000725.SZ,京东方Ａ,20260828,5.9,5.98,5.86,5.92,5.94,-0.02,-0.3367,10338636.1,6122550.80711
000726.SZ,鲁泰Ａ,20260828,5.95,6.04,5.93,6.02,5.97,0.05,0.8375,59161.34,35527.86768
000727.SZ,冠捷科技,20260828,2.28,2.32,2.27,2.31,2.28,0.03,1.3158,659262.5,151861.1645
000728.SZ,国元证券,20260828,7.69,7.74,7.62,7.7,7.72,-0.02,-0.2591,378589.68,291110.95302
000729.SZ,燕京啤酒,20260828,11.4,11.57,11.37,11.55,11.48,0.07,0.6098,144175.03,165496.09186
000731.SZ,四川美丰,20260828,6.28,6.55,6.24,6.53,6.25,0.28,4.48,195831.6,126583.85687
000733.SZ,振华科技,20260828,41.14,42.2,40.92,40.96,41.09,-0.13,-0.3164,142665.58,590923.71293
000735.SZ,罗牛山,20260828,5.85,5.9,5.71,5.86,5.74,0.12,2.0906,679316.18,395176.50927
000736.SZ,中交发展,20260828,4.57,4.74,4.51,4.68,4.51,0.17,3.7694,258669.89,120254.65004
000737.SZ,北方铜业,20260828,15.26,15.57,14.87,15.37,15.31,0.06,0.3919,1048310.09,1596296.84938
000738.SZ,航发控制,20260828,18.9,19.09,18.61,18.68,18.72,-0.04,-0.2137,169434.04,318842.96194
000739.SZ,普洛药业,20260828,21.53,22.1,21.32,21.33,21.54,-0.21,-0.9749,144138.63,312518.74034
000750.SZ,国海证券,20260828,3.86,3.88,3.82,3.85,3.87,-0.02,-0.5168,482717.65,185692.5948
000751.SZ,锌业股份,20260828,5.21,5.34,5.13,5.3,5.31,-0.01,-0.1883,936103.79,490677.92922
000752.SZ,*ST西发,20260828,8.68,8.82,8.67,8.71,8.82,-0.11,-1.2472,13559.0,11816.485
000753.SZ,漳州发展,20260828,4.89,5.0,4.84,4.94,4.92,0.02,0.4065,171537.0,84488.458
000755.SZ,山西高速,20260828,4.76,4.87,4.73,4.83,4.76,0.07,1.4706,48554.5,23399.35556
000756.SZ,新华制药,20260828,13.35,13.52,13.3,13.43,13.45,-0.02,-0.1487,60449.04,81031.89076
000757.SZ,浩物股份,20260828,4.54,4.57,4.5,4.52,4.56,-0.04,-0.8772,62244.0,28196.952
000758.SZ,中色股份,20260828,6.32,6.55,6.32,6.52,6.32,0.2,3.1646,664371.01,428957.73282
000759.SZ,中百集团,20260828,6.07,6.33,5.98,6.3,6.1,0.2,3.2787,646518.0,401608.941
000761.SZ,本钢板材,20260828,2.38,2.43,2.36,2.41,2.39,0.02,0.8368,196403.39,47255.38142
000762.SZ,西藏矿业,20260828,23.2,23.88,22.86,23.63,23.0,0.63,2.7391,192728.8,450972.45941
000766.SZ,通化金马,20260828,16.35,16.64,16.28,16.61,16.38,0.23,1.4042,92197.75,152170.19923
000767.SZ,晋控电力,20260828,3.47,3.47,3.43,3.45,3.47,-0.02,-0.5764,609246.77,210034.47395
000768.SZ,中航西飞,20260828,21.4,21.9,21.12,21.72,21.2,0.52,2.4528,382472.53,829139.61234
000776.SZ,广发证券,20260828,21.54,21.58,21.32,21.43,21.59,-0.16,-0.7411,422943.68,906801.6955
000777.SZ,中核科技,20260828,17.23,17.32,17.12,17.23,17.23,0.0,0.0,46207.17,79617.79403
000778.SZ,新兴铸管,20260828,3.64,3.73,3.64,3.71,3.65,0.06,1.6438,538167.09,198379.93791
000779.SZ,甘咨询,20260828,9.56,9.85,9.47,9.63,9.62,0.01,0.104,569082.08,549803.69761
000782.SZ,恒申新材,20260828,7.98,8.1,7.92,8.0,7.99,0.01,0.1252,250055.1,200699.6034
000783.SZ,长江证券,20260828,9.39,9.4,9.17,9.21,9.32,-0.11,-1.1803,1201765.33,1112671.37226
000785.SZ,居然智家,20260828,2.25,2.3,2.23,2.29,2.25,0.04,1.7778,533855.0,121565.05903
000786.SZ,北新建材,20260828,17.6,17.97,17.51,17.7,17.68,0.02,0.1131,176295.04,311884.86225
000788.SZ,北大医药,20260828,5.74,5.84,5.67,5.78,5.76,0.02,0.3472,195966.0,112934.799
000789.SZ,万年青,20260828,4.22,4.24,4.17,4.23,4.18,0.05,1.1962,46634.35,19655.99841
000790.SZ,华神科技,20260828,4.2,4.25,4.16,4.21,4.22,-0.01,-0.237,129529.74,54446.17619
000791.SZ,甘肃能源,20260828,7.28,7.31,7.21,7.24,7.31,-0.07,-0.9576,142877.32,103526.995
000792.SZ,盐湖股份,20260828,28.38,28.68,27.78,28.38,28.21,0.17,0.6026,638360.89,1800291.53751
000793.SZ,ST华闻,20260828,2.14,2.14,2.12,2.13,2.14,-0.01,-0.4673,122999.0,26168.668
000795.SZ,英洛华,20260828,8.74,8.83,8.73,8.76,8.79,-0.03,-0.3413,151678.34,132951.02692
000796.SZ,凯撒旅业,20260828,4.25,4.34,4.19,4.32,4.25,0.07,1.6471,974871.48,417685.76763
000797.SZ,中国武夷,20260828,2.45,2.53,2.43,2.51,2.45,0.06,2.449,314557.85,78313.12143
000798.SZ,中水渔业,20260828,9.28,10.12,9.22,10.12,9.2,0.92,10.0,319788.63,312754.41568
000799.SZ,酒鬼酒,20260828,39.05,39.46,38.95,39.21,39.09,0.12,0.307,54420.57,213648.73206
000800.SZ,一汽解放,20260828,6.24,6.24,6.13,6.22,6.23,-0.01,-0.1605,129435.26,79977.77718
000801.SZ,四川九洲,20260828,11.9,11.93,11.71,11.78,11.82,-0.04,-0.3384,87736.75,103575.83135
000802.SZ,北京文化,20260828,3.95,4.06,3.94,3.97,3.95,0.02,0.5063,910244.3,363964.7939
000803.SZ,山高环能,20260828,7.5,7.7,7.42,7.53,7.4,0.13,1.7568,117860.96,89037.50188
000807.SZ,云铝股份,20260828,27.1,27.34,26.79,27.23,26.69,0.54,2.0232,907382.88,2456899.40904
000809.SZ,和展能源,20260828,3.42,3.46,3.41,3.43,3.43,0.0,0.0,89407.0,30764.187
000810.SZ,创维数字,20260828,9.74,9.87,9.7,9.73,9.74,-0.01,-0.1027,157682.76,154170.37084
000811.SZ,冰轮环境,20260828,42.88,43.21,40.01,40.1,42.94,-2.84,-6.6139,459895.92,1892631.46383
000812.SZ,陕西金叶,20260828,3.62,3.69,3.61,3.68,3.62,0.06,1.6575,140615.5,51534.076
000813.SZ,德展健康,20260828,3.4,3.48,3.35,3.47,3.39,0.08,2.3599,337401.01,116016.39445
000815.SZ,美利云,20260828,16.63,16.95,16.32,16.32,16.63,-0.31,-1.8641,660102.23,1098044.8007
000816.SZ,智慧农业,20260828,3.01,3.12,2.95,3.06,3.04,0.02,0.6579,1124948.09,339055.60927
000818.SZ,航锦科技,20260828,12.31,12.55,12.3,12.41,12.36,0.05,0.4045,158640.89,197002.88133
000819.SZ,岳阳兴长,20260828,12.11,12.41,12.11,12.33,12.15,0.18,1.4815,45241.48,55697.13026
000820.SZ,神雾节能,20260828,3.63,3.66,3.6,3.63,3.62,0.01,0.2762,149412.82,54136.51984
000821.SZ,ST京机,20260828,7.3,7.39,7.24,7.33,7.31,0.02,0.2736,51965.0,38050.403
000822.SZ,山东海化,20260828,4.42,4.59,4.38,4.55,4.43,0.12,2.7088,159359.19,71677.88222
000823.SZ,超声电子,20260828,15.6,15.93,15.37,15.37,15.7,-0.33,-2.1019,483700.95,755423.83949
000825.SZ,太钢不锈,20260828,3.57,3.63,3.53,3.6,3.58,0.02,0.5587,387683.99,139090.51244
000826.SZ,*ST启环,20260828,1.91,1.94,1.87,1.93,1.91,0.02,1.0471,151252.0,28818.393
000828.SZ,东莞控股,20260828,10.28,10.36,10.13,10.22,10.33,-0.11,-1.0649,83800.74,85614.39069
000829.SZ,天音控股,20260828,8.71,8.92,8.56,8.76,8.71,0.05,0.5741,222698.05,194905.00905
000830.SZ,鲁西化工,20260828,12.45,13.01,12.38,12.94,12.46,0.48,3.8523,566853.27,725948.77609
000831.SZ,中国稀土,20260828,61.0,61.71,59.94,60.18,60.81,-0.63,-1.036,264653.43,1604010.06679
000833.SZ,粤桂股份,20260828,21.15,21.7,21.01,21.5,21.24,0.26,1.2241,205540.97,438595.3679
000837.SZ,秦川机床,20260828,10.12,10.19,10.06,10.12,10.14,-0.02,-0.1972,117195.29,118623.75532
000838.SZ,*ST发展,20260828,2.95,3.0,2.91,2.98,2.95,0.03,1.0169,246328.0,72870.999
000839.SZ,国安股份,20260828,2.87,2.93,2.81,2.81,2.81,0.0,0.0,873461.0,249515.727
000848.SZ,承德露露,20260828,8.47,8.7,8.41,8.67,8.5,0.17,2.0,141761.58,121595.85592
000850.SZ,华茂股份,20260828,4.44,4.45,4.36,4.43,4.45,-0.02,-0.4494,92146.9,40685.3349
000852.SZ,石化机械,20260828,5.45,5.52,5.41,5.49,5.44,0.05,0.9191,152504.04,83334.91055
000856.SZ,冀东装备,20260828,8.6,9.02,8.56,8.91,8.6,0.31,3.6047,83542.0,73415.45
000858.SZ,五粮液,20260828,71.12,71.69,70.93,71.51,71.12,0.39,0.5484,230364.95,1643217.89252
000859.SZ,国风新材,20260828,8.9,9.33,8.85,9.05,8.89,0.16,1.7998,560678.83,510591.40435
000860.SZ,顺鑫农业,20260828,10.5,10.66,10.45,10.64,10.5,0.14,1.3333,63943.84,67604.779
000862.SZ,银星能源,20260828,5.25,5.31,5.22,5.29,5.27,0.02,0.3795,105377.0,55487.945
000863.SZ,三湘印象,20260828,4.32,4.37,4.26,4.29,4.32,-0.03,-0.6944,165560.24,71358.91744
000868.SZ,安凯客车,20260828,3.55,3.61,3.52,3.58,3.55,0.03,0.8451,90976.78,32570.28416
000869.SZ,张裕Ａ,20260828,16.15,16.18,16.02,16.13,16.12,0.01,0.062,12958.0,20899.05
000875.SZ,电投绿能,20260828,4.9,4.98,4.89,4.96,4.9,0.06,1.2245,269053.0,132878.336
000876.SZ,新希望,20260828,7.04,7.19,7.01,7.17,7.07,0.1,1.4144,412577.42,293896.29804
000877.SZ,天山股份,20260828,3.76,3.83,3.74,3.82,3.76,0.06,1.5957,155553.82,59132.42756
000878.SZ,云南铜业,20260828,17.5,18.05,17.36,17.85,17.15,0.7,4.0816,1082063.23,1921085.18234
000880.SZ,潍柴重机,20260828,23.6,24.69,23.6,23.64,23.48,0.16,0.6814,117904.02,281793.66638
000881.SZ,中广核技,20260828,6.53,6.66,6.53,6.65,6.57,0.08,1.2177,79030.03,52317.2719
000882.SZ,华联股份,20260828,1.5,1.52,1.48,1.52,1.49,0.03,2.0134,514630.01,77474.09848
000883.SZ,湖北能源,20260828,4.6,4.61,4.53,4.58,4.61,-0.03,-0.6508,173166.92,79012.90586
000885.SZ,城发环境,20260828,12.25,12.29,12.22,12.27,12.3,-0.03,-0.2439,29727.08,36423.37003
000886.SZ,海南高速,20260828,4.77,4.9,4.76,4.86,4.75,0.11,2.3158,248684.0,120704.726
000887.SZ,中鼎股份,20260828,21.8,21.8,20.9,20.95,21.04,-0.09,-0.4278,353701.24,754580.60474
000888.SZ,峨眉山Ａ,20260828,9.96,10.34,9.92,10.32,9.94,0.38,3.8229,179347.46,182503.254
000889.SZ,中嘉博创,20260828,4.04,4.06,3.99,4.02,4.04,-0.02,-0.495,329841.16,132574.17336
000890.SZ,法尔胜,20260828,9.64,9.64,8.39,8.6,8.78,-0.18,-2.0501,1259999.71,1125328.27407
000892.SZ,欢瑞世纪,20260828,3.8,4.05,3.76,3.91,3.79,0.12,3.1662,660732.0,257764.501
000893.SZ,亚钾国际,20260828,48.1,49.0,46.87,48.8,48.28,0.52,1.0771,178573.97,859322.46513
000895.SZ,双汇发展,20260828,24.93,24.97,24.66,24.87,24.94,-0.07,-0.2807,68750.45,170613.23186
000897.SZ,津滨发展,20260828,1.82,1.87,1.8,1.86,1.82,0.04,2.1978,307533.79,56674.14058
000898.SZ,鞍钢股份,20260828,2.06,2.12,2.05,2.11,2.06,0.05,2.4272,578911.41,121078.36215
000899.SZ,赣能股份,20260828,9.7,9.71,9.62,9.65,9.68,-0.03,-0.3099,57357.03,55364.63198
000900.SZ,现代投资,20260828,3.71,3.72,3.65,3.71,3.74,-0.03,-0.8021,175061.11,64513.39042
000901.SZ,航天科技,20260828,13.85,13.91,13.78,13.8,13.85,-0.05,-0.361,85814.1,118641.1489
000902.SZ,新洋丰,20260828,14.38,14.67,14.16,14.59,14.39,0.2,1.3899,255826.43,370178.48796
000903.SZ,ST云动,20260828,1.9,1.91,1.88,1.89,1.9,-0.01,-0.5263,143510.98,27107.05922
000905.SZ,厦门港务,20260828,8.9,9.14,8.8,8.97,8.88,0.09,1.0135,131817.68,117805.36835
000906.SZ,浙商中拓,20260828,5.67,5.84,5.67,5.78,5.69,0.09,1.5817,158258.0,91301.79
000908.SZ,石药景峰,20260828,6.61,6.67,6.48,6.52,6.65,-0.13,-1.9549,132031.92,86142.56976
000909.SZ,*ST数源,20260828,4.18,4.52,4.18,4.49,4.19,0.3,7.1599,66014.55,28821.93285
000910.SZ,大亚圣象,20260828,5.42,5.54,5.4,5.51,5.42,0.09,1.6605,55528.0,30460.268
000911.SZ,*ST广糖,20260828,5.3,5.48,5.25,5.34,5.22,0.12,2.2989,115924.46,62060.4788
000912.SZ,泸天化,20260828,3.99,4.36,3.93,4.36,3.96,0.4,10.101,1128570.6,474238.10687
000913.SZ,钱江摩托,20260828,11.69,11.69,11.34,11.52,11.58,-0.06,-0.5181,62832.01,72502.89161
000915.SZ,华特达因,20260828,24.82,25.1,24.77,25.04,24.87,0.17,0.6836,24705.57,61664.73357
000917.SZ,电广传媒,20260828,7.13,7.15,7.02,7.05,7.12,-0.07,-0.9831,173598.0,122549.448
000919.SZ,金陵药业,20260828,6.86,6.95,6.78,6.85,6.82,0.03,0.4399,144218.9,98870.4403
000920.SZ,沃顿科技,20260828,11.55,11.65,11.49,11.59,11.53,0.06,0.5204,63473.0,73564.217
000921.SZ,海信家电,20260828,26.26,26.65,25.78,26.51,26.13,0.38,1.4543,69384.96,182707.84688
000922.SZ,佳电股份,20260828,12.09,12.24,11.97,12.18,12.1,0.08,0.6612,127488.45,154501.65842
000923.SZ,河钢资源,20260828,16.19,16.95,16.05,16.7,16.17,0.53,3.2777,199739.32,330532.78156
000925.SZ,众合科技,20260828,8.37,9.38,8.29,9.38,8.53,0.85,9.9648,831967.09,740286.66665
000926.SZ,福星股份,20260828,2.21,2.34,2.2,2.3,2.21,0.09,4.0724,552264.28,126242.68336
000927.SZ,中国铁物,20260828,2.49,2.53,2.46,2.52,2.5,0.02,0.8,522056.71,130560.27519
000928.SZ,中钢国际,20260828,5.25,5.33,5.21,5.31,5.16,0.15,2.907,301237.51,159263.78626
000929.SZ,兰州黄河,20260828,9.12,9.29,9.0,9.24,9.02,0.22,2.439,22289.0,20459.225
000930.SZ,中粮科技,20260828,5.05,5.15,5.01,5.14,5.08,0.06,1.1811,306268.5,155867.2473
000931.SZ,中关村,20260828,5.55,5.6,5.14,5.28,5.7,-0.42,-7.3684,1331264.49,708824.82997
000932.SZ,华菱钢铁,20260828,3.7,3.8,3.68,3.77,3.72,0.05,1.3441,962825.2,361228.27205
000933.SZ,神火股份,20260828,27.28,27.7,26.7,27.59,26.92,0.67,2.4889,503156.31,1373505.39293
000935.SZ,四川双马,20260828,23.16,23.55,23.04,23.39,23.16,0.23,0.9931,34878.51,81530.09432
000936.SZ,华西股份,20260828,5.71,5.75,5.64,5.71,5.74,-0.03,-0.5226,284756.21,162635.06267
000937.SZ,冀中能源,20260828,5.13,5.29,5.1,5.27,5.14,0.13,2.5292,563178.98,294602.11155
000938.SZ,紫光股份,20260828,36.0,37.5,35.88,35.89,36.43,-0.54,-1.4823,1641134.04,6015098.24451
000948.SZ,南天信息,20260828,14.52,14.85,14.27,14.31,14.35,-0.04,-0.2787,144398.83,210105.09653
000949.SZ,新乡化纤,20260828,7.2,7.47,7.15,7.38,7.23,0.15,2.0747,559797.58,409427.60526
000950.SZ,重药控股,20260828,5.52,5.61,5.48,5.58,5.54,0.04,0.722,263366.26,146511.07491
000951.SZ,中国重汽,20260828,22.38,22.93,21.47,21.88,22.39,-0.51,-2.2778,411447.05,904986.02333
000952.SZ,广济药业,20260828,6.63,6.68,6.57,6.6,6.65,-0.05,-0.7519,50400.04,33356.36036
000953.SZ,中哲精化,20260828,6.06,6.35,6.05,6.28,6.08,0.2,3.2895,92603.01,57571.88006
000955.SZ,欣龙控股,20260828,4.26,4.32,4.24,4.29,4.28,0.01,0.2336,67194.42,28874.09376
000957.SZ,中通客车,20260828,10.35,10.4,10.17,10.22,10.28,-0.06,-0.5837,93056.94,95469.1345
000958.SZ,电投产融,20260828,5.31,5.33,5.29,5.31,5.34,-0.03,-0.5618,101778.0,54015.679
000959.SZ,首钢股份,20260828,3.57,3.78,3.57,3.71,3.58,0.13,3.6313,639778.56,236820.54575
000960.SZ,锡业股份,20260828,36.25,36.66,35.75,36.27,36.12,0.15,0.4153,351126.56,1272343.53595
000962.SZ,东方钽业,20260828,59.8,59.8,57.2,57.72,57.55,0.17,0.2954,395124.41,2303486.65827
000963.SZ,华东医药,20260828,27.6,27.77,27.46,27.66,27.68,-0.02,-0.0723,108182.31,299041.24413
000965.SZ,天保基建,20260828,3.21,3.33,3.19,3.29,3.21,0.08,2.4922,207698.52,67920.62008
000966.SZ,长源电力,20260828,4.04,4.09,4.0,4.06,4.04,0.02,0.495,274064.0,110789.196
000967.SZ,盈峰环境,20260828,8.56,8.65,8.28,8.33,8.63,-0.3,-3.4762,882260.79,743434.47597
000968.SZ,蓝焰控股,20260828,7.3,7.43,7.25,7.39,7.24,0.15,2.0718,268453.02,197900.92201
000969.SZ,安泰科技,20260828,17.17,17.47,17.09,17.31,17.15,0.16,0.9329,206558.67,357756.57419
000970.SZ,中科三环,20260828,12.14,12.26,12.07,12.18,12.15,0.03,0.2469,287238.63,349568.59456
000972.SZ,中基健康,20260828,3.72,3.88,3.7,3.83,3.72,0.11,2.957,202426.99,77298.14428
000973.SZ,佛塑科技,20260828,13.94,13.96,13.5,13.52,13.79,-0.27,-1.9579,393699.5,536638.1932
000975.SZ,山金国际,20260828,27.0,27.65,26.6,27.31,27.4,-0.09,-0.3285,424898.42,1151778.44841
000977.SZ,浪潮信息,20260828,78.0,79.68,77.23,77.44,78.27,-0.83,-1.0604,511857.16,4007312.55091
000978.SZ,桂林旅游,20260828,6.09,6.2,6.09,6.16,6.12,0.04,0.6536,70455.6,43453.6516
000980.SZ,众泰汽车,20260828,1.68,1.71,1.67,1.7,1.69,0.01,0.5917,985472.62,166745.13878
000981.SZ,山子高科,20260828,2.71,2.72,2.68,2.7,2.73,-0.03,-1.0989,1494124.78,403513.54887
000983.SZ,山西焦煤,20260828,7.51,7.6,7.32,7.42,7.54,-0.12,-1.5915,688540.14,510487.59491
000985.SZ,大庆华科,20260828,16.51,17.9,16.37,16.72,16.52,0.2,1.2107,55822.5,95305.265
000987.SZ,越秀资本,20260828,7.75,7.8,7.69,7.77,7.78,-0.01,-0.1285,259384.16,200728.70997
000988.SZ,华工科技,20260828,104.95,107.58,102.79,102.93,104.9,-1.97,-1.878,456894.77,4808850.91223
000989.SZ,九芝堂,20260828,9.1,9.2,9.0,9.14,9.14,0.0,0.0,196237.57,178781.66385
000990.SZ,诚志股份,20260828,6.49,6.72,6.45,6.68,6.49,0.19,2.9276,524477.44,347607.48328
000993.SZ,闽东电力,20260828,9.92,9.94,9.85,9.92,9.91,0.01,0.1009,36500.38,36166.78568
000995.SZ,皇台酒业,20260828,10.97,11.23,10.9,11.21,11.02,0.19,1.7241,64176.0,71465.377
000997.SZ,新大陆,20260828,20.87,20.99,20.48,20.51,20.88,-0.37,-1.772,347400.87,718445.87418
000998.SZ,隆平高科,20260828,9.12,9.41,9.03,9.25,9.1,0.15,1.6484,670700.36,620376.38298
000999.SZ,华润三九,20260828,24.5,24.55,24.28,24.39,24.64,-0.25,-1.0146,62268.84,152041.02093
001201.SZ,东瑞股份,20260828,12.2,12.37,12.15,12.37,12.2,0.17,1.3934,28469.04,34918.92272
001202.SZ,炬申股份,20260828,13.82,14.4,13.58,14.36,13.83,0.53,3.8322,51621.8,73151.27829
001203.SZ,大中矿业,20260828,27.58,28.8,27.28,28.28,27.58,0.7,2.5381,192848.08,541137.15654
001205.SZ,盛航股份,20260828,14.38,14.66,14.34,14.41,14.4,0.01,0.0694,23514.0,34016.552
001206.SZ,依依股份,20260828,16.28,16.53,16.18,16.48,16.31,0.17,1.0423,30266.96,49711.46236
001207.SZ,联科科技,20260828,16.81,16.93,16.75,16.9,16.88,0.02,0.1185,28172.6,47457.8242
001208.SZ,华菱线缆,20260828,13.92,13.99,13.81,13.87,13.85,0.02,0.1444,76416.31,106156.4029
001209.SZ,洪兴股份,20260828,17.69,18.27,17.43,18.22,17.54,0.68,3.8769,29874.0,53834.051
001210.SZ,金房能源,20260828,28.28,28.93,27.88,28.35,28.33,0.02,0.0706,67412.07,190927.21319
001211.SZ,双枪科技,20260828,23.47,24.08,23.17,23.43,23.35,0.08,0.3426,24663.93,58255.22093
001212.SZ,中旗新材,20260828,34.06,34.6,33.55,33.71,34.22,-0.51,-1.4904,29151.58,99075.92949
001213.SZ,中铁特货,20260828,3.56,3.58,3.53,3.57,3.57,0.0,0.0,82987.5,29550.6255
001215.SZ,千味央厨,20260828,31.15,32.07,30.8,31.5,31.2,0.3,0.9615,11698.11,37067.54349
001216.SZ,华瓷股份,20260828,14.55,15.15,14.52,14.96,14.64,0.32,2.1858,28994.49,43151.0751
001217.SZ,华尔泰,20260828,10.2,10.5,10.12,10.43,10.2,0.23,2.2549,42426.0,43898.185
001218.SZ,丽臣实业,20260828,24.03,24.46,24.03,24.39,24.17,0.22,0.9102,13350.8,32473.4138
001219.SZ,青岛食品,20260828,12.61,12.77,12.56,12.73,12.65,0.08,0.6324,16413.4,20857.6985
001220.SZ,世盟股份,20260828,31.51,32.16,31.44,32.0,31.6,0.4,1.2658,7595.43,24171.62517
001221.SZ,悍高集团,20260828,38.13,38.2,37.51,37.52,38.25,-0.73,-1.9085,23044.98,86772.05965
001222.SZ,源飞宠物,20260828,14.1,14.55,13.75,14.42,14.3,0.12,0.8392,44030.75,62494.1118
001223.SZ,欧克科技,20260828,40.75,41.3,39.38,39.41,40.74,-1.33,-3.2646,17480.24,70401.03388
001225.SZ,和泰机电,20260828,46.91,47.13,45.4,46.85,47.1,-0.25,-0.5308,11441.0,53169.5
001226.SZ,拓山重工,20260828,45.49,46.62,45.24,45.91,45.66,0.25,0.5475,6012.2,27651.204
001227.SZ,兰州银行,20260828,2.14,2.16,2.12,2.15,2.14,0.01,0.4673,670799.99,143729.31086
001228.SZ,永泰运,20260828,28.65,29.67,28.65,29.33,28.46,0.87,3.0569,32570.66,95434.03144
001229.SZ,魅视科技,20260828,40.32,41.38,39.9,40.08,40.72,-0.64,-1.5717,39267.48,158979.04076
001230.SZ,劲旅环境,20260828,22.48,23.0,22.25,22.56,22.38,0.18,0.8043,82261.32,185739.8482
001231.SZ,农心科技,20260828,21.59,22.2,21.36,22.09,21.62,0.47,2.1739,21054.0,46097.843
001232.SZ,嘉立创,20260828,165.97,177.77,165.97,175.01,162.03,12.98,8.0109,139311.95,2405495.49891
001233.SZ,海安集团,20260828,45.2,46.18,45.2,45.74,45.57,0.17,0.3731,12614.89,57776.03924
001234.SZ,泰慕士,20260828,22.73,23.45,22.5,23.04,22.75,0.29,1.2747,14624.0,33606.738
001236.SZ,弘业期货,20260828,8.21,8.22,7.95,8.04,8.21,-0.17,-2.0706,198830.1,160132.89667
001237.SZ,惠康科技,20260828,52.5,52.5,51.35,51.91,53.01,-1.1,-2.0751,15761.18,81927.10296
001238.SZ,浙江正特,20260828,24.14,24.74,23.91,24.52,24.02,0.5,2.0816,6678.8,16325.02084
001239.SZ,永达股份,20260828,12.02,12.13,12.02,12.13,12.07,0.06,0.4971,10900.01,13162.47505
001248.SZ,华润新能源,20260828,12.28,12.56,12.25,12.38,12.34,0.04,0.3241,549015.14,679135.18248
001255.SZ,博菲电气,20260828,26.32,27.17,26.21,27.0,26.31,0.69,2.6226,13791.29,37038.99975
001256.SZ,炜冈科技,20260828,22.61,23.24,22.36,22.89,22.55,0.34,1.5078,41394.01,94778.45879
001257.SZ,盛龙股份,20260828,26.3,26.3,25.74,25.87,26.3,-0.43,-1.635,131695.28,341655.88088
001258.SZ,立新能源,20260828,13.51,13.8,13.18,13.3,13.76,-0.46,-3.343,1197481.4,1610359.3938
001259.SZ,利仁科技,20260828,46.43,47.1,45.84,45.85,46.37,-0.52,-1.1214,8484.57,39318.68139
001260.SZ,坤泰股份,20260828,18.15,18.29,18.0,18.12,18.2,-0.08,-0.4396,22677.0,41166.497
001266.SZ,宏英智能,20260828,34.9,35.13,34.44,34.65,34.9,-0.25,-0.7163,20205.83,70241.80772
001267.SZ,汇绿生态,20260828,39.64,42.4,38.9,39.0,40.13,-1.13,-2.8158,407697.08,1649670.92574
001268.SZ,联合精密,20260828,25.85,26.46,24.88,25.81,25.95,-0.14,-0.5395,101354.33,260335.07303
001269.SZ,欧晶科技,20260828,18.94,19.7,18.85,19.5,19.05,0.45,2.3622,23432.2,45541.4372
001270.SZ,铖昌科技,20260828,103.34,103.5,99.5,99.7,102.96,-3.26,-3.1663,59686.1,602308.14912
001277.SZ,速达股份,20260828,31.58,31.58,29.98,30.03,31.59,-1.56,-4.9383,63830.53,194433.28196
001278.SZ,一彬科技,20260828,16.14,16.43,16.07,16.25,16.12,0.13,0.8065,17286.73,28120.14471
001279.SZ,强邦新材,20260828,25.66,25.66,25.34,25.39,25.48,-0.09,-0.3532,6640.0,16911.564
001280.SZ,中国铀业,20260828,70.14,70.3,68.4,68.53,70.48,-1.95,-2.7667,75265.54,519691.86774
001282.SZ,三联锻造,20260828,15.4,15.57,15.32,15.46,15.44,0.02,0.1295,13364.32,20671.73472
001283.SZ,豪鹏科技,20260828,46.04,46.78,45.34,46.06,45.84,0.22,0.4799,26444.35,122052.1149
001285.SZ,瑞立科密,20260828,45.28,46.2,44.46,44.5,45.23,-0.73,-1.614,24323.01,109516.85947
001286.SZ,陕西能源,20260828,9.6,9.67,9.54,9.64,9.61,0.03,0.3122,161897.56,155512.92077
001287.SZ,中电港,20260828,22.96,23.34,22.88,22.92,22.96,-0.04,-0.1742,192064.75,443679.03545
001288.SZ,运机集团,20260828,25.32,28.46,25.2,28.46,25.87,2.59,10.0116,167697.19,471582.36874
001289.SZ,龙源电力,20260828,15.53,15.59,15.22,15.3,15.67,-0.37,-2.3612,85302.31,130561.13678
001296.SZ,长江材料,20260828,19.71,20.08,19.71,19.97,19.69,0.28,1.422,34800.49,69400.67548
001298.SZ,好上好,20260828,18.05,18.23,17.79,17.8,18.07,-0.27,-1.4942,87452.18,156688.98473
001299.SZ,美能能源,20260828,9.48,9.89,9.45,9.78,9.48,0.3,3.1646,93745.82,90932.43651
001300.SZ,三柏硕,20260828,11.51,11.57,11.37,11.5,11.52,-0.02,-0.1736,30676.34,35223.778
001301.SZ,尚太科技,20260828,59.94,60.4,58.61,58.85,60.55,-1.7,-2.8076,50734.49,301842.30528
001306.SZ,夏厦精密,20260828,54.25,54.25,53.26,53.28,53.89,-0.61,-1.1319,3231.0,17331.116
001308.SZ,康冠科技,20260828,18.13,18.22,18.04,18.09,18.13,-0.04,-0.2206,14891.45,27021.48975
001309.SZ,德明利,20260828,437.5,448.25,429.01,429.03,429.76,-0.73,-0.1699,191817.86,8388900.62064
001311.SZ,多利科技,20260828,17.41,17.56,17.18,17.33,17.39,-0.06,-0.345,38605.6,66947.193
001312.SZ,福恩股份,20260828,17.66,17.66,17.54,17.61,17.6,0.01,0.0568,10791.0,19002.47
001313.SZ,粤海饲料,20260828,7.98,8.23,7.93,8.19,8.01,0.18,2.2472,185700.0,151134.64
001314.SZ,亿道信息,20260828,52.0,52.39,50.51,50.55,52.12,-1.57,-3.0123,33169.0,170261.063
001316.SZ,润贝航科,20260828,26.18,27.21,26.02,26.86,26.06,0.8,3.0698,33065.4,88353.663
001317.SZ,三羊马,20260828,53.0,53.29,52.08,52.52,52.83,-0.31,-0.5868,27613.0,145216.181
001318.SZ,阳光乳业,20260828,11.4,11.92,11.34,11.76,11.48,0.28,2.439,68759.0,80616.556
001319.SZ,铭科精技,20260828,19.59,19.92,19.56,19.85,19.66,0.19,0.9664,18586.0,36782.502
001322.SZ,箭牌家居,20260828,6.39,6.79,6.32,6.65,6.4,0.25,3.9063,88684.0,58420.963
001323.SZ,慕思股份,20260828,18.82,19.07,18.73,18.94,18.85,0.09,0.4775,16419.46,31051.83632
001324.SZ,长青科技,20260828,19.3,20.34,18.93,20.05,19.36,0.69,3.564,89017.51,175240.60789
001325.SZ,元创股份,20260828,40.5,40.64,39.25,39.85,40.78,-0.93,-2.2805,20316.28,81025.03965
001326.SZ,联域股份,20260828,69.29,69.72,67.39,68.26,69.55,-1.29,-1.8548,15434.99,105898.49449
001328.SZ,登康口腔,20260828,28.45,28.88,28.32,28.44,28.46,-0.02,-0.0703,11006.0,31510.197
001330.SZ,博纳影业,20260828,5.13,5.18,5.05,5.1,5.11,-0.01,-0.1957,394629.0,201209.35
001331.SZ,胜通能源,20260828,43.82,44.7,43.22,43.26,44.09,-0.83,-1.8825,49694.95,218103.41695
001332.SZ,锡装股份,20260828,27.62,28.56,27.62,28.1,27.75,0.35,1.2613,23448.81,66205.00089
001333.SZ,光华股份,20260828,20.66,21.17,20.48,21.04,20.64,0.4,1.938,20269.0,42405.659
001335.SZ,信凯科技,20260828,32.38,32.76,32.28,32.49,32.35,0.14,0.4328,5943.0,19376.87
001336.SZ,楚环科技,20260828,18.8,19.1,18.67,19.03,18.8,0.23,1.2234,12731.53,24140.45782
001337.SZ,四川黄金,20260828,53.63,56.0,52.45,54.98,53.9,1.08,2.0037,244295.69,1330464.78548
001338.SZ,永顺泰,20260828,9.01,9.27,8.92,9.21,9.03,0.18,1.9934,144437.21,132199.40399
001339.SZ,智微智能,20260828,79.79,80.66,77.0,77.23,80.51,-3.28,-4.074,64411.38,506846.36323
001356.SZ,富岭股份,20260828,9.1,9.29,9.09,9.19,9.14,0.05,0.547,53136.74,48833.38142
001358.SZ,兴欣新材,20260828,25.49,25.75,25.2,25.48,25.29,0.19,0.7513,21712.0,55385.795
001359.SZ,平安电工,20260828,90.72,94.5,88.13,88.33,90.75,-2.42,-2.6667,37202.15,339204.66876
001360.SZ,南矿集团,20260828,18.93,19.38,18.4,19.15,18.68,0.47,2.5161,64485.0,122268.771
001365.SZ,天海电子,20260828,35.14,35.32,34.73,34.83,35.15,-0.32,-0.9104,24810.15,86761.91031
001366.SZ,播恩集团,20260828,12.6,12.92,12.45,12.79,12.73,0.06,0.4713,46113.45,58759.78355
001367.SZ,海森药业,20260828,20.42,20.8,20.14,20.7,20.35,0.35,1.7199,28472.35,58551.89388
001368.SZ,通达创智,20260828,22.88,23.3,22.8,23.25,22.73,0.52,2.2877,11386.0,26274.386
001369.SZ,双欣材料,20260828,12.47,12.54,12.33,12.45,12.57,-0.12,-0.9547,73192.81,91060.44199
001373.SZ,翔腾新材,20260828,28.96,29.18,28.25,28.69,28.82,-0.13,-0.4511,11380.0,32770.581
001376.SZ,百通能源,20260828,10.74,11.58,10.55,11.58,10.53,1.05,9.9715,222902.18,250299.08821
001378.SZ,德冠新材,20260828,20.27,20.82,20.27,20.48,20.37,0.11,0.54,32961.39,67820.28124
001379.SZ,腾达科技,20260828,15.84,16.08,15.78,16.07,15.86,0.21,1.3241,13073.16,20913.67484
001380.SZ,华纬科技,20260828,17.59,17.59,17.41,17.43,17.59,-0.16,-0.9096,15039.51,26281.61391
001382.SZ,新亚电缆,20260828,16.66,16.66,16.43,16.47,16.66,-0.19,-1.1405,20858.0,34426.10953
001386.SZ,马可波罗,20260828,15.96,16.5,15.91,16.3,16.1,0.2,1.2422,61183.1,99297.17755
001387.SZ,雪祺电气,20260828,12.13,12.27,12.09,12.24,12.14,0.1,0.8237,24186.6,29507.99306
001388.SZ,信通电子,20260828,21.26,21.53,21.18,21.39,21.36,0.03,0.1404,35132.27,75046.9531
001389.SZ,广合科技,20260828,157.22,163.49,155.81,155.9,157.95,-2.05,-1.2979,51100.82,813430.1808
001390.SZ,古麒绒材,20260828,17.12,17.35,16.96,16.98,17.15,-0.17,-0.9913,24240.0,41519.324
001391.SZ,国货航,20260828,4.07,4.13,4.06,4.11,4.09,0.02,0.489,247556.4,101710.7319
001393.SZ,维通利,20260828,42.2,42.63,41.82,41.83,42.26,-0.43,-1.0175,14865.65,62672.53702
001395.SZ,亚联机械,20260828,29.01,29.25,28.89,29.18,29.1,0.08,0.2749,11956.4,34789.78966
001396.SZ,誉帆科技,20260828,34.54,34.71,34.15,34.2,34.58,-0.38,-1.0989,7772.12,26751.21053
001399.SZ,惠科股份,20260828,23.19,23.35,22.81,22.82,23.39,-0.57,-2.4369,247795.72,570375.00771
001400.SZ,江顺科技,20260828,81.58,83.0,79.5,79.68,81.58,-1.9,-2.329,27204.98,219886.8417
001696.SZ,宗申动力,20260828,15.28,15.36,15.03,15.14,15.22,-0.08,-0.5256,316268.01,479799.72591
001872.SZ,招商港口,20260828,22.6,22.88,22.51,22.7,22.7,0.0,0.0,22583.0,51318.428
001896.SZ,豫能控股,20260828,12.26,12.33,12.12,12.14,12.26,-0.12,-0.9788,354648.74,432835.62762
001965.SZ,招商公路,20260828,9.62,9.83,9.59,9.76,9.6,0.16,1.6667,128427.87,125049.63495
001979.SZ,招商蛇口,20260828,7.16,7.46,7.11,7.16,7.18,-0.02,-0.2786,1464011.42,1060205.80605
002001.SZ,新和成,20260828,26.95,27.29,26.72,27.14,26.96,0.18,0.6677,258987.22,699381.8153
002003.SZ,伟星股份,20260828,11.62,12.11,11.6,12.05,11.73,0.32,2.728,204109.0,243412.39538
002004.SZ,华邦健康,20260828,4.53,4.57,4.51,4.55,4.56,-0.01,-0.2193,198375.38,90085.41376
002005.SZ,德豪润达,20260828,2.4,2.43,2.39,2.42,2.4,0.02,0.8333,103448.01,24968.5354
002006.SZ,精工科技,20260828,13.37,13.54,13.33,13.44,13.37,0.07,0.5236,37886.3,50963.8238
002007.SZ,华兰生物,20260828,13.21,13.21,13.09,13.15,13.28,-0.13,-0.9789,69540.11,91411.52347
002008.SZ,大族激光,20260828,89.81,90.85,87.55,87.62,90.0,-2.38,-2.6444,251759.62,2239803.49971
002009.SZ,天奇股份,20260828,16.67,16.72,16.45,16.47,16.67,-0.2,-1.1998,68493.08,113398.28144
002010.SZ,传化智联,20260828,4.74,4.75,4.66,4.72,4.74,-0.02,-0.4219,194597.18,91437.65096
002011.SZ,盾安环境,20260828,10.27,10.34,10.1,10.15,10.29,-0.14,-1.3605,93531.83,95198.22628
002012.SZ,凯恩股份,20260828,7.0,7.18,7.0,7.15,6.99,0.16,2.289,130912.0,93009.90199
002014.SZ,永新股份,20260828,11.2,11.32,11.1,11.25,11.18,0.07,0.6261,38408.0,43207.71
002015.SZ,协鑫能科,20260828,16.65,16.88,15.98,16.01,16.72,-0.71,-4.2464,1261044.99,2047280.40007
002016.SZ,世荣兆业,20260828,4.64,4.79,4.62,4.75,4.65,0.1,2.1505,105774.87,49982.75326
002017.SZ,东信和平,20260828,16.66,16.77,16.19,16.19,16.75,-0.56,-3.3433,533222.03,876668.37047
002019.SZ,亿帆医药,20260828,10.18,10.18,10.01,10.03,10.1,-0.07,-0.6931,58693.0,58939.726
002020.SZ,京新药业,20260828,13.24,13.27,13.05,13.06,13.25,-0.19,-1.434,77520.14,101749.58838
002021.SZ,中捷资源,20260828,2.73,2.74,2.7,2.72,2.71,0.01,0.369,160818.37,43638.48703
002022.SZ,科华生物,20260828,5.71,5.79,5.66,5.75,5.72,0.03,0.5245,59673.89,34257.25652
002023.SZ,海特高新,20260828,10.05,10.17,9.96,9.97,10.06,-0.09,-0.8946,100145.81,100489.85114
002024.SZ,ST易购,20260828,1.19,1.21,1.19,1.2,1.19,0.01,0.8403,194055.0,23294.836
002025.SZ,航天电器,20260828,62.1,63.78,62.1,62.35,62.81,-0.46,-0.7324,102015.04,640987.52723
002026.SZ,山东威达,20260828,12.93,13.0,12.35,12.71,12.36,0.35,2.8317,324589.31,410317.68188
002027.SZ,分众传媒,20260828,4.94,4.99,4.92,4.97,4.94,0.03,0.6073,876410.24,434460.13764
002028.SZ,思源电气,20260828,141.05,146.51,138.1,143.18,153.44,-10.26,-6.6867,446222.45,6323920.95501
002029.SZ,七匹狼,20260828,8.7,8.75,8.58,8.71,8.74,-0.03,-0.3432,90151.7,78299.4723
002030.SZ,达安基因,20260828,5.6,5.66,5.55,5.63,5.62,0.01,0.1779,176862.49,99516.81693
002031.SZ,巨轮智能,20260828,5.2,5.24,5.16,5.19,5.23,-0.04,-0.7648,624727.25,324599.24476
002032.SZ,苏泊尔,20260828,40.35,40.46,40.01,40.3,40.45,-0.15,-0.3708,15191.06,61162.7907
002033.SZ,丽江股份,20260828,9.1,9.21,9.09,9.18,9.13,0.05,0.5476,172482.2,158182.0018
002034.SZ,旺能环境,20260828,14.47,14.74,14.46,14.63,14.47,0.16,1.1057,81017.03,118474.30103
002035.SZ,华帝股份,20260828,4.63,4.7,4.6,4.68,4.66,0.02,0.4292,181129.6,84314.4562
002036.SZ,联创电子,20260828,6.81,6.89,6.72,6.78,6.8,-0.02,-0.2941,242654.41,165105.25321
002037.SZ,保利联合,20260828,6.93,7.0,6.91,6.99,6.94,0.05,0.7205,42572.14,29655.93116
002038.SZ,双鹭药业,20260828,6.43,6.47,6.27,6.28,6.56,-0.28,-4.2683,550131.61,348724.6918
002039.SZ,黔源电力,20260828,19.19,19.35,19.16,19.31,19.28,0.03,0.1556,32460.9,62493.9922
002040.SZ,南京港,20260828,8.65,8.8,8.52,8.77,8.64,0.13,1.5046,157347.92,136622.68258
002041.SZ,登海种业,20260828,11.0,11.88,10.82,11.2,11.23,-0.03,-0.2671,1011188.81,1144691.81969
002042.SZ,华孚时尚,20260828,3.85,4.04,3.8,4.01,3.92,0.09,2.2959,712500.64,278887.19661
002043.SZ,兔宝宝,20260828,12.99,13.25,12.8,13.1,13.0,0.1,0.7692,80876.11,105556.78048
002044.SZ,美年健康,20260828,4.71,4.76,4.67,4.71,4.69,0.02,0.4264,656534.32,309050.37632
002045.SZ,国光电器,20260828,8.96,9.81,8.88,9.1,8.96,0.14,1.5625,495393.01,458124.18392
002046.SZ,国机精工,20260828,52.3,54.46,52.0,52.46,52.45,0.01,0.0191,116306.52,619152.15618
002047.SZ,宝鹰股份,20260828,3.54,3.57,3.48,3.5,3.54,-0.04,-1.1299,456915.52,160544.79104
002048.SZ,宁波华翔,20260828,19.02,19.19,18.8,18.86,19.02,-0.16,-0.8412,111826.7,211915.3039
002049.SZ,紫光国微,20260828,63.09,63.46,62.73,62.78,63.25,-0.47,-0.7431,127637.19,804305.53545
002050.SZ,三花智控,20260828,36.82,37.0,36.16,36.17,36.82,-0.65,-1.7653,402073.13,1464952.42175
002051.SZ,中工国际,20260828,8.62,8.75,8.57,8.69,8.62,0.07,0.8121,239345.83,207172.96583
002052.SZ,同洲电子,20260828,8.88,9.07,8.71,8.88,8.85,0.03,0.339,145422.0,129071.4336
002053.SZ,云南能投,20260828,9.4,9.51,9.35,9.45,9.36,0.09,0.9615,71153.96,67089.03636
002054.SZ,德美化工,20260828,7.33,7.44,7.28,7.43,7.33,0.1,1.3643,100399.76,74048.60492
002055.SZ,ST得润,20260828,6.24,6.29,6.18,6.22,6.24,-0.02,-0.3205,69865.0,43440.287
002056.SZ,横店东磁,20260828,21.6,21.77,21.26,21.3,21.62,-0.32,-1.4801,151342.06,324838.42531
002057.SZ,中钢天源,20260828,8.98,9.17,8.91,9.11,8.99,0.12,1.3348,185867.77,167746.61914
002058.SZ,紫竹高科,20260828,17.04,18.28,17.03,17.03,16.78,0.25,1.4899,49153.0,85506.87798
002059.SZ,云南旅游,20260828,4.58,4.7,4.58,4.68,4.6,0.08,1.7391,104257.0,48609.615
002060.SZ,广东建工,20260828,3.22,3.28,3.19,3.26,3.21,0.05,1.5576,153169.94,49681.63826
002061.SZ,浙江交科,20260828,3.53,3.56,3.5,3.54,3.54,0.0,0.0,173110.2,61150.072
002062.SZ,宏润建设,20260828,8.03,8.12,7.79,7.89,8.04,-0.15,-1.8657,144363.88,114794.12908
002063.SZ,远光软件,20260828,5.43,5.48,5.41,5.43,5.4,0.03,0.5556,195679.28,106506.2268
002064.SZ,华峰化学,20260828,11.54,12.08,11.33,11.89,11.62,0.27,2.3236,552743.74,649220.76316
002065.SZ,东华软件,20260828,6.99,7.08,6.94,6.94,6.94,0.0,0.0,412404.1,288930.69076
002066.SZ,瑞泰科技,20260828,22.62,23.29,22.31,22.31,22.63,-0.32,-1.4141,25567.0,57951.02
002067.SZ,景兴纸业,20260828,4.23,4.28,4.2,4.24,4.18,0.06,1.4354,438082.36,186034.0172
002068.SZ,黑猫股份,20260828,8.08,8.1,7.97,8.05,8.03,0.02,0.2491,192569.0,155034.246
002069.SZ,獐子岛,20260828,3.64,3.78,3.62,3.77,3.65,0.12,3.2877,185480.82,69050.93064
002072.SZ,凯瑞德,20260828,8.9,9.79,8.31,9.31,8.9,0.41,4.6067,681085.23,613289.57952
002073.SZ,软控股份,20260828,5.9,5.96,5.85,5.92,5.95,-0.03,-0.5042,192105.42,113600.21506
002074.SZ,国轩高科,20260828,27.5,27.55,27.21,27.24,27.69,-0.45,-1.6251,211497.03,577965.83029
002075.SZ,沙钢股份,20260828,3.7,3.78,3.68,3.76,3.71,0.05,1.3477,284506.48,106352.2271
002076.SZ,星光股份,20260828,2.13,2.16,2.12,2.14,2.12,0.02,0.9434,263087.0,56352.292
002077.SZ,大港股份,20260828,12.5,12.6,12.37,12.4,12.48,-0.08,-0.641,181496.39,226446.09139
002078.SZ,太阳纸业,20260828,14.77,15.09,14.55,14.71,14.89,-0.18,-1.2089,280932.0,413754.47886
002079.SZ,苏州固锝,20260828,9.4,9.52,9.34,9.35,9.46,-0.11,-1.1628,247982.72,233458.37805
002080.SZ,中材科技,20260828,52.7,54.0,52.0,52.41,52.48,-0.07,-0.1334,454041.07,2408059.51133
002081.SZ,金螳螂,20260828,5.56,5.74,5.47,5.6,5.69,-0.09,-1.5817,3312225.18,1859666.70899
002082.SZ,ST万邦,20260828,9.7,9.81,9.55,9.63,9.77,-0.14,-1.433,104286.0,100693.752
002083.SZ,孚日股份,20260828,10.5,10.98,10.45,10.8,10.48,0.32,3.0534,485933.0,524628.75704
002084.SZ,海鸥住工,20260828,5.8,5.8,5.8,5.8,5.27,0.53,10.0569,67244.93,39002.0594
002085.SZ,万丰奥威,20260828,10.34,10.49,10.3,10.43,10.34,0.09,0.8704,178898.68,185760.29396
002086.SZ,东方海洋,20260828,2.19,2.22,2.15,2.18,2.19,-0.01,-0.4566,603808.0,131824.885
002088.SZ,鲁阳节能,20260828,8.16,8.21,8.05,8.11,8.17,-0.06,-0.7344,28720.25,23428.43485
002090.SZ,金智科技,20260828,9.5,9.52,9.34,9.41,9.57,-0.16,-1.6719,70786.3,66693.517
002091.SZ,江苏国泰,20260828,7.8,7.91,7.8,7.87,7.84,0.03,0.3827,99334.13,78211.98767
002092.SZ,中泰化学,20260828,4.59,4.82,4.54,4.8,4.56,0.24,5.2632,925665.53,435770.8234
002093.SZ,国脉科技,20260828,6.86,6.93,6.83,6.86,6.85,0.01,0.146,55007.0,37808.665
002094.SZ,青岛金王,20260828,5.65,5.99,5.45,5.79,5.66,0.13,2.2968,1364759.73,789496.92703
002095.SZ,生意宝,20260828,14.39,14.53,14.34,14.49,14.38,0.11,0.765,21906.0,31684.5518
002096.SZ,易普力,20260828,9.44,9.8,9.41,9.72,9.4,0.32,3.4043,117914.0,113848.405
002097.SZ,山河智能,20260828,7.26,7.34,7.23,7.32,7.27,0.05,0.6878,115234.26,84002.3598
002098.SZ,浔兴股份,20260828,7.27,7.47,7.27,7.41,7.28,0.13,1.7857,35885.0,26604.61622
002099.SZ,海翔药业,20260828,5.19,5.49,5.18,5.42,5.21,0.21,4.0307,232992.85,124487.11801
002100.SZ,天康生物,20260828,7.4,7.49,7.2,7.46,7.4,0.06,0.8108,275896.72,202510.82716
002101.SZ,广东鸿图,20260828,8.82,8.86,8.76,8.81,8.83,-0.02,-0.2265,33084.0,29124.852
002102.SZ,ST能特,20260828,2.34,2.37,2.31,2.35,2.33,0.02,0.8584,107743.03,25218.99696
002103.SZ,广博股份,20260828,6.53,6.67,6.52,6.63,6.53,0.1,1.5314,64048.0,42296.983
002104.SZ,恒宝股份,20260828,11.84,11.95,11.57,11.66,11.82,-0.16,-1.3536,608081.56,712294.59229
002105.SZ,信隆健康,20260828,6.09,6.2,6.02,6.16,6.07,0.09,1.4827,53134.1,32565.675
002106.SZ,莱宝高科,20260828,10.48,10.62,10.4,10.43,10.52,-0.09,-0.8555,104417.0,109603.395
002107.SZ,沃华医药,20260828,6.57,7.23,6.47,7.23,6.57,0.66,10.0457,310418.46,219031.21018
002108.SZ,沧州明珠,20260828,4.45,4.47,4.43,4.46,4.45,0.01,0.2247,160273.04,71375.10284
002109.SZ,ST兴化,20260828,2.76,2.82,2.74,2.81,2.78,0.03,1.0791,62243.03,17352.68839
002110.SZ,三钢闽光,20260828,3.04,3.11,3.01,3.09,3.05,0.04,1.3115,215929.5,66422.015
002111.SZ,威海广泰,20260828,9.53,9.94,9.51,9.75,9.41,0.34,3.6132,156314.38,152084.86857
002112.SZ,三变科技,20260828,15.2,15.3,15.11,15.16,15.34,-0.18,-1.1734,88296.71,134149.06631
002114.SZ,罗平锌电,20260828,7.65,7.8,7.61,7.77,7.69,0.08,1.0403,83118.0,64217.61
002115.SZ,三维通信,20260828,10.83,10.88,10.61,10.63,10.78,-0.15,-1.3915,487929.64,523590.65284
002116.SZ,中国海诚,20260828,7.25,7.3,7.21,7.27,7.24,0.03,0.4144,21719.8,15785.1962
002117.SZ,东港股份,20260828,8.03,8.16,8.03,8.1,8.07,0.03,0.3717,49928.0,40476.574
002119.SZ,康强电子,20260828,23.36,23.78,23.02,23.25,23.62,-0.37,-1.5665,320288.68,748086.96779
002120.SZ,韵达股份,20260828,6.69,6.76,6.65,6.75,6.69,0.06,0.8969,319314.0,214410.625
002121.SZ,科陆电子,20260828,4.85,5.0,4.81,4.96,4.91,0.05,1.0183,276046.26,135943.51148
002122.SZ,ST汇洲,20260828,2.82,2.84,2.79,2.8,2.82,-0.02,-0.7092,112597.0,31631.049
002123.SZ,梦网科技,20260828,8.09,8.38,7.97,8.08,8.11,-0.03,-0.3699,256069.76,209130.29768
002124.SZ,天邦食品,20260828,2.33,2.36,2.28,2.35,2.31,0.04,1.7316,650390.0,151339.797
002125.SZ,湘潭电化,20260828,13.17,13.19,12.98,13.03,13.18,-0.15,-1.1381,201605.87,263396.89954
002126.SZ,银轮股份,20260828,42.31,42.58,40.62,40.92,42.3,-1.38,-3.2624,134425.24,555756.06021
002127.SZ,南极电商,20260828,2.91,2.96,2.89,2.95,2.9,0.05,1.7241,250534.0,73392.553
002128.SZ,电投能源,20260828,28.5,29.14,28.36,29.11,28.35,0.76,2.6808,143282.11,413843.44293
002129.SZ,TCL中环,20260828,9.19,10.0,9.14,9.82,9.19,0.63,6.8553,2166530.25,2086084.27291
002130.SZ,沃尔核材,20260828,17.24,17.37,17.12,17.16,17.23,-0.07,-0.4063,212959.91,366632.12568
002131.SZ,利欧股份,20260828,4.65,4.76,4.56,4.6,4.59,0.01,0.2179,4759207.26,2211135.2637
002132.SZ,恒星科技,20260828,4.53,4.58,4.47,4.47,4.57,-0.1,-2.1882,805227.04,362767.40699
002133.SZ,广宇集团,20260828,2.77,2.84,2.75,2.82,2.78,0.04,1.4388,117143.0,32885.964
002134.SZ,天津普林,20260828,22.66,22.89,22.04,22.07,22.63,-0.56,-2.4746,167512.4,375488.1952
002135.SZ,东南网架,20260828,6.75,6.95,6.67,6.69,6.73,-0.04,-0.5944,188105.98,128258.32948
002136.SZ,安纳达,20260828,12.6,12.74,12.54,12.71,12.59,0.12,0.9531,41275.1,52207.2029
002137.SZ,实益达,20260828,7.75,7.9,7.67,7.7,7.66,0.04,0.5222,181867.0,140902.654
002138.SZ,顺络电子,20260828,48.55,50.82,47.91,49.15,48.26,0.89,1.8442,320768.58,1586300.2271
002139.SZ,拓邦股份,20260828,9.64,9.67,9.56,9.58,9.64,-0.06,-0.6224,80322.89,77139.27603
002140.SZ,东华科技,20260828,9.14,9.32,9.06,9.28,9.19,0.09,0.9793,74618.74,68557.61128
002141.SZ,贤丰控股,20260828,6.21,6.5,6.17,6.45,6.27,0.18,2.8708,1524350.99,973082.21524
002142.SZ,宁波银行,20260828,33.78,34.08,33.46,33.86,33.75,0.11,0.3259,231946.14,783022.16588
002144.SZ,宏达高科,20260828,11.14,11.3,11.08,11.23,11.09,0.14,1.2624,21541.0,24138.053
002145.SZ,钛能化学,20260828,4.39,4.44,4.37,4.42,4.4,0.02,0.4545,311849.72,137467.09004
002146.SZ,荣盛发展,20260828,1.17,1.2,1.16,1.19,1.17,0.02,1.7094,1121994.01,132792.87721
002148.SZ,北纬科技,20260828,6.29,6.35,6.25,6.31,6.28,0.03,0.4777,82742.34,52224.93
002149.SZ,西部材料,20260828,36.21,36.89,35.89,35.94,36.37,-0.43,-1.1823,154607.8,561084.67364
002150.SZ,正泰电源,20260828,22.31,22.98,22.17,22.7,22.52,0.18,0.7993,83790.56,190460.11549
002151.SZ,北斗星通,20260828,29.22,29.4,28.91,28.96,29.22,-0.26,-0.8898,89430.79,259968.14852
002152.SZ,广电运通,20260828,9.83,9.85,9.67,9.72,9.85,-0.13,-1.3198,217207.92,211503.68246
002153.SZ,石基信息,20260828,7.77,7.93,7.75,7.77,7.72,0.05,0.6477,253285.29,198511.43104
002154.SZ,报喜鸟,20260828,4.06,4.13,4.05,4.11,4.09,0.02,0.489,195089.0,79958.472
002155.SZ,湖南黄金,20260828,28.45,29.54,27.5,28.92,27.02,1.9,7.0318,1872935.33,5331445.44351
002156.SZ,通富微电,20260828,63.4,65.9,63.24,63.75,63.73,0.02,0.0314,917805.41,5905982.8577
002157.SZ,正邦科技,20260828,2.99,3.03,2.97,3.02,2.99,0.03,1.0033,1077827.08,323723.62795
002158.SZ,汉钟精机,20260828,27.53,29.22,27.5,28.0,27.85,0.15,0.5386,118045.51,335429.65593
002159.SZ,三特索道,20260828,13.58,13.81,13.52,13.8,13.59,0.21,1.5453,27158.25,37239.92175
002160.SZ,常铝股份,20260828,4.1,4.19,4.06,4.17,4.11,0.06,1.4599,210144.17,86896.19389
002161.SZ,远望谷,20260828,6.37,6.93,6.33,6.85,6.38,0.47,7.3668,436875.0,293198.707
002162.SZ,悦心健康,20260828,4.04,4.1,4.02,4.07,4.06,0.01,0.2463,81977.2,33404.2126
002163.SZ,海南发展,20260828,8.57,8.81,8.56,8.7,8.57,0.13,1.5169,274346.5,238637.9905
002164.SZ,宁波东力,20260828,10.89,10.99,10.79,10.81,10.88,-0.07,-0.6434,83169.0,90265.744
002165.SZ,红宝丽,20260828,7.53,8.37,7.35,8.37,7.61,0.76,9.9869,1205605.57,981934.90677
002166.SZ,莱茵生物,20260828,6.88,6.96,6.81,6.92,6.9,0.02,0.2899,100205.0,68947.019
002167.SZ,东方锆业,20260828,17.29,17.76,17.0,17.22,17.28,-0.06,-0.3472,567075.86,983645.32896
002168.SZ,ST惠程,20260828,3.86,3.89,3.8,3.87,3.87,0.0,0.0,59513.21,22877.32801
002169.SZ,智光电气,20260828,12.2,12.31,12.05,12.19,12.29,-0.1,-0.8137,120151.12,146208.477
002170.SZ,芭田股份,20260828,11.52,12.02,11.39,11.91,11.66,0.25,2.1441,411890.42,483234.43948
002171.SZ,楚江新材,20260828,10.09,10.43,9.96,10.32,10.05,0.27,2.6866,815060.84,835506.38792
002172.SZ,澳洋健康,20260828,4.5,4.78,4.4,4.5,4.72,-0.22,-4.661,1826280.76,829069.44693
002173.SZ,创新医疗,20260828,18.79,19.0,18.49,18.57,18.85,-0.28,-1.4854,254061.2,475383.121
002174.SZ,游族网络,20260828,12.09,12.12,11.79,11.87,12.07,-0.2,-1.657,272261.2,324740.53785
002175.SZ,*ST东智,20260828,2.6,2.64,2.57,2.63,2.61,0.02,0.7663,163935.8,42688.4502
002176.SZ,江特电机,20260828,8.91,9.14,8.85,9.06,8.91,0.15,1.6835,690851.68,621118.12163
002177.SZ,御银股份,20260828,6.18,6.19,6.02,6.04,6.16,-0.12,-1.9481,406037.76,246347.81485
002178.SZ,延华智能,20260828,4.64,4.69,4.6,4.66,4.63,0.03,0.6479,118858.8,55360.769
002179.SZ,中航光电,20260828,35.31,35.78,35.1,35.18,35.5,-0.32,-0.9014,203470.37,718938.44946
002180.SZ,奔图科技,20260828,17.34,17.49,17.05,17.07,17.41,-0.34,-1.9529,71118.91,122554.15835
002181.SZ,粤传媒,20260828,8.5,8.53,8.38,8.42,8.42,0.0,0.0,181107.18,152915.17373
002182.SZ,宝武镁业,20260828,12.3,12.34,12.08,12.16,12.33,-0.17,-1.3788,133456.4,162396.215
002183.SZ,怡亚通,20260828,4.56,4.59,4.45,4.55,4.6,-0.05,-1.087,501247.37,226334.30272
002184.SZ,海得控制,20260828,10.12,10.18,10.08,10.08,10.15,-0.07,-0.6897,32807.0,33228.035
002185.SZ,华天科技,20260828,17.12,17.44,16.91,16.92,17.18,-0.26,-1.5134,1952535.19,3344944.28297
002186.SZ,全聚德,20260828,9.43,9.58,9.4,9.56,9.44,0.12,1.2712,33414.0,31802.193
002187.SZ,广百股份,20260828,5.48,5.75,5.47,5.66,5.5,0.16,2.9091,172764.0,97298.411
002188.SZ,中天服务,20260828,5.53,5.62,5.48,5.62,5.55,0.07,1.2613,69620.1,38822.6516
002189.SZ,中光学,20260828,18.84,19.48,18.78,19.06,18.83,0.23,1.2215,34534.02,66150.94425
002190.SZ,成飞集成,20260828,26.03,26.78,25.6,25.99,25.52,0.47,1.8417,294515.69,767278.87251
002191.SZ,劲嘉股份,20260828,3.72,3.74,3.69,3.7,3.73,-0.03,-0.8043,97403.0,36145.603
002192.SZ,融捷股份,20260828,74.73,75.84,72.42,74.43,73.69,0.74,1.0042,262490.6,1945440.4108
002193.SZ,ST如意,20260828,4.9,5.38,4.83,5.38,4.89,0.49,10.0204,122546.0,63805.109
002194.SZ,武汉凡谷,20260828,10.28,10.35,10.15,10.17,10.38,-0.21,-2.0231,240348.68,245675.02174
002195.SZ,岩山科技,20260828,6.45,6.52,6.37,6.39,6.41,-0.02,-0.312,1012790.45,651890.10519
002196.SZ,方正电机,20260828,10.52,10.64,10.45,10.49,10.6,-0.11,-1.0377,109347.75,115116.6775
002197.SZ,证通电子,20260828,7.03,7.05,6.85,6.86,7.01,-0.15,-2.1398,180795.0,125413.22
002198.SZ,ST嘉应,20260828,3.45,3.5,3.44,3.48,3.47,0.01,0.2882,34799.0,12086.939
002199.SZ,东晶电子,20260828,12.36,12.7,12.31,12.59,12.44,0.15,1.2058,45480.0,56864.518
002200.SZ,交投生态,20260828,6.92,7.17,6.91,7.14,6.96,0.18,2.5862,49765.0,35322.388
002201.SZ,九鼎新材,20260828,8.32,8.43,8.25,8.35,8.29,0.06,0.7238,104831.34,87521.9272
002202.SZ,金风科技,20260828,18.64,18.67,18.38,18.41,18.74,-0.33,-1.7609,841335.15,1555110.59043
002203.SZ,海亮股份,20260828,20.5,20.6,19.0,19.75,20.29,-0.54,-2.6614,512842.09,1009442.54406
002204.SZ,大连重工,20260828,5.21,5.27,5.19,5.25,5.21,0.04,0.7678,150219.93,78592.7416
002205.SZ,国统股份,20260828,10.67,10.79,10.6,10.75,10.65,0.1,0.939,26655.0,28580.254
002206.SZ,海利得,20260828,5.26,5.38,5.25,5.38,5.27,0.11,2.0873,123958.0,66107.877
002207.SZ,*ST准油,20260828,5.72,5.88,5.72,5.85,5.77,0.08,1.3865,55839.0,32552.07
002208.SZ,合肥城建,20260828,10.8,10.95,10.71,10.81,10.75,0.06,0.5581,209734.8,226850.792
002209.SZ,达意隆,20260828,13.08,13.58,13.01,13.31,13.08,0.23,1.7584,91615.0,122351.448
002210.SZ,飞马国际,20260828,2.41,2.43,2.34,2.37,2.37,0.0,0.0,628252.17,148687.75329
002211.SZ,ST宏达,20260828,3.83,3.89,3.81,3.87,3.82,0.05,1.3089,58682.0,22640.181
002212.SZ,天融信,20260828,6.66,6.93,6.58,6.93,6.3,0.63,10.0,1097473.77,751126.81454
002213.SZ,大为股份,20260828,30.82,31.88,30.25,30.33,31.09,-0.76,-2.4445,151229.86,466930.61242
002214.SZ,大立科技,20260828,14.9,15.33,14.82,14.94,14.85,0.09,0.6061,56092.07,84438.77596
002215.SZ,诺普信,20260828,10.42,10.6,10.32,10.53,10.49,0.04,0.3813,324581.67,340385.03224
002216.SZ,三全食品,20260828,12.07,12.27,12.05,12.21,12.07,0.14,1.1599,50511.32,61444.73868
002217.SZ,ST合力泰,20260828,1.48,1.5,1.47,1.48,1.48,0.0,0.0,854652.0,126910.601
002218.SZ,拓日新能,20260828,3.98,4.06,3.93,4.04,3.98,0.06,1.5075,298771.81,120117.27219
002219.SZ,新里程,20260828,2.28,2.32,2.23,2.27,2.28,-0.01,-0.4386,1164025.83,264647.04448
002221.SZ,东华能源,20260828,5.64,5.91,5.64,5.86,5.64,0.22,3.9007,335945.07,195104.79037
002222.SZ,福晶科技,20260828,68.77,70.69,68.0,68.15,67.63,0.52,0.7689,278081.6,1931681.30394
002223.SZ,鱼跃医疗,20260828,26.29,26.36,26.17,26.29,26.37,-0.08,-0.3034,46876.36,123131.34666
002224.SZ,三力士,20260828,3.73,3.79,3.7,3.76,3.72,0.04,1.0753,118889.0,44659.761
002225.SZ,濮耐股份,20260828,3.66,3.74,3.63,3.72,3.67,0.05,1.3624,137377.0,50959.879
002226.SZ,江南化工,20260828,5.1,5.19,5.09,5.16,5.12,0.04,0.7813,165712.8,85171.1076
002227.SZ,*ST特迅,20260828,6.48,6.73,6.44,6.71,6.48,0.23,3.5494,21973.0,14506.718
002228.SZ,合兴包装,20260828,3.21,3.24,3.19,3.23,3.21,0.02,0.6231,173162.03,55797.38797
002229.SZ,鸿博股份,20260828,11.17,12.29,11.16,12.29,11.17,1.12,10.0269,810040.9,969490.25195
002230.SZ,科大讯飞,20260828,40.0,40.48,39.93,40.06,39.77,0.29,0.7292,301923.66,1213608.17255
002232.SZ,启明信息,20260828,14.37,14.71,14.34,14.45,14.21,0.24,1.689,53079.65,77043.30139
002233.SZ,塔牌集团,20260828,7.37,7.4,7.28,7.36,7.37,-0.01,-0.1357,45174.11,33207.05484
002234.SZ,民和股份,20260828,8.09,8.27,8.03,8.24,8.1,0.14,1.7284,54318.83,44271.65247
002235.SZ,安妮股份,20260828,8.74,9.05,8.66,8.93,8.68,0.25,2.8802,375385.77,333449.98275
002236.SZ,大华股份,20260828,16.27,16.41,16.26,16.27,16.29,-0.02,-0.1228,282974.05,461989.61136
002237.SZ,恒邦股份,20260828,15.29,15.7,15.04,15.61,15.36,0.25,1.6276,433439.47,669605.44313
002238.SZ,天威视讯,20260828,6.55,6.61,6.45,6.56,6.54,0.02,0.3058,68824.5,45076.06554
002239.SZ,奥特佳,20260828,2.59,2.62,2.57,2.6,2.6,0.0,0.0,516468.12,134140.5592
002240.SZ,盛新锂能,20260828,32.4,32.99,31.61,32.65,32.02,0.63,1.9675,381558.25,1232681.38575
002241.SZ,歌尔股份,20260828,23.83,24.08,23.51,23.51,23.89,-0.38,-1.5906,667336.97,1585541.55112
002242.SZ,九阳股份,20260828,8.35,8.44,8.31,8.43,8.33,0.1,1.2005,39525.0,33148.944
002243.SZ,力合科创,20260828,7.5,7.57,7.44,7.54,7.52,0.02,0.266,94166.0,70764.928
002244.SZ,滨江集团,20260828,9.24,9.59,8.98,9.01,9.26,-0.25,-2.6998,555197.37,510533.15381
002245.SZ,蔚蓝锂芯,20260828,17.84,18.06,17.64,17.67,17.85,-0.18,-1.0084,357811.74,637300.60477
002246.SZ,北化股份,20260828,20.02,20.34,19.88,20.16,20.02,0.14,0.6993,76603.51,154440.29138
002247.SZ,聚力文化,20260828,2.44,2.47,2.41,2.46,2.43,0.03,1.2346,162953.0,39917.759
002248.SZ,华东数控,20260828,9.92,10.05,9.84,10.0,9.99,0.01,0.1001,227801.0,226903.359
002249.SZ,大洋电机,20260828,6.69,6.74,6.66,6.69,6.71,-0.02,-0.2981,282633.36,189025.26669
002250.SZ,联化科技,20260828,15.2,15.57,15.2,15.54,15.35,0.19,1.2378,84035.88,130050.77918
002251.SZ,步步高,20260828,3.7,3.82,3.67,3.8,3.7,0.1,2.7027,888671.0,334993.522
002252.SZ,上海莱士,20260828,4.95,4.95,4.9,4.93,4.95,-0.02,-0.404,214836.0,105724.95
002253.SZ,川大智胜,20260828,9.72,10.08,9.64,9.98,9.68,0.3,3.0992,44286.0,43928.918
002254.SZ,泰和新材,20260828,12.74,12.93,12.69,12.77,12.77,0.0,0.0,144310.22,184772.14666
002255.SZ,海陆重工,20260828,7.89,8.05,7.84,7.92,7.84,0.08,1.0204,110236.01,87629.33689
002256.SZ,兆新股份,20260828,3.45,3.49,3.4,3.44,3.44,0.0,0.0,415233.0,142541.30064
002258.SZ,利尔化学,20260828,14.19,14.45,14.12,14.37,14.16,0.21,1.4831,191046.13,273624.99066
002259.SZ,升达林业,20260828,4.13,4.42,4.11,4.37,4.13,0.24,5.8111,315588.2,134942.2664
002261.SZ,拓维信息,20260828,25.66,26.16,25.5,25.5,25.6,-0.1,-0.3906,368140.89,950678.27502
002262.SZ,恩华药业,20260828,21.82,22.2,21.74,22.04,22.02,0.02,0.0908,55376.0,121628.659
002263.SZ,大东南,20260828,3.15,3.2,3.12,3.19,3.15,0.04,1.2698,594923.51,188986.48006
002264.SZ,新华都,20260828,6.54,6.78,6.51,6.71,6.52,0.19,2.9141,193127.26,129264.33045
002265.SZ,建设工业,20260828,18.47,18.84,18.37,18.66,18.56,0.1,0.5388,79500.98,148302.19945
002266.SZ,浙富控股,20260828,4.99,5.01,4.92,4.95,5.0,-0.05,-1.0,657560.16,325514.14735
002267.SZ,陕天然气,20260828,6.9,7.04,6.86,7.04,6.9,0.14,2.029,108560.9,75744.8291
002268.SZ,电科网安,20260828,14.41,14.59,14.1,14.13,14.11,0.02,0.1417,183767.7,264288.26688
002269.SZ,美邦服饰,20260828,1.46,1.49,1.44,1.48,1.46,0.02,1.3699,474402.5,69611.97
002270.SZ,华明装备,20260828,18.72,19.14,18.6,19.01,18.83,0.18,0.9559,105133.6,199479.58204
002271.SZ,东方雨虹,20260828,11.43,11.6,11.31,11.46,11.38,0.08,0.703,380320.13,435604.90802
002272.SZ,川润股份,20260828,16.82,16.98,16.35,16.45,16.81,-0.36,-2.1416,299624.33,499433.20717
002273.SZ,水晶光电,20260828,26.8,27.28,26.1,26.12,26.81,-0.69,-2.5737,449065.29,1195990.17711
002275.SZ,桂林三金,20260828,12.4,12.68,12.35,12.54,12.44,0.1,0.8039,31850.02,39871.0917
002276.SZ,万马股份,20260828,10.29,10.37,10.26,10.35,10.29,0.06,0.5831,102161.38,105459.26587
002277.SZ,友阿股份,20260828,6.46,6.56,6.36,6.41,6.51,-0.1,-1.5361,249514.0,161137.77614
002278.SZ,神开股份,20260828,8.23,8.31,8.16,8.3,8.23,0.07,0.8505,59720.45,49351.83325
002279.SZ,久其软件,20260828,6.6,7.05,6.57,7.05,6.41,0.64,9.9844,465030.92,323045.33464
002281.SZ,光迅科技,20260828,176.14,181.24,173.49,173.61,176.38,-2.77,-1.5705,245030.32,4342977.36491
002282.SZ,博深股份,20260828,6.05,6.14,6.05,6.1,6.07,0.03,0.4942,36783.75,22444.35275
002283.SZ,天润工业,20260828,8.74,8.9,8.41,8.53,8.59,-0.06,-0.6985,243903.37,209714.69798
002284.SZ,亚太股份,20260828,9.78,9.9,9.71,9.84,9.8,0.04,0.4082,239936.13,236097.30363
002285.SZ,世联行,20260828,2.22,2.4,2.21,2.33,2.22,0.11,4.955,787316.46,181811.33336
002286.SZ,保龄宝,20260828,8.03,8.2,7.98,8.17,8.0,0.17,2.125,128033.0,104043.092
002287.SZ,奇正藏药,20260828,20.35,20.47,20.13,20.45,20.3,0.15,0.7389,17654.98,35957.51538
002289.SZ,宇顺电子,20260828,38.66,39.32,38.01,38.01,38.73,-0.72,-1.859,34707.15,133630.92555
002290.SZ,禾盛新材,20260828,63.25,64.58,61.79,61.99,63.25,-1.26,-1.9921,47674.49,300791.0928
002291.SZ,遥望科技,20260828,5.22,5.26,5.18,5.2,5.18,0.02,0.3861,198549.88,103547.00829
002292.SZ,奥飞娱乐,20260828,8.14,8.18,8.03,8.07,8.11,-0.04,-0.4932,222696.43,180075.35674
002293.SZ,罗莱生活,20260828,11.46,11.62,11.38,11.54,11.45,0.09,0.786,46335.9,53403.63888
002294.SZ,信立泰,20260828,32.18,32.42,32.03,32.18,32.35,-0.17,-0.5255,84815.11,273363.86465
002295.SZ,精艺股份,20260828,9.8,9.95,9.56,9.85,10.2,-0.35,-3.4314,222629.16,216848.16268
002296.SZ,辉煌科技,20260828,8.96,9.06,8.95,9.03,8.99,0.04,0.4449,60982.4,55007.2938
002297.SZ,博云新材,20260828,18.36,18.55,18.16,18.21,18.4,-0.19,-1.0326,345961.71,633310.45625
002298.SZ,中电鑫龙,20260828,8.05,8.12,8.01,8.06,8.11,-0.05,-0.6165,197279.15,159011.18376
002299.SZ,圣农发展,20260828,16.64,16.72,16.44,16.68,16.68,0.0,0.0,72817.0,120890.537
002300.SZ,太阳电缆,20260828,6.76,6.86,6.74,6.83,6.81,0.02,0.2937,123159.0,83976.107
002301.SZ,齐心集团,20260828,7.75,7.79,7.62,7.68,7.73,-0.05,-0.6468,77594.99,59642.70635
002302.SZ,西部建设,20260828,4.74,4.84,4.74,4.83,4.78,0.05,1.046,65578.48,31479.3314
002303.SZ,美盈森,20260828,5.07,5.38,5.02,5.17,5.08,0.09,1.7717,472286.47,246331.33475
002304.SZ,洋河股份,20260828,38.8,39.25,38.67,39.13,38.88,0.25,0.643,51033.08,199239.5196
002305.SZ,*ST南置,20260828,2.11,2.14,2.1,2.12,2.12,0.0,0.0,162213.0,34420.429
002306.SZ,ST云网,20260828,2.07,2.15,2.07,2.11,2.06,0.05,2.4272,64949.0,13666.342
002307.SZ,北新路桥,20260828,3.0,3.06,2.99,3.05,3.01,0.04,1.3289,232991.49,70681.57925
002309.SZ,中利集团,20260828,3.04,3.08,3.0,3.06,3.05,0.01,0.3279,834051.0,254380.69401
002310.SZ,东方新能,20260828,2.35,2.38,2.33,2.36,2.36,0.0,0.0,529448.0,124797.903
002311.SZ,海大集团,20260828,45.42,46.31,45.05,46.24,45.4,0.84,1.8502,69165.01,316854.89964
002312.SZ,川发龙蟒,20260828,8.4,8.66,8.35,8.65,8.43,0.22,2.6097,287208.45,245525.8204
002313.SZ,日海智能,20260828,8.62,8.64,8.4,8.44,8.62,-0.18,-2.0882,123627.0,104777.522
002314.SZ,南山控股,20260828,2.19,2.24,2.18,2.22,2.19,0.03,1.3699,279528.0,61943.918
002315.SZ,焦点科技,20260828,25.44,25.9,25.3,25.43,25.31,0.12,0.4741,70501.22,180242.90721
002316.SZ,亚联发展,20260828,4.6,4.6,4.47,4.55,4.59,-0.04,-0.8715,113692.56,51426.33568
002317.SZ,众生药业,20260828,26.1,26.54,25.62,25.85,26.1,-0.25,-0.9579,135192.96,350171.11201
002318.SZ,久立特材,20260828,19.56,20.03,19.32,19.86,19.59,0.27,1.3783,80471.53,158686.57727
002319.SZ,乐通股份,20260828,11.0,11.03,10.7,10.74,11.0,-0.26,-2.3636,59437.55,64259.6797
002320.SZ,海峡股份,20260828,6.63,6.96,6.49,6.81,6.57,0.24,3.653,782516.88,529311.97918
002321.SZ,华英农业,20260828,2.11,2.16,2.07,2.15,2.11,0.04,1.8957,357836.76,75839.45212
002322.SZ,理工能科,20260828,12.52,12.68,12.38,12.4,12.44,-0.04,-0.3215,138153.13,172526.26175
002323.SZ,*ST雅博,20260828,1.29,1.3,1.28,1.29,1.29,0.0,0.0,205733.59,26563.58911
002324.SZ,普利特,20260828,9.16,9.85,9.16,9.65,9.2,0.45,4.8913,423131.47,406032.6698
002326.SZ,永太科技,20260828,19.0,19.37,18.86,19.09,19.0,0.09,0.4737,281955.26,539859.4929
002327.SZ,富安娜,20260828,6.29,6.38,6.24,6.36,6.3,0.06,0.9524,68032.75,42970.39494
002328.SZ,新朋股份,20260828,7.74,7.84,7.63,7.73,7.76,-0.03,-0.3866,439606.24,340878.25152
002329.SZ,皇氏集团,20260828,3.91,4.01,3.86,3.99,3.92,0.07,1.7857,510453.66,202109.9187
002330.SZ,得利斯,20260828,4.16,4.26,4.14,4.24,4.19,0.05,1.1933,99794.0,42022.121
002331.SZ,皖通科技,20260828,6.99,7.01,6.92,6.97,6.96,0.01,0.1437,47395.0,33051.657
002332.SZ,仙琚制药,20260828,8.76,8.78,8.62,8.72,8.62,0.1,1.1601,148528.38,129384.00537
002333.SZ,罗普斯金,20260828,5.82,5.84,5.65,5.7,5.81,-0.11,-1.8933,180459.0,103286.801
002334.SZ,英威腾,20260828,6.76,6.81,6.71,6.72,6.76,-0.04,-0.5917,74385.0,50264.759
002335.SZ,科华数据,20260828,31.23,31.78,30.61,30.62,30.83,-0.21,-0.6812,188680.95,587817.13601
002337.SZ,赛象科技,20260828,4.69,4.76,4.68,4.74,4.69,0.05,1.0661,65491.0,30953.095
002338.SZ,奥普光电,20260828,43.28,43.94,42.63,42.64,43.56,-0.92,-2.112,49945.23,215131.20084
002339.SZ,积成电子,20260828,7.4,7.5,7.39,7.45,7.41,0.04,0.5398,120342.6,89569.4534
002340.SZ,格林美,20260828,6.63,6.68,6.59,6.67,6.65,0.02,0.3008,651250.06,432125.87946
002342.SZ,巨力索具,20260828,7.76,7.8,7.68,7.74,7.76,-0.02,-0.2577,247245.86,191399.14402
002343.SZ,慈文传媒,20260828,5.18,5.24,5.13,5.18,5.18,0.0,0.0,65737.0,33976.753
002344.SZ,海宁皮城,20260828,4.01,4.07,3.98,4.05,4.01,0.04,0.9975,133112.33,53723.693
002345.SZ,潮宏基,20260828,9.95,10.42,9.83,10.4,9.95,0.45,4.5226,311450.0,318359.08232
002346.SZ,柘中股份,20260828,20.92,21.18,20.6,20.65,21.01,-0.36,-1.7135,66547.0,138628.193
002347.SZ,泰尔股份,20260828,6.04,6.23,6.0,6.14,6.04,0.1,1.6556,167112.96,102397.64895
002348.SZ,高乐股份,20260828,11.29,11.34,11.07,11.21,11.26,-0.05,-0.444,114084.2,127892.2508
002349.SZ,精华制药,20260828,7.13,7.89,7.1,7.89,7.17,0.72,10.0418,422927.97,325503.40133
002350.SZ,北京科锐,20260828,14.58,15.1,14.5,14.59,14.54,0.05,0.3439,82872.04,122448.56638
002351.SZ,漫步者,20260828,10.09,10.2,10.02,10.06,10.09,-0.03,-0.2973,53348.33,53800.21297
002352.SZ,顺丰控股,20260828,33.38,33.69,32.96,33.67,33.41,0.26,0.7782,199757.38,665367.33639
002353.SZ,杰瑞股份,20260828,135.0,135.0,128.3,130.92,136.24,-5.32,-3.9049,235561.76,3090671.86556
002354.SZ,天娱数科,20260828,7.85,7.85,7.85,7.85,7.14,0.71,9.944,915562.53,718716.58605
002355.SZ,兴民智通,20260828,4.92,4.94,4.87,4.92,4.91,0.01,0.2037,119203.41,58600.90154
002356.SZ,鹏飞绿能,20260828,2.8,2.88,2.79,2.86,2.8,0.06,2.1429,182957.89,52218.17075
002357.SZ,富临运业,20260828,11.03,11.19,10.98,11.11,11.03,0.08,0.7253,79404.0,88112.063
002358.SZ,森源电气,20260828,5.47,5.53,5.44,5.51,5.48,0.03,0.5474,99532.85,54631.49423
002360.SZ,ST同德,20260828,5.78,5.87,5.64,5.82,5.79,0.03,0.5181,36808.0,21209.521
002361.SZ,神剑股份,20260828,10.46,10.68,10.43,10.52,10.45,0.07,0.6699,538007.68,566691.90815
002362.SZ,汉王科技,20260828,15.75,16.13,15.75,15.87,15.82,0.05,0.3161,29085.05,46426.094
002363.SZ,隆基机械,20260828,6.71,6.79,6.65,6.78,6.6,0.18,2.7273,82841.0,55964.7251
002364.SZ,中恒电气,20260828,38.15,38.94,37.08,37.11,38.63,-1.52,-3.9348,278340.1,1055163.63728
002365.SZ,永安药业,20260828,14.93,15.42,14.48,15.39,14.94,0.45,3.012,531804.08,793387.17416
002366.SZ,融发核电,20260828,6.16,6.45,6.1,6.29,6.17,0.12,1.9449,1036546.89,651434.45767
002367.SZ,康力电梯,20260828,5.45,5.57,5.43,5.49,5.45,0.04,0.7339,121758.52,67002.44596
002368.SZ,太极股份,20260828,13.82,14.74,13.77,14.09,13.75,0.34,2.4727,161397.2,231375.2736
002369.SZ,卓翼科技,20260828,6.28,6.39,6.21,6.29,6.34,-0.05,-0.7886,363575.78,228691.25089
002370.SZ,亚太药业,20260828,5.6,5.6,5.5,5.55,5.6,-0.05,-0.8929,165891.0,91885.267
002371.SZ,北方华创,20260828,717.0,724.51,697.0,697.51,718.0,-20.49,-2.8538,56463.11,4000825.25003
002372.SZ,伟星新材,20260828,8.56,8.64,8.51,8.61,8.58,0.03,0.3497,63066.48,54129.4622
002373.SZ,千方科技,20260828,7.65,7.72,7.6,7.63,7.62,0.01,0.1312,111650.92,85514.4196
002374.SZ,中锐股份,20260828,3.09,3.16,3.09,3.14,3.1,0.04,1.2903,150476.99,47210.99791
002375.SZ,亚厦股份,20260828,3.69,3.72,3.66,3.7,3.68,0.02,0.5435,104613.02,38572.36738
002376.SZ,新北洋,20260828,6.76,6.81,6.7,6.75,6.78,-0.03,-0.4425,92078.0,62344.829
002377.SZ,国创高新,20260828,2.78,2.82,2.75,2.81,2.77,0.04,1.444,209318.0,58426.173
002378.SZ,章源钨业,20260828,25.91,26.39,25.52,25.79,25.91,-0.12,-0.4631,339312.47,877716.28874
002379.SZ,宏桥控股,20260828,18.79,18.87,18.24,18.5,18.7,-0.2,-1.0695,376482.74,698220.47872
002380.SZ,科远智慧,20260828,28.36,28.61,27.78,27.83,28.15,-0.32,-1.1368,39245.0,110511.852
002381.SZ,双箭股份,20260828,5.54,5.6,5.5,5.6,5.55,0.05,0.9009,47351.0,26343.62
002382.SZ,蓝帆医疗,20260828,6.08,6.12,6.03,6.05,6.13,-0.08,-1.3051,81940.0,49632.401
002383.SZ,合众思壮,20260828,7.02,7.09,7.01,7.07,7.05,0.02,0.2837,77255.0,54557.492
002384.SZ,东山精密,20260828,198.31,206.96,195.5,195.62,200.6,-4.98,-2.4826,554544.34,11142433.0621
002385.SZ,大北农,20260828,3.32,3.4,3.27,3.39,3.33,0.06,1.8018,1542587.31,516951.99388
002386.SZ,天原股份,20260828,5.87,6.03,5.85,6.02,5.89,0.13,2.2071,239905.56,143224.07322
002387.SZ,维信诺,20260828,7.13,7.46,7.13,7.32,7.11,0.21,2.9536,230081.52,168672.64068
002388.SZ,新亚制程,20260828,6.52,6.68,6.41,6.5,6.66,-0.16,-2.4024,487910.0,318066.317
002389.SZ,航天彩虹,20260828,18.05,18.18,17.9,18.07,18.09,-0.02,-0.1106,119431.55,215775.79764
002390.SZ,信邦制药,20260828,3.09,3.29,3.04,3.17,3.1,0.07,2.2581,581569.0,185221.72754
002391.SZ,长青股份,20260828,5.25,5.47,5.23,5.44,5.28,0.16,3.0303,160851.52,86257.0886
002392.SZ,北京利尔,20260828,7.8,8.06,7.73,7.95,7.79,0.16,2.0539,202855.2,160014.15846
002393.SZ,力生制药,20260828,14.2,14.34,14.12,14.31,14.24,0.07,0.4916,16229.28,23162.9452
002394.SZ,联发股份,20260828,10.38,10.47,10.28,10.31,10.38,-0.07,-0.6744,45316.0,47028.088
002395.SZ,双象股份,20260828,12.44,12.55,12.37,12.47,12.55,-0.08,-0.6375,48290.57,60260.27365
002396.SZ,星网锐捷,20260828,33.8,36.69,33.4,36.69,33.35,3.34,10.015,1148070.43,4141078.93492
002397.SZ,梦洁股份,20260828,3.62,3.7,3.59,3.68,3.6,0.08,2.2222,148957.0,54515.243
002398.SZ,垒知集团,20260828,4.22,4.25,4.18,4.23,4.21,0.02,0.4751,92542.0,39122.42
002399.SZ,海普瑞,20260828,10.51,10.59,10.42,10.45,10.6,-0.15,-1.4151,53470.0,56089.933
002400.SZ,省广集团,20260828,6.55,6.61,6.44,6.47,6.46,0.01,0.1548,866324.27,563531.88613
002401.SZ,中远海科,20260828,12.28,12.42,12.28,12.34,12.27,0.07,0.5705,31387.6,38837.9698
002402.SZ,和而泰,20260828,19.1,19.33,19.02,19.06,19.15,-0.09,-0.47,155611.12,297900.5277
002403.SZ,爱仕达,20260828,9.17,9.29,9.06,9.24,9.17,0.07,0.7634,36017.9,33195.0905
002404.SZ,嘉欣丝绸,20260828,5.74,5.85,5.72,5.84,5.74,0.1,1.7422,68008.95,39377.91215
002405.SZ,四维图新,20260828,6.38,6.46,6.37,6.39,6.36,0.03,0.4717,273728.33,175447.28522
002406.SZ,远东传动,20260828,6.72,6.8,6.7,6.77,6.74,0.03,0.4451,80519.0,54542.282
002407.SZ,多氟多,20260828,35.3,37.58,35.0,36.94,35.12,1.82,5.1822,2017350.35,7320542.47269
002408.SZ,齐翔腾达,20260828,5.45,5.65,5.44,5.62,5.45,0.17,3.1193,362569.34,201964.97288
002409.SZ,雅克科技,20260828,144.41,148.3,141.91,142.06,143.91,-1.85,-1.2855,173368.98,2508246.35443
002410.SZ,广联达,20260828,8.84,9.12,8.82,9.0,8.79,0.21,2.3891,325190.66,292853.62785
002412.SZ,汉森制药,20260828,13.81,14.14,12.62,13.13,14.02,-0.89,-6.3481,1654515.96,2210380.70718
002413.SZ,雷科防务,20260828,7.94,8.02,7.9,7.96,7.95,0.01,0.1258,278819.1,222078.27265
002414.SZ,高德红外,20260828,12.91,13.07,12.83,12.85,12.95,-0.1,-0.7722,582411.62,752257.61596
002415.SZ,海康威视,20260828,35.2,35.44,35.01,35.1,35.29,-0.19,-0.5384,458803.39,1614844.72652
002416.SZ,爱施德,20260828,9.39,9.55,9.36,9.5,9.39,0.11,1.1715,123960.9,117291.3394
002418.SZ,康盛股份,20260828,5.1,5.4,4.83,4.9,4.91,-0.01,-0.2037,4873656.6,2521907.99226
002419.SZ,天虹股份,20260828,4.63,4.72,4.6,4.7,4.65,0.05,1.0753,139308.33,65020.85213
002420.SZ,毅昌科技,20260828,5.94,6.09,5.92,6.06,5.94,0.12,2.0202,77636.0,46827.37
002421.SZ,达实智能,20260828,3.31,3.34,3.23,3.26,3.23,0.03,0.9288,1751827.12,574833.13888
002422.SZ,科伦药业,20260828,42.0,42.31,41.54,41.75,42.28,-0.53,-1.2535,172094.72,721007.47788
002423.SZ,中粮资本,20260828,10.01,10.12,9.83,9.89,9.98,-0.09,-0.9018,370146.07,368114.61649
002424.SZ,ST百灵,20260828,4.63,4.7,4.59,4.62,4.6,0.02,0.4348,89608.0,41531.766
002425.SZ,凯撒文化,20260828,3.18,3.21,3.14,3.18,3.17,0.01,0.3155,267392.0,85028.331
002426.SZ,胜利精密,20260828,2.7,2.74,2.69,2.72,2.72,0.0,0.0,476075.03,129479.30513
002427.SZ,尤夫股份,20260828,4.72,5.19,4.67,5.19,4.72,0.47,9.9576,643166.54,320808.17499
002428.SZ,云南锗业,20260828,102.98,105.55,99.36,99.66,101.36,-1.7,-1.6772,752392.22,7684662.10677
002429.SZ,兆驰股份,20260828,8.38,8.48,8.17,8.18,8.38,-0.2,-2.3866,532851.24,443117.92801
002430.SZ,杭氧股份,20260828,25.0,26.3,25.0,26.11,24.65,1.46,5.9229,458563.36,1184412.87682
002431.SZ,ST棕榈,20260828,1.44,1.45,1.41,1.42,1.44,-0.02,-1.3889,210524.0,29997.456
002432.SZ,九安医疗,20260828,68.99,69.49,67.41,67.86,69.41,-1.55,-2.2331,197268.16,1347732.70517
002434.SZ,万里扬,20260828,5.79,5.82,5.75,5.76,5.79,-0.03,-0.5181,87296.0,50462.775
002436.SZ,兴森科技,20260828,36.36,37.8,35.72,35.78,35.7,0.08,0.2241,1338197.36,4904248.15878
002437.SZ,誉衡药业,20260828,4.46,4.86,4.17,4.86,4.42,0.44,9.9548,8171194.13,3612936.94948
002438.SZ,江苏神通,20260828,13.83,14.03,13.72,13.75,13.83,-0.08,-0.5785,35685.0,49469.272
002439.SZ,启明星辰,20260828,13.85,14.02,13.66,13.67,13.42,0.25,1.8629,354268.49,491221.71992
002440.SZ,闰土股份,20260828,13.19,14.13,12.87,13.89,13.07,0.82,6.2739,676190.69,921691.72985
002441.SZ,众业达,20260828,8.23,8.28,8.15,8.26,8.23,0.03,0.3645,62080.04,51074.93308
002442.SZ,龙星科技,20260828,5.31,5.4,5.22,5.25,5.22,0.03,0.5747,231149.5,121739.915
002443.SZ,金洲管道,20260828,9.75,10.09,9.35,9.96,9.83,0.13,1.3225,350189.61,339659.18828
002444.SZ,巨星科技,20260828,30.72,31.18,30.18,30.41,30.72,-0.31,-1.0091,66842.08,204846.1782
002445.SZ,中南文化,20260828,3.52,3.53,3.38,3.39,3.67,-0.28,-7.6294,2402349.21,827406.08667
002446.SZ,盛路通信,20260828,8.4,8.48,8.29,8.33,8.43,-0.1,-1.1862,187035.15,156429.2383
002448.SZ,中原内配,20260828,12.19,12.48,12.09,12.18,12.16,0.02,0.1645,184705.87,225975.86092
002449.SZ,国星光电,20260828,6.6,6.65,6.57,6.63,6.62,0.01,0.1511,133621.48,88377.33086
002451.SZ,摩恩电气,20260828,7.77,7.79,7.69,7.75,7.79,-0.04,-0.5135,181414.75,140425.03727
002452.SZ,长高电气,20260828,11.45,11.54,11.31,11.5,11.34,0.16,1.4109,190659.19,218234.22253
002453.SZ,华软科技,20260828,4.53,4.61,4.52,4.56,4.53,0.03,0.6623,100715.2,46001.1314
002454.SZ,松芝股份,20260828,5.15,5.18,5.11,5.13,5.16,-0.03,-0.5814,75281.2,38666.3622
002455.SZ,百川股份,20260828,7.76,7.99,7.65,7.93,7.78,0.15,1.928,542058.95,424718.85578
002456.SZ,欧菲光,20260828,7.52,7.89,7.48,7.61,7.58,0.03,0.3958,1521034.46,1166657.19037
002457.SZ,青龙管业,20260828,11.0,11.2,10.94,11.11,11.05,0.06,0.543,171227.0,189587.485
002458.SZ,益生股份,20260828,8.98,9.1,8.83,9.07,8.94,0.13,1.4541,456858.01,410076.89628
002459.SZ,晶澳科技,20260828,7.18,7.34,7.14,7.3,7.18,0.12,1.6713,304210.56,221241.72984
002460.SZ,赣锋锂业,20260828,54.9,55.62,53.54,55.0,54.13,0.87,1.6072,479966.23,2621480.63587
002461.SZ,珠江啤酒,20260828,8.64,8.72,8.58,8.71,8.63,0.08,0.927,34265.31,29696.2407
002462.SZ,嘉事堂,20260828,12.26,12.42,12.14,12.34,12.18,0.16,1.3136,23796.0,29286.244
002463.SZ,沪电股份,20260828,122.0,127.64,120.6,121.7,122.02,-0.32,-0.2623,590290.08,7336668.58552
002465.SZ,海格通信,20260828,10.16,10.23,10.07,10.1,10.16,-0.06,-0.5906,302569.74,306762.6903
002466.SZ,天齐锂业,20260828,50.27,50.98,48.81,50.1,48.23,1.87,3.8773,900295.51,4491186.57813
002467.SZ,二六三,20260828,4.59,4.74,4.59,4.68,4.58,0.1,2.1834,417923.51,195552.89997
002468.SZ,申通快递,20260828,14.01,14.14,13.82,14.05,14.04,0.01,0.0712,134390.14,188548.63476
002469.SZ,三维化学,20260828,6.43,6.71,6.37,6.63,6.52,0.11,1.6871,235342.03,154333.86873
002470.SZ,金正大,20260828,2.07,2.18,2.01,2.16,2.08,0.08,3.8462,2366585.0,498757.079
002471.SZ,中超控股,20260828,5.36,5.41,5.35,5.37,5.39,-0.02,-0.3711,250310.72,134669.33769
002472.SZ,双环传动,20260828,35.78,36.18,35.63,35.7,35.79,-0.09,-0.2515,118640.27,425009.6337
002474.SZ,榕基软件,20260828,6.32,6.45,6.28,6.34,6.22,0.12,1.9293,314331.69,200266.44568
002475.SZ,立讯精密,20260828,57.89,58.44,56.5,56.6,57.18,-0.58,-1.0143,1085034.9,6242839.36236
002476.SZ,新叶股份,20260828,5.07,5.16,5.04,5.12,5.04,0.08,1.5873,78726.0,40244.63
002478.SZ,常宝股份,20260828,6.91,6.93,6.77,6.83,6.86,-0.03,-0.4373,261283.24,178939.22711
002479.SZ,富春环保,20260828,5.8,5.99,5.78,5.95,5.82,0.13,2.2337,188541.0,111545.569
002480.SZ,新筑股份,20260828,5.5,5.54,5.43,5.44,5.47,-0.03,-0.5484,36935.0,20178.922
002481.SZ,双塔食品,20260828,4.27,4.36,4.25,4.34,4.29,0.05,1.1655,144183.47,62304.25851
002482.SZ,广田集团,20260828,1.31,1.4,1.29,1.34,1.3,0.04,3.0769,1083733.0,145232.741
002483.SZ,润邦股份,20260828,5.38,5.41,5.32,5.39,5.34,0.05,0.9363,97497.56,52339.1324
002484.SZ,江海股份,20260828,62.1,64.55,60.7,60.8,62.1,-1.3,-2.0934,373097.89,2326685.32647
002485.SZ,ST雪发,20260828,5.93,6.01,5.85,5.94,5.95,-0.01,-0.1681,20836.0,12332.792
002486.SZ,嘉麟杰,20260828,2.69,2.95,2.67,2.95,2.68,0.27,10.0746,769805.76,219805.2272
002487.SZ,大金重工,20260828,35.41,36.0,35.12,35.76,35.41,0.35,0.9884,162346.67,577285.91839
002488.SZ,金固股份,20260828,8.1,8.21,8.06,8.16,8.1,0.06,0.7407,125922.26,102702.41516
002489.SZ,浙江永强,20260828,2.79,2.85,2.78,2.83,2.81,0.02,0.7117,190945.6,53947.5448
002490.SZ,山东墨龙,20260828,8.1,8.52,8.08,8.42,8.08,0.34,4.2079,622736.48,520278.94328
002491.SZ,通鼎互联,20260828,23.08,23.55,22.16,22.23,23.64,-1.41,-5.9645,2477541.41,5647315.63288
002492.SZ,恒基达鑫,20260828,5.62,5.82,5.59,5.79,5.6,0.19,3.3929,57505.95,32983.0341
002493.SZ,荣盛石化,20260828,14.41,14.69,14.06,14.55,14.37,0.18,1.2526,510175.6,737394.56392
002494.SZ,华斯股份,20260828,4.75,4.85,4.75,4.84,4.76,0.08,1.6807,88196.0,42463.565
002495.SZ,佳隆股份,20260828,2.4,2.46,2.38,2.45,2.4,0.05,2.0833,213734.8,51880.149
002496.SZ,辉丰股份,20260828,2.16,2.23,2.14,2.22,2.17,0.05,2.3041,394061.8,86189.385
002497.SZ,雅化集团,20260828,19.33,19.43,18.72,19.3,18.95,0.35,1.847,488281.38,931941.8623
002498.SZ,汉缆股份,20260828,6.35,6.5,6.33,6.46,6.43,0.03,0.4666,525586.89,337428.08102
002500.SZ,山西证券,20260828,5.48,5.48,5.37,5.46,5.47,-0.01,-0.1828,301523.6,163574.5862
002501.SZ,*ST利源,20260828,1.3,1.32,1.29,1.31,1.29,0.02,1.5504,214616.09,28065.6447
002506.SZ,协鑫集成,20260828,2.69,2.8,2.67,2.79,2.7,0.09,3.3333,3042895.12,839352.73473
002507.SZ,涪陵榨菜,20260828,11.16,11.26,11.06,11.25,11.25,0.0,0.0,104295.2,116664.2668
002508.SZ,老板电器,20260828,16.27,16.38,15.86,16.06,16.3,-0.24,-1.4724,106215.0,170268.41069
002510.SZ,天汽模,20260828,5.64,5.67,5.61,5.65,5.65,0.0,0.0,93705.16,52894.20724
002511.SZ,中顺洁柔,20260828,7.07,7.16,7.02,7.14,7.08,0.06,0.8475,97821.96,69428.43519
002512.SZ,ST达华,20260828,4.09,4.23,4.09,4.09,4.11,-0.02,-0.4866,244304.78,101535.10924
002513.SZ,蓝丰生化,20260828,5.32,5.45,5.29,5.44,5.32,0.12,2.2556,71249.0,38376.419
002514.SZ,*ST宝馨,20260828,1.73,1.82,1.73,1.77,1.77,0.0,0.0,268841.74,47953.20198
002515.SZ,金字火腿,20260828,8.79,8.88,8.3,8.35,8.58,-0.23,-2.6807,1417771.61,1204293.43825
002516.SZ,旷达科技,20260828,5.44,5.57,5.42,5.44,5.38,0.06,1.1152,138835.99,75778.49936
002517.SZ,恺英网络,20260828,16.6,16.78,16.52,16.6,16.65,-0.05,-0.3003,413596.11,688928.61318
002518.SZ,科士达,20260828,36.01,36.66,34.81,35.47,36.93,-1.46,-3.9534,234906.8,838938.02463
002519.SZ,银河电子,20260828,5.52,5.56,5.48,5.51,5.52,-0.01,-0.1812,159487.4,88019.5664
002520.SZ,日发精机,20260828,6.34,6.35,6.25,6.27,6.34,-0.07,-1.1041,247648.0,155680.10216
002521.SZ,齐峰新材,20260828,6.73,6.79,6.7,6.74,6.7,0.04,0.597,43777.0,29558.38
002522.SZ,浙江众成,20260828,5.29,5.32,5.24,5.28,5.32,-0.04,-0.7519,262779.5,138646.12722
002523.SZ,天桥起重,20260828,3.46,3.53,3.44,3.52,3.45,0.07,2.029,253307.33,88674.37143
002524.SZ,光正眼科,20260828,4.02,4.06,3.99,4.04,4.03,0.01,0.2481,94773.0,38162.502
002526.SZ,山东矿机,20260828,2.72,2.75,2.7,2.73,2.71,0.02,0.738,212834.47,57986.81931
002527.SZ,新时达,20260828,11.2,11.2,11.01,11.07,11.2,-0.13,-1.1607,59855.51,66397.1656
002528.SZ,*ST英飞,20260828,6.18,6.71,6.15,6.65,6.1,0.55,9.0164,476918.79,311055.24178
002529.SZ,海源复材,20260828,7.07,7.1,6.98,7.03,7.06,-0.03,-0.4249,37246.0,26230.505
002530.SZ,金财互联,20260828,7.39,7.43,7.3,7.37,7.35,0.02,0.2721,97914.97,72201.48644
002531.SZ,天顺风能,20260828,6.18,6.22,6.14,6.16,6.2,-0.04,-0.6452,231905.72,143064.9898
002532.SZ,天山铝业,20260828,13.1,13.24,12.88,13.17,13.0,0.17,1.3077,694328.37,907331.30406
002533.SZ,金杯电工,20260828,11.3,11.36,11.2,11.22,11.33,-0.11,-0.9709,65198.0,73464.103
002534.SZ,西子洁能,20260828,15.1,15.25,14.75,15.02,15.1,-0.08,-0.5298,88037.0,132333.4882
002535.SZ,林州重机,20260828,2.55,2.62,2.53,2.6,2.56,0.04,1.5625,129963.89,33528.82455
002536.SZ,飞龙股份,20260828,54.23,55.31,53.05,53.33,54.23,-0.9,-1.6596,661020.18,3579542.61752
002537.SZ,海联金汇,20260828,6.26,6.33,6.2,6.25,6.28,-0.03,-0.4777,268893.0,168196.946
002538.SZ,ST司特,20260828,7.37,7.41,7.24,7.32,7.41,-0.09,-1.2146,105863.04,77590.73216
002539.SZ,云图控股,20260828,13.41,13.94,13.23,13.82,13.39,0.43,3.2114,233978.54,318636.03737
002540.SZ,亚太科技,20260828,5.12,5.2,5.09,5.17,5.12,0.05,0.9766,82068.5,42264.7945
002541.SZ,鸿路钢构,20260828,20.29,20.88,19.8,20.22,19.86,0.36,1.8127,120162.53,242615.76536
002542.SZ,*ST中岩,20260828,1.8,1.8,1.78,1.79,1.79,0.0,0.0,226677.0,40495.784
002543.SZ,万和电气,20260828,7.09,7.25,7.04,7.25,7.13,0.12,1.683,132838.84,95416.57671
002544.SZ,普天科技,20260828,16.24,16.43,16.16,16.2,16.24,-0.04,-0.2463,63564.36,103300.21116
002545.SZ,东方铁塔,20260828,18.26,18.28,17.84,18.15,18.2,-0.05,-0.2747,175219.89,316772.51302
002546.SZ,新联电子,20260828,7.97,8.02,7.94,7.95,8.03,-0.08,-0.9963,106483.0,84900.303
002547.SZ,*ST春兴,20260828,2.66,2.72,2.63,2.67,2.66,0.01,0.3759,202007.55,54159.9165
002548.SZ,金新农,20260828,4.27,4.37,4.2,4.34,4.29,0.05,1.1655,277563.34,119493.59561
002549.SZ,凯美特气,20260828,14.14,14.73,14.1,14.36,14.17,0.19,1.3409,327388.16,473802.28192
002550.SZ,千红制药,20260828,6.75,6.78,6.69,6.74,6.78,-0.04,-0.59,126192.0,84902.076
002551.SZ,尚荣医疗,20260828,3.36,3.39,3.31,3.38,3.37,0.01,0.2967,111102.5,37361.046
002552.SZ,宝鼎科技,20260828,55.76,56.6,53.1,53.19,56.0,-2.81,-5.0179,389711.85,2124243.20811
002553.SZ,南方精工,20260828,15.52,15.53,15.31,15.44,15.46,-0.02,-0.1294,43692.0,67370.875
002554.SZ,惠博普,20260828,2.96,3.0,2.94,2.99,2.94,0.05,1.7007,170038.16,50683.38152
002555.SZ,三七互娱,20260828,18.16,18.4,18.08,18.27,18.17,0.1,0.5504,236117.95,431308.36483
002556.SZ,辉隆股份,20260828,5.26,5.43,5.22,5.4,5.29,0.11,2.0794,179140.95,95815.64495
002557.SZ,洽洽食品,20260828,18.56,18.85,18.49,18.78,18.5,0.28,1.5135,68737.06,128592.49575
002558.SZ,巨人网络,20260828,27.2,27.72,26.95,27.28,27.24,0.04,0.1468,586583.15,1604502.8783
002559.SZ,亚威股份,20260828,9.17,9.29,9.09,9.11,9.2,-0.09,-0.9783,138873.9,127383.2789
002560.SZ,通达股份,20260828,6.17,6.18,6.1,6.13,6.16,-0.03,-0.487,127269.08,78158.65424
002561.SZ,徐家汇,20260828,6.9,7.02,6.84,7.0,6.88,0.12,1.7442,48826.75,33976.36375
002562.SZ,兄弟科技,20260828,4.93,5.02,4.88,5.01,4.92,0.09,1.8293,303836.08,151367.18321
002563.SZ,森马服饰,20260828,5.87,6.03,5.79,5.98,5.88,0.1,1.7007,201337.0,119599.571
002564.SZ,天沃科技,20260828,4.53,4.56,4.5,4.52,4.51,0.01,0.2217,74856.0,33917.069
002565.SZ,顺灏股份,20260828,8.39,8.6,8.33,8.5,8.39,0.11,1.3111,534273.5,452301.078
002566.SZ,益盛药业,20260828,7.0,7.23,6.92,7.14,7.0,0.14,2.0,99052.0,70250.834
002567.SZ,唐人神,20260828,3.79,3.88,3.76,3.86,3.8,0.06,1.5789,199475.58,76157.9881
002568.SZ,百润股份,20260828,17.46,17.77,17.42,17.71,17.49,0.22,1.2579,67673.11,119265.82278
002569.SZ,*ST步森,20260828,11.28,11.43,11.17,11.28,11.27,0.01,0.0887,10337.0,11644.963
002570.SZ,贝因美,20260828,4.56,4.62,4.52,4.6,4.54,0.06,1.3216,160461.0,73471.8658
002571.SZ,德力股份,20260828,10.66,10.75,10.61,10.68,10.72,-0.04,-0.3731,39313.99,41962.23635
002572.SZ,索菲亚,20260828,8.04,8.11,7.94,8.08,8.07,0.01,0.1239,132332.0,106338.483
002573.SZ,清新环境,20260828,3.28,3.39,3.26,3.35,3.22,0.13,4.0373,380154.99,127131.6172
002574.SZ,明牌珠宝,20260828,5.08,5.39,5.08,5.25,5.11,0.14,2.7397,283605.04,149124.57962
002575.SZ,群兴玩具,20260828,5.23,5.35,5.18,5.31,5.22,0.09,1.7241,246037.42,129546.6293
002576.SZ,通达动力,20260828,14.38,14.6,14.34,14.49,14.38,0.11,0.765,19204.0,27835.717
002577.SZ,雷柏科技,20260828,19.41,19.42,18.75,18.8,19.37,-0.57,-2.9427,39741.0,75373.029
002578.SZ,闽发铝业,20260828,3.94,4.33,3.92,4.33,3.94,0.39,9.8985,631590.49,265696.34777
002579.SZ,中京电子,20260828,14.69,14.95,14.36,14.38,14.52,-0.14,-0.9642,647215.81,947671.25315
002580.SZ,圣阳股份,20260828,21.33,21.66,20.94,21.08,21.72,-0.64,-2.9466,636184.67,1350278.10072
002581.SZ,*ST未名,20260828,5.05,5.36,5.01,5.22,5.17,0.05,0.9671,115808.76,60308.71228
002582.SZ,好想你,20260828,10.28,10.78,10.25,10.71,10.3,0.41,3.9806,367106.49,388003.75832
002583.SZ,海能达,20260828,8.53,8.57,8.43,8.44,8.56,-0.12,-1.4019,151862.32,128912.85944
002584.SZ,西陇科学,20260828,8.3,8.4,8.24,8.39,8.3,0.09,1.0843,300724.0,250544.014
002585.SZ,双星新材,20260828,9.99,10.25,9.85,9.87,9.97,-0.1,-1.003,694070.37,697483.14968
002587.SZ,奥拓电子,20260828,5.51,5.57,5.5,5.54,5.54,0.0,0.0,104525.98,57986.14292
002588.SZ,史丹利,20260828,7.96,8.25,7.83,8.16,7.95,0.21,2.6415,267575.09,215483.37705
002589.SZ,瑞康医药,20260828,3.3,3.36,3.25,3.31,3.33,-0.02,-0.6006,834999.72,276504.10088
002590.SZ,万安科技,20260828,9.69,10.03,9.6,9.77,9.57,0.2,2.0899,91692.0,89648.173
002591.SZ,恒大高新,20260828,6.4,6.55,6.36,6.49,6.4,0.09,1.4063,76878.0,49681.582
002592.SZ,ST八菱,20260828,6.67,6.71,6.57,6.66,6.71,-0.05,-0.7452,31472.0,20902.066
002593.SZ,日上集团,20260828,4.5,4.57,4.48,4.55,4.53,0.02,0.4415,84887.0,38475.375
002594.SZ,比亚迪,20260828,91.38,92.48,90.9,92.32,91.49,0.83,0.9072,250318.28,2300830.57146
002595.SZ,豪迈科技,20260828,47.31,47.95,46.85,47.41,47.48,-0.07,-0.1474,36808.7,174223.7666
002596.SZ,海南瑞泽,20260828,3.31,3.38,3.29,3.35,3.3,0.05,1.5152,213702.5,71493.3135
002597.SZ,金禾实业,20260828,20.32,21.11,20.31,20.86,20.31,0.55,2.708,87561.65,182102.4863
002598.SZ,ST章鼓,20260828,6.88,7.05,6.87,6.88,6.86,0.02,0.2915,27160.0,18862.534
002599.SZ,盛通股份,20260828,5.89,5.96,5.87,5.95,5.91,0.04,0.6768,45733.0,27102.507
002600.SZ,领益智造,20260828,12.5,12.88,12.47,12.47,12.5,-0.03,-0.24,1103061.88,1396632.70441
002601.SZ,龙佰集团,20260828,16.35,16.7,16.1,16.6,16.25,0.35,2.1538,250442.63,412554.74587
002602.SZ,世纪华通,20260828,14.06,14.35,13.92,13.97,13.92,0.05,0.3592,933763.4,1317492.53548
002603.SZ,以岭药业,20260828,16.23,16.24,16.07,16.18,16.25,-0.07,-0.4308,128080.7,206747.80069
002605.SZ,姚记科技,20260828,17.23,17.38,17.07,17.16,17.36,-0.2,-1.1521,82012.37,140719.45692
002606.SZ,大连电瓷,20260828,12.96,13.11,12.93,13.02,13.08,-0.06,-0.4587,119267.48,155333.25229
002607.SZ,中公教育,20260828,2.1,2.12,2.08,2.1,2.1,0.0,0.0,1169272.66,245978.08894
002608.SZ,江苏国信,20260828,7.08,7.15,7.03,7.1,7.09,0.01,0.141,95633.0,67754.947
002609.SZ,捷顺科技,20260828,7.73,7.84,7.72,7.77,7.73,0.04,0.5175,45537.0,35449.736
002611.SZ,东方精工,20260828,14.74,15.03,14.72,14.9,14.75,0.15,1.0169,204796.52,305747.10746
002612.SZ,朗姿股份,20260828,14.92,15.14,14.76,15.01,14.92,0.09,0.6032,50945.94,76336.48118
002613.SZ,北玻股份,20260828,3.47,3.53,3.45,3.51,3.48,0.03,0.8621,212004.0,74369.727
002614.SZ,奥佳华,20260828,5.78,5.89,5.76,5.86,5.82,0.04,0.6873,168614.47,98374.51798
002615.SZ,哈尔斯,20260828,6.58,6.64,6.56,6.63,6.62,0.01,0.1511,56555.0,37347.118
002616.SZ,长青集团,20260828,4.93,4.95,4.87,4.94,4.91,0.03,0.611,86506.52,42508.87477
002617.SZ,露笑科技,20260828,6.24,6.29,6.19,6.2,6.26,-0.06,-0.9585,484567.87,301709.79949
002620.SZ,*ST瑞和,20260828,5.61,5.71,5.54,5.57,5.58,-0.01,-0.1792,48120.0,26933.655
002622.SZ,皓宸医疗,20260828,2.67,2.68,2.62,2.63,2.67,-0.04,-1.4981,215904.0,56996.027
002623.SZ,亚玛顿,20260828,16.0,16.29,15.89,16.16,15.98,0.18,1.1264,32222.36,52036.6532
002624.SZ,完美世界,20260828,10.84,10.96,10.75,10.89,10.89,0.0,0.0,287763.0,312686.933
002625.SZ,光启技术,20260828,28.2,28.96,28.06,28.4,28.22,0.18,0.6378,182827.84,521913.0589
002626.SZ,金达威,20260828,16.9,16.98,16.7,16.96,16.91,0.05,0.2957,36350.0,61258.668
002627.SZ,三峡旅游,20260828,7.16,7.33,7.14,7.24,7.16,0.08,1.1173,242273.0,175518.776
002628.SZ,成都路桥,20260828,5.28,5.8,5.27,5.48,5.28,0.2,3.7879,957738.63,528944.51959
002629.SZ,仁智股份,20260828,4.91,4.94,4.86,4.89,4.88,0.01,0.2049,104999.0,51490.324
002630.SZ,*ST华西,20260828,1.66,1.71,1.64,1.69,1.66,0.03,1.8072,160284.98,26900.67622
002631.SZ,德尔未来,20260828,10.09,10.1,9.57,10.1,9.18,0.92,10.0218,961703.17,963976.60514
002632.SZ,道明光学,20260828,8.53,8.59,8.46,8.47,8.53,-0.06,-0.7034,70651.79,60191.11734
002633.SZ,申科股份,20260828,14.66,14.73,14.52,14.64,14.63,0.01,0.0684,11462.0,16762.425
002634.SZ,*ST棒杰,20260828,4.26,4.27,4.23,4.25,4.27,-0.02,-0.4684,30601.0,12987.712
002635.SZ,安洁科技,20260828,15.67,15.94,15.4,15.42,15.75,-0.33,-2.0952,140708.73,220120.85156
002636.SZ,金安国纪,20260828,72.07,76.35,72.0,73.18,69.41,3.77,5.4315,952122.22,7075641.91732
002637.SZ,赞宇科技,20260828,11.82,12.7,11.75,12.38,11.81,0.57,4.8264,268639.0,327595.0951
002638.SZ,勤上股份,20260828,4.49,4.75,4.43,4.66,4.54,0.12,2.6432,594762.41,276423.55271
002639.SZ,雪人集团,20260828,11.9,12.0,11.81,11.94,11.88,0.06,0.5051,176654.69,210726.95548
002640.SZ,跨境通,20260828,3.41,3.43,3.36,3.41,3.41,0.0,0.0,793460.93,270259.05413
002641.SZ,公元股份,20260828,4.04,4.05,3.94,4.02,4.04,-0.02,-0.495,109648.0,43912.81002
002642.SZ,荣联科技,20260828,7.28,7.29,7.16,7.21,7.22,-0.01,-0.1385,103040.0,74378.186
002643.SZ,万润股份,20260828,13.35,13.57,13.23,13.26,13.35,-0.09,-0.6742,129305.5,172758.44491
002644.SZ,佛慈制药,20260828,8.68,9.02,8.58,8.84,8.7,0.14,1.6092,166053.87,146380.95514
002645.SZ,华宏科技,20260828,19.52,19.62,19.06,19.15,19.51,-0.36,-1.8452,248681.08,479862.53585
002646.SZ,天佑德酒,20260828,6.84,6.97,6.79,6.96,6.83,0.13,1.9034,49574.99,34276.0331
002647.SZ,仁东控股,20260828,11.98,12.16,11.83,11.87,11.98,-0.11,-0.9182,208988.0,250433.172
002648.SZ,卫星化学,20260828,27.4,28.55,27.18,28.38,27.39,0.99,3.6145,581836.81,1628314.08241
002649.SZ,博彦科技,20260828,9.89,10.08,9.8,9.82,9.77,0.05,0.5118,259990.41,257654.24059
002650.SZ,ST加加,20260828,6.15,6.15,6.02,6.05,6.07,-0.02,-0.3295,24489.0,14846.45
002651.SZ,利君股份,20260828,8.42,8.59,8.36,8.55,8.55,0.0,0.0,248629.42,211122.10215
002652.SZ,扬子新材,20260828,4.11,4.14,4.09,4.12,4.11,0.01,0.2433,97049.2,40002.31
002653.SZ,海思科,20260828,65.56,68.5,65.56,67.18,66.8,0.38,0.5689,51241.97,345877.08732
002654.SZ,万润科技,20260828,13.63,14.06,13.61,13.67,13.84,-0.17,-1.2283,445022.09,614043.15036
002655.SZ,共达电声,20260828,39.01,40.77,38.16,38.22,39.13,-0.91,-2.3256,310136.3,1219259.79056
002656.SZ,摩登大道,20260828,2.91,2.95,2.9,2.92,2.91,0.01,0.3436,91029.0,26643.339
002657.SZ,中科金财,20260828,16.42,16.6,16.23,16.3,16.36,-0.06,-0.3667,125036.68,205063.67196
002658.SZ,雪迪龙,20260828,7.44,7.57,7.4,7.55,7.43,0.12,1.6151,65510.05,49153.9766
002659.SZ,凯文教育,20260828,4.55,4.63,4.53,4.58,4.54,0.04,0.8811,101640.0,46673.612
002660.SZ,茂硕电源,20260828,7.49,7.66,7.49,7.62,7.54,0.08,1.061,38457.0,29292.388
002661.SZ,克明食品,20260828,7.94,8.14,7.89,8.02,7.96,0.06,0.7538,49754.0,39869.793
002662.SZ,峰璟股份,20260828,3.27,3.43,3.26,3.36,3.27,0.09,2.7523,244600.0,82394.354
002663.SZ,普邦股份,20260828,1.73,1.78,1.71,1.77,1.73,0.04,2.3121,268594.6,47237.3196
002664.SZ,信质集团,20260828,15.68,15.87,15.36,15.37,15.76,-0.39,-2.4746,51768.0,80074.425
002666.SZ,德联集团,20260828,4.18,4.28,4.18,4.26,4.19,0.07,1.6706,124970.0,53094.343
002667.SZ,*ST威领,20260828,19.79,19.87,19.0,19.0,19.37,-0.37,-1.9102,171505.0,331681.668
002668.SZ,TCL智家,20260828,9.38,9.4,9.25,9.35,9.38,-0.03,-0.3198,124484.0,116221.597
002669.SZ,康达新材,20260828,11.8,12.18,11.73,12.06,11.79,0.27,2.2901,96127.0,115233.965
002670.SZ,国盛证券,20260828,11.78,12.5,11.5,12.05,11.7,0.35,2.9915,754983.61,905829.39456
002671.SZ,龙泉股份,20260828,4.0,4.08,3.98,4.07,3.98,0.09,2.2613,86643.0,34997.756
002672.SZ,东江环保,20260828,3.76,3.8,3.71,3.79,3.76,0.03,0.7979,76078.0,28620.853
002673.SZ,西部证券,20260828,6.85,6.87,6.76,6.83,6.86,-0.03,-0.4373,329431.98,224720.72882
002674.SZ,兴业科技,20260828,25.68,25.95,24.8,24.89,25.95,-1.06,-4.0848,140464.0,355144.458
002675.SZ,东诚药业,20260828,12.84,12.99,12.75,12.9,12.85,0.05,0.3891,48783.0,62641.779
002676.SZ,顺威股份,20260828,5.17,5.31,5.14,5.24,5.17,0.07,1.354,127367.3,66839.9721
002677.SZ,浙江美大,20260828,6.84,6.88,6.78,6.8,6.84,-0.04,-0.5848,32170.0,21919.321
002678.SZ,珠江钢琴,20260828,5.14,5.28,5.07,5.15,5.1,0.05,0.9804,117844.0,61093.4564
002679.SZ,福建金森,20260828,9.7,10.67,9.64,10.67,9.7,0.97,10.0,130153.42,136470.10914
002681.SZ,奋达科技,20260828,4.59,4.76,4.58,4.68,4.59,0.09,1.9608,411137.08,193187.93001
002682.SZ,龙洲股份,20260828,5.01,5.11,4.96,5.08,5.0,0.08,1.6,286365.0,144994.865
002683.SZ,广东宏大,20260828,29.62,30.81,29.59,30.46,29.79,0.67,2.2491,90260.45,273146.95505
002685.SZ,华东重机,20260828,5.56,5.59,5.52,5.54,5.57,-0.03,-0.5386,182674.88,101448.62851
002686.SZ,亿利达,20260828,6.83,6.89,6.67,6.7,6.92,-0.22,-3.1792,489739.0,330718.7547
002687.SZ,乔治白,20260828,6.3,6.43,6.21,6.36,6.28,0.08,1.2739,143938.21,91241.06277
002688.SZ,金河生物,20260828,5.21,5.23,5.13,5.22,5.25,-0.03,-0.5714,97355.0,50481.75
002689.SZ,ST远智,20260828,2.85,2.87,2.79,2.83,2.92,-0.09,-3.0822,168567.34,47521.41428
002690.SZ,美亚光电,20260828,16.03,16.4,15.95,16.26,15.97,0.29,1.8159,83164.37,134728.06846
002691.SZ,*ST冀凯,20260828,4.38,4.63,4.38,4.54,4.43,0.11,2.4831,25813.0,11619.87
002692.SZ,远程股份,20260828,4.28,4.34,4.25,4.3,4.28,0.02,0.4673,88334.5,37978.7475
002693.SZ,双成药业,20260828,9.27,9.27,9.1,9.1,9.32,-0.22,-2.3605,120286.25,110130.1845
002694.SZ,*ST顾地,20260828,2.42,2.47,2.36,2.43,2.42,0.01,0.4132,69089.0,16616.386
002695.SZ,煌上煌,20260828,10.7,10.9,10.6,10.75,10.75,0.0,0.0,54366.52,58760.6736
002696.SZ,百洋股份,20260828,6.34,6.54,6.28,6.39,6.35,0.04,0.6299,159060.0,101784.118
002697.SZ,红旗连锁,20260828,4.61,4.71,4.58,4.69,4.61,0.08,1.7354,223485.79,104203.87777
002698.SZ,博实股份,20260828,12.6,12.65,12.25,12.26,12.26,0.0,0.0,101043.4,125227.0504
002700.SZ,万憬能源,20260828,6.35,6.45,6.29,6.42,6.35,0.07,1.1024,44172.0,28207.043
002701.SZ,奥瑞金,20260828,4.79,4.88,4.77,4.85,4.79,0.06,1.2526,191892.37,92857.42282
002702.SZ,海欣食品,20260828,5.12,5.3,5.09,5.27,5.1,0.17,3.3333,303561.2,158707.0373
002703.SZ,浙江世宝,20260828,16.97,17.2,16.54,16.64,16.93,-0.29,-1.7129,650409.72,1086989.11637
002705.SZ,新宝股份,20260828,11.26,11.32,11.22,11.29,11.26,0.03,0.2664,33513.23,37762.59775
002706.SZ,良信股份,20260828,9.62,9.67,9.45,9.47,9.68,-0.21,-2.1694,297939.0,284223.817
002707.SZ,众信旅游,20260828,5.37,5.64,5.36,5.59,5.39,0.2,3.7106,375388.48,208385.52712
002708.SZ,光洋股份,20260828,12.37,12.4,12.09,12.27,12.45,-0.18,-1.4458,188665.0,231268.21794
002709.SZ,天赐材料,20260828,37.2,37.47,36.8,37.15,37.27,-0.12,-0.322,441242.81,1639791.77417
002712.SZ,思美传媒,20260828,4.78,4.78,4.67,4.73,4.73,0.0,0.0,104684.0,49475.892
002713.SZ,东易日盛,20260828,9.6,9.74,9.51,9.6,9.68,-0.08,-0.8264,92798.53,89186.1027
002714.SZ,牧原股份,20260828,40.77,41.85,40.21,41.68,40.8,0.88,2.1569,530763.03,2178936.35054
002715.SZ,登云股份,20260828,14.26,14.59,13.88,14.44,14.27,0.17,1.1913,37360.0,53270.515
002716.SZ,湖南白银,20260828,11.61,12.0,11.18,11.65,11.6,0.05,0.431,4008090.28,4615192.22558
002717.SZ,*ST岭南,20260828,1.0,1.07,0.99,1.03,1.03,0.0,0.0,1013099.01,103835.63871
002718.SZ,友邦吊顶,20260828,86.0,86.99,84.54,84.74,84.7,0.04,0.0472,4988.0,42644.968
002719.SZ,ST麦趣,20260828,6.55,6.65,6.46,6.61,6.56,0.05,0.7622,39781.0,26093.058
002721.SZ,金一文化,20260828,2.98,3.11,2.91,3.06,2.99,0.07,2.3411,2335383.0,705236.135
002722.SZ,物产金轮,20260828,12.95,13.03,12.88,13.03,12.96,0.07,0.5401,27274.0,35365.7
002723.SZ,小崧股份,20260828,7.5,7.67,7.4,7.64,7.56,0.08,1.0582,109341.0,82397.804
002724.SZ,海洋王,20260828,6.8,7.33,6.77,6.93,6.77,0.16,2.3634,346135.7,243062.91662
002725.SZ,跃岭股份,20260828,11.37,11.57,11.37,11.48,11.44,0.04,0.3497,45198.0,52009.181
002726.SZ,ST龙大,20260828,2.56,2.75,2.52,2.73,2.57,0.16,6.2257,941094.57,249591.53612
002727.SZ,一心堂,20260828,11.31,11.32,11.14,11.25,11.35,-0.1,-0.8811,75580.79,84899.82338
002728.SZ,特一药业,20260828,8.99,9.24,8.94,9.07,9.05,0.02,0.221,142925.44,130291.04512
002729.SZ,好利科技,20260828,13.89,13.99,13.76,13.82,13.91,-0.09,-0.647,35803.76,49658.92428
002730.SZ,电光科技,20260828,23.79,24.34,23.37,23.96,23.88,0.08,0.335,110231.6,264635.9094
002731.SZ,*ST萃华,20260828,0.85,0.85,0.85,0.85,0.94,-0.09,-9.5745,61391.0,5218.235
002732.SZ,燕塘乳业,20260828,13.95,14.11,13.86,14.08,13.87,0.21,1.5141,15005.82,21050.8507
002733.SZ,雄韬股份,20260828,18.57,18.83,18.4,18.55,18.56,-0.01,-0.0539,84290.93,157003.13873
002734.SZ,利民股份,20260828,16.21,16.35,16.0,16.2,16.27,-0.07,-0.4302,185768.18,300391.80392
002735.SZ,王子新材,20260828,11.62,11.94,11.62,11.78,11.71,0.07,0.5978,118560.86,139657.04008
002736.SZ,国信证券,20260828,10.24,10.3,10.16,10.28,10.24,0.04,0.3906,266649.17,273592.36586
002737.SZ,葵花药业,20260828,13.17,13.17,12.86,12.98,13.25,-0.27,-2.0377,47144.0,61112.286
002738.SZ,中矿资源,20260828,52.1,54.38,51.34,53.43,51.67,1.76,3.4062,313537.64,1658232.82541
002739.SZ,儒意电影,20260828,8.37,8.43,8.34,8.38,8.38,0.0,0.0,363155.2,304409.02329
002741.SZ,光华科技,20260828,25.62,26.36,25.22,25.22,25.73,-0.51,-1.9821,198829.94,511004.35956
002742.SZ,冀衡医药,20260828,6.24,6.24,5.56,6.24,5.67,0.57,10.0529,2199019.26,1345116.19373
002743.SZ,富煌钢构,20260828,4.66,4.9,4.65,4.88,4.65,0.23,4.9462,214167.6,102124.242
002745.SZ,木林森,20260828,11.8,11.97,11.64,11.65,11.96,-0.31,-2.592,647381.76,761664.72597
002746.SZ,仙坛股份,20260828,6.41,6.45,6.29,6.42,6.4,0.02,0.3125,128227.44,81772.82587
002747.SZ,埃斯顿,20260828,31.86,32.34,31.45,31.49,31.81,-0.32,-1.006,374107.11,1191909.46256
002748.SZ,世龙实业,20260828,12.1,12.31,11.92,12.28,11.99,0.29,2.4187,56500.0,68695.152
002749.SZ,国光股份,20260828,8.54,8.8,8.52,8.74,8.58,0.16,1.8648,49269.28,42865.69869
002752.SZ,昇兴股份,20260828,5.97,6.12,5.96,6.06,5.99,0.07,1.1686,167352.03,101271.50007
002753.SZ,永东股份,20260828,6.66,6.73,6.62,6.7,6.64,0.06,0.9036,49275.0,32912.163
002755.SZ,奥赛康,20260828,12.35,12.4,11.83,11.84,12.53,-0.69,-5.5068,194411.05,232610.71405
002756.SZ,永兴材料,20260828,45.93,47.37,45.52,46.6,45.73,0.87,1.9025,114956.57,533059.3317
002757.SZ,南兴股份,20260828,16.06,16.31,15.86,15.89,15.94,-0.05,-0.3137,109287.0,175547.092
002758.SZ,浙农股份,20260828,8.8,9.24,8.66,9.11,8.51,0.6,7.0505,426054.89,379711.75581
002759.SZ,ST天际,20260828,17.6,17.88,17.28,17.8,17.45,0.35,2.0057,218736.0,386266.859
002760.SZ,凤形股份,20260828,17.95,19.53,17.85,18.77,17.99,0.78,4.3357,74643.0,140384.45
002761.SZ,浙江建投,20260828,7.19,7.55,7.15,7.39,7.2,0.19,2.6389,173286.33,127982.06679
002762.SZ,金发拉比,20260828,9.26,9.6,9.16,9.45,9.18,0.27,2.9412,92078.98,86783.49846
002763.SZ,汇洁股份,20260828,7.5,7.67,7.48,7.63,7.49,0.14,1.8692,49673.42,37814.6713
002765.SZ,蓝黛科技,20260828,6.95,7.35,6.91,7.08,6.95,0.13,1.8705,187703.25,133563.18844
002766.SZ,索菱股份,20260828,4.18,4.23,4.14,4.2,4.17,0.03,0.7194,150307.0,62947.577
002767.SZ,先锋电子,20260828,18.21,18.66,18.1,18.38,18.22,0.16,0.8782,23539.0,43314.161
002768.SZ,国恩股份,20260828,64.41,66.89,64.01,64.97,64.88,0.09,0.1387,80864.01,529664.34975
002769.SZ,普路通,20260828,7.06,7.22,7.0,7.16,7.05,0.11,1.5603,54137.51,38614.70306
002771.SZ,真视通,20260828,12.64,13.78,12.55,13.2,12.53,0.67,5.3472,204635.49,271258.49464
002772.SZ,众兴菌业,20260828,11.14,12.06,11.08,11.87,11.13,0.74,6.6487,303471.05,354210.92245
002773.SZ,康弘药业,20260828,20.55,21.04,20.41,20.81,20.54,0.27,1.3145,77645.41,161107.96443
002774.SZ,快意电梯,20260828,16.62,17.25,16.3,16.38,16.68,-0.3,-1.7986,131888.5,221163.88
002775.SZ,文科股份,20260828,3.63,3.71,3.59,3.68,3.62,0.06,1.6575,87429.27,31969.34765
002777.SZ,久远银海,20260828,12.8,12.88,12.71,12.78,12.75,0.03,0.2353,45954.8,58781.3112
002778.SZ,中晟高科,20260828,15.85,16.04,15.79,15.97,15.87,0.1,0.6301,16977.0,27051.873
002779.SZ,中坚科技,20260828,76.95,76.95,74.18,74.21,76.35,-2.14,-2.8029,16657.4,125292.3121
002780.SZ,三夫户外,20260828,13.34,13.79,13.29,13.68,13.4,0.28,2.0896,41070.0,55730.2934
002782.SZ,可立克,20260828,15.14,15.5,15.05,15.11,15.2,-0.09,-0.5921,85435.05,130313.3723
002783.SZ,凯龙股份,20260828,7.97,8.08,7.97,8.05,8.01,0.04,0.4994,77385.0,62113.422
002785.SZ,万里石,20260828,34.8,36.48,34.8,35.57,34.82,0.75,2.1539,78780.0,281957.322
002786.SZ,银宝山新,20260828,8.01,8.03,7.95,8.02,8.01,0.01,0.1248,57410.0,45872.506
002787.SZ,华源控股,20260828,21.93,22.25,21.44,21.47,21.84,-0.37,-1.6941,85053.0,185375.296
002788.SZ,鹭燕医药,20260828,11.12,11.2,10.98,11.11,11.12,-0.01,-0.0899,82817.89,92150.5764
002789.SZ,*ST建艺,20260828,10.13,10.55,10.11,10.48,10.15,0.33,3.2512,21014.5,21727.9285
002790.SZ,瑞尔特,20260828,6.02,6.2,5.97,6.17,5.99,0.18,3.005,48228.0,29472.68716
002791.SZ,坚朗五金,20260828,15.01,15.4,14.94,15.26,14.99,0.27,1.8012,31673.49,48166.82241
002792.SZ,通宇通讯,20260828,31.32,31.8,30.8,30.93,31.21,-0.28,-0.8971,175374.83,547665.21371
002793.SZ,罗欣药业,20260828,5.22,5.25,5.0,5.06,5.17,-0.11,-2.1277,611214.3,310068.4283
002795.SZ,永和智控,20260828,7.24,7.48,7.21,7.29,7.21,0.08,1.1096,123062.0,90307.542
002796.SZ,世嘉科技,20260828,30.0,30.77,29.66,29.7,30.18,-0.48,-1.5905,59638.0,179923.97135
002797.SZ,第一创业,20260828,6.6,6.62,6.49,6.54,6.58,-0.04,-0.6079,490251.43,320371.66249
002798.SZ,帝欧水华,20260828,5.86,5.96,5.79,5.89,5.88,0.01,0.1701,64635.0,38153.381
002799.SZ,环球印务,20260828,6.89,6.96,6.84,6.93,6.89,0.04,0.5806,38219.0,26437.472
002800.SZ,天顺股份,20260828,14.75,15.33,14.53,15.21,14.61,0.6,4.1068,54812.68,82242.92728
002801.SZ,微光股份,20260828,27.11,27.19,26.8,27.12,26.93,0.19,0.7055,7823.29,21172.32791
002802.SZ,洪汇新材,20260828,12.1,12.32,11.98,12.28,12.05,0.23,1.9087,22362.0,27273.764
002803.SZ,吉宏股份,20260828,18.71,19.05,18.67,18.76,18.75,0.01,0.0533,74801.0,140984.19405
002805.SZ,丰元股份,20260828,18.9,19.16,18.77,18.8,18.94,-0.14,-0.7392,95254.59,180468.59746
002806.SZ,华锋股份,20260828,14.64,14.67,14.38,14.38,14.64,-0.26,-1.776,49844.28,72197.37596
002807.SZ,江阴银行,20260828,4.06,4.07,4.02,4.04,4.08,-0.04,-0.9804,309744.32,125095.81664
002809.SZ,红墙股份,20260828,8.7,9.14,8.62,9.08,8.7,0.38,4.3678,143743.77,128758.80949
002810.SZ,山东赫达,20260828,21.45,21.73,21.37,21.63,21.5,0.13,0.6047,34035.69,73398.39026
002811.SZ,郑中设计,20260828,13.43,13.65,13.19,13.25,13.23,0.02,0.1512,63444.0,84436.6185
002812.SZ,恩捷股份,20260828,53.9,54.98,53.62,54.48,53.97,0.51,0.945,130022.81,707659.28645
002813.SZ,路畅科技,20260828,21.05,21.1,20.71,21.0,20.95,0.05,0.2387,11273.0,23650.916
002815.SZ,崇达技术,20260828,14.27,15.05,14.16,14.69,14.34,0.35,2.4407,491366.67,727044.46904
002816.SZ,*ST和科,20260828,24.05,25.08,24.0,25.07,24.05,1.02,4.2412,19120.0,47137.597
002817.SZ,黄山胶囊,20260828,6.7,6.83,6.66,6.8,6.73,0.07,1.0401,32299.85,21859.00895
002818.SZ,富森美,20260828,10.64,10.78,10.63,10.75,10.64,0.11,1.0338,45151.47,48459.91625
002819.SZ,东方中科,20260828,20.9,21.4,20.81,21.2,20.9,0.3,1.4354,37131.0,78604.836
002820.SZ,桂发祥,20260828,9.94,10.25,9.82,10.17,9.94,0.23,2.3139,174808.6,176150.49074
002821.SZ,凯莱英,20260828,168.0,170.64,164.2,164.94,170.64,-5.7,-3.3404,82236.3,1369725.24281
002822.SZ,ST中装,20260828,3.18,3.24,3.15,3.18,3.19,-0.01,-0.3135,68444.74,21833.42758
002823.SZ,凯中精密,20260828,13.09,13.13,12.98,13.04,13.09,-0.05,-0.382,33587.0,43826.828
002824.SZ,和胜股份,20260828,26.9,27.75,26.02,26.13,26.68,-0.55,-2.0615,277001.29,741002.55439
002825.SZ,纳尔股份,20260828,9.08,9.2,9.0,9.15,9.03,0.12,1.3289,24884.05,22731.24445
002826.SZ,易明医药,20260828,17.39,17.43,17.12,17.2,17.35,-0.15,-0.8646,25093.0,43286.86517
002827.SZ,高争民爆,20260828,58.1,61.0,57.88,58.69,58.81,-0.12,-0.204,121881.5,721574.5875
002828.SZ,贝肯能源,20260828,12.46,13.09,12.46,12.65,12.4,0.25,2.0161,187336.0,239875.593
002829.SZ,星网宇达,20260828,19.81,20.12,19.64,20.0,19.81,0.19,0.9591,45966.0,91777.856
002830.SZ,名雕股份,20260828,14.28,14.48,14.15,14.34,14.27,0.07,0.4905,24337.83,34794.808
002831.SZ,裕同科技,20260828,26.62,26.88,26.02,26.4,26.83,-0.43,-1.6027,146651.06,388176.25924
002832.SZ,比音勒芬,20260828,24.4,25.19,24.02,24.47,24.03,0.44,1.831,166420.98,408582.05912
002833.SZ,弘亚数控,20260828,18.57,18.91,18.41,18.78,18.55,0.23,1.2399,63437.26,118989.10102
002835.SZ,同为股份,20260828,12.68,12.74,12.55,12.68,12.62,0.06,0.4754,24802.0,31405.194
002836.SZ,新宏泽,20260828,9.7,9.94,9.7,9.85,9.76,0.09,0.9221,34777.46,34208.98199
002837.SZ,英维克,20260828,65.03,66.54,64.1,64.48,65.97,-1.49,-2.2586,829485.04,5416634.86119
002838.SZ,道恩股份,20260828,25.4,25.8,24.9,24.95,25.32,-0.37,-1.4613,67715.24,171374.15186
002839.SZ,张家港行,20260828,4.36,4.38,4.25,4.27,4.4,-0.13,-2.9545,430310.54,184526.95684
002840.SZ,华统股份,20260828,8.23,8.29,8.09,8.25,8.26,-0.01,-0.1211,115004.05,94249.66643
002841.SZ,视源股份,20260828,47.08,47.5,46.59,46.83,46.99,-0.16,-0.3405,66105.61,311242.56804
002842.SZ,翔鹭钨业,20260828,39.11,40.8,38.5,40.13,39.07,1.06,2.7131,490528.77,1946454.44091
002843.SZ,泰嘉股份,20260828,16.55,16.7,16.18,16.19,16.7,-0.51,-3.0539,122550.0,201114.228
002845.SZ,同兴达,20260828,13.25,13.5,13.21,13.35,13.27,0.08,0.6029,65679.0,87880.9802
002846.SZ,英联股份,20260828,10.67,10.84,10.67,10.76,10.72,0.04,0.3731,48900.4,52653.1924
002847.SZ,盐津铺子,20260828,45.33,45.49,44.9,45.42,45.12,0.3,0.6649,22233.94,100600.18062
002848.SZ,高斯贝尔,20260828,13.88,14.07,13.67,13.72,13.9,-0.18,-1.295,56907.0,78559.413
002849.SZ,威星智能,20260828,18.4,19.06,18.39,18.73,18.4,0.33,1.7935,62111.0,116338.0187
002850.SZ,科达利,20260828,180.89,180.89,176.1,177.3,181.37,-4.07,-2.244,28338.28,503916.19279
002851.SZ,麦格米特,20260828,130.0,133.98,125.68,125.95,127.66,-1.71,-1.3395,339525.32,4412140.83103
002852.SZ,道道全,20260828,9.09,9.35,8.78,8.81,8.89,-0.08,-0.8999,350809.55,315402.43443
002853.SZ,皮阿诺,20260828,22.5,22.77,22.12,22.67,22.47,0.2,0.8901,22053.0,49634.256
002855.SZ,捷荣技术,20260828,14.64,14.64,14.64,14.64,13.31,1.33,9.9925,51251.0,75031.464
002856.SZ,*ST美芝,20260828,16.22,17.49,16.22,16.83,16.62,0.21,1.2635,63936.0,107669.8514
002857.SZ,三晖电气,20260828,19.53,19.7,19.3,19.36,19.53,-0.17,-0.8705,15273.5,29686.421
002858.SZ,力盛体育,20260828,11.69,11.83,11.66,11.78,11.73,0.05,0.4263,25808.0,30363.936
002859.SZ,洁美科技,20260828,68.0,69.0,65.44,65.55,66.18,-0.63,-0.9519,200409.04,1348297.83489
002860.SZ,星帅尔,20260828,14.93,16.07,14.8,16.05,14.92,1.13,7.5737,169190.38,263838.8398
002861.SZ,瀛通通讯,20260828,16.08,16.6,15.95,16.1,16.09,0.01,0.0622,44636.38,72781.19308
002862.SZ,实丰文化,20260828,14.02,14.32,13.78,14.12,13.85,0.27,1.9495,31485.8,44464.0278
002863.SZ,今飞凯达,20260828,4.72,4.78,4.7,4.77,4.72,0.05,1.0593,112708.08,53459.67268
002864.SZ,盘龙药业,20260828,22.62,22.77,22.2,22.42,22.77,-0.35,-1.5371,30890.99,69231.46212
002865.SZ,钧达股份,20260828,40.5,41.37,40.22,40.57,40.44,0.13,0.3215,59404.05,242668.50382
002866.SZ,传艺科技,20260828,14.85,15.02,14.81,14.9,14.91,-0.01,-0.0671,43241.0,64509.713
002867.SZ,周大生,20260828,11.08,11.29,11.03,11.22,11.13,0.09,0.8086,184378.43,206329.56692
002868.SZ,绿康生化,20260828,21.95,22.38,21.81,21.91,21.92,-0.01,-0.0456,16951.0,37499.3651
002869.SZ,金溢科技,20260828,16.3,16.48,16.15,16.17,16.4,-0.23,-1.4024,17188.0,27979.023
002870.SZ,香山股份,20260828,48.69,52.45,48.48,49.89,48.45,1.44,2.9721,60351.0,304782.06566
002871.SZ,伟隆股份,20260828,17.29,17.65,17.0,17.01,17.31,-0.3,-1.7331,30264.05,52223.7915
002872.SZ,ST天圣,20260828,5.77,5.84,5.64,5.73,5.83,-0.1,-1.7153,50619.0,28968.368
002873.SZ,新天药业,20260828,8.66,8.74,8.52,8.71,8.66,0.05,0.5774,50677.0,43878.74786
002875.SZ,安奈儿,20260828,13.05,13.26,12.98,13.17,12.95,0.22,1.6988,37756.0,49670.3895
002876.SZ,三利谱,20260828,29.16,29.88,29.16,29.51,29.25,0.26,0.8889,37699.0,111671.716
002877.SZ,智能自控,20260828,7.32,7.45,7.27,7.42,7.34,0.08,1.0899,51783.11,38221.92056
002878.SZ,元隆雅图,20260828,12.33,12.55,12.25,12.42,12.33,0.09,0.7299,36626.0,45500.072
002879.SZ,长缆科技,20260828,16.34,16.62,16.17,16.45,16.34,0.11,0.6732,64143.0,105617.021
002880.SZ,卫光生物,20260828,22.97,23.02,22.58,22.69,23.16,-0.47,-2.0294,63320.92,143809.63874
002881.SZ,美格智能,20260828,41.64,43.67,40.75,40.82,41.26,-0.44,-1.0664,137604.73,573674.07393
002882.SZ,金龙羽,20260828,22.05,22.36,21.82,22.03,22.35,-0.32,-1.4318,92827.71,204914.14791
002883.SZ,*ST中设,20260828,9.46,9.47,9.29,9.41,9.36,0.05,0.5342,11547.0,10816.96
002884.SZ,凌霄泵业,20260828,15.88,16.05,15.82,16.01,15.84,0.17,1.0732,16613.3,26521.4778
002885.SZ,京泉华,20260828,28.85,29.29,28.1,28.13,28.7,-0.57,-1.9861,123501.73,352775.5333
002886.SZ,沃特股份,20260828,26.4,26.4,26.4,26.4,24.0,2.4,10.0,42445.0,112054.8
002887.SZ,绿茵生态,20260828,9.71,9.83,9.5,9.51,9.71,-0.2,-2.0597,36679.0,35328.996
002888.SZ,惠威科技,20260828,18.91,19.87,18.88,19.28,19.0,0.28,1.4737,41757.0,80130.63
002889.SZ,东方嘉盛,20260828,12.63,12.69,12.57,12.58,12.63,-0.05,-0.3959,26413.05,33351.69555
002890.SZ,弘宇股份,20260828,14.72,14.99,14.34,14.81,14.85,-0.04,-0.2694,28239.0,41251.629
002891.SZ,中宠股份,20260828,28.48,28.88,28.36,28.76,28.4,0.36,1.2676,54894.8,157231.5046
002892.SZ,科力尔,20260828,9.2,9.28,9.13,9.13,9.24,-0.11,-1.1905,49698.23,45660.73553
002893.SZ,京能热力,20260828,9.93,10.04,9.87,10.03,9.93,0.1,1.007,58273.0,58122.822
002895.SZ,川恒股份,20260828,32.88,33.43,32.55,33.23,33.02,0.21,0.636,42198.57,139379.5883
002896.SZ,中大力德,20260828,64.51,64.86,63.51,63.65,64.52,-0.87,-1.3484,66481.42,426378.02719
002897.SZ,意华股份,20260828,58.66,59.59,56.9,57.0,59.05,-2.05,-3.4716,67895.0,394770.853
002899.SZ,英派斯,20260828,18.48,18.92,18.32,18.6,18.55,0.05,0.2695,37460.75,69891.98225
002900.SZ,哈三联,20260828,13.81,14.11,13.2,13.29,13.89,-0.6,-4.3197,309120.4,417367.7622
002901.SZ,大博医疗,20260828,45.48,46.53,44.8,45.18,45.37,-0.19,-0.4188,22256.67,101654.92281
002902.SZ,铭普光磁,20260828,25.28,28.13,25.2,27.33,25.57,1.76,6.8831,350990.35,970335.81127
002903.SZ,宇环数控,20260828,29.0,30.94,28.66,28.95,29.22,-0.27,-0.924,214303.25,633892.98552
002905.SZ,金逸影视,20260828,8.05,8.79,7.95,8.13,7.99,0.14,1.7522,233061.8,192411.3852
002906.SZ,华阳集团,20260828,26.74,27.1,26.61,26.76,26.74,0.02,0.0748,101396.95,271936.16478
002907.SZ,华森制药,20260828,15.95,16.12,15.39,15.52,16.32,-0.8,-4.902,299884.41,468717.23101
002908.SZ,德生科技,20260828,7.22,7.26,7.16,7.16,7.17,-0.01,-0.1395,48708.4,35067.18512
002909.SZ,集泰股份,20260828,5.36,5.48,5.28,5.47,5.37,0.1,1.8622,142855.0,77349.642
002910.SZ,庄园牧场,20260828,9.81,10.08,9.81,9.96,9.85,0.11,1.1168,75278.0,75142.446
002911.SZ,佛燃能源,20260828,11.03,11.16,10.96,11.1,11.01,0.09,0.8174,39874.89,44145.92389
002912.SZ,中新赛克,20260828,19.49,19.77,19.23,19.31,19.11,0.2,1.0466,33030.2,64276.9312
002913.SZ,奥士康,20260828,58.52,61.66,58.41,59.06,59.01,0.05,0.0847,49154.14,296030.27698
002915.SZ,中欣氟材,20260828,17.4,18.87,17.21,18.87,17.15,1.72,10.0292,272036.81,501577.2622
002916.SZ,深南电路,20260828,365.1,380.0,362.21,362.4,365.1,-2.7,-0.7395,90308.76,3340281.5602
002917.SZ,金奥博,20260828,10.28,10.43,10.26,10.4,10.31,0.09,0.8729,26172.5,27139.975
002918.SZ,蒙娜丽莎,20260828,10.4,11.33,10.28,11.33,10.3,1.03,10.0,233455.56,257211.68068
002919.SZ,名臣健康,20260828,17.18,17.57,17.08,17.33,17.08,0.25,1.4637,28489.0,49446.426
002920.SZ,德赛西威,20260828,86.29,88.94,86.15,87.9,86.2,1.7,1.9722,80841.0,712092.99496
002921.SZ,联诚精密,20260828,21.13,21.62,20.94,21.11,21.16,-0.05,-0.2363,42142.8,89297.27559
002922.SZ,伊戈尔,20260828,24.56,25.21,24.42,24.66,24.66,0.0,0.0,153990.98,382957.83354
002923.SZ,润都股份,20260828,11.04,11.19,10.98,11.1,11.06,0.04,0.3617,60612.72,67322.41904
002925.SZ,盈趣科技,20260828,23.53,23.93,23.1,23.2,23.56,-0.36,-1.528,133301.6,312547.0096
002926.SZ,华西证券,20260828,8.61,8.64,8.5,8.61,8.6,0.01,0.1163,186437.78,159867.78002
002927.SZ,泰永长征,20260828,15.82,16.35,15.78,16.01,15.88,0.13,0.8186,44767.54,72155.30012
002928.SZ,华夏航空,20260828,6.27,6.37,6.23,6.34,6.32,0.02,0.3165,178807.21,112821.40684
002929.SZ,润建股份,20260828,53.47,54.2,52.01,52.09,53.46,-1.37,-2.5627,88374.9,468228.85128
002930.SZ,宏川智慧,20260828,8.91,9.31,8.86,9.23,8.91,0.32,3.5915,119638.46,109698.82248
002931.SZ,锋龙股份,20260828,46.48,47.16,45.78,45.9,46.91,-1.01,-2.1531,47007.04,217759.4936
002932.SZ,*ST明德,20260828,15.27,15.35,15.21,15.33,15.29,0.04,0.2616,8873.61,13582.85907
002933.SZ,新兴装备,20260828,26.5,27.17,26.42,26.56,26.43,0.13,0.4919,12940.0,34597.645
002935.SZ,天奥电子,20260828,15.94,15.99,15.66,15.71,15.89,-0.18,-1.1328,37171.21,58764.72942
002936.SZ,郑州银行,20260828,1.78,1.79,1.76,1.78,1.78,0.0,0.0,850441.06,150852.71918
002937.SZ,兴瑞科技,20260828,32.6,32.98,31.17,31.5,32.11,-0.61,-1.8997,147403.7,471361.53355
002938.SZ,鹏鼎控股,20260828,88.07,93.52,87.99,89.18,89.2,-0.02,-0.0224,248712.59,2261176.34349
002939.SZ,长城证券,20260828,8.18,8.2,8.11,8.13,8.16,-0.03,-0.3676,164182.1,133677.7334
002940.SZ,昂利康,20260828,25.63,25.78,25.36,25.44,25.86,-0.42,-1.6241,53110.0,135516.1688
002941.SZ,新疆交建,20260828,10.85,11.0,10.78,10.96,10.85,0.11,1.0138,94407.0,102951.432
002942.SZ,新农股份,20260828,20.91,20.91,18.38,20.91,19.01,1.9,9.9947,255168.86,512135.68308
002943.SZ,宇晶股份,20260828,34.52,35.47,33.7,33.81,34.65,-0.84,-2.4242,113909.11,393560.35289
002945.SZ,华林证券,20260828,14.6,14.87,14.4,14.72,14.75,-0.03,-0.2034,201811.17,295854.97057
002946.SZ,新乳业,20260828,15.34,15.4,15.05,15.35,15.33,0.02,0.1305,65173.26,99594.98844
002947.SZ,恒铭达,20260828,66.35,67.88,64.6,64.64,66.5,-1.86,-2.797,132135.98,873524.01293
002948.SZ,青岛银行,20260828,5.96,6.06,5.94,6.04,5.94,0.1,1.6835,547427.76,328961.81357
002949.SZ,华阳国际,20260828,12.57,14.08,12.45,14.08,12.8,1.28,10.0,265565.25,357327.56512
002950.SZ,奥美医疗,20260828,9.13,9.3,9.07,9.24,9.13,0.11,1.2048,56650.6,52244.459
002951.SZ,金时科技,20260828,16.22,16.31,16.01,16.03,16.25,-0.22,-1.3538,33499.99,54012.51288
002952.SZ,亚世光电,20260828,19.89,21.79,19.71,21.79,19.81,1.98,9.995,58781.25,124923.98175
002953.SZ,日丰股份,20260828,11.52,11.66,11.31,11.34,11.88,-0.54,-4.5455,363243.24,414884.78923
002955.SZ,鸿合科技,20260828,33.99,34.25,33.23,33.63,33.99,-0.36,-1.0591,36611.5,123378.1289
002956.SZ,西麦食品,20260828,16.98,17.3,16.91,17.17,16.98,0.19,1.119,27366.25,46972.49933
002957.SZ,科瑞技术,20260828,42.29,43.83,40.73,40.8,42.53,-1.73,-4.0677,176183.89,743981.64363
002958.SZ,青农商行,20260828,2.92,2.94,2.9,2.92,2.93,-0.01,-0.3413,532914.64,155559.80774
002959.SZ,小熊电器,20260828,32.73,33.0,32.64,32.95,32.73,0.22,0.6722,4747.5,15609.5131
002960.SZ,青鸟智控,20260828,8.56,8.7,8.53,8.6,8.56,0.04,0.4673,81288.51,69950.52954
002961.SZ,瑞达期货,20260828,20.9,21.48,20.35,20.56,20.05,0.51,2.5436,228102.46,473323.98455
002962.SZ,五方光电,20260828,12.75,13.16,12.72,12.94,12.78,0.16,1.252,70572.0,91667.353
002963.SZ,豪尔赛,20260828,20.7,20.7,19.15,19.15,21.28,-2.13,-10.0094,193547.1,377747.46625
002965.SZ,祥鑫科技,20260828,31.34,32.14,30.69,30.7,31.37,-0.67,-2.1358,105819.69,331078.4884
002966.SZ,苏州银行,20260828,8.72,8.81,8.66,8.72,8.76,-0.04,-0.4566,263722.86,230200.33097
002967.SZ,广电计量,20260828,17.26,17.53,17.17,17.21,17.35,-0.14,-0.8069,30059.0,52030.038
002968.SZ,新大正,20260828,9.45,9.62,9.38,9.58,9.42,0.16,1.6985,30698.0,29296.89
002969.SZ,嘉美包装,20260828,12.45,12.67,12.4,12.58,12.52,0.06,0.4792,206980.29,259696.14783
002970.SZ,锐明技术,20260828,49.8,50.85,48.62,48.74,49.44,-0.7,-1.4159,29291.95,145496.459
002971.SZ,和远气体,20260828,43.58,47.08,43.15,47.08,42.8,4.28,10.0,184106.9,842553.6927
002972.SZ,科安达,20260828,12.42,12.65,12.32,12.37,12.42,-0.05,-0.4026,45001.0,56005.609
002973.SZ,侨银股份,20260828,12.37,12.85,12.25,12.57,12.37,0.2,1.6168,99459.29,125449.18408
002975.SZ,博杰股份,20260828,107.98,109.9,102.8,102.88,108.06,-5.18,-4.7936,184376.36,1960429.18631
002976.SZ,瑞玛精密,20260828,24.27,25.5,24.18,24.47,24.44,0.03,0.1227,68445.62,169888.41798
002977.SZ,*ST天箭,20260828,20.88,21.36,20.78,20.97,20.83,0.14,0.6721,8401.0,17670.862
002978.SZ,安宁股份,20260828,26.4,27.06,26.31,26.97,26.27,0.7,2.6646,46480.6,124895.94482
002979.SZ,雷赛智能,20260828,56.4,59.2,56.35,56.41,56.2,0.21,0.3737,138727.27,798717.0095
002980.SZ,华盛昌,20260828,104.01,106.45,100.63,100.89,102.05,-1.16,-1.1367,107849.3,1113979.7178
002981.SZ,朝阳科技,20260828,23.62,24.05,23.5,23.72,23.71,0.01,0.0422,19363.0,46145.4564
002982.SZ,湘佳股份,20260828,12.56,12.72,12.42,12.68,12.56,0.12,0.9554,29438.0,37100.9672
002983.SZ,芯瑞达,20260828,20.07,21.65,19.8,20.57,20.06,0.51,2.5424,51496.44,107732.0083
002984.SZ,森麒麟,20260828,14.13,14.29,13.99,14.17,14.13,0.04,0.2831,70550.8,99813.5118
002985.SZ,北摩高科,20260828,26.28,27.05,26.22,26.76,26.27,0.49,1.8652,59157.83,158513.90623
002986.SZ,宇新股份,20260828,13.58,13.99,13.39,13.91,13.56,0.35,2.5811,66375.48,91110.05088
002987.SZ,京北方,20260828,12.18,12.27,11.83,11.88,12.05,-0.17,-1.4108,239675.71,286866.53765
002988.SZ,豪美新材,20260828,24.16,24.7,24.03,24.52,24.44,0.08,0.3273,80004.26,195130.19941
002989.SZ,中天精装,20260828,23.7,24.65,23.35,24.08,23.7,0.38,1.6034,69358.4,167508.3
002990.SZ,盛视科技,20260828,48.28,49.74,46.8,46.8,48.27,-1.47,-3.0454,85177.15,408974.438
002991.SZ,甘源食品,20260828,38.84,39.14,38.6,38.85,38.79,0.06,0.1547,9823.71,38172.03083
002992.SZ,宝明科技,20260828,34.6,34.62,33.8,33.86,34.77,-0.91,-2.6172,15676.3,53402.2728
002993.SZ,奥海科技,20260828,39.12,39.49,37.8,37.83,39.01,-1.18,-3.0249,47851.86,184309.38218
002995.SZ,天地在线,20260828,17.38,17.49,17.02,17.06,17.04,0.02,0.1174,49576.5,85032.5075
002996.SZ,顺博合金,20260828,6.24,6.37,6.2,6.35,6.24,0.11,1.7628,106732.7,67227.1926
002997.SZ,瑞鹄模具,20260828,28.7,28.87,28.5,28.53,28.7,-0.17,-0.5923,17154.0,49124.53925
002998.SZ,优彩资源,20260828,8.03,8.13,7.94,8.09,8.04,0.05,0.6219,82929.08,66779.81208
002999.SZ,天禾股份,20260828,6.29,6.62,6.25,6.52,6.31,0.21,3.3281,154877.23,99896.02698
003000.SZ,劲仔食品,20260828,9.73,9.97,9.63,9.86,9.7,0.16,1.6495,68372.51,67322.51094
003001.SZ,中岩大地,20260828,16.08,16.15,15.83,15.93,16.22,-0.29,-1.7879,58075.98,92503.06324
003002.SZ,壶化股份,20260828,16.68,16.89,16.48,16.7,16.68,0.02,0.1199,21849.0,36403.575
003003.SZ,天元股份,20260828,11.26,11.36,11.16,11.34,11.26,0.08,0.7105,22048.0,24922.184
003004.SZ,声迅股份,20260828,70.5,71.6,70.01,70.01,70.5,-0.49,-0.695,9004.0,63705.748
003005.SZ,竞业达,20260828,13.64,15.03,13.64,15.03,13.66,1.37,10.0293,60973.44,90336.48004
003006.SZ,百亚股份,20260828,14.15,14.26,13.98,14.04,14.01,0.03,0.2141,60159.61,84655.83939
003007.SZ,直真科技,20260828,39.3,39.87,38.96,39.02,39.22,-0.2,-0.5099,19081.93,75089.8619
003008.SZ,开普检测,20260828,19.9,20.1,19.7,20.05,19.9,0.15,0.7538,7479.5,14935.3961
003009.SZ,中天火箭,20260828,47.0,47.6,46.8,46.98,47.28,-0.3,-0.6345,24847.31,117046.18378
003010.SZ,若羽臣,20260828,30.6,31.01,30.18,30.5,31.1,-0.6,-1.9293,103514.14,315906.42164
003011.SZ,海象新材,20260828,20.42,21.0,20.36,20.9,20.42,0.48,2.3506,19227.0,39923.833
003012.SZ,东鹏控股,20260828,4.73,4.82,4.69,4.79,4.71,0.08,1.6985,88258.0,42117.915
003013.SZ,地铁设计,20260828,15.68,15.68,14.85,14.94,16.07,-1.13,-7.0317,152905.91,230314.53
003015.SZ,日久光电,20260828,12.21,12.45,12.2,12.23,12.26,-0.03,-0.2447,32519.0,39969.861
003016.SZ,欣贺股份,20260828,6.99,7.13,6.95,7.09,6.98,0.11,1.5759,35121.0,24821.808
003017.SZ,大洋生物,20260828,23.25,23.48,23.02,23.41,23.07,0.34,1.4738,16284.6,37966.092
003018.SZ,金富科技,20260828,46.11,47.39,44.4,44.89,47.05,-2.16,-4.5909,226103.16,1033279.23676
003019.SZ,宸展光电,20260828,26.51,27.23,26.49,26.88,26.5,0.38,1.434,50582.53,136251.16763
003020.SZ,立方制药,20260828,18.6,18.9,18.46,18.65,18.75,-0.1,-0.5333,50217.03,93962.30853
003021.SZ,兆威机电,20260828,71.4,71.91,70.18,70.43,71.55,-1.12,-1.5653,24783.42,175770.8646
003022.SZ,联泓新科,20260828,19.93,20.24,19.88,20.09,20.05,0.04,0.1995,69503.5,139889.1074
003023.SZ,彩虹集团,20260828,27.37,27.67,27.01,27.39,27.28,0.11,0.4032,17848.49,48926.1727
003025.SZ,思进智能,20260828,12.46,12.54,12.42,12.47,12.46,0.01,0.0803,22577.92,28180.52606
003026.SZ,中晶科技,20260828,29.65,30.05,29.21,29.24,29.75,-0.51,-1.7143,47210.53,139567.90385
003027.SZ,同兴科技,20260828,16.85,17.04,16.76,16.87,16.85,0.02,0.1187,12863.0,21739.998
003028.SZ,振邦智能,20260828,22.93,23.11,22.76,22.85,22.8,0.05,0.2193,7508.5,17233.1673
003029.SZ,吉大正元,20260828,17.34,17.41,17.02,17.1,16.93,0.17,1.0041,38263.0,65662.647
003030.SZ,祖名股份,20260828,21.87,24.11,21.76,24.11,21.92,2.19,9.9909,65462.39,151379.39729
003031.SZ,中瓷电子,20260828,130.05,133.2,126.6,126.65,131.35,-4.7,-3.5782,101704.2,1319807.7971
003032.SZ,传智教育,20260828,10.55,11.07,10.26,10.44,10.45,-0.01,-0.0957,729532.44,780872.26612
003033.SZ,征和工业,20260828,68.5,70.35,67.61,68.37,68.98,-0.61,-0.8843,17107.0,117613.718
003035.SZ,南网能源,20260828,5.69,5.77,5.67,5.71,5.69,0.02,0.3515,415192.18,237540.73496
003036.SZ,泰坦股份,20260828,53.91,57.3,53.43,54.19,53.96,0.23,0.4262,88262.0,486612.34
003037.SZ,三和管桩,20260828,5.74,5.76,5.69,5.74,5.7,0.04,0.7018,26805.0,15375.043
003038.SZ,鑫铂股份,20260828,10.96,11.09,10.91,11.02,10.96,0.06,0.5474,29190.2,32200.328
003039.SZ,顺控发展,20260828,11.94,12.2,11.85,12.09,11.91,0.18,1.5113,38832.0,46908.046
003040.SZ,楚天龙,20260828,19.05,19.71,17.8,18.5,18.73,-0.23,-1.228,1298057.11,2444580.9109
003041.SZ,真爱美家,20260828,38.45,39.42,38.28,38.67,38.35,0.32,0.8344,15968.76,62069.71104
003042.SZ,中农联合,20260828,14.56,15.25,14.5,15.05,14.55,0.5,3.4364,108311.52,161590.66116
003043.SZ,华亚智能,20260828,79.64,86.82,79.64,82.75,80.13,2.62,3.2697,75800.79,637350.0572
003816.SZ,中国广核,20260828,4.17,4.26,4.16,4.24,4.18,0.06,1.4354,1367168.35,577139.85853
300001.SZ,特锐德,20260828,34.56,35.32,34.44,34.91,34.91,0.0,0.0,125047.27,438372.31417
300002.SZ,神州泰岳,20260828,8.0,8.15,8.0,8.03,7.98,0.05,0.6266,287822.31,232432.96919
300003.SZ,乐普医疗,20260828,12.1,12.12,12.02,12.06,12.14,-0.08,-0.659,112417.97,135663.2182
300004.SZ,南风股份,20260828,8.76,9.01,8.65,8.65,8.89,-0.24,-2.6997,341284.24,300655.5854
300005.SZ,探路者,20260828,10.8,11.8,10.71,11.41,10.66,0.75,7.0356,855911.75,975644.02579
300006.SZ,莱美药业,20260828,5.95,5.99,5.76,5.83,6.08,-0.25,-4.1118,565254.97,329501.88322
300007.SZ,汉威科技,20260828,31.5,32.02,31.13,31.18,31.59,-0.41,-1.2979,59904.32,188795.53807
300008.SZ,天海防务,20260828,6.25,6.34,6.24,6.29,6.22,0.07,1.1254,437220.35,275094.69175
300009.SZ,安科生物,20260828,8.69,8.73,8.5,8.52,8.8,-0.28,-3.1818,532295.36,456318.82136
300010.SZ,ST豆神,20260828,3.12,3.36,3.01,3.09,3.11,-0.02,-0.6431,1769543.22,560918.39396
300011.SZ,鼎汉技术,20260828,6.05,6.16,6.03,6.13,6.05,0.08,1.3223,57024.0,34815.294
300012.SZ,华测检测,20260828,15.05,15.19,14.99,15.06,15.05,0.01,0.0664,223572.38,337168.80425
300013.SZ,新宁物流,20260828,4.39,4.41,4.23,4.25,4.45,-0.2,-4.4944,328044.5,140617.568
300014.SZ,亿纬锂能,20260828,55.1,55.26,54.28,54.32,55.47,-1.15,-2.0732,268701.67,1471148.15443
300015.SZ,爱尔眼科,20260828,8.4,8.41,8.23,8.25,8.52,-0.27,-3.169,1221099.6,1014488.63012
300016.SZ,北陆药业,20260828,9.28,9.3,8.99,9.02,9.35,-0.33,-3.5294,456722.22,415271.67266
300017.SZ,网宿科技,20260828,15.73,16.34,15.3,15.31,15.47,-0.16,-1.0343,2405616.66,3811569.13134
300018.SZ,中元股份,20260828,11.55,11.98,11.48,11.62,11.67,-0.05,-0.4284,97269.93,113966.21557
300019.SZ,硅宝科技,20260828,14.69,14.94,14.61,14.63,14.71,-0.08,-0.5438,44562.08,65733.72472
300020.SZ,ST银江,20260828,3.3,3.44,3.23,3.44,3.32,0.12,3.6145,165120.0,55102.661
300021.SZ,大禹节水,20260828,4.11,4.15,4.04,4.1,4.1,0.0,0.0,281159.87,115318.00777
300022.SZ,吉峰科技,20260828,8.26,8.51,8.18,8.4,8.31,0.09,1.083,157042.0,130941.533
300024.SZ,机器人,20260828,14.59,14.63,14.38,14.42,14.6,-0.18,-1.2329,228227.77,330611.20315
300025.SZ,华星创业,20260828,5.41,5.45,5.34,5.4,5.41,-0.01,-0.1848,85538.71,46172.13569
300026.SZ,红日药业,20260828,3.47,3.49,3.42,3.45,3.48,-0.03,-0.8621,493264.29,170159.03564
300027.SZ,ST华谊,20260828,1.77,1.79,1.76,1.79,1.78,0.01,0.5618,177606.68,31615.37047
300030.SZ,阳普医疗,20260828,6.93,7.01,6.88,6.98,6.92,0.06,0.8671,50925.0,35381.969
300031.SZ,宝通科技,20260828,21.3,21.6,21.11,21.16,21.34,-0.18,-0.8435,105146.36,224331.1096
300032.SZ,金龙机电,20260828,3.86,3.95,3.86,3.93,3.89,0.04,1.0283,146572.04,57567.4896
300033.SZ,同花顺,20260828,231.1,235.33,229.9,230.5,233.22,-2.72,-1.1663,134460.84,3125842.93256
300034.SZ,钢研高纳,20260828,16.0,16.24,15.96,16.05,16.02,0.03,0.1873,94029.27,151616.50259
300035.SZ,中科电气,20260828,13.63,13.69,13.48,13.58,13.57,0.01,0.0737,131652.44,178934.80551
300036.SZ,超图软件,20260828,10.44,10.69,10.44,10.51,10.38,0.13,1.2524,130741.26,137759.41955
300037.SZ,新宙邦,20260828,65.5,67.98,65.31,65.41,65.39,0.02,0.0306,157531.24,1048127.85267
300039.SZ,上海凯宝,20260828,5.92,5.96,5.7,5.72,5.97,-0.25,-4.1876,492330.0,285372.3833
300040.SZ,九洲集团,20260828,5.85,5.88,5.77,5.78,5.91,-0.13,-2.1997,252286.2,146595.7104
300041.SZ,回天新材,20260828,10.96,11.06,10.89,10.91,10.96,-0.05,-0.4562,171914.33,188432.2976
300042.SZ,朗科科技,20260828,40.44,41.12,39.6,39.6,40.74,-1.14,-2.7982,104385.01,420426.95874
300043.SZ,星辉娱乐,20260828,4.45,4.5,4.44,4.47,4.47,0.0,0.0,215437.0,96234.025
300044.SZ,*ST赛为,20260828,5.41,5.45,5.35,5.36,5.42,-0.06,-1.107,113225.0,61082.467
300045.SZ,华力创通,20260828,12.29,12.6,12.26,12.37,12.33,0.04,0.3244,116176.34,144117.3709
300046.SZ,台基股份,20260828,24.91,25.19,24.62,24.64,25.03,-0.39,-1.5581,49359.11,122814.5951
300047.SZ,天源迪科,20260828,9.42,9.5,9.35,9.36,9.34,0.02,0.2141,116033.4,109260.81995
300048.SZ,合康新能,20260828,4.98,5.22,4.93,5.11,4.98,0.13,2.6104,248763.24,126703.85659
300049.SZ,福瑞医科,20260828,42.25,43.47,41.8,41.99,42.29,-0.3,-0.7094,53598.0,227489.80142
300050.SZ,世纪鼎利,20260828,6.4,6.62,6.36,6.54,6.39,0.15,2.3474,226766.0,147860.363
300051.SZ,琏升科技,20260828,8.42,8.5,8.32,8.4,8.44,-0.04,-0.4739,107261.0,90188.022
300052.SZ,中青宝,20260828,10.66,10.79,10.53,10.58,10.76,-0.18,-1.6729,112942.0,120203.383
300053.SZ,航宇微,20260828,12.06,12.19,12.03,12.12,12.12,0.0,0.0,113942.0,138005.8554
300054.SZ,鼎龙股份,20260828,74.2,75.68,72.5,72.5,75.0,-2.5,-3.3333,240511.37,1778721.00334
300055.SZ,万邦达,20260828,6.08,6.22,6.05,6.16,6.05,0.11,1.8182,169768.68,104635.23724
300056.SZ,中创环保,20260828,8.48,8.52,8.2,8.49,8.38,0.11,1.3126,67923.5,57118.5515
300057.SZ,万顺新材,20260828,6.69,6.97,6.63,6.96,6.69,0.27,4.0359,448544.54,307784.11702
300058.SZ,蓝色光标,20260828,13.95,13.98,13.34,13.37,13.55,-0.18,-1.3284,3929800.17,5356430.07158
300059.SZ,东方财富,20260828,19.55,19.63,19.42,19.42,19.62,-0.2,-1.0194,1803082.94,3513704.07224
300061.SZ,旗天科技,20260828,6.39,6.39,6.11,6.15,6.29,-0.14,-2.2258,230539.4,142617.18924
300062.SZ,中能电气,20260828,6.15,6.21,6.11,6.19,6.18,0.01,0.1618,133534.16,82312.26916
300063.SZ,天龙集团,20260828,8.96,9.05,8.7,8.77,8.75,0.02,0.2286,620223.05,549195.02698
300065.SZ,海兰信,20260828,15.46,15.63,15.32,15.33,15.46,-0.13,-0.8409,210177.65,324402.92613
300066.SZ,三川智慧,20260828,5.0,5.05,4.96,4.99,5.02,-0.03,-0.5976,97645.0,48809.314
300067.SZ,安诺其,20260828,5.27,5.61,5.27,5.53,5.29,0.24,4.5369,787012.99,431486.60475
300068.SZ,ST南都,20260828,3.98,4.11,3.97,4.07,4.0,0.07,1.75,358929.0,145688.983
300069.SZ,金利华电,20260828,26.12,26.7,26.07,26.13,26.43,-0.3,-1.1351,79005.73,208006.45353
300070.SZ,碧水源,20260828,3.46,3.51,3.45,3.5,3.47,0.03,0.8646,279690.39,97419.27355
300071.SZ,福石控股,20260828,4.23,4.28,4.06,4.08,4.09,-0.01,-0.2445,873926.67,363196.34979
300072.SZ,海新能科,20260828,3.7,3.9,3.68,3.89,3.71,0.18,4.8518,508723.2,194596.36936
300073.SZ,当升科技,20260828,41.2,41.56,40.95,41.05,41.31,-0.26,-0.6294,90572.16,373011.58837
300074.SZ,华平股份,20260828,3.91,3.92,3.84,3.85,3.89,-0.04,-1.0283,156600.75,60546.16175
300075.SZ,数字政通,20260828,10.89,11.04,10.75,10.77,11.0,-0.23,-2.0909,137412.85,149310.5265
300076.SZ,*ST宁视,20260828,4.55,4.59,4.48,4.54,4.55,-0.01,-0.2198,42501.0,19334.049
300077.SZ,国民技术,20260828,20.29,20.76,20.21,20.29,20.47,-0.18,-0.8793,326363.31,667685.53134
300078.SZ,思创智联,20260828,3.13,3.18,3.12,3.16,3.14,0.02,0.6369,166850.21,52604.36715
300079.SZ,数码视讯,20260828,4.57,4.62,4.55,4.56,4.57,-0.01,-0.2188,198879.27,91096.87066
300080.SZ,易成新能,20260828,3.76,3.85,3.68,3.83,3.82,0.01,0.2618,174371.4,66075.85175
300081.SZ,ST恒信,20260828,3.07,3.13,3.06,3.11,3.07,0.04,1.3029,71643.27,22180.6647
300082.SZ,奥克股份,20260828,8.6,8.84,8.6,8.65,8.6,0.05,0.5814,205107.19,178996.43502
300083.SZ,创世纪,20260828,13.6,14.39,13.24,13.37,13.43,-0.06,-0.4468,1165762.89,1606244.11538
300084.SZ,海默科技,20260828,10.25,10.6,10.22,10.46,10.25,0.21,2.0488,78802.0,82239.86
300085.SZ,银之杰,20260828,31.3,34.06,30.8,31.82,31.67,0.15,0.4736,836684.82,2687410.25986
300086.SZ,康芝药业,20260828,6.8,6.84,6.67,6.76,6.8,-0.04,-0.5882,106731.0,72092.876
300087.SZ,ST荃银,20260828,5.83,6.17,5.78,6.14,5.83,0.31,5.3173,335357.69,200322.96864
300088.SZ,长信科技,20260828,7.05,7.21,6.98,6.99,7.1,-0.11,-1.5493,916580.99,650215.19876
300091.SZ,*ST金灵,20260828,2.49,2.5,2.46,2.49,2.49,0.0,0.0,48321.82,11984.23836
300092.SZ,科新机电,20260828,12.02,12.16,11.95,11.98,12.03,-0.05,-0.4156,36378.0,43931.36698
300093.SZ,金刚光伏,20260828,25.06,25.57,23.98,24.2,25.5,-1.3,-5.098,83098.0,206188.12323
300094.SZ,国联水产,20260828,3.07,3.23,3.04,3.19,3.0,0.19,6.3333,1143078.93,359482.23501
300095.SZ,华伍股份,20260828,8.15,8.35,8.11,8.32,8.15,0.17,2.0859,49820.74,41165.44223
300096.SZ,ST易联众,20260828,9.12,9.12,8.89,8.97,9.04,-0.07,-0.7743,19846.82,17779.28008
300097.SZ,智云股份,20260828,10.11,10.38,9.95,10.03,10.21,-0.18,-1.763,148333.0,149876.983
300098.SZ,高新兴,20260828,4.54,4.77,4.54,4.67,4.55,0.12,2.6374,527472.51,247375.78803
300099.SZ,尤洛卡,20260828,6.02,6.05,5.98,5.98,6.02,-0.04,-0.6645,65780.0,39542.477
300100.SZ,双林股份,20260828,21.79,22.22,21.47,21.52,21.75,-0.23,-1.0575,62748.32,136616.71839
300101.SZ,振芯科技,20260828,14.22,14.45,14.21,14.32,14.24,0.08,0.5618,49307.93,70677.57683
300102.SZ,乾照光电,20260828,18.14,18.36,17.9,18.01,18.23,-0.22,-1.2068,171396.0,310528.466
300103.SZ,达刚控股,20260828,7.82,8.07,7.75,7.98,7.82,0.16,2.046,51363.0,40612.234
300105.SZ,龙源技术,20260828,7.68,7.69,7.54,7.62,7.69,-0.07,-0.9103,158357.0,120423.663
300106.SZ,西部牧业,20260828,10.65,11.23,10.65,11.12,10.72,0.4,3.7313,141405.11,155999.017
300107.SZ,建新股份,20260828,6.87,7.04,6.81,6.96,6.8,0.16,2.3529,158581.0,110213.287
300109.SZ,新开源,20260828,15.05,15.36,14.18,14.21,15.25,-1.04,-6.8197,421790.9,613367.14049
300110.SZ,华仁药业,20260828,2.91,3.0,2.87,2.96,2.92,0.04,1.3699,381297.87,112613.92399
300111.SZ,向日葵,20260828,3.14,3.15,3.07,3.13,3.11,0.02,0.6431,336863.01,105310.96113
300112.SZ,万讯自控,20260828,10.64,10.86,10.1,10.26,10.7,-0.44,-4.1121,236995.98,244176.90414
300113.SZ,顺网科技,20260828,16.5,16.7,16.26,16.28,16.21,0.07,0.4318,223774.96,367846.02307
300115.SZ,长盈精密,20260828,23.9,24.73,23.66,23.78,24.07,-0.29,-1.2048,377685.41,908861.56448
300118.SZ,东方日升,20260828,9.8,9.96,9.72,9.84,9.75,0.09,0.9231,225453.08,222645.71812
300119.SZ,瑞普生物,20260828,17.18,17.37,17.0,17.3,17.2,0.1,0.5814,42567.97,73133.40222
300120.SZ,经纬辉开,20260828,9.59,9.74,9.08,9.43,9.56,-0.13,-1.3598,703629.94,665147.55656
300121.SZ,阳谷华泰,20260828,9.91,9.96,9.83,9.85,9.87,-0.02,-0.2026,70364.0,69538.118
300122.SZ,智飞生物,20260828,14.77,14.9,14.2,14.2,15.0,-0.8,-5.3333,699119.89,1011078.27273
300123.SZ,ST亚光,20260828,4.56,4.63,4.47,4.51,4.58,-0.07,-1.5284,209226.0,95057.268
300124.SZ,汇川技术,20260828,62.12,62.67,61.91,62.05,62.12,-0.07,-0.1127,145426.68,904780.09735
300125.SZ,聆达股份,20260828,10.2,10.2,9.64,9.69,10.12,-0.43,-4.249,165202.54,163208.99226
300126.SZ,锐奇股份,20260828,6.57,6.67,6.52,6.63,6.59,0.04,0.607,42900.0,28395.466
300127.SZ,银河磁体,20260828,25.37,25.49,25.03,25.07,25.38,-0.31,-1.2214,37672.0,95019.222
300128.SZ,锦富技术,20260828,4.91,4.97,4.85,4.88,4.98,-0.1,-2.008,334321.3,163713.3744
300129.SZ,泰胜风能,20260828,7.32,7.43,7.29,7.32,7.36,-0.04,-0.5435,102033.46,75011.80178
300130.SZ,新国都,20260828,19.95,20.32,19.69,19.71,19.88,-0.17,-0.8551,174219.22,348054.97182
300131.SZ,英唐智控,20260828,16.92,17.65,16.77,16.83,16.88,-0.05,-0.2962,886433.69,1525373.98463
300132.SZ,诺斯贝尔,20260828,6.45,6.46,6.35,6.42,6.43,-0.01,-0.1555,106620.0,68225.931
300133.SZ,华策影视,20260828,6.94,7.06,6.91,6.91,6.93,-0.02,-0.2886,457672.67,318889.58323
300134.SZ,大富科技,20260828,8.44,8.57,8.38,8.49,8.45,0.04,0.4734,91575.15,77867.30928
300135.SZ,宝利国际,20260828,3.52,3.6,3.49,3.58,3.53,0.05,1.4164,217537.0,77349.548
300136.SZ,信维通信,20260828,61.67,63.2,60.21,60.34,62.07,-1.73,-2.7872,603587.57,3718498.13658
300137.SZ,先河环保,20260828,11.71,11.88,11.37,11.44,11.73,-0.29,-2.4723,129511.0,149781.922
300138.SZ,晨光生物,20260828,11.47,11.86,11.34,11.76,11.48,0.28,2.439,88678.0,103215.334
300139.SZ,晓程科技,20260828,54.77,55.9,52.65,54.98,54.53,0.45,0.8252,541579.62,2923851.63911
300140.SZ,节能环境,20260828,5.48,5.52,5.43,5.5,5.46,0.04,0.7326,95704.44,52468.66424
300141.SZ,和顺电气,20260828,10.0,10.07,9.9,10.02,9.95,0.07,0.7035,49824.0,49854.713
300142.SZ,沃森生物,20260828,15.1,15.15,14.26,14.28,15.58,-1.3,-8.344,2116398.12,3088983.94134
300143.SZ,盈康生命,20260828,7.81,7.86,7.7,7.72,7.86,-0.14,-1.7812,78793.1,61132.1597
300144.SZ,宋城演艺,20260828,5.88,5.94,5.85,5.93,5.89,0.04,0.6791,277818.0,164225.58204
300145.SZ,南方泵业,20260828,4.59,4.92,4.59,4.61,4.58,0.03,0.655,1484303.82,703185.53249
300146.SZ,汤臣倍健,20260828,9.79,9.85,9.77,9.84,9.83,0.01,0.1017,51111.51,50165.8617
300147.SZ,*ST香雪,20260828,6.68,6.71,6.58,6.59,6.68,-0.09,-1.3473,79577.36,52726.38468
300148.SZ,天舟文化,20260828,3.4,3.44,3.38,3.43,3.4,0.03,0.8824,172693.0,59062.785
300149.SZ,睿智医药,20260828,9.9,9.9,9.67,9.68,9.93,-0.25,-2.5176,222538.62,217059.48085
300150.SZ,世纪瑞尔,20260828,4.27,4.33,4.24,4.26,4.28,-0.02,-0.4673,96668.0,41381.451
300151.SZ,昌红科技,20260828,16.48,16.73,16.03,16.07,16.53,-0.46,-2.7828,99268.78,161925.70926
300152.SZ,*ST动力,20260828,1.82,1.82,1.73,1.74,1.75,-0.01,-0.5714,211472.0,37314.41
300153.SZ,科泰电源,20260828,22.15,22.54,21.87,21.88,22.27,-0.39,-1.7512,57691.0,127593.685
300154.SZ,瑞凌股份,20260828,12.08,12.52,11.76,12.15,12.12,0.03,0.2475,192121.0,232539.869
300155.SZ,安居宝,20260828,4.48,4.69,4.48,4.62,4.48,0.14,3.125,139823.65,64233.88695
300157.SZ,新锦动力,20260828,4.05,4.13,4.03,4.11,4.06,0.05,1.2315,273116.0,111527.301
300158.SZ,振东制药,20260828,5.26,5.32,5.19,5.28,5.25,0.03,0.5714,144129.9,75877.59546
300159.SZ,新研股份,20260828,3.01,3.08,2.98,3.06,3.03,0.03,0.9901,532302.59,161551.058
300160.SZ,秀强股份,20260828,4.4,4.44,4.38,4.43,4.4,0.03,0.6818,42957.28,18985.28608
300161.SZ,华中数控,20260828,26.57,27.05,26.39,26.44,26.78,-0.34,-1.2696,33236.0,88600.515
300162.SZ,雷曼光电,20260828,7.8,7.9,7.63,7.63,7.74,-0.11,-1.4212,162332.0,125765.024
300163.SZ,先锋新材,20260828,7.55,8.02,7.43,7.56,7.57,-0.01,-0.1321,768225.0,587977.69
300164.SZ,通源石油,20260828,9.94,10.25,9.94,10.19,9.83,0.36,3.6623,722139.0,732127.998
300165.SZ,天瑞仪器,20260828,5.27,5.55,5.23,5.46,5.26,0.2,3.8023,214184.0,116499.413
300166.SZ,东方国信,20260828,13.18,13.22,12.6,12.61,13.17,-0.56,-4.2521,573152.68,736449.6659
300167.SZ,ST迪威迅,20260828,4.02,4.25,4.0,4.15,4.03,0.12,2.9777,62013.0,25847.983
300168.SZ,万达信息,20260828,4.98,5.05,4.92,4.96,4.96,0.0,0.0,189954.0,94701.003
300169.SZ,天晟新材,20260828,5.58,5.61,5.51,5.52,5.58,-0.06,-1.0753,49892.0,27724.863
300170.SZ,汉得信息,20260828,16.17,18.0,15.71,16.64,15.3,1.34,8.7582,1404536.32,2360785.07631
300171.SZ,东富龙,20260828,14.9,15.74,14.76,15.17,14.99,0.18,1.2008,289783.57,444974.36124
300172.SZ,中电环保,20260828,4.63,4.69,4.62,4.67,4.65,0.02,0.4301,73575.5,34249.6099
300173.SZ,ST福能,20260828,3.28,3.29,3.24,3.29,3.31,-0.02,-0.6042,62431.0,20424.593
300174.SZ,元力股份,20260828,19.51,20.01,19.35,19.4,19.63,-0.23,-1.1717,130345.0,256095.388
300175.SZ,朗源股份,20260828,5.95,6.08,5.91,6.05,5.94,0.11,1.8519,71631.0,43042.319
300176.SZ,鸿特科技,20260828,4.68,4.74,4.57,4.74,4.73,0.01,0.2114,169888.79,79441.83649
300177.SZ,中海达,20260828,6.44,6.54,6.41,6.42,6.48,-0.06,-0.9259,92089.5,59500.0695
300179.SZ,四方达,20260828,37.64,38.0,36.21,36.28,37.47,-1.19,-3.1759,345415.87,1283076.1146
300180.SZ,华峰超纤,20260828,4.85,4.89,4.77,4.78,4.86,-0.08,-1.6461,563927.69,270890.3777
300181.SZ,佐力药业,20260828,13.88,13.9,13.67,13.83,14.21,-0.38,-2.6742,209801.78,289455.57226
300182.SZ,捷成股份,20260828,4.95,5.01,4.91,4.92,4.93,-0.01,-0.2028,769940.65,381122.74115
300183.SZ,东软载波,20260828,10.66,10.74,10.56,10.64,10.66,-0.02,-0.1876,34213.0,36450.11
300184.SZ,力源信息,20260828,12.36,12.62,12.26,12.26,12.35,-0.09,-0.7287,542983.11,674591.09289
300185.SZ,通裕重工,20260828,2.71,2.75,2.7,2.74,2.72,0.02,0.7353,549473.0,149690.812
300187.SZ,永清环保,20260828,4.71,4.8,4.68,4.76,4.68,0.08,1.7094,80665.0,38278.935
300188.SZ,国投智能,20260828,10.62,10.78,10.49,10.49,10.41,0.08,0.7685,142610.58,151707.02933
300189.SZ,神农种业,20260828,6.77,7.18,6.3,6.62,6.63,-0.01,-0.1508,3603501.4,2415861.38131
300190.SZ,维尔利,20260828,3.72,3.82,3.68,3.77,3.74,0.03,0.8021,178241.59,66963.52943
300191.SZ,潜能恒信,20260828,37.67,38.78,37.67,38.03,37.49,0.54,1.4404,120910.47,463681.59208
300192.SZ,科德教育,20260828,17.2,17.59,16.82,17.38,17.05,0.33,1.9355,256993.7,445037.7515
300193.SZ,佳士科技,20260828,7.92,8.04,7.92,8.01,7.96,0.05,0.6281,39204.0,31358.784
300194.SZ,福安药业,20260828,4.0,4.1,3.96,4.07,4.03,0.04,0.9926,263507.99,106522.45143
300195.SZ,长荣股份,20260828,5.96,6.06,5.9,5.96,5.94,0.02,0.3367,188725.0,112641.383
300196.SZ,长海股份,20260828,17.01,17.62,16.95,17.11,17.06,0.05,0.2931,115950.99,200541.69628
300197.SZ,节能铁汉,20260828,2.04,2.08,2.0,2.07,2.05,0.02,0.9756,946231.18,193469.42754
300198.SZ,*ST纳川,20260828,2.36,2.41,2.33,2.39,2.36,0.03,1.2712,71451.0,16935.14
300199.SZ,翰宇药业,20260828,23.33,24.02,23.09,23.45,23.34,0.11,0.4713,373886.94,880951.29522
300200.SZ,高盟新材,20260828,8.55,8.69,8.53,8.6,8.59,0.01,0.1164,65159.0,56163.249
300201.SZ,海伦哲,20260828,14.32,14.48,13.98,13.99,14.32,-0.33,-2.3045,249986.24,353790.86036
300203.SZ,聚光科技,20260828,13.4,13.4,13.08,13.1,13.36,-0.26,-1.9461,61645.0,81380.275
300204.SZ,舒泰神,20260828,21.7,21.84,21.43,21.45,21.88,-0.43,-1.9653,140792.93,304442.27938
300205.SZ,*ST天喻,20260828,4.91,5.0,4.79,4.98,4.93,0.05,1.0142,23221.0,11345.453
300206.SZ,理邦仪器,20260828,11.84,11.96,11.69,11.75,11.83,-0.08,-0.6762,65737.76,77604.967
300207.SZ,欣旺达,20260828,18.0,18.04,17.77,17.93,18.09,-0.16,-0.8845,296361.96,530906.46542
300209.SZ,行云科技,20260828,34.85,35.03,33.5,33.53,35.48,-1.95,-5.4961,651018.49,2224909.27548
300210.SZ,森远股份,20260828,8.24,8.59,8.2,8.42,8.25,0.17,2.0606,94123.0,79705.096
300211.SZ,*ST亿通,20260828,7.67,7.75,7.6,7.74,7.67,0.07,0.9126,14865.45,11449.1755
300212.SZ,*ST易录,20260828,7.66,7.85,7.66,7.73,7.67,0.06,0.7823,86568.17,67070.17539
300213.SZ,佳讯飞鸿,20260828,6.35,6.45,6.32,6.39,6.37,0.02,0.314,71912.0,45978.459
300214.SZ,日科化学,20260828,11.84,13.33,11.8,13.06,12.01,1.05,8.7427,701316.29,896770.85967
300215.SZ,电科院,20260828,6.46,6.88,6.39,6.69,6.43,0.26,4.0435,438924.6,293280.112
300217.SZ,东方电热,20260828,4.22,4.27,4.22,4.23,4.24,-0.01,-0.2358,146451.0,62020.729
300218.SZ,安利股份,20260828,12.68,12.94,12.68,12.85,12.73,0.12,0.9427,17773.0,22875.251
300219.SZ,鸿利智汇,20260828,7.03,7.14,7.0,7.04,7.05,-0.01,-0.1418,130660.24,92400.59372
300220.SZ,金运激光,20260828,11.07,11.33,10.97,11.25,11.07,0.18,1.626,22197.0,24910.212
300221.SZ,银禧科技,20260828,13.85,14.13,13.7,13.75,13.93,-0.18,-1.2922,156827.0,217767.817
300222.SZ,科大智能,20260828,10.17,10.34,10.13,10.15,10.17,-0.02,-0.1967,148249.0,151376.945
300223.SZ,君正股份,20260828,139.0,140.2,135.5,135.7,140.48,-4.78,-3.4026,214703.13,2956874.43628
300224.SZ,正海磁材,20260828,11.72,11.77,11.29,11.41,11.51,-0.1,-0.8688,195646.59,223304.93674
300225.SZ,金力泰,20260828,7.16,7.23,7.02,7.15,7.15,0.0,0.0,139883.8,99416.9006
300226.SZ,上海钢联,20260828,16.71,17.05,16.67,16.78,16.71,0.07,0.4189,100055.89,169049.71946
300227.SZ,光韵达,20260828,12.94,13.27,12.76,13.09,13.03,0.06,0.4605,366998.92,479363.35846
300228.SZ,富瑞特装,20260828,7.42,7.52,7.4,7.51,7.45,0.06,0.8054,117275.13,87520.05091
300229.SZ,拓尔思,20260828,13.66,13.86,13.25,13.29,13.31,-0.02,-0.1503,376640.15,510189.71539
300230.SZ,永利股份,20260828,4.37,4.4,4.34,4.39,4.38,0.01,0.2283,91650.99,40074.53365
300231.SZ,银信科技,20260828,8.3,8.54,8.3,8.38,8.29,0.09,1.0856,125751.63,106116.5307
300232.SZ,洲明科技,20260828,5.45,5.5,5.43,5.47,5.49,-0.02,-0.3643,111332.0,60921.831
300233.SZ,金城医药,20260828,13.49,13.49,13.28,13.32,13.5,-0.18,-1.3333,75695.93,101132.5189
300234.SZ,开尔新材,20260828,10.14,10.39,10.1,10.12,10.19,-0.07,-0.6869,116000.0,118927.183
300235.SZ,方直科技,20260828,10.94,11.1,10.82,10.89,10.91,-0.02,-0.1833,52886.0,57903.064
300236.SZ,上海新阳,20260828,90.09,91.24,87.75,87.78,90.61,-2.83,-3.1233,61884.98,552179.27523
300237.SZ,ST美晨,20260828,2.01,2.21,2.0,2.21,2.01,0.2,9.9502,507016.54,108575.20766
300238.SZ,冠昊生物,20260828,11.95,12.08,11.77,12.0,11.95,0.05,0.4184,41525.69,49592.4541
300239.SZ,东宝生物,20260828,5.17,5.21,5.12,5.17,5.17,0.0,0.0,59051.0,30545.498
300240.SZ,飞力达,20260828,6.1,6.16,6.07,6.14,6.12,0.02,0.3268,63059.0,38595.104
300241.SZ,瑞丰光电,20260828,5.83,5.88,5.78,5.8,5.85,-0.05,-0.8547,152117.0,88590.454
300242.SZ,佳云科技,20260828,4.06,4.08,4.02,4.05,4.05,0.0,0.0,119488.33,48416.02332
300243.SZ,瑞丰高材,20260828,17.2,17.98,17.08,17.16,17.11,0.05,0.2922,257057.21,447414.20639
300244.SZ,迪安诊断,20260828,18.86,19.46,18.63,18.66,18.82,-0.16,-0.8502,310586.97,588948.56605
300245.SZ,ST天玑,20260828,5.92,6.2,5.86,6.01,5.93,0.08,1.3491,99963.57,60550.61859
300246.SZ,宝莱特,20260828,15.3,15.53,14.82,14.95,15.23,-0.28,-1.8385,120857.99,182093.79555
300247.SZ,融捷健康,20260828,3.8,3.82,3.76,3.79,3.79,0.0,0.0,95968.0,36444.051
300248.SZ,新开普,20260828,8.85,8.95,8.76,8.77,8.81,-0.04,-0.454,84411.0,74741.611
300249.SZ,依米康,20260828,13.24,13.4,12.99,13.0,13.27,-0.27,-2.0347,175107.58,230503.46085
300250.SZ,初灵信息,20260828,15.28,15.61,15.19,15.21,15.3,-0.09,-0.5882,62425.0,96137.595
300251.SZ,光线传媒,20260828,10.94,11.0,10.91,10.92,10.93,-0.01,-0.0915,235610.98,257898.96706
300252.SZ,金信诺,20260828,12.11,12.19,11.74,11.76,11.98,-0.22,-1.8364,275234.0,327883.256
300253.SZ,卫宁健康,20260828,6.89,7.05,6.84,6.87,6.82,0.05,0.7331,569492.77,394996.64705
300254.SZ,仟源医药,20260828,9.18,9.21,8.97,9.01,9.2,-0.19,-2.0652,130561.0,117972.174
300255.SZ,常山药业,20260828,24.4,24.69,24.32,24.4,24.58,-0.18,-0.7323,168222.54,412113.62901
300256.SZ,星星科技,20260828,2.9,2.94,2.87,2.89,2.91,-0.02,-0.6873,303705.0,88183.549
300257.SZ,开山股份,20260828,18.75,19.19,18.4,18.74,18.57,0.17,0.9155,83104.36,157200.02892
300258.SZ,精锻科技,20260828,9.56,9.63,9.43,9.47,9.56,-0.09,-0.9414,59433.62,56509.34134
300259.SZ,新天科技,20260828,4.45,4.54,4.4,4.41,4.45,-0.04,-0.8989,256138.99,113959.49054
300260.SZ,新莱应材,20260828,60.64,61.36,59.07,59.28,60.89,-1.61,-2.6441,108601.1,652295.19491
300261.SZ,雅本化学,20260828,5.0,5.15,4.98,5.13,5.05,0.08,1.5842,147497.0,75391.37
300263.SZ,隆华科技,20260828,10.67,10.99,10.59,10.62,10.58,0.04,0.3781,539422.24,581380.1407
300264.SZ,佳创视讯,20260828,6.57,6.63,6.47,6.51,6.54,-0.03,-0.4587,78741.0,51778.045
300265.SZ,通光线缆,20260828,14.25,14.52,14.16,14.26,14.31,-0.05,-0.3494,176426.07,252853.22242
300266.SZ,兴源环境,20260828,1.9,1.92,1.87,1.91,1.9,0.01,0.5263,142224.0,27019.013
300267.SZ,尔康制药,20260828,3.39,3.42,3.36,3.37,3.42,-0.05,-1.462,392436.0,132871.69801
300268.SZ,佳沃食品,20260828,13.38,13.95,13.38,13.82,13.45,0.37,2.7509,49414.77,67897.03161
300269.SZ,联建光电,20260828,4.96,5.02,4.9,4.98,4.97,0.01,0.2012,137634.0,68194.658
300270.SZ,中威电子,20260828,11.41,11.63,11.31,11.38,11.49,-0.11,-0.9574,101415.0,116085.352
300271.SZ,华宇软件,20260828,5.59,5.89,5.57,5.69,5.55,0.14,2.5225,255498.04,146573.40784
300272.SZ,开能健康,20260828,5.97,5.99,5.9,5.95,5.93,0.02,0.3373,69998.73,41617.02862
300274.SZ,阳光电源,20260828,97.0,98.88,96.1,97.69,98.84,-1.15,-1.1635,616242.86,6025872.20995
300275.SZ,梅安森,20260828,8.95,9.14,8.95,9.08,9.05,0.03,0.3315,38694.8,35131.4008
300276.SZ,三丰智能,20260828,6.39,6.47,6.29,6.4,6.39,0.01,0.1565,198475.48,126836.53055
300277.SZ,汽轮科技,20260828,12.41,12.44,11.93,11.93,12.28,-0.35,-2.8502,207383.4,250886.23918
300278.SZ,华昌达,20260828,3.82,3.83,3.66,3.76,3.86,-0.1,-2.5907,258840.1,96961.3548
300279.SZ,和晶科技,20260828,5.71,5.79,5.67,5.75,5.71,0.04,0.7005,80380.0,46191.658
300281.SZ,金明精机,20260828,6.41,6.56,6.41,6.5,6.47,0.03,0.4637,39804.0,25865.324
300283.SZ,温州宏丰,20260828,13.35,13.95,13.26,13.38,13.42,-0.04,-0.2981,348815.22,474286.94157
300284.SZ,苏交科,20260828,5.23,5.3,5.2,5.27,5.23,0.04,0.7648,114459.82,60119.94648
300285.SZ,国瓷材料,20260828,71.19,71.87,68.09,68.9,70.01,-1.11,-1.5855,981606.66,6870084.82027
300286.SZ,安科瑞,20260828,19.75,19.9,19.63,19.74,19.78,-0.04,-0.2022,23504.0,46497.591
300287.SZ,飞利信,20260828,3.63,3.65,3.58,3.59,3.62,-0.03,-0.8287,244770.7,88436.27714
300288.SZ,朗玛信息,20260828,10.17,10.18,9.96,10.01,10.01,0.0,0.0,39069.0,39305.484
300289.SZ,利德曼,20260828,6.16,6.19,6.06,6.1,6.16,-0.06,-0.974,98101.0,60201.867
300290.SZ,ST荣科,20260828,6.05,6.28,6.05,6.06,6.09,-0.03,-0.4926,203918.0,125452.865
300291.SZ,百纳千成,20260828,5.1,5.12,5.02,5.08,5.07,0.01,0.1972,232683.2,118134.6924
300292.SZ,吴通控股,20260828,4.28,4.33,4.26,4.27,4.29,-0.02,-0.4662,376165.0,161347.596
300293.SZ,蓝英装备,20260828,15.88,16.1,15.44,15.44,16.19,-0.75,-4.6325,70520.87,110006.83537
300294.SZ,博雅生物,20260828,14.93,14.99,14.81,14.92,14.93,-0.01,-0.067,29745.0,44337.199
300295.SZ,*ST三六五,20260828,12.38,12.77,12.34,12.58,12.44,0.14,1.1254,32705.04,41087.93068
300296.SZ,利亚德,20260828,5.15,5.18,5.11,5.12,5.15,-0.03,-0.5825,309241.0,159001.041
300298.SZ,三诺生物,20260828,16.13,16.17,16.03,16.08,16.13,-0.05,-0.31,24045.57,38689.3197
300299.SZ,富春股份,20260828,5.39,5.42,5.34,5.39,5.38,0.01,0.1859,130195.0,70219.675
300300.SZ,海峡创新,20260828,7.97,8.01,7.6,7.81,7.8,0.01,0.1282,528419.21,413233.58137
300301.SZ,ST长方,20260828,3.28,3.51,3.27,3.36,3.28,0.08,2.439,133846.0,45659.536
300302.SZ,同有科技,20260828,32.58,32.6,30.41,30.55,32.36,-1.81,-5.5933,451102.27,1411931.72227
300303.SZ,聚飞光电,20260828,7.2,7.32,7.16,7.19,7.21,-0.02,-0.2774,290553.19,210131.98237
300304.SZ,云意电气,20260828,11.46,11.75,11.26,11.29,11.5,-0.21,-1.8261,132299.99,151514.60936
300305.SZ,裕兴股份,20260828,6.11,6.36,6.11,6.25,6.13,0.12,1.9576,105389.0,66174.833
300306.SZ,远方信息,20260828,10.41,10.62,10.37,10.55,10.4,0.15,1.4423,25937.0,27279.494
300307.SZ,慈星股份,20260828,7.51,7.63,7.47,7.48,7.53,-0.05,-0.664,138632.0,104368.514
300308.SZ,中际旭创,20260828,863.99,915.88,856.63,858.35,866.12,-7.77,-0.8971,317195.8,28048631.2806
300310.SZ,宜通世纪,20260828,4.44,4.46,4.31,4.38,4.5,-0.12,-2.6667,239208.31,104863.7139
300311.SZ,任子行,20260828,5.87,5.97,5.53,5.54,5.54,0.0,0.0,658798.92,376834.98576
300313.SZ,天山生物,20260828,16.19,16.39,15.28,15.35,16.64,-1.29,-7.7524,370968.56,587330.40413
300314.SZ,戴维医疗,20260828,12.17,12.35,11.84,11.86,12.29,-0.43,-3.4988,110462.45,132530.89705
300315.SZ,掌趣科技,20260828,3.96,4.01,3.94,3.98,3.96,0.02,0.5051,410476.3,163307.9348
300316.SZ,晶盛机电,20260828,45.07,45.64,43.63,43.65,45.18,-1.53,-3.3865,88926.0,395418.25979
300317.SZ,珈伟新能,20260828,4.19,4.22,4.15,4.17,4.23,-0.06,-1.4184,368456.0,154060.99
300318.SZ,博晖创新,20260828,5.07,5.17,5.03,5.14,5.12,0.02,0.3906,84302.0,43228.516
300319.SZ,麦捷科技,20260828,19.46,22.1,19.3,20.91,18.99,1.92,10.1106,2045509.58,4317472.60038
300320.SZ,海达股份,20260828,8.45,8.5,8.43,8.45,8.44,0.01,0.1185,38411.13,32526.05698
300321.SZ,同大股份,20260828,32.0,34.06,31.87,33.58,32.0,1.58,4.9375,43718.01,145476.61462
300322.SZ,硕贝德,20260828,18.0,18.25,17.6,17.61,17.99,-0.38,-2.1123,147200.08,263602.5339
300323.SZ,华灿光电,20260828,11.96,12.33,11.8,11.81,12.03,-0.22,-1.8288,581763.95,699980.30968
300324.SZ,旋极信息,20260828,3.51,3.57,3.48,3.53,3.49,0.04,1.1461,279196.59,98535.16484
300326.SZ,ST凯利,20260828,6.13,6.26,6.13,6.2,6.16,0.04,0.6494,57356.0,35637.263
300327.SZ,中颖电子,20260828,24.19,24.62,24.1,24.22,24.22,0.0,0.0,107476.07,261662.56284
300328.SZ,宜安科技,20260828,16.96,18.1,16.8,17.79,17.21,0.58,3.3701,621758.7,1095320.36846
300329.SZ,海伦钢琴,20260828,12.18,12.34,12.07,12.09,12.2,-0.11,-0.9016,23343.0,28422.944
300331.SZ,苏大维格,20260828,49.36,49.64,47.4,47.66,49.81,-2.15,-4.3164,110801.81,535814.0114
300332.SZ,天壕能源,20260828,5.0,5.04,4.97,5.01,5.02,-0.01,-0.1992,172096.53,86225.26223
300333.SZ,兆日科技,20260828,13.4,13.68,12.85,12.94,13.78,-0.84,-6.0958,676923.28,887133.48758
300334.SZ,津膜科技,20260828,8.09,8.22,7.96,8.15,8.05,0.1,1.2422,77359.0,63145.324
300335.SZ,迪森股份,20260828,5.55,5.63,5.51,5.6,5.56,0.04,0.7194,117701.35,65746.07065
300337.SZ,银邦股份,20260828,10.02,10.07,9.82,9.83,9.97,-0.14,-1.4042,193521.07,191590.71033
300338.SZ,*ST开元,20260828,3.25,3.28,3.16,3.19,3.19,0.0,0.0,79061.0,25338.13
300339.SZ,润和软件,20260828,36.25,37.17,35.8,35.83,35.81,0.02,0.0559,260816.91,951687.19254
300340.SZ,科恒股份,20260828,8.95,9.05,8.87,9.01,8.96,0.05,0.558,54805.0,49370.731
300341.SZ,麦克奥迪,20260828,13.25,13.35,13.19,13.28,13.28,0.0,0.0,37256.25,49406.82075
300342.SZ,天银机电,20260828,32.34,33.08,32.18,32.32,32.58,-0.26,-0.798,95719.36,311359.33986
300343.SZ,联创股份,20260828,5.83,5.94,5.76,5.85,5.83,0.02,0.3431,258145.49,150883.76061
300345.SZ,华民股份,20260828,8.22,8.6,8.11,8.17,8.22,-0.05,-0.6083,714282.0,597131.8747
300346.SZ,南大光电,20260828,56.0,58.0,55.62,55.66,56.61,-0.95,-1.6781,312319.98,1769739.80359
300347.SZ,泰格医药,20260828,50.4,51.36,49.75,49.85,50.78,-0.93,-1.8314,110613.78,556543.2183
300348.SZ,长亮科技,20260828,10.25,10.3,10.04,10.06,10.19,-0.13,-1.2758,229069.45,232012.69626
300349.SZ,金卡智能,20260828,10.25,10.35,10.22,10.28,10.26,0.02,0.1949,44918.0,46257.10283
300350.SZ,华鹏飞,20260828,4.42,4.47,4.38,4.44,4.43,0.01,0.2257,105941.2,46926.1296
300351.SZ,永贵电器,20260828,14.26,14.51,14.08,14.09,14.26,-0.17,-1.1921,61263.99,87425.23753
300352.SZ,ST信源,20260828,2.52,2.67,2.52,2.62,2.47,0.15,6.0729,497339.97,129791.29614
300353.SZ,东土科技,20260828,18.79,19.09,18.6,18.6,18.83,-0.23,-1.2215,109105.83,204959.64689
300354.SZ,东华测试,20260828,27.11,27.9,26.99,27.64,27.0,0.64,2.3704,24771.12,68189.10366
300355.SZ,蒙草生态,20260828,2.85,2.9,2.85,2.89,2.87,0.02,0.6969,251871.0,72551.829
300357.SZ,我武生物,20260828,23.14,23.22,22.8,22.91,23.36,-0.45,-1.9264,103153.5,236673.698
300358.SZ,楚天科技,20260828,9.18,9.27,9.05,9.05,9.18,-0.13,-1.4161,296423.22,270962.14267
300359.SZ,全通教育,20260828,4.22,4.36,4.19,4.35,4.2,0.15,3.5714,184318.55,79264.0257
300360.SZ,炬华科技,20260828,11.52,11.59,11.44,11.58,11.52,0.06,0.5208,33146.76,38258.66208
300363.SZ,博腾股份,20260828,20.28,20.35,19.68,19.75,20.2,-0.45,-2.2277,213026.32,424081.42909
300364.SZ,中文在线,20260828,23.0,23.45,22.48,22.73,22.58,0.15,0.6643,525417.14,1202568.29362
300365.SZ,恒华科技,20260828,4.73,4.79,4.7,4.75,4.71,0.04,0.8493,79921.5,38016.0545
300366.SZ,ST创意,20260828,5.15,5.31,5.13,5.26,5.15,0.11,2.1359,71598.0,37595.172
300368.SZ,汇金股份,20260828,9.48,9.9,9.3,9.38,9.62,-0.24,-2.4948,959507.17,910031.46482
300369.SZ,绿盟科技,20260828,7.36,7.59,7.15,7.23,6.97,0.26,3.7303,777838.92,573864.50003
300370.SZ,安控科技,20260828,2.28,2.3,2.24,2.26,2.3,-0.04,-1.7391,239158.3,54181.8878
300371.SZ,汇中股份,20260828,10.3,10.58,10.21,10.45,10.69,-0.24,-2.2451,44327.86,46130.29176
300373.SZ,扬杰科技,20260828,95.98,97.79,94.39,94.43,96.93,-2.5,-2.5792,113596.52,1090999.80394
300374.SZ,中铁装配,20260828,10.74,11.08,10.73,11.01,10.78,0.23,2.1336,32088.0,35049.023
300375.SZ,鹏翎股份,20260828,4.13,4.28,4.13,4.22,4.13,0.09,2.1792,213639.54,89895.81877
300376.SZ,易事特,20260828,4.6,4.66,4.6,4.62,4.61,0.01,0.2169,107152.99,49640.57838
300377.SZ,赢时胜,20260828,15.2,15.71,15.03,15.16,15.6,-0.44,-2.8205,631802.09,967620.89095
300378.SZ,鼎捷数智,20260828,35.56,37.45,35.56,37.45,31.21,6.24,19.9936,139684.03,518327.56375
300380.SZ,安硕信息,20260828,30.0,30.49,29.74,29.98,30.13,-0.15,-0.4978,32930.0,99038.98
300381.SZ,溢多利,20260828,6.13,6.17,6.08,6.15,6.15,0.0,0.0,83455.0,51136.594
300382.SZ,斯莱克,20260828,17.88,18.19,17.56,17.58,18.01,-0.43,-2.3876,208546.02,371481.46304
300383.SZ,光环新网,20260828,12.35,12.49,12.21,12.24,12.4,-0.16,-1.2903,415442.65,512335.50092
300384.SZ,三联虹普,20260828,12.2,12.35,12.13,12.18,12.13,0.05,0.4122,24227.92,29677.626
300385.SZ,ST雪浪,20260828,12.33,12.89,12.33,12.76,12.48,0.28,2.2436,55893.0,70840.138
300386.SZ,飞天诚信,20260828,13.0,13.08,12.18,12.2,12.44,-0.24,-1.9293,189738.71,236343.56658
300387.SZ,富邦科技,20260828,7.65,7.99,7.63,7.94,7.73,0.21,2.7167,132205.99,103187.00904
300388.SZ,节能国祯,20260828,6.95,7.06,6.93,7.06,6.96,0.1,1.4368,62188.35,43631.13525
300389.SZ,艾比森,20260828,12.9,13.04,12.75,12.77,12.9,-0.13,-1.0078,45812.6,58821.9868
300390.SZ,天华新能,20260828,63.98,64.98,62.36,64.12,63.2,0.92,1.4557,383015.18,2442216.36128
300393.SZ,中来股份,20260828,6.26,6.33,6.19,6.3,6.23,0.07,1.1236,158469.89,99701.70336
300394.SZ,天孚通信,20260828,266.2,274.99,261.92,263.58,267.16,-3.58,-1.34,338959.6,9104490.08929
300395.SZ,菲利华,20260828,88.7,92.98,88.5,89.79,89.51,0.28,0.3128,243487.61,2213900.80887
300396.SZ,ST迪瑞,20260828,7.2,7.28,7.2,7.22,7.25,-0.03,-0.4138,18693.0,13531.567
300397.SZ,天和防务,20260828,11.0,11.16,10.96,11.02,11.01,0.01,0.0908,131462.96,145627.29924
300398.SZ,飞凯材料,20260828,36.3,36.97,35.36,35.52,36.51,-0.99,-2.7116,401304.9,1450527.08844
300399.SZ,天利科技,20260828,19.3,19.54,19.02,19.07,19.55,-0.48,-2.4552,74681.0,143375.458
300400.SZ,劲拓股份,20260828,31.99,32.41,31.13,31.2,31.61,-0.41,-1.2971,131750.14,417464.4605
300401.SZ,花园生物,20260828,15.28,15.28,14.58,14.8,15.2,-0.4,-2.6316,208781.9,309538.54217
300402.SZ,宝色股份,20260828,15.08,15.23,15.0,15.15,15.08,0.07,0.4642,24664.0,37280.238
300403.SZ,汉宇集团,20260828,9.29,9.48,9.2,9.42,9.29,0.13,1.3994,76295.16,71650.7828
300404.SZ,博济医药,20260828,13.6,14.3,13.23,13.24,13.93,-0.69,-4.9533,621656.19,849669.81594
300405.SZ,科隆股份,20260828,5.77,5.9,5.77,5.83,5.77,0.06,1.0399,88383.0,51639.029
300406.SZ,九强生物,20260828,11.73,11.78,11.65,11.73,11.77,-0.04,-0.3398,38017.0,44524.625
300407.SZ,凯发电气,20260828,11.91,12.1,11.76,11.95,11.88,0.07,0.5892,68770.01,82293.30707
300408.SZ,三环集团,20260828,113.96,118.11,112.07,112.24,112.48,-0.24,-0.2134,615974.74,7096186.93263
300409.SZ,道氏技术,20260828,18.47,18.61,18.32,18.33,18.52,-0.19,-1.0259,118151.76,218010.15996
300410.SZ,正业科技,20260828,8.08,8.19,8.01,8.05,8.02,0.03,0.3741,139040.7,112448.8011
300411.SZ,金盾股份,20260828,7.99,8.15,7.95,7.98,8.03,-0.05,-0.6227,67386.0,54013.349
300412.SZ,迦南科技,20260828,4.66,4.7,4.64,4.67,4.66,0.01,0.2146,80446.1,37527.4466
300413.SZ,芒果超媒,20260828,14.19,14.27,14.12,14.15,14.18,-0.03,-0.2116,96303.7,136502.50352
300414.SZ,中光防雷,20260828,10.76,10.92,10.74,10.75,10.84,-0.09,-0.8303,39604.87,42847.93287
300415.SZ,伊之密,20260828,19.72,19.88,19.68,19.7,19.8,-0.1,-0.5051,35813.0,70773.791
300416.SZ,苏试试验,20260828,14.59,14.69,14.44,14.45,14.61,-0.16,-1.0951,101996.0,148374.204
300417.SZ,南华仪器,20260828,11.31,11.54,11.25,11.42,11.33,0.09,0.7944,20009.0,22872.462
300418.SZ,昆仑万维,20260828,41.4,42.27,40.31,40.4,40.89,-0.49,-1.1983,715695.06,2945713.03799
300419.SZ,ST浩丰,20260828,8.97,9.23,8.88,8.98,8.98,0.0,0.0,77271.0,69578.909
300420.SZ,五洋自控,20260828,8.55,8.77,8.09,8.13,8.76,-0.63,-7.1918,1163361.97,974212.7784
300421.SZ,力星股份,20260828,16.73,16.87,16.47,16.48,16.7,-0.22,-1.3174,35557.0,59226.678
300422.SZ,博世科,20260828,4.16,4.23,4.13,4.2,4.16,0.04,0.9615,90522.0,37932.987
300423.SZ,昇辉科技,20260828,5.86,5.88,5.63,5.8,5.92,-0.12,-2.027,95067.0,55184.262
300424.SZ,航新科技,20260828,13.46,13.65,12.99,13.18,14.01,-0.83,-5.9243,188894.81,250788.57852
300425.SZ,中建环能,20260828,4.06,4.15,4.06,4.12,4.08,0.04,0.9804,104288.8,42802.85744
300426.SZ,华智数媒,20260828,6.29,6.35,6.26,6.28,6.28,0.0,0.0,106988.0,67380.141
300427.SZ,红相股份,20260828,6.78,6.78,6.47,6.52,6.73,-0.21,-3.1204,252915.19,165995.69293
300428.SZ,立中集团,20260828,19.3,19.7,19.14,19.63,19.13,0.5,2.6137,104790.12,204899.00302
300429.SZ,强力新材,20260828,11.3,12.03,11.21,11.67,11.36,0.31,2.7289,279875.58,327820.98782
300430.SZ,*ST益通,20260828,4.4,4.48,4.36,4.46,4.41,0.05,1.1338,55917.2,24759.5344
300432.SZ,富临精工,20260828,15.58,15.6,15.08,15.24,15.63,-0.39,-2.4952,479573.88,732451.85407
300433.SZ,蓝思科技,20260828,39.06,40.09,38.19,38.23,39.05,-0.82,-2.0999,1219965.52,4788590.11941
300434.SZ,金石亚药,20260828,11.67,11.69,11.39,11.48,11.77,-0.29,-2.4639,147820.0,169717.695
300435.SZ,中泰股份,20260828,17.11,17.3,16.91,17.09,17.09,0.0,0.0,60196.0,103002.967
300436.SZ,广生堂,20260828,95.22,95.66,92.1,92.28,95.3,-3.02,-3.1689,40550.62,380186.08527
300437.SZ,清水源,20260828,11.54,11.67,11.31,11.57,11.52,0.05,0.434,99551.83,114495.81602
300438.SZ,鹏辉能源,20260828,62.46,62.5,59.73,60.86,62.33,-1.47,-2.3584,236275.17,1438686.67105
300439.SZ,美康生物,20260828,9.4,9.47,9.33,9.37,9.4,-0.03,-0.3191,26562.0,24982.189
300440.SZ,运达科技,20260828,19.05,19.99,18.9,19.61,19.19,0.42,2.1886,177313.0,346142.492
300441.SZ,鲍斯股份,20260828,6.88,7.06,6.86,7.0,6.79,0.21,3.0928,101951.68,71069.35608
300442.SZ,润泽科技,20260828,63.9,65.35,63.11,63.12,63.69,-0.57,-0.895,235956.39,1518460.56664
300443.SZ,金雷股份,20260828,18.75,18.82,18.62,18.68,18.83,-0.15,-0.7966,30573.0,57212.548
300444.SZ,双杰电气,20260828,9.59,9.6,9.25,9.26,9.68,-0.42,-4.3388,421203.35,394001.71285
300445.SZ,康斯特,20260828,18.9,18.94,18.71,18.78,18.76,0.02,0.1066,21799.0,41030.387
300446.SZ,航天智造,20260828,13.15,13.26,13.07,13.08,13.2,-0.12,-0.9091,54653.0,71854.315
300447.SZ,全信股份,20260828,13.9,14.17,13.79,13.99,13.93,0.06,0.4307,47010.88,66049.7965
300448.SZ,浩云科技,20260828,5.69,5.79,5.59,5.63,5.69,-0.06,-1.0545,112086.0,63733.719
300449.SZ,汉邦高科,20260828,7.29,7.3,7.18,7.21,7.26,-0.05,-0.6887,55699.0,40244.408
300450.SZ,先导智能,20260828,33.62,34.12,33.41,33.44,33.77,-0.33,-0.9772,216788.34,730152.21972
300451.SZ,创业慧康,20260828,3.5,3.59,3.5,3.52,3.5,0.02,0.5714,237336.01,84055.70191
300452.SZ,山河药辅,20260828,12.94,13.09,12.83,12.93,12.94,-0.01,-0.0773,47001.5,60840.3845
300453.SZ,三鑫医疗,20260828,9.66,9.89,9.6,9.65,9.71,-0.06,-0.6179,92503.22,89978.3977
300454.SZ,深信服,20260828,128.27,135.5,124.38,124.89,120.0,4.89,4.075,318613.64,4118755.2026
300455.SZ,航天智装,20260828,17.6,17.8,17.46,17.59,17.66,-0.07,-0.3964,42159.0,74284.71034
300456.SZ,赛微电子,20260828,39.79,41.8,39.37,40.4,37.06,3.34,9.0124,1252811.37,5062150.80104
300457.SZ,赢合科技,20260828,21.35,21.52,21.25,21.35,21.44,-0.09,-0.4198,90951.14,194764.9786
300458.SZ,全志科技,20260828,31.3,31.92,30.99,31.0,31.53,-0.53,-1.6809,338734.49,1064209.99789
300459.SZ,汤姆猫,20260828,3.58,3.6,3.54,3.59,3.58,0.01,0.2793,743776.77,265874.28431
300460.SZ,ST惠伦,20260828,8.58,8.66,8.53,8.56,8.61,-0.05,-0.5807,22772.0,19534.041
300461.SZ,田中精机,20260828,33.0,33.9,32.5,32.63,32.82,-0.19,-0.5789,39428.0,130225.69292
300462.SZ,ST华铭,20260828,11.48,11.68,11.48,11.51,11.48,0.03,0.2613,3980.0,4597.949
300463.SZ,迈克生物,20260828,9.33,9.37,9.23,9.33,9.33,0.0,0.0,39334.5,36645.7268
300464.SZ,星徽股份,20260828,8.0,8.07,7.82,7.83,8.01,-0.18,-2.2472,95731.0,75708.19
300465.SZ,高伟达,20260828,12.97,13.06,12.3,12.3,12.93,-0.63,-4.8724,261197.65,328343.56108
300466.SZ,赛摩智能,20260828,7.5,7.5,7.44,7.45,7.47,-0.02,-0.2677,47658.6,35619.9788
300467.SZ,迅游科技,20260828,33.35,35.39,33.21,34.84,33.55,1.29,3.845,50222.34,172304.53668
300468.SZ,四方精创,20260828,23.86,24.2,23.56,23.57,23.73,-0.16,-0.6743,420831.22,1003479.0794
300469.SZ,信息发展,20260828,56.84,57.5,53.0,54.45,60.71,-6.26,-10.3113,130902.0,720658.785
300470.SZ,中密控股,20260828,27.54,28.27,27.54,27.97,27.71,0.26,0.9383,22553.99,63064.18503
300471.SZ,厚普股份,20260828,9.87,9.96,9.74,9.76,9.82,-0.06,-0.611,48165.56,47302.79594
300472.SZ,*ST新元,20260828,6.97,7.25,6.81,7.03,6.87,0.16,2.329,40566.0,28534.065
300473.SZ,德尔股份,20260828,26.58,29.23,26.5,27.7,26.9,0.8,2.974,126240.4,352217.13895
300474.SZ,景嘉微,20260828,51.45,51.65,50.86,50.94,51.02,-0.08,-0.1568,50894.99,260726.50482
300475.SZ,香农芯创,20260828,166.2,178.52,166.04,172.1,165.33,6.77,4.0948,428240.15,7438527.42855
300476.SZ,胜宏科技,20260828,255.68,258.47,241.49,241.6,263.05,-21.45,-8.1543,572832.69,14311950.8386
300477.SZ,ST合纵,20260828,2.51,2.62,2.5,2.58,2.52,0.06,2.381,218743.0,56261.628
300478.SZ,杭州高新,20260828,29.53,30.13,29.39,29.43,29.75,-0.32,-1.0756,18809.5,55872.0485
300479.SZ,神思电子,20260828,14.96,15.19,14.9,15.02,14.9,0.12,0.8054,44312.01,66747.22754
300480.SZ,光力科技,20260828,31.93,32.42,30.98,30.99,32.12,-1.13,-3.5181,130373.0,413202.108
300481.SZ,濮阳惠成,20260828,14.28,14.59,14.26,14.31,14.34,-0.03,-0.2092,76390.15,110005.20094
300482.SZ,万孚生物,20260828,16.47,16.67,16.38,16.47,16.43,0.04,0.2435,42400.09,69827.09746
300483.SZ,首华燃气,20260828,25.64,25.83,25.05,25.43,25.58,-0.15,-0.5864,91431.68,232088.73116
300484.SZ,蓝海华腾,20260828,12.73,12.98,12.68,12.75,12.73,0.02,0.1571,24311.0,31204.966
300485.SZ,赛升药业,20260828,9.35,9.36,9.03,9.05,9.31,-0.26,-2.7927,71469.0,65292.187
300486.SZ,东杰智能,20260828,19.05,19.1,18.44,18.62,19.3,-0.68,-3.5233,156162.25,292913.49325
300487.SZ,蓝晓科技,20260828,63.16,64.5,63.03,63.19,63.5,-0.31,-0.4882,37824.44,240584.13713
300488.SZ,恒锋工具,20260828,31.58,32.29,31.12,31.25,31.7,-0.45,-1.4196,44947.13,141996.01999
300489.SZ,光智科技,20260828,242.11,246.0,229.69,234.09,242.04,-7.95,-3.2846,123534.0,2919451.878
300490.SZ,华自科技,20260828,11.4,11.59,11.36,11.49,11.49,0.0,0.0,132995.15,152961.18138
300491.SZ,通合科技,20260828,31.6,34.9,30.62,31.7,32.23,-0.53,-1.6444,204268.0,667659.307
300492.SZ,华图山鼎,20260828,22.42,24.41,22.23,24.13,22.46,1.67,7.4354,91932.93,218346.00402
300493.SZ,润欣科技,20260828,12.85,13.05,12.75,12.8,12.9,-0.1,-0.7752,125674.09,162103.70528
300494.SZ,盛天网络,20260828,7.84,8.02,7.83,7.91,7.88,0.03,0.3807,95168.0,75450.789
300496.SZ,中科创达,20260828,57.0,58.0,56.42,56.52,56.78,-0.26,-0.4579,111309.98,638121.04369
300497.SZ,富祥股份,20260828,17.05,17.3,16.95,17.16,17.09,0.07,0.4096,179353.53,307905.61177
300498.SZ,温氏股份,20260828,14.15,14.34,13.92,14.29,14.18,0.11,0.7757,521262.13,737432.76372
300499.SZ,高澜股份,20260828,31.49,32.48,30.86,30.92,31.5,-0.58,-1.8413,328368.87,1041722.77075
300500.SZ,启迪设计,20260828,9.38,9.55,9.38,9.49,9.38,0.11,1.1727,31926.0,30319.698
300501.SZ,海顺新材,20260828,10.0,10.25,9.96,10.03,10.07,-0.04,-0.3972,31131.02,31461.78902
300502.SZ,新易盛,20260828,405.24,427.1,398.99,399.0,409.1,-10.1,-2.4688,425601.89,17548222.4959
300503.SZ,昊志机电,20260828,69.53,70.1,67.03,67.06,68.94,-1.88,-2.727,114845.48,784865.14604
300504.SZ,天邑股份,20260828,16.36,18.24,16.33,17.75,16.42,1.33,8.0999,215799.17,380624.12939
300505.SZ,川金诺,20260828,20.63,21.86,20.26,21.5,20.64,0.86,4.1667,356741.45,753573.97034
300506.SZ,名家汇,20260828,5.11,5.17,5.1,5.14,5.15,-0.01,-0.1942,155855.0,80033.857
300507.SZ,苏奥传感,20260828,6.57,6.67,6.53,6.58,6.56,0.02,0.3049,66064.0,43689.943
300508.SZ,维宏股份,20260828,40.81,41.24,39.36,39.4,40.4,-1.0,-2.4752,29583.0,118803.113
300509.SZ,新美星,20260828,8.78,8.95,8.71,8.91,8.82,0.09,1.0204,48318.81,42873.66509
300510.SZ,金冠股份,20260828,3.45,3.55,3.36,3.5,3.47,0.03,0.8646,242456.33,84376.12488
300511.SZ,雪榕生物,20260828,5.55,5.77,5.47,5.72,5.6,0.12,2.1429,552896.63,311038.69716
300512.SZ,中亚股份,20260828,7.18,7.36,7.18,7.33,7.18,0.15,2.0891,44182.06,32232.87148
300513.SZ,恒实科技,20260828,7.43,7.48,7.38,7.44,7.38,0.06,0.813,38959.0,29000.803
300514.SZ,友讯达,20260828,10.15,10.27,10.08,10.23,10.17,0.06,0.59,23219.0,23672.979
300515.SZ,三德科技,20260828,16.05,16.28,16.0,16.12,16.04,0.08,0.4988,36387.0,58751.346
300516.SZ,久之洋,20260828,32.88,36.7,32.61,32.9,31.88,1.02,3.1995,103419.3,352829.30196
300517.SZ,海波重科,20260828,10.35,10.74,10.31,10.37,10.35,0.02,0.1932,33886.6,35594.4954
300518.SZ,新迅达,20260828,23.58,24.51,23.4,23.83,23.58,0.25,1.0602,105980.72,254292.72176
300519.SZ,新光药业,20260828,14.91,15.32,14.69,14.75,14.93,-0.18,-1.2056,62266.0,92575.168
300520.SZ,科大国创,20260828,24.2,24.39,23.63,23.63,23.82,-0.19,-0.7976,70851.3,169971.71914
300521.SZ,爱司凯,20260828,24.04,24.5,23.86,24.21,24.04,0.17,0.7072,24286.69,58698.56163
300522.SZ,世名科技,20260828,13.87,14.37,13.85,13.93,14.06,-0.13,-0.9246,154045.0,216883.027
300523.SZ,辰安科技,20260828,20.3,20.3,19.85,19.85,20.12,-0.27,-1.3419,17991.4,35914.0238
300525.SZ,博思软件,20260828,8.25,8.38,8.15,8.16,8.21,-0.05,-0.609,150264.4,124220.6704
300527.SZ,ST应急,20260828,8.2,8.3,8.15,8.29,8.19,0.1,1.221,76153.33,62738.69696
300528.SZ,幸福蓝海,20260828,12.94,13.07,12.82,12.82,12.87,-0.05,-0.3885,72056.19,92924.1865
300529.SZ,健帆生物,20260828,15.91,15.94,15.8,15.9,15.9,0.0,0.0,44018.7,69890.6829
300530.SZ,领湃科技,20260828,18.7,18.74,18.37,18.47,18.7,-0.23,-1.2299,47531.0,87981.792
300531.SZ,优博讯,20260828,16.85,17.25,16.8,16.8,16.92,-0.12,-0.7092,125435.11,213011.84973
300532.SZ,今天国际,20260828,6.94,7.16,6.93,7.11,6.92,0.19,2.7457,114366.21,80692.61965
300533.SZ,冰川网络,20260828,14.26,14.45,14.22,14.28,14.27,0.01,0.0701,42494.8,60839.7441
300534.SZ,陇神戎发,20260828,16.72,16.73,14.88,15.05,17.3,-2.25,-13.0058,852896.5,1352964.2715
300535.SZ,达威股份,20260828,17.27,17.27,16.95,17.06,17.14,-0.08,-0.4667,17557.0,29973.18
300536.SZ,农尚环境,20260828,9.19,9.35,9.05,9.06,9.17,-0.11,-1.1996,60102.0,55049.759
300537.SZ,广信材料,20260828,20.33,20.82,20.15,20.2,20.33,-0.13,-0.6394,69518.0,142065.823
300538.SZ,同益股份,20260828,15.59,16.78,15.59,16.18,15.69,0.49,3.123,72590.0,118799.419
300539.SZ,横河精密,20260828,18.23,18.77,18.23,18.23,18.29,-0.06,-0.328,43401.0,80289.793
300540.SZ,蜀道装备,20260828,28.46,29.18,28.25,28.29,28.54,-0.25,-0.876,114574.2,328094.6446
300541.SZ,先进数通,20260828,10.18,10.19,9.99,10.01,10.13,-0.12,-1.1846,71367.8,71880.4596
300542.SZ,新晨科技,20260828,12.96,13.28,12.66,12.69,12.96,-0.27,-2.0833,170827.6,220596.9858
300543.SZ,朗科智能,20260828,7.77,7.92,7.72,7.87,7.76,0.11,1.4175,50150.0,39437.674
300545.SZ,联得装备,20260828,30.7,32.09,30.53,30.85,30.79,0.06,0.1949,126173.42,394235.92386
300546.SZ,雄帝科技,20260828,18.28,18.5,17.6,17.69,18.27,-0.58,-3.1746,126135.0,226190.7684
300547.SZ,川环科技,20260828,27.3,27.3,26.11,26.13,27.28,-1.15,-4.2155,90894.0,242476.685
300548.SZ,长芯博创,20260828,218.16,221.65,212.0,212.9,216.01,-3.11,-1.4397,154348.29,3340916.4214
300549.SZ,优德精密,20260828,14.39,14.65,14.26,14.51,14.33,0.18,1.2561,23791.0,34584.8
300550.SZ,和仁科技,20260828,11.67,11.84,11.57,11.78,11.57,0.21,1.815,29866.19,35037.42024
300551.SZ,古鳌科技,20260828,10.5,11.4,10.5,11.16,10.65,0.51,4.7887,297420.1,329961.4018
300552.SZ,万集科技,20260828,21.15,21.4,20.93,21.24,21.15,0.09,0.4255,49443.38,104956.70794
300553.SZ,集智股份,20260828,45.0,45.02,42.6,42.62,44.62,-2.0,-4.4823,51901.95,226189.77885
300554.SZ,三超新材,20260828,21.16,21.65,21.07,21.26,21.26,0.0,0.0,27598.92,59057.04271
300555.SZ,ST路通,20260828,12.82,12.97,12.68,12.68,12.85,-0.17,-1.323,4947.0,6355.012
300556.SZ,丝路视觉,20260828,16.25,16.46,16.24,16.32,16.19,0.13,0.803,34245.0,55994.421
300557.SZ,理工光科,20260828,26.5,27.58,26.24,26.8,26.54,0.26,0.9797,32115.94,86905.33932
300558.SZ,贝达药业,20260828,52.69,52.82,50.36,50.55,51.47,-0.92,-1.7874,143001.32,733901.87045
300559.SZ,佳发教育,20260828,10.79,10.99,10.7,10.93,10.73,0.2,1.8639,53395.0,58155.445
300560.SZ,中富通,20260828,18.6,18.98,18.4,18.62,18.5,0.12,0.6486,119070.0,222476.133
300561.SZ,汇金科技,20260828,17.01,17.18,16.6,16.71,17.25,-0.54,-3.1304,281246.21,473351.51222
300562.SZ,乐心医疗,20260828,16.82,18.88,16.61,18.27,16.82,1.45,8.6207,370777.88,666677.99356
300563.SZ,神宇股份,20260828,25.0,25.23,24.55,24.62,25.06,-0.44,-1.7558,35881.12,89048.4765
300564.SZ,筑博设计,20260828,12.55,12.59,12.04,12.46,12.61,-0.15,-1.1895,42335.01,52458.57902
300565.SZ,科信技术,20260828,10.01,10.13,9.98,10.02,10.05,-0.03,-0.2985,59278.0,59708.698
300566.SZ,激智科技,20260828,28.31,29.45,27.72,27.89,28.59,-0.7,-2.4484,218381.13,622049.0706
300567.SZ,精测电子,20260828,221.81,227.55,215.2,215.6,221.8,-6.2,-2.7953,53156.18,1169415.85158
300568.SZ,星源材质,20260828,15.8,15.84,15.19,15.2,15.53,-0.33,-2.1249,605366.02,932818.1073
300569.SZ,天能重工,20260828,4.7,4.76,4.67,4.73,4.71,0.02,0.4246,89722.06,42349.86408
300570.SZ,太辰光,20260828,207.8,210.5,203.85,204.3,209.38,-5.08,-2.4262,172961.54,3585232.89764
300571.SZ,平治信息,20260828,29.08,30.03,28.73,28.73,29.55,-0.82,-2.775,91219.0,267521.072
300572.SZ,安车检测,20260828,21.49,22.29,21.1,21.94,21.46,0.48,2.2367,68740.22,150806.141
300573.SZ,兴齐眼药,20260828,40.1,40.1,38.58,39.15,41.29,-2.14,-5.1829,111345.73,437177.27922
300575.SZ,中旗股份,20260828,6.25,6.4,6.2,6.33,6.21,0.12,1.9324,147503.25,92760.908
300576.SZ,容大感光,20260828,30.39,31.0,29.76,29.86,30.55,-0.69,-2.2586,114574.37,347347.40657
300577.SZ,开润股份,20260828,19.13,19.41,18.8,19.16,19.13,0.03,0.1568,35391.0,67837.009
300578.SZ,会畅科技,20260828,15.28,15.5,15.05,15.05,15.2,-0.15,-0.9868,30324.0,46266.79
300579.SZ,数字认证,20260828,23.33,23.97,23.07,23.12,23.12,0.0,0.0,76366.55,178851.60119
300580.SZ,贝斯特,20260828,20.12,20.29,19.65,19.67,20.17,-0.5,-2.4789,69292.0,137677.171
300581.SZ,晨曦航空,20260828,10.17,10.32,10.1,10.25,10.15,0.1,0.9852,113510.03,116431.83781
300582.SZ,英飞特,20260828,11.16,12.25,11.11,12.01,11.16,0.85,7.6165,184663.9,218330.82462
300583.SZ,赛托生物,20260828,13.01,13.07,12.87,12.97,13.01,-0.04,-0.3075,21391.0,27667.928
300584.SZ,海辰药业,20260828,32.12,32.44,31.76,31.87,32.52,-0.65,-1.9988,24522.48,78583.24172
300585.SZ,奥联电子,20260828,16.96,17.31,16.74,17.12,17.08,0.04,0.2342,68565.14,116799.40322
300586.SZ,美联新材,20260828,9.56,9.85,9.53,9.55,9.63,-0.08,-0.8307,203500.18,196605.77308
300587.SZ,天铁科技,20260828,4.9,4.98,4.8,4.82,4.91,-0.09,-1.833,330600.75,160992.171
300588.SZ,熙菱信息,20260828,21.06,21.95,21.06,21.4,21.01,0.39,1.8563,44311.0,95938.772
300589.SZ,江龙船艇,20260828,13.23,13.53,13.19,13.41,13.27,0.14,1.055,111988.21,150172.02842
300590.SZ,移为通信,20260828,11.08,11.57,11.02,11.28,11.17,0.11,0.9848,185444.3,209854.3682
300591.SZ,万里马,20260828,7.27,7.7,7.18,7.66,7.31,0.35,4.788,260877.5,195355.77648
300592.SZ,华凯易佰,20260828,15.47,15.93,15.3,15.51,15.55,-0.04,-0.2572,111635.55,174602.4216
300593.SZ,新雷能,20260828,33.15,33.33,29.5,30.3,32.64,-2.34,-7.1691,474641.47,1466590.21286
300594.SZ,ST朗进,20260828,14.35,14.65,14.35,14.58,14.39,0.19,1.3204,9504.0,13819.464
300595.SZ,欧普康视,20260828,11.04,11.08,10.94,10.96,11.05,-0.09,-0.8145,52280.0,57378.239
300596.SZ,利安隆,20260828,42.89,42.93,41.81,41.9,42.99,-1.09,-2.5355,31755.0,134290.843
300597.SZ,吉大通信,20260828,7.85,7.99,7.81,7.92,7.85,0.07,0.8917,41236.0,32727.523
300598.SZ,诚迈科技,20260828,33.02,34.96,32.45,33.59,32.03,1.56,4.8704,231284.98,780866.24722
300599.SZ,雄塑科技,20260828,11.56,11.8,11.3,11.31,11.5,-0.19,-1.6522,67964.0,78365.144
300600.SZ,国瑞科技,20260828,10.22,10.33,10.15,10.26,10.22,0.04,0.3914,32537.0,33399.631
300601.SZ,康泰生物,20260828,13.57,13.64,13.0,13.0,13.55,-0.55,-4.059,345422.66,454401.49644
300602.SZ,飞荣达,20260828,43.66,44.93,42.5,42.5,44.55,-2.05,-4.6016,304267.54,1320954.05158
300603.SZ,立昂技术,20260828,7.87,8.02,7.82,7.9,7.88,0.02,0.2538,136631.1,108326.97
300604.SZ,长川科技,20260828,283.81,286.99,274.58,277.11,284.8,-7.69,-2.7001,153395.33,4295581.03779
300605.SZ,恒锋信息,20260828,10.21,10.45,10.15,10.19,10.23,-0.04,-0.391,68205.0,69975.04
300606.SZ,金太阳,20260828,37.2,39.45,36.67,36.79,37.73,-0.94,-2.4914,97796.38,372079.473
300607.SZ,拓斯达,20260828,35.27,36.65,34.6,34.62,35.76,-1.14,-3.1879,360509.61,1283276.96797
300608.SZ,思特奇,20260828,10.18,10.25,9.91,9.94,10.13,-0.19,-1.8756,77291.01,77812.06689
300609.SZ,汇纳科技,20260828,25.81,26.19,25.48,25.56,25.71,-0.15,-0.5834,20850.0,53928.113
300610.SZ,晨化股份,20260828,10.45,10.6,10.45,10.55,10.45,0.1,0.9569,30928.0,32604.169
300611.SZ,美力科技,20260828,24.08,25.11,24.07,24.88,24.14,0.74,3.0655,48267.5,119315.8545
300612.SZ,宣亚国际,20260828,12.07,12.11,11.89,11.92,11.97,-0.05,-0.4177,38816.0,46513.463
300613.SZ,富瀚微,20260828,71.3,76.15,71.2,73.85,70.68,3.17,4.485,207495.0,1549661.27079
300614.SZ,百川畅银,20260828,10.77,10.89,10.7,10.75,10.78,-0.03,-0.2783,18435.0,19912.389
300615.SZ,欣天科技,20260828,15.21,15.4,14.58,14.85,14.95,-0.1,-0.6689,233254.24,347651.36264
300616.SZ,尚品宅配,20260828,10.39,10.68,10.36,10.63,10.46,0.17,1.6252,34977.0,36968.258
300617.SZ,安靠智电,20260828,38.79,39.7,38.21,38.42,38.84,-0.42,-1.0814,60726.75,235180.6905
300618.SZ,寒锐钴业,20260828,35.46,35.74,35.07,35.24,35.4,-0.16,-0.452,53135.19,187520.74858
300619.SZ,金银河,20260828,26.04,26.4,25.83,25.95,26.22,-0.27,-1.0297,38344.56,99955.39376
300620.SZ,光库科技,20260828,297.0,325.98,296.0,309.93,300.9,9.03,3.001,153686.21,4855860.12059
300621.SZ,维业股份,20260828,7.3,7.38,7.22,7.33,7.32,0.01,0.1366,56629.5,41328.8355
300622.SZ,博士眼镜,20260828,15.15,15.22,14.83,14.83,14.82,0.01,0.0675,69614.07,104342.44862
300623.SZ,捷捷微电,20260828,30.77,31.01,29.9,29.91,30.96,-1.05,-3.3915,250269.53,758578.7469
300624.SZ,万兴科技,20260828,47.6,49.36,47.05,47.22,46.89,0.33,0.7038,115668.28,554523.90071
300625.SZ,三雄极光,20260828,9.58,9.72,9.54,9.66,9.62,0.04,0.4158,12995.0,12543.214
300626.SZ,华瑞股份,20260828,27.82,28.47,27.32,27.67,28.09,-0.42,-1.4952,66768.67,186596.73321
300627.SZ,华测导航,20260828,27.6,28.95,27.47,28.75,27.65,1.1,3.9783,135824.82,383776.1444
300628.SZ,亿联网络,20260828,39.8,40.42,39.56,40.2,39.87,0.33,0.8277,80871.62,325017.59146
300629.SZ,新劲刚,20260828,17.68,18.1,17.54,17.94,17.67,0.27,1.528,101084.82,180191.23268
300631.SZ,久吾高科,20260828,21.61,21.99,21.61,21.8,21.8,0.0,0.0,10188.5,22222.067
300632.SZ,光莆股份,20260828,18.46,18.88,18.0,18.06,18.46,-0.4,-2.1668,86130.3,158372.9638
300633.SZ,开立医疗,20260828,19.65,19.88,19.37,19.52,19.56,-0.04,-0.2045,30087.76,59126.95412
300634.SZ,彩讯股份,20260828,19.3,19.97,19.3,19.55,19.2,0.35,1.8229,130606.38,255814.89459
300635.SZ,中达安,20260828,12.35,12.52,12.33,12.46,12.38,0.08,0.6462,40503.2,50432.9248
300636.SZ,同和药业,20260828,6.96,7.07,6.88,6.95,6.96,-0.01,-0.1437,42850.05,29824.9575
300637.SZ,扬帆新材,20260828,9.19,9.87,9.16,9.76,9.19,0.57,6.2024,118371.33,113945.25512
300638.SZ,广和通,20260828,18.82,19.19,18.72,18.73,18.98,-0.25,-1.3172,88012.62,166771.40067
300639.SZ,凯普生物,20260828,6.11,6.12,6.04,6.05,6.12,-0.07,-1.1438,93302.17,56681.00062
300640.SZ,德艺文创,20260828,6.72,7.08,6.69,6.96,6.74,0.22,3.2641,121736.69,84070.44534
300641.SZ,正丹股份,20260828,14.11,14.58,14.05,14.49,14.08,0.41,2.9119,83124.46,119530.01624
300642.SZ,透景生命,20260828,18.15,20.18,17.6,18.84,17.3,1.54,8.9017,426357.77,793734.52732
300643.SZ,万通智控,20260828,17.88,18.07,17.57,17.6,17.9,-0.3,-1.676,34296.0,60984.088
300644.SZ,南京聚隆,20260828,20.46,21.07,20.38,20.8,20.4,0.4,1.9608,24626.2,51281.6828
300645.SZ,正元智慧,20260828,13.3,13.58,13.28,13.46,13.26,0.2,1.5083,38262.0,51527.438
300647.SZ,超频三,20260828,7.06,7.65,7.0,7.5,7.05,0.45,6.383,797233.19,584149.51234
300648.SZ,星云股份,20260828,39.68,39.99,38.8,38.81,39.89,-1.08,-2.7074,17761.97,69747.60395
300649.SZ,杭州园林,20260828,25.63,25.77,24.83,24.97,25.75,-0.78,-3.0291,27916.0,70376.331
300650.SZ,太龙股份,20260828,11.55,11.78,11.45,11.5,11.56,-0.06,-0.519,45193.7,52434.4105
300651.SZ,金陵体育,20260828,16.8,17.19,16.71,17.02,16.83,0.19,1.1289,30788.04,52423.13612
300652.SZ,雷迪克,20260828,28.87,28.87,27.91,27.93,28.32,-0.39,-1.3771,12417.0,35092.078
300653.SZ,正海生物,20260828,15.12,15.17,15.01,15.07,15.12,-0.05,-0.3307,12966.0,19562.4
300654.SZ,世纪天鸿,20260828,9.9,9.9,9.75,9.76,9.83,-0.07,-0.7121,64142.0,62998.007
300655.SZ,晶瑞电材,20260828,13.22,13.66,13.06,13.21,13.14,0.07,0.5327,427770.75,570645.66378
300656.SZ,民德电子,20260828,26.01,26.35,25.36,25.43,26.12,-0.69,-2.6417,36659.0,94600.219
300657.SZ,弘信电子,20260828,35.46,35.96,34.7,34.73,35.44,-0.71,-2.0034,193270.06,682889.05089
300658.SZ,延江股份,20260828,10.51,10.55,10.21,10.51,10.37,0.14,1.35,63335.8,66144.022
300659.SZ,中孚信息,20260828,10.39,10.62,10.35,10.58,10.31,0.27,2.6188,50311.64,52852.82836
300660.SZ,江苏雷利,20260828,24.28,24.58,24.13,24.13,24.3,-0.17,-0.6996,43416.32,105669.4291
300661.SZ,圣邦股份,20260828,116.25,118.49,114.14,114.5,116.9,-2.4,-2.053,64850.0,753469.62966
300662.SZ,科锐国际,20260828,20.67,20.99,20.18,20.21,20.04,0.17,0.8483,57593.0,118076.247
300663.SZ,科蓝软件,20260828,8.7,9.24,8.5,8.51,8.61,-0.1,-1.1614,546189.02,483213.90539
300664.SZ,鹏鹞环保,20260828,4.7,4.72,4.66,4.7,4.69,0.01,0.2132,68087.0,31973.23
300665.SZ,飞鹿股份,20260828,9.65,9.8,9.65,9.74,9.7,0.04,0.4124,61832.0,60231.134
300666.SZ,江丰电子,20260828,247.1,249.27,239.27,239.82,248.18,-8.36,-3.3685,112257.69,2738863.21712
300667.SZ,必创科技,20260828,14.6,14.8,14.48,14.58,14.6,-0.02,-0.137,39854.0,58411.608
300668.SZ,杰恩股份,20260828,33.23,33.88,32.7,32.71,33.23,-0.52,-1.5649,30949.0,102733.236
300669.SZ,沪宁股份,20260828,24.52,26.62,24.52,25.5,24.83,0.67,2.6983,30638.0,79451.815
300670.SZ,大烨智能,20260828,6.66,6.83,6.59,6.73,6.67,0.06,0.8996,65599.0,43933.5
300671.SZ,富满微,20260828,57.03,58.36,55.65,55.71,57.02,-1.31,-2.2974,117753.68,669727.77145
300672.SZ,国科微,20260828,168.27,172.74,167.73,168.18,171.09,-2.91,-1.7009,66920.67,1136753.35318
300673.SZ,佩蒂股份,20260828,12.84,13.65,12.74,13.48,12.81,0.67,5.2303,52716.5,70122.5545
300674.SZ,宇信科技,20260828,17.05,17.5,17.02,17.11,17.09,0.02,0.117,329984.76,570495.31082
300675.SZ,建科院,20260828,12.88,13.19,12.88,13.13,12.89,0.24,1.8619,18070.0,23663.998
300676.SZ,华大基因,20260828,40.36,40.87,39.44,39.52,40.78,-1.26,-3.0897,99734.48,397967.29875
300677.SZ,英科医疗,20260828,55.88,56.97,54.02,54.3,56.09,-1.79,-3.1913,98439.34,538636.46305
300678.SZ,中科信息,20260828,22.31,22.47,22.08,22.1,22.24,-0.14,-0.6295,40485.0,90126.1811
300679.SZ,电连技术,20260828,52.62,54.16,50.16,50.29,52.6,-2.31,-4.3916,271496.6,1402237.01815
300680.SZ,隆盛科技,20260828,20.57,20.86,20.3,20.3,20.57,-0.27,-1.3126,51548.9,106219.09601
300681.SZ,英搏尔,20260828,22.0,22.5,21.67,22.34,21.9,0.44,2.0091,81446.71,180316.72653
300682.SZ,朗新科技,20260828,9.6,9.72,9.55,9.55,9.58,-0.03,-0.3132,116280.72,111902.21696
300683.SZ,海特生物,20260828,26.24,26.41,25.7,25.88,26.44,-0.56,-2.118,39390.99,102230.66718
300684.SZ,中石科技,20260828,87.99,94.58,87.99,91.6,89.93,1.67,1.857,251262.58,2292299.24855
300685.SZ,艾德生物,20260828,18.07,18.1,17.75,17.77,18.11,-0.34,-1.8774,66163.8,118214.6136
300686.SZ,智动力,20260828,14.85,15.19,14.7,14.7,15.0,-0.3,-2.0,75615.0,112630.707
300687.SZ,赛意信息,20260828,27.31,28.2,26.84,26.84,26.82,0.02,0.0746,207828.68,567548.20326
300688.SZ,创业黑马,20260828,30.05,31.65,29.71,30.76,29.84,0.92,3.0831,102827.0,317426.965
300689.SZ,澄天伟业,20260828,55.32,57.74,54.75,54.75,55.17,-0.42,-0.7613,28379.0,158681.354
300690.SZ,双一科技,20260828,22.95,24.4,22.73,23.9,22.92,0.98,4.2757,129451.82,307438.61432
300691.SZ,联合光电,20260828,15.23,15.28,14.91,14.92,15.22,-0.3,-1.9711,42039.0,63186.582
300692.SZ,中赋科技,20260828,9.02,9.08,8.88,8.94,9.01,-0.07,-0.7769,138119.0,123896.45
300693.SZ,盛弘股份,20260828,40.59,41.23,39.88,40.09,40.83,-0.74,-1.8124,105772.9,427652.21399
300694.SZ,蠡湖股份,20260828,10.64,10.96,10.64,10.84,10.64,0.2,1.8797,44776.32,48390.03428
300695.SZ,兆丰股份,20260828,49.07,49.3,48.1,48.1,49.08,-0.98,-1.9967,5755.25,27937.35835
300696.SZ,爱乐达,20260828,21.06,21.39,20.76,20.81,21.03,-0.22,-1.0461,45163.91,95126.33328
300697.SZ,电工合金,20260828,15.51,15.79,15.19,15.4,15.67,-0.27,-1.723,201618.21,311225.62678
300698.SZ,万马科技,20260828,26.41,26.92,26.27,26.27,26.68,-0.41,-1.5367,26096.0,69299.545
300699.SZ,光威复材,20260828,23.82,24.25,23.68,23.99,23.81,0.18,0.756,75330.62,180712.81358
300700.SZ,岱勒新材,20260828,20.07,20.21,19.72,19.73,20.26,-0.53,-2.616,78880.0,156869.145
300701.SZ,森霸传感,20260828,9.96,10.25,9.87,10.18,9.99,0.19,1.9019,60156.86,61034.96074
300702.SZ,天宇股份,20260828,21.6,21.61,21.05,21.37,21.6,-0.23,-1.0648,27462.8,58678.0112
300703.SZ,创源股份,20260828,13.36,13.61,13.3,13.5,13.36,0.14,1.0479,32061.0,43322.119
300705.SZ,九典制药,20260828,11.4,11.41,11.24,11.33,11.46,-0.13,-1.1344,79558.36,89867.95892
300706.SZ,阿石创,20260828,52.96,53.6,51.19,51.23,52.72,-1.49,-2.8263,71131.95,372388.19195
300707.SZ,威唐工业,20260828,12.17,12.32,12.16,12.25,12.25,0.0,0.0,20323.0,24885.757
300708.SZ,聚灿光电,20260828,7.98,8.05,7.94,7.98,7.98,0.0,0.0,148236.3,118427.41315
300709.SZ,精研科技,20260828,41.36,43.57,41.16,41.58,41.48,0.1,0.2411,226599.79,962032.88335
300710.SZ,万隆光电,20260828,29.73,31.12,29.43,30.63,30.08,0.55,1.8285,56856.75,172404.94875
300711.SZ,广哈通信,20260828,18.88,18.88,18.33,18.43,19.23,-0.8,-4.1602,107271.17,198562.56784
300712.SZ,永福股份,20260828,19.89,20.25,19.67,20.08,19.89,0.19,0.9553,11885.0,23865.31
300713.SZ,英可瑞,20260828,13.45,13.58,13.33,13.38,13.52,-0.14,-1.0355,19193.0,25833.697
300715.SZ,凯伦股份,20260828,14.43,15.0,14.21,14.25,14.29,-0.04,-0.2799,108288.0,157965.438
300716.SZ,*ST泉为,20260828,19.02,19.6,18.99,18.99,19.16,-0.17,-0.8873,14411.0,27719.632
300717.SZ,华信新材,20260828,18.2,18.68,18.18,18.4,18.3,0.1,0.5464,16765.0,30982.528
300718.SZ,长盛轴承,20260828,56.1,56.77,55.5,55.5,56.42,-0.92,-1.6306,51926.38,290761.35219
300719.SZ,安达维尔,20260828,12.3,12.55,12.14,12.42,12.16,0.26,2.1382,49515.4,61328.3422
300720.SZ,海川智能,20260828,78.31,82.09,72.08,73.21,78.98,-5.77,-7.3056,227460.05,1750873.17433
300721.SZ,怡达股份,20260828,22.72,23.5,22.47,23.03,22.72,0.31,1.3644,105277.0,242813.878
300722.SZ,新余国科,20260828,21.15,21.78,21.15,21.5,21.28,0.22,1.0338,28456.0,61342.786
300723.SZ,一品红,20260828,37.49,37.61,36.68,37.12,37.57,-0.45,-1.1978,84986.21,314905.16857
300724.SZ,捷佳伟创,20260828,55.73,60.56,55.55,58.21,56.18,2.03,3.6134,168826.83,998253.11104
300725.SZ,药石科技,20260828,46.38,47.01,45.36,45.5,46.83,-1.33,-2.8401,161909.96,745477.68489
300726.SZ,宏达电子,20260828,53.85,55.85,52.5,52.74,54.95,-2.21,-4.0218,133334.2,719111.60478
300727.SZ,润禾材料,20260828,29.28,29.75,28.78,29.12,29.38,-0.26,-0.885,35964.0,104891.4337
300729.SZ,乐歌股份,20260828,10.3,10.43,10.26,10.42,10.28,0.14,1.3619,20582.0,21319.113
300730.SZ,科创信息,20260828,11.91,12.03,11.61,11.66,11.73,-0.07,-0.5968,56532.99,66821.84434
300731.SZ,科创新源,20260828,43.0,44.6,42.42,42.45,43.1,-0.65,-1.5081,81646.79,355029.90507
300732.SZ,设研院,20260828,6.0,6.07,5.97,6.05,6.0,0.05,0.8333,43798.42,26445.93368
300733.SZ,西菱动力,20260828,13.61,13.82,13.41,13.55,13.63,-0.08,-0.5869,41078.5,55846.87261
300735.SZ,光弘科技,20260828,20.84,21.49,20.5,20.53,20.93,-0.4,-1.9111,150953.35,316699.65886
300736.SZ,百邦科技,20260828,29.98,30.44,29.66,29.94,30.01,-0.07,-0.2333,34346.6,103232.7186
300737.SZ,科顺股份,20260828,4.92,4.98,4.83,4.93,4.87,0.06,1.232,218448.7,107044.15737
300738.SZ,奥飞数据,20260828,20.81,21.3,20.5,20.57,20.86,-0.29,-1.3902,442276.76,923927.355
300739.SZ,明阳电路,20260828,23.13,23.56,22.73,22.75,23.14,-0.39,-1.6854,80069.04,185204.75845
300740.SZ,水羊股份,20260828,22.0,22.13,21.78,21.82,21.99,-0.17,-0.7731,173545.58,380681.27949
300741.SZ,华宝股份,20260828,13.94,14.19,13.8,14.03,13.9,0.13,0.9353,36260.35,50894.98245
300743.SZ,天地数码,20260828,14.57,14.79,14.5,14.74,14.52,0.22,1.5152,23377.04,34283.44996
300745.SZ,欣锐科技,20260828,29.33,30.2,28.38,28.41,29.33,-0.92,-3.1367,79369.99,231403.2785
300746.SZ,汉嘉数智,20260828,13.9,14.48,13.78,14.26,13.95,0.31,2.2222,90380.0,127362.889
300747.SZ,锐科激光,20260828,37.07,38.71,37.05,37.58,37.17,0.41,1.103,209354.31,792423.44083
300748.SZ,金力永磁,20260828,27.29,27.46,27.01,27.03,27.41,-0.38,-1.3864,136967.85,372251.81228
300749.SZ,顶固集创,20260828,24.91,25.42,24.84,24.87,24.92,-0.05,-0.2006,32790.0,82365.269
300750.SZ,宁德时代,20260828,368.0,371.25,364.13,368.5,373.0,-4.5,-1.2064,263769.77,9706623.34177
300751.SZ,迈为股份,20260828,226.83,231.3,217.6,218.3,225.8,-7.5,-3.3215,70527.21,1574443.42996
300752.SZ,隆利科技,20260828,11.12,11.45,11.01,11.22,11.15,0.07,0.6278,64311.0,72454.561
300753.SZ,爱朋医疗,20260828,22.52,22.52,21.7,21.86,22.22,-0.36,-1.6202,45037.0,98959.853
300755.SZ,华致酒行,20260828,11.17,11.38,11.14,11.28,11.2,0.08,0.7143,22532.08,25467.2044
300756.SZ,金马游乐,20260828,31.08,31.3,29.51,29.55,30.76,-1.21,-3.9337,43249.0,130962.25314
300757.SZ,罗博特科,20260828,552.15,559.88,536.7,536.7,552.11,-15.41,-2.7911,51891.87,2847372.63441
300758.SZ,七彩化学,20260828,11.45,11.58,11.32,11.55,11.48,0.07,0.6098,131436.0,150882.43
300759.SZ,康龙化成,20260828,44.52,45.24,43.1,43.78,45.1,-1.32,-2.9268,439830.17,1933686.43086
300760.SZ,迈瑞医疗,20260828,161.38,164.75,161.23,164.3,162.03,2.27,1.401,67410.84,1100537.02835
300761.SZ,立华股份,20260828,19.39,19.6,19.12,19.5,19.46,0.04,0.2055,57822.93,111890.76865
300762.SZ,上海瀚讯,20260828,28.5,29.07,28.28,28.58,29.25,-0.67,-2.2906,214103.31,612162.67926
300763.SZ,锦浪科技,20260828,61.12,64.2,61.02,62.55,61.75,0.8,1.2955,122652.92,774589.41843
300765.SZ,石药创新,20260828,46.0,46.95,44.38,44.4,46.95,-2.55,-5.4313,261185.95,1185527.81285
300766.SZ,每日互动,20260828,21.46,21.88,21.12,21.18,21.28,-0.1,-0.4699,202224.87,434038.43472
300767.SZ,震安科技,20260828,19.63,19.63,18.78,18.8,19.36,-0.56,-2.8926,82750.54,158225.3424
300768.SZ,迪普科技,20260828,15.17,15.35,14.92,14.93,14.7,0.23,1.5646,105376.27,159307.13208
300769.SZ,德方纳米,20260828,46.1,46.85,45.58,46.09,46.97,-0.88,-1.8735,131521.55,607125.55686
300770.SZ,新媒股份,20260828,33.67,34.23,33.63,34.1,33.37,0.73,2.1876,21267.05,72397.81813
300771.SZ,智莱科技,20260828,11.9,11.97,11.84,11.86,11.93,-0.07,-0.5868,37545.5,44659.986
300772.SZ,运达股份,20260828,10.0,10.0,9.74,9.77,11.09,-1.32,-11.9026,463359.41,455929.80873
300773.SZ,拉卡拉,20260828,16.2,16.5,15.9,15.92,16.37,-0.45,-2.7489,535440.85,860748.42749
300774.SZ,倍杰特,20260828,11.17,11.85,11.03,11.42,11.23,0.19,1.6919,115205.0,131019.546
300775.SZ,三角防务,20260828,21.4,22.97,21.34,22.39,21.46,0.93,4.3336,255893.22,573574.40825
300776.SZ,帝尔激光,20260828,116.0,118.57,112.11,112.4,115.81,-3.41,-2.9445,65193.1,750726.75993
300777.SZ,中简科技,20260828,22.71,23.03,22.67,22.77,22.77,0.0,0.0,46384.55,105999.99504
300778.SZ,新城市,20260828,10.32,11.12,10.32,10.75,10.43,0.32,3.0681,73405.0,78527.539
300779.SZ,惠城环保,20260828,68.97,69.5,63.6,64.36,68.53,-4.17,-6.0849,95228.21,627916.69939
300780.SZ,德恩精工,20260828,20.0,20.23,19.61,19.69,20.08,-0.39,-1.9422,46801.0,93132.618
300781.SZ,因赛集团,20260828,26.26,26.8,25.91,26.14,26.02,0.12,0.4612,42265.0,111357.02753
300782.SZ,卓胜微,20260828,79.24,80.44,77.32,77.39,80.0,-2.61,-3.2625,84230.18,662503.4949
300783.SZ,三只松鼠,20260828,17.06,17.31,17.03,17.25,17.11,0.14,0.8182,53024.12,91158.26802
300784.SZ,利安科技,20260828,41.69,42.14,41.38,41.84,41.65,0.19,0.4562,3936.0,16465.373
300785.SZ,值得买,20260828,33.29,34.39,32.65,33.69,32.86,0.83,2.5259,132914.12,447267.04844
300786.SZ,国林科技,20260828,15.63,15.65,14.98,15.0,16.06,-1.06,-6.6002,132264.2,201570.972
300787.SZ,海能实业,20260828,9.93,10.03,9.86,9.88,10.01,-0.13,-1.2987,35590.43,35407.59756
300788.SZ,中信出版,20260828,23.54,23.79,23.45,23.5,23.48,0.02,0.0852,23963.0,56539.399
300789.SZ,唐源电气,20260828,17.3,17.3,16.1,16.49,18.02,-1.53,-8.4906,83646.0,138040.2323
300790.SZ,宇瞳光学,20260828,19.47,19.56,18.88,18.93,19.74,-0.81,-4.1033,238453.71,456139.18
300791.SZ,仙乐健康,20260828,17.39,17.6,17.22,17.54,17.37,0.17,0.9787,16909.49,29461.11271
300792.SZ,壹网壹创,20260828,23.32,23.81,23.18,23.28,23.26,0.02,0.086,49645.01,116432.19573
300793.SZ,佳禾智能,20260828,11.36,11.58,11.27,11.37,11.33,0.04,0.353,48192.3,55151.7592
300795.SZ,米奥会展,20260828,13.76,14.38,13.22,13.31,13.76,-0.45,-3.2703,357267.68,490327.96579
300796.SZ,贝斯美,20260828,6.87,7.04,6.82,6.99,6.84,0.15,2.193,54976.0,38155.459
300797.SZ,钢研纳克,20260828,13.75,13.99,13.73,13.87,13.86,0.01,0.0722,37700.92,52265.4756
300798.SZ,锦鸡股份,20260828,8.22,8.73,8.17,8.55,7.88,0.67,8.5025,593250.46,501686.89016
300800.SZ,力合科技,20260828,10.08,10.33,10.03,10.3,10.13,0.17,1.6782,28160.62,28798.57336
300801.SZ,泰和科技,20260828,23.1,23.47,23.01,23.26,23.13,0.13,0.562,39974.99,93004.96078
300802.SZ,矩子科技,20260828,23.15,24.47,23.15,23.48,23.3,0.18,0.7725,92763.2,221095.3666
300803.SZ,指南针,20260828,86.2,88.2,85.33,86.18,87.45,-1.27,-1.4523,241040.79,2089625.01505
300804.SZ,广康生化,20260828,44.2,45.18,43.46,44.76,44.2,0.56,1.267,12008.0,53378.423
300805.SZ,电声股份,20260828,8.41,8.41,8.18,8.25,8.11,0.14,1.7263,98456.0,81649.806
300806.SZ,斯迪克,20260828,52.36,52.36,48.85,48.89,51.49,-2.6,-5.0495,290438.13,1458007.04449
300807.SZ,天迈科技,20260828,39.79,40.0,38.8,38.8,39.6,-0.8,-2.0202,11481.5,45114.7755
300808.SZ,久量股份,20260828,19.36,20.11,19.19,19.92,19.37,0.55,2.8394,18021.0,35747.175
300809.SZ,华辰装备,20260828,24.0,24.0,23.34,23.36,23.87,-0.51,-2.1366,32594.25,77043.5064
300810.SZ,中科海讯,20260828,25.15,25.29,24.51,24.51,25.33,-0.82,-3.2373,25651.44,63620.36788
300811.SZ,铂科新材,20260828,79.8,80.88,78.22,78.55,78.87,-0.32,-0.4057,101805.78,809453.07528
300812.SZ,易天股份,20260828,19.25,19.8,19.1,19.14,19.33,-0.19,-0.9829,48537.0,94175.9842
300813.SZ,泰林生物,20260828,21.52,21.74,20.92,20.95,21.43,-0.48,-2.2399,30627.36,65268.259
300814.SZ,中富电路,20260828,136.5,140.28,132.8,134.19,137.88,-3.69,-2.6762,69160.49,940077.16707
300815.SZ,玉禾田,20260828,16.11,16.31,15.86,15.88,16.02,-0.14,-0.8739,47992.36,76954.1972
300816.SZ,艾可蓝,20260828,58.08,66.49,58.06,63.3,59.96,3.34,5.5704,98576.09,630340.22112
300817.SZ,双飞集团,20260828,16.98,17.2,16.17,16.18,16.33,-0.15,-0.9186,70792.75,116104.6209
300818.SZ,耐普矿机,20260828,19.12,19.49,18.85,19.28,19.14,0.14,0.7315,26981.8,52126.846
300819.SZ,聚杰微纤,20260828,46.8,47.66,45.8,45.85,46.78,-0.93,-1.988,25352.0,118277.495
300820.SZ,英杰电气,20260828,55.0,58.88,53.13,53.28,53.78,-0.5,-0.9297,89677.29,496078.63745
300821.SZ,东岳硅材,20260828,16.66,17.58,16.42,16.78,16.48,0.3,1.8204,983065.83,1671814.89045
300822.SZ,贝仕达克,20260828,11.12,11.22,11.0,11.12,11.08,0.04,0.361,20340.3,22680.5411
300823.SZ,建科智能,20260828,14.89,15.19,14.8,15.14,14.92,0.22,1.4745,27856.51,41898.27241
300824.SZ,北鼎股份,20260828,7.71,7.95,7.67,7.84,7.75,0.09,1.1613,50351.5,39354.149
300825.SZ,阿尔特,20260828,11.19,11.65,10.94,11.14,11.1,0.04,0.3604,268048.35,301555.30408
300826.SZ,测绘股份,20260828,14.7,14.75,14.4,14.64,14.66,-0.02,-0.1364,65458.09,95394.68973
300827.SZ,上能电气,20260828,25.69,25.94,25.6,25.68,25.88,-0.2,-0.7728,84023.3,216493.61913
300828.SZ,锐新科技,20260828,16.66,16.8,16.49,16.54,16.76,-0.22,-1.3126,46154.5,76773.4645
300829.SZ,金丹科技,20260828,14.88,15.28,14.82,15.12,14.86,0.26,1.7497,40981.05,61905.16335
300830.SZ,金现代,20260828,7.97,8.25,7.94,8.09,7.92,0.17,2.1465,171929.9,139845.97234
300831.SZ,ST派瑞,20260828,15.59,16.08,15.41,15.85,15.55,0.3,1.9293,59620.97,93957.61972
300832.SZ,新产业,20260828,50.88,52.48,50.51,52.16,50.78,1.38,2.7176,73602.2,380783.83727
300833.SZ,浩洋股份,20260828,40.13,41.22,38.6,39.57,36.71,2.86,7.7908,33884.28,134779.19742
300834.SZ,星辉环材,20260828,39.14,39.79,38.7,38.7,39.28,-0.58,-1.4766,9952.14,39000.8719
300835.SZ,龙磁科技,20260828,161.35,168.0,159.34,159.43,161.35,-1.92,-1.19,30912.92,503867.75918
300836.SZ,佰奥智能,20260828,50.82,51.44,48.37,49.0,51.0,-2.0,-3.9216,21884.88,109211.19711
300837.SZ,浙矿股份,20260828,23.09,23.47,22.81,23.3,22.92,0.38,1.6579,14839.0,34490.979
300838.SZ,浙江力诺,20260828,14.34,15.06,14.33,14.59,13.92,0.67,4.8132,87613.0,128474.336
300839.SZ,博汇股份,20260828,12.57,12.92,12.45,12.84,12.67,0.17,1.3418,193496.88,245022.49565
300840.SZ,酷特智能,20260828,19.16,19.79,18.38,18.39,19.35,-0.96,-4.9612,117920.0,225531.036
300841.SZ,康华生物,20260828,54.2,54.41,52.4,52.42,55.2,-2.78,-5.0362,48690.08,258011.99299
300842.SZ,帝科股份,20260828,66.92,69.8,66.38,68.19,67.4,0.79,1.1721,62147.39,426163.21678
300843.SZ,胜蓝股份,20260828,138.0,140.23,134.0,134.5,137.49,-2.99,-2.1747,57669.66,787230.42542
300844.SZ,山水比德,20260828,23.76,24.2,23.53,23.9,23.65,0.25,1.0571,7664.92,18356.21276
300845.SZ,捷安高科,20260828,12.83,13.0,12.75,12.82,12.81,0.01,0.0781,48688.16,62600.4622
300846.SZ,首都在线,20260828,18.95,19.25,18.45,18.47,18.83,-0.36,-1.9118,224002.25,422186.63989
300847.SZ,中船汉光,20260828,14.12,14.25,14.06,14.12,14.12,0.0,0.0,29364.52,41563.68766
300848.SZ,美瑞新材,20260828,11.53,11.76,11.5,11.68,11.53,0.15,1.301,42422.34,49526.63233
300849.SZ,锦盛新材,20260828,20.3,21.46,20.29,20.82,20.44,0.38,1.8591,38885.21,81816.06417
300850.SZ,新强联,20260828,24.64,24.9,24.44,24.62,24.81,-0.19,-0.7658,64712.14,159355.74288
300851.SZ,交大思诺,20260828,24.07,24.29,23.97,24.18,24.07,0.11,0.457,12432.12,30048.10552
300852.SZ,四会富仕,20260828,46.44,47.37,45.4,45.42,46.52,-1.1,-2.3646,50174.64,232729.0314
300853.SZ,申昊科技,20260828,26.92,27.67,26.8,27.02,26.86,0.16,0.5957,33763.8,91885.3352
300854.SZ,中兰环保,20260828,17.27,18.07,17.26,17.71,17.35,0.36,2.0749,68029.37,120710.79075
300855.SZ,图南股份,20260828,33.59,34.19,33.42,33.74,33.68,0.06,0.1781,42339.25,143212.8851
300856.SZ,科思股份,20260828,10.87,10.97,10.81,10.82,10.92,-0.1,-0.9158,43465.4,47241.8902
300857.SZ,协创数据,20260828,254.54,261.54,251.01,253.88,259.2,-5.32,-2.0525,183224.43,4695057.07567
300858.SZ,科拓生物,20260828,14.79,14.81,14.57,14.69,14.7,-0.01,-0.068,20062.0,29471.884
300859.SZ,西域旅游,20260828,27.3,28.11,27.23,27.79,27.18,0.61,2.2443,50015.77,138812.50806
300860.SZ,锋尚文化,20260828,27.1,27.65,26.82,27.38,27.3,0.08,0.293,15772.0,43101.36788
300861.SZ,美畅股份,20260828,16.89,17.06,16.73,16.79,16.93,-0.14,-0.8269,88999.64,150134.59836
300862.SZ,蓝盾光电,20260828,52.52,52.99,49.9,50.91,54.4,-3.49,-6.4154,293839.34,1516670.51638
300863.SZ,卡倍亿,20260828,42.52,42.97,41.38,41.57,42.52,-0.95,-2.2342,51098.87,214625.84994
300864.SZ,南大环境,20260828,26.55,29.5,26.55,27.74,26.46,1.28,4.8375,83695.48,236030.93218
300865.SZ,大宏立,20260828,31.92,32.7,31.21,32.3,31.24,1.06,3.3931,41934.17,133422.37831
300866.SZ,安克创新,20260828,126.01,126.69,121.6,124.1,126.2,-2.1,-1.664,45584.88,563401.37106
300867.SZ,圣元环保,20260828,17.48,17.7,17.4,17.56,17.39,0.17,0.9776,52310.59,91867.87899
300868.SZ,杰美特,20260828,90.05,91.71,86.36,86.49,90.5,-4.01,-4.4309,27533.56,243684.32576
300869.SZ,康泰医学,20260828,11.39,11.45,11.11,11.25,11.6,-0.35,-3.0172,52022.0,58643.919
300870.SZ,欧陆通,20260828,219.61,225.85,213.0,214.5,220.25,-5.75,-2.6107,48692.72,1060611.87698
300871.SZ,回盛生物,20260828,22.96,23.21,22.73,23.1,23.04,0.06,0.2604,43367.63,99901.51741
300872.SZ,天阳科技,20260828,16.07,16.41,15.75,15.75,16.07,-0.32,-1.9913,118178.47,189346.37893
300873.SZ,海晨股份,20260828,16.66,16.88,15.8,15.8,16.62,-0.82,-4.9338,167928.7,273251.56286
300875.SZ,捷强装备,20260828,32.01,33.02,32.0,32.65,32.2,0.45,1.3975,27692.18,90606.92742
300876.SZ,蒙泰高新,20260828,15.5,17.22,15.5,16.61,15.5,1.11,7.1613,91226.63,150399.91393
300877.SZ,金春股份,20260828,26.95,27.58,26.83,27.37,27.11,0.26,0.9591,15236.05,41479.8978
300878.SZ,维康药业,20260828,33.88,33.88,30.16,32.0,34.14,-2.14,-6.2683,63047.0,200751.83684
300879.SZ,大叶股份,20260828,16.69,17.5,16.62,17.37,16.75,0.62,3.7015,44741.4,76759.9512
300880.SZ,迦南智能,20260828,19.29,20.74,19.17,20.73,19.34,1.39,7.1872,71551.4,142775.03191
300881.SZ,盛德鑫泰,20260828,31.61,32.2,31.25,31.8,31.49,0.31,0.9844,12182.0,38770.07
300882.SZ,万胜智能,20260828,14.21,14.34,14.12,14.25,14.18,0.07,0.4937,16553.31,23579.69735
300883.SZ,龙利得,20260828,6.56,6.65,6.49,6.58,6.56,0.02,0.3049,105647.42,69451.13274
300884.SZ,狄耐克,20260828,12.91,13.06,12.83,12.9,12.92,-0.02,-0.1548,41693.76,54017.62598
300885.SZ,海昌新材,20260828,19.72,20.0,19.43,19.66,19.59,0.07,0.3573,41145.96,81166.1902
300886.SZ,华业香料,20260828,24.47,24.7,24.19,24.55,24.49,0.06,0.245,9566.0,23463.178
300887.SZ,谱尼测试,20260828,7.15,7.23,7.14,7.18,7.18,0.0,0.0,72078.0,51808.738
300888.SZ,稳健医疗,20260828,29.99,30.09,29.66,29.89,29.9,-0.01,-0.0334,23196.58,69342.38258
300889.SZ,爱克股份,20260828,23.33,23.33,21.04,21.6,23.33,-1.73,-7.4153,120544.74,263605.71528
300890.SZ,翔丰华,20260828,27.55,27.63,27.21,27.23,27.71,-0.48,-1.7322,62704.4,171496.15106
300891.SZ,惠云钛业,20260828,7.54,7.71,7.54,7.69,7.56,0.13,1.7196,67586.0,51640.06412
300892.SZ,品渥食品,20260828,23.63,24.32,23.61,24.15,23.8,0.35,1.4706,21679.54,52199.54857
300893.SZ,松原安全,20260828,14.55,14.68,14.26,14.3,14.39,-0.09,-0.6254,30825.18,44478.39212
300894.SZ,火星人,20260828,11.79,12.25,11.7,12.02,11.78,0.24,2.0374,119265.09,143201.01217
300895.SZ,铜牛信息,20260828,53.88,54.81,52.9,52.9,53.81,-0.91,-1.6911,47373.96,255493.42859
300896.SZ,爱美客,20260828,93.5,94.8,93.34,94.09,93.83,0.26,0.2771,19119.31,179847.81902
300897.SZ,山科智能,20260828,16.35,16.36,15.77,15.9,16.53,-0.63,-3.8113,36404.16,58043.52124
300898.SZ,熊猫乳品,20260828,20.59,21.1,20.43,21.04,20.58,0.46,2.2352,29989.0,62549.733
300899.SZ,上海凯鑫,20260828,30.6,31.34,30.33,30.86,30.03,0.83,2.7639,14204.14,43911.44578
300900.SZ,广联航空,20260828,23.48,23.67,23.05,23.07,23.27,-0.2,-0.8595,117802.73,274475.9167
300901.SZ,中胤时尚,20260828,16.04,17.52,15.73,17.07,16.1,0.97,6.0248,74893.28,125962.16757
300902.SZ,国安达,20260828,16.83,17.8,16.71,17.37,16.78,0.59,3.5161,83172.4,144264.97409
300903.SZ,科翔股份,20260828,89.11,96.63,89.11,92.33,90.72,1.61,1.7747,323556.77,3029916.39547
300904.SZ,威力传动,20260828,41.18,42.9,40.89,42.25,41.18,1.07,2.5983,8018.26,33890.40596
300905.SZ,宝丽迪,20260828,36.99,38.18,36.89,37.02,37.07,-0.05,-0.1349,45294.48,169728.00132
300906.SZ,日月明,20260828,31.54,31.54,30.57,30.94,31.53,-0.59,-1.8712,30449.0,94289.818
300907.SZ,康平科技,20260828,51.08,52.3,50.16,50.24,51.36,-1.12,-2.1807,28272.37,144417.03004
300908.SZ,仲景食品,20260828,25.2,25.97,25.15,25.59,25.06,0.53,2.1149,26015.65,66556.08879
300909.SZ,汇创达,20260828,56.22,56.65,54.5,54.58,56.06,-1.48,-2.64,30344.0,167563.136
300910.SZ,瑞丰新材,20260828,27.58,29.29,27.55,28.76,27.58,1.18,4.2785,123286.86,352839.23144
300911.SZ,亿田智能,20260828,21.91,22.78,21.75,22.19,22.14,0.05,0.2258,90922.8,202776.87299
300912.SZ,凯龙高科,20260828,19.74,19.94,19.41,19.55,19.92,-0.37,-1.8574,45156.0,88615.004
300913.SZ,兆龙互连,20260828,36.69,37.07,36.02,36.13,36.71,-0.58,-1.58,70894.87,259328.65477
300915.SZ,海融科技,20260828,20.37,21.58,20.37,20.95,20.39,0.56,2.7464,25452.46,53429.52072
300916.SZ,朗特智能,20260828,26.09,26.51,25.6,26.08,26.16,-0.08,-0.3058,55693.22,144930.57466
300917.SZ,特发服务,20260828,27.67,29.93,27.5,29.35,27.63,1.72,6.2251,137417.75,399331.13556
300918.SZ,南山智尚,20260828,10.74,10.89,10.66,10.68,10.74,-0.06,-0.5587,51857.0,55803.822
300919.SZ,中伟新材,20260828,40.31,41.0,40.18,40.71,40.66,0.05,0.123,81942.05,333255.72692
300920.SZ,润阳科技,20260828,33.14,33.5,32.14,32.19,32.77,-0.58,-1.7699,12983.8,42488.4801
300921.SZ,南凌科技,20260828,15.93,16.16,15.65,15.66,15.74,-0.08,-0.5083,71423.34,113648.64754
300922.SZ,天秦装备,20260828,18.62,19.28,18.38,18.85,18.82,0.03,0.1594,139945.53,264653.01328
300923.SZ,研奥股份,20260828,25.36,25.85,24.65,25.72,25.13,0.59,2.3478,11730.38,29786.16588
300925.SZ,法本信息,20260828,14.7,14.93,14.61,14.62,14.64,-0.02,-0.1366,66981.47,98734.13137
300926.SZ,博俊科技,20260828,17.31,18.04,17.2,17.63,17.18,0.45,2.6193,51913.62,91629.27063
300927.SZ,江天化学,20260828,30.32,32.88,29.08,31.44,30.81,0.63,2.0448,257990.6,800085.76378
300928.SZ,华安鑫创,20260828,25.49,25.49,24.71,24.76,25.39,-0.63,-2.4813,14945.55,37464.477
300929.SZ,华骐环保,20260828,16.96,17.25,16.28,16.35,17.25,-0.9,-5.2174,84130.6,139814.6506
300930.SZ,屹通新材,20260828,25.75,26.13,25.47,25.83,25.76,0.07,0.2717,9488.0,24619.625
300931.SZ,通用电梯,20260828,15.03,15.5,14.95,15.16,15.02,0.14,0.9321,40732.76,62049.13532
300932.SZ,三友联众,20260828,10.4,10.92,10.37,10.86,10.42,0.44,4.2226,182672.27,196656.90401
300933.SZ,中辰股份,20260828,6.6,6.65,6.54,6.58,6.62,-0.04,-0.6042,94799.0,62431.544
300935.SZ,盈建科,20260828,31.16,31.62,30.5,30.55,31.04,-0.49,-1.5786,22599.8,69832.9486
300936.SZ,中英科技,20260828,90.0,90.95,83.58,83.83,90.02,-6.19,-6.8762,75815.46,659172.4816
300937.SZ,药易购,20260828,25.17,25.17,24.65,24.68,25.22,-0.54,-2.1412,39202.44,97227.08548
300938.SZ,信测标准,20260828,27.89,28.5,27.26,27.29,27.63,-0.34,-1.2305,90203.64,250607.23432
300939.SZ,秋田微,20260828,64.95,66.29,63.33,63.72,65.61,-1.89,-2.8807,27097.8,175540.76906
300940.SZ,南极光,20260828,13.75,14.08,13.71,13.85,13.74,0.11,0.8006,30259.97,42148.99736
300941.SZ,创识科技,20260828,15.59,15.77,15.3,15.32,15.67,-0.35,-2.2336,58513.0,90248.89965
300942.SZ,易瑞生物,20260828,6.74,6.83,6.64,6.65,6.83,-0.18,-2.6354,112940.49,75623.31085
300943.SZ,春晖智控,20260828,32.64,32.89,31.5,31.64,32.78,-1.14,-3.4777,81820.21,262812.46649
300945.SZ,曼卡龙,20260828,12.93,14.55,12.8,13.8,12.86,0.94,7.3095,376454.75,514506.50404
300946.SZ,恒而达,20260828,37.5,38.48,37.25,37.52,37.88,-0.36,-0.9504,8244.0,31127.52
300947.SZ,德必集团,20260828,14.11,15.12,14.06,14.77,14.11,0.66,4.6775,42952.0,63137.877
300948.SZ,冠中生态,20260828,20.88,21.58,20.52,21.44,20.84,0.6,2.8791,52131.72,110374.2376
300949.SZ,奥雅股份,20260828,22.32,22.84,22.27,22.6,22.27,0.33,1.4818,11997.74,27111.71874
300950.SZ,德固特,20260828,17.38,17.43,17.18,17.18,17.37,-0.19,-1.0938,12959.0,22367.707
300951.SZ,博硕科技,20260828,75.44,80.49,74.99,76.32,75.27,1.05,1.395,68184.84,527417.65372
300952.SZ,恒辉安防,20260828,16.51,16.7,16.2,16.3,16.46,-0.16,-0.9721,42735.46,69979.43132
300953.SZ,震裕科技,20260828,94.01,94.49,92.02,92.6,94.5,-1.9,-2.0106,38699.57,360298.02296
300955.SZ,嘉亨家化,20260828,30.06,30.3,29.5,29.7,29.69,0.01,0.0337,10687.77,31951.30323
300956.SZ,英力股份,20260828,11.2,11.49,11.11,11.37,11.15,0.22,1.9731,41088.49,46580.54265
300957.SZ,贝泰妮,20260828,33.0,33.15,32.78,32.85,33.01,-0.16,-0.4847,47351.0,155975.768
300958.SZ,建工修复,20260828,12.55,12.8,12.49,12.7,12.58,0.12,0.9539,36590.0,46485.462
300959.SZ,线上线下,20260828,93.91,95.96,91.39,91.67,94.28,-2.61,-2.7683,19115.57,178761.76064
300960.SZ,通业科技,20260828,17.51,17.51,17.25,17.3,17.45,-0.15,-0.8596,17475.71,30339.02625
300961.SZ,深水海纳,20260828,12.02,12.47,11.96,12.2,11.99,0.21,1.7515,62970.0,76458.705
300962.SZ,中金辐照,20260828,13.64,13.69,13.43,13.59,13.72,-0.13,-0.9475,34657.5,47011.8892
300963.SZ,中洲特材,20260828,11.71,11.76,11.5,11.69,11.56,0.13,1.1246,86440.69,100815.38972
300964.SZ,本川智能,20260828,59.45,61.28,57.7,57.8,59.45,-1.65,-2.7754,41551.28,247058.67706
300965.SZ,恒宇信通,20260828,44.17,44.39,42.71,42.85,44.92,-2.07,-4.6082,9033.0,39312.209
300966.SZ,共同药业,20260828,24.6,25.47,24.51,24.68,24.85,-0.17,-0.6841,19613.98,48910.5055
300967.SZ,晓鸣股份,20260828,17.39,17.75,17.23,17.66,17.45,0.21,1.2034,54270.75,95158.02525
300968.SZ,格林精密,20260828,10.45,10.45,10.1,10.21,10.6,-0.39,-3.6792,105889.38,108742.09346
300969.SZ,恒帅股份,20260828,77.41,83.22,77.41,78.15,77.41,0.74,0.9559,24714.53,197463.66489
300970.SZ,华绿生物,20260828,20.75,21.3,19.86,20.82,20.35,0.47,2.3096,347790.56,720516.77972
300971.SZ,博亚精工,20260828,18.13,18.38,18.03,18.3,18.15,0.15,0.8264,20936.2,38245.1374
300972.SZ,万辰集团,20260828,188.0,200.71,186.8,194.38,189.0,5.38,2.8466,34633.02,675814.62864
300973.SZ,立高食品,20260828,25.33,26.22,25.06,25.91,25.05,0.86,3.4331,42812.56,110913.14865
300975.SZ,商络电子,20260828,25.98,27.17,25.72,26.0,25.91,0.09,0.3474,525454.28,1392437.15322
300976.SZ,达瑞电子,20260828,59.6,60.0,56.95,57.09,59.67,-2.58,-4.3238,45378.2,264070.66896
300977.SZ,深圳瑞捷,20260828,16.38,17.97,16.2,16.99,16.4,0.59,3.5976,50753.21,87052.83475
300978.SZ,东箭科技,20260828,8.87,8.99,8.77,8.89,8.79,0.1,1.1377,40294.51,35951.46939
300979.SZ,华利集团,20260828,33.7,33.95,33.4,33.69,33.71,-0.02,-0.0593,11660.0,39290.73
300980.SZ,祥源新材,20260828,23.37,23.98,23.24,23.32,23.37,-0.05,-0.2139,45864.9,108008.8588
300981.SZ,中红医疗,20260828,16.88,17.0,15.98,16.0,16.87,-0.87,-5.1571,259266.3,422441.92407
300982.SZ,苏文电能,20260828,15.02,15.05,14.72,14.89,14.89,0.0,0.0,18970.34,28338.90991
300983.SZ,尤安设计,20260828,38.99,39.6,38.55,39.49,38.87,0.62,1.5951,8968.0,35142.271
300984.SZ,金沃股份,20260828,31.87,33.66,31.43,32.4,31.57,0.83,2.6291,45297.16,146307.48383
300985.SZ,致远新能,20260828,39.11,42.65,37.5,37.71,38.38,-0.67,-1.7457,65713.72,255630.95664
300986.SZ,志特新材,20260828,12.03,12.76,11.56,12.43,11.67,0.76,6.5124,663083.71,809216.13959
300987.SZ,川网传媒,20260828,13.49,13.7,13.49,13.59,13.48,0.11,0.816,24460.85,33276.92145
300988.SZ,津荣天宇,20260828,14.9,15.0,14.76,14.88,14.91,-0.03,-0.2012,24816.4,36992.3544
300989.SZ,蕾奥规划,20260828,14.34,15.5,14.19,15.08,14.24,0.84,5.8989,91294.18,135760.02648
300990.SZ,同飞股份,20260828,90.73,93.5,89.06,89.82,91.13,-1.31,-1.4375,105404.42,965106.08142
300991.SZ,创益通,20260828,28.07,29.2,27.78,28.11,28.11,0.0,0.0,24357.0,69380.741
300992.SZ,泰福泵业,20260828,24.9,25.68,24.84,25.15,24.76,0.39,1.5751,19352.0,49024.951
300993.SZ,玉马科技,20260828,9.91,10.19,9.86,10.02,9.91,0.11,1.11,34276.7,34348.1002
300994.SZ,久祺股份,20260828,11.42,11.64,11.36,11.56,11.42,0.14,1.2259,13697.8,15806.177
300995.SZ,奇德新材,20260828,26.53,26.85,25.88,26.51,26.55,-0.04,-0.1507,13145.96,34845.63785
300996.SZ,普联软件,20260828,14.69,14.86,13.86,13.88,14.05,-0.17,-1.21,697715.87,1003781.38918
300997.SZ,欢乐家,20260828,16.63,17.71,16.45,17.46,16.64,0.82,4.9279,103256.31,177894.46104
300998.SZ,宁波方正,20260828,28.64,28.72,26.81,26.87,28.08,-1.21,-4.3091,53918.42,148451.25928
300999.SZ,金龙鱼,20260828,26.25,26.59,25.98,26.47,26.24,0.23,0.8765,124887.16,328860.03162
301000.SZ,肇民科技,20260828,24.4,24.73,24.13,24.16,24.4,-0.24,-0.9836,30852.18,75399.88036
301001.SZ,凯淳股份,20260828,24.05,24.53,23.94,24.19,23.94,0.25,1.0443,11201.56,27085.13032
301002.SZ,崧盛股份,20260828,28.29,29.17,28.02,28.16,28.33,-0.17,-0.6001,44360.26,126165.34714
301003.SZ,江苏博云,20260828,62.2,62.93,61.06,61.41,62.04,-0.63,-1.0155,16118.03,99583.65614
301004.SZ,嘉益股份,20260828,35.19,35.37,34.49,34.6,35.2,-0.6,-1.7045,5001.0,17394.565
301005.SZ,超捷股份,20260828,70.86,71.13,68.51,68.65,71.14,-2.49,-3.5001,73003.74,507871.06077
301006.SZ,迈拓股份,20260828,13.71,13.9,13.68,13.82,13.69,0.13,0.9496,12343.0,17032.524
301007.SZ,德迈仕,20260828,29.67,30.36,29.52,30.05,29.73,0.32,1.0764,31582.87,94915.48935
301008.SZ,宏昌科技,20260828,38.98,40.84,37.9,37.9,39.19,-1.29,-3.2917,80012.01,314452.96597
301009.SZ,可靠股份,20260828,9.16,9.32,9.12,9.29,9.19,0.1,1.0881,20590.0,19076.329
301010.SZ,晶雪节能,20260828,17.68,17.85,17.56,17.75,17.63,0.12,0.6807,10623.0,18853.687
301011.SZ,华立科技,20260828,14.75,15.32,14.67,14.87,14.66,0.21,1.4325,30278.93,45346.71104
301012.SZ,扬电科技,20260828,23.51,23.77,23.25,23.27,23.68,-0.41,-1.7314,59703.86,140252.6144
301013.SZ,利和兴,20260828,40.31,41.39,39.0,39.05,40.3,-1.25,-3.1017,191933.02,767834.9153
301015.SZ,百洋医药,20260828,24.41,25.82,24.24,25.15,24.6,0.55,2.2358,107727.22,271987.16324
301016.SZ,雷尔伟,20260828,12.49,12.55,12.35,12.53,12.47,0.06,0.4812,20405.4,25448.81
301017.SZ,漱玉平民,20260828,13.33,13.8,13.2,13.49,13.39,0.1,0.7468,84897.0,114748.492
301018.SZ,申菱环境,20260828,105.72,108.18,102.83,103.17,107.88,-4.71,-4.366,180960.9,1908853.89948
301019.SZ,宁波色母,20260828,15.48,15.54,15.35,15.4,15.46,-0.06,-0.3881,12214.0,18858.0548
301020.SZ,密封科技,20260828,21.41,21.45,21.02,21.21,21.31,-0.1,-0.4693,16341.0,34717.506
301021.SZ,英诺激光,20260828,81.0,83.79,78.55,79.05,81.83,-2.78,-3.3973,76765.44,622405.17258
301022.SZ,海泰科,20260828,22.93,23.46,22.73,23.1,22.8,0.3,1.3158,13103.3,30337.6732
301023.SZ,奕帆传动,20260828,28.47,29.15,28.38,28.73,28.46,0.27,0.9487,10093.28,29117.5015
301024.SZ,霍普股份,20260828,32.23,32.81,31.83,32.27,31.97,0.3,0.9384,5689.7,18450.2625
301025.SZ,读客文化,20260828,9.28,9.32,9.06,9.08,9.2,-0.12,-1.3043,82886.91,75931.39637
301026.SZ,浩通科技,20260828,21.31,21.66,20.96,21.54,21.41,0.13,0.6072,78469.08,167690.04186
301027.SZ,华蓝集团,20260828,21.1,21.28,20.78,20.94,20.95,-0.01,-0.0477,30687.0,64511.254
301028.SZ,鼎熔岩,20260828,13.35,13.5,13.26,13.4,13.39,0.01,0.0747,36478.0,48771.05048
301029.SZ,怡合达,20260828,25.9,26.33,25.56,25.6,25.96,-0.36,-1.3867,86793.52,224903.73858
301030.SZ,*ST仕净,20260828,8.27,8.57,8.15,8.16,8.35,-0.19,-2.2754,68254.0,56589.8548
301031.SZ,中熔电气,20260828,98.09,98.49,94.0,94.0,98.26,-4.26,-4.3354,28146.57,270788.94492
301032.SZ,新柴股份,20260828,10.27,10.43,10.23,10.38,10.25,0.13,1.2683,36604.82,37815.23952
301033.SZ,迈普医学,20260828,53.63,54.06,53.0,53.71,53.73,-0.02,-0.0372,10907.18,58410.73758
301035.SZ,润丰股份,20260828,57.08,58.0,56.3,57.64,57.16,0.48,0.8397,13883.99,79452.79584
301036.SZ,双乐股份,20260828,22.3,22.64,22.23,22.56,22.23,0.33,1.4845,7873.37,17699.10435
301037.SZ,保立佳,20260828,13.07,13.28,12.91,13.02,13.08,-0.06,-0.4587,29284.0,38281.2893
301038.SZ,深水规院,20260828,16.9,17.22,16.85,17.08,16.96,0.12,0.7075,30126.54,51460.81934
301039.SZ,中集车辆,20260828,8.19,8.19,8.04,8.1,8.17,-0.07,-0.8568,73541.23,59612.92876
301040.SZ,中环海陆,20260828,27.19,27.48,26.68,26.68,27.19,-0.51,-1.8757,15135.0,40921.537
301041.SZ,金百泽,20260828,27.8,28.7,27.5,27.95,27.71,0.24,0.8661,41889.0,118331.07208
301042.SZ,安联锐视,20260828,33.0,33.86,32.48,32.48,33.2,-0.72,-2.1687,42294.99,139553.3444
301043.SZ,绿岛风,20260828,43.83,44.6,43.01,43.96,43.6,0.36,0.8257,6921.0,30466.957
301045.SZ,天禄科技,20260828,68.58,70.35,66.06,67.08,68.3,-1.22,-1.7862,50623.7,343641.8167
301046.SZ,能辉科技,20260828,23.2,24.08,22.8,23.39,23.39,0.0,0.0,40379.0,94318.68283
301047.SZ,义翘神州,20260828,104.37,104.98,101.31,101.91,105.9,-3.99,-3.7677,64534.75,663131.97616
301048.SZ,金鹰重工,20260828,9.08,9.2,9.03,9.18,9.08,0.1,1.1013,58726.9,53575.8848
301049.SZ,超越科技,20260828,20.31,20.67,20.25,20.62,20.31,0.31,1.5263,9412.27,19267.54161
301050.SZ,雷电微力,20260828,29.25,29.83,29.14,29.31,29.36,-0.05,-0.1703,25558.65,75391.54994
301051.SZ,信濠光电,20260828,17.39,18.32,17.1,17.82,17.39,0.43,2.4727,143041.31,255636.91363
301052.SZ,果麦文化,20260828,23.05,23.3,22.9,23.01,22.99,0.02,0.087,20170.95,46520.20349
301053.SZ,远信工业,20260828,39.45,40.51,39.31,40.49,39.65,0.84,2.1185,64879.07,259693.29947
301055.SZ,张小泉,20260828,32.99,33.0,30.0,30.5,29.54,0.96,3.2498,119341.46,369602.43631
301056.SZ,森赫股份,20260828,12.03,13.43,11.92,13.19,11.99,1.2,10.0083,101057.01,131844.38594
301057.SZ,汇隆新材,20260828,22.89,23.59,21.96,22.03,23.23,-1.2,-5.1657,45629.54,102498.98742
301058.SZ,中粮科工,20260828,8.93,9.56,8.82,9.2,8.97,0.23,2.5641,239300.0,220398.41876
301059.SZ,金三江,20260828,11.87,12.15,11.8,12.08,11.84,0.24,2.027,44433.53,53552.97077
301060.SZ,兰卫医学,20260828,11.64,11.72,11.15,11.16,11.76,-0.6,-5.102,233520.17,265626.82097
301061.SZ,匠心家居,20260828,33.74,34.13,33.35,33.54,33.75,-0.21,-0.6222,17598.0,59387.12968
301062.SZ,上海艾录,20260828,7.08,7.5,7.04,7.43,7.09,0.34,4.7955,104374.0,76224.849
301063.SZ,海锅股份,20260828,18.05,18.29,17.88,18.18,17.97,0.21,1.1686,13222.95,24011.5643
301065.SZ,本立科技,20260828,19.78,19.96,19.63,19.89,19.78,0.11,0.5561,21420.5,42469.75775
301066.SZ,万事利,20260828,11.91,12.5,11.87,12.29,11.95,0.34,2.8452,50025.83,61367.57881
301067.SZ,显盈科技,20260828,28.49,30.57,27.91,29.64,28.5,1.14,4.0,46339.7,136993.0611
301068.SZ,大地海洋,20260828,27.87,28.56,27.27,27.63,28.0,-0.37,-1.3214,17645.51,49429.58163
301069.SZ,凯盛新材,20260828,16.49,17.25,16.36,16.98,16.57,0.41,2.4744,93682.47,159137.93783
301070.SZ,开勒股份,20260828,65.82,65.82,63.4,63.54,65.87,-2.33,-3.5373,22671.98,146193.74509
301071.SZ,力量钻石,20260828,61.46,63.37,61.0,61.15,61.77,-0.62,-1.0037,136258.04,846475.86642
301072.SZ,中捷精工,20260828,45.68,46.29,44.42,45.26,45.61,-0.35,-0.7674,21571.0,97768.325
301073.SZ,君亭酒店,20260828,19.67,20.8,19.53,20.04,19.55,0.49,2.5064,121750.02,246281.8431
301075.SZ,多瑞医药,20260828,57.0,57.19,55.4,55.42,57.0,-1.58,-2.7719,12552.0,70338.906
301076.SZ,新瀚新材,20260828,22.09,23.85,21.83,22.96,20.76,2.2,10.5973,196913.03,449979.15769
301077.SZ,星华新材,20260828,20.8,21.47,20.75,21.11,20.74,0.37,1.784,27600.09,58533.04645
301078.SZ,孩子王,20260828,7.17,7.43,7.11,7.4,7.18,0.22,3.0641,239306.29,175045.05791
301079.SZ,邵阳液压,20260828,27.93,28.59,27.84,28.01,28.08,-0.07,-0.2493,19992.33,56297.35487
301080.SZ,百普赛斯,20260828,85.93,86.08,81.23,82.5,86.09,-3.59,-4.1701,122574.72,1018047.20416
301081.SZ,严牌股份,20260828,14.35,14.42,13.94,14.17,14.1,0.07,0.4965,55919.85,79218.1853
301082.SZ,久盛电气,20260828,9.84,9.91,9.71,9.88,9.79,0.09,0.9193,106132.98,104464.59462
301083.SZ,百胜智能,20260828,13.9,14.15,13.88,14.02,13.88,0.14,1.0086,12390.0,17360.221
301085.SZ,亚康股份,20260828,62.36,63.3,60.6,60.6,59.32,1.28,2.1578,67136.94,416538.06651
301086.SZ,鸿富瀚,20260828,127.01,131.98,124.1,124.4,126.8,-2.4,-1.8927,46660.65,597023.35134
301087.SZ,可孚医疗,20260828,50.83,51.34,50.21,50.9,50.83,0.07,0.1377,18148.78,92304.5774
301088.SZ,戎美股份,20260828,12.95,13.85,12.79,13.06,12.76,0.3,2.3511,35188.15,46750.5153
301089.SZ,拓新药业,20260828,24.28,24.28,23.59,23.6,24.33,-0.73,-3.0004,25725.56,61248.93932
301090.SZ,华润材料,20260828,7.02,7.24,6.96,7.17,6.96,0.21,3.0172,146659.14,104567.94026
301091.SZ,深城交,20260828,18.22,18.6,18.12,18.27,18.28,-0.01,-0.0547,52703.33,96479.2637
301092.SZ,争光股份,20260828,45.91,46.96,44.57,44.6,46.05,-1.45,-3.1488,44685.75,203371.42377
301093.SZ,华兰股份,20260828,74.93,75.56,71.01,71.68,74.92,-3.24,-4.3246,58563.3,426781.9003
301095.SZ,广立微,20260828,75.8,77.9,74.73,74.78,75.45,-0.67,-0.888,53528.23,408831.46782
301096.SZ,百诚医药,20260828,45.0,45.75,44.0,44.53,44.93,-0.4,-0.8903,31619.4,141953.84319
301097.SZ,天益医疗,20260828,33.2,34.5,33.06,34.01,33.38,0.63,1.8874,6729.18,22894.39102
301098.SZ,金埔园林,20260828,9.13,9.26,9.05,9.12,9.17,-0.05,-0.5453,65485.97,60077.23549
301099.SZ,雅创电子,20260828,52.28,52.99,50.65,50.69,52.17,-1.48,-2.8369,77431.52,401127.81665
301100.SZ,风光股份,20260828,16.25,16.32,15.93,16.19,15.99,0.2,1.2508,11755.0,19014.465
301101.SZ,明月镜片,20260828,29.7,29.87,29.27,29.27,29.7,-0.43,-1.4478,18360.36,54286.15864
301102.SZ,兆讯传媒,20260828,9.31,9.38,9.25,9.3,9.26,0.04,0.432,13884.75,12907.96325
301103.SZ,何氏眼科,20260828,16.65,16.7,16.37,16.5,16.66,-0.16,-0.9604,20590.43,33984.92907
301105.SZ,鸿铭股份,20260828,46.58,48.22,46.58,47.55,46.58,0.97,2.0824,6359.09,30191.81626
301106.SZ,骏成科技,20260828,19.98,20.4,19.7,19.74,20.33,-0.59,-2.9021,80857.58,161289.02081
301107.SZ,瑜欣电子,20260828,23.62,23.98,23.11,23.23,23.64,-0.41,-1.7343,33853.11,79462.8321
301108.SZ,洁雅股份,20260828,38.83,38.99,37.92,38.32,39.03,-0.71,-1.8191,9654.4,37060.3758
301109.SZ,军信股份,20260828,13.19,13.23,13.05,13.17,13.19,-0.02,-0.1516,31796.41,41790.56574
301110.SZ,青木科技,20260828,34.88,36.14,34.42,35.0,34.53,0.47,1.3611,38046.98,134527.505
301111.SZ,粤万年青,20260828,23.52,26.0,23.52,24.02,22.75,1.27,5.5824,197645.56,485000.38116
301112.SZ,信邦智能,20260828,30.5,31.12,29.5,29.89,30.66,-0.77,-2.5114,8971.67,27139.5388
301113.SZ,雅艺科技,20260828,17.1,17.31,17.0,17.2,17.1,0.1,0.5848,8959.91,15405.22453
301115.SZ,联检科技,20260828,29.88,30.38,28.73,28.86,29.64,-0.78,-2.6316,47812.0,141016.00456
301116.SZ,益客食品,20260828,9.73,9.79,9.56,9.64,9.74,-0.1,-1.0267,52091.0,50376.558
301117.SZ,ST佳缘,20260828,13.1,13.28,12.9,13.08,12.94,0.14,1.0819,159937.34,209748.6655
301118.SZ,恒光股份,20260828,23.76,24.49,23.6,24.16,23.71,0.45,1.8979,48635.32,117187.314
301119.SZ,正强股份,20260828,24.08,26.45,24.02,25.96,24.0,1.96,8.1667,61038.6,154723.57726
301120.SZ,新特电气,20260828,15.09,15.24,14.82,14.87,15.08,-0.21,-1.3926,58751.01,88267.95422
301121.SZ,紫建电子,20260828,35.62,36.15,35.11,35.11,35.76,-0.65,-1.8177,12305.41,43798.06432
301122.SZ,采纳股份,20260828,38.67,39.45,38.18,38.35,38.72,-0.37,-0.9556,34490.13,133771.64466
301123.SZ,奕东电子,20260828,78.9,79.06,75.6,75.7,78.94,-3.24,-4.1044,84423.99,652882.30138
301125.SZ,腾亚精工,20260828,12.44,12.85,12.4,12.78,12.48,0.3,2.4038,33917.46,43059.55338
301126.SZ,达嘉维康,20260828,10.35,10.42,10.25,10.35,10.3,0.05,0.4854,27763.0,28693.82
301127.SZ,武汉天源,20260828,19.9,20.32,19.45,19.72,19.48,0.24,1.232,357123.46,706358.81224
301128.SZ,强瑞技术,20260828,120.0,121.86,112.35,112.6,120.17,-7.57,-6.2994,92136.1,1073497.86018
301129.SZ,瑞纳智能,20260828,23.67,23.68,23.32,23.41,23.77,-0.36,-1.5145,32332.6,75929.47522
301130.SZ,西点药业,20260828,34.25,34.27,30.83,33.4,35.62,-2.22,-6.2325,165757.27,541979.75704
301131.SZ,聚赛龙,20260828,33.65,34.1,33.53,33.98,33.65,0.33,0.9807,6435.0,21807.093
301132.SZ,满坤科技,20260828,37.5,38.39,37.07,37.52,37.57,-0.05,-0.1331,37075.06,139834.93696
301133.SZ,金钟股份,20260828,30.96,31.24,30.48,30.72,30.96,-0.24,-0.7752,22921.0,70787.932
301135.SZ,瑞德智能,20260828,17.25,17.47,17.08,17.45,17.28,0.17,0.9838,15359.9,26679.93301
301136.SZ,招标股份,20260828,11.51,11.72,11.36,11.62,11.4,0.22,1.9298,48759.0,56519.119
301137.SZ,哈焊华通,20260828,31.8,32.79,31.65,32.12,31.88,0.24,0.7528,54423.38,175698.69333
301138.SZ,华研精机,20260828,28.31,28.73,28.3,28.69,28.53,0.16,0.5608,15584.98,44569.74346
301139.SZ,*ST元道,20260828,3.53,3.56,3.31,3.31,3.51,-0.2,-5.698,106858.0,36224.43
301141.SZ,中科磁业,20260828,41.51,41.98,40.45,40.52,42.0,-1.48,-3.5238,30003.93,122300.75459
301148.SZ,嘉戎技术,20260828,52.56,54.05,51.9,52.02,52.11,-0.09,-0.1727,14698.72,77732.541
301149.SZ,隆华新材,20260828,8.49,8.76,8.48,8.56,8.5,0.06,0.7059,178548.86,153003.92748
301150.SZ,中一科技,20260828,40.4,41.2,39.08,39.1,40.2,-1.1,-2.7363,230757.21,922516.48367
301151.SZ,冠龙节能,20260828,17.01,18.01,17.01,17.28,17.15,0.13,0.758,29632.3,51887.1015
301152.SZ,天力锂能,20260828,22.69,22.83,22.09,22.13,22.67,-0.54,-2.382,84295.66,187980.70607
301153.SZ,中科江南,20260828,17.98,18.18,17.48,17.52,17.65,-0.13,-0.7365,48317.34,85453.17636
301155.SZ,海力风电,20260828,40.51,40.85,39.79,39.83,40.8,-0.97,-2.3775,34124.46,136970.05372
301156.SZ,美农生物,20260828,11.65,12.82,11.64,12.55,11.74,0.81,6.8995,150452.14,185253.39689
301157.SZ,华塑科技,20260828,60.55,61.22,58.2,59.49,60.18,-0.69,-1.1466,7418.5,44645.9424
301158.SZ,德石股份,20260828,15.01,15.16,14.9,15.04,15.02,0.02,0.1332,39098.71,58807.81654
301159.SZ,三维天地,20260828,32.28,33.95,31.75,32.35,31.55,0.8,2.5357,44393.0,145751.181
301160.SZ,翔楼新材,20260828,46.04,50.5,45.8,48.66,46.93,1.73,3.6863,87263.75,427486.67751
301161.SZ,唯万密封,20260828,29.7,30.43,29.14,29.14,29.51,-0.37,-1.2538,44556.05,132541.2347
301162.SZ,国能日新,20260828,37.83,38.76,37.6,37.63,37.7,-0.07,-0.1857,20928.94,79567.74207
301163.SZ,宏德股份,20260828,23.22,23.55,23.0,23.29,23.31,-0.02,-0.0858,16128.0,37519.251
301165.SZ,锐捷网络,20260828,117.88,126.88,117.88,119.4,120.25,-0.85,-0.7069,221507.62,2732486.26352
301166.SZ,优宁维,20260828,29.8,29.91,29.45,29.52,29.88,-0.36,-1.2048,24280.79,71947.33845
301167.SZ,建研设计,20260828,14.17,14.22,13.83,14.03,14.44,-0.41,-2.8393,34983.0,49100.424
301168.SZ,通灵股份,20260828,41.35,41.85,41.34,41.43,41.64,-0.21,-0.5043,5036.0,20932.30505
301169.SZ,零点有数,20260828,55.44,56.18,53.8,53.93,55.44,-1.51,-2.7237,23951.04,131670.8465
301170.SZ,锡南科技,20260828,22.76,23.02,22.76,22.96,22.84,0.12,0.5254,6605.0,15135.499
301171.SZ,易点天下,20260828,35.9,37.86,34.66,35.42,35.13,0.29,0.8255,1037430.56,3743389.86253
301172.SZ,君逸数码,20260828,17.21,17.87,17.07,17.1,17.18,-0.08,-0.4657,62940.91,109473.74499
301173.SZ,毓恬冠佳,20260828,31.66,33.58,31.66,32.95,31.88,1.07,3.3563,16092.0,53089.2403
301175.SZ,中科环保,20260828,5.64,5.69,5.6,5.66,5.64,0.02,0.3546,119920.78,67719.40814
301176.SZ,逸豪新材,20260828,46.07,47.85,46.07,46.22,46.63,-0.41,-0.8793,53621.5,251132.75658
301177.SZ,迪阿股份,20260828,26.13,27.32,25.51,26.47,26.38,0.09,0.3412,80088.95,210608.67186
301178.SZ,天亿马,20260828,35.21,35.77,34.33,34.38,35.21,-0.83,-2.3573,18636.0,65280.5152
301179.SZ,泽宇智能,20260828,19.7,21.05,19.58,20.66,19.73,0.93,4.7136,125583.18,258360.50692
301180.SZ,万祥科技,20260828,11.82,12.06,11.72,11.95,11.85,0.1,0.8439,31054.0,36915.04
301181.SZ,标榜股份,20260828,23.55,23.84,23.4,23.52,23.6,-0.08,-0.339,13526.97,31943.39066
301182.SZ,凯旺科技,20260828,74.0,74.87,70.42,70.8,72.34,-1.54,-2.1288,33757.0,242431.86732
301183.SZ,东田微,20260828,234.8,240.0,230.5,230.9,236.0,-5.1,-2.161,38873.83,912584.48258
301185.SZ,鸥玛软件,20260828,16.67,17.1,16.63,16.88,16.45,0.43,2.614,35502.82,60040.1384
301186.SZ,超达装备,20260828,35.0,37.99,34.0,37.4,34.6,2.8,8.0925,34454.7,128001.8529
301187.SZ,欧圣电气,20260828,14.75,14.81,14.36,14.43,14.9,-0.47,-3.1544,23765.4,34509.7046
301188.SZ,力诺药包,20260828,37.5,38.3,36.87,36.99,38.03,-1.04,-2.7347,109160.02,408550.02837
301189.SZ,奥尼电子,20260828,53.38,56.22,53.11,54.51,53.18,1.33,2.5009,61126.43,333103.26386
301190.SZ,善水科技,20260828,19.8,21.5,19.29,21.12,20.11,1.01,5.0224,132529.37,271511.57866
301191.SZ,菲菱科思,20260828,92.0,94.48,87.8,88.05,94.5,-6.45,-6.8254,63311.84,576182.81184
301192.SZ,泰祥股份,20260828,19.75,20.05,19.61,19.9,19.69,0.21,1.0665,10387.5,20687.9835
301193.SZ,家联科技,20260828,17.78,18.97,17.71,18.63,17.87,0.76,4.2529,77784.77,143958.62352
301195.SZ,北路智控,20260828,26.29,26.73,26.21,26.33,26.26,0.07,0.2666,12052.0,31923.285
301196.SZ,唯科科技,20260828,98.23,102.18,93.82,94.09,98.9,-4.81,-4.8635,100523.48,985147.0041
301197.SZ,工大科雅,20260828,25.7,26.13,25.15,25.26,25.7,-0.44,-1.7121,23051.0,59085.326
301198.SZ,喜悦智行,20260828,13.21,13.52,12.8,12.88,13.38,-0.5,-3.7369,50749.38,66186.84255
301199.SZ,迈赫股份,20260828,17.93,18.87,17.71,17.72,17.59,0.13,0.7391,38012.31,68769.85876
301200.SZ,大族数控,20260828,279.0,282.66,268.03,268.36,282.4,-14.04,-4.9717,30064.86,824617.19169
301201.SZ,诚达药业,20260828,36.79,36.79,34.52,34.59,36.34,-1.75,-4.8156,70549.15,248338.40617
301202.SZ,朗威股份,20260828,36.2,36.71,35.8,35.81,36.53,-0.72,-1.971,15386.77,55651.96801
301203.SZ,国泰环保,20260828,34.28,35.0,34.03,34.13,34.23,-0.1,-0.2921,3920.65,13484.1451
301205.SZ,联特科技,20260828,332.8,340.88,320.0,320.85,329.5,-8.65,-2.6252,87543.57,2874856.4023
301206.SZ,三元生物,20260828,23.66,24.0,23.65,23.9,23.8,0.1,0.4202,11024.5,26320.1106
301207.SZ,华兰疫苗,20260828,18.16,18.16,17.78,17.81,18.26,-0.45,-2.4644,68445.73,122337.96361
301208.SZ,中亦科技,20260828,30.85,31.1,30.42,30.49,30.92,-0.43,-1.3907,20212.0,62277.74925
301209.SZ,联合化学,20260828,60.04,60.47,58.81,58.95,59.78,-0.83,-1.3884,17952.6,106639.07658
301210.SZ,金杨精密,20260828,24.1,24.67,24.0,24.05,24.22,-0.17,-0.7019,26608.04,64574.70624
301211.SZ,亨迪药业,20260828,12.81,12.98,12.52,12.56,12.97,-0.41,-3.1611,153786.28,194417.30745
301212.SZ,联盛化学,20260828,24.8,25.58,24.68,25.42,24.99,0.43,1.7207,22876.0,57976.615
301213.SZ,观想科技,20260828,40.0,41.1,40.0,40.35,40.2,0.15,0.3731,10219.2,41296.7588
301215.SZ,中汽股份,20260828,5.4,5.44,5.38,5.41,5.4,0.01,0.1852,70969.81,38388.42901
301216.SZ,万凯新材,20260828,17.81,19.68,17.75,19.01,17.8,1.21,6.7978,498927.28,938227.53216
301217.SZ,铜冠铜箔,20260828,113.15,119.48,113.01,114.39,114.53,-0.14,-0.1222,376570.82,4360283.52304
301218.SZ,华是科技,20260828,45.98,50.45,44.81,48.45,45.6,2.85,6.25,160643.07,776993.55533
301219.SZ,腾远钴业,20260828,46.73,46.79,46.04,46.29,46.54,-0.25,-0.5372,63339.13,293705.39426
301220.SZ,亚香股份,20260828,28.72,29.23,27.43,27.59,29.29,-1.7,-5.804,22566.0,62970.54424
301221.SZ,光庭信息,20260828,27.75,28.96,27.75,28.37,27.86,0.51,1.8306,22587.16,64620.95452
301222.SZ,浙江恒威,20260828,24.08,26.44,23.76,25.3,24.06,1.24,5.1538,28175.41,70808.08918
301223.SZ,中荣股份,20260828,17.22,17.25,16.9,16.92,17.33,-0.41,-2.3658,19897.0,33817.464
301225.SZ,恒勃股份,20260828,58.59,59.09,56.03,57.78,58.0,-0.22,-0.3793,22641.4,129947.99384
301226.SZ,祥明智能,20260828,28.81,29.29,28.37,28.48,29.13,-0.65,-2.2314,14298.0,41051.986
301227.SZ,森鹰窗业,20260828,31.49,32.75,31.19,31.35,31.49,-0.14,-0.4446,17306.8,54944.3466
301228.SZ,实朴检测,20260828,64.8,68.3,64.6,66.15,65.24,0.91,1.3948,38700.0,258448.937
301229.SZ,纽泰格,20260828,12.16,12.36,12.13,12.31,12.2,0.11,0.9016,26698.0,32813.655
301230.SZ,泓博医药,20260828,31.9,32.65,30.88,30.95,32.79,-1.84,-5.6115,150957.17,477699.82288
301231.SZ,荣信文化,20260828,26.61,26.83,26.02,26.07,26.41,-0.34,-1.2874,31289.05,82493.9604
301232.SZ,飞沃科技,20260828,103.02,104.71,97.14,97.2,104.0,-6.8,-6.5385,50089.24,498879.70877
301233.SZ,盛帮股份,20260828,33.34,33.61,33.11,33.3,33.08,0.22,0.6651,8513.4,28427.3824
301234.SZ,五洲医疗,20260828,106.0,106.0,98.16,99.19,105.76,-6.57,-6.2122,21520.06,218873.72072
301235.SZ,华康洁净,20260828,46.65,48.4,45.61,45.63,46.88,-1.25,-2.6664,93266.29,436493.32812
301236.SZ,软通动力,20260828,37.79,38.44,37.08,37.12,37.39,-0.27,-0.7221,210655.55,795948.27864
301237.SZ,和顺科技,20260828,55.13,56.1,53.37,54.33,55.12,-0.79,-1.4332,16829.0,92001.173
301238.SZ,瑞泰新材,20260828,16.45,16.59,16.37,16.4,16.49,-0.09,-0.5458,93042.05,153044.4938
301239.SZ,普瑞眼科,20260828,35.63,36.25,35.0,35.42,35.85,-0.43,-1.1994,27350.91,97827.92821
301246.SZ,宏源药业,20260828,20.11,20.19,19.28,19.75,21.39,-1.64,-7.6671,193681.13,382533.93468
301248.SZ,杰创智能,20260828,59.88,60.63,57.07,57.1,59.89,-2.79,-4.6585,40664.01,238623.76682
301251.SZ,威尔高,20260828,49.5,51.2,48.45,49.59,49.06,0.53,1.0803,83481.79,420691.71747
301252.SZ,同星科技,20260828,35.58,36.23,34.91,35.09,35.76,-0.67,-1.8736,32057.87,114063.02687
301255.SZ,通力科技,20260828,19.84,20.0,19.75,19.83,19.79,0.04,0.2021,9560.96,19025.17536
301256.SZ,华融化学,20260828,10.2,10.47,10.2,10.4,10.27,0.13,1.2658,31214.48,32385.32536
301257.SZ,普蕊斯,20260828,44.59,44.59,42.86,43.0,44.43,-1.43,-3.2185,33182.74,144254.19188
301258.SZ,富士莱,20260828,26.11,26.26,25.94,26.13,26.16,-0.03,-0.1147,6515.0,17003.706
301259.SZ,艾布鲁,20260828,21.4,22.08,21.05,21.08,22.43,-1.35,-6.0187,85704.6,184095.87695
301260.SZ,格力博,20260828,12.51,12.7,12.2,12.46,13.55,-1.09,-8.0443,87232.72,108842.32059
301261.SZ,恒工精密,20260828,55.8,56.66,54.9,55.01,55.88,-0.87,-1.5569,14673.75,81530.87321
301262.SZ,海看股份,20260828,18.59,18.78,18.51,18.61,18.56,0.05,0.2694,33085.0,61580.444
301263.SZ,泰恩康,20260828,19.72,20.16,19.42,19.47,19.72,-0.25,-1.2677,30619.98,60251.62416
301265.SZ,华新科技,20260828,19.33,19.73,18.48,18.54,19.03,-0.49,-2.5749,73263.22,138286.92
301266.SZ,宇邦新材,20260828,23.1,24.99,23.01,24.97,23.26,1.71,7.3517,65037.58,157796.31533
301267.SZ,华厦眼科,20260828,15.71,15.8,15.2,15.3,16.11,-0.81,-5.0279,108982.9,167088.2447
301268.SZ,铭利达,20260828,13.19,13.24,12.63,12.89,13.41,-0.52,-3.8777,56046.37,72503.11553
301269.SZ,华大九天,20260828,96.62,100.6,96.02,96.1,96.62,-0.52,-0.5382,83293.6,817634.49808
301270.SZ,汉仪股份,20260828,32.0,32.45,31.42,31.56,31.93,-0.37,-1.1588,21940.0,69910.384
301272.SZ,英华特,20260828,34.34,34.83,34.28,34.69,34.54,0.15,0.4343,5493.0,19016.478
301273.SZ,瑞晨环保,20260828,40.65,43.77,38.21,39.07,40.48,-1.41,-3.4832,60362.7,243536.02243
301275.SZ,汉朔科技,20260828,41.62,42.8,41.34,42.27,41.6,0.67,1.6106,52191.87,219848.14795
301276.SZ,嘉曼服饰,20260828,20.03,20.16,18.44,18.44,20.06,-1.62,-8.0758,74733.83,141089.63906
301277.SZ,新天地,20260828,10.4,10.55,10.29,10.31,10.45,-0.14,-1.3397,32556.1,33685.6399
301278.SZ,快可电子,20260828,28.1,28.83,28.01,28.62,27.95,0.67,2.3971,16062.04,45938.5322
301279.SZ,金道科技,20260828,21.3,21.4,20.9,20.91,21.24,-0.33,-1.5537,14367.5,30338.0221
301280.SZ,珠城科技,20260828,42.8,43.42,41.94,42.18,43.16,-0.98,-2.2706,20706.29,88130.6622
301281.SZ,科源制药,20260828,46.21,49.26,45.48,48.2,46.35,1.85,3.9914,36419.24,172533.5918
301282.SZ,金禄电子,20260828,34.46,35.85,33.8,33.88,34.78,-0.9,-2.5877,162335.11,561140.53898
301283.SZ,聚胶股份,20260828,25.2,25.51,25.02,25.4,25.41,-0.01,-0.0394,6890.35,17460.64615
301285.SZ,鸿日达,20260828,89.67,90.0,86.39,86.7,90.79,-4.09,-4.5049,24743.4,217515.36938
301286.SZ,侨源股份,20260828,47.52,48.0,46.03,46.06,47.75,-1.69,-3.5393,22647.9,106193.95227
301287.SZ,康力源,20260828,42.46,42.8,41.3,41.47,42.23,-0.76,-1.7997,9942.15,41609.55344
301288.SZ,清研环境,20260828,17.13,17.57,17.08,17.38,17.06,0.32,1.8757,11657.0,20262.436
301289.SZ,国缆检测,20260828,45.9,46.4,45.1,45.13,46.65,-1.52,-3.2583,21220.0,96676.19904
301290.SZ,东星医疗,20260828,28.58,28.99,28.33,28.37,28.63,-0.26,-0.9081,11867.28,33853.88192
301291.SZ,明阳电气,20260828,34.57,34.83,33.95,33.97,34.98,-1.01,-2.8874,68105.28,233915.79755
301292.SZ,海科新源,20260828,64.03,66.95,64.01,65.36,64.67,0.69,1.067,82617.28,544288.63697
301293.SZ,三博脑科,20260828,52.6,52.87,51.88,51.95,52.67,-0.72,-1.367,41067.69,214583.49363
301295.SZ,美硕科技,20260828,37.6,40.54,37.6,39.25,37.8,1.45,3.836,30786.17,120712.34883
301296.SZ,新巨丰,20260828,6.45,6.53,6.44,6.45,6.49,-0.04,-0.6163,34828.41,22574.98485
301297.SZ,富乐德,20260828,38.0,41.98,38.0,40.78,38.2,2.58,6.7539,298736.66,1214793.42638
301298.SZ,东利机械,20260828,12.79,13.06,12.69,12.9,12.81,0.09,0.7026,18071.0,23366.886
301299.SZ,卓创资讯,20260828,44.29,45.1,43.9,44.78,44.39,0.39,0.8786,11430.08,51072.11912
301300.SZ,远翔新材,20260828,32.74,34.26,32.74,33.82,32.72,1.1,3.3619,12017.51,40655.12449
301301.SZ,川宁生物,20260828,8.78,8.82,8.7,8.77,8.85,-0.08,-0.904,85791.0,75023.919
301302.SZ,华如科技,20260828,20.99,21.36,20.95,21.1,20.98,0.12,0.572,30579.13,64701.86404
301303.SZ,真兰仪表,20260828,13.95,14.0,13.83,13.84,13.92,-0.08,-0.5747,21597.39,30026.50267
301305.SZ,朗坤科技,20260828,24.9,25.1,24.44,24.59,24.93,-0.34,-1.3638,34783.0,85853.653
301306.SZ,西测测试,20260828,90.55,92.01,89.21,89.27,90.63,-1.36,-1.5006,18062.1,162969.20181
301307.SZ,美利信,20260828,56.0,60.47,56.0,56.66,58.34,-1.68,-2.8797,151043.19,876098.00333
301308.SZ,江波龙,20260828,380.0,386.88,376.69,376.88,386.25,-9.37,-2.4259,113011.07,4310398.69397
301309.SZ,万得凯,20260828,32.96,33.15,30.82,30.84,29.05,1.79,6.1618,38105.97,121593.72875
301310.SZ,鑫宏业,20260828,50.78,54.3,50.6,51.09,50.74,0.35,0.6898,70072.75,368474.69129
301311.SZ,昆船智能,20260828,13.65,13.79,13.59,13.75,13.58,0.17,1.2518,17972.04,24650.74768
301312.SZ,智立方,20260828,82.96,84.94,79.71,80.0,79.51,0.49,0.6163,91769.78,754142.44264
301313.SZ,凡拓数创,20260828,33.42,34.23,32.55,32.55,32.7,-0.15,-0.4587,54461.0,181912.43445
301314.SZ,科瑞思,20260828,45.17,48.88,44.89,45.63,45.7,-0.07,-0.1532,15334.58,71594.10514
301315.SZ,威士顿,20260828,41.5,42.49,41.0,42.0,42.6,-0.6,-1.4085,36497.19,152694.66545
301316.SZ,慧博云通,20260828,39.99,40.32,38.66,38.76,39.95,-1.19,-2.9787,91104.38,358652.6743
301317.SZ,鑫磊股份,20260828,46.1,46.6,43.99,44.88,46.37,-1.49,-3.2133,57820.75,260063.43125
301318.SZ,维海德,20260828,20.78,21.12,20.78,20.96,20.84,0.12,0.5758,8900.0,18684.576
301319.SZ,唯特偶,20260828,106.01,107.99,103.83,104.19,106.84,-2.65,-2.4803,89443.81,944886.33807
301320.SZ,豪江智能,20260828,13.65,13.83,13.58,13.74,13.7,0.04,0.292,14606.0,20052.496
301321.SZ,翰博高新,20260828,40.17,42.84,39.9,41.89,40.43,1.46,3.6112,93797.04,391306.201
301322.SZ,绿通科技,20260828,43.01,43.43,40.79,40.85,42.52,-1.67,-3.9276,29919.7,125054.68864
301323.SZ,新莱福,20260828,69.15,70.5,68.3,68.48,69.3,-0.82,-1.1833,7379.52,51140.9907
301325.SZ,曼恩斯特,20260828,30.65,31.54,30.34,30.56,30.7,-0.14,-0.456,17152.6,52972.1518
301326.SZ,捷邦科技,20260828,110.0,111.0,104.01,104.02,110.46,-6.44,-5.8302,19158.51,204590.1685
301327.SZ,华宝新能,20260828,43.6,43.68,42.02,42.95,44.31,-1.36,-3.0693,19802.27,85164.92043
301328.SZ,维峰电子,20260828,56.18,57.16,53.2,53.81,55.9,-2.09,-3.7388,27650.72,151948.65429
301329.SZ,信音电子,20260828,19.32,19.6,19.28,19.42,19.32,0.1,0.5176,23175.2,45072.352
301330.SZ,熵基科技,20260828,24.71,26.81,24.7,25.56,23.98,1.58,6.5888,99963.4,257823.60274
301331.SZ,恩威医药,20260828,21.97,22.03,21.66,21.84,22.03,-0.19,-0.8625,10747.06,23492.74247
301332.SZ,德尔玛,20260828,7.97,8.0,7.92,7.99,7.98,0.01,0.1253,22610.11,18012.99167
301333.SZ,诺思格,20260828,54.18,54.18,51.88,52.11,54.28,-2.17,-3.9978,31200.69,164336.35713
301335.SZ,天元宠物,20260828,23.89,24.18,23.5,23.9,24.08,-0.18,-0.7475,23467.58,55934.17828
301336.SZ,趣睡科技,20260828,41.05,41.59,40.51,40.7,41.19,-0.49,-1.1896,7636.2,31295.4259
301337.SZ,亚华电子,20260828,26.04,26.73,25.5,25.74,25.85,-0.11,-0.4255,16510.0,43048.624
301338.SZ,凯格精机,20260828,103.73,103.87,98.81,99.1,103.5,-4.4,-4.2512,44486.6,449024.6802
301339.SZ,通行宝,20260828,11.16,11.2,11.11,11.15,11.14,0.01,0.0898,20206.58,22543.75828
301345.SZ,涛涛车业,20260828,246.0,247.41,234.55,235.1,247.99,-12.89,-5.1978,11947.0,284036.94443
301348.SZ,蓝箭电子,20260828,21.52,21.98,21.41,21.43,21.64,-0.21,-0.9704,82267.41,178106.07446
301349.SZ,信德新材,20260828,42.95,44.77,42.61,43.0,43.06,-0.06,-0.1393,49508.41,216900.8459
301353.SZ,普莱得,20260828,19.28,19.38,19.03,19.28,19.27,0.01,0.0519,9876.37,19014.47491
301355.SZ,南王科技,20260828,10.22,10.38,10.18,10.32,10.24,0.08,0.7813,19381.0,19957.872
301356.SZ,天振股份,20260828,20.21,20.43,20.0,20.3,20.32,-0.02,-0.0984,12568.55,25444.9813
301357.SZ,北方长龙,20260828,86.87,90.6,86.87,89.99,87.88,2.11,2.401,34741.03,311075.17997
301358.SZ,湖南裕能,20260828,62.01,63.58,61.52,62.94,62.48,0.46,0.7362,179151.81,1119376.45159
301359.SZ,东南电子,20260828,17.9,18.25,17.7,18.08,17.81,0.27,1.516,15881.0,28662.163
301360.SZ,荣旗科技,20260828,54.72,57.6,53.51,56.27,55.48,0.79,1.4239,34184.39,192132.86455
301361.SZ,众智科技,20260828,26.94,27.24,26.82,27.04,27.06,-0.02,-0.0739,7323.38,19837.6238
301362.SZ,民爆光电,20260828,117.83,119.23,111.68,111.88,118.39,-6.51,-5.4988,30014.6,345101.7602
301363.SZ,美好医疗,20260828,16.57,16.69,16.34,16.37,16.6,-0.23,-1.3855,72392.49,119244.8264
301365.SZ,矩阵股份,20260828,41.0,42.29,40.51,41.35,41.11,0.24,0.5838,31827.4,132683.9567
301366.SZ,一博科技,20260828,57.13,58.34,56.02,56.14,56.92,-0.78,-1.3703,77790.38,445248.50382
301367.SZ,瑞迈特,20260828,49.76,50.82,45.7,46.52,44.97,1.55,3.4467,80902.16,390635.71575
301368.SZ,丰立智能,20260828,38.69,39.07,37.84,37.89,38.58,-0.69,-1.7885,15265.0,58455.11631
301369.SZ,联动科技,20260828,142.69,143.34,135.75,135.75,142.77,-7.02,-4.917,24729.65,342928.2921
301370.SZ,国科恒泰,20260828,9.03,9.09,8.94,9.05,9.09,-0.04,-0.44,26768.0,24167.982
301371.SZ,敷尔佳,20260828,22.0,22.0,21.76,21.85,22.0,-0.15,-0.6818,23193.65,50694.42845
301372.SZ,科净源,20260828,30.11,30.65,29.88,30.37,30.13,0.24,0.7965,7804.7,23674.67364
301373.SZ,凌玮科技,20260828,117.98,118.9,111.3,111.64,116.8,-5.16,-4.4178,103984.48,1199108.47663
301376.SZ,致欧科技,20260828,20.45,21.26,20.2,20.99,20.52,0.47,2.2904,61538.0,127832.578
301377.SZ,鼎泰高科,20260828,415.0,424.23,402.74,406.38,416.97,-10.59,-2.5398,26906.54,1106980.11787
301378.SZ,通达海,20260828,24.99,26.41,24.72,24.8,24.41,0.39,1.5977,49366.64,125554.3831
301379.SZ,天山电子,20260828,22.0,22.44,21.34,21.38,22.19,-0.81,-3.6503,127825.17,279728.43013
301380.SZ,挖金客,20260828,30.4,31.08,30.03,30.82,30.4,0.42,1.3816,36859.25,113199.58285
301381.SZ,赛维时代,20260828,23.5,24.0,23.16,23.34,23.66,-0.32,-1.3525,63673.35,150429.00408
301382.SZ,蜂助手,20260828,38.05,39.48,37.38,37.4,38.38,-0.98,-2.5534,153999.1,589827.82654
301383.SZ,天键股份,20260828,24.13,24.5,23.78,23.79,24.13,-0.34,-1.409,12803.97,30832.7918
301386.SZ,未来电器,20260828,20.35,20.64,20.31,20.52,20.43,0.09,0.4405,10990.0,22544.414
301387.SZ,光大同创,20260828,57.31,58.08,55.49,55.57,57.2,-1.63,-2.8497,16365.74,92659.5756
301388.SZ,欣灵电气,20260828,24.06,24.56,24.06,24.44,24.17,0.27,1.1171,6725.0,16398.227
301389.SZ,隆扬电子,20260828,58.9,64.79,58.9,61.38,59.45,1.93,3.2464,169162.67,1060937.82043
301390.SZ,经纬股份,20260828,30.93,32.5,30.9,32.09,30.99,1.1,3.5495,13551.4,43314.4836
301391.SZ,卡莱特,20260828,47.35,47.95,46.02,46.07,47.2,-1.13,-2.3941,6771.32,31829.49086
301392.SZ,汇成真空,20260828,182.92,182.92,175.22,175.41,180.39,-4.98,-2.7607,38027.42,676975.75587
301393.SZ,昊帆生物,20260828,58.61,59.0,57.36,57.66,59.03,-1.37,-2.3209,19865.0,115455.7321
301395.SZ,仁信新材,20260828,11.97,12.35,11.78,11.83,11.99,-0.16,-1.3344,41112.08,49431.43344
301396.SZ,宏景科技,20260828,179.8,182.9,175.8,176.25,181.38,-5.13,-2.8283,121221.14,2170710.8313
301397.SZ,溯联股份,20260828,25.43,25.7,24.55,24.77,25.53,-0.76,-2.9769,38772.83,96978.22856
301398.SZ,星源卓镁,20260828,32.0,34.35,31.31,33.4,31.87,1.53,4.8008,31880.65,106431.80855
301399.SZ,英特科技,20260828,21.11,22.72,19.88,22.17,21.24,0.93,4.3785,235894.03,500453.00181
301408.SZ,华人健康,20260828,15.2,15.35,14.87,14.88,15.08,-0.2,-1.3263,100928.7,152297.47098
301413.SZ,安培龙,20260828,60.47,62.16,58.86,59.3,61.86,-2.56,-4.1384,41824.3,252006.3089
301418.SZ,协昌科技,20260828,36.16,36.7,35.88,35.88,36.0,-0.12,-0.3333,9442.32,34273.4634
301419.SZ,阿莱德,20260828,36.66,39.79,36.51,37.94,37.32,0.62,1.6613,109818.37,423391.36399
301421.SZ,波长光电,20260828,79.59,82.27,78.88,78.98,79.85,-0.87,-1.0895,35121.71,282369.44984
301428.SZ,世纪恒通,20260828,27.41,28.25,27.28,27.7,27.9,-0.2,-0.7168,31497.96,87645.8072
301429.SZ,森泰股份,20260828,17.4,17.75,17.4,17.66,17.46,0.2,1.1455,7990.0,14050.366
301439.SZ,泓淋电力,20260828,14.91,15.05,14.82,14.93,14.96,-0.03,-0.2005,35444.0,52990.101
301446.SZ,福事特,20260828,37.52,37.67,35.99,36.18,36.77,-0.59,-1.6046,10272.0,37725.448
301448.SZ,开创电气,20260828,44.2,45.6,44.2,44.86,44.66,0.2,0.4478,13849.0,62449.65
301449.SZ,天溯计量,20260828,47.0,47.88,44.25,44.27,47.86,-3.59,-7.501,38443.4,176203.55606
301456.SZ,盘古智能,20260828,23.45,23.79,23.32,23.52,23.45,0.07,0.2985,8476.73,19995.9182
301458.SZ,钧崴电子,20260828,39.73,40.87,38.87,38.93,39.31,-0.38,-0.9667,111909.25,447509.30883
301459.SZ,丰茂股份,20260828,31.9,31.9,31.51,31.56,31.7,-0.14,-0.4416,8084.23,25574.62723
301468.SZ,博盈特焊,20260828,34.12,34.5,31.2,31.22,35.24,-4.02,-11.4075,103085.69,330343.13524
301469.SZ,恒达新材,20260828,29.58,29.78,29.14,29.14,29.8,-0.66,-2.2148,18868.37,55527.87051
301479.SZ,弘景光电,20260828,49.59,50.35,48.32,48.34,49.56,-1.22,-2.4617,21562.2,106105.09004
301486.SZ,致尚科技,20260828,177.1,183.53,174.01,174.25,178.28,-4.03,-2.2605,55402.62,988804.49975
301487.SZ,盟固利,20260828,16.45,16.57,16.33,16.49,16.47,0.02,0.1214,111829.37,184235.25046
301488.SZ,豪恩汽电,20260828,99.0,100.9,96.9,97.0,99.45,-2.45,-2.4635,10089.13,99786.45947
301489.SZ,思泉新材,20260828,120.51,121.95,115.5,115.88,122.18,-6.3,-5.1563,70435.86,835988.86959
301491.SZ,汉桑科技,20260828,39.01,39.29,38.64,38.65,39.01,-0.36,-0.9228,5622.69,21905.95243
301498.SZ,乖宝宠物,20260828,38.4,39.2,38.4,38.73,38.64,0.09,0.2329,25640.85,99499.66841
301499.SZ,维科精密,20260828,25.2,25.38,24.78,24.82,25.08,-0.26,-1.0367,10398.0,26005.636
301500.SZ,飞南资源,20260828,23.5,24.29,23.3,23.89,23.65,0.24,1.0148,114797.43,273184.80894
301501.SZ,恒鑫生活,20260828,27.57,27.72,27.41,27.53,27.56,-0.03,-0.1089,9785.5,26950.661
301502.SZ,华阳智能,20260828,51.8,54.7,51.44,51.86,51.59,0.27,0.5234,10570.84,55898.73051
301503.SZ,智迪科技,20260828,21.48,21.85,21.45,21.81,21.46,0.35,1.6309,9819.6,21327.499
301505.SZ,苏州规划,20260828,15.86,16.08,15.76,16.0,15.8,0.2,1.2658,17184.31,27475.59019
301507.SZ,民生健康,20260828,13.0,13.0,12.61,12.62,12.9,-0.28,-2.1705,34737.0,44149.467
301508.SZ,中机认检,20260828,24.45,24.64,24.39,24.57,24.45,0.12,0.4908,10499.19,25748.34093
301509.SZ,金凯生科,20260828,30.7,30.95,29.7,29.71,30.64,-0.93,-3.0352,34728.8,104512.6674
301510.SZ,固高科技,20260828,28.04,28.83,27.41,27.77,28.26,-0.49,-1.7339,99282.76,278953.07974
301511.SZ,德福科技,20260828,88.37,92.47,86.0,90.5,86.89,3.61,4.1547,441468.41,3965649.25308
301512.SZ,智信精密,20260828,30.99,31.53,30.99,31.24,31.12,0.12,0.3856,11053.56,34542.68216
301513.SZ,尚水智能,20260828,47.03,48.8,47.03,47.3,47.65,-0.35,-0.7345,7918.15,37918.87016
301515.SZ,港通医疗,20260828,19.6,19.79,19.2,19.46,19.72,-0.26,-1.3185,13770.0,26750.35024
301516.SZ,中远通,20260828,18.4,18.43,17.53,17.55,18.62,-1.07,-5.7465,211296.74,379777.37928
301517.SZ,陕西华达,20260828,38.2,38.78,37.69,37.8,38.36,-0.56,-1.4599,22079.56,84280.45652
301518.SZ,长华化学,20260828,24.78,25.98,24.3,25.61,24.76,0.85,3.433,45852.88,115684.7698
301519.SZ,舜禹股份,20260828,12.04,12.11,11.93,12.05,11.98,0.07,0.5843,17757.75,21376.96083
301520.SZ,万邦医药,20260828,75.0,79.2,69.16,71.11,86.25,-15.14,-17.5536,161264.13,1202738.75573
301522.SZ,上大股份,20260828,23.29,23.42,23.2,23.27,23.27,0.0,0.0,21464.38,50081.07406
301525.SZ,儒竞科技,20260828,39.01,40.29,39.01,39.39,39.39,0.0,0.0,13922.0,55332.6244
301526.SZ,国际复材,20260828,30.68,32.21,30.12,30.2,31.14,-0.94,-3.0186,1585323.32,4918632.76538
301528.SZ,多浦乐,20260828,58.38,59.07,56.34,56.54,58.14,-1.6,-2.752,10969.85,63174.608
301529.SZ,福赛科技,20260828,117.28,118.6,113.9,114.2,118.0,-3.8,-3.2203,20649.7,238800.05448
301531.SZ,春光集团,20260828,52.5,53.2,51.18,51.26,52.89,-1.63,-3.0819,25206.03,131444.88826
301533.SZ,威马农机,20260828,29.01,32.5,28.82,31.18,30.6,0.58,1.8954,91695.99,280602.84401
301535.SZ,浙江华远,20260828,14.3,14.69,14.21,14.53,14.25,0.28,1.9649,25511.0,36812.333
301536.SZ,星宸科技,20260828,119.58,123.37,116.25,116.48,120.28,-3.8,-3.1593,124304.65,1485639.7001
301538.SZ,骏鼎达,20260828,41.0,41.8,41.0,41.45,41.39,0.06,0.145,25690.16,106581.21018
301539.SZ,宏鑫科技,20260828,14.78,15.05,14.78,14.98,14.81,0.17,1.1479,13530.0,20207.329
301548.SZ,崇德科技,20260828,60.04,60.38,57.83,57.89,61.74,-3.85,-6.2358,23995.0,141570.41475
301550.SZ,斯菱智驱,20260828,91.8,91.89,85.55,87.32,91.15,-3.83,-4.2019,80844.51,711752.71381
301551.SZ,无线传媒,20260828,20.2,20.55,20.11,20.14,20.04,0.1,0.499,37494.47,75964.81052
301552.SZ,科力装备,20260828,25.5,25.93,25.3,25.92,25.65,0.27,1.0526,23090.4,59168.5554
301555.SZ,惠柏新材,20260828,34.0,35.34,33.61,34.74,33.92,0.82,2.4175,30507.36,106281.6608
301556.SZ,托普云农,20260828,60.43,63.53,60.07,63.35,60.41,2.94,4.8667,33336.24,207696.17668
301557.SZ,常友科技,20260828,86.18,87.5,86.0,86.28,86.17,0.11,0.1277,7001.59,60670.36093
301558.SZ,三态股份,20260828,6.48,6.55,6.46,6.5,6.5,0.0,0.0,46332.0,30171.225
301559.SZ,中集环科,20260828,13.2,13.35,13.18,13.28,13.19,0.09,0.6823,13342.15,17705.101
301560.SZ,众捷汽车,20260828,22.74,23.46,22.74,23.08,22.99,0.09,0.3915,15606.89,36120.42272
301563.SZ,云汉芯城,20260828,123.18,128.98,122.03,122.71,124.25,-1.54,-1.2394,18123.38,226917.70412
301565.SZ,中仑新材,20260828,20.41,20.81,20.28,20.55,20.41,0.14,0.6859,40363.92,83255.12137
301566.SZ,达利凯普,20260828,26.54,27.2,26.08,26.13,25.45,0.68,2.6719,317072.93,845636.2239
301567.SZ,贝隆精密,20260828,36.16,36.8,35.9,36.04,36.16,-0.12,-0.3319,6000.2,21768.72472
301568.SZ,思泰克,20260828,73.44,73.93,69.81,69.98,73.55,-3.57,-4.8538,37101.1,266083.55014
301571.SZ,国科天成,20260828,66.39,68.2,63.37,63.61,65.78,-2.17,-3.2989,46816.91,304662.84301
301575.SZ,艾芬达,20260828,26.25,26.91,26.24,26.64,26.44,0.2,0.7564,9594.95,25548.92755
301577.SZ,美信科技,20260828,57.32,59.59,56.89,57.21,57.33,-0.12,-0.2093,11246.11,65306.47177
301578.SZ,辰奕智能,20260828,23.0,23.65,23.0,23.64,23.14,0.5,2.1608,14846.2,34874.39847
301580.SZ,爱迪特,20260828,56.0,57.53,54.74,54.97,56.56,-1.59,-2.8112,52184.02,291907.30991
301581.SZ,黄山谷捷,20260828,36.99,37.7,36.78,36.94,37.1,-0.16,-0.4313,3566.0,13266.145
301583.SZ,托伦斯,20260828,128.0,129.99,125.0,125.0,131.05,-6.05,-4.6166,58029.27,738415.09175
301584.SZ,建发致新,20260828,21.8,22.06,21.6,21.73,21.93,-0.2,-0.912,19012.85,41393.0825
301585.SZ,蓝宇股份,20260828,26.28,26.68,26.24,26.43,26.35,0.08,0.3036,5767.13,15272.70202
301586.SZ,佳力奇,20260828,30.68,30.76,29.38,29.8,31.37,-1.57,-5.0048,17196.0,51759.163
301587.SZ,中瑞股份,20260828,21.83,21.97,21.58,21.6,21.83,-0.23,-1.0536,22812.42,49595.02871
301588.SZ,美新科技,20260828,30.07,30.22,28.0,28.13,30.08,-1.95,-6.4827,59633.81,172594.67939
301589.SZ,诺瓦星云,20260828,140.98,144.38,140.5,143.1,141.28,1.82,1.2882,8630.61,123802.8811
301590.SZ,优优绿能,20260828,73.0,74.49,71.27,71.46,73.84,-2.38,-3.2232,5643.4,41040.9314
301591.SZ,肯特股份,20260828,57.45,60.48,54.36,57.5,50.4,7.1,14.0873,270682.12,1559274.05346
301592.SZ,六九一二,20260828,102.12,103.65,101.02,101.05,102.11,-1.06,-1.0381,6091.14,62312.40018
301595.SZ,太力科技,20260828,41.0,42.48,40.25,40.79,41.14,-0.35,-0.8508,18384.0,75848.99548
301596.SZ,瑞迪智驱,20260828,47.05,47.95,46.42,46.56,47.03,-0.47,-0.9994,12738.85,59834.7249
301598.SZ,博科测试,20260828,53.24,53.25,51.7,51.7,53.48,-1.78,-3.3283,14586.55,76125.1164
301599.SZ,理奇智能,20260828,34.48,36.79,34.48,34.81,34.38,0.43,1.2507,60284.08,214025.84247
301600.SZ,慧翰股份,20260828,86.39,87.3,83.85,83.96,86.39,-2.43,-2.8128,6219.91,53008.01412
301601.SZ,惠通科技,20260828,16.01,16.45,15.91,16.37,16.01,0.36,2.2486,21873.0,35594.773
301602.SZ,超研股份,20260828,16.46,16.66,16.32,16.44,16.63,-0.19,-1.1425,51100.75,84164.4961
301603.SZ,乔锋智能,20260828,131.99,134.5,127.0,127.37,131.99,-4.62,-3.5003,26083.84,339848.4936
301606.SZ,绿联科技,20260828,52.3,53.03,51.77,51.77,52.71,-0.94,-1.7833,36454.0,190773.402
301607.SZ,富特科技,20260828,43.45,46.98,42.21,42.69,43.45,-0.76,-1.7491,189236.5,838756.2762
301608.SZ,博实结,20260828,45.81,46.09,44.47,44.6,45.81,-1.21,-2.6413,15142.83,68606.26645
301609.SZ,山大电力,20260828,32.1,32.77,32.1,32.23,33.06,-0.83,-2.5106,20030.65,64897.43115
301611.SZ,珂玛科技,20260828,102.5,103.74,98.28,98.45,103.04,-4.59,-4.4546,83048.15,837493.48318
301613.SZ,新铝时代,20260828,36.2,36.26,35.8,35.89,36.01,-0.12,-0.3332,7310.0,26360.032
301616.SZ,浙江华业,20260828,35.22,35.83,35.01,35.44,35.01,0.43,1.2282,5414.83,19178.54302
301617.SZ,博苑新材,20260828,51.61,52.96,50.71,50.89,51.91,-1.02,-1.9649,16930.69,87501.2291
301618.SZ,长联科技,20260828,32.88,33.23,32.55,32.64,32.79,-0.15,-0.4575,13236.8,43484.81076
301622.SZ,英思特,20260828,39.21,39.98,38.9,39.08,39.22,-0.14,-0.357,11823.96,46557.05368
301626.SZ,苏州天脉,20260828,266.01,269.0,258.15,258.84,266.67,-7.83,-2.9362,15771.48,414122.28676
301628.SZ,强达电路,20260828,92.11,93.37,90.2,90.85,92.57,-1.72,-1.8581,12210.53,112038.11035
301629.SZ,矽电股份,20260828,312.55,325.0,301.0,309.85,291.0,18.85,6.4777,28027.19,878274.94427
301630.SZ,同宇新材,20260828,209.15,212.88,198.0,198.0,208.63,-10.63,-5.0951,30480.78,618777.40572
301631.SZ,壹连科技,20260828,63.94,64.6,62.92,63.0,64.09,-1.09,-1.7007,17940.96,113847.08452
301632.SZ,广东建科,20260828,13.46,13.7,13.39,13.53,13.45,0.08,0.5948,50247.69,67986.35521
301633.SZ,港迪技术,20260828,54.76,57.48,53.0,54.38,54.96,-0.58,-1.0553,15181.0,83804.56951
301636.SZ,泽润新能,20260828,39.93,40.98,39.61,40.33,40.22,0.11,0.2735,9996.75,40507.31179
301638.SZ,南网数字,20260828,23.1,23.1,22.51,22.51,23.15,-0.64,-2.7646,128977.05,292972.90754
301655.SZ,绿控传动,20260828,29.02,30.95,28.0,28.08,29.31,-1.23,-4.1965,202878.56,596942.27779
301656.SZ,联合动力,20260828,15.25,15.26,15.02,15.11,15.25,-0.14,-0.918,45863.75,69425.7816
301658.SZ,首航新能,20260828,23.49,24.06,23.28,23.66,23.67,-0.01,-0.0422,38637.28,91730.87416
301662.SZ,宏工科技,20260828,73.4,84.0,72.68,79.07,74.4,4.67,6.2769,80765.15,646122.12973
301665.SZ,泰禾股份,20260828,24.6,24.86,24.42,24.61,25.12,-0.51,-2.0303,36857.9,90772.76402
301666.SZ,大普微,20260828,500.0,537.0,475.1,475.86,469.2,6.66,1.4194,79526.65,4033829.22062
301667.SZ,纳百川,20260828,60.52,62.5,60.2,60.28,61.1,-0.82,-1.3421,15330.24,93853.68743
301668.SZ,昊创瑞通,20260828,33.76,35.43,33.68,34.88,33.95,0.93,2.7393,17476.24,60740.1397
301669.SZ,高特电子,20260828,28.0,28.35,27.65,27.69,28.51,-0.82,-2.8762,55732.21,155592.13804
301677.SZ,欣兴工具,20260828,54.95,57.38,53.87,56.23,54.91,1.32,2.4039,51437.9,286484.27026
301678.SZ,新恒汇,20260828,45.36,46.1,44.62,44.7,45.39,-0.69,-1.5202,19951.21,90336.13594
301680.SZ,固德电材,20260828,97.78,99.29,96.2,96.2,98.3,-2.1,-2.1363,9054.59,88080.68675
301682.SZ,宏明电子,20260828,111.0,114.17,110.88,111.65,111.58,0.07,0.0627,15818.5,178227.29905
301683.SZ,慧谷新材,20260828,101.8,102.6,100.2,100.41,102.15,-1.74,-1.7034,6308.05,64003.75636
301687.SZ,新广益,20260828,50.67,51.68,50.3,50.38,51.03,-0.65,-1.2738,26292.78,133920.80496
301696.SZ,三瑞智能,20260828,97.5,98.99,96.02,96.04,98.28,-2.24,-2.2792,15344.86,149544.10456
301707.SZ,展芯股份,20260828,80.39,81.77,78.5,78.59,81.28,-2.69,-3.3095,48673.29,388024.55288
301717.SZ,超纯应材,20260828,408.05,416.0,377.84,378.59,414.48,-35.89,-8.659,45734.29,1810474.27188
302132.SZ,中航成飞,20260828,59.6,61.0,59.13,60.0,59.71,0.29,0.4857,78898.65,475101.63893
600000.SH,浦发银行,20260828,9.01,9.04,8.95,9.0,9.07,-0.07,-0.7718,587868.1,528817.735
600004.SH,白云机场,20260828,7.65,7.8,7.6,7.77,7.62,0.15,1.9685,157330.99,121735.041
600006.SH,东风股份,20260828,5.36,5.43,5.32,5.4,5.37,0.03,0.5587,93408.3,50175.738
600007.SH,中国国贸,20260828,18.87,19.05,18.8,18.9,18.87,0.03,0.159,15429.0,29195.71
600008.SH,首创环保,20260828,2.85,2.86,2.83,2.84,2.85,-0.01,-0.3509,593430.4,168759.595
600009.SH,上海机场,20260828,23.46,23.72,23.32,23.65,23.46,0.19,0.8099,83234.31,196313.997
600010.SH,包钢股份,20260828,2.27,2.28,2.25,2.28,2.27,0.01,0.4405,2998316.23,679588.807
600011.SH,华能国际,20260828,6.72,6.81,6.71,6.78,6.76,0.02,0.2959,516716.99,349171.718
600012.SH,皖通高速,20260828,16.23,16.43,16.13,16.42,16.18,0.24,1.4833,43596.81,71085.064
600015.SH,华夏银行,20260828,6.6,6.62,6.51,6.55,6.62,-0.07,-1.0574,987757.4,646464.902
600016.SH,民生银行,20260828,3.43,3.44,3.41,3.42,3.44,-0.02,-0.5814,1275877.63,437297.635
600017.SH,日照港,20260828,2.92,2.93,2.82,2.87,2.92,-0.05,-1.7123,677742.05,193677.639
600018.SH,上港集团,20260828,5.2,5.23,5.16,5.21,5.18,0.03,0.5792,431298.6,224308.987
600019.SH,宝钢股份,20260828,5.81,5.84,5.76,5.83,5.82,0.01,0.1718,904284.83,525116.787
600020.SH,中原高速,20260828,3.93,3.97,3.9,3.95,3.95,0.0,0.0,186198.15,73471.965
600021.SH,上海电力,20260828,13.76,13.79,13.67,13.71,13.76,-0.05,-0.3634,153439.98,210596.785
600022.SH,山东钢铁,20260828,1.34,1.37,1.33,1.37,1.35,0.02,1.4815,888325.6,120323.199
600023.SH,浙能电力,20260828,4.92,4.95,4.89,4.94,4.92,0.02,0.4065,257323.76,126764.757
600025.SH,华能水电,20260828,9.6,9.61,9.5,9.56,9.64,-0.08,-0.8299,272299.05,259904.674
600026.SH,中远海能,20260828,18.98,19.1,18.62,18.81,18.61,0.2,1.0747,455297.86,859537.596
600027.SH,华电国际,20260828,4.63,4.71,4.61,4.7,4.61,0.09,1.9523,824561.43,384781.075
600028.SH,中国石化,20260828,5.3,5.48,5.29,5.46,5.29,0.17,3.2136,3238492.55,1752090.729
600029.SH,南方航空,20260828,5.01,5.07,5.0,5.06,5.03,0.03,0.5964,576640.52,291008.77
600030.SH,中信证券,20260828,27.88,28.05,27.8,27.93,27.93,0.0,0.0,973067.9,2717858.329
600031.SH,三一重工,20260828,18.96,19.17,18.78,19.1,19.06,0.04,0.2099,466314.83,884804.107
600032.SH,浙江新能,20260828,6.86,6.89,6.83,6.87,6.89,-0.02,-0.2903,112874.02,77445.149
600033.SH,福建高速,20260828,3.55,3.6,3.53,3.59,3.56,0.03,0.8427,276130.01,98644.247
600035.SH,楚天高速,20260828,3.6,3.69,3.56,3.67,3.63,0.04,1.1019,342028.39,124226.351
600036.SH,招商银行,20260828,39.46,39.55,39.23,39.35,39.58,-0.23,-0.5811,481032.94,1893074.628
600037.SH,歌华有线,20260828,7.02,7.17,7.02,7.14,7.07,0.07,0.9901,138651.12,98650.836
600038.SH,中直股份,20260828,27.09,27.85,27.0,27.63,27.09,0.54,1.9934,84973.04,233797.557
600039.SH,四川路桥,20260828,8.62,8.88,8.59,8.82,8.7,0.12,1.3793,196224.98,171853.715
600048.SH,保利发展,20260828,5.18,5.34,5.15,5.19,5.18,0.01,0.1931,2290462.58,1196488.282
600050.SH,中国联通,20260828,4.28,4.29,4.25,4.28,4.29,-0.01,-0.2331,747892.16,319214.1
600051.SH,宁波联合,20260828,6.3,6.41,6.28,6.39,6.32,0.07,1.1076,45503.0,28864.772
600052.SH,东望时代,20260828,3.88,3.99,3.88,3.95,3.91,0.04,1.023,144244.0,56946.937
600053.SH,*ST九鼎,20260828,7.61,7.86,7.61,7.75,7.64,0.11,1.4398,24062.0,18618.945
600054.SH,黄山旅游,20260828,11.3,11.47,11.25,11.44,11.3,0.14,1.2389,80099.78,91280.143
600055.SH,万东医疗,20260828,10.99,11.12,10.88,11.08,10.97,0.11,1.0027,24399.84,26991.347
600056.SH,中国医药,20260828,9.3,9.32,9.25,9.28,9.35,-0.07,-0.7487,92102.03,85530.053
600057.SH,厦门象屿,20260828,6.42,6.62,6.35,6.61,6.41,0.2,3.1201,232753.65,151374.624
600058.SH,五矿发展,20260828,10.0,10.27,9.95,10.17,10.05,0.12,1.194,90293.6,91568.645
600059.SH,古越龙山,20260828,8.31,8.38,8.11,8.21,8.51,-0.3,-3.5253,163206.0,134399.17
600060.SH,海信视像,20260828,27.82,28.16,27.45,27.82,27.99,-0.17,-0.6074,79706.4,220613.155
600061.SH,国投资本,20260828,6.51,6.54,6.45,6.51,6.53,-0.02,-0.3063,274895.83,178838.762
600062.SH,华润双鹤,20260828,16.15,16.17,16.05,16.16,16.15,0.01,0.0619,46338.64,74746.382
600063.SH,皖维高新,20260828,5.86,6.03,5.8,5.93,5.84,0.09,1.5411,549001.92,324517.629
600064.SH,南京高科,20260828,7.73,7.75,7.67,7.71,7.73,-0.02,-0.2587,126040.39,97169.86
600066.SH,宇通客车,20260828,29.88,30.24,29.8,30.06,29.91,0.15,0.5015,88195.77,264891.707
600067.SH,冠城新材,20260828,2.87,2.95,2.86,2.93,2.88,0.05,1.7361,194225.99,56504.836
600071.SH,凤凰光学,20260828,16.11,16.41,16.1,16.11,16.21,-0.1,-0.6169,21528.51,34963.87
600072.SH,中船科技,20260828,8.88,8.96,8.85,8.9,8.89,0.01,0.1125,105390.91,94011.69
600073.SH,光明肉业,20260828,5.45,5.6,5.45,5.56,5.48,0.08,1.4599,140214.07,77529.544
600075.SH,新疆天业,20260828,4.69,4.9,4.67,4.9,4.69,0.21,4.4776,260652.6,125578.778
600076.SH,康欣新材,20260828,3.19,3.3,3.19,3.26,3.2,0.06,1.875,233358.0,76077.147
600078.SH,澄星股份,20260828,11.02,11.42,11.0,11.28,11.1,0.18,1.6216,242505.46,272417.883
600079.SH,ST人福,20260828,18.46,18.69,18.46,18.66,18.45,0.21,1.1382,104016.31,193591.396
600080.SH,ST金花,20260828,4.88,4.98,4.88,4.92,4.89,0.03,0.6135,28444.0,14046.859
600081.SH,东风科技,20260828,10.41,10.5,10.37,10.41,10.37,0.04,0.3857,21190.1,22109.946
600082.SH,ST海泰,20260828,2.95,3.01,2.92,2.98,2.94,0.04,1.3605,57016.0,16939.844
600084.SH,*ST尼雅,20260828,4.25,4.38,4.22,4.32,4.26,0.06,1.4085,46449.0,19993.422
600085.SH,同仁堂,20260828,24.24,24.58,24.16,24.48,24.35,0.13,0.5339,45940.85,112213.255
600088.SH,中视传媒,20260828,11.61,11.63,11.51,11.55,11.55,0.0,0.0,24090.91,27852.613
600089.SH,特变电工,20260828,19.25,19.43,19.21,19.3,19.36,-0.06,-0.3099,454202.76,877243.124
600094.SH,大名城,20260828,4.06,4.12,4.01,4.07,4.08,-0.01,-0.2451,267221.62,108692.537
600095.SH,湘财股份,20260828,9.75,10.14,9.49,9.55,9.54,0.01,0.1048,2092213.41,2033210.789
600096.SH,云天化,20260828,30.8,31.73,30.78,31.58,30.95,0.63,2.0355,517229.95,1618393.994
600097.SH,开创国际,20260828,8.9,9.3,8.82,9.13,8.86,0.27,3.0474,77145.0,70122.33
600098.SH,广州发展,20260828,6.22,6.25,6.19,6.25,6.23,0.02,0.321,132432.0,82449.384
600099.SH,林海股份,20260828,9.63,9.63,9.32,9.51,9.37,0.14,1.4941,31322.0,29650.602
600100.SH,同方股份,20260828,6.96,7.09,6.95,7.01,6.95,0.06,0.8633,222232.0,156144.891
600101.SH,明星电力,20260828,7.86,7.92,7.86,7.9,7.92,-0.02,-0.2525,58325.57,46028.643
600103.SH,青山纸业,20260828,4.2,4.2,3.8,3.85,3.82,0.03,0.7853,7476740.43,2970707.691
600104.SH,上汽集团,20260828,10.22,10.36,10.18,10.34,10.24,0.1,0.9766,313260.92,322015.102
600105.SH,永鼎股份,20260828,40.71,41.82,39.79,39.8,41.0,-1.2,-2.9268,1241206.15,5064166.095
600106.SH,重庆路桥,20260828,4.35,4.45,4.32,4.43,4.35,0.08,1.8391,127279.93,55895.139
600107.SH,*ST尔雅,20260828,5.8,5.84,5.76,5.78,5.82,-0.04,-0.6873,8637.01,5008.474
600108.SH,亚盛集团,20260828,3.77,3.88,3.64,3.81,3.78,0.03,0.7937,2832660.71,1073027.111
600109.SH,国金证券,20260828,8.75,8.79,8.68,8.75,8.79,-0.04,-0.4551,225038.53,196643.567
600110.SH,诺德股份,20260828,11.38,11.41,10.9,10.94,11.6,-0.66,-5.6897,2149289.88,2393075.537
600111.SH,北方稀土,20260828,40.91,40.96,40.39,40.62,40.91,-0.29,-0.7089,402503.15,1634576.703
600113.SH,浙江东日,20260828,31.13,31.97,30.69,30.84,30.93,-0.09,-0.291,49600.0,154703.431
600114.SH,东睦股份,20260828,31.0,31.57,30.4,30.42,31.24,-0.82,-2.6248,161246.32,498346.362
600115.SH,中国东航,20260828,3.52,3.57,3.51,3.56,3.55,0.01,0.2817,1001960.75,355460.026
600116.SH,三峡水利,20260828,6.31,6.34,6.25,6.34,6.31,0.03,0.4754,99892.58,62863.179
600117.SH,西宁特钢,20260828,2.35,2.37,2.32,2.36,2.35,0.01,0.4255,135101.1,31741.293
600118.SH,中国卫星,20260828,61.28,61.71,60.17,60.23,61.6,-1.37,-2.224,210545.01,1279634.684
600119.SH,*ST长投,20260828,4.96,5.18,4.88,5.08,4.94,0.14,2.834,46686.19,23627.144
600120.SH,浙江东方,20260828,4.93,4.96,4.89,4.94,4.95,-0.01,-0.202,300583.94,148034.446
600121.SH,郑州煤电,20260828,4.32,4.5,4.26,4.46,4.27,0.19,4.4496,1128420.2,496736.363
600123.SH,兰花科创,20260828,7.3,7.41,7.21,7.32,7.32,0.0,0.0,191909.32,140360.922
600125.SH,铁龙物流,20260828,5.43,5.51,5.39,5.48,5.45,0.03,0.5505,132761.09,72475.09
600126.SH,杭钢股份,20260828,6.75,6.85,6.73,6.76,6.82,-0.06,-0.8798,437833.62,297097.306
600127.SH,金健米业,20260828,10.93,11.79,10.7,11.77,10.78,0.99,9.1837,2892282.3,3291559.267
600128.SH,苏豪弘业,20260828,8.38,8.57,8.36,8.53,8.39,0.14,1.6687,36636.01,31101.943
600129.SH,太极集团,20260828,14.47,14.47,14.2,14.28,14.47,-0.19,-1.3131,125920.2,180163.879
600130.SH,波导股份,20260828,4.38,4.56,4.37,4.53,4.4,0.13,2.9545,292551.0,131709.098
600131.SH,国网信通,20260828,14.93,15.07,14.84,14.94,14.91,0.03,0.2012,44195.37,66174.804
600132.SH,重庆啤酒,20260828,39.89,40.28,39.72,40.28,39.89,0.39,0.9777,23510.58,94215.166
600133.SH,东湖高新,20260828,8.3,8.91,8.27,8.72,8.31,0.41,4.9338,379083.72,328358.131
600135.SH,乐凯胶片,20260828,7.43,7.55,7.4,7.49,7.42,0.07,0.9434,59881.68,44858.324
600136.SH,ST明诚,20260828,1.44,1.47,1.44,1.47,1.44,0.03,2.0833,76252.25,11075.435
600137.SH,浪莎股份,20260828,18.1,18.33,17.92,18.29,18.07,0.22,1.2175,10987.0,20021.436
600138.SH,中青旅,20260828,7.12,7.26,7.1,7.26,7.14,0.12,1.6807,105456.69,75959.085
600141.SH,兴发集团,20260828,30.97,31.4,30.9,31.26,31.15,0.11,0.3531,272941.04,850531.406
600143.SH,金发科技,20260828,14.16,14.26,14.06,14.11,14.16,-0.05,-0.3531,217113.58,307044.016
600148.SH,长春一东,20260828,15.69,15.75,15.54,15.68,15.62,0.06,0.3841,14024.0,21982.227
600149.SH,廊坊发展,20260828,5.0,5.06,4.95,5.05,4.99,0.06,1.2024,66886.0,33553.632
600150.SH,中国船舶,20260828,34.45,35.01,34.38,34.78,34.52,0.26,0.7532,665664.76,2314521.986
600151.SH,航天机电,20260828,10.08,10.34,9.93,9.95,10.09,-0.14,-1.3875,217851.0,219898.949
600152.SH,维科技术,20260828,8.28,8.45,8.23,8.36,8.28,0.08,0.9662,153923.0,128592.591
600153.SH,建发股份,20260828,9.01,9.15,8.68,8.76,9.03,-0.27,-2.99,440369.36,389843.777
600155.SH,华创云信,20260828,6.24,6.35,6.17,6.31,6.26,0.05,0.7987,360623.21,226085.362
600156.SH,华升股份,20260828,8.55,8.65,8.49,8.54,8.59,-0.05,-0.5821,103272.35,88449.953
600157.SH,永泰能源,20260828,1.59,1.61,1.58,1.6,1.6,0.0,0.0,3742580.5,597872.747
600158.SH,中体产业,20260828,7.11,7.21,7.06,7.18,7.1,0.08,1.1268,229758.32,164350.42
600159.SH,大龙地产,20260828,2.6,2.66,2.58,2.65,2.6,0.05,1.9231,155770.0,41003.269
600160.SH,巨化股份,20260828,40.28,40.81,39.83,40.54,39.54,1.0,2.5291,487848.92,1969332.162
600161.SH,天坛生物,20260828,12.45,12.45,12.32,12.34,12.47,-0.13,-1.0425,64492.52,79733.012
600162.SH,香江控股,20260828,5.1,5.36,5.07,5.36,4.87,0.49,10.0616,1534413.23,811039.172
600163.SH,中闽能源,20260828,5.08,5.29,5.07,5.25,5.07,0.18,3.5503,279573.14,145311.517
600165.SH,宁科生物,20260828,3.16,3.28,3.16,3.16,3.22,-0.06,-1.8634,194364.99,61902.347
600166.SH,福田汽车,20260828,2.94,3.03,2.93,3.01,2.95,0.06,2.0339,1294490.62,387218.873
600167.SH,联美控股,20260828,5.73,5.78,5.66,5.74,5.75,-0.01,-0.1739,66732.27,38196.735
600168.SH,武汉控股,20260828,4.41,4.46,4.4,4.44,4.41,0.03,0.6803,45191.83,20032.997
600169.SH,ST太重,20260828,2.06,2.08,2.06,2.07,2.06,0.01,0.4854,88091.65,18227.049
600170.SH,上海建工,20260828,2.26,2.3,2.25,2.29,2.27,0.02,0.8811,1363995.11,310805.221
600171.SH,上海贝岭,20260828,23.02,23.17,22.86,22.89,23.11,-0.22,-0.952,91442.53,210362.904
600172.SH,黄河旋风,20260828,14.6,14.88,14.3,14.42,14.61,-0.19,-1.3005,1782559.03,2592464.39
600173.SH,卧龙新能,20260828,6.25,6.38,6.21,6.34,6.24,0.1,1.6026,45628.0,28788.474
600176.SH,中国巨石,20260828,42.67,44.18,42.58,43.2,42.64,0.56,1.3133,2294061.94,9951454.887
600177.SH,雅戈尔,20260828,7.77,7.88,7.72,7.86,7.79,0.07,0.8986,200563.64,156520.28
600178.SH,东安动力,20260828,9.68,9.73,9.61,9.69,9.68,0.01,0.1033,40001.52,38739.122
600179.SH,安通控股,20260828,4.66,4.77,4.65,4.73,4.66,0.07,1.5021,608167.94,286322.854
600180.SH,*ST瑞茂,20260828,1.5,1.54,1.49,1.52,1.51,0.01,0.6623,124313.97,18898.266
600182.SH,S佳通,20260828,13.51,13.56,13.43,13.53,13.51,0.02,0.148,15557.0,21002.952
600183.SH,生益科技,20260828,140.01,151.79,138.41,145.65,140.97,4.68,3.3199,987078.24,14474844.442
600184.SH,光电股份,20260828,18.18,18.8,18.13,18.18,18.66,-0.48,-2.5723,184380.07,339844.803
600185.SH,珠免集团,20260828,4.71,4.81,4.69,4.8,4.72,0.08,1.6949,187237.02,89340.611
600186.SH,莲花控股,20260828,11.71,12.38,11.69,11.94,11.69,0.25,2.1386,2719716.27,3277198.757
600187.SH,*ST国中,20260828,1.35,1.37,1.34,1.36,1.35,0.01,0.7407,190559.0,25817.798
600188.SH,兖矿能源,20260828,22.68,23.2,22.27,23.02,22.68,0.34,1.4991,496183.76,1131355.306
600189.SH,泉阳泉,20260828,7.51,7.86,7.48,7.86,7.47,0.39,5.2209,192066.5,148292.436
600191.SH,华资实业,20260828,11.3,11.3,10.98,11.07,11.2,-0.13,-1.1607,79961.0,88913.496
600192.SH,长城电工,20260828,7.12,7.18,7.07,7.12,7.13,-0.01,-0.1403,73706.07,52522.059
600195.SH,中牧股份,20260828,6.78,6.9,6.69,6.89,6.78,0.11,1.6224,106108.49,72325.991
600196.SH,复星医药,20260828,22.85,22.96,22.72,22.87,22.89,-0.02,-0.0874,154380.57,353062.976
600197.SH,伊力特,20260828,9.64,9.74,9.56,9.72,9.65,0.07,0.7254,60194.02,58217.162
600198.SH,大唐电信,20260828,8.0,8.0,7.77,7.77,7.93,-0.16,-2.0177,287178.56,225471.487
600199.SH,金种子酒,20260828,7.0,7.28,6.96,7.24,7.04,0.2,2.8409,284899.8,204536.345
600201.SH,生物股份,20260828,12.73,12.82,12.55,12.66,12.74,-0.08,-0.6279,107850.83,136456.014
600202.SH,哈空调,20260828,5.06,5.2,5.06,5.17,5.09,0.08,1.5717,47115.0,24232.818
600203.SH,福日电子,20260828,10.62,10.82,10.59,10.71,10.66,0.05,0.469,217711.11,233058.307
600206.SH,有研新材,20260828,53.0,55.55,51.56,51.65,53.65,-2.0,-3.7279,982284.39,5229448.564
600207.SH,安彩高科,20260828,4.44,4.49,4.4,4.46,4.44,0.02,0.4505,115974.08,51701.491
600208.SH,衢州发展,20260828,2.98,3.01,2.95,2.97,2.98,-0.01,-0.3356,582988.0,173384.151
600210.SH,紫江企业,20260828,6.28,6.37,6.2,6.21,6.04,0.17,2.8146,494992.18,311215.371
600211.SH,西藏药业,20260828,39.09,39.09,38.63,38.66,39.09,-0.43,-1.1,36067.6,139777.275
600212.SH,绿能慧充,20260828,6.16,6.32,6.11,6.22,6.16,0.06,0.974,137486.27,86054.922
600215.SH,派斯林,20260828,6.31,6.42,6.31,6.32,6.37,-0.05,-0.7849,58425.0,37131.024
600216.SH,浙江医药,20260828,12.99,13.3,12.85,13.19,13.01,0.18,1.3836,249852.72,326212.271
600217.SH,中再资环,20260828,3.24,3.42,3.2,3.4,3.24,0.16,4.9383,445220.31,148833.246
600218.SH,全柴动力,20260828,7.56,7.69,7.52,7.67,7.57,0.1,1.321,64249.0,48876.007
600219.SH,南山铝业,20260828,4.84,4.89,4.79,4.88,4.83,0.05,1.0352,1432426.41,694422.68
600221.SH,海航控股,20260828,1.31,1.32,1.3,1.31,1.32,-0.01,-0.7576,1769409.2,231957.313
600222.SH,太龙药业,20260828,8.1,8.17,7.9,7.91,8.17,-0.26,-3.1824,199078.88,159827.617
600223.SH,福瑞达,20260828,5.72,5.79,5.69,5.75,5.71,0.04,0.7005,100970.28,57885.745
600226.SH,亨通股份,20260828,6.19,6.25,6.05,6.06,6.2,-0.14,-2.2581,973151.24,596550.639
600227.SH,赤天化,20260828,4.12,4.58,4.12,4.58,4.16,0.42,10.0962,3690829.89,1600591.549
600228.SH,返利科技,20260828,8.55,8.57,8.26,8.31,8.57,-0.26,-3.0338,181636.0,152070.154
600229.SH,城市传媒,20260828,5.15,5.22,5.11,5.22,5.12,0.1,1.9531,29214.01,15092.653
600230.SH,沧州大化,20260828,14.57,15.45,14.52,15.34,14.57,0.77,5.2848,180051.63,271720.548
600231.SH,凌钢股份,20260828,1.75,1.8,1.74,1.79,1.75,0.04,2.2857,160132.7,28403.449
600232.SH,金鹰股份,20260828,6.43,6.62,6.42,6.57,6.45,0.12,1.8605,52363.0,34205.842
600233.SH,圆通速递,20260828,16.9,16.98,16.65,16.92,16.95,-0.03,-0.177,193211.3,324556.952
600234.SH,科新发展,20260828,21.0,21.76,21.0,21.47,21.33,0.14,0.6564,11172.0,24059.755
600235.SH,民丰特纸,20260828,5.86,5.9,5.82,5.9,5.86,0.04,0.6826,36047.0,21161.443
600236.SH,桂冠电力,20260828,9.92,9.93,9.82,9.9,9.92,-0.02,-0.2016,78923.76,77927.6
600237.SH,铜峰电子,20260828,8.5,8.66,8.46,8.49,8.49,0.0,0.0,211231.73,180766.925
600238.SH,ST椰岛,20260828,4.7,4.72,4.65,4.67,4.67,0.0,0.0,27913.0,13062.018
600239.SH,ST云城,20260828,1.45,1.45,1.43,1.45,1.44,0.01,0.6944,120439.36,17365.055
600241.SH,时代万恒,20260828,7.37,7.51,7.33,7.5,7.37,0.13,1.7639,32971.0,24509.852
600243.SH,*ST海华,20260828,3.83,3.87,3.77,3.8,3.85,-0.05,-1.2987,40748.0,15598.199
600246.SH,万通发展,20260828,12.45,12.75,12.08,12.12,12.47,-0.35,-2.8067,800772.79,989055.163
600248.SH,陕建股份,20260828,2.9,2.97,2.87,2.95,2.89,0.06,2.0761,223754.5,65563.35
600249.SH,两面针,20260828,5.36,5.41,5.28,5.39,5.32,0.07,1.3158,65781.0,35211.79
600250.SH,南京商旅,20260828,9.58,10.5,9.58,9.97,9.57,0.4,4.1797,408955.02,406294.837
600251.SH,冠农股份,20260828,10.91,11.77,10.65,11.77,10.7,1.07,10.0,655480.7,748425.928
600252.SH,中恒集团,20260828,2.38,2.44,2.36,2.41,2.38,0.03,1.2605,911540.99,219316.38
600255.SH,鑫科材料,20260828,3.33,3.39,3.33,3.38,3.34,0.04,1.1976,549651.85,184878.961
600256.SH,广汇能源,20260828,6.45,6.57,6.38,6.54,6.41,0.13,2.0281,1160545.09,752459.139
600257.SH,大湖股份,20260828,5.71,5.89,5.69,5.86,5.71,0.15,2.627,227120.65,132109.79
600258.SH,首旅酒店,20260828,12.31,12.49,12.29,12.45,12.37,0.08,0.6467,102773.13,127474.526
600259.SH,中稀有色,20260828,85.0,86.0,82.9,83.09,84.96,-1.87,-2.201,78946.22,661485.239
600261.SH,阳光照明,20260828,3.16,3.22,3.14,3.2,3.16,0.04,1.2658,109639.77,34937.988
600262.SH,北方股份,20260828,15.38,15.64,15.33,15.38,15.42,-0.04,-0.2594,56201.82,86875.448
600265.SH,*ST景谷,20260828,23.17,23.2,22.75,22.88,22.97,-0.09,-0.3918,5255.0,12028.053
600266.SH,城建发展,20260828,4.13,4.3,4.12,4.27,4.13,0.14,3.3898,404227.55,170951.046
600267.SH,海正药业,20260828,12.28,12.34,12.17,12.2,12.37,-0.17,-1.3743,208571.71,255192.178
600268.SH,国电南自,20260828,10.62,10.73,10.6,10.64,10.7,-0.06,-0.5607,82364.55,87772.11
600269.SH,赣粤高速,20260828,3.83,3.87,3.81,3.86,3.83,0.03,0.7833,160552.73,61746.506
600271.SH,航天信息,20260828,6.92,6.98,6.91,6.92,6.91,0.01,0.1447,82862.0,57516.961
600272.SH,开开实业,20260828,21.7,21.78,19.53,20.29,21.7,-1.41,-6.4977,569372.12,1168852.558
600273.SH,嘉化能源,20260828,6.64,6.9,6.61,6.85,6.64,0.21,3.1627,227024.67,154097.093
600276.SH,恒瑞医药,20260828,47.58,47.67,47.1,47.32,47.61,-0.29,-0.6091,532396.62,2522685.032
600278.SH,东方创业,20260828,6.47,6.71,6.44,6.67,6.34,0.33,5.205,197707.61,130987.775
600279.SH,重庆港,20260828,4.38,4.41,4.32,4.39,4.37,0.02,0.4577,69744.5,30536.294
600280.SH,中央商场,20260828,3.06,3.13,3.03,3.12,3.05,0.07,2.2951,284818.0,88258.024
600281.SH,华阳新材,20260828,4.93,5.01,4.87,4.98,4.97,0.01,0.2012,253735.01,125976.562
600282.SH,南钢股份,20260828,4.72,4.78,4.7,4.75,4.74,0.01,0.211,292305.6,138944.417
600283.SH,钱江水利,20260828,8.04,8.07,7.99,8.0,8.12,-0.12,-1.4778,39370.01,31555.927
600284.SH,浦东建设,20260828,5.15,5.23,5.14,5.21,5.16,0.05,0.969,90802.61,47166.378
600285.SH,羚锐制药,20260828,19.9,20.17,19.8,20.08,19.89,0.19,0.9553,71905.4,143972.905
600287.SH,苏豪时尚,20260828,4.88,5.0,4.83,4.98,4.86,0.12,2.4691,39137.1,19338.273
600288.SH,大恒科技,20260828,11.22,11.67,11.16,11.31,11.15,0.16,1.435,322535.14,368921.477
600289.SH,ST信通,20260828,4.43,4.47,4.35,4.36,4.45,-0.09,-2.0225,19567.0,8572.471
600292.SH,电投水电,20260828,12.5,12.62,12.41,12.56,12.52,0.04,0.3195,73356.3,92045.393
600293.SH,三峡新材,20260828,2.88,3.14,2.88,3.02,2.9,0.12,4.1379,754012.86,227734.64
600295.SH,鄂尔多斯,20260828,13.8,13.97,13.47,13.74,13.81,-0.07,-0.5069,73676.66,100802.045
600298.SH,安琪酵母,20260828,40.97,41.64,40.62,41.3,41.08,0.22,0.5355,48831.75,201388.244
600299.SH,安迪苏,20260828,8.6,8.89,8.59,8.82,8.62,0.2,2.3202,394365.18,344961.698
600300.SH,维维股份,20260828,3.2,3.28,3.17,3.28,3.21,0.07,2.1807,406741.37,131709.107
600301.SH,华锡有色,20260828,47.8,49.69,47.2,48.78,47.69,1.09,2.2856,106401.0,515456.165
600302.SH,ST标准,20260828,6.64,6.84,6.52,6.55,6.7,-0.15,-2.2388,32756.0,21805.768
600303.SH,曙光股份,20260828,2.95,3.03,2.94,3.03,2.94,0.09,3.0612,226876.0,68062.592
600305.SH,恒顺醋业,20260828,6.77,6.87,6.75,6.85,6.79,0.06,0.8837,62521.15,42674.239
600307.SH,酒钢宏兴,20260828,1.48,1.51,1.47,1.5,1.48,0.02,1.3514,559000.2,83519.257
600308.SH,华泰股份,20260828,3.29,3.35,3.29,3.34,3.29,0.05,1.5198,93235.87,31042.539
600309.SH,万华化学,20260828,75.8,78.18,75.53,78.04,75.92,2.12,2.7924,476221.07,3678448.502
600310.SH,广西能源,20260828,4.27,4.33,4.22,4.31,4.26,0.05,1.1737,346115.0,148236.289
600312.SH,平高电气,20260828,19.83,19.9,19.65,19.77,20.01,-0.24,-1.1994,127658.57,252421.859
600313.SH,农发种业,20260828,7.15,7.6,7.03,7.5,7.23,0.27,3.7344,1788647.84,1316055.645
600315.SH,上海家化,20260828,18.09,18.35,17.92,18.27,18.19,0.08,0.4398,76327.29,138685.456
600316.SH,洪都航空,20260828,29.49,31.2,29.1,30.78,29.23,1.55,5.3028,233395.47,708765.594
600318.SH,新力金融,20260828,6.88,6.99,6.82,6.88,6.94,-0.06,-0.8646,149691.0,103039.445
600319.SH,亚星化学,20260828,6.36,6.64,6.33,6.58,6.34,0.24,3.7855,58721.91,38200.782
600320.SH,振华重工,20260828,4.07,4.16,4.06,4.14,4.08,0.06,1.4706,438354.89,180542.294
600322.SH,津投城开,20260828,2.72,2.79,2.71,2.76,2.72,0.04,1.4706,248587.72,68767.335
600323.SH,瀚蓝环境,20260828,30.0,30.23,29.66,30.23,29.99,0.24,0.8003,27445.45,82421.028
600325.SH,华发股份,20260828,2.41,2.52,2.4,2.48,2.41,0.07,2.9046,799860.79,197595.557
600326.SH,西藏天路,20260828,7.56,7.99,7.55,7.75,7.72,0.03,0.3886,584230.93,451971.322
600327.SH,大东方,20260828,4.05,4.14,4.0,4.11,4.04,0.07,1.7327,194327.92,79351.503
600328.SH,中盐化工,20260828,6.34,6.57,6.32,6.54,6.35,0.19,2.9921,255878.94,165545.773
600329.SH,达仁堂,20260828,36.4,36.63,36.15,36.43,36.4,0.03,0.0824,13287.57,48385.269
600330.SH,天通股份,20260828,29.8,30.23,28.56,28.94,29.15,-0.21,-0.7204,1586122.65,4637685.905
600331.SH,宏达股份,20260828,13.08,13.28,12.87,13.2,13.03,0.17,1.3047,479205.13,628361.307
600332.SH,白云山,20260828,20.4,20.45,20.27,20.42,20.46,-0.04,-0.1955,49583.34,101019.179
600333.SH,长春燃气,20260828,6.27,6.59,6.27,6.55,6.27,0.28,4.4657,169606.78,109777.443
600335.SH,国机汽车,20260828,5.14,5.26,5.13,5.24,5.16,0.08,1.5504,144791.72,75461.991
600336.SH,澳柯玛,20260828,6.37,6.37,6.28,6.3,6.36,-0.06,-0.9434,49782.41,31408.526
600337.SH,ST美克,20260828,3.25,3.29,3.07,3.11,3.19,-0.08,-2.5078,323704.4,101385.212
600338.SH,西藏珠峰,20260828,13.98,14.49,13.8,14.38,13.94,0.44,3.1564,612714.64,869364.058
600339.SH,中油工程,20260828,3.39,3.48,3.38,3.46,3.38,0.08,2.3669,701942.2,241135.1
600340.SH,*ST华幸,20260828,1.09,1.1,1.08,1.09,1.09,0.0,0.0,390952.3,42602.901
600343.SH,航天动力,20260828,18.3,18.45,18.18,18.24,18.34,-0.1,-0.5453,112136.62,205217.029
600345.SH,长江通信,20260828,51.85,53.5,50.98,51.05,52.06,-1.01,-1.9401,170048.31,885370.034
600346.SH,恒力石化,20260828,18.96,19.75,18.64,19.66,18.9,0.76,4.0212,489298.89,946831.108
600348.SH,华阳股份,20260828,9.42,9.55,9.34,9.36,9.51,-0.15,-1.5773,350605.0,330197.781
600350.SH,山东高速,20260828,10.3,10.51,10.2,10.47,10.35,0.12,1.1594,142071.85,147790.713
600351.SH,亚宝药业,20260828,7.19,7.33,7.16,7.27,7.2,0.07,0.9722,257129.47,186536.54
600352.SH,浙江龙盛,20260828,12.91,13.26,12.68,13.17,12.81,0.36,2.8103,684038.79,893682.711
600353.SH,旭光电子,20260828,37.13,37.49,34.56,34.63,37.24,-2.61,-7.0086,735747.86,2633099.729
600354.SH,敦煌种业,20260828,7.62,8.21,7.46,8.21,7.46,0.75,10.0536,1087427.23,869767.473
600356.SH,恒丰纸业,20260828,8.81,8.87,8.74,8.79,8.81,-0.02,-0.227,44282.0,38935.702
600358.SH,国旅联合,20260828,5.06,5.13,5.03,5.09,5.06,0.03,0.5929,31450.0,15986.263
600359.SH,新农开发,20260828,7.62,7.99,7.28,7.51,7.47,0.04,0.5355,658590.59,497706.489
600360.SH,华微电子,20260828,10.51,10.72,10.39,10.4,10.58,-0.18,-1.7013,468439.84,493665.512
600361.SH,创新新材,20260828,3.69,3.76,3.67,3.75,3.7,0.05,1.3514,548649.0,204053.579
600362.SH,江西铜业,20260828,49.62,49.77,48.31,49.01,49.2,-0.19,-0.3862,704379.78,3452443.817
600363.SH,联创光电,20260828,18.18,18.67,18.0,18.19,18.21,-0.02,-0.1098,241230.15,443348.323
600365.SH,ST通葡,20260828,2.81,2.84,2.8,2.81,2.81,0.0,0.0,17986.0,5070.735
600366.SH,宁波韵升,20260828,11.79,11.84,11.62,11.7,11.79,-0.09,-0.7634,282988.73,331945.308
600367.SH,红星发展,20260828,39.6,43.66,39.0,42.1,40.5,1.6,3.9506,787351.66,3235737.192
600368.SH,五洲交通,20260828,4.25,4.42,4.23,4.41,4.25,0.16,3.7647,571657.89,248731.055
600369.SH,西南证券,20260828,4.14,4.15,4.08,4.13,4.15,-0.02,-0.4819,311226.06,128233.788
600370.SH,*ST三房,20260828,1.55,1.67,1.55,1.62,1.57,0.05,3.1847,373885.62,60645.767
600371.SH,万向德农,20260828,11.54,11.54,11.54,11.54,10.49,1.05,10.0095,49086.44,56645.752
600372.SH,中航机载,20260828,11.15,11.3,11.07,11.23,11.07,0.16,1.4453,301892.59,338574.051
600373.SH,中文传媒,20260828,7.2,7.28,7.18,7.27,7.19,0.08,1.1127,79083.87,57368.785
600375.SH,汉马科技,20260828,3.87,3.92,3.84,3.91,3.86,0.05,1.2953,154453.78,60022.723
600376.SH,首开股份,20260828,3.39,3.44,3.35,3.4,3.38,0.02,0.5917,642313.79,217106.884
600377.SH,宁沪高速,20260828,12.19,12.41,12.12,12.37,12.18,0.19,1.5599,113446.99,139724.044
600378.SH,昊华科技,20260828,53.31,53.31,52.6,53.31,48.46,4.85,10.0083,558371.38,2975549.756
600379.SH,宝光股份,20260828,14.17,14.98,13.9,14.18,14.22,-0.04,-0.2813,211039.84,304066.705
600380.SH,健康元,20260828,9.29,9.37,9.26,9.37,9.28,0.09,0.9698,123184.41,114904.708
600381.SH,*ST春天,20260828,4.81,4.88,4.66,4.68,4.85,-0.17,-3.5052,73430.0,34795.67
600382.SH,广东明珠,20260828,6.42,6.6,6.38,6.59,6.43,0.16,2.4883,188688.15,123331.197
600383.SH,金地集团,20260828,2.26,2.34,2.25,2.31,2.27,0.04,1.7621,945838.37,217333.554
600386.SH,北巴传媒,20260828,3.45,3.49,3.4,3.48,3.44,0.04,1.1628,70049.0,24241.559
600388.SH,紫金龙净,20260828,18.28,18.43,18.02,18.38,18.2,0.18,0.989,89213.83,162911.583
600389.SH,江山股份,20260828,18.84,19.4,18.76,19.25,18.81,0.44,2.3392,136040.1,260359.733
600390.SH,五矿资本,20260828,5.12,5.14,5.05,5.09,5.14,-0.05,-0.9728,412922.88,210182.684
600391.SH,航发科技,20260828,33.2,34.8,33.05,34.13,33.22,0.91,2.7393,108525.08,369860.851
600392.SH,盛和资源,20260828,23.2,23.3,22.73,22.93,23.23,-0.3,-1.2914,508561.07,1166602.277
600395.SH,盘江股份,20260828,5.66,5.76,5.6,5.74,5.67,0.07,1.2346,342037.21,194666.849
600396.SH,华电辽能,20260828,14.47,14.65,14.16,14.17,14.71,-0.54,-3.671,1234448.54,1771244.208
600397.SH,江钨装备,20260828,19.07,19.57,18.8,19.19,19.03,0.16,0.8408,1595003.89,3060811.623
600398.SH,海澜之家,20260828,5.98,6.0,5.9,5.95,5.97,-0.02,-0.335,236387.73,140521.663
600399.SH,抚顺特钢,20260828,4.32,4.45,4.32,4.43,4.32,0.11,2.5463,403912.69,177708.985
600400.SH,红豆股份,20260828,2.93,2.96,2.91,2.91,2.93,-0.02,-0.6826,330726.4,96936.31
600403.SH,大有能源,20260828,7.26,7.46,7.06,7.14,7.11,0.03,0.4219,1285375.14,927985.062
600405.SH,动力源,20260828,4.61,4.64,4.58,4.62,4.6,0.02,0.4348,64258.58,29638.431
600406.SH,国电南瑞,20260828,23.0,23.14,22.87,23.01,23.06,-0.05,-0.2168,277669.06,637989.671
600408.SH,安泰集团,20260828,3.06,3.12,3.02,3.09,3.04,0.05,1.6447,522601.0,161172.579
600409.SH,三友化工,20260828,7.12,7.5,7.09,7.44,7.1,0.34,4.7887,578390.0,424222.979
600410.SH,华胜天成,20260828,13.68,13.96,13.52,13.53,13.67,-0.14,-1.0241,413245.53,567200.593
600415.SH,小商品城,20260828,12.26,12.55,12.17,12.46,12.28,0.18,1.4658,452646.93,560177.668
600416.SH,湘电股份,20260828,8.62,8.75,8.58,8.7,8.62,0.08,0.9281,102043.12,88587.1
600418.SH,江淮汽车,20260828,21.04,21.18,20.86,21.04,21.11,-0.07,-0.3316,374655.73,788193.225
600419.SH,天润乳业,20260828,8.7,8.92,8.55,8.92,8.71,0.21,2.411,76574.1,67316.905
600420.SH,国药现代,20260828,8.61,8.67,8.56,8.66,8.63,0.03,0.3476,46067.0,39707.363
600422.SH,昆药集团,20260828,8.64,8.75,8.54,8.71,8.64,0.07,0.8102,61815.1,53422.102
600423.SH,*ST柳化,20260828,2.92,2.94,2.88,2.94,2.9,0.04,1.3793,33375.0,9711.627
600425.SH,青松建化,20260828,3.68,3.76,3.67,3.75,3.69,0.06,1.626,163534.0,60898.646
600426.SH,华鲁恒升,20260828,20.79,21.98,20.52,21.81,20.82,0.99,4.755,638761.44,1362215.51
600428.SH,中远海特,20260828,11.05,11.64,11.03,11.47,10.98,0.49,4.4627,642968.85,735838.317
600429.SH,三元股份,20260828,4.65,4.77,4.64,4.75,4.66,0.09,1.9313,147490.0,69651.324
600433.SH,冠豪高新,20260828,3.42,3.47,3.4,3.46,3.42,0.04,1.1696,312300.17,107750.036
600435.SH,北方导航,20260828,10.51,10.9,10.51,10.72,10.55,0.17,1.6114,167211.0,179753.076
600436.SH,片仔癀,20260828,126.1,127.49,125.19,127.3,126.37,0.93,0.7359,23670.45,300008.435
600438.SH,通威股份,20260828,11.84,12.03,11.82,11.96,11.9,0.06,0.5042,336147.72,401703.669
600439.SH,ST瑞贝卡,20260828,1.89,1.96,1.88,1.94,1.89,0.05,2.6455,278685.8,53550.69
600444.SH,国机通用,20260828,14.33,14.59,14.23,14.48,14.34,0.14,0.9763,23872.0,34514.363
600446.SH,金证股份,20260828,11.28,11.3,11.08,11.1,11.27,-0.17,-1.5084,133107.0,148646.238
600448.SH,华纺股份,20260828,2.99,3.03,2.96,3.02,2.98,0.04,1.3423,141510.56,42497.37
600449.SH,宁夏建材,20260828,12.44,13.02,12.35,12.75,12.49,0.26,2.0817,145384.74,184963.226
600452.SH,涪陵电力,20260828,9.2,9.26,9.11,9.15,9.2,-0.05,-0.5435,226347.55,207468.664
600455.SH,博通股份,20260828,24.1,24.54,24.1,24.51,24.15,0.36,1.4907,12501.0,30529.209
600456.SH,宝钛股份,20260828,27.52,27.59,27.3,27.32,27.38,-0.06,-0.2191,48843.7,133971.909
600458.SH,时代新材,20260828,11.85,11.92,11.75,11.78,11.89,-0.11,-0.9251,120091.31,141939.946
600459.SH,贵研铂业,20260828,21.6,21.68,21.3,21.43,21.78,-0.35,-1.607,227777.28,488550.485
600460.SH,士兰微,20260828,34.3,35.62,34.15,34.17,34.88,-0.71,-2.0356,1265618.1,4388354.719
600461.SH,洪城环境,20260828,8.89,9.02,8.86,9.0,8.95,0.05,0.5587,109786.02,98627.276
600463.SH,空港股份,20260828,8.21,8.39,8.13,8.37,8.2,0.17,2.0732,26857.0,22360.487
600467.SH,好当家,20260828,2.41,2.47,2.39,2.47,2.41,0.06,2.4896,443660.02,108252.586
600468.SH,百利电气,20260828,6.68,6.7,6.42,6.54,6.65,-0.11,-1.6541,590091.79,386493.949
600469.SH,风神股份,20260828,5.21,5.41,5.2,5.4,5.22,0.18,3.4483,132464.84,70566.395
600470.SH,六国化工,20260828,6.1,6.32,6.04,6.28,6.1,0.18,2.9508,554404.89,343738.754
600475.SH,华光环能,20260828,15.33,15.46,15.11,15.16,15.37,-0.21,-1.3663,74070.55,112931.671
600476.SH,*ST湘邮,20260828,9.5,9.67,9.43,9.65,9.54,0.11,1.153,11288.0,10847.523
600477.SH,杭萧钢构,20260828,2.49,2.52,2.47,2.51,2.49,0.02,0.8032,260685.55,65257.697
600478.SH,科力远,20260828,4.9,4.99,4.88,4.96,4.91,0.05,1.0183,246243.0,121494.555
600479.SH,千金药业,20260828,11.8,13.33,11.8,13.33,12.12,1.21,9.9835,1072038.23,1392000.797
600480.SH,凌云股份,20260828,8.33,8.34,8.25,8.25,8.32,-0.07,-0.8413,85192.7,70615.738
600481.SH,双良节能,20260828,4.34,4.42,4.31,4.39,4.34,0.05,1.1521,384874.22,168626.103
600482.SH,中国动力,20260828,31.82,32.15,31.03,31.81,31.82,-0.01,-0.0314,122445.1,388516.198
600483.SH,福能股份,20260828,10.78,10.82,10.65,10.77,10.8,-0.03,-0.2778,99998.65,107416.157
600486.SH,扬农化工,20260828,55.13,57.2,54.29,56.83,55.08,1.75,3.1772,69220.13,388629.376
600487.SH,亨通光电,20260828,71.0,72.21,68.67,68.7,71.3,-2.6,-3.6466,2602270.51,18323439.306
600488.SH,津药药业,20260828,5.7,5.75,5.55,5.6,5.7,-0.1,-1.7544,887471.0,499202.415
600489.SH,中金黄金,20260828,26.6,26.81,25.88,26.68,26.69,-0.01,-0.0375,910480.18,2399359.878
600490.SH,鹏欣资源,20260828,7.67,8.29,7.64,8.15,7.71,0.44,5.7069,1178900.86,948822.239
600491.SH,ST龙元,20260828,1.67,1.75,1.61,1.68,1.63,0.05,3.0675,1040250.44,175595.737
600493.SH,凤竹纺织,20260828,6.13,6.22,6.08,6.17,6.15,0.02,0.3252,45080.0,27726.546
600495.SH,晋西车轴,20260828,4.05,4.14,4.05,4.12,4.07,0.05,1.2285,78568.0,32222.35
600496.SH,精工钢构,20260828,3.35,3.38,3.34,3.36,3.35,0.01,0.2985,192357.0,64639.68
600497.SH,驰宏锌锗,20260828,10.49,10.63,10.4,10.57,10.53,0.04,0.3799,1471318.95,1549822.497
600498.SH,烽火通信,20260828,42.29,43.18,41.13,41.18,42.71,-1.53,-3.5823,1036376.43,4362312.905
600499.SH,科达制造,20260828,14.21,14.35,14.06,14.23,14.26,-0.03,-0.2104,206870.75,293683.948
600500.SH,中化国际,20260828,5.54,5.72,5.53,5.67,5.59,0.08,1.4311,1166723.23,657546.63
600501.SH,航天晨光,20260828,14.22,14.42,14.21,14.36,14.29,0.07,0.4899,36012.85,51619.772
600502.SH,安徽建工,20260828,4.59,4.65,4.57,4.63,4.61,0.02,0.4338,200541.0,92553.81
600503.SH,华丽家族,20260828,2.22,2.28,2.22,2.25,2.21,0.04,1.81,325138.0,73291.682
600505.SH,西昌电力,20260828,10.62,10.65,10.51,10.62,10.59,0.03,0.2833,39865.33,42242.278
600506.SH,统一股份,20260828,15.77,16.33,15.67,16.15,15.77,0.38,2.4096,130321.46,210287.99
600507.SH,方大特钢,20260828,4.26,4.33,4.21,4.29,4.27,0.02,0.4684,285338.91,122018.822
600508.SH,上海能源,20260828,11.97,12.85,11.68,12.12,11.76,0.36,3.0612,919789.43,1129783.798
600509.SH,天富能源,20260828,7.44,7.48,7.42,7.47,7.46,0.01,0.134,118530.29,88370.907
600510.SH,黑牡丹,20260828,7.24,7.32,7.19,7.22,7.24,-0.02,-0.2762,63896.24,46343.902
600511.SH,国药股份,20260828,26.74,26.8,26.47,26.77,26.78,-0.01,-0.0373,36384.75,97002.135
600512.SH,腾达建设,20260828,2.05,2.1,2.05,2.1,2.06,0.04,1.9417,270865.99,56417.553
600513.SH,联环药业,20260828,16.42,16.89,16.16,16.63,16.38,0.25,1.5263,103578.01,171913.129
600515.SH,海南机场,20260828,2.81,2.85,2.78,2.84,2.81,0.03,1.0676,814457.05,229986.638
600516.SH,方大炭素,20260828,5.13,5.14,5.09,5.12,5.11,0.01,0.1957,295653.59,151177.372
600517.SH,国网英大,20260828,5.1,5.15,5.06,5.13,5.08,0.05,0.9843,307104.55,157280.072
600518.SH,康美药业,20260828,1.39,1.42,1.38,1.41,1.4,0.01,0.7143,1824122.24,255870.117
600519.SH,贵州茅台,20260828,1289.0,1297.89,1288.0,1297.4,1292.3,5.1,0.3946,16126.11,2086008.422
600520.SH,三佳科技,20260828,24.5,25.64,24.37,24.51,24.69,-0.18,-0.729,64095.2,160193.897
600521.SH,华海药业,20260828,16.6,16.67,16.33,16.46,16.64,-0.18,-1.0817,218979.87,360434.705
600522.SH,中天科技,20260828,35.7,36.39,35.01,35.04,36.08,-1.04,-2.8825,2668739.81,9510078.369
600523.SH,贵航股份,20260828,11.94,12.09,11.94,11.98,11.97,0.01,0.0835,40873.0,49148.106
600525.SH,长园集团,20260828,5.37,5.44,5.22,5.32,5.36,-0.04,-0.7463,440267.77,233596.814
600526.SH,菲达环保,20260828,4.71,4.75,4.68,4.75,4.7,0.05,1.0638,71981.0,33948.608
600527.SH,江南高纤,20260828,2.27,2.3,2.25,2.29,2.27,0.02,0.8811,416338.6,95096.246
600528.SH,中铁工业,20260828,6.97,7.02,6.95,6.99,6.99,0.0,0.0,70959.01,49560.798
600529.SH,山东药玻,20260828,19.05,19.19,19.04,19.17,19.09,0.08,0.4191,40284.01,77037.114
600530.SH,ST交昂,20260828,3.76,4.08,3.75,3.9,3.77,0.13,3.4483,141107.5,55284.806
600531.SH,豫光金铅,20260828,13.95,14.31,13.7,14.17,13.95,0.22,1.5771,741458.41,1041907.001
600533.SH,栖霞建设,20260828,2.23,2.25,2.19,2.23,2.2,0.03,1.3636,214847.99,47582.084
600535.SH,天士力,20260828,14.8,15.04,14.7,14.89,14.82,0.07,0.4723,152638.87,226907.849
600536.SH,中国软件,20260828,33.43,34.96,33.21,33.77,32.94,0.83,2.5197,433816.04,1480290.758
600537.SH,*ST亿晶,20260828,2.14,2.17,2.14,2.17,2.16,0.01,0.463,148462.42,31976.942
600538.SH,国发股份,20260828,5.23,5.35,5.2,5.21,5.21,0.0,0.0,51007.0,26775.487
600539.SH,狮头股份,20260828,15.0,15.37,14.73,15.16,14.86,0.3,2.0188,175147.0,265438.851
600540.SH,新赛股份,20260828,5.05,5.05,5.05,5.05,4.59,0.46,10.0218,51664.19,26090.416
600543.SH,*ST莫高,20260828,4.17,4.3,4.15,4.25,4.15,0.1,2.4096,21786.16,9263.454
600545.SH,卓郎智能,20260828,4.36,4.45,4.29,4.31,4.35,-0.04,-0.9195,677613.0,295331.903
600546.SH,山煤国际,20260828,13.95,14.1,13.75,13.99,13.97,0.02,0.1432,168440.0,234796.179
600547.SH,山东黄金,20260828,34.5,35.79,34.05,35.49,34.89,0.6,1.7197,899922.16,3144157.267
600548.SH,深高速,20260828,8.22,8.33,8.2,8.31,8.23,0.08,0.9721,31808.2,26340.977
600549.SH,厦门钨业,20260828,54.79,55.9,53.86,54.59,54.8,-0.21,-0.3832,478837.98,2617969.79
600550.SH,保变电气,20260828,11.03,11.08,10.95,11.0,11.12,-0.12,-1.0791,168989.9,186035.48
600551.SH,时代出版,20260828,7.17,7.5,7.17,7.5,6.82,0.68,9.9707,185136.48,138324.673
600552.SH,凯盛科技,20260828,18.07,18.58,17.83,17.88,18.09,-0.21,-1.1609,494333.49,898414.824
600556.SH,天下秀,20260828,4.65,4.67,4.58,4.6,4.6,0.0,0.0,385449.0,177885.838
600557.SH,康缘药业,20260828,12.75,13.1,12.67,12.94,12.44,0.5,4.0193,156784.13,202969.318
600558.SH,大西洋,20260828,4.91,4.97,4.9,4.92,4.92,0.0,0.0,143124.0,70781.158
600559.SH,老白干酒,20260828,11.56,11.67,11.48,11.63,11.55,0.08,0.6926,74491.0,86285.497
600560.SH,金自天正,20260828,11.42,11.62,11.31,11.51,11.37,0.14,1.2313,22625.0,25980.585
600561.SH,江西长运,20260828,5.77,5.99,5.75,5.95,5.77,0.18,3.1196,53777.0,31700.316
600562.SH,国睿科技,20260828,27.28,29.2,27.26,28.97,27.3,1.67,6.1172,193749.99,551984.551
600563.SH,法拉电子,20260828,128.9,131.95,128.26,128.35,129.6,-1.25,-0.9645,26947.59,349767.91
600566.SH,济川药业,20260828,25.04,25.25,24.78,25.05,25.22,-0.17,-0.6741,35311.6,88225.16
600567.SH,山鹰国际,20260828,1.35,1.38,1.35,1.36,1.36,0.0,0.0,1053440.36,143629.962
600568.SH,ST中珠,20260828,2.2,2.2,2.15,2.16,2.18,-0.02,-0.9174,53256.0,11551.564
600569.SH,安阳钢铁,20260828,1.83,1.88,1.82,1.86,1.83,0.03,1.6393,262502.19,48738.246
600570.SH,恒生电子,20260828,22.22,22.38,21.97,21.97,22.11,-0.14,-0.6332,259211.59,574459.988
600571.SH,信雅达,20260828,11.1,11.15,10.83,10.88,11.05,-0.17,-1.5385,79390.24,86930.372
600572.SH,康恩贝,20260828,4.5,4.54,4.44,4.5,4.51,-0.01,-0.2217,455649.17,204912.069
600573.SH,惠泉啤酒,20260828,9.81,9.95,9.75,9.94,9.79,0.15,1.5322,40130.0,39688.1
600575.SH,淮河能源,20260828,3.3,3.37,3.29,3.36,3.31,0.05,1.5106,459612.93,153773.542
600576.SH,祥源文旅,20260828,5.52,5.58,5.49,5.58,5.52,0.06,1.087,68221.0,37909.745
600577.SH,精达股份,20260828,8.55,8.68,8.47,8.48,8.63,-0.15,-1.7381,576602.81,493248.518
600578.SH,京能电力,20260828,5.61,5.62,5.56,5.57,5.64,-0.07,-1.2411,455031.42,254075.05
600579.SH,中化装备,20260828,7.01,7.06,6.95,7.02,6.99,0.03,0.4292,27028.0,18951.925
600580.SH,卧龙电驱,20260828,30.22,30.37,29.77,29.79,30.28,-0.49,-1.6182,288407.47,866344.728
600581.SH,*ST八钢,20260828,2.35,2.41,2.33,2.39,2.35,0.04,1.7021,88072.4,20930.217
600582.SH,天地科技,20260828,4.92,4.97,4.89,4.97,4.94,0.03,0.6073,187649.52,92801.243
600583.SH,海油工程,20260828,6.1,6.19,6.06,6.15,6.11,0.04,0.6547,273262.85,167828.428
600584.SH,长电科技,20260828,76.6,77.98,74.85,74.93,76.54,-1.61,-2.1035,892018.67,6809177.242
600585.SH,海螺水泥,20260828,18.0,18.3,17.84,18.24,18.02,0.22,1.2209,326473.42,591713.924
600586.SH,金晶科技,20260828,4.21,4.36,4.2,4.33,4.21,0.12,2.8504,260913.51,112388.747
600587.SH,新华医疗,20260828,12.53,12.64,12.47,12.6,12.57,0.03,0.2387,38777.61,48647.617
600588.SH,用友网络,20260828,10.65,10.87,10.21,10.25,10.18,0.07,0.6876,1365814.62,1435062.984
600589.SH,大位科技,20260828,7.65,8.08,7.6,7.91,7.6,0.31,4.0789,1225139.81,966586.227
600590.SH,泰豪科技,20260828,8.34,8.47,8.3,8.38,8.35,0.03,0.3593,151702.22,127542.386
600592.SH,龙溪股份,20260828,15.36,15.73,14.62,14.76,14.95,-0.19,-1.2709,164971.36,246695.213
600593.SH,大连圣亚,20260828,41.7,42.16,41.33,41.53,41.68,-0.15,-0.3599,33825.0,140697.133
600594.SH,益佰制药,20260828,4.1,4.45,3.96,4.17,4.08,0.09,2.2059,1067169.78,446533.643
600595.SH,中孚实业,20260828,6.28,6.38,6.2,6.34,6.24,0.1,1.6026,945887.0,595822.819
600596.SH,新安股份,20260828,10.86,11.2,10.81,11.13,10.89,0.24,2.2039,438928.5,486891.468
600597.SH,光明乳业,20260828,6.77,6.93,6.76,6.92,6.79,0.13,1.9146,106104.36,72923.763
600598.SH,北大荒,20260828,13.31,13.72,13.19,13.42,13.56,-0.14,-1.0324,538912.45,724173.568
600600.SH,青岛啤酒,20260828,50.93,51.37,50.79,51.14,50.99,0.15,0.2942,38331.66,195982.919
600601.SH,方正科技,20260828,12.32,12.98,12.23,12.33,12.43,-0.1,-0.8045,1577887.59,1990310.291
600602.SH,云赛智联,20260828,18.5,19.06,18.4,18.68,18.37,0.31,1.6875,368930.32,692467.636
600603.SH,广汇物流,20260828,4.69,4.91,4.68,4.83,4.69,0.14,2.9851,175584.0,84238.409
600604.SH,市北高新,20260828,4.99,5.03,4.88,4.88,4.98,-0.1,-2.008,390817.0,192840.422
600605.SH,汇通能源,20260828,26.55,26.55,25.61,25.84,26.56,-0.72,-2.7108,45418.0,117858.036
600606.SH,绿地控股,20260828,1.28,1.31,1.27,1.3,1.28,0.02,1.5625,1033524.95,133297.132
600609.SH,金杯汽车,20260828,3.34,3.38,3.33,3.36,3.36,0.0,0.0,148943.0,50011.689
600610.SH,中毅达,20260828,8.94,9.93,8.58,9.43,9.03,0.4,4.4297,1238580.85,1146127.245
600611.SH,大众交通,20260828,4.65,4.65,4.51,4.51,4.61,-0.1,-2.1692,519528.78,236649.285
600612.SH,老凤祥,20260828,32.6,34.06,32.56,33.85,32.95,0.9,2.7314,38036.58,127542.63
600613.SH,神奇制药,20260828,12.53,12.77,11.13,12.4,11.61,0.79,6.8045,1981620.68,2412858.364
600615.SH,鑫源智造,20260828,9.48,9.91,9.4,9.8,9.51,0.29,3.0494,29492.6,28681.69
600616.SH,金枫酒业,20260828,4.32,4.39,4.31,4.37,4.33,0.04,0.9238,69333.74,30170.674
600617.SH,国新能源,20260828,3.38,3.47,3.36,3.46,3.39,0.07,2.0649,301287.01,103327.442
600618.SH,氯碱化工,20260828,10.43,10.7,10.35,10.66,10.42,0.24,2.3033,112090.54,118542.141
600619.SH,海立股份,20260828,14.49,14.78,14.45,14.57,14.58,-0.01,-0.0686,160753.0,234819.233
600620.SH,天宸股份,20260828,4.47,4.56,4.42,4.52,4.49,0.03,0.6682,45670.0,20559.358
600621.SH,华鑫股份,20260828,13.45,13.58,13.36,13.51,13.52,-0.01,-0.074,119061.17,160547.051
600622.SH,光大嘉宝,20260828,2.27,2.35,2.25,2.33,2.27,0.06,2.6432,282452.21,65454.658
600623.SH,华谊集团,20260828,8.58,8.91,8.55,8.86,8.6,0.26,3.0233,209598.26,183639.412
600624.SH,ST复华,20260828,4.25,4.39,4.25,4.39,4.26,0.13,3.0516,44193.49,19145.991
600626.SH,申达股份,20260828,3.7,3.72,3.6,3.7,3.65,0.05,1.3699,133566.24,48966.22
600628.SH,新世界,20260828,6.24,6.32,6.21,6.32,6.24,0.08,1.2821,58513.0,36818.629
600629.SH,华建集团,20260828,16.3,16.65,16.07,16.37,16.23,0.14,0.8626,244081.9,401384.087
600630.SH,龙头股份,20260828,6.85,6.98,6.84,6.96,6.86,0.1,1.4577,102189.0,70766.066
600633.SH,浙数文化,20260828,10.26,10.35,10.19,10.22,10.26,-0.04,-0.3899,126384.34,129646.109
600635.SH,大众公用,20260828,4.64,4.73,4.63,4.72,4.66,0.06,1.2876,344446.99,162228.087
600637.SH,东方明珠,20260828,8.34,8.42,8.26,8.35,8.31,0.04,0.4813,398455.95,332340.127
600638.SH,新黄浦,20260828,4.99,5.15,4.98,5.08,4.98,0.1,2.008,141114.71,71551.14
600639.SH,浦东金桥,20260828,9.45,9.54,9.36,9.48,9.5,-0.02,-0.2105,33623.14,31812.714
600640.SH,国脉文化,20260828,10.67,10.76,10.63,10.64,10.66,-0.02,-0.1876,35592.45,38008.158
600641.SH,先导基电,20260828,35.0,37.31,34.7,34.8,34.0,0.8,2.3529,1123009.35,4022725.821
600642.SH,申能股份,20260828,8.4,8.53,8.37,8.48,8.42,0.06,0.7126,298946.92,252701.412
600643.SH,爱建集团,20260828,4.14,4.15,4.05,4.11,4.14,-0.03,-0.7246,141334.01,58011.444
600644.SH,乐山电力,20260828,8.94,9.02,8.88,8.99,8.94,0.05,0.5593,148424.0,132936.721
600645.SH,中源协和,20260828,19.93,20.49,19.6,19.65,19.74,-0.09,-0.4559,104828.28,208609.64
600648.SH,外高桥,20260828,9.3,9.3,9.17,9.2,9.28,-0.08,-0.8621,22275.0,20528.803
600649.SH,城投控股,20260828,3.84,4.04,3.83,4.0,3.85,0.15,3.8961,513463.34,202891.285
600650.SH,锦江在线,20260828,10.68,10.73,10.59,10.67,10.67,0.0,0.0,23590.98,25120.839
600651.SH,飞乐音响,20260828,5.62,5.65,5.49,5.52,5.67,-0.15,-2.6455,252337.8,140182.955
600653.SH,申华控股,20260828,1.73,1.75,1.71,1.74,1.73,0.01,0.578,220948.43,38263.561
600654.SH,中安科,20260828,3.63,3.63,3.62,3.63,3.3,0.33,10.0,1165952.53,423233.989
600655.SH,豫园股份,20260828,4.61,4.71,4.61,4.68,4.64,0.04,0.8621,120331.77,56161.462
600657.SH,信达地产,20260828,2.63,2.74,2.63,2.72,2.64,0.08,3.0303,278686.59,75117.872
600658.SH,电子城,20260828,4.04,4.11,4.02,4.07,4.04,0.03,0.7426,84689.4,34542.971
600660.SH,福耀玻璃,20260828,56.74,57.57,56.4,57.36,56.8,0.56,0.9859,70811.87,404126.665
600661.SH,昂立教育,20260828,8.63,8.9,8.6,8.82,8.54,0.28,3.2787,72876.0,63989.978
600662.SH,外服控股,20260828,4.21,4.28,4.19,4.27,4.21,0.06,1.4252,111284.29,47250.435
600663.SH,陆家嘴,20260828,9.2,9.24,8.95,8.98,9.12,-0.14,-1.5351,174501.78,157541.392
600664.SH,哈药股份,20260828,8.67,9.5,8.61,9.0,8.75,0.25,2.8571,4406504.42,3985042.855
600665.SH,天地源,20260828,3.51,3.64,3.49,3.61,3.51,0.1,2.849,145698.48,52091.414
600666.SH,奥瑞德,20260828,3.63,3.67,3.55,3.57,3.62,-0.05,-1.3812,1175169.2,423353.581
600667.SH,太极实业,20260828,19.95,20.44,19.52,19.53,20.14,-0.61,-3.0288,1872433.03,3734641.004
600668.SH,尖峰集团,20260828,7.52,7.63,7.48,7.58,7.52,0.06,0.7979,46962.2,35521.591
600671.SH,天目药业,20260828,19.95,21.16,19.95,20.78,20.2,0.58,2.8713,32188.48,66569.526
600673.SH,东阳光,20260828,32.25,32.77,31.88,31.88,32.43,-0.55,-1.696,204481.35,659945.969
600674.SH,川投能源,20260828,15.54,15.54,15.33,15.39,15.55,-0.16,-1.0289,154639.2,238124.289
600675.SH,中华企业,20260828,2.28,2.36,2.27,2.34,2.28,0.06,2.6316,435814.5,101267.705
600676.SH,久事动娱,20260828,6.81,6.88,6.76,6.77,6.8,-0.03,-0.4412,63797.83,43424.962
600678.SH,ST金顶,20260828,5.7,5.79,5.63,5.72,5.73,-0.01,-0.1745,68807.0,39191.657
600679.SH,上海凤凰,20260828,9.76,10.3,9.75,10.18,9.8,0.38,3.8776,66837.53,67546.887
600681.SH,百川能源,20260828,3.47,3.53,3.46,3.52,3.46,0.06,1.7341,245977.52,86250.629
600682.SH,南京新百,20260828,5.72,5.75,5.66,5.73,5.73,0.0,0.0,100634.0,57419.699
600683.SH,京投发展,20260828,11.04,11.34,10.78,11.03,11.04,-0.01,-0.0906,642956.01,709889.417
600684.SH,珠江股份,20260828,3.75,3.8,3.71,3.76,3.73,0.03,0.8043,174209.2,65589.431
600685.SH,中船防务,20260828,26.24,26.44,26.04,26.33,26.2,0.13,0.4962,85626.01,225272.474
600686.SH,金龙汽车,20260828,11.31,11.61,11.2,11.45,11.28,0.17,1.5071,141306.6,161720.792
600688.SH,上海石化,20260828,2.87,2.94,2.86,2.94,2.88,0.06,2.0833,871294.96,253740.112
600689.SH,上海三毛,20260828,11.1,12.22,11.05,12.22,11.11,1.11,9.991,97633.0,116423.363
600690.SH,海尔智家,20260828,20.66,21.2,20.59,21.12,21.12,0.0,0.0,367798.17,771117.439
600691.SH,潞化科技,20260828,2.67,2.94,2.65,2.94,2.67,0.27,10.1124,808977.56,230246.334
600692.SH,亚通股份,20260828,6.45,6.56,6.4,6.55,6.44,0.11,1.7081,76486.0,49748.154
600693.SH,东百集团,20260828,9.43,9.59,9.25,9.56,9.35,0.21,2.246,533048.27,506173.376
600694.SH,大商股份,20260828,14.48,14.59,14.39,14.56,14.49,0.07,0.4831,31231.08,45326.273
600697.SH,欧亚集团,20260828,10.9,11.21,10.77,11.14,10.88,0.26,2.3897,34436.5,38164.943
600698.SH,湖南天雁,20260828,7.29,7.32,7.17,7.23,7.34,-0.11,-1.4986,258014.51,186446.171
600699.SH,均胜电子,20260828,19.16,19.37,18.99,19.01,19.2,-0.19,-0.9896,176816.04,338440.424
600702.SH,舍得酒业,20260828,35.2,35.56,35.05,35.38,35.27,0.11,0.3119,55899.64,197610.466
600703.SH,三安光电,20260828,13.31,13.52,13.11,13.12,13.31,-0.19,-1.4275,961987.83,1278249.293
600704.SH,物产中大,20260828,4.95,5.01,4.92,4.99,4.96,0.03,0.6048,408477.73,203254.404
600706.SH,曲江文旅,20260828,8.05,8.3,8.04,8.24,8.06,0.18,2.2333,78113.0,63978.967
600707.SH,彩虹股份,20260828,9.45,9.61,9.23,9.24,9.51,-0.27,-2.8391,955456.22,896531.835
600708.SH,光明地产,20260828,3.07,3.16,3.04,3.11,3.07,0.04,1.3029,216165.21,66985.561
600710.SH,苏美达,20260828,10.62,10.77,10.52,10.72,10.57,0.15,1.4191,104177.0,111163.186
600711.SH,盛屯矿业,20260828,11.89,12.14,11.71,12.0,11.95,0.05,0.4184,878887.06,1048506.343
600712.SH,南宁百货,20260828,5.48,5.64,5.45,5.61,5.45,0.16,2.9358,118726.0,66031.995
600713.SH,南京医药,20260828,5.28,5.33,5.25,5.29,5.28,0.01,0.1894,93691.0,49587.949
600714.SH,金瑞矿业,20260828,17.26,19.12,16.95,19.12,17.38,1.74,10.0115,554883.71,994709.175
600715.SH,文投控股,20260828,1.61,1.63,1.6,1.62,1.61,0.01,0.6211,241924.0,39178.541
600716.SH,凤凰股份,20260828,3.66,3.8,3.65,3.77,3.66,0.11,3.0055,77436.0,29032.907
600717.SH,天津港,20260828,4.34,4.36,4.29,4.34,4.34,0.0,0.0,149224.15,64528.804
600718.SH,东软集团,20260828,8.27,8.39,8.24,8.31,8.24,0.07,0.8495,75587.47,62969.997
600719.SH,大连热电,20260828,7.1,7.29,7.07,7.22,7.1,0.12,1.6901,94797.4,68387.295
600720.SH,中交设计,20260828,5.23,5.29,5.17,5.27,5.26,0.01,0.1901,93366.0,48769.286
600721.SH,百花医药,20260828,16.33,16.67,15.01,15.44,16.68,-1.24,-7.4341,1837162.16,2908569.073
600722.SH,金牛化工,20260828,13.75,15.27,13.5,15.27,13.88,1.39,10.0144,1408445.57,2059541.721
600724.SH,宁波富达,20260828,5.14,5.23,5.1,5.2,5.13,0.07,1.3645,89776.63,46592.755
600725.SH,云维股份,20260828,3.4,3.43,3.37,3.41,3.38,0.03,0.8876,156929.97,53313.814
600726.SH,华电能源,20260828,5.61,5.66,5.55,5.56,5.67,-0.11,-1.94,751173.64,419522.049
600727.SH,鲁北化工,20260828,7.62,7.89,7.59,7.84,7.61,0.23,3.0223,264326.0,205151.706
600728.SH,佳都科技,20260828,4.71,4.8,4.71,4.74,4.73,0.01,0.2114,192334.32,91444.637
600729.SH,重百集团,20260828,19.2,19.6,19.12,19.54,19.23,0.31,1.6121,30404.0,58975.098
600730.SH,*ST高科,20260828,10.5,10.69,9.98,10.0,10.37,-0.37,-3.568,138028.48,141804.731
600731.SH,湖南海利,20260828,5.9,5.97,5.86,5.94,5.89,0.05,0.8489,71386.0,42281.104
600732.SH,爱旭股份,20260828,11.41,11.95,11.37,11.85,11.4,0.45,3.9474,346902.39,407071.36
600733.SH,北汽蓝谷,20260828,5.08,5.18,5.08,5.14,5.11,0.03,0.5871,574195.32,295701.19
600734.SH,*ST实达,20260828,1.7,1.75,1.69,1.73,1.71,0.02,1.1696,330449.96,56971.387
600735.SH,ST新华锦,20260828,6.1,6.28,6.07,6.09,6.05,0.04,0.6612,39025.0,24008.874
600736.SH,苏州高新,20260828,6.98,7.01,6.83,6.9,6.99,-0.09,-1.2876,312460.72,215751.751
600737.SH,中粮糖业,20260828,16.09,16.5,15.86,16.03,15.33,0.7,4.5662,1128487.71,1825970.002
600738.SH,丽尚国潮,20260828,4.12,4.23,4.09,4.2,4.12,0.08,1.9417,106020.93,44194.081
600739.SH,辽宁成大,20260828,11.21,11.27,11.13,11.23,11.24,-0.01,-0.089,145821.05,163479.879
600740.SH,山西焦化,20260828,3.91,3.98,3.86,3.96,3.9,0.06,1.5385,481839.92,189455.22
600741.SH,华域汽车,20260828,15.25,15.55,15.25,15.39,15.32,0.07,0.4569,144338.73,222744.52
600742.SH,富维股份,20260828,7.74,7.78,7.69,7.74,7.75,-0.01,-0.129,53713.71,41507.289
600743.SH,华远控股,20260828,2.34,2.37,2.33,2.36,2.32,0.04,1.7241,256385.3,60431.289
600744.SH,华银电力,20260828,6.41,6.44,6.35,6.35,6.48,-0.13,-2.0062,572704.28,365011.338
600745.SH,*ST闻泰,20260828,19.16,20.2,18.71,19.79,19.11,0.68,3.5583,702716.22,1377270.283
600746.SH,江苏索普,20260828,6.89,7.2,6.87,7.15,6.88,0.27,3.9244,207199.22,146252.125
600748.SH,上实发展,20260828,3.85,3.93,3.82,3.9,3.85,0.05,1.2987,125147.75,48656.201
600749.SH,西藏旅游,20260828,14.67,14.91,14.58,14.83,14.67,0.16,1.0907,105830.01,156770.0
600750.SH,华润江中,20260828,23.97,24.3,23.85,24.28,24.02,0.26,1.0824,32271.99,77941.475
600751.SH,海航科技,20260828,3.1,3.16,3.09,3.14,3.09,0.05,1.6181,297691.65,93047.174
600753.SH,ST海钦,20260828,9.81,10.3,9.81,10.28,9.83,0.45,4.5778,25913.0,26303.928
600754.SH,锦江酒店,20260828,19.17,19.37,19.11,19.25,19.2,0.05,0.2604,67339.2,129634.43
600755.SH,厦门国贸,20260828,5.73,5.76,5.69,5.74,5.72,0.02,0.3497,135470.96,77628.589
600756.SH,浪潮软件,20260828,14.7,14.83,14.41,14.42,14.35,0.07,0.4878,144488.31,211784.37
600757.SH,长江传媒,20260828,7.25,7.32,7.2,7.28,7.27,0.01,0.1376,162901.0,118408.451
600758.SH,辽宁能源,20260828,3.58,3.7,3.56,3.67,3.57,0.1,2.8011,766205.0,280300.69
600759.SH,ST洲际,20260828,2.58,2.59,2.55,2.57,2.57,0.0,0.0,852488.0,218925.769
600760.SH,中航沈飞,20260828,44.91,46.78,44.9,46.52,45.13,1.39,3.08,319970.56,1482837.807
600761.SH,安徽合力,20260828,16.35,16.47,16.23,16.39,16.37,0.02,0.1222,94821.49,155090.249
600763.SH,通策医疗,20260828,35.1,35.38,34.89,35.04,35.1,-0.06,-0.1709,54949.68,193030.088
600764.SH,中国海防,20260828,17.69,18.65,17.69,18.35,17.78,0.57,3.2058,96453.5,176185.729
600765.SH,中航重机,20260828,13.54,13.94,13.5,13.82,13.54,0.28,2.0679,264315.11,364293.141
600768.SH,富邦新材,20260828,15.07,15.45,15.0,15.36,15.13,0.23,1.5202,31745.06,48424.661
600769.SH,祥龙电业,20260828,15.01,16.1,14.94,15.35,15.09,0.26,1.723,141110.0,220706.36
600770.SH,综艺股份,20260828,5.16,5.2,5.12,5.13,5.18,-0.05,-0.9653,143744.0,74099.529
600771.SH,广誉远,20260828,13.89,14.04,13.69,13.98,13.92,0.06,0.431,57820.41,80541.423
600773.SH,西藏城投,20260828,10.91,11.44,10.8,11.27,10.79,0.48,4.4486,324180.01,362219.704
600774.SH,汉商集团,20260828,7.59,7.79,7.52,7.76,7.61,0.15,1.9711,53675.25,41276.4
600775.SH,南京熊猫,20260828,9.59,9.73,9.57,9.66,9.64,0.02,0.2075,96984.01,93683.896
600776.SH,东方通信,20260828,13.0,13.11,12.9,12.93,13.01,-0.08,-0.6149,136964.0,178057.087
600777.SH,新潮能源,20260828,4.13,4.13,4.07,4.1,4.11,-0.01,-0.2433,130279.8,53385.656
600778.SH,友好集团,20260828,5.55,5.67,5.52,5.65,5.56,0.09,1.6187,67247.6,37729.618
600779.SH,水井坊,20260828,26.9,27.3,26.8,27.2,26.97,0.23,0.8528,20010.33,54273.745
600780.SH,通宝能源,20260828,5.9,5.96,5.88,5.95,5.91,0.04,0.6768,57907.0,34325.354
600782.SH,新钢股份,20260828,2.86,2.92,2.84,2.9,2.86,0.04,1.3986,574125.91,166098.165
600783.SH,鲁信创投,20260828,16.08,16.28,15.82,15.85,16.15,-0.3,-1.8576,198064.03,317324.867
600784.SH,鲁银投资,20260828,7.89,8.02,7.86,7.87,7.89,-0.02,-0.2535,80249.0,63577.943
600785.SH,新华百货,20260828,11.8,12.82,11.22,12.42,11.65,0.77,6.6094,793882.83,959912.653
600787.SH,中储股份,20260828,4.61,4.68,4.59,4.67,4.62,0.05,1.0823,172798.79,80210.006
600789.SH,鲁抗医药,20260828,7.41,7.58,7.4,7.55,7.47,0.08,1.071,204810.1,154124.759
600790.SH,轻纺城,20260828,3.38,3.44,3.36,3.43,3.38,0.05,1.4793,154697.87,52816.329
600791.SH,京能置业,20260828,7.58,7.98,7.49,7.79,7.53,0.26,3.4529,137454.01,107174.96
600792.SH,云煤能源,20260828,3.9,3.99,3.85,3.96,3.89,0.07,1.7995,208791.9,82164.792
600793.SH,宜宾纸业,20260828,14.62,15.18,14.5,14.91,14.54,0.37,2.5447,96213.3,143324.822
600794.SH,保税科技,20260828,3.23,3.26,3.21,3.25,3.23,0.02,0.6192,92734.0,30029.26
600795.SH,国电电力,20260828,5.23,5.23,5.17,5.19,5.23,-0.04,-0.7648,623444.67,324114.328
600796.SH,钱江生化,20260828,5.12,5.22,5.08,5.2,5.13,0.07,1.3645,60936.0,31496.34
600797.SH,浙大网新,20260828,6.8,6.93,6.8,6.86,6.8,0.06,0.8824,186749.01,128428.215
600798.SH,宁波海运,20260828,3.29,3.33,3.27,3.32,3.29,0.03,0.9119,160506.69,53098.116
600800.SH,渤海化学,20260828,3.52,3.61,3.49,3.6,3.52,0.08,2.2727,291875.51,103961.06
600801.SH,华新建材,20260828,24.06,24.33,23.72,23.97,23.94,0.03,0.1253,59931.0,144386.613
600802.SH,福建水泥,20260828,4.71,4.83,4.68,4.81,4.71,0.1,2.1231,55045.4,26278.37
600803.SH,新奥股份,20260828,17.58,18.04,17.5,18.02,17.59,0.43,2.4446,64346.47,114882.967
600805.SH,悦达投资,20260828,4.64,4.66,4.58,4.65,4.64,0.01,0.2155,51804.55,23968.967
600807.SH,济高发展,20260828,2.68,2.69,2.64,2.69,2.67,0.02,0.7491,100858.85,27002.346
600808.SH,马钢股份,20260828,2.62,2.67,2.6,2.65,2.62,0.03,1.145,516153.46,136418.186
600809.SH,山西汾酒,20260828,116.39,119.28,115.76,119.03,116.39,2.64,2.2682,50794.42,599381.995
600810.SH,神马股份,20260828,6.6,6.74,6.52,6.66,6.57,0.09,1.3699,181730.2,120827.343
600812.SH,华北制药,20260828,4.91,4.95,4.88,4.93,4.95,-0.02,-0.404,133052.93,65331.471
600814.SH,杭州解百,20260828,6.82,6.9,6.72,6.88,6.8,0.08,1.1765,75873.66,51782.68
600815.SH,厦工股份,20260828,4.04,4.46,4.01,4.46,4.05,0.41,10.1235,1793661.26,776321.123
600816.SH,建元信托,20260828,2.55,2.56,2.5,2.53,2.56,-0.03,-1.1719,625806.72,158483.405
600817.SH,XD宇通重,20260828,9.76,9.76,9.58,9.64,9.7,-0.06,-0.6186,21522.23,20729.057
600818.SH,ST中路,20260828,7.48,7.68,7.38,7.66,7.48,0.18,2.4064,45579.01,34374.256
600819.SH,耀皮玻璃,20260828,5.6,5.75,5.58,5.7,5.6,0.1,1.7857,86310.01,49046.057
600820.SH,隧道股份,20260828,5.43,5.54,5.42,5.52,5.44,0.08,1.4706,211038.56,115915.307
600821.SH,金开新能,20260828,6.0,6.05,5.94,5.97,6.02,-0.05,-0.8306,461365.96,275901.568
600822.SH,上海物贸,20260828,8.5,8.64,8.45,8.6,8.45,0.15,1.7751,32966.0,28283.065
600824.SH,益民集团,20260828,3.63,3.75,3.62,3.73,3.65,0.08,2.1918,202580.0,75031.26
600825.SH,新华传媒,20260828,5.07,5.1,5.04,5.05,5.06,-0.01,-0.1976,55847.3,28269.952
600826.SH,兰生股份,20260828,7.74,7.82,7.63,7.75,7.75,0.0,0.0,54267.22,42039.259
600827.SH,百联股份,20260828,7.69,7.81,7.64,7.78,7.7,0.08,1.039,132459.71,102508.303
600828.SH,茂业商业,20260828,4.02,4.11,3.96,4.09,4.02,0.07,1.7413,136040.0,55318.034
600829.SH,人民同泰,20260828,10.47,10.52,10.29,10.31,10.58,-0.27,-2.552,248356.4,257920.028
600830.SH,香溢融通,20260828,8.47,8.48,8.35,8.42,8.45,-0.03,-0.355,41626.0,35008.548
600831.SH,广电网络,20260828,3.35,3.36,3.3,3.35,3.33,0.02,0.6006,127125.01,42302.644
600833.SH,第一医药,20260828,10.88,11.04,10.76,10.92,10.89,0.03,0.2755,77455.0,84697.212
600834.SH,申通地铁,20260828,7.55,7.75,7.55,7.72,7.52,0.2,2.6596,50206.0,38643.343
600835.SH,上海机电,20260828,18.15,18.3,18.0,18.01,18.14,-0.13,-0.7166,23843.0,43223.104
600838.SH,上海九百,20260828,8.43,8.69,8.23,8.6,8.32,0.28,3.3654,351756.3,299817.274
600839.SH,四川长虹,20260828,6.98,7.02,6.96,6.97,7.02,-0.05,-0.7123,491946.14,343614.935
600841.SH,动力新科,20260828,5.74,5.85,5.73,5.8,5.77,0.03,0.5199,85064.8,49254.209
600843.SH,上工申贝,20260828,7.06,7.17,7.01,7.11,7.05,0.06,0.8511,56599.0,40267.929
600844.SH,金煤科技,20260828,3.65,3.83,3.58,3.81,3.63,0.18,4.9587,725366.0,270970.505
600845.SH,宝信软件,20260828,17.5,17.8,17.5,17.61,17.47,0.14,0.8014,154674.41,273192.787
600846.SH,同济科技,20260828,11.83,11.98,11.7,11.89,11.84,0.05,0.4223,27549.81,32613.386
600847.SH,万里股份,20260828,12.83,13.07,12.69,12.94,12.84,0.1,0.7788,15054.75,19377.993
600848.SH,上海临港,20260828,8.7,8.75,8.6,8.65,8.69,-0.04,-0.4603,72353.11,62738.549
600850.SH,电科数字,20260828,14.69,14.84,14.61,14.62,14.66,-0.04,-0.2729,73406.34,108070.596
600851.SH,海欣股份,20260828,8.65,8.74,8.48,8.5,8.7,-0.2,-2.2989,100710.31,86388.739
600853.SH,龙建股份,20260828,3.34,3.39,3.32,3.37,3.34,0.03,0.8982,85987.08,28927.1
600854.SH,春兰股份,20260828,4.6,4.66,4.59,4.65,4.6,0.05,1.087,64954.62,30062.663
600855.SH,航天长峰,20260828,12.23,12.39,12.17,12.28,12.2,0.08,0.6557,44414.0,54580.982
600857.SH,宁波中百,20260828,20.42,20.56,20.02,20.02,20.37,-0.35,-1.7182,35407.1,71913.849
600858.SH,银座股份,20260828,4.89,5.02,4.82,4.99,4.89,0.1,2.045,95085.85,47114.155
600859.SH,王府井,20260828,9.95,10.13,9.91,10.11,9.96,0.15,1.506,118038.95,118762.133
600860.SH,京城股份,20260828,8.44,8.47,8.37,8.4,8.43,-0.03,-0.3559,50362.0,42371.599
600861.SH,北京人力,20260828,13.02,13.22,12.99,13.19,13.02,0.17,1.3057,24627.8,32405.065
600862.SH,中航高科,20260828,17.55,17.99,17.51,17.79,17.6,0.19,1.0795,128722.69,229066.196
600863.SH,华能蒙电,20260828,4.68,4.7,4.65,4.68,4.72,-0.04,-0.8475,623304.69,291169.828
600864.SH,哈投股份,20260828,5.83,5.93,5.76,5.83,5.86,-0.03,-0.5119,654172.83,381180.289
600865.SH,百大集团,20260828,8.88,9.34,8.88,9.27,8.91,0.36,4.0404,99420.0,91079.544
600866.SH,星湖科技,20260828,4.35,4.42,4.31,4.41,4.36,0.05,1.1468,168479.54,73721.292
600867.SH,通化东宝,20260828,8.17,8.2,8.1,8.18,8.16,0.02,0.2451,172757.9,140975.276
600868.SH,梅雁吉祥,20260828,2.87,2.99,2.83,2.93,2.87,0.06,2.0906,845912.79,246826.361
600869.SH,远东股份,20260828,17.8,19.28,17.72,18.65,17.95,0.7,3.8997,2635051.69,4924696.592
600871.SH,石化油服,20260828,2.26,2.32,2.26,2.32,2.26,0.06,2.6549,1517358.39,348347.438
600872.SH,中炬高新,20260828,18.31,18.57,18.21,18.51,18.31,0.2,1.0923,87822.79,161467.696
600873.SH,梅花生物,20260828,7.77,7.93,7.72,7.89,7.79,0.1,1.2837,318529.47,250226.75
600874.SH,创业环保,20260828,5.57,5.61,5.54,5.6,5.57,0.03,0.5386,70655.65,39416.595
600875.SH,东方电气,20260828,25.7,25.79,25.1,25.25,25.95,-0.7,-2.6975,476251.89,1204866.739
600876.SH,凯盛新能,20260828,7.05,7.19,7.0,7.18,7.05,0.13,1.844,31938.32,22780.151
600877.SH,电科芯片,20260828,12.26,12.38,12.15,12.19,12.26,-0.07,-0.571,83576.01,102340.906
600879.SH,航天电子,20260828,14.4,14.5,14.23,14.28,14.41,-0.13,-0.9022,440418.08,631797.911
600880.SH,博瑞传播,20260828,3.92,3.98,3.9,3.94,3.92,0.02,0.5102,110859.43,43768.705
600881.SH,亚泰集团,20260828,2.02,2.04,1.97,1.99,2.06,-0.07,-3.3981,1314844.25,262292.755
600882.SH,妙可蓝多,20260828,20.49,20.73,20.38,20.42,20.58,-0.16,-0.7775,33225.17,68065.627
600883.SH,博闻科技,20260828,7.96,8.13,7.83,8.0,7.97,0.03,0.3764,56058.6,44946.812
600884.SH,杉杉股份,20260828,12.2,12.24,11.99,12.04,12.15,-0.11,-0.9053,401533.61,484457.528
600885.SH,宏发股份,20260828,33.83,34.51,33.62,34.3,34.02,0.28,0.823,104552.02,356423.935
600886.SH,国投电力,20260828,13.85,13.91,13.54,13.64,13.91,-0.27,-1.941,443641.81,604665.401
600887.SH,伊利股份,20260828,26.39,26.9,26.08,26.86,26.45,0.41,1.5501,748656.98,1989587.825
600888.SH,新疆众和,20260828,10.59,10.63,10.42,10.51,10.54,-0.03,-0.2846,455313.87,478906.608
600889.SH,*ST京化,20260828,13.5,13.5,13.37,13.43,13.41,0.02,0.1491,11990.01,16105.663
600892.SH,大晟文化,20260828,3.98,4.04,3.93,4.02,3.99,0.03,0.7519,255454.0,101940.525
600893.SH,航发动力,20260828,37.7,38.33,37.4,37.9,37.6,0.3,0.7979,309256.43,1173675.706
600894.SH,广日股份,20260828,7.29,7.39,7.26,7.36,7.31,0.05,0.684,58638.68,43079.414
600895.SH,张江高科,20260828,30.6,30.98,30.43,30.45,30.68,-0.23,-0.7497,181110.81,555354.615
600897.SH,厦门空港,20260828,14.68,14.96,14.6,14.87,14.68,0.19,1.2943,20827.46,30837.163
600900.SH,长江电力,20260828,28.01,28.07,27.87,28.05,28.1,-0.05,-0.1779,674543.52,1886753.422
600901.SH,江苏金租,20260828,6.52,6.57,6.49,6.54,6.54,0.0,0.0,184218.38,120357.735
600903.SH,贵州燃气,20260828,6.18,6.4,6.18,6.36,6.21,0.15,2.4155,324243.98,204826.749
600905.SH,三峡能源,20260828,3.71,3.73,3.7,3.72,3.72,0.0,0.0,550036.66,204356.403
600906.SH,财达证券,20260828,6.69,6.73,6.65,6.7,6.71,-0.01,-0.149,332558.26,222597.096
600908.SH,无锡银行,20260828,5.53,5.55,5.46,5.5,5.54,-0.04,-0.722,135697.0,74663.627
600909.SH,华安证券,20260828,8.37,8.41,8.31,8.33,8.42,-0.09,-1.0689,946355.96,790274.876
600916.SH,中国黄金,20260828,8.1,8.58,8.07,8.52,8.14,0.38,4.6683,1053202.11,879644.596
600917.SH,重庆燃气,20260828,4.81,4.88,4.79,4.86,4.8,0.06,1.25,91374.16,44185.518
600918.SH,中泰证券,20260828,5.77,5.79,5.71,5.74,5.79,-0.05,-0.8636,368277.11,211530.418
600919.SH,江苏银行,20260828,12.07,12.09,11.99,12.04,12.07,-0.03,-0.2486,504341.21,606539.077
600925.SH,苏能股份,20260828,4.38,4.39,4.34,4.36,4.37,-0.01,-0.2288,87307.0,38120.953
600926.SH,杭州银行,20260828,16.76,16.79,16.55,16.59,16.8,-0.21,-1.25,431663.75,718975.802
600927.SH,永安期货,20260828,13.24,13.36,13.08,13.14,13.24,-0.1,-0.7553,85877.87,113452.06
600928.SH,西安银行,20260828,3.49,3.52,3.43,3.46,3.59,-0.13,-3.6212,607635.51,209684.256
600929.SH,雪天盐业,20260828,5.58,6.04,5.58,6.04,5.49,0.55,10.0182,288534.1,171880.314
600930.SH,华电新能,20260828,3.94,3.96,3.92,3.95,3.94,0.01,0.2538,696781.09,274818.556
600933.SH,爱柯迪,20260828,13.9,14.09,13.42,13.42,13.88,-0.46,-3.3141,131204.35,178906.402
600935.SH,华塑股份,20260828,2.31,2.35,2.29,2.33,2.31,0.02,0.8658,229869.8,53380.662
600936.SH,北投科技,20260828,5.06,5.19,4.99,5.06,5.01,0.05,0.998,730500.26,372047.356
600938.SH,中国海油,20260828,33.94,34.38,33.7,34.19,33.82,0.37,1.094,311993.67,1060948.654
600939.SH,重庆建工,20260828,2.6,2.66,2.59,2.64,2.61,0.03,1.1494,126654.36,33331.249
600941.SH,中国移动,20260828,97.89,98.07,96.88,97.86,98.04,-0.18,-0.1836,66655.43,649275.084
600955.SH,维远股份,20260828,12.77,13.02,12.68,12.94,12.73,0.21,1.6496,37252.84,48124.315
600956.SH,新天绿能,20260828,7.13,7.22,7.13,7.18,7.17,0.01,0.1395,52976.0,37979.067
600958.SH,东方证券,20260828,9.18,9.22,9.14,9.19,9.19,0.0,0.0,398288.77,365443.603
600959.SH,江苏有线,20260828,3.07,3.12,3.05,3.08,3.07,0.01,0.3257,292599.18,90356.095
600960.SH,渤海汽车,20260828,4.06,4.1,4.06,4.07,4.06,0.01,0.2463,65005.0,26504.401
600961.SH,株冶集团,20260828,27.61,28.26,27.43,28.02,27.61,0.41,1.485,410736.49,1145532.796
600962.SH,国投中鲁,20260828,25.0,25.42,24.8,25.12,25.34,-0.22,-0.8682,67007.47,167833.6
600963.SH,岳阳林纸,20260828,3.5,3.57,3.49,3.55,3.51,0.04,1.1396,299096.8,105730.445
600965.SH,*ST福成,20260828,2.83,2.89,2.79,2.87,2.87,0.0,0.0,81665.9,23183.71
600966.SH,博汇纸业,20260828,4.99,5.12,4.98,5.06,4.99,0.07,1.4028,132804.38,67307.61
600967.SH,内蒙一机,20260828,11.09,11.19,11.0,11.1,11.23,-0.13,-1.1576,218761.09,242302.623
600968.SH,海油发展,20260828,3.97,4.01,3.92,3.94,3.98,-0.04,-1.005,442890.0,174910.039
600969.SH,郴电国际,20260828,10.31,10.51,9.96,10.09,10.45,-0.36,-3.445,437371.55,445303.085
600970.SH,中材国际,20260828,7.6,7.74,7.55,7.7,7.61,0.09,1.1827,152842.63,117021.159
600971.SH,恒源煤电,20260828,8.96,9.08,8.85,9.02,8.96,0.06,0.6696,185846.28,166954.118
600973.SH,宝胜股份,20260828,6.25,6.29,6.22,6.27,6.27,0.0,0.0,124337.11,77797.63
600975.SH,新五丰,20260828,5.1,5.22,5.05,5.22,5.09,0.13,2.554,203823.17,104856.475
600976.SH,健民集团,20260828,27.64,27.97,27.44,27.74,27.72,0.02,0.0722,14577.96,40408.549
600977.SH,中国电影,20260828,12.21,12.28,12.12,12.24,12.18,0.06,0.4926,183900.0,224466.629
600979.SH,广安爱众,20260828,3.94,3.97,3.93,3.95,3.96,-0.01,-0.2525,142870.2,56405.577
600980.SH,北矿科技,20260828,20.47,20.47,20.06,20.12,20.33,-0.21,-1.033,18906.0,38089.97
600981.SH,苏豪汇鸿,20260828,2.48,2.52,2.46,2.51,2.49,0.02,0.8032,159943.0,39972.212
600982.SH,宁波能源,20260828,4.83,4.97,4.81,4.91,4.84,0.07,1.4463,198062.5,96983.202
600983.SH,惠而浦,20260828,7.65,7.7,7.56,7.66,7.65,0.01,0.1307,17542.0,13444.26
600984.SH,建设机械,20260828,4.21,4.23,3.93,3.94,4.31,-0.37,-8.5847,1246205.9,502109.59
600985.SH,淮北矿业,20260828,18.14,18.48,17.61,17.91,18.13,-0.22,-1.2135,269127.97,482172.331
600986.SH,浙文互联,20260828,7.29,7.33,7.13,7.15,7.21,-0.06,-0.8322,490206.41,353742.333
600987.SH,航民股份,20260828,6.6,6.69,6.54,6.64,6.6,0.04,0.6061,62202.61,41267.709
600988.SH,赤峰黄金,20260828,47.8,49.3,46.73,49.09,48.22,0.87,1.8042,579583.09,2805333.947
600989.SH,宝丰能源,20260828,24.08,24.54,23.88,24.49,24.0,0.49,2.0417,648921.6,1573839.047
600990.SH,四创电子,20260828,18.36,19.5,18.36,18.9,18.45,0.45,2.439,75595.14,143313.268
600992.SH,贵绳股份,20260828,9.75,9.92,9.71,9.88,9.75,0.13,1.3333,46422.0,45757.053
600993.SH,马应龙,20260828,23.4,23.45,23.25,23.39,23.53,-0.14,-0.595,26028.0,60800.408
600995.SH,南网储能,20260828,12.43,12.62,12.42,12.59,12.42,0.17,1.3688,105952.0,132957.527
600996.SH,贵广网络,20260828,6.82,6.97,6.75,6.84,6.78,0.06,0.885,197709.78,135818.414
600997.SH,开滦股份,20260828,5.83,5.89,5.78,5.86,5.84,0.02,0.3425,106625.0,62399.465
600998.SH,九州通,20260828,4.91,4.92,4.87,4.9,4.94,-0.04,-0.8097,212746.45,104154.977
600999.SH,招商证券,20260828,18.65,18.83,18.5,18.71,18.65,0.06,0.3217,648002.73,1212548.571
601000.SH,唐山港,20260828,4.52,4.6,4.49,4.57,4.52,0.05,1.1062,358979.95,163325.928
601001.SH,晋控煤业,20260828,18.53,18.95,18.03,18.39,18.77,-0.38,-2.0245,200165.0,367193.496
601002.SH,晋亿实业,20260828,5.28,5.34,5.24,5.28,5.26,0.02,0.3802,119669.82,63358.389
601003.SH,柳钢股份,20260828,3.67,4.05,3.66,4.05,3.68,0.37,10.0543,398356.88,156533.939
601005.SH,重庆钢铁,20260828,1.2,1.22,1.2,1.21,1.21,0.0,0.0,506224.99,61277.143
601006.SH,大秦铁路,20260828,4.76,4.77,4.72,4.76,4.76,0.0,0.0,791177.71,375207.437
601007.SH,金陵饭店,20260828,6.86,7.03,6.86,6.99,6.88,0.11,1.5988,70303.8,48923.559
601008.SH,连云港,20260828,4.43,4.5,4.39,4.48,4.43,0.05,1.1287,121639.0,54070.414
601009.SH,南京银行,20260828,11.6,11.67,11.54,11.59,11.62,-0.03,-0.2582,523522.66,606814.071
601010.SH,ST文峰,20260828,1.46,1.52,1.45,1.51,1.46,0.05,3.4247,301509.0,45045.653
601011.SH,宝泰隆,20260828,3.06,3.15,3.02,3.1,3.01,0.09,2.99,919251.41,284352.722
601012.SH,隆基绿能,20260828,12.1,12.47,12.09,12.43,12.15,0.28,2.3045,872054.79,1076081.496
601015.SH,陕西黑猫,20260828,3.75,3.84,3.71,3.82,3.71,0.11,2.965,765362.36,290525.702
601016.SH,节能风电,20260828,3.39,3.41,3.37,3.39,3.41,-0.02,-0.5865,763576.91,258597.182
601018.SH,宁波港,20260828,3.44,3.47,3.38,3.46,3.44,0.02,0.5814,581944.33,199583.162
601019.SH,山东出版,20260828,6.66,6.75,6.65,6.73,6.69,0.04,0.5979,104816.17,70399.239
601020.SH,华钰矿业,20260828,22.54,24.66,22.0,23.8,22.63,1.17,5.1701,598831.67,1392681.138
601021.SH,春秋航空,20260828,43.81,44.2,43.57,44.08,43.99,0.09,0.2046,32037.03,140644.372
601022.SH,宁波远洋,20260828,8.35,8.43,8.27,8.39,8.31,0.08,0.9627,63519.0,53247.466
601026.SH,道生天合,20260828,15.5,15.65,15.43,15.56,15.58,-0.02,-0.1284,37682.09,58681.79
601033.SH,永兴股份,20260828,14.3,14.44,14.27,14.39,14.32,0.07,0.4888,29247.0,42031.044
601038.SH,一拖股份,20260828,14.25,14.48,13.98,14.33,14.32,0.01,0.0698,196277.1,279957.077
601058.SH,赛轮轮胎,20260828,14.0,14.47,13.93,14.39,13.99,0.4,2.8592,513784.73,736735.281
601059.SH,信达证券,20260828,16.98,16.98,16.57,16.76,16.88,-0.12,-0.7109,117658.0,197288.877
601061.SH,中信金属,20260828,11.88,12.12,11.79,12.01,11.92,0.09,0.755,156993.0,188001.201
601065.SH,江盐集团,20260828,6.88,6.97,6.87,6.95,6.9,0.05,0.7246,72071.5,49972.891
601066.SH,中信建投,20260828,25.77,25.78,25.47,25.58,25.78,-0.2,-0.7758,152257.94,389814.563
601068.SH,中铝国际,20260828,4.57,4.72,4.57,4.7,4.57,0.13,2.8446,145260.47,67780.716
601069.SH,西部黄金,20260828,30.31,31.93,29.91,31.11,30.71,0.4,1.3025,350083.44,1079693.412
601077.SH,渝农商行,20260828,6.83,6.87,6.76,6.79,6.86,-0.07,-1.0204,445073.0,303271.662
601083.SH,锦江航运,20260828,13.11,13.28,12.95,13.1,13.23,-0.13,-0.9826,175957.11,230688.209
601086.SH,国芳集团,20260828,7.74,8.34,7.72,8.34,7.58,0.76,10.0264,179971.79,147100.14
601088.SH,中国神华,20260828,47.8,48.18,47.08,47.63,47.8,-0.17,-0.3556,227264.53,1079822.77
601089.SH,福元医药,20260828,16.35,16.56,16.26,16.5,16.39,0.11,0.6711,29010.0,47627.316
601096.SH,宏盛华源,20260828,4.2,4.25,4.19,4.24,4.21,0.03,0.7126,125438.0,52990.123
601098.SH,中南传媒,20260828,9.86,9.99,9.86,9.89,9.89,0.0,0.0,92717.0,92067.359
601099.SH,太平洋,20260828,3.59,3.62,3.52,3.58,3.6,-0.02,-0.5556,2060404.98,736575.403
601100.SH,恒立液压,20260828,103.0,104.7,101.32,101.36,103.0,-1.64,-1.5922,51191.96,523342.413
601101.SH,昊华能源,20260828,14.27,14.9,14.07,14.81,14.22,0.59,4.1491,552289.98,798781.231
601106.SH,中国一重,20260828,3.06,3.1,3.04,3.08,3.08,0.0,0.0,410836.05,125989.675
601107.SH,四川成渝,20260828,5.86,5.92,5.82,5.86,5.86,0.0,0.0,96468.01,56563.969
601108.SH,财通证券,20260828,8.8,8.86,8.74,8.78,8.83,-0.05,-0.5663,520737.02,458390.045
601111.SH,中国国航,20260828,5.86,5.95,5.84,5.94,5.88,0.06,1.0204,583826.17,344715.087
601112.SH,振石股份,20260828,15.46,15.55,15.36,15.51,15.45,0.06,0.3883,33830.88,52388.256
601113.SH,华鼎股份,20260828,3.5,3.55,3.48,3.55,3.48,0.07,2.0115,130579.0,46015.164
601116.SH,三江购物,20260828,10.73,11.14,10.71,11.06,10.78,0.28,2.5974,160900.9,177091.895
601117.SH,中国化学,20260828,7.59,7.67,7.57,7.66,7.61,0.05,0.657,616989.14,470492.318
601118.SH,海南橡胶,20260828,6.63,6.8,6.48,6.67,6.49,0.18,2.7735,1650514.98,1097901.46
601121.SH,宝地矿业,20260828,7.39,7.58,7.35,7.54,7.42,0.12,1.6173,172183.0,128908.445
601126.SH,四方股份,20260828,42.8,43.69,42.0,42.14,43.22,-1.08,-2.4988,200270.26,854993.675
601127.SH,赛力斯,20260828,50.4,50.8,50.31,50.59,50.52,0.07,0.1386,106797.72,539973.613
601128.SH,常熟银行,20260828,6.2,6.21,6.14,6.15,6.23,-0.08,-1.2841,494929.47,305303.771
601133.SH,柏诚股份,20260828,26.9,27.16,25.71,25.82,27.11,-1.29,-4.7584,140619.3,370014.119
601136.SH,首创证券,20260828,14.26,14.46,14.15,14.42,14.31,0.11,0.7687,140591.76,201114.555
601137.SH,博威合金,20260828,21.11,22.06,21.0,21.41,21.12,0.29,1.3731,266499.69,576371.319
601138.SH,工业富联,20260828,64.04,66.69,63.8,64.04,63.86,0.18,0.2819,1579644.68,10314637.513
601139.SH,深圳燃气,20260828,6.33,6.41,6.29,6.38,6.35,0.03,0.4724,159327.3,101352.676
601155.SH,新城控股,20260828,12.0,12.55,11.85,11.99,11.83,0.16,1.3525,310989.23,377479.01
601156.SH,东航物流,20260828,18.78,19.06,18.63,19.02,18.77,0.25,1.3319,71952.03,135775.247
601158.SH,重庆水务,20260828,4.13,4.17,4.11,4.16,4.13,0.03,0.7264,62880.0,26045.673
601162.SH,天风证券,20260828,3.84,3.87,3.8,3.82,3.84,-0.02,-0.5208,1674652.6,640311.908
601163.SH,三角轮胎,20260828,12.44,12.53,12.43,12.48,12.48,0.0,0.0,36912.0,46054.781
601166.SH,兴业银行,20260828,17.65,17.65,17.42,17.43,18.01,-0.58,-3.2204,2409103.71,4214260.533
601168.SH,西部矿业,20260828,38.68,39.29,38.1,39.12,38.67,0.45,1.1637,452582.64,1756424.052
601169.SH,北京银行,20260828,5.08,5.1,5.06,5.09,5.09,0.0,0.0,746874.51,379818.293
601177.SH,杭齿前进,20260828,13.73,13.73,13.52,13.57,13.73,-0.16,-1.1653,79927.73,108624.427
601179.SH,中国西电,20260828,12.88,12.91,12.73,12.74,12.98,-0.24,-1.849,729074.57,932594.122
601186.SH,中国铁建,20260828,6.07,6.12,6.05,6.1,6.07,0.03,0.4942,251787.89,153325.618
601187.SH,厦门银行,20260828,7.12,7.21,7.09,7.15,7.15,0.0,0.0,128611.72,92092.486
601188.SH,龙江交通,20260828,2.93,2.96,2.91,2.95,2.94,0.01,0.3401,205462.01,60460.6
601198.SH,东兴证券,20260828,14.11,14.19,13.88,14.05,14.1,-0.05,-0.3546,275192.49,386163.216
601199.SH,江南水务,20260828,6.21,6.23,6.15,6.17,6.23,-0.06,-0.9631,76488.0,47285.47
601200.SH,上海环境,20260828,6.97,7.07,6.95,7.04,6.97,0.07,1.0043,61586.48,43210.905
601208.SH,东材科技,20260828,50.0,52.36,49.73,51.28,49.1,2.18,4.4399,927745.58,4729179.69
601211.SH,国泰海通,20260828,17.86,18.0,17.8,17.92,17.91,0.01,0.0558,526400.34,942004.267
601212.SH,白银有色,20260828,7.2,7.68,6.94,7.63,7.2,0.43,5.9722,6943498.22,5083451.431
601216.SH,君正集团,20260828,4.64,4.73,4.62,4.7,4.66,0.04,0.8584,655213.86,307099.075
601218.SH,吉鑫科技,20260828,4.5,4.54,4.47,4.53,4.52,0.01,0.2212,163539.04,73716.065
601222.SH,林洋能源,20260828,5.83,6.09,5.81,6.09,5.54,0.55,9.9278,987313.82,593354.039
601225.SH,陕西煤业,20260828,27.15,27.28,26.5,27.07,27.0,0.07,0.2593,268404.24,723615.997
601226.SH,华电科工,20260828,6.62,6.69,6.57,6.66,6.63,0.03,0.4525,124396.0,82441.719
601228.SH,广州港,20260828,3.07,3.12,3.05,3.11,3.08,0.03,0.974,215657.94,66725.199
601229.SH,上海银行,20260828,9.48,9.49,9.23,9.3,9.55,-0.25,-2.6178,1410991.42,1314315.096
601231.SH,环旭电子,20260828,27.31,28.49,26.98,26.99,27.55,-0.56,-2.0327,279635.91,774745.532
601233.SH,桐昆股份,20260828,26.38,27.78,25.52,27.45,26.0,1.45,5.5769,925242.16,2484147.661
601236.SH,红塔证券,20260828,7.05,7.05,6.95,7.0,7.05,-0.05,-0.7092,122139.96,85434.086
601238.SH,广汽集团,20260828,5.15,5.48,5.14,5.36,5.17,0.19,3.675,519274.0,276156.742
601279.SH,英利汽车,20260828,3.4,3.45,3.4,3.42,3.41,0.01,0.2933,98388.58,33736.177
601288.SH,农业银行,20260828,6.78,6.81,6.73,6.79,6.79,0.0,0.0,2152268.51,1458561.562
601298.SH,青岛港,20260828,9.03,9.12,8.91,9.07,8.98,0.09,1.0022,77533.0,70029.48
601311.SH,骆驼股份,20260828,7.43,7.5,7.41,7.47,7.43,0.04,0.5384,69214.76,51634.369
601318.SH,中国平安,20260828,55.76,55.96,55.26,55.85,55.87,-0.02,-0.0358,497473.7,2770723.801
601319.SH,中国人保,20260828,7.16,7.17,7.07,7.14,7.18,-0.04,-0.5571,521263.09,371439.482
601326.SH,秦港股份,20260828,3.4,3.44,3.37,3.43,3.4,0.03,0.8824,214047.0,73034.708
601328.SH,交通银行,20260828,7.07,7.13,7.01,7.1,7.07,0.03,0.4243,1157235.9,820642.837
601330.SH,绿色动力,20260828,7.06,7.12,7.03,7.1,7.07,0.03,0.4243,76327.02,54083.135
601333.SH,广深铁路,20260828,2.97,3.03,2.95,3.02,2.98,0.04,1.3423,749241.19,224575.006
601336.SH,新华保险,20260828,60.31,60.36,59.65,59.8,60.59,-0.79,-1.3038,191736.31,1148901.469
601339.SH,百隆东方,20260828,7.57,7.68,7.49,7.66,7.55,0.11,1.457,82022.0,62270.095
601360.SH,三六零,20260828,8.93,9.59,8.86,9.3,8.72,0.58,6.6514,2354718.44,2205186.436
601366.SH,利群股份,20260828,3.66,3.78,3.63,3.75,3.66,0.09,2.459,195708.0,72947.562
601368.SH,绿城水务,20260828,4.56,4.58,4.5,4.57,4.56,0.01,0.2193,45341.0,20648.707
601369.SH,陕鼓动力,20260828,8.71,8.83,8.68,8.81,8.71,0.1,1.1481,84710.0,74189.017
601375.SH,中原证券,20260828,4.24,4.25,4.16,4.23,4.24,-0.01,-0.2358,528938.0,222921.366
601377.SH,兴业证券,20260828,5.93,5.95,5.89,5.93,5.95,-0.02,-0.3361,555210.89,328681.676
601388.SH,怡球资源,20260828,3.57,3.6,3.49,3.59,3.59,0.0,0.0,674666.49,239669.447
601390.SH,中国中铁,20260828,4.39,4.46,4.37,4.45,4.41,0.04,0.907,952335.74,420957.662
601398.SH,工商银行,20260828,7.79,7.9,7.78,7.86,7.82,0.04,0.5115,2397474.73,1881891.591
601399.SH,国机重装,20260828,3.19,3.25,3.17,3.24,3.19,0.05,1.5674,589565.76,189556.987
601456.SH,国联民生,20260828,8.9,8.96,8.86,8.91,8.93,-0.02,-0.224,151088.19,134507.16
601500.SH,通用股份,20260828,3.96,4.02,3.88,4.01,3.95,0.06,1.519,271080.14,107634.528
601512.SH,中新集团,20260828,7.88,8.03,7.85,7.97,7.9,0.07,0.8861,38285.0,30443.01
601515.SH,衢州东峰,20260828,3.55,3.59,3.48,3.5,3.55,-0.05,-1.4085,173105.04,60844.325
601518.SH,吉林高速,20260828,2.79,2.84,2.78,2.83,2.79,0.04,1.4337,197418.17,55561.851
601519.SH,大智慧,20260828,8.74,9.15,8.72,8.9,8.82,0.08,0.907,764539.97,685095.633
601528.SH,瑞丰银行,20260828,5.05,5.07,4.99,5.03,5.05,-0.02,-0.396,88850.05,44627.095
601555.SH,东吴证券,20260828,8.11,8.21,8.06,8.16,8.15,0.01,0.1227,321334.69,261917.311
601566.SH,九牧王,20260828,8.33,8.44,8.33,8.4,8.37,0.03,0.3584,50487.0,42408.844
601567.SH,三星电气,20260828,14.55,14.87,14.55,14.8,14.68,0.12,0.8174,86270.27,127345.389
601568.SH,北元化工,20260828,3.79,3.87,3.78,3.86,3.8,0.06,1.5789,205824.5,79058.336
601577.SH,长沙银行,20260828,9.53,9.65,9.5,9.56,9.45,0.11,1.164,185241.73,177432.99
601579.SH,会稽山,20260828,20.09,20.19,19.32,19.33,20.09,-0.76,-3.783,177235.25,349148.045
601588.SH,北辰实业,20260828,1.75,1.78,1.74,1.76,1.75,0.01,0.5714,320029.01,56295.916
601595.SH,上海电影,20260828,16.68,16.83,16.58,16.66,16.66,0.0,0.0,27605.88,46027.409
601598.SH,中国外运,20260828,6.69,6.93,6.64,6.87,6.66,0.21,3.1532,210397.4,143627.861
601599.SH,浙文影业,20260828,3.12,3.16,3.09,3.15,3.11,0.04,1.2862,171091.0,53550.698
601600.SH,中国铝业,20260828,9.8,9.88,9.65,9.82,9.65,0.17,1.7617,1893931.05,1851476.335
601601.SH,中国太保,20260828,31.71,31.9,31.32,31.77,32.0,-0.23,-0.7188,332140.05,1052124.817
601606.SH,长城军工,20260828,31.08,31.71,31.08,31.62,31.42,0.2,0.6365,200709.59,633000.996
601607.SH,上海医药,20260828,16.3,16.48,16.23,16.41,16.27,0.14,0.8605,103357.16,169410.191
601608.SH,中信重工,20260828,4.83,4.83,4.76,4.79,4.84,-0.05,-1.0331,292137.75,139958.323
601609.SH,金田股份,20260828,13.3,13.34,12.92,12.98,13.35,-0.37,-2.7715,457062.86,597568.658
601611.SH,中国核建,20260828,10.83,11.08,10.78,10.96,10.86,0.1,0.9208,282620.62,309751.633
601615.SH,明阳智能,20260828,10.78,10.84,10.58,10.6,10.85,-0.25,-2.3041,417231.57,445744.626
601616.SH,广电电气,20260828,3.84,3.93,3.8,3.91,3.84,0.07,1.8229,196583.76,76553.672
601618.SH,中国中冶,20260828,2.62,2.66,2.6,2.65,2.62,0.03,1.145,877272.01,231129.626
601619.SH,嘉泽新能,20260828,4.08,4.15,4.05,4.13,4.08,0.05,1.2255,292680.6,120220.614
601628.SH,中国人寿,20260828,38.61,38.88,38.01,38.27,38.61,-0.34,-0.8806,354469.7,1360320.866
601633.SH,长城汽车,20260828,15.28,15.36,15.2,15.32,15.29,0.03,0.1962,80343.0,122823.974
601636.SH,旗滨集团,20260828,5.85,5.95,5.8,5.88,5.85,0.03,0.5128,452096.28,266378.322
601658.SH,邮储银行,20260828,4.99,5.01,4.97,4.99,5.0,-0.01,-0.2,889764.0,444056.837
601665.SH,齐鲁银行,20260828,6.55,6.62,6.5,6.59,6.55,0.04,0.6107,454480.65,298522.012
601666.SH,平煤股份,20260828,9.98,10.04,9.7,9.87,9.91,-0.04,-0.4036,242982.4,239446.93
601668.SH,中国建筑,20260828,4.42,4.47,4.4,4.46,4.43,0.03,0.6772,1876094.62,832412.03
601669.SH,中国电建,20260828,4.64,4.66,4.62,4.65,4.64,0.01,0.2155,663763.5,308030.138
601677.SH,明泰铝业,20260828,17.0,17.15,16.73,17.08,16.97,0.11,0.6482,199974.45,339313.841
601678.SH,滨化股份,20260828,6.5,7.02,6.44,6.81,6.48,0.33,5.0926,2456784.82,1669588.797
601686.SH,友发集团,20260828,5.23,5.26,5.19,5.24,5.22,0.02,0.3831,35330.23,18477.895
601688.SH,华泰证券,20260828,19.26,19.52,19.17,19.41,19.3,0.11,0.5699,574323.16,1114302.762
601689.SH,拓普集团,20260828,47.0,47.7,46.6,47.09,47.43,-0.34,-0.7168,251032.04,1185703.662
601696.SH,中银证券,20260828,12.17,12.2,12.02,12.08,12.19,-0.11,-0.9024,353496.96,427870.811
601698.SH,中国卫通,20260828,24.28,24.4,24.02,24.04,24.33,-0.29,-1.1919,145231.83,350795.043
601699.SH,潞安环能,20260828,17.41,17.54,16.88,17.1,17.31,-0.21,-1.2132,236786.31,405370.883
601700.SH,风范股份,20260828,7.45,8.38,7.3,8.38,7.62,0.76,9.9738,2051424.28,1622739.432
601702.SH,华峰铝业,20260828,15.85,16.26,15.81,16.15,15.88,0.27,1.7003,110350.3,177318.397
601717.SH,中创智领,20260828,15.02,15.13,14.84,15.05,15.08,-0.03,-0.1989,149417.7,223941.538
601718.SH,ST际华,20260828,1.87,1.89,1.86,1.87,1.86,0.01,0.5376,130533.0,24491.257
601727.SH,上海电气,20260828,6.63,6.66,6.6,6.65,6.64,0.01,0.1506,448380.13,297237.648
601728.SH,中国电信,20260828,6.33,6.35,6.26,6.3,6.35,-0.05,-0.7874,912140.67,573840.203
601766.SH,中国中车,20260828,6.21,6.23,6.13,6.2,6.21,-0.01,-0.161,812467.69,502915.605
601777.SH,千里科技,20260828,8.2,8.29,8.15,8.23,8.22,0.01,0.1217,151657.4,124808.94
601778.SH,晶科科技,20260828,3.73,3.74,3.69,3.71,3.73,-0.02,-0.5362,714919.0,265104.355
601788.SH,XD光大证,20260828,14.57,15.01,14.52,14.76,14.55,0.21,1.4433,347280.58,511463.899
601789.SH,宁波建工,20260828,4.26,4.31,4.25,4.28,4.27,0.01,0.2342,275895.13,118259.098
601798.SH,蓝科高新,20260828,7.84,7.88,7.77,7.83,7.84,-0.01,-0.1276,73999.0,57905.088
601799.SH,星宇股份,20260828,81.0,84.84,81.0,81.48,81.86,-0.38,-0.4642,49227.53,404719.489
601800.SH,中国交建,20260828,5.94,5.99,5.91,5.98,5.95,0.03,0.5042,217237.66,129393.785
601801.SH,皖新传媒,20260828,5.07,5.17,5.04,5.15,5.08,0.07,1.378,211884.78,108477.363
601808.SH,中海油服,20260828,12.55,12.97,12.55,12.85,12.58,0.27,2.1463,268277.98,343220.887
601811.SH,新华文轩,20260828,11.15,11.21,11.08,11.14,11.23,-0.09,-0.8014,42634.26,47425.151
601816.SH,京沪高铁,20260828,4.84,4.87,4.81,4.86,4.85,0.01,0.2062,1116064.4,540049.536
601818.SH,光大银行,20260828,3.03,3.04,3.02,3.03,3.04,-0.01,-0.3289,1047002.4,317403.91
601825.SH,沪农商行,20260828,9.02,9.08,8.81,8.83,9.04,-0.21,-2.323,209948.68,187241.954
601827.SH,三峰环境,20260828,8.17,8.24,8.1,8.15,8.2,-0.05,-0.6098,49849.1,40605.893
601828.SH,美凯龙,20260828,2.17,2.22,2.17,2.21,2.18,0.03,1.3761,391752.79,86042.034
601838.SH,成都银行,20260828,18.76,18.81,18.63,18.71,18.76,-0.05,-0.2665,121320.75,227054.273
601857.SH,中国石油,20260828,11.12,11.27,11.08,11.23,11.08,0.15,1.3538,992830.3,1110042.827
601858.SH,中国科传,20260828,22.37,22.46,21.76,21.93,22.15,-0.22,-0.9932,84947.12,186490.023
601860.SH,紫金银行,20260828,2.55,2.56,2.53,2.54,2.55,-0.01,-0.3922,408373.0,103891.67
601865.SH,福莱特,20260828,9.9,10.29,9.87,10.14,9.94,0.2,2.0121,163474.88,165026.754
601866.SH,中远海发,20260828,2.39,2.43,2.37,2.42,2.39,0.03,1.2552,752746.41,181135.313
601868.SH,中国能建,20260828,2.51,2.52,2.5,2.51,2.51,0.0,0.0,1291147.99,324280.54
601869.SH,长飞光纤,20260828,430.99,444.13,419.5,422.36,426.82,-4.46,-1.0449,213421.89,9189036.932
601872.SH,招商轮船,20260828,19.0,19.3,18.82,18.98,18.62,0.36,1.9334,864362.24,1651491.272
601877.SH,正泰电器,20260828,25.62,25.94,25.48,25.74,25.74,0.0,0.0,165632.07,426734.256
601878.SH,浙商证券,20260828,9.35,9.41,9.31,9.37,9.38,-0.01,-0.1066,239082.75,223592.916
601880.SH,辽港股份,20260828,1.47,1.48,1.45,1.47,1.47,0.0,0.0,878078.95,128765.021
601881.SH,中国银河,20260828,12.3,12.35,12.22,12.31,12.31,0.0,0.0,227649.62,279534.692
601882.SH,海天精工,20260828,20.0,20.22,19.76,19.92,20.04,-0.12,-0.5988,49769.24,99398.922
601886.SH,江河集团,20260828,13.44,13.55,12.81,12.91,13.32,-0.41,-3.0781,180981.02,235427.375
601888.SH,中国中免,20260828,53.1,53.59,52.86,53.35,53.15,0.2,0.3763,179626.13,956708.62
601890.SH,亚星锚链,20260828,8.68,8.79,8.68,8.74,8.74,0.0,0.0,189644.0,165941.443
601898.SH,中煤能源,20260828,14.96,15.44,14.74,15.36,14.95,0.41,2.7425,514267.14,777712.225
601899.SH,紫金矿业,20260828,34.5,34.67,33.7,34.65,34.57,0.08,0.2314,1997115.35,6839817.324
601900.SH,南方传媒,20260828,11.54,11.68,11.5,11.58,11.58,0.0,0.0,41528.0,48138.115
601901.SH,方正证券,20260828,6.9,6.94,6.87,6.92,6.91,0.01,0.1447,361466.62,249669.98
601908.SH,京运通,20260828,3.03,3.07,3.02,3.05,3.04,0.01,0.3289,306207.0,93317.924
601916.SH,浙商银行,20260828,2.88,2.9,2.86,2.89,2.89,0.0,0.0,1108021.47,319786.175
601918.SH,新集能源,20260828,10.75,10.95,10.62,10.88,10.75,0.13,1.2093,354801.1,384388.557
601919.SH,中远海控,20260828,16.87,17.09,16.82,16.88,17.11,-0.23,-1.3442,977767.61,1656061.104
601921.SH,浙版传媒,20260828,7.28,7.43,7.27,7.41,7.28,0.13,1.7857,73668.0,54255.289
601928.SH,凤凰传媒,20260828,8.46,8.55,8.43,8.47,8.45,0.02,0.2367,111723.57,94943.471
601929.SH,吉视传媒,20260828,2.33,2.35,2.32,2.34,2.33,0.01,0.4292,528771.82,123512.762
601933.SH,永辉超市,20260828,3.12,3.16,3.09,3.15,3.13,0.02,0.639,1157968.4,363307.315
601939.SH,建设银行,20260828,10.54,10.69,10.46,10.69,10.57,0.12,1.1353,906277.45,961808.005
601949.SH,中国出版,20260828,5.18,5.25,5.15,5.22,5.16,0.06,1.1628,77797.0,40543.939
601952.SH,苏垦农发,20260828,9.18,9.49,9.08,9.4,9.18,0.22,2.3965,398253.67,371457.184
601956.SH,东贝集团,20260828,4.95,5.02,4.94,5.01,4.95,0.06,1.2121,38486.1,19223.244
601958.SH,金钼股份,20260828,23.32,23.43,22.94,23.15,23.39,-0.24,-1.0261,409669.13,948813.92
601963.SH,重庆银行,20260828,10.96,11.03,10.88,11.01,11.0,0.01,0.0909,86549.0,94912.179
601965.SH,中国汽研,20260828,14.2,14.35,14.01,14.1,14.23,-0.13,-0.9136,48147.0,67941.889
601966.SH,玲珑轮胎,20260828,11.05,11.21,11.02,11.19,11.08,0.11,0.9928,66317.43,73768.084
601968.SH,宝钢包装,20260828,4.56,4.66,4.55,4.62,4.56,0.06,1.3158,113991.53,52667.745
601969.SH,海南矿业,20260828,9.65,9.87,9.45,9.79,9.51,0.28,2.9443,265998.18,257783.058
601975.SH,招商南油,20260828,4.08,4.19,4.04,4.15,3.97,0.18,4.534,2419901.95,1000179.876
601985.SH,中国核电,20260828,8.87,8.93,8.84,8.92,8.9,0.02,0.2247,705913.06,628310.471
601988.SH,中国银行,20260828,6.12,6.23,6.09,6.19,6.14,0.05,0.8143,2283440.2,1411406.15
601990.SH,南京证券,20260828,6.75,6.77,6.69,6.71,6.77,-0.06,-0.8863,220069.13,147824.462
601991.SH,大唐发电,20260828,5.9,5.95,5.88,5.89,5.95,-0.06,-1.0084,1523591.3,899852.761
601992.SH,金隅集团,20260828,1.4,1.42,1.39,1.42,1.41,0.01,0.7092,391691.69,55221.558
601995.SH,中金公司,20260828,35.01,35.01,34.29,34.71,34.86,-0.15,-0.4303,193626.2,673028.545
601996.SH,丰林集团,20260828,2.62,2.68,2.62,2.65,2.62,0.03,1.145,181742.68,48097.483
601997.SH,贵阳银行,20260828,5.53,5.55,5.48,5.5,5.53,-0.03,-0.5425,415748.97,228658.13
601998.SH,中信银行,20260828,8.65,8.79,8.59,8.72,8.66,0.06,0.6928,573877.47,500734.434
601999.SH,出版传媒,20260828,6.09,6.2,6.07,6.18,6.08,0.1,1.6447,58781.82,36153.759
603000.SH,人民网,20260828,16.48,16.65,16.36,16.42,16.41,0.01,0.0609,113944.11,187960.827
603001.SH,奥康国际,20260828,8.28,8.39,8.18,8.21,8.32,-0.11,-1.3221,83595.0,69108.022
603002.SH,宏昌电子,20260828,17.4,18.46,17.1,17.67,16.91,0.76,4.4944,1290720.7,2293956.121
603004.SH,鼎龙科技,20260828,19.49,19.53,19.0,19.1,19.32,-0.22,-1.1387,19390.48,37314.634
603005.SH,晶方科技,20260828,30.75,31.36,30.12,30.2,30.83,-0.63,-2.0435,270557.96,829244.05
603006.SH,联明股份,20260828,10.91,11.04,10.78,10.93,10.88,0.05,0.4596,44871.0,49100.102
603007.SH,顺景科技,20260828,4.98,5.37,4.91,5.37,4.88,0.49,10.041,784652.0,413918.513
603008.SH,ST喜临门,20260828,8.45,8.47,8.31,8.4,8.39,0.01,0.1192,62965.0,52820.169
603009.SH,北特科技,20260828,46.91,47.74,45.8,46.09,46.91,-0.82,-1.748,53127.23,247089.323
603010.SH,万盛股份,20260828,11.71,12.44,11.68,12.16,11.63,0.53,4.5572,134904.0,164155.573
603011.SH,合锻智能,20260828,25.18,27.65,25.0,27.65,25.14,2.51,9.9841,820062.62,2204164.216
603012.SH,创力集团,20260828,9.29,10.18,9.28,10.07,9.34,0.73,7.8158,582374.83,578177.014
603013.SH,亚普股份,20260828,15.32,15.4,15.08,15.12,15.46,-0.34,-2.1992,66917.23,101585.046
603014.SH,威高血净,20260828,32.26,32.53,31.87,32.02,32.1,-0.08,-0.2492,12625.07,40561.976
603015.SH,弘讯科技,20260828,10.93,11.24,10.93,11.19,10.97,0.22,2.0055,56483.0,62801.508
603016.SH,新宏泰,20260828,28.81,31.69,28.66,31.69,28.81,2.88,9.9965,38468.0,118415.842
603017.SH,中衡设计,20260828,9.81,9.88,9.7,9.87,9.78,0.09,0.9202,42933.0,42085.533
603018.SH,华设集团,20260828,5.27,5.36,5.26,5.34,5.28,0.06,1.1364,64036.04,34066.915
603019.SH,中科曙光,20260828,86.6,87.35,85.75,85.82,86.54,-0.72,-0.832,264503.54,2286016.919
603020.SH,爱普股份,20260828,10.11,10.3,10.1,10.2,10.1,0.1,0.9901,46588.0,47608.39
603021.SH,*ST华鹏,20260828,5.41,5.54,5.37,5.51,5.41,0.1,1.8484,36107.0,19779.414
603022.SH,新通联,20260828,8.99,9.13,8.86,9.08,8.95,0.13,1.4525,32416.03,29290.405
603023.SH,威帝股份,20260828,4.33,4.46,4.26,4.28,4.31,-0.03,-0.6961,110277.51,47669.659
603025.SH,大豪科技,20260828,13.8,13.93,13.71,13.73,13.84,-0.11,-0.7948,68775.0,95065.845
603026.SH,石大胜华,20260828,63.05,64.08,63.05,63.59,63.0,0.59,0.9365,56819.21,361784.467
603027.SH,千禾味业,20260828,7.23,7.36,7.2,7.33,7.24,0.09,1.2431,163477.62,119155.868
603028.SH,赛福天,20260828,6.97,7.16,6.96,7.1,7.01,0.09,1.2839,33573.9,23818.946
603029.SH,天鹅股份,20260828,16.47,18.28,16.37,18.28,16.62,1.66,9.988,126279.3,223641.987
603030.SH,全筑股份,20260828,2.11,2.14,2.09,2.13,2.1,0.03,1.4286,268353.0,56857.396
603031.SH,安孚科技,20260828,40.7,41.19,40.05,40.16,40.7,-0.54,-1.3268,67754.23,274904.046
603032.SH,德新科技,20260828,19.67,19.8,19.4,19.65,19.86,-0.21,-1.0574,110861.53,216703.385
603033.SH,三维股份,20260828,7.69,8.3,7.55,7.57,7.64,-0.07,-0.9162,101240.27,78301.793
603035.SH,常熟汽饰,20260828,11.37,11.46,11.31,11.41,11.36,0.05,0.4401,34418.63,39266.146
603036.SH,如通股份,20260828,15.78,16.0,15.66,15.75,15.84,-0.09,-0.5682,60187.0,95181.419
603037.SH,凯众股份,20260828,10.26,10.39,10.19,10.29,10.23,0.06,0.5865,25028.0,25815.198
603038.SH,华立股份,20260828,17.44,17.44,16.7,16.76,17.17,-0.41,-2.3879,85337.0,144986.427
603039.SH,泛微网络,20260828,41.6,41.99,39.33,40.41,39.68,0.73,1.8397,368586.35,1489420.394
603040.SH,新坐标,20260828,51.51,54.0,50.1,50.11,52.45,-2.34,-4.4614,27543.1,141870.966
603041.SH,美思德,20260828,11.14,11.4,11.1,11.3,11.15,0.15,1.3453,19300.2,21755.274
603042.SH,华脉科技,20260828,14.2,14.45,14.05,14.06,14.45,-0.39,-2.699,78592.6,111860.788
603043.SH,广州酒家,20260828,13.8,14.0,13.67,13.95,13.81,0.14,1.0138,34386.55,47612.375
603045.SH,福达合金,20260828,56.53,62.18,56.51,62.18,56.53,5.65,9.9947,62036.32,380340.744
603048.SH,浙江黎明,20260828,22.0,22.65,21.67,21.94,21.99,-0.05,-0.2274,18314.0,40598.578
603049.SH,中策橡胶,20260828,50.04,50.98,49.81,50.38,50.11,0.27,0.5388,23509.46,118345.904
603050.SH,科林电气,20260828,17.97,18.07,17.7,17.9,17.89,0.01,0.0559,21252.64,38125.837
603051.SH,鹿山新材,20260828,20.81,21.62,20.76,21.15,20.88,0.27,1.2931,36793.02,78160.792
603052.SH,可川科技,20260828,58.88,61.39,58.2,58.23,58.79,-0.56,-0.9525,54399.13,324126.662
603053.SH,成都燃气,20260828,8.74,8.83,8.71,8.81,8.73,0.08,0.9164,18420.0,16179.154
603055.SH,台华新材,20260828,9.32,9.58,9.18,9.49,9.3,0.19,2.043,217105.41,204864.396
603057.SH,紫燕食品,20260828,21.23,21.32,20.41,20.43,21.44,-1.01,-4.7108,31926.0,66084.225
603058.SH,永吉股份,20260828,9.27,9.48,9.16,9.38,9.27,0.11,1.1866,52371.24,48844.374
603059.SH,倍加洁,20260828,24.02,24.88,23.8,24.74,23.93,0.81,3.3849,16641.0,40721.854
603060.SH,国检集团,20260828,5.52,5.61,5.5,5.58,5.5,0.08,1.4545,62348.56,34704.894
603061.SH,金海通,20260828,356.89,362.0,337.0,337.46,356.9,-19.44,-5.4469,36434.93,1258088.691
603062.SH,麦加芯彩,20260828,39.3,39.62,39.14,39.41,39.32,0.09,0.2289,1339.0,5278.434
603063.SH,禾望电气,20260828,32.0,32.6,31.37,31.41,32.14,-0.73,-2.2713,165400.88,527574.339
603065.SH,宿迁联盛,20260828,17.33,17.94,16.85,16.92,17.87,-0.95,-5.3162,348181.0,604859.142
603066.SH,音飞储存,20260828,9.04,9.15,9.02,9.13,9.03,0.1,1.1074,55117.0,50177.441
603067.SH,振华股份,20260828,36.39,37.0,34.5,34.87,35.67,-0.8,-2.2428,219538.91,781259.889
603068.SH,博通集成,20260828,36.48,37.02,35.72,35.74,36.45,-0.71,-1.9479,81171.96,294854.03
603069.SH,海汽集团,20260828,13.14,13.42,12.99,13.28,13.12,0.16,1.2195,27415.0,36342.492
603070.SH,万控智造,20260828,11.67,11.77,11.62,11.76,11.65,0.11,0.9442,14305.0,16775.26
603071.SH,物产环能,20260828,12.57,12.81,12.57,12.67,12.66,0.01,0.079,29403.0,37351.536
603072.SH,天和磁材,20260828,32.37,32.45,31.98,32.05,32.35,-0.3,-0.9274,15933.53,51307.884
603073.SH,彩蝶实业,20260828,16.72,16.85,16.55,16.78,16.73,0.05,0.2989,10628.0,17782.462
603075.SH,热威股份,20260828,19.42,19.79,19.33,19.34,19.46,-0.12,-0.6166,21187.51,41436.354
603076.SH,乐惠国际,20260828,20.78,20.8,20.4,20.61,20.77,-0.16,-0.7703,16770.0,34534.953
603077.SH,和邦生物,20260828,2.4,2.46,2.37,2.44,2.4,0.04,1.6667,2685339.97,649993.037
603078.SH,江化微,20260828,35.19,37.38,35.0,36.6,35.09,1.51,4.3032,345428.51,1259011.112
603079.SH,圣达生物,20260828,13.5,13.57,13.2,13.3,13.73,-0.43,-3.1318,136845.92,182101.474
603080.SH,新疆火炬,20260828,19.64,19.84,19.52,19.78,19.65,0.13,0.6616,12998.99,25629.437
603081.SH,大丰实业,20260828,10.03,10.05,9.83,9.85,10.03,-0.18,-1.7946,42357.0,41892.901
603082.SH,北自科技,20260828,40.31,44.61,40.16,44.61,40.55,4.06,10.0123,69567.18,304034.128
603083.SH,剑桥科技,20260828,197.88,204.5,191.8,192.31,198.21,-5.9,-2.9766,234394.02,4613964.809
603085.SH,天成自控,20260828,9.93,10.08,9.88,9.95,9.93,0.02,0.2014,51376.0,51333.999
603086.SH,先达股份,20260828,5.77,6.33,5.7,6.33,5.75,0.58,10.087,225159.45,136762.547
603087.SH,甘李药业,20260828,71.48,71.55,70.38,70.38,71.38,-1.0,-1.401,55049.55,389732.559
603088.SH,宁波精达,20260828,10.4,10.45,10.2,10.24,10.29,-0.05,-0.4859,170027.19,175173.333
603089.SH,正裕工业,20260828,10.29,10.3,9.91,10.01,10.33,-0.32,-3.0978,111294.08,111655.716
603090.SH,宏盛股份,20260828,38.71,40.15,38.19,38.3,38.71,-0.41,-1.0592,22954.73,89475.746
603091.SH,众鑫股份,20260828,49.6,50.88,49.6,50.29,50.0,0.29,0.58,5385.2,27098.46
603092.SH,德力佳,20260828,41.99,42.39,41.87,42.3,42.0,0.3,0.7143,10803.34,45591.561
603093.SH,南华期货,20260828,13.52,13.76,13.2,13.22,13.52,-0.3,-2.2189,457257.73,612780.156
603095.SH,越剑智能,20260828,16.01,17.4,15.82,16.98,16.31,0.67,4.1079,217790.27,366277.236
603096.SH,新经典,20260828,14.74,15.0,14.7,14.98,14.72,0.26,1.7663,13985.0,20849.653
603097.SH,江苏华辰,20260828,19.01,19.28,18.91,18.91,19.21,-0.3,-1.5617,15024.8,28618.091
603098.SH,森特股份,20260828,10.31,10.57,10.19,10.53,10.18,0.35,3.4381,56419.59,58769.357
603099.SH,长白山,20260828,39.26,40.05,39.2,39.76,39.26,0.5,1.2736,56186.01,222878.546
603100.SH,川仪股份,20260828,17.99,19.38,17.93,19.05,17.81,1.24,6.9624,166163.2,314049.824
603101.SH,汇嘉时代,20260828,7.42,7.77,7.38,7.67,7.44,0.23,3.0914,118933.83,90510.431
603102.SH,百合股份,20260828,40.81,42.05,40.3,40.48,40.86,-0.38,-0.93,29202.0,119444.352
603103.SH,横店影视,20260828,14.93,15.22,14.9,15.06,14.95,0.11,0.7358,31691.65,47852.738
603105.SH,芯能科技,20260828,7.77,7.78,7.58,7.62,7.88,-0.26,-3.2995,227287.6,173590.245
603106.SH,恒银科技,20260828,8.12,8.28,7.92,7.93,8.19,-0.26,-3.1746,328089.8,263706.815
603107.SH,上海汽配,20260828,11.9,11.97,11.87,11.95,11.93,0.02,0.1676,10587.0,12635.127
603108.SH,润达医疗,20260828,9.85,10.07,9.8,9.82,9.73,0.09,0.925,152689.95,151143.191
603109.SH,神驰机电,20260828,17.62,17.74,17.53,17.58,17.63,-0.05,-0.2836,9708.0,17118.054
603110.SH,东方材料,20260828,24.66,24.75,23.77,24.03,24.31,-0.28,-1.1518,101168.0,244151.082
603111.SH,康尼机电,20260828,6.12,6.35,6.1,6.28,6.09,0.19,3.1199,117580.3,73275.709
603112.SH,华翔股份,20260828,16.04,16.59,15.79,16.29,15.89,0.4,2.5173,158307.56,257856.629
603113.SH,金能科技,20260828,5.33,5.52,5.31,5.52,5.33,0.19,3.5647,400260.37,217505.699
603115.SH,海星股份,20260828,77.07,79.5,75.22,75.29,77.77,-2.48,-3.1889,48461.3,372288.241
603116.SH,红蜻蜓,20260828,6.4,6.54,6.37,6.45,6.42,0.03,0.4673,55772.0,36007.404
603117.SH,万林物流,20260828,3.91,4.06,3.91,4.03,3.93,0.1,2.5445,82819.4,33242.0
603118.SH,共进股份,20260828,18.14,18.47,17.7,17.73,18.22,-0.49,-2.6894,1175904.92,2120362.552
603119.SH,浙江荣泰,20260828,51.8,53.17,50.6,51.02,51.98,-0.96,-1.8469,81276.55,419039.076
603120.SH,肯特催化,20260828,46.08,46.64,45.66,45.86,46.11,-0.25,-0.5422,14406.0,66501.081
603121.SH,华培动力,20260828,13.83,14.22,13.76,13.84,13.92,-0.08,-0.5747,158244.06,221657.356
603122.SH,合富中国,20260828,12.31,12.52,12.16,12.38,12.31,0.07,0.5686,155570.98,192276.519
603123.SH,翠微股份,20260828,9.92,10.0,9.69,9.7,9.91,-0.21,-2.1191,285738.0,279340.979
603124.SH,江南新材,20260828,131.0,132.6,123.84,124.0,131.95,-7.95,-6.025,46671.0,593214.293
603125.SH,常青科技,20260828,23.11,23.63,23.02,23.23,23.12,0.11,0.4758,37488.23,87231.382
603126.SH,中材节能,20260828,6.22,6.43,6.17,6.38,6.22,0.16,2.5723,113617.0,71710.702
603127.SH,昭衍新药,20260828,48.0,51.51,47.5,47.54,48.14,-0.6,-1.2464,369352.39,1800214.985
603128.SH,华贸物流,20260828,5.6,5.65,5.55,5.62,5.61,0.01,0.1783,106033.3,59449.837
603129.SH,春风动力,20260828,303.44,304.0,296.66,297.99,304.13,-6.14,-2.0189,13915.36,415928.135
603130.SH,云中马,20260828,40.16,40.21,39.73,39.75,40.05,-0.3,-0.7491,7359.0,29382.849
603131.SH,上海沪工,20260828,14.49,14.91,14.47,14.68,14.54,0.14,0.9629,59031.33,86566.046
603132.SH,金徽股份,20260828,19.61,20.37,19.22,20.15,19.75,0.4,2.0253,132122.18,263933.103
603135.SH,中重科技,20260828,9.18,9.76,9.13,9.14,9.1,0.04,0.4396,177035.5,164710.566
603136.SH,天目湖,20260828,9.2,9.32,9.13,9.27,9.18,0.09,0.9804,39371.85,36421.768
603137.SH,恒尚节能,20260828,23.63,24.3,22.69,22.75,24.44,-1.69,-6.9149,242343.08,560222.167
603138.SH,海量数据,20260828,12.82,13.13,12.73,12.75,12.71,0.04,0.3147,50832.05,65679.52
603139.SH,康惠股份,20260828,35.56,35.6,34.62,34.63,35.43,-0.8,-2.258,13385.0,46949.898
603150.SH,万朗磁塑,20260828,50.98,54.67,50.9,53.49,50.82,2.67,5.2538,22408.0,119011.019
603151.SH,邦基科技,20260828,15.97,16.18,15.71,16.01,15.95,0.06,0.3762,31126.0,49785.302
603153.SH,上海建科,20260828,13.2,13.31,13.18,13.27,13.25,0.02,0.1509,9904.0,13121.212
603155.SH,新亚强,20260828,13.71,14.4,13.69,14.13,13.83,0.3,2.1692,92922.7,131315.699
603156.SH,养元饮品,20260828,42.01,42.68,41.78,42.11,42.53,-0.42,-0.9875,135708.34,572802.829
603158.SH,腾龙股份,20260828,10.98,11.19,10.76,10.77,11.0,-0.23,-2.0909,213970.05,234492.48
603159.SH,上海亚虹,20260828,22.79,24.69,22.65,24.54,22.67,1.87,8.2488,78543.6,186788.951
603160.SH,汇顶科技,20260828,49.5,49.78,48.89,48.89,49.68,-0.79,-1.5902,33427.3,164779.4
603161.SH,科华控股,20260828,15.6,15.99,15.54,15.71,15.66,0.05,0.3193,42657.92,67042.117
603162.SH,海通发展,20260828,12.14,12.9,12.05,12.68,11.96,0.72,6.0201,501490.28,631679.009
603163.SH,圣晖集成,20260828,79.8,84.8,79.8,81.16,80.28,0.88,1.0962,29322.96,241405.8
603165.SH,荣晟环保,20260828,14.33,14.64,14.27,14.53,14.23,0.3,2.1082,73880.7,107141.341
603166.SH,福达股份,20260828,10.96,11.02,10.8,10.82,10.96,-0.14,-1.2774,63944.89,69513.593
603167.SH,渤海轮渡,20260828,8.12,8.19,8.11,8.14,8.12,0.02,0.2463,48490.0,39538.22
603168.SH,莎普爱思,20260828,5.94,6.15,5.91,6.03,5.98,0.05,0.8361,134458.78,81536.715
603169.SH,兰石重装,20260828,6.55,6.69,6.5,6.6,6.54,0.06,0.9174,130998.36,86696.157
603170.SH,宝立食品,20260828,12.31,12.4,12.27,12.33,12.34,-0.01,-0.081,16390.0,20227.401
603171.SH,税友股份,20260828,41.88,44.34,40.91,44.34,40.31,4.03,9.9975,143282.98,617506.777
603172.SH,万丰股份,20260828,18.4,19.98,17.92,19.5,18.4,1.1,5.9783,80569.79,152308.616
603173.SH,福斯达,20260828,31.38,32.48,31.16,31.42,31.6,-0.18,-0.5696,12892.0,41070.79
603175.SH,超颖电子,20260828,90.17,94.15,89.6,92.85,90.7,2.15,2.3705,20538.07,191213.532
603176.SH,汇通集团,20260828,5.31,5.45,5.25,5.42,5.26,0.16,3.0418,75011.0,40365.675
603177.SH,德创环保,20260828,11.1,11.27,10.9,11.02,10.89,0.13,1.1938,69305.0,76993.714
603178.SH,圣龙股份,20260828,16.39,16.62,16.11,16.23,16.48,-0.25,-1.517,63452.62,103646.447
603179.SH,新泉股份,20260828,39.74,40.29,38.96,39.46,39.81,-0.35,-0.8792,165352.75,653796.274
603180.SH,金牌家居,20260828,15.42,15.65,15.35,15.5,15.35,0.15,0.9772,9569.75,14853.784
603181.SH,皇马科技,20260828,12.98,13.26,12.97,13.12,12.98,0.14,1.0786,44677.0,58712.917
603182.SH,嘉华股份,20260828,13.37,13.78,13.34,13.72,13.38,0.34,2.5411,22003.0,29944.271
603183.SH,建研院,20260828,4.68,4.85,4.68,4.78,4.69,0.09,1.919,120215.7,57593.037
603185.SH,弘元绿能,20260828,16.2,16.3,15.94,16.2,16.15,0.05,0.3096,93764.01,151250.751
603186.SH,华正新材,20260828,183.94,197.77,182.98,183.6,183.39,0.21,0.1145,260782.32,4947547.953
603187.SH,海容冷链,20260828,11.13,11.29,11.1,11.19,11.15,0.04,0.3587,40565.49,45322.934
603188.SH,亚邦股份,20260828,4.89,5.09,4.87,5.07,4.87,0.2,4.1068,234440.0,117851.274
603189.SH,*ST网达,20260828,9.19,9.5,9.19,9.37,9.24,0.13,1.4069,24510.0,23047.849
603190.SH,亚通精工,20260828,16.71,16.81,16.09,16.11,16.64,-0.53,-3.1851,36481.47,59483.323
603191.SH,望变电气,20260828,14.24,15.18,14.15,15.04,14.41,0.63,4.372,228382.93,336028.894
603192.SH,汇得科技,20260828,20.13,20.51,19.8,20.36,20.05,0.31,1.5461,13662.0,27660.663
603193.SH,润本股份,20260828,20.65,20.65,20.35,20.55,20.54,0.01,0.0487,15857.0,32538.822
603194.SH,中力股份,20260828,34.39,34.4,34.02,34.05,34.34,-0.29,-0.8445,5645.0,19285.687
603195.SH,公牛集团,20260828,39.57,39.91,38.75,39.13,39.97,-0.84,-2.1016,61806.03,241289.092
603196.SH,璞源材料,20260828,20.19,20.19,19.5,19.73,20.13,-0.4,-1.9871,19944.0,39454.313
603197.SH,保隆科技,20260828,30.66,30.72,29.93,29.96,30.43,-0.47,-1.5445,41542.2,125591.227
603198.SH,迎驾贡酒,20260828,39.37,40.78,38.38,40.51,39.38,1.13,2.8695,64361.61,257693.154
603199.SH,九华旅游,20260828,33.99,34.57,33.92,34.4,34.09,0.31,0.9094,18179.0,62436.851
603200.SH,上海洗霸,20260828,43.33,45.1,43.24,43.64,44.7,-1.06,-2.3714,165953.33,726655.67
603201.SH,常润股份,20260828,14.79,14.96,14.72,14.88,14.84,0.04,0.2695,22362.96,33184.306
603202.SH,天有为,20260828,52.29,52.87,52.02,52.62,52.25,0.37,0.7081,8029.57,42220.412
603203.SH,快克智能,20260828,43.87,47.14,43.78,44.0,43.87,0.13,0.2963,129664.5,586736.473
603205.SH,健尔康,20260828,22.88,23.28,22.34,22.41,23.04,-0.63,-2.7344,12798.44,28897.509
603206.SH,嘉环科技,20260828,13.85,14.05,13.84,13.85,13.89,-0.04,-0.288,25454.0,35474.868
603207.SH,小方制药,20260828,23.43,23.6,23.18,23.25,23.55,-0.3,-1.2739,21822.01,50988.307
603208.SH,江山欧派,20260828,11.36,11.53,11.27,11.46,11.31,0.15,1.3263,14034.29,16063.507
603209.SH,兴通股份,20260828,14.15,14.39,14.12,14.29,14.18,0.11,0.7757,49649.0,70980.109
603210.SH,泰鸿万立,20260828,13.62,13.89,13.53,13.74,13.61,0.13,0.9552,40401.94,55529.482
603211.SH,晋拓股份,20260828,21.9,22.12,21.54,21.58,21.95,-0.37,-1.6856,51944.0,113204.157
603212.SH,赛伍技术,20260828,11.75,12.0,11.68,11.8,11.72,0.08,0.6826,83488.72,99264.664
603213.SH,镇洋发展,20260828,13.97,14.05,13.89,14.0,13.96,0.04,0.2865,16873.4,23593.654
603214.SH,爱婴室,20260828,13.8,13.95,13.59,13.87,13.64,0.23,1.6862,22656.0,31319.13
603215.SH,比依股份,20260828,14.23,14.69,14.21,14.6,14.3,0.3,2.0979,14203.0,20662.572
603216.SH,梦天家居,20260828,20.49,20.9,20.3,20.59,20.59,0.0,0.0,23792.0,49152.551
603217.SH,元利科技,20260828,29.2,30.47,28.68,29.93,29.33,0.6,2.0457,60708.59,181567.59
603218.SH,日月股份,20260828,9.71,9.71,9.45,9.57,9.79,-0.22,-2.2472,91501.68,87343.687
603219.SH,富佳股份,20260828,14.07,14.27,13.81,13.9,14.0,-0.1,-0.7143,24107.0,33830.149
603220.SH,中贝通信,20260828,18.78,19.08,18.5,18.53,18.91,-0.38,-2.0095,193029.45,362008.884
603221.SH,爱丽家居,20260828,27.85,29.9,27.82,29.1,28.65,0.45,1.5707,182783.91,527755.24
603222.SH,济民健康,20260828,8.25,8.3,8.16,8.2,8.24,-0.04,-0.4854,84627.4,69543.648
603223.SH,恒通股份,20260828,10.33,10.58,10.32,10.43,10.32,0.11,1.0659,54393.88,56827.076
603225.SH,新凤鸣,20260828,20.54,21.09,19.92,20.79,20.42,0.37,1.8119,231468.83,477103.208
603226.SH,菲林格尔,20260828,35.3,38.0,34.43,37.08,35.45,1.63,4.598,74685.35,271742.206
603227.SH,雪峰科技,20260828,7.66,7.88,7.62,7.83,7.64,0.19,2.4869,88074.95,68446.171
603228.SH,景旺电子,20260828,96.99,98.89,93.9,93.9,96.74,-2.84,-2.9357,326400.48,3145695.756
603229.SH,奥翔药业,20260828,8.06,8.14,7.97,8.03,8.05,-0.02,-0.2484,43201.7,34772.38
603230.SH,内蒙新华,20260828,9.04,9.13,9.01,9.09,9.04,0.05,0.5531,17102.0,15528.369
603231.SH,索宝蛋白,20260828,16.15,16.51,16.15,16.5,16.35,0.15,0.9174,45235.0,74086.429
603232.SH,格尔软件,20260828,15.68,16.28,15.41,15.43,15.29,0.14,0.9156,160828.8,253276.179
603233.SH,大参林,20260828,17.73,18.3,17.59,18.15,17.72,0.43,2.4266,87459.57,157270.132
603235.SH,天新药业,20260828,23.05,23.38,23.03,23.25,23.14,0.11,0.4754,2911.0,6771.083
603236.SH,移远通信,20260828,56.39,57.44,56.0,56.04,56.62,-0.58,-1.0244,71912.13,407480.414
603237.SH,五芳斋,20260828,16.74,16.74,15.5,15.57,15.88,-0.31,-1.9521,120422.07,192211.114
603238.SH,诺邦股份,20260828,12.11,12.35,12.04,12.34,12.05,0.29,2.4066,24671.45,30144.002
603239.SH,浙江仙通,20260828,14.15,14.41,14.06,14.23,14.09,0.14,0.9936,20969.0,29910.035
603248.SH,锡华科技,20260828,18.08,18.35,17.95,18.18,18.0,0.18,1.0,23650.23,43078.745
603255.SH,鼎际得,20260828,31.92,33.11,31.6,32.8,31.92,0.88,2.7569,21987.0,71393.001
603256.SH,宏和科技,20260828,138.5,144.18,138.01,139.17,140.76,-1.59,-1.1296,138585.59,1954543.249
603257.SH,中国瑞林,20260828,66.55,67.3,65.51,67.0,66.88,0.12,0.1794,21621.98,143683.764
603258.SH,电魂网络,20260828,12.99,13.0,12.71,12.75,12.9,-0.15,-1.1628,17963.0,23008.578
603259.SH,药明康德,20260828,159.95,161.35,156.56,157.4,159.94,-2.54,-1.5881,291937.29,4626900.106
603260.SH,合盛硅业,20260828,34.85,35.33,34.58,35.07,34.73,0.34,0.979,85166.66,298411.565
603261.SH,立航科技,20260828,63.37,64.6,55.01,57.0,58.73,-1.73,-2.9457,62428.0,371137.269
603262.SH,技源集团,20260828,18.66,19.44,18.66,18.83,18.69,0.14,0.7491,74524.79,142701.133
603266.SH,天龙股份,20260828,15.99,16.24,15.91,15.94,16.0,-0.06,-0.375,16624.41,26680.832
603267.SH,鸿远电子,20260828,48.9,49.69,48.3,48.34,48.77,-0.43,-0.8817,59202.0,290076.073
603268.SH,松发股份,20260828,187.0,189.18,183.17,187.3,187.0,0.3,0.1604,40747.22,759800.64
603269.SH,海鸥股份,20260828,21.0,22.18,20.98,22.18,20.16,2.02,10.0198,155268.1,341607.946
603270.SH,金帝股份,20260828,28.28,28.8,27.47,27.5,28.05,-0.55,-1.9608,38292.0,107499.467
603271.SH,永杰新材,20260828,42.8,42.89,42.24,42.24,42.95,-0.71,-1.6531,27286.62,115964.336
603272.SH,*ST联翔,20260828,14.0,15.31,14.0,15.02,13.92,1.1,7.9023,78755.0,118062.957
603273.SH,天元智能,20260828,14.66,14.84,14.52,14.74,14.61,0.13,0.8898,19406.42,28499.62
603275.SH,众辰科技,20260828,36.86,37.18,36.22,36.66,36.83,-0.17,-0.4616,6983.0,25685.882
603276.SH,恒兴新材,20260828,15.46,15.52,15.32,15.41,15.45,-0.04,-0.2589,23031.49,35544.146
603277.SH,银都股份,20260828,11.81,12.14,11.64,11.91,11.97,-0.06,-0.5013,36088.43,42870.459
603278.SH,大业股份,20260828,9.11,9.23,9.07,9.13,9.11,0.02,0.2195,60181.0,55023.342
603279.SH,景津装备,20260828,11.41,11.62,11.36,11.53,11.4,0.13,1.1404,147418.7,169572.214
603280.SH,南方路机,20260828,26.1,27.2,25.85,26.68,26.11,0.57,2.1831,27477.99,72500.544
603281.SH,江瀚新材,20260828,19.3,19.85,19.3,19.5,19.5,0.0,0.0,35329.7,69422.973
603282.SH,亚光股份,20260828,15.9,16.64,15.78,16.47,15.96,0.51,3.1955,31859.0,52089.68
603283.SH,赛腾股份,20260828,48.48,49.51,47.38,47.45,48.48,-1.03,-2.1246,171573.53,829955.637
603284.SH,林平发展,20260828,43.03,43.24,42.68,42.76,43.05,-0.29,-0.6736,12092.24,51888.311
603285.SH,键邦股份,20260828,34.02,34.18,32.8,33.3,34.29,-0.99,-2.8871,69254.92,231149.535
603286.SH,日盈电子,20260828,44.0,45.69,42.81,42.81,44.94,-2.13,-4.7397,38834.5,170660.383
603288.SH,海天味业,20260828,33.81,34.16,33.5,34.12,34.1,0.02,0.0587,263013.17,889598.868
603289.SH,泰瑞机器,20260828,8.95,9.2,8.87,8.96,8.86,0.1,1.1287,38728.0,34686.133
603290.SH,斯达半导,20260828,92.01,93.54,91.01,91.07,93.25,-2.18,-2.3378,69407.0,639568.698
603291.SH,联合水务,20260828,8.92,9.2,8.89,8.93,8.99,-0.06,-0.6674,45284.0,40819.123
603293.SH,埃泰克,20260828,35.55,36.24,35.51,35.92,35.55,0.37,1.0408,14728.59,52942.165
603296.SH,华勤技术,20260828,79.7,81.27,78.18,78.2,78.49,-0.29,-0.3695,219557.43,1751722.592
603297.SH,永新光学,20260828,107.53,108.32,105.28,105.33,107.28,-1.95,-1.8177,9391.89,100288.413
603298.SH,杭叉集团,20260828,26.3,26.56,26.04,26.26,26.36,-0.1,-0.3794,35184.25,92324.989
603299.SH,苏盐井神,20260828,8.85,9.05,8.81,9.03,8.84,0.19,2.1493,65643.01,58885.741
603300.SH,海南华铁,20260828,4.81,4.86,4.78,4.84,4.81,0.03,0.6237,268837.25,129694.848
603301.SH,振德医疗,20260828,84.49,84.89,83.52,84.11,84.09,0.02,0.0238,19184.8,161199.052
603303.SH,得邦照明,20260828,24.55,24.8,23.83,24.14,24.44,-0.3,-1.2275,15936.0,38667.002
603305.SH,旭升集团,20260828,11.38,11.5,11.28,11.32,11.27,0.05,0.4437,154840.58,176015.248
603306.SH,华懋科技,20260828,77.0,80.39,76.56,77.06,77.47,-0.41,-0.5292,131546.75,1035085.088
603307.SH,扬州金泉,20260828,24.95,25.38,24.71,24.93,24.86,0.07,0.2816,8876.6,22244.948
603308.SH,应流股份,20260828,44.86,45.34,43.76,43.99,45.05,-1.06,-2.3529,131877.16,585138.309
603309.SH,维力医疗,20260828,11.37,11.47,11.33,11.42,11.39,0.03,0.2634,23852.46,27195.38
603310.SH,巍华新材,20260828,14.5,14.66,14.49,14.63,14.51,0.12,0.827,17074.0,24912.631
603311.SH,金海高科,20260828,27.75,28.25,27.3,27.51,27.75,-0.24,-0.8649,19978.0,55586.877
603312.SH,西典新能,20260828,32.45,32.57,31.62,31.75,31.81,-0.06,-0.1886,7381.0,23675.399
603313.SH,梦百合,20260828,6.02,6.2,6.0,6.13,6.05,0.08,1.3223,186477.74,113940.537
603315.SH,福鞍股份,20260828,11.77,11.77,11.47,11.48,11.78,-0.3,-2.5467,42917.32,49664.29
603316.SH,诚邦股份,20260828,14.24,14.26,13.85,13.87,14.23,-0.36,-2.5299,70308.0,98742.646
603317.SH,天味食品,20260828,13.4,13.63,13.34,13.58,13.4,0.18,1.3433,74901.1,101170.417
603318.SH,水发燃气,20260828,9.85,10.0,9.76,9.78,9.94,-0.16,-1.6097,544820.69,536479.604
603319.SH,美湖股份,20260828,29.0,29.07,26.51,26.51,29.45,-2.94,-9.983,362908.65,978344.52
603320.SH,迪贝电气,20260828,17.48,17.82,17.05,17.15,17.63,-0.48,-2.7226,47554.85,82132.952
603321.SH,梅轮电梯,20260828,6.41,6.52,6.4,6.52,6.41,0.11,1.7161,31093.68,20123.35
603322.SH,超讯科技,20260828,25.44,25.74,25.17,25.24,25.43,-0.19,-0.7471,26952.0,68476.289
603323.SH,苏农银行,20260828,4.31,4.34,4.28,4.31,4.32,-0.01,-0.2315,313000.22,134746.03
603324.SH,盛剑科技,20260828,27.49,28.2,26.55,26.59,27.64,-1.05,-3.7988,40689.39,110481.591
603325.SH,博隆技术,20260828,54.99,55.17,54.08,54.1,55.02,-0.92,-1.6721,3181.6,17351.401
603326.SH,我乐家居,20260828,7.07,7.26,7.05,7.24,7.07,0.17,2.4045,37801.0,27232.439
603327.SH,福蓉科技,20260828,9.47,9.75,9.47,9.65,9.54,0.11,1.153,286278.68,276313.194
603328.SH,依顿电子,20260828,10.95,11.24,10.92,10.96,10.98,-0.02,-0.1821,132752.23,147045.173
603329.SH,上海雅仕,20260828,10.31,10.47,10.22,10.44,10.31,0.13,1.2609,37150.2,38613.258
603330.SH,天洋新材,20260828,10.78,11.96,10.6,11.02,10.87,0.15,1.3799,1515968.55,1727062.715
603331.SH,百达精工,20260828,12.76,12.87,12.63,12.7,12.76,-0.06,-0.4702,40917.0,52080.114
603332.SH,苏州龙杰,20260828,11.7,11.88,11.66,11.85,11.66,0.19,1.6295,37008.09,43596.431
603333.SH,福华尚纬,20260828,10.22,10.38,10.08,10.29,10.22,0.07,0.6849,249578.0,254946.259
603334.SH,丰倍生物,20260828,31.95,32.83,31.94,32.6,32.06,0.54,1.6843,16393.55,53207.256
603335.SH,迪生力,20260828,6.56,6.89,6.56,6.73,6.56,0.17,2.5915,137375.0,92618.909
603336.SH,宏辉果蔬,20260828,9.52,9.78,9.28,9.55,9.58,-0.03,-0.3132,173781.53,165084.775
603337.SH,杰克科技,20260828,38.2,38.25,37.61,37.79,38.24,-0.45,-1.1768,25518.46,96599.289
603338.SH,浙江鼎力,20260828,60.11,61.39,56.25,57.35,57.8,-0.45,-0.7785,102069.69,598856.418
603339.SH,四方科技,20260828,14.34,14.86,14.3,14.66,14.38,0.28,1.9471,86585.68,126885.487
603341.SH,龙旗科技,20260828,37.95,38.1,36.81,36.85,38.1,-1.25,-3.2808,101457.25,378414.975
603344.SH,星德胜,20260828,23.98,24.56,23.3,23.94,23.48,0.46,1.9591,53604.0,129621.669
603345.SH,安井食品,20260828,77.48,78.33,77.0,77.52,77.48,0.04,0.0516,56909.57,442216.542
603348.SH,文灿股份,20260828,14.28,14.38,14.24,14.29,14.28,0.01,0.07,11500.0,16455.306
603350.SH,安乃达,20260828,28.37,28.65,28.29,28.49,28.29,0.2,0.707,2671.0,7610.802
603351.SH,威尔药业,20260828,26.21,26.3,25.85,26.07,26.23,-0.16,-0.61,8614.0,22438.026
603352.SH,至信股份,20260828,25.7,25.92,25.7,25.82,25.78,0.04,0.1552,7015.52,18090.925
603353.SH,和顺石油,20260828,32.1,33.27,32.03,32.68,32.2,0.48,1.4907,31024.0,101766.35
603355.SH,莱克电气,20260828,28.95,29.25,27.9,27.99,29.01,-1.02,-3.516,26427.67,74852.668
603356.SH,华菱精工,20260828,16.99,17.29,16.83,17.03,16.91,0.12,0.7096,24377.0,41497.206
603357.SH,设计总院,20260828,6.01,6.08,6.0,6.07,6.01,0.06,0.9983,29749.03,17968.334
603358.SH,华达科技,20260828,48.79,48.79,43.93,45.2,47.68,-2.48,-5.2013,142632.47,653509.8
603359.SH,*ST东珠,20260828,2.23,2.29,2.22,2.28,2.24,0.04,1.7857,50907.92,11536.928
603360.SH,百傲化学,20260828,13.81,13.95,13.68,13.85,13.82,0.03,0.2171,133803.0,185135.188
603363.SH,傲农生物,20260828,2.98,3.0,2.95,3.0,2.98,0.02,0.6711,278947.3,83143.032
603365.SH,水星家纺,20260828,17.19,17.58,17.15,17.43,17.18,0.25,1.4552,26576.91,46249.659
603366.SH,日出东方,20260828,7.16,7.46,7.14,7.38,7.22,0.16,2.2161,273098.03,200406.596
603367.SH,辰欣药业,20260828,14.76,15.04,14.63,14.85,14.79,0.06,0.4057,78964.0,117544.962
603368.SH,柳药集团,20260828,15.95,16.01,15.84,15.92,15.98,-0.06,-0.3755,33402.0,53216.153
603369.SH,今世缘,20260828,28.36,28.65,28.02,28.47,28.5,-0.03,-0.1053,90005.79,255215.729
603370.SH,华新精科,20260828,32.81,33.08,32.45,32.47,32.81,-0.34,-1.0363,3420.39,11177.787
603373.SH,安邦护卫,20260828,42.88,43.6,42.24,42.65,42.46,0.19,0.4475,16621.98,71432.295
603375.SH,盛景微,20260828,38.05,38.76,37.65,37.8,38.03,-0.23,-0.6048,11131.0,42537.753
603376.SH,大明电子,20260828,25.91,26.1,25.71,25.77,26.07,-0.3,-1.1507,11787.17,30494.284
603377.SH,ST东时,20260828,2.89,2.9,2.86,2.89,2.9,-0.01,-0.3448,18814.0,5417.237
603378.SH,*ST亚士,20260828,6.44,6.63,6.4,6.51,6.5,0.01,0.1538,53955.45,35117.535
603379.SH,三美股份,20260828,59.59,61.0,59.16,60.45,59.76,0.69,1.1546,89454.6,536916.988
603380.SH,易德龙,20260828,34.25,35.63,34.01,34.4,34.29,0.11,0.3208,35228.6,122424.067
603381.SH,永臻股份,20260828,15.23,15.34,15.12,15.21,15.35,-0.14,-0.9121,41169.0,62696.587
603382.SH,海阳科技,20260828,19.38,19.89,19.38,19.71,19.64,0.07,0.3564,35485.52,69959.677
603383.SH,顶点软件,20260828,29.49,29.97,29.38,29.42,29.49,-0.07,-0.2374,27332.42,81132.624
603385.SH,惠达卫浴,20260828,5.62,5.74,5.55,5.73,5.6,0.13,2.3214,32077.4,18225.881
603386.SH,骏亚科技,20260828,14.09,14.57,14.0,14.16,14.15,0.01,0.0707,57763.0,82587.513
603387.SH,基蛋生物,20260828,9.53,9.54,9.3,9.33,9.41,-0.08,-0.8502,92145.44,86153.014
603389.SH,亚振家居,20260828,43.48,44.05,42.8,42.8,43.3,-0.5,-1.1547,19743.99,85636.463
603390.SH,通达电气,20260828,10.05,10.14,10.02,10.06,10.04,0.02,0.1992,40731.0,40999.957
603391.SH,力聚热能,20260828,69.24,71.47,67.9,70.86,69.3,1.56,2.2511,18872.02,131968.472
603392.SH,万泰生物,20260828,31.34,31.46,30.37,30.37,31.34,-0.97,-3.0951,110399.07,339684.437
603393.SH,新天然气,20260828,25.99,26.38,25.73,26.19,25.99,0.2,0.7695,62897.0,164242.807
603395.SH,红四方,20260828,29.33,32.26,28.08,31.0,29.33,1.67,5.6938,296873.34,899932.528
603396.SH,金辰股份,20260828,28.68,31.9,28.45,31.9,29.0,2.9,10.0,157411.61,478784.756
603398.SH,*ST沐邦,20260828,10.33,10.68,10.26,10.39,10.43,-0.04,-0.3835,57189.0,59915.29
603399.SH,永杉锂业,20260828,15.5,15.5,14.95,15.3,15.08,0.22,1.4589,557103.69,850221.791
603400.SH,华之杰,20260828,46.34,46.37,44.25,44.29,45.61,-1.32,-2.8941,28615.92,128813.735
603402.SH,陕西旅游,20260828,65.5,72.06,65.0,68.77,65.52,3.25,4.9603,47506.03,327303.362
603406.SH,天富龙,20260828,29.22,30.82,29.22,30.35,29.72,0.63,2.1198,46867.56,140091.64
603407.SH,长裕集团,20260828,58.0,59.3,57.41,57.8,58.41,-0.61,-1.0443,44692.71,259971.947
603408.SH,建霖家居,20260828,11.52,11.7,11.4,11.64,11.56,0.08,0.692,36451.61,42117.453
603409.SH,汇通控股,20260828,18.1,18.74,18.0,18.33,18.1,0.23,1.2707,31254.46,57435.177
603416.SH,信捷电气,20260828,47.01,47.98,46.84,46.88,47.01,-0.13,-0.2765,22125.4,104741.987
603418.SH,友升股份,20260828,43.89,44.45,43.7,44.37,43.91,0.46,1.0476,8817.68,38890.953
603421.SH,鼎信通讯,20260828,5.84,6.02,5.82,5.97,5.83,0.14,2.4014,109114.01,65115.009
603429.SH,*ST集友,20260828,8.59,8.72,8.45,8.54,8.47,0.07,0.8264,25658.2,22097.139
603435.SH,嘉德利,20260828,54.0,55.17,52.2,52.31,53.3,-0.99,-1.8574,56940.7,305767.652
603439.SH,三力制药,20260828,12.58,12.64,12.14,12.17,12.47,-0.3,-2.4058,117043.0,145128.198
603444.SH,吉比特,20260828,386.17,390.14,385.9,388.08,388.36,-0.28,-0.0721,8265.44,320805.042
603456.SH,九洲药业,20260828,15.97,15.97,15.55,15.55,15.97,-0.42,-2.6299,201825.88,316125.242
603458.SH,勘设股份,20260828,9.16,9.27,9.06,9.06,9.1,-0.04,-0.4396,93185.45,85163.139
603459.SH,红板科技,20260828,88.2,89.85,86.33,86.34,89.45,-3.11,-3.4768,103453.91,909319.777
603466.SH,风语筑,20260828,11.36,11.45,11.03,11.15,11.09,0.06,0.541,757526.85,850308.845
603468.SH,津富士达,20260828,23.94,24.04,23.81,23.82,24.01,-0.19,-0.7913,30688.34,73358.445
603477.SH,巨星农牧,20260828,15.14,15.27,14.85,15.2,15.14,0.06,0.3963,97235.21,146562.858
603486.SH,科沃斯,20260828,53.05,53.29,52.81,53.02,53.03,-0.01,-0.0189,39192.32,207968.99
603488.SH,展鹏科技,20260828,8.18,8.3,8.1,8.24,8.18,0.06,0.7335,58117.0,47909.73
603489.SH,八方股份,20260828,27.9,28.08,26.85,27.66,28.1,-0.44,-1.5658,30306.6,83518.883
603496.SH,恒为科技,20260828,23.83,24.26,23.55,23.56,23.81,-0.25,-1.05,85900.38,205289.35
603499.SH,翔港科技,20260828,11.94,12.39,11.94,12.23,12.02,0.21,1.7471,39139.2,47797.05
603500.SH,祥和实业,20260828,9.72,9.95,9.61,9.61,9.68,-0.07,-0.7231,77555.0,75393.092
603501.SH,豪威集团,20260828,84.33,85.0,81.76,82.0,84.54,-2.54,-3.0045,197758.81,1642924.21
603505.SH,金石资源,20260828,16.09,16.31,15.95,16.26,15.89,0.37,2.3285,139111.45,225170.478
603506.SH,南都物业,20260828,11.4,11.74,11.13,11.63,11.3,0.33,2.9204,57082.54,65840.156
603507.SH,振江股份,20260828,23.79,24.29,23.4,23.8,23.59,0.21,0.8902,67039.56,160240.962
603508.SH,思维列控,20260828,21.59,21.61,21.5,21.56,21.59,-0.03,-0.139,18906.3,40770.891
603511.SH,爱慕股份,20260828,12.93,12.96,12.24,12.79,12.49,0.3,2.4019,21933.58,28100.465
603515.SH,欧普照明,20260828,16.31,16.31,15.48,16.24,16.41,-0.17,-1.036,54535.05,86309.143
603516.SH,淳中科技,20260828,93.82,96.16,91.01,91.04,93.6,-2.56,-2.735,56483.37,526787.189
603517.SH,ST绝味,20260828,11.33,11.46,11.26,11.41,11.33,0.08,0.7061,29547.2,33644.28
603518.SH,锦泓集团,20260828,8.02,8.09,7.98,8.08,8.02,0.06,0.7481,64631.0,51930.322
603519.SH,立霸股份,20260828,17.08,17.53,16.93,17.24,17.07,0.17,0.9959,94924.29,163571.33
603520.SH,司太立,20260828,9.15,9.15,9.02,9.05,9.14,-0.09,-0.9847,56668.0,51348.904
603527.SH,众源新材,20260828,10.04,10.15,9.98,10.07,10.05,0.02,0.199,86485.75,87028.529
603528.SH,多伦科技,20260828,6.38,6.48,6.32,6.37,6.33,0.04,0.6319,79110.88,50703.074
603529.SH,爱玛科技,20260828,21.4,21.76,21.28,21.46,21.48,-0.02,-0.0931,58517.34,126124.234
603530.SH,神马电力,20260828,46.53,49.35,46.1,48.12,47.47,0.65,1.3693,47240.0,227069.753
603533.SH,掌阅科技,20260828,20.88,21.15,20.45,20.54,20.71,-0.17,-0.8209,188617.47,391579.023
603535.SH,嘉诚国际,20260828,6.25,6.47,6.24,6.45,6.26,0.19,3.0351,43578.51,27807.496
603536.SH,惠发食品,20260828,9.54,9.74,9.44,9.7,9.5,0.2,2.1053,53949.0,51938.581
603538.SH,美诺华,20260828,27.11,27.9,26.61,27.3,27.1,0.2,0.738,462116.1,1267336.284
603551.SH,奥普科技,20260828,9.33,9.56,9.28,9.47,9.28,0.19,2.0474,35519.0,33490.073
603556.SH,海兴电力,20260828,24.7,24.93,24.62,24.69,24.83,-0.14,-0.5638,43762.0,108235.832
603557.SH,*ST起步,20260828,3.49,3.55,3.46,3.5,3.52,-0.02,-0.5682,47177.0,16480.958
603558.SH,健盛集团,20260828,11.83,12.02,11.77,11.98,11.82,0.16,1.3536,25178.0,29996.923
603559.SH,中通国脉,20260828,8.73,9.58,8.7,9.58,8.71,0.87,9.9885,281956.43,266944.404
603565.SH,中谷物流,20260828,12.64,13.32,12.64,13.15,12.89,0.26,2.0171,343877.56,451099.188
603566.SH,普莱柯,20260828,10.23,10.33,10.15,10.33,10.23,0.1,0.9775,21934.23,22500.568
603567.SH,珍宝岛,20260828,5.86,5.99,5.72,5.82,5.86,-0.04,-0.6826,344788.04,201873.999
603568.SH,伟明环保,20260828,15.07,15.1,14.82,14.86,15.04,-0.18,-1.1968,47634.55,70978.596
603569.SH,长久物流,20260828,5.99,6.02,5.91,5.92,6.04,-0.12,-1.9868,65248.24,38886.837
603577.SH,汇金通,20260828,10.14,10.41,10.12,10.36,10.25,0.11,1.0732,50746.0,52288.107
603578.SH,三星新材,20260828,13.22,13.3,13.03,13.14,13.21,-0.07,-0.5299,26780.0,35192.283
603579.SH,荣泰健康,20260828,17.92,18.1,17.8,17.81,17.92,-0.11,-0.6138,18689.0,33519.431
603580.SH,艾艾精工,20260828,83.0,88.55,80.76,83.43,80.52,2.91,3.614,140015.67,1179541.048
603583.SH,捷昌驱动,20260828,24.7,25.3,24.55,24.88,24.78,0.1,0.4036,53730.7,134496.825
603585.SH,苏利股份,20260828,10.35,10.63,10.25,10.57,10.3,0.27,2.6214,51151.8,53641.628
603586.SH,金麒麟,20260828,13.41,13.58,13.33,13.52,13.41,0.11,0.8203,11783.0,15905.679
603587.SH,地素时尚,20260828,12.21,12.58,12.18,12.33,11.66,0.67,5.7461,73914.17,91124.697
603588.SH,高能环境,20260828,15.55,15.83,15.38,15.5,15.55,-0.05,-0.3215,601986.09,936138.144
603589.SH,口子窖,20260828,19.0,19.22,18.82,19.17,19.11,0.06,0.314,45917.12,87473.383
603590.SH,康辰药业,20260828,31.37,31.79,30.73,30.75,31.48,-0.73,-2.3189,24786.0,76903.214
603595.SH,ST东尼,20260828,26.76,27.55,26.33,26.33,26.88,-0.55,-2.0461,14248.0,37918.297
603596.SH,伯特利,20260828,27.71,28.45,27.5,28.0,25.9,2.1,8.1081,450345.33,1260019.329
603598.SH,引力传媒,20260828,17.0,17.11,16.7,16.9,16.81,0.09,0.5354,178293.93,300636.669
603599.SH,广信股份,20260828,10.34,10.5,10.3,10.44,10.34,0.1,0.9671,162375.51,169075.055
603600.SH,永艺股份,20260828,9.95,10.12,9.78,10.0,9.96,0.04,0.4016,110728.0,110415.231
603601.SH,再升科技,20260828,9.05,9.24,9.02,9.05,9.04,0.01,0.1106,395310.38,360328.025
603602.SH,纵横通信,20260828,11.7,11.75,11.55,11.65,11.63,0.02,0.172,20791.53,24283.749
603605.SH,珀莱雅,20260828,62.34,62.73,61.14,61.35,62.34,-0.99,-1.5881,63762.75,392712.651
603606.SH,东方电缆,20260828,34.03,34.45,34.01,34.34,34.24,0.1,0.2921,99193.98,339898.604
603607.SH,京华激光,20260828,22.35,22.63,22.05,22.36,22.37,-0.01,-0.0447,52589.4,117671.633
603608.SH,天创时尚,20260828,18.36,19.7,17.93,19.7,17.91,1.79,9.9944,247156.49,473627.671
603609.SH,禾丰股份,20260828,6.46,6.54,6.41,6.53,6.46,0.07,1.0836,27269.5,17682.467
603610.SH,麒盛科技,20260828,14.58,14.8,14.47,14.59,14.69,-0.1,-0.6807,65091.16,95248.456
603611.SH,诺力股份,20260828,16.51,16.68,16.31,16.45,16.57,-0.12,-0.7242,32464.62,53472.04
603612.SH,索通发展,20260828,17.4,17.82,17.26,17.57,17.36,0.21,1.2097,167222.0,292395.706
603613.SH,国联股份,20260828,18.55,18.68,18.36,18.47,18.55,-0.08,-0.4313,50044.0,92593.473
603615.SH,茶花股份,20260828,18.5,19.53,18.39,19.1,18.5,0.6,3.2432,95032.44,181420.84
603616.SH,韩建河山,20260828,5.59,5.73,5.59,5.69,5.66,0.03,0.53,70203.0,39933.818
603617.SH,君禾股份,20260828,6.78,6.93,6.78,6.85,6.77,0.08,1.1817,74336.0,51195.502
603618.SH,杭电股份,20260828,38.61,38.62,35.65,35.92,35.11,0.81,2.307,1909500.12,7081984.772
603619.SH,中曼石油,20260828,24.01,24.5,23.93,24.09,23.79,0.3,1.261,243636.83,588631.648
603626.SH,科森科技,20260828,19.62,20.8,19.29,19.29,19.84,-0.55,-2.7722,447088.73,883376.0
603628.SH,清源股份,20260828,9.62,10.29,9.56,9.94,9.61,0.33,3.4339,75100.04,74228.086
603629.SH,利通电子,20260828,124.0,125.19,119.62,119.95,125.22,-5.27,-4.2086,352567.25,4311107.813
603630.SH,拉芳家化,20260828,13.86,14.27,13.77,14.26,13.91,0.35,2.5162,64649.04,90900.22
603633.SH,徕木股份,20260828,6.55,6.64,6.51,6.58,6.55,0.03,0.458,44203.5,29112.956
603636.SH,南威软件,20260828,6.9,7.06,6.89,6.96,6.92,0.04,0.578,98503.11,68698.68
603637.SH,镇海股份,20260828,14.88,16.1,14.65,15.6,14.8,0.8,5.4054,181665.46,283792.323
603638.SH,艾迪精密,20260828,18.85,19.04,18.77,18.79,18.92,-0.13,-0.6871,58768.77,110826.788
603639.SH,海利尔,20260828,10.86,11.11,10.8,11.03,10.86,0.17,1.5654,26913.06,29532.116
603648.SH,畅联股份,20260828,9.52,9.52,9.38,9.39,9.5,-0.11,-1.1579,18635.0,17550.069
603650.SH,彤程新材,20260828,63.5,65.1,62.13,62.36,63.98,-1.62,-2.532,133089.7,845554.034
603655.SH,朗博科技,20260828,31.81,32.44,31.81,31.81,31.9,-0.09,-0.2821,8928.0,28590.792
603656.SH,泰禾智能,20260828,17.58,18.14,17.52,17.57,17.58,-0.01,-0.0569,19687.2,35039.021
603657.SH,春光科技,20260828,24.02,24.24,23.7,24.08,23.87,0.21,0.8798,26114.0,62655.532
603658.SH,安图生物,20260828,33.5,33.5,32.94,33.07,33.52,-0.45,-1.3425,22405.2,74212.431
603659.SH,璞泰来,20260828,23.86,24.01,23.67,23.82,23.91,-0.09,-0.3764,174264.91,415783.817
603660.SH,苏州科达,20260828,10.81,11.17,10.68,10.79,10.76,0.03,0.2788,214707.42,234624.893
603661.SH,恒林股份,20260828,31.4,31.7,30.73,30.87,31.5,-0.63,-2.0,18331.0,56907.056
603662.SH,柯力传感,20260828,51.16,52.47,50.46,50.48,49.66,0.82,1.6512,66101.34,339753.984
603663.SH,三祥新材,20260828,44.99,45.73,43.24,43.35,44.16,-0.81,-1.8342,234667.54,1037389.75
603665.SH,康隆达,20260828,19.96,21.3,19.9,20.69,19.9,0.79,3.9698,46474.0,95813.188
603666.SH,亿嘉和,20260828,26.85,27.29,26.34,26.78,26.9,-0.12,-0.4461,45823.46,122641.29
603667.SH,五洲新春,20260828,51.85,52.69,50.71,50.76,52.55,-1.79,-3.4063,126691.14,650617.886
603668.SH,天马科技,20260828,10.3,10.65,10.23,10.51,10.29,0.22,2.138,81429.05,85108.046
603669.SH,灵康药业,20260828,5.56,5.65,5.49,5.49,5.56,-0.07,-1.259,183397.72,102058.934
603676.SH,卫信康,20260828,9.32,9.34,9.18,9.23,9.36,-0.13,-1.3889,23478.25,21705.523
603677.SH,奇精机械,20260828,13.55,13.97,13.48,13.84,13.55,0.29,2.1402,18135.0,24995.791
603678.SH,火炬电子,20260828,48.39,49.3,47.06,47.12,47.96,-0.84,-1.7515,173110.99,832865.628
603679.SH,华体科技,20260828,23.02,24.69,23.02,24.12,23.35,0.77,3.2976,111153.6,268730.768
603680.SH,今创集团,20260828,10.27,10.38,10.24,10.33,10.3,0.03,0.2913,35018.5,36191.903
603681.SH,永冠新材,20260828,18.53,18.73,18.29,18.33,18.52,-0.19,-1.0259,63516.6,117452.948
603682.SH,锦和商管,20260828,11.35,12.15,11.33,11.76,11.36,0.4,3.5211,207859.0,244584.564
603683.SH,晶华新材,20260828,15.9,17.56,15.89,16.95,15.96,0.99,6.203,488868.62,837089.345
603685.SH,晨丰科技,20260828,24.23,24.23,23.53,24.03,24.08,-0.05,-0.2076,18268.91,43576.662
603686.SH,福龙马,20260828,12.99,13.08,12.91,12.99,13.0,-0.01,-0.0769,69213.12,90147.482
603687.SH,大胜达,20260828,15.39,16.07,15.25,15.9,15.39,0.51,3.3138,341086.85,534332.171
603688.SH,石英股份,20260828,52.43,54.25,51.43,51.51,51.56,-0.05,-0.097,273546.8,1442159.923
603689.SH,皖天然气,20260828,7.61,7.77,7.58,7.74,7.6,0.14,1.8421,52933.5,40747.183
603690.SH,至纯科技,20260828,25.55,26.22,24.99,25.02,25.63,-0.61,-2.38,234029.29,597180.666
603693.SH,江苏新能,20260828,11.26,11.27,11.2,11.22,11.33,-0.11,-0.9709,37953.4,42622.834
603696.SH,安记食品,20260828,13.99,14.44,13.75,14.21,14.08,0.13,0.9233,233654.04,330602.779
603697.SH,有友食品,20260828,9.47,9.62,9.43,9.56,9.45,0.11,1.164,33957.4,32412.253
603698.SH,航天工程,20260828,21.75,22.18,21.63,21.87,21.8,0.07,0.3211,102615.77,224907.642
603699.SH,纽威股份,20260828,51.25,52.48,50.7,50.7,51.76,-1.06,-2.0479,43169.08,221834.895
603700.SH,宁水集团,20260828,11.49,11.69,11.42,11.52,11.56,-0.04,-0.346,91455.45,105350.319
603701.SH,德宏股份,20260828,19.76,20.06,19.21,19.27,19.72,-0.45,-2.2819,25235.0,49303.862
603703.SH,盛洋科技,20260828,10.18,10.37,10.0,10.23,10.16,0.07,0.689,90147.0,92334.5
603706.SH,东方环宇,20260828,18.05,18.12,17.9,17.99,18.24,-0.25,-1.3706,24380.87,43827.404
603707.SH,健友股份,20260828,8.07,8.1,7.8,7.81,8.24,-0.43,-5.2184,198287.72,156083.231
603708.SH,家家悦,20260828,9.26,9.45,9.21,9.42,9.29,0.13,1.3994,65498.9,61423.09
603709.SH,中源家居,20260828,11.91,12.22,11.81,12.1,11.92,0.18,1.5101,31612.3,38123.195
603711.SH,香飘飘,20260828,11.51,12.62,11.38,12.15,11.47,0.68,5.9285,138960.07,168009.376
603712.SH,七一二,20260828,11.4,11.55,11.36,11.46,11.42,0.04,0.3503,66334.67,76120.254
603713.SH,密尔克卫,20260828,64.38,65.14,63.64,64.51,64.22,0.29,0.4516,16005.65,103017.356
603716.SH,塞力医疗,20260828,16.4,17.2,16.1,17.08,16.41,0.67,4.0829,214823.0,362123.997
603717.SH,天域生物,20260828,6.57,6.64,6.49,6.62,6.57,0.05,0.761,73893.0,48607.223
603718.SH,*ST海利,20260828,3.07,3.14,3.05,3.14,3.08,0.06,1.9481,52592.0,16316.923
603719.SH,良品铺子,20260828,9.43,9.78,9.35,9.73,9.43,0.3,3.1813,48932.0,47088.024
603721.SH,中广天择,20260828,17.53,17.64,17.26,17.36,17.47,-0.11,-0.6297,25839.0,45016.591
603722.SH,阿科力,20260828,30.0,30.5,29.75,30.08,29.94,0.14,0.4676,9511.0,28709.164
603725.SH,天安新材,20260828,11.64,11.89,10.79,10.8,11.99,-1.19,-9.9249,311506.6,342195.152
603726.SH,朗迪集团,20260828,24.58,24.61,23.97,24.12,24.58,-0.46,-1.8714,37062.85,89818.911
603727.SH,博迈科,20260828,18.53,18.96,18.44,18.52,18.49,0.03,0.1622,18623.0,34720.789
603728.SH,鸣志电器,20260828,47.66,48.67,47.56,48.07,47.88,0.19,0.3968,44043.17,211653.454
603729.SH,ST龙韵,20260828,11.65,12.1,11.63,11.86,11.77,0.09,0.7647,12396.67,14687.681
603730.SH,岱美股份,20260828,10.83,11.08,10.65,10.82,10.87,-0.05,-0.46,183410.13,198304.272
603733.SH,仙鹤股份,20260828,21.67,22.05,21.55,21.89,21.71,0.18,0.8291,80197.35,175244.592
603737.SH,三棵树,20260828,24.7,25.86,24.56,25.6,24.84,0.76,3.0596,113775.67,288921.454
603738.SH,泰晶科技,20260828,41.97,42.52,40.16,40.22,42.09,-1.87,-4.4429,498174.49,2060457.877
603739.SH,蔚蓝生物,20260828,12.6,12.98,12.54,12.86,12.58,0.28,2.2258,55558.0,71046.047
603755.SH,日辰股份,20260828,23.34,23.6,23.23,23.47,23.34,0.13,0.557,8052.0,18883.815
603757.SH,大元泵业,20260828,67.32,68.1,65.13,65.28,67.8,-2.52,-3.7168,121584.99,809311.476
603758.SH,秦安股份,20260828,12.0,12.15,11.51,11.65,12.21,-0.56,-4.5864,262970.04,309072.341
603759.SH,海天股份,20260828,7.62,7.7,7.54,7.65,7.7,-0.05,-0.6494,81948.1,62545.232
603766.SH,隆鑫通用,20260828,14.6,14.77,14.47,14.72,14.62,0.1,0.684,97133.0,142305.969
603767.SH,中马传动,20260828,14.27,14.41,14.15,14.18,14.31,-0.13,-0.9085,25813.6,36745.048
603768.SH,常青股份,20260828,11.75,11.88,11.59,11.64,11.54,0.1,0.8666,27229.0,31755.986
603773.SH,沃格光电,20260828,97.01,101.0,94.75,94.78,98.46,-3.68,-3.7376,164915.0,1605034.577
603776.SH,永安行,20260828,20.25,20.88,20.14,20.17,20.2,-0.03,-0.1485,18159.69,37104.615
603777.SH,来伊份,20260828,13.75,13.98,13.68,13.85,13.8,0.05,0.3623,37765.2,52370.987
603778.SH,国晟科技,20260828,9.42,10.36,9.38,10.36,9.42,0.94,9.9788,460111.94,464618.402
603779.SH,威龙股份,20260828,8.05,8.46,7.99,8.22,7.97,0.25,3.1368,196389.9,160859.708
603786.SH,科博达,20260828,39.61,40.33,38.55,38.63,39.89,-1.26,-3.1587,39496.71,154786.355
603787.SH,新日股份,20260828,10.02,10.24,10.01,10.2,10.04,0.16,1.5936,34070.0,34636.817
603788.SH,宁波高发,20260828,13.68,13.74,13.62,13.71,13.66,0.05,0.366,6980.0,9567.228
603789.SH,ST星农,20260828,6.28,6.43,6.19,6.22,6.31,-0.09,-1.4263,43228.0,27287.961
603790.SH,雅运股份,20260828,23.32,23.77,22.6,23.59,23.28,0.31,1.3316,43460.0,101132.098
603797.SH,联泰环保,20260828,4.75,4.83,4.71,4.76,4.77,-0.01,-0.2096,88583.34,42279.214
603798.SH,康普顿,20260828,13.42,14.1,13.4,13.71,13.4,0.31,2.3134,54664.0,75500.527
603799.SH,华友钴业,20260828,40.25,40.39,39.75,39.99,40.18,-0.19,-0.4729,380496.0,1522353.405
603800.SH,洪田股份,20260828,66.18,66.18,61.51,61.63,65.22,-3.59,-5.5044,58048.22,367620.718
603801.SH,志邦家居,20260828,6.34,6.57,6.26,6.52,6.4,0.12,1.875,261076.6,168980.471
603803.SH,瑞斯康达,20260828,11.09,11.45,11.06,11.26,11.2,0.06,0.5357,274201.67,309836.812
603806.SH,福斯特,20260828,15.28,15.45,15.06,15.23,15.34,-0.11,-0.7171,205353.96,312425.247
603808.SH,歌力思,20260828,8.9,9.01,8.69,8.82,8.48,0.34,4.0094,55079.8,48536.588
603809.SH,豪能股份,20260828,8.98,9.04,8.95,8.96,8.98,-0.02,-0.2227,44513.59,39985.786
603810.SH,丰山集团,20260828,12.45,12.5,12.23,12.45,12.48,-0.03,-0.2404,24641.0,30448.333
603811.SH,诚意药业,20260828,7.33,7.38,7.23,7.32,7.36,-0.04,-0.5435,54637.54,39930.844
603813.SH,原尚股份,20260828,28.99,29.56,28.02,29.23,28.2,1.03,3.6525,11483.0,33552.548
603815.SH,交建股份,20260828,5.49,5.55,5.43,5.52,5.47,0.05,0.9141,61713.0,33925.807
603816.SH,顾家家居,20260828,24.17,24.63,23.69,24.38,24.79,-0.41,-1.6539,79653.93,192239.587
603817.SH,海峡环保,20260828,5.72,5.84,5.7,5.81,5.71,0.1,1.7513,113946.28,65706.605
603818.SH,曲美家居,20260828,4.0,4.06,3.93,3.94,3.96,-0.02,-0.5051,314046.0,125651.082
603819.SH,神力股份,20260828,13.88,14.26,13.85,14.1,14.0,0.1,0.7143,49165.0,69338.909
603822.SH,ST嘉澳,20260828,57.59,62.77,57.29,61.52,57.59,3.93,6.8241,17538.0,105846.723
603823.SH,百合花,20260828,66.89,71.97,65.69,66.12,68.01,-1.89,-2.779,279327.5,1902709.118
603825.SH,ST华扬,20260828,8.16,8.5,8.15,8.48,8.17,0.31,3.7944,45893.0,38560.923
603826.SH,坤彩科技,20260828,16.32,16.68,16.18,16.24,16.22,0.02,0.1233,75283.32,123899.085
603828.SH,*ST利达,20260828,5.07,5.37,5.02,5.19,5.02,0.17,3.3865,29632.0,15506.505
603829.SH,洛凯股份,20260828,15.37,15.87,15.22,15.74,15.37,0.37,2.4073,35939.0,56034.025
603833.SH,欧派家居,20260828,32.4,33.08,32.18,32.8,32.58,0.22,0.6753,34060.0,111604.005
603836.SH,海程邦达,20260828,9.15,9.24,9.01,9.21,9.12,0.09,0.9868,34209.8,31328.927
603838.SH,*ST四通,20260828,13.0,13.16,12.59,12.92,13.31,-0.39,-2.9301,31999.0,41122.322
603839.SH,安正时尚,20260828,6.24,7.08,6.23,6.86,6.49,0.37,5.7011,315299.38,212015.421
603843.SH,*ST正平,20260828,7.89,8.17,7.51,7.6,7.79,-0.19,-2.439,255652.2,201400.263
603848.SH,好太太,20260828,13.72,13.93,13.63,13.76,13.71,0.05,0.3647,30005.99,41425.492
603855.SH,华荣股份,20260828,16.2,16.57,16.17,16.39,16.29,0.1,0.6139,28895.0,47385.672
603856.SH,东宏股份,20260828,11.46,11.53,11.4,11.49,11.4,0.09,0.7895,32947.33,37830.066
603858.SH,步长制药,20260828,15.32,15.32,15.01,15.17,15.51,-0.34,-2.1921,70966.74,107430.055
603859.SH,能科科技,20260828,37.88,38.94,37.41,37.44,37.24,0.2,0.5371,90313.42,344061.188
603860.SH,中公高科,20260828,26.36,26.75,26.3,26.73,26.36,0.37,1.4036,8992.0,23905.326
603861.SH,白云电器,20260828,11.66,11.71,11.5,11.64,11.74,-0.1,-0.8518,90984.0,105489.925
603863.SH,松炀资源,20260828,13.0,13.29,12.71,12.98,12.7,0.28,2.2047,69673.26,91020.221
603866.SH,桃李面包,20260828,4.31,4.36,4.25,4.35,4.3,0.05,1.1628,122256.46,52767.894
603867.SH,新化股份,20260828,30.06,30.59,29.88,30.05,30.07,-0.02,-0.0665,58866.62,178309.647
603868.SH,飞科电器,20260828,31.0,31.14,30.7,30.97,30.8,0.17,0.5519,8655.04,26754.943
603869.SH,ST智知,20260828,8.7,8.8,8.66,8.76,8.72,0.04,0.4587,6327.1,5530.748
603871.SH,嘉友国际,20260828,13.52,13.85,13.33,13.71,13.52,0.19,1.4053,120896.87,164623.248
603876.SH,鼎胜新材,20260828,23.3,23.8,23.01,23.57,23.26,0.31,1.3328,181238.86,424027.535
603877.SH,太平鸟,20260828,12.5,12.65,12.41,12.6,12.5,0.1,0.8,15485.46,19454.638
603878.SH,武进不锈,20260828,5.05,5.19,5.05,5.15,5.08,0.07,1.378,104151.83,53544.629
603879.SH,永悦科技,20260828,5.27,5.36,5.22,5.27,5.26,0.01,0.1901,103049.0,54519.953
603880.SH,南卫股份,20260828,9.25,10.15,9.17,9.68,9.23,0.45,4.8754,251580.9,248006.601
603881.SH,数据港,20260828,25.27,25.78,25.1,25.13,25.25,-0.12,-0.4752,311201.63,790421.267
603882.SH,金域医学,20260828,27.93,28.03,27.41,27.42,27.96,-0.54,-1.9313,91518.04,253044.986
603883.SH,老百姓,20260828,13.05,13.25,13.01,13.18,12.87,0.31,2.4087,150567.14,198216.824
603885.SH,吉祥航空,20260828,10.46,10.58,10.41,10.55,10.52,0.03,0.2852,82843.78,87016.987
603886.SH,元祖股份,20260828,12.68,12.82,12.49,12.63,12.75,-0.12,-0.9412,52832.0,66784.735
603887.SH,城地香江,20260828,9.28,9.73,9.24,9.52,9.26,0.26,2.8078,495868.87,471643.343
603888.SH,新华网,20260828,16.2,16.36,16.15,16.24,16.18,0.06,0.3708,62404.91,101378.675
603889.SH,新澳股份,20260828,6.04,6.15,6.03,6.08,6.03,0.05,0.8292,104647.11,63571.864
603890.SH,春秋电子,20260828,18.0,18.99,17.99,18.16,18.16,0.0,0.0,412686.98,763086.692
603893.SH,瑞芯微,20260828,180.39,181.66,176.88,176.9,181.38,-4.48,-2.47,72454.15,1298444.806
603895.SH,天永智能,20260828,26.5,27.31,26.1,26.47,26.15,0.32,1.2237,18246.0,48705.883
603896.SH,寿仙谷,20260828,14.69,14.91,14.63,14.85,14.71,0.14,0.9517,15163.32,22488.233
603897.SH,长城科技,20260828,30.24,31.66,30.18,31.34,30.47,0.87,2.8553,153807.91,480221.321
603898.SH,好莱客,20260828,11.33,11.55,11.16,11.29,11.28,0.01,0.0887,23123.0,26081.128
603899.SH,晨光股份,20260828,22.82,23.24,22.78,23.12,22.93,0.19,0.8286,31665.0,72898.516
603900.SH,莱绅通灵,20260828,7.85,7.85,7.85,7.85,7.14,0.71,9.944,223061.16,175103.011
603901.SH,永创智能,20260828,9.51,9.58,9.44,9.44,9.53,-0.09,-0.9444,64439.0,61150.009
603903.SH,中持股份,20260828,13.97,14.06,13.79,13.95,13.98,-0.03,-0.2146,47884.0,66531.149
603906.SH,龙蟠科技,20260828,19.61,19.8,19.48,19.59,19.63,-0.04,-0.2038,162682.06,319796.57
603908.SH,牧高笛,20260828,19.38,19.68,19.13,19.49,19.39,0.1,0.5157,11204.28,21798.852
603909.SH,建发合诚,20260828,9.68,9.8,9.54,9.74,9.64,0.1,1.0373,17731.0,17181.664
603912.SH,佳力图,20260828,9.13,9.16,8.86,8.9,9.0,-0.1,-1.1111,219813.46,197442.4
603915.SH,国茂股份,20260828,13.57,13.96,13.41,13.43,13.22,0.21,1.5885,73855.8,100631.168
603916.SH,苏博特,20260828,11.46,12.02,11.45,11.87,11.5,0.37,3.2174,144696.0,170934.603
603917.SH,合力科技,20260828,12.68,13.14,12.6,13.07,12.68,0.39,3.0757,44897.25,58470.053
603918.SH,金桥信息,20260828,11.1,11.65,11.1,11.47,11.16,0.31,2.7778,238555.96,272191.851
603919.SH,金徽酒,20260828,16.3,16.82,16.26,16.82,16.4,0.42,2.561,64982.0,107969.764
603920.SH,世运电路,20260828,38.8,39.2,37.67,37.68,38.83,-1.15,-2.9616,174190.92,668444.211
603922.SH,ST金鸿顺,20260828,14.08,14.08,13.75,13.94,13.88,0.06,0.4323,9887.0,13698.896
603926.SH,铁流股份,20260828,16.35,16.58,16.26,16.26,16.31,-0.05,-0.3066,28305.6,46372.928
603927.SH,中科软,20260828,14.06,14.32,14.04,14.15,14.03,0.12,0.8553,125079.45,177748.971
603928.SH,兴业股份,20260828,12.24,12.48,12.12,12.3,12.25,0.05,0.4082,87949.0,108464.876
603929.SH,亚翔集成,20260828,166.41,171.97,164.48,164.68,168.06,-3.38,-2.0112,46631.18,780849.37
603931.SH,格林达,20260828,36.63,37.78,35.82,35.87,36.56,-0.69,-1.8873,45992.0,168456.762
603933.SH,睿能科技,20260828,19.32,19.47,19.05,19.05,19.28,-0.23,-1.1929,24688.0,47523.92
603936.SH,博敏电子,20260828,18.42,19.26,18.05,18.13,18.42,-0.29,-1.5744,575694.84,1073290.038
603937.SH,丽岛新材,20260828,11.75,11.85,11.6,11.75,11.69,0.06,0.5133,47011.0,55194.994
603938.SH,三孚股份,20260828,46.0,47.44,45.14,46.41,44.96,1.45,3.2251,344981.24,1603839.69
603939.SH,益丰药房,20260828,22.9,23.3,22.2,22.88,22.99,-0.11,-0.4785,145025.48,330671.341
603948.SH,建业股份,20260828,19.68,20.32,19.68,20.14,19.9,0.24,1.206,15778.0,31774.074
603949.SH,雪龙集团,20260828,13.96,14.14,13.93,13.94,13.98,-0.04,-0.2861,13831.0,19409.086
603950.SH,长源东谷,20260828,64.81,64.99,59.75,59.85,65.13,-5.28,-8.1069,118934.08,730473.393
603955.SH,大千生态,20260828,19.88,21.0,19.55,20.75,19.86,0.89,4.4814,48009.5,97590.927
603956.SH,威派格,20260828,6.01,6.18,6.01,6.04,6.11,-0.07,-1.1457,139037.0,84702.981
603958.SH,哈森股份,20260828,23.0,23.19,21.26,21.76,23.62,-1.86,-7.8747,340198.85,748895.563
603959.SH,ST百利,20260828,4.38,4.43,4.31,4.34,4.4,-0.06,-1.3636,107742.0,46929.271
603960.SH,克来机电,20260828,16.09,16.36,15.89,15.9,16.24,-0.34,-2.0936,63923.63,102705.451
603966.SH,法兰泰克,20260828,7.92,7.99,7.91,7.96,7.96,0.0,0.0,41070.9,32639.76
603967.SH,中创物流,20260828,11.82,11.82,11.5,11.73,11.82,-0.09,-0.7614,37322.0,43493.255
603968.SH,醋化股份,20260828,10.72,10.96,10.51,10.81,10.58,0.23,2.1739,34919.5,37516.109
603969.SH,银龙股份,20260828,7.68,7.82,7.54,7.71,7.57,0.14,1.8494,171034.65,132072.013
603970.SH,中农立华,20260828,11.14,11.59,11.11,11.42,11.2,0.22,1.9643,92298.0,104867.257
603976.SH,正川股份,20260828,28.5,29.95,28.3,29.16,28.78,0.38,1.3204,49510.05,145124.813
603977.SH,国泰集团,20260828,11.8,11.82,11.65,11.72,11.73,-0.01,-0.0853,57728.0,67764.736
603978.SH,深圳新星,20260828,18.96,19.39,18.92,19.02,18.93,0.09,0.4754,68164.0,130448.304
603979.SH,金诚信,20260828,80.3,82.53,78.17,81.72,80.35,1.37,1.705,86991.66,703218.67
603980.SH,吉华集团,20260828,6.93,7.18,6.8,7.1,6.82,0.28,4.1056,447678.59,312180.851
603982.SH,泉峰汽车,20260828,6.26,6.31,6.14,6.28,6.19,0.09,1.454,50538.99,31583.178
603983.SH,丸美生物,20260828,27.08,28.09,26.89,27.95,27.12,0.83,3.0605,36580.0,100996.556
603985.SH,恒润股份,20260828,16.89,17.68,16.66,16.68,16.87,-0.19,-1.1263,112445.05,190894.943
603986.SH,兆易创新,20260828,406.95,410.53,396.5,396.82,411.2,-14.38,-3.4971,352519.91,14208865.489
603987.SH,康德莱,20260828,7.54,7.66,7.51,7.62,7.54,0.08,1.061,35187.6,26754.087
603988.SH,中电电机,20260828,20.3,20.5,20.03,20.36,20.37,-0.01,-0.0491,32048.0,65223.741
603989.SH,艾华集团,20260828,28.38,30.17,28.29,28.6,28.38,0.22,0.7752,220947.53,644803.593
603990.SH,麦迪科技,20260828,23.23,24.35,21.85,21.91,22.77,-0.86,-3.7769,311677.63,720327.232
603991.SH,领先股份,20260828,137.0,140.33,134.22,134.3,137.11,-2.81,-2.0494,20478.0,280827.097
603992.SH,松霖科技,20260828,21.23,21.7,21.17,21.31,21.23,0.08,0.3768,30745.21,65802.432
603993.SH,洛阳钼业,20260828,19.5,19.73,19.11,19.51,19.51,0.0,0.0,1869021.55,3629095.914
603995.SH,甬金股份,20260828,25.02,25.38,24.67,25.18,25.1,0.08,0.3187,54460.74,136261.801
603997.SH,继峰股份,20260828,11.41,11.56,11.35,11.45,11.41,0.04,0.3506,146436.22,167868.619
603998.SH,方盛制药,20260828,10.3,10.71,10.18,10.5,10.32,0.18,1.7442,159384.0,167092.521
603999.SH,读者传媒,20260828,5.6,5.68,5.57,5.67,5.59,0.08,1.4311,48013.0,27068.561
605001.SH,威奥股份,20260828,5.74,5.78,5.69,5.75,5.74,0.01,0.1742,59325.0,34078.062
605003.SH,众望布艺,20260828,22.9,23.41,22.69,23.24,22.79,0.45,1.9746,11181.94,25863.41
605005.SH,合兴股份,20260828,16.07,16.2,15.97,16.01,16.06,-0.05,-0.3113,10545.0,16929.945
605006.SH,山东玻纤,20260828,14.14,15.54,14.06,15.54,14.13,1.41,9.9788,417288.23,633943.586
605007.SH,五洲特纸,20260828,15.01,15.7,14.88,15.1,14.84,0.26,1.752,57639.0,87981.989
605008.SH,长鸿高科,20260828,13.03,13.12,12.65,12.8,13.04,-0.24,-1.8405,49448.0,63296.368
605009.SH,豪悦护理,20260828,25.42,25.61,25.16,25.51,25.4,0.11,0.4331,12337.89,31353.868
605011.SH,杭州热电,20260828,16.74,16.77,16.64,16.76,16.74,0.02,0.1195,20233.0,33816.26
605016.SH,百龙创园,20260828,20.27,21.54,20.25,21.49,20.28,1.21,5.9665,96457.0,202840.598
605018.SH,长华集团,20260828,12.05,12.21,11.46,11.93,12.56,-0.63,-5.0159,118905.5,139254.122
605020.SH,永和股份,20260828,34.23,34.68,33.85,34.35,33.56,0.79,2.354,207211.13,710167.543
605028.SH,世茂能源,20260828,24.29,24.71,24.12,24.48,24.27,0.21,0.8653,9176.0,22486.561
605033.SH,美邦股份,20260828,19.65,21.5,19.15,20.3,19.64,0.66,3.3605,82018.31,164897.925
605050.SH,福然德,20260828,10.31,10.43,10.21,10.35,10.19,0.16,1.5702,15803.2,16347.927
605055.SH,迎丰股份,20260828,9.73,9.82,9.69,9.75,9.83,-0.08,-0.8138,23348.0,22750.807
605056.SH,咸亨国际,20260828,14.11,14.22,13.94,13.94,14.11,-0.17,-1.2048,33087.0,46518.749
605058.SH,澳弘电子,20260828,27.53,27.97,27.0,27.32,27.6,-0.28,-1.0145,27216.0,74827.091
605060.SH,联德股份,20260828,43.22,44.1,42.3,42.31,43.8,-1.49,-3.4018,27657.0,118951.554
605066.SH,天正电气,20260828,7.17,7.3,7.13,7.18,7.18,0.0,0.0,59387.0,42781.658
605068.SH,明新旭腾,20260828,17.5,17.82,17.44,17.71,17.42,0.29,1.6648,34905.0,61735.386
605069.SH,正和生态,20260828,10.6,10.8,10.51,10.61,10.56,0.05,0.4735,41623.0,44397.746
605077.SH,华康股份,20260828,11.01,11.23,10.96,11.15,11.02,0.13,1.1797,39737.84,44211.791
605080.SH,浙江自然,20260828,22.59,23.15,22.38,22.9,22.47,0.43,1.9137,29969.6,68578.967
605086.SH,龙高股份,20260828,25.98,26.44,25.74,26.26,25.96,0.3,1.1556,17661.2,46132.475
605088.SH,冠盛股份,20260828,20.33,20.64,20.2,20.24,20.36,-0.12,-0.5894,27377.0,55763.66
605089.SH,味知香,20260828,20.49,20.62,20.04,20.5,20.48,0.02,0.0977,8841.08,18087.9
605090.SH,九丰能源,20260828,35.45,35.7,35.03,35.2,35.24,-0.04,-0.1135,67006.92,236640.851
605098.SH,行动教育,20260828,55.96,56.59,55.2,56.55,55.98,0.57,1.0182,7438.0,41765.754
605099.SH,共创草坪,20260828,31.13,31.31,30.79,30.87,31.15,-0.28,-0.8989,15305.5,47325.155
605100.SH,华丰股份,20260828,33.69,34.63,32.86,32.88,33.76,-0.88,-2.6066,36516.59,122096.419
605108.SH,同庆楼,20260828,12.74,13.03,12.71,12.95,12.75,0.2,1.5686,28759.0,37163.552
605111.SH,新洁能,20260828,59.6,61.5,58.9,58.91,60.49,-1.58,-2.612,136361.18,816544.201
605116.SH,奥锐特,20260828,20.4,20.52,20.23,20.27,20.53,-0.26,-1.2664,24263.0,49350.524
605117.SH,德业股份,20260828,95.0,95.5,92.1,92.3,96.78,-4.48,-4.6291,144097.92,1345307.024
605118.SH,力鼎光电,20260828,29.28,30.66,29.28,29.84,29.48,0.36,1.2212,46818.42,141174.394
605122.SH,四方新材,20260828,11.64,11.75,11.52,11.7,11.62,0.08,0.6885,19077.0,22284.426
605123.SH,派克新材,20260828,76.6,77.2,76.11,76.6,76.68,-0.08,-0.1043,12107.93,92781.479
605128.SH,上海沿浦,20260828,23.4,24.73,23.3,24.5,23.49,1.01,4.2997,62673.48,151757.368
605133.SH,嵘泰股份,20260828,27.4,27.88,26.8,26.85,27.5,-0.65,-2.3636,62668.49,171314.011
605136.SH,丽人丽妆,20260828,8.17,8.43,8.13,8.35,8.16,0.19,2.3284,85163.0,70780.513
605138.SH,盛泰集团,20260828,5.88,6.21,5.84,6.21,5.88,0.33,5.6122,78016.95,47170.756
605151.SH,西上海,20260828,19.27,19.4,18.8,19.25,19.12,0.13,0.6799,19506.47,37522.015
605155.SH,西大门,20260828,14.1,14.56,14.07,14.25,14.1,0.15,1.0638,18178.68,26010.907
605158.SH,华达新材,20260828,8.2,8.61,8.1,8.26,8.01,0.25,3.1211,192123.6,161819.358
605162.SH,新中港,20260828,9.83,10.44,9.68,10.16,9.79,0.37,3.7794,532621.63,536200.712
605166.SH,聚合顺,20260828,8.42,8.5,8.34,8.46,8.38,0.08,0.9547,47779.0,40296.2
605167.SH,利柏特,20260828,14.88,15.79,14.64,14.7,14.81,-0.11,-0.7427,176807.08,268800.26
605168.SH,三人行,20260828,47.05,48.5,46.8,47.31,46.58,0.73,1.5672,61691.73,294305.458
605169.SH,洪通燃气,20260828,12.0,12.27,11.88,12.21,12.0,0.21,1.75,99670.28,121036.763
605177.SH,东亚药业,20260828,20.07,21.89,20.03,21.45,20.07,1.38,6.8759,58889.0,124118.399
605178.SH,时空科技,20260828,68.4,71.48,68.0,69.55,68.41,1.14,1.6664,42788.0,299458.17
605179.SH,一鸣食品,20260828,31.3,32.85,31.21,32.58,31.52,1.06,3.3629,272294.67,874771.047
605180.SH,华生科技,20260828,13.0,13.19,12.74,12.97,12.85,0.12,0.9339,25817.35,33407.937
605183.SH,确成股份,20260828,14.91,15.15,14.8,15.11,14.98,0.13,0.8678,28429.5,42743.477
605186.SH,健麾信息,20260828,25.82,26.66,25.5,25.86,25.82,0.04,0.1549,24194.0,62894.536
605188.SH,国光连锁,20260828,12.2,13.37,12.09,13.37,12.15,1.22,10.0412,117823.99,150446.212
605189.SH,富春染织,20260828,15.04,15.25,14.8,14.93,15.02,-0.09,-0.5992,108271.32,162319.273
605196.SH,华通线缆,20260828,35.46,37.12,35.2,36.32,35.4,0.92,2.5989,139052.11,504096.102
605198.SH,安德利,20260828,68.5,69.18,64.76,65.42,68.52,-3.1,-4.5242,34978.98,232777.992
605199.SH,ST葫芦娃,20260828,5.96,6.03,5.95,6.01,5.96,0.05,0.8389,5542.0,3323.465
605208.SH,永茂泰,20260828,14.29,14.46,14.2,14.25,14.29,-0.04,-0.2799,50565.0,72368.384
605218.SH,伟时电子,20260828,15.14,15.33,15.06,15.09,15.25,-0.16,-1.0492,18953.91,28766.495
605222.SH,起帆电缆,20260828,20.6,21.23,20.17,20.2,20.42,-0.22,-1.0774,47702.5,97845.68
605228.SH,神通科技,20260828,10.48,10.61,10.43,10.46,10.49,-0.03,-0.286,39368.0,41330.026
605255.SH,天普股份,20260828,67.0,67.94,66.4,66.7,67.79,-1.09,-1.6079,5786.04,38796.461
605258.SH,协和电子,20260828,31.0,32.16,30.37,30.42,31.9,-1.48,-4.6395,92726.55,287517.814
605259.SH,绿田机械,20260828,17.49,17.8,17.48,17.68,17.58,0.1,0.5688,5363.07,9477.334
605266.SH,健之佳,20260828,15.84,16.06,15.68,15.91,15.85,0.06,0.3785,30774.31,48925.761
605268.SH,王力安防,20260828,9.38,9.62,9.38,9.54,9.48,0.06,0.6329,37131.41,35512.899
605277.SH,新亚电子,20260828,16.75,16.86,16.57,16.73,17.0,-0.27,-1.5882,195553.76,327453.334
605286.SH,同力天启,20260828,28.16,28.16,26.85,26.89,28.44,-1.55,-5.4501,78000.16,212717.01
605287.SH,德才股份,20260828,37.0,39.22,36.81,37.8,37.06,0.74,1.9968,40839.0,156876.004
605288.SH,凯迪股份,20260828,63.71,67.71,61.8,66.7,63.14,3.56,5.6383,44329.36,288274.698
605289.SH,罗曼股份,20260828,108.48,110.4,105.11,105.26,107.5,-2.24,-2.0837,25379.2,272390.525
605296.SH,神农集团,20260828,33.22,33.22,31.15,32.78,32.38,0.4,1.2353,48347.8,154606.098
605298.SH,必得科技,20260828,47.94,49.45,47.88,48.6,48.3,0.3,0.6211,7451.76,36447.108
605299.SH,舒华体育,20260828,12.8,13.09,12.79,13.02,12.89,0.13,1.0085,100731.17,130647.509
605300.SH,佳禾食品,20260828,9.62,9.91,9.62,9.85,9.67,0.18,1.8614,30653.39,30024.737
605303.SH,园林股份,20260828,23.28,24.0,23.0,23.43,23.31,0.12,0.5148,61098.71,144058.465
605305.SH,中际联合,20260828,32.5,33.33,32.33,32.82,32.78,0.04,0.122,63136.54,207980.283
605318.SH,法狮龙,20260828,76.07,77.2,74.84,75.47,76.07,-0.6,-0.7887,8258.0,62593.944
605319.SH,无锡振华,20260828,26.5,26.66,26.2,26.33,26.39,-0.06,-0.2274,25174.32,66459.452
605333.SH,沪光股份,20260828,16.95,17.38,16.9,17.03,16.94,0.09,0.5313,34983.0,59868.969
605336.SH,*ST帅电,20260828,11.08,11.24,10.97,11.18,11.18,0.0,0.0,9241.4,10275.969
605337.SH,李子园,20260828,9.24,9.48,9.2,9.46,9.24,0.22,2.381,34817.0,32697.256
605338.SH,巴比食品,20260828,18.8,19.26,18.6,19.15,18.75,0.4,2.1333,20152.0,38327.587
605339.SH,南侨食品,20260828,14.4,14.45,13.83,13.91,14.45,-0.54,-3.737,56071.0,78774.138
605358.SH,立昂微,20260828,44.2,45.05,43.17,43.23,44.58,-1.35,-3.0283,345579.69,1523427.011
605365.SH,立达信,20260828,14.22,15.07,14.12,14.51,14.26,0.25,1.7532,96581.35,140406.404
605366.SH,宏柏新材,20260828,8.05,8.45,8.05,8.29,8.13,0.16,1.968,201516.6,167320.641
605368.SH,蓝天燃气,20260828,6.72,6.84,6.7,6.82,6.74,0.08,1.1869,62738.15,42721.778
605369.SH,拱东医疗,20260828,16.62,16.78,16.59,16.61,16.69,-0.08,-0.4793,6493.4,10826.859
605376.SH,博迁新材,20260828,153.77,159.13,152.0,152.24,153.64,-1.4,-0.9112,100130.71,1558626.59
605377.SH,华旺科技,20260828,8.16,8.27,8.13,8.18,8.16,0.02,0.2451,95952.98,78640.435
605378.SH,野马电池,20260828,14.49,14.66,14.29,14.54,14.39,0.15,1.0424,17565.2,25502.517
605388.SH,均瑶健康,20260828,6.14,6.28,6.05,6.26,6.1,0.16,2.623,106263.6,65905.878
605389.SH,长龄液压,20260828,68.77,69.58,67.58,67.75,68.77,-1.02,-1.4832,7929.4,54130.699
605398.SH,新炬网络,20260828,20.28,21.13,20.28,20.74,20.34,0.4,1.9666,17554.0,36545.776
605399.SH,晨光新材,20260828,11.0,11.21,10.93,11.17,10.98,0.19,1.7304,32205.4,35817.604
605488.SH,福莱新材,20260828,29.31,29.95,28.89,29.1,29.5,-0.4,-1.3559,42481.0,124595.705
605499.SH,东鹏饮料,20260828,119.78,121.17,119.78,120.81,120.38,0.43,0.3572,37857.02,456230.325
605500.SH,森林包装,20260828,7.11,7.19,7.11,7.16,7.12,0.04,0.5618,25624.03,18336.322
605507.SH,国邦医药,20260828,15.36,15.38,15.25,15.32,15.38,-0.06,-0.3901,24814.6,37994.786
605555.SH,德昌股份,20260828,12.75,12.85,12.42,12.52,12.6,-0.08,-0.6349,43859.9,55353.34
605566.SH,福莱蒽特,20260828,25.79,28.51,25.78,28.51,25.92,2.59,9.9923,47835.0,131172.501
605567.SH,春雪食品,20260828,9.39,9.55,9.32,9.53,9.38,0.15,1.5991,39582.92,37418.471
605577.SH,龙版传媒,20260828,9.58,9.74,9.51,9.65,9.57,0.08,0.8359,46364.52,44792.344
605580.SH,恒盛能源,20260828,18.2,18.55,17.94,17.95,18.4,-0.45,-2.4457,50656.21,91963.968
605588.SH,冠石科技,20260828,47.48,48.58,46.92,46.98,47.53,-0.55,-1.1572,8344.0,39811.445
605589.SH,圣泉集团,20260828,40.0,41.31,39.95,39.96,40.12,-0.16,-0.3988,343037.88,1392879.652
605598.SH,上海港湾,20260828,27.08,27.59,27.03,27.08,27.08,0.0,0.0,20098.62,54844.829
605599.SH,菜百股份,20260828,15.54,16.65,15.32,16.45,15.71,0.74,4.7104,177256.01,287706.271
688001.SH,华兴源创,20260828,54.4,55.22,52.17,52.33,55.03,-2.7,-4.9064,66716.88,358151.73
688002.SH,睿创微纳,20260828,160.5,165.3,160.5,161.7,161.7,0.0,0.0,70170.01,1140336.789
688003.SH,天准科技,20260828,84.03,85.08,80.95,80.99,85.06,-4.07,-4.7849,54080.67,448038.196
688004.SH,博汇科技,20260828,21.62,22.4,21.5,21.76,21.86,-0.1,-0.4575,15035.9,32913.01
688005.SH,容百科技,20260828,26.18,26.64,26.18,26.39,26.38,0.01,0.0379,80440.1,212565.21
688006.SH,杭可科技,20260828,22.01,22.96,22.01,22.17,22.26,-0.09,-0.4043,114588.43,258305.74
688007.SH,光峰科技,20260828,10.4,10.64,10.36,10.51,10.41,0.1,0.9606,38598.77,40649.359
688008.SH,澜起科技,20260828,217.01,221.49,213.0,213.0,221.22,-8.22,-3.7158,389727.43,8457061.77
688009.SH,中国通号,20260828,4.95,4.99,4.93,4.99,4.94,0.05,1.0121,222166.03,110223.93
688010.SH,福光股份,20260828,27.04,27.59,26.57,26.57,27.04,-0.47,-1.7382,29913.11,80762.783
688011.SH,新光光电,20260828,77.4,81.77,77.4,79.0,77.31,1.69,2.186,21653.13,173151.901
688012.SH,中微公司,20260828,374.0,378.0,367.0,367.0,376.01,-9.01,-2.3962,124011.96,4616962.307
688013.SH,天臣医疗,20260828,24.78,25.25,24.52,24.6,24.9,-0.3,-1.2048,14047.94,34907.491
688015.SH,交控科技,20260828,15.85,16.07,15.77,16.02,15.8,0.22,1.3924,13873.15,22131.469
688016.SH,心脉医疗,20260828,90.8,91.79,90.11,90.43,90.84,-0.41,-0.4513,13441.11,122334.838
688017.SH,绿的谐波,20260828,299.0,305.55,291.0,292.0,299.3,-7.3,-2.439,60897.43,1812824.346
688018.SH,乐鑫科技,20260828,113.0,117.64,112.03,115.88,113.22,2.66,2.3494,50484.44,583546.461
688019.SH,安集科技,20260828,248.06,251.88,242.7,243.2,248.06,-4.86,-1.9592,46024.47,1135988.657
688020.SH,方邦股份,20260828,127.0,137.17,127.0,130.3,129.99,0.31,0.2385,40238.03,534449.269
688021.SH,奥福科技,20260828,20.91,21.23,20.75,20.9,21.02,-0.12,-0.5709,9455.23,19803.208
688022.SH,ST瀚川,20260828,9.08,9.08,8.83,8.87,8.95,-0.08,-0.8939,23866.54,21225.554
688023.SH,安恒信息,20260828,40.89,41.76,39.45,39.46,38.46,1.0,2.6001,56657.15,231049.631
688025.SH,杰普特,20260828,416.33,425.37,402.5,402.5,417.22,-14.72,-3.5281,24066.51,995015.898
688026.SH,洁特生物,20260828,15.6,17.25,15.51,16.51,15.65,0.86,5.4952,58944.77,97965.092
688027.SH,国盾量子,20260828,391.99,394.44,382.6,383.0,390.72,-7.72,-1.9758,8975.71,348584.373
688028.SH,沃尔德,20260828,94.0,100.41,93.05,93.3,94.16,-0.86,-0.9133,83296.36,802385.577
688029.SH,南微医学,20260828,75.6,79.67,74.83,78.1,75.64,2.46,3.2522,29798.7,232328.402
688030.SH,山石网科,20260828,17.5,17.87,16.97,17.01,16.95,0.06,0.354,56971.55,99326.441
688031.SH,星环科技,20260828,101.97,107.76,99.65,100.25,99.98,0.27,0.2701,79160.18,817342.554
688032.SH,禾迈股份,20260828,74.7,76.4,74.23,76.12,74.74,1.38,1.8464,9175.8,69679.033
688033.SH,*ST天宜,20260828,6.05,6.16,6.04,6.12,6.05,0.07,1.157,36945.56,22537.324
688035.SH,德邦科技,20260828,68.0,72.65,67.4,68.7,68.51,0.19,0.2773,72924.95,506987.34
688036.SH,传音控股,20260828,57.71,57.74,56.71,57.44,57.73,-0.29,-0.5023,81755.76,467543.57
688037.SH,芯源微,20260828,373.13,375.0,360.59,367.74,375.0,-7.26,-1.936,40165.51,1479094.956
688038.SH,中科通达,20260828,18.76,18.99,18.36,18.41,18.42,-0.01,-0.0543,18139.91,33812.71
688039.SH,当虹科技,20260828,31.56,33.33,31.56,31.84,31.47,0.37,1.1757,24044.39,77946.216
688041.SH,海光信息,20260828,244.1,254.8,244.0,245.49,245.97,-0.48,-0.1951,228614.03,5727992.32
688045.SH,必易微,20260828,58.5,60.37,57.9,57.91,59.09,-1.18,-1.997,15662.88,92204.058
688046.SH,药康生物,20260828,33.01,33.75,31.8,32.5,33.37,-0.87,-2.6071,100868.3,328831.775
688047.SH,龙芯中科,20260828,106.8,108.52,106.1,106.2,107.57,-1.37,-1.2736,27082.05,290528.58
688048.SH,长光华芯,20260828,300.0,313.5,292.13,292.83,304.81,-11.98,-3.9303,81123.74,2452851.669
688049.SH,炬芯科技,20260828,40.29,41.08,40.05,40.48,40.59,-0.11,-0.271,44263.5,179506.116
688050.SH,爱博医疗,20260828,40.13,40.45,39.85,40.13,40.14,-0.01,-0.0249,17776.01,71402.986
688051.SH,佳华科技,20260828,25.04,26.18,24.86,25.26,24.8,0.46,1.8548,13031.4,33202.768
688052.SH,纳芯微,20260828,246.97,268.88,246.62,253.44,250.46,2.98,1.1898,41762.49,1085057.448
688053.SH,ST思科瑞,20260828,37.62,37.62,36.88,37.44,37.46,-0.02,-0.0534,5066.76,18879.564
688055.SH,龙腾光电,20260828,3.74,3.84,3.74,3.77,3.76,0.01,0.266,95297.43,36205.075
688056.SH,莱伯泰科,20260828,42.04,45.9,41.57,42.33,42.46,-0.13,-0.3062,14893.86,65099.68
688057.SH,金达莱,20260828,18.02,18.65,17.77,17.85,18.14,-0.29,-1.5987,34712.19,63035.66
688058.SH,宝兰德,20260828,23.88,25.09,23.64,24.16,23.0,1.16,5.0435,25384.07,61655.613
688059.SH,华锐精密,20260828,88.32,90.69,87.0,88.0,89.26,-1.26,-1.4116,34652.4,307943.163
688060.SH,云涌科技,20260828,35.3,36.15,35.0,35.53,35.49,0.04,0.1127,4105.84,14643.912
688061.SH,灿瑞科技,20260828,38.5,46.49,38.5,42.96,38.74,4.22,10.8931,65870.33,288666.681
688062.SH,迈威生物,20260828,29.76,30.18,29.3,29.49,29.73,-0.24,-0.8073,50314.91,149407.785
688063.SH,派能科技,20260828,44.2,44.77,43.98,44.11,44.52,-0.41,-0.9209,38879.43,172533.618
688065.SH,凯赛生物,20260828,43.59,43.8,43.15,43.16,43.39,-0.23,-0.5301,29310.82,127330.314
688066.SH,*ST航图,20260828,8.08,8.55,8.07,8.14,8.09,0.05,0.618,71232.66,59189.328
688067.SH,爱威科技,20260828,23.05,23.59,22.71,23.34,22.92,0.42,1.8325,11526.36,26890.946
688068.SH,热景生物,20260828,99.55,100.76,97.52,98.0,98.89,-0.89,-0.9,18335.37,181940.068
688069.SH,德林海,20260828,37.11,37.11,35.32,35.85,36.19,-0.34,-0.9395,16106.8,58172.157
688070.SH,纵横股份,20260828,34.56,35.27,34.01,34.73,34.02,0.71,2.087,15757.73,54865.427
688071.SH,华依科技,20260828,33.46,34.56,33.22,33.39,33.29,0.1,0.3004,18426.97,62468.61
688072.SH,拓荆科技,20260828,690.0,695.0,668.11,669.29,693.0,-23.71,-3.4214,34555.04,2355365.029
688073.SH,毕得医药,20260828,64.95,65.69,61.29,61.44,62.8,-1.36,-2.1656,72163.66,456993.628
688075.SH,安旭生物,20260828,29.48,29.74,29.31,29.52,29.48,0.04,0.1357,6471.79,19133.789
688076.SH,ST诺泰,20260828,27.56,27.7,27.45,27.55,27.56,-0.01,-0.0363,11722.63,32326.782
688077.SH,大地熊,20260828,28.87,29.19,28.26,28.3,28.82,-0.52,-1.8043,19396.45,55511.161
688078.SH,龙软科技,20260828,23.58,24.2,23.58,23.9,23.57,0.33,1.4001,8389.76,20145.166
688079.SH,美迪凯,20260828,15.89,16.72,15.73,15.77,16.04,-0.27,-1.6833,110099.55,178706.603
688080.SH,映翰通,20260828,37.25,38.27,36.85,37.85,37.26,0.59,1.5835,11990.46,45304.102
688081.SH,兴图新科,20260828,29.0,29.78,28.7,28.7,29.44,-0.74,-2.5136,12630.54,36794.783
688082.SH,盛美上海,20260828,303.07,307.0,295.02,296.16,307.01,-10.85,-3.5341,44266.99,1328013.394
688083.SH,中望软件,20260828,52.7,53.7,51.89,51.89,52.39,-0.5,-0.9544,23656.27,124908.982
688084.SH,晶品特装,20260828,42.86,44.33,42.22,42.77,42.4,0.37,0.8726,9622.02,41735.301
688085.SH,三友医疗,20260828,13.19,13.28,13.1,13.2,13.19,0.01,0.0758,18133.51,23888.846
688087.SH,英科再生,20260828,38.32,38.87,37.56,38.39,38.41,-0.02,-0.0521,18390.38,70474.842
688088.SH,虹软科技,20260828,29.85,30.7,29.83,29.86,29.66,0.2,0.6743,64070.11,193629.248
688089.SH,ST嘉必优,20260828,7.95,8.08,7.93,8.06,7.96,0.1,1.2563,11733.07,9392.77
688090.SH,瑞松科技,20260828,75.66,75.96,70.9,71.27,74.9,-3.63,-4.8465,92391.72,670836.615
688091.SH,上海谊众,20260828,42.47,42.77,40.01,40.5,43.25,-2.75,-6.3584,66402.52,273331.427
688092.SH,爱科科技,20260828,23.05,23.22,22.67,22.97,23.13,-0.16,-0.6917,5650.87,13053.259
688093.SH,世华科技,20260828,21.36,22.26,21.26,21.85,21.34,0.51,2.3899,33378.82,73009.814
688095.SH,福昕软件,20260828,60.5,65.13,59.66,62.18,58.08,4.1,7.0592,78577.51,486908.561
688096.SH,京源环保,20260828,8.76,9.04,8.63,8.64,8.71,-0.07,-0.8037,58901.31,51837.826
688097.SH,博众精工,20260828,48.48,50.3,47.5,47.71,48.54,-0.83,-1.7099,52454.58,255740.384
688098.SH,申联生物,20260828,8.37,8.37,8.24,8.26,8.33,-0.07,-0.8403,13949.17,11539.425
688099.SH,晶晨股份,20260828,91.74,92.58,89.58,89.7,91.61,-1.91,-2.0849,67321.39,612279.294
688100.SH,威胜信息,20260828,25.94,26.16,25.86,25.88,25.97,-0.09,-0.3466,19273.13,50111.009
688101.SH,三达膜,20260828,14.88,15.35,14.81,15.17,14.89,0.28,1.8805,26221.13,39659.856
688102.SH,斯瑞新材,20260828,32.8,33.2,32.1,32.17,32.92,-0.75,-2.2783,113043.74,367215.69
688103.SH,国力电子,20260828,76.24,79.29,74.8,74.84,77.22,-2.38,-3.0821,22690.41,173973.632
688105.SH,诺唯赞,20260828,21.76,22.19,21.09,21.13,22.11,-0.98,-4.4324,113766.38,244589.602
688106.SH,金宏气体,20260828,28.22,28.86,27.7,27.78,28.22,-0.44,-1.5592,169414.7,477915.332
688107.SH,安路科技,20260828,31.0,31.96,30.93,31.04,31.24,-0.2,-0.6402,53510.82,167878.156
688108.SH,赛诺医疗,20260828,17.04,17.25,16.75,16.8,17.13,-0.33,-1.9264,90740.64,154085.733
688109.SH,品茗科技,20260828,73.88,73.88,71.0,72.32,72.19,0.13,0.1801,4338.91,31416.232
688110.SH,东芯股份,20260828,117.01,118.99,115.0,115.01,118.35,-3.34,-2.8221,154645.93,1809093.684
688111.SH,金山办公,20260828,245.0,248.31,241.0,241.3,238.22,3.08,1.2929,96463.74,2365554.822
688112.SH,鼎阳科技,20260828,68.65,72.28,68.46,69.55,69.68,-0.13,-0.1866,30074.89,211247.497
688113.SH,联测科技,20260828,36.11,36.25,35.51,36.0,36.78,-0.78,-2.1207,11459.49,41144.417
688114.SH,华大智造,20260828,69.0,71.07,63.89,64.09,69.5,-5.41,-7.7842,128199.83,851410.556
688115.SH,思林杰,20260828,64.74,66.68,63.34,64.45,65.7,-1.25,-1.9026,19139.33,124400.105
688116.SH,天奈科技,20260828,33.43,34.2,33.3,33.51,33.58,-0.07,-0.2085,54399.23,183707.926
688117.SH,圣诺生物,20260828,24.18,24.3,23.8,23.93,24.23,-0.3,-1.2381,50148.86,120500.789
688118.SH,普元信息,20260828,20.2,20.99,20.2,20.28,20.15,0.13,0.6452,32617.79,67232.734
688119.SH,中钢洛耐,20260828,3.9,3.97,3.87,3.92,3.87,0.05,1.292,121744.83,47845.786
688120.SH,华海清科,20260828,264.0,272.0,260.2,260.52,267.1,-6.58,-2.4635,60533.89,1607357.412
688121.SH,*ST卓然,20260828,1.78,1.8,1.74,1.76,1.79,-0.03,-1.676,85011.76,15040.889
688122.SH,西部超导,20260828,50.2,50.47,49.8,49.91,50.31,-0.4,-0.7951,65564.71,328561.396
688123.SH,聚辰股份,20260828,139.64,145.17,135.78,135.82,139.83,-4.01,-2.8678,69707.99,976087.905
688125.SH,安达智能,20260828,126.88,130.0,124.12,124.57,126.89,-2.32,-1.8284,12689.33,160278.414
688126.SH,沪硅产业,20260828,25.0,25.28,24.5,24.51,25.22,-0.71,-2.8152,500110.42,1243784.311
688127.SH,蓝特光学,20260828,66.65,68.95,65.83,65.99,66.5,-0.51,-0.7669,72311.27,487570.963
688128.SH,中国电研,20260828,21.85,22.0,21.74,21.88,21.85,0.03,0.1373,11226.25,24580.28
688129.SH,东来技术,20260828,21.75,22.22,21.47,21.6,21.65,-0.05,-0.2309,6508.51,14188.662
688130.SH,晶华微,20260828,23.73,24.48,23.63,23.73,23.85,-0.12,-0.5031,14640.87,35121.159
688131.SH,皓元医药,20260828,96.2,96.87,93.52,93.58,96.27,-2.69,-2.7942,34101.41,323049.738
688132.SH,邦彦技术,20260828,13.4,13.66,13.31,13.46,13.4,0.06,0.4478,10226.21,13818.467
688133.SH,泰坦科技,20260828,23.23,23.69,23.01,23.37,23.3,0.07,0.3004,40652.74,94858.995
688135.SH,利扬芯片,20260828,27.31,27.97,26.73,26.78,27.3,-0.52,-1.9048,113110.6,309176.001
688136.SH,科兴制药,20260828,22.53,22.81,21.59,21.59,22.6,-1.01,-4.469,103607.31,227879.62
688137.SH,近岸蛋白,20260828,78.0,79.88,73.15,73.32,82.65,-9.33,-11.2886,63804.7,488506.434
688138.SH,清溢光电,20260828,35.81,39.15,35.66,37.84,36.16,1.68,4.646,119098.89,451560.343
688139.SH,海尔生物,20260828,31.16,32.6,30.87,31.64,31.0,0.64,2.0645,55577.93,175487.246
688141.SH,杰华特,20260828,128.13,129.55,119.33,119.58,129.55,-9.97,-7.6959,135935.89,1672133.336
688143.SH,长盈通,20260828,169.35,174.85,162.4,162.51,173.3,-10.79,-6.2262,153115.09,2550752.66
688146.SH,中船特气,20260828,257.01,263.8,249.1,249.1,258.5,-9.4,-3.6364,119677.41,3064382.197
688147.SH,微导纳米,20260828,121.69,127.1,119.42,120.02,121.9,-1.88,-1.5422,90163.89,1108578.725
688148.SH,芳源股份,20260828,6.32,6.47,6.28,6.38,6.31,0.07,1.1094,143743.54,92087.25
688150.SH,莱特光电,20260828,40.55,42.23,40.12,40.24,40.79,-0.55,-1.3484,82096.71,336893.845
688151.SH,华强科技,20260828,16.14,16.17,16.0,16.03,16.09,-0.06,-0.3729,14362.79,23082.324
688152.SH,麒麟信安,20260828,33.87,38.04,33.52,38.04,31.7,6.34,20.0,73329.32,266716.62
688153.SH,唯捷创芯,20260828,26.8,27.8,26.66,27.0,26.89,0.11,0.4091,51403.51,140111.348
688155.SH,先惠技术,20260828,55.22,56.17,54.32,54.32,56.58,-2.26,-3.9943,45404.95,249873.704
688156.SH,路德科技,20260828,19.75,20.05,19.51,19.58,19.74,-0.16,-0.8105,20245.2,39968.969
688157.SH,松井股份,20260828,19.4,19.84,19.31,19.5,19.31,0.19,0.9839,28838.12,56492.953
688158.SH,优刻得,20260828,30.3,31.22,29.95,29.95,30.24,-0.29,-0.959,172543.8,527134.933
688159.SH,有方科技,20260828,33.39,33.83,32.8,32.94,33.39,-0.45,-1.3477,22267.47,74298.227
688160.SH,步科股份,20260828,98.7,101.35,97.83,98.3,99.56,-1.26,-1.2656,8733.24,86811.736
688161.SH,威高骨科,20260828,22.06,22.29,21.96,21.96,22.06,-0.1,-0.4533,9470.22,20941.795
688162.SH,巨一科技,20260828,24.7,25.11,24.5,24.54,24.89,-0.35,-1.4062,12046.36,29876.396
688163.SH,赛伦生物,20260828,34.69,35.81,34.3,34.67,34.69,-0.02,-0.0577,10020.29,35194.115
688165.SH,埃夫特,20260828,16.38,16.51,15.94,15.96,16.39,-0.43,-2.6236,53902.15,87469.329
688166.SH,博瑞医药,20260828,35.69,35.7,34.69,34.71,35.77,-1.06,-2.9634,79888.29,280582.052
688167.SH,炬光科技,20260828,289.93,307.83,285.0,295.0,291.0,4.0,1.3746,115549.44,3444603.273
688168.SH,安博通,20260828,35.44,36.86,34.9,35.02,35.13,-0.11,-0.3131,47761.69,171487.469
688169.SH,石头科技,20260828,130.0,132.0,128.01,128.6,130.6,-2.0,-1.5314,66194.43,855017.734
688170.SH,德龙激光,20260828,53.87,56.94,53.64,53.7,54.12,-0.42,-0.7761,42525.84,234737.004
688171.SH,纬德信息,20260828,27.74,28.9,27.52,27.74,27.66,0.08,0.2892,15705.48,44300.63
688172.SH,燕东微,20260828,54.7,55.8,53.6,53.75,55.18,-1.43,-2.5915,99286.34,543466.327
688173.SH,希荻微,20260828,14.43,14.73,14.34,14.46,14.43,0.03,0.2079,75271.61,109266.927
688175.SH,高凌信息,20260828,19.47,19.57,18.63,18.67,19.6,-0.93,-4.7449,65817.39,125362.098
688176.SH,亚虹医药,20260828,12.08,12.11,11.83,11.88,11.94,-0.06,-0.5025,65583.18,78470.406
688177.SH,百奥泰,20260828,18.6,19.04,18.39,18.63,18.74,-0.11,-0.587,35429.7,66355.04
688178.SH,万德斯,20260828,28.9,29.31,27.93,28.04,28.9,-0.86,-2.9758,12988.48,37176.808
688179.SH,阿拉丁,20260828,20.32,20.75,19.93,20.03,20.23,-0.2,-0.9886,107960.32,218593.213
688180.SH,君实生物,20260828,35.53,35.55,33.54,33.56,35.57,-2.01,-5.6508,248390.94,852730.638
688181.SH,八亿时空,20260828,38.73,39.28,37.5,37.51,38.7,-1.19,-3.0749,42522.25,162574.724
688182.SH,灿勤科技,20260828,28.65,29.43,28.33,28.33,28.93,-0.6,-2.074,36516.28,105430.015
688183.SH,生益电子,20260828,123.42,138.47,121.69,131.2,121.69,9.51,7.8149,400503.07,5316048.437
688184.SH,ST帕瓦,20260828,10.82,11.04,10.81,10.91,10.8,0.11,1.0185,7208.26,7891.795
688185.SH,康希诺,20260828,92.57,93.0,82.28,82.87,92.78,-9.91,-10.6812,164645.37,1425736.605
688186.SH,广大特材,20260828,14.14,14.27,13.95,14.09,14.08,0.01,0.071,24356.46,34355.05
688187.SH,时代电气,20260828,48.19,48.19,47.6,47.66,48.2,-0.54,-1.1203,34148.44,163184.288
688188.SH,柏楚电子,20260828,99.22,100.88,98.5,99.01,99.32,-0.31,-0.3121,15614.12,155451.464
688189.SH,ST南新,20260828,6.71,6.71,6.58,6.62,6.7,-0.08,-1.194,31120.61,20605.037
688190.SH,云路股份,20260828,73.88,75.19,73.11,73.31,74.29,-0.98,-1.3192,5285.5,39066.742
688191.SH,智洋创新,20260828,21.22,21.6,20.33,20.35,21.58,-1.23,-5.6997,85025.51,177660.45
688192.SH,迪哲医药,20260828,58.5,59.0,57.72,58.67,58.55,0.12,0.205,40781.84,238515.701
688193.SH,仁度生物,20260828,47.78,48.37,47.58,47.91,47.98,-0.07,-0.1459,2753.14,13226.425
688195.SH,腾景科技,20260828,177.4,201.29,174.19,182.03,177.46,4.57,2.5752,184325.08,3492191.665
688196.SH,卓越新能,20260828,32.31,34.17,32.02,34.0,32.28,1.72,5.3284,24782.71,82800.331
688197.SH,首药控股,20260828,34.99,35.66,34.52,34.94,34.83,0.11,0.3158,15137.84,53098.898
688198.SH,佰仁医疗,20260828,77.0,77.2,74.01,74.01,78.0,-3.99,-5.1154,7440.34,55630.485
688199.SH,久日新材,20260828,24.0,24.68,23.9,24.05,24.27,-0.22,-0.9065,40979.29,99385.821
688200.SH,华峰测控,20260828,400.0,404.54,387.1,389.03,400.0,-10.97,-2.7425,29207.85,1151820.703
688201.SH,ST信安,20260828,7.45,7.65,7.41,7.43,7.35,0.08,1.0884,36174.18,27259.581
688202.SH,美迪西,20260828,100.0,102.1,96.93,97.75,100.37,-2.62,-2.6103,56452.54,559569.259
688203.SH,海正生材,20260828,12.9,13.85,12.71,13.24,13.03,0.21,1.6117,82296.79,110026.902
688205.SH,德科立,20260828,157.18,191.5,156.45,176.2,159.58,16.62,10.4148,226334.84,4035474.193
688206.SH,概伦电子,20260828,43.4,45.3,43.3,44.52,43.76,0.76,1.7367,88285.29,394633.49
688207.SH,格灵深瞳,20260828,18.14,18.33,17.31,17.31,17.95,-0.64,-3.5655,79239.58,141054.781
688208.SH,道通科技,20260828,25.8,26.41,25.59,26.04,25.77,0.27,1.0477,102777.97,267228.027
688209.SH,英集芯,20260828,23.9,29.54,23.9,29.54,24.62,4.92,19.9838,604249.78,1688473.078
688210.SH,统联精密,20260828,30.15,33.39,30.15,31.2,31.15,0.05,0.1605,91947.84,293293.444
688211.SH,中科微至,20260828,31.38,32.59,31.32,32.43,31.36,1.07,3.412,12822.18,41245.008
688212.SH,澳华内镜,20260828,28.71,29.05,28.02,28.24,28.19,0.05,0.1774,26768.57,76052.593
688213.SH,思特威,20260828,99.22,100.34,97.88,97.97,99.38,-1.41,-1.4188,48723.07,482265.316
688215.SH,瑞晟智能,20260828,44.78,45.75,44.23,44.99,44.77,0.22,0.4914,10084.63,45464.791
688216.SH,气派科技,20260828,31.03,31.58,30.33,30.39,31.08,-0.69,-2.2201,34027.43,105393.217
688217.SH,睿昂基因,20260828,24.98,25.68,24.74,24.76,24.86,-0.1,-0.4023,7868.53,19654.95
688218.SH,江苏北人,20260828,43.56,43.99,41.23,42.0,41.89,0.11,0.2626,29515.85,124023.471
688219.SH,会通股份,20260828,10.48,10.71,10.48,10.62,10.51,0.11,1.0466,63789.22,67860.931
688220.SH,翱捷科技,20260828,100.69,102.98,98.23,98.46,101.7,-3.24,-3.1858,66752.47,672734.764
688221.SH,前沿生物,20260828,19.36,19.44,18.82,18.84,19.53,-0.69,-3.533,110062.8,210107.622
688222.SH,成都先导,20260828,33.65,34.55,32.81,32.86,33.72,-0.86,-2.5504,163503.67,548674.792
688223.SH,晶科能源,20260828,4.14,4.22,4.13,4.2,4.16,0.04,0.9615,856635.15,357867.106
688225.SH,亚信安全,20260828,13.31,13.66,12.67,12.68,12.66,0.02,0.158,124505.19,163909.723
688226.SH,威腾电气,20260828,29.7,30.9,29.6,30.02,30.0,0.02,0.0667,54849.08,166457.117
688227.SH,品高股份,20260828,72.69,73.69,71.0,71.46,71.75,-0.29,-0.4042,34359.19,249753.208
688228.SH,开普云,20260828,79.0,81.2,77.5,77.91,79.26,-1.35,-1.7033,24214.39,191638.565
688229.SH,博睿数据,20260828,65.08,67.22,64.77,65.0,65.08,-0.08,-0.1229,9157.06,60457.03
688230.SH,芯导科技,20260828,57.21,59.14,56.56,57.1,55.52,1.58,2.8458,22913.83,133117.158
688231.SH,隆达股份,20260828,30.3,33.45,30.0,31.63,30.29,1.34,4.4239,84171.23,271937.573
688232.SH,新点软件,20260828,18.12,18.55,18.01,18.18,17.93,0.25,1.3943,24078.78,44043.86
688233.SH,神工股份,20260828,107.1,109.1,103.66,104.0,108.65,-4.65,-4.2798,100796.33,1067965.479
688234.SH,天岳先进,20260828,109.0,111.01,105.5,105.86,109.56,-3.7,-3.3771,68344.16,739466.848
688235.SH,百济神州,20260828,278.0,278.8,271.0,271.7,279.75,-8.05,-2.8776,37733.85,1035931.348
688236.SH,春立医疗,20260828,14.58,14.58,14.33,14.36,14.58,-0.22,-1.5089,19951.33,28803.072
688237.SH,超卓航科,20260828,56.89,56.89,55.48,55.66,56.45,-0.79,-1.3995,9451.55,52906.164
688238.SH,和元生物,20260828,7.02,7.07,6.84,6.86,7.07,-0.21,-2.9703,212549.47,147315.695
688239.SH,航宇科技,20260828,49.0,49.7,48.44,48.6,49.29,-0.69,-1.3999,58127.84,284578.791
688244.SH,永信至诚,20260828,15.4,15.88,15.08,15.09,15.08,0.01,0.0663,31524.49,48788.547
688246.SH,嘉和美康,20260828,17.29,17.82,17.29,17.37,17.22,0.15,0.8711,23082.21,40523.793
688247.SH,宣泰医药,20260828,9.77,9.78,9.46,9.49,9.78,-0.29,-2.9652,63254.15,60664.922
688248.SH,南网科技,20260828,40.98,42.42,40.51,40.59,41.0,-0.41,-1.0,32973.52,135599.886
688249.SH,晶合集成,20260828,40.67,40.88,39.09,39.1,41.03,-1.93,-4.7039,220662.31,877239.457
688251.SH,井松智能,20260828,19.61,20.4,19.61,20.08,19.7,0.38,1.9289,20892.5,41991.569
688252.SH,天德钰,20260828,20.13,20.52,20.0,20.18,20.16,0.02,0.0992,36824.65,74755.383
688253.SH,英诺特,20260828,53.77,57.48,53.77,55.65,54.29,1.36,2.5051,20724.41,116003.943
688255.SH,凯尔达,20260828,26.04,27.2,25.95,26.09,25.6,0.49,1.9141,43602.14,115173.623
688256.SH,寒武纪,20260828,1050.0,1090.71,1042.01,1046.63,1048.0,-1.37,-0.1307,108604.37,11636724.83
688257.SH,新锐股份,20260828,57.12,59.15,56.52,56.55,57.1,-0.55,-0.9632,155570.81,896893.079
688258.SH,卓易信息,20260828,96.7,101.0,95.07,95.24,94.69,0.55,0.5808,54658.88,533607.922
688259.SH,创耀科技,20260828,30.73,30.86,30.12,30.4,30.52,-0.12,-0.3932,8654.44,26401.258
688260.SH,昀冢科技,20260828,107.89,115.15,104.5,104.5,106.3,-1.8,-1.6933,80780.49,891173.4
688261.SH,东微半导,20260828,74.36,74.97,72.28,72.38,74.41,-2.03,-2.7281,42597.29,312369.677
688262.SH,国芯科技,20260828,28.3,29.0,27.99,28.09,28.77,-0.68,-2.3636,119134.88,338675.902
688265.SH,南模生物,20260828,41.5,41.63,40.0,40.2,41.84,-1.64,-3.9197,18466.03,75058.378
688266.SH,泽璟制药,20260828,118.51,121.99,117.48,120.15,119.7,0.45,0.3759,39024.33,469365.399
688267.SH,中触媒,20260828,18.23,19.56,18.23,19.26,18.6,0.66,3.5484,28522.48,54524.887
688268.SH,华特气体,20260828,148.17,151.59,144.2,144.2,148.28,-4.08,-2.7516,56000.53,826538.915
688269.SH,凯立新材,20260828,29.85,30.3,29.25,29.3,30.0,-0.7,-2.3333,25296.91,75255.345
688270.SH,ST臻镭,20260828,60.8,61.64,59.6,59.67,61.28,-1.61,-2.6273,54699.61,330154.455
688271.SH,联影医疗,20260828,105.28,105.9,104.85,105.56,105.28,0.28,0.266,25270.13,266399.962
688272.SH,富吉瑞,20260828,28.66,29.2,28.25,28.78,28.49,0.29,1.0179,10045.8,28989.049
688273.SH,麦澜德,20260828,29.82,30.73,29.66,29.79,30.04,-0.25,-0.8322,9326.34,28106.074
688275.SH,万润新能,20260828,84.32,86.28,83.11,85.49,84.59,0.9,1.064,48001.56,406723.316
688276.SH,百克生物,20260828,17.5,17.56,16.75,16.77,17.65,-0.88,-4.9858,62050.51,105695.789
688277.SH,天智航,20260828,15.59,15.9,15.43,15.43,15.54,-0.11,-0.7079,41001.28,64201.396
688278.SH,特宝生物,20260828,58.45,58.88,58.11,58.4,59.05,-0.65,-1.1008,22774.94,133057.942
688279.SH,峰岹科技,20260828,197.74,201.45,187.4,189.67,197.28,-7.61,-3.8575,26006.48,499383.722
688280.SH,精进电动,20260828,5.33,5.44,5.22,5.27,5.46,-0.19,-3.4799,219502.15,116355.92
688281.SH,华秦科技,20260828,47.81,50.38,47.81,49.97,48.15,1.82,3.7799,43775.65,217553.958
688282.SH,理工导航,20260828,54.8,57.44,54.16,54.81,54.98,-0.17,-0.3092,9290.09,51963.807
688283.SH,坤恒顺维,20260828,28.18,28.88,28.18,28.7,28.18,0.52,1.8453,9770.3,27881.027
688285.SH,高铁电气,20260828,7.53,7.63,7.53,7.6,7.58,0.02,0.2639,17895.67,13577.261
688286.SH,敏芯股份,20260828,47.88,49.47,47.05,47.75,48.16,-0.41,-0.8513,49392.3,240239.371
688288.SH,鸿泉技术,20260828,18.84,18.98,18.53,18.7,18.93,-0.23,-1.215,11472.03,21455.648
688289.SH,圣湘生物,20260828,15.88,15.88,15.6,15.66,15.76,-0.1,-0.6345,38416.96,60261.46
688290.SH,景业智能,20260828,68.57,70.1,65.18,65.28,68.8,-3.52,-5.1163,9200.96,61638.301
688291.SH,金橙子,20260828,41.09,42.24,40.14,40.33,41.09,-0.76,-1.8496,26548.02,108891.874
688292.SH,浩瀚深度,20260828,17.36,18.05,17.34,17.95,17.45,0.5,2.8653,40810.63,72423.952
688293.SH,奥浦迈,20260828,57.04,57.97,54.94,55.1,56.98,-1.88,-3.2994,28129.1,157420.325
688295.SH,中复神鹰,20260828,38.86,39.86,38.86,38.98,39.3,-0.32,-0.8142,46033.58,180769.565
688296.SH,和达科技,20260828,26.0,26.26,23.32,23.35,25.65,-2.3,-8.9669,76241.32,185815.111
688297.SH,中无人机,20260828,38.82,39.32,38.72,39.2,38.9,0.3,0.7712,53178.37,208031.503
688298.SH,东方生物,20260828,19.58,19.79,19.4,19.74,19.59,0.15,0.7657,11473.44,22590.684
688299.SH,长阳科技,20260828,13.02,13.17,12.9,12.95,13.03,-0.08,-0.614,47076.21,61258.383
688300.SH,联瑞新材,20260828,198.77,202.88,189.07,189.9,186.24,3.66,1.9652,259044.07,5056494.047
688301.SH,奕瑞科技,20260828,98.0,99.52,94.33,94.61,98.38,-3.77,-3.8321,40532.43,389862.245
688302.SH,海创药业,20260828,34.5,34.59,33.69,33.82,34.24,-0.42,-1.2266,11841.67,40494.335
688303.SH,大全能源,20260828,17.41,17.56,17.36,17.45,17.47,-0.02,-0.1145,51222.76,89540.877
688305.SH,科德数控,20260828,58.99,59.8,57.31,57.31,61.62,-4.31,-6.9945,80763.19,472052.918
688306.SH,均普智能,20260828,8.9,8.9,8.67,8.69,8.83,-0.14,-1.5855,55601.4,48703.448
688307.SH,中润光学,20260828,49.41,51.46,48.38,48.45,50.22,-1.77,-3.5245,38822.34,192741.919
688308.SH,欧科亿,20260828,101.5,103.98,99.7,100.1,101.62,-1.52,-1.4958,115320.87,1174233.608
688309.SH,恒誉科技,20260828,72.8,74.28,72.3,73.42,72.9,0.52,0.7133,13129.49,96243.899
688310.SH,迈得医疗,20260828,15.12,15.59,15.12,15.29,15.29,0.0,0.0,22745.34,35033.011
688311.SH,盟升电子,20260828,22.94,23.5,22.8,22.96,22.93,0.03,0.1308,29663.65,68664.301
688312.SH,燕麦科技,20260828,47.51,49.89,46.97,47.21,48.19,-0.98,-2.0336,55411.63,267786.603
688313.SH,仕佳光子,20260828,158.6,161.6,155.0,155.1,159.14,-4.04,-2.5386,165948.33,2627362.37
688314.SH,康拓医疗,20260828,32.18,32.79,31.77,31.93,32.08,-0.15,-0.4676,7864.24,25394.645
688315.SH,诺禾致源,20260828,15.81,16.13,15.39,15.53,16.04,-0.51,-3.1796,92818.56,145498.625
688316.SH,青云科技,20260828,47.8,48.56,47.01,47.03,47.68,-0.65,-1.3633,24954.86,119066.425
688317.SH,之江生物,20260828,17.19,17.62,17.02,17.2,17.31,-0.11,-0.6355,19512.8,33780.417
688318.SH,财富趋势,20260828,84.6,89.79,83.33,86.52,86.3,0.22,0.2549,140920.47,1231978.047
688319.SH,欧林生物,20260828,29.44,29.96,28.92,29.01,29.45,-0.44,-1.4941,45109.99,132342.896
688320.SH,禾川科技,20260828,35.85,36.49,33.45,33.45,35.9,-2.45,-6.8245,53380.48,185060.065
688321.SH,微芯生物,20260828,26.17,26.52,25.8,25.83,26.19,-0.36,-1.3746,81673.32,212850.723
688322.SH,奥比中光,20260828,97.3,98.98,95.06,95.26,97.28,-2.02,-2.0765,53613.93,520145.161
688323.SH,瑞华泰,20260828,27.59,28.28,26.65,26.7,27.59,-0.89,-3.2258,110369.77,301934.71
688325.SH,赛微微电,20260828,118.0,121.77,115.4,117.23,117.14,0.09,0.0768,19503.81,231325.986
688326.SH,经纬恒润,20260828,60.6,63.81,60.12,62.7,61.04,1.66,2.7195,16536.45,103679.931
688327.SH,云从科技,20260828,10.39,10.89,10.25,10.3,10.65,-0.35,-3.2864,374039.0,393083.367
688328.SH,深科达,20260828,86.5,88.27,82.01,82.4,88.28,-5.88,-6.6606,85545.62,725803.893
688329.SH,艾隆科技,20260828,21.56,22.45,21.46,22.03,21.56,0.47,2.18,13825.59,30427.466
688330.SH,宏力达,20260828,34.51,36.18,34.51,34.92,34.51,0.41,1.1881,15147.08,53243.41
688331.SH,荣昌生物,20260828,121.61,122.8,118.91,119.73,121.75,-2.02,-1.6591,54346.31,655131.596
688332.SH,中科蓝讯,20260828,91.86,97.77,90.8,95.07,92.41,2.66,2.8785,51351.31,490339.917
688333.SH,铂力特,20260828,103.37,108.65,101.78,102.7,103.7,-1.0,-0.9643,93170.5,976370.827
688334.SH,西高院,20260828,18.29,18.44,18.25,18.37,18.36,0.01,0.0545,14141.79,25929.509
688335.SH,复洁科技,20260828,20.22,20.43,19.8,19.84,20.25,-0.41,-2.0247,14351.23,28845.476
688336.SH,三生国健,20260828,43.0,43.7,42.5,42.57,43.61,-1.04,-2.3848,57934.38,248798.928
688337.SH,普源精电,20260828,43.5,44.75,42.62,42.64,43.53,-0.89,-2.0446,34046.8,148661.066
688338.SH,赛科希德,20260828,30.1,30.38,29.78,29.86,30.36,-0.5,-1.6469,9113.65,27373.209
688339.SH,亿华通,20260828,17.24,17.49,17.07,17.08,17.22,-0.14,-0.813,22636.63,39074.935
688343.SH,云天励飞,20260828,59.43,60.43,55.9,55.9,59.54,-3.64,-6.1135,101144.39,586634.001
688345.SH,博力威,20260828,52.68,53.69,52.05,52.12,52.95,-0.83,-1.5675,10014.91,52768.073
688347.SH,华虹宏力,20260828,251.88,258.43,248.01,248.01,252.72,-4.71,-1.8637,134591.25,3405557.797
688348.SH,昱能科技,20260828,31.66,32.68,31.6,32.43,31.88,0.55,1.7252,13548.99,43978.186
688349.SH,三一重能,20260828,13.73,13.79,13.61,13.78,13.97,-0.19,-1.3601,75608.11,103639.363
688350.SH,富淼科技,20260828,27.91,29.0,27.41,28.27,27.73,0.54,1.9473,26985.31,76319.809
688351.SH,微电生理,20260828,20.12,20.12,17.88,18.19,20.93,-2.74,-13.0913,198345.46,371752.491
688352.SH,颀中科技,20260828,18.45,18.88,18.02,18.08,18.46,-0.38,-2.0585,229764.13,423548.692
688353.SH,华盛锂电,20260828,90.27,93.44,90.1,91.55,90.25,1.3,1.4404,45541.84,418788.853
688355.SH,明志科技,20260828,17.74,17.93,17.52,17.76,17.63,0.13,0.7374,8266.88,14692.787
688356.SH,键凯科技,20260828,125.0,125.0,104.32,108.8,127.3,-18.5,-14.5326,125011.19,1402733.39
688357.SH,建龙微纳,20260828,26.6,26.87,26.2,26.57,26.33,0.24,0.9115,8679.43,23029.52
688358.SH,祥生医疗,20260828,28.38,28.65,28.0,28.32,28.41,-0.09,-0.3168,12295.92,34844.544
688359.SH,三孚新科,20260828,97.0,99.29,95.15,95.55,96.98,-1.43,-1.4745,31761.47,307750.121
688360.SH,德马科技,20260828,15.3,15.46,15.12,15.12,15.26,-0.14,-0.9174,23897.04,36458.638
688361.SH,中科飞测,20260828,369.95,377.75,361.13,362.66,373.71,-11.05,-2.9568,67934.65,2504213.699
688362.SH,甬矽电子,20260828,63.93,65.88,62.64,62.67,63.99,-1.32,-2.0628,188954.3,1212438.497
688363.SH,华熙生物,20260828,35.99,36.58,35.92,36.15,35.95,0.2,0.5563,22694.42,82167.156
688365.SH,光云科技,20260828,14.66,15.98,14.46,14.89,14.31,0.58,4.0531,317406.54,479686.398
688366.SH,昊海生科,20260828,30.17,30.5,30.17,30.32,30.22,0.1,0.3309,3783.16,11484.613
688367.SH,工大高科,20260828,29.93,30.63,29.6,29.6,30.15,-0.55,-1.8242,8510.14,25584.562
688368.SH,晶丰明源,20260828,144.53,150.62,137.99,141.5,140.28,1.22,0.8697,101245.02,1460764.442
688369.SH,致远互联,20260828,20.18,21.16,19.82,19.94,19.74,0.2,1.0132,68602.52,140652.29
688370.SH,丛麟科技,20260828,23.52,23.64,23.4,23.51,23.51,0.0,0.0,2578.99,6064.23
688371.SH,菲沃泰,20260828,28.99,31.85,28.82,30.45,29.17,1.28,4.3881,118964.75,364451.844
688372.SH,伟测科技,20260828,127.5,128.5,122.6,123.03,127.83,-4.8,-3.755,68828.67,861366.894
688373.SH,盟科药业,20260828,5.79,5.92,5.71,5.79,5.77,0.02,0.3466,236886.16,137740.106
688375.SH,国博电子,20260828,77.96,78.77,76.8,76.88,78.4,-1.52,-1.9388,18101.7,140308.462
688376.SH,美埃科技,20260828,69.88,71.28,68.18,68.32,70.68,-2.36,-3.339,13084.72,91099.707
688377.SH,迪威尔,20260828,19.26,19.7,18.82,18.87,19.15,-0.28,-1.4621,24096.96,46169.61
688378.SH,奥来德,20260828,42.82,43.97,42.66,42.82,43.15,-0.33,-0.7648,72246.64,312940.521
688379.SH,华光新材,20260828,59.0,60.35,56.5,56.67,60.4,-3.73,-6.1755,63701.06,372111.501
688380.SH,中微半导,20260828,41.45,41.98,40.87,40.89,41.96,-1.07,-2.55,100603.31,416454.344
688381.SH,帝奥微,20260828,34.49,36.9,34.0,35.18,34.51,0.67,1.9415,165941.17,592389.012
688382.SH,益方生物,20260828,20.46,20.55,19.81,20.09,20.46,-0.37,-1.8084,97738.0,196407.808
688383.SH,新益昌,20260828,131.1,131.6,127.2,128.0,129.59,-1.59,-1.2269,17612.87,227833.162
688385.SH,复旦微电,20260828,54.05,55.79,53.5,53.61,54.53,-0.92,-1.6871,124660.83,679875.641
688386.SH,泛亚微透,20260828,57.99,60.0,53.29,53.4,55.98,-2.58,-4.6088,73004.87,410396.307
688387.SH,信科移动,20260828,13.22,13.57,13.05,13.06,13.3,-0.24,-1.8045,334726.67,444769.539
688388.SH,嘉元科技,20260828,29.57,29.85,28.57,28.64,29.32,-0.68,-2.3192,282388.24,822878.464
688389.SH,普门科技,20260828,11.01,11.09,10.99,10.99,11.02,-0.03,-0.2722,17377.84,19186.915
688390.SH,固德威,20260828,67.0,69.9,67.0,67.19,64.08,3.11,4.8533,131009.02,894661.813
688391.SH,钜泉科技,20260828,25.77,26.54,25.62,26.23,25.77,0.46,1.785,13589.74,35597.111
688392.SH,骄成超声,20260828,191.19,192.99,185.66,187.3,192.6,-5.3,-2.7518,26685.09,503211.128
688393.SH,安必平,20260828,20.69,20.7,19.82,19.99,20.53,-0.54,-2.6303,26157.37,52567.543
688395.SH,正弦电气,20260828,22.99,23.49,22.9,23.16,22.98,0.18,0.7833,12444.83,28781.726
688396.SH,华润微,20260828,62.44,63.01,60.88,60.95,63.0,-2.05,-3.254,198658.31,1229050.961
688398.SH,赛特新材,20260828,20.51,20.9,20.18,20.25,20.35,-0.1,-0.4914,13323.17,27402.151
688399.SH,硕世生物,20260828,28.22,29.43,28.0,28.37,28.22,0.15,0.5315,15513.01,44531.4
688400.SH,凌云光,20260828,47.54,49.35,47.21,48.1,47.25,0.85,1.7989,135338.99,654823.471
688401.SH,路维光电,20260828,68.68,71.3,68.06,68.08,69.12,-1.04,-1.5046,51854.87,361769.395
688403.SH,汇成股份,20260828,23.7,25.8,23.63,24.46,23.78,0.68,2.8595,648101.98,1619953.778
688408.SH,中信博,20260828,24.91,26.7,24.55,26.5,24.78,1.72,6.9411,77783.44,202053.349
688409.SH,富创精密,20260828,213.83,220.0,206.4,206.55,215.0,-8.45,-3.9302,64776.79,1368162.878
688410.SH,山外山,20260828,11.55,11.98,10.77,11.07,10.84,0.23,2.1218,319719.09,363347.795
688411.SH,海博思创,20260828,193.0,196.0,190.03,190.05,194.06,-4.01,-2.0664,25986.14,501201.784
688416.SH,恒烁股份,20260828,79.0,80.32,75.27,75.35,80.0,-4.65,-5.8125,60119.31,466987.024
688418.SH,震有科技,20260828,32.4,32.94,31.85,31.85,32.4,-0.55,-1.6975,27779.73,89969.656
688419.SH,耐科装备,20260828,54.59,55.34,52.1,52.3,55.39,-3.09,-5.5786,51431.96,274872.139
688420.SH,美腾科技,20260828,22.28,22.64,22.06,22.49,22.16,0.33,1.4892,8010.62,17957.022
688425.SH,铁建重工,20260828,4.07,4.09,4.05,4.07,4.08,-0.01,-0.2451,140200.79,57067.62
688426.SH,康为世纪,20260828,21.0,21.2,20.71,20.77,21.11,-0.34,-1.6106,18341.83,38443.152
688428.SH,诺诚健华,20260828,28.9,30.0,28.6,29.04,28.88,0.16,0.554,102801.33,302798.369
688429.SH,时创能源,20260828,10.19,10.26,10.06,10.08,10.19,-0.11,-1.0795,11630.13,11817.172
688432.SH,有研硅,20260828,45.33,46.68,43.88,45.22,45.99,-0.77,-1.6743,645595.63,2934472.322
688433.SH,华曙高科,20260828,99.0,101.68,96.95,97.2,99.68,-2.48,-2.488,46655.55,463925.541
688435.SH,英方软件,20260828,30.3,31.31,29.56,29.59,29.46,0.13,0.4413,26554.69,80608.873
688439.SH,振华风光,20260828,38.4,39.17,38.4,38.65,38.59,0.06,0.1555,16000.48,62127.234
688443.SH,智翔金泰,20260828,25.72,26.5,24.13,24.22,24.8,-0.58,-2.3387,51951.84,129279.573
688448.SH,磁谷科技,20260828,66.5,66.98,63.02,63.83,66.77,-2.94,-4.4032,21335.02,137857.334
688449.SH,联芸科技,20260828,68.43,68.76,64.82,64.84,68.58,-3.74,-5.4535,100406.59,668223.597
688450.SH,光格科技,20260828,33.99,34.62,32.6,32.9,35.1,-2.2,-6.2678,25714.4,86174.414
688455.SH,科捷智能,20260828,16.31,16.91,16.1,16.21,16.64,-0.43,-2.5841,41474.99,68411.349
688456.SH,有研粉材,20260828,84.0,86.19,81.81,82.06,83.13,-1.07,-1.2871,71557.39,599950.806
688458.SH,美芯晟,20260828,33.65,35.02,33.41,34.27,33.78,0.49,1.4506,16867.09,58127.787
688459.SH,哈铁科技,20260828,8.06,8.06,8.0,8.04,8.04,0.0,0.0,6846.7,5496.267
688466.SH,金科环境,20260828,14.16,14.31,14.02,14.2,14.19,0.01,0.0705,7754.44,10979.19
688468.SH,科美诊断,20260828,6.39,6.42,6.32,6.38,6.42,-0.04,-0.6231,27796.35,17707.012
688469.SH,芯联集成,20260828,8.69,8.8,8.57,8.58,8.73,-0.15,-1.7182,827844.86,717288.469
688472.SH,阿特斯,20260828,9.6,9.81,9.51,9.73,9.99,-0.26,-2.6026,652055.95,628852.841
688475.SH,萤石网络,20260828,28.8,29.42,28.7,28.75,28.84,-0.09,-0.3121,31911.54,92588.385
688478.SH,晶升股份,20260828,49.41,51.2,47.65,47.7,50.41,-2.71,-5.3759,47665.13,235052.137
688479.SH,友车科技,20260828,32.72,33.39,31.18,31.19,32.6,-1.41,-4.3252,19939.38,63750.363
688480.SH,赛恩斯,20260828,75.95,76.28,73.89,73.9,75.2,-1.3,-1.7287,6759.69,50532.973
688484.SH,南芯科技,20260828,37.62,37.8,36.12,36.45,37.62,-1.17,-3.11,80157.89,295542.869
688485.SH,九州一轨,20260828,88.87,89.65,82.91,83.0,89.76,-6.76,-7.5312,76004.01,650555.56
688486.SH,龙迅股份,20260828,42.81,43.8,41.56,41.63,43.04,-1.41,-3.276,40606.68,173056.282
688488.SH,艾迪药业,20260828,16.0,16.55,15.96,16.12,16.12,0.0,0.0,60469.81,98619.599
688489.SH,三未信安,20260828,25.38,26.07,25.0,25.04,24.58,0.46,1.8714,26329.68,67278.813
688496.SH,*ST清越,20260828,0.93,0.94,0.9,0.91,0.93,-0.02,-2.1505,78813.99,7191.588
688498.SH,源杰科技,20260828,1611.0,1635.99,1535.0,1538.35,1630.99,-92.64,-5.68,36377.07,5742181.907
688499.SH,利元亨,20260828,35.01,36.15,34.93,34.96,35.34,-0.38,-1.0753,33867.41,120365.08
688500.SH,慧辰股份,20260828,34.82,36.09,34.6,34.6,34.6,0.0,0.0,19770.7,70020.765
688501.SH,青达环保,20260828,14.43,14.58,13.85,13.88,14.36,-0.48,-3.3426,32961.42,46596.469
688502.SH,茂莱光学,20260828,450.0,457.0,439.02,441.01,453.84,-12.83,-2.827,15372.33,686552.438
688503.SH,聚和材料,20260828,81.99,86.0,77.2,77.85,87.0,-9.15,-10.5172,321954.17,2620938.914
688505.SH,复旦张江,20260828,8.33,8.34,8.16,8.19,8.34,-0.15,-1.7986,69225.57,56904.113
688506.SH,百利天恒,20260828,272.0,275.89,268.2,270.83,271.99,-1.16,-0.4265,13166.83,357726.863
688507.SH,索辰科技,20260828,159.0,160.55,151.06,151.49,153.8,-2.31,-1.502,53161.01,832251.579
688508.SH,芯朋微,20260828,90.7,90.7,86.26,86.38,90.79,-4.41,-4.8574,57968.48,510883.954
688509.SH,正元地信,20260828,4.27,4.3,4.25,4.29,4.27,0.02,0.4684,42729.81,18279.17
688510.SH,航亚科技,20260828,24.6,24.99,24.41,24.45,24.72,-0.27,-1.0922,19420.69,47878.359
688511.SH,天微电子,20260828,23.18,23.23,22.4,22.41,22.71,-0.3,-1.321,18119.68,41052.442
688512.SH,慧智微,20260828,14.35,14.82,14.07,14.12,14.41,-0.29,-2.0125,107109.22,154083.018
688513.SH,苑东生物,20260828,44.13,44.47,43.41,43.58,44.3,-0.72,-1.6253,18062.4,79157.63
688515.SH,裕太微,20260828,156.0,159.89,151.35,151.48,157.65,-6.17,-3.9137,29941.35,466104.869
688516.SH,奥特维,20260828,45.36,47.8,45.21,45.8,45.55,0.25,0.5488,105960.8,494960.466
688517.SH,金冠电气,20260828,15.45,15.76,15.42,15.68,15.46,0.22,1.423,20222.98,31481.836
688518.SH,联赢激光,20260828,20.69,21.99,20.63,21.17,20.81,0.36,1.7299,170560.48,367057.342
688519.SH,南亚新材,20260828,294.18,310.55,291.86,292.3,294.2,-1.9,-0.6458,66766.33,2011049.673
688520.SH,神州细胞,20260828,36.7,37.02,36.31,36.43,36.88,-0.45,-1.2202,22127.57,81046.112
688521.SH,芯原股份,20260828,193.17,196.85,186.25,186.9,193.7,-6.8,-3.5106,182185.38,3487900.739
688522.SH,纳睿雷达,20260828,18.3,18.87,18.3,18.6,18.43,0.17,0.9224,32683.73,60999.985
688523.SH,航天环宇,20260828,41.68,42.78,40.67,40.7,41.74,-1.04,-2.4916,32539.74,135036.704
688525.SH,佰维存储,20260828,235.0,238.43,230.63,230.93,238.44,-7.51,-3.1496,190755.39,4474855.964
688526.SH,科前生物,20260828,12.61,12.65,12.52,12.62,12.62,0.0,0.0,13775.69,17348.586
688528.SH,秦川物联,20260828,10.08,10.38,9.99,10.04,10.16,-0.12,-1.1811,16383.89,16559.689
688529.SH,豪森智能,20260828,15.11,15.98,15.11,15.37,15.35,0.02,0.1303,18645.65,29027.442
688530.SH,欧莱新材,20260828,64.48,65.21,61.11,61.18,64.95,-3.77,-5.8045,94321.68,594892.908
688531.SH,日联科技,20260828,137.01,140.8,134.8,135.2,138.05,-2.85,-2.0645,27005.2,372132.436
688533.SH,上声电子,20260828,20.71,20.98,20.32,20.98,20.94,0.04,0.191,14325.15,29511.872
688535.SH,华海诚科,20260828,104.59,107.0,102.02,102.4,105.56,-3.16,-2.9936,52252.39,546238.753
688536.SH,思瑞浦,20260828,314.5,318.28,307.77,308.8,315.99,-7.19,-2.2754,32652.68,1020122.283
688538.SH,和辉光电,20260828,2.3,2.31,2.29,2.29,2.3,-0.01,-0.4348,393655.49,90432.99
688539.SH,高华科技,20260828,24.31,25.12,24.23,24.25,24.43,-0.18,-0.7368,25207.9,61995.75
688543.SH,国科军工,20260828,38.97,39.77,38.8,39.22,38.98,0.24,0.6157,39027.6,153620.977
688545.SH,兴福电子,20260828,80.0,81.2,77.0,77.14,80.36,-3.22,-4.007,93799.52,738851.587
688548.SH,广钢气体,20260828,36.22,36.57,34.06,34.33,36.07,-1.74,-4.824,282355.23,988861.1
688549.SH,中巨芯,20260828,25.6,26.37,24.5,24.54,25.62,-1.08,-4.2155,716914.2,1816976.117
688550.SH,瑞联新材,20260828,39.6,40.17,39.0,39.58,39.62,-0.04,-0.101,37036.03,146806.498
688551.SH,科威尔,20260828,40.02,43.44,39.5,42.44,40.15,2.29,5.7036,55988.59,235600.936
688552.SH,航天南湖,20260828,27.83,29.25,27.8,28.81,28.07,0.74,2.6363,52907.24,152555.087
688553.SH,汇宇制药,20260828,11.84,12.04,11.68,11.71,11.89,-0.18,-1.5139,100987.39,119402.875
688556.SH,高测股份,20260828,7.91,8.18,7.83,7.9,8.24,-0.34,-4.1262,264879.38,212390.326
688557.SH,兰剑智能,20260828,20.34,20.98,20.2,20.59,20.42,0.17,0.8325,13389.38,27714.804
688558.SH,国盛智科,20260828,33.0,33.0,31.54,31.79,32.39,-0.6,-1.8524,18185.86,58538.734
688559.SH,海目星,20260828,57.0,61.5,56.52,57.91,56.37,1.54,2.7319,184571.46,1098654.677
688560.SH,明冠新材,20260828,12.4,12.65,12.23,12.47,12.3,0.17,1.3821,31945.31,40086.519
688561.SH,奇安信,20260828,27.0,29.29,26.78,27.13,25.28,1.85,7.318,230142.09,643033.772
688562.SH,航天软件,20260828,14.08,14.42,14.06,14.18,14.21,-0.03,-0.2111,28171.93,40219.154
688563.SH,航材股份,20260828,50.1,50.51,49.82,49.9,49.98,-0.08,-0.1601,10389.87,52169.486
688565.SH,力源科技,20260828,11.24,11.33,11.18,11.22,11.27,-0.05,-0.4437,13477.91,15146.38
688566.SH,吉贝尔,20260828,25.23,25.65,25.08,25.46,25.43,0.03,0.118,20091.85,51028.18
688567.SH,孚能科技,20260828,9.69,10.1,9.69,10.04,9.72,0.32,3.2922,130470.78,130232.984
688568.SH,中科星图,20260828,31.8,32.68,31.31,31.88,31.6,0.28,0.8861,69153.18,222372.924
688569.SH,铁科轨道,20260828,18.3,18.7,18.28,18.59,18.29,0.3,1.6402,14676.77,27115.361
688570.SH,天玛智控,20260828,15.28,15.41,15.28,15.36,15.32,0.04,0.2611,5055.16,7769.3
688571.SH,杭华股份,20260828,8.82,8.92,8.67,8.67,8.8,-0.13,-1.4773,49503.42,43371.128
688573.SH,信宇人,20260828,16.22,16.44,16.14,16.15,16.13,0.02,0.124,12545.58,20418.068
688575.SH,亚辉龙,20260828,11.11,11.13,10.39,10.39,10.76,-0.37,-3.4387,347676.32,369753.784
688576.SH,西山科技,20260828,41.59,42.18,41.58,41.83,41.41,0.42,1.0142,2986.65,12505.325
688577.SH,浙海德曼,20260828,45.0,45.0,42.82,42.86,43.88,-1.02,-2.3245,16952.08,73754.735
688578.SH,艾力斯,20260828,114.15,114.77,113.01,113.7,115.05,-1.35,-1.1734,29511.06,335863.588
688579.SH,地纬智能,20260828,8.0,8.08,7.88,7.92,7.89,0.03,0.3802,32842.07,26228.91
688580.SH,伟思医疗,20260828,47.4,47.47,46.0,46.08,47.25,-1.17,-2.4762,12769.33,59526.138
688581.SH,安杰思,20260828,52.11,52.74,52.08,52.61,52.38,0.23,0.4391,3555.8,18638.23
688582.SH,芯动联科,20260828,42.15,43.26,42.08,42.17,42.4,-0.23,-0.5425,37764.34,160994.49
688583.SH,思看科技,20260828,83.1,92.68,82.01,89.4,83.15,6.25,7.5165,43034.51,384394.817
688584.SH,上海合晶,20260828,29.8,29.97,28.8,28.85,29.83,-0.98,-3.2853,103568.22,303653.238
688585.SH,上纬新材,20260828,157.0,162.0,152.77,157.95,159.88,-1.93,-1.2072,47900.89,755385.571
688586.SH,江航装备,20260828,11.67,11.94,11.46,11.51,11.45,0.06,0.524,74798.13,87050.202
688588.SH,凌志软件,20260828,9.7,10.02,9.7,9.77,9.69,0.08,0.8256,40247.71,39737.997
688589.SH,力合微,20260828,19.41,19.74,19.3,19.37,19.51,-0.14,-0.7176,29216.43,56995.174
688590.SH,新致软件,20260828,12.88,12.88,12.04,12.1,12.8,-0.7,-5.4688,134657.09,166062.37
688591.SH,泰凌微,20260828,29.35,29.97,29.11,29.15,29.45,-0.3,-1.0187,47049.84,138847.544
688592.SH,司南导航,20260828,24.57,24.83,24.22,24.39,24.81,-0.42,-1.6929,7909.09,19361.661
688593.SH,新相微,20260828,31.14,32.46,29.99,30.4,31.23,-0.83,-2.6577,165391.89,514687.956
688595.SH,芯海科技,20260828,29.0,30.84,28.8,28.81,28.67,0.14,0.4883,47560.0,140240.464
688596.SH,正帆科技,20260828,71.0,74.68,67.0,67.4,72.4,-5.0,-6.9061,230550.6,1629169.101
688597.SH,煜邦电力,20260828,6.55,6.64,6.38,6.51,6.6,-0.09,-1.3636,72582.86,47554.876
688598.SH,金博股份,20260828,37.28,37.85,35.51,35.6,37.6,-2.0,-5.3191,175253.06,639671.735
688599.SH,天合光能,20260828,12.5,12.7,12.45,12.62,12.54,0.08,0.638,202851.56,255774.546
688600.SH,皖仪科技,20260828,28.09,29.58,27.68,28.8,28.2,0.6,2.1277,44933.25,129737.875
688601.SH,力芯微,20260828,54.0,56.4,53.4,54.7,54.21,0.49,0.9039,60276.54,334460.078
688602.SH,康鹏科技,20260828,6.81,6.87,6.75,6.76,6.77,-0.01,-0.1477,34323.03,23327.977
688603.SH,天承科技,20260828,114.43,120.02,112.53,113.2,115.58,-2.38,-2.0592,59200.98,689596.481
688605.SH,先锋精科,20260828,72.72,74.28,71.45,71.52,72.65,-1.13,-1.5554,32909.79,239173.442
688606.SH,奥泰生物,20260828,48.0,48.31,47.08,47.69,47.47,0.22,0.4635,3098.08,14765.461
688607.SH,康众医疗,20260828,41.41,42.97,41.1,41.3,40.91,0.39,0.9533,17890.45,75154.8
688608.SH,恒玄科技,20260828,105.31,106.16,103.51,103.51,105.31,-1.8,-1.7092,23101.0,241873.968
688609.SH,九联科技,20260828,9.22,9.52,9.22,9.34,9.26,0.08,0.8639,195955.06,184354.584
688610.SH,埃科光电,20260828,172.94,172.94,164.55,165.72,173.4,-7.68,-4.4291,13604.08,228121.551
688611.SH,杭州柯林,20260828,61.43,62.77,60.51,61.05,61.77,-0.72,-1.1656,6343.47,39132.004
688612.SH,威迈斯,20260828,34.75,35.49,33.78,34.0,34.66,-0.66,-1.9042,24904.39,85799.122
688613.SH,奥精医疗,20260828,15.8,15.9,15.55,15.66,15.67,-0.01,-0.0638,16317.17,25710.722
688615.SH,合合信息,20260828,98.0,99.35,94.6,96.0,94.6,1.4,1.4799,72309.23,699386.462
688616.SH,西力科技,20260828,10.95,11.1,10.83,11.05,10.93,0.12,1.0979,16912.68,18630.816
688617.SH,惠泰医疗,20260828,250.0,251.86,246.51,248.15,250.59,-2.44,-0.9737,8094.7,200780.665
688618.SH,三旺通信,20260828,30.59,31.55,30.0,30.0,31.35,-1.35,-4.3062,22882.96,70068.599
688619.SH,罗普特,20260828,13.88,14.4,13.65,14.13,13.83,0.3,2.1692,36779.96,51568.997
688620.SH,安凯微,20260828,16.13,16.5,15.58,15.66,15.97,-0.31,-1.9411,184232.75,294358.43
688621.SH,阳光诺和,20260828,65.58,65.58,63.01,63.1,65.5,-2.4,-3.6641,36543.91,233887.813
688622.SH,*ST禾信,20260828,96.5,98.1,91.99,92.88,96.5,-3.62,-3.7513,6264.63,59277.815
688623.SH,双元科技,20260828,57.8,58.3,57.45,57.68,58.18,-0.5,-0.8594,3723.54,21523.548
688625.SH,呈和科技,20260828,54.77,56.16,54.04,55.6,54.8,0.8,1.4599,46539.27,257025.349
688626.SH,翔宇医疗,20260828,43.13,43.33,42.5,42.66,43.13,-0.47,-1.0897,11040.96,47306.862
688627.SH,精智达,20260828,508.0,526.68,491.87,491.95,513.5,-21.55,-4.1967,46618.03,2372863.707
688628.SH,优利德,20260828,80.4,81.73,77.62,77.87,80.62,-2.75,-3.4111,41913.59,332836.881
688629.SH,华丰科技,20260828,137.99,141.35,130.2,130.88,138.25,-7.37,-5.3309,188537.24,2543917.563
688630.SH,芯碁微装,20260828,434.86,442.5,417.15,418.8,438.6,-19.8,-4.5144,44040.49,1888814.07
688631.SH,莱斯信息,20260828,39.7,40.64,39.32,39.9,39.63,0.27,0.6813,11268.04,45198.024
688633.SH,星球石墨,20260828,24.05,25.41,23.92,24.86,23.89,0.97,4.0603,52158.0,128581.172
688635.SH,长进光子,20260828,312.32,317.0,293.61,293.88,313.56,-19.68,-6.2763,22282.11,680698.027
688636.SH,智明达,20260828,20.4,20.85,20.21,20.25,20.32,-0.07,-0.3445,55901.03,114346.808
688638.SH,誉辰智能,20260828,33.22,35.3,33.22,33.69,33.56,0.13,0.3874,3425.83,11591.55
688639.SH,华恒生物,20260828,16.59,17.03,16.48,16.96,16.59,0.37,2.2303,44829.72,75430.265
688646.SH,逸飞激光,20260828,74.28,76.05,71.59,72.07,74.66,-2.59,-3.4691,19925.36,146605.706
688648.SH,中邮科技,20260828,32.2,33.96,32.2,32.96,32.55,0.41,1.2596,22017.18,72574.307
688651.SH,盛邦安全,20260828,23.59,24.4,23.02,23.19,22.67,0.52,2.2938,27851.58,65817.655
688652.SH,京仪装备,20260828,153.32,155.47,149.51,149.51,154.91,-5.4,-3.4859,30999.34,471448.969
688653.SH,康希通信,20260828,13.9,14.63,13.86,14.1,13.99,0.11,0.7863,151663.28,216379.766
688655.SH,迅捷兴,20260828,44.96,45.6,42.1,42.55,45.42,-2.87,-6.3188,104951.22,463684.881
688656.SH,浩欧博,20260828,93.75,95.5,92.53,93.69,94.0,-0.31,-0.3298,5221.65,49129.223
688657.SH,浩辰软件,20260828,32.28,33.05,32.11,32.2,31.97,0.23,0.7194,11595.83,37782.838
688658.SH,悦康药业,20260828,14.99,15.17,14.27,14.27,15.3,-1.03,-6.732,244842.33,358808.58
688659.SH,元琛科技,20260828,10.49,10.58,10.2,10.48,10.59,-0.11,-1.0387,36376.95,37844.402
688660.SH,电气风电,20260828,7.5,7.83,7.45,7.68,7.52,0.16,2.1277,184526.99,141634.723
688661.SH,和林微纳,20260828,109.71,112.0,104.72,106.6,110.35,-3.75,-3.3983,51759.06,559441.772
688662.SH,富信科技,20260828,90.9,96.16,89.77,90.17,91.66,-1.49,-1.6256,125520.24,1166980.833
688663.SH,新风光,20260828,53.98,55.49,53.01,54.15,53.98,0.17,0.3149,35216.63,191034.466
688665.SH,四方光电,20260828,44.73,45.68,44.14,44.82,44.94,-0.12,-0.267,5444.19,24568.495
688667.SH,菱电电控,20260828,89.0,91.48,88.09,88.3,89.68,-1.38,-1.5388,4669.57,41911.27
688668.SH,鼎通科技,20260828,263.62,270.77,258.65,258.65,269.0,-10.35,-3.8476,43636.87,1153501.418
688669.SH,聚石化学,20260828,75.98,78.0,74.8,74.8,75.96,-1.16,-1.5271,27130.3,207184.388
688670.SH,金迪克,20260828,16.67,16.95,16.17,16.28,16.62,-0.34,-2.0457,20259.09,33548.521
688671.SH,碧兴物联,20260828,24.88,25.56,24.5,24.77,24.88,-0.11,-0.4421,7759.34,19426.851
688676.SH,金盘科技,20260828,66.11,68.0,65.33,66.11,66.77,-0.66,-0.9885,184595.48,1228739.77
688677.SH,海泰新光,20260828,89.01,96.02,87.16,90.62,89.2,1.42,1.5919,108326.12,1001055.923
688678.SH,福立旺,20260828,20.21,20.5,19.61,19.82,20.45,-0.63,-3.0807,161154.43,322656.763
688679.SH,通源环境,20260828,40.18,40.85,38.11,38.69,39.6,-0.91,-2.298,36820.73,144515.788
688680.SH,海优新材,20260828,35.01,36.96,34.71,35.4,33.35,2.05,6.1469,36147.15,129604.932
688681.SH,科汇股份,20260828,16.91,17.1,16.83,16.92,16.95,-0.03,-0.177,11468.86,19458.285
688682.SH,霍莱沃,20260828,31.5,32.21,30.91,30.92,31.36,-0.44,-1.4031,14801.7,46475.306
688683.SH,莱尔科技,20260828,30.04,30.87,29.52,29.85,30.05,-0.2,-0.6656,12163.86,36566.309
688685.SH,迈信林,20260828,39.6,41.15,39.21,39.3,39.5,-0.2,-0.5063,32288.49,129356.256
688686.SH,奥普特,20260828,135.02,146.0,135.02,136.0,137.05,-1.05,-0.7661,21660.4,301602.528
688687.SH,凯因科技,20260828,18.22,18.6,18.17,18.27,18.36,-0.09,-0.4902,24774.56,45524.203
688689.SH,银河微电,20260828,40.65,41.82,39.81,39.9,40.65,-0.75,-1.845,53278.8,217411.201
688690.SH,纳微科技,20260828,39.17,40.29,38.64,38.72,39.27,-0.55,-1.4006,89328.8,351322.085
688691.SH,灿芯股份,20260828,66.14,67.5,64.41,64.51,66.88,-2.37,-3.5437,37741.26,248977.746
688692.SH,达梦数据,20260828,217.2,222.96,215.31,215.53,215.35,0.18,0.0836,12427.15,271549.472
688693.SH,锴威特,20260828,76.89,77.98,74.0,74.01,77.04,-3.03,-3.933,16734.33,126908.47
688695.SH,中创股份,20260828,19.42,19.76,19.16,19.39,19.3,0.09,0.4663,12515.1,24366.46
688696.SH,极米科技,20260828,69.3,70.6,69.0,69.31,69.7,-0.39,-0.5595,4258.81,29802.686
688697.SH,纽威数控,20260828,15.6,16.24,14.8,14.91,15.49,-0.58,-3.7444,222086.53,342605.527
688698.SH,伟创电气,20260828,43.06,44.57,42.88,42.97,43.26,-0.29,-0.6704,27004.58,117733.011
688699.SH,明微电子,20260828,60.45,64.28,60.45,61.25,60.88,0.37,0.6078,48346.96,302286.672
688700.SH,东威科技,20260828,60.76,61.49,59.09,59.19,60.76,-1.57,-2.5839,90806.82,546533.873
688701.SH,卓锦股份,20260828,9.57,9.57,9.08,9.28,9.25,0.03,0.3243,31010.94,28710.33
688702.SH,盛科通信,20260828,373.0,392.0,363.01,365.1,380.4,-15.3,-4.0221,58344.82,2202674.447
688707.SH,振华新材,20260828,10.52,10.74,10.45,10.67,10.48,0.19,1.813,68600.1,72979.452
688708.SH,佳驰科技,20260828,39.85,41.5,39.85,40.74,40.11,0.63,1.5707,18297.95,75060.0
688709.SH,成都华微,20260828,25.95,26.46,25.68,25.8,25.95,-0.15,-0.578,36107.4,93897.266
688710.SH,益诺思,20260828,88.56,89.9,86.6,86.97,90.17,-3.2,-3.5489,22207.82,195256.896
688711.SH,宏微科技,20260828,26.01,26.63,25.91,25.99,26.25,-0.26,-0.9905,55223.25,144738.084
688712.SH,北芯生命,20260828,33.36,33.57,32.85,32.96,33.53,-0.57,-1.7,17737.37,58765.835
688716.SH,中研股份,20260828,27.75,29.68,27.54,28.64,27.64,1.0,3.6179,51404.74,148157.495
688717.SH,艾罗能源,20260828,48.84,50.2,48.5,49.31,48.84,0.47,0.9623,74102.27,367359.204
688718.SH,唯赛勃,20260828,14.36,14.59,14.09,14.38,13.95,0.43,3.0824,19066.96,27270.256
688719.SH,爱科赛博,20260828,51.5,56.66,50.34,50.5,51.28,-0.78,-1.5211,55625.2,292388.896
688720.SH,艾森股份,20260828,65.9,67.15,63.3,63.33,66.24,-2.91,-4.3931,37562.68,244906.903
688721.SH,龙图光罩,20260828,41.8,43.65,40.95,41.05,42.29,-1.24,-2.9321,32626.76,136539.331
688722.SH,同益中,20260828,13.83,14.04,13.72,13.88,13.81,0.07,0.5069,24377.06,33897.029
688726.SH,拉普拉斯,20260828,47.01,48.04,45.95,45.96,46.97,-1.01,-2.1503,58406.66,274605.511
688727.SH,恒坤新材,20260828,51.27,52.0,48.9,48.91,51.32,-2.41,-4.696,45165.16,227751.582
688728.SH,格科微,20260828,15.28,15.46,14.86,14.93,15.66,-0.73,-4.6616,347482.26,524304.01
688729.SH,屹唐股份,20260828,24.58,25.49,23.98,23.98,24.73,-0.75,-3.0328,293375.4,722000.392
688733.SH,壹石通,20260828,31.69,32.24,30.52,30.57,31.61,-1.04,-3.2901,68415.89,214709.445
688737.SH,中自科技,20260828,18.07,18.26,17.83,17.91,18.05,-0.14,-0.7756,8482.15,15327.19
688739.SH,成大生物,20260828,21.16,21.27,21.06,21.08,21.27,-0.19,-0.8933,13844.48,29321.296
688750.SH,金天钛业,20260828,14.18,14.32,14.11,14.24,14.18,0.06,0.4231,24804.67,35347.549
688755.SH,汉邦科技,20260828,27.19,27.89,27.0,27.36,27.19,0.17,0.6252,12196.99,33663.163
688757.SH,胜科纳米,20260828,31.95,32.51,30.81,30.89,31.93,-1.04,-3.2571,72320.38,229147.145
688758.SH,赛分科技,20260828,26.96,28.33,26.63,27.08,26.55,0.53,1.9962,123359.0,336731.152
688759.SH,必贝特,20260828,25.8,25.93,24.6,24.66,25.73,-1.07,-4.1586,29685.29,74901.823
688765.SH,禾元生物,20260828,38.92,39.96,38.29,38.5,39.0,-0.5,-1.2821,46000.79,179329.623
688766.SH,普冉股份,20260828,415.44,422.3,400.88,401.18,429.89,-28.71,-6.6785,117031.05,4811645.487
688767.SH,博拓生物,20260828,37.1,37.53,36.0,37.0,36.7,0.3,0.8174,19293.47,71021.993
688768.SH,容知日新,20260828,40.73,41.84,40.57,41.06,40.77,0.29,0.7113,5871.05,24274.45
688772.SH,珠海冠宇,20260828,15.5,15.98,15.28,15.63,15.03,0.6,3.992,419135.27,657545.594
688775.SH,影石创新,20260828,116.04,124.69,116.04,119.3,120.71,-1.41,-1.1681,46587.46,563205.301
688776.SH,国光电气,20260828,47.26,48.88,47.08,48.08,47.16,0.92,1.9508,13684.85,65912.485
688777.SH,中控技术,20260828,93.0,97.19,91.61,92.14,91.7,0.44,0.4798,207884.47,1956192.443
688778.SH,厦钨新能,20260828,47.07,48.67,46.77,47.55,47.02,0.53,1.1272,64860.44,309548.164
688779.SH,五矿新能,20260828,8.12,8.21,8.06,8.07,8.16,-0.09,-1.1029,162940.59,132398.059
688781.SH,视涯科技,20260828,38.31,39.15,38.18,38.64,38.66,-0.02,-0.0517,13815.73,53319.953
688783.SH,西安奕材,20260828,31.72,32.28,30.62,30.67,32.0,-1.33,-4.1563,250747.2,785090.194
688785.SH,恒运昌,20260828,277.89,277.89,262.5,263.0,275.11,-12.11,-4.4019,5023.2,135225.801
688786.SH,悦安新材,20260828,27.33,29.08,27.06,27.51,27.32,0.19,0.6955,60714.54,170779.126
688787.SH,海天瑞声,20260828,95.6,99.29,93.74,94.02,94.88,-0.86,-0.9064,28894.15,277329.41
688788.SH,科思科技,20260828,29.77,30.83,29.29,29.85,29.89,-0.04,-0.1338,26660.21,80833.948
688789.SH,宏华数科,20260828,46.32,47.33,46.17,46.28,46.68,-0.4,-0.8569,10747.5,50160.464
688790.SH,昂瑞微,20260828,110.0,124.02,110.0,112.82,114.1,-1.28,-1.1218,23433.14,274581.338
688793.SH,倍轻松,20260828,19.69,20.05,19.4,19.55,19.91,-0.36,-1.8081,17599.27,34576.703
688795.SH,摩尔线程,20260828,542.9,550.77,533.38,533.88,544.02,-10.14,-1.8639,9644.49,522546.788
688796.SH,百奥赛图,20260828,121.06,121.06,116.23,116.91,121.7,-4.79,-3.9359,27316.34,323536.534
688797.SH,臻宝科技,20260828,319.99,326.0,304.4,304.6,326.07,-21.47,-6.5845,39325.96,1231081.418
688798.SH,艾为电子,20260828,61.0,64.88,60.0,62.51,61.93,0.58,0.9365,76844.38,483701.476
688799.SH,华纳药厂,20260828,45.8,45.8,44.36,44.36,45.27,-0.91,-2.0102,16362.98,73654.456
688800.SH,瑞可达,20260828,68.17,69.29,64.67,64.78,68.45,-3.67,-5.3616,114867.72,766854.6
688802.SH,沐曦股份,20260828,689.92,703.5,672.3,674.9,690.8,-15.9,-2.3017,9391.96,645282.889
688805.SH,健信超导,20260828,42.3,43.1,41.52,41.53,42.58,-1.05,-2.4659,19233.11,81056.981
688806.SH,泰诺麦博,20260828,25.13,25.23,24.13,24.15,25.15,-1.0,-3.9761,44756.78,109486.075
688807.SH,优迅股份,20260828,345.0,353.0,330.5,330.56,354.39,-23.83,-6.7242,27038.14,921976.248
688808.SH,联讯仪器,20260828,2299.98,2365.96,2200.5,2279.02,2319.0,-39.98,-1.724,9596.21,2191826.119
688809.SH,强一股份,20260828,455.54,473.69,454.14,454.14,459.02,-4.88,-1.0631,13494.03,625802.961
688811.SH,有研复材,20260828,21.83,22.54,21.61,21.65,21.86,-0.21,-0.9607,52560.41,115944.287
688813.SH,泰金新能,20260828,119.0,123.08,114.5,114.5,119.96,-5.46,-4.5515,36356.13,430425.837
688816.SH,易思维,20260828,48.95,49.12,48.41,48.68,48.68,0.0,0.0,3092.28,15098.609
688818.SH,电科蓝天,20260828,46.08,46.46,44.91,45.02,46.07,-1.05,-2.2791,54329.2,248221.366
688819.SH,天能股份,20260828,22.08,22.15,21.86,21.89,22.09,-0.2,-0.9054,21421.31,47003.906
688820.SH,盛合晶微,20260828,126.93,134.48,126.1,127.55,127.7,-0.15,-0.1175,144300.4,1885100.905
688825.SH,长鑫科技,20260828,58.5,59.8,58.09,58.6,59.12,-0.52,-0.8796,2262167.08,13290594.174
688826.SH,频准激光,20260828,1000.1,1017.1,900.0,900.89,1016.21,-115.32,-11.348,19129.46,1810602.209
688828.SH,国仪公司,20260828,113.03,113.25,103.49,105.03,115.38,-10.35,-8.9704,77401.63,831503.464
688835.SH,C高凯,20260828,291.0,297.37,268.0,269.01,300.0,-30.99,-10.33,47124.37,1338444.152
688836.SH,宇树科技,20260828,605.0,605.0,584.88,585.0,615.03,-30.03,-4.8827,56747.97,3362608.198
688981.SH,中芯国际,20260828,126.33,128.47,125.5,125.88,126.33,-0.45,-0.3562,296693.37,3765222.746
689009.SH,九号公司,20260828,43.68,43.85,42.3,42.38,43.95,-1.57,-3.5722,99560.5,426177.266
920000.BJ,安徽凤凰,20260828,13.59,13.87,13.44,13.81,13.41,0.4,2.9828,8132.87,11148.10486
920001.BJ,纬达光电,20260828,11.0,11.26,10.91,11.1,11.04,0.06,0.5435,14542.51,16165.89353
920002.BJ,万达轴承,20260828,51.97,52.61,51.04,51.3,52.02,-0.72,-1.3841,6735.31,34789.01686
920003.BJ,中诚咨询,20260828,15.26,15.5,15.22,15.43,15.32,0.11,0.718,4842.59,7439.77674
920005.BJ,鼎佳精密,20260828,23.24,24.5,23.24,23.75,23.2,0.55,2.3707,4569.14,10949.4307
920006.BJ,晟楠科技,20260828,15.28,15.95,15.23,15.71,15.4,0.31,2.013,11331.25,17683.76602
920007.BJ,酉立智能,20260828,32.97,33.9,32.97,33.36,33.14,0.22,0.6639,1982.78,6615.85767
920008.BJ,成电光信,20260828,19.36,19.56,19.17,19.43,19.45,-0.02,-0.1028,6917.18,13370.48634
920009.BJ,丹娜生物,20260828,35.68,35.88,35.51,35.88,35.89,-0.01,-0.0279,2264.83,8079.68358
920010.BJ,凯添燃气,20260828,8.58,8.76,8.47,8.73,8.48,0.25,2.9481,60102.31,51837.31259
920011.BJ,晨光电机,20260828,17.89,18.04,17.86,17.96,17.95,0.01,0.0557,6316.28,11337.02094
920012.BJ,创达新材,20260828,54.0,55.6,52.75,52.76,54.58,-1.82,-3.3346,11035.81,59683.13261
920014.BJ,特瑞斯,20260828,8.55,8.68,8.49,8.64,8.53,0.11,1.2896,13592.49,11671.49091
920015.BJ,锦华新材,20260828,40.5,41.22,39.43,39.48,40.26,-0.78,-1.9374,13918.98,55859.77074
920016.BJ,中草香料,20260828,12.98,13.64,12.84,13.44,12.86,0.58,4.5101,18709.62,24867.68612
920017.BJ,星昊医药,20260828,16.75,16.82,16.51,16.62,16.73,-0.11,-0.6575,14112.25,23435.86899
920018.BJ,宏远股份,20260828,15.11,15.38,15.06,15.28,15.23,0.05,0.3283,10707.84,16307.11282
920019.BJ,铜冠矿建,20260828,14.72,14.97,14.64,14.87,14.71,0.16,1.0877,18604.13,27562.67611
920020.BJ,泰凯英,20260828,15.14,15.15,15.02,15.1,15.09,0.01,0.0663,2672.25,4028.54892
920021.BJ,流金科技,20260828,6.78,6.97,6.72,6.81,6.69,0.12,1.7937,158987.08,108733.89939
920022.BJ,世昌股份,20260828,18.64,19.08,18.56,18.95,18.53,0.42,2.2666,2942.8,5542.65045
920023.BJ,*ST田野,20260828,1.83,1.89,1.81,1.86,1.83,0.03,1.6393,59612.22,11017.99635
920026.BJ,卓兆点胶,20260828,20.79,21.55,20.05,20.05,21.11,-1.06,-5.0213,31746.1,65986.25023
920027.BJ,交大铁发,20260828,11.65,11.77,11.56,11.74,11.6,0.14,1.2069,6163.7,7193.71103
920028.BJ,新恒泰,20260828,13.78,14.67,13.78,14.37,13.66,0.71,5.1977,24257.59,34667.00117
920029.BJ,开发科技,20260828,34.05,34.38,33.61,33.64,33.96,-0.32,-0.9423,6170.59,20916.49244
920030.BJ,德众汽车,20260828,4.57,4.72,4.53,4.65,4.56,0.09,1.9737,18936.49,8781.5482
920033.BJ,康普化学,20260828,14.18,14.37,14.14,14.34,14.25,0.09,0.6316,6647.76,9496.37552
920035.BJ,精创电气,20260828,24.2,24.49,23.89,24.1,24.15,-0.05,-0.207,7622.19,18397.73693
920036.BJ,觅睿科技,20260828,29.7,31.88,29.5,30.4,29.57,0.83,2.8069,11150.63,34338.68224
920037.BJ,广信科技,20260828,42.54,42.54,41.8,42.06,42.55,-0.49,-1.1516,6844.23,28746.36193
920038.BJ,森合高科,20260828,37.88,38.2,36.93,37.06,37.81,-0.75,-1.9836,33120.36,123522.02673
920039.BJ,国义招标,20260828,8.18,8.4,8.0,8.25,8.18,0.07,0.8557,19751.62,16234.23593
920045.BJ,蘅东光,20260828,520.0,555.0,495.0,504.0,527.0,-23.0,-4.3643,16814.43,882086.90821
920046.BJ,亿能电力,20260828,20.29,20.29,19.85,19.85,20.29,-0.44,-2.1686,20863.2,41709.52231
920047.BJ,诺思兰德,20260828,16.8,16.97,16.56,16.72,16.83,-0.11,-0.6536,26452.12,44399.61019
920050.BJ,爱伦医疗,20260828,29.23,29.64,28.95,29.59,29.08,0.51,1.7538,2526.83,7411.43136
920055.BJ,隆源股份,20260828,26.26,27.24,26.26,27.22,26.65,0.57,2.1388,5124.58,13719.43064
920056.BJ,能之光,20260828,15.3,15.43,15.0,15.09,15.9,-0.81,-5.0943,14314.11,21647.10811
920057.BJ,百甲科技,20260828,4.69,4.93,4.68,4.87,4.69,0.18,3.838,24595.44,11855.05785
920058.BJ,华洋赛车,20260828,27.69,28.35,27.66,28.05,27.89,0.16,0.5737,2805.06,7839.16621
920059.BJ,双英集团,20260828,14.74,15.44,14.65,14.78,14.67,0.11,0.7498,61962.25,93033.07231
920060.BJ,万源通,20260828,21.6,22.2,21.28,21.36,21.91,-0.55,-2.5103,19963.74,43047.10931
920061.BJ,西磁科技,20260828,18.18,18.6,18.0,18.54,18.15,0.39,2.1488,13175.76,24171.13714
920062.BJ,科润智控,20260828,7.18,7.23,7.09,7.21,7.14,0.07,0.9804,14385.27,10306.70563
920065.BJ,千岸科技,20260828,34.01,34.84,33.5,33.58,34.1,-0.52,-1.5249,16650.6,56926.06638
920066.BJ,科拜尔,20260828,17.14,18.11,17.08,17.8,17.12,0.68,3.972,10687.55,18896.52494
920068.BJ,天工股份,20260828,15.61,15.64,15.27,15.33,15.65,-0.32,-2.0447,14183.82,21868.8457
920069.BJ,普昂医疗,20260828,33.57,33.78,33.27,33.28,33.6,-0.32,-0.9524,3755.43,12561.19159
920072.BJ,科莱瑞迪,20260828,25.31,25.56,24.86,24.86,25.43,-0.57,-2.2414,8081.51,20410.20949
920075.BJ,柏星龙,20260828,14.35,14.77,14.25,14.55,14.42,0.13,0.9015,8816.05,12821.35998
920076.BJ,国亮新材,20260828,12.83,12.97,12.8,12.96,12.83,0.13,1.0133,6830.95,8802.20239
920077.BJ,吉林碳谷,20260828,13.74,13.91,13.64,13.76,13.75,0.01,0.0727,26317.46,36274.86054
920078.BJ,族兴新材,20260828,20.65,21.1,20.32,20.4,20.73,-0.33,-1.5919,24067.19,49586.30282
920079.BJ,乔路铭,20260828,13.96,14.14,13.91,13.96,14.0,-0.04,-0.2857,32812.55,46096.52665
920080.BJ,奥美森,20260828,21.35,21.56,21.15,21.53,21.25,0.28,1.3176,2207.91,4726.57737
920081.BJ,欧伦电气,20260828,45.31,47.61,45.0,45.1,45.62,-0.52,-1.1399,24173.19,111716.93802
920082.BJ,方正阀门,20260828,7.9,8.14,7.87,8.04,7.88,0.16,2.0305,9568.84,7681.75767
920083.BJ,金戈新材,20260828,42.99,43.69,40.01,40.32,44.19,-3.87,-8.7576,58258.1,244540.18688
920086.BJ,科马材料,20260828,20.22,20.45,20.11,20.3,20.27,0.03,0.148,4371.99,8868.80125
920087.BJ,秋乐种业,20260828,17.66,20.8,16.77,19.08,17.8,1.28,7.191,322882.77,601044.72454
920088.BJ,科力股份,20260828,41.5,41.98,40.68,40.71,41.01,-0.3,-0.7315,39873.88,165106.55442
920089.BJ,禾昌聚合,20260828,9.8,10.05,9.8,10.01,9.89,0.12,1.2133,8819.58,8787.24219
920090.BJ,*ST同辉,20260828,3.76,3.79,3.72,3.79,3.75,0.04,1.0667,19284.44,7234.01134
920091.BJ,大鹏工业,20260828,28.22,28.99,27.75,28.2,27.89,0.31,1.1115,7040.83,19996.87452
920092.BJ,汉鑫科技,20260828,28.02,28.87,27.4,27.46,27.77,-0.31,-1.1163,22806.12,64275.34466
920093.BJ,信胜科技,20260828,20.36,22.58,20.18,21.02,20.48,0.54,2.6367,88706.75,190559.43603
920096.BJ,嘉晨智能,20260828,34.09,34.48,33.56,33.65,34.23,-0.58,-1.6944,7829.4,26526.13633
920098.BJ,科隆新材,20260828,17.83,18.3,17.56,17.65,17.84,-0.19,-1.065,21962.59,39287.62832
920099.BJ,瑞华技术,20260828,17.85,18.88,17.68,18.71,17.98,0.73,4.0601,18258.14,33678.12896
920100.BJ,三协电机,20260828,31.95,32.18,31.35,31.42,31.93,-0.51,-1.5972,7557.35,23945.75197
920101.BJ,志高机械,20260828,16.39,16.7,16.31,16.58,16.43,0.15,0.913,2904.75,4799.31315
920106.BJ,林泰新材,20260828,35.01,35.95,34.87,35.7,35.22,0.48,1.3629,4281.35,15151.37183
920107.BJ,恒兴股份,20260828,20.93,21.45,20.86,21.07,20.93,0.14,0.6689,23012.81,48753.12663
920108.BJ,宏海科技,20260828,8.8,8.92,8.72,8.82,8.79,0.03,0.3413,5415.76,4773.07247
920110.BJ,雷特科技,20260828,25.8,26.44,25.56,26.15,25.81,0.34,1.3173,3144.04,8191.81937
920111.BJ,聚星科技,20260828,28.66,29.08,28.33,28.45,28.89,-0.44,-1.523,15204.18,43645.57962
920112.BJ,巴兰仕,20260828,15.13,15.55,15.11,15.47,15.12,0.35,2.3148,3599.22,5544.31104
920116.BJ,星图测控,20260828,43.51,44.33,43.29,43.32,44.0,-0.68,-1.5455,15916.9,69788.24018
920117.BJ,龙鑫智能,20260828,30.5,31.78,29.03,29.15,30.65,-1.5,-4.894,45995.41,140412.08223
920118.BJ,太湖远大,20260828,20.77,21.24,20.66,21.12,20.99,0.13,0.6193,8654.24,18178.68587
920119.BJ,美德乐,20260828,53.92,55.3,53.55,54.94,53.35,1.59,2.9803,8832.36,48152.84144
920121.BJ,江天科技,20260828,28.2,28.45,28.19,28.37,28.32,0.05,0.1766,1376.38,3898.17633
920122.BJ,中纺标,20260828,22.07,22.6,21.91,22.35,22.05,0.3,1.3605,7147.56,15939.3156
920123.BJ,芭薇股份,20260828,10.69,11.05,10.61,10.94,10.67,0.27,2.5305,16034.32,17485.58534
920124.BJ,南特科技,20260828,12.39,12.44,12.33,12.36,12.33,0.03,0.2433,6785.92,8408.29623
920125.BJ,鸿仕达,20260828,126.86,131.66,123.3,124.86,127.8,-2.94,-2.3005,22874.23,291411.8836
920126.BJ,永大股份,20260828,9.94,10.07,9.9,10.05,9.94,0.11,1.1066,14623.55,14623.85759
920128.BJ,胜业电气,20260828,17.65,17.89,17.45,17.68,17.65,0.03,0.17,8370.62,14786.22145
920130.BJ,立方控股,20260828,17.65,19.98,17.46,19.3,17.19,2.11,12.2746,75856.38,143771.83092
920132.BJ,泰鹏智能,20260828,8.9,9.24,8.66,9.07,8.82,0.25,2.8345,12358.27,11063.17409
920136.BJ,永励精密,20260828,21.52,22.14,21.3,21.7,21.75,-0.05,-0.2299,26304.13,57354.26205
920138.BJ,杰理科技,20260828,38.35,38.59,36.68,36.71,38.71,-2.0,-5.1666,63546.64,238135.37939
920139.BJ,华岭股份,20260828,15.1,15.26,14.97,15.04,15.15,-0.11,-0.7261,24185.9,36565.02069
920145.BJ,恒合股份,20260828,9.71,10.36,9.59,10.3,9.71,0.59,6.0762,11840.13,11922.26451
920146.BJ,华阳变速,20260828,5.01,5.17,4.98,5.13,5.01,0.12,2.3952,21762.62,11033.99746
920149.BJ,旭杰科技,20260828,8.08,8.88,8.02,8.57,8.08,0.49,6.0644,43826.62,37566.07702
920152.BJ,昆工科技,20260828,12.66,12.87,12.41,12.7,12.6,0.1,0.7937,8041.82,10126.58348
920156.BJ,海昌智能,20260828,38.04,38.4,37.23,37.23,38.34,-1.11,-2.8951,11471.53,43313.69461
920158.BJ,长江能科,20260828,8.17,8.29,8.09,8.22,8.17,0.05,0.612,13515.55,11053.9516
920159.BJ,农大科技,20260828,31.7,37.0,30.48,34.0,31.14,2.86,9.1843,40326.68,134064.2342
920160.BJ,北矿检测,20260828,19.85,20.09,19.76,19.84,19.85,-0.01,-0.0504,3341.37,6640.84112
920161.BJ,龙辰科技,20260828,25.0,25.17,23.54,23.56,25.23,-1.67,-6.6191,53450.79,129485.48234
920163.BJ,方大新材,20260828,10.88,11.0,10.59,10.61,10.94,-0.33,-3.0165,15159.18,16233.53235
920165.BJ,珈凯生物,20260828,38.05,38.05,36.82,36.82,37.98,-1.16,-3.0542,7951.65,29704.32451
920166.BJ,海圣医疗,20260828,20.47,20.64,20.25,20.47,20.59,-0.12,-0.5828,3950.98,8068.10102
920167.BJ,同享科技,20260828,14.62,14.64,14.28,14.46,14.84,-0.38,-2.5606,34580.56,49838.13497
920168.BJ,通宝光电,20260828,15.14,15.4,14.96,15.34,15.01,0.33,2.1985,4414.31,6693.34584
920169.BJ,七丰精工,20260828,19.6,19.85,19.31,19.74,19.86,-0.12,-0.6042,23853.86,46716.42894
920171.BJ,志晟信息,20260828,16.9,17.01,16.5,16.8,17.0,-0.2,-1.1765,27246.57,45621.16097
920174.BJ,五新智能,20260828,30.58,32.02,30.2,31.71,31.04,0.67,2.1585,26321.46,81639.75202
920175.BJ,东方碳素,20260828,7.79,8.02,7.76,7.96,7.82,0.14,1.7903,17761.63,14018.78406
920176.BJ,维琪科技,20260828,63.9,65.55,56.98,57.0,63.08,-6.08,-9.6386,25940.7,158245.5438
920177.BJ,恒道科技,20260828,23.42,23.7,23.27,23.52,23.48,0.04,0.1704,4506.99,10580.81845
920178.BJ,锐翔智能,20260828,94.0,94.94,89.6,89.74,94.43,-4.69,-4.9666,11632.64,106841.6243
920179.BJ,凯德石英,20260828,54.45,56.85,52.8,52.91,55.0,-2.09,-3.8,40759.05,224330.96603
920180.BJ,爱得科技,20260828,11.66,11.69,11.46,11.59,11.53,0.06,0.5204,5776.83,6676.65049
920181.BJ,赛英电子,20260828,75.74,77.94,73.6,73.84,75.95,-2.11,-2.7781,8053.83,61148.9559
920183.BJ,海菲曼,20260828,27.73,28.67,27.55,28.38,27.79,0.59,2.1231,2361.68,6651.9851
920184.BJ,国源科技,20260828,11.79,12.1,11.48,11.96,11.5,0.46,4.0,48484.27,57466.04568
920185.BJ,贝特瑞,20260828,21.32,21.59,20.86,20.89,21.41,-0.52,-2.4288,42048.86,88968.60351
920186.BJ,中科仪,20260828,78.71,82.5,78.31,81.06,79.56,1.5,1.8854,58466.48,471035.53991
920187.BJ,通领科技,20260828,18.18,18.23,17.91,17.91,18.2,-0.29,-1.5934,14054.14,25308.24863
920188.BJ,悦龙科技,20260828,21.31,21.68,21.31,21.53,21.42,0.11,0.5135,3253.56,6995.56078
920189.BJ,康美特,20260828,22.0,22.88,21.41,21.52,22.18,-0.66,-2.9757,63156.58,139991.02786
920190.BJ,雷神科技,20260828,26.01,26.7,25.38,25.4,26.11,-0.71,-2.7193,54722.93,142562.57884
920191.BJ,瑞尔竞达,20260828,8.59,8.8,8.59,8.76,8.6,0.16,1.8605,10082.46,8770.52046
920193.BJ,吉和昌,20260828,33.78,34.4,33.11,33.24,34.0,-0.76,-2.2353,36201.05,122353.25449
920195.BJ,三祥科技,20260828,12.56,12.9,12.44,12.79,12.56,0.23,1.8312,10008.63,12735.74677
920198.BJ,微创光电,20260828,7.6,7.74,7.55,7.66,7.58,0.08,1.0554,15473.91,11835.26178
920199.BJ,倍益康,20260828,25.5,25.82,25.23,25.68,25.48,0.2,0.7849,7237.9,18557.97727
920200.BJ,振宏股份,20260828,26.38,26.64,26.18,26.26,26.6,-0.34,-1.2782,7363.07,19428.39205
920204.BJ,沪江材料,20260828,12.92,13.24,12.89,13.15,12.92,0.23,1.7802,5429.92,7104.61085
920206.BJ,彩客科技,20260828,47.38,47.47,44.6,45.15,47.7,-2.55,-5.3459,38542.69,176151.25722
920207.BJ,众诚科技,20260828,22.06,22.69,21.6,21.6,21.05,0.55,2.6128,33983.09,75663.91464
920208.BJ,青矩技术,20260828,12.06,12.2,11.97,12.09,12.06,0.03,0.2488,10960.44,13241.59465
920211.BJ,新睿电子,20260828,105.56,105.66,97.8,97.89,103.6,-5.71,-5.5116,5861.45,59441.25302
920212.BJ,智新电子,20260828,9.46,9.79,9.46,9.78,9.53,0.25,2.6233,8433.76,8182.476
920218.BJ,新天力,20260828,15.7,15.7,15.27,15.5,16.43,-0.93,-5.6604,29575.34,45654.68243
920220.BJ,朗信电气,20260828,40.0,40.16,39.54,39.66,40.16,-0.5,-1.245,4356.4,17354.13235
920221.BJ,易实精密,20260828,12.6,12.67,12.49,12.61,12.53,0.08,0.6385,4759.57,5987.87442
920222.BJ,益坤电气,20260828,25.02,25.69,24.8,25.09,24.9,0.19,0.7631,11205.02,28215.48019
920223.BJ,荣亿精密,20260828,10.78,12.4,10.73,12.18,10.78,1.4,12.987,83542.59,99528.28331
920225.BJ,利通科技,20260828,15.52,15.66,15.1,15.25,15.0,0.25,1.6667,29320.88,44899.27182
920227.BJ,美登科技,20260828,48.91,49.8,48.35,48.41,47.8,0.61,1.2762,5149.1,25288.25777
920230.BJ,欧康医药,20260828,10.36,10.45,10.18,10.33,10.27,0.06,0.5842,13068.07,13466.23584
920237.BJ,力佳科技,20260828,11.62,11.65,11.32,11.48,11.62,-0.14,-1.2048,15444.81,17724.09188
920238.BJ,长鹰硬科,20260828,75.06,79.0,74.86,75.06,76.19,-1.13,-1.4831,38228.93,292568.76113
920239.BJ,长虹能源,20260828,22.6,22.6,22.12,22.23,22.43,-0.2,-0.8917,8317.81,18546.17591
920242.BJ,建邦科技,20260828,13.32,13.75,13.25,13.63,13.3,0.33,2.4812,5726.9,7741.89301
920245.BJ,威博液压,20260828,13.11,13.82,12.9,13.57,12.96,0.61,4.7068,17447.32,23372.74627
920247.BJ,华密新材,20260828,14.26,15.3,14.25,14.78,13.94,0.84,6.0258,52774.63,78499.60414
920249.BJ,利尔达,20260828,9.23,9.23,9.06,9.08,9.23,-0.15,-1.6251,43368.48,39561.40066
920252.BJ,天宏锂电,20260828,15.75,16.02,15.53,15.65,15.8,-0.15,-0.9494,18097.54,28450.01433
920258.BJ,聚仁新材,20260828,11.59,11.75,11.47,11.62,11.52,0.1,0.8681,29468.68,34115.14204
920260.BJ,中寰股份,20260828,8.01,8.27,7.98,8.22,7.97,0.25,3.1368,11334.69,9238.0126
920261.BJ,一诺威,20260828,13.65,13.97,13.59,13.93,13.72,0.21,1.5306,12144.92,16834.81502
920262.BJ,太湖雪,20260828,13.61,14.29,13.56,14.19,13.63,0.56,4.1086,11178.09,15665.41204
920263.BJ,中航泰达,20260828,6.9,7.15,6.81,7.06,6.84,0.22,3.2164,11565.65,8106.16303
920266.BJ,生物谷,20260828,7.42,7.52,7.33,7.46,7.44,0.02,0.2688,23374.95,17371.33228
920267.BJ,鑫汇科,20260828,16.1,16.6,15.8,16.51,16.34,0.17,1.0404,16386.93,26641.89379
920270.BJ,天铭科技,20260828,12.13,12.27,11.96,12.17,12.19,-0.02,-0.1641,6332.23,7671.00923
920271.BJ,邦德股份,20260828,8.8,9.05,8.77,8.95,8.77,0.18,2.0525,8662.75,7709.33425
920273.BJ,一致魔芋,20260828,16.94,17.94,16.79,17.86,16.94,0.92,5.4309,25614.99,45060.05053
920274.BJ,宏裕包材,20260828,16.88,16.88,16.41,16.53,16.8,-0.27,-1.6071,21977.65,36401.80128
920275.BJ,驱动力,20260828,6.31,6.75,6.27,6.6,6.34,0.26,4.1009,17783.8,11680.29546
920278.BJ,鹿得医疗,20260828,6.29,6.43,6.27,6.38,6.3,0.08,1.2698,11406.25,7253.59205
920284.BJ,灵鸽科技,20260828,17.04,17.39,16.8,17.2,17.0,0.2,1.1765,22370.83,38271.27952
920288.BJ,N华大,20260828,25.18,38.5,25.12,28.51,12.57,15.94,126.8099,173487.46,473606.19511
920299.BJ,灿能电力,20260828,14.75,14.75,14.45,14.57,14.62,-0.05,-0.342,6531.9,9522.6764
920300.BJ,辰光医疗,20260828,9.52,9.69,9.42,9.61,9.53,0.08,0.8395,10949.72,10460.53253
920304.BJ,迪尔化工,20260828,9.42,11.05,9.27,10.75,9.33,1.42,15.2197,102376.95,104135.37621
920339.BJ,恒太照明,20260828,10.62,11.35,10.6,11.21,10.68,0.53,4.9625,19252.48,21390.47308
920344.BJ,三元基因,20260828,22.22,22.45,21.32,21.55,23.04,-1.49,-6.467,59060.41,127871.71563
920346.BJ,威贸电子,20260828,14.34,14.9,14.25,14.69,14.3,0.39,2.7273,5508.5,8056.02254
920351.BJ,华光源海,20260828,13.45,13.62,13.11,13.4,13.4,0.0,0.0,28531.67,38166.38823
920357.BJ,雅葆轩,20260828,16.63,17.6,16.57,17.0,16.94,0.06,0.3542,33545.82,57324.04311
920363.BJ,莱赛激光,20260828,10.03,10.5,10.02,10.34,10.08,0.26,2.5794,17418.41,17852.10156
920367.BJ,新赣江,20260828,26.5,26.5,24.51,24.54,26.54,-2.0,-7.5358,56305.83,143143.92714
920368.BJ,连城数控,20260828,23.1,23.49,22.9,23.2,23.08,0.12,0.5199,30663.68,71301.26989
920370.BJ,新安洁,20260828,2.97,2.97,2.87,2.92,2.96,-0.04,-1.3514,29747.46,8646.19866
920371.BJ,欧福蛋业,20260828,7.19,7.7,7.15,7.59,7.23,0.36,4.9793,57529.27,42739.45048
920374.BJ,云里物里,20260828,14.74,15.08,14.56,14.99,14.77,0.22,1.4895,5811.38,8663.45189
920375.BJ,派诺科技,20260828,6.91,6.97,6.83,6.92,6.86,0.06,0.8746,22770.67,15709.1821
920378.BJ,泰德股份,20260828,6.92,7.1,6.87,7.04,6.91,0.13,1.8813,3977.47,2777.91832
920392.BJ,佳合科技,20260828,13.65,13.86,13.52,13.76,13.58,0.18,1.3255,3690.75,5059.29305
920394.BJ,民士达,20260828,43.83,44.76,43.41,43.6,43.92,-0.32,-0.7286,10532.6,46276.43613
920395.BJ,朗鸿科技,20260828,6.77,6.99,6.65,6.94,6.77,0.17,2.5111,14106.86,9670.35054
920396.BJ,常辅股份,20260828,19.75,20.5,19.6,19.99,19.75,0.24,1.2152,20609.36,41399.46256
920402.BJ,硅烷科技,20260828,8.73,8.95,8.7,8.82,8.8,0.02,0.2273,40998.09,36278.39363
920403.BJ,康农种业,20260828,21.8,24.0,21.22,22.75,21.91,0.84,3.8339,102267.52,231777.53997
920405.BJ,海希通讯,20260828,17.7,17.7,16.77,16.8,17.45,-0.65,-3.7249,9579.36,16364.56855
920407.BJ,驰诚股份,20260828,10.5,11.0,10.45,10.87,10.55,0.32,3.0332,10010.44,10816.40168
920414.BJ,欧普泰,20260828,7.8,8.25,7.73,8.18,7.81,0.37,4.7375,28178.57,22690.45251
920415.BJ,恒拓开源,20260828,8.73,8.98,8.72,8.88,8.73,0.15,1.7182,18748.48,16545.13926
920418.BJ,苏轴股份,20260828,18.08,18.17,17.9,18.08,18.05,0.03,0.1662,7093.2,12790.92388
920419.BJ,路斯股份,20260828,10.62,11.09,10.62,11.02,10.68,0.34,3.1835,14777.68,16126.04153
920422.BJ,润普食品,20260828,9.47,9.84,9.43,9.69,9.49,0.2,2.1075,29012.28,28105.1344
920425.BJ,乐创技术,20260828,14.0,14.46,14.0,14.25,14.16,0.09,0.6356,18458.3,26306.17227
920427.BJ,华维设计,20260828,8.31,8.72,8.31,8.61,8.35,0.26,3.1138,13844.64,11846.56967
920429.BJ,康比特,20260828,10.95,11.21,10.81,11.14,10.98,0.16,1.4572,30070.72,33089.94704
920433.BJ,大唐药业,20260828,4.9,4.94,4.85,4.91,4.93,-0.02,-0.4057,19917.56,9757.55417
920436.BJ,大地电气,20260828,10.47,11.35,10.35,11.16,10.38,0.78,7.5145,28113.04,30745.3445
920438.BJ,戈碧迦,20260828,112.0,112.99,104.17,104.8,110.25,-5.45,-4.9433,36178.08,388842.79684
920445.BJ,龙竹科技,20260828,6.8,6.98,6.71,6.98,6.77,0.21,3.1019,23143.4,15908.92601
920454.BJ,同心传动,20260828,10.7,11.01,10.68,10.94,10.7,0.24,2.243,8287.73,9008.15425
920455.BJ,汇隆活塞,20260828,5.98,6.22,5.92,6.2,5.98,0.22,3.6789,10576.08,6472.01143
920469.BJ,富恒新材,20260828,6.0,7.28,5.68,6.99,5.64,1.35,23.9362,165558.11,110609.00046
920471.BJ,美邦科技,20260828,11.91,12.68,11.8,12.5,12.01,0.49,4.0799,43635.64,53961.4973
920475.BJ,三友科技,20260828,12.14,12.2,12.0,12.09,12.21,-0.12,-0.9828,6811.46,8237.82647
920476.BJ,海能技术,20260828,26.02,26.18,25.19,25.21,25.94,-0.73,-2.8142,15713.72,40226.94981
920478.BJ,峆一药业,20260828,10.51,10.7,10.3,10.32,10.6,-0.28,-2.6415,21371.26,22416.25237
920489.BJ,佳先股份,20260828,12.57,12.69,12.4,12.48,12.5,-0.02,-0.16,16689.94,20887.34657
920491.BJ,奥迪威,20260828,21.95,21.98,21.55,21.78,21.98,-0.2,-0.9099,17719.1,38639.74879
920493.BJ,并行科技,20260828,116.0,117.88,114.25,114.58,115.1,-0.52,-0.4518,12602.67,146080.53656
920496.BJ,许昌智能,20260828,6.17,6.31,6.12,6.24,6.13,0.11,1.7945,18309.5,11378.68051
920504.BJ,博迅生物,20260828,17.73,18.59,17.62,18.36,17.7,0.66,3.7288,8925.91,16236.75987
920505.BJ,九菱科技,20260828,28.38,28.5,27.8,28.26,28.3,-0.04,-0.1413,10563.76,29708.23909
920508.BJ,殷图网联,20260828,14.32,14.98,14.24,14.73,14.32,0.41,2.8631,6395.52,9362.46926
920509.BJ,同惠电子,20260828,20.11,20.39,19.91,19.95,20.22,-0.27,-1.3353,18061.04,36318.09854
920510.BJ,丰光精密,20260828,21.75,22.07,20.76,20.78,21.85,-1.07,-4.897,49608.11,106221.21491
920519.BJ,万德股份,20260828,10.09,10.46,10.01,10.41,10.09,0.32,3.1715,18072.99,18568.74452
920522.BJ,纳科诺尔,20260828,18.59,19.05,18.38,18.45,18.66,-0.21,-1.1254,51375.14,96133.29427
920523.BJ,德瑞锂电,20260828,15.58,15.62,15.26,15.56,15.4,0.16,1.039,11989.12,18515.28187
920526.BJ,凯华材料,20260828,19.74,20.06,19.5,19.5,19.89,-0.39,-1.9608,13348.89,26324.74203
920527.BJ,夜光明,20260828,14.26,14.74,14.0,14.69,14.15,0.54,3.8163,12593.96,18174.70037
920533.BJ,骏创科技,20260828,18.46,18.56,18.25,18.31,18.39,-0.08,-0.435,8092.52,14876.68168
920541.BJ,铁大科技,20260828,9.89,9.99,9.83,9.92,9.91,0.01,0.1009,5345.53,5293.90721
920547.BJ,无锡晶海,20260828,18.89,18.95,18.59,18.8,18.68,0.12,0.6424,3318.11,6240.05783
920553.BJ,凯腾精工,20260828,6.98,7.19,6.89,7.16,6.98,0.18,2.5788,18009.23,12722.63162
920556.BJ,雅达股份,20260828,6.64,6.78,6.59,6.73,6.65,0.08,1.203,17706.82,11821.52375
920564.BJ,天润科技,20260828,12.99,13.27,12.84,13.13,12.95,0.18,1.39,9320.1,12220.50752
920566.BJ,梓橦宫,20260828,9.76,9.87,9.73,9.79,9.86,-0.07,-0.7099,19043.41,18690.50684
920570.BJ,坤博精工,20260828,23.98,24.63,23.98,24.29,23.9,0.39,1.6318,4795.49,11678.55425
920571.BJ,国航远洋,20260828,8.9,9.04,8.7,8.92,8.78,0.14,1.5945,191722.51,170481.2206
920575.BJ,*ST康乐,20260828,5.52,5.58,5.3,5.32,5.59,-0.27,-4.8301,72199.23,39044.97569
920576.BJ,天力复合,20260828,39.32,39.8,38.01,38.52,39.4,-0.88,-2.2335,17047.67,66122.68259
920578.BJ,巨能股份,20260828,16.57,16.74,16.43,16.62,16.66,-0.04,-0.2401,9469.25,15689.16524
920579.BJ,机科股份,20260828,14.39,14.55,14.35,14.49,14.39,0.1,0.6949,5367.8,7763.68071
920580.BJ,科创新材,20260828,10.97,11.28,10.93,11.18,10.99,0.19,1.7288,13235.42,14696.37965
920592.BJ,华信永道,20260828,21.25,22.88,20.7,22.2,21.51,0.69,3.2078,48865.44,105705.40875
920593.BJ,鼎智科技,20260828,23.22,23.41,23.01,23.05,23.32,-0.27,-1.1578,13582.76,31457.91831
920599.BJ,同力股份,20260828,18.18,18.18,17.76,17.86,18.07,-0.21,-1.1621,27443.42,49030.27719
920608.BJ,丰安股份,20260828,13.97,15.52,13.57,14.99,14.07,0.92,6.5387,30046.17,43620.61145
920627.BJ,力王股份,20260828,14.82,14.88,14.2,14.25,14.87,-0.62,-4.1695,23845.55,34407.48223
920634.BJ,新威凌,20260828,16.84,16.94,16.45,16.85,16.86,-0.01,-0.0593,17124.96,28584.16848
920639.BJ,晨光电缆,20260828,6.16,6.25,6.12,6.22,6.15,0.07,1.1382,12526.93,7762.40613
920640.BJ,富士达,20260828,25.55,25.65,25.18,25.26,25.5,-0.24,-0.9412,19685.34,49958.01043
920641.BJ,格利尔,20260828,14.16,14.39,14.02,14.2,14.27,-0.07,-0.4905,19549.34,27773.16466
920642.BJ,通易航天,20260828,9.68,10.02,9.68,9.96,9.88,0.08,0.8097,21391.82,21202.06632
920651.BJ,天罡股份,20260828,26.29,27.2,25.8,26.12,26.48,-0.36,-1.3595,6458.55,17116.04789
920656.BJ,海昇药业,20260828,14.5,14.73,14.37,14.65,14.43,0.22,1.5246,7410.88,10822.93071
920662.BJ,方盛股份,20260828,20.01,20.24,19.51,19.52,20.22,-0.7,-3.4619,26146.24,51810.05763
920663.BJ,明阳科技,20260828,12.95,13.42,12.89,13.35,12.98,0.37,2.8505,10424.26,13773.057
920665.BJ,科强股份,20260828,8.5,8.68,8.45,8.61,8.5,0.11,1.2941,9274.85,7931.82127
920670.BJ,数字人,20260828,12.76,12.8,12.51,12.6,12.54,0.06,0.4785,9434.06,11943.19622
920675.BJ,秉扬科技,20260828,7.34,7.58,7.33,7.5,7.43,0.07,0.9421,13720.25,10260.75246
920679.BJ,前进科技,20260828,15.54,16.1,15.4,15.99,15.46,0.53,3.4282,3508.56,5543.54319
920682.BJ,球冠电缆,20260828,5.77,5.84,5.74,5.82,5.76,0.06,1.0417,16216.7,9396.52756
920685.BJ,新芝生物,20260828,12.0,12.15,11.88,12.07,11.95,0.12,1.0042,11542.57,13888.2403
920689.BJ,克莱特,20260828,20.01,20.4,19.81,20.21,20.05,0.16,0.798,6120.66,12309.61636
920690.BJ,捷众科技,20260828,16.11,16.24,15.97,16.0,16.18,-0.18,-1.1125,9270.05,14921.75629
920693.BJ,阿为特,20260828,23.0,23.59,22.88,23.18,22.88,0.3,1.3112,6304.85,14673.80103
920694.BJ,中裕科技,20260828,16.24,16.43,16.0,16.12,16.15,-0.03,-0.1858,14169.46,22862.64762
920699.BJ,海达尔,20260828,82.34,84.96,79.67,79.75,82.65,-2.9,-3.5088,8015.07,65745.4533
920701.BJ,豪声电子,20260828,11.98,12.3,11.96,12.01,12.05,-0.04,-0.332,9868.66,11964.05106
920703.BJ,广厦环能,20260828,9.75,9.98,9.69,9.98,9.8,0.18,1.8367,6714.9,6627.14097
920706.BJ,铁拓机械,20260828,13.61,14.38,13.5,14.25,13.69,0.56,4.0906,20129.39,28306.34184
920717.BJ,瑞星股份,20260828,7.04,7.25,6.9,7.11,7.05,0.06,0.8511,26247.55,18572.45926
920718.BJ,合肥高科,20260828,9.27,9.69,9.27,9.55,9.32,0.23,2.4678,7688.29,7313.36866
920719.BJ,宁新新材,20260828,7.26,7.44,7.1,7.35,7.18,0.17,2.3677,20186.01,14742.4854
920720.BJ,吉冈精密,20260828,9.23,9.43,9.23,9.37,9.28,0.09,0.9698,10507.58,9816.83434
920725.BJ,惠丰钻石,20260828,74.8,78.87,72.81,72.99,76.45,-3.46,-4.5258,46558.5,351925.28028
920726.BJ,朱老六,20260828,16.63,17.87,16.59,17.44,16.82,0.62,3.6861,50499.67,87484.65625
920729.BJ,永顺生物,20260828,6.68,7.04,6.68,7.0,6.71,0.29,4.3219,16243.17,11192.67768
920735.BJ,德源药业,20260828,27.2,27.85,26.67,26.7,27.4,-0.7,-2.5547,29574.26,80705.19158
920748.BJ,路桥信息,20260828,26.2,26.65,25.2,25.23,26.42,-1.19,-4.5042,27214.73,70161.51453
920751.BJ,惠同新材,20260828,15.8,16.28,15.74,16.02,15.81,0.21,1.3283,5764.27,9241.66719
920753.BJ,天纺标,20260828,15.01,15.45,14.9,15.24,15.0,0.24,1.6,7251.81,11044.08519
920765.BJ,美之高,20260828,14.36,14.8,14.1,14.38,14.23,0.15,1.0541,13013.61,18782.09761
920768.BJ,拾比佰,20260828,7.22,7.32,7.17,7.2,7.23,-0.03,-0.4149,14820.12,10724.64747
920770.BJ,艾能聚,20260828,9.8,10.11,9.7,10.0,9.75,0.25,2.5641,25478.53,25354.03706
920779.BJ,武汉蓝电,20260828,25.6,25.7,24.51,24.65,25.62,-0.97,-3.7861,14982.5,37301.22276
920781.BJ,瑞奇智造,20260828,5.66,5.81,5.6,5.79,5.66,0.13,2.2968,19998.39,11460.94908
920786.BJ,骑士乳业,20260828,7.4,8.08,7.34,7.95,7.35,0.6,8.1633,194119.95,150354.59104
920790.BJ,联迪信息,20260828,24.88,25.0,23.85,24.19,25.16,-0.97,-3.8553,52469.16,127405.75566
920792.BJ,东和新材,20260828,9.64,9.76,9.58,9.74,9.68,0.06,0.6198,5589.22,5405.47796
920799.BJ,艾融软件,20260828,34.85,35.8,33.77,33.85,34.85,-1.0,-2.8694,58269.3,199771.60597
920802.BJ,保丽洁,20260828,10.39,10.86,10.34,10.8,10.43,0.37,3.5475,11744.23,12543.44621
920806.BJ,云星宇,20260828,10.31,10.48,10.24,10.47,10.29,0.18,1.7493,23878.48,24798.27264
920807.BJ,奔朗新材,20260828,9.22,9.4,9.16,9.29,9.26,0.03,0.324,22208.24,20583.94069
920808.BJ,曙光数创,20260828,57.99,58.93,56.58,56.73,57.96,-1.23,-2.1222,24885.86,143442.43725
920809.BJ,安达科技,20260828,7.5,7.53,7.44,7.46,7.46,0.0,0.0,62972.25,47084.24277
920810.BJ,春光智能,20260828,9.23,9.75,9.17,9.75,9.23,0.52,5.6338,24452.93,23464.9022
920819.BJ,颖泰生物,20260828,3.06,3.2,3.06,3.19,3.07,0.12,3.9088,94199.29,29618.33258
920821.BJ,则成电子,20260828,18.18,18.3,17.63,17.71,18.24,-0.53,-2.9057,20768.7,37173.15724
920826.BJ,盖世食品,20260828,8.85,9.38,8.84,9.32,8.92,0.4,4.4843,70543.65,64595.93341
920832.BJ,齐鲁华信,20260828,6.13,6.39,6.1,6.33,6.14,0.19,3.0945,13024.1,8146.62936
920833.BJ,美心翼申,20260828,10.65,10.67,10.41,10.65,10.52,0.13,1.2357,13705.88,14454.30824
920834.BJ,三维装备,20260828,9.11,9.45,9.03,9.38,9.01,0.37,4.1065,11156.41,10359.76989
920837.BJ,华原股份,20260828,10.0,10.26,9.88,10.19,10.05,0.14,1.393,18016.51,18130.63911
920839.BJ,万通液压,20260828,24.36,24.36,23.95,24.08,24.15,-0.07,-0.2899,3649.36,8809.34263
920855.BJ,浙江大农,20260828,12.6,14.17,12.52,13.51,12.8,0.71,5.5469,23231.63,31257.69253
920856.BJ,浩淼科技,20260828,12.34,12.92,12.11,12.7,12.41,0.29,2.3368,23076.03,29073.73796
920857.BJ,泓禧科技,20260828,20.05,20.69,19.99,20.53,20.11,0.42,2.0885,15102.4,30708.06535
920866.BJ,绿亨科技,20260828,6.62,7.22,6.53,6.98,6.67,0.31,4.6477,90385.5,61910.61034
920870.BJ,恒进感应,20260828,11.85,11.98,11.73,11.87,11.92,-0.05,-0.4195,7841.33,9304.63765
920871.BJ,派特尔,20260828,10.98,11.13,10.82,11.08,10.87,0.21,1.9319,7197.62,7903.91611
920873.BJ,中设咨询,20260828,6.87,7.15,6.87,7.1,6.88,0.22,3.1977,16470.22,11614.30208
920876.BJ,慧为智能,20260828,16.23,16.55,16.11,16.27,16.07,0.2,1.2446,10803.33,17653.63147
920879.BJ,基康技术,20260828,12.86,13.05,12.75,12.93,12.91,0.02,0.1549,6477.29,8356.68045
920885.BJ,星辰科技,20260828,11.8,11.83,11.66,11.76,11.78,-0.02,-0.1698,13763.16,16195.92716
920892.BJ,广咨国际,20260828,10.2,11.18,10.17,10.63,10.13,0.5,4.9358,23959.93,25558.79553
920895.BJ,花溪科技,20260828,16.0,21.12,15.18,21.12,16.25,4.87,29.9692,109685.98,193042.22841
920896.BJ,旺成科技,20260828,11.89,12.8,11.89,12.55,12.04,0.51,4.2359,13628.33,16874.80892
920906.BJ,舜宇精工,20260828,15.82,16.06,15.53,15.84,15.82,0.02,0.1264,7386.92,11689.01052
920914.BJ,远航精密,20260828,17.03,17.26,16.94,17.13,17.03,0.1,0.5872,8076.41,13831.13322
920924.BJ,广脉科技,20260828,14.6,14.71,14.34,14.34,14.25,0.09,0.6316,14568.47,21093.29791
920925.BJ,锦好医疗,20260828,11.4,11.63,11.35,11.44,11.4,0.04,0.3509,8818.24,10101.63841
920926.BJ,鸿智科技,20260828,10.03,10.36,9.93,10.15,10.02,0.13,1.2974,6156.22,6271.28329
920931.BJ,无锡鼎邦,20260828,10.86,11.07,10.65,10.86,10.85,0.01,0.0922,26953.38,29476.59924
920932.BJ,科达自控,20260828,11.0,11.3,10.97,11.23,11.01,0.22,1.9982,14792.09,16555.6616
920942.BJ,恒立钻具,20260828,17.36,18.2,17.09,18.07,17.43,0.64,3.6718,23704.53,42145.96986
920943.BJ,优机股份,20260828,15.32,15.38,15.03,15.28,15.22,0.06,0.3942,12174.21,18495.16814
920946.BJ,森萱医药,20260828,9.99,10.28,9.9,10.05,10.07,-0.02,-0.1986,82372.62,82816.35203
920950.BJ,迅安科技,20260828,12.7,13.37,12.67,13.27,12.76,0.51,3.9969,7131.57,9272.21537
920953.BJ,国子软件,20260828,23.39,23.86,22.65,22.7,22.62,0.08,0.3537,31217.72,72823.85754
920957.BJ,汉维科技,20260828,9.37,9.74,9.35,9.71,9.42,0.29,3.0786,11818.1,11287.62401
920961.BJ,创远信科,20260828,20.35,20.8,20.01,20.12,20.5,-0.38,-1.8537,15358.79,31193.61272
920964.BJ,润农节水,20260828,5.03,5.4,4.89,5.2,5.15,0.05,0.9709,134666.91,69221.31595
920970.BJ,大禹生物,20260828,6.13,6.57,6.11,6.5,6.14,0.36,5.8632,61342.74,39085.53146
920971.BJ,天马新材,20260828,27.89,28.94,27.5,27.76,28.7,-0.94,-3.2753,77598.26,218738.32044
920974.BJ,凯大催化,20260828,6.19,6.35,6.15,6.31,6.19,0.12,1.9386,19246.69,12075.53727
920976.BJ,视声智能,20260828,18.2,18.56,17.91,18.38,18.2,0.18,0.989,12857.73,23557.98734
920978.BJ,开特股份,20260828,19.02,19.2,18.74,18.83,19.08,-0.25,-1.3103,10173.22,19213.82191
920981.BJ,晶赛科技,20260828,31.1,31.1,29.6,29.62,30.49,-0.87,-2.8534,22462.77,67967.31508
920982.BJ,锦波生物,20260828,120.9,122.22,120.11,120.99,121.16,-0.17,-0.1403,5707.42,69114.78125
920985.BJ,海泰新能,20260828,4.56,4.67,4.54,4.66,4.56,0.1,2.193,23476.13,10847.99553
920992.BJ,中科美菱,20260828,11.31,11.49,11.26,11.41,11.37,0.04,0.3518,5670.63,6450.05523
