ts_code,name,trade_date,open,high,low,close,pre_close,change,pct_chg,vol,amount
000001.SZ,平安银行,20260617,10.97,10.99,10.75,10.78,10.94,-0.16,-1.4625,965828.03,1046564.89554
000002.SZ,万科Ａ,20260617,3.07,3.14,3.02,3.09,3.07,0.02,0.6515,1654197.0,510109.05583
000006.SZ,深振业Ａ,20260617,7.86,7.92,7.69,7.74,7.93,-0.19,-2.396,219717.0,170657.299
000007.SZ,全新好,20260617,14.26,14.3,13.29,13.64,14.34,-0.7,-4.8815,128530.46,176017.10902
000008.SZ,神州高铁,20260617,2.54,2.54,2.48,2.5,2.54,-0.04,-1.5748,247775.83,62056.7505
000009.SZ,中国宝安,20260617,7.04,7.08,6.95,6.99,7.08,-0.09,-1.2712,182633.63,127566.12615
000010.SZ,*ST美丽,20260617,2.11,2.12,2.0,2.0,2.1,-0.1,-4.7619,290793.23,58977.619
000011.SZ,深物业A,20260617,7.41,7.52,7.27,7.44,7.45,-0.01,-0.1342,46640.7,34486.4776
000012.SZ,南玻Ａ,20260617,4.55,4.75,4.42,4.63,4.52,0.11,2.4336,1726157.05,798194.41812
000014.SZ,沙河股份,20260617,10.1,10.14,9.86,9.89,10.1,-0.21,-2.0792,56306.6,55862.0956
000016.SZ,*ST康佳A,20260617,2.87,2.89,2.81,2.82,2.9,-0.08,-2.7586,181264.97,51394.73354
000017.SZ,深中华A,20260617,5.27,5.28,5.12,5.16,5.27,-0.11,-2.0873,76101.26,39306.20264
000019.SZ,深粮控股,20260617,6.36,6.38,6.2,6.22,6.36,-0.14,-2.2013,83484.5,52074.049
000020.SZ,深华发Ａ,20260617,12.11,12.18,11.76,11.87,12.2,-0.33,-2.7049,37471.01,44649.63502
000021.SZ,深科技,20260617,39.85,42.96,39.85,42.91,40.77,2.14,5.249,1654931.46,6952080.32811
000025.SZ,特力Ａ,20260617,15.62,15.99,15.29,15.87,15.78,0.09,0.5703,103214.78,161473.92424
000026.SZ,飞亚达,20260617,20.98,21.83,20.68,21.32,20.76,0.56,2.6975,135302.01,287952.08118
000027.SZ,深圳能源,20260617,7.31,7.48,7.13,7.37,7.33,0.04,0.5457,488611.34,358503.36439
000028.SZ,国药一致,20260617,22.48,22.68,22.45,22.66,22.51,0.15,0.6664,15295.9,34504.50999
000029.SZ,深深房Ａ,20260617,27.96,28.8,27.09,28.57,27.62,0.95,3.4395,135857.14,384392.60723
000030.SZ,富奥股份,20260617,4.35,4.37,4.26,4.29,4.38,-0.09,-2.0548,111728.18,48137.3429
000031.SZ,大悦城,20260617,2.39,2.4,2.33,2.37,2.39,-0.02,-0.8368,381683.0,89984.556
000032.SZ,深桑达Ａ,20260617,23.21,23.72,21.8,23.22,22.89,0.33,1.4417,1604794.76,3648586.84668
000034.SZ,神州数码,20260617,26.38,26.95,26.01,26.69,26.47,0.22,0.8311,533511.49,1414603.04795
000035.SZ,中国天楹,20260617,5.11,5.23,5.02,5.1,5.11,-0.01,-0.1957,354802.04,181378.08907
000036.SZ,华联控股,20260617,5.16,5.17,5.04,5.14,5.15,-0.01,-0.1942,269576.98,137460.46872
000037.SZ,深南电A,20260617,11.49,11.68,11.0,11.52,11.69,-0.17,-1.4542,425571.9,485112.54901
000039.SZ,中集集团,20260617,9.15,9.38,9.01,9.09,9.16,-0.07,-0.7642,394315.81,361184.58688
000042.SZ,中洲控股,20260617,9.37,9.52,9.06,9.09,9.4,-0.31,-3.2979,57791.78,53470.3253
001914.SZ,招商积余,20260617,9.1,9.14,8.97,9.03,9.14,-0.11,-1.2035,53052.39,47943.67
000045.SZ,深纺织Ａ,20260617,10.99,11.29,10.98,11.2,11.06,0.14,1.2658,59983.01,66900.33171
000048.SZ,京基智农,20260617,19.11,19.78,18.4,19.13,19.11,0.02,0.1047,416359.66,792853.49453
000049.SZ,德赛电池,20260617,24.25,24.54,24.02,24.38,24.47,-0.09,-0.3678,58573.18,142449.97326
000050.SZ,深天马Ａ,20260617,8.28,9.14,8.22,9.14,8.31,0.83,9.988,576327.55,520988.41243
000055.SZ,方大集团,20260617,3.71,3.85,3.71,3.82,3.74,0.08,2.139,261431.02,99133.0146
000056.SZ,*ST皇庭,20260617,1.76,1.76,1.66,1.68,1.75,-0.07,-4.0,333831.02,56609.24036
000058.SZ,深赛格,20260617,6.82,6.95,6.73,6.77,6.84,-0.07,-1.0234,61296.27,41679.64373
000059.SZ,华锦股份,20260617,4.31,4.32,4.06,4.13,4.36,-0.23,-5.2752,454463.27,188102.53771
000060.SZ,中金岭南,20260617,8.0,8.22,7.91,7.97,8.02,-0.05,-0.6234,2344046.04,1883635.34325
000061.SZ,农产品,20260617,6.08,6.08,5.82,5.84,6.06,-0.22,-3.6304,175169.98,103372.26918
000062.SZ,深圳华强,20260617,30.8,32.0,30.63,31.75,31.21,0.54,1.7302,447659.26,1415141.96817
000063.SZ,中兴通讯,20260617,37.5,38.12,37.12,37.64,38.0,-0.36,-0.9474,1514872.12,5690613.08972
000065.SZ,北方国际,20260617,12.3,12.9,12.23,12.76,12.35,0.41,3.3198,345887.61,438506.63988
000066.SZ,中国长城,20260617,16.4,17.98,16.28,17.81,16.6,1.21,7.2892,2711182.33,4622096.84872
000068.SZ,华控赛格,20260617,3.42,3.44,3.3,3.43,3.42,0.01,0.2924,340372.0,115108.721
000069.SZ,华侨城Ａ,20260617,1.81,1.82,1.78,1.8,1.82,-0.02,-1.0989,433176.77,77815.31694
000070.SZ,特发信息,20260617,19.0,20.83,19.0,20.66,19.49,1.17,6.0031,1346809.49,2694186.31887
000078.SZ,ST海王,20260617,1.58,1.62,1.55,1.55,1.59,-0.04,-2.5157,744657.1,117951.11488
000088.SZ,盐田港,20260617,4.36,4.36,4.32,4.33,4.36,-0.03,-0.6881,117944.47,51236.81906
000089.SZ,深圳机场,20260617,6.48,6.48,6.36,6.39,6.44,-0.05,-0.7764,93093.11,59490.85757
000090.SZ,天健集团,20260617,3.55,3.55,3.43,3.45,3.55,-0.1,-2.8169,236827.01,81968.37178
000096.SZ,广聚能源,20260617,7.75,7.78,7.5,7.55,7.78,-0.23,-2.9563,70618.0,53684.372
000099.SZ,中信海直,20260617,16.78,17.01,16.41,16.56,16.78,-0.22,-1.3111,164332.36,272640.14481
000100.SZ,TCL科技,20260617,4.6,5.12,4.59,5.12,4.65,0.47,10.1075,21313148.08,10656098.1237
000151.SZ,中成股份,20260617,14.43,14.65,13.72,13.94,14.41,-0.47,-3.2616,226061.63,316103.70986
000153.SZ,丰原药业,20260617,5.46,5.48,5.34,5.36,5.47,-0.11,-2.011,54978.47,29596.97795
000155.SZ,川能动力,20260617,13.46,13.6,13.24,13.34,13.46,-0.12,-0.8915,296701.23,397724.55402
000156.SZ,华数传媒,20260617,6.76,6.9,6.64,6.71,6.73,-0.02,-0.2972,126077.99,85416.05776
000157.SZ,中联重科,20260617,7.56,7.68,7.53,7.63,7.58,0.05,0.6596,597214.85,454788.23355
000158.SZ,常山北明,20260617,14.8,14.8,14.42,14.51,15.0,-0.49,-3.2667,335664.02,488101.62928
000159.SZ,国际实业,20260617,5.82,5.86,5.65,5.76,5.86,-0.1,-1.7065,160139.91,91823.40666
000166.SZ,申万宏源,20260617,4.59,4.61,4.55,4.57,4.6,-0.03,-0.6522,1085364.5,496856.65658
000301.SZ,东方盛虹,20260617,12.37,12.63,12.22,12.27,12.45,-0.18,-1.4458,175110.63,216608.41666
000333.SZ,美的集团,20260617,78.97,79.85,78.54,79.22,78.96,0.26,0.3293,334472.29,2647888.30823
000338.SZ,潍柴动力,20260617,28.25,29.93,28.08,29.28,28.11,1.17,4.1622,1055220.55,3084218.38337
000400.SZ,许继电气,20260617,22.9,23.18,22.73,23.04,23.06,-0.02,-0.0867,151423.04,347332.38549
000401.SZ,金隅冀东,20260617,3.79,3.8,3.73,3.74,3.81,-0.07,-1.8373,67746.38,25432.0129
000402.SZ,金融街,20260617,2.71,2.72,2.68,2.71,2.73,-0.02,-0.7326,367191.87,99027.46928
000403.SZ,派林生物,20260617,11.66,11.74,11.34,11.38,11.74,-0.36,-3.0664,109574.24,125296.88038
000404.SZ,长虹华意,20260617,8.12,8.33,7.91,7.95,8.1,-0.15,-1.8519,163563.0,131078.492
000407.SZ,胜利股份,20260617,3.98,3.99,3.85,3.9,4.0,-0.1,-2.5,175243.11,68439.63779
000408.SZ,藏格矿业,20260617,77.15,77.94,75.68,77.18,76.34,0.84,1.1003,114682.88,882494.842
000409.SZ,云鼎科技,20260617,8.85,9.08,8.78,8.91,8.91,0.0,0.0,56444.57,50382.49935
000410.SZ,沈阳机床,20260617,5.34,5.34,5.07,5.08,5.35,-0.27,-5.0467,310806.16,159945.62828
000411.SZ,英特集团,20260617,10.08,10.09,9.76,9.86,10.1,-0.24,-2.3762,75720.2,74629.10816
000415.SZ,渤海租赁,20260617,4.38,4.43,4.32,4.38,4.38,0.0,0.0,605789.23,264519.07078
000417.SZ,合百集团,20260617,7.55,7.88,7.42,7.77,7.6,0.17,2.2368,725684.23,557001.52775
000419.SZ,通程控股,20260617,4.88,4.89,4.7,4.74,4.85,-0.11,-2.268,60740.0,28991.867
000420.SZ,吉林化纤,20260617,4.33,4.4,4.27,4.31,4.34,-0.03,-0.6912,579334.0,251096.39792
000421.SZ,南京公用,20260617,5.41,5.43,5.29,5.38,5.44,-0.06,-1.1029,56145.0,30048.474
000422.SZ,湖北宜化,20260617,13.69,13.69,13.2,13.33,13.73,-0.4,-2.9133,291984.79,390015.68824
000423.SZ,东阿阿胶,20260617,48.18,48.2,47.32,47.32,47.97,-0.65,-1.355,33834.69,160822.47562
000425.SZ,徐工机械,20260617,9.13,9.27,9.05,9.25,9.19,0.06,0.6529,1145046.99,1046968.74971
000426.SZ,兴业银锡,20260617,40.0,41.36,39.7,40.61,40.01,0.6,1.4996,583909.56,2369438.32688
000428.SZ,华天酒店,20260617,3.26,3.27,3.15,3.17,3.26,-0.09,-2.7607,125569.24,40048.11103
000429.SZ,粤高速Ａ,20260617,13.1,13.43,13.07,13.38,13.14,0.24,1.8265,48115.39,64068.15187
000430.SZ,张家界,20260617,7.75,7.75,7.38,7.43,7.77,-0.34,-4.3758,121230.0,91245.49
000488.SZ,ST晨鸣,20260617,2.13,2.14,2.08,2.08,2.14,-0.06,-2.8037,112081.0,23515.651
000498.SZ,山东路桥,20260617,5.05,5.1,5.01,5.08,5.05,0.03,0.5941,74159.84,37448.41104
000501.SZ,武商集团,20260617,7.29,7.3,7.03,7.05,7.32,-0.27,-3.6885,100568.9,71510.0203
000503.SZ,国新健康,20260617,7.2,7.25,6.97,7.02,7.24,-0.22,-3.0387,150574.97,106027.93768
000504.SZ,南华生物,20260617,8.16,8.2,7.83,7.88,8.2,-0.32,-3.9024,71559.0,56978.623
000505.SZ,京粮控股,20260617,5.53,5.53,5.35,5.39,5.54,-0.15,-2.7076,65903.26,35593.33405
000506.SZ,招金黄金,20260617,15.27,15.63,14.81,15.46,15.2,0.26,1.7105,657353.46,999998.52946
000507.SZ,珠海港,20260617,4.92,4.92,4.83,4.86,4.92,-0.06,-1.2195,58484.0,28480.26989
000509.SZ,华塑控股,20260617,4.18,4.33,4.15,4.18,4.26,-0.08,-1.8779,656182.88,277206.71096
000510.SZ,新金路,20260617,22.71,22.94,21.48,22.02,22.95,-0.93,-4.0523,857102.12,1881956.9637
000513.SZ,丽珠集团,20260617,29.72,29.74,29.37,29.48,29.74,-0.26,-0.8742,38065.68,112228.8293
000514.SZ,渝开发,20260617,4.05,4.08,3.97,3.99,4.06,-0.07,-1.7241,95571.25,38206.35065
000516.SZ,国际医学,20260617,3.98,4.12,3.96,4.03,4.01,0.02,0.4988,206822.51,83330.34653
000517.SZ,荣安地产,20260617,1.99,2.01,1.87,1.89,1.98,-0.09,-4.5455,463973.21,88892.12348
000518.SZ,四环生物,20260617,3.21,3.22,3.07,3.14,3.21,-0.07,-2.1807,455304.0,142193.369
000519.SZ,中兵红箭,20260617,20.2,20.4,19.72,19.98,20.42,-0.44,-2.1548,744362.36,1485706.7978
000520.SZ,凤凰航运,20260617,4.55,4.61,4.48,4.53,4.58,-0.05,-1.0917,433185.0,197038.447
000521.SZ,长虹美菱,20260617,5.88,5.88,5.74,5.76,5.88,-0.12,-2.0408,82733.48,47789.5375
000523.SZ,红棉股份,20260617,2.9,2.91,2.81,2.83,2.92,-0.09,-3.0822,181921.25,51824.02345
000524.SZ,岭南控股,20260617,9.36,9.36,9.0,9.04,9.23,-0.19,-2.0585,63515.01,57604.61702
000525.SZ,红太阳,20260617,4.69,4.7,4.45,4.49,4.7,-0.21,-4.4681,249922.23,113120.78031
000526.SZ,学大教育,20260617,28.02,28.1,27.05,27.4,27.09,0.31,1.1443,44538.67,122352.5241
000528.SZ,柳工,20260617,8.27,8.29,8.15,8.18,8.27,-0.09,-1.0883,257045.28,210602.00876
000529.SZ,广弘控股,20260617,4.75,4.76,4.59,4.63,4.77,-0.14,-2.935,51753.58,24074.05096
000530.SZ,冰山冷热,20260617,5.6,5.8,5.52,5.56,5.65,-0.09,-1.5929,279715.0,156541.344
000531.SZ,穗恒运Ａ,20260617,6.89,6.96,6.7,6.86,6.89,-0.03,-0.4354,185906.3,127209.39152
000532.SZ,华金资本,20260617,12.0,12.16,11.65,11.75,12.02,-0.27,-2.2463,75734.0,89590.623
000533.SZ,顺钠股份,20260617,11.15,11.24,10.68,10.75,11.24,-0.49,-4.3594,339501.71,369446.64682
000534.SZ,万泽股份,20260617,29.76,30.75,29.12,29.42,29.75,-0.33,-1.1092,174404.12,518930.56949
000536.SZ,华映科技,20260617,3.56,3.97,3.55,3.85,3.63,0.22,6.0606,1342850.11,507528.32948
000537.SZ,绿发电力,20260617,8.68,8.76,8.5,8.55,8.72,-0.17,-1.9495,329574.63,283194.96695
000538.SZ,云南白药,20260617,49.42,49.45,48.85,48.91,49.41,-0.5,-1.0119,60549.51,297028.52031
000539.SZ,粤电力Ａ,20260617,7.8,8.48,7.48,8.22,7.71,0.51,6.6148,2963869.49,2403909.33311
000541.SZ,佛山照明,20260617,5.24,5.3,5.12,5.12,5.31,-0.19,-3.5782,392251.53,202477.7151
000543.SZ,皖能电力,20260617,8.64,8.72,8.48,8.57,8.63,-0.06,-0.6952,478366.21,411556.08072
000544.SZ,中原环保,20260617,7.82,7.86,7.77,7.82,7.84,-0.02,-0.2551,23854.0,18667.839
000545.SZ,金浦钛业,20260617,2.61,2.62,2.46,2.49,2.62,-0.13,-4.9618,661239.6,165745.5182
000546.SZ,金圆股份,20260617,5.36,5.45,5.28,5.34,5.41,-0.07,-1.2939,222752.15,119101.36065
000547.SZ,航天发展,20260617,19.96,20.8,19.9,20.05,19.96,0.09,0.4509,1222520.08,2480255.72571
000548.SZ,湖南投资,20260617,4.48,4.48,4.36,4.38,4.48,-0.1,-2.2321,51128.57,22471.68953
000550.SZ,江铃汽车,20260617,17.75,17.75,17.32,17.43,17.8,-0.37,-2.0787,27737.86,48426.20338
000551.SZ,创元科技,20260617,15.3,15.49,15.08,15.21,15.39,-0.18,-1.1696,195358.09,297640.91767
000552.SZ,甘肃能化,20260617,2.51,2.53,2.46,2.48,2.52,-0.04,-1.5873,468219.02,116262.77412
000553.SZ,安道麦A,20260617,5.98,5.98,5.86,5.88,6.01,-0.13,-2.1631,68544.43,40536.3357
000554.SZ,泰山石油,20260617,6.32,6.34,6.19,6.24,6.35,-0.11,-1.7323,105405.1,65842.7734
000555.SZ,神州信息,20260617,11.33,11.36,11.17,11.26,11.41,-0.15,-1.3146,130560.1,146737.78645
000557.SZ,西部创业,20260617,3.8,3.81,3.64,3.7,3.81,-0.11,-2.8871,154969.76,57671.95504
000558.SZ,天府文旅,20260617,3.87,3.88,3.61,3.66,3.9,-0.24,-6.1538,650184.46,241183.08489
000559.SZ,万向钱潮,20260617,13.78,13.84,13.52,13.57,13.79,-0.22,-1.5954,401715.19,547829.17807
000560.SZ,我爱我家,20260617,2.29,2.31,2.23,2.25,2.31,-0.06,-2.5974,712085.3,161110.86898
000561.SZ,烽火电子,20260617,7.97,7.97,7.76,7.82,8.0,-0.18,-2.25,103870.85,81469.2643
000563.SZ,陕国投Ａ,20260617,2.91,2.94,2.89,2.92,2.92,0.0,0.0,345704.73,100634.60223
000564.SZ,供销大集,20260617,1.6,1.62,1.51,1.52,1.6,-0.08,-5.0,5153586.81,798255.61736
000565.SZ,渝三峡Ａ,20260617,6.39,6.4,6.15,6.2,6.41,-0.21,-3.2761,104166.76,65078.49356
000566.SZ,海南海药,20260617,3.87,3.9,3.75,3.78,3.87,-0.09,-2.3256,195143.04,73956.42004
000567.SZ,海德股份,20260617,5.92,5.94,5.74,5.8,5.92,-0.12,-2.027,170612.74,98988.16599
000568.SZ,泸州老窖,20260617,83.01,83.48,81.89,82.94,83.28,-0.34,-0.4083,94119.58,776895.71658
000570.SZ,苏常柴Ａ,20260617,5.19,5.2,5.07,5.12,5.19,-0.07,-1.3487,94791.2,48468.6929
000571.SZ,新大洲A,20260617,5.49,5.6,5.22,5.47,5.36,0.11,2.0522,256324.68,139985.02813
000572.SZ,海马汽车,20260617,4.2,4.22,4.08,4.11,4.24,-0.13,-3.066,396341.48,163810.36116
000573.SZ,粤宏远Ａ,20260617,4.08,4.18,4.0,4.03,4.11,-0.08,-1.9465,201925.0,81898.813
000576.SZ,甘化科工,20260617,7.27,7.3,7.06,7.11,7.3,-0.19,-2.6027,65151.85,46550.4498
000581.SZ,威孚高科,20260617,17.83,17.92,17.62,17.67,17.92,-0.25,-1.3951,80672.21,142820.40754
000582.SZ,北部湾港,20260617,11.62,12.12,11.56,12.0,11.71,0.29,2.4765,510517.7,607826.04928
000586.SZ,汇源通信,20260617,15.41,15.7,15.28,15.49,15.77,-0.28,-1.7755,81012.0,125104.734
000589.SZ,贵州轮胎,20260617,4.46,4.47,4.31,4.33,4.46,-0.13,-2.9148,334223.07,145538.91289
000590.SZ,古汉医药,20260617,9.37,9.38,9.11,9.17,9.27,-0.1,-1.0787,25150.1,23091.5871
000591.SZ,太阳能,20260617,5.1,5.12,5.0,5.04,5.1,-0.06,-1.1765,633119.22,318201.97755
000592.SZ,平潭发展,20260617,7.62,7.73,7.43,7.46,7.67,-0.21,-2.7379,882429.68,665922.68206
000593.SZ,德龙汇能,20260617,23.76,25.36,23.4,25.15,23.76,1.39,5.8502,328108.07,801003.63879
000595.SZ,*ST宝实,20260617,6.56,6.7,6.5,6.54,6.62,-0.08,-1.2085,169394.98,111496.83574
000596.SZ,古井贡酒,20260617,84.68,85.15,83.15,84.06,85.0,-0.94,-1.1059,26726.2,224267.8556
000597.SZ,东北制药,20260617,4.41,4.44,4.37,4.39,4.45,-0.06,-1.3483,65605.12,28842.87346
000598.SZ,兴蓉环境,20260617,6.91,6.96,6.83,6.91,6.92,-0.01,-0.1445,222875.59,153508.9046
000599.SZ,青岛双星,20260617,4.78,4.88,4.72,4.74,4.76,-0.02,-0.4202,119088.0,56666.865
000600.SZ,建投能源,20260617,10.41,10.98,10.18,10.66,10.51,0.15,1.4272,630724.92,670628.78418
000601.SZ,韶能股份,20260617,7.07,7.24,6.83,7.08,7.04,0.04,0.5682,785653.84,555422.85163
000603.SZ,盛达资源,20260617,26.11,27.45,25.71,26.52,27.71,-1.19,-4.2945,849592.82,2249294.10893
000605.SZ,渤海股份,20260617,5.93,5.93,5.71,5.71,5.93,-0.22,-3.7099,49756.0,28687.4398
000607.SZ,华媒控股,20260617,3.39,3.41,3.27,3.3,3.4,-0.1,-2.9412,132896.0,44126.471
000608.SZ,阳光股份,20260617,7.15,7.35,6.79,6.9,7.16,-0.26,-3.6313,589088.41,412000.86031
000609.SZ,*ST中迪,20260617,12.05,12.07,11.49,11.52,11.88,-0.36,-3.0303,66916.0,78281.972
000610.SZ,*ST西旅,20260617,6.7,6.7,6.45,6.51,6.68,-0.17,-2.5449,41423.52,27122.57512
000612.SZ,焦作万方,20260617,10.96,11.25,10.83,10.97,11.03,-0.06,-0.544,363140.1,400317.82587
000615.SZ,*ST美谷,20260617,3.46,3.46,3.37,3.39,3.44,-0.05,-1.4535,55397.7,18845.0203
000617.SZ,中油资本,20260617,7.36,7.4,7.25,7.36,7.36,0.0,0.0,793814.08,581780.4371
000619.SZ,海螺新材,20260617,4.9,4.92,4.76,4.82,4.89,-0.07,-1.4315,99986.16,48247.21683
000620.SZ,盈新发展,20260617,2.9,3.05,2.84,3.01,2.92,0.09,3.0822,3398233.22,992051.10965
000623.SZ,吉林敖东,20260617,17.85,17.93,17.6,17.65,17.88,-0.23,-1.2864,74208.12,131610.43423
000625.SZ,长安汽车,20260617,7.51,7.51,7.38,7.39,7.53,-0.14,-1.8592,570210.51,422875.06257
000626.SZ,远大控股,20260617,7.13,7.18,6.97,7.02,7.16,-0.14,-1.9553,68990.0,48491.838
000628.SZ,高新发展,20260617,52.86,54.16,52.26,53.59,53.49,0.1,0.187,76675.96,409735.48934
000629.SZ,钒钛股份,20260617,3.27,3.3,3.16,3.2,3.27,-0.07,-2.1407,1078731.49,346151.2873
000630.SZ,铜陵有色,20260617,7.56,7.7,7.33,7.56,7.57,-0.01,-0.1321,5992499.87,4521019.01429
000631.SZ,顺发恒能,20260617,3.12,3.16,3.07,3.11,3.15,-0.04,-1.2698,218796.13,67887.35939
000632.SZ,ST三木,20260617,3.62,3.68,3.5,3.5,3.68,-0.18,-4.8913,158688.01,56483.77761
000633.SZ,合金投资,20260617,5.5,5.59,5.13,5.16,5.35,-0.19,-3.5514,164069.77,87091.11655
000635.SZ,英力特,20260617,6.99,7.02,6.67,6.74,7.01,-0.27,-3.8516,97856.0,66302.929
000636.SZ,风华高科,20260617,69.98,74.09,68.88,74.06,70.61,3.45,4.886,1645583.4,11924155.9721
000637.SZ,茂化实华,20260617,3.88,3.92,3.75,3.77,3.89,-0.12,-3.0848,90066.13,34191.91788
000639.SZ,ST西王,20260617,1.41,1.43,1.35,1.36,1.42,-0.06,-4.2254,355810.44,49253.77212
000650.SZ,仁和药业,20260617,5.27,5.27,5.16,5.18,5.26,-0.08,-1.5209,101400.83,52630.08353
000651.SZ,格力电器,20260617,37.33,37.4,37.02,37.15,37.29,-0.14,-0.3754,365021.04,1354371.90361
000652.SZ,泰达股份,20260617,3.6,3.61,3.49,3.52,3.61,-0.09,-2.4931,132171.5,46572.359
000655.SZ,金岭矿业,20260617,7.15,7.16,6.94,7.0,7.18,-0.18,-2.507,61688.02,43349.09302
000656.SZ,*ST金科,20260617,1.36,1.37,1.34,1.34,1.36,-0.02,-1.4706,528287.75,71360.79634
000657.SZ,中钨高新,20260617,89.0,92.12,88.0,89.53,92.5,-2.97,-3.2108,1078427.94,9670875.90813
000659.SZ,珠海中富,20260617,3.46,3.57,3.38,3.56,3.48,0.08,2.2989,274603.6,94891.38287
000661.SZ,长春高新,20260617,64.69,65.15,63.51,63.79,64.86,-1.07,-1.6497,58159.45,371989.49348
000663.SZ,永安林业,20260617,5.59,5.63,5.39,5.43,5.62,-0.19,-3.3808,60790.46,33233.5689
000665.SZ,湖北广电,20260617,4.06,4.08,3.92,3.93,4.08,-0.15,-3.6765,170199.99,67657.66199
000668.SZ,荣丰控股,20260617,21.6,22.2,20.83,21.24,21.67,-0.43,-1.9843,42517.0,91477.192
000669.SZ,ST金鸿,20260617,4.03,4.22,3.99,4.15,4.02,0.13,3.2338,134453.98,56125.45038
000670.SZ,盈方微,20260617,8.92,9.32,8.89,9.21,9.15,0.06,0.6557,971299.03,885963.07504
000672.SZ,上峰材料,20260617,17.02,19.03,16.85,19.03,17.3,1.73,10.0,462572.05,839488.1861
000676.SZ,智度股份,20260617,5.6,5.67,5.46,5.5,5.64,-0.14,-2.4823,247715.73,137356.15371
000677.SZ,ST海龙,20260617,1.87,1.88,1.8,1.8,1.89,-0.09,-4.7619,342362.0,62560.32
000678.SZ,襄阳轴承,20260617,9.93,9.93,9.61,9.64,10.05,-0.41,-4.0796,121806.21,118702.4643
000679.SZ,大连友谊,20260617,6.81,7.35,6.7,7.35,6.68,0.67,10.0299,224879.11,157769.15552
000680.SZ,山推股份,20260617,10.42,10.5,10.27,10.41,10.45,-0.04,-0.3828,111714.61,115955.94192
000681.SZ,视觉中国,20260617,21.21,21.29,20.44,20.66,21.52,-0.86,-3.9963,459916.79,950894.11164
000682.SZ,东方电子,20260617,12.36,13.25,12.36,12.9,12.42,0.48,3.8647,353138.99,454652.24312
000683.SZ,博源化工,20260617,6.78,6.82,6.5,6.57,6.78,-0.21,-3.0973,576791.07,381801.18316
000685.SZ,中山公用,20260617,11.03,11.28,10.99,11.19,11.07,0.12,1.084,168270.51,187101.47858
000686.SZ,东北证券,20260617,8.1,8.17,8.02,8.07,8.12,-0.05,-0.6158,215341.87,174063.35508
000688.SZ,国城矿业,20260617,41.2,42.59,40.6,40.8,41.77,-0.97,-2.3222,250931.12,1040415.20298
000690.SZ,宝新能源,20260617,5.54,5.6,5.39,5.44,5.6,-0.16,-2.8571,902766.64,492909.95409
000691.SZ,亚太实业,20260617,11.27,11.88,11.05,11.58,11.15,0.43,3.8565,257511.0,295704.0228
000692.SZ,惠天热电,20260617,4.39,4.44,4.31,4.36,4.4,-0.04,-0.9091,147654.0,64415.782
000695.SZ,滨海能源,20260617,13.03,14.47,12.81,14.47,13.15,1.32,10.038,261285.01,358874.17596
000697.SZ,炼石航空,20260617,11.8,12.01,11.65,11.84,11.79,0.05,0.4241,178494.13,211127.24218
000698.SZ,ST沈化,20260617,3.23,3.23,3.1,3.12,3.24,-0.12,-3.7037,82186.31,25784.93141
000700.SZ,模塑科技,20260617,16.26,16.31,15.6,15.96,16.11,-0.15,-0.9311,702442.02,1118037.09068
000701.SZ,厦门信达,20260617,4.99,4.99,4.76,4.83,4.98,-0.15,-3.012,144875.0,70132.56649
000702.SZ,正虹科技,20260617,5.41,5.47,5.27,5.34,5.44,-0.1,-1.8382,69881.98,37326.95074
000703.SZ,恒逸石化,20260617,12.66,13.01,12.5,12.65,12.78,-0.13,-1.0172,419322.46,533002.02674
000705.SZ,浙江震元,20260617,6.57,6.58,6.35,6.38,6.55,-0.17,-2.5954,43673.0,28037.055
000707.SZ,双环科技,20260617,4.76,4.79,4.56,4.64,4.76,-0.12,-2.521,110374.23,51280.87789
000708.SZ,中信特钢,20260617,13.82,13.99,13.58,13.61,13.81,-0.2,-1.4482,142249.7,195817.10129
000709.SZ,河钢股份,20260617,2.1,2.12,2.07,2.08,2.11,-0.03,-1.4218,785305.77,163842.02815
000710.SZ,贝瑞基因,20260617,8.07,8.07,7.8,7.84,8.06,-0.22,-2.7295,64902.0,51113.52606
000711.SZ,ST京蓝,20260617,5.51,5.53,5.38,5.42,5.66,-0.24,-4.2403,947503.0,512845.4292
000712.SZ,锦龙股份,20260617,9.51,9.88,9.27,9.35,9.55,-0.2,-2.0942,417079.12,393859.46553
000713.SZ,国投丰乐,20260617,5.79,5.79,5.69,5.7,5.81,-0.11,-1.8933,39739.46,22721.55928
000715.SZ,中兴商业,20260617,4.85,4.87,4.7,4.72,4.88,-0.16,-3.2787,72928.7,34662.00548
000716.SZ,黑芝麻,20260617,4.6,4.61,4.42,4.43,4.64,-0.21,-4.5259,225569.62,101124.13804
000717.SZ,中南股份,20260617,2.14,2.14,2.07,2.09,2.14,-0.05,-2.3364,171629.0,35910.523
000718.SZ,苏宁环球,20260617,1.93,1.94,1.87,1.88,1.94,-0.06,-3.0928,488786.09,92463.39172
000719.SZ,中原传媒,20260617,12.22,12.25,11.88,11.95,12.27,-0.32,-2.608,51975.65,62437.81996
000720.SZ,新能泰山,20260617,4.37,4.44,4.28,4.29,4.41,-0.12,-2.7211,485579.0,210050.932
000721.SZ,西安饮食,20260617,6.07,6.09,5.84,5.86,6.07,-0.21,-3.4596,88639.0,52412.17344
000722.SZ,湖南发展,20260617,14.89,15.85,14.51,15.85,15.04,0.81,5.3856,434955.08,669138.96232
000723.SZ,美锦能源,20260617,3.9,3.9,3.8,3.81,3.94,-0.13,-3.2995,517571.84,198061.48764
000725.SZ,京东方Ａ,20260617,6.06,6.71,6.05,6.71,6.1,0.61,10.0,18550205.5,12134264.3421
000726.SZ,鲁泰Ａ,20260617,5.83,5.83,5.75,5.78,5.84,-0.06,-1.0274,38532.46,22242.1368
000727.SZ,冠捷科技,20260617,2.84,3.05,2.83,2.95,2.87,0.08,2.7875,3380538.2,996051.82759
000728.SZ,国元证券,20260617,7.2,7.38,7.14,7.25,7.22,0.03,0.4155,477169.37,345828.92053
000729.SZ,燕京啤酒,20260617,10.9,10.94,10.41,10.46,10.95,-0.49,-4.4749,515115.86,544716.44278
000731.SZ,四川美丰,20260617,5.82,5.84,5.58,5.62,5.81,-0.19,-3.2702,80358.0,45494.559
000733.SZ,振华科技,20260617,56.1,58.85,55.68,58.13,56.34,1.79,3.1771,548628.27,3159899.69664
000735.SZ,罗牛山,20260617,5.25,5.25,5.03,5.07,5.26,-0.19,-3.6122,257850.14,131078.27741
000736.SZ,中交发展,20260617,4.59,4.59,4.36,4.39,4.62,-0.23,-4.9784,301594.3,133958.3082
000737.SZ,北方铜业,20260617,14.69,14.8,14.44,14.68,14.71,-0.03,-0.2039,533063.93,780291.10509
000738.SZ,航发控制,20260617,18.92,19.07,18.76,18.91,19.03,-0.12,-0.6306,137351.79,259431.50913
000739.SZ,普洛药业,20260617,16.23,16.35,16.17,16.29,16.35,-0.06,-0.367,35910.66,58324.68386
000750.SZ,国海证券,20260617,3.72,3.76,3.69,3.72,3.73,-0.01,-0.2681,453266.2,168911.07102
000751.SZ,锌业股份,20260617,5.23,5.28,5.07,5.11,5.26,-0.15,-2.8517,650831.02,335447.13245
000752.SZ,*ST西发,20260617,8.72,8.84,8.53,8.61,8.72,-0.11,-1.2615,28393.0,24601.496
000753.SZ,漳州发展,20260617,5.07,5.07,4.88,4.89,5.07,-0.18,-3.5503,227585.01,112475.55104
000755.SZ,山西高速,20260617,4.7,4.71,4.61,4.64,4.69,-0.05,-1.0661,31105.78,14425.59536
000756.SZ,新华制药,20260617,12.4,12.4,12.0,12.01,12.31,-0.3,-2.437,51557.6,62448.93747
000757.SZ,浩物股份,20260617,3.77,3.8,3.66,3.71,3.78,-0.07,-1.8519,145998.0,54290.524
000758.SZ,中色股份,20260617,7.09,7.13,6.91,6.96,7.11,-0.15,-2.1097,572142.27,400824.35622
000759.SZ,中百集团,20260617,6.18,6.22,5.98,6.05,6.21,-0.16,-2.5765,758869.0,459280.004
000761.SZ,本钢板材,20260617,2.37,2.38,2.25,2.26,2.37,-0.11,-4.6414,202803.09,46425.12629
000762.SZ,西藏矿业,20260617,30.57,30.77,30.0,30.18,30.38,-0.2,-0.6583,195430.55,592583.20534
000766.SZ,通化金马,20260617,24.19,24.98,24.05,24.51,24.52,-0.01,-0.0408,157160.87,385278.53036
000767.SZ,晋控电力,20260617,4.93,5.13,4.76,5.0,4.93,0.07,1.4199,2786669.22,1389039.63702
000768.SZ,中航西飞,20260617,20.89,21.37,20.67,21.29,21.13,0.16,0.7572,344687.67,725246.57662
000776.SZ,广发证券,20260617,21.49,21.7,21.25,21.42,21.5,-0.08,-0.3721,711953.68,1523558.80595
000777.SZ,中核科技,20260617,21.86,21.86,20.72,21.86,19.87,1.99,10.0151,791286.22,1701761.98332
000778.SZ,新兴铸管,20260617,4.05,4.05,3.99,4.04,4.07,-0.03,-0.7371,425146.29,170581.09319
000779.SZ,甘咨询,20260617,7.69,7.79,7.57,7.75,7.73,0.02,0.2587,85930.1,66026.3756
000782.SZ,恒申新材,20260617,7.61,7.7,7.4,7.53,7.68,-0.15,-1.9531,317574.66,238345.0723
000783.SZ,长江证券,20260617,7.93,8.23,7.92,8.05,7.97,0.08,1.0038,1109865.1,896447.24767
000785.SZ,居然智家,20260617,2.25,2.26,2.18,2.19,2.26,-0.07,-3.0973,671080.1,147993.7739
000786.SZ,北新建材,20260617,20.55,20.97,20.43,20.58,20.56,0.02,0.0973,119123.8,246120.2579
000788.SZ,北大医药,20260617,5.42,5.44,5.33,5.38,5.44,-0.06,-1.1029,102276.0,54849.6331
000789.SZ,万年青,20260617,4.22,4.24,4.13,4.16,4.21,-0.05,-1.1876,43336.47,18027.55936
000790.SZ,华神科技,20260617,3.71,3.73,3.53,3.7,3.7,0.0,0.0,183228.76,66224.82388
000791.SZ,甘肃能源,20260617,9.39,9.78,9.12,9.22,9.28,-0.06,-0.6466,1057753.35,994769.72007
000792.SZ,盐湖股份,20260617,31.28,31.55,30.51,30.87,31.15,-0.28,-0.8989,771274.29,2388289.08379
000793.SZ,*ST华闻,20260617,2.64,2.75,2.62,2.63,2.66,-0.03,-1.1278,401018.74,107399.99736
000795.SZ,英洛华,20260617,9.51,9.59,9.23,9.34,9.67,-0.33,-3.4126,407724.94,381607.83258
000796.SZ,凯撒旅业,20260617,4.42,4.45,4.22,4.25,4.46,-0.21,-4.7085,493521.0,211747.037
000797.SZ,中国武夷,20260617,2.42,2.43,2.32,2.33,2.42,-0.09,-3.719,282722.6,66366.61248
000798.SZ,中水渔业,20260617,7.94,7.98,7.54,7.58,7.73,-0.15,-1.9405,80066.0,61465.224
000799.SZ,酒鬼酒,20260617,38.15,38.39,37.4,38.23,38.34,-0.11,-0.2869,93982.99,355221.26833
000800.SZ,一汽解放,20260617,6.04,6.28,5.97,6.26,6.05,0.21,3.4711,281429.88,173953.29062
000801.SZ,四川九洲,20260617,11.9,11.95,11.5,11.58,11.99,-0.41,-3.4195,196175.73,228909.70666
000802.SZ,北京文化,20260617,4.08,4.12,3.98,4.03,4.13,-0.1,-2.4213,381973.2,154324.8766
000803.SZ,山高环能,20260617,7.15,7.24,6.97,7.1,7.14,-0.04,-0.5602,107245.48,76153.38064
000807.SZ,云铝股份,20260617,25.47,25.57,24.67,25.0,25.38,-0.38,-1.4972,851609.82,2134606.21002
000809.SZ,和展能源,20260617,3.95,3.95,3.67,3.73,3.92,-0.19,-4.8469,449112.0,168542.757
000810.SZ,创维数字,20260617,11.49,12.23,11.38,12.15,11.57,0.58,5.013,331297.78,399041.8537
000811.SZ,冰轮环境,20260617,36.52,36.52,36.52,36.52,33.2,3.32,10.0,95209.84,347706.33568
000812.SZ,陕西金叶,20260617,3.4,3.43,3.3,3.32,3.42,-0.1,-2.924,138296.41,46166.92011
000813.SZ,德展健康,20260617,3.03,3.04,2.96,3.0,3.03,-0.03,-0.9901,230768.65,68894.7577
000815.SZ,美利云,20260617,16.49,17.48,16.18,17.28,16.3,0.98,6.0123,954431.32,1607170.97801
000816.SZ,智慧农业,20260617,2.49,2.5,2.4,2.42,2.5,-0.08,-3.2,241463.25,58670.78525
000818.SZ,航锦科技,20260617,12.95,13.09,12.63,12.71,12.92,-0.21,-1.6254,159730.77,203882.17735
000819.SZ,岳阳兴长,20260617,13.55,13.55,13.03,13.16,13.58,-0.42,-3.0928,50256.28,66163.76103
000820.SZ,*ST节能,20260617,3.09,3.1,3.05,3.05,3.08,-0.03,-0.974,32603.44,9999.3062
000821.SZ,ST京机,20260617,9.09,9.28,8.96,8.99,9.09,-0.1,-1.1001,78444.32,71192.65965
000822.SZ,山东海化,20260617,4.55,4.56,4.41,4.43,4.57,-0.14,-3.0635,139441.0,62062.036
000823.SZ,超声电子,20260617,19.9,22.11,19.88,22.11,20.1,2.01,10.0,694442.72,1496065.13903
000825.SZ,太钢不锈,20260617,3.84,3.85,3.71,3.76,3.86,-0.1,-2.5907,319906.57,120097.67186
000826.SZ,*ST启环,20260617,2.16,2.19,2.14,2.17,2.18,-0.01,-0.4587,156421.5,33879.5331
000828.SZ,东莞控股,20260617,9.83,9.84,9.68,9.72,9.84,-0.12,-1.2195,40926.76,39873.30044
000829.SZ,天音控股,20260617,8.56,8.74,8.47,8.5,8.55,-0.05,-0.5848,187724.38,161139.81737
000830.SZ,鲁西化工,20260617,12.91,13.18,12.65,12.97,12.99,-0.02,-0.154,242342.4,313881.64932
000831.SZ,中国稀土,20260617,59.9,61.68,57.93,59.09,60.97,-1.88,-3.0835,714262.39,4250289.34343
000833.SZ,粤桂股份,20260617,22.72,22.86,22.05,22.13,23.19,-1.06,-4.5709,440805.88,981567.00823
000837.SZ,秦川机床,20260617,12.33,12.47,11.95,12.03,12.48,-0.45,-3.6058,334136.79,405094.18355
000838.SZ,*ST发展,20260617,1.68,1.7,1.6,1.6,1.68,-0.08,-4.7619,264210.1,43158.5344
000839.SZ,国安股份,20260617,2.64,2.65,2.57,2.59,2.66,-0.07,-2.6316,523485.5,135893.921
000848.SZ,承德露露,20260617,7.67,7.73,7.6,7.66,7.71,-0.05,-0.6485,104322.51,79605.38548
000850.SZ,华茂股份,20260617,3.77,3.82,3.72,3.74,3.78,-0.04,-1.0582,71510.8,26888.7579
000852.SZ,石化机械,20260617,5.78,5.91,5.57,5.6,5.72,-0.12,-2.0979,130539.46,73920.06766
000856.SZ,冀东装备,20260617,8.03,8.06,7.8,7.85,8.07,-0.22,-2.7261,55043.0,43361.435
000858.SZ,五粮液,20260617,78.3,78.7,77.25,77.49,78.33,-0.84,-1.0724,222587.74,1727945.96535
000859.SZ,国风新材,20260617,11.4,11.9,11.35,11.84,11.6,0.24,2.069,947868.51,1107644.93956
000860.SZ,顺鑫农业,20260617,10.36,10.4,10.07,10.15,10.37,-0.22,-2.1215,65183.12,66313.48072
000862.SZ,银星能源,20260617,5.8,5.84,5.51,5.53,5.83,-0.3,-5.1458,365009.1,204345.36476
000863.SZ,三湘印象,20260617,4.56,4.59,4.39,4.42,4.61,-0.19,-4.1215,194362.8,86617.83739
000868.SZ,安凯客车,20260617,3.74,3.75,3.57,3.63,3.75,-0.12,-3.2,185282.59,67210.30049
000869.SZ,张裕Ａ,20260617,17.27,17.27,16.77,16.96,17.27,-0.31,-1.795,10082.0,17064.481
000875.SZ,电投绿能,20260617,5.96,6.04,5.81,5.86,5.96,-0.1,-1.6779,529220.54,312735.92239
000876.SZ,新希望,20260617,6.52,6.52,6.29,6.32,6.52,-0.2,-3.0675,428437.38,272111.51779
000877.SZ,天山股份,20260617,4.03,4.09,4.0,4.04,4.04,0.0,0.0,102518.38,41298.9217
000878.SZ,云南铜业,20260617,17.88,18.03,17.61,17.93,17.82,0.11,0.6173,443024.7,790276.99081
000880.SZ,潍柴重机,20260617,25.55,26.1,25.21,25.6,25.46,0.14,0.5499,140953.04,361592.30034
000881.SZ,中广核技,20260617,7.07,7.08,6.88,6.95,7.1,-0.15,-2.1127,142802.71,99137.79158
000882.SZ,华联股份,20260617,1.42,1.43,1.37,1.38,1.43,-0.05,-3.4965,655638.0,90871.211
000883.SZ,湖北能源,20260617,4.98,5.04,4.92,4.94,5.01,-0.07,-1.3972,447984.02,222440.57686
000885.SZ,城发环境,20260617,12.66,12.84,12.61,12.67,12.74,-0.07,-0.5495,34770.77,44177.33188
000886.SZ,海南高速,20260617,4.35,4.36,4.22,4.26,4.37,-0.11,-2.5172,127232.05,54303.15345
000887.SZ,中鼎股份,20260617,22.19,22.46,21.7,22.1,22.35,-0.25,-1.1186,404362.05,891479.36674
000888.SZ,峨眉山Ａ,20260617,9.85,9.89,9.48,9.53,9.88,-0.35,-3.5425,95893.15,91952.76245
000889.SZ,中嘉博创,20260617,3.72,3.72,3.61,3.65,3.77,-0.12,-3.183,395587.8,144451.962
000890.SZ,法尔胜,20260617,9.42,9.42,9.1,9.12,9.47,-0.35,-3.6959,288291.3,264284.6806
000892.SZ,欢瑞世纪,20260617,3.75,3.75,3.56,3.6,3.76,-0.16,-4.2553,297466.0,107679.18701
000893.SZ,亚钾国际,20260617,43.0,43.56,40.58,41.77,43.7,-1.93,-4.4165,360791.09,1507166.52355
000895.SZ,双汇发展,20260617,23.6,23.62,23.01,23.05,23.54,-0.49,-2.0816,123151.18,285650.73432
000897.SZ,津滨发展,20260617,1.82,1.83,1.76,1.77,1.82,-0.05,-2.7473,231327.52,41269.00504
000898.SZ,鞍钢股份,20260617,2.0,2.0,1.96,1.99,2.0,-0.01,-0.5,285998.5,56558.838
000899.SZ,赣能股份,20260617,12.4,12.48,11.6,11.79,12.55,-0.76,-6.0558,298109.77,356282.12588
000900.SZ,现代投资,20260617,3.65,3.65,3.6,3.61,3.65,-0.04,-1.0959,62860.0,22741.416
000901.SZ,航天科技,20260617,18.42,18.71,18.11,18.26,18.49,-0.23,-1.2439,182372.76,335553.99703
000902.SZ,新洋丰,20260617,12.54,12.63,12.3,12.42,12.54,-0.12,-0.9569,106398.96,132353.733
000903.SZ,ST云动,20260617,2.02,2.03,1.94,1.97,2.02,-0.05,-2.4752,325202.0,63867.612
000905.SZ,厦门港务,20260617,8.78,8.81,8.57,8.61,8.77,-0.16,-1.8244,84901.85,73289.84227
000906.SZ,浙商中拓,20260617,5.46,5.47,5.36,5.43,5.46,-0.03,-0.5495,71631.29,38707.53176
000908.SZ,景峰医药,20260617,6.13,6.16,5.95,5.99,6.11,-0.12,-1.964,184006.46,110948.71622
000909.SZ,*ST数源,20260617,4.13,4.19,4.01,4.03,4.15,-0.12,-2.8916,37153.0,15230.795
000910.SZ,大亚圣象,20260617,5.85,5.88,5.69,5.72,5.89,-0.17,-2.8862,35229.0,20322.726
000911.SZ,*ST广糖,20260617,4.69,4.7,4.5,4.5,4.74,-0.24,-5.0633,97388.0,44267.301
000912.SZ,泸天化,20260617,3.59,3.6,3.45,3.47,3.58,-0.11,-3.0726,253067.49,88153.26702
000913.SZ,钱江摩托,20260617,12.07,12.27,11.92,12.14,12.03,0.11,0.9144,57965.91,70202.02911
000915.SZ,华特达因,20260617,27.58,27.6,27.13,27.24,27.58,-0.34,-1.2328,13754.5,37526.572
000917.SZ,电广传媒,20260617,7.09,7.14,6.84,6.9,7.13,-0.23,-3.2258,283107.53,197153.5965
000919.SZ,金陵药业,20260617,6.12,6.17,6.03,6.07,6.11,-0.04,-0.6547,69007.08,41942.72148
000920.SZ,沃顿科技,20260617,14.0,15.39,13.89,15.04,14.35,0.69,4.8084,333788.5,493171.12153
000921.SZ,海信家电,20260617,28.23,28.35,27.69,27.88,28.31,-0.43,-1.5189,150668.61,421332.82999
000922.SZ,佳电股份,20260617,14.22,14.5,13.84,13.96,14.5,-0.54,-3.7241,413248.88,579535.5698
000923.SZ,河钢资源,20260617,14.11,14.21,13.73,13.91,14.15,-0.24,-1.6961,112717.34,157189.31824
000925.SZ,众合科技,20260617,8.37,8.45,8.21,8.28,8.52,-0.24,-2.8169,375795.6,312136.33692
000926.SZ,福星股份,20260617,2.07,2.09,2.0,2.01,2.08,-0.07,-3.3654,426726.0,86274.4736
000927.SZ,中国铁物,20260617,2.48,2.52,2.45,2.51,2.49,0.02,0.8032,458491.21,113686.91216
000928.SZ,中钢国际,20260617,5.75,5.85,5.7,5.85,5.78,0.07,1.2111,177479.77,102652.71609
000929.SZ,兰州黄河,20260617,10.12,10.43,9.58,9.93,10.04,-0.11,-1.0956,96540.62,96483.21113
000930.SZ,中粮科技,20260617,4.87,4.87,4.7,4.73,4.87,-0.14,-2.8747,159696.89,75736.27508
000931.SZ,中关村,20260617,4.07,4.07,3.96,4.01,4.04,-0.03,-0.7426,44682.56,17827.70252
000932.SZ,华菱钢铁,20260617,3.74,3.77,3.64,3.68,3.76,-0.08,-2.1277,1247411.95,459370.63381
000933.SZ,神火股份,20260617,24.93,25.07,24.38,24.55,24.91,-0.36,-1.4452,459065.18,1132718.18848
000935.SZ,四川双马,20260617,26.35,26.9,26.1,26.25,26.6,-0.35,-1.3158,55416.48,146324.67488
000936.SZ,华西股份,20260617,5.89,5.89,5.75,5.79,5.89,-0.1,-1.6978,138164.3,80109.5902
000937.SZ,冀中能源,20260617,4.73,4.73,4.6,4.63,4.68,-0.05,-1.0684,214454.26,99150.55407
000938.SZ,紫光股份,20260617,26.48,28.0,26.36,27.21,26.78,0.43,1.6057,1277040.22,3474251.84572
000948.SZ,南天信息,20260617,12.57,12.63,12.27,12.54,12.64,-0.1,-0.7911,51108.37,63627.29022
000949.SZ,新乡化纤,20260617,6.97,7.06,6.79,6.85,6.99,-0.14,-2.0029,388212.0,267022.425
000950.SZ,重药控股,20260617,5.27,5.27,5.15,5.19,5.24,-0.05,-0.9542,174303.34,90364.95878
000951.SZ,中国重汽,20260617,21.92,22.74,21.13,22.0,22.13,-0.13,-0.5874,110208.48,242543.35203
000952.SZ,广济药业,20260617,6.18,6.18,5.91,5.96,6.13,-0.17,-2.7732,60526.6,36318.3986
000953.SZ,中哲精化,20260617,5.7,5.75,5.57,5.63,5.7,-0.07,-1.2281,56476.82,31842.60811
000955.SZ,欣龙控股,20260617,4.16,4.63,4.04,4.63,4.21,0.42,9.9762,447360.36,194279.70072
000957.SZ,中通客车,20260617,10.22,10.28,10.03,10.12,10.29,-0.17,-1.6521,79849.44,80828.11207
000958.SZ,电投产融,20260617,6.29,6.31,5.9,5.93,6.31,-0.38,-6.0222,807646.53,487752.18336
000959.SZ,首钢股份,20260617,3.37,3.37,3.27,3.28,3.39,-0.11,-3.2448,391537.88,129319.17077
000960.SZ,锡业股份,20260617,41.3,42.56,40.62,41.43,41.64,-0.21,-0.5043,909905.53,3772006.92292
000962.SZ,东方钽业,20260617,62.64,64.89,61.62,62.36,64.36,-2.0,-3.1075,316804.12,1992881.81412
000963.SZ,华东医药,20260617,28.18,28.29,27.58,27.7,28.26,-0.56,-1.9816,122642.6,341042.86218
000965.SZ,天保基建,20260617,3.3,3.31,3.19,3.21,3.29,-0.08,-2.4316,181635.24,58453.41238
000966.SZ,长源电力,20260617,4.93,5.0,4.76,4.83,4.94,-0.11,-2.2267,869513.3,422271.9481
000967.SZ,盈峰环境,20260617,10.26,10.78,10.03,10.25,10.35,-0.1,-0.9662,1291961.73,1341729.57392
000968.SZ,蓝焰控股,20260617,6.8,6.83,6.69,6.74,6.86,-0.12,-1.7493,146791.58,99011.81818
000969.SZ,安泰科技,20260617,24.7,25.04,24.49,24.65,25.35,-0.7,-2.7613,686777.53,1698751.14928
000970.SZ,中科三环,20260617,14.6,14.85,14.11,14.27,14.77,-0.5,-3.3852,1290877.43,1848325.12289
000972.SZ,*ST中基,20260617,3.52,3.55,3.48,3.49,3.55,-0.06,-1.6901,36473.0,12783.651
000973.SZ,佛塑科技,20260617,15.77,16.35,15.66,15.83,16.05,-0.22,-1.3707,699139.38,1116239.7003
000975.SZ,山金国际,20260617,21.69,22.34,21.6,21.88,21.65,0.23,1.0624,409403.83,897271.83128
000977.SZ,浪潮信息,20260617,61.61,65.13,61.5,64.5,62.3,2.2,3.5313,682186.82,4372826.94211
000978.SZ,桂林旅游,20260617,5.84,5.9,5.62,5.66,5.84,-0.18,-3.0822,123161.81,70269.69708
000980.SZ,众泰汽车,20260617,2.3,2.35,2.25,2.26,2.3,-0.04,-1.7391,1318804.21,301720.10514
000981.SZ,山子高科,20260617,3.33,3.39,3.31,3.35,3.37,-0.02,-0.5935,1846600.7,618200.51218
000983.SZ,山西焦煤,20260617,6.91,6.94,6.68,6.72,6.91,-0.19,-2.7496,830821.01,561414.00198
000985.SZ,大庆华科,20260617,15.87,16.07,15.5,15.51,15.96,-0.45,-2.8195,11978.0,18744.515
000987.SZ,越秀资本,20260617,7.74,7.86,7.64,7.71,7.76,-0.05,-0.6443,292254.39,226328.29923
000988.SZ,华工科技,20260617,161.65,172.8,161.0,170.51,164.0,6.51,3.9695,771903.22,12974799.6188
000989.SZ,九芝堂,20260617,7.97,7.98,7.81,7.86,7.96,-0.1,-1.2563,69619.75,54790.67445
000990.SZ,诚志股份,20260617,9.0,9.04,8.87,8.94,9.05,-0.11,-1.2155,217113.86,193803.05551
000993.SZ,闽东电力,20260617,11.71,11.8,11.33,11.4,11.8,-0.4,-3.3898,167552.06,191884.62363
000995.SZ,皇台酒业,20260617,10.43,10.58,10.12,10.29,10.88,-0.59,-5.4228,181394.63,185972.61823
000997.SZ,新大陆,20260617,17.76,17.88,17.47,17.62,17.81,-0.19,-1.0668,221580.2,389977.27753
000998.SZ,隆平高科,20260617,8.15,8.17,8.08,8.11,8.16,-0.05,-0.6127,87658.29,71192.93027
000999.SZ,华润三九,20260617,24.2,24.24,23.69,23.79,24.25,-0.46,-1.8969,82855.72,197646.4931
001201.SZ,东瑞股份,20260617,11.24,11.24,10.84,10.87,11.22,-0.35,-3.1194,25452.4,27846.34631
001202.SZ,炬申股份,20260617,14.55,14.57,14.21,14.23,14.56,-0.33,-2.2665,10964.19,15676.37631
001203.SZ,大中矿业,20260617,37.33,37.6,33.8,34.36,37.33,-2.97,-7.9561,492818.81,1740525.74384
001205.SZ,盛航股份,20260617,14.16,14.4,14.01,14.17,14.25,-0.08,-0.5614,77552.28,110116.99795
001206.SZ,依依股份,20260617,17.62,17.69,17.15,17.29,17.62,-0.33,-1.8729,43739.84,75958.27372
001207.SZ,联科科技,20260617,17.75,17.82,17.2,17.35,17.82,-0.47,-2.6375,46135.6,80511.9804
001208.SZ,华菱线缆,20260617,15.8,16.04,15.54,15.63,15.92,-0.29,-1.8216,134049.26,211197.55025
001209.SZ,洪兴股份,20260617,18.53,18.54,17.74,17.85,18.46,-0.61,-3.3044,21041.0,37807.842
001210.SZ,金房能源,20260617,23.66,24.8,23.16,24.2,23.66,0.54,2.2823,125496.51,301740.02616
001211.SZ,双枪科技,20260617,35.58,36.63,32.49,32.49,36.1,-3.61,-10.0,112213.56,376198.2
001212.SZ,中旗新材,20260617,47.58,47.7,45.37,46.3,47.97,-1.67,-3.4813,76941.91,357232.77582
001213.SZ,中铁特货,20260617,3.55,3.57,3.51,3.56,3.56,0.0,0.0,111433.59,39424.56458
001215.SZ,千味央厨,20260617,41.56,41.56,39.6,40.28,41.64,-1.36,-3.2661,40273.01,162094.14507
001216.SZ,华瓷股份,20260617,16.3,16.61,15.96,16.21,16.23,-0.02,-0.1232,27631.66,44696.60804
001217.SZ,华尔泰,20260617,9.47,9.48,9.11,9.18,9.5,-0.32,-3.3684,43680.0,40264.564
001218.SZ,丽臣实业,20260617,24.56,27.28,24.16,27.24,24.82,2.42,9.7502,55311.64,142888.44452
001219.SZ,青岛食品,20260617,12.47,12.76,12.21,12.39,12.52,-0.13,-1.0383,33142.67,41099.35812
001220.SZ,世盟股份,20260617,30.91,30.98,30.27,30.44,30.88,-0.44,-1.4249,6994.13,21348.21059
001221.SZ,悍高集团,20260617,43.99,44.6,43.7,44.42,44.35,0.07,0.1578,8371.76,36914.23419
001222.SZ,源飞宠物,20260617,14.72,14.72,14.18,14.27,14.68,-0.41,-2.7929,20194.38,28870.94377
001223.SZ,欧克科技,20260617,45.0,49.83,44.55,49.83,45.3,4.53,10.0,51198.73,244981.3279
001225.SZ,和泰机电,20260617,42.42,42.5,41.6,41.69,42.77,-1.08,-2.5251,10480.0,43965.724
001226.SZ,拓山重工,20260617,49.89,50.69,49.04,49.72,50.06,-0.34,-0.6792,9439.0,46984.05808
001227.SZ,兰州银行,20260617,2.14,2.14,2.11,2.13,2.14,-0.01,-0.4673,355651.68,75446.07748
001228.SZ,永泰运,20260617,26.76,27.27,26.5,26.8,27.01,-0.21,-0.7775,10790.0,28910.146
001229.SZ,魅视科技,20260617,27.84,28.3,27.32,27.43,28.38,-0.95,-3.3474,37179.4,103159.0388
001230.SZ,劲旅环境,20260617,19.01,19.49,18.66,18.83,19.06,-0.23,-1.2067,55382.64,105384.38944
001231.SZ,农心科技,20260617,20.17,20.25,19.56,19.66,20.17,-0.51,-2.5285,12721.0,25240.561
001233.SZ,海安集团,20260617,51.12,51.4,49.6,49.85,50.62,-0.77,-1.5211,14404.72,72431.5362
001234.SZ,泰慕士,20260617,23.26,23.67,22.61,23.48,23.27,0.21,0.9024,28659.25,66394.9525
001236.SZ,弘业期货,20260617,7.85,7.94,7.56,7.63,7.88,-0.25,-3.1726,156135.0,120303.61844
001237.SZ,惠康科技,20260617,64.88,65.18,63.7,64.12,65.14,-1.02,-1.5659,34489.74,222084.9156
001238.SZ,浙江正特,20260617,29.39,29.39,28.76,28.86,29.47,-0.61,-2.0699,6148.8,17841.16298
001239.SZ,永达股份,20260617,15.2,15.43,14.86,15.43,15.2,0.23,1.5132,50990.76,77271.28999
001255.SZ,博菲电气,20260617,29.21,29.21,28.18,28.24,29.15,-0.91,-3.1218,10649.8,30291.156
001256.SZ,炜冈科技,20260617,25.22,25.89,25.06,25.61,25.73,-0.12,-0.4664,37041.89,93929.98037
001257.SZ,盛龙股份,20260617,35.0,36.92,31.88,32.72,33.56,-0.84,-2.503,864820.27,2913160.2719
001258.SZ,立新能源,20260617,7.87,7.9,7.66,7.68,7.91,-0.23,-2.9077,262169.0,202516.536
001259.SZ,利仁科技,20260617,66.0,68.98,59.2,68.95,64.51,4.44,6.8827,71525.71,454889.84771
001260.SZ,坤泰股份,20260617,17.82,17.82,17.21,17.25,17.82,-0.57,-3.1987,11901.47,20747.16787
001266.SZ,宏英智能,20260617,51.28,52.87,50.48,50.82,50.16,0.66,1.3158,65915.12,338828.88716
001267.SZ,汇绿生态,20260617,52.0,56.4,51.26,54.96,53.0,1.96,3.6981,505222.34,2745345.16166
001268.SZ,联合精密,20260617,41.47,42.2,40.83,41.74,41.47,0.27,0.6511,20987.0,87270.085
001269.SZ,欧晶科技,20260617,26.85,27.2,25.83,26.35,27.34,-0.99,-3.6211,105356.7,277911.58862
001270.SZ,铖昌科技,20260617,121.22,132.0,121.0,127.78,121.84,5.94,4.8752,120551.16,1537780.55493
001277.SZ,速达股份,20260617,30.52,30.52,29.59,29.66,30.33,-0.67,-2.209,7493.47,22316.5312
001278.SZ,一彬科技,20260617,16.95,17.11,16.5,16.6,16.95,-0.35,-2.0649,22472.0,37510.976
001279.SZ,强邦新材,20260617,26.31,28.0,25.72,27.6,26.27,1.33,5.0628,25242.97,68435.54439
001280.SZ,中国铀业,20260617,73.11,73.71,72.3,73.1,73.97,-0.87,-1.1762,93336.88,680017.61152
001282.SZ,三联锻造,20260617,18.91,21.18,18.86,21.18,19.25,1.93,10.026,124993.21,257027.04886
001283.SZ,豪鹏科技,20260617,53.0,54.27,51.98,52.84,53.02,-0.18,-0.3395,72294.65,382949.95779
001285.SZ,瑞立科密,20260617,44.49,44.66,44.01,44.33,44.66,-0.33,-0.7389,8240.12,36441.00611
001286.SZ,陕西能源,20260617,12.05,12.24,11.82,11.89,12.07,-0.18,-1.4913,156779.24,187760.18755
001287.SZ,中电港,20260617,26.51,27.44,26.51,27.4,26.92,0.48,1.7831,297098.96,804862.53065
001288.SZ,运机集团,20260617,26.48,26.93,25.9,26.39,26.44,-0.05,-0.1891,49033.1,128619.424
001289.SZ,龙源电力,20260617,17.65,17.95,17.23,17.37,17.61,-0.24,-1.3629,80942.66,141131.05147
001296.SZ,长江材料,20260617,19.01,19.16,18.69,18.69,19.13,-0.44,-2.3001,15700.5,29586.3178
001298.SZ,好上好,20260617,20.19,20.75,20.1,20.6,20.37,0.23,1.1291,95160.17,194065.58242
001299.SZ,美能能源,20260617,10.88,10.99,10.76,10.82,10.78,0.04,0.3711,56184.43,60881.97089
001300.SZ,三柏硕,20260617,14.02,14.15,13.0,13.07,14.16,-1.09,-7.6977,72598.0,97547.724
001301.SZ,尚太科技,20260617,93.15,94.5,90.38,92.8,94.13,-1.33,-1.4129,36573.11,337111.51589
001306.SZ,夏厦精密,20260617,61.75,61.75,59.8,60.41,61.64,-1.23,-1.9955,5912.98,35707.52206
001308.SZ,康冠科技,20260617,20.02,21.12,19.97,20.6,20.41,0.19,0.9309,68618.96,141355.29557
001309.SZ,德明利,20260617,642.0,720.0,633.5,709.62,655.66,53.96,8.2299,171738.93,11617412.9982
001311.SZ,多利科技,20260617,18.34,18.49,18.01,18.11,18.34,-0.23,-1.2541,35856.28,65214.82948
001312.SZ,福恩股份,20260617,19.85,20.63,19.72,20.36,19.89,0.47,2.363,44174.67,89725.1028
001313.SZ,粤海饲料,20260617,7.21,7.36,7.1,7.16,7.32,-0.16,-2.1858,133342.0,96033.618
001314.SZ,亿道信息,20260617,57.24,58.57,56.33,57.52,57.45,0.07,0.1218,53836.0,309746.418
001316.SZ,润贝航科,20260617,37.02,37.99,36.7,37.13,37.34,-0.21,-0.5624,30356.6,113219.51948
001317.SZ,三羊马,20260617,47.49,47.55,45.06,45.48,47.18,-1.7,-3.6032,50321.12,232030.20901
001318.SZ,阳光乳业,20260617,10.86,10.88,10.53,10.6,10.89,-0.29,-2.663,17471.0,18580.822
001319.SZ,铭科精技,20260617,23.54,23.57,22.95,23.02,23.63,-0.61,-2.5815,23061.0,53359.395
001322.SZ,箭牌家居,20260617,5.99,6.0,5.84,5.88,6.01,-0.13,-2.1631,39189.0,23064.57993
001323.SZ,慕思股份,20260617,18.42,18.42,17.82,17.96,18.47,-0.51,-2.7612,8933.56,16131.87047
001324.SZ,长青科技,20260617,17.93,18.37,17.76,18.33,17.92,0.41,2.2879,27497.16,49720.25366
001325.SZ,元创股份,20260617,40.98,41.2,40.23,40.7,41.22,-0.52,-1.2615,10528.0,42663.345
001326.SZ,联域股份,20260617,67.4,74.03,67.33,74.03,67.3,6.73,10.0,27625.0,200625.554
001328.SZ,登康口腔,20260617,29.4,29.57,28.22,28.29,29.35,-1.06,-3.6116,9792.63,27993.97975
001330.SZ,博纳影业,20260617,7.01,7.06,6.85,6.91,7.02,-0.11,-1.567,590182.96,409306.9994
001332.SZ,锡装股份,20260617,45.9,46.37,44.45,46.29,46.02,0.27,0.5867,33368.25,151641.5661
001333.SZ,光华股份,20260617,20.45,20.61,19.98,20.05,20.43,-0.38,-1.86,18429.94,37321.04588
001335.SZ,信凯科技,20260617,48.35,49.08,46.0,48.38,48.83,-0.45,-0.9216,24471.22,116651.96091
001336.SZ,楚环科技,20260617,24.51,24.51,23.64,23.91,24.39,-0.48,-1.968,14817.0,35450.988
001337.SZ,四川黄金,20260617,43.28,44.49,42.88,43.44,43.28,0.16,0.3697,108648.83,472659.41148
001338.SZ,永顺泰,20260617,9.43,9.45,9.28,9.32,9.42,-0.1,-1.0616,54467.36,50787.7338
001339.SZ,智微智能,20260617,105.1,115.39,104.94,115.39,104.9,10.49,10.0,136965.33,1544304.06274
001356.SZ,富岭股份,20260617,9.29,9.38,9.11,9.23,9.29,-0.06,-0.6459,20867.47,19225.70459
001358.SZ,兴欣新材,20260617,25.85,26.15,25.2,25.41,26.05,-0.64,-2.4568,18371.8,47253.3474
001359.SZ,平安电工,20260617,119.33,130.51,117.93,129.15,121.4,7.75,6.3839,53739.46,682755.26344
001360.SZ,南矿集团,20260617,21.01,21.66,20.67,21.19,20.81,0.38,1.826,49376.31,104933.9745
001365.SZ,天海电子,20260617,40.5,40.84,39.92,40.2,40.78,-0.58,-1.4223,45485.25,183152.93028
001366.SZ,播恩集团,20260617,12.41,12.49,12.04,12.14,12.54,-0.4,-3.1898,42670.0,52124.039
001367.SZ,海森药业,20260617,20.82,20.82,19.91,20.05,20.8,-0.75,-3.6058,15286.79,30969.77965
001368.SZ,通达创智,20260617,22.67,22.8,22.01,22.13,22.65,-0.52,-2.2958,12693.69,28278.81738
001369.SZ,双欣材料,20260617,15.78,15.99,15.51,15.74,15.9,-0.16,-1.0063,273088.91,430419.66472
001373.SZ,翔腾新材,20260617,36.07,37.08,35.08,36.13,36.08,0.05,0.1386,33965.14,121934.24073
001376.SZ,百通能源,20260617,12.21,12.35,11.86,11.93,12.35,-0.42,-3.4008,130070.36,156469.26916
001378.SZ,德冠新材,20260617,20.45,20.66,19.81,19.9,20.61,-0.71,-3.4449,56042.97,112843.52543
001379.SZ,腾达科技,20260617,17.2,17.4,16.74,16.88,17.29,-0.41,-2.3713,15927.66,27051.9931
001380.SZ,华纬科技,20260617,16.57,16.78,16.35,16.44,16.72,-0.28,-1.6746,14938.0,24617.64349
001382.SZ,新亚电缆,20260617,20.14,20.2,19.99,20.03,20.2,-0.17,-0.8416,26366.13,52789.91434
001386.SZ,马可波罗,20260617,16.03,16.15,15.87,16.01,16.13,-0.12,-0.744,25578.59,40980.4973
001387.SZ,雪祺电气,20260617,12.72,13.65,12.5,13.07,12.91,0.16,1.2393,213159.62,281571.959
001388.SZ,信通电子,20260617,29.94,29.94,28.83,29.08,29.79,-0.71,-2.3834,10220.42,29739.51372
001389.SZ,广合科技,20260617,190.6,206.66,190.6,205.8,194.95,10.85,5.5655,112219.86,2272333.77505
001390.SZ,古麒绒材,20260617,18.9,18.95,18.49,18.81,18.77,0.04,0.2131,18466.07,34545.97842
001391.SZ,国货航,20260617,4.66,4.67,4.52,4.53,4.66,-0.13,-2.7897,229760.0,104871.579
001393.SZ,维通利,20260617,61.14,61.75,58.02,58.24,61.1,-2.86,-4.6809,61254.57,362804.76546
001395.SZ,亚联机械,20260617,27.16,27.3,25.17,25.5,27.35,-1.85,-6.7642,18425.52,47884.71678
001396.SZ,誉帆科技,20260617,39.7,40.78,39.22,40.29,39.7,0.59,1.4861,15629.55,62595.61516
001400.SZ,江顺科技,20260617,110.94,118.8,110.0,114.06,112.79,1.27,1.126,31263.49,361811.42216
001696.SZ,宗申动力,20260617,23.0,24.37,22.7,24.22,23.7,0.52,2.1941,1534072.56,3633911.71311
001872.SZ,招商港口,20260617,19.85,20.05,19.76,19.96,19.85,0.11,0.5542,22089.93,43993.21111
001896.SZ,豫能控股,20260617,21.86,22.94,20.8,21.76,22.06,-0.3,-1.3599,2204575.52,4797216.25032
001965.SZ,招商公路,20260617,9.72,9.86,9.66,9.8,9.67,0.13,1.3444,102283.27,99949.86397
001979.SZ,招商蛇口,20260617,7.57,7.62,7.43,7.53,7.56,-0.03,-0.3968,566267.15,425056.20664
002001.SZ,新和成,20260617,27.94,28.85,27.85,28.5,27.65,0.85,3.0741,507819.64,1445500.906
002003.SZ,伟星股份,20260617,8.74,8.82,8.62,8.63,8.74,-0.11,-1.2586,56787.65,49398.78155
002004.SZ,华邦健康,20260617,4.27,4.31,4.18,4.2,4.31,-0.11,-2.5522,172593.46,72589.68255
002005.SZ,ST德豪,20260617,2.75,2.76,2.7,2.72,2.75,-0.03,-1.0909,122682.0,33453.667
002006.SZ,精工科技,20260617,15.26,15.34,14.7,14.84,15.36,-0.52,-3.3854,97704.12,146255.02024
002007.SZ,华兰生物,20260617,12.87,12.91,12.74,12.83,12.89,-0.06,-0.4655,66211.08,84798.93761
002008.SZ,大族激光,20260617,139.35,143.0,130.08,135.84,136.62,-0.78,-0.5709,1037137.51,14259891.3496
002009.SZ,天奇股份,20260617,20.86,20.95,20.3,20.61,20.97,-0.36,-1.7167,148521.88,306010.9376
002010.SZ,传化智联,20260617,5.0,5.0,4.89,4.92,5.0,-0.08,-1.6,155309.28,76492.90567
002011.SZ,盾安环境,20260617,10.91,10.95,10.71,10.79,10.97,-0.18,-1.6408,133328.33,143910.54322
002012.SZ,凯恩股份,20260617,7.12,7.19,6.96,7.12,7.12,0.0,0.0,186244.0,131566.999
002014.SZ,永新股份,20260617,10.7,10.83,10.54,10.59,10.7,-0.11,-1.028,18783.31,19991.58367
002015.SZ,协鑫能科,20260617,18.99,19.42,18.59,18.95,18.93,0.02,0.1057,930749.93,1762076.54014
002016.SZ,世荣兆业,20260617,4.49,4.51,4.34,4.38,4.5,-0.12,-2.6667,107318.32,47171.28416
002017.SZ,东信和平,20260617,16.33,16.42,16.01,16.13,16.33,-0.2,-1.2247,123220.88,199121.29248
002019.SZ,亿帆医药,20260617,9.95,9.95,9.76,9.81,9.93,-0.12,-1.2085,61709.82,60692.94749
002020.SZ,京新药业,20260617,12.2,12.23,12.02,12.05,12.19,-0.14,-1.1485,61738.09,74533.09874
002021.SZ,中捷资源,20260617,2.54,2.56,2.46,2.49,2.56,-0.07,-2.7344,399478.96,99857.03785
002022.SZ,科华生物,20260617,5.03,5.03,4.88,4.91,5.03,-0.12,-2.3857,63179.63,31092.70707
002023.SZ,海特高新,20260617,12.25,12.56,12.2,12.4,12.39,0.01,0.0807,334006.91,413168.45705
002024.SZ,ST易购,20260617,1.25,1.26,1.22,1.22,1.26,-0.04,-3.1746,263926.02,32497.37944
002025.SZ,航天电器,20260617,63.63,65.35,62.33,63.4,63.12,0.28,0.4436,173262.77,1111203.50802
002026.SZ,山东威达,20260617,12.26,12.33,11.91,11.99,12.33,-0.34,-2.7575,70719.0,85363.22
002027.SZ,分众传媒,20260617,5.2,5.21,5.09,5.12,5.2,-0.08,-1.5385,1720468.93,881318.48097
002028.SZ,思源电气,20260617,180.01,188.98,180.01,186.93,174.48,12.45,7.1355,173215.16,3214404.56474
002029.SZ,七匹狼,20260617,8.3,8.51,8.15,8.34,8.29,0.05,0.6031,193607.5,160407.26197
002030.SZ,达安基因,20260617,5.33,5.56,5.17,5.44,5.35,0.09,1.6822,430858.08,230872.44854
002031.SZ,巨轮智能,20260617,5.8,5.84,5.68,5.71,5.88,-0.17,-2.8912,912984.0,524009.36276
002032.SZ,苏泊尔,20260617,41.77,42.2,41.6,41.68,41.89,-0.21,-0.5013,13007.3,54382.5352
002033.SZ,丽江股份,20260617,8.67,8.67,8.37,8.43,8.67,-0.24,-2.7682,172652.0,145825.058
002034.SZ,旺能环境,20260617,17.75,17.86,17.22,17.45,17.86,-0.41,-2.2956,105169.14,183997.46676
002035.SZ,华帝股份,20260617,4.93,4.95,4.85,4.86,4.96,-0.1,-2.0161,59072.35,28820.23366
002036.SZ,联创电子,20260617,8.4,8.79,8.4,8.7,8.49,0.21,2.4735,549263.31,475034.01071
002037.SZ,保利联合,20260617,6.78,6.84,6.56,6.59,6.83,-0.24,-3.5139,63243.0,42004.579
002038.SZ,双鹭药业,20260617,5.16,5.16,5.0,5.03,5.17,-0.14,-2.7079,203443.63,102691.64282
002039.SZ,黔源电力,20260617,20.61,20.76,20.27,20.41,20.66,-0.25,-1.2101,85737.59,175466.52723
002040.SZ,南京港,20260617,8.73,8.84,8.53,8.58,8.74,-0.16,-1.8307,145927.67,126324.34562
002041.SZ,登海种业,20260617,8.73,8.73,8.43,8.47,8.7,-0.23,-2.6437,92279.56,78397.4586
002042.SZ,华孚时尚,20260617,3.8,3.82,3.66,3.7,3.81,-0.11,-2.8871,318550.6,118956.29
002043.SZ,兔宝宝,20260617,12.06,12.38,11.91,12.24,12.06,0.18,1.4925,118586.59,143914.12103
002044.SZ,美年健康,20260617,5.06,5.3,4.96,5.23,5.05,0.18,3.5644,1402357.39,723843.89458
002045.SZ,国光电器,20260617,8.73,8.97,8.62,8.64,8.73,-0.09,-1.0309,156555.08,137168.89882
002046.SZ,国机精工,20260617,61.9,63.27,61.04,62.01,62.59,-0.58,-0.9267,166052.99,1034050.05965
002047.SZ,宝鹰股份,20260617,4.82,5.04,4.69,4.73,4.58,0.15,3.2751,1061983.18,515980.65403
002048.SZ,宁波华翔,20260617,28.31,28.36,27.6,27.8,28.58,-0.78,-2.7292,168246.81,469169.59217
002049.SZ,紫光国微,20260617,76.71,80.82,76.05,80.0,76.71,3.29,4.2889,396388.42,3142258.2935
002050.SZ,三花智控,20260617,44.7,45.15,44.11,44.6,45.12,-0.52,-1.1525,930614.57,4142558.0796
002051.SZ,中工国际,20260617,13.22,14.0,12.12,12.5,12.77,-0.27,-2.1143,1582775.66,2022089.15946
002052.SZ,同洲电子,20260617,9.25,9.25,8.75,8.93,9.25,-0.32,-3.4595,201180.0,179901.414
002053.SZ,云南能投,20260617,10.54,10.56,10.04,10.12,10.59,-0.47,-4.4381,118036.25,120505.10321
002054.SZ,德美化工,20260617,7.58,7.59,7.35,7.38,7.6,-0.22,-2.8947,85041.01,63261.59537
002055.SZ,ST得润,20260617,6.5,6.69,6.4,6.5,6.38,0.12,1.8809,337718.0,220261.69766
002056.SZ,横店东磁,20260617,26.03,26.94,25.48,26.32,26.25,0.07,0.2667,832598.38,2172530.25684
002057.SZ,中钢天源,20260617,11.79,12.1,11.54,11.88,12.0,-0.12,-1.0,565558.11,663648.2195
002058.SZ,威尔泰,20260617,24.65,24.86,23.01,23.54,24.81,-1.27,-5.1189,54696.0,129451.02696
002059.SZ,云南旅游,20260617,4.47,4.5,4.35,4.38,4.49,-0.11,-2.4499,92225.0,40558.57098
002060.SZ,广东建工,20260617,3.26,3.28,3.2,3.26,3.27,-0.01,-0.3058,143168.89,46290.84655
002061.SZ,浙江交科,20260617,3.55,3.56,3.5,3.53,3.56,-0.03,-0.8427,142466.08,50259.62044
002062.SZ,宏润建设,20260617,8.14,8.15,7.92,7.98,8.09,-0.11,-1.3597,142088.45,113875.78838
002063.SZ,远光软件,20260617,5.33,5.33,5.23,5.29,5.33,-0.04,-0.7505,232818.2,122645.67361
002064.SZ,华峰化学,20260617,10.65,10.95,10.5,10.54,10.71,-0.17,-1.5873,412045.64,441335.16307
002065.SZ,东华软件,20260617,7.25,7.5,7.22,7.37,7.3,0.07,0.9589,423441.5,312729.25006
002066.SZ,瑞泰科技,20260617,22.75,24.53,22.5,23.08,22.3,0.78,3.4978,210472.01,501565.093
002067.SZ,景兴纸业,20260617,4.15,4.17,4.07,4.1,4.18,-0.08,-1.9139,305553.23,125386.1604
002068.SZ,黑猫股份,20260617,10.09,10.29,9.4,9.5,10.08,-0.58,-5.754,366450.32,354850.65867
002069.SZ,獐子岛,20260617,3.17,3.19,3.08,3.11,3.16,-0.05,-1.5823,80813.0,25253.234
002072.SZ,凯瑞德,20260617,8.39,9.27,8.0,9.18,8.43,0.75,8.8968,473057.81,422308.09187
002073.SZ,软控股份,20260617,5.5,5.53,5.36,5.38,5.52,-0.14,-2.5362,140909.56,76147.61998
002074.SZ,国轩高科,20260617,30.02,30.46,29.82,30.12,30.29,-0.17,-0.5612,297091.08,892858.18465
002075.SZ,沙钢股份,20260617,4.0,4.0,3.75,3.76,4.01,-0.25,-6.2344,575806.39,220434.76847
002076.SZ,*ST星光,20260617,2.58,2.69,2.57,2.65,2.59,0.06,2.3166,309529.0,81855.905
002077.SZ,大港股份,20260617,16.83,18.06,16.78,17.74,17.06,0.68,3.9859,384606.63,673544.22318
002078.SZ,太阳纸业,20260617,13.2,13.24,12.85,12.92,13.24,-0.32,-2.4169,257234.26,332830.3394
002079.SZ,苏州固锝,20260617,12.84,13.68,12.75,13.52,12.94,0.58,4.4822,673368.73,897612.99533
002080.SZ,中材科技,20260617,76.26,82.41,75.76,82.41,74.92,7.49,9.9973,825743.46,6698619.78508
002081.SZ,金螳螂,20260617,4.92,4.94,4.71,4.77,4.97,-0.2,-4.0241,1692527.91,810448.65952
002082.SZ,ST万邦,20260617,13.48,13.68,13.42,13.68,13.03,0.65,4.9885,24372.87,33156.77016
002083.SZ,孚日股份,20260617,9.9,11.02,9.9,10.81,10.02,0.79,7.8842,1024251.07,1090114.56087
002084.SZ,海鸥住工,20260617,3.4,3.45,3.31,3.37,3.4,-0.03,-0.8824,172952.37,58265.31668
002085.SZ,万丰奥威,20260617,13.24,13.48,13.01,13.07,13.39,-0.32,-2.3898,602056.3,792158.74265
002086.SZ,东方海洋,20260617,1.86,1.9,1.8,1.82,1.81,0.01,0.5525,413284.0,75921.83636
002088.SZ,鲁阳节能,20260617,9.0,9.13,8.78,8.79,8.91,-0.12,-1.3468,52063.18,46328.69058
002090.SZ,金智科技,20260617,9.68,9.68,9.22,9.29,9.65,-0.36,-3.7306,86872.5,81186.3935
002091.SZ,江苏国泰,20260617,7.93,7.93,7.79,7.82,7.97,-0.15,-1.8821,112383.24,88006.65274
002092.SZ,中泰化学,20260617,4.35,4.37,4.19,4.21,4.4,-0.19,-4.3182,507040.51,215175.78424
002093.SZ,国脉科技,20260617,7.12,7.15,6.9,6.95,7.14,-0.19,-2.6611,110406.62,76942.97731
002094.SZ,青岛金王,20260617,4.95,4.96,4.77,4.8,4.96,-0.16,-3.2258,165332.61,79801.16719
002095.SZ,生意宝,20260617,13.77,13.77,13.23,13.41,13.77,-0.36,-2.6144,26314.24,35228.92325
002096.SZ,易普力,20260617,9.72,9.72,9.44,9.6,9.72,-0.12,-1.2346,113873.0,109011.535
002097.SZ,山河智能,20260617,8.24,8.25,8.08,8.13,8.24,-0.11,-1.335,128538.86,104558.65371
002098.SZ,浔兴股份,20260617,7.01,7.02,6.78,6.83,7.03,-0.2,-2.845,31564.0,21633.047
002099.SZ,海翔药业,20260617,5.28,5.32,5.1,5.14,5.28,-0.14,-2.6515,186784.0,97115.27094
002100.SZ,天康生物,20260617,6.34,6.36,6.07,6.16,6.37,-0.21,-3.2967,297800.54,184006.72544
002101.SZ,广东鸿图,20260617,8.51,8.58,8.36,8.37,8.63,-0.26,-3.0127,58031.9,48883.11855
002102.SZ,ST能特,20260617,2.22,2.25,2.18,2.19,2.2,-0.01,-0.4545,98722.5,21689.83
002103.SZ,广博股份,20260617,6.38,6.38,6.18,6.24,6.38,-0.14,-2.1944,71072.0,44335.958
002104.SZ,恒宝股份,20260617,11.74,11.74,11.26,11.34,11.63,-0.29,-2.4936,300322.11,343551.74768
002105.SZ,信隆健康,20260617,5.43,5.47,5.22,5.24,5.43,-0.19,-3.4991,72658.0,38483.387
002106.SZ,莱宝高科,20260617,13.36,14.78,13.33,14.78,13.44,1.34,9.9702,418623.98,604070.88219
002107.SZ,沃华医药,20260617,6.01,6.04,5.87,5.91,6.04,-0.13,-2.1523,75517.02,44759.89318
002108.SZ,沧州明珠,20260617,4.85,4.85,4.7,4.73,4.86,-0.13,-2.6749,392246.85,186730.13033
002109.SZ,ST兴化,20260617,2.68,2.69,2.6,2.61,2.67,-0.06,-2.2472,72388.2,19033.8716
002110.SZ,三钢闽光,20260617,3.03,3.03,2.94,2.96,3.03,-0.07,-2.3102,194807.04,57789.66126
002111.SZ,威海广泰,20260617,9.6,9.67,9.5,9.6,9.66,-0.06,-0.6211,73681.42,70532.13726
002112.SZ,三变科技,20260617,18.04,18.04,17.01,17.18,18.06,-0.88,-4.8726,212504.78,369402.92822
002114.SZ,罗平锌电,20260617,8.0,8.02,7.63,7.69,8.05,-0.36,-4.472,141824.04,110893.25272
002115.SZ,三维通信,20260617,11.83,11.95,11.66,11.79,11.96,-0.17,-1.4214,302825.46,356972.01456
002116.SZ,中国海诚,20260617,9.04,9.27,8.89,9.23,9.06,0.17,1.8764,54567.67,49571.15565
002117.SZ,东港股份,20260617,8.74,8.93,8.58,8.61,8.82,-0.21,-2.381,91365.79,79629.788
002119.SZ,康强电子,20260617,31.8,34.15,31.6,33.17,33.26,-0.09,-0.2706,849891.63,2797145.74296
002120.SZ,韵达股份,20260617,6.32,6.46,6.25,6.41,6.31,0.1,1.5848,355229.06,225586.44767
002121.SZ,科陆电子,20260617,6.14,6.15,5.92,5.97,6.14,-0.17,-2.7687,293963.5,176033.52866
002122.SZ,ST汇洲,20260617,2.64,2.65,2.56,2.57,2.65,-0.08,-3.0189,150024.09,38934.78513
002123.SZ,梦网科技,20260617,7.72,7.93,7.63,7.69,7.89,-0.2,-2.5349,171373.0,132444.15473
002124.SZ,天邦食品,20260617,2.3,2.32,2.25,2.25,2.32,-0.07,-3.0172,611999.86,138647.09116
002125.SZ,湘潭电化,20260617,19.17,19.45,18.33,19.11,19.9,-0.79,-3.9698,823880.53,1560387.72087
002126.SZ,银轮股份,20260617,50.43,53.6,49.83,53.44,50.51,2.93,5.8008,210515.18,1098066.92663
002127.SZ,南极电商,20260617,2.69,2.7,2.65,2.68,2.7,-0.02,-0.7407,214856.57,57331.29528
002128.SZ,电投能源,20260617,24.99,25.09,24.23,24.36,24.95,-0.59,-2.3647,219530.71,539246.13145
002129.SZ,TCL中环,20260617,10.24,10.8,10.02,10.71,10.33,0.38,3.6786,3657869.88,3831133.42658
002130.SZ,沃尔核材,20260617,20.59,20.95,20.22,20.63,20.84,-0.21,-1.0077,404335.27,828628.32332
002131.SZ,利欧股份,20260617,5.39,5.43,5.29,5.36,5.44,-0.08,-1.4706,2085630.53,1116275.18461
002132.SZ,恒星科技,20260617,5.25,5.31,5.12,5.18,5.26,-0.08,-1.5209,576996.32,299763.29207
002133.SZ,广宇集团,20260617,2.65,2.67,2.55,2.58,2.64,-0.06,-2.2727,162993.0,42100.8462
002134.SZ,天津普林,20260617,28.58,30.33,28.51,29.78,28.98,0.8,2.7605,165205.61,489531.69638
002135.SZ,东南网架,20260617,7.36,8.16,7.32,7.81,7.47,0.34,4.5515,537773.71,416327.6405
002136.SZ,安纳达,20260617,13.59,14.0,13.24,13.48,13.7,-0.22,-1.6058,123335.92,167896.60282
002137.SZ,实益达,20260617,9.68,10.3,9.57,10.16,9.84,0.32,3.252,927707.77,917079.40982
002138.SZ,顺络电子,20260617,59.99,67.42,59.99,66.52,61.29,5.23,8.5332,718035.85,4578224.30733
002139.SZ,拓邦股份,20260617,9.87,9.88,9.66,9.74,9.93,-0.19,-1.9134,186242.96,181403.24912
002140.SZ,东华科技,20260617,10.2,10.24,9.81,10.04,10.14,-0.1,-0.9862,74779.0,74737.72189
002141.SZ,贤丰控股,20260617,3.97,4.28,3.9,4.28,3.89,0.39,10.0257,1661508.94,687193.16108
002142.SZ,宁波银行,20260617,31.59,31.74,31.11,31.44,31.58,-0.14,-0.4433,215433.71,675913.92059
002144.SZ,宏达高科,20260617,10.96,11.05,10.69,10.74,10.96,-0.22,-2.0073,35489.0,38266.536
002145.SZ,钛能化学,20260617,4.61,4.62,4.43,4.46,4.64,-0.18,-3.8793,765609.97,343243.02729
002146.SZ,荣盛发展,20260617,1.25,1.26,1.21,1.23,1.25,-0.02,-1.6,948422.0,116467.533
002148.SZ,北纬科技,20260617,6.34,6.34,6.13,6.16,6.37,-0.21,-3.2967,114021.81,70618.89558
002149.SZ,西部材料,20260617,58.0,61.8,58.0,60.05,58.83,1.22,2.0738,616550.14,3729639.69678
002150.SZ,正泰电源,20260617,25.97,26.12,25.4,25.55,26.03,-0.48,-1.844,112062.04,287735.75842
002151.SZ,北斗星通,20260617,33.2,33.93,33.09,33.45,33.39,0.06,0.1797,128722.74,431038.39731
002152.SZ,广电运通,20260617,9.96,10.16,9.96,10.1,10.05,0.05,0.4975,174084.86,175623.45512
002153.SZ,石基信息,20260617,7.77,7.78,7.6,7.74,7.75,-0.01,-0.129,201188.53,154465.85716
002154.SZ,报喜鸟,20260617,3.95,3.96,3.84,3.86,3.96,-0.1,-2.5253,193164.0,74851.658
002155.SZ,湖南黄金,20260617,26.56,26.89,25.9,26.5,26.6,-0.1,-0.3759,606757.56,1595838.57481
002156.SZ,通富微电,20260617,62.72,69.0,62.01,67.22,62.93,4.29,6.8171,1794717.18,11841057.604
002157.SZ,正邦科技,20260617,3.04,3.06,3.02,3.03,3.06,-0.03,-0.9804,881592.37,267078.94403
002158.SZ,汉钟精机,20260617,30.16,31.28,30.14,31.23,30.53,0.7,2.2928,133404.66,409269.53373
002159.SZ,三特索道,20260617,13.53,13.53,12.95,13.06,13.53,-0.47,-3.4738,47833.36,62761.41038
002160.SZ,常铝股份,20260617,5.05,5.05,4.77,4.78,4.59,0.19,4.1394,1306394.92,643035.96253
002161.SZ,远望谷,20260617,5.74,6.26,5.66,6.26,5.69,0.57,10.0176,471669.46,280800.95506
002162.SZ,悦心健康,20260617,3.65,3.67,3.56,3.57,3.67,-0.1,-2.7248,97848.2,35246.7556
002163.SZ,海南发展,20260617,9.44,9.5,9.19,9.24,9.46,-0.22,-2.3256,155726.68,144817.3591
002164.SZ,宁波东力,20260617,13.2,13.2,12.75,12.83,13.22,-0.39,-2.9501,189956.83,244712.01074
002165.SZ,红宝丽,20260617,7.6,7.69,7.28,7.39,7.74,-0.35,-4.522,901068.1,670661.55457
002166.SZ,莱茵生物,20260617,7.35,7.41,7.21,7.3,7.35,-0.05,-0.6803,74939.65,54715.56741
002167.SZ,东方锆业,20260617,15.0,15.13,14.5,14.66,15.29,-0.63,-4.1203,803831.35,1180823.76208
002168.SZ,ST惠程,20260617,3.82,3.86,3.73,3.79,3.84,-0.05,-1.3021,58855.54,22230.3555
002169.SZ,智光电气,20260617,15.13,15.55,14.96,14.97,15.29,-0.32,-2.0929,372065.81,565984.09279
002170.SZ,芭田股份,20260617,11.48,11.53,11.0,11.06,11.53,-0.47,-4.0763,212433.87,237870.35139
002171.SZ,楚江新材,20260617,14.01,15.48,13.83,15.0,14.34,0.66,4.6025,2398195.1,3495821.45648
002172.SZ,澳洋健康,20260617,3.09,3.09,2.99,3.01,3.09,-0.08,-2.589,118252.93,35708.07362
002173.SZ,创新医疗,20260617,17.3,17.55,17.14,17.27,17.57,-0.3,-1.7075,132134.62,228548.64076
002174.SZ,游族网络,20260617,11.61,11.9,11.44,11.62,11.82,-0.2,-1.692,374392.43,434818.81906
002175.SZ,*ST东智,20260617,2.17,2.17,2.06,2.07,2.17,-0.1,-4.6083,282477.8,59227.5546
002176.SZ,江特电机,20260617,11.74,12.03,11.42,11.49,11.76,-0.27,-2.2959,1477217.31,1722392.50469
002177.SZ,御银股份,20260617,6.13,6.74,6.04,6.52,6.13,0.39,6.3622,846647.5,550012.72417
002178.SZ,延华智能,20260617,5.27,5.3,5.1,5.11,5.33,-0.22,-4.1276,148656.0,76754.582
002179.SZ,中航光电,20260617,37.75,40.15,37.3,38.82,38.11,0.71,1.863,552894.69,2148807.0388
002180.SZ,奔图科技,20260617,13.86,14.72,13.65,14.37,13.95,0.42,3.0108,301465.32,432399.90428
002181.SZ,粤传媒,20260617,11.71,11.82,11.26,11.4,12.0,-0.6,-5.0,892374.61,1020297.76798
002182.SZ,宝武镁业,20260617,13.97,13.99,13.6,13.72,13.97,-0.25,-1.7895,172529.42,237775.08567
002183.SZ,怡亚通,20260617,5.73,5.85,5.58,5.67,5.67,0.0,0.0,1090792.55,621918.74285
002184.SZ,海得控制,20260617,10.77,10.86,10.44,10.54,10.87,-0.33,-3.0359,81902.98,86947.38025
002185.SZ,华天科技,20260617,17.5,19.19,17.45,19.05,17.82,1.23,6.9024,5197749.0,9683233.89016
002186.SZ,全聚德,20260617,9.05,9.08,8.81,8.81,9.03,-0.22,-2.4363,35470.0,31431.638
002187.SZ,广百股份,20260617,5.22,5.24,4.99,5.04,5.22,-0.18,-3.4483,122430.0,61838.144
002188.SZ,中天服务,20260617,5.53,5.53,5.3,5.34,5.52,-0.18,-3.2609,108194.5,58004.7425
002189.SZ,中光学,20260617,20.95,21.05,20.6,20.8,21.15,-0.35,-1.6548,44510.12,92427.12042
002190.SZ,成飞集成,20260617,26.45,28.1,25.86,27.31,26.24,1.07,4.0777,124463.19,335044.0097
002191.SZ,劲嘉股份,20260617,3.84,4.03,3.75,4.0,3.84,0.16,4.1667,536330.12,211587.13049
002192.SZ,融捷股份,20260617,87.99,92.56,87.07,89.17,88.13,1.04,1.1801,290472.55,2605293.7106
002193.SZ,ST如意,20260617,5.15,5.2,4.9,4.94,5.05,-0.11,-2.1782,85445.0,42873.803
002194.SZ,武汉凡谷,20260617,12.65,12.78,12.35,12.48,12.72,-0.24,-1.8868,777142.29,972050.03951
002195.SZ,岩山科技,20260617,7.22,7.3,7.12,7.18,7.24,-0.06,-0.8287,1137621.54,817726.69056
002196.SZ,方正电机,20260617,12.67,12.68,12.27,12.32,12.78,-0.46,-3.5994,290665.9,361416.9322
002197.SZ,证通电子,20260617,6.29,6.29,6.13,6.21,6.27,-0.06,-0.9569,130148.0,80760.369
002198.SZ,ST嘉应,20260617,3.59,3.61,3.43,3.44,3.59,-0.15,-4.1783,105180.0,36832.002
002199.SZ,*ST东晶,20260617,13.3,13.93,13.15,13.37,13.29,0.08,0.602,33728.02,45566.81848
002200.SZ,交投生态,20260617,7.06,7.12,6.5,6.5,7.0,-0.5,-7.1429,72501.51,48372.87867
002201.SZ,九鼎新材,20260617,11.46,12.76,11.4,12.76,11.6,1.16,10.0,586351.47,729626.17046
002202.SZ,金风科技,20260617,21.67,22.1,21.42,21.98,21.77,0.21,0.9646,1058408.94,2309292.63212
002203.SZ,海亮股份,20260617,23.97,24.87,23.0,23.2,24.5,-1.3,-5.3061,1007098.69,2393021.43898
002204.SZ,大连重工,20260617,5.68,5.71,5.55,5.59,5.68,-0.09,-1.5845,160648.97,89881.37529
002205.SZ,国统股份,20260617,11.31,11.38,11.02,11.11,11.31,-0.2,-1.7683,29314.48,32606.4778
002206.SZ,海利得,20260617,5.5,5.53,5.41,5.48,5.53,-0.05,-0.9042,119469.03,65178.32341
002207.SZ,*ST准油,20260617,7.37,7.47,7.18,7.18,7.56,-0.38,-5.0265,109610.0,79562.898
002208.SZ,合肥城建,20260617,16.5,18.0,16.25,17.58,16.66,0.92,5.5222,1142790.21,1959633.77442
002209.SZ,达意隆,20260617,11.42,11.42,10.98,11.06,11.42,-0.36,-3.1524,45539.0,50628.555
002210.SZ,飞马国际,20260617,2.49,2.5,2.4,2.42,2.51,-0.09,-3.5857,639503.0,155855.774
002211.SZ,ST宏达,20260617,3.74,3.75,3.65,3.7,3.71,-0.01,-0.2695,50206.0,18486.411
002212.SZ,天融信,20260617,6.3,6.36,6.12,6.23,6.32,-0.09,-1.4241,287085.48,178382.61162
002213.SZ,大为股份,20260617,38.0,41.05,37.08,40.69,38.82,1.87,4.8171,372507.9,1450841.6765
002214.SZ,*ST大立,20260617,15.76,16.16,15.45,15.7,15.74,-0.04,-0.2541,68388.45,107834.1266
002215.SZ,诺普信,20260617,9.74,9.74,9.39,9.44,9.65,-0.21,-2.1762,171964.31,163571.45206
002216.SZ,三全食品,20260617,12.01,12.07,11.68,11.73,12.07,-0.34,-2.8169,72879.81,85916.73227
002217.SZ,合力泰,20260617,2.61,2.71,2.55,2.66,2.61,0.05,1.9157,7535177.69,2005509.3591
002218.SZ,拓日新能,20260617,4.35,4.45,4.23,4.26,4.35,-0.09,-2.069,428562.88,184527.972
002219.SZ,新里程,20260617,2.0,2.04,1.9,1.91,1.92,-0.01,-0.5208,886421.55,173338.39311
002221.SZ,东华能源,20260617,6.11,6.13,5.89,5.92,6.1,-0.18,-2.9508,175118.21,104505.9328
002222.SZ,福晶科技,20260617,97.87,104.73,97.45,104.47,100.1,4.37,4.3656,444401.47,4477950.66042
002223.SZ,鱼跃医疗,20260617,25.55,25.6,25.11,25.24,25.46,-0.22,-0.8641,65575.04,165633.95012
002224.SZ,三力士,20260617,3.61,3.61,3.5,3.52,3.62,-0.1,-2.7624,110292.0,38967.177
002225.SZ,濮耐股份,20260617,4.23,4.65,4.2,4.42,4.23,0.19,4.4917,1324194.17,591498.85892
002226.SZ,江南化工,20260617,4.96,5.1,4.9,5.05,5.02,0.03,0.5976,291963.07,146369.11338
002227.SZ,*ST特迅,20260617,7.37,7.41,7.06,7.06,7.17,-0.11,-1.5342,63863.01,46121.58629
002228.SZ,合兴包装,20260617,3.24,3.31,3.16,3.18,3.23,-0.05,-1.548,222042.6,71356.47
002229.SZ,鸿博股份,20260617,12.85,12.88,12.05,12.11,12.91,-0.8,-6.1967,491545.94,606484.85786
002230.SZ,科大讯飞,20260617,41.27,41.95,40.58,41.59,41.28,0.31,0.751,431082.91,1782809.79543
002232.SZ,启明信息,20260617,15.11,15.24,14.77,14.87,15.21,-0.34,-2.2354,40922.79,60988.26067
002233.SZ,塔牌集团,20260617,7.55,7.67,7.42,7.49,7.57,-0.08,-1.0568,81029.12,60912.64042
002234.SZ,民和股份,20260617,7.06,7.07,6.74,6.79,7.08,-0.29,-4.096,84640.01,57924.90787
002235.SZ,安妮股份,20260617,9.27,9.31,8.48,8.69,9.39,-0.7,-7.4547,607193.65,538005.63283
002236.SZ,大华股份,20260617,16.28,16.66,16.16,16.31,16.41,-0.1,-0.6094,310262.68,508170.27948
002237.SZ,恒邦股份,20260617,13.64,14.74,13.64,14.51,13.65,0.86,6.3004,475554.55,681146.39778
002238.SZ,天威视讯,20260617,5.86,5.89,5.68,5.76,5.9,-0.14,-2.3729,72057.0,41447.9881
002239.SZ,奥特佳,20260617,2.5,2.5,2.43,2.44,2.5,-0.06,-2.4,421777.5,103620.877
002240.SZ,盛新锂能,20260617,48.81,50.19,47.87,48.3,48.81,-0.51,-1.0449,590617.74,2889088.66924
002241.SZ,歌尔股份,20260617,23.11,23.96,23.07,23.68,23.35,0.33,1.4133,827827.98,1960428.00606
002242.SZ,九阳股份,20260617,8.56,8.62,8.35,8.43,8.53,-0.1,-1.1723,66844.21,56555.14159
002243.SZ,力合科创,20260617,7.29,7.37,7.18,7.23,7.33,-0.1,-1.3643,151713.24,109855.70869
002244.SZ,滨江集团,20260617,8.66,8.72,8.4,8.56,8.68,-0.12,-1.3825,257607.7,220100.5642
002245.SZ,蔚蓝锂芯,20260617,20.74,21.29,20.34,20.67,20.98,-0.31,-1.4776,899258.32,1862404.51379
002246.SZ,北化股份,20260617,20.5,20.69,20.04,20.32,20.65,-0.33,-1.5981,126920.68,257583.84032
002247.SZ,聚力文化,20260617,2.34,2.35,2.24,2.26,2.34,-0.08,-3.4188,176539.0,40045.686
002248.SZ,华东数控,20260617,9.76,9.83,9.45,9.52,9.85,-0.33,-3.3503,100891.01,96896.01552
002249.SZ,大洋电机,20260617,8.29,8.29,8.09,8.14,8.29,-0.15,-1.8094,300445.83,245152.31802
002250.SZ,联化科技,20260617,14.05,14.14,13.79,13.84,13.98,-0.14,-1.0014,103879.09,144837.47946
002251.SZ,步步高,20260617,4.05,4.06,3.88,3.9,4.08,-0.18,-4.4118,1466975.89,574260.0556
002252.SZ,上海莱士,20260617,4.78,4.79,4.69,4.69,4.79,-0.1,-2.0877,549612.5,259125.99023
002253.SZ,*ST智胜,20260617,11.04,11.26,10.95,11.1,11.12,-0.02,-0.1799,29272.5,32492.823
002254.SZ,泰和新材,20260617,16.4,18.58,16.15,18.58,16.89,1.69,10.0059,1126561.21,2011525.93914
002255.SZ,海陆重工,20260617,9.71,9.86,9.4,9.5,9.8,-0.3,-3.0612,250734.84,239459.752
002256.SZ,兆新股份,20260617,4.19,4.2,4.08,4.16,4.21,-0.05,-1.1876,662428.76,272913.02257
002258.SZ,利尔化学,20260617,14.0,14.0,13.48,13.58,13.96,-0.38,-2.7221,189309.57,258388.69215
002259.SZ,升达林业,20260617,4.46,4.5,4.37,4.39,4.47,-0.08,-1.7897,123087.0,54359.165
002261.SZ,拓维信息,20260617,29.7,29.97,29.24,29.5,30.01,-0.51,-1.6994,500794.33,1480375.11041
002262.SZ,恩华药业,20260617,19.07,19.17,18.66,18.71,19.13,-0.42,-2.1955,89451.26,168235.94342
002263.SZ,大东南,20260617,4.24,4.43,4.21,4.37,4.27,0.1,2.3419,2919095.75,1265764.19829
002264.SZ,新华都,20260617,6.25,6.26,6.03,6.08,6.27,-0.19,-3.0303,149084.0,91136.644
002265.SZ,建设工业,20260617,19.37,19.64,19.11,19.35,19.57,-0.22,-1.1242,76256.72,147398.27528
002266.SZ,浙富控股,20260617,4.95,4.99,4.83,4.9,4.97,-0.07,-1.4085,602193.3,295267.7873
002267.SZ,陕天然气,20260617,7.02,7.03,6.9,6.91,7.05,-0.14,-1.9858,73244.02,50778.15672
002268.SZ,电科网安,20260617,13.38,13.38,13.13,13.22,13.39,-0.17,-1.2696,65535.58,86587.40707
002269.SZ,美邦服饰,20260617,1.46,1.46,1.4,1.41,1.46,-0.05,-3.4247,548083.0,77935.839
002270.SZ,华明装备,20260617,21.1,22.51,21.05,21.92,21.05,0.87,4.133,367756.35,805952.89263
002271.SZ,东方雨虹,20260617,12.7,13.0,12.46,12.57,12.81,-0.24,-1.8735,435577.24,551672.16065
002272.SZ,川润股份,20260617,20.5,21.23,20.5,21.09,21.17,-0.08,-0.3779,375542.62,787657.11895
002273.SZ,水晶光电,20260617,35.3,37.03,35.06,35.73,35.87,-0.14,-0.3903,596600.75,2139231.2218
002274.SZ,华昌化工,20260617,5.23,5.23,5.02,5.06,5.23,-0.17,-3.2505,139523.37,70990.66757
002275.SZ,桂林三金,20260617,12.39,12.44,12.24,12.26,12.4,-0.14,-1.129,11917.0,14657.961
002276.SZ,万马股份,20260617,11.16,11.18,10.83,10.92,11.14,-0.22,-1.9749,167802.24,183805.28255
002277.SZ,友阿股份,20260617,6.42,6.48,6.14,6.18,6.49,-0.31,-4.7766,322708.0,201942.074
002278.SZ,神开股份,20260617,8.56,8.59,8.24,8.28,8.5,-0.22,-2.5882,94915.46,79215.46034
002279.SZ,久其软件,20260617,6.72,6.74,6.44,6.48,6.8,-0.32,-4.7059,367174.1,241270.9156
002281.SZ,光迅科技,20260617,225.01,246.0,224.47,242.0,230.01,11.99,5.2128,504364.92,11945945.3537
002282.SZ,博深股份,20260617,6.01,6.03,5.86,5.91,6.02,-0.11,-1.8272,46319.15,27369.3231
002283.SZ,天润工业,20260617,9.66,10.42,9.65,10.06,9.65,0.41,4.2487,410369.29,413869.65765
002284.SZ,亚太股份,20260617,10.78,10.99,10.6,10.77,10.84,-0.07,-0.6458,111106.83,119813.26227
002285.SZ,世联行,20260617,2.38,2.41,2.31,2.33,2.4,-0.07,-2.9167,346503.6,81290.4236
002286.SZ,保龄宝,20260617,9.18,9.24,8.82,9.12,9.21,-0.09,-0.9772,113808.0,102573.91
002287.SZ,奇正藏药,20260617,20.01,20.02,19.73,19.8,19.97,-0.17,-0.8513,13675.31,27104.56709
002289.SZ,*ST宇顺,20260617,40.98,42.14,40.02,41.36,40.67,0.69,1.6966,20506.5,84544.5395
002290.SZ,禾盛新材,20260617,82.58,84.75,81.61,83.38,82.26,1.12,1.3615,70959.0,589557.138
002291.SZ,遥望科技,20260617,5.4,5.4,5.19,5.23,5.44,-0.21,-3.8603,295007.11,154806.77732
002292.SZ,奥飞娱乐,20260617,6.69,6.69,6.42,6.47,6.71,-0.24,-3.5768,326881.19,212862.02309
002293.SZ,罗莱生活,20260617,10.19,10.33,10.06,10.08,10.12,-0.04,-0.3953,69542.49,70755.218
002294.SZ,信立泰,20260617,30.21,30.24,29.85,30.16,30.35,-0.19,-0.626,136746.23,410824.36308
002295.SZ,精艺股份,20260617,10.17,10.17,9.7,9.78,10.17,-0.39,-3.8348,45684.87,45041.20722
002296.SZ,辉煌科技,20260617,9.6,9.66,9.45,9.48,9.55,-0.07,-0.733,60489.66,57685.4273
002297.SZ,博云新材,20260617,23.8,26.2,23.6,25.78,23.9,1.88,7.8661,1385181.05,3403447.21352
002298.SZ,中电鑫龙,20260617,8.58,8.59,8.24,8.32,8.55,-0.23,-2.6901,254593.25,212944.84175
002299.SZ,圣农发展,20260617,16.0,16.28,15.98,16.22,16.09,0.13,0.808,75089.04,121078.42884
002300.SZ,太阳电缆,20260617,7.72,7.74,7.41,7.45,7.72,-0.27,-3.4974,185997.09,140167.10731
002301.SZ,齐心集团,20260617,8.12,8.15,7.66,7.9,8.05,-0.15,-1.8634,272239.91,214324.27491
002302.SZ,西部建设,20260617,4.78,4.82,4.71,4.74,4.81,-0.07,-1.4553,64314.64,30515.59112
002303.SZ,美盈森,20260617,3.61,3.85,3.57,3.83,3.64,0.19,5.2198,1054104.08,395990.89684
002304.SZ,洋河股份,20260617,42.8,43.1,41.72,42.08,42.8,-0.72,-1.6822,61680.08,259805.00711
002305.SZ,*ST南置,20260617,2.19,2.22,2.15,2.17,2.19,-0.02,-0.9132,159907.5,34872.488
002306.SZ,ST云网,20260617,2.09,2.12,2.07,2.09,2.13,-0.04,-1.8779,112134.14,23371.96012
002307.SZ,北新路桥,20260617,3.74,3.8,3.68,3.77,3.72,0.05,1.3441,175193.67,65448.61529
002309.SZ,中利集团,20260617,3.29,3.33,3.16,3.19,3.31,-0.12,-3.6254,1390913.0,447540.538
002310.SZ,东方新能,20260617,2.49,2.49,2.4,2.42,2.5,-0.08,-3.2,1023573.79,248660.68089
002311.SZ,海大集团,20260617,41.5,42.15,40.9,41.58,41.4,0.18,0.4348,86766.4,359746.98871
002312.SZ,川发龙蟒,20260617,8.85,8.85,8.53,8.58,8.9,-0.32,-3.5955,339385.94,292332.31226
002313.SZ,日海智能,20260617,8.29,8.45,8.12,8.22,8.44,-0.22,-2.6066,88594.01,73076.3652
002314.SZ,南山控股,20260617,2.22,2.22,2.13,2.14,2.22,-0.08,-3.6036,423571.65,91143.5361
002315.SZ,焦点科技,20260617,24.9,24.92,24.25,24.45,24.93,-0.48,-1.9254,49224.07,120654.88125
002316.SZ,亚联发展,20260617,4.46,4.48,4.25,4.28,4.47,-0.19,-4.2506,142131.0,61379.026
002317.SZ,众生药业,20260617,21.81,21.95,20.49,20.82,21.85,-1.03,-4.714,341178.85,718457.24042
002318.SZ,久立特材,20260617,23.19,24.12,23.03,24.02,23.09,0.93,4.0277,131424.96,311347.32904
002319.SZ,乐通股份,20260617,11.63,11.96,11.24,11.29,11.84,-0.55,-4.6453,103053.02,118932.16286
002320.SZ,海峡股份,20260617,6.99,7.03,6.8,6.86,7.03,-0.17,-2.4182,172106.33,118008.06864
002321.SZ,华英农业,20260617,1.8,1.81,1.74,1.76,1.81,-0.05,-2.7624,246051.03,43325.22922
002322.SZ,理工能科,20260617,10.57,10.57,10.27,10.31,10.61,-0.3,-2.8275,31841.27,33044.01464
002323.SZ,*ST雅博,20260617,1.38,1.43,1.35,1.37,1.37,0.0,0.0,749603.06,104041.64059
002324.SZ,普利特,20260617,12.96,13.42,12.9,13.18,13.07,0.11,0.8416,226121.32,297691.20746
002326.SZ,永太科技,20260617,22.21,22.56,21.76,22.39,22.43,-0.04,-0.1783,368124.58,814959.5399
002327.SZ,富安娜,20260617,6.61,6.61,6.44,6.45,6.56,-0.11,-1.6768,94134.04,61098.7616
002328.SZ,新朋股份,20260617,8.1,8.19,7.98,8.05,8.1,-0.05,-0.6173,203345.47,164082.21042
002329.SZ,皇氏集团,20260617,3.11,3.15,2.93,2.96,3.15,-0.19,-6.0317,371106.01,111536.15093
002330.SZ,得利斯,20260617,3.8,3.8,3.68,3.71,3.81,-0.1,-2.6247,111628.02,41448.35454
002331.SZ,皖通科技,20260617,8.23,8.26,7.88,7.98,8.28,-0.3,-3.6232,119545.6,95807.4748
002332.SZ,仙琚制药,20260617,8.43,8.43,8.29,8.31,8.42,-0.11,-1.3064,89497.78,74650.53312
002333.SZ,罗普斯金,20260617,5.04,5.04,4.87,4.88,5.02,-0.14,-2.7888,47255.02,23211.60676
002334.SZ,英威腾,20260617,8.54,8.71,8.41,8.49,8.61,-0.12,-1.3937,293001.0,250304.25108
002335.SZ,科华数据,20260617,38.96,39.8,38.43,38.93,39.03,-0.1,-0.2562,227649.33,887163.69124
002337.SZ,赛象科技,20260617,4.97,4.98,4.79,4.82,4.98,-0.16,-3.2129,104824.0,50914.141
002338.SZ,奥普光电,20260617,54.47,55.1,54.01,54.64,55.47,-0.83,-1.4963,70518.74,384717.28643
002339.SZ,积成电子,20260617,7.94,7.98,7.58,7.63,7.96,-0.33,-4.1457,137378.19,105893.4417
002340.SZ,格林美,20260617,7.59,7.61,7.37,7.42,7.63,-0.21,-2.7523,1595953.27,1188256.21931
002342.SZ,巨力索具,20260617,10.5,10.65,10.18,10.26,10.42,-0.16,-1.5355,681608.7,708789.44196
002343.SZ,慈文传媒,20260617,4.9,4.91,4.69,4.72,4.92,-0.2,-4.065,118109.6,56122.329
002344.SZ,海宁皮城,20260617,3.82,3.83,3.69,3.71,3.84,-0.13,-3.3854,130371.0,48717.052
002345.SZ,潮宏基,20260617,10.17,10.19,9.75,9.83,10.22,-0.39,-3.816,228782.14,227610.64955
002346.SZ,柘中股份,20260617,18.56,19.17,18.16,18.33,18.01,0.32,1.7768,102567.0,190837.854
002347.SZ,泰尔股份,20260617,6.6,6.61,6.35,6.4,6.63,-0.23,-3.4691,138090.0,88960.374
002348.SZ,高乐股份,20260617,13.59,13.59,12.29,12.58,12.35,0.23,1.8623,860143.0,1120869.744
002349.SZ,精华制药,20260617,6.41,6.42,6.32,6.35,6.41,-0.06,-0.936,48169.0,30546.472
002350.SZ,北京科锐,20260617,15.9,16.23,15.15,15.23,16.06,-0.83,-5.1681,207061.43,322406.03414
002351.SZ,漫步者,20260617,10.2,10.33,9.98,10.04,10.25,-0.21,-2.0488,78447.35,79165.21877
002352.SZ,顺丰控股,20260617,32.36,32.56,32.11,32.2,32.46,-0.26,-0.801,176669.75,569878.45083
002353.SZ,杰瑞股份,20260617,151.0,159.99,150.53,157.65,152.51,5.14,3.3703,144060.34,2255418.90471
002354.SZ,天娱数科,20260617,7.19,7.25,6.96,7.03,7.26,-0.23,-3.168,2855073.57,2015199.15127
002355.SZ,兴民智通,20260617,4.9,4.97,4.79,4.81,4.95,-0.14,-2.8283,151964.01,73888.8998
002356.SZ,赫美集团,20260617,3.22,3.22,3.11,3.13,3.26,-0.13,-3.9877,291243.7,91842.9642
002357.SZ,富临运业,20260617,9.83,9.83,9.57,9.68,9.78,-0.1,-1.0225,62020.03,60001.64013
002358.SZ,森源电气,20260617,6.15,6.17,5.98,6.02,6.2,-0.18,-2.9032,218801.9,132195.55
002360.SZ,ST同德,20260617,5.46,5.5,5.21,5.31,5.47,-0.16,-2.925,91012.0,48379.138
002361.SZ,神剑股份,20260617,16.0,16.55,15.51,15.62,16.07,-0.45,-2.8002,1794491.53,2875779.72285
002362.SZ,汉王科技,20260617,18.4,18.66,18.16,18.51,18.64,-0.13,-0.6974,92279.84,169580.06899
002363.SZ,隆基机械,20260617,6.74,6.75,6.51,6.57,6.76,-0.19,-2.8107,62709.0,41309.531
002364.SZ,中恒电气,20260617,53.28,54.88,51.19,51.99,52.24,-0.25,-0.4786,372960.58,1965863.56361
002365.SZ,永安药业,20260617,10.94,10.95,10.64,10.74,11.01,-0.27,-2.4523,83732.47,90092.87759
002366.SZ,融发核电,20260617,6.17,6.27,6.04,6.11,6.24,-0.13,-2.0833,366414.29,223970.59525
002367.SZ,康力电梯,20260617,5.23,5.29,5.17,5.25,5.24,0.01,0.1908,66583.49,34874.26825
002368.SZ,太极股份,20260617,16.95,17.24,16.44,16.96,17.03,-0.07,-0.411,152571.69,255562.85879
002369.SZ,卓翼科技,20260617,6.11,6.22,5.96,6.02,6.12,-0.1,-1.634,164493.43,99786.70565
002370.SZ,亚太药业,20260617,5.15,5.17,5.07,5.12,5.15,-0.03,-0.5825,118011.0,60257.608
002371.SZ,北方华创,20260617,660.39,705.0,657.0,704.22,672.19,32.03,4.765,113479.4,7737166.59357
002372.SZ,伟星新材,20260617,8.7,8.78,8.6,8.7,8.74,-0.04,-0.4577,77872.49,67619.88698
002373.SZ,千方科技,20260617,7.6,7.71,7.48,7.62,7.64,-0.02,-0.2618,188384.66,142632.92996
002374.SZ,中锐股份,20260617,3.2,3.2,3.12,3.13,3.19,-0.06,-1.8809,183184.0,57719.749
002375.SZ,亚厦股份,20260617,3.71,3.72,3.61,3.66,3.7,-0.04,-1.0811,185009.02,67431.39226
002376.SZ,新北洋,20260617,6.17,6.17,6.03,6.07,6.2,-0.13,-2.0968,82394.0,50068.632
002377.SZ,国创高新,20260617,2.73,2.74,2.63,2.64,2.73,-0.09,-3.2967,244737.0,65413.426
002378.SZ,章源钨业,20260617,36.85,37.3,34.73,34.88,37.88,-3.0,-7.9197,1261219.32,4492750.17408
002379.SZ,宏桥控股,20260617,16.82,17.48,16.4,17.01,16.82,0.19,1.1296,326507.78,555480.11797
002380.SZ,科远智慧,20260617,37.06,37.93,36.83,37.55,37.38,0.17,0.4548,64556.7,241413.9149
002381.SZ,双箭股份,20260617,5.54,5.57,5.36,5.38,5.58,-0.2,-3.5842,65805.8,35706.7408
002382.SZ,蓝帆医疗,20260617,5.51,5.6,5.39,5.46,5.49,-0.03,-0.5464,169962.86,93020.67413
002383.SZ,合众思壮,20260617,7.3,7.33,7.12,7.18,7.37,-0.19,-2.578,94808.4,68382.307
002384.SZ,东山精密,20260617,255.12,266.03,251.0,256.92,249.06,7.86,3.1559,976383.38,25196207.2296
002385.SZ,大北农,20260617,2.99,3.0,2.93,2.95,2.98,-0.03,-1.0067,646214.83,190783.30611
002386.SZ,天原股份,20260617,5.87,5.89,5.61,5.64,5.88,-0.24,-4.0816,251935.28,143641.12392
002387.SZ,维信诺,20260617,8.4,8.86,8.4,8.81,8.52,0.29,3.4038,371154.84,324700.28154
002388.SZ,新亚制程,20260617,5.38,5.52,5.33,5.45,5.41,0.04,0.7394,279928.0,151251.093
002389.SZ,航天彩虹,20260617,19.0,19.28,18.86,19.03,19.16,-0.13,-0.6785,154939.59,295126.97816
002390.SZ,信邦制药,20260617,2.8,2.81,2.76,2.8,2.81,-0.01,-0.3559,174403.38,48496.50185
002391.SZ,长青股份,20260617,5.16,5.19,5.1,5.15,5.2,-0.05,-0.9615,65493.82,33592.00566
002392.SZ,北京利尔,20260617,8.06,8.16,7.92,8.01,8.09,-0.08,-0.9889,215794.29,173419.84341
002393.SZ,力生制药,20260617,14.6,14.6,14.1,14.18,14.58,-0.4,-2.7435,23177.15,33025.64874
002394.SZ,联发股份,20260617,9.33,9.35,9.08,9.18,9.33,-0.15,-1.6077,47920.0,43915.136
002395.SZ,双象股份,20260617,13.25,13.36,12.9,13.0,13.29,-0.29,-2.1821,66701.26,87080.10672
002396.SZ,星网锐捷,20260617,18.66,20.62,18.65,19.83,18.86,0.97,5.1432,418117.01,828983.52823
002397.SZ,梦洁股份,20260617,4.31,4.36,4.2,4.28,4.35,-0.07,-1.6092,141413.0,60378.842
002398.SZ,垒知集团,20260617,4.12,4.13,4.0,4.05,4.12,-0.07,-1.699,119281.0,48215.477
002399.SZ,海普瑞,20260617,9.03,9.09,8.98,9.06,9.1,-0.04,-0.4396,29220.19,26417.56309
002400.SZ,省广集团,20260617,7.12,7.12,6.94,7.01,7.14,-0.13,-1.8207,511677.38,358715.74072
002401.SZ,中远海科,20260617,12.93,13.13,12.86,13.12,12.99,0.13,1.0008,48249.48,62818.11701
002402.SZ,和而泰,20260617,25.13,25.36,24.83,25.02,25.21,-0.19,-0.7537,216819.89,543035.60711
002403.SZ,爱仕达,20260617,10.0,10.19,9.81,9.95,10.04,-0.09,-0.8964,59616.3,59651.08166
002404.SZ,嘉欣丝绸,20260617,6.34,6.84,6.29,6.84,6.22,0.62,9.9678,266460.24,176257.66844
002405.SZ,四维图新,20260617,7.47,7.47,7.16,7.21,7.36,-0.15,-2.038,535004.5,387177.3238
002406.SZ,远东传动,20260617,7.45,7.47,7.26,7.31,7.51,-0.2,-2.6631,255814.0,187506.323
002407.SZ,多氟多,20260617,38.0,38.98,37.37,38.47,39.33,-0.86,-2.1866,1744180.52,6660444.58243
002408.SZ,齐翔腾达,20260617,4.99,5.14,4.95,5.1,5.01,0.09,1.7964,327329.53,165984.11235
002409.SZ,雅克科技,20260617,137.0,149.22,136.0,147.92,137.76,10.16,7.3751,374932.22,5422421.73795
002410.SZ,广联达,20260617,8.8,8.86,8.68,8.85,8.83,0.02,0.2265,244798.87,214358.9329
002412.SZ,汉森制药,20260617,5.99,6.03,5.87,5.9,6.02,-0.12,-1.9934,94880.0,56341.305
002413.SZ,雷科防务,20260617,10.25,10.49,10.22,10.28,10.36,-0.08,-0.7722,473911.67,489036.84418
002414.SZ,高德红外,20260617,13.35,13.68,13.33,13.65,13.46,0.19,1.4116,465493.56,632282.62438
002415.SZ,海康威视,20260617,31.85,32.87,31.7,32.36,32.2,0.16,0.4969,805756.4,2607765.21069
002416.SZ,爱施德,20260617,11.09,11.48,10.76,10.8,11.06,-0.26,-2.3508,393782.1,436651.38018
002418.SZ,康盛股份,20260617,4.35,4.39,4.2,4.23,4.39,-0.16,-3.6446,499745.0,213226.54
002419.SZ,天虹股份,20260617,4.53,4.54,4.44,4.46,4.54,-0.08,-1.7621,126042.78,56399.88379
002420.SZ,毅昌科技,20260617,5.74,5.74,5.47,5.51,5.74,-0.23,-4.007,115635.46,64261.17894
002421.SZ,达实智能,20260617,4.01,4.04,3.8,3.83,4.15,-0.32,-7.7108,5289956.31,2060824.5078
002422.SZ,科伦药业,20260617,35.99,36.35,35.45,35.62,36.0,-0.38,-1.0556,123807.6,441994.49555
002423.SZ,中粮资本,20260617,9.05,9.13,9.0,9.04,9.09,-0.05,-0.5501,100946.95,91347.46798
002424.SZ,ST百灵,20260617,4.43,4.46,4.3,4.34,4.4,-0.06,-1.3636,83797.0,36441.505
002425.SZ,凯撒文化,20260617,2.82,2.83,2.7,2.72,2.83,-0.11,-3.8869,170908.6,46681.653
002426.SZ,胜利精密,20260617,4.06,4.16,4.0,4.09,4.1,-0.01,-0.2439,2815249.1,1147927.52442
002427.SZ,尤夫股份,20260617,4.5,4.53,4.34,4.36,4.5,-0.14,-3.1111,141393.17,61989.39299
002428.SZ,云南锗业,20260617,97.97,100.3,96.12,99.26,101.2,-1.94,-1.917,1003182.27,9872188.71861
002429.SZ,兆驰股份,20260617,11.79,12.17,11.6,11.86,11.82,0.04,0.3384,933700.22,1112457.72139
002430.SZ,杭氧股份,20260617,26.7,26.9,26.28,26.46,27.3,-0.84,-3.0769,243102.18,644568.69993
002431.SZ,ST棕榈,20260617,1.53,1.53,1.48,1.49,1.53,-0.04,-2.6144,180581.0,27013.724
002432.SZ,九安医疗,20260617,71.96,71.96,65.79,66.83,70.9,-4.07,-5.7405,306460.89,2069005.73358
002434.SZ,万里扬,20260617,7.2,7.2,6.88,6.9,7.2,-0.3,-4.1667,281677.77,196859.41616
002436.SZ,兴森科技,20260617,45.01,48.51,45.01,47.8,44.1,3.7,8.39,2581196.28,12237938.1831
002437.SZ,誉衡药业,20260617,2.64,2.64,2.55,2.57,2.64,-0.07,-2.6515,563601.16,145378.52312
002438.SZ,江苏神通,20260617,15.7,15.9,15.28,15.81,15.7,0.11,0.7006,149142.55,232226.38926
002439.SZ,启明星辰,20260617,13.0,13.27,12.8,12.98,13.07,-0.09,-0.6886,264545.39,343517.85342
002440.SZ,闰土股份,20260617,9.58,10.47,9.54,10.44,9.72,0.72,7.4074,881288.18,892363.11302
002441.SZ,众业达,20260617,8.52,8.74,8.41,8.68,8.54,0.14,1.6393,115880.0,99652.767
002442.SZ,龙星科技,20260617,5.14,5.14,4.97,4.98,5.16,-0.18,-3.4884,213631.0,107341.829
002443.SZ,金洲管道,20260617,11.8,11.82,11.35,11.67,11.7,-0.03,-0.2564,299877.97,346672.49517
002444.SZ,巨星科技,20260617,30.54,30.59,29.78,30.16,30.62,-0.46,-1.5023,112814.51,338466.34532
002445.SZ,中南文化,20260617,3.24,3.26,3.17,3.19,3.27,-0.08,-2.4465,757345.7,243082.0255
002446.SZ,盛路通信,20260617,11.4,11.75,11.33,11.7,11.77,-0.07,-0.5947,1167627.34,1346235.54816
002448.SZ,中原内配,20260617,13.11,13.37,12.99,13.16,13.2,-0.04,-0.303,110774.0,145550.288
002449.SZ,国星光电,20260617,7.98,8.3,7.85,8.08,8.29,-0.21,-2.5332,453773.14,367424.13653
002451.SZ,摩恩电气,20260617,8.01,8.05,7.66,7.7,8.01,-0.31,-3.8702,116946.0,90738.04732
002452.SZ,长高电气,20260617,11.18,11.41,11.12,11.22,11.22,0.0,0.0,140409.88,158091.64064
002453.SZ,华软科技,20260617,5.18,5.22,5.0,5.07,5.24,-0.17,-3.2443,151900.0,77427.523
002454.SZ,松芝股份,20260617,5.46,5.58,5.41,5.43,5.49,-0.06,-1.0929,100772.22,55003.12242
002455.SZ,百川股份,20260617,8.32,8.35,7.98,8.04,8.38,-0.34,-4.0573,436042.81,353711.30817
002456.SZ,欧菲光,20260617,9.28,9.74,9.26,9.62,9.36,0.26,2.7778,1553286.61,1485766.45716
002457.SZ,青龙管业,20260617,13.21,13.59,12.99,13.48,13.34,0.14,1.0495,392759.61,523964.44645
002458.SZ,益生股份,20260617,8.26,8.3,8.08,8.15,8.26,-0.11,-1.3317,114987.73,93828.83919
002459.SZ,晶澳科技,20260617,8.69,8.76,8.41,8.47,8.69,-0.22,-2.5316,553796.7,471420.91915
002460.SZ,赣锋锂业,20260617,71.6,73.48,70.79,71.32,71.45,-0.13,-0.1819,585440.09,4212762.68953
002461.SZ,珠江啤酒,20260617,8.88,8.9,8.6,8.62,8.9,-0.28,-3.1461,121098.12,104957.7708
002462.SZ,嘉事堂,20260617,13.74,13.82,13.27,13.41,13.75,-0.34,-2.4727,102119.5,138258.0685
002463.SZ,沪电股份,20260617,138.0,149.9,137.1,146.55,140.64,5.91,4.2022,991541.7,14460550.5338
002465.SZ,海格通信,20260617,13.7,14.17,13.55,13.85,13.9,-0.05,-0.3597,870106.18,1205651.39212
002466.SZ,天齐锂业,20260617,64.49,65.82,63.6,64.04,63.99,0.05,0.0781,707653.74,4567795.65254
002467.SZ,二六三,20260617,5.3,5.31,5.12,5.18,5.35,-0.17,-3.1776,455247.3,236792.5141
002468.SZ,申通快递,20260617,13.45,13.66,13.22,13.59,13.46,0.13,0.9658,188533.13,254086.22686
002469.SZ,三维化学,20260617,6.75,6.92,6.69,6.85,6.8,0.05,0.7353,179251.21,121882.88676
002470.SZ,金正大,20260617,2.21,2.22,2.11,2.13,2.24,-0.11,-4.9107,1518633.0,325717.095
002471.SZ,中超控股,20260617,7.05,7.09,6.86,6.87,7.12,-0.25,-3.5112,759703.2,527446.94425
002472.SZ,双环传动,20260617,41.88,42.25,41.17,41.76,42.31,-0.55,-1.2999,274028.73,1141196.57433
002474.SZ,榕基软件,20260617,6.93,6.93,6.66,6.7,6.98,-0.28,-4.0115,216221.61,145826.44301
002475.SZ,立讯精密,20260617,66.45,67.66,65.6,67.32,67.26,0.06,0.0892,1511182.49,10067605.1826
002476.SZ,新叶股份,20260617,5.42,5.53,5.38,5.41,5.43,-0.02,-0.3683,95208.0,51889.239
002478.SZ,常宝股份,20260617,7.1,7.14,6.95,7.04,7.09,-0.05,-0.7052,145537.0,102318.356
002479.SZ,富春环保,20260617,4.8,4.81,4.7,4.74,4.83,-0.09,-1.8634,129309.59,61365.34247
002480.SZ,新筑股份,20260617,5.62,5.66,5.5,5.52,5.66,-0.14,-2.4735,81394.0,45118.654
002481.SZ,双塔食品,20260617,4.02,4.02,3.85,3.87,4.03,-0.16,-3.9702,124699.0,48697.896
002482.SZ,广田集团,20260617,1.39,1.42,1.37,1.37,1.4,-0.03,-2.1429,553800.5,76957.9955
002483.SZ,润邦股份,20260617,5.35,5.35,5.25,5.3,5.35,-0.05,-0.9346,69319.76,36637.977
002484.SZ,江海股份,20260617,97.12,104.94,97.01,104.93,95.4,9.53,9.9895,613006.97,6259376.65704
002485.SZ,ST雪发,20260617,4.71,4.78,4.62,4.68,4.74,-0.06,-1.2658,32818.1,15372.7875
002486.SZ,嘉麟杰,20260617,2.31,2.32,2.23,2.24,2.31,-0.07,-3.0303,200422.0,45067.553
002487.SZ,大金重工,20260617,59.81,61.1,59.53,60.57,60.2,0.37,0.6146,164001.52,990375.6742
002488.SZ,金固股份,20260617,9.8,9.84,9.56,9.63,9.87,-0.24,-2.4316,152652.08,147273.22531
002489.SZ,浙江永强,20260617,3.16,3.3,3.15,3.2,3.18,0.02,0.6289,454687.24,146169.34191
002490.SZ,山东墨龙,20260617,7.71,7.76,7.41,7.42,7.84,-0.42,-5.3571,461797.5,346758.26998
002491.SZ,通鼎互联,20260617,26.11,28.71,25.66,28.71,26.1,2.61,10.0,1882732.78,5178287.80927
002492.SZ,恒基达鑫,20260617,5.63,5.64,5.48,5.63,5.64,-0.01,-0.1773,76824.0,42724.104
002493.SZ,荣盛石化,20260617,11.56,12.15,11.46,11.9,11.65,0.25,2.1459,560386.28,665663.50553
002494.SZ,华斯股份,20260617,4.92,4.95,4.71,4.72,4.92,-0.2,-4.065,132847.94,63334.83414
002495.SZ,佳隆股份,20260617,2.26,2.27,2.18,2.19,2.27,-0.08,-3.5242,190549.0,41963.734
002497.SZ,雅化集团,20260617,22.9,23.3,22.35,22.93,22.89,0.04,0.1747,364321.68,835315.48246
002498.SZ,汉缆股份,20260617,7.78,7.82,7.53,7.57,7.85,-0.28,-3.5669,832979.56,634928.36969
002500.SZ,山西证券,20260617,5.24,5.3,5.2,5.23,5.24,-0.01,-0.1908,291509.47,153167.82021
002501.SZ,*ST利源,20260617,1.49,1.49,1.44,1.44,1.5,-0.06,-4.0,333955.0,48723.077
002506.SZ,协鑫集成,20260617,3.33,3.48,3.18,3.21,3.33,-0.12,-3.6036,3940334.21,1285527.61209
002507.SZ,涪陵榨菜,20260617,11.66,11.67,11.48,11.55,11.67,-0.12,-1.0283,63873.37,73700.46459
002508.SZ,老板电器,20260617,16.03,16.03,15.55,15.62,16.04,-0.42,-2.6185,83898.88,131600.14207
002510.SZ,天汽模,20260617,6.22,6.23,6.1,6.11,6.28,-0.17,-2.707,209121.0,128378.774
002511.SZ,中顺洁柔,20260617,6.93,6.95,6.78,6.87,6.98,-0.11,-1.5759,104287.04,71282.34253
002512.SZ,ST达华,20260617,4.18,4.22,4.08,4.1,4.26,-0.16,-3.7559,312702.0,129625.738
002513.SZ,蓝丰生化,20260617,5.41,5.41,5.15,5.2,5.43,-0.23,-4.2357,152782.0,79607.616
002514.SZ,*ST宝馨,20260617,3.17,3.25,3.05,3.05,3.21,-0.16,-4.9844,389116.0,121464.112
002515.SZ,金字火腿,20260617,8.99,9.84,8.85,9.47,9.11,0.36,3.9517,2505058.54,2357743.47687
002516.SZ,旷达科技,20260617,6.2,6.26,6.08,6.1,6.24,-0.14,-2.2436,185125.0,113915.388
002517.SZ,恺英网络,20260617,14.64,14.73,14.37,14.58,14.73,-0.15,-1.0183,390369.26,568390.78021
002518.SZ,科士达,20260617,50.77,52.86,50.5,52.18,50.85,1.33,2.6155,183898.63,958040.45348
002519.SZ,银河电子,20260617,6.43,6.49,6.3,6.34,6.46,-0.12,-1.8576,307377.85,195908.09596
002520.SZ,日发精机,20260617,6.87,7.07,6.82,6.89,6.93,-0.04,-0.5772,531155.16,367013.36987
002521.SZ,齐峰新材,20260617,6.99,7.11,6.87,7.01,6.99,0.02,0.2861,71274.0,49784.262
002522.SZ,浙江众成,20260617,7.34,7.43,7.15,7.22,7.41,-0.19,-2.5641,606661.51,439924.69591
002523.SZ,天桥起重,20260617,3.3,3.3,3.19,3.2,3.3,-0.1,-3.0303,178240.76,57415.54496
002524.SZ,光正眼科,20260617,3.51,3.51,3.38,3.4,3.49,-0.09,-2.5788,103244.0,35341.008
002526.SZ,山东矿机,20260617,2.91,2.91,2.82,2.84,2.92,-0.08,-2.7397,233741.75,66661.0166
002527.SZ,新时达,20260617,14.05,14.05,13.74,13.83,14.19,-0.36,-2.537,174081.62,241026.0407
002528.SZ,*ST英飞,20260617,4.76,4.89,4.65,4.67,4.76,-0.09,-1.8908,108796.0,51580.21943
002529.SZ,海源复材,20260617,8.2,8.5,8.16,8.24,8.4,-0.16,-1.9048,99359.5,82244.21936
002530.SZ,金财互联,20260617,7.61,7.61,7.27,7.35,7.62,-0.27,-3.5433,213318.54,157745.55148
002531.SZ,天顺风能,20260617,9.5,9.56,9.13,9.2,9.55,-0.35,-3.6649,380287.47,353026.52623
002532.SZ,天山铝业,20260617,12.72,12.88,12.45,12.55,12.71,-0.16,-1.2589,916675.67,1156900.47813
002533.SZ,金杯电工,20260617,11.56,11.63,11.34,11.38,11.57,-0.19,-1.6422,90338.0,103296.106
002534.SZ,西子洁能,20260617,20.87,22.26,20.76,21.4,21.0,0.4,1.9048,192401.18,416377.4927
002535.SZ,林州重机,20260617,2.47,2.5,2.33,2.37,2.47,-0.1,-4.0486,220944.02,52594.84792
002536.SZ,飞龙股份,20260617,44.86,45.75,44.02,44.73,45.33,-0.6,-1.3236,266280.53,1189852.46722
002537.SZ,海联金汇,20260617,6.0,6.08,5.88,5.95,5.96,-0.01,-0.1678,290861.57,173876.90399
002538.SZ,ST司特,20260617,6.06,6.08,5.77,5.84,6.06,-0.22,-3.6304,142748.0,84158.946
002539.SZ,云图控股,20260617,12.13,12.21,11.86,11.9,12.03,-0.13,-1.0806,111191.81,133602.79847
002540.SZ,亚太科技,20260617,5.16,5.19,5.03,5.04,5.19,-0.15,-2.8902,78428.0,39926.786
002541.SZ,鸿路钢构,20260617,16.92,17.19,16.22,16.6,16.79,-0.19,-1.1316,147799.49,244949.52654
002542.SZ,*ST中岩,20260617,1.51,1.55,1.47,1.47,1.52,-0.05,-3.2895,247568.0,37423.182
002543.SZ,万和电气,20260617,6.75,6.77,6.59,6.61,6.74,-0.13,-1.9288,31358.27,20807.30752
002544.SZ,普天科技,20260617,20.0,20.4,19.82,19.93,20.15,-0.22,-1.0918,124031.24,248890.52154
002545.SZ,东方铁塔,20260617,19.55,19.82,18.3,18.55,19.76,-1.21,-6.1235,302451.12,571277.17442
002546.SZ,新联电子,20260617,7.0,7.0,6.77,6.81,7.01,-0.2,-2.8531,151661.8,103972.3642
002547.SZ,*ST春兴,20260617,3.25,3.28,3.05,3.08,3.21,-0.13,-4.0498,404751.97,127416.57122
002548.SZ,金新农,20260617,4.03,4.07,3.85,3.91,4.04,-0.13,-3.2178,335851.32,131399.38113
002549.SZ,凯美特气,20260617,17.33,17.45,17.0,17.12,17.83,-0.71,-3.9821,401203.0,689305.75676
002550.SZ,千红制药,20260617,5.82,5.82,5.7,5.78,5.82,-0.04,-0.6873,90763.29,52146.09841
002551.SZ,尚荣医疗,20260617,2.91,2.91,2.79,2.81,2.91,-0.1,-3.4364,136032.54,38410.9372
002552.SZ,宝鼎科技,20260617,71.0,76.99,66.88,72.16,70.93,1.23,1.7341,224461.48,1632268.01755
002553.SZ,南方精工,20260617,17.78,17.78,17.23,17.29,17.83,-0.54,-3.0286,90773.09,157819.45063
002554.SZ,惠博普,20260617,3.19,3.26,3.17,3.24,3.22,0.02,0.6211,223853.16,72097.55433
002555.SZ,三七互娱,20260617,17.69,17.7,17.27,17.35,17.83,-0.48,-2.6921,372172.09,647815.2297
002556.SZ,辉隆股份,20260617,5.07,5.08,4.94,4.95,5.07,-0.12,-2.3669,87254.5,43518.154
002557.SZ,洽洽食品,20260617,19.78,19.87,19.16,19.33,19.89,-0.56,-2.8155,70777.93,137017.68727
002558.SZ,巨人网络,20260617,24.04,24.36,23.67,24.09,24.28,-0.19,-0.7825,348625.78,837633.4702
002559.SZ,亚威股份,20260617,10.22,10.59,10.15,10.55,10.31,0.24,2.3278,320965.95,335835.8724
002560.SZ,通达股份,20260617,8.4,8.59,8.25,8.31,8.43,-0.12,-1.4235,386020.5,324186.73466
002561.SZ,徐家汇,20260617,6.95,6.98,6.75,6.75,6.98,-0.23,-3.2951,43648.0,29672.887
002562.SZ,兄弟科技,20260617,4.84,4.84,4.71,4.74,4.84,-0.1,-2.0661,175403.38,83276.54114
002563.SZ,森马服饰,20260617,5.34,5.39,5.2,5.22,5.36,-0.14,-2.6119,164404.88,86348.69448
002564.SZ,天沃科技,20260617,5.01,5.3,4.73,4.85,4.82,0.03,0.6224,469279.16,231758.6349
002565.SZ,顺灏股份,20260617,13.49,14.18,13.4,13.59,13.49,0.1,0.7413,829210.23,1142378.85235
002566.SZ,益盛药业,20260617,6.69,6.7,6.46,6.5,6.68,-0.18,-2.6946,47975.0,31329.633
002567.SZ,唐人神,20260617,3.45,3.45,3.33,3.33,3.45,-0.12,-3.4783,143883.65,48289.00745
002568.SZ,百润股份,20260617,19.33,19.33,18.3,18.38,19.49,-1.11,-5.6952,251304.56,469073.8594
002569.SZ,*ST步森,20260617,16.2,16.26,15.81,16.01,16.21,-0.2,-1.2338,22900.0,36561.776
002570.SZ,贝因美,20260617,4.78,4.85,4.67,4.67,4.79,-0.12,-2.5052,320648.02,151671.80646
002571.SZ,德力股份,20260617,11.63,11.66,11.19,11.25,11.69,-0.44,-3.7639,90774.04,103616.29288
002572.SZ,索菲亚,20260617,8.31,8.32,8.13,8.15,8.31,-0.16,-1.9254,76693.4,62814.7873
002573.SZ,清新环境,20260617,3.26,3.28,3.19,3.2,3.25,-0.05,-1.5385,77270.04,24844.51031
002574.SZ,明牌珠宝,20260617,4.65,4.69,4.56,4.61,4.7,-0.09,-1.9149,65762.65,30312.09404
002575.SZ,群兴玩具,20260617,5.9,6.15,5.73,6.09,5.96,0.13,2.1812,632795.29,376305.65363
002576.SZ,通达动力,20260617,16.11,16.16,15.55,15.69,16.11,-0.42,-2.6071,47223.0,74469.782
002577.SZ,雷柏科技,20260617,18.27,18.28,17.75,18.1,18.39,-0.29,-1.5769,39931.87,71897.19872
002578.SZ,闽发铝业,20260617,3.75,3.77,3.6,3.62,3.75,-0.13,-3.4667,332341.57,121933.07234
002579.SZ,中京电子,20260617,16.39,18.47,16.37,18.47,16.79,1.68,10.006,964790.59,1707542.24681
002580.SZ,圣阳股份,20260617,21.86,22.5,21.16,21.3,21.6,-0.3,-1.3889,717105.92,1560171.94524
002581.SZ,*ST未名,20260617,3.83,3.93,3.75,3.93,3.74,0.19,5.0802,129000.0,49906.289
002582.SZ,好想你,20260617,9.35,9.37,9.06,9.1,9.37,-0.27,-2.8815,149634.0,136774.997
002583.SZ,海能达,20260617,9.08,9.14,8.82,8.84,9.17,-0.33,-3.5987,367578.62,327585.14445
002584.SZ,西陇科学,20260617,8.32,8.63,8.28,8.44,8.5,-0.06,-0.7059,537766.0,456043.6885
002585.SZ,双星新材,20260617,13.56,15.18,13.52,14.86,14.01,0.85,6.0671,2890014.51,4255695.58253
002586.SZ,ST围海,20260617,3.82,3.82,3.63,3.66,3.82,-0.16,-4.1885,67982.0,25111.431
002587.SZ,奥拓电子,20260617,6.96,7.05,6.87,6.91,6.99,-0.08,-1.1445,233817.52,162510.603
002588.SZ,史丹利,20260617,8.72,8.72,8.5,8.52,8.74,-0.22,-2.5172,91522.67,78335.86413
002589.SZ,瑞康医药,20260617,2.68,2.69,2.59,2.61,2.69,-0.08,-2.974,236481.0,61955.002
002590.SZ,万安科技,20260617,11.15,11.23,10.91,11.01,11.21,-0.2,-1.7841,70271.69,77459.83721
002591.SZ,恒大高新,20260617,7.17,7.22,6.99,7.04,7.2,-0.16,-2.2222,112054.97,78742.9093
002592.SZ,ST八菱,20260617,6.66,6.71,6.34,6.35,6.67,-0.32,-4.7976,44486.0,28625.823
002593.SZ,日上集团,20260617,4.52,4.54,4.37,4.39,4.53,-0.14,-3.0905,105513.03,46675.3075
002594.SZ,比亚迪,20260617,89.0,89.3,87.0,87.47,89.64,-2.17,-2.4208,495267.11,4335318.6677
002595.SZ,豪迈科技,20260617,48.11,51.33,47.88,49.5,48.09,1.41,2.932,97521.81,489169.05987
002596.SZ,海南瑞泽,20260617,3.6,3.6,3.38,3.4,3.58,-0.18,-5.0279,258716.03,89098.85617
002597.SZ,金禾实业,20260617,21.04,21.38,20.55,21.01,21.05,-0.04,-0.19,91896.24,192356.02272
002598.SZ,ST章鼓,20260617,7.31,7.31,7.03,7.05,7.31,-0.26,-3.5568,34504.0,24569.557
002599.SZ,盛通股份,20260617,5.75,5.78,5.56,5.6,5.81,-0.21,-3.6145,116473.0,65537.553
002600.SZ,领益智造,20260617,15.5,16.33,15.4,15.85,15.69,0.16,1.0198,2166780.58,3437411.05973
002601.SZ,龙佰集团,20260617,15.28,15.55,14.76,14.85,15.4,-0.55,-3.5714,341390.61,512098.85387
002602.SZ,世纪华通,20260617,13.26,13.29,12.88,13.08,13.25,-0.17,-1.283,1329354.96,1736161.39477
002603.SZ,以岭药业,20260617,15.11,15.11,14.89,14.95,15.11,-0.16,-1.0589,78373.32,117040.84412
002605.SZ,姚记科技,20260617,18.76,18.76,18.21,18.39,18.83,-0.44,-2.3367,57863.0,106271.818
002606.SZ,大连电瓷,20260617,14.02,14.25,13.78,13.92,14.14,-0.22,-1.5559,249801.69,349302.35243
002607.SZ,中公教育,20260617,2.02,2.03,1.94,1.97,2.04,-0.07,-3.4314,2100157.24,412749.08321
002608.SZ,江苏国信,20260617,9.11,9.24,8.71,8.75,9.1,-0.35,-3.8462,690677.98,613337.76928
002609.SZ,捷顺科技,20260617,7.5,7.58,7.4,7.51,7.57,-0.06,-0.7926,54089.0,40540.917
002611.SZ,东方精工,20260617,18.38,18.4,18.01,18.18,18.46,-0.28,-1.5168,419114.4,761501.26803
002612.SZ,朗姿股份,20260617,11.98,12.0,11.62,11.65,11.93,-0.28,-2.347,42237.49,49511.32852
002613.SZ,北玻股份,20260617,4.74,5.27,4.74,5.1,4.87,0.23,4.7228,2021643.66,1023235.02214
002614.SZ,奥佳华,20260617,4.77,4.78,4.67,4.72,4.77,-0.05,-1.0482,97800.67,46051.87789
002615.SZ,哈尔斯,20260617,7.63,7.85,7.38,7.39,7.65,-0.26,-3.3987,138697.3,104536.321
002616.SZ,长青集团,20260617,4.91,4.91,4.81,4.82,4.92,-0.1,-2.0325,95653.02,46179.16764
002617.SZ,露笑科技,20260617,8.9,9.2,8.87,9.13,9.02,0.11,1.2195,1777033.65,1615877.1099
002620.SZ,*ST瑞和,20260617,6.1,6.25,5.85,5.88,6.09,-0.21,-3.4483,158437.0,95559.755
002622.SZ,皓宸医疗,20260617,2.28,2.29,2.2,2.25,2.3,-0.05,-2.1739,232405.8,52017.7694
002623.SZ,亚玛顿,20260617,17.46,18.59,17.38,17.93,17.57,0.36,2.0489,73903.15,133232.79192
002624.SZ,完美世界,20260617,13.12,13.14,12.66,12.71,13.32,-0.61,-4.5796,779795.59,1001273.54644
002625.SZ,光启技术,20260617,38.02,38.65,37.8,37.91,38.0,-0.09,-0.2368,234438.52,892887.89508
002626.SZ,金达威,20260617,14.05,14.1,13.85,13.95,14.05,-0.1,-0.7117,24119.92,33587.57603
002627.SZ,三峡旅游,20260617,6.55,6.59,6.26,6.33,6.55,-0.22,-3.3588,137985.86,87945.43196
002628.SZ,成都路桥,20260617,4.98,4.98,4.8,4.83,4.95,-0.12,-2.4242,192969.8,93416.612
002629.SZ,仁智股份,20260617,4.7,4.73,4.62,4.65,4.75,-0.1,-2.1053,158060.0,73679.849
002630.SZ,*ST华西,20260617,2.07,2.11,1.99,2.02,2.01,0.01,0.4975,455147.9,94116.9932
002631.SZ,德尔未来,20260617,7.84,8.3,7.78,8.2,7.76,0.44,5.6701,469238.93,378992.64894
002632.SZ,道明光学,20260617,10.0,10.21,9.92,9.97,10.08,-0.11,-1.0913,84941.0,85247.164
002633.SZ,申科股份,20260617,16.62,16.71,16.15,16.19,16.61,-0.42,-2.5286,27103.0,44154.463
002634.SZ,*ST棒杰,20260617,5.18,5.38,5.02,5.21,5.14,0.07,1.3619,175884.0,91668.723
002635.SZ,安洁科技,20260617,18.28,18.82,18.12,18.37,18.45,-0.08,-0.4336,273895.78,503979.18325
002636.SZ,金安国纪,20260617,100.0,102.78,92.05,95.71,101.49,-5.78,-5.6951,515913.66,5036606.44879
002637.SZ,赞宇科技,20260617,12.4,12.4,11.76,11.88,12.36,-0.48,-3.8835,236589.28,282386.89059
002638.SZ,勤上股份,20260617,4.08,4.1,3.93,3.98,4.09,-0.11,-2.6895,488399.25,195345.642
002639.SZ,雪人集团,20260617,15.02,15.34,14.5,14.51,15.19,-0.68,-4.4766,431237.37,636675.78358
002640.SZ,跨境通,20260617,3.58,3.61,3.39,3.43,3.65,-0.22,-6.0274,1312940.47,455289.13951
002641.SZ,公元股份,20260617,4.18,4.33,4.11,4.3,4.2,0.1,2.381,264716.28,112218.83469
002642.SZ,荣联科技,20260617,6.99,7.16,6.93,7.01,7.08,-0.07,-0.9887,151897.5,106489.195
002643.SZ,万润股份,20260617,16.9,17.84,16.79,17.64,16.9,0.74,4.3787,398222.45,693613.4718
002644.SZ,佛慈制药,20260617,7.58,7.73,7.48,7.51,7.58,-0.07,-0.9235,49618.0,37688.876
002645.SZ,华宏科技,20260617,34.23,34.85,33.08,34.22,33.63,0.59,1.7544,919120.28,3130023.40341
002646.SZ,天佑德酒,20260617,6.83,6.83,6.58,6.64,6.84,-0.2,-2.924,73565.87,49019.25767
002647.SZ,仁东控股,20260617,11.63,11.81,11.15,11.46,11.53,-0.07,-0.6071,211841.0,240825.55
002648.SZ,卫星化学,20260617,21.99,22.6,21.78,22.4,22.33,0.07,0.3135,457422.62,1018597.55732
002649.SZ,博彦科技,20260617,8.92,8.92,8.67,8.8,8.97,-0.17,-1.8952,105607.49,92744.70267
002650.SZ,ST加加,20260617,7.27,7.35,7.01,7.06,7.27,-0.21,-2.8886,60347.0,43288.654
002651.SZ,利君股份,20260617,8.06,8.08,7.93,7.98,8.09,-0.11,-1.3597,63134.0,50417.117
002652.SZ,扬子新材,20260617,4.86,5.13,4.64,4.67,4.88,-0.21,-4.3033,328813.38,158136.22248
002653.SZ,海思科,20260617,48.2,48.39,47.5,47.8,48.39,-0.59,-1.2193,27951.16,133693.10858
002654.SZ,万润科技,20260617,16.8,17.27,16.66,17.06,16.88,0.18,1.0664,762178.16,1294241.70881
002655.SZ,共达电声,20260617,37.2,39.79,36.5,38.74,37.18,1.56,4.1958,342297.0,1329242.68599
002656.SZ,*ST摩登,20260617,3.23,3.32,3.21,3.26,3.21,0.05,1.5576,118107.8,38572.1672
002657.SZ,中科金财,20260617,20.56,21.48,20.36,20.82,20.71,0.11,0.5311,235410.76,492637.85567
002658.SZ,雪迪龙,20260617,8.25,8.25,8.0,8.0,8.27,-0.27,-3.2648,96424.2,78021.24302
002659.SZ,凯文教育,20260617,4.11,4.11,3.98,4.02,4.12,-0.1,-2.4272,122412.06,49218.79695
002660.SZ,茂硕电源,20260617,7.34,7.46,7.04,7.08,7.41,-0.33,-4.4534,62812.0,45067.122
002661.SZ,克明食品,20260617,7.43,7.47,7.2,7.25,7.45,-0.2,-2.6846,32043.09,23287.89807
002662.SZ,峰璟股份,20260617,3.55,3.66,3.5,3.65,3.56,0.09,2.5281,243602.0,87686.771
002663.SZ,普邦股份,20260617,1.68,1.69,1.6,1.61,1.68,-0.07,-4.1667,393126.98,63865.62778
002664.SZ,信质集团,20260617,19.56,19.78,19.23,19.38,19.56,-0.18,-0.9202,72640.23,141037.23821
002666.SZ,德联集团,20260617,4.39,4.39,4.22,4.26,4.41,-0.15,-3.4014,116376.39,49665.91114
002667.SZ,*ST威领,20260617,15.4,15.4,15.4,15.4,16.21,-0.81,-4.9969,1438.0,2214.52
002668.SZ,TCL智家,20260617,9.95,10.36,9.88,10.06,9.92,0.14,1.4113,144937.22,145934.32927
002669.SZ,康达新材,20260617,16.7,17.54,16.66,17.38,17.11,0.27,1.578,477500.07,827859.40735
002670.SZ,国盛证券,20260617,12.01,12.2,11.79,11.91,12.07,-0.16,-1.3256,292725.89,349371.66653
002671.SZ,龙泉股份,20260617,4.06,4.07,3.93,3.96,4.06,-0.1,-2.4631,130245.76,51738.32244
002672.SZ,东江环保,20260617,3.82,3.89,3.61,3.65,3.89,-0.24,-6.1697,405833.21,149550.3999
002673.SZ,西部证券,20260617,6.61,6.67,6.53,6.57,6.61,-0.04,-0.6051,263402.5,173360.08872
002674.SZ,兴业科技,20260617,15.85,17.38,15.64,16.27,16.01,0.26,1.624,192143.16,312706.97134
002675.SZ,东诚药业,20260617,12.64,12.8,12.44,12.68,12.64,0.04,0.3165,61605.98,77832.0481
002676.SZ,顺威股份,20260617,5.61,5.66,5.4,5.4,5.68,-0.28,-4.9296,164141.42,89570.09522
002677.SZ,浙江美大,20260617,6.48,6.51,6.24,6.28,6.55,-0.27,-4.1221,76293.0,48309.431
002678.SZ,珠江钢琴,20260617,5.19,5.2,4.85,4.88,5.19,-0.31,-5.973,267210.71,133052.76091
002679.SZ,福建金森,20260617,8.57,8.62,8.39,8.43,8.65,-0.22,-2.5434,28076.94,23717.71154
002681.SZ,奋达科技,20260617,4.95,5.26,4.85,4.87,4.97,-0.1,-2.0121,586725.29,292839.68597
002682.SZ,龙洲股份,20260617,4.87,4.89,4.68,4.73,4.9,-0.17,-3.4694,177724.95,84397.6785
002683.SZ,广东宏大,20260617,30.32,31.32,29.86,30.13,30.53,-0.4,-1.3102,96123.19,292397.53002
002685.SZ,华东重机,20260617,6.61,6.67,6.55,6.65,6.65,0.0,0.0,270887.73,178588.61655
002686.SZ,亿利达,20260617,5.96,5.96,5.72,5.75,5.96,-0.21,-3.5235,91682.0,53194.996
002687.SZ,乔治白,20260617,4.31,4.31,4.15,4.18,4.29,-0.11,-2.5641,106002.75,44458.16203
002688.SZ,金河生物,20260617,5.04,5.06,4.95,4.99,5.05,-0.06,-1.1881,60612.0,30317.305
002689.SZ,ST远智,20260617,2.86,2.86,2.77,2.79,2.86,-0.07,-2.4476,58971.0,16548.926
002690.SZ,美亚光电,20260617,15.1,15.18,14.83,14.97,15.12,-0.15,-0.9921,60425.71,90560.22494
002691.SZ,*ST冀凯,20260617,4.88,4.9,4.61,4.67,4.84,-0.17,-3.5124,56045.1,26401.37774
002692.SZ,远程股份,20260617,4.29,4.29,4.1,4.14,4.29,-0.15,-3.4965,157268.0,65602.544
002693.SZ,双成药业,20260617,8.78,9.33,8.73,8.82,8.78,0.04,0.4556,131021.0,117898.294
002694.SZ,*ST顾地,20260617,2.4,2.4,2.29,2.32,2.39,-0.07,-2.9289,35369.0,8235.1
002695.SZ,煌上煌,20260617,11.34,11.47,11.06,11.32,11.43,-0.11,-0.9624,101917.0,114359.8808
002696.SZ,百洋股份,20260617,5.7,5.87,5.36,5.51,5.8,-0.29,-5.0,251021.41,139112.17958
002697.SZ,红旗连锁,20260617,4.54,4.55,4.41,4.42,4.54,-0.12,-2.6432,153362.94,68322.55967
002698.SZ,博实股份,20260617,11.6,11.62,11.08,11.16,11.68,-0.52,-4.4521,166294.86,186690.84873
002700.SZ,万憬能源,20260617,9.06,9.61,8.76,9.53,8.86,0.67,7.5621,402003.0,375533.215
002701.SZ,奥瑞金,20260617,4.41,4.41,4.3,4.36,4.42,-0.06,-1.3575,267719.06,116520.84748
002702.SZ,海欣食品,20260617,4.95,4.97,4.79,4.83,4.98,-0.15,-3.012,161090.4,77996.30556
002703.SZ,浙江世宝,20260617,15.89,16.62,15.71,16.01,15.88,0.13,0.8186,429031.75,691343.23721
002705.SZ,新宝股份,20260617,12.22,12.22,11.89,11.94,12.24,-0.3,-2.451,68946.82,82477.94633
002706.SZ,良信股份,20260617,12.25,12.46,11.88,11.99,12.3,-0.31,-2.5203,337083.1,405873.54518
002707.SZ,众信旅游,20260617,5.43,5.45,5.21,5.28,5.42,-0.14,-2.583,181049.0,95478.969
002708.SZ,光洋股份,20260617,13.87,14.59,13.75,14.13,13.94,0.19,1.363,293931.98,415881.65447
002709.SZ,天赐材料,20260617,51.75,53.38,51.51,52.85,52.28,0.57,1.0903,1148585.78,6019294.29151
002712.SZ,思美传媒,20260617,4.66,4.66,4.48,4.52,4.65,-0.13,-2.7957,129107.11,58685.27297
002713.SZ,*ST东易,20260617,10.5,10.78,10.23,10.35,10.54,-0.19,-1.8027,110731.17,115527.66273
002714.SZ,牧原股份,20260617,34.95,35.0,34.19,34.66,35.05,-0.39,-1.1127,384011.14,1323382.95406
002715.SZ,登云股份,20260617,14.47,14.47,13.79,13.84,14.48,-0.64,-4.4199,34080.0,47806.916
002716.SZ,湖南白银,20260617,9.3,9.41,9.13,9.24,9.3,-0.06,-0.6452,843601.77,781429.96695
002717.SZ,*ST岭南,20260617,1.1,1.11,1.07,1.07,1.13,-0.06,-5.3097,728309.0,78612.0
002718.SZ,友邦吊顶,20260617,109.0,114.47,107.01,111.4,110.9,0.5,0.4509,19667.85,219327.39795
002719.SZ,ST麦趣,20260617,7.35,7.35,7.03,7.15,7.35,-0.2,-2.7211,30804.0,22120.579
002721.SZ,金一文化,20260617,2.41,2.43,2.35,2.36,2.43,-0.07,-2.8807,307438.0,73146.622
002722.SZ,物产金轮,20260617,12.88,12.93,12.54,12.59,12.9,-0.31,-2.4031,28844.53,36570.40362
002723.SZ,小崧股份,20260617,8.29,8.29,7.92,8.12,8.23,-0.11,-1.3366,119713.5,96405.7084
002724.SZ,海洋王,20260617,5.3,5.39,5.14,5.14,5.29,-0.15,-2.8355,80924.8,42128.3852
002725.SZ,跃岭股份,20260617,14.32,14.52,13.64,13.7,14.1,-0.4,-2.8369,211558.81,296195.46532
002726.SZ,ST龙大,20260617,1.56,1.6,1.47,1.48,1.54,-0.06,-3.8961,365555.0,56471.929
002727.SZ,一心堂,20260617,11.0,11.0,10.69,10.76,10.99,-0.23,-2.0928,50222.59,54097.29979
002728.SZ,特一药业,20260617,8.22,8.23,8.06,8.12,8.25,-0.13,-1.5758,67737.6,54911.6252
002729.SZ,好利科技,20260617,19.48,20.0,19.28,19.99,19.47,0.52,2.6708,119319.49,234709.57829
002730.SZ,电光科技,20260617,30.81,30.9,29.12,29.57,30.81,-1.24,-4.0247,129399.2,387219.2334
002732.SZ,燕塘乳业,20260617,13.6,13.6,13.2,13.28,13.64,-0.36,-2.6393,14083.0,18757.706
002733.SZ,雄韬股份,20260617,36.71,37.2,35.13,35.88,36.5,-0.62,-1.6986,328282.16,1182146.40807
002734.SZ,利民股份,20260617,16.54,16.68,16.08,16.47,16.39,0.08,0.4881,240891.52,394756.60457
002735.SZ,王子新材,20260617,20.93,21.33,19.48,20.58,21.44,-0.86,-4.0112,733353.11,1500356.82104
002736.SZ,国信证券,20260617,10.45,10.6,10.38,10.46,10.45,0.01,0.0957,288947.79,302572.04379
002737.SZ,葵花药业,20260617,12.29,12.46,12.1,12.15,12.41,-0.26,-2.0951,41311.25,50414.76741
002738.SZ,中矿资源,20260617,61.82,63.35,61.0,62.22,61.8,0.42,0.6796,285134.33,1776684.42562
002739.SZ,儒意电影,20260617,8.4,8.42,7.97,8.04,8.48,-0.44,-5.1887,543394.54,440790.65727
002741.SZ,光华科技,20260617,38.68,39.44,38.65,39.44,35.85,3.59,10.0139,206054.36,806009.46479
002742.SZ,冀衡医药,20260617,3.89,3.95,3.61,3.61,3.95,-0.34,-8.6076,219842.0,81866.333
002743.SZ,富煌钢构,20260617,4.35,4.37,4.1,4.14,4.37,-0.23,-5.2632,109067.29,45495.9142
002745.SZ,木林森,20260617,10.59,11.52,10.5,11.43,10.63,0.8,7.5259,1342367.72,1485342.20968
002746.SZ,仙坛股份,20260617,5.42,5.44,5.29,5.3,5.46,-0.16,-2.9304,131219.03,70004.80856
002747.SZ,埃斯顿,20260617,33.68,34.28,32.8,33.18,33.9,-0.72,-2.1239,783462.18,2616954.46203
002748.SZ,世龙实业,20260617,10.92,10.93,10.74,10.78,10.98,-0.2,-1.8215,32576.0,35254.719
002749.SZ,国光股份,20260617,8.56,8.56,8.21,8.25,8.51,-0.26,-3.0552,31844.9,26545.79825
002752.SZ,昇兴股份,20260617,6.23,6.35,6.16,6.19,6.27,-0.08,-1.2759,126471.0,78824.5855
002753.SZ,永东股份,20260617,6.3,6.3,6.16,6.2,6.3,-0.1,-1.5873,46546.0,28997.442
002755.SZ,奥赛康,20260617,12.73,12.85,12.58,12.72,12.82,-0.1,-0.78,67941.85,86165.33122
002756.SZ,永兴材料,20260617,62.84,63.76,61.65,61.92,62.85,-0.93,-1.4797,170298.04,1062549.23987
002757.SZ,南兴股份,20260617,20.95,21.48,20.62,21.07,20.86,0.21,1.0067,154333.82,323944.22044
002758.SZ,浙农股份,20260617,8.15,8.16,7.98,8.04,8.13,-0.09,-1.107,40029.0,32202.209
002759.SZ,天际股份,20260617,27.95,28.29,27.31,27.53,28.3,-0.77,-2.7208,383665.6,1062865.07214
002760.SZ,凤形股份,20260617,18.1,18.1,17.3,17.41,18.03,-0.62,-3.4387,37061.7,65114.986
002761.SZ,浙江建投,20260617,7.34,7.36,7.12,7.18,7.4,-0.22,-2.973,104515.2,75409.2543
002762.SZ,*ST金比,20260617,8.94,9.02,8.77,8.82,8.81,0.01,0.1135,20031.2,17770.2122
002763.SZ,汇洁股份,20260617,7.56,7.6,7.35,7.41,7.58,-0.17,-2.2427,57859.85,43020.97123
002765.SZ,蓝黛科技,20260617,8.06,8.32,7.89,8.11,8.06,0.05,0.6203,184594.0,149529.08372
002766.SZ,索菱股份,20260617,3.95,3.98,3.88,3.9,3.99,-0.09,-2.2556,189244.0,74043.374
002767.SZ,先锋电子,20260617,17.86,17.9,17.17,17.23,17.92,-0.69,-3.8504,26545.5,46210.4025
002768.SZ,国恩股份,20260617,77.21,80.77,76.89,78.36,77.67,0.69,0.8884,111354.42,874556.00033
002769.SZ,普路通,20260617,7.36,7.75,7.25,7.56,7.43,0.13,1.7497,140937.0,105827.756
002771.SZ,真视通,20260617,14.63,14.77,14.44,14.55,14.85,-0.3,-2.0202,101348.0,147951.158
002772.SZ,众兴菌业,20260617,12.88,12.91,12.59,12.69,12.96,-0.27,-2.0833,64106.05,81512.92649
002773.SZ,康弘药业,20260617,20.05,20.09,19.66,19.81,20.1,-0.29,-1.4428,58298.2,115569.53873
002774.SZ,快意电梯,20260617,12.05,13.21,11.91,12.34,12.02,0.32,2.6622,197087.0,248845.729
002775.SZ,文科股份,20260617,3.83,4.05,3.79,4.02,3.85,0.17,4.4156,404996.3,159103.2107
002777.SZ,久远银海,20260617,13.46,13.49,13.08,13.12,13.52,-0.4,-2.9586,61284.87,80797.45399
002778.SZ,中晟高科,20260617,17.11,17.23,16.3,16.36,17.24,-0.88,-5.1044,27852.81,46331.33691
002779.SZ,中坚科技,20260617,82.33,84.49,80.33,84.44,83.0,1.44,1.7349,38117.56,313884.19989
002780.SZ,三夫户外,20260617,13.4,13.46,13.03,13.13,13.41,-0.28,-2.088,41261.8,54281.0486
002782.SZ,可立克,20260617,25.83,26.18,24.55,24.69,25.7,-1.01,-3.93,333723.29,836705.74163
002783.SZ,凯龙股份,20260617,7.4,7.58,7.25,7.29,7.45,-0.16,-2.1477,95402.3,69924.4897
002785.SZ,万里石,20260617,39.44,40.26,38.75,39.12,39.38,-0.26,-0.6602,67809.0,267480.609
002786.SZ,银宝山新,20260617,8.19,8.48,8.18,8.44,8.29,0.15,1.8094,215640.0,179855.065
002787.SZ,华源控股,20260617,27.0,29.5,26.57,29.5,27.34,2.16,7.9005,222020.34,625658.89377
002788.SZ,鹭燕医药,20260617,11.21,11.22,10.92,10.95,11.22,-0.27,-2.4064,102791.94,113222.38794
002789.SZ,*ST建艺,20260617,14.16,14.16,14.16,14.16,13.49,0.67,4.9666,5849.8,8283.3168
002790.SZ,瑞尔特,20260617,5.92,5.94,5.79,5.83,5.95,-0.12,-2.0168,36139.95,21110.10564
002791.SZ,坚朗五金,20260617,14.12,14.53,13.89,14.1,14.11,-0.01,-0.0709,65211.03,92322.28818
002792.SZ,通宇通讯,20260617,36.2,38.41,36.15,37.1,36.75,0.35,0.9524,278109.66,1042259.05414
002793.SZ,罗欣药业,20260617,4.03,4.05,3.96,3.98,4.05,-0.07,-1.7284,133990.9,53466.2165
002795.SZ,永和智控,20260617,7.5,7.76,7.37,7.5,7.56,-0.06,-0.7937,263227.32,197343.49488
002796.SZ,世嘉科技,20260617,41.5,43.69,41.0,42.63,42.24,0.39,0.9233,109583.99,466232.24562
002797.SZ,第一创业,20260617,6.51,6.6,6.46,6.51,6.56,-0.05,-0.7622,574178.97,374008.99986
002798.SZ,帝欧水华,20260617,5.88,5.93,5.77,5.79,5.96,-0.17,-2.8523,129316.95,75363.01055
002799.SZ,环球印务,20260617,6.76,6.8,6.54,6.63,6.76,-0.13,-1.9231,54914.4,36307.1926
002800.SZ,天顺股份,20260617,14.71,15.05,14.4,14.42,14.69,-0.27,-1.838,27668.48,40539.06928
002801.SZ,微光股份,20260617,30.78,31.0,30.51,30.81,30.9,-0.09,-0.2913,13132.8,40335.476
002802.SZ,洪汇新材,20260617,11.99,12.17,11.73,11.79,12.11,-0.32,-2.6424,31202.2,37084.7235
002803.SZ,吉宏股份,20260617,21.79,22.82,21.75,22.67,22.01,0.66,2.9986,108338.3,243512.86809
002805.SZ,丰元股份,20260617,24.01,24.51,23.25,24.44,24.2,0.24,0.9917,412462.34,983383.95956
002806.SZ,华锋股份,20260617,21.41,21.95,20.36,20.78,20.7,0.08,0.3865,395644.81,825972.89036
002807.SZ,江阴银行,20260617,3.98,4.0,3.93,3.95,3.98,-0.03,-0.7538,256023.61,101186.49695
002809.SZ,红墙股份,20260617,8.45,8.49,8.15,8.2,8.54,-0.34,-3.9813,123248.49,101692.85927
002810.SZ,山东赫达,20260617,25.0,25.2,24.33,24.62,25.21,-0.59,-2.3403,98820.32,244062.62052
002811.SZ,郑中设计,20260617,12.21,12.34,11.7,11.77,12.21,-0.44,-3.6036,56328.5,67062.522
002812.SZ,恩捷股份,20260617,69.78,70.55,68.7,70.38,69.77,0.61,0.8743,325665.43,2268769.94881
002813.SZ,路畅科技,20260617,21.04,21.1,20.37,20.42,21.04,-0.62,-2.9468,13570.0,27949.519
002815.SZ,崇达技术,20260617,19.22,20.7,19.06,20.14,19.35,0.79,4.0827,1253850.11,2499929.76208
002816.SZ,*ST和科,20260617,25.98,27.1,25.92,27.1,26.04,1.06,4.0707,38632.0,102949.295
002817.SZ,黄山胶囊,20260617,6.33,6.34,6.15,6.2,6.34,-0.14,-2.2082,59247.65,36774.60265
002818.SZ,富森美,20260617,11.27,11.29,11.1,11.15,11.27,-0.12,-1.0648,37077.54,41422.72562
002819.SZ,东方中科,20260617,21.52,21.7,21.18,21.36,21.66,-0.3,-1.385,20753.8,44486.1939
002820.SZ,桂发祥,20260617,9.15,9.23,8.9,8.93,9.17,-0.24,-2.6172,50559.0,45572.324
002821.SZ,凯莱英,20260617,112.08,115.57,111.18,115.0,112.07,2.93,2.6144,33749.58,383870.0917
002822.SZ,ST中装,20260617,2.56,2.63,2.52,2.52,2.55,-0.03,-1.1765,122238.32,31342.98589
002823.SZ,凯中精密,20260617,17.34,17.65,16.95,17.15,17.35,-0.2,-1.1527,165928.85,286676.52298
002824.SZ,和胜股份,20260617,34.67,36.69,33.01,35.94,34.91,1.03,2.9504,438726.74,1534798.46121
002825.SZ,纳尔股份,20260617,9.4,9.67,9.26,9.33,9.47,-0.14,-1.4784,58085.6,54776.38145
002826.SZ,易明医药,20260617,17.0,17.07,16.44,16.51,17.07,-0.56,-3.2806,44961.0,74873.08639
002827.SZ,高争民爆,20260617,25.86,26.02,25.25,25.31,26.08,-0.77,-2.9525,27624.0,70445.8265
002828.SZ,贝肯能源,20260617,8.82,9.77,8.76,9.77,8.88,0.89,10.0225,221490.97,208380.03269
002829.SZ,星网宇达,20260617,19.38,19.84,19.04,19.11,19.55,-0.44,-2.2506,60252.8,116700.471
002830.SZ,名雕股份,20260617,15.37,15.98,14.61,14.71,15.23,-0.52,-3.4143,88672.42,132884.01944
002831.SZ,裕同科技,20260617,29.91,31.45,29.53,30.9,30.8,0.1,0.3247,177858.92,545717.14206
002832.SZ,比音勒芬,20260617,21.48,21.77,20.75,21.15,21.58,-0.43,-1.9926,132453.14,280665.05136
002833.SZ,弘亚数控,20260617,17.7,17.8,17.42,17.59,17.73,-0.14,-0.7896,40782.29,71734.80526
002835.SZ,同为股份,20260617,12.62,12.68,12.32,12.4,12.74,-0.34,-2.6688,21735.0,27064.111
002836.SZ,新宏泽,20260617,10.59,10.59,10.13,10.2,10.48,-0.28,-2.6718,27562.4,28170.6448
002837.SZ,英维克,20260617,72.0,75.48,72.0,74.62,73.19,1.43,1.9538,562031.39,4162255.09975
002838.SZ,道恩股份,20260617,34.88,36.2,34.65,34.8,35.34,-0.54,-1.528,55967.37,196578.3429
002839.SZ,张家港行,20260617,4.23,4.24,4.18,4.22,4.23,-0.01,-0.2364,154605.95,64925.33834
002840.SZ,华统股份,20260617,8.1,8.19,7.9,7.95,8.18,-0.23,-2.8117,141141.72,112602.04636
002841.SZ,视源股份,20260617,34.25,35.3,34.2,35.0,34.46,0.54,1.567,49916.99,174179.25091
002842.SZ,翔鹭钨业,20260617,45.0,45.49,42.7,43.38,46.35,-2.97,-6.4078,724011.12,3167568.4718
002843.SZ,泰嘉股份,20260617,22.05,22.65,21.9,22.14,22.32,-0.18,-0.8065,127404.97,283448.43959
002845.SZ,同兴达,20260617,15.55,16.32,15.42,16.15,15.7,0.45,2.8662,201706.2,324872.669
002846.SZ,英联股份,20260617,12.74,12.9,12.51,12.58,12.76,-0.18,-1.4107,115353.98,146019.14494
002847.SZ,盐津铺子,20260617,51.36,51.39,48.9,49.27,51.32,-2.05,-3.9945,33809.54,169198.29639
002848.SZ,高斯贝尔,20260617,13.56,14.45,13.42,13.94,13.75,0.19,1.3818,104923.5,145869.5875
002849.SZ,威星智能,20260617,17.91,18.69,17.46,17.74,18.23,-0.49,-2.6879,134607.3,239250.7073
002850.SZ,科达利,20260617,200.1,211.88,196.73,203.88,203.05,0.83,0.4088,81254.01,1669279.62445
002851.SZ,麦格米特,20260617,169.07,179.98,168.0,178.9,163.64,15.26,9.3253,620832.87,10940333.8267
002852.SZ,道道全,20260617,7.66,7.7,7.48,7.49,7.7,-0.21,-2.7273,35372.0,26677.31111
002853.SZ,皮阿诺,20260617,23.12,23.28,22.72,22.98,23.24,-0.26,-1.1188,14856.0,34152.101
002855.SZ,捷荣技术,20260617,11.14,11.31,10.86,10.88,11.19,-0.31,-2.7703,50514.69,55681.92745
002856.SZ,*ST美芝,20260617,20.84,20.84,20.84,20.84,21.94,-1.1,-5.0137,10044.0,20931.696
002857.SZ,三晖电气,20260617,17.97,18.35,17.19,17.27,18.33,-1.06,-5.7829,46736.0,81861.778
002858.SZ,力盛体育,20260617,12.01,12.5,11.66,12.4,12.01,0.39,3.2473,95871.0,115470.95
002859.SZ,洁美科技,20260617,89.0,93.69,88.26,90.66,89.0,1.66,1.8652,314905.05,2866473.67562
002860.SZ,星帅尔,20260617,13.79,14.05,13.68,13.99,13.92,0.07,0.5029,125220.2,174193.07165
002861.SZ,瀛通通讯,20260617,18.19,18.5,17.93,18.2,18.42,-0.22,-1.1944,53210.76,96811.54854
002862.SZ,实丰文化,20260617,14.67,14.67,13.99,14.12,14.67,-0.55,-3.7491,37152.8,52814.5736
002863.SZ,今飞凯达,20260617,4.78,4.78,4.61,4.67,4.77,-0.1,-2.0964,107065.0,49962.817
002864.SZ,盘龙药业,20260617,27.5,27.57,26.74,26.81,27.59,-0.78,-2.8271,14278.15,38543.50455
002865.SZ,钧达股份,20260617,69.5,69.97,66.35,66.83,67.71,-0.88,-1.2997,206902.48,1401583.01622
002866.SZ,传艺科技,20260617,18.25,18.47,18.06,18.18,18.41,-0.23,-1.2493,60421.0,109962.039
002867.SZ,周大生,20260617,12.12,12.16,11.94,11.97,12.18,-0.21,-1.7241,54693.15,65751.84838
002868.SZ,绿康生化,20260617,26.42,26.59,25.48,25.5,26.4,-0.9,-3.4091,22127.0,57342.271
002869.SZ,金溢科技,20260617,18.77,18.98,18.56,18.69,19.02,-0.33,-1.735,22726.0,42496.9245
002870.SZ,香山股份,20260617,40.54,41.35,40.15,40.85,41.04,-0.19,-0.463,32396.0,131630.62
002871.SZ,伟隆股份,20260617,20.31,20.61,19.5,19.79,20.46,-0.67,-3.2747,98591.92,196257.2017
002872.SZ,ST天圣,20260617,5.14,5.14,5.0,5.03,5.13,-0.1,-1.9493,29614.5,14921.602
002873.SZ,新天药业,20260617,7.96,7.99,7.73,7.77,7.94,-0.17,-2.1411,49859.21,38940.11353
002875.SZ,安奈儿,20260617,16.72,17.06,16.29,16.57,16.76,-0.19,-1.1337,75924.72,126530.45336
002876.SZ,三利谱,20260617,31.63,32.87,31.57,32.55,31.94,0.61,1.9098,87340.47,283093.83801
002877.SZ,智能自控,20260617,7.89,7.91,7.68,7.69,7.94,-0.25,-3.1486,72647.2,56243.203
002878.SZ,元隆雅图,20260617,13.04,13.12,12.68,12.8,13.13,-0.33,-2.5133,112699.0,144226.947
002879.SZ,长缆科技,20260617,14.96,14.96,14.34,14.47,14.94,-0.47,-3.1459,53461.0,77463.586
002880.SZ,卫光生物,20260617,22.33,22.54,22.11,22.14,22.45,-0.31,-1.3808,8627.8,19210.4246
002881.SZ,美格智能,20260617,41.52,42.3,41.0,41.6,42.01,-0.41,-0.976,74178.5,308567.97313
002882.SZ,金龙羽,20260617,21.88,22.13,21.49,21.68,22.04,-0.36,-1.6334,64679.37,140534.86711
002883.SZ,*ST中设,20260617,8.72,8.77,8.44,8.6,8.73,-0.13,-1.4891,20141.2,17258.1392
002884.SZ,凌霄泵业,20260617,16.07,16.08,15.76,15.8,16.06,-0.26,-1.6189,19252.85,30543.1406
002885.SZ,京泉华,20260617,44.16,44.99,42.04,42.32,43.29,-0.97,-2.2407,350543.25,1504308.70518
002886.SZ,沃特股份,20260617,30.01,32.5,29.55,31.09,30.37,0.72,2.3708,295386.95,930688.6327
002887.SZ,绿茵生态,20260617,11.57,11.82,11.45,11.51,11.59,-0.08,-0.6903,37242.0,43078.4227
002888.SZ,惠威科技,20260617,19.18,20.8,18.96,20.35,19.3,1.05,5.4404,61640.2,123553.1046
002889.SZ,东方嘉盛,20260617,11.5,11.5,10.88,10.98,11.44,-0.46,-4.021,30087.87,33272.57903
002890.SZ,弘宇股份,20260617,15.09,15.09,14.74,14.94,15.13,-0.19,-1.2558,13963.82,20743.68008
002891.SZ,中宠股份,20260617,28.5,28.7,28.0,28.2,28.69,-0.49,-1.7079,40831.37,115147.44168
002892.SZ,科力尔,20260617,10.41,10.52,10.18,10.21,10.53,-0.32,-3.0389,116539.19,119773.18377
002893.SZ,京能热力,20260617,10.18,10.24,10.05,10.05,10.26,-0.21,-2.0468,76703.0,77473.57238
002895.SZ,川恒股份,20260617,31.99,32.09,29.99,30.22,32.18,-1.96,-6.0907,111921.34,342224.73529
002896.SZ,中大力德,20260617,79.2,80.39,78.0,79.69,80.51,-0.82,-1.0185,111890.87,887157.89097
002897.SZ,意华股份,20260617,86.88,88.34,85.2,88.0,87.96,0.04,0.0455,143599.9,1249583.08676
002899.SZ,英派斯,20260617,24.49,24.97,23.27,23.33,24.43,-1.1,-4.5027,43849.29,105589.39772
002900.SZ,哈三联,20260617,10.26,10.59,10.03,10.05,10.27,-0.22,-2.1422,37800.5,38507.0295
002901.SZ,大博医疗,20260617,42.09,42.31,41.55,41.64,41.92,-0.28,-0.6679,11484.18,48093.75192
002902.SZ,铭普光磁,20260617,35.0,35.77,34.23,35.15,36.38,-1.23,-3.381,391242.66,1371399.03049
002903.SZ,宇环数控,20260617,52.52,54.65,52.05,53.32,53.21,0.11,0.2067,101935.96,543670.2882
002905.SZ,金逸影视,20260617,7.42,7.47,7.2,7.22,7.45,-0.23,-3.0872,44589.4,32410.744
002906.SZ,华阳集团,20260617,26.17,28.9,26.1,28.9,26.27,2.63,10.0114,113482.24,318343.1548
002907.SZ,华森制药,20260617,12.3,12.37,11.9,12.09,12.32,-0.23,-1.8669,51055.76,61761.11716
002908.SZ,德生科技,20260617,7.13,7.13,6.88,6.94,7.15,-0.21,-2.9371,56802.42,39466.2338
002909.SZ,集泰股份,20260617,5.52,5.56,5.31,5.34,5.53,-0.19,-3.4358,111562.01,60181.72931
002910.SZ,庄园牧场,20260617,11.17,11.37,10.8,11.16,11.21,-0.05,-0.446,236128.76,262839.93302
002911.SZ,佛燃能源,20260617,10.49,10.49,10.34,10.36,10.48,-0.12,-1.145,32664.05,33928.5417
002912.SZ,中新赛克,20260617,19.71,19.79,19.25,19.39,19.78,-0.39,-1.9717,21536.39,41784.03378
002913.SZ,奥士康,20260617,65.28,69.77,65.0,67.68,65.79,1.89,2.8728,120772.99,817421.93726
002915.SZ,中欣氟材,20260617,21.05,21.28,20.58,20.7,21.75,-1.05,-4.8276,207293.3,432947.27336
002916.SZ,深南电路,20260617,405.0,444.27,405.0,444.27,403.88,40.39,10.0005,120345.47,5194632.5562
002917.SZ,金奥博,20260617,11.61,11.64,11.28,11.36,11.66,-0.3,-2.5729,62892.5,71640.124
002918.SZ,蒙娜丽莎,20260617,11.29,12.53,11.21,12.53,11.39,1.14,10.0088,267942.66,319472.57258
002919.SZ,名臣健康,20260617,20.44,20.44,19.83,19.91,20.44,-0.53,-2.593,34848.32,69925.89896
002920.SZ,德赛西威,20260617,87.52,89.5,87.3,88.2,88.63,-0.43,-0.4852,74492.37,658095.62258
002921.SZ,联诚精密,20260617,23.99,24.5,23.71,23.81,24.12,-0.31,-1.2852,46111.12,110890.62242
002922.SZ,伊戈尔,20260617,37.6,38.3,36.6,36.9,37.56,-0.66,-1.7572,223842.09,833023.44123
002923.SZ,润都股份,20260617,9.95,10.0,9.76,9.8,9.99,-0.19,-1.9019,46056.82,45367.44802
002925.SZ,盈趣科技,20260617,21.51,22.0,21.3,21.85,21.44,0.41,1.9123,207737.62,450576.44235
002926.SZ,华西证券,20260617,8.24,8.33,8.15,8.18,8.24,-0.06,-0.7282,169545.63,139568.03157
002927.SZ,泰永长征,20260617,22.27,22.6,21.67,21.82,22.24,-0.42,-1.8885,234421.0,515296.741
002928.SZ,华夏航空,20260617,7.4,7.5,7.16,7.4,7.17,0.23,3.2078,470867.63,344238.27336
002929.SZ,润建股份,20260617,60.62,62.99,60.14,61.6,61.1,0.5,0.8183,184045.1,1135471.49584
002930.SZ,宏川智慧,20260617,9.63,9.69,9.35,9.43,9.69,-0.26,-2.6832,83758.46,79309.94809
002931.SZ,锋龙股份,20260617,72.9,76.87,70.0,76.02,71.94,4.08,5.6714,261433.25,1923703.2709
002932.SZ,*ST明德,20260617,14.98,15.05,14.75,14.87,15.0,-0.13,-0.8667,14259.8,21220.37067
002933.SZ,新兴装备,20260617,28.94,29.1,28.46,28.7,28.92,-0.22,-0.7607,12367.0,35493.057
002935.SZ,天奥电子,20260617,22.05,22.36,21.72,22.15,21.88,0.27,1.234,123304.99,272838.37149
002936.SZ,郑州银行,20260617,1.76,1.77,1.74,1.75,1.76,-0.01,-0.5682,676778.64,118380.93381
002937.SZ,兴瑞科技,20260617,38.52,41.32,36.2,40.71,39.57,1.14,2.881,213672.04,845080.48791
002938.SZ,鹏鼎控股,20260617,105.54,119.01,105.54,119.01,108.19,10.82,10.0009,643198.8,7448793.10623
002939.SZ,长城证券,20260617,8.41,8.53,8.34,8.41,8.45,-0.04,-0.4734,219054.99,184735.47517
002940.SZ,昂利康,20260617,27.93,28.27,27.5,27.91,28.18,-0.27,-0.9581,87769.51,244054.05162
002941.SZ,新疆交建,20260617,10.89,11.04,10.78,10.85,10.94,-0.09,-0.8227,109774.91,119413.90717
002942.SZ,新农股份,20260617,16.3,16.3,15.51,15.52,16.25,-0.73,-4.4923,18070.4,28442.1237
002943.SZ,宇晶股份,20260617,54.07,54.69,51.28,51.58,54.72,-3.14,-5.7383,145936.27,769174.06599
002945.SZ,华林证券,20260617,14.42,14.51,14.13,14.19,14.42,-0.23,-1.595,80636.0,115203.117
002946.SZ,新乳业,20260617,16.22,16.22,15.3,15.39,16.16,-0.77,-4.7649,64973.53,102045.94226
002947.SZ,恒铭达,20260617,88.79,91.0,88.36,90.95,89.4,1.55,1.7338,75164.94,676476.17353
002948.SZ,青岛银行,20260617,5.8,5.83,5.72,5.77,5.75,0.02,0.3478,251833.18,145048.40758
002949.SZ,华阳国际,20260617,11.05,11.08,10.61,10.67,11.03,-0.36,-3.2638,39755.0,42730.346
002950.SZ,奥美医疗,20260617,9.09,9.18,8.9,8.93,9.17,-0.24,-2.6172,71267.9,63958.1229
002951.SZ,金时科技,20260617,16.71,16.97,16.08,16.17,16.91,-0.74,-4.3761,149554.0,244554.896
002952.SZ,亚世光电,20260617,23.86,24.85,23.8,24.55,24.15,0.4,1.6563,72481.0,177235.581
002953.SZ,日丰股份,20260617,9.88,9.96,9.63,9.72,9.97,-0.25,-2.5075,47568.68,46275.62884
002955.SZ,鸿合科技,20260617,32.6,34.44,32.17,33.84,32.79,1.05,3.2022,107172.43,355993.23323
002956.SZ,西麦食品,20260617,21.45,21.52,20.89,20.96,21.42,-0.46,-2.1475,23773.24,50078.52108
002957.SZ,科瑞技术,20260617,56.5,58.44,56.0,57.36,55.55,1.81,3.2583,371931.42,2127328.44892
002958.SZ,青农商行,20260617,2.89,2.89,2.85,2.86,2.88,-0.02,-0.6944,416934.28,119286.8238
002959.SZ,小熊电器,20260617,34.15,34.27,33.18,33.18,34.14,-0.96,-2.812,9904.0,33151.15391
002960.SZ,青鸟智控,20260617,8.89,9.06,8.87,8.92,9.15,-0.23,-2.5137,224838.79,201010.272
002961.SZ,瑞达期货,20260617,21.29,21.35,20.62,20.82,21.09,-0.27,-1.2802,105940.04,221777.45299
002962.SZ,五方光电,20260617,17.62,19.18,17.53,18.5,17.87,0.63,3.5255,383929.13,708184.42658
002963.SZ,豪尔赛,20260617,18.11,18.98,17.66,18.23,18.34,-0.11,-0.5998,85072.25,155909.346
002965.SZ,祥鑫科技,20260617,42.47,43.63,42.03,42.5,42.92,-0.42,-0.9786,137056.74,582989.95059
002966.SZ,苏州银行,20260617,8.08,8.11,7.97,8.0,8.06,-0.06,-0.7444,423315.76,339597.89362
002967.SZ,广电计量,20260617,18.15,18.63,18.05,18.48,18.13,0.35,1.9305,72955.0,133961.035
002968.SZ,新大正,20260617,9.2,9.23,8.91,8.96,9.28,-0.32,-3.4483,40926.95,36948.1818
002969.SZ,嘉美包装,20260617,15.81,15.98,15.37,15.5,15.88,-0.38,-2.3929,353793.66,552157.21714
002970.SZ,锐明技术,20260617,66.99,68.5,66.58,68.32,67.49,0.83,1.2298,45330.5,306855.375
002971.SZ,和远气体,20260617,56.24,63.38,55.9,61.25,59.24,2.01,3.393,394764.6,2343197.03052
002972.SZ,科安达,20260617,15.97,16.77,15.81,16.56,15.8,0.76,4.8101,221163.95,362257.08345
002973.SZ,侨银股份,20260617,12.31,12.66,12.2,12.27,12.43,-0.16,-1.2872,30453.0,37622.616
002975.SZ,博杰股份,20260617,136.63,147.25,135.5,142.57,136.87,5.7,4.1645,132243.59,1883814.93119
002976.SZ,瑞玛精密,20260617,27.35,29.8,27.1,28.67,27.09,1.58,5.8324,175893.55,505797.50638
002977.SZ,*ST天箭,20260617,25.75,26.06,25.07,25.53,25.14,0.39,1.5513,23419.28,59915.6088
002978.SZ,安宁股份,20260617,27.53,27.54,26.7,26.89,27.54,-0.65,-2.3602,31045.73,83829.84948
002979.SZ,雷赛智能,20260617,52.63,56.25,52.01,55.96,52.95,3.01,5.6846,179305.26,982500.29342
002980.SZ,华盛昌,20260617,118.27,126.8,118.27,125.55,122.6,2.95,2.4062,135989.37,1681929.8876
002981.SZ,朝阳科技,20260617,22.22,23.3,21.71,21.86,22.99,-1.13,-4.9152,95482.62,212230.14572
002982.SZ,湘佳股份,20260617,12.9,12.98,12.34,12.36,13.06,-0.7,-5.3599,97977.28,123094.15633
002983.SZ,芯瑞达,20260617,25.06,26.2,25.01,26.04,25.7,0.34,1.323,57102.81,147876.73868
002984.SZ,森麒麟,20260617,15.01,15.15,14.75,14.83,15.1,-0.27,-1.7881,86519.77,128615.63769
002985.SZ,北摩高科,20260617,30.66,30.83,30.21,30.38,30.66,-0.28,-0.9132,57517.46,175369.35086
002986.SZ,宇新股份,20260617,11.17,11.59,10.93,11.54,11.14,0.4,3.5907,79553.2,89703.41288
002987.SZ,京北方,20260617,11.62,11.84,11.28,11.48,11.61,-0.13,-1.1197,163868.26,188324.58203
002988.SZ,豪美新材,20260617,25.15,25.86,24.61,24.7,24.94,-0.24,-0.9623,50122.0,125989.543
002989.SZ,中天精装,20260617,31.67,33.97,31.17,33.97,30.88,3.09,10.0065,221952.92,739530.53086
002990.SZ,盛视科技,20260617,55.93,56.5,53.53,53.84,54.41,-0.57,-1.0476,179675.5,984509.791
002991.SZ,甘源食品,20260617,42.18,42.71,40.72,40.99,42.29,-1.3,-3.074,10578.0,43601.632
002992.SZ,宝明科技,20260617,46.66,49.23,46.01,46.75,48.7,-1.95,-4.0041,53547.28,253973.62042
002993.SZ,奥海科技,20260617,70.5,73.38,70.19,72.6,71.75,0.85,1.1847,113206.04,814642.19626
002995.SZ,天地在线,20260617,21.31,21.31,20.37,20.49,21.5,-1.01,-4.6977,100778.56,208009.474
002996.SZ,顺博合金,20260617,6.5,6.6,6.3,6.35,6.54,-0.19,-2.9052,88449.7,56649.713
002997.SZ,瑞鹄模具,20260617,30.69,31.25,29.96,31.11,30.4,0.71,2.3355,69544.58,213053.70954
002998.SZ,优彩资源,20260617,7.5,7.59,7.17,7.2,7.49,-0.29,-3.8718,105065.0,76736.56
002999.SZ,天禾股份,20260617,5.82,5.85,5.64,5.69,5.86,-0.17,-2.901,73398.98,41997.09672
003000.SZ,劲仔食品,20260617,10.55,10.56,10.03,10.13,10.52,-0.39,-3.7072,61201.4,62593.82448
003001.SZ,中岩大地,20260617,15.22,15.22,14.19,14.31,15.25,-0.94,-6.1639,63554.41,91788.25389
003002.SZ,壶化股份,20260617,21.22,22.09,20.88,20.93,21.39,-0.46,-2.1505,40543.97,86302.3604
003003.SZ,天元股份,20260617,11.07,11.11,10.78,10.82,11.02,-0.2,-1.8149,37206.99,40514.27507
003004.SZ,声迅股份,20260617,65.4,67.4,64.01,66.27,65.25,1.02,1.5632,34166.0,226057.61272
003005.SZ,竞业达,20260617,14.5,14.51,14.1,14.22,14.57,-0.35,-2.4022,29122.4,41428.3632
003006.SZ,百亚股份,20260617,15.41,15.54,15.03,15.09,15.49,-0.4,-2.5823,30118.0,45678.846
003007.SZ,直真科技,20260617,40.6,40.8,39.83,40.29,40.96,-0.67,-1.6357,25212.0,101366.433
003008.SZ,开普检测,20260617,18.43,18.6,18.12,18.25,18.41,-0.16,-0.8691,25427.55,46530.97455
003009.SZ,中天火箭,20260617,60.5,63.96,60.21,62.1,60.88,1.22,2.0039,112209.95,701773.72404
003010.SZ,若羽臣,20260617,24.2,24.36,23.76,23.86,24.38,-0.52,-2.1329,47321.36,113405.91552
003011.SZ,海象新材,20260617,19.13,19.55,18.85,19.01,19.33,-0.32,-1.6555,29144.2,55554.7696
003012.SZ,东鹏控股,20260617,4.68,4.88,4.66,4.73,4.63,0.1,2.1598,117513.0,55539.927
003013.SZ,地铁设计,20260617,16.13,16.3,15.75,16.06,16.24,-0.18,-1.1084,44349.67,71069.82366
003015.SZ,日久光电,20260617,12.79,13.07,12.74,12.98,12.9,0.08,0.6202,95508.04,123866.02968
003016.SZ,欣贺股份,20260617,6.85,6.85,6.62,6.65,6.85,-0.2,-2.9197,40419.0,26997.758
003017.SZ,大洋生物,20260617,26.83,26.89,26.19,26.31,26.84,-0.53,-1.9747,16783.4,44366.6472
003018.SZ,金富科技,20260617,64.0,66.4,59.65,61.9,62.29,-0.39,-0.6261,162517.03,1010190.54392
003019.SZ,宸展光电,20260617,33.25,35.64,33.01,35.02,33.14,1.88,5.6729,122434.53,424960.04304
003020.SZ,立方制药,20260617,15.3,15.49,15.04,15.12,15.36,-0.24,-1.5625,14704.4,22280.2352
003021.SZ,兆威机电,20260617,96.81,97.83,95.6,96.75,97.93,-1.18,-1.2049,36462.46,351543.28586
003022.SZ,联泓新科,20260617,28.15,28.64,27.9,28.3,28.28,0.02,0.0707,286535.58,808912.45321
003023.SZ,彩虹集团,20260617,21.78,22.21,21.55,21.8,21.99,-0.19,-0.864,24190.0,52686.586
003025.SZ,思进智能,20260617,17.5,17.59,16.5,16.6,17.43,-0.83,-4.7619,245362.79,413062.36765
003026.SZ,中晶科技,20260617,33.9,36.52,33.78,36.52,34.92,1.6,4.5819,259700.83,917469.91491
003027.SZ,同兴科技,20260617,20.04,20.04,19.4,19.69,20.04,-0.35,-1.7465,37912.0,74549.214
003028.SZ,振邦智能,20260617,25.18,25.43,24.58,24.85,25.45,-0.6,-2.3576,12550.4,31219.0701
003029.SZ,吉大正元,20260617,17.68,17.81,17.31,17.4,17.9,-0.5,-2.7933,25231.0,44074.236
003030.SZ,祖名股份,20260617,23.5,24.13,22.66,22.92,23.78,-0.86,-3.6165,39075.0,90707.584
003031.SZ,中瓷电子,20260617,156.4,160.6,154.0,160.26,161.01,-0.75,-0.4658,143227.77,2253608.40113
003032.SZ,传智教育,20260617,6.41,6.43,6.22,6.23,6.48,-0.25,-3.858,95189.0,60017.224
003033.SZ,征和工业,20260617,51.6,52.52,50.4,51.5,52.13,-0.63,-1.2085,14163.0,72814.325
003035.SZ,南网能源,20260617,6.37,6.46,6.17,6.22,6.36,-0.14,-2.2013,377229.82,235946.22819
003036.SZ,泰坦股份,20260617,97.32,104.79,95.49,104.79,98.21,6.58,6.6999,114195.49,1151010.3482
003037.SZ,三和管桩,20260617,6.17,6.2,6.03,6.05,6.2,-0.15,-2.4194,41723.0,25422.967
003038.SZ,鑫铂股份,20260617,12.65,12.72,12.07,12.12,12.72,-0.6,-4.717,55145.34,67603.84386
003039.SZ,顺控发展,20260617,12.31,12.38,12.18,12.3,12.39,-0.09,-0.7264,25234.0,30968.45857
003040.SZ,楚天龙,20260617,12.1,12.26,11.88,12.08,12.1,-0.02,-0.1653,102266.34,123327.27759
003041.SZ,真爱美家,20260617,46.2,47.09,45.32,45.45,46.67,-1.22,-2.6141,20997.0,96455.80032
003042.SZ,中农联合,20260617,13.46,13.46,12.99,13.1,13.46,-0.36,-2.6746,32600.31,42773.86809
003043.SZ,华亚智能,20260617,82.17,83.27,78.68,80.99,83.28,-2.29,-2.7498,76191.26,610305.36356
003816.SZ,中国广核,20260617,4.26,4.28,4.18,4.19,4.26,-0.07,-1.6432,1080888.68,454153.9275
300001.SZ,特锐德,20260617,38.78,40.1,38.33,38.82,39.01,-0.19,-0.4871,291867.7,1142936.21554
300002.SZ,神州泰岳,20260617,7.46,7.5,7.29,7.33,7.5,-0.17,-2.2667,359917.94,265037.41645
300003.SZ,乐普医疗,20260617,11.77,11.84,11.65,11.7,11.8,-0.1,-0.8475,150281.65,176090.57968
300004.SZ,南风股份,20260617,12.08,12.42,12.02,12.1,12.31,-0.21,-1.7059,143493.12,174313.55532
300005.SZ,探路者,20260617,17.35,17.7,16.42,17.39,17.6,-0.21,-1.1932,722624.44,1242444.5988
300006.SZ,莱美药业,20260617,5.07,5.12,4.92,4.97,5.1,-0.13,-2.549,197765.0,98536.465
300007.SZ,汉威科技,20260617,39.81,40.0,38.76,39.05,40.19,-1.14,-2.8365,130727.55,513285.23645
300008.SZ,天海防务,20260617,6.78,6.95,6.73,6.89,6.77,0.12,1.7725,649621.89,446165.64159
300009.SZ,安科生物,20260617,7.75,7.76,7.61,7.66,7.76,-0.1,-1.2887,101969.77,78189.87387
300010.SZ,ST豆神,20260617,2.56,2.59,2.49,2.5,2.61,-0.11,-4.2146,470775.3,119158.0114
300011.SZ,鼎汉技术,20260617,6.13,6.57,5.89,6.29,6.07,0.22,3.6244,182094.46,113193.8995
300012.SZ,华测检测,20260617,13.89,14.05,13.77,13.9,14.0,-0.1,-0.7143,206832.53,286746.93837
300013.SZ,新宁物流,20260617,4.04,4.07,3.9,3.91,4.08,-0.17,-4.1667,166652.0,65852.724
300014.SZ,亿纬锂能,20260617,66.5,67.78,65.85,67.54,66.88,0.66,0.9868,1362640.25,9117769.31474
300015.SZ,爱尔眼科,20260617,8.29,8.31,8.19,8.3,8.28,0.02,0.2415,595770.69,491279.08647
300016.SZ,北陆药业,20260617,7.6,7.64,7.49,7.55,7.64,-0.09,-1.178,86050.06,64920.50194
300017.SZ,网宿科技,20260617,14.48,14.69,14.24,14.38,14.57,-0.19,-1.304,1059843.13,1526299.83039
300018.SZ,中元股份,20260617,12.12,12.4,12.12,12.3,12.19,0.11,0.9024,110582.84,135434.47171
300019.SZ,硅宝科技,20260617,18.31,19.23,18.05,18.86,18.62,0.24,1.2889,170528.85,319197.00992
300020.SZ,ST银江,20260617,3.47,3.51,3.34,3.36,3.5,-0.14,-4.0,118610.0,40344.463
300021.SZ,大禹节水,20260617,3.78,3.78,3.69,3.71,3.78,-0.07,-1.8519,94561.99,35182.97142
300022.SZ,吉峰科技,20260617,7.55,7.72,7.5,7.53,7.59,-0.06,-0.7905,90266.23,68410.15194
300024.SZ,机器人,20260617,17.5,17.55,17.0,17.17,17.96,-0.79,-4.3987,932766.43,1610320.01805
300025.SZ,华星创业,20260617,4.68,4.68,4.51,4.54,4.7,-0.16,-3.4043,106534.07,48635.28317
300026.SZ,红日药业,20260617,3.06,3.06,3.0,3.01,3.06,-0.05,-1.634,197687.69,59701.21869
300027.SZ,ST华谊,20260617,1.81,1.83,1.76,1.78,1.83,-0.05,-2.7322,470281.22,84587.77179
300030.SZ,阳普医疗,20260617,6.35,6.36,6.18,6.23,6.35,-0.12,-1.8898,58184.95,36344.5619
300031.SZ,宝通科技,20260617,26.96,28.2,26.59,28.16,26.96,1.2,4.451,354120.16,976185.84398
300032.SZ,金龙机电,20260617,4.23,4.29,4.14,4.17,4.25,-0.08,-1.8824,227803.0,95594.219
300033.SZ,同花顺,20260617,217.99,220.03,216.3,217.35,218.62,-1.27,-0.5809,110916.14,2413413.42699
300034.SZ,钢研高纳,20260617,17.8,18.51,17.77,18.09,17.87,0.22,1.2311,155538.44,281909.36351
300035.SZ,中科电气,20260617,17.81,18.0,17.62,17.68,18.07,-0.39,-2.1583,194751.29,345713.81808
300036.SZ,超图软件,20260617,12.1,12.62,11.91,12.5,12.15,0.35,2.8807,193327.5,235286.95399
300037.SZ,新宙邦,20260617,78.05,86.8,77.86,86.02,80.4,5.62,6.99,454168.33,3770120.39241
300039.SZ,上海凯宝,20260617,4.5,4.54,4.36,4.38,4.49,-0.11,-2.4499,175757.87,77728.40012
300040.SZ,九洲集团,20260617,7.0,7.32,6.88,6.89,6.58,0.31,4.7112,805343.61,570297.7205
300041.SZ,回天新材,20260617,14.1,14.95,13.93,14.57,14.31,0.26,1.8169,604611.58,878136.43004
300042.SZ,朗科科技,20260617,62.5,69.0,61.64,67.47,64.13,3.34,5.2082,331165.32,2185777.80117
300043.SZ,星辉娱乐,20260617,4.37,4.38,4.19,4.21,4.4,-0.19,-4.3182,401365.4,169772.191
300044.SZ,*ST赛为,20260617,5.61,5.66,5.47,5.48,5.68,-0.2,-3.5211,151391.7,84111.5247
300045.SZ,华力创通,20260617,18.09,18.57,17.81,18.41,18.24,0.17,0.932,193758.27,353501.39209
300046.SZ,台基股份,20260617,30.06,31.3,30.01,31.0,30.59,0.41,1.3403,89777.19,277542.51109
300047.SZ,天源迪科,20260617,9.99,10.05,9.84,9.91,10.02,-0.11,-1.0978,115336.96,114509.7862
300048.SZ,合康新能,20260617,5.33,5.33,5.11,5.13,5.37,-0.24,-4.4693,214985.65,111286.3131
300049.SZ,福瑞医科,20260617,41.8,41.94,40.84,41.07,42.12,-1.05,-2.4929,45854.93,189172.58658
300050.SZ,世纪鼎利,20260617,6.51,7.17,6.5,6.9,6.56,0.34,5.1829,404642.0,278146.379
300051.SZ,琏升科技,20260617,10.2,10.49,9.74,9.81,10.1,-0.29,-2.8713,248286.0,246748.7
300052.SZ,中青宝,20260617,12.12,12.45,11.9,12.37,12.28,0.09,0.7329,183426.8,222682.1836
300053.SZ,航宇微,20260617,16.05,17.07,15.83,16.65,16.19,0.46,2.8413,343265.11,569719.45811
300054.SZ,鼎龙股份,20260617,84.88,93.0,84.5,91.13,84.4,6.73,7.9739,669378.65,5976785.44604
300055.SZ,万邦达,20260617,7.7,7.76,7.5,7.57,7.77,-0.2,-2.574,137255.78,104400.95991
300056.SZ,中创环保,20260617,8.23,8.43,8.08,8.1,8.29,-0.19,-2.2919,220684.97,181129.8504
300057.SZ,万顺新材,20260617,9.15,9.61,9.09,9.22,9.29,-0.07,-0.7535,841824.8,784033.467
300058.SZ,蓝色光标,20260617,14.88,15.03,14.74,14.95,15.08,-0.13,-0.8621,1908591.73,2837887.00204
300059.SZ,东方财富,20260617,19.04,19.25,18.86,19.04,19.12,-0.08,-0.4184,2749209.09,5225743.45471
300061.SZ,旗天科技,20260617,7.77,7.77,7.59,7.65,7.84,-0.19,-2.4235,194707.2,148962.92519
300062.SZ,中能电气,20260617,6.33,6.41,6.1,6.2,6.43,-0.23,-3.577,183293.9,114544.88738
300063.SZ,天龙集团,20260617,9.5,9.55,9.33,9.42,9.6,-0.18,-1.875,232710.99,219334.54853
300065.SZ,海兰信,20260617,19.25,19.75,18.85,19.06,18.92,0.14,0.74,417926.39,804300.07447
300066.SZ,三川智慧,20260617,6.58,6.6,6.25,6.38,6.78,-0.4,-5.8997,1105273.22,702967.06101
300067.SZ,安诺其,20260617,5.47,5.56,5.43,5.56,5.52,0.04,0.7246,401633.99,221364.18551
300068.SZ,ST南都,20260617,4.59,4.88,4.37,4.39,4.56,-0.17,-3.7281,1242237.25,576750.78955
300069.SZ,金利华电,20260617,34.52,36.96,34.25,35.94,34.86,1.08,3.0981,154730.28,551926.86916
300070.SZ,碧水源,20260617,3.43,3.43,3.37,3.42,3.45,-0.03,-0.8696,350657.64,118969.64647
300071.SZ,福石控股,20260617,3.89,3.89,3.74,3.79,3.92,-0.13,-3.3163,300122.0,113756.463
300072.SZ,海新能科,20260617,3.61,3.64,3.46,3.48,3.64,-0.16,-4.3956,422631.27,148090.31346
300073.SZ,当升科技,20260617,52.23,53.14,51.93,52.45,52.98,-0.53,-1.0004,130859.7,686291.98068
300074.SZ,华平股份,20260617,3.82,3.82,3.67,3.71,3.83,-0.12,-3.1332,206561.47,76722.7749
300075.SZ,数字政通,20260617,11.61,11.61,11.27,11.38,11.65,-0.27,-2.3176,111573.63,126997.99861
300076.SZ,*ST宁视,20260617,4.53,5.07,4.5,4.82,4.51,0.31,6.8736,155537.0,75090.006
300077.SZ,国民技术,20260617,22.61,23.44,22.6,23.15,23.12,0.03,0.1298,327683.73,754290.17097
300078.SZ,思创智联,20260617,3.2,3.21,3.12,3.15,3.2,-0.05,-1.5625,167279.46,52532.44494
300079.SZ,数码视讯,20260617,4.66,4.67,4.51,4.57,4.68,-0.11,-2.3504,321066.52,146503.72075
300080.SZ,易成新能,20260617,3.99,4.02,3.86,3.88,4.0,-0.12,-3.0,202868.49,79401.52156
300081.SZ,ST恒信,20260617,3.99,4.07,3.92,4.0,3.98,0.02,0.5025,87107.03,34695.225
300082.SZ,奥克股份,20260617,9.76,9.99,9.58,9.76,9.84,-0.08,-0.813,179635.7,175590.40614
300083.SZ,创世纪,20260617,11.17,11.64,11.08,11.24,11.36,-0.12,-1.0563,914556.31,1029916.16979
300084.SZ,海默科技,20260617,11.88,12.21,11.55,11.78,12.0,-0.22,-1.8333,177187.46,209740.1096
300085.SZ,银之杰,20260617,27.4,28.0,26.88,27.88,27.38,0.5,1.8262,403308.89,1111144.1925
300086.SZ,康芝药业,20260617,6.19,6.19,6.01,6.08,6.23,-0.15,-2.4077,134823.0,81858.113
300087.SZ,荃银高科,20260617,6.94,7.03,6.83,6.86,6.96,-0.1,-1.4368,84476.0,58350.03094
300088.SZ,长信科技,20260617,9.56,10.57,9.56,10.57,8.81,1.76,19.9773,4203793.29,4322246.74538
300091.SZ,*ST金灵,20260617,2.74,2.76,2.63,2.65,2.75,-0.1,-3.6364,163341.0,43931.824
300092.SZ,科新机电,20260617,13.26,13.32,12.7,12.77,13.26,-0.49,-3.6953,55769.0,71888.841
300093.SZ,金刚光伏,20260617,23.77,24.85,22.36,24.15,23.95,0.2,0.8351,151282.0,354070.901
300094.SZ,国联水产,20260617,2.83,2.87,2.72,2.73,2.81,-0.08,-2.847,293073.84,80904.05232
300095.SZ,华伍股份,20260617,8.96,9.01,8.76,8.81,9.01,-0.2,-2.2198,89005.0,78826.1199
300096.SZ,ST易联众,20260617,9.3,9.85,9.17,9.8,9.29,0.51,5.4898,84325.09,81278.62316
300097.SZ,智云股份,20260617,9.82,10.15,9.67,9.79,9.94,-0.15,-1.5091,121736.0,120465.905
300098.SZ,高新兴,20260617,5.04,5.07,4.93,4.98,5.08,-0.1,-1.9685,383201.73,191164.25637
300099.SZ,尤洛卡,20260617,8.96,9.14,8.1,8.18,7.91,0.27,3.4134,881568.66,749476.50534
300100.SZ,双林股份,20260617,29.12,29.2,28.07,28.33,29.32,-0.99,-3.3765,127305.27,362398.55316
300101.SZ,振芯科技,20260617,16.51,16.63,16.18,16.28,16.51,-0.23,-1.3931,89124.63,145803.0749
300102.SZ,乾照光电,20260617,24.01,25.45,23.98,24.81,24.44,0.37,1.5139,463707.7,1156651.76577
300103.SZ,达刚控股,20260617,8.46,8.5,8.18,8.24,8.53,-0.29,-3.3998,88795.5,73503.2495
300105.SZ,龙源技术,20260617,6.66,7.2,6.48,7.17,6.79,0.38,5.5965,402535.02,276485.12974
300106.SZ,西部牧业,20260617,11.48,11.62,11.23,11.44,11.56,-0.12,-1.0381,69544.48,79114.02976
300107.SZ,建新股份,20260617,6.09,6.22,6.01,6.16,6.13,0.03,0.4894,85243.0,52019.23
300109.SZ,新开源,20260617,17.3,17.57,17.13,17.43,17.49,-0.06,-0.3431,47085.66,81633.23722
300110.SZ,华仁药业,20260617,2.61,2.62,2.55,2.57,2.62,-0.05,-1.9084,110384.0,28397.339
300111.SZ,向日葵,20260617,3.13,3.14,3.05,3.08,3.15,-0.07,-2.2222,235041.0,72545.846
300112.SZ,万讯自控,20260617,6.84,6.87,6.6,6.63,6.9,-0.27,-3.913,81790.29,54746.38882
300113.SZ,顺网科技,20260617,20.0,20.25,19.68,19.9,20.06,-0.16,-0.7976,177687.96,353928.74796
300115.SZ,长盈精密,20260617,30.92,31.25,30.52,30.7,30.92,-0.22,-0.7115,305316.52,940753.30155
300118.SZ,东方日升,20260617,14.13,14.65,13.64,13.75,14.19,-0.44,-3.1008,659146.83,923499.01832
300119.SZ,瑞普生物,20260617,15.64,15.65,15.23,15.3,15.66,-0.36,-2.2989,21532.0,33062.38309
300120.SZ,经纬辉开,20260617,9.13,9.35,8.95,9.35,9.24,0.11,1.1905,464413.15,427591.27388
300121.SZ,阳谷华泰,20260617,11.86,12.94,11.8,12.55,12.04,0.51,4.2359,346146.6,432794.0101
300122.SZ,智飞生物,20260617,12.48,12.85,12.45,12.61,12.48,0.13,1.0417,241238.12,305901.62417
300123.SZ,ST亚光,20260617,4.33,4.36,4.13,4.17,4.37,-0.2,-4.5767,365843.0,154721.35
300124.SZ,汇川技术,20260617,69.35,69.81,68.18,69.75,70.24,-0.49,-0.6976,307406.16,2115825.44506
300125.SZ,*ST聆达,20260617,9.77,9.93,9.48,9.6,9.81,-0.21,-2.1407,60798.0,58793.676
300126.SZ,锐奇股份,20260617,6.52,6.54,6.16,6.24,6.51,-0.27,-4.1475,66976.0,41942.811
300127.SZ,银河磁体,20260617,29.34,29.81,28.9,29.23,29.92,-0.69,-2.3061,71721.71,209868.35641
300128.SZ,锦富技术,20260617,6.26,6.56,6.11,6.13,6.33,-0.2,-3.1596,630338.17,395911.15115
300129.SZ,泰胜风能,20260617,9.5,9.62,9.23,9.34,9.53,-0.19,-1.9937,171224.75,160888.83785
300130.SZ,新国都,20260617,21.56,21.84,20.82,21.7,21.77,-0.07,-0.3215,171923.04,368209.65588
300131.SZ,英唐智控,20260617,19.06,19.37,18.51,18.79,19.62,-0.83,-4.2304,985029.95,1859543.14378
300132.SZ,青松股份,20260617,6.2,6.23,6.02,6.06,6.18,-0.12,-1.9417,148801.0,90541.682
300133.SZ,华策影视,20260617,7.33,7.35,7.15,7.23,7.39,-0.16,-2.1651,545119.46,394626.72032
300134.SZ,大富科技,20260617,10.14,10.43,10.01,10.07,10.29,-0.22,-2.138,115565.17,117304.85998
300135.SZ,宝利国际,20260617,3.37,3.38,3.24,3.25,3.4,-0.15,-4.4118,177947.0,58454.213
300136.SZ,信维通信,20260617,104.66,112.9,103.2,105.56,100.16,5.4,5.3914,1495046.49,16016435.7292
300137.SZ,先河环保,20260617,17.4,18.05,16.74,16.92,17.58,-0.66,-3.7543,280586.45,488652.17
300138.SZ,晨光生物,20260617,9.93,9.93,9.6,9.78,9.89,-0.11,-1.1122,44306.0,42976.39
300139.SZ,晓程科技,20260617,44.19,44.79,43.1,43.86,44.03,-0.17,-0.3861,221990.65,970836.25871
300140.SZ,节能环境,20260617,5.48,5.48,5.36,5.4,5.46,-0.06,-1.0989,105354.18,56865.24156
300141.SZ,和顺电气,20260617,10.71,10.83,10.35,10.41,10.63,-0.22,-2.0696,50640.5,53281.2605
300142.SZ,沃森生物,20260617,11.98,12.22,11.9,12.01,12.14,-0.13,-1.0708,523612.92,630321.98036
300143.SZ,盈康生命,20260617,6.97,6.97,6.83,6.94,6.97,-0.03,-0.4304,64909.5,44699.3556
300144.SZ,宋城演艺,20260617,6.24,6.28,6.11,6.14,6.27,-0.13,-2.0734,307462.6,189324.2718
300145.SZ,南方泵业,20260617,5.85,6.15,5.49,5.55,5.65,-0.1,-1.7699,2790737.53,1583613.32986
300146.SZ,汤臣倍健,20260617,9.79,9.82,9.61,9.69,9.81,-0.12,-1.2232,83995.44,81298.73226
300147.SZ,*ST香雪,20260617,9.3,9.44,9.03,9.08,9.35,-0.27,-2.8877,96742.0,89465.224
300148.SZ,天舟文化,20260617,3.35,3.37,3.21,3.25,3.38,-0.13,-3.8462,235190.0,76687.092
300149.SZ,睿智医药,20260617,7.72,7.75,7.53,7.55,7.72,-0.17,-2.2021,82028.07,62275.52144
300150.SZ,世纪瑞尔,20260617,4.16,4.16,4.04,4.12,4.18,-0.06,-1.4354,79685.0,32649.721
300151.SZ,昌红科技,20260617,22.75,23.98,22.48,23.58,22.95,0.63,2.7451,223050.92,522023.01541
300152.SZ,*ST动力,20260617,1.81,1.82,1.76,1.77,1.82,-0.05,-2.7473,173950.0,31077.721
300153.SZ,科泰电源,20260617,25.2,25.73,25.03,25.29,25.53,-0.24,-0.9401,87397.69,221681.27454
300154.SZ,瑞凌股份,20260617,9.45,9.66,9.18,9.23,9.5,-0.27,-2.8421,81457.0,76291.376
300155.SZ,安居宝,20260617,4.3,4.32,4.15,4.19,4.32,-0.13,-3.0093,94412.45,39558.35418
300157.SZ,新锦动力,20260617,4.17,4.17,4.03,4.06,4.18,-0.12,-2.8708,309128.94,125947.72334
300158.SZ,振东制药,20260617,5.0,5.0,4.75,4.79,5.01,-0.22,-4.3912,136008.0,65891.047
300159.SZ,*ST新研,20260617,4.18,4.23,4.12,4.12,4.12,0.0,0.0,295036.0,123142.178
300160.SZ,秀强股份,20260617,4.65,4.79,4.63,4.68,4.67,0.01,0.2141,86857.4,40915.034
300161.SZ,华中数控,20260617,31.32,31.49,30.68,30.86,31.57,-0.71,-2.249,33227.02,102841.44798
300162.SZ,雷曼光电,20260617,10.78,11.98,10.71,11.56,10.99,0.57,5.1865,851446.5,980182.68048
300163.SZ,先锋新材,20260617,6.3,6.5,6.03,6.35,6.33,0.02,0.316,309133.0,192689.927
300164.SZ,通源石油,20260617,8.97,9.06,8.79,8.94,9.08,-0.14,-1.5419,524090.16,467029.41756
300165.SZ,天瑞仪器,20260617,6.07,6.58,6.03,6.3,6.15,0.15,2.439,321512.15,205528.6607
300166.SZ,东方国信,20260617,15.28,15.88,15.12,15.58,15.49,0.09,0.581,560809.25,871799.51026
300167.SZ,ST迪威迅,20260617,4.71,4.85,4.63,4.67,4.75,-0.08,-1.6842,59146.0,27906.444
300168.SZ,万达信息,20260617,4.85,4.87,4.74,4.84,4.89,-0.05,-1.0225,181810.15,87212.82076
300169.SZ,天晟新材,20260617,5.49,5.52,5.15,5.2,5.44,-0.24,-4.4118,158257.06,83399.48496
300170.SZ,汉得信息,20260617,17.52,17.68,17.28,17.44,17.69,-0.25,-1.4132,318536.44,554103.56766
300171.SZ,东富龙,20260617,11.34,11.65,11.19,11.45,11.33,0.12,1.0591,67016.05,76403.22828
300172.SZ,中电环保,20260617,4.51,4.62,4.43,4.59,4.55,0.04,0.8791,183125.5,82748.1268
300173.SZ,ST福能,20260617,3.76,3.8,3.66,3.7,3.81,-0.11,-2.8871,102737.99,38217.52632
300174.SZ,元力股份,20260617,25.81,28.75,25.68,27.97,26.27,1.7,6.4713,594541.66,1649610.32088
300175.SZ,朗源股份,20260617,5.26,5.35,5.06,5.09,5.25,-0.16,-3.0476,104839.0,53740.62
300176.SZ,鸿特科技,20260617,5.36,5.36,5.15,5.19,5.35,-0.16,-2.9907,97243.97,50649.09849
300177.SZ,中海达,20260617,6.8,7.2,6.74,7.04,6.87,0.17,2.4745,152986.42,106073.50087
300179.SZ,四方达,20260617,43.0,46.77,42.61,45.38,44.14,1.24,2.8092,742811.3,3365708.35295
300180.SZ,华峰超纤,20260617,4.56,4.87,4.5,4.78,4.53,0.25,5.5188,765834.1,362074.85733
300181.SZ,佐力药业,20260617,13.17,13.19,12.99,13.04,13.16,-0.12,-0.9119,66283.3,86622.4996
300182.SZ,捷成股份,20260617,5.6,5.61,5.44,5.52,5.66,-0.14,-2.4735,1418347.67,781382.19942
300183.SZ,东软载波,20260617,11.09,11.2,10.89,11.08,11.15,-0.07,-0.6278,70101.34,77308.89757
300184.SZ,力源信息,20260617,15.81,17.0,15.81,16.91,16.28,0.63,3.8698,1265311.95,2107683.78283
300185.SZ,通裕重工,20260617,2.73,2.83,2.66,2.79,2.75,0.04,1.4545,1328048.84,362658.75789
300187.SZ,永清环保,20260617,5.13,5.21,5.01,5.03,5.15,-0.12,-2.3301,123003.0,62519.619
300188.SZ,国投智能,20260617,10.42,10.47,10.18,10.26,10.42,-0.16,-1.5355,79008.7,81098.18681
300189.SZ,神农种业,20260617,4.89,4.92,4.74,4.76,4.91,-0.15,-3.055,431158.32,206535.01078
300190.SZ,维尔利,20260617,4.14,4.33,4.14,4.33,4.18,0.15,3.5885,301218.72,128067.02357
300191.SZ,潜能恒信,20260617,29.7,30.06,29.1,29.5,30.0,-0.5,-1.6667,63371.07,186814.02664
300192.SZ,科德教育,20260617,17.15,17.4,16.93,17.02,17.3,-0.28,-1.6185,62930.0,107661.156
300193.SZ,佳士科技,20260617,8.6,8.6,8.41,8.41,8.64,-0.23,-2.662,74461.97,63304.10744
300194.SZ,福安药业,20260617,3.57,3.58,3.51,3.53,3.58,-0.05,-1.3966,67268.25,23770.68756
300195.SZ,长荣股份,20260617,5.58,5.58,5.37,5.42,5.57,-0.15,-2.693,81848.0,44449.55
300196.SZ,长海股份,20260617,27.0,33.66,26.88,31.9,28.05,3.85,13.7255,683512.77,2142102.91448
300197.SZ,节能铁汉,20260617,2.42,2.43,2.27,2.31,2.47,-0.16,-6.4777,2429695.36,561871.35004
300198.SZ,*ST纳川,20260617,2.38,2.42,2.35,2.35,2.38,-0.03,-1.2605,108833.0,25820.764
300199.SZ,翰宇药业,20260617,22.82,23.0,21.91,22.13,22.98,-0.85,-3.6989,310566.62,693124.45307
300200.SZ,高盟新材,20260617,9.61,9.88,9.55,9.81,9.71,0.1,1.0299,134404.57,131145.77046
300201.SZ,海伦哲,20260617,18.77,19.75,18.4,18.6,18.91,-0.31,-1.6393,533266.49,1010507.82068
300203.SZ,聚光科技,20260617,13.6,13.75,13.27,13.37,13.8,-0.43,-3.1159,123598.0,166566.32839
300204.SZ,舒泰神,20260617,20.35,20.42,19.9,20.11,20.56,-0.45,-2.1887,173368.21,347875.5545
300205.SZ,*ST天喻,20260617,5.65,5.7,5.5,5.59,5.66,-0.07,-1.2367,36521.66,20367.50662
300206.SZ,理邦仪器,20260617,13.13,13.56,13.13,13.56,13.22,0.34,2.5719,70461.12,94361.22436
300207.SZ,欣旺达,20260617,20.88,21.2,20.81,21.03,21.2,-0.17,-0.8019,439517.06,923497.74462
300209.SZ,行云科技,20260617,25.89,28.4,25.6,28.38,26.15,2.23,8.5277,853512.53,2339620.39882
300210.SZ,森远股份,20260617,9.5,9.84,9.34,9.65,9.57,0.08,0.8359,147136.82,141425.65797
300211.SZ,*ST亿通,20260617,7.96,8.02,7.8,7.85,8.08,-0.23,-2.8465,34582.0,27311.897
300212.SZ,*ST易录,20260617,10.26,10.87,10.0,10.02,10.4,-0.38,-3.6538,303871.39,318122.92052
300213.SZ,佳讯飞鸿,20260617,6.98,7.04,6.81,6.87,7.05,-0.18,-2.5532,107861.0,74443.055
300214.SZ,日科化学,20260617,8.27,8.65,8.21,8.55,8.36,0.19,2.2727,200240.0,169967.27996
300215.SZ,电科院,20260617,7.2,7.2,6.88,7.05,7.24,-0.19,-2.6243,192497.0,134869.875
300217.SZ,东方电热,20260617,4.68,4.88,4.66,4.71,4.75,-0.04,-0.8421,348626.0,166039.222
300218.SZ,安利股份,20260617,12.9,13.22,12.7,13.04,12.91,0.13,1.007,37173.0,48091.904
300219.SZ,鸿利智汇,20260617,8.77,9.45,8.72,9.24,8.86,0.38,4.2889,664656.52,611359.83524
300220.SZ,金运激光,20260617,11.57,11.57,11.11,11.15,11.57,-0.42,-3.6301,26980.0,30286.482
300221.SZ,银禧科技,20260617,17.0,17.77,16.85,17.51,17.4,0.11,0.6322,714666.36,1245821.32278
300222.SZ,科大智能,20260617,14.0,14.44,13.89,14.12,14.26,-0.14,-0.9818,485650.75,688645.86236
300223.SZ,北京君正,20260617,162.23,172.53,161.36,171.7,162.02,9.68,5.9746,460901.91,7760233.03733
300224.SZ,正海磁材,20260617,13.19,13.39,13.01,13.08,13.44,-0.36,-2.6786,338543.95,446538.28248
300225.SZ,金力泰,20260617,9.35,9.58,9.06,9.21,9.48,-0.27,-2.8481,280076.47,258640.99909
300226.SZ,上海钢联,20260617,17.08,17.18,16.68,16.81,17.13,-0.32,-1.8681,82663.17,139560.2121
300227.SZ,光韵达,20260617,11.06,11.59,11.01,11.35,11.3,0.05,0.4425,235825.0,268477.199
300228.SZ,富瑞特装,20260617,8.0,8.01,7.8,7.88,8.1,-0.22,-2.716,185814.0,146339.117
300229.SZ,拓尔思,20260617,15.51,15.6,15.17,15.3,15.64,-0.34,-2.1739,159557.36,244666.04683
300230.SZ,永利股份,20260617,4.68,4.68,4.61,4.64,4.7,-0.06,-1.2766,101406.59,46955.39213
300231.SZ,银信科技,20260617,8.62,8.68,8.5,8.6,8.73,-0.13,-1.4891,86602.6,74241.0618
300232.SZ,洲明科技,20260617,5.94,6.16,5.91,6.16,5.98,0.18,3.01,314103.12,190529.65447
300233.SZ,金城医药,20260617,12.16,12.77,12.08,12.65,12.25,0.4,3.2653,106738.0,133771.22551
300234.SZ,开尔新材,20260617,11.28,11.44,11.08,11.33,11.4,-0.07,-0.614,249470.0,280914.19141
300235.SZ,方直科技,20260617,14.12,14.12,13.73,13.82,14.2,-0.38,-2.6761,109587.5,152174.759
300236.SZ,上海新阳,20260617,98.31,106.86,98.03,106.56,100.02,6.54,6.5387,180267.84,1870291.02661
300237.SZ,ST美晨,20260617,2.1,2.11,2.04,2.05,2.11,-0.06,-2.8436,171542.8,35473.026
300238.SZ,冠昊生物,20260617,10.91,11.04,10.76,10.86,11.04,-0.18,-1.6304,38446.18,41683.78676
300239.SZ,东宝生物,20260617,5.22,5.45,5.1,5.35,5.19,0.16,3.0829,289960.02,151899.11574
300240.SZ,飞力达,20260617,5.54,5.57,5.36,5.39,5.59,-0.2,-3.5778,75288.5,40826.5995
300241.SZ,瑞丰光电,20260617,6.62,7.18,6.6,7.03,6.7,0.33,4.9254,651185.66,456315.93358
300242.SZ,佳云科技,20260617,4.61,4.75,4.53,4.7,4.65,0.05,1.0753,262181.0,121161.413
300243.SZ,瑞丰高材,20260617,20.2,21.83,20.0,20.85,20.53,0.32,1.5587,398937.12,833020.28564
300244.SZ,迪安诊断,20260617,18.33,18.45,18.05,18.17,18.43,-0.26,-1.4107,206885.92,376348.67107
300245.SZ,ST天玑,20260617,6.15,6.29,5.89,5.9,6.18,-0.28,-4.5307,126508.39,76756.0481
300246.SZ,宝莱特,20260617,17.7,18.66,17.56,18.52,17.9,0.62,3.4637,153315.0,280521.2445
300247.SZ,融捷健康,20260617,4.1,4.12,4.03,4.04,4.14,-0.1,-2.4155,127311.0,51637.758
300248.SZ,新开普,20260617,8.49,8.59,8.35,8.42,8.55,-0.13,-1.5205,69462.89,58664.36725
300249.SZ,依米康,20260617,16.75,17.48,16.68,17.41,17.12,0.29,1.6939,365067.56,624587.7442
300250.SZ,初灵信息,20260617,15.71,15.79,15.35,15.46,15.86,-0.4,-2.5221,43722.0,67733.089
300251.SZ,光线传媒,20260617,11.65,11.65,11.26,11.34,11.64,-0.3,-2.5773,322566.83,367094.95226
300252.SZ,金信诺,20260617,18.14,18.15,17.59,18.05,18.5,-0.45,-2.4324,778076.5,1392999.6455
300253.SZ,卫宁健康,20260617,7.06,7.07,6.94,6.99,7.21,-0.22,-3.0513,513804.33,359437.79861
300254.SZ,仟源医药,20260617,9.28,9.28,8.93,9.0,9.28,-0.28,-3.0172,91998.6,83320.9746
300255.SZ,常山药业,20260617,29.2,29.27,24.4,24.92,29.37,-4.45,-15.1515,718936.08,1897781.10904
300256.SZ,星星科技,20260617,2.92,3.19,2.91,2.97,2.94,0.03,1.0204,559465.5,169576.2095
300257.SZ,开山股份,20260617,27.49,29.99,27.19,29.14,27.54,1.6,5.8097,130495.04,378227.83926
300258.SZ,精锻科技,20260617,12.76,12.89,12.52,12.56,12.94,-0.38,-2.9366,162668.07,205952.13296
300259.SZ,新天科技,20260617,5.83,5.92,5.66,5.71,5.91,-0.2,-3.3841,331738.0,190819.254
300260.SZ,新莱应材,20260617,74.28,79.1,74.03,78.3,75.3,3.0,3.9841,258545.67,1979220.47199
300261.SZ,雅本化学,20260617,4.77,4.82,4.66,4.69,4.83,-0.14,-2.8986,101716.0,47789.438
300263.SZ,隆华科技,20260617,16.5,17.08,16.02,16.63,16.08,0.55,3.4204,1723322.57,2870931.28422
300264.SZ,佳创视讯,20260617,8.99,9.18,8.42,8.81,8.99,-0.18,-2.0022,291290.0,253339.75084
300265.SZ,通光线缆,20260617,22.64,24.09,22.51,23.72,23.03,0.69,2.9961,633592.27,1481598.61955
300266.SZ,兴源环境,20260617,2.04,2.05,1.99,2.0,2.06,-0.06,-2.9126,166959.0,33412.373
300267.SZ,尔康制药,20260617,3.52,3.53,3.4,3.42,3.54,-0.12,-3.3898,354925.81,122612.31292
300268.SZ,佳沃食品,20260617,11.6,11.63,11.08,11.2,11.55,-0.35,-3.0303,21478.72,24260.40376
300269.SZ,联建光电,20260617,5.19,5.39,5.1,5.12,5.22,-0.1,-1.9157,252761.0,132332.124
300270.SZ,中威电子,20260617,12.16,12.3,11.74,12.05,12.14,-0.09,-0.7414,106172.03,127362.47881
300271.SZ,华宇软件,20260617,5.36,5.36,5.19,5.26,5.39,-0.13,-2.4119,91778.8,48183.723
300272.SZ,开能健康,20260617,5.74,5.8,5.63,5.67,5.77,-0.1,-1.7331,60721.0,34534.097
300274.SZ,阳光电源,20260617,150.0,152.32,146.8,149.15,152.49,-3.34,-2.1903,604967.8,8995881.85144
300275.SZ,梅安森,20260617,9.16,9.18,8.67,8.76,9.21,-0.45,-4.886,111818.2,99120.0718
300276.SZ,三丰智能,20260617,7.94,7.94,7.69,7.75,8.02,-0.27,-3.3666,515528.09,401141.73725
300277.SZ,汽轮科技,20260617,14.86,15.01,14.48,14.72,14.92,-0.2,-1.3405,304667.55,448101.39992
300278.SZ,华昌达,20260617,4.48,4.49,4.35,4.39,4.54,-0.15,-3.304,243199.38,107202.86368
300279.SZ,和晶科技,20260617,7.23,7.53,7.2,7.34,7.31,0.03,0.4104,150406.0,111309.9408
300281.SZ,金明精机,20260617,7.32,7.33,6.83,6.86,7.34,-0.48,-6.5395,153099.05,106902.9502
300283.SZ,温州宏丰,20260617,18.01,22.15,17.93,22.15,18.46,3.69,19.9892,1150885.46,2311039.94025
300284.SZ,苏交科,20260617,5.66,5.66,5.49,5.55,5.66,-0.11,-1.9435,146353.42,81078.37076
300285.SZ,国瓷材料,20260617,68.2,80.5,66.9,78.5,67.43,11.07,16.417,1756925.13,12795434.6919
300286.SZ,安科瑞,20260617,29.0,29.8,28.65,28.83,29.27,-0.44,-1.5032,94558.21,274719.44886
300287.SZ,飞利信,20260617,3.61,3.61,3.48,3.53,3.64,-0.11,-3.022,262441.8,92522.3276
300288.SZ,朗玛信息,20260617,9.64,9.71,9.41,9.46,9.72,-0.26,-2.6749,37267.0,35449.363
300289.SZ,利德曼,20260617,6.1,6.13,5.82,5.86,6.13,-0.27,-4.4046,123837.5,73345.602
300290.SZ,荣科科技,20260617,9.9,9.9,9.58,9.61,9.84,-0.23,-2.3374,153565.67,148515.3549
300291.SZ,百纳千成,20260617,5.3,5.3,5.03,5.09,5.33,-0.24,-4.5028,344074.88,176278.80796
300292.SZ,吴通控股,20260617,6.22,6.52,6.21,6.47,6.39,0.08,1.252,1408699.21,901237.74047
300293.SZ,蓝英装备,20260617,17.7,17.75,17.32,17.7,17.89,-0.19,-1.062,61647.0,108374.331
300294.SZ,博雅生物,20260617,16.38,16.38,15.8,15.89,16.39,-0.5,-3.0506,66509.92,106268.68658
300295.SZ,*ST三六五,20260617,11.27,11.28,10.82,10.85,11.3,-0.45,-3.9823,29281.0,32147.373
300296.SZ,利亚德,20260617,6.74,7.0,6.72,6.91,6.81,0.1,1.4684,1233252.71,850338.30509
300298.SZ,三诺生物,20260617,14.62,14.65,14.37,14.48,14.65,-0.17,-1.1604,35833.0,51886.033
300299.SZ,富春股份,20260617,5.2,5.2,5.05,5.08,5.22,-0.14,-2.682,144865.35,73804.87425
300300.SZ,海峡创新,20260617,8.86,8.9,8.56,8.58,8.89,-0.31,-3.4871,340504.39,295654.3588
300301.SZ,ST长方,20260617,3.17,3.3,3.17,3.26,3.2,0.06,1.875,115779.4,37557.463
300302.SZ,同有科技,20260617,46.98,52.5,46.35,51.03,47.75,3.28,6.8691,728384.63,3595416.83068
300303.SZ,聚飞光电,20260617,9.12,9.9,9.11,9.87,9.31,0.56,6.015,1435646.89,1381452.06482
300304.SZ,云意电气,20260617,16.54,18.1,16.53,17.86,16.9,0.96,5.6805,459836.21,791762.00207
300305.SZ,裕兴股份,20260617,7.55,8.3,7.55,8.16,7.72,0.44,5.6995,454133.76,366057.99072
300306.SZ,远方信息,20260617,10.58,10.58,10.23,10.28,10.45,-0.17,-1.6268,25984.0,26844.56
300307.SZ,慈星股份,20260617,8.44,8.52,7.75,7.94,8.38,-0.44,-5.2506,735566.37,586911.39314
300308.SZ,中际旭创,20260617,1228.0,1276.13,1220.05,1276.11,1248.09,28.02,2.245,217562.42,27272022.8891
300310.SZ,宜通世纪,20260617,4.77,4.79,4.64,4.71,4.79,-0.08,-1.6701,236023.25,110943.51535
300311.SZ,ST任子行,20260617,5.14,5.29,5.13,5.26,5.16,0.1,1.938,107589.51,56170.15317
300313.SZ,*ST天山,20260617,8.73,9.0,8.61,8.69,8.82,-0.13,-1.4739,29844.0,26148.229
300314.SZ,戴维医疗,20260617,9.87,10.08,9.66,9.71,9.87,-0.16,-1.6211,40249.91,39537.36673
300315.SZ,掌趣科技,20260617,4.07,4.08,3.97,4.03,4.11,-0.08,-1.9465,575927.39,231067.18102
300316.SZ,晶盛机电,20260617,50.91,52.15,50.11,51.87,51.69,0.18,0.3482,351533.13,1803562.03664
300317.SZ,珈伟新能,20260617,4.97,5.02,4.77,4.8,5.02,-0.22,-4.3825,545889.0,265592.556
300318.SZ,博晖创新,20260617,4.53,4.55,4.43,4.5,4.56,-0.06,-1.3158,69541.88,31136.961
300319.SZ,麦捷科技,20260617,22.73,23.49,22.07,23.13,22.66,0.47,2.0741,1752364.39,4005651.08374
300320.SZ,海达股份,20260617,9.0,9.03,8.69,8.8,9.06,-0.26,-2.8698,137661.11,121469.71861
300321.SZ,同大股份,20260617,40.4,47.0,39.3,45.0,40.6,4.4,10.8374,98329.74,436319.91518
300322.SZ,硕贝德,20260617,30.56,31.33,29.82,30.14,31.15,-1.01,-3.2424,401827.42,1226813.60631
300323.SZ,华灿光电,20260617,15.65,17.2,15.65,16.8,16.13,0.67,4.1538,1155714.07,1937184.9839
300324.SZ,旋极信息,20260617,4.03,4.04,3.92,3.95,4.05,-0.1,-2.4691,342137.51,135482.40743
300326.SZ,ST凯利,20260617,6.28,6.34,6.22,6.3,6.3,0.0,0.0,51433.0,32298.29742
300327.SZ,中颖电子,20260617,26.7,28.55,26.69,28.24,27.09,1.15,4.2451,211882.4,590349.41601
300328.SZ,宜安科技,20260617,19.55,20.16,19.18,19.28,19.75,-0.47,-2.3797,484808.01,950594.96041
300329.SZ,海伦钢琴,20260617,12.18,12.7,12.18,12.3,12.22,0.08,0.6547,47075.0,58500.867
300331.SZ,苏大维格,20260617,70.0,72.5,67.3,71.13,71.74,-0.61,-0.8503,285115.87,1984777.42521
300332.SZ,天壕能源,20260617,4.5,4.5,4.36,4.37,4.51,-0.14,-3.1042,240184.0,105581.14754
300333.SZ,兆日科技,20260617,9.54,9.58,9.28,9.41,9.67,-0.26,-2.6887,136817.51,128960.3627
300334.SZ,津膜科技,20260617,11.62,12.41,11.46,12.26,12.0,0.26,2.1667,389394.3,465761.19644
300335.SZ,迪森股份,20260617,5.38,5.41,5.19,5.23,5.41,-0.18,-3.3272,157410.75,82809.3975
300337.SZ,银邦股份,20260617,12.11,12.86,12.06,12.43,12.22,0.21,1.7185,248210.79,311024.44728
300338.SZ,*ST开元,20260617,3.23,3.37,3.22,3.25,3.26,-0.01,-0.3067,64758.83,21300.57558
300339.SZ,润和软件,20260617,40.48,40.48,39.41,39.93,40.88,-0.95,-2.3239,250717.27,1000036.14044
300340.SZ,科恒股份,20260617,9.69,9.7,9.26,9.31,9.75,-0.44,-4.5128,79198.0,74341.035
300341.SZ,麦克奥迪,20260617,15.0,15.27,14.75,15.23,15.1,0.13,0.8609,92075.23,138382.71234
300342.SZ,天银机电,20260617,43.0,46.95,42.07,44.59,44.82,-0.23,-0.5132,431279.29,1932781.54582
300343.SZ,联创股份,20260617,6.5,6.52,6.16,6.3,6.58,-0.28,-4.2553,387454.79,245092.8129
300345.SZ,华民股份,20260617,6.06,6.15,5.94,6.01,6.14,-0.13,-2.1173,211736.0,127265.504
300346.SZ,南大光电,20260617,62.55,66.28,62.16,65.33,63.31,2.02,3.1906,719412.47,4662801.39418
300347.SZ,泰格医药,20260617,39.39,40.5,38.69,40.19,39.36,0.83,2.1087,182153.31,726233.98028
300348.SZ,长亮科技,20260617,9.72,9.89,9.59,9.75,9.71,0.04,0.4119,183882.24,179146.65659
300349.SZ,金卡智能,20260617,11.5,12.75,11.41,12.7,11.55,1.15,9.9567,219726.91,267380.98028
300350.SZ,华鹏飞,20260617,4.38,4.4,4.21,4.24,4.39,-0.15,-3.4169,140153.0,59703.571
300351.SZ,永贵电器,20260617,17.1,20.53,16.98,20.53,17.11,3.42,19.9883,503573.87,960006.15299
300352.SZ,ST信源,20260617,2.9,2.98,2.84,2.86,2.98,-0.12,-4.0268,471955.06,136789.46746
300353.SZ,东土科技,20260617,22.87,22.87,22.05,22.32,23.17,-0.85,-3.6685,333764.66,746501.1326
300354.SZ,东华测试,20260617,32.64,35.74,32.45,35.08,32.83,2.25,6.8535,64496.72,223851.01788
300355.SZ,蒙草生态,20260617,2.98,2.99,2.9,2.92,2.99,-0.07,-2.3411,174689.6,51198.1322
300357.SZ,我武生物,20260617,20.74,21.08,20.57,20.93,20.83,0.1,0.4801,46140.86,96253.3243
300358.SZ,楚天科技,20260617,8.08,8.11,7.98,8.1,8.11,-0.01,-0.1233,126119.1,101305.863
300359.SZ,全通教育,20260617,3.86,3.87,3.7,3.73,3.88,-0.15,-3.866,110368.0,41389.8145
300360.SZ,炬华科技,20260617,12.62,12.65,12.19,12.31,12.68,-0.37,-2.918,65842.71,81233.37187
300363.SZ,博腾股份,20260617,14.15,14.24,13.96,14.16,14.17,-0.01,-0.0706,80583.41,113484.79256
300364.SZ,中文在线,20260617,23.4,23.69,23.0,23.4,23.81,-0.41,-1.722,281651.41,657458.84842
300365.SZ,恒华科技,20260617,4.96,4.97,4.79,4.84,4.97,-0.13,-2.6157,111431.0,53933.421
300366.SZ,ST创意,20260617,5.3,5.3,5.18,5.23,5.32,-0.09,-1.6917,56061.0,29313.04
300368.SZ,汇金股份,20260617,9.0,9.15,8.88,8.92,9.14,-0.22,-2.407,172044.0,154326.23
300369.SZ,绿盟科技,20260617,5.87,5.88,5.74,5.84,5.92,-0.08,-1.3514,182560.22,105904.56633
300370.SZ,安控科技,20260617,2.23,2.23,2.15,2.17,2.24,-0.07,-3.125,230982.8,50305.7956
300371.SZ,汇中股份,20260617,10.68,10.7,10.36,10.48,10.71,-0.23,-2.1475,29411.98,30822.1191
300373.SZ,扬杰科技,20260617,108.0,115.0,106.66,114.1,108.8,5.3,4.8713,373852.86,4189376.33256
300374.SZ,中铁装配,20260617,11.83,13.44,11.43,12.66,11.83,0.83,7.0161,172190.3,213661.259
300375.SZ,鹏翎股份,20260617,4.89,4.99,4.73,4.79,4.82,-0.03,-0.6224,168082.66,80929.6645
300376.SZ,易事特,20260617,6.32,6.38,6.2,6.3,6.48,-0.18,-2.7778,777248.44,487412.02864
300377.SZ,赢时胜,20260617,16.32,16.68,16.17,16.34,16.5,-0.16,-0.9697,613665.16,1005082.15528
300378.SZ,鼎捷数智,20260617,37.24,37.59,36.54,37.35,37.45,-0.1,-0.267,100451.61,372312.52617
300380.SZ,安硕信息,20260617,30.6,31.19,30.6,30.88,30.9,-0.02,-0.0647,22011.02,68048.55084
300381.SZ,溢多利,20260617,5.82,5.89,5.71,5.78,5.83,-0.05,-0.8576,69542.0,40098.989
300382.SZ,斯莱克,20260617,15.16,15.71,15.11,15.36,15.59,-0.23,-1.4753,212209.83,325249.8843
300383.SZ,光环新网,20260617,12.5,12.74,12.38,12.55,12.61,-0.06,-0.4758,543756.91,682024.2282
300384.SZ,三联虹普,20260617,12.22,12.24,11.99,12.12,12.28,-0.16,-1.3029,25204.7,30492.4204
300385.SZ,ST雪浪,20260617,13.72,13.85,13.3,13.36,13.97,-0.61,-4.3665,101329.4,136427.87388
300386.SZ,飞天诚信,20260617,10.25,12.37,10.22,12.37,10.31,2.06,19.9806,267814.76,307709.21992
300387.SZ,富邦科技,20260617,7.39,7.39,7.14,7.2,7.4,-0.2,-2.7027,65464.81,47278.61279
300388.SZ,节能国祯,20260617,7.04,7.09,6.87,6.92,7.07,-0.15,-2.1216,52536.8,36405.4658
300389.SZ,艾比森,20260617,13.45,13.69,13.35,13.56,13.49,0.07,0.5189,48819.93,66167.07914
300390.SZ,天华新能,20260617,93.8,95.29,91.14,91.75,93.42,-1.67,-1.7876,576703.81,5343970.23
300393.SZ,中来股份,20260617,8.3,8.56,8.14,8.2,8.38,-0.18,-2.148,261250.23,216130.3966
300394.SZ,天孚通信,20260617,318.0,329.97,315.0,329.33,324.71,4.62,1.4228,467027.33,15113944.0176
300395.SZ,菲利华,20260617,128.0,140.69,127.12,134.88,131.45,3.43,2.6094,550223.86,7478391.17929
300396.SZ,ST迪瑞,20260617,7.03,7.03,6.77,6.82,7.03,-0.21,-2.9872,30307.8,20752.8189
300397.SZ,天和防务,20260617,14.81,17.38,14.74,16.09,14.96,1.13,7.5535,1030157.65,1668262.06358
300398.SZ,飞凯材料,20260617,43.85,48.27,43.7,46.93,45.16,1.77,3.9194,893403.01,4151860.2516
300399.SZ,天利科技,20260617,19.87,20.15,19.52,19.57,19.98,-0.41,-2.0521,69929.12,137859.2048
300400.SZ,劲拓股份,20260617,43.47,44.69,43.0,43.61,44.85,-1.24,-2.7648,207111.99,906093.12235
300401.SZ,花园生物,20260617,15.46,17.52,15.2,17.25,15.59,1.66,10.6479,847604.01,1409154.2928
300402.SZ,宝色股份,20260617,16.6,17.1,16.3,16.78,16.65,0.13,0.7808,79028.0,132170.164
300403.SZ,汉宇集团,20260617,10.38,10.43,10.09,10.14,10.51,-0.37,-3.5205,112234.0,114974.28435
300404.SZ,博济医药,20260617,8.42,8.63,8.38,8.61,8.47,0.14,1.6529,86144.71,73283.43619
300405.SZ,科隆股份,20260617,6.0,6.02,5.7,5.76,5.96,-0.2,-3.3557,101566.0,58921.64
300406.SZ,九强生物,20260617,11.47,11.6,11.21,11.3,11.6,-0.3,-2.5862,34912.18,39487.26969
300407.SZ,凯发电气,20260617,11.81,11.85,11.46,11.61,11.9,-0.29,-2.437,44930.0,52075.046
300408.SZ,三环集团,20260617,150.0,159.0,148.36,155.46,150.22,5.24,3.4882,809404.32,12455443.3602
300409.SZ,道氏技术,20260617,22.2,22.34,21.86,22.16,22.3,-0.14,-0.6278,237039.99,523915.65413
300410.SZ,正业科技,20260617,12.82,13.62,12.72,13.26,12.99,0.27,2.0785,606356.19,800845.67824
300412.SZ,迦南科技,20260617,4.27,4.27,4.12,4.17,4.28,-0.11,-2.5701,109783.9,45801.2303
300413.SZ,芒果超媒,20260617,15.86,15.86,15.47,15.61,15.89,-0.28,-1.7621,154026.64,240142.27167
300414.SZ,中光防雷,20260617,12.22,12.22,11.87,11.95,12.25,-0.3,-2.449,59661.1,71404.145
300415.SZ,伊之密,20260617,21.13,21.37,21.0,21.21,21.27,-0.06,-0.2821,49709.96,105244.68015
300416.SZ,苏试试验,20260617,18.66,19.69,18.66,19.43,18.94,0.49,2.5871,304374.44,589767.51435
300417.SZ,南华仪器,20260617,11.44,11.44,10.88,10.98,11.48,-0.5,-4.3554,50455.2,55629.2154
300418.SZ,昆仑万维,20260617,38.31,39.26,37.57,38.75,38.61,0.14,0.3626,480333.77,1838633.50924
300419.SZ,ST浩丰,20260617,7.02,7.24,6.89,7.08,7.01,0.07,0.9986,83770.0,59011.7334
300420.SZ,五洋自控,20260617,6.27,6.81,6.11,6.47,6.33,0.14,2.2117,1579513.1,1025358.96468
300421.SZ,力星股份,20260617,20.3,20.58,20.0,20.17,20.49,-0.32,-1.5617,69613.0,140772.516
300422.SZ,博世科,20260617,4.94,4.95,4.79,4.82,4.96,-0.14,-2.8226,88233.0,42648.503
300423.SZ,昇辉科技,20260617,6.13,6.13,5.82,5.87,6.12,-0.25,-4.085,110778.13,65618.05435
300424.SZ,航新科技,20260617,18.3,19.38,18.2,18.75,18.39,0.36,1.9576,161250.45,302169.86038
300425.SZ,中建环能,20260617,4.09,4.12,4.0,4.05,4.1,-0.05,-1.2195,93056.8,37607.2622
300426.SZ,华智数媒,20260617,5.68,5.69,5.43,5.51,5.7,-0.19,-3.3333,78900.4,43553.956
300427.SZ,红相股份,20260617,7.2,7.32,7.09,7.14,7.3,-0.16,-2.1918,209343.0,150653.693
300428.SZ,立中集团,20260617,19.88,20.2,19.74,20.05,20.05,0.0,0.0,70278.16,140255.80622
300429.SZ,强力新材,20260617,15.51,16.28,15.4,16.05,15.72,0.33,2.0992,383423.71,610895.22744
300430.SZ,*ST益通,20260617,5.2,5.28,4.99,5.0,5.25,-0.25,-4.7619,160542.99,82055.34394
300432.SZ,富临精工,20260617,23.23,23.41,22.58,23.3,23.56,-0.26,-1.1036,362909.18,833551.22702
300433.SZ,蓝思科技,20260617,47.8,51.65,47.8,51.21,48.35,2.86,5.9152,1970201.1,9939845.75832
300434.SZ,金石亚药,20260617,9.06,9.1,8.85,8.93,9.06,-0.13,-1.4349,70630.2,62979.4022
300435.SZ,中泰股份,20260617,20.71,21.75,20.42,21.2,20.81,0.39,1.8741,256596.4,542739.73378
300436.SZ,广生堂,20260617,88.98,89.53,85.05,87.9,88.55,-0.65,-0.734,58513.73,510161.49551
300437.SZ,清水源,20260617,12.07,12.14,11.61,11.68,12.13,-0.45,-3.7098,115934.0,136600.67105
300438.SZ,鹏辉能源,20260617,76.95,80.6,75.6,78.79,76.99,1.8,2.338,334545.02,2631320.45886
300439.SZ,美康生物,20260617,8.53,8.6,8.33,8.39,8.53,-0.14,-1.6413,25263.3,21228.9965
300440.SZ,运达科技,20260617,19.45,19.68,18.41,18.94,19.53,-0.59,-3.021,140395.0,266926.807
300441.SZ,鲍斯股份,20260617,6.16,6.18,6.0,6.07,6.18,-0.11,-1.7799,48581.77,29411.46615
300442.SZ,润泽科技,20260617,78.51,81.57,78.0,81.17,79.37,1.8,2.2679,336965.9,2712707.35396
300443.SZ,金雷股份,20260617,23.1,23.27,22.65,22.87,23.04,-0.17,-0.7378,47803.09,109553.65099
300444.SZ,双杰电气,20260617,13.3,13.39,13.08,13.21,13.52,-0.31,-2.2929,321771.54,424671.79575
300445.SZ,康斯特,20260617,22.3,23.97,22.12,23.84,22.66,1.18,5.2074,77933.0,182479.994
300446.SZ,航天智造,20260617,15.9,16.01,15.65,15.85,15.88,-0.03,-0.1889,84425.27,133629.80359
300447.SZ,全信股份,20260617,16.26,16.83,16.19,16.53,16.46,0.07,0.4253,74172.2,122316.1129
300448.SZ,浩云科技,20260617,7.1,7.23,6.89,6.91,7.17,-0.26,-3.6262,204791.15,143224.34437
300449.SZ,汉邦高科,20260617,7.97,8.59,7.88,8.42,8.04,0.38,4.7264,395254.53,327320.33776
300450.SZ,先导智能,20260617,47.67,48.62,47.1,48.13,49.4,-1.27,-2.5709,1030896.27,4930373.42504
300451.SZ,创业慧康,20260617,3.53,3.54,3.44,3.47,3.56,-0.09,-2.5281,221307.16,76969.96935
300452.SZ,山河药辅,20260617,12.02,12.02,11.77,11.81,12.04,-0.23,-1.9103,25924.72,30710.6805
300453.SZ,三鑫医疗,20260617,9.21,9.93,9.05,9.75,9.25,0.5,5.4054,173455.63,166921.04766
300454.SZ,深信服,20260617,97.77,101.44,95.7,101.31,98.57,2.74,2.7798,108733.94,1076686.62928
300455.SZ,航天智装,20260617,22.61,23.25,22.52,22.8,22.73,0.07,0.308,84058.52,192318.34449
300456.SZ,赛微电子,20260617,40.2,42.95,40.01,42.68,41.0,1.68,4.0976,400651.32,1691114.10879
300457.SZ,赢合科技,20260617,25.0,25.69,24.83,25.03,25.37,-0.34,-1.3402,151925.47,382197.61321
300458.SZ,全志科技,20260617,32.65,35.3,32.52,35.16,33.22,1.94,5.8399,498766.94,1716465.11388
300459.SZ,汤姆猫,20260617,3.6,3.61,3.43,3.48,3.63,-0.15,-4.1322,1139599.05,396782.58694
300460.SZ,ST惠伦,20260617,9.24,9.58,9.16,9.39,9.26,0.13,1.4039,60061.0,56239.996
300461.SZ,田中精机,20260617,42.22,43.64,41.81,42.29,42.65,-0.36,-0.8441,47662.0,204246.7
300462.SZ,ST华铭,20260617,11.35,11.36,11.01,11.18,11.23,-0.05,-0.4452,9467.0,10542.931
300463.SZ,迈克生物,20260617,8.47,8.47,8.3,8.38,8.47,-0.09,-1.0626,57031.75,47663.38631
300464.SZ,星徽股份,20260617,8.5,8.79,8.42,8.54,8.63,-0.09,-1.0429,168337.0,143942.693
300465.SZ,高伟达,20260617,16.3,16.45,15.81,15.92,16.42,-0.5,-3.0451,278321.04,447593.54084
300466.SZ,赛摩智能,20260617,7.69,7.74,7.48,7.51,7.76,-0.25,-3.2216,70883.4,53629.5164
300467.SZ,迅游科技,20260617,34.01,34.98,33.51,33.75,34.36,-0.61,-1.7753,60070.58,204718.93022
300468.SZ,四方精创,20260617,24.09,25.26,23.58,23.92,24.09,-0.17,-0.7057,433487.73,1051076.54415
300469.SZ,信息发展,20260617,52.75,53.7,51.45,51.73,53.33,-1.6,-3.0002,54669.99,285384.29106
300470.SZ,中密控股,20260617,30.9,31.05,30.42,30.6,30.93,-0.33,-1.0669,17326.42,53221.93338
300471.SZ,厚普股份,20260617,9.3,9.41,9.02,9.1,9.27,-0.17,-1.8339,54488.68,49806.80436
300472.SZ,*ST新元,20260617,8.02,8.1,7.83,7.98,8.01,-0.03,-0.3745,42308.0,33484.978
300473.SZ,德尔股份,20260617,30.96,32.7,30.96,31.04,31.2,-0.16,-0.5128,63535.54,200546.57812
300474.SZ,景嘉微,20260617,53.09,54.12,53.07,53.98,53.9,0.08,0.1484,81658.56,437775.73764
300475.SZ,香农芯创,20260617,198.98,245.29,197.0,245.29,204.41,40.88,19.999,519827.1,11599691.8179
300476.SZ,胜宏科技,20260617,348.0,368.1,346.1,361.7,355.48,6.22,1.7497,444370.07,16001187.2975
300477.SZ,ST合纵,20260617,2.43,2.48,2.37,2.39,2.44,-0.05,-2.0492,200317.0,48060.505
300478.SZ,杭州高新,20260617,37.45,39.43,37.45,38.9,37.82,1.08,2.8556,43537.5,168780.2791
300479.SZ,神思电子,20260617,14.45,14.59,14.15,14.34,14.55,-0.21,-1.4433,30358.65,43479.5672
300480.SZ,光力科技,20260617,35.6,37.65,35.32,37.58,36.37,1.21,3.3269,246102.01,905806.50529
300481.SZ,濮阳惠成,20260617,18.52,19.74,18.51,19.36,18.82,0.54,2.8693,319821.96,615894.93522
300482.SZ,万孚生物,20260617,20.51,20.73,19.83,20.22,20.73,-0.51,-2.4602,218898.01,440612.60433
300483.SZ,首华燃气,20260617,19.34,19.68,19.07,19.38,19.58,-0.2,-1.0215,122807.45,237602.95701
300484.SZ,蓝海华腾,20260617,14.95,14.98,14.52,14.69,14.96,-0.27,-1.8048,35400.5,52001.3125
300485.SZ,赛升药业,20260617,8.29,8.29,8.1,8.15,8.29,-0.14,-1.6888,40884.0,33343.089
300486.SZ,东杰智能,20260617,23.89,24.48,23.03,23.11,24.19,-1.08,-4.4647,206297.19,486829.8922
300487.SZ,蓝晓科技,20260617,55.16,56.98,55.07,55.65,55.72,-0.07,-0.1256,46423.83,258615.50999
300488.SZ,恒锋工具,20260617,43.32,49.6,42.91,47.99,44.3,3.69,8.3296,167625.82,772499.83076
300489.SZ,光智科技,20260617,213.41,230.0,205.19,214.0,212.18,1.82,0.8578,136092.01,2962189.77335
300490.SZ,华自科技,20260617,14.97,15.2,14.67,14.79,14.99,-0.2,-1.3342,161332.0,239991.484
300491.SZ,通合科技,20260617,34.5,35.36,33.5,35.3,34.92,0.38,1.0882,143173.54,495023.60271
300492.SZ,华图山鼎,20260617,38.18,38.36,36.96,37.2,38.4,-1.2,-3.125,20248.38,75736.03234
300493.SZ,润欣科技,20260617,14.15,14.43,14.07,14.34,14.31,0.03,0.2096,123947.72,176585.286
300494.SZ,盛天网络,20260617,9.08,9.17,8.83,8.9,9.15,-0.25,-2.7322,98971.0,88637.7714
300496.SZ,中科创达,20260617,61.2,62.18,60.65,61.81,61.97,-0.16,-0.2582,124354.74,764906.57418
300497.SZ,富祥股份,20260617,17.3,18.28,17.2,18.22,17.49,0.73,4.1738,432617.06,772453.65225
300498.SZ,温氏股份,20260617,12.86,12.95,12.62,12.69,12.9,-0.21,-1.6279,419901.59,533505.4823
300499.SZ,高澜股份,20260617,38.36,39.03,37.89,38.58,38.73,-0.15,-0.3873,221228.19,852340.09999
300500.SZ,启迪设计,20260617,10.01,10.14,9.64,9.69,10.13,-0.44,-4.3435,39503.5,38733.3824
300501.SZ,海顺新材,20260617,12.86,13.18,12.61,12.95,12.86,0.09,0.6998,43511.38,56051.57226
300502.SZ,新易盛,20260617,545.7,558.5,537.11,557.88,549.0,8.88,1.6175,389548.14,21349679.5501
300503.SZ,昊志机电,20260617,81.51,84.0,79.58,80.99,82.89,-1.9,-2.2922,213425.54,1749602.66585
300504.SZ,天邑股份,20260617,18.48,18.97,18.48,18.58,18.74,-0.16,-0.8538,93997.61,175723.8483
300505.SZ,川金诺,20260617,22.96,23.02,21.87,22.1,23.22,-1.12,-4.8234,364104.16,808248.63165
300506.SZ,名家汇,20260617,5.11,5.11,4.73,4.86,5.1,-0.24,-4.7059,379035.2,183815.1293
300507.SZ,苏奥传感,20260617,7.33,7.8,7.32,7.65,7.4,0.25,3.3784,204709.05,155423.05639
300508.SZ,维宏股份,20260617,55.63,56.8,54.01,56.57,56.6,-0.03,-0.053,53489.88,296009.59428
300509.SZ,新美星,20260617,9.14,9.15,8.98,9.03,9.14,-0.11,-1.2035,46530.0,42074.358
300510.SZ,金冠股份,20260617,3.46,3.48,3.36,3.38,3.48,-0.1,-2.8736,151457.0,51341.813
300511.SZ,雪榕生物,20260617,5.55,5.61,5.4,5.43,5.58,-0.15,-2.6882,201310.0,110083.093
300512.SZ,中亚股份,20260617,7.57,7.63,7.29,7.35,7.59,-0.24,-3.1621,36128.5,26653.0075
300513.SZ,恒实科技,20260617,7.54,7.54,7.27,7.31,7.58,-0.27,-3.562,64994.25,47790.85045
300514.SZ,友讯达,20260617,10.26,10.28,9.88,9.94,10.32,-0.38,-3.6822,34727.17,34741.30247
300515.SZ,三德科技,20260617,14.82,14.89,14.48,14.55,14.96,-0.41,-2.7406,22872.0,33424.549
300516.SZ,久之洋,20260617,36.32,37.55,35.9,36.53,36.97,-0.44,-1.1902,74046.43,271513.02293
300517.SZ,海波重科,20260617,9.87,9.87,9.6,9.68,9.96,-0.28,-2.8112,49909.0,48361.448
300518.SZ,新迅达,20260617,26.54,31.5,26.44,30.44,26.75,3.69,13.7944,214075.88,640401.41007
300519.SZ,新光药业,20260617,12.86,13.0,12.5,12.58,12.9,-0.32,-2.4806,18747.9,23646.9124
300520.SZ,科大国创,20260617,28.77,29.23,28.5,28.84,29.35,-0.51,-1.7376,121825.45,350578.40396
300521.SZ,爱司凯,20260617,29.66,31.07,29.25,30.55,29.66,0.89,3.0007,51822.0,157407.56148
300522.SZ,世名科技,20260617,13.33,16.01,13.2,16.01,13.34,2.67,20.015,574136.24,859412.71998
300523.SZ,辰安科技,20260617,20.19,20.38,19.9,20.18,20.15,0.03,0.1489,23122.0,46412.647
300525.SZ,博思软件,20260617,8.85,9.12,8.68,8.98,8.91,0.07,0.7856,221507.59,195864.94558
300527.SZ,ST应急,20260617,7.38,7.4,7.31,7.33,7.41,-0.08,-1.0796,35983.0,26442.02807
300528.SZ,幸福蓝海,20260617,14.68,14.93,14.15,14.33,14.75,-0.42,-2.8475,97361.0,140545.426
300529.SZ,健帆生物,20260617,16.13,16.2,15.71,15.8,16.09,-0.29,-1.8024,63563.12,100674.40816
300530.SZ,领湃科技,20260617,19.16,19.32,18.47,18.7,19.26,-0.56,-2.9076,26928.0,50560.216
300531.SZ,优博讯,20260617,15.5,15.79,15.42,15.72,15.74,-0.02,-0.1271,77439.5,120857.27128
300532.SZ,今天国际,20260617,6.78,6.79,6.7,6.73,6.8,-0.07,-1.0294,58849.75,39613.83249
300533.SZ,冰川网络,20260617,14.77,14.77,14.22,14.34,14.88,-0.54,-3.629,78928.2,113399.18785
300534.SZ,陇神戎发,20260617,7.6,7.6,7.34,7.39,7.6,-0.21,-2.7632,50892.5,37689.617
300535.SZ,达威股份,20260617,15.05,15.09,14.5,14.64,15.06,-0.42,-2.7888,20102.93,29580.33015
300536.SZ,农尚环境,20260617,9.72,9.84,9.5,9.58,9.8,-0.22,-2.2449,111413.0,107741.569
300537.SZ,广信材料,20260617,28.5,30.25,28.4,29.57,28.9,0.67,2.3183,286669.41,846409.24791
300538.SZ,同益股份,20260617,17.71,18.48,17.65,18.4,18.07,0.33,1.8262,151139.41,276098.48207
300539.SZ,横河精密,20260617,23.18,23.2,22.35,22.52,23.35,-0.83,-3.5546,68327.24,154920.35504
300540.SZ,蜀道装备,20260617,24.44,25.74,24.41,25.49,25.08,0.41,1.6348,120581.2,305688.6622
300541.SZ,先进数通,20260617,10.42,10.48,10.24,10.34,10.41,-0.07,-0.6724,68197.88,70625.03617
300542.SZ,新晨科技,20260617,12.31,12.48,12.11,12.27,12.4,-0.13,-1.0484,48017.24,58962.19744
300543.SZ,朗科智能,20260617,8.09,8.14,7.9,7.95,8.15,-0.2,-2.454,56101.83,44746.64199
300545.SZ,联得装备,20260617,36.73,38.66,36.51,38.19,37.21,0.98,2.6337,146230.73,556733.85357
300546.SZ,雄帝科技,20260617,16.66,17.03,16.28,16.6,16.8,-0.2,-1.1905,54804.7,91066.0474
300547.SZ,川环科技,20260617,36.03,36.33,35.02,35.49,36.37,-0.88,-2.4196,113698.0,404232.392
300548.SZ,长芯博创,20260617,280.01,286.01,262.16,269.88,283.3,-13.42,-4.737,233041.92,6308817.97928
300549.SZ,优德精密,20260617,14.99,14.99,14.2,14.28,14.71,-0.43,-2.9232,22849.0,32872.747
300550.SZ,和仁科技,20260617,14.85,14.85,14.33,14.75,14.9,-0.15,-1.0067,65882.46,96015.58642
300551.SZ,古鳌科技,20260617,11.3,11.43,11.04,11.25,11.36,-0.11,-0.9683,64766.0,72596.579
300552.SZ,万集科技,20260617,27.0,27.45,26.53,26.83,27.35,-0.52,-1.9013,61900.18,166687.67794
300553.SZ,集智股份,20260617,69.89,71.9,68.1,70.11,69.9,0.21,0.3004,53230.04,374224.92825
300554.SZ,三超新材,20260617,30.2,31.5,30.0,30.48,30.75,-0.27,-0.878,122739.36,378150.34336
300555.SZ,ST路通,20260617,12.07,13.98,11.99,13.87,12.06,1.81,15.0083,53614.5,71663.517
300556.SZ,丝路视觉,20260617,19.6,20.04,19.37,19.48,19.79,-0.31,-1.5664,91511.0,178689.126
300557.SZ,理工光科,20260617,30.75,31.5,30.39,31.05,31.24,-0.19,-0.6082,81458.76,252332.92869
300558.SZ,贝达药业,20260617,50.3,51.59,50.06,50.75,50.54,0.21,0.4155,116753.31,592551.14455
300559.SZ,佳发教育,20260617,10.61,11.02,10.5,10.96,10.73,0.23,2.1435,67777.33,73107.11754
300560.SZ,中富通,20260617,17.95,18.1,16.79,16.97,18.11,-1.14,-6.2949,172323.0,298004.1252
300561.SZ,汇金科技,20260617,13.51,13.67,13.11,13.26,13.56,-0.3,-2.2124,174120.28,231745.36732
300562.SZ,乐心医疗,20260617,12.67,12.85,12.35,12.5,12.78,-0.28,-2.1909,128739.13,160953.07614
300563.SZ,神宇股份,20260617,29.38,29.81,29.01,29.14,29.82,-0.68,-2.2803,42117.91,123577.88196
300564.SZ,筑博设计,20260617,12.8,12.87,12.3,12.61,12.77,-0.16,-1.2529,41101.4,51247.3442
300565.SZ,科信技术,20260617,12.4,12.62,12.26,12.4,12.65,-0.25,-1.9763,127069.0,157316.952
300566.SZ,激智科技,20260617,32.57,35.79,32.42,35.1,34.25,0.85,2.4818,409545.17,1410183.64158
300567.SZ,精测电子,20260617,200.0,217.99,197.01,215.76,204.83,10.93,5.3361,105319.89,2201190.42215
300568.SZ,星源材质,20260617,19.4,20.38,19.24,20.3,19.68,0.62,3.1504,1140084.82,2262390.95969
300569.SZ,天能重工,20260617,4.97,5.01,4.85,4.93,5.0,-0.07,-1.4,159100.45,77975.5505
300570.SZ,太辰光,20260617,261.5,272.4,256.27,265.99,263.29,2.7,1.0255,316964.89,8349172.87997
300571.SZ,平治信息,20260617,42.51,44.33,42.11,43.73,42.5,1.23,2.8941,151014.0,655240.27
300572.SZ,安车检测,20260617,28.27,28.27,26.75,26.99,28.12,-1.13,-4.0185,63219.6,172216.01992
300573.SZ,兴齐眼药,20260617,36.7,37.03,36.42,36.81,36.94,-0.13,-0.3519,44290.06,162347.99508
300575.SZ,中旗股份,20260617,5.59,5.6,5.35,5.36,5.57,-0.21,-3.7702,118727.45,64475.7665
300576.SZ,容大感光,20260617,48.8,52.33,48.18,51.22,49.88,1.34,2.6864,298891.56,1512103.00735
300577.SZ,开润股份,20260617,15.63,15.63,15.11,15.45,15.63,-0.18,-1.1516,22737.34,34864.81742
300578.SZ,会畅科技,20260617,19.59,19.59,19.08,19.53,19.46,0.07,0.3597,62669.68,121242.67596
300579.SZ,数字认证,20260617,21.63,22.08,21.54,22.01,21.82,0.19,0.8708,36905.42,80692.82026
300580.SZ,贝斯特,20260617,23.12,23.28,22.7,22.94,23.4,-0.46,-1.9658,101321.78,232313.50006
300581.SZ,晨曦航空,20260617,12.6,13.06,12.28,12.34,12.8,-0.46,-3.5938,278650.79,350468.09632
300582.SZ,英飞特,20260617,15.14,15.46,14.84,14.95,15.33,-0.38,-2.4788,122704.25,185767.34025
300583.SZ,赛托生物,20260617,11.73,11.77,11.47,11.51,11.72,-0.21,-1.7918,27081.04,31325.48168
300584.SZ,海辰药业,20260617,31.85,38.22,31.58,38.22,31.85,6.37,20.0,126394.9,441486.9383
300585.SZ,奥联电子,20260617,18.21,18.37,17.87,17.9,18.2,-0.3,-1.6484,33661.0,60741.897
300586.SZ,美联新材,20260617,14.32,15.24,14.11,14.72,14.38,0.34,2.3644,742320.21,1097297.82279
300587.SZ,天铁科技,20260617,4.79,4.81,4.58,4.66,4.82,-0.16,-3.3195,342990.9,160424.84345
300588.SZ,熙菱信息,20260617,21.98,22.59,21.61,22.22,21.98,0.24,1.0919,68413.0,151276.678
300589.SZ,江龙船艇,20260617,13.12,13.71,12.94,13.21,13.08,0.13,0.9939,192555.69,255294.46107
300590.SZ,移为通信,20260617,15.38,16.05,15.22,15.77,15.56,0.21,1.3496,219044.71,342793.05449
300591.SZ,万里马,20260617,7.21,7.35,7.15,7.21,7.26,-0.05,-0.6887,99067.0,71605.654
300592.SZ,华凯易佰,20260617,12.55,12.67,12.24,12.6,12.58,0.02,0.159,116755.44,145460.2724
300593.SZ,新雷能,20260617,38.03,39.5,37.26,37.66,39.11,-1.45,-3.7075,415460.61,1593156.03233
300594.SZ,ST朗进,20260617,15.9,15.98,15.4,15.64,16.08,-0.44,-2.7363,16526.0,25866.599
300595.SZ,欧普康视,20260617,11.18,11.23,11.04,11.19,11.18,0.01,0.0894,62561.27,69648.47547
300596.SZ,利安隆,20260617,42.34,47.1,41.84,46.01,41.86,4.15,9.914,114985.07,519739.87914
300597.SZ,吉大通信,20260617,8.08,8.13,7.85,7.9,8.12,-0.22,-2.7094,52904.0,42015.905
300598.SZ,诚迈科技,20260617,31.01,31.06,30.3,30.81,31.23,-0.42,-1.3449,38869.92,119231.63352
300599.SZ,雄塑科技,20260617,12.4,12.73,12.1,12.58,12.58,0.0,0.0,176269.17,218001.74799
300600.SZ,国瑞科技,20260617,10.51,10.72,10.44,10.47,10.62,-0.15,-1.4124,41478.4,43616.176
300601.SZ,康泰生物,20260617,11.55,11.72,11.42,11.54,11.6,-0.06,-0.5172,120374.68,139181.86584
300602.SZ,飞荣达,20260617,47.65,50.48,47.5,49.15,48.4,0.75,1.5496,316531.55,1559929.66
300603.SZ,立昂技术,20260617,8.55,8.66,8.37,8.37,8.63,-0.26,-3.0127,132480.26,112299.83332
300604.SZ,长川科技,20260617,236.0,265.0,236.0,264.01,240.4,23.61,9.8211,313187.95,7877377.08515
300605.SZ,恒锋信息,20260617,10.46,10.49,10.05,10.14,10.49,-0.35,-3.3365,48995.82,49856.0202
300606.SZ,金太阳,20260617,44.28,47.2,43.5,46.79,44.6,2.19,4.9103,111579.19,511950.78575
300607.SZ,拓斯达,20260617,35.99,37.94,35.81,37.56,36.35,1.21,3.3287,395592.78,1470062.12564
300608.SZ,思特奇,20260617,11.99,12.06,11.71,11.92,12.13,-0.21,-1.7312,157960.07,187507.69543
300609.SZ,汇纳科技,20260617,32.29,32.51,31.6,31.64,32.28,-0.64,-1.9827,29379.0,93736.349
300610.SZ,晨化股份,20260617,10.8,10.98,10.52,10.58,10.81,-0.23,-2.1277,47060.0,50198.847
300611.SZ,美力科技,20260617,25.79,26.7,25.41,25.88,25.81,0.07,0.2712,42176.0,109812.45192
300612.SZ,宣亚国际,20260617,12.14,12.14,11.74,11.85,12.23,-0.38,-3.1071,55895.78,66490.87149
300613.SZ,富瀚微,20260617,64.9,68.65,64.55,68.42,65.59,2.83,4.3147,155527.68,1043972.84972
300614.SZ,百川畅银,20260617,11.62,11.62,10.88,11.0,11.67,-0.67,-5.7412,52548.12,58227.3144
300615.SZ,欣天科技,20260617,11.16,11.17,10.73,10.79,11.19,-0.4,-3.5746,48689.49,52855.35206
300616.SZ,尚品宅配,20260617,12.88,12.98,12.61,12.76,12.95,-0.19,-1.4672,67675.47,86339.07166
300617.SZ,安靠智电,20260617,60.7,61.96,58.13,58.7,61.39,-2.69,-4.3818,82391.0,490440.361
300618.SZ,寒锐钴业,20260617,38.36,38.85,37.8,38.19,38.71,-0.52,-1.3433,72458.65,277181.92126
300619.SZ,金银河,20260617,39.51,40.47,39.4,39.66,40.08,-0.42,-1.0479,47242.48,188097.14878
300620.SZ,光库科技,20260617,379.1,404.98,379.1,395.2,392.49,2.71,0.6905,158396.9,6222320.47833
300621.SZ,维业股份,20260617,7.09,7.09,6.71,6.85,7.06,-0.21,-2.9745,47317.36,32460.15752
300622.SZ,博士眼镜,20260617,15.46,16.13,15.41,15.74,15.54,0.2,1.287,92580.82,146117.98338
300623.SZ,捷捷微电,20260617,35.3,37.03,35.16,36.87,36.01,0.86,2.3882,340980.17,1246095.33924
300624.SZ,万兴科技,20260617,53.79,53.79,52.55,53.29,54.08,-0.79,-1.4608,47879.35,254045.42847
300625.SZ,三雄极光,20260617,9.99,9.99,9.64,9.71,9.99,-0.28,-2.8028,25437.0,24794.042
300626.SZ,华瑞股份,20260617,37.08,40.36,36.47,39.81,37.76,2.05,5.429,228331.02,876763.04307
300627.SZ,华测导航,20260617,29.89,29.9,29.33,29.7,30.14,-0.44,-1.4599,97564.76,288172.89392
300628.SZ,亿联网络,20260617,33.11,34.3,33.01,33.78,33.42,0.36,1.0772,91693.36,308923.3748
300629.SZ,新劲刚,20260617,21.35,21.9,21.19,21.4,21.5,-0.1,-0.4651,71653.22,154172.94267
300631.SZ,久吾高科,20260617,26.16,26.3,25.6,25.89,26.16,-0.27,-1.0321,26963.2,69750.678
300632.SZ,光莆股份,20260617,27.9,30.2,27.81,29.43,28.78,0.65,2.2585,429571.0,1262120.95355
300633.SZ,开立医疗,20260617,19.38,19.55,19.14,19.25,19.39,-0.14,-0.722,32124.93,61952.35001
300634.SZ,彩讯股份,20260617,21.5,21.82,21.31,21.7,21.85,-0.15,-0.6865,104686.96,225231.72882
300635.SZ,中达安,20260617,13.91,14.3,13.69,13.77,13.91,-0.14,-1.0065,87161.0,121569.485
300636.SZ,同和药业,20260617,6.57,6.59,6.46,6.51,6.61,-0.1,-1.5129,45780.32,29748.15031
300637.SZ,扬帆新材,20260617,10.2,10.62,10.08,10.45,10.27,0.18,1.7527,103075.6,107254.291
300638.SZ,广和通,20260617,20.46,20.52,19.91,20.08,20.59,-0.51,-2.4769,125917.44,253578.3176
300639.SZ,凯普生物,20260617,5.31,5.35,5.21,5.23,5.36,-0.13,-2.4254,67918.13,35623.45005
300640.SZ,德艺文创,20260617,5.95,5.96,5.75,5.79,5.97,-0.18,-3.0151,81879.0,47601.688
300641.SZ,正丹股份,20260617,18.26,19.97,18.26,19.39,18.63,0.76,4.0794,359757.95,695160.33757
300642.SZ,透景生命,20260617,12.92,12.97,12.46,12.52,12.92,-0.4,-3.096,28586.08,35971.17308
300643.SZ,万通智控,20260617,18.21,18.43,17.76,18.19,18.46,-0.27,-1.4626,62090.63,112589.06139
300644.SZ,南京聚隆,20260617,25.89,25.93,25.38,25.71,26.07,-0.36,-1.3809,23862.6,61190.3293
300645.SZ,正元智慧,20260617,13.27,13.27,12.75,12.86,13.32,-0.46,-3.4535,36937.5,47623.329
300647.SZ,超频三,20260617,6.13,6.31,6.03,6.1,6.21,-0.11,-1.7713,139074.0,85326.934
300648.SZ,星云股份,20260617,47.6,49.0,47.08,48.95,47.65,1.3,2.7282,30976.5,148560.435
300649.SZ,杭州园林,20260617,27.04,27.6,26.52,27.46,27.1,0.36,1.3284,47677.0,129012.698
300650.SZ,太龙股份,20260617,13.01,13.12,12.74,13.0,13.13,-0.13,-0.9901,73836.0,95489.9356
300651.SZ,金陵体育,20260617,20.8,20.96,20.22,20.39,20.75,-0.36,-1.7349,72280.88,147555.62404
300652.SZ,雷迪克,20260617,40.44,40.72,39.0,39.4,40.74,-1.34,-3.2892,23081.6,91407.1639
300653.SZ,正海生物,20260617,14.55,14.64,14.01,14.09,14.56,-0.47,-3.228,22146.87,31349.45482
300654.SZ,世纪天鸿,20260617,9.07,9.38,8.71,9.32,9.08,0.24,2.6432,174395.79,157338.47372
300655.SZ,晶瑞电材,20260617,15.81,16.65,15.81,16.62,16.16,0.46,2.8465,895279.46,1469126.91706
300656.SZ,民德电子,20260617,38.4,40.37,38.0,39.12,40.04,-0.92,-2.2977,122983.86,479592.04948
300657.SZ,弘信电子,20260617,46.03,49.19,45.8,47.82,47.14,0.68,1.4425,660605.15,3155339.46135
300658.SZ,延江股份,20260617,12.69,13.11,12.44,12.58,12.62,-0.04,-0.317,175720.64,223042.56288
300659.SZ,中孚信息,20260617,10.52,10.55,10.07,10.19,10.57,-0.38,-3.5951,58585.0,59895.233
300660.SZ,江苏雷利,20260617,30.61,30.63,29.77,30.04,30.85,-0.81,-2.6256,84803.08,255497.8918
300661.SZ,圣邦股份,20260617,124.5,132.96,124.0,131.55,127.5,4.05,3.1765,197341.39,2572455.63591
300662.SZ,科锐国际,20260617,19.3,19.3,18.48,18.6,19.29,-0.69,-3.577,41727.0,78029.347
300663.SZ,科蓝软件,20260617,7.54,7.55,7.18,7.24,7.5,-0.26,-3.4667,182845.92,133187.21988
300664.SZ,鹏鹞环保,20260617,4.76,4.76,4.67,4.68,4.77,-0.09,-1.8868,70464.5,33099.4935
300666.SZ,江丰电子,20260617,288.0,304.4,285.01,301.57,299.61,1.96,0.6542,314455.57,9224904.82785
300667.SZ,必创科技,20260617,19.09,19.58,18.85,19.37,19.38,-0.01,-0.0516,120344.5,230804.561
300668.SZ,杰恩股份,20260617,57.29,63.5,56.39,63.3,57.86,5.44,9.402,81068.5,498596.318
300669.SZ,沪宁股份,20260617,28.42,31.56,27.63,29.54,28.71,0.83,2.891,42090.45,123940.21827
300670.SZ,大烨智能,20260617,6.33,6.64,5.92,5.98,6.32,-0.34,-5.3797,156145.0,95272.27655
300671.SZ,富满微,20260617,52.28,54.58,52.28,54.45,53.2,1.25,2.3496,151653.09,815449.18325
300672.SZ,国科微,20260617,294.0,332.46,287.03,325.3,300.0,25.3,8.4333,150133.4,4658763.98316
300673.SZ,佩蒂股份,20260617,13.83,13.97,13.27,13.32,13.79,-0.47,-3.4083,27614.0,37232.5686
300674.SZ,宇信科技,20260617,16.09,16.39,15.95,16.15,16.2,-0.05,-0.3086,101572.64,163902.87538
300675.SZ,建科院,20260617,13.3,13.33,12.9,12.93,13.33,-0.4,-3.0008,25656.0,33454.505
300676.SZ,华大基因,20260617,34.91,35.3,34.01,34.18,33.99,0.19,0.559,65930.33,226667.64508
300677.SZ,英科医疗,20260617,41.78,41.87,39.89,41.32,41.92,-0.6,-1.4313,171812.88,705612.15438
300678.SZ,中科信息,20260617,23.2,23.54,22.97,23.54,23.37,0.17,0.7274,51133.9,118934.05916
300679.SZ,电连技术,20260617,62.74,69.13,62.5,66.31,63.89,2.42,3.7878,351245.66,2300907.9977
300680.SZ,隆盛科技,20260617,26.25,26.8,25.78,25.91,26.23,-0.32,-1.22,76908.48,201427.73078
300681.SZ,英搏尔,20260617,32.0,32.42,31.45,32.26,31.7,0.56,1.7666,103777.12,332007.58788
300682.SZ,朗新科技,20260617,11.46,11.53,11.18,11.26,11.43,-0.17,-1.4873,134024.59,151665.41894
300683.SZ,海特生物,20260617,24.98,24.98,24.07,24.18,24.94,-0.76,-3.0473,37992.0,92377.652
300684.SZ,中石科技,20260617,56.78,59.78,56.42,59.41,57.8,1.61,2.7855,137341.04,794930.96428
300685.SZ,艾德生物,20260617,16.89,17.12,16.65,16.73,16.91,-0.18,-1.0645,78906.72,132690.03819
300686.SZ,智动力,20260617,19.17,19.7,18.88,19.25,19.53,-0.28,-1.4337,125342.0,242098.0484
300687.SZ,赛意信息,20260617,25.74,27.11,25.21,26.99,25.87,1.12,4.3293,257781.54,684619.02842
300688.SZ,创业黑马,20260617,30.05,30.88,29.32,30.08,30.13,-0.05,-0.1659,101958.2,308822.4053
300689.SZ,澄天伟业,20260617,60.9,62.25,60.0,60.27,61.59,-1.32,-2.1432,35346.24,215093.65264
300690.SZ,双一科技,20260617,24.25,24.72,24.2,24.42,24.51,-0.09,-0.3672,29631.03,72187.55101
300691.SZ,联合光电,20260617,16.5,17.13,16.44,16.87,16.7,0.17,1.018,95064.88,160476.94115
300692.SZ,中赋科技,20260617,7.66,7.7,7.4,7.53,7.7,-0.17,-2.2078,121332.08,91354.87897
300693.SZ,盛弘股份,20260617,48.63,49.53,47.77,48.2,48.57,-0.37,-0.7618,131941.84,637273.0046
300694.SZ,蠡湖股份,20260617,10.44,10.52,10.04,10.15,10.58,-0.43,-4.0643,76253.4,77779.459
300695.SZ,兆丰股份,20260617,57.53,57.56,54.67,54.85,57.53,-2.68,-4.6584,12537.35,69754.55525
300696.SZ,爱乐达,20260617,32.72,33.81,32.68,33.47,33.11,0.36,1.0873,83656.02,279177.90239
300697.SZ,电工合金,20260617,16.83,17.31,16.78,17.13,17.0,0.13,0.7647,126654.09,216779.50634
300698.SZ,万马科技,20260617,32.03,32.32,31.51,31.9,32.44,-0.54,-1.6646,23150.81,73843.44776
300699.SZ,光威复材,20260617,28.91,29.74,28.8,29.36,29.05,0.31,1.0671,196173.65,576629.92517
300700.SZ,岱勒新材,20260617,21.98,23.3,21.8,22.68,22.35,0.33,1.4765,160539.73,364970.32873
300701.SZ,森霸传感,20260617,10.3,10.43,10.14,10.24,10.32,-0.08,-0.7752,38941.0,39970.161
300702.SZ,天宇股份,20260617,19.2,19.85,18.84,19.39,19.17,0.22,1.1476,35706.51,69248.15841
300703.SZ,创源股份,20260617,14.9,14.98,14.27,14.35,14.82,-0.47,-3.1714,55525.0,80479.881
300705.SZ,九典制药,20260617,10.25,10.26,10.16,10.25,10.29,-0.04,-0.3887,35156.28,35926.85504
300706.SZ,阿石创,20260617,75.75,80.5,75.01,76.87,80.7,-3.83,-4.746,296787.52,2309430.9585
300707.SZ,威唐工业,20260617,12.58,12.58,12.1,12.1,12.57,-0.47,-3.7391,43527.01,53379.37647
300708.SZ,聚灿光电,20260617,8.24,8.62,8.22,8.62,8.36,0.26,3.11,297396.71,252900.96912
300709.SZ,精研科技,20260617,59.0,61.5,58.3,61.01,60.1,0.91,1.5141,179158.45,1079935.11697
300710.SZ,万隆光电,20260617,36.25,36.98,35.59,36.36,36.25,0.11,0.3034,40574.55,147419.0156
300711.SZ,广哈通信,20260617,17.93,18.02,17.41,17.61,18.06,-0.45,-2.4917,32631.37,57619.34178
300712.SZ,永福股份,20260617,23.0,23.28,22.4,22.57,23.08,-0.51,-2.2097,32198.39,73338.06577
300713.SZ,英可瑞,20260617,14.3,14.59,13.85,13.95,14.33,-0.38,-2.6518,45892.0,64617.2132
300715.SZ,凯伦股份,20260617,18.95,20.91,18.6,19.91,19.06,0.85,4.4596,315710.8,632381.9394
300716.SZ,*ST泉为,20260617,18.5,20.1,18.5,19.84,18.66,1.18,6.3237,51328.66,100377.12786
300717.SZ,华信新材,20260617,17.46,17.5,16.91,17.03,17.5,-0.47,-2.6857,17941.53,30728.41641
300718.SZ,长盛轴承,20260617,67.4,67.5,66.2,66.66,67.94,-1.28,-1.884,66725.25,444877.1627
300719.SZ,安达维尔,20260617,13.11,13.35,12.88,13.04,13.25,-0.21,-1.5849,70732.6,92335.34
300720.SZ,海川智能,20260617,76.52,86.78,76.22,84.5,79.56,4.94,6.2092,167685.4,1388915.9498
300721.SZ,怡达股份,20260617,29.3,30.96,29.27,30.12,30.37,-0.25,-0.8232,225361.32,679257.53896
300722.SZ,新余国科,20260617,24.04,24.57,23.45,23.6,24.32,-0.72,-2.9605,43881.24,104825.55723
300723.SZ,一品红,20260617,33.1,33.13,32.46,32.78,33.2,-0.42,-1.2651,73955.94,242156.62401
300724.SZ,捷佳伟创,20260617,74.86,75.49,72.83,74.04,73.67,0.37,0.5022,143817.72,1065050.72846
300725.SZ,药石科技,20260617,31.91,32.29,31.79,32.1,32.08,0.02,0.0623,34942.57,111830.02302
300726.SZ,宏达电子,20260617,80.15,86.6,80.15,85.13,80.96,4.17,5.1507,361977.46,3046890.63835
300727.SZ,润禾材料,20260617,33.55,39.22,33.35,38.13,34.05,4.08,11.9824,202749.72,758597.33221
300729.SZ,乐歌股份,20260617,10.54,10.54,10.28,10.37,10.54,-0.17,-1.6129,16366.39,16965.92543
300730.SZ,科创信息,20260617,13.12,13.12,12.46,12.65,13.16,-0.51,-3.8754,100861.5,128247.3425
300731.SZ,科创新源,20260617,60.0,60.25,58.5,60.08,60.2,-0.12,-0.1993,79645.2,471892.7178
300732.SZ,设研院,20260617,6.31,6.32,6.08,6.11,6.31,-0.2,-3.1696,66265.57,40723.62121
300733.SZ,西菱动力,20260617,14.8,15.26,14.61,14.92,14.8,0.12,0.8108,109065.08,163142.51776
300735.SZ,光弘科技,20260617,20.94,24.85,20.94,24.85,20.71,4.14,19.9903,381587.05,927335.87703
300736.SZ,百邦科技,20260617,32.68,34.93,32.56,34.58,33.0,1.58,4.7879,77825.15,264279.4525
300737.SZ,科顺股份,20260617,7.03,8.16,6.85,8.16,6.8,1.36,20.0,1126377.42,857360.99893
300738.SZ,奥飞数据,20260617,19.83,20.37,19.73,20.08,20.1,-0.02,-0.0995,389681.51,779991.26054
300739.SZ,明阳电路,20260617,30.0,32.77,29.9,32.37,30.51,1.86,6.0964,371289.78,1180305.92674
300740.SZ,水羊股份,20260617,22.3,22.49,21.66,22.03,22.28,-0.25,-1.1221,91464.52,202045.19063
300741.SZ,华宝股份,20260617,14.3,14.3,13.94,14.02,14.33,-0.31,-2.1633,16635.0,23394.92
300743.SZ,天地数码,20260617,16.38,16.5,16.04,16.08,16.44,-0.36,-2.1898,28450.5,46129.392
300745.SZ,欣锐科技,20260617,43.64,44.58,42.8,44.12,44.02,0.1,0.2272,40880.52,178177.89035
300746.SZ,汉嘉数智,20260617,11.11,11.52,10.93,11.23,11.11,0.12,1.0801,41551.0,46742.635
300747.SZ,锐科激光,20260617,54.0,56.79,53.51,54.93,55.66,-0.73,-1.3115,491563.56,2715705.48124
300748.SZ,金力永磁,20260617,32.79,32.96,32.01,32.29,33.13,-0.84,-2.5355,390743.22,1267448.02087
300749.SZ,顶固集创,20260617,21.95,22.44,21.06,21.13,22.23,-1.1,-4.9483,68826.0,149006.829
300750.SZ,宁德时代,20260617,400.0,403.3,395.58,399.0,403.53,-4.53,-1.1226,250092.64,9965557.90566
300751.SZ,迈为股份,20260617,218.57,228.5,217.81,225.0,220.4,4.6,2.0871,118554.21,2651304.73383
300752.SZ,隆利科技,20260617,13.68,14.63,13.6,14.36,13.81,0.55,3.9826,152803.72,217682.16212
300753.SZ,爱朋医疗,20260617,20.85,21.26,20.57,20.83,20.9,-0.07,-0.3349,28634.0,59605.1424
300755.SZ,华致酒行,20260617,14.99,15.1,14.77,15.03,15.19,-0.16,-1.0533,50810.42,75718.91478
300756.SZ,金马游乐,20260617,34.64,35.3,33.42,33.59,34.68,-1.09,-3.143,95040.68,324519.28524
300757.SZ,罗博特科,20260617,682.58,682.58,646.46,660.21,650.0,10.21,1.5708,78493.12,5204562.14266
300758.SZ,七彩化学,20260617,12.43,13.67,12.3,13.25,12.63,0.62,4.9089,258356.3,341632.257
300759.SZ,康龙化成,20260617,21.93,22.37,21.8,22.17,21.99,0.18,0.8186,248929.88,550519.26998
300760.SZ,迈瑞医疗,20260617,142.69,144.24,142.49,143.35,142.9,0.45,0.3149,53957.61,773093.74072
300761.SZ,立华股份,20260617,17.59,17.79,17.13,17.3,17.74,-0.44,-2.4803,81722.78,141426.08039
300762.SZ,上海瀚讯,20260617,36.05,40.44,36.05,38.86,35.2,3.66,10.3977,672632.31,2591767.45242
300763.SZ,锦浪科技,20260617,92.0,95.3,91.88,93.31,93.06,0.25,0.2686,129134.31,1208530.66689
300765.SZ,石药创新,20260617,24.0,26.21,23.8,24.59,23.76,0.83,3.4933,205629.56,519472.36265
300766.SZ,每日互动,20260617,25.4,25.51,24.17,24.34,24.91,-0.57,-2.2882,259078.2,635611.25669
300767.SZ,震安科技,20260617,21.27,22.27,21.01,22.1,21.52,0.58,2.6952,161300.5,350060.3413
300768.SZ,迪普科技,20260617,14.6,14.6,14.34,14.45,14.66,-0.21,-1.4325,40401.54,58323.88554
300769.SZ,德方纳米,20260617,67.56,70.5,67.08,68.58,68.72,-0.14,-0.2037,358484.15,2467802.822
300770.SZ,新媒股份,20260617,34.25,34.25,33.6,34.12,34.28,-0.16,-0.4667,14158.24,47911.70816
300771.SZ,智莱科技,20260617,11.77,11.87,11.36,11.54,11.93,-0.39,-3.2691,66985.99,77247.64956
300772.SZ,运达股份,20260617,12.73,12.73,12.28,12.37,12.78,-0.41,-3.2081,165705.21,206326.14099
300773.SZ,拉卡拉,20260617,24.3,24.99,24.13,24.7,24.28,0.42,1.7298,401935.32,989414.86953
300774.SZ,倍杰特,20260617,13.53,13.73,13.02,13.11,13.63,-0.52,-3.8151,104243.17,138212.12447
300775.SZ,三角防务,20260617,23.0,23.56,22.8,23.04,23.06,-0.02,-0.0867,154149.89,356866.0624
300776.SZ,帝尔激光,20260617,161.87,179.9,160.37,173.0,157.16,15.84,10.0789,201093.54,3499269.41031
300777.SZ,中简科技,20260617,28.5,29.69,28.38,28.96,28.56,0.4,1.4006,144346.77,419986.05665
300778.SZ,新城市,20260617,10.27,10.27,9.97,10.05,10.27,-0.22,-2.1422,38074.48,38292.67373
300779.SZ,惠城环保,20260617,59.58,61.49,59.0,61.38,60.8,0.58,0.9539,107151.92,647597.15641
300780.SZ,德恩精工,20260617,32.27,32.27,30.8,31.9,32.32,-0.42,-1.2995,177397.49,560676.49924
300781.SZ,因赛集团,20260617,28.86,28.96,28.13,28.33,28.96,-0.63,-2.1754,30000.86,85228.95777
300782.SZ,卓胜微,20260617,96.5,101.09,95.5,99.8,97.71,2.09,2.139,212505.19,2104408.29145
300783.SZ,三只松鼠,20260617,17.02,17.17,16.54,16.59,17.07,-0.48,-2.812,57113.39,95439.45762
300784.SZ,利安科技,20260617,45.23,46.85,44.69,46.45,45.77,0.68,1.4857,16310.13,75166.05367
300785.SZ,值得买,20260617,39.75,40.34,39.34,39.94,40.08,-0.14,-0.3493,48228.0,191800.7353
300786.SZ,国林科技,20260617,21.52,21.87,21.31,21.65,21.93,-0.28,-1.2768,108420.56,233374.40672
300787.SZ,海能实业,20260617,9.76,9.9,9.55,9.67,9.82,-0.15,-1.5275,50963.01,49378.06881
300788.SZ,中信出版,20260617,25.1,25.1,24.45,24.7,25.18,-0.48,-1.9063,20605.0,50812.787
300789.SZ,唐源电气,20260617,19.41,19.41,18.96,19.01,19.39,-0.38,-1.9598,15909.74,30394.14445
300790.SZ,宇瞳光学,20260617,26.1,29.6,26.1,29.08,26.15,2.93,11.2046,911891.68,2580620.92503
300791.SZ,仙乐健康,20260617,16.79,16.91,16.67,16.72,16.78,-0.06,-0.3576,7835.09,13130.41163
300792.SZ,壹网壹创,20260617,29.62,29.68,29.13,29.33,29.77,-0.44,-1.478,38104.58,111639.44383
300793.SZ,佳禾智能,20260617,12.44,12.65,12.3,12.35,12.46,-0.11,-0.8828,57402.0,71510.239
300795.SZ,米奥会展,20260617,9.37,9.39,8.97,9.02,9.33,-0.31,-3.3226,41903.42,38115.47043
300796.SZ,贝斯美,20260617,6.99,6.99,6.78,6.9,7.0,-0.1,-1.4286,53030.52,36324.67824
300797.SZ,钢研纳克,20260617,14.15,14.27,13.91,14.1,14.24,-0.14,-0.9831,39363.0,55476.639
300798.SZ,锦鸡股份,20260617,7.49,7.53,7.21,7.28,7.51,-0.23,-3.0626,157468.3,115849.18294
300800.SZ,力合科技,20260617,10.14,10.16,9.86,9.87,10.14,-0.27,-2.6627,43828.07,43533.88702
300801.SZ,泰和科技,20260617,27.29,28.4,27.17,28.03,27.46,0.57,2.0757,72489.83,201034.91663
300802.SZ,矩子科技,20260617,25.0,27.19,24.75,27.03,25.4,1.63,6.4173,326327.72,859606.20458
300803.SZ,指南针,20260617,96.0,98.42,95.46,97.79,96.5,1.29,1.3368,273868.49,2665791.92098
300804.SZ,广康生化,20260617,37.25,37.59,36.19,36.91,37.21,-0.3,-0.8062,14238.36,52228.16458
300805.SZ,电声股份,20260617,8.18,8.19,7.83,7.9,8.11,-0.21,-2.5894,59590.4,47210.4814
300806.SZ,斯迪克,20260617,93.61,100.99,93.01,98.4,97.0,1.4,1.4433,363213.23,3541518.4055
300807.SZ,天迈科技,20260617,40.01,40.18,39.1,39.52,40.27,-0.75,-1.8624,14610.0,57773.198
300808.SZ,久量股份,20260617,23.02,23.8,22.93,23.7,23.34,0.36,1.5424,17002.0,39922.643
300809.SZ,华辰装备,20260617,31.9,32.18,30.56,30.91,32.35,-1.44,-4.4513,99056.4,307615.0264
300810.SZ,中科海讯,20260617,27.0,28.08,26.4,26.52,26.77,-0.25,-0.9339,36429.0,98180.38304
300811.SZ,铂科新材,20260617,95.37,99.89,93.59,97.65,95.6,2.05,2.1444,220577.78,2144437.12163
300812.SZ,易天股份,20260617,28.43,32.4,28.17,30.51,28.27,2.24,7.9236,281698.19,868544.71453
300813.SZ,泰林生物,20260617,20.03,20.1,19.48,19.56,19.92,-0.36,-1.8072,13737.25,27085.47349
300814.SZ,中富电路,20260617,179.56,192.01,177.45,180.25,181.37,-1.12,-0.6175,114410.22,2100256.76515
300815.SZ,玉禾田,20260617,18.87,18.99,18.53,18.59,18.88,-0.29,-1.536,34420.74,64373.8845
300816.SZ,艾可蓝,20260617,82.97,83.65,81.61,82.19,83.89,-1.7,-2.0265,13427.96,110548.35048
300817.SZ,双飞集团,20260617,18.1,18.23,17.66,17.75,18.2,-0.45,-2.4725,24283.16,43321.63544
300818.SZ,耐普矿机,20260617,22.89,23.25,22.33,22.4,23.09,-0.69,-2.9883,25436.86,57516.11941
300819.SZ,聚杰微纤,20260617,70.45,74.7,69.67,71.11,71.74,-0.63,-0.8782,82430.61,595383.62893
300820.SZ,英杰电气,20260617,69.69,73.96,69.69,73.16,71.1,2.06,2.8973,70305.69,512325.8065
300821.SZ,东岳硅材,20260617,18.3,21.19,18.2,20.45,18.84,1.61,8.5456,1582551.48,3138374.83932
300822.SZ,贝仕达克,20260617,13.09,13.25,12.98,13.1,13.26,-0.16,-1.2066,28334.0,37083.49885
300823.SZ,建科智能,20260617,16.12,16.39,15.51,15.68,16.35,-0.67,-4.0979,39676.75,63016.568
300824.SZ,北鼎股份,20260617,8.05,8.05,7.8,7.87,8.07,-0.2,-2.4783,42912.5,33774.154
300825.SZ,阿尔特,20260617,17.0,17.38,16.51,16.81,17.37,-0.56,-3.2239,518304.55,878109.312
300826.SZ,测绘股份,20260617,14.53,14.94,14.41,14.71,14.71,0.0,0.0,74951.74,109955.39576
300827.SZ,上能电气,20260617,31.06,31.37,30.1,30.33,31.37,-1.04,-3.3153,166364.53,508830.81366
300828.SZ,锐新科技,20260617,20.33,21.32,19.52,19.85,20.79,-0.94,-4.5214,114329.5,232188.86692
300829.SZ,金丹科技,20260617,15.6,15.6,14.94,15.1,15.64,-0.54,-3.4527,53773.04,81435.87384
300830.SZ,金现代,20260617,9.14,9.41,8.76,8.83,8.97,-0.14,-1.5608,198455.76,179981.01152
300831.SZ,ST派瑞,20260617,18.4,19.77,18.39,19.41,18.65,0.76,4.0751,144504.0,278716.668
300832.SZ,新产业,20260617,43.2,43.48,42.43,42.7,43.17,-0.47,-1.0887,29837.95,127644.48422
300833.SZ,浩洋股份,20260617,33.39,33.46,32.69,32.84,33.38,-0.54,-1.6177,6010.87,19825.14426
300834.SZ,星辉环材,20260617,47.0,50.82,46.07,50.15,47.26,2.89,6.1151,44380.0,212535.173
300835.SZ,龙磁科技,20260617,200.12,200.94,188.73,193.2,200.95,-7.75,-3.8567,52057.34,1013578.2553
300836.SZ,佰奥智能,20260617,76.41,77.2,73.83,75.03,75.86,-0.83,-1.0941,24173.05,181798.18575
300837.SZ,浙矿股份,20260617,27.64,27.64,26.24,26.41,27.65,-1.24,-4.4846,15972.0,42511.201
300838.SZ,浙江力诺,20260617,15.0,15.17,14.6,14.66,15.16,-0.5,-3.2982,60048.88,88724.27481
300839.SZ,博汇股份,20260617,14.87,15.0,14.02,14.08,15.04,-0.96,-6.383,97561.39,139912.27192
300840.SZ,酷特智能,20260617,21.46,21.73,21.1,21.3,21.53,-0.23,-1.0683,45063.0,96132.649
300841.SZ,康华生物,20260617,46.18,46.5,45.65,46.08,46.25,-0.17,-0.3676,13474.93,62074.92431
300842.SZ,帝科股份,20260617,79.02,80.48,77.83,78.06,80.02,-1.96,-2.4494,49711.8,392212.64813
300843.SZ,胜蓝股份,20260617,119.5,121.98,115.0,120.6,117.62,2.98,2.5336,106956.04,1276851.02981
300844.SZ,山水比德,20260617,25.4,26.66,24.47,24.83,24.93,-0.1,-0.4011,36600.5,92822.65872
300845.SZ,捷安高科,20260617,13.09,13.24,12.43,13.04,13.17,-0.13,-0.9871,96220.74,123507.7922
300846.SZ,首都在线,20260617,22.42,22.95,22.16,22.39,22.63,-0.24,-1.0605,212891.26,477961.86406
300847.SZ,中船汉光,20260617,14.24,14.54,13.95,14.43,14.19,0.24,1.6913,38691.5,55097.2581
300848.SZ,美瑞新材,20260617,14.99,15.2,14.58,14.6,15.19,-0.59,-3.8841,69769.9,103462.6655
300849.SZ,锦盛新材,20260617,22.7,23.1,22.04,22.34,22.89,-0.55,-2.4028,33654.5,75540.25
300850.SZ,新强联,20260617,29.4,29.4,28.74,28.87,29.45,-0.58,-1.9694,76656.14,221922.27612
300851.SZ,交大思诺,20260617,24.3,24.46,23.73,23.84,24.32,-0.48,-1.9737,15575.75,37268.25725
300852.SZ,四会富仕,20260617,58.9,61.67,58.49,60.02,59.58,0.44,0.7385,133527.48,804219.26296
300853.SZ,申昊科技,20260617,29.49,30.98,29.01,29.31,30.47,-1.16,-3.807,117800.04,349431.66946
300854.SZ,中兰环保,20260617,29.22,29.87,25.44,26.2,29.65,-3.45,-11.6358,177710.03,476039.90346
300855.SZ,图南股份,20260617,32.32,32.9,32.05,32.3,32.48,-0.18,-0.5542,42556.32,137879.7842
300856.SZ,科思股份,20260617,11.93,11.99,11.39,11.45,12.04,-0.59,-4.9003,72396.44,83757.58675
300857.SZ,协创数据,20260617,239.52,267.0,237.5,266.99,237.5,29.49,12.4168,358866.25,9183938.92287
300858.SZ,科拓生物,20260617,15.27,15.32,15.01,15.06,15.28,-0.22,-1.4398,38816.0,58701.1055
300859.SZ,西域旅游,20260617,29.0,29.0,28.05,28.33,28.88,-0.55,-1.9044,37302.78,105398.94092
300860.SZ,锋尚文化,20260617,25.96,26.19,24.93,25.42,26.03,-0.61,-2.3434,27334.45,69475.10234
300861.SZ,美畅股份,20260617,20.23,20.35,19.96,20.27,20.41,-0.14,-0.6859,153003.91,308674.85446
300862.SZ,蓝盾光电,20260617,22.18,22.36,21.85,21.98,22.44,-0.46,-2.0499,36399.12,80209.88388
300863.SZ,卡倍亿,20260617,70.65,70.9,67.7,68.85,71.78,-2.93,-4.0819,101291.49,698794.2229
300864.SZ,南大环境,20260617,22.4,23.55,21.4,22.06,21.48,0.58,2.7002,73071.19,164311.57054
300865.SZ,大宏立,20260617,25.82,25.82,24.41,24.65,25.63,-0.98,-3.8236,19415.0,48109.248
300866.SZ,安克创新,20260617,113.8,114.4,111.8,113.63,113.8,-0.17,-0.1494,34992.85,395836.005
300867.SZ,圣元环保,20260617,20.18,20.47,19.7,19.83,20.34,-0.51,-2.5074,59973.24,120497.11205
300868.SZ,杰美特,20260617,141.13,142.88,135.0,139.1,141.59,-2.49,-1.7586,42167.44,583515.69547
300869.SZ,康泰医学,20260617,10.87,10.95,10.68,10.8,10.84,-0.04,-0.369,39340.59,42423.35666
300870.SZ,欧陆通,20260617,370.0,379.99,360.0,374.01,373.0,1.01,0.2708,56017.67,2073951.50255
300871.SZ,回盛生物,20260617,22.74,23.1,22.45,22.82,22.86,-0.04,-0.175,53603.43,122063.96394
300872.SZ,天阳科技,20260617,19.52,19.94,19.3,19.58,19.67,-0.09,-0.4575,121587.12,237456.94616
300873.SZ,海晨股份,20260617,24.3,25.07,24.16,24.82,24.8,0.02,0.0806,57375.61,141008.91092
300875.SZ,捷强装备,20260617,31.95,32.29,30.72,30.89,32.16,-1.27,-3.949,30127.36,93715.27036
300876.SZ,蒙泰高新,20260617,16.9,17.35,16.61,16.67,17.0,-0.33,-1.9412,35309.73,59519.82225
300877.SZ,金春股份,20260617,27.08,27.3,26.36,26.36,27.08,-0.72,-2.6588,18541.05,49642.48633
300878.SZ,维康药业,20260617,30.27,31.34,30.27,31.21,30.86,0.35,1.1342,23555.0,72554.411
300879.SZ,大叶股份,20260617,18.27,18.33,17.77,17.87,18.33,-0.46,-2.5095,28418.12,50925.13968
300880.SZ,迦南智能,20260617,24.51,26.8,24.51,25.49,24.97,0.52,2.0825,150124.22,384007.61312
300881.SZ,盛德鑫泰,20260617,42.01,42.81,41.45,42.01,42.6,-0.59,-1.385,19377.57,81421.06615
300882.SZ,万胜智能,20260617,15.53,15.58,15.11,15.24,15.64,-0.4,-2.5575,29444.5,44930.60062
300883.SZ,龙利得,20260617,6.51,6.58,6.25,6.45,6.51,-0.06,-0.9217,268136.1,171525.82264
300884.SZ,狄耐克,20260617,10.53,10.65,10.3,10.59,10.58,0.01,0.0945,43678.2,45561.3774
300885.SZ,海昌新材,20260617,25.25,26.01,25.07,25.57,25.6,-0.03,-0.1172,60235.47,154191.43079
300886.SZ,华业香料,20260617,22.26,22.28,21.62,21.81,22.23,-0.42,-1.8893,13034.6,28510.2738
300887.SZ,谱尼测试,20260617,7.97,7.97,7.82,7.88,7.99,-0.11,-1.3767,62780.43,49491.22401
300888.SZ,稳健医疗,20260617,27.58,27.68,27.2,27.32,27.65,-0.33,-1.1935,26064.15,71371.02131
300889.SZ,爱克股份,20260617,25.0,25.4,24.11,24.21,25.11,-0.9,-3.5842,63034.54,154948.81284
300890.SZ,翔丰华,20260617,35.29,35.96,34.48,34.83,35.22,-0.39,-1.1073,78842.72,276290.49661
300891.SZ,惠云钛业,20260617,7.03,7.05,6.7,6.76,7.07,-0.31,-4.3847,84768.22,57579.28138
300892.SZ,品渥食品,20260617,21.6,21.6,20.83,20.97,21.6,-0.63,-2.9167,14771.0,31080.985
300893.SZ,松原安全,20260617,20.0,20.0,19.11,19.2,20.11,-0.91,-4.5251,34476.4,66745.7676
300894.SZ,火星人,20260617,10.71,11.99,10.65,11.85,10.99,0.86,7.8253,259517.33,297953.34427
300895.SZ,铜牛信息,20260617,55.19,56.92,55.03,56.09,55.85,0.24,0.4297,47383.98,265306.42426
300896.SZ,爱美客,20260617,92.04,92.4,90.12,90.92,92.15,-1.23,-1.3348,26627.9,241596.42588
300897.SZ,山科智能,20260617,16.0,16.0,15.6,15.7,16.16,-0.46,-2.8465,32494.56,51113.27832
300898.SZ,熊猫乳品,20260617,20.44,20.44,19.76,19.88,20.39,-0.51,-2.5012,20963.0,41825.95713
300899.SZ,上海凯鑫,20260617,30.24,30.28,29.18,29.82,29.99,-0.17,-0.5669,7455.0,22092.307
300900.SZ,广联航空,20260617,32.43,34.98,32.32,33.85,32.9,0.95,2.8875,247964.36,844117.41658
300901.SZ,中胤时尚,20260617,14.35,14.85,14.22,14.85,14.46,0.39,2.6971,40022.0,58325.079
300902.SZ,国安达,20260617,17.0,17.78,16.75,17.08,17.15,-0.07,-0.4082,68129.08,117900.85108
300903.SZ,科翔股份,20260617,81.5,98.16,81.21,98.16,81.8,16.36,20.0,327650.02,2997421.60423
300904.SZ,威力传动,20260617,46.09,46.48,44.8,45.34,46.3,-0.96,-2.0734,8158.81,36981.59066
300905.SZ,宝丽迪,20260617,59.3,60.3,58.66,59.25,60.01,-0.76,-1.2665,55504.01,329302.75565
300906.SZ,日月明,20260617,27.83,28.3,27.21,27.33,28.0,-0.67,-2.3929,13796.0,38003.414
300907.SZ,康平科技,20260617,47.19,47.55,45.33,46.01,47.66,-1.65,-3.462,40545.91,187183.8995
300908.SZ,仲景食品,20260617,23.09,23.18,22.6,22.77,23.22,-0.45,-1.938,12794.61,29182.06502
300909.SZ,汇创达,20260617,50.0,51.84,50.0,51.14,50.62,0.52,1.0273,46029.16,234682.1068
300910.SZ,瑞丰新材,20260617,30.6,30.6,28.95,29.3,31.91,-2.61,-8.1793,166782.92,493521.04763
300911.SZ,亿田智能,20260617,22.31,22.31,21.55,21.61,22.2,-0.59,-2.6577,53039.6,115813.5234
300912.SZ,凯龙高科,20260617,28.8,28.8,27.38,27.64,28.81,-1.17,-4.0611,43099.69,120178.65916
300913.SZ,兆龙互连,20260617,56.3,57.92,56.01,56.98,57.36,-0.38,-0.6625,106560.31,605601.49769
300915.SZ,海融科技,20260617,21.5,21.53,20.76,20.91,21.43,-0.52,-2.4265,7305.3,15313.3718
300916.SZ,朗特智能,20260617,24.66,25.21,24.2,24.76,24.86,-0.1,-0.4023,43419.6,106955.86824
300917.SZ,特发服务,20260617,25.9,26.38,25.5,25.6,26.09,-0.49,-1.8781,52344.53,135003.97884
300918.SZ,南山智尚,20260617,12.51,12.68,12.35,12.4,12.63,-0.23,-1.8211,65572.35,81973.96816
300919.SZ,中伟新材,20260617,49.38,50.18,48.92,49.27,49.92,-0.65,-1.3021,134780.06,666193.79715
300920.SZ,润阳科技,20260617,38.36,39.77,37.8,38.25,39.06,-0.81,-2.0737,28776.01,110881.64659
300921.SZ,南凌科技,20260617,20.54,22.57,20.23,21.47,20.73,0.74,3.5697,305526.67,662397.33439
300922.SZ,天秦装备,20260617,22.68,23.07,21.7,22.04,22.98,-0.94,-4.0905,74536.33,166435.28555
300923.SZ,研奥股份,20260617,22.66,24.25,22.23,23.91,22.68,1.23,5.4233,33915.63,79070.48136
300925.SZ,法本信息,20260617,18.35,18.74,17.68,17.96,18.46,-0.5,-2.7086,197957.26,359218.06591
300926.SZ,博俊科技,20260617,19.37,20.25,19.23,20.04,19.47,0.57,2.9276,57879.62,115045.40325
300927.SZ,江天化学,20260617,24.3,24.43,23.78,23.94,24.66,-0.72,-2.9197,63610.88,152695.24754
300928.SZ,华安鑫创,20260617,29.8,30.97,29.27,30.13,29.91,0.22,0.7355,23352.57,69863.73381
300929.SZ,华骐环保,20260617,11.05,11.05,10.52,10.6,10.9,-0.3,-2.7523,34839.9,37190.8345
300930.SZ,屹通新材,20260617,34.51,35.25,33.0,33.35,35.19,-1.84,-5.2288,43158.67,147049.81801
300931.SZ,通用电梯,20260617,16.48,16.79,15.7,16.77,16.64,0.13,0.7813,159048.5,260421.83014
300932.SZ,三友联众,20260617,9.3,9.42,9.14,9.19,9.37,-0.18,-1.921,85733.83,79397.15691
300933.SZ,中辰股份,20260617,6.83,6.87,6.58,6.63,6.89,-0.26,-3.7736,132085.87,87935.23187
300935.SZ,盈建科,20260617,31.85,32.88,31.81,32.19,32.44,-0.25,-0.7707,19255.05,62140.6738
300936.SZ,中英科技,20260617,124.85,128.98,121.89,124.1,126.5,-2.4,-1.8972,55009.43,683058.86216
300937.SZ,药易购,20260617,21.46,21.46,20.63,20.8,21.29,-0.49,-2.3016,17840.0,37144.494
300938.SZ,信测标准,20260617,41.16,44.93,40.91,44.52,41.74,2.78,6.6603,233585.02,1013720.05956
300939.SZ,秋田微,20260617,60.51,72.27,59.8,71.54,61.72,9.82,15.9106,126518.78,845624.72256
300940.SZ,南极光,20260617,16.47,16.86,16.38,16.64,16.5,0.14,0.8485,54814.14,91167.8143
300941.SZ,创识科技,20260617,15.12,15.28,14.79,15.05,15.18,-0.13,-0.8564,38498.72,57848.53434
300942.SZ,易瑞生物,20260617,6.22,6.28,6.04,6.09,6.28,-0.19,-3.0255,68984.62,42039.49158
300943.SZ,春晖智控,20260617,35.58,36.12,33.68,34.5,35.31,-0.81,-2.294,86869.36,300196.8003
300945.SZ,曼卡龙,20260617,12.43,12.43,11.85,11.96,12.28,-0.32,-2.6059,60451.0,72366.334
300946.SZ,恒而达,20260617,46.98,47.98,45.91,46.91,47.4,-0.49,-1.0338,14666.9,68723.9513
300947.SZ,德必集团,20260617,13.88,13.96,13.52,13.61,13.95,-0.34,-2.4373,27792.24,37925.19498
300948.SZ,冠中生态,20260617,24.43,26.72,24.2,25.88,24.54,1.34,5.4605,115679.8,295025.75666
300949.SZ,奥雅股份,20260617,22.55,22.57,21.76,21.98,22.58,-0.6,-2.6572,13137.82,28920.30695
300950.SZ,德固特,20260617,17.99,18.05,17.37,17.41,18.07,-0.66,-3.6525,24395.5,42790.5515
300951.SZ,博硕科技,20260617,44.51,45.07,44.0,45.05,44.69,0.36,0.8055,32081.94,142466.49704
300952.SZ,恒辉安防,20260617,20.18,20.4,19.68,19.75,20.42,-0.67,-3.2811,57074.59,113997.31361
300953.SZ,震裕科技,20260617,140.58,146.81,139.11,143.36,142.06,1.3,0.9151,69141.17,991139.0087
300955.SZ,嘉亨家化,20260617,43.31,43.79,41.7,41.74,43.64,-1.9,-4.3538,25678.34,109239.9112
300956.SZ,英力股份,20260617,12.43,12.65,12.2,12.3,12.65,-0.35,-2.7668,102841.8,127338.51269
300957.SZ,贝泰妮,20260617,33.85,33.85,32.9,33.58,33.91,-0.33,-0.9732,57151.46,190268.29658
300958.SZ,建工修复,20260617,11.77,11.78,11.52,11.6,11.78,-0.18,-1.528,32909.0,38260.3476
300959.SZ,线上线下,20260617,168.4,170.0,154.0,156.85,170.45,-13.6,-7.9789,71560.53,1129502.66281
300960.SZ,通业科技,20260617,17.46,17.46,16.75,16.87,17.22,-0.35,-2.0325,13132.6,22224.0938
300961.SZ,深水海纳,20260617,11.53,11.85,10.97,11.0,11.43,-0.43,-3.762,62122.0,70012.307
300962.SZ,中金辐照,20260617,13.51,13.51,12.93,13.16,13.49,-0.33,-2.4463,32483.0,42627.813
300963.SZ,中洲特材,20260617,14.57,14.85,14.15,14.22,14.55,-0.33,-2.268,94536.73,135918.48655
300964.SZ,本川智能,20260617,109.06,117.53,108.01,113.92,113.06,0.86,0.7607,90896.69,1031928.59523
300965.SZ,恒宇信通,20260617,46.89,47.33,46.27,46.56,47.27,-0.71,-1.502,9707.5,45351.4032
300966.SZ,共同药业,20260617,26.0,26.58,25.94,26.27,26.39,-0.12,-0.4547,15378.0,40282.171
300967.SZ,晓鸣股份,20260617,18.55,18.94,17.67,17.72,18.59,-0.87,-4.6799,95974.97,173399.25684
300968.SZ,格林精密,20260617,10.66,11.24,10.66,11.07,10.82,0.25,2.3105,80044.04,88209.68065
300969.SZ,恒帅股份,20260617,99.54,102.37,98.13,99.5,99.02,0.48,0.4848,27315.77,272511.31898
300970.SZ,华绿生物,20260617,20.82,21.42,20.66,20.83,20.9,-0.07,-0.3349,48088.52,100536.66409
300971.SZ,博亚精工,20260617,20.48,20.48,19.98,20.14,20.59,-0.45,-2.1855,27425.03,55161.56305
300972.SZ,万辰集团,20260617,179.54,180.8,175.1,178.35,179.4,-1.05,-0.5853,19390.11,344470.76333
300973.SZ,立高食品,20260617,25.26,25.56,24.8,24.93,25.1,-0.17,-0.6773,17210.23,43085.11014
300975.SZ,商络电子,20260617,39.87,41.49,39.2,41.25,40.19,1.06,2.6375,848062.36,3431393.04234
300976.SZ,达瑞电子,20260617,86.11,91.89,85.16,89.06,87.72,1.34,1.5276,96331.94,862855.37016
300977.SZ,深圳瑞捷,20260617,17.9,18.69,17.33,17.48,17.85,-0.37,-2.0728,39314.0,69718.356
300978.SZ,东箭科技,20260617,9.06,9.17,8.82,8.85,9.01,-0.16,-1.7758,25932.75,23079.62975
300979.SZ,华利集团,20260617,31.73,31.98,31.57,31.64,31.78,-0.14,-0.4405,20071.21,63670.20354
300980.SZ,祥源新材,20260617,27.88,27.88,26.98,27.22,27.88,-0.66,-2.3673,32038.0,87336.507
300981.SZ,中红医疗,20260617,10.73,10.78,10.45,10.62,10.74,-0.12,-1.1173,35635.18,37555.14989
300982.SZ,苏文电能,20260617,17.96,18.12,17.21,17.24,18.09,-0.85,-4.6987,40896.71,71346.85331
300983.SZ,尤安设计,20260617,35.96,37.14,35.49,36.66,36.2,0.46,1.2707,20913.12,76466.05688
300984.SZ,金沃股份,20260617,57.95,61.25,57.35,59.43,58.31,1.12,1.9208,31097.25,185439.21005
300985.SZ,致远新能,20260617,33.84,35.5,32.8,33.3,34.41,-1.11,-3.2258,68617.23,232966.78379
300986.SZ,志特新材,20260617,18.98,19.2,18.6,18.87,19.04,-0.17,-0.8929,119584.46,225789.4443
300987.SZ,川网传媒,20260617,13.55,13.59,13.21,13.34,13.62,-0.28,-2.0558,34960.3,46647.05046
300988.SZ,津荣天宇,20260617,17.4,18.17,17.19,17.7,17.39,0.31,1.7826,62938.7,111919.5019
300989.SZ,蕾奥规划,20260617,13.2,13.7,13.2,13.5,13.69,-0.19,-1.3879,28745.0,38851.005
300990.SZ,同飞股份,20260617,90.0,94.86,90.0,93.59,91.6,1.99,2.1725,57804.98,538720.40774
300991.SZ,创益通,20260617,41.3,41.64,39.6,40.0,41.69,-1.69,-4.0537,37650.33,152081.97972
300992.SZ,泰福泵业,20260617,25.77,26.05,25.2,25.46,26.01,-0.55,-2.1146,24729.0,63145.528
300993.SZ,玉马科技,20260617,10.3,11.07,10.26,10.87,10.46,0.41,3.9197,80985.2,87431.7161
300994.SZ,久祺股份,20260617,11.88,11.88,11.35,11.52,11.88,-0.36,-3.0303,29069.13,33614.11601
300995.SZ,奇德新材,20260617,32.0,32.09,30.6,30.82,32.07,-1.25,-3.8977,14882.24,46431.8788
300996.SZ,普联软件,20260617,11.29,11.3,10.89,11.08,11.35,-0.27,-2.3789,67852.09,74867.67518
300997.SZ,欢乐家,20260617,16.88,17.0,15.97,16.02,17.06,-1.04,-6.0961,92129.02,149792.03878
300998.SZ,宁波方正,20260617,29.25,31.8,29.25,31.69,29.25,2.44,8.3419,63122.83,193687.85434
300999.SZ,金龙鱼,20260617,25.18,25.19,24.66,24.69,25.18,-0.49,-1.946,87663.79,217432.74063
301000.SZ,肇民科技,20260617,34.87,34.87,33.6,34.26,35.22,-0.96,-2.7257,126008.23,428798.03171
301001.SZ,凯淳股份,20260617,24.44,24.5,23.61,23.78,24.44,-0.66,-2.7005,11461.07,27318.91341
301002.SZ,崧盛股份,20260617,43.99,44.88,43.0,43.89,44.1,-0.21,-0.4762,34218.21,150320.92639
301003.SZ,江苏博云,20260617,55.34,57.5,54.63,56.68,54.89,1.79,3.2611,40316.04,225949.39349
301004.SZ,嘉益股份,20260617,34.0,35.33,34.0,34.69,34.56,0.13,0.3762,8748.4,30431.67
301005.SZ,超捷股份,20260617,94.57,101.48,94.57,97.47,95.56,1.91,1.9987,114614.71,1130937.84729
301006.SZ,迈拓股份,20260617,14.13,14.13,13.58,13.7,14.08,-0.38,-2.6989,19689.0,27054.284
301007.SZ,德迈仕,20260617,34.23,35.42,33.82,34.22,34.48,-0.26,-0.7541,40496.8,139405.67801
301008.SZ,宏昌科技,20260617,25.33,25.62,25.03,25.19,25.47,-0.28,-1.0993,30325.88,76653.36972
301009.SZ,可靠股份,20260617,9.05,9.12,8.73,8.76,9.0,-0.24,-2.6667,34552.0,30632.078
301010.SZ,晶雪节能,20260617,18.14,18.48,17.38,17.58,18.04,-0.46,-2.5499,21991.0,38946.72626
301011.SZ,华立科技,20260617,15.81,16.05,15.55,15.68,15.85,-0.17,-1.0726,19088.0,30090.152
301012.SZ,扬电科技,20260617,28.0,28.28,27.65,27.88,28.41,-0.53,-1.8655,69683.08,194316.34044
301013.SZ,利和兴,20260617,58.0,65.38,57.14,65.32,60.21,5.11,8.487,572823.5,3534465.86123
301015.SZ,百洋医药,20260617,20.28,21.5,19.88,21.2,20.39,0.81,3.9725,54215.48,110524.99585
301016.SZ,雷尔伟,20260617,14.65,14.89,14.28,14.45,14.71,-0.26,-1.7675,42187.43,61177.22939
301017.SZ,漱玉平民,20260617,13.56,13.58,13.05,13.4,13.56,-0.16,-1.1799,57805.0,76899.80791
301018.SZ,申菱环境,20260617,108.52,113.99,107.01,112.77,110.15,2.62,2.3786,181556.37,2007207.57019
301019.SZ,宁波色母,20260617,20.45,20.58,20.07,20.23,20.44,-0.21,-1.0274,11845.33,23950.81001
301020.SZ,密封科技,20260617,24.81,26.43,24.64,25.65,24.89,0.76,3.0534,69072.96,176774.57566
301021.SZ,英诺激光,20260617,105.11,124.88,103.86,115.6,107.07,8.53,7.9668,122188.87,1424950.18221
301022.SZ,海泰科,20260617,25.0,25.24,24.49,24.55,25.32,-0.77,-3.0411,13957.0,34475.043
301023.SZ,奕帆传动,20260617,30.89,31.15,30.3,30.41,31.12,-0.71,-2.2815,24369.78,74658.14592
301024.SZ,霍普股份,20260617,43.55,43.78,42.07,43.22,43.81,-0.59,-1.3467,7368.3,31580.8533
301025.SZ,读客文化,20260617,8.85,8.95,8.61,8.71,8.79,-0.08,-0.9101,58336.96,50924.62732
301026.SZ,浩通科技,20260617,24.3,24.65,23.65,24.04,24.65,-0.61,-2.4746,89852.92,216457.64342
301027.SZ,华蓝集团,20260617,19.33,19.89,19.05,19.22,19.53,-0.31,-1.5873,46592.0,90526.30796
301028.SZ,鼎熔岩,20260617,16.94,17.95,16.65,17.88,17.02,0.86,5.0529,94159.89,164492.67566
301029.SZ,怡合达,20260617,32.27,33.06,31.8,32.43,32.09,0.34,1.0595,268476.54,869699.60214
301030.SZ,*ST仕净,20260617,11.4,11.43,10.68,10.7,11.7,-1.0,-8.547,122476.4,135236.7846
301031.SZ,中熔电气,20260617,127.3,131.57,122.02,124.92,126.97,-2.05,-1.6146,48534.29,607985.28993
301032.SZ,新柴股份,20260617,10.71,10.8,10.36,10.4,10.74,-0.34,-3.1657,34263.41,36045.62376
301033.SZ,迈普医学,20260617,48.58,48.76,47.9,48.4,48.59,-0.19,-0.391,5004.01,24139.78018
301035.SZ,润丰股份,20260617,50.15,50.54,49.55,50.0,50.03,-0.03,-0.06,11042.9,55314.7793
301036.SZ,双乐股份,20260617,23.52,23.65,23.1,23.16,23.5,-0.34,-1.4468,13482.37,31411.00377
301037.SZ,保立佳,20260617,13.44,13.44,12.97,13.12,13.42,-0.3,-2.2355,20100.18,26379.31044
301038.SZ,深水规院,20260617,19.1,19.22,18.64,18.8,19.3,-0.5,-2.5907,34881.15,65737.40884
301039.SZ,中集车辆,20260617,7.47,7.48,7.3,7.33,7.48,-0.15,-2.0053,167762.08,123613.38296
301040.SZ,中环海陆,20260617,30.0,30.2,28.48,28.72,30.23,-1.51,-4.995,35106.0,102025.016
301041.SZ,金百泽,20260617,34.5,36.42,34.5,36.06,35.2,0.86,2.4432,125111.65,448211.91903
301042.SZ,安联锐视,20260617,73.0,76.65,72.26,76.49,73.25,3.24,4.4232,20146.43,150272.82073
301043.SZ,绿岛风,20260617,45.57,45.95,44.26,45.21,45.3,-0.09,-0.1987,11801.0,53142.388
301045.SZ,天禄科技,20260617,59.77,62.5,59.6,61.1,60.07,1.03,1.7147,33949.0,208009.895
301046.SZ,能辉科技,20260617,28.65,29.85,28.3,28.98,28.98,0.0,0.0,65972.36,190680.93653
301047.SZ,义翘神州,20260617,59.0,59.88,58.85,59.54,59.42,0.12,0.202,6258.4,37120.5957
301048.SZ,金鹰重工,20260617,9.19,9.19,8.93,9.04,9.19,-0.15,-1.6322,44814.78,40455.72954
301049.SZ,超越科技,20260617,20.02,20.02,19.32,19.37,19.91,-0.54,-2.7122,13549.63,26451.35184
301050.SZ,雷电微力,20260617,34.61,35.5,34.34,35.18,34.75,0.43,1.2374,46980.39,164516.90495
301051.SZ,信濠光电,20260617,16.41,17.08,16.18,16.23,16.6,-0.37,-2.2289,78339.47,129737.29851
301052.SZ,果麦文化,20260617,25.35,25.55,24.63,24.85,25.71,-0.86,-3.345,29590.25,73811.39262
301053.SZ,远信工业,20260617,42.8,42.81,41.42,41.42,42.8,-1.38,-3.2243,23367.35,98189.79117
301055.SZ,张小泉,20260617,40.11,41.5,38.52,39.89,40.12,-0.23,-0.5733,125498.57,496800.99146
301056.SZ,森赫股份,20260617,12.19,12.2,11.9,11.95,12.27,-0.32,-2.608,20605.0,24716.811
301057.SZ,汇隆新材,20260617,27.4,27.89,26.45,26.62,27.59,-0.97,-3.5158,27441.98,74172.60484
301058.SZ,中粮科工,20260617,8.33,8.96,8.14,8.58,8.36,0.22,2.6316,114104.83,96771.61061
301059.SZ,金三江,20260617,13.11,13.25,12.74,12.81,14.62,-1.81,-12.3803,130858.95,169950.27585
301060.SZ,兰卫医学,20260617,8.57,8.57,8.38,8.48,8.57,-0.09,-1.0502,44772.29,37834.35366
301061.SZ,匠心家居,20260617,37.39,37.68,36.29,36.53,37.53,-1.0,-2.6645,22146.94,81086.16424
301062.SZ,上海艾录,20260617,6.31,6.32,6.12,6.21,6.31,-0.1,-1.5848,55967.0,34658.268
301063.SZ,海锅股份,20260617,18.49,18.74,18.02,18.13,18.67,-0.54,-2.8923,14361.32,26224.82352
301065.SZ,本立科技,20260617,19.11,19.11,18.62,18.73,19.09,-0.36,-1.8858,9799.0,18416.677
301066.SZ,万事利,20260617,13.8,14.2,13.14,13.19,13.52,-0.33,-2.4408,89984.24,122310.94601
301067.SZ,显盈科技,20260617,36.96,37.77,36.0,36.4,37.0,-0.6,-1.6216,42395.0,155581.27
301068.SZ,大地海洋,20260617,26.8,27.82,26.5,27.31,26.88,0.43,1.5997,19182.89,52023.37541
301069.SZ,凯盛新材,20260617,22.25,23.18,22.18,22.79,22.53,0.26,1.154,157083.07,357523.0666
301070.SZ,开勒股份,20260617,83.38,84.44,81.18,82.45,85.68,-3.23,-3.7698,53975.66,446792.42484
301071.SZ,力量钻石,20260617,71.6,75.5,71.0,74.07,73.02,1.05,1.438,228509.78,1688408.67243
301072.SZ,中捷精工,20260617,33.7,38.2,33.33,37.99,33.92,4.07,11.9988,74469.49,270862.86258
301073.SZ,君亭酒店,20260617,20.28,20.33,19.7,19.8,20.33,-0.53,-2.607,24719.5,49108.14074
301075.SZ,多瑞医药,20260617,69.8,69.92,67.0,67.32,69.31,-1.99,-2.8712,9029.0,61270.448
301076.SZ,新瀚新材,20260617,29.61,29.74,28.82,28.95,29.99,-1.04,-3.4678,48232.02,140715.98988
301077.SZ,星华新材,20260617,23.79,24.0,23.5,23.55,23.79,-0.24,-1.0088,18341.28,43426.79752
301078.SZ,孩子王,20260617,7.81,8.14,7.62,7.65,7.86,-0.21,-2.6718,203611.45,158811.22073
301079.SZ,邵阳液压,20260617,35.09,35.5,34.58,34.97,35.38,-0.41,-1.1588,34979.96,122270.73037
301080.SZ,百普赛斯,20260617,38.23,38.73,37.41,38.54,38.12,0.42,1.1018,24537.5,93076.50629
301081.SZ,严牌股份,20260617,15.37,15.49,14.7,14.84,15.42,-0.58,-3.7613,62042.37,92888.83703
301082.SZ,久盛电气,20260617,10.08,10.14,9.7,9.82,10.15,-0.33,-3.2512,54445.05,53655.63903
301083.SZ,百胜智能,20260617,14.21,14.49,13.94,14.05,14.38,-0.33,-2.2949,22644.0,31842.269
301085.SZ,亚康股份,20260617,63.92,65.78,63.21,63.85,64.15,-0.3,-0.4677,24533.0,157845.78014
301086.SZ,鸿富瀚,20260617,198.72,208.07,196.78,206.99,198.25,8.74,4.4086,48111.23,967444.28342
301087.SZ,可孚医疗,20260617,44.78,45.22,44.41,44.64,44.99,-0.35,-0.778,10258.07,45859.6289
301088.SZ,戎美股份,20260617,13.06,13.07,12.78,12.96,13.1,-0.14,-1.0687,9484.0,12252.01
301089.SZ,拓新药业,20260617,22.12,22.12,21.41,21.77,22.13,-0.36,-1.6268,16129.91,35062.72534
301090.SZ,华润材料,20260617,7.08,7.09,6.86,6.88,7.11,-0.23,-3.2349,82435.61,57162.65481
301091.SZ,深城交,20260617,17.88,18.04,17.55,17.85,18.06,-0.21,-1.1628,61967.43,110136.92579
301092.SZ,争光股份,20260617,50.0,53.84,49.13,51.3,50.62,0.68,1.3433,79304.69,410537.01121
301093.SZ,华兰股份,20260617,131.48,131.97,128.0,129.32,130.91,-1.59,-1.2146,17969.08,233141.25984
301095.SZ,广立微,20260617,94.07,99.46,93.9,98.65,95.53,3.12,3.266,92027.53,894952.62508
301096.SZ,百诚医药,20260617,54.45,56.1,54.25,55.14,55.0,0.14,0.2545,24650.27,135912.80946
301097.SZ,天益医疗,20260617,36.53,37.69,35.92,36.38,36.53,-0.15,-0.4106,11737.37,42995.39938
301098.SZ,金埔园林,20260617,8.21,8.7,8.21,8.6,8.4,0.2,2.381,186370.64,157707.0486
301099.SZ,雅创电子,20260617,89.61,94.7,88.9,92.87,88.87,4.0,4.501,236225.2,2172054.91262
301100.SZ,风光股份,20260617,15.47,15.47,15.02,15.08,15.51,-0.43,-2.7724,15611.0,23703.831
301101.SZ,明月镜片,20260617,29.9,30.71,29.86,30.1,30.01,0.09,0.2999,21269.77,64178.48838
301102.SZ,兆讯传媒,20260617,9.78,10.23,9.67,10.11,9.78,0.33,3.3742,36886.69,36948.68824
301103.SZ,何氏眼科,20260617,16.08,16.14,15.73,15.81,16.16,-0.35,-2.1658,18738.3,29713.24217
301105.SZ,鸿铭股份,20260617,49.83,49.92,47.97,48.31,49.68,-1.37,-2.7576,3875.0,18798.486
301106.SZ,骏成科技,20260617,21.42,25.0,21.3,24.11,21.66,2.45,11.3112,85963.08,199879.58407
301107.SZ,瑜欣电子,20260617,25.51,26.25,24.5,24.91,26.3,-1.39,-5.2852,76393.36,193027.14418
301108.SZ,洁雅股份,20260617,25.07,26.13,24.9,25.85,25.06,0.79,3.1524,28961.6,74405.96184
301109.SZ,军信股份,20260617,13.38,13.66,13.33,13.49,13.38,0.11,0.8221,49248.79,66484.27268
301110.SZ,青木科技,20260617,40.16,40.26,38.79,39.18,40.13,-0.95,-2.3673,31611.34,124783.42522
301111.SZ,粤万年青,20260617,25.01,30.31,25.0,30.31,25.26,5.05,19.9921,118086.94,337484.86857
301112.SZ,信邦智能,20260617,31.5,31.51,30.53,30.77,31.56,-0.79,-2.5032,13059.02,40277.3396
301113.SZ,雅艺科技,20260617,16.5,16.74,15.9,16.14,16.67,-0.53,-3.1794,15764.98,25435.79939
301115.SZ,联检科技,20260617,32.98,33.57,32.63,33.1,33.26,-0.16,-0.4811,43238.41,143005.75483
301116.SZ,益客食品,20260617,9.54,9.58,9.21,9.25,9.61,-0.36,-3.7461,45982.41,42801.93825
301117.SZ,佳缘科技,20260617,25.64,25.89,25.24,25.45,25.99,-0.54,-2.0777,47731.8,121853.27323
301118.SZ,恒光股份,20260617,29.74,30.15,29.32,29.78,29.83,-0.05,-0.1676,42101.7,125093.0618
301119.SZ,正强股份,20260617,35.14,36.5,35.0,36.11,35.42,0.69,1.9481,38896.7,138911.9339
301120.SZ,新特电气,20260617,20.0,20.08,19.55,19.83,20.27,-0.44,-2.1707,149023.47,294168.82623
301121.SZ,紫建电子,20260617,38.17,38.35,37.0,37.36,38.37,-1.01,-2.6323,13920.11,52281.03453
301122.SZ,采纳股份,20260617,24.69,25.5,24.07,24.77,24.72,0.05,0.2023,31302.9,77147.2212
301123.SZ,奕东电子,20260617,108.5,117.32,108.2,114.87,111.78,3.09,2.7644,169389.54,1921005.8736
301125.SZ,腾亚精工,20260617,15.6,15.96,15.53,15.77,15.77,0.0,0.0,33645.79,52970.73102
301126.SZ,达嘉维康,20260617,9.5,9.52,9.23,9.27,9.5,-0.23,-2.4211,35876.0,33476.455
301127.SZ,武汉天源,20260617,12.47,13.39,12.47,13.23,12.53,0.7,5.5866,176110.26,230131.33597
301128.SZ,强瑞技术,20260617,183.61,187.0,174.11,177.5,185.0,-7.5,-4.0541,100409.47,1791173.04421
301129.SZ,瑞纳智能,20260617,23.64,23.74,23.02,23.13,23.89,-0.76,-3.1812,17358.4,40389.086
301130.SZ,西点药业,20260617,25.45,25.7,24.91,25.08,25.71,-0.63,-2.4504,12187.83,30703.03881
301131.SZ,聚赛龙,20260617,35.6,35.93,34.57,34.85,35.8,-0.95,-2.6536,11737.06,41136.39365
301132.SZ,满坤科技,20260617,44.08,45.68,43.62,44.48,44.05,0.43,0.9762,98368.67,437492.66527
301133.SZ,金钟股份,20260617,39.59,42.27,39.02,40.63,39.63,1.0,2.5233,27369.44,111895.08273
301135.SZ,瑞德智能,20260617,17.92,18.34,17.46,17.62,17.93,-0.31,-1.7289,41843.36,74844.97845
301136.SZ,招标股份,20260617,12.51,12.65,12.27,12.36,12.51,-0.15,-1.199,47855.65,59186.02975
301137.SZ,哈焊华通,20260617,38.62,40.25,38.39,38.88,38.55,0.33,0.856,57669.58,226096.44797
301138.SZ,华研精机,20260617,27.85,28.17,27.48,27.89,27.68,0.21,0.7587,11815.93,32954.03936
301139.SZ,*ST元道,20260617,4.75,4.81,4.44,4.45,4.85,-0.4,-8.2474,176902.67,81527.15236
301141.SZ,中科磁业,20260617,50.03,51.0,47.9,48.32,51.18,-2.86,-5.5881,40630.95,199079.9602
301148.SZ,嘉戎技术,20260617,54.3,55.17,53.65,54.09,54.0,0.09,0.1667,15168.58,82357.59878
301149.SZ,隆华新材,20260617,12.09,12.16,11.82,11.86,12.19,-0.33,-2.7071,91969.96,109600.85797
301150.SZ,中一科技,20260617,53.0,65.41,53.0,61.01,54.51,6.5,11.9244,478136.62,2923240.43452
301151.SZ,冠龙节能,20260617,20.4,20.4,19.62,19.95,20.49,-0.54,-2.6354,47005.0,93534.391
301152.SZ,天力锂能,20260617,26.8,27.15,26.21,26.35,26.76,-0.41,-1.5321,49265.24,130945.24182
301153.SZ,中科江南,20260617,18.4,19.17,18.36,18.55,18.58,-0.03,-0.1615,56310.57,104756.48308
301155.SZ,海力风电,20260617,47.39,47.47,45.01,45.72,47.59,-1.87,-3.9294,51464.74,237714.8999
301156.SZ,美农生物,20260617,12.01,12.18,11.9,11.99,12.18,-0.19,-1.5599,25720.73,30880.61068
301157.SZ,华塑科技,20260617,71.01,71.31,69.41,70.44,71.79,-1.35,-1.8805,13325.7,93649.7417
301158.SZ,德石股份,20260617,15.27,15.27,14.56,14.64,15.09,-0.45,-2.9821,45394.97,67002.01043
301159.SZ,三维天地,20260617,32.51,32.51,31.74,31.99,32.51,-0.52,-1.5995,13697.0,43861.11
301160.SZ,翔楼新材,20260617,44.44,44.79,42.89,44.2,44.91,-0.71,-1.5809,50337.41,220416.3512
301161.SZ,唯万密封,20260617,35.65,36.59,35.02,36.5,35.28,1.22,3.458,141699.3,509783.84992
301162.SZ,国能日新,20260617,41.55,41.86,40.74,41.72,41.58,0.14,0.3367,21802.56,90398.46756
301163.SZ,宏德股份,20260617,24.07,24.26,23.43,23.77,24.18,-0.41,-1.6956,13951.0,33128.643
301165.SZ,锐捷网络,20260617,63.0,66.45,62.57,65.39,63.89,1.5,2.3478,114665.9,746027.39833
301166.SZ,优宁维,20260617,26.87,26.87,25.81,25.88,26.87,-0.99,-3.6844,12153.93,31704.81819
301167.SZ,建研设计,20260617,13.89,13.99,13.51,13.63,13.94,-0.31,-2.2238,23614.78,32244.48243
301168.SZ,通灵股份,20260617,44.01,44.32,43.31,44.03,43.63,0.4,0.9168,14067.41,61810.62249
301169.SZ,零点有数,20260617,78.85,82.5,77.72,79.15,78.99,0.16,0.2026,24241.35,194697.99078
301170.SZ,锡南科技,20260617,23.95,23.95,23.32,23.38,24.04,-0.66,-2.7454,11534.0,27087.876
301171.SZ,易点天下,20260617,37.32,37.75,36.4,37.09,37.83,-0.74,-1.9561,325310.4,1205563.79428
301172.SZ,君逸数码,20260617,31.29,32.15,30.91,31.8,31.65,0.15,0.4739,54580.22,172445.95915
301173.SZ,毓恬冠佳,20260617,33.55,33.55,32.66,32.74,33.51,-0.77,-2.2978,5792.73,19094.85629
301175.SZ,中科环保,20260617,5.39,5.41,5.25,5.3,5.4,-0.1,-1.8519,157041.38,83299.55143
301176.SZ,逸豪新材,20260617,76.26,82.0,76.26,79.89,81.5,-1.61,-1.9755,193868.16,1536130.29637
301177.SZ,迪阿股份,20260617,26.13,27.37,25.44,27.2,26.14,1.06,4.0551,24842.72,65985.78972
301178.SZ,天亿马,20260617,43.8,46.0,43.15,43.87,43.82,0.05,0.1141,77665.19,347814.42642
301179.SZ,泽宇智能,20260617,21.01,21.19,20.75,21.06,21.14,-0.08,-0.3784,46664.87,97860.97407
301180.SZ,万祥科技,20260617,14.27,14.39,13.92,14.1,14.47,-0.37,-2.557,46563.1,65608.31724
301181.SZ,标榜股份,20260617,28.33,28.33,26.95,27.04,28.35,-1.31,-4.6208,22671.67,61890.33127
301182.SZ,凯旺科技,20260617,93.32,101.25,92.02,98.3,94.2,4.1,4.3524,50686.56,496005.51026
301183.SZ,东田微,20260617,245.0,260.0,243.0,256.0,253.9,2.1,0.8271,83551.37,2100467.76409
301185.SZ,鸥玛软件,20260617,16.63,17.09,16.56,16.84,16.76,0.08,0.4773,23701.94,39901.89714
301186.SZ,超达装备,20260617,60.98,61.37,57.78,60.2,61.49,-1.29,-2.0979,24335.47,144318.31888
301187.SZ,欧圣电气,20260617,16.71,16.95,16.43,16.47,16.82,-0.35,-2.0809,18834.77,31345.67743
301188.SZ,力诺药包,20260617,65.76,74.0,63.01,71.65,63.16,8.49,13.4421,311182.09,2198121.80288
301189.SZ,奥尼电子,20260617,65.24,67.67,64.4,65.5,66.43,-0.93,-1.4,52435.69,344321.41997
301190.SZ,善水科技,20260617,19.46,19.46,18.66,18.74,19.39,-0.65,-3.3522,24694.0,46581.45971
301191.SZ,菲菱科思,20260617,103.8,105.99,102.8,105.3,104.73,0.57,0.5443,40347.5,423218.42664
301192.SZ,泰祥股份,20260617,21.5,21.76,20.91,21.07,21.5,-0.43,-2.0,12836.62,27201.59368
301193.SZ,家联科技,20260617,22.61,23.69,22.25,23.04,22.83,0.21,0.9198,47529.66,109831.64128
301195.SZ,北路智控,20260617,34.1,35.35,33.45,34.55,34.45,0.1,0.2903,34858.37,119994.14231
301196.SZ,唯科科技,20260617,198.01,199.98,186.0,194.86,201.09,-6.23,-3.0981,72536.9,1396436.15004
301197.SZ,工大科雅,20260617,30.33,32.9,30.05,32.11,30.2,1.91,6.3245,64357.08,204814.05404
301198.SZ,喜悦智行,20260617,13.9,14.7,13.66,14.39,13.92,0.47,3.3764,65093.5,92662.06272
301199.SZ,迈赫股份,20260617,19.28,19.28,18.66,18.89,19.24,-0.35,-1.8191,18370.6,34595.1888
301200.SZ,大族数控,20260617,319.3,333.0,319.0,328.08,326.0,2.08,0.638,54091.37,1767329.81814
301201.SZ,诚达药业,20260617,35.13,36.05,34.68,35.42,35.13,0.29,0.8255,45985.01,163024.71116
301202.SZ,朗威股份,20260617,36.66,37.4,36.43,37.02,37.14,-0.12,-0.3231,15343.0,56565.314
301203.SZ,国泰环保,20260617,45.04,45.47,43.26,43.59,45.23,-1.64,-3.6259,8973.0,39658.841
301205.SZ,联特科技,20260617,328.95,343.81,319.34,336.19,337.0,-0.81,-0.2404,79086.85,2632587.29107
301206.SZ,三元生物,20260617,23.77,23.79,23.22,23.59,23.87,-0.28,-1.173,10343.5,24294.33018
301207.SZ,华兰疫苗,20260617,16.45,16.55,16.26,16.39,16.57,-0.18,-1.0863,23782.37,38933.6045
301208.SZ,中亦科技,20260617,29.3,29.57,28.75,28.98,29.29,-0.31,-1.0584,15925.6,46295.64874
301209.SZ,联合化学,20260617,59.39,59.9,58.3,58.4,59.95,-1.55,-2.5855,12862.68,75503.19584
301210.SZ,金杨精密,20260617,30.85,31.74,30.8,31.28,31.27,0.01,0.032,56103.73,175042.73993
301211.SZ,亨迪药业,20260617,9.45,9.5,9.25,9.28,9.47,-0.19,-2.0063,23465.77,21835.14369
301212.SZ,联盛化学,20260617,25.71,26.24,25.33,25.46,26.21,-0.75,-2.8615,14430.0,37008.758
301213.SZ,观想科技,20260617,47.65,48.13,46.8,47.29,48.05,-0.76,-1.5817,14222.9,67333.20871
301215.SZ,中汽股份,20260617,5.25,5.38,5.2,5.36,5.25,0.11,2.0952,125063.26,66036.59308
301216.SZ,万凯新材,20260617,24.9,25.25,24.52,24.81,25.09,-0.28,-1.116,111824.6,277299.2459
301217.SZ,铜冠铜箔,20260617,178.19,192.58,177.0,181.69,178.17,3.52,1.9756,516619.43,9466492.78213
301218.SZ,华是科技,20260617,44.3,47.0,43.77,46.0,44.74,1.26,2.8163,73735.59,335374.36329
301219.SZ,腾远钴业,20260617,58.83,59.99,58.2,59.24,59.16,0.08,0.1352,89319.6,527516.26054
301220.SZ,亚香股份,20260617,36.92,37.2,36.18,36.65,36.7,-0.05,-0.1362,10590.44,38813.80744
301221.SZ,光庭信息,20260617,31.08,31.18,30.51,30.67,30.99,-0.32,-1.0326,16384.78,50343.40482
301222.SZ,浙江恒威,20260617,32.84,33.26,32.1,32.85,33.5,-0.65,-1.9403,48326.57,158054.93851
301223.SZ,中荣股份,20260617,16.54,16.6,16.06,16.06,16.6,-0.54,-3.253,14487.0,23694.537
301225.SZ,恒勃股份,20260617,90.62,90.92,88.3,88.87,90.61,-1.74,-1.9203,14095.02,125818.34028
301226.SZ,祥明智能,20260617,35.16,35.84,34.6,34.75,35.53,-0.78,-2.1953,19945.84,70053.13266
301227.SZ,森鹰窗业,20260617,27.04,28.3,26.81,27.88,27.06,0.82,3.0303,28790.88,80046.19154
301228.SZ,实朴检测,20260617,82.0,84.96,80.61,84.24,82.0,2.24,2.7317,35371.14,293571.64761
301229.SZ,纽泰格,20260617,13.69,13.73,13.38,13.4,13.69,-0.29,-2.1183,23451.14,31651.09985
301230.SZ,泓博医药,20260617,33.4,33.95,33.18,33.53,33.67,-0.14,-0.4158,28079.16,94210.72596
301231.SZ,荣信文化,20260617,33.7,34.15,32.56,32.9,33.73,-0.83,-2.4607,54096.8,179304.07075
301232.SZ,飞沃科技,20260617,122.0,132.5,119.82,129.9,121.6,8.3,6.8257,89392.5,1159090.74773
301233.SZ,盛帮股份,20260617,52.49,53.29,51.71,52.7,52.78,-0.08,-0.1516,10169.3,53278.1685
301234.SZ,五洲医疗,20260617,37.2,39.76,36.26,39.04,36.81,2.23,6.0581,25524.92,97726.21404
301235.SZ,华康洁净,20260617,64.94,67.8,63.37,66.77,66.08,0.69,1.0442,61799.58,404582.98628
301236.SZ,软通动力,20260617,39.97,40.05,38.21,38.48,40.19,-1.71,-4.2548,359959.26,1400329.06151
301237.SZ,和顺科技,20260617,67.94,73.15,67.94,72.24,68.97,3.27,4.7412,24128.0,170926.499
301238.SZ,瑞泰新材,20260617,24.7,26.69,24.66,26.45,25.16,1.29,5.1272,385981.79,991876.46865
301239.SZ,普瑞眼科,20260617,32.8,33.36,32.45,32.71,32.96,-0.25,-0.7585,18280.22,59860.69696
301246.SZ,宏源药业,20260617,27.71,28.32,27.5,27.86,27.98,-0.12,-0.4289,107409.25,299217.63546
301248.SZ,杰创智能,20260617,71.28,77.0,71.28,73.29,72.27,1.02,1.4114,67290.92,499828.17467
301251.SZ,威尔高,20260617,52.12,54.98,52.12,54.36,52.64,1.72,3.2675,67741.37,366594.06485
301252.SZ,同星科技,20260617,38.83,42.18,38.41,41.67,39.49,2.18,5.5204,66760.36,272134.2683
301255.SZ,通力科技,20260617,24.51,24.6,23.67,23.83,24.49,-0.66,-2.695,17668.37,42259.05172
301256.SZ,华融化学,20260617,11.76,11.88,11.53,11.6,11.93,-0.33,-2.7661,70001.52,81764.44293
301257.SZ,普蕊斯,20260617,40.24,40.24,39.4,39.91,40.25,-0.34,-0.8447,9496.55,37758.2285
301258.SZ,富士莱,20260617,24.98,24.98,24.06,24.1,24.74,-0.64,-2.5869,8158.19,19821.03089
301259.SZ,艾布鲁,20260617,26.33,26.52,24.99,25.37,26.6,-1.23,-4.6241,54465.64,139849.96359
301260.SZ,格力博,20260617,15.76,15.76,15.21,15.33,15.71,-0.38,-2.4188,28627.0,44046.16519
301261.SZ,恒工精密,20260617,86.97,89.51,85.44,88.15,87.4,0.75,0.8581,25079.69,219579.24811
301262.SZ,海看股份,20260617,19.88,19.92,19.39,19.51,19.91,-0.4,-2.009,22767.12,44525.28986
301263.SZ,泰恩康,20260617,19.8,20.14,19.32,19.38,19.72,-0.34,-1.7241,59418.46,116441.9776
301265.SZ,华新科技,20260617,27.89,28.59,26.16,27.0,28.1,-1.1,-3.9146,96551.52,263898.60652
301266.SZ,宇邦新材,20260617,24.71,27.72,24.55,26.42,24.95,1.47,5.8918,100336.25,263631.51906
301267.SZ,华厦眼科,20260617,16.14,16.24,16.0,16.21,16.21,0.0,0.0,23945.28,38526.01165
301268.SZ,铭利达,20260617,16.48,16.55,16.0,16.24,16.48,-0.24,-1.4563,30216.01,48922.78625
301269.SZ,华大九天,20260617,98.0,105.29,97.4,105.01,99.61,5.4,5.4211,175177.74,1784415.66105
301270.SZ,汉仪股份,20260617,28.96,30.2,28.71,29.23,29.13,0.1,0.3433,23136.74,68108.49833
301272.SZ,英华特,20260617,37.07,37.07,36.08,36.26,37.15,-0.89,-2.3957,8316.0,30237.715
301273.SZ,瑞晨环保,20260617,33.14,33.77,32.26,32.84,33.32,-0.48,-1.4406,20387.3,67202.5937
301275.SZ,汉朔科技,20260617,44.91,45.98,44.15,45.9,44.9,1.0,2.2272,122580.73,554911.33571
301276.SZ,嘉曼服饰,20260617,25.05,27.55,24.85,26.06,27.63,-1.57,-5.6822,123651.86,324481.44185
301277.SZ,新天地,20260617,9.11,9.11,8.92,8.97,9.11,-0.14,-1.5368,22214.18,19974.43068
301278.SZ,快可电子,20260617,33.32,33.47,32.44,32.65,33.32,-0.67,-2.0108,13303.8,43652.566
301279.SZ,金道科技,20260617,24.0,24.83,23.79,24.54,24.49,0.05,0.2042,40578.53,98319.03117
301280.SZ,珠城科技,20260617,46.24,48.09,46.0,48.05,47.06,0.99,2.1037,42154.23,199000.3998
301281.SZ,科源制药,20260617,50.56,52.38,49.9,50.18,51.07,-0.89,-1.7427,31885.76,162121.3538
301282.SZ,金禄电子,20260617,28.3,30.12,28.1,29.41,28.63,0.78,2.7244,149545.74,440490.85037
301283.SZ,聚胶股份,20260617,26.88,27.11,26.33,26.69,27.13,-0.44,-1.6218,11763.47,31233.12033
301285.SZ,鸿日达,20260617,118.58,127.18,117.73,124.92,119.18,5.74,4.8162,60375.15,747228.94745
301286.SZ,侨源股份,20260617,60.0,61.61,59.11,60.55,61.14,-0.59,-0.965,25173.44,151993.26854
301287.SZ,康力源,20260617,35.4,35.64,34.12,34.66,35.45,-0.79,-2.2285,6490.0,22751.477
301288.SZ,清研环境,20260617,20.21,20.21,18.41,18.69,19.82,-1.13,-5.7013,30017.98,57236.24412
301289.SZ,国缆检测,20260617,50.11,51.25,49.7,49.92,50.55,-0.63,-1.2463,9829.0,49352.32
301290.SZ,东星医疗,20260617,29.0,29.52,28.8,29.25,29.24,0.01,0.0342,19995.37,58318.34026
301291.SZ,明阳电气,20260617,43.75,44.0,42.05,42.45,44.31,-1.86,-4.1977,86121.63,369947.12714
301292.SZ,海科新源,20260617,75.7,79.99,74.1,78.9,75.06,3.84,5.1159,212354.29,1638428.00823
301293.SZ,三博脑科,20260617,53.75,54.66,53.53,53.95,54.15,-0.2,-0.3693,37567.52,202570.41537
301295.SZ,美硕科技,20260617,47.14,47.66,46.31,46.53,47.35,-0.82,-1.7318,11087.34,51982.16122
301296.SZ,新巨丰,20260617,6.47,6.5,6.33,6.38,6.51,-0.13,-1.9969,24244.0,15482.483
301297.SZ,富乐德,20260617,45.51,49.66,45.2,49.2,46.08,3.12,6.7708,379355.35,1806373.48547
301298.SZ,东利机械,20260617,12.93,13.01,12.53,12.68,12.99,-0.31,-2.3865,25225.0,32103.314
301299.SZ,卓创资讯,20260617,51.8,51.87,50.1,50.42,52.14,-1.72,-3.2988,11408.0,57931.188
301300.SZ,远翔新材,20260617,35.0,35.0,33.9,33.95,35.0,-1.05,-3.0,8095.95,27685.99324
301301.SZ,川宁生物,20260617,8.45,8.49,8.32,8.35,8.47,-0.12,-1.4168,79385.77,66565.96126
301302.SZ,华如科技,20260617,30.74,31.22,30.16,30.38,31.25,-0.87,-2.784,108717.82,331870.18069
301303.SZ,真兰仪表,20260617,16.19,18.96,16.01,18.3,16.23,2.07,12.7542,276284.77,503977.1238
301305.SZ,朗坤科技,20260617,30.95,30.96,30.15,30.73,30.7,0.03,0.0977,46723.97,142733.5437
301306.SZ,西测测试,20260617,137.0,168.0,135.08,164.9,140.71,24.19,17.1914,95816.62,1481526.94081
301307.SZ,美利信,20260617,64.01,69.02,63.5,68.85,65.75,3.1,4.7148,95755.4,641024.58919
301308.SZ,江波龙,20260617,525.07,586.66,520.53,571.68,540.23,31.45,5.8216,259485.04,14390572.4467
301309.SZ,万得凯,20260617,31.77,32.38,31.56,32.0,32.08,-0.08,-0.2494,8808.0,28055.623
301310.SZ,鑫宏业,20260617,36.6,39.99,36.0,38.96,37.02,1.94,5.2404,188975.17,715209.52018
301311.SZ,昆船智能,20260617,14.45,14.45,14.16,14.24,14.46,-0.22,-1.5214,15866.82,22600.50086
301312.SZ,智立方,20260617,106.0,113.67,104.78,111.0,106.92,4.08,3.8159,91342.89,1007031.85496
301313.SZ,凡拓数创,20260617,60.55,63.0,59.2,62.11,60.69,1.42,2.3398,208987.64,1283062.69083
301314.SZ,科瑞思,20260617,57.33,59.02,54.03,54.33,58.23,-3.9,-6.6976,31054.25,171960.5097
301315.SZ,威士顿,20260617,40.38,41.27,39.9,40.65,40.7,-0.05,-0.1229,15201.6,61499.9214
301316.SZ,慧博云通,20260617,37.7,41.29,37.32,41.03,37.88,3.15,8.3157,183888.58,734819.57805
301317.SZ,鑫磊股份,20260617,63.73,65.97,62.76,64.07,64.22,-0.15,-0.2336,29427.0,188630.032
301318.SZ,维海德,20260617,20.9,21.06,20.39,20.64,21.01,-0.37,-1.7611,11141.33,23007.01762
301319.SZ,唯特偶,20260617,144.36,168.0,144.36,164.5,147.36,17.14,11.6314,94764.76,1505184.181
301320.SZ,豪江智能,20260617,14.6,14.6,14.35,14.48,14.69,-0.21,-1.4295,19965.0,28838.524
301321.SZ,翰博高新,20260617,35.08,38.3,35.08,38.16,36.21,1.95,5.3853,70478.99,260671.1962
301322.SZ,绿通科技,20260617,54.61,57.92,54.16,57.11,55.54,1.57,2.8268,47899.62,270563.85228
301323.SZ,新莱福,20260617,105.31,108.23,101.6,103.08,108.3,-5.22,-4.8199,47478.98,494581.29469
301325.SZ,曼恩斯特,20260617,39.88,41.08,39.04,40.48,40.17,0.31,0.7717,29479.94,117603.55805
301326.SZ,捷邦科技,20260617,147.71,153.52,147.0,148.91,149.45,-0.54,-0.3613,13530.08,202079.54374
301327.SZ,华宝新能,20260617,51.74,51.93,50.72,50.94,51.95,-1.01,-1.9442,14396.17,73548.30957
301328.SZ,维峰电子,20260617,59.0,65.8,57.58,63.22,59.44,3.78,6.3594,67395.71,425565.59722
301329.SZ,信音电子,20260617,25.7,26.66,25.51,26.39,26.07,0.32,1.2275,76066.78,200252.12668
301330.SZ,熵基科技,20260617,27.41,28.25,27.21,27.82,27.66,0.16,0.5785,38409.3,106834.11771
301331.SZ,恩威医药,20260617,21.43,22.4,20.86,21.8,21.52,0.28,1.3011,23696.22,50754.97514
301332.SZ,德尔玛,20260617,8.3,8.35,8.14,8.2,8.34,-0.14,-1.6787,22249.55,18292.10305
301333.SZ,诺思格,20260617,45.3,46.89,45.14,46.86,45.75,1.11,2.4262,18034.22,83480.35146
301335.SZ,天元宠物,20260617,21.46,21.74,21.0,21.09,21.72,-0.63,-2.9006,12904.19,27354.51805
301336.SZ,趣睡科技,20260617,37.42,38.77,37.1,37.8,37.42,0.38,1.0155,12852.77,48843.35598
301337.SZ,亚华电子,20260617,27.63,28.68,27.41,28.59,27.91,0.68,2.4364,29799.6,83860.8176
301338.SZ,凯格精机,20260617,161.0,171.67,160.0,162.71,161.58,1.13,0.6993,80999.49,1334364.2458
301339.SZ,通行宝,20260617,11.37,11.4,11.11,11.21,11.46,-0.25,-2.1815,44265.09,49613.00803
301345.SZ,涛涛车业,20260617,206.18,210.56,204.2,209.5,209.31,0.19,0.0908,9819.0,204182.5385
301348.SZ,蓝箭电子,20260617,28.0,29.42,27.65,29.16,28.65,0.51,1.7801,256658.52,737822.90334
301349.SZ,信德新材,20260617,66.77,69.48,62.51,63.96,65.04,-1.08,-1.6605,115021.72,746999.39049
301353.SZ,普莱得,20260617,18.88,18.88,18.24,18.3,18.81,-0.51,-2.7113,13042.18,24088.27775
301355.SZ,南王科技,20260617,10.37,10.37,9.99,10.06,10.31,-0.25,-2.4248,32024.0,32295.464
301356.SZ,天振股份,20260617,23.34,23.75,22.76,23.48,23.37,0.11,0.4707,15593.4,36382.6496
301357.SZ,北方长龙,20260617,88.09,88.5,85.6,86.23,88.52,-2.29,-2.587,19950.26,172501.2324
301358.SZ,湖南裕能,20260617,75.99,76.2,74.3,75.65,75.1,0.55,0.7324,210200.34,1582614.48668
301359.SZ,东南电子,20260617,18.43,18.6,18.05,18.21,18.6,-0.39,-2.0968,18033.75,32883.2082
301360.SZ,荣旗科技,20260617,76.42,78.66,76.31,77.06,77.89,-0.83,-1.0656,26846.12,207852.30996
301361.SZ,众智科技,20260617,33.02,33.3,32.6,32.85,33.32,-0.47,-1.4106,16302.47,53465.11895
301362.SZ,民爆光电,20260617,231.23,243.76,225.08,233.99,232.52,1.47,0.6322,45327.53,1056371.28286
301363.SZ,美好医疗,20260617,18.43,19.07,18.35,18.61,18.38,0.23,1.2514,121010.02,225858.34119
301365.SZ,矩阵股份,20260617,31.99,34.24,31.78,33.87,32.21,1.66,5.1537,49993.29,165474.3193
301366.SZ,一博科技,20260617,51.66,58.2,51.21,58.2,48.5,9.7,20.0,236962.9,1302511.09404
301367.SZ,瑞迈特,20260617,41.27,41.27,40.2,40.39,41.18,-0.79,-1.9184,12699.43,51391.09551
301368.SZ,丰立智能,20260617,45.29,45.52,43.8,44.11,45.51,-1.4,-3.0762,25237.85,112047.26532
301369.SZ,联动科技,20260617,191.18,212.0,186.03,208.78,194.32,14.46,7.4413,32800.38,648265.21966
301370.SZ,国科恒泰,20260617,8.82,8.82,8.62,8.65,8.76,-0.11,-1.2557,21824.0,18926.233
301371.SZ,敷尔佳,20260617,27.33,27.75,26.6,27.14,27.54,-0.4,-1.4524,21214.62,57437.21944
301372.SZ,科净源,20260617,33.98,35.71,33.52,35.25,33.98,1.27,3.7375,16130.49,56132.20793
301373.SZ,凌玮科技,20260617,174.41,203.99,174.41,195.17,171.01,24.16,14.1278,101895.08,1954554.26506
301376.SZ,致欧科技,20260617,15.73,15.87,15.5,15.65,15.83,-0.18,-1.1371,15703.33,24565.93311
301377.SZ,鼎泰高科,20260617,539.0,598.68,536.01,590.0,553.58,36.42,6.579,55554.0,3156266.8535
301378.SZ,通达海,20260617,27.68,27.68,26.78,27.0,27.29,-0.29,-1.0627,19122.0,51778.345
301379.SZ,天山电子,20260617,24.68,26.02,24.53,25.92,25.15,0.77,3.0616,258323.63,658155.49398
301380.SZ,挖金客,20260617,29.58,29.58,28.84,29.0,29.68,-0.68,-2.2911,13738.45,39878.97215
301381.SZ,赛维时代,20260617,19.36,19.6,19.0,19.09,19.48,-0.39,-2.0021,43369.95,83368.11296
301382.SZ,蜂助手,20260617,36.51,41.47,36.51,40.74,37.01,3.73,10.0784,225983.68,899182.68664
301383.SZ,天键股份,20260617,27.44,27.97,27.0,27.25,27.64,-0.39,-1.411,18532.77,50713.65189
301386.SZ,未来电器,20260617,21.22,21.22,20.71,20.86,21.32,-0.46,-2.1576,10671.0,22285.519
301387.SZ,光大同创,20260617,107.82,119.68,107.61,108.51,109.8,-1.29,-1.1749,60637.99,684487.21262
301388.SZ,欣灵电气,20260617,26.64,26.64,25.61,25.99,26.64,-0.65,-2.4399,12181.0,31552.346
301389.SZ,隆扬电子,20260617,106.02,110.5,101.76,103.0,109.21,-6.21,-5.6863,192629.92,2029763.36223
301390.SZ,经纬股份,20260617,30.0,30.19,29.21,29.37,30.14,-0.77,-2.5547,7703.0,22733.036
301391.SZ,卡莱特,20260617,65.43,67.25,65.07,66.12,66.33,-0.21,-0.3166,12417.06,82292.96874
301392.SZ,汇成真空,20260617,169.2,206.01,167.49,202.0,174.61,27.39,15.6864,100434.88,1876003.29152
301393.SZ,昊帆生物,20260617,51.4,52.3,50.4,51.68,51.24,0.44,0.8587,9412.75,48245.0465
301395.SZ,仁信新材,20260617,11.26,11.95,11.1,11.5,11.29,0.21,1.8601,52688.24,60932.5848
301396.SZ,宏景科技,20260617,196.01,218.0,192.0,215.61,196.2,19.41,9.893,223681.35,4613817.62506
301397.SZ,溯联股份,20260617,33.51,33.59,32.84,33.36,33.41,-0.05,-0.1497,30126.0,100203.28892
301398.SZ,星源卓镁,20260617,41.07,41.43,40.33,40.63,41.43,-0.8,-1.931,13795.38,56233.04038
301399.SZ,英特科技,20260617,17.59,18.25,17.41,17.85,17.8,0.05,0.2809,28164.7,50080.48575
301408.SZ,华人健康,20260617,15.55,15.6,15.24,15.32,15.63,-0.31,-1.9834,90505.68,139199.07585
301413.SZ,安培龙,20260617,82.58,82.99,80.15,80.89,83.08,-2.19,-2.636,51241.24,415745.53102
301418.SZ,协昌科技,20260617,48.93,51.14,48.26,50.55,49.99,0.56,1.1202,57462.33,285448.14371
301419.SZ,阿莱德,20260617,41.66,43.4,41.5,43.4,42.5,0.9,2.1176,85187.96,363630.2896
301421.SZ,波长光电,20260617,93.8,101.05,93.6,100.72,95.54,5.18,5.4218,88144.77,863967.11827
301428.SZ,世纪恒通,20260617,37.8,38.37,36.41,38.19,38.37,-0.18,-0.4691,106563.12,397378.78888
301429.SZ,森泰股份,20260617,18.14,18.14,17.43,17.55,17.99,-0.44,-2.4458,13108.36,23075.69611
301439.SZ,泓淋电力,20260617,17.98,18.09,17.09,17.22,17.62,-0.4,-2.2701,236000.89,412244.77531
301446.SZ,福事特,20260617,43.78,44.16,42.28,42.3,44.1,-1.8,-4.0816,10095.99,43194.85462
301448.SZ,开创电气,20260617,41.61,42.0,39.06,39.78,41.02,-1.24,-3.0229,22545.49,90375.96766
301449.SZ,天溯计量,20260617,42.3,43.28,41.7,42.01,42.3,-0.29,-0.6856,8351.18,35336.33384
301456.SZ,盘古智能,20260617,26.01,26.41,25.02,25.05,26.03,-0.98,-3.7649,15397.08,39092.41076
301458.SZ,钧崴电子,20260617,55.77,58.59,55.27,57.79,56.43,1.36,2.4101,236234.54,1350738.86538
301459.SZ,丰茂股份,20260617,35.66,35.68,34.9,35.24,35.64,-0.4,-1.1223,6092.2,21442.1968
301468.SZ,博盈特焊,20260617,49.13,50.5,48.08,48.63,49.85,-1.22,-2.4473,87429.55,427191.37246
301469.SZ,恒达新材,20260617,31.6,31.9,30.0,30.11,31.68,-1.57,-4.9558,14348.55,43778.75975
301479.SZ,弘景光电,20260617,64.15,66.3,64.14,65.25,64.62,0.63,0.9749,35047.77,228448.3825
301486.SZ,致尚科技,20260617,246.0,263.33,245.0,260.12,255.0,5.12,2.0078,85031.48,2189865.071
301487.SZ,盟固利,20260617,22.22,22.83,22.03,22.39,22.52,-0.13,-0.5773,129288.05,288693.35159
301488.SZ,豪恩汽电,20260617,145.0,148.3,143.8,145.13,147.0,-1.87,-1.2721,21571.92,312796.28403
301489.SZ,思泉新材,20260617,150.0,159.44,149.9,159.0,153.04,5.96,3.8944,76137.68,1190384.86021
301491.SZ,汉桑科技,20260617,45.51,45.51,43.94,44.11,45.67,-1.56,-3.4158,8152.67,36273.35619
301498.SZ,乖宝宠物,20260617,41.6,41.85,40.88,41.0,41.86,-0.86,-2.0545,30091.26,123942.44419
301499.SZ,维科精密,20260617,34.54,36.1,34.41,35.97,35.03,0.94,2.6834,32208.0,114749.994
301500.SZ,飞南资源,20260617,28.29,28.45,27.51,27.69,28.31,-0.62,-2.19,137481.05,383069.67489
301501.SZ,恒鑫生活,20260617,26.98,26.98,26.39,26.52,27.02,-0.5,-1.8505,7216.18,19171.34215
301502.SZ,华阳智能,20260617,85.43,86.49,83.18,84.66,86.28,-1.62,-1.8776,10228.0,86317.022
301503.SZ,智迪科技,20260617,30.25,30.25,29.41,29.48,30.34,-0.86,-2.8345,8639.0,25612.648
301505.SZ,苏州规划,20260617,18.04,18.17,17.68,17.71,18.13,-0.42,-2.3166,24780.75,44195.38734
301507.SZ,民生健康,20260617,12.36,12.4,11.98,12.13,12.4,-0.27,-2.1774,34678.01,41955.13359
301508.SZ,中机认检,20260617,25.0,26.96,24.4,26.44,25.2,1.24,4.9206,49200.36,126792.46037
301509.SZ,金凯生科,20260617,27.58,27.58,26.9,26.98,27.52,-0.54,-1.9622,16350.12,44276.64416
301510.SZ,固高科技,20260617,35.15,36.36,34.54,35.41,35.3,0.11,0.3116,143766.43,507983.46524
301511.SZ,德福科技,20260617,166.0,175.75,156.8,162.8,169.63,-6.83,-4.0264,476453.44,7857705.10611
301512.SZ,智信精密,20260617,54.76,57.79,54.41,56.45,55.34,1.11,2.0058,24855.12,140697.2694
301513.SZ,尚水智能,20260617,65.1,65.95,62.96,63.46,66.09,-2.63,-3.9794,24068.06,154413.67286
301515.SZ,港通医疗,20260617,20.01,20.02,19.27,19.44,19.92,-0.48,-2.4096,15138.0,29577.643
301516.SZ,中远通,20260617,16.2,16.38,15.89,16.06,16.33,-0.27,-1.6534,47200.45,75685.6473
301517.SZ,陕西华达,20260617,51.52,54.35,51.5,53.75,52.33,1.42,2.7135,44867.72,239928.39843
301518.SZ,长华化学,20260617,29.98,30.07,29.0,29.1,30.03,-0.93,-3.0969,21377.44,62740.43333
301519.SZ,舜禹股份,20260617,12.14,12.16,11.69,11.87,12.04,-0.17,-1.412,24964.62,29702.6996
301520.SZ,万邦医药,20260617,24.92,24.92,24.01,24.18,24.9,-0.72,-2.8916,6977.4,16937.5062
301522.SZ,上大股份,20260617,27.55,29.92,27.51,29.51,27.76,1.75,6.304,131170.73,377984.8433
301525.SZ,儒竞科技,20260617,49.41,50.77,48.54,49.77,49.62,0.15,0.3023,25525.4,126274.43042
301526.SZ,国际复材,20260617,37.2,43.6,37.18,40.23,38.68,1.55,4.0072,2406839.48,9783266.9811
301528.SZ,多浦乐,20260617,91.0,93.5,89.2,92.88,92.15,0.73,0.7922,19665.16,180487.8432
301529.SZ,福赛科技,20260617,103.4,108.29,101.69,104.55,103.77,0.78,0.7517,29953.21,315865.80393
301531.SZ,春光集团,20260617,70.27,71.99,68.77,69.87,71.59,-1.72,-2.4026,70240.72,492267.62903
301533.SZ,威马农机,20260617,26.3,26.3,25.23,25.33,25.9,-0.57,-2.2008,10788.46,27463.21402
301535.SZ,浙江华远,20260617,15.45,15.45,14.8,14.87,15.16,-0.29,-1.9129,29824.28,44869.03252
301536.SZ,星宸科技,20260617,109.0,112.68,108.03,110.06,110.35,-0.29,-0.2628,139987.91,1542202.15328
301538.SZ,骏鼎达,20260617,66.76,68.55,65.96,66.42,67.1,-0.68,-1.0134,22022.5,147661.23604
301539.SZ,宏鑫科技,20260617,15.04,15.04,14.52,14.6,15.01,-0.41,-2.7315,13851.98,20376.53164
301548.SZ,崇德科技,20260617,74.05,76.68,73.45,74.35,74.8,-0.45,-0.6016,15037.91,112355.72215
301550.SZ,斯菱智驱,20260617,102.91,102.91,99.0,99.85,102.84,-2.99,-2.9074,69024.75,693304.56133
301551.SZ,无线传媒,20260617,22.18,22.5,21.58,21.77,21.97,-0.2,-0.9103,54640.21,119903.19799
301552.SZ,科力装备,20260617,25.38,25.38,24.58,24.69,25.38,-0.69,-2.7187,8603.8,21357.562
301555.SZ,惠柏新材,20260617,42.89,44.8,42.75,44.36,43.5,0.86,1.977,61921.81,272175.3307
301556.SZ,托普云农,20260617,64.89,64.91,63.53,64.09,64.89,-0.8,-1.2329,7983.05,51093.13722
301557.SZ,常友科技,20260617,88.13,91.29,87.39,90.39,88.74,1.65,1.8594,17011.2,152137.25472
301558.SZ,三态股份,20260617,6.75,6.79,6.56,6.6,6.8,-0.2,-2.9412,68060.19,45117.79721
301559.SZ,中集环科,20260617,13.68,13.68,13.22,13.3,13.54,-0.24,-1.7725,16052.0,21343.801
301560.SZ,众捷汽车,20260617,32.42,32.42,30.1,30.52,32.42,-1.9,-5.8606,31393.64,97262.82738
301563.SZ,云汉芯城,20260617,181.03,193.99,180.0,191.0,188.02,2.98,1.5849,60635.18,1133599.45482
301565.SZ,中仑新材,20260617,27.48,27.65,26.89,27.22,27.98,-0.76,-2.7162,126022.41,343096.49117
301566.SZ,达利凯普,20260617,37.6,39.99,37.44,39.86,38.2,1.66,4.3455,456578.91,1786311.33846
301567.SZ,贝隆精密,20260617,40.39,40.5,39.3,39.56,40.4,-0.84,-2.0792,9755.0,38850.111
301568.SZ,思泰克,20260617,111.26,116.5,108.6,114.67,112.6,2.07,1.8384,70258.99,794691.44639
301571.SZ,国科天成,20260617,70.96,72.55,69.14,70.3,71.5,-1.2,-1.6783,55423.0,388657.93803
301575.SZ,艾芬达,20260617,41.5,41.53,40.24,40.31,41.56,-1.25,-3.0077,6222.98,25251.13938
301577.SZ,美信科技,20260617,94.07,97.2,92.0,94.92,95.33,-0.41,-0.4301,20152.37,189960.00097
301578.SZ,辰奕智能,20260617,22.52,22.52,21.75,21.83,22.49,-0.66,-2.9346,10480.97,23080.68067
301580.SZ,爱迪特,20260617,47.01,53.24,46.57,52.64,46.78,5.86,12.5267,174579.64,889350.53394
301581.SZ,黄山谷捷,20260617,46.18,48.2,45.64,47.32,46.62,0.7,1.5015,14525.08,68112.6394
301584.SZ,建发致新,20260617,21.13,21.16,20.73,20.83,21.13,-0.3,-1.4198,16374.76,34200.33483
301585.SZ,蓝宇股份,20260617,25.52,25.58,24.71,24.87,25.52,-0.65,-2.547,9366.0,23365.7387
301586.SZ,佳力奇,20260617,35.98,36.56,35.57,36.02,36.34,-0.32,-0.8806,6006.35,21552.9582
301587.SZ,中瑞股份,20260617,24.65,25.51,24.43,25.14,25.08,0.06,0.2392,65575.51,164236.70011
301588.SZ,美新科技,20260617,36.0,41.54,36.0,41.32,37.33,3.99,10.6885,91337.31,365166.57448
301589.SZ,诺瓦星云,20260617,149.36,151.0,147.47,149.86,149.4,0.46,0.3079,5467.58,81819.36742
301590.SZ,优优绿能,20260617,167.5,174.38,166.3,166.42,168.64,-2.22,-1.3164,8092.62,136701.66693
301591.SZ,肯特股份,20260617,51.24,53.35,50.58,50.87,51.75,-0.88,-1.7005,91900.97,476055.12553
301592.SZ,六九一二,20260617,108.43,108.53,105.15,105.5,109.18,-3.68,-3.3706,11475.27,121530.22987
301595.SZ,太力科技,20260617,46.63,47.99,45.77,46.61,46.94,-0.33,-0.703,17966.7,84236.53065
301596.SZ,瑞迪智驱,20260617,57.98,58.2,56.04,56.38,58.73,-2.35,-4.0014,25882.19,147580.41464
301598.SZ,博科测试,20260617,53.5,55.99,53.04,54.54,53.7,0.84,1.5642,8817.5,47911.5145
301599.SZ,理奇智能,20260617,49.0,50.79,47.47,48.04,49.79,-1.75,-3.5148,74304.63,362121.2261
301600.SZ,慧翰股份,20260617,93.78,93.99,92.0,92.95,93.78,-0.83,-0.8851,8621.32,79933.50733
301601.SZ,惠通科技,20260617,17.6,17.6,16.96,17.06,17.7,-0.64,-3.6158,20731.64,35540.84916
301602.SZ,超研股份,20260617,15.18,15.21,14.93,15.08,15.27,-0.19,-1.2443,16279.63,24463.88268
301603.SZ,乔锋智能,20260617,144.18,148.72,142.0,146.5,146.11,0.39,0.2669,27840.53,404545.99373
301606.SZ,绿联科技,20260617,62.8,64.5,62.15,63.98,63.12,0.86,1.3625,27433.05,174002.90773
301607.SZ,富特科技,20260617,37.7,43.58,37.06,42.86,38.04,4.82,12.6709,193567.89,798939.0361
301608.SZ,博实结,20260617,52.81,54.38,52.42,53.89,53.35,0.54,1.0122,15577.47,83321.67701
301609.SZ,山大电力,20260617,38.6,38.6,37.53,37.69,38.85,-1.16,-2.9858,20667.44,78098.54559
301611.SZ,珂玛科技,20260617,110.5,125.2,109.55,124.67,112.85,11.82,10.4741,219357.95,2579285.46169
301613.SZ,新铝时代,20260617,40.19,42.47,40.0,41.94,40.3,1.64,4.0695,25126.89,104724.5051
301616.SZ,浙江华业,20260617,37.14,37.6,36.64,36.99,37.58,-0.59,-1.57,5245.0,19364.397
301617.SZ,博苑新材,20260617,52.1,55.3,50.77,54.88,52.97,1.91,3.6058,55642.59,293224.92255
301618.SZ,长联科技,20260617,39.73,41.39,38.95,39.9,40.25,-0.35,-0.8696,20149.34,80019.46684
301622.SZ,英思特,20260617,59.76,60.49,57.7,57.95,60.13,-2.18,-3.6255,22051.13,129292.03826
301626.SZ,苏州天脉,20260617,313.36,325.0,312.0,322.64,316.91,5.73,1.8081,16964.44,542884.93703
301628.SZ,强达电路,20260617,116.08,122.56,115.63,121.24,117.25,3.99,3.403,37492.19,451857.6449
301629.SZ,矽电股份,20260617,379.43,401.93,377.01,401.93,383.26,18.67,4.8714,19907.87,777266.05806
301630.SZ,同宇新材,20260617,325.0,355.5,323.36,353.88,334.5,19.38,5.7937,29725.18,1013056.10353
301631.SZ,壹连科技,20260617,80.53,80.99,79.33,80.72,81.3,-0.58,-0.7134,20414.72,163434.87976
301632.SZ,广东建科,20260617,16.98,17.0,16.36,16.41,16.94,-0.53,-3.1287,22639.88,37446.58684
301633.SZ,港迪技术,20260617,47.44,47.45,45.93,46.15,47.44,-1.29,-2.7192,5720.0,26488.741
301636.SZ,泽润新能,20260617,48.11,48.11,46.0,46.26,48.11,-1.85,-3.8454,17984.72,84096.3426
301638.SZ,南网数字,20260617,25.0,25.96,24.82,25.32,25.09,0.23,0.9167,177989.5,453055.29025
301656.SZ,联合动力,20260617,19.2,19.36,18.88,19.11,19.37,-0.26,-1.3423,91631.98,174496.92929
301658.SZ,首航新能,20260617,30.51,30.51,29.2,29.35,30.49,-1.14,-3.7389,55581.03,164668.91294
301662.SZ,宏工科技,20260617,102.21,110.96,101.2,106.97,102.84,4.13,4.0159,46875.65,500380.76079
301665.SZ,泰禾股份,20260617,22.32,22.38,21.8,21.94,22.4,-0.46,-2.0536,15634.72,34388.48954
301666.SZ,大普微,20260617,656.14,707.18,652.0,693.01,673.6,19.41,2.8815,69408.19,4692014.69695
301667.SZ,纳百川,20260617,82.0,82.98,78.51,82.04,83.05,-1.01,-1.2161,36466.8,293793.76251
301668.SZ,昊创瑞通,20260617,36.13,36.3,35.65,35.85,36.49,-0.64,-1.7539,7956.55,28500.5977
301669.SZ,高特电子,20260617,38.9,39.18,36.88,36.95,38.31,-1.36,-3.55,274620.54,1035918.64789
301678.SZ,新恒汇,20260617,55.25,62.32,54.54,60.99,56.67,4.32,7.6231,70502.71,414141.18316
301680.SZ,固德电材,20260617,121.37,125.09,120.99,121.84,122.1,-0.26,-0.2129,19638.94,241295.00732
301682.SZ,宏明电子,20260617,176.9,206.86,176.22,197.26,172.5,24.76,14.3536,91323.36,1774760.25722
301683.SZ,慧谷新材,20260617,134.6,145.0,134.05,140.53,135.41,5.12,3.7811,26795.56,377739.2036
301687.SZ,新广益,20260617,64.55,69.66,63.88,68.7,65.36,3.34,5.1102,65470.42,444146.53385
301696.SZ,三瑞智能,20260617,115.08,117.85,113.8,116.28,116.15,0.13,0.1119,34826.79,404498.2247
302132.SZ,中航成飞,20260617,60.5,60.7,59.42,60.2,60.9,-0.7,-1.1494,81153.0,487605.78324
600000.SH,浦发银行,20260617,9.48,9.55,9.22,9.24,9.46,-0.22,-2.3256,771904.0,719849.153
600004.SH,白云机场,20260617,8.23,8.23,8.11,8.16,8.18,-0.02,-0.2445,57365.45,46756.23
600006.SH,东风股份,20260617,5.76,5.76,5.63,5.66,5.75,-0.09,-1.5652,110959.11,62914.719
600007.SH,中国国贸,20260617,18.63,18.7,18.25,18.39,18.7,-0.31,-1.6578,41733.68,77003.46
600008.SH,首创环保,20260617,3.13,3.16,3.08,3.14,3.14,0.0,0.0,894323.49,279932.045
600009.SH,上海机场,20260617,23.79,23.95,23.51,23.6,23.79,-0.19,-0.7987,70369.83,166291.11
600010.SH,包钢股份,20260617,2.44,2.45,2.39,2.4,2.47,-0.07,-2.834,6344712.71,1531766.171
600011.SH,华能国际,20260617,7.86,7.94,7.73,7.92,7.88,0.04,0.5076,1754178.16,1377595.553
600012.SH,皖通高速,20260617,15.97,16.25,15.83,16.23,15.9,0.33,2.0755,35907.0,57817.667
600015.SH,华夏银行,20260617,6.88,6.92,6.78,6.82,6.86,-0.04,-0.5831,604560.75,412766.096
600016.SH,民生银行,20260617,3.6,3.61,3.54,3.56,3.59,-0.03,-0.8357,2118508.79,754494.202
600017.SH,日照港,20260617,2.66,2.67,2.62,2.65,2.66,-0.01,-0.3759,233562.39,61558.123
600018.SH,上港集团,20260617,4.94,4.97,4.91,4.97,4.95,0.02,0.404,482679.97,238322.459
600019.SH,宝钢股份,20260617,5.86,5.87,5.7,5.77,5.85,-0.08,-1.3675,1016436.98,584737.986
600020.SH,中原高速,20260617,3.87,3.88,3.8,3.85,3.88,-0.03,-0.7732,117068.5,44844.926
600021.SH,上海电力,20260617,17.43,17.56,17.03,17.2,17.46,-0.26,-1.4891,600211.02,1035335.759
600022.SH,山东钢铁,20260617,1.33,1.33,1.29,1.3,1.32,-0.02,-1.5152,693564.55,90400.979
600023.SH,浙能电力,20260617,6.14,6.19,6.02,6.04,6.14,-0.1,-1.6287,615111.13,375046.71
600025.SH,华能水电,20260617,9.56,9.57,9.4,9.44,9.54,-0.1,-1.0482,292185.46,277052.896
600026.SH,中远海能,20260617,18.1,19.69,18.0,19.69,17.9,1.79,10.0,1067793.61,2028316.755
600027.SH,华电国际,20260617,4.94,4.97,4.85,4.96,4.94,0.02,0.4049,1050989.13,517986.869
600028.SH,XD中国石,20260617,4.88,4.91,4.83,4.85,4.86,-0.01,-0.2058,2196325.59,1067148.374
600029.SH,南方航空,20260617,5.5,5.51,5.38,5.45,5.39,0.06,1.1132,1081669.29,588166.352
600030.SH,中信证券,20260617,27.28,27.56,27.16,27.37,27.25,0.12,0.4404,1797741.15,4915372.668
600031.SH,三一重工,20260617,18.55,18.93,18.45,18.91,18.65,0.26,1.3941,705380.58,1322835.921
600032.SH,浙江新能,20260617,8.3,8.41,8.03,8.18,8.35,-0.17,-2.0359,472026.03,386731.295
600033.SH,福建高速,20260617,3.56,3.56,3.51,3.53,3.55,-0.02,-0.5634,139701.35,49282.05
600035.SH,楚天高速,20260617,3.77,3.77,3.73,3.74,3.77,-0.03,-0.7958,67578.45,25263.127
600036.SH,招商银行,20260617,38.68,38.85,38.14,38.23,38.57,-0.34,-0.8815,660451.63,2530773.389
600037.SH,歌华有线,20260617,6.67,6.75,6.58,6.73,6.72,0.01,0.1488,141923.67,94651.076
600038.SH,中直股份,20260617,27.56,27.68,27.03,27.15,27.68,-0.53,-1.9147,64440.23,175460.148
600039.SH,四川路桥,20260617,8.31,8.38,8.21,8.35,8.35,0.0,0.0,149381.66,124117.529
600048.SH,保利发展,20260617,5.05,5.1,4.99,5.08,5.05,0.03,0.5941,1099615.24,553311.902
600050.SH,中国联通,20260617,4.36,4.37,4.3,4.35,4.37,-0.02,-0.4577,1579279.42,683756.336
600051.SH,宁波联合,20260617,6.15,6.15,5.98,6.04,6.15,-0.11,-1.7886,43859.0,26498.001
600052.SH,东望时代,20260617,4.03,4.04,3.83,3.94,4.02,-0.08,-1.99,283171.1,110613.082
600053.SH,*ST九鼎,20260617,8.07,8.13,7.92,8.03,8.11,-0.08,-0.9864,29125.01,23354.447
600054.SH,黄山旅游,20260617,10.98,11.05,10.78,10.94,11.05,-0.11,-0.9955,66620.13,72460.548
600055.SH,万东医疗,20260617,11.67,11.67,11.25,11.27,11.6,-0.33,-2.8448,44043.63,50056.288
600056.SH,中国医药,20260617,9.09,9.12,9.0,9.1,9.08,0.02,0.2203,74522.46,67472.526
600057.SH,XD厦门象,20260617,6.0,6.02,5.9,5.94,5.98,-0.04,-0.6689,119003.27,70741.499
600058.SH,五矿发展,20260617,10.51,10.64,10.3,10.33,10.57,-0.24,-2.2706,133828.9,139237.48
600059.SH,古越龙山,20260617,7.96,7.96,7.83,7.87,7.94,-0.07,-0.8816,48336.15,38060.089
600060.SH,海信视像,20260617,26.3,26.49,25.51,25.66,26.46,-0.8,-3.0234,169131.02,437812.156
600061.SH,国投资本,20260617,6.58,6.64,6.51,6.56,6.61,-0.05,-0.7564,333739.91,219142.175
600062.SH,华润双鹤,20260617,16.79,16.8,16.5,16.65,16.76,-0.11,-0.6563,60408.57,100379.561
600063.SH,皖维高新,20260617,8.16,8.65,8.12,8.48,8.25,0.23,2.7879,2080666.87,1752026.464
600064.SH,南京高科,20260617,7.51,7.55,7.47,7.52,7.51,0.01,0.1332,88379.9,66345.438
600066.SH,宇通客车,20260617,26.39,27.3,26.0,27.14,26.36,0.78,2.959,362245.79,972466.153
600067.SH,冠城新材,20260617,3.59,3.6,3.36,3.38,3.63,-0.25,-6.8871,780860.99,267215.106
600071.SH,凤凰光学,20260617,17.08,17.73,17.08,17.37,17.25,0.12,0.6957,43411.93,75605.503
600072.SH,中船科技,20260617,9.82,9.85,9.64,9.81,9.82,-0.01,-0.1018,172586.45,168446.362
600073.SH,光明肉业,20260617,4.98,4.99,4.89,4.91,4.99,-0.08,-1.6032,53514.02,26354.379
600075.SH,新疆天业,20260617,4.68,4.68,4.53,4.56,4.68,-0.12,-2.5641,175017.24,79933.718
600076.SH,康欣新材,20260617,3.47,3.5,3.33,3.34,3.49,-0.15,-4.298,306669.87,103941.521
600078.SH,澄星股份,20260617,13.72,13.88,13.36,13.41,13.85,-0.44,-3.1769,419995.0,570310.491
600079.SH,ST人福,20260617,16.96,16.99,16.7,16.7,16.99,-0.29,-1.7069,129790.65,218308.656
600080.SH,ST金花,20260617,4.94,4.94,4.76,4.76,4.97,-0.21,-4.2254,37123.0,17968.773
600081.SH,东风科技,20260617,10.45,10.45,10.09,10.18,10.43,-0.25,-2.3969,30027.1,30536.021
600082.SH,ST海泰,20260617,3.04,3.06,2.96,2.96,3.04,-0.08,-2.6316,86752.0,26037.266
600084.SH,*ST尼雅,20260617,4.3,4.33,4.09,4.1,4.3,-0.2,-4.6512,52762.0,21969.947
600085.SH,同仁堂,20260617,24.38,24.44,23.78,23.94,24.37,-0.43,-1.7645,76972.4,184627.311
600088.SH,中视传媒,20260617,13.07,13.18,12.45,12.49,13.24,-0.75,-5.6647,132164.15,167598.184
600089.SH,特变电工,20260617,24.11,24.11,23.27,23.44,24.11,-0.67,-2.7789,1387309.17,3267670.5
600094.SH,大名城,20260617,4.18,4.19,4.02,4.04,4.19,-0.15,-3.58,236748.77,96510.858
600095.SH,湘财股份,20260617,8.12,8.23,7.97,8.01,8.18,-0.17,-2.0782,205863.0,165791.511
600096.SH,云天化,20260617,30.22,30.55,29.47,30.23,30.62,-0.39,-1.2737,426182.21,1274072.788
600097.SH,开创国际,20260617,8.75,8.89,8.38,8.43,8.68,-0.25,-2.8802,39480.0,33695.404
600098.SH,广州发展,20260617,6.95,6.97,6.82,6.91,6.96,-0.05,-0.7184,279969.0,193166.936
600099.SH,林海股份,20260617,8.97,8.99,8.71,8.75,8.99,-0.24,-2.6696,31666.6,27898.284
600100.SH,同方股份,20260617,7.14,7.19,7.07,7.18,7.15,0.03,0.4196,246054.11,175242.656
600101.SH,明星电力,20260617,9.18,9.22,9.05,9.08,9.19,-0.11,-1.197,181882.07,165532.871
600103.SH,青山纸业,20260617,3.65,3.7,3.57,3.59,3.7,-0.11,-2.973,947965.54,342722.573
600104.SH,上汽集团,20260617,10.6,10.63,10.45,10.56,10.65,-0.09,-0.8451,774142.09,815333.244
600105.SH,XD永鼎股,20260617,59.25,64.69,58.99,63.09,58.87,4.22,7.1683,1831260.42,11345113.416
600106.SH,重庆路桥,20260617,5.0,5.02,4.89,4.92,5.0,-0.08,-1.6,124448.03,61464.286
600107.SH,*ST尔雅,20260617,6.37,6.4,6.29,6.31,6.37,-0.06,-0.9419,14407.2,9103.065
600108.SH,亚盛集团,20260617,3.62,3.63,3.41,3.43,3.65,-0.22,-6.0274,1293716.02,450862.143
600109.SH,国金证券,20260617,8.76,8.82,8.62,8.67,8.78,-0.11,-1.2528,326517.59,284056.177
600110.SH,诺德股份,20260617,17.22,17.22,17.22,17.22,15.65,1.57,10.0319,162235.95,279370.306
600111.SH,北方稀土,20260617,51.2,51.2,50.01,50.32,51.98,-1.66,-3.1935,1291961.46,6520927.839
600113.SH,浙江东日,20260617,35.68,35.68,33.97,34.0,35.59,-1.59,-4.4675,42204.56,145759.051
600114.SH,东睦股份,20260617,42.0,45.15,42.0,43.24,42.35,0.89,2.1015,313675.93,1369107.796
600115.SH,中国东航,20260617,4.12,4.13,4.02,4.08,4.03,0.05,1.2407,2410997.55,981607.23
600116.SH,三峡水利,20260617,6.26,6.27,6.15,6.21,6.26,-0.05,-0.7987,154455.51,95650.944
600117.SH,西宁特钢,20260617,2.3,2.3,2.19,2.2,2.29,-0.09,-3.9301,182173.0,40464.472
600118.SH,中国卫星,20260617,74.51,77.77,74.11,75.79,75.26,0.53,0.7042,453433.23,3450954.936
600119.SH,*ST长投,20260617,4.94,4.96,4.73,4.76,4.94,-0.18,-3.6437,34023.0,16360.84
600120.SH,浙江东方,20260617,4.55,4.65,4.53,4.54,4.54,0.0,0.0,322628.83,147693.608
600121.SH,郑州煤电,20260617,4.34,4.35,4.19,4.23,4.38,-0.15,-3.4247,713151.37,302498.946
600123.SH,兰花科创,20260617,6.79,6.79,6.3,6.35,6.72,-0.37,-5.506,379873.25,244995.114
600125.SH,铁龙物流,20260617,5.49,5.5,5.41,5.42,5.51,-0.09,-1.6334,94352.28,51316.022
600126.SH,杭钢股份,20260617,7.38,7.38,7.11,7.12,7.01,0.11,1.5692,869695.25,627509.57
600127.SH,金健米业,20260617,5.74,5.74,5.55,5.56,5.73,-0.17,-2.9668,116442.38,65237.446
600128.SH,苏豪弘业,20260617,8.68,8.68,8.33,8.37,8.68,-0.31,-3.5714,43409.11,36540.989
600129.SH,太极集团,20260617,13.18,13.18,12.88,12.92,13.21,-0.29,-2.1953,61491.47,79831.514
600130.SH,波导股份,20260617,4.72,4.91,4.7,4.89,4.76,0.13,2.7311,372908.0,180019.85
600131.SH,国网信通,20260617,15.28,15.38,15.05,15.18,15.26,-0.08,-0.5242,58908.66,89375.776
600132.SH,重庆啤酒,20260617,48.38,48.6,46.91,47.1,48.36,-1.26,-2.6055,45711.73,216322.755
600133.SH,东湖高新,20260617,8.2,8.25,8.0,8.03,8.24,-0.21,-2.5485,152425.37,123039.962
600135.SH,乐凯胶片,20260617,9.13,9.15,8.71,8.83,9.16,-0.33,-3.6026,187095.46,166427.456
600136.SH,ST明诚,20260617,1.47,1.49,1.45,1.46,1.48,-0.02,-1.3514,113942.0,16718.891
600137.SH,浪莎股份,20260617,18.43,18.43,17.75,17.95,18.4,-0.45,-2.4457,21977.0,39387.329
600138.SH,中青旅,20260617,7.35,7.35,7.09,7.16,7.36,-0.2,-2.7174,126515.66,90534.569
600141.SH,兴发集团,20260617,38.8,38.8,36.82,37.6,39.13,-1.53,-3.91,763983.89,2863946.059
600143.SH,金发科技,20260617,16.81,16.84,16.47,16.6,16.95,-0.35,-2.0649,385777.51,641248.104
600148.SH,长春一东,20260617,16.3,16.3,15.82,15.91,16.24,-0.33,-2.032,21958.47,35049.506
600149.SH,廊坊发展,20260617,5.0,5.02,4.83,4.85,5.01,-0.16,-3.1936,110660.79,54163.449
600150.SH,中国船舶,20260617,35.98,37.16,35.88,37.15,35.99,1.16,3.2231,1132133.22,4153456.208
600151.SH,航天机电,20260617,11.75,12.45,11.71,12.24,11.78,0.46,3.9049,517526.85,629369.661
600152.SH,维科技术,20260617,11.26,11.38,11.0,11.07,11.32,-0.25,-2.2085,249434.01,277883.578
600153.SH,建发股份,20260617,9.3,9.4,9.0,9.09,9.31,-0.22,-2.3631,297801.07,272552.222
600155.SH,华创云信,20260617,5.51,5.62,5.5,5.52,5.55,-0.03,-0.5405,218095.38,120940.827
600156.SH,华升股份,20260617,9.02,9.32,9.01,9.17,9.13,0.04,0.4381,146892.0,134449.647
600157.SH,永泰能源,20260617,1.7,1.7,1.66,1.67,1.7,-0.03,-1.7647,5487740.48,918144.94
600158.SH,中体产业,20260617,8.0,8.01,7.7,7.79,8.06,-0.27,-3.3499,716938.28,558467.996
600159.SH,大龙地产,20260617,2.48,2.5,2.39,2.42,2.49,-0.07,-2.8112,215854.0,52197.648
600160.SH,巨化股份,20260617,45.61,47.77,44.88,47.7,46.7,1.0,2.1413,1165774.85,5387546.014
600161.SH,天坛生物,20260617,12.49,12.5,12.28,12.32,12.46,-0.14,-1.1236,98268.93,121432.785
600162.SH,香江控股,20260617,3.46,3.48,3.16,3.25,3.49,-0.24,-6.8768,2842201.6,930227.211
600163.SH,中闽能源,20260617,5.96,6.0,5.79,5.85,6.01,-0.16,-2.6622,391900.88,229979.404
600165.SH,ST宁科,20260617,2.8,2.8,2.72,2.73,2.83,-0.1,-3.5336,50176.0,13780.693
600166.SH,福田汽车,20260617,3.11,3.28,3.05,3.22,3.1,0.12,3.871,2001659.39,641283.86
600167.SH,联美控股,20260617,6.09,6.11,5.85,5.88,6.11,-0.23,-3.7643,99463.05,58901.741
600168.SH,武汉控股,20260617,4.4,4.4,4.33,4.35,4.42,-0.07,-1.5837,44018.41,19171.987
600169.SH,ST太重,20260617,2.22,2.23,2.19,2.2,2.22,-0.02,-0.9009,107128.8,23662.529
600170.SH,上海建工,20260617,2.41,2.44,2.37,2.42,2.42,0.0,0.0,1468051.29,352319.994
600171.SH,XD上海贝,20260617,26.98,28.09,26.93,27.97,27.31,0.66,2.4167,173774.94,481723.64
600172.SH,黄河旋风,20260617,12.9,13.54,12.7,13.3,12.9,0.4,3.1008,2192650.32,2892126.673
600173.SH,卧龙新能,20260617,6.64,6.67,6.43,6.49,6.72,-0.23,-3.4226,105928.0,68979.764
600176.SH,中国巨石,20260617,49.0,54.6,49.0,54.6,49.64,4.96,9.9919,1309597.57,7036662.812
600177.SH,雅戈尔,20260617,7.42,7.48,7.39,7.39,7.41,-0.02,-0.2699,166631.74,123655.825
600178.SH,东安动力,20260617,9.65,9.87,9.33,9.52,9.74,-0.22,-2.2587,158437.0,150312.755
600179.SH,安通控股,20260617,4.6,4.73,4.54,4.72,4.57,0.15,3.2823,688947.6,320430.257
600180.SH,*ST瑞茂,20260617,1.34,1.4,1.28,1.29,1.34,-0.05,-3.7313,347679.44,46497.451
600182.SH,S佳通,20260617,14.13,14.27,14.0,14.21,14.2,0.01,0.0704,18255.0,25827.591
600183.SH,生益科技,20260617,180.0,191.0,176.0,180.15,179.4,0.75,0.4181,1155608.3,21243646.919
600184.SH,XD光电股,20260617,26.82,27.65,26.46,26.67,27.51,-0.84,-3.0534,318831.02,860653.877
600185.SH,珠免集团,20260617,5.03,5.03,4.84,4.86,5.02,-0.16,-3.1873,171178.66,84153.107
600186.SH,莲花控股,20260617,13.57,14.66,13.54,14.66,13.33,1.33,9.9775,2080087.73,2988177.536
600187.SH,*ST国中,20260617,1.42,1.45,1.4,1.4,1.47,-0.07,-4.7619,474379.0,67052.516
600188.SH,兖矿能源,20260617,20.65,20.81,19.94,20.05,20.82,-0.77,-3.6984,616409.12,1244287.143
600189.SH,泉阳泉,20260617,7.88,7.93,7.7,7.75,7.91,-0.16,-2.0228,82332.2,64038.4
600191.SH,华资实业,20260617,11.1,11.49,11.04,11.33,11.16,0.17,1.5233,84824.63,95539.598
600192.SH,长城电工,20260617,7.9,8.35,7.86,8.35,7.59,0.76,10.0132,294413.89,243748.936
600193.SH,退市创兴,20260617,0.16,0.16,0.15,0.16,0.16,0.0,0.0,80780.33,1252.273
600195.SH,中牧股份,20260617,6.66,6.66,6.41,6.43,6.65,-0.22,-3.3083,68194.69,44317.161
600196.SH,复星医药,20260617,21.8,21.95,21.48,21.58,21.85,-0.27,-1.2357,183187.93,396373.635
600197.SH,伊力特,20260617,10.3,10.31,9.98,10.03,10.3,-0.27,-2.6214,88571.73,89030.92
600198.SH,大唐电信,20260617,9.38,9.39,9.2,9.26,9.63,-0.37,-3.8422,529155.37,491497.222
600199.SH,金种子酒,20260617,6.75,6.78,6.47,6.53,6.77,-0.24,-3.5451,150990.48,98983.751
600201.SH,生物股份,20260617,12.35,12.35,11.82,11.9,12.38,-0.48,-3.8772,202959.35,243426.405
600202.SH,哈空调,20260617,4.95,4.95,4.77,4.82,4.93,-0.11,-2.2312,81813.31,39554.817
600203.SH,福日电子,20260617,12.3,13.02,12.25,12.63,12.53,0.1,0.7981,410294.44,518985.486
600206.SH,有研新材,20260617,38.81,40.78,38.4,39.79,39.11,0.68,1.7387,1675236.18,6646653.382
600207.SH,安彩高科,20260617,6.56,7.05,6.56,6.83,6.66,0.17,2.5526,523358.04,358272.411
600208.SH,衢州发展,20260617,3.09,3.16,3.06,3.09,3.12,-0.03,-0.9615,1397246.85,433111.422
600210.SH,紫江企业,20260617,6.69,6.73,6.64,6.67,6.71,-0.04,-0.5961,101007.83,67429.078
600211.SH,西藏药业,20260617,36.59,36.99,36.33,36.45,36.68,-0.23,-0.627,17871.87,65386.933
600212.SH,绿能慧充,20260617,5.94,6.09,5.77,5.83,5.88,-0.05,-0.8503,127403.01,74938.002
600215.SH,派斯林,20260617,6.43,6.5,6.23,6.31,6.5,-0.19,-2.9231,107339.86,67925.133
600216.SH,浙江医药,20260617,11.95,11.96,11.75,11.77,11.96,-0.19,-1.5886,151658.85,179300.101
600217.SH,中再资环,20260617,3.16,3.16,3.06,3.07,3.17,-0.1,-3.1546,139551.26,43054.938
600218.SH,全柴动力,20260617,8.04,8.07,7.88,7.91,8.08,-0.17,-2.104,41446.02,32855.499
600219.SH,南山铝业,20260617,4.67,4.72,4.59,4.63,4.69,-0.06,-1.2793,1409383.73,655238.271
600221.SH,海航控股,20260617,1.51,1.52,1.47,1.48,1.49,-0.01,-0.6711,3615786.6,537667.38
600222.SH,太龙药业,20260617,8.05,8.33,7.85,7.88,8.1,-0.22,-2.716,211942.56,169327.905
600223.SH,福瑞达,20260617,5.5,5.5,5.31,5.34,5.5,-0.16,-2.9091,89305.56,47844.008
600226.SH,亨通股份,20260617,8.7,9.17,8.57,8.87,8.75,0.12,1.3714,3036107.19,2688907.055
600227.SH,赤天化,20260617,2.82,2.82,2.68,2.69,2.83,-0.14,-4.947,817734.68,222554.926
600229.SH,城市传媒,20260617,5.5,5.52,5.31,5.32,5.55,-0.23,-4.1441,179021.5,96315.161
600230.SH,沧州大化,20260617,14.85,14.91,14.51,14.68,14.9,-0.22,-1.4765,87506.75,128164.295
600231.SH,凌钢股份,20260617,1.88,1.88,1.82,1.83,1.88,-0.05,-2.6596,99696.05,18306.049
600232.SH,金鹰股份,20260617,7.05,7.05,6.74,6.76,7.02,-0.26,-3.7037,51206.0,34993.251
600233.SH,圆通速递,20260617,16.59,16.73,16.4,16.64,16.58,0.06,0.3619,153926.14,255508.499
600234.SH,科新发展,20260617,26.65,27.9,26.22,27.3,26.75,0.55,2.0561,44013.0,119080.839
600235.SH,民丰特纸,20260617,5.48,5.51,5.33,5.37,5.51,-0.14,-2.5408,51981.0,27962.345
600236.SH,桂冠电力,20260617,9.5,9.92,9.3,9.81,9.58,0.23,2.4008,237509.0,228810.758
600237.SH,铜峰电子,20260617,11.23,12.56,11.23,12.56,11.42,1.14,9.9825,741672.27,912731.33
600238.SH,*ST椰岛,20260617,4.97,4.98,4.86,4.93,4.97,-0.04,-0.8048,28348.0,13910.323
600239.SH,ST云城,20260617,1.43,1.44,1.38,1.39,1.43,-0.04,-2.7972,208620.0,29325.477
600241.SH,时代万恒,20260617,7.29,7.42,6.97,7.09,7.28,-0.19,-2.6099,87466.0,62610.307
600243.SH,*ST海华,20260617,3.86,3.95,3.76,3.84,3.81,0.03,0.7874,90495.97,34743.92
600246.SH,万通发展,20260617,16.88,17.84,16.46,17.61,16.78,0.83,4.9464,1492010.07,2575918.801
600248.SH,陕建股份,20260617,2.95,2.96,2.86,2.93,2.95,-0.02,-0.678,188608.05,54894.56
600249.SH,两面针,20260617,5.25,5.26,5.08,5.1,5.29,-0.19,-3.5917,105088.5,53987.178
600250.SH,南京商旅,20260617,8.7,8.73,8.41,8.42,8.72,-0.3,-3.4404,73212.0,62197.642
600251.SH,冠农股份,20260617,9.78,9.8,9.43,9.51,9.83,-0.32,-3.2553,92651.35,88680.79
600252.SH,中恒集团,20260617,1.98,2.0,1.94,1.97,1.99,-0.02,-1.005,413201.2,81032.268
600255.SH,鑫科材料,20260617,4.33,4.47,4.32,4.37,4.43,-0.06,-1.3544,2070635.68,908311.233
600256.SH,广汇能源,20260617,5.55,5.55,5.35,5.4,5.6,-0.2,-3.5714,1464635.34,791446.451
600257.SH,大湖股份,20260617,4.94,5.0,4.8,4.82,4.95,-0.13,-2.6263,103272.89,50060.75
600258.SH,首旅酒店,20260617,12.85,12.9,12.57,12.64,12.85,-0.21,-1.6342,101193.0,128088.576
600259.SH,中稀有色,20260617,106.0,111.11,104.3,105.71,106.14,-0.43,-0.4051,285403.38,3063675.699
600261.SH,阳光照明,20260617,3.17,3.38,3.14,3.29,3.18,0.11,3.4591,261944.84,85745.167
600262.SH,北方股份,20260617,22.05,22.09,21.57,21.82,22.05,-0.23,-1.0431,21507.0,46778.739
600265.SH,*ST景谷,20260617,22.85,23.18,21.88,22.1,23.02,-0.92,-3.9965,20766.0,46460.36
600266.SH,城建发展,20260617,4.32,4.35,4.26,4.29,4.35,-0.06,-1.3793,249529.77,107023.875
600267.SH,海正药业,20260617,9.72,9.78,9.56,9.65,9.76,-0.11,-1.127,84903.06,81738.562
600268.SH,国电南自,20260617,12.62,12.67,12.41,12.53,12.64,-0.11,-0.8703,129791.28,162528.129
600269.SH,赣粤高速,20260617,4.11,4.12,4.07,4.09,4.11,-0.02,-0.4866,110832.51,45313.276
600271.SH,航天信息,20260617,7.06,7.11,6.99,7.03,7.11,-0.08,-1.1252,113552.62,79865.237
600272.SH,开开实业,20260617,10.96,10.96,10.77,10.8,11.0,-0.2,-1.8182,22267.0,24145.135
600273.SH,嘉化能源,20260617,7.0,7.04,6.92,6.95,7.04,-0.09,-1.2784,136254.39,94681.496
600276.SH,恒瑞医药,20260617,47.37,47.66,46.78,46.99,47.35,-0.36,-0.7603,518238.62,2440284.436
600278.SH,东方创业,20260617,6.25,6.46,6.14,6.34,6.28,0.06,0.9554,87493.0,55408.257
600279.SH,重庆港,20260617,4.15,4.16,4.04,4.05,4.18,-0.13,-3.11,183334.5,74791.396
600280.SH,中央商场,20260617,3.15,3.15,2.96,2.97,3.11,-0.14,-4.5016,642751.0,192925.423
600281.SH,华阳新材,20260617,4.95,4.99,4.5,4.54,4.95,-0.41,-8.2828,210719.0,97960.43
600282.SH,南钢股份,20260617,4.88,4.89,4.74,4.77,4.85,-0.08,-1.6495,331519.75,158824.552
600283.SH,钱江水利,20260617,8.38,8.38,8.18,8.2,8.34,-0.14,-1.6787,22541.02,18556.437
600284.SH,浦东建设,20260617,5.3,5.3,5.08,5.17,5.28,-0.11,-2.0833,142004.2,73142.232
600285.SH,羚锐制药,20260617,20.67,20.67,20.35,20.45,20.67,-0.22,-1.0643,39456.66,80641.242
600287.SH,苏豪时尚,20260617,4.8,4.81,4.65,4.67,4.8,-0.13,-2.7083,29663.0,13955.786
600288.SH,大恒科技,20260617,13.06,13.33,12.97,13.18,13.1,0.08,0.6107,70229.76,92592.197
600289.SH,ST信通,20260617,5.53,5.58,5.33,5.47,5.53,-0.06,-1.085,35894.0,19411.102
600292.SH,电投水电,20260617,14.35,14.39,13.8,13.94,14.22,-0.28,-1.9691,158623.03,222272.819
600293.SH,三峡新材,20260617,3.75,3.94,3.72,3.88,3.79,0.09,2.3747,1552333.24,599677.826
600295.SH,XD鄂尔多,20260617,13.1,13.13,12.65,12.74,13.14,-0.4,-3.0441,91702.88,118133.494
600298.SH,安琪酵母,20260617,34.73,34.98,33.61,33.86,34.73,-0.87,-2.505,106073.99,359921.026
600299.SH,安迪苏,20260617,9.76,9.99,9.69,9.82,9.78,0.04,0.409,138754.4,136368.103
600300.SH,维维股份,20260617,3.06,3.07,2.98,3.0,3.07,-0.07,-2.2801,213787.0,64252.848
600301.SH,华锡有色,20260617,66.08,68.1,65.0,66.41,67.21,-0.8,-1.1903,168672.0,1120189.994
600302.SH,ST标准,20260617,10.25,10.25,9.6,9.6,10.11,-0.51,-5.0445,60683.0,59247.167
600303.SH,曙光股份,20260617,2.88,2.9,2.74,2.77,2.92,-0.15,-5.137,495147.16,139036.981
600305.SH,恒顺醋业,20260617,6.8,6.8,6.66,6.67,6.81,-0.14,-2.0558,75357.32,50403.356
600307.SH,酒钢宏兴,20260617,1.54,1.55,1.5,1.51,1.55,-0.04,-2.5806,403211.69,61068.422
600308.SH,华泰股份,20260617,3.34,3.34,3.24,3.25,3.34,-0.09,-2.6946,95552.2,31278.619
600309.SH,万华化学,20260617,70.0,71.12,69.0,70.79,70.07,0.72,1.0275,332980.46,2328817.794
600310.SH,广西能源,20260617,4.84,4.86,4.61,4.67,4.84,-0.17,-3.5124,824216.45,387453.972
600312.SH,平高电气,20260617,19.11,19.3,18.87,19.01,19.26,-0.25,-1.298,164511.91,313148.475
600313.SH,农发种业,20260617,5.81,5.83,5.69,5.71,5.79,-0.08,-1.3817,149492.0,85550.177
600315.SH,上海家化,20260617,18.45,18.45,17.92,18.13,18.47,-0.34,-1.8408,44276.64,80178.561
600316.SH,洪都航空,20260617,27.19,27.28,26.5,26.72,27.15,-0.43,-1.5838,85273.89,228556.913
600318.SH,新力金融,20260617,6.5,6.57,6.38,6.4,6.52,-0.12,-1.8405,100308.19,64698.908
600319.SH,亚星化学,20260617,6.85,6.98,6.75,6.78,6.98,-0.2,-2.8653,30990.45,21139.689
600320.SH,振华重工,20260617,4.49,4.57,4.45,4.52,4.48,0.04,0.8929,321466.36,145297.585
600322.SH,津投城开,20260617,2.5,2.51,2.4,2.42,2.5,-0.08,-3.2,445200.0,107910.731
600323.SH,瀚蓝环境,20260617,28.7,29.2,28.46,28.85,28.89,-0.04,-0.1385,65986.61,190794.523
600325.SH,华发股份,20260617,2.54,2.56,2.5,2.53,2.56,-0.03,-1.1719,424388.37,107213.475
600326.SH,西藏天路,20260617,7.24,7.26,7.07,7.15,7.25,-0.1,-1.3793,203564.39,145380.468
600327.SH,大东方,20260617,3.44,3.44,3.32,3.35,3.45,-0.1,-2.8986,106705.87,35917.271
600328.SH,中盐化工,20260617,6.9,6.91,6.68,6.72,6.91,-0.19,-2.7496,167932.51,113222.892
600329.SH,达仁堂,20260617,38.23,38.28,37.68,37.73,38.23,-0.5,-1.3079,21446.0,81192.505
600330.SH,天通股份,20260617,31.7,33.8,31.68,33.41,32.39,1.02,3.1491,1390896.31,4576435.892
600331.SH,宏达股份,20260617,12.88,13.29,12.7,13.04,12.92,0.12,0.9288,358871.7,467837.056
600332.SH,白云山,20260617,21.18,21.18,20.91,21.11,21.15,-0.04,-0.1891,54313.78,114194.224
600333.SH,长春燃气,20260617,5.5,5.61,5.45,5.57,5.5,0.07,1.2727,116021.55,64296.222
600335.SH,国机汽车,20260617,5.22,5.29,5.15,5.22,5.24,-0.02,-0.3817,83965.04,43820.497
600336.SH,澳柯玛,20260617,7.03,7.05,6.9,6.97,7.07,-0.1,-1.4144,106420.68,74121.978
600337.SH,ST美克,20260617,3.05,3.06,2.9,2.96,3.03,-0.07,-2.3102,234346.0,69481.423
600338.SH,西藏珠峰,20260617,18.35,18.52,17.74,17.91,18.43,-0.52,-2.8215,757405.13,1370440.724
600339.SH,中油工程,20260617,3.28,3.38,3.24,3.36,3.3,0.06,1.8182,602367.21,199341.304
600340.SH,*ST华幸,20260617,1.32,1.34,1.28,1.28,1.33,-0.05,-3.7594,674634.0,88006.029
600343.SH,航天动力,20260617,24.17,25.15,24.12,24.5,24.42,0.08,0.3276,288229.74,710649.493
600345.SH,长江通信,20260617,62.0,64.6,59.89,60.53,63.7,-3.17,-4.9765,225148.0,1384804.57
600346.SH,恒力石化,20260617,17.52,18.4,17.5,17.82,17.77,0.05,0.2814,463593.01,829623.987
600348.SH,华阳股份,20260617,8.57,8.57,8.44,8.46,8.58,-0.12,-1.3986,227663.16,193173.582
600350.SH,山东高速,20260617,11.04,11.48,11.02,11.34,11.06,0.28,2.5316,113794.37,129059.851
600351.SH,亚宝药业,20260617,6.14,6.17,6.01,6.04,6.18,-0.14,-2.2654,86018.71,52141.676
600352.SH,浙江龙盛,20260617,11.66,12.35,11.57,11.96,11.68,0.28,2.3973,887865.24,1067059.754
600353.SH,旭光电子,20260617,38.19,38.19,37.38,38.19,34.72,3.47,9.9942,291707.02,1113021.726
600354.SH,敦煌种业,20260617,5.22,5.23,5.05,5.07,5.22,-0.15,-2.8736,129551.0,65991.869
600356.SH,恒丰纸业,20260617,8.27,8.32,8.09,8.13,8.3,-0.17,-2.0482,49136.0,40160.969
600358.SH,国旅联合,20260617,5.68,5.68,5.51,5.57,5.69,-0.12,-2.109,77633.0,43110.474
600359.SH,新农开发,20260617,6.2,6.23,6.03,6.04,6.23,-0.19,-3.0498,52454.0,31914.489
600360.SH,华微电子,20260617,11.38,12.29,11.32,12.18,11.61,0.57,4.9096,852352.95,1020824.344
600361.SH,创新新材,20260617,4.25,4.25,4.04,4.08,4.22,-0.14,-3.3175,647693.0,266128.055
600362.SH,江西铜业,20260617,47.0,48.75,45.7,48.46,46.5,1.96,4.2151,704755.1,3343748.474
600363.SH,联创光电,20260617,34.9,35.5,34.38,34.61,35.27,-0.66,-1.8713,142442.49,495669.867
600365.SH,ST通葡,20260617,2.5,2.53,2.44,2.45,2.53,-0.08,-3.1621,56993.0,14076.816
600366.SH,宁波韵升,20260617,14.28,14.32,13.98,14.08,14.39,-0.31,-2.1543,973597.63,1376562.953
600367.SH,红星发展,20260617,56.17,62.18,55.56,57.1,56.53,0.57,1.0083,654534.82,3826750.275
600368.SH,五洲交通,20260617,3.72,3.74,3.62,3.65,3.74,-0.09,-2.4064,134881.45,49572.915
600369.SH,西南证券,20260617,4.08,4.11,4.04,4.07,4.08,-0.01,-0.2451,288257.66,117310.309
600370.SH,*ST三房,20260617,1.63,1.66,1.62,1.66,1.58,0.08,5.0633,195086.5,32158.541
600371.SH,万向德农,20260617,6.88,6.88,6.65,6.66,6.89,-0.23,-3.3382,46969.3,31503.264
600372.SH,中航机载,20260617,11.05,11.14,10.95,11.11,11.08,0.03,0.2708,287787.48,318144.89
600373.SH,中文传媒,20260617,7.51,7.53,7.39,7.47,7.5,-0.03,-0.4,51607.13,38515.253
600375.SH,汉马科技,20260617,4.22,4.25,4.06,4.09,4.23,-0.14,-3.3097,436435.0,181350.618
600376.SH,首开股份,20260617,3.5,3.51,3.41,3.43,3.52,-0.09,-2.5568,469594.2,161936.929
600377.SH,宁沪高速,20260617,12.05,12.2,12.01,12.15,12.05,0.1,0.8299,101414.34,122999.65
600378.SH,昊华科技,20260617,57.0,63.8,55.14,63.8,58.0,5.8,10.0,1140441.68,6959652.993
600379.SH,宝光股份,20260617,12.42,12.58,12.25,12.29,12.54,-0.25,-1.9936,116823.76,144518.366
600380.SH,健康元,20260617,9.87,9.93,9.74,9.78,9.91,-0.13,-1.3118,103766.39,101656.364
600381.SH,*ST春天,20260617,5.05,5.05,4.8,4.8,5.05,-0.25,-4.9505,72316.82,35208.221
600382.SH,广东明珠,20260617,8.2,8.44,8.1,8.17,8.35,-0.18,-2.1557,290547.7,238611.52
600383.SH,金地集团,20260617,2.46,2.48,2.38,2.42,2.46,-0.04,-1.626,611364.53,148096.232
600386.SH,北巴传媒,20260617,3.42,3.44,3.31,3.34,3.45,-0.11,-3.1884,89920.8,30074.175
600388.SH,龙净环保,20260617,16.54,16.91,16.32,16.85,16.52,0.33,1.9976,119291.92,199418.306
600389.SH,江山股份,20260617,23.5,23.5,22.5,22.71,23.33,-0.62,-2.6575,57168.25,130544.005
600390.SH,五矿资本,20260617,4.8,4.84,4.74,4.77,4.81,-0.04,-0.8316,325075.24,155527.814
600391.SH,航发科技,20260617,34.53,35.06,34.03,34.53,34.6,-0.07,-0.2023,99869.71,344652.9
600392.SH,盛和资源,20260617,29.03,29.92,28.28,28.78,29.03,-0.25,-0.8612,2590123.77,7527702.812
600395.SH,盘江股份,20260617,5.29,5.29,5.01,5.04,5.25,-0.21,-4.0,371926.51,190163.662
600396.SH,华电辽能,20260617,18.65,19.2,17.67,17.8,18.55,-0.75,-4.0431,2199749.98,3993202.145
600397.SH,江钨装备,20260617,17.11,18.36,16.51,18.36,16.69,1.67,10.006,1457804.91,2570234.408
600398.SH,海澜之家,20260617,5.76,5.8,5.65,5.67,5.79,-0.12,-2.0725,278904.98,158804.694
600399.SH,抚顺特钢,20260617,4.37,4.38,4.24,4.26,4.37,-0.11,-2.5172,336313.46,144427.754
600400.SH,红豆股份,20260617,2.7,2.83,2.62,2.67,2.72,-0.05,-1.8382,436523.46,117233.523
600403.SH,大有能源,20260617,6.52,6.53,6.16,6.22,6.62,-0.4,-6.0423,1295371.08,813785.93
600405.SH,动力源,20260617,4.2,4.22,4.03,4.04,4.22,-0.18,-4.2654,152100.82,62217.724
600406.SH,国电南瑞,20260617,23.54,23.56,23.12,23.32,23.54,-0.22,-0.9346,626703.98,1456848.561
600408.SH,安泰集团,20260617,2.79,2.79,2.64,2.66,2.79,-0.13,-4.6595,582217.0,156013.822
600409.SH,三友化工,20260617,6.52,6.66,6.27,6.31,6.55,-0.24,-3.6641,317491.69,204701.468
600410.SH,华胜天成,20260617,17.8,17.98,17.6,17.74,18.03,-0.29,-1.6084,464124.12,823662.435
600415.SH,小商品城,20260617,11.68,11.76,11.2,11.35,11.78,-0.43,-3.6503,869102.51,990190.245
600416.SH,湘电股份,20260617,10.77,11.57,10.55,11.17,10.77,0.4,3.714,578051.86,638195.972
600418.SH,江淮汽车,20260617,32.8,32.8,31.45,31.68,33.09,-1.41,-4.2611,630138.9,2009705.747
600419.SH,天润乳业,20260617,7.98,8.01,7.81,7.87,8.0,-0.13,-1.625,44229.6,34803.297
600420.SH,国药现代,20260617,8.47,8.47,8.36,8.37,8.48,-0.11,-1.2972,51026.62,42835.798
600421.SH,退市华嵘,20260617,0.26,0.27,0.26,0.26,0.27,-0.01,-3.7037,64321.62,1717.444
600422.SH,昆药集团,20260617,8.39,8.39,8.18,8.2,8.38,-0.18,-2.148,53669.34,44203.908
600423.SH,*ST柳化,20260617,2.5,2.51,2.37,2.37,2.49,-0.12,-4.8193,89787.0,21612.881
600425.SH,青松建化,20260617,3.55,3.57,3.49,3.55,3.55,0.0,0.0,109996.42,38807.557
600426.SH,华鲁恒升,20260617,27.19,27.25,25.85,26.24,27.01,-0.77,-2.8508,533351.62,1398085.492
600428.SH,中远海特,20260617,7.94,8.08,7.88,7.96,7.93,0.03,0.3783,267773.24,214241.939
600429.SH,三元股份,20260617,4.43,4.46,4.28,4.29,4.45,-0.16,-3.5955,127804.34,55379.351
600433.SH,冠豪高新,20260617,3.52,3.52,3.35,3.4,3.52,-0.12,-3.4091,451242.0,153697.927
600435.SH,北方导航,20260617,12.09,12.1,11.82,11.88,12.12,-0.24,-1.9802,193137.81,229847.018
600436.SH,片仔癀,20260617,116.0,116.0,113.88,114.6,116.12,-1.52,-1.309,31720.38,363239.482
600438.SH,通威股份,20260617,13.45,13.53,13.12,13.18,13.51,-0.33,-2.4426,488494.06,645916.254
600439.SH,瑞贝卡,20260617,2.23,2.24,2.19,2.2,2.24,-0.04,-1.7857,190824.84,42049.376
600444.SH,国机通用,20260617,14.34,14.35,13.87,13.92,14.34,-0.42,-2.9289,24892.0,34843.417
600446.SH,金证股份,20260617,11.68,11.81,11.32,11.44,11.75,-0.31,-2.6383,156962.39,180926.004
600448.SH,华纺股份,20260617,2.81,2.82,2.71,2.75,2.81,-0.06,-2.1352,163549.2,44923.329
600449.SH,宁夏建材,20260617,13.08,13.16,12.89,12.92,13.05,-0.13,-0.9962,36586.16,47427.191
600452.SH,涪陵电力,20260617,10.5,10.59,10.29,10.34,10.51,-0.17,-1.6175,290061.56,301700.236
600455.SH,博通股份,20260617,23.82,24.02,23.25,23.39,23.88,-0.49,-2.0519,15568.96,36625.474
600456.SH,宝钛股份,20260617,30.25,30.8,30.08,30.33,30.49,-0.16,-0.5248,72295.73,219398.978
600458.SH,时代新材,20260617,17.47,17.57,16.39,17.08,17.49,-0.41,-2.3442,888497.57,1500204.492
600459.SH,贵研铂业,20260617,27.2,27.36,26.2,26.52,27.68,-1.16,-4.1908,695871.44,1853553.264
600460.SH,士兰微,20260617,37.84,41.15,37.84,40.83,38.28,2.55,6.6614,2022437.17,8105496.511
600461.SH,洪城环境,20260617,9.2,9.36,9.15,9.35,9.21,0.14,1.5201,88573.63,82230.7
600463.SH,空港股份,20260617,8.84,8.9,8.45,8.49,8.88,-0.39,-4.3919,44021.58,37939.834
600467.SH,好当家,20260617,2.19,2.21,2.15,2.17,2.19,-0.02,-0.9132,157792.0,34172.535
600468.SH,百利电气,20260617,5.98,6.07,5.83,5.87,6.04,-0.17,-2.8146,206463.4,122119.735
600469.SH,风神股份,20260617,5.68,5.73,5.58,5.63,5.76,-0.13,-2.2569,53455.0,30119.838
600470.SH,六国化工,20260617,5.8,5.82,5.51,5.55,5.89,-0.34,-5.7725,320201.58,180065.597
600475.SH,XD华光环,20260617,15.96,15.96,15.41,15.48,15.92,-0.44,-2.7638,87638.1,136616.097
600476.SH,*ST湘邮,20260617,10.26,10.35,9.88,9.99,10.4,-0.41,-3.9423,24893.0,25062.573
600477.SH,杭萧钢构,20260617,2.62,2.63,2.56,2.57,2.61,-0.04,-1.5326,206408.87,53196.756
600478.SH,科力远,20260617,5.99,5.99,5.78,5.83,6.06,-0.23,-3.7954,536111.78,314123.213
600479.SH,千金药业,20260617,9.67,9.68,9.52,9.53,9.7,-0.17,-1.7526,42402.4,40648.26
600480.SH,凌云股份,20260617,10.02,10.02,9.74,9.84,10.1,-0.26,-2.5743,185276.06,182470.56
600481.SH,双良节能,20260617,4.96,5.1,4.88,5.04,5.0,0.04,0.8,1007708.06,503072.34
600482.SH,中国动力,20260617,31.43,32.81,31.24,31.86,31.39,0.47,1.4973,367989.19,1179717.084
600483.SH,福能股份,20260617,11.65,11.7,11.45,11.6,11.65,-0.05,-0.4292,292842.23,338623.119
600486.SH,扬农化工,20260617,55.65,56.18,54.77,55.28,55.65,-0.37,-0.6649,53628.9,296159.624
600487.SH,亨通光电,20260617,104.11,111.41,104.0,111.0,107.5,3.5,3.2558,2169531.38,23269773.515
600488.SH,津药药业,20260617,4.76,4.78,4.57,4.6,4.77,-0.17,-3.5639,590680.43,272960.532
600489.SH,中金黄金,20260617,22.79,22.85,22.27,22.7,22.52,0.18,0.7993,475283.84,1071243.202
600490.SH,鹏欣资源,20260617,7.54,7.68,7.33,7.39,7.56,-0.17,-2.2487,350781.1,262400.281
600491.SH,ST龙元,20260617,1.31,1.32,1.26,1.27,1.32,-0.05,-3.7879,288075.0,37002.701
600493.SH,凤竹纺织,20260617,5.96,5.96,5.7,5.73,5.95,-0.22,-3.6975,56653.0,32749.397
600495.SH,晋西车轴,20260617,3.73,3.81,3.69,3.75,3.78,-0.03,-0.7937,116487.85,43418.19
600496.SH,精工钢构,20260617,3.49,3.5,3.4,3.45,3.48,-0.03,-0.8621,249174.2,85520.538
600497.SH,驰宏锌锗,20260617,10.04,10.43,9.88,10.1,10.07,0.03,0.2979,2341410.33,2380512.618
600498.SH,烽火通信,20260617,73.0,79.7,72.8,76.68,74.0,2.68,3.6216,1539011.59,11814718.776
600499.SH,XD科达制,20260617,15.6,15.78,15.42,15.62,15.56,0.06,0.3856,159193.3,248211.595
600500.SH,中化国际,20260617,9.46,9.85,8.74,9.2,9.06,0.14,1.5453,5885757.6,5478953.506
600501.SH,航天晨光,20260617,17.76,17.91,17.22,17.38,17.76,-0.38,-2.1396,70153.38,122704.905
600502.SH,安徽建工,20260617,4.75,4.83,4.7,4.79,4.75,0.04,0.8421,290261.21,138077.586
600503.SH,华丽家族,20260617,2.34,2.36,2.24,2.25,2.36,-0.11,-4.661,536491.02,122280.002
600505.SH,西昌电力,20260617,14.26,14.49,13.98,13.99,14.5,-0.51,-3.5172,217943.9,308722.275
600506.SH,统一股份,20260617,16.0,16.1,15.65,15.7,16.13,-0.43,-2.6658,49990.4,79018.099
600507.SH,方大特钢,20260617,4.18,4.2,4.09,4.11,4.18,-0.07,-1.6746,226420.73,93316.117
600508.SH,DR上海能,20260617,8.88,8.89,8.47,8.58,8.91,-0.33,-3.7037,123731.35,106786.786
600509.SH,天富能源,20260617,8.71,8.79,8.51,8.61,8.71,-0.1,-1.1481,352907.44,303641.598
600510.SH,黑牡丹,20260617,7.99,8.42,7.96,8.14,8.05,0.09,1.118,167576.29,137162.658
600511.SH,国药股份,20260617,27.8,28.09,27.78,27.94,27.9,0.04,0.1434,41925.01,117218.98
600512.SH,腾达建设,20260617,2.06,2.06,2.01,2.03,2.06,-0.03,-1.4563,162272.0,32898.081
600513.SH,联环药业,20260617,16.18,16.18,15.81,15.85,16.2,-0.35,-2.1605,74618.0,118685.934
600515.SH,海南机场,20260617,2.99,3.01,2.91,2.92,3.0,-0.08,-2.6667,857653.87,251908.259
600516.SH,方大炭素,20260617,5.96,6.18,5.82,6.08,6.03,0.05,0.8292,1622546.32,971151.021
600517.SH,国网英大,20260617,5.03,5.04,4.93,4.98,5.03,-0.05,-0.994,186309.02,92539.283
600518.SH,康美药业,20260617,1.36,1.37,1.33,1.36,1.36,0.0,0.0,2428685.95,328167.602
600519.SH,贵州茅台,20260617,1258.0,1259.77,1238.56,1240.0,1255.67,-15.67,-1.2479,44803.3,5581256.291
600520.SH,三佳科技,20260617,30.09,31.13,29.8,30.84,30.24,0.6,1.9841,126833.57,387823.153
600521.SH,华海药业,20260617,14.33,14.43,14.23,14.29,14.36,-0.07,-0.4875,82047.7,117246.573
600522.SH,中天科技,20260617,52.65,56.32,52.63,54.91,54.15,0.76,1.4035,3096590.27,16944144.744
600523.SH,贵航股份,20260617,11.35,11.35,11.04,11.16,11.31,-0.15,-1.3263,30287.07,33708.612
600525.SH,ST长园,20260617,5.09,5.21,4.99,5.09,5.13,-0.04,-0.7797,125249.4,63851.856
600526.SH,菲达环保,20260617,4.5,4.51,4.37,4.4,4.49,-0.09,-2.0045,79210.02,34983.278
600527.SH,江南高纤,20260617,2.36,2.49,2.33,2.41,2.38,0.03,1.2605,949288.5,230068.045
600528.SH,中铁工业,20260617,7.08,7.26,7.0,7.17,7.09,0.08,1.1283,176383.61,125544.261
600529.SH,山东药玻,20260617,18.79,19.37,18.71,19.13,18.9,0.23,1.2169,143086.28,273768.049
600530.SH,交大昂立,20260617,5.95,5.96,5.78,5.92,5.95,-0.03,-0.5042,96242.0,56377.281
600531.SH,豫光金铅,20260617,13.63,13.75,13.26,13.43,13.66,-0.23,-1.6837,530444.48,713816.657
600533.SH,栖霞建设,20260617,2.12,2.13,2.04,2.05,2.13,-0.08,-3.7559,162513.01,33524.829
600535.SH,天士力,20260617,14.17,14.21,14.07,14.1,14.21,-0.11,-0.7741,56214.52,79408.003
600536.SH,中国软件,20260617,28.58,29.26,28.12,29.11,28.68,0.43,1.4993,235280.11,675409.218
600537.SH,*ST亿晶,20260617,2.99,2.99,2.99,2.99,2.85,0.14,4.9123,53066.2,15866.794
600538.SH,国发股份,20260617,5.87,5.95,5.34,5.78,5.93,-0.15,-2.5295,309321.0,175721.522
600539.SH,狮头股份,20260617,16.2,16.2,15.76,16.04,16.06,-0.02,-0.1245,145531.76,232318.028
600540.SH,新赛股份,20260617,4.34,4.37,4.2,4.24,4.3,-0.06,-1.3953,191236.67,81236.379
600543.SH,*ST莫高,20260617,4.19,4.2,4.08,4.12,4.2,-0.08,-1.9048,31079.4,12814.991
600545.SH,卓郎智能,20260617,6.65,6.91,6.4,6.59,6.58,0.01,0.152,2161486.37,1444278.005
600546.SH,山煤国际,20260617,12.7,12.84,12.47,12.55,12.72,-0.17,-1.3365,193764.69,244638.154
600547.SH,山东黄金,20260617,28.42,28.66,27.96,28.26,28.25,0.01,0.0354,377580.58,1066944.975
600548.SH,深高速,20260617,8.6,8.6,8.5,8.53,8.6,-0.07,-0.814,21071.93,17960.889
600549.SH,厦门钨业,20260617,80.0,82.89,76.8,80.84,78.41,2.43,3.0991,1665609.21,13306740.892
600550.SH,保变电气,20260617,13.3,13.3,12.71,12.8,13.46,-0.66,-4.9034,610221.85,785815.878
600551.SH,时代出版,20260617,7.35,7.38,7.15,7.2,7.37,-0.17,-2.3066,34812.2,25122.552
600552.SH,凯盛科技,20260617,21.8,24.13,21.7,24.13,21.94,2.19,9.9818,671930.98,1581555.397
600556.SH,天下秀,20260617,4.93,4.96,4.76,4.8,4.99,-0.19,-3.8076,470203.86,227065.328
600557.SH,康缘药业,20260617,12.08,12.11,11.84,11.88,12.07,-0.19,-1.5742,29529.96,35213.42
600558.SH,大西洋,20260617,5.51,5.68,5.35,5.53,5.53,0.0,0.0,233568.5,128257.39
600559.SH,老白干酒,20260617,12.3,12.35,11.97,12.1,12.25,-0.15,-1.2245,77619.84,93768.279
600560.SH,金自天正,20260617,12.09,12.38,11.78,12.05,12.12,-0.07,-0.5776,45276.0,54349.847
600561.SH,江西长运,20260617,5.54,5.54,5.33,5.43,5.52,-0.09,-1.6304,59452.0,32315.678
600562.SH,国睿科技,20260617,21.8,22.32,21.7,21.84,21.88,-0.04,-0.1828,76739.0,168406.637
600563.SH,法拉电子,20260617,168.29,172.23,165.55,170.05,168.29,1.76,1.0458,94797.7,1604561.05
600566.SH,济川药业,20260617,26.5,26.69,26.17,26.25,26.58,-0.33,-1.2415,33778.37,89146.474
600567.SH,山鹰国际,20260617,1.4,1.41,1.34,1.35,1.39,-0.04,-2.8777,1597430.35,217433.415
600568.SH,ST中珠,20260617,2.51,2.53,2.4,2.42,2.51,-0.09,-3.5857,158741.8,38643.482
600569.SH,安阳钢铁,20260617,1.8,1.81,1.76,1.77,1.81,-0.04,-2.2099,148195.89,26330.268
600570.SH,恒生电子,20260617,22.57,22.57,22.2,22.5,22.58,-0.08,-0.3543,219326.51,491379.848
600571.SH,信雅达,20260617,10.59,10.68,10.42,10.55,10.69,-0.14,-1.3096,61800.05,65104.056
600572.SH,康恩贝,20260617,4.13,4.14,4.1,4.11,4.12,-0.01,-0.2427,209804.71,86271.343
600573.SH,惠泉啤酒,20260617,12.02,12.05,11.66,11.68,12.27,-0.59,-4.8085,186812.3,219970.812
600575.SH,淮河能源,20260617,3.77,3.8,3.66,3.72,3.78,-0.06,-1.5873,680631.7,253527.707
600576.SH,祥源文旅,20260617,5.95,5.96,5.72,5.75,5.99,-0.24,-4.0067,238027.23,137994.47
600577.SH,精达股份,20260617,11.7,12.02,11.61,11.84,11.8,0.04,0.339,542794.88,642657.238
600578.SH,京能电力,20260617,8.26,8.33,7.81,8.02,8.16,-0.14,-1.7157,2602209.42,2105993.594
600579.SH,中化装备,20260617,6.78,7.5,6.52,7.5,6.82,0.68,9.9707,205245.76,141947.735
600580.SH,卧龙电驱,20260617,35.11,35.5,34.7,34.9,35.35,-0.45,-1.273,317827.73,1111233.005
600581.SH,*ST八钢,20260617,2.56,2.56,2.5,2.53,2.56,-0.03,-1.1719,84428.4,21331.478
600582.SH,天地科技,20260617,5.1,5.13,4.87,5.01,5.11,-0.1,-1.9569,326068.41,162703.359
600583.SH,海油工程,20260617,5.43,5.44,5.35,5.41,5.4,0.01,0.1852,283425.01,152542.787
600584.SH,长电科技,20260617,76.0,82.83,76.0,81.76,76.93,4.83,6.2784,2228067.26,18015771.097
600585.SH,海螺水泥,20260617,18.23,18.44,18.08,18.24,18.23,0.01,0.0549,322154.33,587462.619
600586.SH,金晶科技,20260617,4.85,5.24,4.83,5.03,4.88,0.15,3.0738,646865.56,328583.658
600587.SH,新华医疗,20260617,12.44,12.44,12.16,12.19,12.44,-0.25,-2.0096,62894.66,76916.694
600588.SH,用友网络,20260617,9.93,9.94,9.63,9.78,9.95,-0.17,-1.7085,446316.21,433889.98
600589.SH,大位科技,20260617,10.01,10.58,9.82,10.24,10.02,0.22,2.1956,1246655.77,1274031.158
600590.SH,泰豪科技,20260617,11.77,12.16,11.71,11.84,11.9,-0.06,-0.5042,239941.76,285508.722
600592.SH,龙溪股份,20260617,15.83,15.83,15.32,15.38,16.05,-0.67,-4.1745,107557.55,166775.975
600593.SH,大连圣亚,20260617,39.8,40.12,37.86,38.18,39.89,-1.71,-4.2868,75459.0,290866.501
600594.SH,益佰制药,20260617,3.22,3.25,3.13,3.15,3.24,-0.09,-2.7778,155604.23,49185.43
600595.SH,中孚实业,20260617,6.37,6.42,6.2,6.24,6.35,-0.11,-1.7323,907362.8,570379.351
600596.SH,新安股份,20260617,15.6,16.43,15.0,15.99,15.91,0.08,0.5028,1022731.29,1607072.978
600597.SH,光明乳业,20260617,6.66,6.67,6.52,6.58,6.66,-0.08,-1.2012,77690.08,51051.164
600598.SH,北大荒,20260617,14.02,14.03,13.81,13.94,14.02,-0.08,-0.5706,112249.55,155973.209
600599.SH,退市熊猫,20260617,0.4,0.41,0.39,0.4,0.4,0.0,0.0,16446.01,656.274
600600.SH,青岛啤酒,20260617,57.78,57.78,55.75,56.1,57.8,-1.7,-2.9412,95237.99,536124.952
600601.SH,方正科技,20260617,13.82,15.07,13.82,14.35,14.1,0.25,1.773,3821602.79,5514501.128
600602.SH,云赛智联,20260617,17.7,18.0,17.61,17.77,17.86,-0.09,-0.5039,197241.94,350211.974
600603.SH,广汇物流,20260617,4.56,4.58,4.46,4.52,4.54,-0.02,-0.4405,119463.04,53746.843
600604.SH,市北高新,20260617,4.26,4.3,4.15,4.16,4.25,-0.09,-2.1176,101223.0,42517.35
600605.SH,汇通能源,20260617,32.79,33.69,31.12,31.17,32.78,-1.61,-4.9115,64136.25,207018.343
600606.SH,绿地控股,20260617,1.35,1.36,1.3,1.33,1.36,-0.03,-2.2059,1264701.21,167549.173
600608.SH,退市沪科,20260617,0.18,0.19,0.17,0.18,0.18,0.0,0.0,52772.88,955.969
600609.SH,金杯汽车,20260617,3.39,3.4,3.29,3.3,3.41,-0.11,-3.2258,160334.01,53345.328
600610.SH,中毅达,20260617,7.73,7.73,7.38,7.43,7.77,-0.34,-4.3758,190840.99,142700.888
600611.SH,大众交通,20260617,4.32,4.68,4.21,4.49,4.36,0.13,2.9817,929764.79,410769.974
600612.SH,老凤祥,20260617,35.3,35.3,34.75,34.87,35.3,-0.43,-1.2181,8995.32,31388.323
600613.SH,XD神奇制,20260617,4.82,4.84,4.71,4.74,4.83,-0.09,-1.8634,48131.4,22850.916
600615.SH,鑫源智造,20260617,10.04,11.04,9.8,11.04,10.04,1.0,9.9602,146655.12,151346.554
600616.SH,金枫酒业,20260617,4.25,4.25,4.12,4.14,4.25,-0.11,-2.5882,81523.01,33787.519
600617.SH,国新能源,20260617,3.03,3.04,2.96,3.0,3.03,-0.03,-0.9901,295752.0,88290.124
600618.SH,氯碱化工,20260617,10.81,10.84,10.62,10.67,10.94,-0.27,-2.468,93976.12,100458.167
600619.SH,海立股份,20260617,15.01,15.13,14.77,14.89,15.14,-0.25,-1.6513,187977.78,280313.918
600620.SH,天宸股份,20260617,4.42,4.42,4.2,4.26,4.36,-0.1,-2.2936,69688.93,29674.955
600621.SH,华鑫股份,20260617,13.2,13.73,13.12,13.14,12.95,0.19,1.4672,242013.09,323265.394
600622.SH,光大嘉宝,20260617,2.22,2.23,2.12,2.13,2.22,-0.09,-4.0541,281873.05,60695.352
600623.SH,华谊集团,20260617,8.64,8.64,8.36,8.4,8.61,-0.21,-2.439,114431.57,96788.467
600624.SH,ST复华,20260617,3.91,4.02,3.86,3.94,3.91,0.03,0.7673,38132.7,14954.811
600626.SH,申达股份,20260617,3.44,3.45,3.37,3.4,3.44,-0.04,-1.1628,100210.0,34063.383
600628.SH,新世界,20260617,6.08,6.11,5.98,6.01,6.11,-0.1,-1.6367,54812.43,32979.916
600629.SH,华建集团,20260617,17.22,18.13,16.86,16.92,17.29,-0.37,-2.14,333118.38,576210.275
600630.SH,龙头股份,20260617,9.01,9.4,8.86,8.86,9.07,-0.21,-2.3153,307340.48,279828.034
600633.SH,浙数文化,20260617,10.9,10.96,10.7,10.75,10.95,-0.2,-1.8265,150418.38,162318.531
600635.SH,大众公用,20260617,4.78,4.78,4.63,4.66,4.78,-0.12,-2.5105,374134.49,174941.376
600636.SH,退市国化,20260617,1.83,1.88,1.76,1.85,1.81,0.04,2.2099,126165.3,23142.131
600637.SH,东方明珠,20260617,8.77,8.86,8.69,8.81,8.81,0.0,0.0,344225.0,301757.996
600638.SH,新黄浦,20260617,5.12,5.62,5.02,5.31,5.13,0.18,3.5088,251171.29,133731.221
600639.SH,浦东金桥,20260617,9.6,9.74,9.53,9.62,9.62,0.0,0.0,24903.02,23980.177
600640.SH,国脉文化,20260617,10.72,10.75,10.46,10.5,10.73,-0.23,-2.1435,48782.38,51531.43
600641.SH,先导基电,20260617,32.36,33.51,32.15,33.0,32.94,0.06,0.1821,713837.94,2342895.136
600642.SH,申能股份,20260617,9.72,9.85,9.44,9.54,9.72,-0.18,-1.8519,355024.75,341450.789
600643.SH,爱建集团,20260617,4.1,4.24,4.04,4.15,4.12,0.03,0.7282,173607.1,71974.536
600644.SH,乐山电力,20260617,10.0,10.12,9.74,9.77,10.03,-0.26,-2.5922,129933.91,127928.704
600645.SH,中源协和,20260617,18.59,18.59,18.09,18.2,18.55,-0.35,-1.8868,68208.9,124218.609
600648.SH,外高桥,20260617,8.68,8.72,8.46,8.56,8.68,-0.12,-1.3825,31089.19,26600.351
600649.SH,城投控股,20260617,3.61,3.62,3.55,3.58,3.62,-0.04,-1.105,148395.74,53114.867
600650.SH,锦江在线,20260617,10.38,10.38,10.08,10.09,10.35,-0.26,-2.5121,33410.88,33917.269
600651.SH,飞乐音响,20260617,6.14,6.2,6.06,6.08,6.16,-0.08,-1.2987,151828.74,92890.695
600653.SH,申华控股,20260617,1.65,1.66,1.61,1.62,1.66,-0.04,-2.4096,148541.37,24113.423
600654.SH,中安科,20260617,2.95,2.96,2.87,2.9,2.95,-0.05,-1.6949,419935.02,122092.74
600655.SH,豫园股份,20260617,4.41,4.45,4.38,4.44,4.42,0.02,0.4525,98936.78,43709.247
600657.SH,信达地产,20260617,2.67,2.67,2.58,2.61,2.68,-0.07,-2.6119,196591.39,51324.685
600658.SH,电子城,20260617,4.35,4.35,4.2,4.21,4.32,-0.11,-2.5463,123973.0,52686.259
600660.SH,福耀玻璃,20260617,50.25,50.95,49.64,50.69,50.65,0.04,0.079,107461.35,540402.595
600661.SH,昂立教育,20260617,7.79,7.79,7.49,7.55,7.83,-0.28,-3.576,68790.24,52125.417
600662.SH,外服控股,20260617,4.24,4.25,4.19,4.24,4.25,-0.01,-0.2353,86352.39,36405.239
600663.SH,陆家嘴,20260617,6.72,6.86,6.6,6.79,6.72,0.07,1.0417,90771.79,61178.049
600664.SH,哈药股份,20260617,3.12,3.12,3.05,3.07,3.12,-0.05,-1.6026,334196.84,102600.313
600665.SH,天地源,20260617,3.8,3.8,3.55,3.62,3.83,-0.21,-5.483,391279.17,142365.579
600666.SH,奥瑞德,20260617,4.56,4.78,4.55,4.67,4.59,0.08,1.7429,1675911.62,782638.646
600667.SH,太极实业,20260617,17.54,19.54,17.53,19.02,17.99,1.03,5.7254,3411338.33,6283642.956
600668.SH,尖峰集团,20260617,7.46,7.46,7.27,7.29,7.43,-0.14,-1.8843,41686.75,30546.701
600671.SH,天目药业,20260617,16.56,16.56,16.0,16.33,16.34,-0.01,-0.0612,18354.0,29678.626
600673.SH,东阳光,20260617,32.3,35.89,32.3,35.89,32.63,3.26,9.9908,1455118.63,5115895.083
600674.SH,川投能源,20260617,15.19,15.21,14.52,14.63,15.17,-0.54,-3.5597,683605.57,1009027.196
600675.SH,中华企业,20260617,2.35,2.35,2.24,2.26,2.34,-0.08,-3.4188,303772.72,69386.784
600676.SH,交运股份,20260617,6.55,7.03,6.55,7.03,6.39,0.64,10.0156,182012.82,126086.049
600678.SH,ST金顶,20260617,6.84,6.87,6.38,6.39,6.62,-0.23,-3.4743,329329.33,218880.09
600679.SH,上海凤凰,20260617,9.31,9.33,9.16,9.21,9.34,-0.13,-1.3919,28687.0,26410.331
600681.SH,百川能源,20260617,3.45,3.46,3.39,3.41,3.46,-0.05,-1.4451,120788.4,41180.752
600682.SH,南京新百,20260617,5.77,5.93,5.67,5.87,5.76,0.11,1.9097,198347.41,115695.667
600683.SH,京投发展,20260617,12.61,12.97,12.54,12.69,12.74,-0.05,-0.3925,164378.62,209163.755
600684.SH,珠江股份,20260617,3.35,3.35,3.18,3.2,3.36,-0.16,-4.7619,225494.04,72508.006
600685.SH,中船防务,20260617,27.05,27.3,26.72,27.15,26.83,0.32,1.1927,86369.91,233626.939
600686.SH,金龙汽车,20260617,12.92,13.0,12.61,12.67,12.99,-0.32,-2.4634,119460.42,152083.402
600688.SH,上海石化,20260617,2.98,3.12,2.93,3.06,2.96,0.1,3.3784,1830036.88,556053.18
600689.SH,上海三毛,20260617,11.03,11.03,10.75,10.87,10.97,-0.1,-0.9116,23062.0,25047.813
600690.SH,海尔智家,20260617,20.7,20.8,20.42,20.49,20.72,-0.23,-1.11,343509.72,706164.509
600691.SH,潞化科技,20260617,2.6,2.6,2.46,2.47,2.6,-0.13,-5.0,359878.0,90022.207
600692.SH,亚通股份,20260617,6.26,6.3,6.05,6.08,6.28,-0.2,-3.1847,58380.1,35746.483
600693.SH,东百集团,20260617,8.93,8.98,8.55,8.57,8.99,-0.42,-4.6719,441914.0,383056.144
600694.SH,大商股份,20260617,14.6,14.65,14.19,14.28,14.6,-0.32,-2.1918,28310.51,40565.033
600696.SH,退市岩石,20260617,0.74,0.8,0.69,0.76,0.73,0.03,4.1096,33248.79,2559.944
600697.SH,欧亚集团,20260617,10.69,10.69,10.36,10.4,10.67,-0.27,-2.5305,37859.0,39594.648
600698.SH,湖南天雁,20260617,6.6,6.7,6.37,6.44,6.64,-0.2,-3.012,161071.87,104256.005
600699.SH,均胜电子,20260617,25.33,25.58,24.54,24.84,24.88,-0.04,-0.1608,352778.69,882563.245
600702.SH,舍得酒业,20260617,38.3,38.4,37.27,38.08,38.26,-0.18,-0.4705,53500.75,202149.791
600703.SH,三安光电,20260617,16.96,17.43,16.79,17.16,16.84,0.32,1.9002,3531050.61,6027254.927
600704.SH,物产中大,20260617,4.77,4.78,4.71,4.75,4.77,-0.02,-0.4193,329150.88,155906.291
600706.SH,曲江文旅,20260617,7.46,7.46,7.26,7.31,7.49,-0.18,-2.4032,51078.6,37460.1
600707.SH,彩虹股份,20260617,11.34,12.66,11.32,12.66,11.51,1.15,9.9913,2157326.92,2643924.057
600708.SH,光明地产,20260617,2.93,2.95,2.85,2.94,2.94,0.0,0.0,270915.96,78290.66
600710.SH,苏美达,20260617,11.14,11.14,10.92,11.05,11.09,-0.04,-0.3607,73576.58,80972.003
600711.SH,盛屯矿业,20260617,13.22,13.41,12.98,13.08,13.25,-0.17,-1.283,794343.55,1045789.308
600712.SH,南宁百货,20260617,5.24,5.27,4.99,5.05,5.24,-0.19,-3.626,126709.09,64191.722
600713.SH,南京医药,20260617,5.02,5.02,4.96,4.97,5.03,-0.06,-1.1928,45999.95,22911.736
600714.SH,金瑞矿业,20260617,27.5,28.8,26.72,27.11,27.78,-0.67,-2.4118,207156.0,571286.186
600715.SH,文投控股,20260617,1.7,1.71,1.63,1.65,1.71,-0.06,-3.5088,282202.54,46744.21
600716.SH,凤凰股份,20260617,3.73,3.76,3.61,3.68,3.75,-0.07,-1.8667,75593.0,27815.283
600718.SH,东软集团,20260617,7.96,7.96,7.75,7.81,7.96,-0.15,-1.8844,78010.34,60937.132
600719.SH,大连热电,20260617,8.72,8.88,8.45,8.74,8.71,0.03,0.3444,234392.0,204615.867
600720.SH,中交设计,20260617,5.47,5.49,5.32,5.43,5.47,-0.04,-0.7313,133845.03,72172.301
600721.SH,百花医药,20260617,7.38,7.38,7.07,7.15,7.36,-0.21,-2.8533,144340.5,103131.39
600722.SH,金牛化工,20260617,9.25,9.25,8.8,8.87,9.31,-0.44,-4.7261,527079.47,469870.583
600724.SH,宁波富达,20260617,6.58,6.7,6.32,6.36,6.57,-0.21,-3.1963,82655.0,53574.201
600725.SH,云维股份,20260617,3.61,3.61,3.48,3.51,3.62,-0.11,-3.0387,204021.1,71714.05
600726.SH,华电能源,20260617,8.64,8.73,8.15,8.3,8.62,-0.32,-3.7123,1941158.2,1628445.149
600727.SH,鲁北化工,20260617,7.62,7.71,7.37,7.42,7.65,-0.23,-3.0065,221724.43,166271.518
600728.SH,佳都科技,20260617,4.6,4.62,4.52,4.58,4.64,-0.06,-1.2931,235658.93,107656.164
600729.SH,重百集团,20260617,20.66,20.78,19.91,19.97,20.66,-0.69,-3.3398,33978.69,68799.896
600730.SH,*ST高科,20260617,11.92,12.45,11.7,12.09,12.21,-0.12,-0.9828,227171.59,272710.999
600731.SH,湖南海利,20260617,5.48,5.52,5.37,5.41,5.51,-0.1,-1.8149,72997.0,39517.467
600732.SH,爱旭股份,20260617,13.01,13.24,12.59,12.65,13.01,-0.36,-2.7671,446177.48,569171.519
600733.SH,北汽蓝谷,20260617,6.06,6.07,5.75,5.78,6.06,-0.28,-4.6205,947449.68,554729.973
600734.SH,*ST实达,20260617,1.97,2.05,1.97,2.01,1.95,0.06,3.0769,821592.1,166544.91
600735.SH,ST新华锦,20260617,6.45,6.52,6.33,6.36,6.54,-0.18,-2.7523,43917.0,28099.335
600736.SH,苏州高新,20260617,7.62,7.79,7.46,7.57,7.65,-0.08,-1.0458,519184.41,395795.79
600737.SH,中粮糖业,20260617,13.3,13.55,13.11,13.27,13.24,0.03,0.2266,173395.58,229753.655
600738.SH,丽尚国潮,20260617,4.0,4.03,3.9,3.91,4.02,-0.11,-2.7363,80024.0,31486.173
600739.SH,辽宁成大,20260617,10.35,10.4,10.2,10.24,10.38,-0.14,-1.3487,101418.21,104233.958
600740.SH,XD山西焦,20260617,3.67,3.68,3.53,3.54,3.66,-0.12,-3.2787,372949.24,132948.563
600741.SH,华域汽车,20260617,16.48,16.58,16.14,16.24,16.49,-0.25,-1.5161,203532.81,330422.344
600742.SH,富维股份,20260617,7.94,7.95,7.71,7.72,7.99,-0.27,-3.3792,47789.18,37284.597
600743.SH,华远控股,20260617,2.11,2.12,2.05,2.1,2.11,-0.01,-0.4739,464812.57,96771.011
600744.SH,华银电力,20260617,7.43,7.6,7.27,7.44,7.47,-0.03,-0.4016,879711.36,656471.224
600745.SH,*ST闻泰,20260617,18.37,18.37,17.76,17.76,18.69,-0.93,-4.9759,541901.0,965624.945
600746.SH,江苏索普,20260617,6.16,6.19,5.86,5.92,6.21,-0.29,-4.6699,128497.0,76778.247
600748.SH,上实发展,20260617,4.04,4.07,3.94,3.97,4.05,-0.08,-1.9753,133405.0,53087.952
600749.SH,西藏旅游,20260617,15.07,15.18,14.78,14.95,15.17,-0.22,-1.4502,90326.19,134560.827
600750.SH,华润江中,20260617,24.3,24.35,23.91,24.26,24.23,0.03,0.1238,29710.63,71922.653
600751.SH,海航科技,20260617,3.17,3.18,3.13,3.16,3.19,-0.03,-0.9404,252204.35,79516.504
600753.SH,ST海钦,20260617,12.08,12.08,12.08,12.08,11.5,0.58,5.0435,1245.0,1503.96
600754.SH,锦江酒店,20260617,20.02,20.11,19.65,19.8,20.04,-0.24,-1.1976,71676.68,141873.271
600755.SH,厦门国贸,20260617,5.69,5.69,5.63,5.64,5.67,-0.03,-0.5291,103226.41,58458.509
600756.SH,浪潮软件,20260617,13.36,13.99,13.2,13.85,13.48,0.37,2.7448,71659.61,96459.529
600757.SH,XD长江传,20260617,7.64,7.65,7.44,7.55,7.64,-0.09,-1.178,82838.9,62184.399
600758.SH,辽宁能源,20260617,4.01,4.01,3.78,3.79,4.01,-0.22,-5.4863,921843.16,354347.574
600759.SH,ST洲际,20260617,2.38,2.51,2.36,2.42,2.4,0.02,0.8333,1810166.14,440042.439
600760.SH,中航沈飞,20260617,42.28,42.54,41.72,42.14,42.48,-0.34,-0.8004,147253.37,619261.31
600761.SH,安徽合力,20260617,16.62,16.77,16.5,16.73,16.7,0.03,0.1796,59235.14,98735.724
600763.SH,通策医疗,20260617,34.46,35.26,34.25,34.8,34.6,0.2,0.578,59367.57,206331.98
600764.SH,中国海防,20260617,19.36,19.53,19.2,19.28,19.43,-0.15,-0.772,43877.0,84819.039
600765.SH,中航重机,20260617,13.89,14.06,13.84,13.98,13.93,0.05,0.3589,129495.02,180790.292
600768.SH,宁波富邦,20260617,15.68,15.94,15.43,15.53,15.68,-0.15,-0.9566,39660.0,61852.671
600769.SH,祥龙电业,20260617,16.85,18.02,16.66,17.42,16.72,0.7,4.1866,272176.01,477555.028
600770.SH,综艺股份,20260617,5.95,6.02,5.92,6.02,5.98,0.04,0.6689,334676.87,199572.011
600771.SH,广誉远,20260617,13.9,13.9,13.58,13.64,13.83,-0.19,-1.3738,39895.55,54574.956
600773.SH,西藏城投,20260617,15.72,16.01,15.31,15.37,15.55,-0.18,-1.1576,240108.67,374860.453
600774.SH,汉商集团,20260617,6.96,6.99,6.67,6.71,6.93,-0.22,-3.1746,31270.63,21071.573
600775.SH,南京熊猫,20260617,10.63,11.1,10.5,11.02,10.58,0.44,4.1588,312067.0,339438.466
600776.SH,东方通信,20260617,15.81,16.02,15.43,15.7,15.97,-0.27,-1.6907,255462.22,401123.843
600777.SH,*ST新潮,20260617,4.95,4.97,4.74,4.74,4.99,-0.25,-5.01,391196.4,187698.578
600778.SH,友好集团,20260617,5.57,5.57,5.4,5.46,5.56,-0.1,-1.7986,61887.94,33809.38
600779.SH,水井坊,20260617,29.1,29.29,28.4,28.81,29.13,-0.32,-1.0985,40828.19,117010.29
600780.SH,通宝能源,20260617,6.72,6.75,6.53,6.55,6.71,-0.16,-2.3845,185236.0,122373.811
600782.SH,新钢股份,20260617,2.65,2.65,2.58,2.59,2.65,-0.06,-2.2642,280418.43,72908.072
600783.SH,鲁信创投,20260617,20.7,21.39,19.7,19.93,20.85,-0.92,-4.4125,288934.32,584085.077
600784.SH,鲁银投资,20260617,7.0,7.16,6.93,6.96,7.04,-0.08,-1.1364,68858.26,48285.951
600785.SH,新华百货,20260617,15.06,15.15,14.6,14.83,15.15,-0.32,-2.1122,58101.0,86304.602
600787.SH,中储股份,20260617,4.63,4.64,4.52,4.57,4.62,-0.05,-1.0823,155820.47,71103.974
600789.SH,鲁抗医药,20260617,7.09,7.12,7.0,7.03,7.1,-0.07,-0.9859,66326.69,46684.15
600790.SH,轻纺城,20260617,3.78,3.79,3.67,3.68,3.8,-0.12,-3.1579,185625.71,68821.165
600791.SH,京能置业,20260617,9.55,10.76,9.55,10.35,9.84,0.51,5.1829,466768.76,468634.12
600792.SH,云煤能源,20260617,4.2,4.21,3.86,3.93,4.21,-0.28,-6.6508,385024.9,154267.77
600793.SH,宜宾纸业,20260617,13.28,13.37,12.83,12.95,13.3,-0.35,-2.6316,31379.0,40717.636
600794.SH,保税科技,20260617,3.12,3.12,3.03,3.04,3.12,-0.08,-2.5641,85295.0,26064.701
600795.SH,国电电力,20260617,4.96,4.98,4.91,4.94,4.96,-0.02,-0.4032,1447676.22,715388.601
600796.SH,钱江生化,20260617,5.05,5.08,4.88,4.91,5.05,-0.14,-2.7723,52837.0,26030.258
600797.SH,浙大网新,20260617,7.29,7.34,7.17,7.21,7.34,-0.13,-1.7711,197046.0,142508.074
600798.SH,宁波海运,20260617,3.47,3.66,3.43,3.53,3.45,0.08,2.3188,537199.25,190512.005
600800.SH,渤海化学,20260617,3.61,3.62,3.5,3.52,3.59,-0.07,-1.9499,168295.41,59561.659
600801.SH,华新建材,20260617,19.05,19.54,18.63,19.0,19.06,-0.06,-0.3148,197486.73,375284.465
600802.SH,福建水泥,20260617,4.67,4.69,4.53,4.57,4.67,-0.1,-2.1413,70367.93,32231.192
600803.SH,新奥股份,20260617,16.9,17.05,16.53,16.59,16.89,-0.3,-1.7762,145793.29,243882.802
600805.SH,悦达投资,20260617,4.4,4.43,4.34,4.38,4.44,-0.06,-1.3514,63808.0,27892.317
600807.SH,济高发展,20260617,2.52,2.54,2.45,2.49,2.53,-0.04,-1.581,119770.64,29639.007
600808.SH,马钢股份,20260617,2.78,2.78,2.7,2.73,2.78,-0.05,-1.7986,438065.83,119392.946
600809.SH,山西汾酒,20260617,117.41,119.96,115.54,117.7,117.35,0.35,0.2983,89676.8,1050504.107
600810.SH,神马股份,20260617,6.43,7.02,6.43,6.91,6.5,0.41,6.3077,343787.31,234801.741
600812.SH,华北制药,20260617,4.4,4.42,4.33,4.37,4.43,-0.06,-1.3544,92965.06,40537.725
600814.SH,杭州解百,20260617,6.87,6.89,6.69,6.7,6.91,-0.21,-3.0391,46856.3,31664.922
600815.SH,厦工股份,20260617,3.05,3.05,2.87,2.89,3.03,-0.14,-4.6205,546662.2,159989.803
600816.SH,建元信托,20260617,2.72,2.76,2.68,2.69,2.74,-0.05,-1.8248,690653.67,186863.566
600817.SH,宇通重工,20260617,9.12,9.17,8.99,9.12,9.14,-0.02,-0.2188,25096.0,22741.57
600818.SH,ST中路,20260617,5.72,5.77,5.51,5.53,5.77,-0.24,-4.1594,51426.0,28798.711
600819.SH,耀皮玻璃,20260617,6.61,7.14,6.6,6.86,6.68,0.18,2.6946,242617.81,167352.643
600820.SH,隧道股份,20260617,5.43,5.5,5.37,5.45,5.43,0.02,0.3683,175406.13,95082.808
600821.SH,金开新能,20260617,6.9,6.93,6.62,6.67,6.85,-0.18,-2.6277,902858.52,607349.679
600822.SH,上海物贸,20260617,8.3,8.39,8.23,8.32,8.38,-0.06,-0.716,24918.01,20660.479
600824.SH,益民集团,20260617,3.62,3.63,3.51,3.52,3.64,-0.12,-3.2967,84484.0,29957.112
600825.SH,新华传媒,20260617,4.7,4.72,4.5,4.55,4.74,-0.19,-4.0084,153308.3,70133.898
600826.SH,兰生股份,20260617,10.3,10.32,9.95,10.26,10.26,0.0,0.0,117224.2,118436.192
600827.SH,百联股份,20260617,8.1,8.11,7.93,7.98,8.1,-0.12,-1.4815,88176.65,70403.913
600828.SH,茂业商业,20260617,4.12,4.14,3.93,3.95,4.12,-0.17,-4.1262,378396.54,150805.709
600829.SH,人民同泰,20260617,8.49,8.5,8.27,8.29,8.49,-0.2,-2.3557,39171.0,32615.591
600830.SH,香溢融通,20260617,8.62,9.02,8.61,8.71,8.67,0.04,0.4614,74822.01,65244.742
600831.SH,广电网络,20260617,3.25,3.26,3.13,3.15,3.25,-0.1,-3.0769,133148.0,42237.902
600833.SH,第一医药,20260617,9.98,10.0,9.7,9.73,9.98,-0.25,-2.505,23936.0,23381.749
600834.SH,申通地铁,20260617,7.15,7.15,6.99,7.02,7.13,-0.11,-1.5428,18963.67,13355.992
600835.SH,上海机电,20260617,20.45,20.77,20.25,20.36,20.46,-0.1,-0.4888,46371.62,94777.478
600838.SH,上海九百,20260617,7.77,7.83,7.65,7.75,7.78,-0.03,-0.3856,73120.5,56474.323
600839.SH,四川长虹,20260617,7.0,7.05,6.86,6.92,7.06,-0.14,-1.983,659266.0,456888.925
600841.SH,动力新科,20260617,6.71,6.78,6.57,6.62,6.79,-0.17,-2.5037,131192.13,87203.62
600843.SH,上工申贝,20260617,8.0,8.08,7.75,7.89,8.09,-0.2,-2.4722,202590.48,159622.355
600844.SH,金煤科技,20260617,2.77,2.78,2.65,2.66,2.77,-0.11,-3.9711,268467.0,72154.832
600845.SH,宝信软件,20260617,18.14,18.14,17.49,17.72,18.16,-0.44,-2.4229,206940.45,366564.123
600846.SH,同济科技,20260617,9.76,9.85,9.51,9.79,9.8,-0.01,-0.102,82452.99,79682.892
600847.SH,万里股份,20260617,14.02,14.03,13.57,13.69,14.02,-0.33,-2.3538,37212.47,51206.193
600848.SH,上海临港,20260617,7.97,8.05,7.92,8.01,8.0,0.01,0.125,80967.82,64593.839
600850.SH,电科数字,20260617,18.66,20.18,18.51,19.88,18.82,1.06,5.6323,213094.87,413010.344
600851.SH,海欣股份,20260617,7.63,7.63,7.28,7.31,7.61,-0.3,-3.9422,56192.52,41607.179
600853.SH,龙建股份,20260617,3.31,3.34,3.23,3.25,3.35,-0.1,-2.9851,90045.4,29382.644
600854.SH,春兰股份,20260617,4.41,4.41,4.27,4.3,4.42,-0.12,-2.7149,95070.0,41046.113
600855.SH,航天长峰,20260617,14.96,15.15,14.78,14.89,14.97,-0.08,-0.5344,99963.42,149399.741
600857.SH,宁波中百,20260617,15.87,16.66,15.5,16.12,15.91,0.21,1.3199,144464.38,233084.243
600858.SH,银座股份,20260617,4.85,4.85,4.67,4.68,4.85,-0.17,-3.5052,83647.58,39433.906
600859.SH,王府井,20260617,10.5,10.55,10.1,10.13,10.38,-0.25,-2.4085,161314.5,164973.763
600860.SH,京城股份,20260617,9.34,9.62,9.03,9.1,9.05,0.05,0.5525,134229.95,124083.36
600861.SH,XD北京人,20260617,13.26,13.3,12.97,13.03,13.27,-0.24,-1.8086,41309.21,53990.164
600862.SH,XD中航高,20260617,18.95,19.36,18.73,18.84,19.02,-0.18,-0.9464,204672.14,386889.128
600863.SH,华能蒙电,20260617,5.7,5.83,5.52,5.68,5.72,-0.04,-0.6993,2355162.6,1338665.341
600864.SH,哈投股份,20260617,5.48,5.54,5.4,5.45,5.51,-0.06,-1.0889,257184.31,140530.728
600865.SH,百大集团,20260617,9.47,9.53,9.1,9.12,9.52,-0.4,-4.2017,84234.0,77594.837
600866.SH,星湖科技,20260617,4.8,4.87,4.7,4.82,4.79,0.03,0.6263,207125.69,98900.318
600867.SH,通化东宝,20260617,7.5,7.5,7.32,7.37,7.48,-0.11,-1.4706,159590.74,117703.965
600868.SH,梅雁吉祥,20260617,3.05,3.07,2.99,3.01,3.08,-0.07,-2.2727,528552.21,159200.084
600869.SH,远东股份,20260617,33.3,33.89,32.49,33.26,34.0,-0.74,-2.1765,1190760.33,3936885.991
600871.SH,石化油服,20260617,2.18,2.19,2.14,2.17,2.19,-0.02,-0.9132,1036000.29,223937.157
600872.SH,中炬高新,20260617,17.69,17.69,17.27,17.43,17.71,-0.28,-1.581,86937.97,151797.655
600873.SH,梅花生物,20260617,8.59,8.62,8.41,8.53,8.59,-0.06,-0.6985,242135.67,205325.96
600874.SH,创业环保,20260617,5.81,5.84,5.71,5.76,5.86,-0.1,-1.7065,70345.38,40480.07
600875.SH,东方电气,20260617,31.08,32.44,31.01,31.71,31.07,0.64,2.0599,652946.7,2072291.553
600876.SH,凯盛新能,20260617,8.61,9.42,8.6,9.42,8.56,0.86,10.0467,77183.0,71922.221
600877.SH,电科芯片,20260617,13.78,14.28,13.68,14.2,13.92,0.28,2.0115,212659.32,299224.771
600879.SH,航天电子,20260617,19.9,20.73,19.79,20.2,20.13,0.07,0.3477,1366713.11,2770474.366
600880.SH,博瑞传播,20260617,4.11,4.12,3.99,4.01,4.12,-0.11,-2.6699,150223.46,60487.787
600881.SH,亚泰集团,20260617,1.65,1.66,1.59,1.59,1.68,-0.09,-5.3571,752235.5,120918.335
600882.SH,妙可蓝多,20260617,18.38,18.54,18.2,18.34,18.55,-0.21,-1.1321,35545.57,65135.128
600883.SH,博闻科技,20260617,7.81,7.82,7.61,7.66,7.78,-0.12,-1.5424,44948.0,34559.253
600884.SH,杉杉股份,20260617,14.12,14.37,14.0,14.2,14.07,0.13,0.924,722529.18,1023985.708
600885.SH,宏发股份,20260617,33.8,34.38,33.51,33.94,34.1,-0.16,-0.4692,156612.07,530832.83
600886.SH,国投电力,20260617,13.53,13.61,13.25,13.32,13.57,-0.25,-1.8423,435641.63,583330.645
600887.SH,伊利股份,20260617,24.85,24.89,24.51,24.67,24.8,-0.13,-0.5242,535185.24,1319337.173
600888.SH,新疆众和,20260617,12.49,13.44,12.14,12.3,12.49,-0.19,-1.5212,2018986.69,2551045.494
600889.SH,*ST京化,20260617,15.91,16.04,15.76,15.85,16.05,-0.2,-1.2461,36047.0,57218.717
600892.SH,*ST大晟,20260617,3.64,3.67,3.59,3.6,3.65,-0.05,-1.3699,43772.99,15864.265
600893.SH,航发动力,20260617,39.49,40.28,39.01,39.82,39.49,0.33,0.8357,291200.94,1157206.19
600894.SH,广日股份,20260617,8.35,8.35,8.19,8.23,8.34,-0.11,-1.3189,37263.78,30668.99
600895.SH,张江高科,20260617,33.18,33.9,32.71,33.27,33.3,-0.03,-0.0901,349495.48,1162109.846
600897.SH,厦门空港,20260617,15.27,15.41,14.91,15.12,15.26,-0.14,-0.9174,28577.87,43048.379
600900.SH,长江电力,20260617,27.22,27.27,26.91,27.0,27.19,-0.19,-0.6988,1034441.5,2794894.312
600901.SH,江苏金租,20260617,6.36,6.47,6.35,6.44,6.39,0.05,0.7825,217398.93,139521.425
600903.SH,贵州燃气,20260617,8.27,8.41,7.98,8.04,8.3,-0.26,-3.1325,487720.49,394799.196
600905.SH,三峡能源,20260617,4.12,4.13,4.1,4.13,4.12,0.01,0.2427,1341202.19,551828.449
600906.SH,财达证券,20260617,7.24,7.49,7.19,7.41,7.27,0.14,1.9257,1348393.11,997039.782
600908.SH,无锡银行,20260617,5.52,5.53,5.44,5.46,5.51,-0.05,-0.9074,113791.07,62232.083
600909.SH,华安证券,20260617,8.27,9.05,8.26,8.79,8.39,0.4,4.7676,2798364.69,2451337.274
600916.SH,中国黄金,20260617,7.79,7.79,7.63,7.69,7.8,-0.11,-1.4103,193394.82,148661.292
600917.SH,重庆燃气,20260617,5.07,5.09,4.96,4.99,5.07,-0.08,-1.5779,30265.0,15157.254
600918.SH,中泰证券,20260617,5.35,5.4,5.29,5.31,5.38,-0.07,-1.3011,343854.03,183381.769
600919.SH,江苏银行,20260617,11.6,11.64,11.37,11.53,11.55,-0.02,-0.1732,940258.89,1078382.049
600925.SH,苏能股份,20260617,4.23,4.24,4.18,4.2,4.25,-0.05,-1.1765,97304.4,40850.382
600926.SH,杭州银行,20260617,16.15,16.23,15.88,16.0,16.11,-0.11,-0.6828,347237.64,555315.26
600927.SH,永安期货,20260617,12.93,13.05,12.67,12.77,12.93,-0.16,-1.2374,48403.26,61907.293
600928.SH,西安银行,20260617,3.54,3.55,3.49,3.51,3.53,-0.02,-0.5666,220852.51,77623.283
600929.SH,雪天盐业,20260617,5.12,5.14,5.01,5.04,5.15,-0.11,-2.1359,152671.15,77093.571
600930.SH,华电新能,20260617,5.65,5.68,5.55,5.56,5.69,-0.13,-2.2847,956906.28,533517.868
600933.SH,爱柯迪,20260617,14.8,16.0,14.67,15.44,14.79,0.65,4.3949,236731.83,363455.639
600935.SH,华塑股份,20260617,2.31,2.31,2.22,2.23,2.31,-0.08,-3.4632,277759.82,62445.724
600936.SH,北投科技,20260617,4.88,5.01,4.76,4.95,4.95,0.0,0.0,623510.23,305960.962
600938.SH,中国海油,20260617,31.01,31.4,30.7,31.4,31.27,0.13,0.4157,555619.14,1726299.969
600939.SH,重庆建工,20260617,2.55,2.57,2.49,2.54,2.56,-0.02,-0.7813,132320.0,33287.055
600941.SH,中国移动,20260617,93.03,93.64,92.18,92.98,92.99,-0.01,-0.0108,86489.06,802141.623
600955.SH,维远股份,20260617,15.82,15.82,15.52,15.6,15.83,-0.23,-1.4529,38485.71,60139.748
600956.SH,新天绿能,20260617,8.18,8.27,8.02,8.09,8.21,-0.12,-1.4616,118017.6,95724.183
600958.SH,东方证券,20260617,9.53,9.58,9.42,9.47,9.53,-0.06,-0.6296,436722.32,414018.589
600959.SH,江苏有线,20260617,3.17,3.17,3.09,3.11,3.16,-0.05,-1.5823,363427.8,113476.379
600960.SH,渤海汽车,20260617,4.13,4.14,4.0,4.02,4.14,-0.12,-2.8986,97823.0,39591.281
600961.SH,株冶集团,20260617,26.92,27.41,26.39,26.7,27.16,-0.46,-1.6937,550135.85,1476039.7
600962.SH,国投中鲁,20260617,24.16,26.5,23.98,25.51,24.91,0.6,2.4087,91619.2,233259.527
600963.SH,岳阳林纸,20260617,3.47,3.47,3.37,3.41,3.45,-0.04,-1.1594,236002.26,80157.959
600965.SH,*ST福成,20260617,2.72,2.75,2.67,2.67,2.75,-0.08,-2.9091,62792.5,16891.354
600966.SH,博汇纸业,20260617,5.25,5.28,5.15,5.18,5.25,-0.07,-1.3333,96158.14,49919.736
600967.SH,内蒙一机,20260617,12.13,12.14,11.85,11.89,12.14,-0.25,-2.0593,126059.48,150583.188
600968.SH,海油发展,20260617,3.83,3.83,3.78,3.8,3.83,-0.03,-0.7833,295125.94,112158.5
600969.SH,郴电国际,20260617,9.03,9.09,8.73,8.78,9.05,-0.27,-2.9834,105729.0,93694.902
600970.SH,中材国际,20260617,8.62,8.69,8.41,8.58,8.62,-0.04,-0.464,250723.44,213909.185
600971.SH,恒源煤电,20260617,7.39,7.51,7.21,7.24,7.45,-0.21,-2.8188,164188.33,120407.431
600973.SH,宝胜股份,20260617,6.78,7.02,6.61,6.66,6.8,-0.14,-2.0588,466908.49,315019.707
600975.SH,新五丰,20260617,4.59,4.6,4.46,4.48,4.61,-0.13,-2.82,113850.96,51249.485
600976.SH,健民集团,20260617,26.67,27.08,26.11,26.94,26.68,0.26,0.9745,19637.0,52066.793
600977.SH,中国电影,20260617,14.12,14.2,13.46,13.68,14.2,-0.52,-3.662,373043.17,513708.267
600979.SH,广安爱众,20260617,4.81,4.87,4.68,4.69,4.79,-0.1,-2.0877,508076.8,241350.492
600980.SH,北矿科技,20260617,21.41,21.58,21.07,21.2,21.65,-0.45,-2.0785,43834.01,93196.635
600981.SH,苏豪汇鸿,20260617,2.72,2.72,2.55,2.56,2.72,-0.16,-5.8824,450458.01,117068.576
600982.SH,宁波能源,20260617,5.71,5.76,5.54,5.58,5.74,-0.16,-2.7875,376450.25,211006.451
600983.SH,惠而浦,20260617,8.8,8.97,8.75,8.97,8.79,0.18,2.0478,65624.0,58134.572
600984.SH,建设机械,20260617,4.13,4.35,4.1,4.21,4.12,0.09,2.1845,508828.91,214975.551
600985.SH,淮北矿业,20260617,15.53,15.85,15.37,15.45,15.53,-0.08,-0.5151,271784.12,424068.509
600986.SH,浙文互联,20260617,8.18,8.19,7.89,7.99,8.1,-0.11,-1.358,479987.41,383683.42
600987.SH,航民股份,20260617,6.52,6.52,6.4,6.44,6.47,-0.03,-0.4637,36223.0,23317.863
600988.SH,赤峰黄金,20260617,32.4,32.52,31.72,32.5,31.98,0.52,1.626,373595.76,1200256.68
600989.SH,宝丰能源,20260617,21.95,22.34,21.67,22.12,22.02,0.1,0.4541,542983.68,1196314.03
600990.SH,四创电子,20260617,19.17,19.22,18.81,19.04,19.22,-0.18,-0.9365,34869.92,66093.99
600992.SH,贵绳股份,20260617,10.03,10.07,9.75,9.8,10.05,-0.25,-2.4876,61136.0,60308.189
600993.SH,马应龙,20260617,23.26,23.3,22.83,22.86,23.27,-0.41,-1.7619,39081.81,89852.528
600995.SH,南网储能,20260617,13.32,13.6,13.2,13.47,13.44,0.03,0.2232,202612.89,271993.059
600996.SH,贵广网络,20260617,9.48,9.94,9.47,9.65,9.58,0.07,0.7307,640994.96,622779.834
600997.SH,开滦股份,20260617,5.15,5.15,4.99,5.04,5.14,-0.1,-1.9455,113304.97,57052.766
600998.SH,九州通,20260617,4.77,4.79,4.71,4.76,4.79,-0.03,-0.6263,208990.78,99038.53
600999.SH,招商证券,20260617,18.89,19.3,18.85,19.1,18.93,0.17,0.898,894250.09,1707037.358
601000.SH,唐山港,20260617,4.25,4.31,4.24,4.3,4.27,0.03,0.7026,250362.16,107175.636
601001.SH,晋控煤业,20260617,19.57,19.6,18.91,19.1,19.59,-0.49,-2.5013,180258.34,345864.117
601002.SH,晋亿实业,20260617,4.8,4.83,4.71,4.74,4.83,-0.09,-1.8634,114084.34,54180.366
601003.SH,柳钢股份,20260617,3.7,3.72,3.58,3.61,3.73,-0.12,-3.2172,140326.11,50921.627
601005.SH,重庆钢铁,20260617,1.23,1.24,1.21,1.22,1.24,-0.02,-1.6129,616114.0,75194.426
601006.SH,大秦铁路,20260617,5.04,5.04,4.96,4.99,5.04,-0.05,-0.9921,1104062.19,550992.698
601007.SH,金陵饭店,20260617,6.63,6.64,6.41,6.47,6.64,-0.17,-2.5602,58829.41,38189.863
601008.SH,连云港,20260617,4.42,4.44,4.39,4.4,4.44,-0.04,-0.9009,60657.02,26742.465
601009.SH,南京银行,20260617,11.19,11.28,10.98,11.14,11.18,-0.04,-0.3578,503984.58,557838.493
601010.SH,ST文峰,20260617,1.59,1.6,1.54,1.55,1.6,-0.05,-3.125,251727.0,39426.369
601011.SH,宝泰隆,20260617,2.82,2.84,2.7,2.71,2.85,-0.14,-4.9123,490036.53,134144.963
601012.SH,隆基绿能,20260617,13.35,13.45,13.01,13.07,13.3,-0.23,-1.7293,1259561.42,1655192.956
601015.SH,陕西黑猫,20260617,3.27,3.28,3.16,3.18,3.29,-0.11,-3.3435,445272.72,141993.99
601016.SH,节能风电,20260617,4.05,4.1,3.94,3.99,4.07,-0.08,-1.9656,1897464.37,759298.385
601018.SH,宁波港,20260617,3.32,3.35,3.29,3.34,3.32,0.02,0.6024,431312.54,143445.299
601019.SH,山东出版,20260617,6.9,6.94,6.82,6.91,6.91,0.0,0.0,57869.13,39817.718
601020.SH,华钰矿业,20260617,25.32,25.53,24.58,24.85,25.33,-0.48,-1.895,525530.91,1313852.072
601021.SH,春秋航空,20260617,47.8,48.01,46.88,47.06,47.05,0.01,0.0213,106798.05,505407.811
601022.SH,宁波远洋,20260617,7.87,8.18,7.85,8.0,7.93,0.07,0.8827,158380.2,127064.141
601026.SH,道生天合,20260617,15.92,15.98,15.5,15.64,15.95,-0.31,-1.9436,40258.6,63181.255
601033.SH,永兴股份,20260617,13.7,14.05,13.59,13.98,13.69,0.29,2.1183,36826.99,51116.135
601038.SH,XD一拖股,20260617,11.65,11.67,11.46,11.5,11.61,-0.11,-0.9475,26890.89,31002.522
601058.SH,赛轮轮胎,20260617,12.21,12.28,11.78,11.8,12.31,-0.51,-4.143,642545.25,763868.332
601059.SH,信达证券,20260617,15.56,15.78,15.45,15.56,15.62,-0.06,-0.3841,73191.49,114068.498
601061.SH,中信金属,20260617,12.39,12.49,11.9,11.91,12.39,-0.48,-3.8741,273458.85,329563.676
601065.SH,江盐集团,20260617,7.3,7.31,7.2,7.23,7.29,-0.06,-0.823,24634.0,17840.942
601066.SH,中信建投,20260617,25.75,26.31,25.56,25.92,25.75,0.17,0.6602,378858.88,981360.533
601068.SH,中铝国际,20260617,5.07,5.09,4.85,4.95,5.26,-0.31,-5.8935,386093.96,190469.918
601069.SH,XD西部黄,20260617,26.9,27.42,26.5,27.1,26.78,0.32,1.1949,126251.47,339409.268
601077.SH,渝农商行,20260617,6.64,6.69,6.51,6.55,6.67,-0.12,-1.7991,378056.36,248412.548
601083.SH,锦江航运,20260617,11.38,11.5,11.31,11.39,11.33,0.06,0.5296,54091.37,61717.941
601086.SH,国芳集团,20260617,7.25,7.3,7.03,7.05,7.33,-0.28,-3.8199,80395.0,57113.506
601088.SH,中国神华,20260617,42.65,42.71,41.59,41.86,42.52,-0.66,-1.5522,503544.68,2110744.32
601089.SH,福元医药,20260617,16.57,17.05,16.3,16.73,16.57,0.16,0.9656,43762.0,73267.098
601096.SH,宏盛华源,20260617,4.75,4.78,4.64,4.67,4.77,-0.1,-2.0964,233034.89,109132.109
601098.SH,中南传媒,20260617,10.56,10.64,10.48,10.62,10.6,0.02,0.1887,55156.0,58189.898
601099.SH,太平洋,20260617,3.33,3.4,3.32,3.34,3.34,0.0,0.0,1096141.71,367035.36
601100.SH,恒立液压,20260617,115.2,118.18,113.5,118.0,116.5,1.5,1.2876,70497.69,817403.252
601101.SH,昊华能源,20260617,11.69,11.95,11.31,11.37,11.78,-0.41,-3.4805,306308.16,353897.73
601106.SH,中国一重,20260617,3.59,3.61,3.48,3.52,3.59,-0.07,-1.9499,498886.0,176050.346
601107.SH,四川成渝,20260617,5.49,5.49,5.41,5.42,5.49,-0.07,-1.275,66226.99,36079.716
601108.SH,财通证券,20260617,7.9,8.01,7.83,7.88,7.92,-0.04,-0.5051,334752.3,264350.621
601111.SH,中国国航,20260617,6.5,6.54,6.39,6.47,6.39,0.08,1.252,904230.06,583765.909
601112.SH,XD振石股,20260617,17.9,19.28,17.81,18.99,18.0,0.99,5.5,196600.99,370447.475
601113.SH,华鼎股份,20260617,3.86,3.88,3.72,3.75,3.86,-0.11,-2.8497,148086.0,55980.556
601116.SH,三江购物,20260617,11.41,11.44,11.08,11.11,11.47,-0.36,-3.1386,79154.24,88367.996
601117.SH,中国化学,20260617,7.44,8.22,7.36,8.22,7.47,0.75,10.0402,1914551.23,1503337.038
601118.SH,海南橡胶,20260617,5.99,6.03,5.8,5.9,6.01,-0.11,-1.8303,500677.66,295885.755
601121.SH,宝地矿业,20260617,6.44,6.44,6.28,6.33,6.42,-0.09,-1.4019,77063.0,48742.641
601126.SH,四方股份,20260617,71.74,73.36,69.54,70.87,72.07,-1.2,-1.665,371635.73,2648136.166
601127.SH,赛力斯,20260617,68.35,68.35,65.93,66.14,68.78,-2.64,-3.8383,275297.28,1833927.291
601128.SH,常熟银行,20260617,6.4,6.43,6.36,6.41,6.39,0.02,0.313,308963.73,197410.354
601133.SH,柏诚股份,20260617,31.44,33.7,31.44,33.12,32.06,1.06,3.3063,295074.52,965340.941
601136.SH,首创证券,20260617,14.45,14.81,14.35,14.41,14.52,-0.11,-0.7576,109618.07,159180.314
601137.SH,博威合金,20260617,25.88,27.09,25.81,26.01,26.38,-0.37,-1.4026,359248.09,940416.525
601138.SH,工业富联,20260617,71.7,72.83,71.0,72.64,72.9,-0.26,-0.3567,1654285.82,11897341.771
601139.SH,深圳燃气,20260617,6.22,6.22,6.14,6.2,6.22,-0.02,-0.3215,114939.93,70970.97
601155.SH,新城控股,20260617,11.26,11.39,11.09,11.1,11.25,-0.15,-1.3333,142856.0,159570.055
601156.SH,东航物流,20260617,16.95,17.0,16.57,16.78,16.67,0.11,0.6599,89165.69,149246.651
601158.SH,重庆水务,20260617,4.1,4.1,4.06,4.08,4.11,-0.03,-0.7299,46256.99,18861.142
601162.SH,天风证券,20260617,3.34,3.4,3.28,3.31,3.34,-0.03,-0.8982,1328541.52,442928.627
601163.SH,三角轮胎,20260617,13.27,13.31,13.08,13.19,13.33,-0.14,-1.0503,36687.99,48275.12
601166.SH,兴业银行,20260617,18.15,18.27,17.8,17.84,18.07,-0.23,-1.2728,800481.91,1433733.072
601168.SH,西部矿业,20260617,31.26,32.28,31.06,31.48,30.93,0.55,1.7782,653010.37,2060819.783
601169.SH,北京银行,20260617,5.18,5.21,5.12,5.14,5.18,-0.04,-0.7722,1172779.45,604398.883
601177.SH,杭齿前进,20260617,13.88,13.88,13.64,13.7,13.96,-0.26,-1.8625,58865.14,80793.113
601179.SH,中国西电,20260617,16.42,16.58,15.61,15.79,16.3,-0.51,-3.1288,3475128.21,5528055.719
601186.SH,中国铁建,20260617,6.33,6.57,6.26,6.48,6.33,0.15,2.3697,901732.23,577614.667
601187.SH,厦门银行,20260617,7.97,8.0,7.76,7.84,7.9,-0.06,-0.7595,166919.67,131036.272
601188.SH,龙江交通,20260617,2.98,3.0,2.93,2.95,2.99,-0.04,-1.3378,82859.0,24488.297
601198.SH,东兴证券,20260617,12.98,13.09,12.95,13.07,13.01,0.06,0.4612,127514.74,166038.042
601199.SH,江南水务,20260617,5.67,5.84,5.63,5.84,5.68,0.16,2.8169,104115.0,60007.398
601200.SH,上海环境,20260617,7.18,7.18,7.05,7.1,7.2,-0.1,-1.3889,78559.8,55701.634
601208.SH,东材科技,20260617,72.5,76.68,72.01,73.2,71.74,1.46,2.0351,1105571.0,8187232.624
601211.SH,国泰海通,20260617,17.75,17.95,17.6,17.77,17.79,-0.02,-0.1124,1216918.81,2164992.782
601212.SH,白银有色,20260617,6.05,6.1,5.86,5.91,6.05,-0.14,-2.314,1066141.38,634142.185
601216.SH,君正集团,20260617,5.11,5.12,5.01,5.07,5.14,-0.07,-1.3619,541970.57,273915.88
601218.SH,吉鑫科技,20260617,4.88,4.89,4.73,4.75,4.88,-0.13,-2.6639,207941.0,99514.18
601222.SH,林洋能源,20260617,6.05,6.06,5.92,5.94,6.05,-0.11,-1.8182,254298.59,151537.791
601225.SH,陕西煤业,20260617,24.42,24.48,23.53,23.58,24.4,-0.82,-3.3607,422737.34,1008208.752
601226.SH,华电科工,20260617,7.23,7.25,6.92,6.98,7.19,-0.21,-2.9207,128761.0,90228.283
601228.SH,广州港,20260617,3.01,3.01,2.98,2.99,3.01,-0.02,-0.6645,140339.73,41924.977
601229.SH,上海银行,20260617,9.09,9.13,8.93,9.01,9.08,-0.07,-0.7709,465190.09,419010.213
601231.SH,环旭电子,20260617,36.11,37.77,35.55,37.08,36.85,0.23,0.6242,424961.78,1564582.153
601233.SH,桐昆股份,20260617,22.67,22.9,21.53,21.63,22.84,-1.21,-5.2977,761508.38,1674815.063
601236.SH,红塔证券,20260617,6.9,7.06,6.87,6.93,6.92,0.01,0.1445,210166.59,145972.481
601238.SH,广汽集团,20260617,5.85,5.85,5.71,5.72,5.87,-0.15,-2.5554,200401.35,115428.181
601279.SH,英利汽车,20260617,3.36,3.38,3.26,3.29,3.39,-0.1,-2.9499,107904.0,35611.218
601288.SH,农业银行,20260617,6.63,6.68,6.5,6.53,6.61,-0.08,-1.2103,2665530.85,1749371.367
601298.SH,青岛港,20260617,8.42,8.6,8.3,8.54,8.45,0.09,1.0651,211838.63,180105.09
601311.SH,骆驼股份,20260617,8.35,8.39,8.21,8.25,8.43,-0.18,-2.1352,125829.86,104156.937
601318.SH,中国平安,20260617,53.24,53.34,52.5,52.76,52.99,-0.23,-0.434,653905.76,3453554.961
601319.SH,中国人保,20260617,6.95,7.01,6.86,7.0,6.95,0.05,0.7194,694005.15,480849.37
601326.SH,秦港股份,20260617,3.38,3.4,3.36,3.39,3.38,0.01,0.2959,138490.65,46790.022
601328.SH,交通银行,20260617,6.96,7.03,6.86,6.9,6.95,-0.05,-0.7194,1603704.45,1110320.878
601330.SH,绿色动力,20260617,8.16,8.25,8.02,8.05,8.14,-0.09,-1.1057,140938.32,114245.404
601333.SH,广深铁路,20260617,2.96,3.01,2.94,3.0,2.96,0.04,1.3514,871364.53,260216.579
601336.SH,新华保险,20260617,62.4,62.46,61.07,61.75,61.98,-0.23,-0.3711,248854.32,1532583.938
601339.SH,百隆东方,20260617,7.25,7.28,7.08,7.18,7.25,-0.07,-0.9655,86870.0,62256.46
601360.SH,三六零,20260617,9.29,9.32,9.14,9.22,9.32,-0.1,-1.073,561626.67,516920.696
601366.SH,利群股份,20260617,3.59,3.59,3.47,3.48,3.59,-0.11,-3.0641,71854.0,25177.534
601368.SH,绿城水务,20260617,4.39,4.39,4.29,4.33,4.37,-0.04,-0.9153,40197.0,17364.23
601369.SH,陕鼓动力,20260617,9.11,9.26,9.02,9.18,9.16,0.02,0.2183,101856.4,93125.318
601375.SH,中原证券,20260617,4.01,4.1,4.0,4.08,4.04,0.04,0.9901,634519.93,258759.05
601377.SH,兴业证券,20260617,6.13,6.16,6.05,6.08,6.13,-0.05,-0.8157,910923.63,555391.962
601388.SH,怡球资源,20260617,3.3,3.3,3.14,3.16,3.31,-0.15,-4.5317,484050.6,155466.089
601390.SH,中国中铁,20260617,4.57,4.74,4.54,4.68,4.57,0.11,2.407,2360016.0,1094618.074
601398.SH,工商银行,20260617,7.42,7.48,7.32,7.36,7.42,-0.06,-0.8086,2933753.35,2166553.189
601399.SH,国机重装,20260617,3.73,3.81,3.66,3.71,3.75,-0.04,-1.0667,686319.87,255015.719
601456.SH,国联民生,20260617,9.52,9.64,9.52,9.56,9.56,0.0,0.0,402978.7,385909.215
601500.SH,通用股份,20260617,3.99,3.99,3.87,3.89,4.0,-0.11,-2.75,165790.11,64764.206
601512.SH,中新集团,20260617,8.35,8.35,8.15,8.22,8.31,-0.09,-1.083,36777.0,30152.815
601515.SH,衢州东峰,20260617,3.9,4.08,3.87,3.95,3.91,0.04,1.023,241694.47,96334.436
601518.SH,吉林高速,20260617,2.93,2.95,2.9,2.94,2.93,0.01,0.3413,120771.0,35317.555
601519.SH,大智慧,20260617,9.01,9.13,8.82,8.89,9.04,-0.15,-1.6593,291028.48,259457.124
601528.SH,瑞丰银行,20260617,4.78,4.79,4.71,4.74,4.77,-0.03,-0.6289,84058.88,39832.417
601555.SH,东吴证券,20260617,7.91,7.96,7.79,7.83,7.91,-0.08,-1.0114,263860.84,207646.493
601566.SH,九牧王,20260617,9.56,9.59,9.21,9.24,9.65,-0.41,-4.2487,116387.0,108581.282
601567.SH,三星电气,20260617,15.29,15.44,15.08,15.38,15.35,0.03,0.1954,182960.07,278334.266
601568.SH,北元化工,20260617,3.76,3.77,3.69,3.7,3.78,-0.08,-2.1164,203330.0,75501.626
601577.SH,长沙银行,20260617,9.49,9.53,9.34,9.39,9.49,-0.1,-1.0537,158141.25,148780.85
601579.SH,会稽山,20260617,15.59,15.59,15.2,15.46,15.5,-0.04,-0.2581,47042.19,72275.104
601588.SH,北辰实业,20260617,1.84,1.85,1.77,1.8,1.85,-0.05,-2.7027,777886.01,139614.611
601595.SH,上海电影,20260617,18.27,18.27,17.87,18.04,18.3,-0.26,-1.4208,31200.77,56171.908
601598.SH,中国外运,20260617,5.61,5.63,5.55,5.61,5.62,-0.01,-0.1779,109548.2,61108.686
601599.SH,浙文影业,20260617,3.1,3.12,3.03,3.04,3.12,-0.08,-2.5641,104613.0,31970.926
601600.SH,中国铝业,20260617,10.05,10.11,9.88,9.97,10.07,-0.1,-0.993,2360020.12,2355830.659
601601.SH,中国太保,20260617,32.7,32.91,31.89,32.19,32.5,-0.31,-0.9538,500044.54,1611494.787
601606.SH,长城军工,20260617,31.89,32.0,31.01,31.14,32.08,-0.94,-2.9302,125246.0,392656.402
601607.SH,上海医药,20260617,16.17,16.17,16.05,16.11,16.15,-0.04,-0.2477,73412.43,118215.813
601608.SH,中信重工,20260617,5.27,5.27,5.14,5.17,5.27,-0.1,-1.8975,365363.41,189345.784
601609.SH,金田股份,20260617,12.56,12.64,12.11,12.17,12.71,-0.54,-4.2486,803431.04,988626.726
601611.SH,中国核建,20260617,11.2,11.91,11.03,11.63,11.36,0.27,2.3768,704673.32,807672.534
601615.SH,明阳智能,20260617,12.66,12.72,12.21,12.33,12.66,-0.33,-2.6066,670066.83,833623.786
601616.SH,广电电气,20260617,3.95,3.96,3.78,3.82,3.94,-0.12,-3.0457,228781.0,87409.72
601618.SH,中国中冶,20260617,2.69,2.77,2.66,2.75,2.67,0.08,2.9963,1753699.4,475601.802
601619.SH,嘉泽新能,20260617,4.82,4.84,4.58,4.6,4.83,-0.23,-4.7619,454517.18,212644.912
601628.SH,中国人寿,20260617,36.16,36.36,35.5,35.81,36.06,-0.25,-0.6933,273965.83,983466.363
601633.SH,长城汽车,20260617,17.26,17.27,16.82,16.82,17.31,-0.49,-2.8307,192835.77,327227.309
601636.SH,旗滨集团,20260617,8.67,8.67,8.67,8.67,7.88,0.79,10.0254,650258.42,563774.05
601658.SH,邮储银行,20260617,5.05,5.09,4.97,4.98,5.04,-0.06,-1.1905,1642230.18,822969.43
601665.SH,齐鲁银行,20260617,6.38,6.42,6.31,6.34,6.36,-0.02,-0.3145,288352.67,183004.116
601666.SH,平煤股份,20260617,8.67,8.85,8.49,8.57,8.75,-0.18,-2.0571,348600.42,299879.201
601668.SH,中国建筑,20260617,4.71,4.77,4.67,4.73,4.71,0.02,0.4246,2529917.27,1191599.321
601669.SH,中国电建,20260617,4.83,5.3,4.79,5.17,4.83,0.34,7.0393,3994661.56,2012308.6
601677.SH,明泰铝业,20260617,16.75,17.25,16.59,16.66,16.5,0.16,0.9697,488477.86,823004.337
601678.SH,滨化股份,20260617,6.06,6.22,6.03,6.13,6.17,-0.04,-0.6483,1619137.79,990560.272
601686.SH,友发集团,20260617,5.05,5.08,4.99,5.01,5.08,-0.07,-1.378,43736.59,21955.211
601688.SH,华泰证券,20260617,20.45,20.69,20.22,20.4,20.45,-0.05,-0.2445,937503.12,1911745.383
601689.SH,拓普集团,20260617,60.77,61.7,59.9,60.11,60.73,-0.62,-1.0209,334720.19,2025055.928
601696.SH,中银证券,20260617,13.35,13.44,13.0,13.15,13.3,-0.15,-1.1278,1319666.46,1737797.262
601698.SH,中国卫通,20260617,31.8,32.51,31.2,31.26,32.18,-0.92,-2.8589,468558.18,1486779.139
601699.SH,潞安环能,20260617,17.5,17.55,16.84,16.99,17.5,-0.51,-2.9143,270500.48,463100.393
601700.SH,风范股份,20260617,4.9,4.95,4.76,4.79,4.95,-0.16,-3.2323,158139.5,76200.4
601702.SH,华峰铝业,20260617,16.9,17.19,16.39,16.41,16.98,-0.57,-3.3569,122491.69,204102.261
601717.SH,中创智领,20260617,17.94,18.02,17.72,17.85,17.95,-0.1,-0.5571,198214.69,353771.851
601718.SH,ST际华,20260617,1.82,1.84,1.74,1.75,1.82,-0.07,-3.8462,327749.61,58136.301
601727.SH,上海电气,20260617,7.35,7.5,7.25,7.42,7.36,0.06,0.8152,1351462.33,993766.333
601728.SH,中国电信,20260617,5.95,5.97,5.74,5.79,5.96,-0.17,-2.8523,1885371.81,1096706.579
601766.SH,中国中车,20260617,5.7,5.75,5.63,5.73,5.72,0.01,0.1748,1954148.57,1111279.422
601777.SH,千里科技,20260617,9.6,9.69,9.24,9.28,9.6,-0.32,-3.3333,348230.99,326118.044
601778.SH,晶科科技,20260617,5.08,5.18,4.98,5.02,5.09,-0.07,-1.3752,1366758.87,690593.894
601788.SH,光大证券,20260617,14.72,14.8,14.53,14.6,14.68,-0.08,-0.545,260042.86,380713.924
601789.SH,宁波建工,20260617,4.52,4.56,4.45,4.49,4.56,-0.07,-1.5351,323987.19,145483.221
601798.SH,蓝科高新,20260617,7.36,7.37,7.15,7.17,7.37,-0.2,-2.7137,67670.0,48788.351
601799.SH,星宇股份,20260617,118.12,119.15,116.0,118.81,118.1,0.71,0.6012,28624.72,337568.085
601800.SH,中国交建,20260617,6.16,6.53,6.05,6.39,6.17,0.22,3.5656,1245371.59,781520.692
601801.SH,皖新传媒,20260617,5.23,5.23,5.15,5.2,5.23,-0.03,-0.5736,116372.83,60335.828
601808.SH,中海油服,20260617,12.0,12.04,11.9,12.0,12.07,-0.07,-0.58,144900.03,173239.237
601811.SH,新华文轩,20260617,11.86,11.86,11.61,11.72,11.86,-0.14,-1.1804,24820.0,29058.183
601816.SH,京沪高铁,20260617,4.75,4.8,4.71,4.73,4.75,-0.02,-0.4211,2254875.76,1069061.703
601818.SH,光大银行,20260617,3.18,3.2,3.13,3.15,3.19,-0.04,-1.2539,2067993.01,652853.105
601825.SH,沪农商行,20260617,8.5,8.53,8.32,8.39,8.45,-0.06,-0.7101,202296.75,169648.486
601827.SH,三峰环境,20260617,7.7,7.76,7.65,7.72,7.74,-0.02,-0.2584,52444.78,40411.663
601828.SH,美凯龙,20260617,2.29,2.3,2.21,2.23,2.3,-0.07,-3.0435,202855.2,45395.976
601838.SH,成都银行,20260617,19.61,19.79,19.15,19.23,19.53,-0.3,-1.5361,174249.37,336818.877
601857.SH,中国石油,20260617,9.91,9.93,9.73,9.77,9.95,-0.18,-1.809,1401833.85,1376442.353
601858.SH,中国科传,20260617,21.0,21.72,20.82,21.22,21.19,0.03,0.1416,68003.25,143986.868
601860.SH,紫金银行,20260617,2.64,2.65,2.59,2.61,2.64,-0.03,-1.1364,258672.31,67574.739
601865.SH,福莱特,20260617,10.97,11.13,10.78,11.0,10.98,0.02,0.1821,219040.0,240371.093
601866.SH,中远海发,20260617,2.39,2.42,2.38,2.41,2.4,0.01,0.4167,641436.49,153905.195
601868.SH,中国能建,20260617,2.68,2.95,2.65,2.89,2.68,0.21,7.8358,11549347.57,3236054.808
601869.SH,长飞光纤,20260617,452.01,464.69,445.38,460.5,464.1,-3.6,-0.7757,133681.18,6095028.482
601872.SH,招商轮船,20260617,16.3,17.85,16.3,17.1,16.38,0.72,4.3956,2038143.26,3504215.089
601877.SH,正泰电器,20260617,27.63,27.63,26.96,27.05,27.47,-0.42,-1.5289,202371.96,550635.078
601878.SH,浙商证券,20260617,9.5,9.54,9.37,9.39,9.5,-0.11,-1.1579,269790.94,254751.403
601880.SH,辽港股份,20260617,1.53,1.54,1.51,1.52,1.53,-0.01,-0.6536,806424.38,122576.379
601881.SH,中国银河,20260617,12.73,12.86,12.64,12.7,12.77,-0.07,-0.5482,368420.02,469159.467
601882.SH,海天精工,20260617,21.16,21.35,20.58,20.69,21.17,-0.48,-2.2674,46466.19,97078.295
601886.SH,江河集团,20260617,9.36,9.74,9.12,9.43,9.5,-0.07,-0.7368,91579.0,86666.713
601888.SH,中国中免,20260617,58.4,58.6,55.93,56.83,58.4,-1.57,-2.6884,521656.12,2962958.942
601890.SH,亚星锚链,20260617,8.95,9.24,8.88,8.97,8.86,0.11,1.2415,234909.27,211430.018
601898.SH,中煤能源,20260617,14.35,14.39,13.84,14.0,14.35,-0.35,-2.439,390118.02,548542.688
601899.SH,紫金矿业,20260617,30.5,30.95,30.12,30.43,30.29,0.14,0.4622,2229817.24,6805840.566
601900.SH,南方传媒,20260617,11.74,11.74,11.58,11.61,11.78,-0.17,-1.4431,36098.52,42011.583
601901.SH,方正证券,20260617,6.86,6.91,6.79,6.82,6.88,-0.06,-0.8721,475731.47,325362.465
601908.SH,京运通,20260617,3.43,3.48,3.35,3.36,3.45,-0.09,-2.6087,384656.15,130366.059
601916.SH,浙商银行,20260617,3.07,3.08,3.03,3.04,3.06,-0.02,-0.6536,1101383.7,336102.075
601918.SH,新集能源,20260617,9.4,9.71,9.35,9.39,9.45,-0.06,-0.6349,518777.82,493449.473
601919.SH,中远海控,20260617,14.25,14.25,14.0,14.04,14.24,-0.2,-1.4045,1131845.87,1593190.217
601921.SH,浙版传媒,20260617,7.4,7.41,7.16,7.33,7.39,-0.06,-0.8119,116643.29,84712.615
601928.SH,凤凰传媒,20260617,9.17,9.21,9.1,9.17,9.16,0.01,0.1092,55418.85,50735.403
601929.SH,吉视传媒,20260617,2.49,2.5,2.42,2.43,2.53,-0.1,-3.9526,780433.0,191079.447
601933.SH,永辉超市,20260617,3.28,3.28,3.16,3.17,3.28,-0.11,-3.3537,1121404.41,358990.614
601939.SH,建设银行,20260617,10.18,10.26,10.06,10.13,10.17,-0.04,-0.3933,889521.83,901255.745
601949.SH,中国出版,20260617,5.03,5.08,4.89,5.08,5.04,0.04,0.7937,137276.28,68490.4
601952.SH,苏垦农发,20260617,8.34,8.35,8.22,8.24,8.34,-0.1,-1.199,66754.04,55062.539
601956.SH,东贝集团,20260617,4.92,4.95,4.8,4.81,4.96,-0.15,-3.0242,60634.0,29349.434
601958.SH,金钼股份,20260617,28.0,29.0,27.2,28.47,28.88,-0.41,-1.4197,1916008.33,5385173.542
601963.SH,重庆银行,20260617,11.54,11.55,11.2,11.26,11.48,-0.22,-1.9164,129511.0,146726.417
601965.SH,中国汽研,20260617,13.7,13.7,13.28,13.39,13.78,-0.39,-2.8302,97826.66,131218.905
601966.SH,玲珑轮胎,20260617,11.49,11.49,11.2,11.24,11.53,-0.29,-2.5152,142411.72,160486.522
601968.SH,宝钢包装,20260617,4.18,4.19,4.09,4.14,4.18,-0.04,-0.9569,113631.0,46926.271
601969.SH,海南矿业,20260617,9.36,9.36,8.98,9.0,9.28,-0.28,-3.0172,156760.35,142300.798
601975.SH,招商南油,20260617,4.44,4.82,4.36,4.66,4.38,0.28,6.3927,5144827.15,2376140.123
601985.SH,中国核电,20260617,9.2,9.34,9.18,9.3,9.23,0.07,0.7584,1316629.48,1222310.994
601988.SH,中国银行,20260617,6.04,6.08,5.92,5.94,6.04,-0.1,-1.6556,2320137.19,1387016.243
601990.SH,南京证券,20260617,6.73,6.76,6.67,6.68,6.73,-0.05,-0.7429,153909.05,103199.963
601991.SH,大唐发电,20260617,8.85,9.37,8.47,9.13,8.7,0.43,4.9425,9708892.45,8776953.459
601992.SH,金隅集团,20260617,1.52,1.52,1.5,1.5,1.52,-0.02,-1.3158,322848.48,48577.043
601995.SH,中金公司,20260617,34.25,34.4,33.96,34.19,34.28,-0.09,-0.2625,146242.66,499538.853
601996.SH,丰林集团,20260617,2.61,2.61,2.51,2.53,2.63,-0.1,-3.8023,361722.36,91807.383
601997.SH,贵阳银行,20260617,5.68,5.71,5.56,5.58,5.67,-0.09,-1.5873,460537.23,258410.636
601998.SH,中信银行,20260617,7.57,7.68,7.52,7.56,7.54,0.02,0.2653,503242.02,381785.792
601999.SH,出版传媒,20260617,5.85,5.85,5.57,5.64,5.86,-0.22,-3.7543,85021.13,48062.662
603000.SH,人民网,20260617,16.16,16.2,16.0,16.17,16.26,-0.09,-0.5535,110747.0,178064.336
603001.SH,奥康国际,20260617,10.9,11.09,10.67,10.81,11.02,-0.21,-1.9056,158577.0,171075.402
603002.SH,宏昌电子,20260617,21.5,23.2,21.5,23.2,21.09,2.11,10.0047,785334.34,1801844.538
603004.SH,鼎龙科技,20260617,21.2,21.49,20.91,21.3,21.29,0.01,0.047,35347.36,75098.381
603005.SH,晶方科技,20260617,43.59,46.55,43.5,46.12,44.24,1.88,4.2495,717200.85,3278476.474
603006.SH,联明股份,20260617,12.78,13.1,12.26,12.45,12.85,-0.4,-3.1128,51250.0,64149.277
603007.SH,顺景科技,20260617,5.6,5.68,5.43,5.68,5.67,0.01,0.1764,526968.85,290766.426
603008.SH,ST喜临门,20260617,9.52,9.53,9.24,9.25,9.45,-0.2,-2.1164,74269.0,69401.154
603009.SH,北特科技,20260617,43.18,43.34,42.38,42.87,43.47,-0.6,-1.3803,64093.27,274409.657
603010.SH,万盛股份,20260617,14.25,14.58,14.14,14.24,14.37,-0.13,-0.9047,140624.0,201064.837
603011.SH,合锻智能,20260617,33.0,37.77,32.86,35.95,34.6,1.35,3.9017,723356.09,2604722.106
603012.SH,创力集团,20260617,7.53,7.53,7.32,7.39,7.56,-0.17,-2.2487,134798.88,100024.446
603013.SH,亚普股份,20260617,17.3,17.64,17.29,17.35,17.6,-0.25,-1.4205,20183.0,35147.69
603014.SH,威高血净,20260617,35.49,38.37,35.49,37.83,34.88,2.95,8.4576,94933.5,353847.019
603015.SH,弘讯科技,20260617,12.36,12.93,12.2,12.27,12.5,-0.23,-1.84,123805.97,154102.398
603016.SH,XD新宏泰,20260617,36.92,37.98,36.07,36.35,36.96,-0.61,-1.6504,33620.67,123487.124
603017.SH,中衡设计,20260617,10.8,11.45,10.73,11.07,10.88,0.19,1.7463,136272.0,151157.062
603018.SH,华设集团,20260617,6.89,6.89,6.69,6.72,6.85,-0.13,-1.8978,52102.2,35112.466
603019.SH,中科曙光,20260617,83.5,86.56,83.4,86.51,84.47,2.04,2.4151,441971.85,3778277.24
603020.SH,爱普股份,20260617,12.88,13.89,12.43,13.89,12.63,1.26,9.9762,303851.5,413910.144
603021.SH,*ST华鹏,20260617,6.26,6.37,5.94,5.94,6.25,-0.31,-4.96,85712.0,51969.437
603022.SH,新通联,20260617,9.15,9.16,8.87,8.92,9.15,-0.23,-2.5137,43840.0,39322.76
603023.SH,威帝股份,20260617,3.94,3.96,3.84,3.84,3.95,-0.11,-2.7848,71663.0,27727.47
603025.SH,大豪科技,20260617,14.93,15.22,14.78,14.92,14.94,-0.02,-0.1339,106300.51,159414.51
603026.SH,石大胜华,20260617,89.32,100.0,89.05,96.48,91.05,5.43,5.9638,222455.32,2079378.899
603027.SH,千禾味业,20260617,7.84,7.87,7.74,7.74,7.85,-0.11,-1.4013,80066.6,62175.201
603028.SH,赛福天,20260617,7.39,7.5,7.28,7.3,7.47,-0.17,-2.2758,42988.7,31532.278
603029.SH,天鹅股份,20260617,15.5,15.5,14.9,14.99,15.52,-0.53,-3.4149,21258.6,32010.105
603030.SH,全筑股份,20260617,2.3,2.38,2.23,2.27,2.3,-0.03,-1.3043,496813.0,114049.945
603031.SH,安孚科技,20260617,52.93,54.25,52.0,52.85,53.24,-0.39,-0.7325,172763.78,917586.386
603032.SH,德新科技,20260617,24.2,26.04,24.03,25.72,24.6,1.12,4.5528,196226.44,491771.505
603033.SH,三维股份,20260617,9.41,9.47,9.3,9.32,9.42,-0.1,-1.0616,59765.13,55983.8
603035.SH,常熟汽饰,20260617,11.45,11.47,10.96,11.08,11.49,-0.41,-3.5683,73108.04,81490.258
603036.SH,如通股份,20260617,14.95,14.95,14.53,14.56,14.81,-0.25,-1.688,73959.0,108734.296
603037.SH,凯众股份,20260617,11.69,11.74,11.35,11.4,11.66,-0.26,-2.2298,52038.72,59524.063
603038.SH,华立股份,20260617,15.91,16.61,15.66,16.11,15.77,0.34,2.156,61644.0,99954.069
603039.SH,泛微网络,20260617,43.45,43.77,40.45,41.18,44.33,-3.15,-7.1058,308554.02,1286896.653
603040.SH,新坐标,20260617,95.0,98.4,94.15,96.42,95.13,1.29,1.356,22755.43,218983.078
603041.SH,美思德,20260617,11.51,11.65,11.3,11.38,11.6,-0.22,-1.8966,26382.0,30137.628
603042.SH,华脉科技,20260617,20.73,21.11,20.15,20.41,20.97,-0.56,-2.6705,175038.5,358169.034
603043.SH,广州酒家,20260617,13.71,13.83,13.39,13.39,13.71,-0.32,-2.3341,26872.91,36236.914
603045.SH,福达合金,20260617,83.0,85.4,82.1,84.49,88.17,-3.68,-4.1738,162511.12,1366153.544
603048.SH,浙江黎明,20260617,19.97,20.26,19.46,19.65,20.09,-0.44,-2.1901,21690.0,42775.181
603049.SH,中策橡胶,20260617,47.4,47.5,46.32,46.79,47.4,-0.61,-1.2869,26269.34,122532.195
603050.SH,科林电气,20260617,19.9,19.97,19.36,19.55,20.03,-0.48,-2.3964,71288.86,139887.926
603051.SH,鹿山新材,20260617,22.88,23.66,21.51,21.65,21.51,0.14,0.6509,165108.65,367714.466
603052.SH,可川科技,20260617,90.87,92.55,90.0,91.84,91.53,0.31,0.3387,57349.75,524949.777
603053.SH,成都燃气,20260617,8.95,8.95,8.8,8.82,8.98,-0.16,-1.7817,22376.92,19773.136
603055.SH,台华新材,20260617,8.01,8.07,7.83,7.86,8.1,-0.24,-2.963,89625.84,70913.125
603057.SH,紫燕食品,20260617,23.66,23.7,23.2,23.44,23.62,-0.18,-0.7621,17611.28,41177.537
603058.SH,永吉股份,20260617,10.08,10.08,9.3,9.76,10.01,-0.25,-2.4975,125612.0,121108.357
603059.SH,倍加洁,20260617,26.02,26.54,25.61,25.75,26.55,-0.8,-3.0132,9882.25,25539.109
603060.SH,国检集团,20260617,7.44,7.51,7.19,7.28,7.52,-0.24,-3.1915,322219.91,235245.669
603061.SH,金海通,20260617,331.0,348.0,328.69,340.24,336.7,3.54,1.0514,29850.9,1007826.133
603062.SH,麦加芯彩,20260617,41.72,41.72,41.05,41.4,41.46,-0.06,-0.1447,4155.0,17151.294
603063.SH,禾望电气,20260617,50.8,52.81,50.53,52.48,51.54,0.94,1.8238,213178.54,1108510.033
603065.SH,宿迁联盛,20260617,14.05,15.9,14.05,14.81,14.45,0.36,2.4913,762652.99,1166689.826
603066.SH,音飞储存,20260617,10.67,10.92,10.33,10.55,10.59,-0.04,-0.3777,78990.0,83634.211
603067.SH,振华股份,20260617,35.5,36.8,34.9,36.18,35.75,0.43,1.2028,263899.98,942228.063
603068.SH,博通集成,20260617,33.5,34.87,33.43,34.7,34.07,0.63,1.8491,36554.0,125640.364
603069.SH,海汽集团,20260617,14.13,14.16,13.63,13.71,14.13,-0.42,-2.9724,39216.0,53898.929
603070.SH,万控智造,20260617,17.19,18.25,17.13,18.15,17.0,1.15,6.7647,140963.9,252808.86
603071.SH,物产环能,20260617,12.12,12.17,11.92,12.07,12.2,-0.13,-1.0656,26856.0,32230.341
603072.SH,天和磁材,20260617,38.4,38.72,37.05,37.33,38.84,-1.51,-3.8877,59149.57,222779.13
603073.SH,彩蝶实业,20260617,16.6,16.68,16.09,16.14,16.69,-0.55,-3.2954,16355.0,26618.808
603075.SH,热威股份,20260617,23.0,23.15,22.72,22.74,23.0,-0.26,-1.1304,20298.0,46506.781
603076.SH,乐惠国际,20260617,22.05,22.1,21.39,21.7,21.91,-0.21,-0.9585,33610.0,72864.438
603077.SH,和邦生物,20260617,2.42,2.44,2.36,2.38,2.45,-0.07,-2.8571,1424319.42,340054.365
603078.SH,XD江化微,20260617,46.53,49.4,46.53,47.28,46.98,0.3,0.6386,433338.73,2073627.977
603079.SH,圣达生物,20260617,13.04,13.04,12.5,12.6,12.98,-0.38,-2.9276,19020.72,24032.611
603080.SH,新疆火炬,20260617,20.09,20.11,19.51,19.55,20.09,-0.54,-2.6879,28484.0,56165.462
603081.SH,大丰实业,20260617,9.56,9.59,9.33,9.39,9.56,-0.17,-1.7782,34439.31,32389.034
603082.SH,北自科技,20260617,35.0,38.66,34.81,37.3,35.51,1.79,5.0408,70710.5,262632.565
603083.SH,剑桥科技,20260617,198.0,203.89,196.29,203.29,198.07,5.22,2.6354,255673.29,5103834.701
603085.SH,天成自控,20260617,12.24,12.62,12.14,12.47,12.29,0.18,1.4646,137642.0,171320.189
603086.SH,先达股份,20260617,5.81,5.83,5.56,5.59,5.81,-0.22,-3.7866,87177.98,49049.595
603087.SH,甘李药业,20260617,54.78,55.14,53.36,54.08,54.83,-0.75,-1.3679,58828.19,317773.752
603088.SH,宁波精达,20260617,10.41,10.84,10.29,10.37,10.7,-0.33,-3.0841,148156.0,155138.702
603089.SH,正裕工业,20260617,9.59,9.6,9.19,9.28,9.55,-0.27,-2.8272,36316.62,33899.157
603090.SH,宏盛股份,20260617,62.14,64.2,61.54,62.4,62.32,0.08,0.1284,33644.0,211770.389
603091.SH,众鑫股份,20260617,66.8,68.81,66.4,67.42,66.08,1.34,2.0278,5853.69,39723.224
603092.SH,德力佳,20260617,57.88,59.12,57.88,58.91,58.6,0.31,0.529,9894.44,58053.212
603093.SH,南华期货,20260617,21.66,22.17,20.53,20.77,21.65,-0.88,-4.0647,207859.05,438179.413
603095.SH,越剑智能,20260617,17.87,18.17,16.9,16.98,18.18,-1.2,-6.6007,69316.76,119957.719
603096.SH,新经典,20260617,14.89,14.9,14.35,14.42,14.79,-0.37,-2.5017,16192.4,23451.519
603097.SH,江苏华辰,20260617,26.61,27.14,26.35,26.86,26.56,0.3,1.1295,20449.22,54547.474
603098.SH,森特股份,20260617,11.75,11.89,11.57,11.66,11.76,-0.1,-0.8503,50459.23,58962.675
603099.SH,长白山,20260617,37.37,37.48,36.53,36.83,37.37,-0.54,-1.445,45933.56,168963.374
603100.SH,川仪股份,20260617,17.79,17.79,17.25,17.4,17.8,-0.4,-2.2472,53725.36,93653.472
603101.SH,汇嘉时代,20260617,6.89,6.93,6.71,6.74,6.89,-0.15,-2.1771,63114.09,42711.378
603102.SH,百合股份,20260617,34.85,34.85,33.48,33.57,34.24,-0.67,-1.9568,6879.62,23196.48
603103.SH,横店影视,20260617,16.58,16.58,15.81,16.0,16.61,-0.61,-3.6725,141317.23,226945.86
603105.SH,芯能科技,20260617,7.75,7.8,7.5,7.61,7.8,-0.19,-2.4359,88935.11,67797.575
603106.SH,恒银科技,20260617,7.18,7.37,7.07,7.21,7.25,-0.04,-0.5517,87021.35,62767.764
603107.SH,上海汽配,20260617,12.41,12.42,12.08,12.13,12.42,-0.29,-2.3349,19796.74,24121.793
603108.SH,润达医疗,20260617,10.36,10.36,10.09,10.16,10.36,-0.2,-1.9305,127019.98,129139.451
603109.SH,神驰机电,20260617,18.35,18.36,17.58,17.64,18.36,-0.72,-3.9216,31222.0,55569.245
603110.SH,东方材料,20260617,22.62,23.03,22.0,22.66,22.67,-0.01,-0.0441,165793.6,375172.067
603111.SH,康尼机电,20260617,6.24,6.24,6.11,6.16,6.22,-0.06,-0.9646,44848.4,27548.571
603112.SH,华翔股份,20260617,18.62,18.95,18.28,18.48,18.75,-0.27,-1.44,67533.4,124893.703
603113.SH,金能科技,20260617,4.82,4.83,4.65,4.68,4.85,-0.17,-3.5052,102979.0,48543.862
603115.SH,海星股份,20260617,116.2,119.94,112.5,119.94,109.04,10.9,9.9963,45333.0,531354.651
603116.SH,红蜻蜓,20260617,6.65,6.83,6.53,6.7,6.64,0.06,0.9036,83696.4,55850.57
603117.SH,万林物流,20260617,3.81,3.81,3.65,3.69,3.81,-0.12,-3.1496,94357.5,34872.297
603118.SH,共进股份,20260617,12.73,13.46,12.71,13.32,12.93,0.39,3.0162,400665.73,529283.933
603119.SH,浙江荣泰,20260617,73.11,74.0,71.09,71.4,73.1,-1.7,-2.3256,138254.98,991912.904
603120.SH,肯特催化,20260617,51.91,52.59,50.2,51.44,53.01,-1.57,-2.9617,63547.08,326376.109
603121.SH,华培动力,20260617,15.02,15.26,14.61,14.85,15.17,-0.32,-2.1094,84910.05,126855.603
603122.SH,合富中国,20260617,12.14,12.14,11.75,11.82,12.14,-0.32,-2.6359,85479.0,101320.162
603123.SH,翠微股份,20260617,9.32,10.26,9.02,9.78,9.33,0.45,4.8232,416458.01,402855.239
603124.SH,江南新材,20260617,197.99,204.55,190.88,192.1,202.45,-10.35,-5.1124,57281.63,1123145.607
603125.SH,常青科技,20260617,28.1,28.48,26.91,28.4,28.38,0.02,0.0705,122800.51,341648.579
603126.SH,XD中材节,20260617,7.6,7.65,7.3,7.34,7.61,-0.27,-3.548,98899.97,73407.852
603127.SH,昭衍新药,20260617,32.28,32.9,32.1,32.42,32.38,0.04,0.1235,134637.18,436645.163
603128.SH,华贸物流,20260617,5.26,5.28,5.13,5.16,5.3,-0.14,-2.6415,123752.56,64157.15
603129.SH,春风动力,20260617,225.35,227.0,221.77,223.97,228.24,-4.27,-1.8708,14451.9,322787.804
603130.SH,云中马,20260617,44.47,45.5,43.87,44.29,44.77,-0.48,-1.0721,11487.0,51176.947
603131.SH,上海沪工,20260617,18.26,18.87,18.13,18.29,18.31,-0.02,-0.1092,95441.8,176637.21
603132.SH,金徽股份,20260617,17.67,17.77,17.23,17.42,17.58,-0.16,-0.9101,68614.85,119784.783
603135.SH,中重科技,20260617,12.96,13.08,12.65,12.74,13.01,-0.27,-2.0753,247983.26,318304.748
603136.SH,天目湖,20260617,8.91,8.92,8.53,8.64,8.92,-0.28,-3.139,48476.71,42020.129
603138.SH,海量数据,20260617,16.13,16.39,15.8,15.93,16.28,-0.35,-2.1499,65695.0,105125.55
603139.SH,康惠股份,20260617,40.9,44.13,40.12,44.13,40.12,4.01,9.995,53450.44,228514.57
603150.SH,万朗磁塑,20260617,79.5,80.91,76.01,78.36,79.9,-1.54,-1.9274,26226.0,207351.716
603151.SH,邦基科技,20260617,12.29,12.29,11.82,11.88,12.26,-0.38,-3.0995,22269.0,26568.115
603153.SH,上海建科,20260617,13.73,13.73,13.45,13.55,13.68,-0.13,-0.9503,11715.0,15874.726
603155.SH,新亚强,20260617,22.73,24.92,22.51,24.86,23.22,1.64,7.0629,273889.67,654475.711
603156.SH,养元饮品,20260617,41.91,43.93,41.09,43.89,42.27,1.62,3.8325,123951.8,531715.473
603158.SH,腾龙股份,20260617,14.0,14.2,13.5,13.73,14.0,-0.27,-1.9286,239348.9,329210.367
603160.SH,汇顶科技,20260617,56.6,60.29,56.4,59.74,57.2,2.54,4.4406,95044.69,558386.147
603161.SH,科华控股,20260617,14.1,14.78,13.96,14.74,14.31,0.43,3.0049,57420.62,83068.865
603162.SH,海通发展,20260617,9.95,10.0,9.59,9.73,9.95,-0.22,-2.2111,160379.65,156660.822
603163.SH,圣晖集成,20260617,111.72,123.22,110.0,120.16,115.18,4.98,4.3237,57302.25,667661.279
603165.SH,荣晟环保,20260617,15.41,15.98,15.41,15.7,15.41,0.29,1.8819,63445.96,99541.34
603166.SH,福达股份,20260617,14.85,16.0,14.65,15.81,14.8,1.01,6.8243,487439.27,751862.779
603167.SH,渤海轮渡,20260617,9.1,9.11,9.03,9.06,9.11,-0.05,-0.5488,27213.05,24650.448
603168.SH,莎普爱思,20260617,5.18,5.25,5.05,5.08,5.23,-0.15,-2.8681,78408.5,40028.686
603169.SH,兰石重装,20260617,8.39,8.66,8.04,8.46,8.12,0.34,4.1872,629732.77,525486.727
603170.SH,宝立食品,20260617,11.9,11.9,11.63,11.76,11.9,-0.14,-1.1765,17555.0,20641.614
603171.SH,税友股份,20260617,45.4,45.4,43.7,44.11,45.6,-1.49,-3.2675,46150.12,203823.178
603172.SH,万丰股份,20260617,18.95,18.95,18.09,18.17,18.95,-0.78,-4.1161,19475.0,35827.162
603173.SH,XD福斯达,20260617,34.3,34.64,33.62,33.79,34.12,-0.33,-0.9672,11981.0,40632.272
603175.SH,超颖电子,20260617,95.58,103.57,94.44,102.97,94.15,8.82,9.368,114073.04,1147211.084
603176.SH,汇通集团,20260617,4.73,4.73,4.57,4.6,4.71,-0.11,-2.3355,53532.39,24791.438
603177.SH,德创环保,20260617,9.19,10.28,9.06,9.89,9.38,0.51,5.4371,104018.35,99265.619
603178.SH,圣龙股份,20260617,16.91,17.23,16.3,16.36,17.01,-0.65,-3.8213,77485.23,128921.273
603179.SH,新泉股份,20260617,50.08,51.38,49.0,50.36,50.44,-0.08,-0.1586,215020.12,1075541.096
603180.SH,金牌家居,20260617,15.24,15.25,14.68,14.8,15.1,-0.3,-1.9868,21057.68,31225.543
603181.SH,皇马科技,20260617,16.18,16.24,15.58,15.72,16.4,-0.68,-4.1463,156738.3,248234.343
603182.SH,嘉华股份,20260617,12.45,12.53,12.05,12.1,12.45,-0.35,-2.8112,23888.0,29054.724
603183.SH,建研院,20260617,3.76,3.78,3.66,3.67,3.78,-0.11,-2.9101,91261.46,33734.562
603185.SH,XD弘元绿,20260617,18.12,18.34,17.55,17.6,18.3,-0.7,-3.8251,157280.23,280072.716
603186.SH,华正新材,20260617,215.0,226.67,214.3,226.67,206.06,20.61,10.0019,160407.13,3603072.153
603187.SH,海容冷链,20260617,12.36,12.52,12.14,12.2,12.42,-0.22,-1.7713,35032.34,42858.815
603188.SH,亚邦股份,20260617,4.35,4.43,4.19,4.2,4.31,-0.11,-2.5522,114937.0,49034.287
603189.SH,*ST网达,20260617,11.35,11.54,11.03,11.11,11.61,-0.5,-4.3066,56592.0,63400.567
603190.SH,亚通精工,20260617,25.9,26.08,25.44,25.58,26.07,-0.49,-1.8796,13505.0,34680.142
603191.SH,望变电气,20260617,18.42,18.76,17.67,17.93,18.21,-0.28,-1.5376,198589.31,359353.549
603192.SH,汇得科技,20260617,19.08,19.09,18.22,18.23,19.08,-0.85,-4.4549,16300.3,30091.927
603193.SH,润本股份,20260617,21.06,21.1,20.65,20.65,21.07,-0.42,-1.9934,20704.71,42982.184
603194.SH,中力股份,20260617,36.87,37.1,36.21,37.04,36.87,0.17,0.4611,17177.23,62842.886
603195.SH,公牛集团,20260617,39.48,39.65,39.01,39.2,39.53,-0.33,-0.8348,38073.36,149658.488
603196.SH,璞源材料,20260617,27.0,27.46,25.25,25.79,25.75,0.04,0.1553,87956.0,230978.576
603197.SH,XD保隆科,20260617,29.04,29.69,28.83,29.3,29.03,0.27,0.9301,23894.91,69744.007
603198.SH,迎驾贡酒,20260617,33.09,33.18,32.31,32.91,33.09,-0.18,-0.544,41600.27,135985.574
603199.SH,九华旅游,20260617,32.88,32.98,31.45,31.64,32.91,-1.27,-3.859,25399.22,80932.03
603200.SH,上海洗霸,20260617,47.94,48.7,47.44,47.57,48.47,-0.9,-1.8568,43428.84,208000.7
603201.SH,常润股份,20260617,17.24,17.76,16.61,17.53,17.33,0.2,1.1541,48887.7,83776.916
603202.SH,XD天有为,20260617,64.7,64.7,62.8,62.96,64.55,-1.59,-2.4632,9035.47,57111.261
603203.SH,快克智能,20260617,57.53,64.63,57.52,62.4,58.94,3.46,5.8704,246748.21,1505993.002
603205.SH,健尔康,20260617,22.36,22.46,21.56,21.67,22.36,-0.69,-3.0859,7038.97,15351.341
603206.SH,嘉环科技,20260617,18.45,19.34,17.94,18.12,18.51,-0.39,-2.107,171594.91,316703.603
603207.SH,小方制药,20260617,22.71,22.71,21.96,22.17,22.42,-0.25,-1.1151,10985.26,24295.734
603208.SH,江山欧派,20260617,11.32,11.32,10.8,10.9,11.34,-0.44,-3.8801,29218.87,32054.448
603209.SH,兴通股份,20260617,13.01,13.3,13.0,13.18,13.18,0.0,0.0,25822.0,34037.081
603210.SH,泰鸿万立,20260617,13.8,13.92,13.62,13.78,13.94,-0.16,-1.1478,31586.96,43392.904
603211.SH,晋拓股份,20260617,31.31,33.97,30.8,33.13,31.63,1.5,4.7423,129284.0,426127.55
603212.SH,赛伍技术,20260617,16.1,16.42,15.7,15.86,16.04,-0.18,-1.1222,288974.7,463550.74
603213.SH,镇洋发展,20260617,14.34,14.36,14.05,14.2,14.33,-0.13,-0.9072,53928.51,76404.344
603214.SH,爱婴室,20260617,13.4,13.42,12.97,13.04,13.4,-0.36,-2.6866,27214.0,35704.681
603215.SH,比依股份,20260617,15.5,15.99,15.14,15.48,15.13,0.35,2.3133,42238.0,65841.161
603216.SH,梦天家居,20260617,22.7,22.7,21.81,21.95,22.75,-0.8,-3.5165,26765.0,59068.751
603217.SH,元利科技,20260617,24.1,24.54,23.7,23.92,24.3,-0.38,-1.5638,20985.1,50360.8
603218.SH,日月股份,20260617,11.15,11.15,10.91,10.99,11.17,-0.18,-1.6115,73759.17,81095.305
603219.SH,富佳股份,20260617,15.89,15.95,15.05,15.27,15.57,-0.3,-1.9268,87377.0,134482.476
603220.SH,中贝通信,20260617,24.1,25.05,23.9,24.27,24.37,-0.1,-0.4103,325904.24,798310.097
603221.SH,爱丽家居,20260617,11.92,11.93,11.48,11.53,11.97,-0.44,-3.6759,25031.0,29298.141
603222.SH,济民健康,20260617,8.35,8.38,7.9,7.99,8.34,-0.35,-4.1966,151242.77,121867.628
603223.SH,恒通股份,20260617,9.34,9.52,9.21,9.24,9.4,-0.16,-1.7021,98402.11,92313.7
603225.SH,新凤鸣,20260617,21.2,21.99,20.5,20.6,21.75,-1.15,-5.2874,508998.98,1072138.349
603226.SH,菲林格尔,20260617,57.3,57.3,54.39,55.8,59.13,-3.33,-5.6317,60695.2,337752.543
603227.SH,雪峰科技,20260617,7.81,7.89,7.74,7.84,7.89,-0.05,-0.6337,65794.3,51335.643
603228.SH,景旺电子,20260617,77.0,82.77,76.76,80.76,78.15,2.61,3.3397,515303.32,4147903.06
603229.SH,奥翔药业,20260617,8.48,8.48,8.26,8.3,8.45,-0.15,-1.7751,55028.35,45939.765
603230.SH,内蒙新华,20260617,9.58,9.65,9.28,9.36,9.6,-0.24,-2.5,22226.0,20842.299
603231.SH,索宝蛋白,20260617,14.99,15.0,14.62,14.73,15.02,-0.29,-1.9308,17189.08,25316.905
603232.SH,格尔软件,20260617,16.29,16.41,15.9,16.05,16.53,-0.48,-2.9038,85715.0,137451.783
603233.SH,大参林,20260617,16.53,16.61,15.97,16.07,16.59,-0.52,-3.1344,52943.74,85349.951
603235.SH,天新药业,20260617,23.49,23.49,23.15,23.24,23.34,-0.1,-0.4284,1910.09,4448.531
603236.SH,移远通信,20260617,56.56,56.58,55.0,55.08,57.35,-2.27,-3.9582,119249.04,664053.102
603237.SH,五芳斋,20260617,14.5,14.66,13.63,13.82,14.64,-0.82,-5.6011,37622.72,52586.297
603238.SH,诺邦股份,20260617,12.34,12.34,11.97,12.04,12.28,-0.24,-1.9544,22891.7,27653.951
603239.SH,浙江仙通,20260617,17.7,17.7,16.35,16.47,17.47,-1.0,-5.7241,68533.0,114882.167
603248.SH,锡华科技,20260617,24.14,24.35,23.42,23.58,24.25,-0.67,-2.7629,45317.76,107696.556
603255.SH,鼎际得,20260617,33.03,33.8,32.6,32.93,33.3,-0.37,-1.1111,27546.0,91553.862
603256.SH,宏和科技,20260617,256.0,276.0,253.0,258.9,251.55,7.35,2.9219,226129.72,5931313.676
603257.SH,中国瑞林,20260617,69.4,71.0,68.72,71.0,69.95,1.05,1.5011,31045.11,217605.873
603258.SH,电魂网络,20260617,13.0,13.13,12.47,12.53,13.13,-0.6,-4.5697,43567.0,55080.605
603259.SH,药明康德,20260617,98.26,98.79,96.5,98.2,98.16,0.04,0.0407,273504.61,2675453.909
603260.SH,合盛硅业,20260617,50.16,51.93,48.7,50.03,51.03,-1.0,-1.9596,473258.49,2383997.58
603261.SH,立航科技,20260617,36.0,40.7,35.8,40.7,37.0,3.7,10.0,22480.08,89424.929
603262.SH,技源集团,20260617,26.39,27.06,26.1,27.01,26.44,0.57,2.1558,16420.28,43948.555
603266.SH,天龙股份,20260617,17.7,17.79,17.2,17.23,17.79,-0.56,-3.1478,26231.0,45554.717
603267.SH,鸿远电子,20260617,71.35,75.4,71.35,75.0,72.23,2.77,3.835,247212.22,1831418.807
603268.SH,松发股份,20260617,151.0,154.99,148.97,151.34,150.76,0.58,0.3847,53523.0,811119.393
603269.SH,海鸥股份,20260617,23.7,24.88,22.66,23.53,23.47,0.06,0.2556,305176.24,715773.406
603270.SH,金帝股份,20260617,29.0,30.78,28.27,30.2,28.66,1.54,5.3733,82544.77,246132.806
603271.SH,XD永杰新,20260617,50.89,54.68,49.12,54.4,49.71,4.69,9.4347,182220.71,953858.924
603272.SH,*ST联翔,20260617,32.67,33.28,32.67,32.67,34.39,-1.72,-5.0015,30492.0,99663.022
603273.SH,天元智能,20260617,14.63,14.67,14.17,14.23,14.61,-0.38,-2.601,25796.31,36897.547
603275.SH,众辰科技,20260617,42.67,42.99,41.61,41.86,42.55,-0.69,-1.6216,18901.04,79395.186
603276.SH,恒兴新材,20260617,16.95,17.07,16.42,16.75,17.07,-0.32,-1.8746,50838.77,84755.045
603277.SH,银都股份,20260617,10.61,10.61,10.06,10.25,10.64,-0.39,-3.6654,38153.15,39049.075
603278.SH,大业股份,20260617,12.65,13.13,12.5,12.57,12.87,-0.3,-2.331,206509.0,262577.589
603279.SH,景津装备,20260617,13.44,13.47,13.07,13.16,13.41,-0.25,-1.8643,60786.03,80462.205
603280.SH,南方路机,20260617,28.02,28.35,27.34,27.38,28.06,-0.68,-2.4234,9303.0,25685.08
603281.SH,江瀚新材,20260617,37.18,37.9,36.63,37.3,37.25,0.05,0.1342,45999.8,171402.123
603282.SH,亚光股份,20260617,14.94,14.99,14.53,14.69,15.02,-0.33,-2.1971,15226.0,22401.717
603283.SH,赛腾股份,20260617,56.0,63.06,55.69,63.06,57.33,5.73,9.9948,330566.81,1981130.137
603284.SH,林平发展,20260617,39.43,39.43,38.5,38.65,39.45,-0.8,-2.0279,7156.1,27831.253
603285.SH,键邦股份,20260617,46.99,50.58,46.99,50.58,45.98,4.6,10.0043,38250.06,187149.214
603286.SH,日盈电子,20260617,56.41,59.48,55.66,56.62,56.69,-0.07,-0.1235,49808.5,285217.012
603288.SH,海天味业,20260617,33.73,33.99,33.27,33.32,33.79,-0.47,-1.3909,126051.51,421166.965
603289.SH,泰瑞机器,20260617,9.21,9.31,9.01,9.06,9.3,-0.24,-2.5806,50894.0,46486.542
603290.SH,斯达半导,20260617,123.36,132.35,123.0,130.98,124.45,6.53,5.2471,138932.88,1790618.68
603291.SH,联合水务,20260617,9.0,9.05,8.76,8.77,9.06,-0.29,-3.2009,69354.0,61613.49
603293.SH,埃泰克,20260617,41.56,42.35,41.41,41.94,41.8,0.14,0.3349,17563.51,73636.271
603296.SH,DR华勤技,20260617,75.33,80.37,74.28,79.46,74.84,4.62,6.1732,242763.67,1903682.932
603297.SH,XD永新光,20260617,121.39,126.31,121.22,126.26,123.12,3.14,2.5504,18571.34,232689.639
603298.SH,杭叉集团,20260617,24.48,25.0,24.41,24.85,24.63,0.22,0.8932,45278.81,112011.304
603299.SH,苏盐井神,20260617,10.0,10.05,9.82,9.97,10.0,-0.03,-0.3,38259.46,37964.613
603300.SH,海南华铁,20260617,5.14,5.14,4.99,5.04,5.12,-0.08,-1.5625,300851.84,151591.373
603301.SH,振德医疗,20260617,88.5,89.5,87.18,88.15,88.0,0.15,0.1705,18848.0,166541.641
603303.SH,得邦照明,20260617,32.29,32.29,30.3,30.97,32.95,-1.98,-6.0091,103308.06,322685.548
603305.SH,旭升集团,20260617,14.15,14.18,13.9,14.1,14.2,-0.1,-0.7042,176732.96,248280.286
603306.SH,华懋科技,20260617,104.16,109.27,104.16,107.96,106.3,1.66,1.5616,110543.36,1189236.516
603307.SH,扬州金泉,20260617,25.71,26.1,25.2,25.55,25.71,-0.16,-0.6223,10759.15,27418.375
603308.SH,应流股份,20260617,61.69,64.87,61.25,63.97,61.33,2.64,4.3046,260593.96,1654206.101
603309.SH,维力医疗,20260617,11.71,11.76,11.47,11.5,11.77,-0.27,-2.294,25030.98,28979.061
603310.SH,巍华新材,20260617,15.96,15.98,15.6,15.61,16.02,-0.41,-2.5593,26843.34,42171.7
603311.SH,金海高科,20260617,40.76,41.82,39.52,40.39,40.8,-0.41,-1.0049,186130.0,758609.89
603312.SH,西典新能,20260617,37.59,38.16,37.0,37.87,37.66,0.21,0.5576,13034.23,49173.219
603313.SH,梦百合,20260617,5.17,5.19,5.04,5.05,5.17,-0.12,-2.3211,68417.69,34732.846
603315.SH,福鞍股份,20260617,17.04,17.23,16.63,16.75,17.03,-0.28,-1.6442,134861.0,227261.676
603316.SH,诚邦股份,20260617,20.0,20.79,19.9,20.73,20.29,0.44,2.1686,263274.7,540211.096
603317.SH,天味食品,20260617,13.86,13.97,13.45,13.61,13.67,-0.06,-0.4389,65719.48,89166.175
603318.SH,水发燃气,20260617,9.78,10.1,9.49,9.9,9.65,0.25,2.5907,917210.59,899808.673
603319.SH,美湖股份,20260617,35.89,36.5,35.48,35.73,36.19,-0.46,-1.2711,170570.23,613980.779
603320.SH,迪贝电气,20260617,21.18,21.42,20.31,20.49,21.47,-0.98,-4.5645,30658.0,63699.505
603321.SH,梅轮电梯,20260617,6.34,6.35,6.15,6.18,6.32,-0.14,-2.2152,36619.0,22731.536
603322.SH,超讯科技,20260617,29.02,29.28,28.6,28.79,29.18,-0.39,-1.3365,37598.0,108520.717
603323.SH,苏农银行,20260617,4.81,4.83,4.77,4.8,4.8,0.0,0.0,202345.66,96930.27
603324.SH,盛剑科技,20260617,34.7,39.18,34.43,39.18,35.62,3.56,9.9944,144276.6,539087.77
603325.SH,博隆技术,20260617,56.85,57.23,55.5,56.0,56.85,-0.85,-1.4952,5120.17,28769.623
603326.SH,我乐家居,20260617,6.79,6.8,6.59,6.61,6.77,-0.16,-2.3634,29360.0,19550.942
603327.SH,福蓉科技,20260617,10.78,11.04,10.67,10.8,10.78,0.02,0.1855,326818.67,352684.553
603328.SH,依顿电子,20260617,14.1,15.45,14.1,15.12,14.39,0.73,5.073,744117.24,1110465.989
603329.SH,上海雅仕,20260617,9.77,9.78,9.55,9.61,9.78,-0.17,-1.7382,25594.03,24630.789
603330.SH,天洋新材,20260617,8.0,8.14,7.9,8.05,8.16,-0.11,-1.348,401191.5,322429.285
603331.SH,百达精工,20260617,11.93,11.93,11.49,11.58,11.94,-0.36,-3.0151,51792.0,60210.365
603332.SH,苏州龙杰,20260617,11.3,11.36,11.08,11.12,11.37,-0.25,-2.1988,40064.82,44782.098
603333.SH,福华尚纬,20260617,8.21,8.34,8.06,8.1,8.32,-0.22,-2.6442,205203.89,167272.142
603334.SH,丰倍生物,20260617,41.59,41.69,39.56,39.99,41.9,-1.91,-4.5585,15082.42,61060.317
603335.SH,迪生力,20260617,8.22,8.91,8.22,8.49,8.81,-0.32,-3.6322,902348.63,766640.192
603336.SH,宏辉果蔬,20260617,8.16,8.17,7.99,8.09,8.17,-0.08,-0.9792,146541.09,118260.251
603337.SH,杰克科技,20260617,40.2,41.41,39.01,41.3,40.46,0.84,2.0761,53136.92,215325.081
603338.SH,浙江鼎力,20260617,48.58,48.8,47.7,47.95,48.5,-0.55,-1.134,38345.25,184440.322
603339.SH,四方科技,20260617,12.8,13.15,12.7,12.81,12.82,-0.01,-0.078,32290.6,41428.204
603341.SH,龙旗科技,20260617,38.04,38.41,37.5,37.89,38.21,-0.32,-0.8375,73529.64,278979.15
603344.SH,星德胜,20260617,29.29,29.29,27.12,27.43,29.29,-1.86,-6.3503,59199.0,164830.656
603345.SH,安井食品,20260617,86.0,87.0,84.0,84.94,86.36,-1.42,-1.6443,38980.6,332312.432
603348.SH,文灿股份,20260617,14.9,14.99,14.47,14.69,14.96,-0.27,-1.8048,23819.48,34945.751
603350.SH,安乃达,20260617,30.26,30.54,30.12,30.32,30.42,-0.1,-0.3287,4574.63,13874.992
603351.SH,威尔药业,20260617,24.69,24.69,24.3,24.45,24.69,-0.24,-0.9721,4704.6,11497.956
603352.SH,至信股份,20260617,28.25,28.61,28.06,28.07,28.5,-0.43,-1.5088,9847.41,27846.638
603353.SH,和顺石油,20260617,40.26,42.56,39.7,41.1,40.7,0.4,0.9828,63012.6,261301.785
603355.SH,莱克电气,20260617,28.03,29.0,27.3,28.81,28.17,0.64,2.2719,40438.14,114944.925
603356.SH,华菱精工,20260617,18.61,19.05,18.42,18.52,18.68,-0.16,-0.8565,34293.0,64128.263
603357.SH,设计总院,20260617,6.62,6.62,6.49,6.55,6.63,-0.08,-1.2066,27675.32,18104.689
603358.SH,华达科技,20260617,37.29,37.4,35.8,35.82,37.3,-1.48,-3.9678,99178.81,361309.4
603359.SH,*ST东珠,20260617,2.69,2.73,2.61,2.62,2.71,-0.09,-3.321,66537.8,17708.958
603360.SH,百傲化学,20260617,19.1,19.45,18.64,18.88,19.12,-0.24,-1.2552,141454.32,268177.5
603363.SH,傲农生物,20260617,2.93,2.94,2.84,2.88,2.94,-0.06,-2.0408,323147.7,92722.717
603365.SH,水星家纺,20260617,17.48,17.61,17.34,17.48,17.61,-0.13,-0.7382,16514.0,28851.621
603366.SH,日出东方,20260617,7.07,7.07,6.87,6.9,7.09,-0.19,-2.6798,90756.0,62897.156
603367.SH,辰欣药业,20260617,13.24,13.24,12.97,12.99,13.19,-0.2,-1.5163,44867.47,58451.495
603368.SH,柳药集团,20260617,15.8,15.85,15.54,15.56,15.9,-0.34,-2.1384,22279.0,34846.102
603369.SH,今世缘,20260617,24.69,25.8,24.11,25.13,24.66,0.47,1.9059,146519.33,363084.315
603370.SH,华新精科,20260617,43.3,43.33,41.61,41.68,43.3,-1.62,-3.7413,12302.04,51947.992
603373.SH,安邦护卫,20260617,38.98,40.25,38.38,39.95,38.5,1.45,3.7662,50371.6,198766.262
603375.SH,盛景微,20260617,48.24,51.2,47.49,49.76,48.99,0.77,1.5717,38666.25,190231.669
603376.SH,大明电子,20260617,26.89,27.2,26.38,26.93,26.83,0.1,0.3727,8806.29,23562.703
603377.SH,ST东时,20260617,3.47,3.47,3.41,3.43,3.47,-0.04,-1.1527,40578.57,13943.623
603378.SH,*ST亚士,20260617,5.46,5.46,5.19,5.19,5.46,-0.27,-4.9451,124066.0,65395.934
603379.SH,三美股份,20260617,66.15,68.98,65.03,68.95,66.81,2.14,3.2031,181435.05,1222971.22
603380.SH,易德龙,20260617,37.85,37.95,36.81,37.3,37.81,-0.51,-1.3488,32411.0,120827.439
603381.SH,永臻股份,20260617,17.09,17.48,16.8,16.96,17.21,-0.25,-1.4526,39065.0,66578.408
603382.SH,海阳科技,20260617,19.31,19.38,18.8,18.83,19.41,-0.58,-2.9882,13184.05,25024.789
603383.SH,顶点软件,20260617,28.92,29.01,28.4,28.5,29.02,-0.52,-1.7919,35057.06,100242.311
603385.SH,惠达卫浴,20260617,5.3,5.3,5.12,5.17,5.32,-0.15,-2.8195,40492.0,21019.342
603386.SH,骏亚科技,20260617,17.52,18.6,17.51,18.16,17.82,0.34,1.908,196125.53,356328.695
603387.SH,基蛋生物,20260617,8.22,8.22,8.09,8.12,8.22,-0.1,-1.2165,55125.3,44862.711
603389.SH,*ST亚振,20260617,60.0,60.0,57.97,58.35,59.8,-1.45,-2.4247,7927.0,46511.15
603390.SH,通达电气,20260617,11.98,12.24,11.81,12.08,11.94,0.14,1.1725,74580.95,89800.827
603391.SH,力聚热能,20260617,56.18,56.4,54.5,56.12,56.48,-0.36,-0.6374,14085.24,77781.742
603392.SH,万泰生物,20260617,28.68,28.92,28.2,28.61,28.9,-0.29,-1.0035,41566.59,118772.979
603393.SH,新天然气,20260617,26.39,26.48,25.52,25.69,26.64,-0.95,-3.5661,81541.83,210470.951
603395.SH,红四方,20260617,22.37,23.08,22.16,22.43,22.36,0.07,0.3131,28382.46,63979.611
603396.SH,金辰股份,20260617,29.52,29.77,28.74,28.81,29.53,-0.72,-2.4382,32676.8,95101.355
603398.SH,*ST沐邦,20260617,13.6,14.24,13.53,14.14,13.65,0.49,3.5897,69541.04,97056.829
603399.SH,永杉锂业,20260617,20.7,20.99,19.74,19.87,20.74,-0.87,-4.1948,968028.93,1961673.056
603400.SH,华之杰,20260617,58.88,63.17,58.18,61.01,59.33,1.68,2.8316,20189.4,123058.91
603402.SH,陕西旅游,20260617,70.14,70.16,67.51,67.72,70.58,-2.86,-4.0521,11200.96,76635.029
603406.SH,天富龙,20260617,29.03,29.03,28.27,28.34,29.06,-0.72,-2.4776,11835.26,33668.002
603407.SH,长裕集团,20260617,64.1,66.25,61.23,61.85,62.87,-1.02,-1.6224,119996.94,765886.956
603408.SH,建霖家居,20260617,10.1,10.34,9.95,10.17,10.09,0.08,0.7929,20506.82,20818.594
603409.SH,汇通控股,20260617,31.62,32.29,31.07,31.7,31.81,-0.11,-0.3458,30492.32,96179.652
603416.SH,信捷电气,20260617,55.21,55.7,54.65,55.25,55.62,-0.37,-0.6652,19744.18,108846.237
603418.SH,友升股份,20260617,50.98,51.0,50.25,50.45,50.61,-0.16,-0.3161,7161.36,36254.272
603421.SH,鼎信通讯,20260617,6.71,6.8,6.52,6.57,6.74,-0.17,-2.5223,66313.0,43790.289
603429.SH,*ST集友,20260617,9.85,10.23,9.75,10.23,9.74,0.49,5.0308,71083.74,72367.968
603435.SH,嘉德利,20260617,66.8,71.2,66.8,70.17,68.68,1.49,2.1695,69266.54,481385.391
603439.SH,三力制药,20260617,15.01,15.36,14.7,15.14,15.34,-0.2,-1.3038,142462.0,215044.671
603444.SH,吉比特,20260617,328.0,328.68,322.5,324.88,329.46,-4.58,-1.3902,11926.88,387320.484
603456.SH,九洲药业,20260617,12.63,13.08,12.62,12.97,12.61,0.36,2.8549,187422.53,241923.117
603458.SH,勘设股份,20260617,13.21,14.72,12.72,14.72,13.38,1.34,10.0149,385418.59,527364.936
603459.SH,红板科技,20260617,83.5,91.8,83.16,89.31,85.99,3.32,3.8609,195797.64,1735160.606
603466.SH,风语筑,20260617,10.1,11.2,10.1,10.3,10.46,-0.16,-1.5296,722019.58,766713.981
603477.SH,巨星农牧,20260617,14.2,14.26,13.85,13.99,14.24,-0.25,-1.7556,80353.3,112429.008
603486.SH,科沃斯,20260617,54.5,54.64,53.01,53.32,54.91,-1.59,-2.8956,81531.23,436902.316
603488.SH,展鹏科技,20260617,11.76,13.18,11.48,13.18,11.98,1.2,10.0167,395653.0,499045.859
603489.SH,八方股份,20260617,32.28,33.3,32.28,32.45,32.76,-0.31,-0.9463,23265.08,76182.181
603496.SH,恒为科技,20260617,23.15,24.44,22.8,24.33,23.15,1.18,5.0972,185308.93,443989.681
603499.SH,翔港科技,20260617,20.35,20.48,19.82,20.41,20.35,0.06,0.2948,56078.0,112907.368
603500.SH,祥和实业,20260617,13.09,13.85,12.98,13.6,13.38,0.22,1.6442,352837.54,475785.633
603501.SH,豪威集团,20260617,87.64,91.2,87.31,90.12,88.2,1.92,2.1769,219753.26,1969430.557
603505.SH,金石资源,20260617,19.63,20.4,19.5,19.92,19.82,0.1,0.5045,276899.26,552242.491
603506.SH,南都物业,20260617,10.4,10.43,10.05,10.15,10.46,-0.31,-2.9637,32932.0,33404.053
603507.SH,振江股份,20260617,39.18,39.58,37.31,37.5,38.7,-1.2,-3.1008,85475.54,326981.643
603508.SH,思维列控,20260617,21.67,21.87,21.55,21.59,21.75,-0.16,-0.7356,27664.38,59944.719
603511.SH,爱慕股份,20260617,12.68,12.68,12.27,12.31,12.6,-0.29,-2.3016,17430.0,21533.48
603515.SH,欧普照明,20260617,18.73,18.73,18.3,18.33,18.73,-0.4,-2.1356,8302.0,15314.404
603516.SH,淳中科技,20260617,138.64,143.5,132.69,135.63,134.64,0.99,0.7353,143037.01,1950556.825
603517.SH,ST绝味,20260617,11.57,11.59,10.96,10.97,11.54,-0.57,-4.9393,152882.0,169735.452
603518.SH,锦泓集团,20260617,7.93,8.47,7.91,8.06,7.96,0.1,1.2563,127233.12,104203.314
603519.SH,立霸股份,20260617,14.0,15.1,13.9,14.88,14.06,0.82,5.8321,117118.6,171357.578
603520.SH,司太立,20260617,9.58,9.8,9.38,9.4,9.58,-0.18,-1.8789,161474.7,153857.129
603527.SH,众源新材,20260617,14.6,14.87,14.45,14.73,14.9,-0.17,-1.1409,262372.1,384179.059
603528.SH,多伦科技,20260617,6.86,6.88,6.57,6.65,6.8,-0.15,-2.2059,134727.0,89575.042
603529.SH,爱玛科技,20260617,20.78,20.78,20.16,20.42,20.78,-0.36,-1.7324,51358.83,104690.061
603530.SH,神马电力,20260617,53.2,53.63,52.4,52.9,53.4,-0.5,-0.9363,37018.19,195633.789
603533.SH,掌阅科技,20260617,20.5,20.6,19.97,20.09,20.59,-0.5,-2.4284,135047.9,271944.938
603535.SH,嘉诚国际,20260617,6.75,6.75,6.53,6.54,6.72,-0.18,-2.6786,26903.9,17721.059
603536.SH,惠发食品,20260617,8.76,8.76,8.44,8.48,8.72,-0.24,-2.7523,38523.8,32776.106
603538.SH,美诺华,20260617,37.79,38.28,37.43,37.8,38.02,-0.22,-0.5786,133050.53,502945.415
603551.SH,奥普科技,20260617,9.52,9.57,9.3,9.32,9.52,-0.2,-2.1008,17978.0,16846.234
603556.SH,海兴电力,20260617,23.77,23.8,23.05,23.06,23.77,-0.71,-2.987,42701.64,99227.176
603557.SH,*ST起步,20260617,4.33,4.39,4.15,4.15,4.37,-0.22,-5.0343,91131.0,38478.296
603558.SH,健盛集团,20260617,11.78,11.87,11.5,11.51,11.85,-0.34,-2.8692,25609.0,29700.558
603559.SH,ST通脉,20260617,8.58,8.8,8.57,8.71,8.6,0.11,1.2791,25346.0,22046.141
603565.SH,中谷物流,20260617,10.36,10.48,10.22,10.38,10.36,0.02,0.1931,110335.16,114752.088
603566.SH,普莱柯,20260617,10.01,10.04,9.75,9.78,10.04,-0.26,-2.5896,24198.0,23760.854
603567.SH,珍宝岛,20260617,5.43,5.45,5.05,5.08,5.48,-0.4,-7.2993,379904.0,195971.316
603568.SH,伟明环保,20260617,16.88,17.05,16.62,16.95,17.0,-0.05,-0.2941,65051.58,109363.592
603569.SH,长久物流,20260617,5.45,5.45,5.3,5.32,5.47,-0.15,-2.7422,51128.2,27262.155
603577.SH,汇金通,20260617,9.83,9.84,9.44,9.53,9.82,-0.29,-2.9532,46003.0,44084.906
603578.SH,三星新材,20260617,13.45,14.04,13.33,13.64,13.43,0.21,1.5637,54902.88,75355.094
603579.SH,荣泰健康,20260617,18.85,19.93,18.85,19.82,19.01,0.81,4.2609,41896.03,81130.394
603580.SH,*ST艾艾,20260617,25.31,26.05,24.5,26.05,24.81,1.24,4.998,15612.6,39692.984
603583.SH,捷昌驱动,20260617,24.63,24.8,24.12,24.24,24.75,-0.51,-2.0606,35995.12,87734.066
603585.SH,苏利股份,20260617,15.3,15.3,14.58,14.62,15.2,-0.58,-3.8158,41584.61,61400.977
603586.SH,金麒麟,20260617,15.63,16.4,15.63,15.75,17.37,-1.62,-9.3264,181624.0,286079.545
603587.SH,地素时尚,20260617,11.95,12.01,11.6,11.61,11.95,-0.34,-2.8452,23050.0,27041.461
603588.SH,高能环境,20260617,14.99,15.81,14.98,15.51,14.7,0.81,5.5102,846166.86,1310518.26
603589.SH,口子窖,20260617,20.1,20.21,19.65,19.92,20.14,-0.22,-1.0924,39846.0,79195.785
603590.SH,康辰药业,20260617,29.19,29.37,28.87,29.14,29.34,-0.2,-0.6817,13284.0,38574.618
603595.SH,ST东尼,20260617,27.5,28.22,26.96,27.59,26.96,0.63,2.3368,39717.3,109295.446
603596.SH,伯特利,20260617,28.3,29.12,28.08,28.91,28.35,0.56,1.9753,185407.23,533282.426
603598.SH,引力传媒,20260617,19.45,19.47,18.9,19.06,19.72,-0.66,-3.3469,130757.0,250003.743
603599.SH,广信股份,20260617,10.89,10.96,10.7,10.78,10.96,-0.18,-1.6423,89948.23,97005.724
603600.SH,永艺股份,20260617,9.63,9.66,9.4,9.44,9.64,-0.2,-2.0747,32431.0,30704.722
603601.SH,再升科技,20260617,14.34,15.77,14.27,15.77,14.34,1.43,9.9721,1620335.15,2490928.451
603602.SH,纵横通信,20260617,12.8,12.97,12.69,12.89,12.88,0.01,0.0776,37828.13,48510.109
603605.SH,珀莱雅,20260617,66.2,66.58,65.2,65.99,66.27,-0.28,-0.4225,29777.59,196303.429
603606.SH,东方电缆,20260617,41.22,41.7,40.53,40.87,40.82,0.05,0.1225,154968.57,635153.435
603607.SH,京华激光,20260617,20.52,21.27,20.45,20.7,20.69,0.01,0.0483,35704.92,74356.679
603608.SH,天创时尚,20260617,28.56,29.3,25.82,26.08,28.69,-2.61,-9.0972,522594.63,1401837.922
603609.SH,禾丰股份,20260617,6.03,6.04,5.95,6.0,6.05,-0.05,-0.8264,32743.0,19607.14
603610.SH,麒盛科技,20260617,17.95,18.73,17.78,18.5,18.14,0.36,1.9846,89628.69,163571.065
603611.SH,诺力股份,20260617,17.46,17.47,17.11,17.25,17.39,-0.14,-0.8051,24361.35,41993.384
603612.SH,索通发展,20260617,21.05,21.12,20.32,20.54,21.13,-0.59,-2.7922,130616.0,269750.63
603613.SH,国联股份,20260617,20.16,20.34,19.83,19.97,20.16,-0.19,-0.9425,85889.16,171531.209
603615.SH,茶花股份,20260617,17.65,18.09,17.52,17.91,17.75,0.16,0.9014,30715.0,54772.64
603616.SH,韩建河山,20260617,6.12,6.15,5.87,5.87,6.05,-0.18,-2.9752,408124.87,243456.133
603617.SH,君禾股份,20260617,7.57,7.8,7.53,7.55,7.71,-0.16,-2.0752,92503.51,70716.395
603618.SH,杭电股份,20260617,48.0,51.73,48.0,51.73,47.03,4.7,9.9936,309981.39,1575478.546
603619.SH,中曼石油,20260617,22.74,22.84,22.3,22.6,22.92,-0.32,-1.3962,172024.4,387723.654
603626.SH,科森科技,20260617,21.6,22.6,21.34,21.41,21.8,-0.39,-1.789,273023.85,596409.539
603628.SH,清源股份,20260617,10.2,10.25,10.0,10.02,10.26,-0.24,-2.3392,45488.73,45800.58
603629.SH,利通电子,20260617,163.0,167.98,159.19,165.03,163.1,1.93,1.1833,330263.94,5376466.328
603630.SH,拉芳家化,20260617,13.3,13.3,12.84,12.9,13.3,-0.4,-3.0075,29757.3,38516.809
603633.SH,徕木股份,20260617,8.2,8.31,7.95,8.02,8.28,-0.26,-3.1401,161390.31,130432.811
603636.SH,南威软件,20260617,9.42,9.57,9.17,9.33,9.61,-0.28,-2.9136,233452.74,217482.105
603637.SH,镇海股份,20260617,16.66,18.27,16.4,18.27,16.61,1.66,9.994,91602.83,162183.395
603638.SH,艾迪精密,20260617,24.4,24.66,23.92,24.13,24.53,-0.4,-1.6307,102012.95,246681.187
603639.SH,海利尔,20260617,10.71,10.71,10.5,10.5,10.71,-0.21,-1.9608,12683.72,13350.642
603648.SH,畅联股份,20260617,8.67,8.67,8.38,8.42,8.68,-0.26,-2.9954,32070.0,27129.066
603650.SH,彤程新材,20260617,62.0,68.47,62.0,67.82,63.99,3.83,5.9853,313585.1,2075506.865
603655.SH,XD朗博科,20260617,31.88,32.8,31.7,31.83,32.05,-0.22,-0.6864,17017.0,54604.601
603656.SH,泰禾智能,20260617,18.36,18.76,18.06,18.2,18.46,-0.26,-1.4085,30114.36,55255.189
603657.SH,春光科技,20260617,24.31,25.05,23.8,24.5,24.56,-0.06,-0.2443,51853.02,127165.754
603658.SH,安图生物,20260617,31.52,31.62,30.8,31.03,31.49,-0.46,-1.4608,15775.37,49086.826
603659.SH,璞泰来,20260617,29.5,29.9,29.2,29.51,29.68,-0.17,-0.5728,350680.52,1035531.754
603660.SH,苏州科达,20260617,11.83,12.47,11.83,12.17,11.93,0.24,2.0117,285642.27,349944.683
603661.SH,恒林股份,20260617,33.0,34.18,32.4,33.64,33.68,-0.04,-0.1188,65531.0,219377.057
603662.SH,柯力传感,20260617,68.5,72.22,68.0,70.32,69.16,1.16,1.6773,147540.3,1039926.816
603663.SH,三祥新材,20260617,83.0,86.0,77.31,79.54,82.98,-3.44,-4.1456,294792.99,2344520.538
603665.SH,康隆达,20260617,26.43,26.6,25.81,26.25,26.27,-0.02,-0.0761,20193.91,52814.622
603666.SH,亿嘉和,20260617,27.34,27.66,26.5,26.95,27.6,-0.65,-2.3551,41983.0,113218.537
603667.SH,五洲新春,20260617,66.0,67.45,65.52,66.52,66.38,0.14,0.2109,180516.44,1199116.881
603668.SH,天马科技,20260617,11.12,11.12,10.65,10.7,11.11,-0.41,-3.6904,51496.0,55521.838
603669.SH,灵康药业,20260617,4.69,4.83,4.62,4.82,4.74,0.08,1.6878,161227.0,76043.095
603676.SH,卫信康,20260617,8.72,8.72,8.53,8.6,8.72,-0.12,-1.3761,14220.0,12228.698
603677.SH,奇精机械,20260617,14.36,14.36,13.7,13.85,14.36,-0.51,-3.5515,31355.1,43687.409
603678.SH,火炬电子,20260617,66.3,69.73,65.5,69.71,67.7,2.01,2.969,543768.71,3706825.31
603679.SH,华体科技,20260617,19.3,19.52,19.05,19.48,19.34,0.14,0.7239,64000.0,123295.727
603680.SH,今创集团,20260617,11.48,11.48,10.96,11.01,11.45,-0.44,-3.8428,45540.5,50598.977
603681.SH,永冠新材,20260617,25.77,26.94,25.18,26.2,26.93,-0.73,-2.7107,331069.61,862763.905
603682.SH,锦和商管,20260617,8.18,8.18,7.85,8.04,8.09,-0.05,-0.618,85335.0,68436.3
603683.SH,晶华新材,20260617,32.88,32.89,31.51,31.86,32.47,-0.61,-1.8787,127888.81,408376.796
603685.SH,晨丰科技,20260617,32.18,32.68,31.5,31.8,31.94,-0.14,-0.4383,22147.6,71174.783
603686.SH,福龙马,20260617,14.59,14.7,14.24,14.29,14.66,-0.37,-2.5239,83144.39,119729.99
603687.SH,大胜达,20260617,18.28,18.78,17.44,18.45,18.13,0.32,1.765,536188.0,975784.482
603688.SH,石英股份,20260617,78.2,82.64,77.75,79.34,80.33,-0.99,-1.2324,447255.78,3576621.334
603689.SH,皖天然气,20260617,7.66,7.69,7.54,7.55,7.66,-0.11,-1.436,21561.6,16327.088
603690.SH,至纯科技,20260617,28.25,29.08,28.15,28.93,28.7,0.23,0.8014,269739.96,771892.145
603693.SH,XD江苏新,20260617,14.48,14.85,14.02,14.58,14.59,-0.01,-0.0685,135815.34,197164.575
603696.SH,安记食品,20260617,12.68,12.77,12.47,12.52,12.8,-0.28,-2.1875,32675.25,41093.558
603697.SH,有友食品,20260617,11.06,11.09,10.74,11.02,11.02,0.0,0.0,60111.59,65472.517
603698.SH,航天工程,20260617,31.4,32.6,31.14,31.72,31.14,0.58,1.8626,210091.25,669520.563
603699.SH,纽威股份,20260617,57.92,57.92,55.55,55.99,57.08,-1.09,-1.9096,39708.0,223512.786
603700.SH,宁水集团,20260617,10.83,10.84,10.63,10.75,10.83,-0.08,-0.7387,35584.9,38125.405
603701.SH,德宏股份,20260617,23.05,23.9,23.05,23.8,23.42,0.38,1.6225,48783.06,115157.39
603703.SH,盛洋科技,20260617,12.09,12.63,12.09,12.22,12.33,-0.11,-0.8921,147614.8,182284.924
603706.SH,东方环宇,20260617,19.8,19.99,19.46,19.78,19.91,-0.13,-0.6529,14092.0,27745.441
603707.SH,健友股份,20260617,7.26,7.27,7.12,7.16,7.29,-0.13,-1.7833,114918.24,82354.595
603708.SH,家家悦,20260617,9.43,9.43,9.17,9.21,9.43,-0.22,-2.333,43811.9,40482.049
603709.SH,中源家居,20260617,15.14,15.14,14.53,14.73,15.0,-0.27,-1.8,18724.98,27595.434
603711.SH,香飘飘,20260617,12.75,12.89,12.38,12.41,12.98,-0.57,-4.3914,40892.96,51034.454
603712.SH,七一二,20260617,13.44,13.58,13.14,13.16,13.5,-0.34,-2.5185,106940.45,142400.769
603713.SH,密尔克卫,20260617,58.74,61.61,57.13,60.89,58.75,2.14,3.6426,52733.87,316653.205
603716.SH,塞力医疗,20260617,15.79,15.85,15.59,15.7,15.8,-0.1,-0.6329,45938.68,72052.095
603717.SH,天域生物,20260617,6.18,6.33,6.04,6.17,6.2,-0.03,-0.4839,114641.0,70690.272
603718.SH,*ST海利,20260617,3.14,3.17,2.98,2.99,3.14,-0.15,-4.7771,100750.0,30717.379
603719.SH,良品铺子,20260617,9.22,9.42,8.88,8.97,9.29,-0.32,-3.4446,60321.0,54361.611
603722.SH,阿科力,20260617,38.18,39.11,37.43,37.45,38.2,-0.75,-1.9634,22794.0,86738.971
603725.SH,天安新材,20260617,10.9,10.95,10.33,10.43,10.95,-0.52,-4.7489,108632.6,114231.852
603726.SH,朗迪集团,20260617,28.48,29.37,28.24,29.08,28.48,0.6,2.1067,71224.8,205501.987
603727.SH,博迈科,20260617,15.89,16.02,15.44,15.64,15.89,-0.25,-1.5733,44249.0,69393.648
603728.SH,鸣志电器,20260617,61.5,61.86,60.6,61.33,62.2,-0.87,-1.3987,64569.61,395384.618
603729.SH,ST龙韵,20260617,12.31,12.31,11.73,11.79,12.35,-0.56,-4.5344,17184.0,20475.59
603730.SH,岱美股份,20260617,14.16,14.44,12.84,13.0,14.15,-1.15,-8.1272,793532.01,1074502.83
603733.SH,仙鹤股份,20260617,28.49,29.74,27.88,29.12,29.13,-0.01,-0.0343,174956.55,503088.102
603737.SH,三棵树,20260617,27.13,27.2,26.48,26.53,27.2,-0.67,-2.4632,55150.69,147349.565
603738.SH,泰晶科技,20260617,54.77,60.99,54.77,59.0,55.51,3.49,6.2872,636771.51,3745066.409
603739.SH,蔚蓝生物,20260617,12.34,12.39,12.03,12.07,12.34,-0.27,-2.188,30950.4,37540.227
603755.SH,日辰股份,20260617,25.61,25.72,25.04,25.24,25.61,-0.37,-1.4447,10670.1,27010.96
603757.SH,大元泵业,20260617,53.56,54.86,52.6,53.09,54.67,-1.58,-2.8901,97502.0,521264.83
603758.SH,秦安股份,20260617,10.32,10.32,9.99,10.0,10.3,-0.3,-2.9126,36881.0,37136.62
603759.SH,海天股份,20260617,7.59,7.62,7.38,7.41,7.63,-0.22,-2.8834,30646.78,22806.503
603766.SH,隆鑫通用,20260617,11.32,11.58,11.01,11.42,11.5,-0.08,-0.6957,430443.0,487453.002
603767.SH,中马传动,20260617,16.2,16.25,15.67,15.7,16.33,-0.63,-3.8579,60731.38,96203.315
603768.SH,常青股份,20260617,10.4,10.4,10.0,10.03,10.35,-0.32,-3.0918,42352.0,42977.585
603773.SH,沃格光电,20260617,155.68,166.13,155.68,166.13,151.03,15.1,9.998,119380.7,1950594.962
603776.SH,永安行,20260617,20.8,22.18,20.38,21.35,20.94,0.41,1.958,61474.57,131498.441
603777.SH,来伊份,20260617,17.9,19.31,17.2,18.63,17.55,1.08,6.1538,216536.97,395190.968
603778.SH,国晟科技,20260617,15.86,16.99,15.5,16.64,16.04,0.6,3.7406,872591.01,1422752.391
603779.SH,威龙股份,20260617,7.93,7.97,7.65,7.74,7.84,-0.1,-1.2755,214815.0,166890.465
603786.SH,科博达,20260617,47.69,48.08,47.06,47.86,47.69,0.17,0.3565,20803.34,98839.639
603787.SH,新日股份,20260617,9.9,9.9,9.59,9.61,9.9,-0.29,-2.9293,33466.0,32348.645
603788.SH,宁波高发,20260617,14.7,14.8,14.28,14.37,14.7,-0.33,-2.2449,22149.0,32065.384
603789.SH,ST星农,20260617,5.43,5.46,5.3,5.33,5.45,-0.12,-2.2018,26066.0,13955.723
603790.SH,雅运股份,20260617,25.3,26.4,25.2,26.02,25.55,0.47,1.8395,33452.0,87036.365
603797.SH,联泰环保,20260617,4.14,4.14,3.98,4.02,4.13,-0.11,-2.6634,58390.0,23497.113
603798.SH,康普顿,20260617,15.96,16.1,15.73,16.08,16.05,0.03,0.1869,32004.2,50959.907
603799.SH,华友钴业,20260617,52.5,53.85,52.19,52.59,53.0,-0.41,-0.7736,535956.69,2828345.555
603800.SH,洪田股份,20260617,79.84,81.8,77.5,81.33,80.6,0.73,0.9057,105645.08,846229.423
603801.SH,志邦家居,20260617,6.67,6.67,6.4,6.45,6.65,-0.2,-3.0075,40115.3,25968.113
603803.SH,瑞斯康达,20260617,13.3,13.3,12.69,12.89,13.33,-0.44,-3.3008,381167.31,492030.429
603806.SH,福斯特,20260617,17.3,17.58,17.08,17.34,17.39,-0.05,-0.2875,398302.37,688557.478
603808.SH,歌力思,20260617,8.7,8.72,8.37,8.43,8.74,-0.31,-3.5469,64336.55,54666.669
603809.SH,豪能股份,20260617,9.85,9.85,9.56,9.61,9.85,-0.24,-2.4365,143207.33,138579.031
603810.SH,丰山集团,20260617,12.39,12.39,11.82,11.89,12.3,-0.41,-3.3333,24279.92,29098.694
603811.SH,诚意药业,20260617,10.82,10.83,10.63,10.66,10.83,-0.17,-1.5697,25708.74,27480.638
603813.SH,原尚股份,20260617,39.15,40.2,36.81,38.25,38.78,-0.53,-1.3667,15873.53,60966.896
603815.SH,交建股份,20260617,5.86,6.19,5.77,5.93,5.8,0.13,2.2414,250840.0,150127.149
603816.SH,顾家家居,20260617,25.61,25.75,24.66,24.78,25.61,-0.83,-3.2409,129057.16,322046.142
603817.SH,海峡环保,20260617,5.87,5.88,5.68,5.71,5.87,-0.16,-2.7257,78366.0,44901.828
603818.SH,曲美家居,20260617,2.87,2.88,2.78,2.79,2.87,-0.08,-2.7875,129134.0,36305.171
603819.SH,神力股份,20260617,11.71,11.9,11.59,11.62,11.86,-0.24,-2.0236,46078.5,53970.912
603822.SH,ST嘉澳,20260617,76.09,76.64,74.66,74.8,76.09,-1.29,-1.6954,5912.99,44339.886
603823.SH,百合花,20260617,42.83,48.24,42.54,46.88,44.35,2.53,5.7046,268941.3,1239521.447
603825.SH,ST华扬,20260617,7.11,7.25,6.93,6.99,7.09,-0.1,-1.4104,36679.0,25786.882
603826.SH,坤彩科技,20260617,32.93,33.45,31.88,32.08,32.89,-0.81,-2.4628,76250.66,248450.589
603828.SH,*ST利达,20260617,4.7,4.71,4.48,4.51,4.66,-0.15,-3.2189,33942.0,15532.116
603829.SH,洛凯股份,20260617,19.41,19.55,19.0,19.3,19.47,-0.17,-0.8731,36786.0,70789.768
603833.SH,欧派家居,20260617,34.63,34.63,33.85,34.06,34.63,-0.57,-1.646,22497.9,76852.601
603836.SH,海程邦达,20260617,11.65,11.73,11.3,11.48,11.63,-0.15,-1.2898,20556.1,23529.125
603838.SH,*ST四通,20260617,9.56,9.71,9.4,9.6,9.36,0.24,2.5641,22148.0,21164.11
603839.SH,安正时尚,20260617,6.51,6.51,6.17,6.2,6.48,-0.28,-4.321,52052.6,32616.785
603843.SH,*ST正平,20260617,8.7,8.74,8.38,8.38,8.8,-0.42,-4.7727,156290.82,133947.75
603848.SH,好太太,20260617,13.95,14.01,13.65,13.69,13.95,-0.26,-1.8638,14005.03,19287.292
603855.SH,华荣股份,20260617,17.95,17.95,17.53,17.61,17.96,-0.35,-1.9488,17553.0,31000.838
603856.SH,东宏股份,20260617,12.53,12.65,12.37,12.5,12.62,-0.12,-0.9509,47447.4,59222.487
603858.SH,步长制药,20260617,15.57,15.66,15.25,15.39,15.6,-0.21,-1.3462,37549.35,57693.024
603859.SH,能科科技,20260617,50.55,52.94,49.89,50.77,51.2,-0.43,-0.8398,205189.4,1042573.939
603860.SH,中公高科,20260617,26.25,26.25,25.7,25.89,26.23,-0.34,-1.2962,13951.0,36124.111
603861.SH,白云电器,20260617,16.42,16.86,15.84,15.89,16.48,-0.59,-3.5801,257812.44,418452.672
603863.SH,松炀资源,20260617,14.75,14.84,14.47,14.51,14.76,-0.25,-1.6938,37885.0,55253.121
603866.SH,桃李面包,20260617,4.2,4.22,4.06,4.08,4.23,-0.15,-3.5461,130341.31,53698.78
603867.SH,新化股份,20260617,39.24,41.63,39.03,40.0,39.51,0.49,1.2402,105626.99,428896.202
603868.SH,飞科电器,20260617,32.82,33.46,32.18,32.5,32.82,-0.32,-0.975,21398.52,69923.317
603869.SH,ST智知,20260617,8.86,9.1,8.81,8.91,9.03,-0.12,-1.3289,10850.0,9692.713
603871.SH,嘉友国际,20260617,12.0,12.0,11.52,11.64,12.05,-0.41,-3.4025,128804.05,150242.474
603876.SH,鼎胜新材,20260617,26.77,26.8,25.61,26.04,26.72,-0.68,-2.5449,282895.65,737669.171
603877.SH,太平鸟,20260617,12.82,13.26,12.67,13.03,12.96,0.07,0.5401,28974.6,37574.801
603878.SH,武进不锈,20260617,6.06,6.3,5.79,5.93,6.09,-0.16,-2.6273,270090.8,162108.799
603879.SH,永悦科技,20260617,4.79,4.79,4.54,4.59,4.75,-0.16,-3.3684,100636.6,46486.404
603880.SH,南卫股份,20260617,7.4,8.06,7.25,8.06,7.33,0.73,9.9591,75641.82,57982.902
603881.SH,数据港,20260617,31.72,32.2,31.41,31.76,31.89,-0.13,-0.4077,209176.9,663371.456
603882.SH,金域医学,20260617,24.2,24.68,24.02,24.5,24.31,0.19,0.7816,38242.7,93370.369
603883.SH,老百姓,20260617,11.9,12.03,11.68,11.84,11.95,-0.11,-0.9205,78844.67,93254.476
603885.SH,吉祥航空,20260617,11.49,11.5,11.33,11.36,11.3,0.06,0.531,134595.0,153618.688
603886.SH,元祖股份,20260617,13.49,14.09,13.12,13.59,13.49,0.1,0.7413,164630.19,224734.994
603887.SH,城地香江,20260617,10.8,10.93,10.56,10.6,10.91,-0.31,-2.8414,123653.72,132364.353
603888.SH,新华网,20260617,18.6,18.78,18.41,18.69,18.73,-0.04,-0.2136,81488.17,151455.566
603889.SH,新澳股份,20260617,5.83,5.84,5.7,5.73,5.83,-0.1,-1.7153,75697.7,43491.484
603890.SH,春秋电子,20260617,24.51,25.59,24.5,25.09,24.96,0.13,0.5208,476027.73,1192329.47
603893.SH,瑞芯微,20260617,170.25,177.3,169.89,175.95,172.05,3.9,2.2668,89861.97,1568125.518
603895.SH,天永智能,20260617,31.18,31.18,29.95,30.16,30.76,-0.6,-1.9506,16983.0,51393.639
603896.SH,寿仙谷,20260617,15.63,15.75,15.35,15.72,15.71,0.01,0.0637,17697.96,27558.827
603897.SH,长城科技,20260617,38.17,39.31,37.0,37.2,38.55,-1.35,-3.5019,73889.0,279013.654
603898.SH,好莱客,20260617,12.5,12.67,12.35,12.56,12.61,-0.05,-0.3965,23762.35,29665.391
603899.SH,晨光股份,20260617,22.18,22.22,21.75,21.8,22.24,-0.44,-1.9784,42191.92,92326.404
603900.SH,莱绅通灵,20260617,6.26,6.27,6.04,6.07,6.27,-0.2,-3.1898,67810.0,41403.749
603901.SH,永创智能,20260617,10.85,10.94,10.66,10.73,10.9,-0.17,-1.5596,65911.05,71059.334
603903.SH,中持股份,20260617,12.21,12.45,11.68,11.73,12.27,-0.54,-4.401,83475.0,99898.861
603906.SH,龙蟠科技,20260617,25.16,25.47,24.66,24.97,25.74,-0.77,-2.9915,454459.35,1137607.026
603908.SH,牧高笛,20260617,18.95,19.09,18.43,18.48,19.03,-0.55,-2.8902,12063.0,22459.234
603909.SH,建发合诚,20260617,9.56,9.63,9.33,9.48,9.65,-0.17,-1.7617,26517.5,25087.254
603912.SH,佳力图,20260617,8.55,8.67,8.31,8.34,8.61,-0.27,-3.1359,135593.0,114434.047
603915.SH,国茂股份,20260617,16.15,16.15,15.7,15.83,16.12,-0.29,-1.799,65355.78,103746.184
603916.SH,苏博特,20260617,13.67,13.68,13.12,13.29,13.79,-0.5,-3.6258,181941.6,242593.129
603917.SH,合力科技,20260617,12.16,12.19,11.68,11.73,12.2,-0.47,-3.8525,61978.0,73314.568
603918.SH,金桥信息,20260617,10.76,10.76,10.35,10.48,10.76,-0.28,-2.6022,79438.91,83568.155
603919.SH,金徽酒,20260617,18.92,19.09,18.16,18.49,18.91,-0.42,-2.221,71910.68,132653.484
603920.SH,世运电路,20260617,58.53,62.79,58.08,60.21,59.0,1.21,2.0508,368295.09,2245635.524
603922.SH,ST金鸿顺,20260617,15.19,15.29,15.18,15.29,14.56,0.73,5.0137,7394.0,11277.309
603926.SH,铁流股份,20260617,19.53,20.18,19.47,19.58,19.95,-0.37,-1.8546,43813.0,86689.943
603927.SH,中科软,20260617,14.2,14.24,13.95,14.13,14.3,-0.17,-1.1888,105824.51,148950.962
603928.SH,兴业股份,20260617,15.45,15.59,15.08,15.24,15.52,-0.28,-1.8041,46560.0,71077.841
603929.SH,亚翔集成,20260617,207.0,232.18,206.31,232.18,211.07,21.11,10.0014,99758.55,2165250.738
603931.SH,格林达,20260617,56.0,58.19,55.7,57.39,57.1,0.29,0.5079,66712.51,381705.255
603933.SH,睿能科技,20260617,23.18,23.75,23.1,23.65,23.53,0.12,0.51,41938.66,98637.308
603936.SH,博敏电子,20260617,24.75,27.49,24.75,26.76,25.37,1.39,5.4789,665050.33,1759559.129
603937.SH,丽岛新材,20260617,14.01,14.11,13.39,13.62,14.05,-0.43,-3.0605,51808.0,71199.25
603938.SH,三孚股份,20260617,56.0,57.38,54.5,55.44,57.48,-2.04,-3.5491,328265.23,1826461.672
603939.SH,益丰药房,20260617,20.12,20.16,19.68,19.78,20.2,-0.42,-2.0792,71390.45,141460.613
603948.SH,建业股份,20260617,25.2,25.3,23.91,24.04,25.2,-1.16,-4.6032,16972.0,41215.655
603949.SH,雪龙集团,20260617,16.77,16.8,16.09,16.12,16.74,-0.62,-3.7037,72304.33,118434.845
603950.SH,长源东谷,20260617,62.49,65.38,61.31,62.61,62.49,0.12,0.192,62618.85,395861.539
603955.SH,大千生态,20260617,24.12,24.36,22.9,22.91,24.22,-1.31,-5.4088,36223.0,84366.006
603956.SH,威派格,20260617,4.67,4.71,4.5,4.53,4.7,-0.17,-3.617,151009.2,68843.817
603958.SH,哈森股份,20260617,20.3,21.09,20.15,20.45,20.26,0.19,0.9378,51657.0,105894.888
603959.SH,ST百利,20260617,4.49,4.49,4.46,4.49,4.28,0.21,4.9065,66017.28,29623.165
603960.SH,克来机电,20260617,20.96,22.43,20.78,21.63,20.91,0.72,3.4433,123065.34,267955.269
603966.SH,法兰泰克,20260617,9.06,9.44,9.05,9.27,9.15,0.12,1.3115,121633.79,113145.784
603967.SH,中创物流,20260617,11.5,11.56,11.31,11.4,11.51,-0.11,-0.9557,27455.2,31423.157
603968.SH,醋化股份,20260617,10.6,10.63,10.09,10.15,10.68,-0.53,-4.9625,55527.0,57097.207
603969.SH,银龙股份,20260617,7.75,7.79,7.32,7.37,7.8,-0.43,-5.5128,218682.15,163752.264
603970.SH,中农立华,20260617,10.58,10.61,10.27,10.34,10.6,-0.26,-2.4528,25170.56,26098.373
603976.SH,正川股份,20260617,24.9,27.7,24.9,27.7,25.18,2.52,10.0079,55461.2,148771.19
603977.SH,国泰集团,20260617,13.43,13.68,13.18,13.26,13.54,-0.28,-2.0679,159817.24,214015.111
603978.SH,深圳新星,20260617,26.5,28.0,26.31,27.04,26.75,0.29,1.0841,97071.73,263757.158
603979.SH,金诚信,20260617,72.0,77.38,72.0,77.3,72.73,4.57,6.2835,124661.05,933012.713
603980.SH,吉华集团,20260617,5.91,5.94,5.79,5.85,5.86,-0.01,-0.1706,160524.4,93964.993
603982.SH,泉峰汽车,20260617,6.34,6.36,6.13,6.14,6.37,-0.23,-3.6107,56896.53,35255.649
603983.SH,丸美生物,20260617,22.09,22.09,21.27,21.76,22.08,-0.32,-1.4493,23919.55,51437.19
603985.SH,恒润股份,20260617,24.43,25.34,24.3,25.25,24.61,0.64,2.6006,174194.28,431337.751
603986.SH,兆易创新,20260617,521.0,586.04,521.0,586.04,532.76,53.28,10.0008,568000.3,31598894.526
603987.SH,康德莱,20260617,7.25,7.25,7.12,7.15,7.24,-0.09,-1.2431,23628.2,16916.434
603988.SH,中电电机,20260617,19.04,19.53,19.01,19.14,19.36,-0.22,-1.1364,32749.0,62930.774
603989.SH,艾华集团,20260617,34.3,37.73,34.3,37.73,34.3,3.43,10.0,148208.6,547646.665
603990.SH,麦迪科技,20260617,22.31,23.2,22.2,22.52,22.83,-0.31,-1.3579,201335.38,453292.557
603991.SH,领先股份,20260617,114.96,119.91,113.71,117.9,114.58,3.32,2.8975,38979.0,457814.199
603992.SH,松霖科技,20260617,32.3,33.03,31.99,32.22,32.45,-0.23,-0.7088,49087.12,158776.611
603993.SH,洛阳钼业,20260617,19.83,20.5,19.58,20.17,20.03,0.14,0.699,3505215.31,7053252.466
603995.SH,甬金股份,20260617,21.3,21.77,20.92,21.38,21.35,0.03,0.1405,90841.25,193912.1
603997.SH,继峰股份,20260617,14.2,14.29,13.31,13.69,14.27,-0.58,-4.0645,237450.47,326433.114
603998.SH,方盛制药,20260617,9.49,9.52,9.29,9.32,9.55,-0.23,-2.4084,48521.0,45552.242
603999.SH,读者传媒,20260617,5.55,5.55,5.35,5.41,5.53,-0.12,-2.17,61264.0,33111.644
605001.SH,威奥股份,20260617,6.01,6.01,5.8,5.82,5.99,-0.17,-2.8381,52856.2,30980.085
605003.SH,众望布艺,20260617,22.71,22.75,22.34,22.55,22.75,-0.2,-0.8791,9698.0,21808.576
605005.SH,合兴股份,20260617,16.27,16.43,16.02,16.04,16.27,-0.23,-1.4136,10653.84,17158.886
605006.SH,山东玻纤,20260617,24.6,26.38,24.48,26.0,23.98,2.02,8.4237,1019172.92,2625658.271
605007.SH,五洲特纸,20260617,13.27,13.47,12.89,13.05,13.26,-0.21,-1.5837,35252.19,46024.038
605008.SH,长鸿高科,20260617,11.45,11.47,11.02,11.16,11.45,-0.29,-2.5328,23604.6,26364.401
605009.SH,豪悦护理,20260617,23.15,23.15,22.46,22.54,23.06,-0.52,-2.255,14871.32,33696.148
605011.SH,杭州热电,20260617,18.23,18.35,17.86,17.94,18.23,-0.29,-1.5908,49849.73,89855.223
605016.SH,百龙创园,20260617,25.25,25.69,24.9,25.24,25.51,-0.27,-1.0584,25203.46,63599.955
605018.SH,长华集团,20260617,14.85,15.75,14.71,15.48,15.04,0.44,2.9255,233148.0,354126.155
605020.SH,永和股份,20260617,34.73,37.1,34.36,37.1,35.32,1.78,5.0396,382244.45,1376184.025
605028.SH,世茂能源,20260617,22.29,22.29,21.22,21.39,22.31,-0.92,-4.1237,16761.0,36088.281
605033.SH,XD美邦股,20260617,18.88,18.88,18.16,18.22,18.71,-0.49,-2.6189,21307.0,39009.954
605050.SH,福然德,20260617,10.27,10.35,10.02,10.09,10.34,-0.25,-2.4178,28431.28,28756.727
605055.SH,迎丰股份,20260617,11.99,12.01,11.0,11.52,11.68,-0.16,-1.3699,96267.0,109254.811
605056.SH,咸亨国际,20260617,18.1,18.24,17.57,17.59,18.15,-0.56,-3.0854,54215.4,96540.801
605058.SH,澳弘电子,20260617,40.89,42.09,40.58,41.5,40.69,0.81,1.9907,66544.25,275140.637
605060.SH,联德股份,20260617,51.5,52.18,50.01,50.52,51.59,-1.07,-2.074,49617.0,252767.169
605066.SH,天正电气,20260617,6.91,7.04,6.81,7.0,6.94,0.06,0.8646,127509.99,88361.114
605068.SH,明新旭腾,20260617,19.77,19.77,19.0,19.27,19.77,-0.5,-2.5291,27075.0,51921.147
605069.SH,正和生态,20260617,10.78,11.09,10.42,10.78,10.78,0.0,0.0,142688.3,152408.054
605077.SH,XD华康股,20260617,11.8,12.33,11.72,11.83,11.78,0.05,0.4244,97811.91,117091.523
605080.SH,浙江自然,20260617,21.31,21.78,21.02,21.46,21.41,0.05,0.2335,28938.59,62023.922
605081.SH,退市太和,20260617,0.37,0.38,0.36,0.37,0.37,0.0,0.0,25249.5,935.96
605086.SH,龙高股份,20260617,28.29,28.29,27.35,27.43,28.3,-0.87,-3.0742,16536.0,45862.618
605088.SH,冠盛股份,20260617,32.04,32.3,31.35,31.53,32.06,-0.53,-1.6532,41028.63,130352.972
605089.SH,味知香,20260617,21.96,21.96,21.05,21.25,22.15,-0.9,-4.0632,18686.45,39896.621
605090.SH,XD九丰能,20260617,34.48,34.94,33.85,34.43,34.4,0.03,0.0872,87597.66,301713.642
605098.SH,行动教育,20260617,54.19,54.87,53.17,54.32,54.31,0.01,0.0184,9188.12,49848.758
605099.SH,共创草坪,20260617,34.2,34.2,33.04,33.21,34.22,-1.01,-2.9515,35599.2,118454.257
605100.SH,华丰股份,20260617,37.15,38.2,35.9,37.26,36.37,0.89,2.4471,87167.08,323309.647
605108.SH,同庆楼,20260617,12.8,12.87,12.3,12.4,12.8,-0.4,-3.125,29036.0,36383.255
605111.SH,新洁能,20260617,66.15,71.81,66.1,71.15,66.33,4.82,7.2667,250000.87,1750372.609
605116.SH,奥锐特,20260617,19.32,19.44,18.89,19.41,19.15,0.26,1.3577,26131.74,50081.193
605117.SH,德业股份,20260617,101.48,103.79,100.0,103.08,102.42,0.66,0.6444,178116.76,1812444.893
605118.SH,XD力鼎光,20260617,32.4,33.67,32.11,33.2,32.69,0.51,1.5601,32418.37,106413.199
605122.SH,四方新材,20260617,11.92,12.0,11.53,11.58,11.93,-0.35,-2.9338,26800.2,31290.343
605123.SH,派克新材,20260617,98.23,105.4,97.0,103.21,97.97,5.24,5.3486,47048.06,482490.405
605128.SH,上海沿浦,20260617,24.83,25.62,24.71,25.23,24.96,0.27,1.0817,64097.36,161941.363
605133.SH,嵘泰股份,20260617,34.0,36.87,33.58,36.05,34.24,1.81,5.2862,140271.67,497380.612
605136.SH,丽人丽妆,20260617,8.13,8.17,7.86,7.95,8.15,-0.2,-2.454,72177.0,57247.905
605138.SH,盛泰集团,20260617,6.27,6.29,6.02,6.13,6.11,0.02,0.3273,58616.0,35980.407
605151.SH,西上海,20260617,19.18,19.35,18.86,18.97,19.28,-0.31,-1.6079,14843.69,28273.195
605155.SH,西大门,20260617,14.02,14.1,13.35,13.48,14.2,-0.72,-5.0704,34400.2,46851.935
605158.SH,华达新材,20260617,6.58,6.6,6.36,6.39,6.63,-0.24,-3.6199,50021.3,32183.285
605162.SH,新中港,20260617,9.0,9.18,8.76,8.87,9.05,-0.18,-1.989,206926.94,184985.172
605166.SH,聚合顺,20260617,10.99,11.1,10.63,10.8,10.76,0.04,0.3717,210216.0,228121.696
605167.SH,利柏特,20260617,13.36,14.68,13.12,14.14,13.41,0.73,5.4437,281900.95,391246.516
605168.SH,三人行,20260617,49.78,52.51,49.5,50.33,49.49,0.84,1.6973,109804.38,559969.731
605169.SH,洪通燃气,20260617,9.95,10.0,9.8,9.83,10.02,-0.19,-1.8962,27222.64,26840.312
605177.SH,东亚药业,20260617,18.64,18.64,17.73,17.87,18.74,-0.87,-4.6425,61622.6,111762.579
605178.SH,时空科技,20260617,63.01,64.58,62.31,63.2,63.13,0.07,0.1109,20847.0,132328.282
605179.SH,一鸣食品,20260617,14.02,14.04,13.55,13.62,14.03,-0.41,-2.9223,20468.0,28040.066
605180.SH,华生科技,20260617,13.99,14.3,13.71,14.28,13.99,0.29,2.0729,33293.83,46739.636
605183.SH,确成股份,20260617,14.84,15.1,14.84,14.98,15.16,-0.18,-1.1873,11448.0,17146.597
605186.SH,健麾信息,20260617,32.51,33.97,32.5,32.85,33.22,-0.37,-1.1138,77934.0,256004.628
605188.SH,国光连锁,20260617,13.36,13.4,12.88,12.92,13.42,-0.5,-3.7258,54977.0,71625.75
605189.SH,富春染织,20260617,13.52,13.66,13.34,13.42,13.65,-0.23,-1.685,46329.28,62445.389
605196.SH,华通线缆,20260617,33.19,33.81,32.52,32.65,33.52,-0.87,-2.5955,155969.9,515039.625
605198.SH,安德利,20260617,78.42,86.25,78.42,86.1,78.41,7.69,9.8074,216883.03,1818618.596
605199.SH,ST葫芦娃,20260617,6.27,6.27,6.1,6.13,6.27,-0.14,-2.2329,18761.0,11573.207
605208.SH,永茂泰,20260617,15.67,15.95,15.57,15.76,15.67,0.09,0.5743,91823.01,144483.636
605218.SH,伟时电子,20260617,17.95,18.37,17.7,18.22,18.1,0.12,0.663,70441.66,127040.534
605222.SH,起帆电缆,20260617,25.35,25.88,25.08,25.35,25.49,-0.14,-0.5492,58699.6,148845.705
605228.SH,神通科技,20260617,13.07,13.15,12.81,13.1,13.06,0.04,0.3063,48102.81,62346.252
605255.SH,天普股份,20260617,82.44,85.68,77.31,77.6,83.26,-5.66,-6.798,22974.0,184302.477
605258.SH,协和电子,20260617,36.33,37.74,36.12,37.24,36.53,0.71,1.9436,44104.0,164204.423
605259.SH,绿田机械,20260617,18.01,18.47,17.6,18.35,17.98,0.37,2.0578,26201.8,47197.015
605266.SH,健之佳,20260617,16.03,16.15,15.66,15.75,16.15,-0.4,-2.4768,17592.8,27820.095
605268.SH,王力安防,20260617,10.01,10.05,9.72,9.73,10.03,-0.3,-2.991,35061.0,34350.648
605277.SH,DR新亚电,20260617,17.92,18.25,17.66,18.15,18.16,-0.01,-0.0551,124980.45,224871.324
605286.SH,同力天启,20260617,30.57,30.57,29.18,29.32,30.15,-0.83,-2.7529,24136.38,71278.909
605287.SH,德才股份,20260617,43.2,44.45,42.02,42.18,43.03,-0.85,-1.9754,40296.0,173062.576
605288.SH,凯迪股份,20260617,74.22,79.57,71.3,78.99,73.5,5.49,7.4694,46080.83,349426.18
605289.SH,罗曼股份,20260617,133.03,135.6,128.0,133.2,130.42,2.78,2.1316,77549.47,1025939.972
605296.SH,神农集团,20260617,26.27,26.8,25.8,26.42,26.2,0.22,0.8397,18917.8,49810.3
605298.SH,必得科技,20260617,55.35,55.91,53.79,53.84,55.14,-1.3,-2.3576,19573.5,106819.601
605299.SH,舒华体育,20260617,15.37,15.43,14.6,14.76,15.36,-0.6,-3.9063,129458.0,192289.942
605300.SH,XD佳禾食,20260617,8.97,8.97,8.61,8.7,8.93,-0.23,-2.5756,34521.02,30107.614
605303.SH,园林股份,20260617,31.33,31.81,30.48,31.49,31.47,0.02,0.0636,67043.0,208830.417
605305.SH,中际联合,20260617,37.87,37.99,37.01,37.08,38.07,-0.99,-2.6005,38912.15,145469.952
605318.SH,法狮龙,20260617,135.3,140.6,130.56,131.1,132.26,-1.16,-0.8771,37958.0,513372.793
605319.SH,无锡振华,20260617,26.25,26.25,25.58,25.72,26.22,-0.5,-1.9069,35741.0,92387.431
605333.SH,沪光股份,20260617,19.13,19.13,18.66,18.79,19.05,-0.26,-1.3648,16926.99,31769.097
605336.SH,*ST帅电,20260617,15.68,15.74,14.76,15.05,15.52,-0.47,-3.0284,26009.0,39357.407
605337.SH,李子园,20260617,9.01,9.02,8.84,8.87,9.05,-0.18,-1.989,30020.88,26685.573
605338.SH,巴比食品,20260617,19.44,19.57,18.96,19.14,19.51,-0.37,-1.8965,15007.0,28668.799
605339.SH,南侨食品,20260617,13.69,13.69,12.72,12.75,13.72,-0.97,-7.07,23865.0,31262.552
605358.SH,立昂微,20260617,67.76,71.59,65.58,70.95,68.15,2.8,4.1086,972399.63,6677436.315
605365.SH,立达信,20260617,15.47,15.62,15.15,15.24,15.71,-0.47,-2.9917,44182.17,67755.076
605366.SH,宏柏新材,20260617,10.95,11.03,10.66,10.77,11.0,-0.23,-2.0909,200520.21,216793.469
605368.SH,蓝天燃气,20260617,7.16,7.18,6.93,6.97,7.19,-0.22,-3.0598,36588.2,25664.342
605369.SH,拱东医疗,20260617,16.15,16.32,15.56,15.68,16.2,-0.52,-3.2099,21714.28,34165.009
605376.SH,博迁新材,20260617,210.0,215.99,199.98,210.28,213.0,-2.72,-1.277,194112.68,4053794.879
605377.SH,华旺科技,20260617,8.24,8.24,7.82,7.9,8.22,-0.32,-3.8929,46536.12,37147.481
605378.SH,野马电池,20260617,16.0,17.41,15.73,16.58,15.99,0.59,3.6898,82573.5,137405.833
605388.SH,均瑶健康,20260617,5.3,5.32,5.14,5.17,5.32,-0.15,-2.8195,74961.0,38862.925
605389.SH,长龄液压,20260617,87.47,89.9,86.2,87.99,88.6,-0.61,-0.6885,19908.36,174051.778
605398.SH,新炬网络,20260617,23.49,23.49,22.1,22.4,22.38,0.02,0.0894,34360.24,77443.044
605399.SH,晨光新材,20260617,13.88,14.12,13.65,13.7,14.02,-0.32,-2.2825,65304.55,90368.31
605488.SH,福莱新材,20260617,34.07,34.33,33.45,33.59,34.38,-0.79,-2.2978,56165.83,190199.224
605499.SH,东鹏饮料,20260617,124.78,126.0,123.5,125.39,124.78,0.61,0.4889,70882.27,884324.16
605500.SH,森林包装,20260617,6.77,6.83,6.62,6.65,6.83,-0.18,-2.6354,68734.29,46057.164
605507.SH,国邦医药,20260617,15.65,15.68,15.25,15.31,15.62,-0.31,-1.9846,30275.31,46609.69
605555.SH,德昌股份,20260617,15.35,15.43,15.11,15.23,15.55,-0.32,-2.0579,58261.09,88837.633
605566.SH,福莱蒽特,20260617,47.01,52.69,46.8,51.44,47.9,3.54,7.3904,101906.13,506949.607
605567.SH,春雪食品,20260617,8.86,8.86,8.55,8.59,8.87,-0.28,-3.1567,46045.39,39781.737
605577.SH,龙版传媒,20260617,9.74,9.74,9.42,9.48,9.75,-0.27,-2.7692,28917.0,27498.657
605580.SH,恒盛能源,20260617,24.86,25.03,23.94,24.23,25.03,-0.8,-3.1962,137925.0,335704.861
605588.SH,冠石科技,20260617,61.0,65.0,60.11,63.05,61.97,1.08,1.7428,54335.0,340956.603
605589.SH,圣泉集团,20260617,65.12,69.47,65.01,66.4,67.06,-0.66,-0.9842,884789.13,5923772.707
605598.SH,上海港湾,20260617,36.0,37.28,35.78,36.12,36.35,-0.23,-0.6327,43953.0,159971.712
605599.SH,菜百股份,20260617,14.95,15.08,14.64,14.76,15.14,-0.38,-2.5099,48704.38,71759.252
688001.SH,华兴源创,20260617,68.02,75.5,68.02,73.69,70.64,3.05,4.3177,160272.76,1153124.739
688002.SH,睿创微纳,20260617,132.88,146.51,132.5,145.8,133.85,11.95,8.9279,120445.64,1709534.953
688003.SH,天准科技,20260617,107.89,117.44,107.1,116.2,109.36,6.84,6.2546,118293.52,1338749.396
688004.SH,博汇科技,20260617,20.1,20.1,19.5,19.74,19.95,-0.21,-1.0526,16621.68,32759.269
688005.SH,容百科技,20260617,33.36,33.92,32.83,33.79,33.76,0.03,0.0889,202763.65,677077.958
688006.SH,杭可科技,20260617,39.36,39.72,36.71,37.78,39.36,-1.58,-4.0142,222456.99,839261.475
688007.SH,光峰科技,20260617,13.12,13.3,12.86,12.96,13.15,-0.19,-1.4449,65767.41,85553.96
688008.SH,澜起科技,20260617,238.87,262.65,238.09,262.5,244.17,18.33,7.5071,741506.7,18771027.097
688009.SH,中国通号,20260617,4.97,5.0,4.91,4.98,4.99,-0.01,-0.2004,404881.5,200573.119
688010.SH,福光股份,20260617,44.34,49.66,43.5,47.88,44.41,3.47,7.8136,191256.82,905335.114
688011.SH,新光光电,20260617,61.88,62.71,59.8,60.45,62.73,-2.28,-3.6346,18515.55,113072.439
688012.SH,中微公司,20260617,314.0,351.88,312.17,351.0,319.0,32.0,10.0313,313378.7,10444151.404
688013.SH,天臣医疗,20260617,27.69,27.79,26.82,26.94,27.69,-0.75,-2.7086,9649.29,26095.55
688015.SH,交控科技,20260617,16.94,16.94,16.36,16.64,16.94,-0.3,-1.771,17562.75,29019.842
688016.SH,心脉医疗,20260617,89.53,90.17,89.0,89.37,89.53,-0.16,-0.1787,13067.5,116928.313
688017.SH,绿的谐波,20260617,370.88,384.98,364.47,381.6,376.22,5.38,1.43,130002.67,4896291.507
688018.SH,乐鑫科技,20260617,119.46,122.66,118.56,122.4,121.0,1.4,1.157,43654.93,528457.504
688019.SH,安集科技,20260617,228.0,245.62,226.45,245.62,232.88,12.74,5.4706,111638.88,2651019.354
688020.SH,方邦股份,20260617,231.9,238.8,221.98,232.31,231.8,0.51,0.22,56123.21,1287099.436
688021.SH,XD奥福科,20260617,22.18,22.24,21.48,21.52,22.14,-0.62,-2.8004,17946.26,38998.237
688022.SH,ST瀚川,20260617,8.27,8.36,7.95,7.99,8.36,-0.37,-4.4258,49096.64,39895.104
688023.SH,安恒信息,20260617,37.57,38.2,37.21,37.77,37.93,-0.16,-0.4218,17976.77,67705.616
688025.SH,杰普特,20260617,442.5,458.06,440.01,445.0,448.94,-3.94,-0.8776,40525.4,1812042.842
688026.SH,洁特生物,20260617,13.42,13.42,12.85,13.0,13.38,-0.38,-2.8401,30663.25,40016.654
688027.SH,国盾量子,20260617,500.0,509.93,490.18,507.84,507.8,0.04,0.0079,20538.8,1029110.239
688028.SH,沃尔德,20260617,109.25,114.88,108.02,113.88,110.0,3.88,3.5273,58891.79,663530.834
688029.SH,南微医学,20260617,70.11,70.71,69.54,69.96,70.7,-0.74,-1.0467,10180.4,71274.144
688030.SH,山石网科,20260617,16.37,17.17,15.78,17.02,16.37,0.65,3.9707,51432.91,84655.948
688031.SH,星环科技,20260617,123.01,126.9,121.89,124.48,125.2,-0.72,-0.5751,63720.82,791945.026
688032.SH,禾迈股份,20260617,86.27,86.69,84.88,86.69,86.7,-0.01,-0.0115,8763.77,75209.192
688033.SH,*ST天宜,20260617,6.84,6.95,6.67,6.68,6.78,-0.1,-1.4749,57947.8,39438.168
688035.SH,德邦科技,20260617,88.5,99.58,88.28,97.33,90.93,6.4,7.0384,91281.5,873381.807
688036.SH,传音控股,20260617,54.02,56.18,53.62,55.92,54.57,1.35,2.4739,105867.25,584570.732
688037.SH,芯源微,20260617,267.59,288.0,262.09,287.3,272.0,15.3,5.625,94552.26,2616328.219
688038.SH,中科通达,20260617,20.1,20.95,20.1,20.67,20.39,0.28,1.3732,38314.82,78699.492
688039.SH,当虹科技,20260617,42.8,42.8,41.28,41.75,42.99,-1.24,-2.8844,24195.74,101168.116
688041.SH,海光信息,20260617,288.0,309.75,285.1,308.22,294.31,13.91,4.7263,432310.47,12922811.382
688045.SH,必易微,20260617,77.62,79.5,76.89,78.55,78.4,0.15,0.1913,32086.85,250908.452
688046.SH,药康生物,20260617,17.42,17.99,17.26,17.79,17.42,0.37,2.124,28311.06,49903.211
688047.SH,龙芯中科,20260617,140.15,143.8,137.51,143.5,142.2,1.3,0.9142,86375.9,1219501.545
688048.SH,长光华芯,20260617,360.9,376.0,360.0,371.5,375.33,-3.83,-1.0204,141402.54,5177898.094
688049.SH,炬芯科技,20260617,44.3,46.15,44.03,45.93,44.9,1.03,2.294,61280.0,278954.073
688050.SH,爱博医疗,20260617,39.22,39.39,38.69,39.23,39.22,0.01,0.0255,20963.13,81785.827
688051.SH,佳华科技,20260617,27.7,27.73,26.52,26.77,27.7,-0.93,-3.3574,16410.83,44136.272
688052.SH,纳芯微,20260617,254.0,265.0,251.26,264.8,257.78,7.02,2.7233,27779.78,722000.517
688053.SH,ST思科瑞,20260617,36.2,37.77,35.9,37.1,36.13,0.97,2.6847,8947.18,33238.634
688055.SH,龙腾光电,20260617,4.71,5.63,4.7,5.47,4.81,0.66,13.7214,631668.35,337093.406
688056.SH,莱伯泰科,20260617,64.1,68.5,64.0,66.57,70.12,-3.55,-5.0627,45629.1,301413.713
688057.SH,金达莱,20260617,13.73,13.93,13.5,13.53,13.8,-0.27,-1.9565,24646.73,33656.826
688058.SH,宝兰德,20260617,23.68,23.7,22.98,23.38,23.68,-0.3,-1.2669,10132.48,23702.814
688059.SH,华锐精密,20260617,197.0,201.7,193.59,196.15,200.0,-3.85,-1.925,41877.09,826526.831
688060.SH,云涌科技,20260617,36.88,36.88,35.38,35.5,36.43,-0.93,-2.5528,4363.7,15567.69
688061.SH,灿瑞科技,20260617,46.53,49.45,46.06,48.51,47.06,1.45,3.0812,33716.34,160498.125
688062.SH,迈威生物,20260617,26.99,27.49,26.69,27.11,27.03,0.08,0.296,59231.68,160572.798
688063.SH,派能科技,20260617,58.31,59.5,58.01,58.47,58.82,-0.35,-0.595,83655.87,490302.244
688065.SH,凯赛生物,20260617,43.6,44.34,42.7,43.05,43.51,-0.46,-1.0572,44216.98,191129.065
688066.SH,*ST航图,20260617,12.9,13.15,12.71,12.72,12.63,0.09,0.7126,89792.9,115557.728
688067.SH,爱威科技,20260617,22.14,22.14,21.33,21.43,22.08,-0.65,-2.9438,9825.59,21132.392
688068.SH,热景生物,20260617,77.18,77.82,75.4,76.1,77.97,-1.87,-2.3984,14963.7,113851.134
688069.SH,德林海,20260617,40.17,43.95,39.0,40.65,41.0,-0.35,-0.8537,77778.01,319708.295
688070.SH,纵横股份,20260617,40.44,40.61,39.37,39.78,40.43,-0.65,-1.6077,11674.06,46439.59
688071.SH,华依科技,20260617,32.02,32.63,31.33,32.1,31.98,0.12,0.3752,17949.06,57506.534
688072.SH,拓荆科技,20260617,640.02,740.88,638.38,740.0,655.8,84.2,12.8393,118079.81,8178007.543
688073.SH,毕得医药,20260617,45.07,45.33,44.01,44.63,45.33,-0.7,-1.5442,10408.53,46315.621
688075.SH,安旭生物,20260617,31.1,31.1,30.31,30.9,31.18,-0.28,-0.898,5725.89,17604.778
688076.SH,ST诺泰,20260617,27.77,27.77,26.95,27.14,27.73,-0.59,-2.1277,16213.47,44300.344
688077.SH,大地熊,20260617,29.8,30.33,29.41,29.66,30.47,-0.81,-2.6584,40867.11,121801.327
688078.SH,龙软科技,20260617,22.48,22.48,21.66,21.75,22.44,-0.69,-3.0749,6954.21,15227.286
688079.SH,美迪凯,20260617,27.57,31.94,27.57,31.94,26.62,5.32,19.985,161750.71,492621.754
688080.SH,映翰通,20260617,42.49,42.49,41.14,41.77,42.5,-0.73,-1.7176,13724.71,57310.026
688081.SH,兴图新科,20260617,48.35,48.47,47.2,47.6,48.22,-0.62,-1.2858,12618.62,60228.905
688082.SH,盛美上海,20260617,298.99,361.2,295.1,361.2,301.0,60.2,20.0,119849.45,3953468.337
688083.SH,中望软件,20260617,62.73,66.26,62.0,64.91,63.92,0.99,1.5488,77458.09,499883.353
688084.SH,晶品特装,20260617,51.91,52.19,50.86,51.17,52.66,-1.49,-2.8295,12898.66,66232.91
688085.SH,三友医疗,20260617,12.33,12.35,12.04,12.09,12.22,-0.13,-1.0638,22026.03,26697.317
688087.SH,英科再生,20260617,38.0,38.85,35.21,38.77,37.86,0.91,2.4036,39475.63,145065.508
688088.SH,虹软科技,20260617,36.71,37.92,36.27,37.84,37.29,0.55,1.4749,68368.31,255717.163
688089.SH,嘉必优,20260617,11.91,12.04,11.29,11.48,12.05,-0.57,-4.7303,48807.61,56366.924
688090.SH,瑞松科技,20260617,120.42,127.82,120.42,122.38,123.89,-1.51,-1.2188,67548.21,832979.294
688091.SH,上海谊众,20260617,40.0,40.3,39.19,39.3,40.16,-0.86,-2.1414,33118.42,131028.096
688092.SH,爱科科技,20260617,23.2,23.2,22.76,22.82,23.17,-0.35,-1.5106,10720.76,24541.861
688093.SH,世华科技,20260617,29.07,30.38,28.81,29.97,29.07,0.9,3.096,33676.87,100340.388
688095.SH,福昕软件,20260617,64.86,65.45,64.34,64.74,65.31,-0.57,-0.8728,16558.48,107146.326
688096.SH,京源环保,20260617,11.86,13.85,11.76,13.41,12.09,1.32,10.9181,196577.11,254520.902
688097.SH,博众精工,20260617,68.0,70.9,67.18,69.84,67.88,1.96,2.8874,126561.26,882402.223
688098.SH,申联生物,20260617,8.75,8.77,8.51,8.6,8.78,-0.18,-2.0501,31365.38,27068.078
688099.SH,晶晨股份,20260617,96.0,97.71,95.0,96.67,97.39,-0.72,-0.7393,156552.43,1507693.637
688100.SH,威胜信息,20260617,31.86,31.9,31.13,31.47,31.7,-0.23,-0.7256,34669.68,109081.04
688101.SH,三达膜,20260617,18.0,18.37,17.24,17.32,18.02,-0.7,-3.8846,73480.24,129818.372
688102.SH,斯瑞新材,20260617,40.6,42.65,39.0,41.82,39.75,2.07,5.2075,335833.99,1393229.911
688103.SH,国力电子,20260617,62.35,64.3,62.2,64.03,62.75,1.28,2.0398,18183.02,115360.478
688105.SH,诺唯赞,20260617,14.07,14.2,13.83,13.89,14.04,-0.15,-1.0684,21537.43,30132.07
688106.SH,金宏气体,20260617,29.2,31.28,29.1,31.17,30.08,1.09,3.6237,422817.93,1297564.704
688107.SH,安路科技,20260617,40.24,43.7,39.77,43.31,40.68,2.63,6.4651,138727.06,585960.098
688108.SH,赛诺医疗,20260617,20.1,20.3,19.75,19.95,20.15,-0.2,-0.9926,98709.26,197286.451
688109.SH,品茗科技,20260617,80.6,80.6,78.3,80.5,79.97,0.53,0.6627,7792.25,62120.873
688110.SH,东芯股份,20260617,139.91,153.55,139.91,152.91,140.1,12.81,9.1435,286019.65,4217766.102
688111.SH,金山办公,20260617,212.88,216.3,211.29,215.3,214.3,1.0,0.4666,51030.92,1094092.126
688112.SH,鼎阳科技,20260617,77.76,79.95,75.0,77.32,79.96,-2.64,-3.3017,60721.42,467915.306
688113.SH,联测科技,20260617,39.5,39.5,38.69,38.9,39.57,-0.67,-1.6932,9786.63,38111.182
688114.SH,华大智造,20260617,48.86,49.84,48.27,49.04,48.96,0.08,0.1634,41381.71,202401.283
688115.SH,思林杰,20260617,55.98,59.18,55.92,58.45,56.5,1.95,3.4513,18503.43,107437.25
688116.SH,天奈科技,20260617,40.82,42.65,40.69,42.15,41.21,0.94,2.281,118637.96,492960.175
688117.SH,圣诺生物,20260617,23.41,23.82,22.7,23.12,23.53,-0.41,-1.7425,30209.56,70017.942
688118.SH,普元信息,20260617,22.27,22.27,21.63,21.93,22.18,-0.25,-1.1271,20955.65,45797.788
688119.SH,中钢洛耐,20260617,4.58,4.69,4.52,4.61,4.62,-0.01,-0.2165,112950.67,51897.092
688120.SH,华海清科,20260617,196.0,222.88,196.0,222.31,201.18,21.13,10.503,198986.78,4174777.106
688122.SH,西部超导,20260617,58.4,58.96,57.51,58.6,58.74,-0.14,-0.2383,152815.53,890262.987
688123.SH,聚辰股份,20260617,130.01,139.49,128.21,139.11,131.97,7.14,5.4103,140345.33,1891724.267
688125.SH,安达智能,20260617,196.86,210.18,191.0,201.53,196.9,4.63,2.3514,17066.56,345337.425
688126.SH,沪硅产业,20260617,30.0,33.21,29.89,32.4,31.05,1.35,4.3478,2611436.41,8202349.921
688127.SH,蓝特光学,20260617,82.6,89.0,82.52,87.25,83.98,3.27,3.8938,126680.65,1103909.565
688128.SH,XD中国电,20260617,26.58,26.88,26.3,26.61,26.58,0.03,0.1129,33698.39,89647.949
688129.SH,东来技术,20260617,26.79,27.13,25.32,25.54,25.95,-0.41,-1.58,14813.17,38794.265
688130.SH,晶华微,20260617,26.52,27.45,26.17,27.37,26.65,0.72,2.7017,30627.45,82378.137
688131.SH,皓元医药,20260617,74.95,75.66,73.95,75.05,74.9,0.15,0.2003,30506.53,228035.437
688132.SH,邦彦技术,20260617,14.71,14.8,14.22,14.3,14.83,-0.53,-3.5738,16361.39,23616.149
688133.SH,泰坦科技,20260617,19.99,20.36,19.68,20.04,20.06,-0.02,-0.0997,35224.97,70491.032
688135.SH,利扬芯片,20260617,36.6,38.38,36.21,38.15,37.07,1.08,2.9134,130030.71,491072.934
688136.SH,科兴制药,20260617,18.44,18.51,17.94,18.12,18.55,-0.43,-2.3181,32672.44,59305.794
688137.SH,近岸蛋白,20260617,35.33,35.33,34.62,34.81,35.36,-0.55,-1.5554,7435.79,25979.812
688138.SH,清溢光电,20260617,36.3,42.58,36.03,40.93,37.11,3.82,10.2937,259487.92,1031410.763
688139.SH,海尔生物,20260617,27.1,27.18,26.8,27.0,27.1,-0.1,-0.369,23107.74,62293.482
688141.SH,杰华特,20260617,133.99,138.99,132.16,135.4,136.52,-1.12,-0.8204,133877.17,1814742.608
688146.SH,XD中船特,20260617,310.0,340.0,300.33,339.7,322.8,16.9,5.2354,187376.56,6091782.381
688147.SH,微导纳米,20260617,105.2,116.8,105.0,116.07,109.2,6.87,6.2912,167161.54,1884187.334
688148.SH,芳源股份,20260617,9.23,9.3,8.97,9.06,9.24,-0.18,-1.9481,201343.89,183156.695
688150.SH,莱特光电,20260617,52.69,56.99,52.2,55.38,53.27,2.11,3.961,164735.98,908480.313
688151.SH,华强科技,20260617,16.27,16.43,15.95,16.04,16.43,-0.39,-2.3737,19661.36,31647.709
688152.SH,麒麟信安,20260617,30.12,30.48,29.93,30.48,30.54,-0.06,-0.1965,10273.98,30958.576
688153.SH,唯捷创芯,20260617,31.43,31.97,31.2,31.6,31.83,-0.23,-0.7226,55697.0,175950.593
688155.SH,先惠技术,20260617,82.5,84.68,81.88,83.77,83.83,-0.06,-0.0716,37572.61,313059.747
688156.SH,路德科技,20260617,29.42,30.65,28.91,29.19,29.33,-0.14,-0.4773,48971.65,145845.621
688157.SH,松井股份,20260617,28.28,29.36,28.01,28.84,28.25,0.59,2.0885,17592.57,50540.738
688158.SH,优刻得,20260617,35.83,37.62,35.66,37.2,35.83,1.37,3.8236,321002.7,1182621.384
688159.SH,有方科技,20260617,47.0,48.28,46.68,48.0,47.4,0.6,1.2658,48496.64,230302.479
688160.SH,步科股份,20260617,110.5,112.0,109.11,109.3,112.27,-2.97,-2.6454,23850.22,262449.111
688161.SH,威高骨科,20260617,21.32,21.6,21.25,21.42,21.47,-0.05,-0.2329,11630.53,24894.525
688162.SH,巨一科技,20260617,26.07,26.32,25.75,25.88,26.33,-0.45,-1.7091,12388.66,32146.259
688163.SH,赛伦生物,20260617,44.03,49.27,42.25,47.68,44.31,3.37,7.6055,72166.89,335330.929
688165.SH,埃夫特,20260617,20.22,20.81,19.8,19.93,20.58,-0.65,-3.1584,132331.65,266480.031
688166.SH,博瑞医药,20260617,41.55,41.55,39.82,40.38,41.5,-1.12,-2.6988,113156.21,457497.791
688167.SH,炬光科技,20260617,401.02,418.0,394.0,399.23,413.0,-13.77,-3.3341,83254.2,3326646.235
688168.SH,安博通,20260617,63.63,65.0,62.6,63.59,64.08,-0.49,-0.7647,31092.23,197734.921
688169.SH,石头科技,20260617,99.98,100.58,96.8,97.51,100.4,-2.89,-2.8785,82793.88,810892.512
688170.SH,德龙激光,20260617,80.25,89.9,80.25,85.79,83.13,2.66,3.1998,110051.2,955603.028
688171.SH,纬德信息,20260617,45.97,47.93,45.12,47.08,46.01,1.07,2.3256,24770.81,116012.31
688172.SH,燕东微,20260617,63.56,68.9,62.62,66.66,65.0,1.66,2.5538,280781.13,1875333.379
688173.SH,希荻微,20260617,16.41,17.08,16.25,16.93,16.65,0.28,1.6817,96885.56,162166.271
688175.SH,高凌信息,20260617,27.43,27.95,26.93,27.0,27.43,-0.43,-1.5676,20924.53,57004.177
688176.SH,亚虹医药,20260617,10.3,10.38,10.1,10.15,10.38,-0.23,-2.2158,55499.74,56540.348
688177.SH,百奥泰,20260617,16.87,16.87,16.22,16.37,16.8,-0.43,-2.5595,28205.49,46363.84
688178.SH,万德斯,20260617,41.0,41.0,37.5,38.65,40.71,-2.06,-5.0602,35304.74,136976.072
688179.SH,阿拉丁,20260617,20.32,21.6,20.23,21.24,20.75,0.49,2.3614,104724.22,220906.035
688180.SH,君实生物,20260617,29.51,29.84,29.29,29.39,29.78,-0.39,-1.3096,88764.57,261759.381
688181.SH,八亿时空,20260617,44.1,46.81,43.98,45.73,45.6,0.13,0.2851,102280.45,468897.066
688182.SH,灿勤科技,20260617,39.2,41.99,39.2,41.31,40.2,1.11,2.7612,128486.19,529047.527
688183.SH,生益电子,20260617,136.0,153.94,136.0,141.07,138.96,2.11,1.5184,457078.23,6560939.176
688184.SH,ST帕瓦,20260617,11.45,11.64,11.33,11.58,11.6,-0.02,-0.1724,9847.87,11278.938
688185.SH,康希诺,20260617,49.9,50.3,49.51,49.76,49.97,-0.21,-0.4203,9501.69,47404.474
688186.SH,广大特材,20260617,16.88,17.14,16.58,16.8,16.96,-0.16,-0.9434,60296.08,101457.216
688187.SH,时代电气,20260617,56.51,58.78,56.3,58.62,57.11,1.51,2.644,121500.99,705588.627
688188.SH,柏楚电子,20260617,161.88,172.0,161.88,170.3,162.38,7.92,4.8774,47929.26,808268.922
688189.SH,ST南新,20260617,6.71,6.89,6.37,6.55,6.67,-0.12,-1.7991,148125.91,98063.883
688190.SH,云路股份,20260617,108.0,111.87,108.0,111.64,109.7,1.94,1.7685,25787.87,283959.735
688191.SH,智洋创新,20260617,36.51,38.01,35.89,37.03,36.32,0.71,1.9548,82794.56,306840.487
688192.SH,迪哲医药,20260617,36.82,37.25,36.5,36.6,36.95,-0.35,-0.9472,39839.92,146686.075
688193.SH,仁度生物,20260617,52.52,53.3,51.15,52.29,52.55,-0.26,-0.4948,5964.49,31179.269
688195.SH,腾景科技,20260617,208.87,212.82,205.36,210.82,213.64,-2.82,-1.32,90903.18,1902346.292
688196.SH,卓越新能,20260617,40.2,40.38,39.22,39.42,40.31,-0.89,-2.2079,11059.06,43881.775
688197.SH,首药控股,20260617,31.13,31.39,30.0,30.37,31.13,-0.76,-2.4414,12279.54,37224.06
688198.SH,佰仁医疗,20260617,86.0,87.14,84.76,86.34,85.75,0.59,0.688,5106.36,43861.028
688199.SH,久日新材,20260617,29.85,30.67,29.83,30.44,30.22,0.22,0.728,66601.48,202228.234
688200.SH,华峰测控,20260617,311.0,375.0,309.33,363.82,316.99,46.83,14.7733,86070.47,2892965.817
688201.SH,ST信安,20260617,7.39,7.44,7.15,7.15,7.45,-0.3,-4.0268,39959.99,29025.628
688202.SH,美迪西,20260617,53.27,53.76,51.9,53.55,52.71,0.84,1.5936,36262.43,191881.881
688203.SH,海正生材,20260617,11.13,11.94,10.98,11.46,11.21,0.25,2.2302,63435.11,72582.979
688205.SH,德科立,20260617,231.0,238.56,225.8,237.03,239.12,-2.09,-0.874,129789.24,3008639.91
688206.SH,概伦电子,20260617,37.13,39.27,36.89,39.0,37.52,1.48,3.9446,106959.93,407535.934
688207.SH,格灵深瞳,20260617,19.63,22.3,19.5,21.73,20.24,1.49,7.3617,366843.34,764417.772
688208.SH,道通科技,20260617,27.91,28.19,27.62,27.87,28.19,-0.32,-1.1352,86434.04,241155.97
688209.SH,英集芯,20260617,23.56,25.74,23.45,25.16,24.01,1.15,4.7897,171753.64,426419.913
688210.SH,统联精密,20260617,47.16,47.29,45.99,46.16,47.09,-0.93,-1.9749,38473.63,179210.185
688211.SH,中科微至,20260617,32.5,33.4,32.1,32.96,32.5,0.46,1.4154,14868.12,48697.839
688212.SH,澳华内镜,20260617,28.19,28.19,27.3,27.67,28.0,-0.33,-1.1786,14711.97,40705.001
688213.SH,思特威,20260617,94.25,102.86,93.43,101.93,95.61,6.32,6.6102,134291.55,1345831.771
688215.SH,瑞晟智能,20260617,43.71,44.11,42.52,42.71,43.71,-1.0,-2.2878,12821.53,55312.638
688216.SH,气派科技,20260617,36.88,39.5,36.56,38.37,37.36,1.01,2.7034,72717.1,276976.192
688217.SH,睿昂基因,20260617,22.93,22.93,22.01,22.16,22.87,-0.71,-3.1045,9409.61,20934.627
688218.SH,江苏北人,20260617,54.03,56.0,53.0,54.8,54.7,0.1,0.1828,54164.52,295528.154
688219.SH,会通股份,20260617,12.45,12.69,12.34,12.57,12.81,-0.24,-1.8735,197983.37,247401.417
688220.SH,翱捷科技,20260617,95.33,99.96,94.68,99.75,97.48,2.27,2.3287,87997.35,861286.71
688221.SH,前沿生物,20260617,17.88,18.09,17.76,17.85,18.0,-0.15,-0.8333,71513.0,128095.649
688222.SH,成都先导,20260617,26.05,26.63,25.8,26.44,26.29,0.15,0.5706,91323.08,239386.108
688223.SH,晶科能源,20260617,5.29,5.41,5.15,5.17,5.29,-0.12,-2.2684,1314030.26,688166.85
688225.SH,亚信安全,20260617,13.15,13.21,12.88,13.05,13.22,-0.17,-1.2859,36748.17,47772.997
688226.SH,威腾电气,20260617,47.0,48.06,46.7,47.55,47.8,-0.25,-0.523,56752.03,269359.106
688227.SH,品高股份,20260617,84.64,85.94,81.15,85.25,85.36,-0.11,-0.1289,60873.6,511590.989
688228.SH,开普云,20260617,88.0,88.03,85.12,86.98,88.23,-1.25,-1.4168,14610.16,126005.937
688229.SH,博睿数据,20260617,89.0,91.2,86.51,89.01,89.76,-0.75,-0.8356,16800.47,148430.505
688230.SH,芯导科技,20260617,68.0,70.6,67.59,70.21,69.0,1.21,1.7536,13040.77,90721.178
688231.SH,隆达股份,20260617,43.58,46.15,43.34,44.37,43.8,0.57,1.3014,33682.28,151013.498
688232.SH,新点软件,20260617,18.98,18.99,18.6,18.75,18.89,-0.14,-0.7411,19667.72,36819.701
688233.SH,神工股份,20260617,108.7,121.99,107.6,121.71,110.94,10.77,9.708,161731.83,1874373.914
688234.SH,天岳先进,20260617,137.0,150.87,136.61,149.66,140.7,8.96,6.3682,237170.24,3477349.829
688235.SH,百济神州,20260617,213.39,215.33,210.5,211.72,213.31,-1.59,-0.7454,32776.11,695154.708
688236.SH,春立医疗,20260617,15.15,15.15,14.77,14.91,15.08,-0.17,-1.1273,12885.81,19156.799
688237.SH,超卓航科,20260617,58.49,59.95,57.08,57.53,58.51,-0.98,-1.6749,39314.96,229881.345
688238.SH,和元生物,20260617,5.42,5.43,5.28,5.34,5.4,-0.06,-1.1111,61942.83,32993.761
688239.SH,航宇科技,20260617,54.3,57.98,54.3,56.55,53.93,2.62,4.8581,82337.16,465588.772
688244.SH,永信至诚,20260617,16.2,16.2,15.43,15.61,16.1,-0.49,-3.0435,19682.82,30662.229
688246.SH,嘉和美康,20260617,24.41,25.65,23.3,25.35,24.69,0.66,2.6731,67949.34,166361.945
688247.SH,宣泰医药,20260617,7.58,7.64,7.45,7.53,7.59,-0.06,-0.7905,33343.95,25125.437
688248.SH,南网科技,20260617,56.0,57.47,54.68,55.0,56.47,-1.47,-2.6032,56478.79,315100.575
688249.SH,晶合集成,20260617,41.93,46.8,41.3,46.43,42.1,4.33,10.285,567101.67,2504996.595
688251.SH,井松智能,20260617,25.69,26.27,25.0,25.05,25.62,-0.57,-2.2248,27797.18,71042.744
688252.SH,天德钰,20260617,21.69,23.05,21.61,22.89,21.84,1.05,4.8077,109041.26,245570.909
688253.SH,英诺特,20260617,61.42,61.43,57.1,57.82,60.22,-2.4,-3.9854,26849.14,155781.0
688255.SH,凯尔达,20260617,31.15,31.28,30.51,30.8,31.3,-0.5,-1.5974,28134.6,86673.939
688256.SH,寒武纪,20260617,1290.4,1329.87,1271.1,1320.0,1306.99,13.01,0.9954,133225.75,17255115.422
688257.SH,新锐股份,20260617,99.96,103.9,98.76,101.86,101.05,0.81,0.8016,190561.6,1937098.534
688258.SH,卓易信息,20260617,125.11,133.5,123.15,128.1,122.09,6.01,4.9226,55775.69,717428.565
688259.SH,创耀科技,20260617,38.0,38.99,37.7,38.83,38.38,0.45,1.1725,21546.72,82778.528
688260.SH,昀冢科技,20260617,105.91,123.61,105.91,123.61,103.01,20.6,19.9981,72351.14,833225.494
688261.SH,东微半导,20260617,88.0,98.4,87.25,95.5,88.0,7.5,8.5227,118944.89,1116585.561
688262.SH,国芯科技,20260617,36.19,38.56,36.19,38.3,36.78,1.52,4.1327,128859.38,484338.211
688265.SH,南模生物,20260617,32.33,32.33,31.06,31.14,31.85,-0.71,-2.2292,4169.83,13071.784
688266.SH,泽璟制药,20260617,89.0,90.0,86.29,87.0,90.46,-3.46,-3.8249,35620.78,312439.883
688267.SH,中触媒,20260617,30.46,30.6,29.8,30.33,30.44,-0.11,-0.3614,22761.27,68738.561
688268.SH,华特气体,20260617,179.41,193.2,175.01,187.35,184.77,2.58,1.3963,110943.42,2041769.896
688269.SH,凯立新材,20260617,35.34,35.63,34.99,35.33,35.34,-0.01,-0.0283,14950.16,52797.433
688270.SH,XRST臻镭,20260617,77.5,84.5,76.98,81.82,77.86,3.96,5.0861,125504.1,1026254.817
688271.SH,联影医疗,20260617,111.3,111.7,109.89,110.07,111.0,-0.93,-0.8378,54365.14,600234.764
688272.SH,富吉瑞,20260617,36.85,36.85,34.5,35.26,36.55,-1.29,-3.5294,19251.48,67866.357
688273.SH,麦澜德,20260617,41.98,43.18,41.8,42.0,42.59,-0.59,-1.3853,9681.02,40874.867
688275.SH,万润新能,20260617,134.0,139.54,131.0,136.14,132.78,3.36,2.5305,41775.04,565228.947
688276.SH,百克生物,20260617,14.02,14.09,13.83,13.87,14.13,-0.26,-1.8401,16926.25,23535.291
688277.SH,天智航,20260617,18.88,20.18,18.78,19.97,18.98,0.99,5.216,146931.9,289336.184
688278.SH,特宝生物,20260617,55.55,55.88,54.21,54.56,55.89,-1.33,-2.3797,46441.49,253775.705
688279.SH,峰岹科技,20260617,210.0,212.88,207.01,210.37,211.3,-0.93,-0.4401,17747.07,371349.541
688280.SH,精进电动,20260617,6.66,6.66,6.33,6.35,6.65,-0.3,-4.5113,243941.99,157398.004
688281.SH,华秦科技,20260617,51.15,52.94,51.1,51.85,51.46,0.39,0.7579,34372.0,179016.831
688282.SH,理工导航,20260617,70.16,71.78,68.87,69.22,70.14,-0.92,-1.3117,12863.18,89923.687
688283.SH,坤恒顺维,20260617,36.05,36.73,35.54,35.81,36.87,-1.06,-2.875,22658.24,81783.075
688285.SH,高铁电气,20260617,7.77,7.79,7.52,7.64,7.77,-0.13,-1.6731,25363.58,19287.031
688286.SH,敏芯股份,20260617,73.49,82.4,71.88,80.31,72.08,8.23,11.4179,55441.33,429867.931
688288.SH,鸿泉技术,20260617,19.95,20.6,19.6,20.08,19.82,0.26,1.3118,18727.82,37638.188
688289.SH,圣湘生物,20260617,14.35,14.36,14.13,14.19,14.32,-0.13,-0.9078,28342.37,40257.373
688290.SH,景业智能,20260617,63.36,66.2,63.01,66.08,64.15,1.93,3.0086,14862.97,97312.112
688291.SH,金橙子,20260617,49.5,51.15,48.54,50.66,49.58,1.08,2.1783,25033.45,125384.454
688292.SH,浩瀚深度,20260617,20.28,20.58,20.09,20.38,20.65,-0.27,-1.3075,22513.03,45648.087
688293.SH,奥浦迈,20260617,36.62,38.05,36.18,37.51,36.8,0.71,1.9293,14918.28,55630.347
688295.SH,中复神鹰,20260617,52.62,54.44,52.01,52.39,51.35,1.04,2.0253,139715.59,745488.002
688296.SH,和达科技,20260617,13.14,13.14,12.72,12.76,13.22,-0.46,-3.4796,22674.52,29161.366
688297.SH,中无人机,20260617,46.41,46.9,45.5,45.73,46.7,-0.97,-2.0771,74428.15,342341.23
688298.SH,东方生物,20260617,19.35,19.58,18.86,19.58,19.5,0.08,0.4103,14462.49,27640.269
688299.SH,长阳科技,20260617,17.35,18.43,17.22,17.96,17.41,0.55,3.1591,120546.79,215295.885
688300.SH,联瑞新材,20260617,215.67,249.94,215.67,235.24,220.0,15.24,6.9273,93867.15,2222822.638
688301.SH,奕瑞科技,20260617,116.01,123.0,114.01,120.85,116.8,4.05,3.4675,126377.26,1511758.319
688302.SH,海创药业,20260617,34.73,35.61,34.16,34.35,34.73,-0.38,-1.0942,14743.83,51207.537
688303.SH,大全能源,20260617,20.63,20.7,19.76,19.97,21.02,-1.05,-4.9952,311684.07,625380.339
688305.SH,科德数控,20260617,69.05,71.12,67.83,68.7,69.37,-0.67,-0.9658,33630.45,231870.911
688306.SH,均普智能,20260617,9.46,9.54,9.25,9.34,9.45,-0.11,-1.164,128976.15,120582.844
688307.SH,中润光学,20260617,66.05,75.0,66.05,73.0,67.39,5.61,8.3247,96987.42,694062.798
688308.SH,欧科亿,20260617,160.01,178.38,160.01,174.47,164.95,9.52,5.7714,121192.77,2079902.031
688309.SH,恒誉环保,20260617,63.5,64.68,61.93,63.41,63.0,0.41,0.6508,17955.32,113985.415
688310.SH,迈得医疗,20260617,16.92,17.37,16.4,16.9,17.0,-0.1,-0.5882,40446.31,67982.526
688311.SH,盟升电子,20260617,27.82,28.43,27.32,27.55,27.81,-0.26,-0.9349,43011.98,119536.709
688312.SH,燕麦科技,20260617,84.08,94.95,83.85,94.3,85.5,8.8,10.2924,111513.11,1018986.807
688313.SH,仕佳光子,20260617,167.68,171.97,165.7,169.52,172.91,-3.39,-1.9606,320390.43,5422600.129
688314.SH,康拓医疗,20260617,40.59,40.8,39.67,40.5,41.0,-0.5,-1.2195,12716.9,51135.605
688315.SH,诺禾致源,20260617,12.33,12.61,12.19,12.37,12.32,0.05,0.4058,25364.38,31290.264
688316.SH,青云科技,20260617,60.57,61.47,59.28,60.28,60.66,-0.38,-0.6264,20061.71,120494.006
688317.SH,之江生物,20260617,16.66,16.66,16.1,16.34,16.66,-0.32,-1.9208,26679.44,43509.898
688318.SH,财富趋势,20260617,74.36,75.72,73.47,74.77,74.73,0.04,0.0535,52369.31,390679.642
688319.SH,欧林生物,20260617,37.0,37.45,36.46,36.75,37.45,-0.7,-1.8692,69313.32,255780.211
688320.SH,禾川科技,20260617,38.1,38.6,37.45,37.67,38.4,-0.73,-1.901,34199.59,129565.612
688321.SH,微芯生物,20260617,25.0,25.12,24.72,24.91,25.06,-0.15,-0.5986,51770.85,128900.874
688322.SH,奥比中光,20260617,130.0,133.2,127.2,130.68,132.18,-1.5,-1.1348,212821.08,2762008.655
688323.SH,瑞华泰,20260617,51.0,60.3,51.0,60.3,50.25,10.05,20.0,237790.92,1347027.848
688325.SH,赛微微电,20260617,135.22,145.87,135.22,141.96,141.3,0.66,0.4671,16814.93,237499.301
688326.SH,经纬恒润,20260617,75.81,76.69,74.65,75.77,75.83,-0.06,-0.0791,11169.69,84436.783
688327.SH,云从科技,20260617,13.82,13.92,13.6,13.79,14.06,-0.27,-1.9203,292198.48,402362.942
688328.SH,深科达,20260617,72.0,76.12,71.79,75.38,74.15,1.23,1.6588,64407.47,479349.022
688329.SH,艾隆科技,20260617,23.33,23.74,22.65,23.3,23.1,0.2,0.8658,16198.68,37542.826
688330.SH,宏力达,20260617,39.06,39.06,37.8,38.16,39.1,-0.94,-2.4041,16203.43,61921.198
688331.SH,荣昌生物,20260617,106.97,109.6,106.0,109.19,107.4,1.79,1.6667,62895.32,677628.764
688332.SH,中科蓝讯,20260617,115.11,127.6,114.0,127.54,118.2,9.34,7.9019,70732.42,876527.806
688333.SH,铂力特,20260617,73.68,89.4,73.68,89.4,74.5,14.9,20.0,171876.33,1463060.608
688334.SH,西高院,20260617,19.95,19.95,18.9,19.2,20.35,-1.15,-5.6511,74685.06,143031.036
688335.SH,复洁科技,20260617,31.4,34.33,31.12,33.32,31.4,1.92,6.1146,48471.36,159809.834
688336.SH,三生国健,20260617,55.5,56.83,54.81,56.23,55.18,1.05,1.9029,51101.49,286445.551
688337.SH,普源精电,20260617,77.8,79.95,75.3,78.57,79.0,-0.43,-0.5443,110049.37,850061.59
688338.SH,赛科希德,20260617,24.4,24.61,23.8,23.93,24.66,-0.73,-2.9603,5526.54,13270.456
688339.SH,亿华通,20260617,20.67,20.77,19.89,20.06,20.48,-0.42,-2.0508,31558.05,63682.916
688343.SH,云天励飞,20260617,71.77,74.75,71.37,74.0,73.5,0.5,0.6803,187080.6,1371849.88
688345.SH,博力威,20260617,51.9,52.8,51.1,52.59,52.0,0.59,1.1346,13818.89,72142.895
688347.SH,华虹宏力,20260617,232.0,261.2,229.7,260.7,238.5,22.2,9.3082,281703.16,6999109.433
688348.SH,昱能科技,20260617,37.25,37.4,36.17,36.6,37.35,-0.75,-2.008,19694.39,72110.72
688349.SH,三一重能,20260617,18.8,18.96,18.29,18.48,18.9,-0.42,-2.2222,92357.85,170638.928
688350.SH,富淼科技,20260617,34.96,35.47,34.15,34.59,35.09,-0.5,-1.4249,33075.94,114959.213
688351.SH,微电生理,20260617,22.77,23.28,22.7,23.02,22.99,0.03,0.1305,39951.12,91945.128
688352.SH,颀中科技,20260617,18.4,19.17,18.08,18.81,18.5,0.31,1.6757,330130.03,614895.95
688353.SH,华盛锂电,20260617,108.4,119.6,108.01,116.8,109.41,7.39,6.7544,121402.78,1395426.102
688355.SH,明志科技,20260617,18.31,18.75,18.05,18.52,18.26,0.26,1.4239,17899.42,32961.135
688356.SH,键凯科技,20260617,69.55,69.7,68.12,69.28,69.59,-0.31,-0.4455,5705.32,39330.479
688357.SH,建龙微纳,20260617,28.59,28.82,27.94,28.25,28.79,-0.54,-1.8757,9299.74,26238.688
688358.SH,祥生医疗,20260617,30.8,34.28,30.8,32.95,31.08,1.87,6.0167,21911.78,71964.081
688359.SH,三孚新科,20260617,171.0,178.47,168.0,176.0,173.11,2.89,1.6695,52975.46,923450.802
688360.SH,德马科技,20260617,21.18,21.66,20.54,20.77,21.38,-0.61,-2.8531,88510.61,185198.532
688361.SH,中科飞测,20260617,236.1,254.77,230.0,251.71,241.0,10.71,4.444,100184.66,2416322.49
688362.SH,甬矽电子,20260617,64.53,72.0,63.5,69.4,64.85,4.55,7.0162,453806.17,3118915.567
688363.SH,华熙生物,20260617,35.91,36.19,35.4,35.9,36.2,-0.3,-0.8287,20821.94,74380.108
688365.SH,光云科技,20260617,18.1,18.43,17.68,17.89,18.33,-0.44,-2.4004,116726.96,210304.6
688366.SH,XD昊海生,20260617,30.33,30.59,29.91,30.2,30.48,-0.28,-0.9186,4385.27,13233.786
688367.SH,工大高科,20260617,35.9,37.1,34.88,36.88,35.43,1.45,4.0926,28545.9,102516.776
688368.SH,晶丰明源,20260617,197.0,212.0,197.0,205.1,201.5,3.6,1.7866,35303.17,727015.312
688369.SH,致远互联,20260617,22.3,22.3,21.71,21.8,22.4,-0.6,-2.6786,29157.8,63863.976
688370.SH,丛麟科技,20260617,22.08,22.97,22.02,22.75,22.42,0.33,1.4719,11040.52,24964.859
688371.SH,菲沃泰,20260617,36.8,43.82,36.76,42.88,37.55,5.33,14.1944,239028.4,958480.705
688372.SH,伟测科技,20260617,157.0,164.76,156.38,164.34,159.95,4.39,2.7446,82751.86,1339370.206
688373.SH,盟科药业,20260617,4.45,4.48,4.33,4.39,4.48,-0.09,-2.0089,89070.48,39126.435
688375.SH,国博电子,20260617,95.33,102.0,94.1,98.23,96.46,1.77,1.835,81001.2,797814.202
688376.SH,美埃科技,20260617,78.92,84.5,78.17,83.74,80.15,3.59,4.4791,35706.75,289444.304
688377.SH,迪威尔,20260617,25.92,25.99,25.1,25.23,25.72,-0.49,-1.9051,28924.24,73669.349
688378.SH,奥来德,20260617,48.99,57.44,48.9,55.33,48.58,6.75,13.8946,236501.85,1283077.729
688379.SH,华光新材,20260617,88.0,95.0,87.01,89.5,88.64,0.86,0.9702,81313.16,740844.489
688380.SH,中微半导,20260617,46.8,49.28,46.6,48.81,47.14,1.67,3.5426,131304.68,632220.84
688381.SH,帝奥微,20260617,45.55,51.13,44.63,50.38,46.45,3.93,8.4607,186187.38,899519.152
688382.SH,益方生物,20260617,16.55,17.42,16.55,16.72,16.55,0.17,1.0272,116626.67,196495.135
688383.SH,新益昌,20260617,176.0,184.29,172.88,184.0,177.0,7.0,3.9548,20446.97,368072.402
688385.SH,复旦微电,20260617,55.79,59.19,55.26,59.01,56.21,2.8,4.9813,189038.73,1086828.084
688386.SH,泛亚微透,20260617,89.97,98.0,89.01,95.4,90.63,4.77,5.2632,56783.38,540442.298
688387.SH,信科移动,20260617,15.35,17.45,15.13,17.37,15.33,2.04,13.3072,1251511.09,2065568.411
688388.SH,DR嘉元科,20260617,46.59,51.15,46.59,47.45,48.93,-1.48,-3.0247,957528.65,4678938.717
688389.SH,普门科技,20260617,10.78,10.88,10.5,10.54,10.78,-0.24,-2.2263,25212.89,26731.299
688390.SH,固德威,20260617,115.27,118.45,113.77,115.55,116.33,-0.78,-0.6705,78453.62,904609.572
688391.SH,钜泉科技,20260617,32.25,33.56,32.06,33.49,32.43,1.06,3.2686,22295.37,73867.392
688392.SH,骄成超声,20260617,165.85,174.3,162.62,174.15,167.23,6.92,4.138,45643.44,774253.725
688393.SH,安必平,20260617,19.3,19.65,19.03,19.13,19.61,-0.48,-2.4477,13419.11,25744.068
688395.SH,正弦电气,20260617,24.75,24.75,24.16,24.32,24.66,-0.34,-1.3788,13488.31,32824.129
688396.SH,华润微,20260617,70.94,73.93,69.68,73.78,71.75,2.03,2.8293,366670.09,2672323.146
688398.SH,赛特新材,20260617,26.08,26.46,25.25,25.43,25.42,0.01,0.0393,44081.64,113300.355
688399.SH,硕世生物,20260617,50.29,51.02,49.58,50.46,51.07,-0.61,-1.1944,10004.81,50272.456
688400.SH,凌云光,20260617,58.99,61.0,58.1,60.55,60.02,0.53,0.883,180251.03,1081793.707
688401.SH,路维光电,20260617,77.2,85.98,77.0,83.05,79.18,3.87,4.8876,130173.31,1066110.565
688403.SH,汇成股份,20260617,27.0,28.98,26.41,28.82,26.96,1.86,6.8991,899757.77,2465445.332
688408.SH,中信博,20260617,30.97,31.59,30.34,30.5,31.14,-0.64,-2.0552,39332.79,121188.416
688409.SH,富创精密,20260617,185.0,202.25,185.0,200.8,189.54,11.26,5.9407,122997.54,2373837.221
688410.SH,山外山,20260617,14.5,14.82,14.46,14.74,14.54,0.2,1.3755,59818.44,87407.581
688411.SH,海博思创,20260617,263.99,279.0,261.3,276.77,264.0,12.77,4.8371,60010.5,1634261.159
688416.SH,恒烁股份,20260617,123.37,140.08,121.66,138.72,125.31,13.41,10.7015,74723.62,977108.937
688418.SH,震有科技,20260617,46.25,47.0,45.32,45.72,46.0,-0.28,-0.6087,40647.48,187389.606
688419.SH,耐科装备,20260617,64.05,69.37,63.58,67.6,65.81,1.79,2.72,63427.07,421489.698
688420.SH,美腾科技,20260617,22.66,22.77,22.18,22.2,22.7,-0.5,-2.2026,8832.55,19804.81
688425.SH,铁建重工,20260617,4.27,4.37,4.22,4.35,4.26,0.09,2.1127,215611.45,92603.671
688426.SH,康为世纪,20260617,16.6,16.6,15.98,16.19,16.5,-0.31,-1.8788,8371.04,13537.757
688428.SH,诺诚健华,20260617,22.55,22.65,22.08,22.32,22.56,-0.24,-1.0638,55800.59,124507.046
688429.SH,时创能源,20260617,10.92,11.01,10.6,10.62,10.94,-0.32,-2.925,22065.63,23631.765
688432.SH,有研硅,20260617,24.93,27.16,24.63,26.26,25.59,0.67,2.6182,689964.67,1783717.857
688433.SH,华曙高科,20260617,108.67,120.77,106.1,114.38,109.79,4.59,4.1807,92757.6,1065973.618
688435.SH,英方软件,20260617,37.0,37.37,35.67,35.75,37.16,-1.41,-3.7944,19903.23,71933.259
688439.SH,振华风光,20260617,45.08,45.76,44.91,45.36,45.69,-0.33,-0.7223,25455.44,115405.958
688443.SH,智翔金泰,20260617,21.18,21.19,20.78,20.81,21.18,-0.37,-1.7469,29319.95,61368.093
688448.SH,磁谷科技,20260617,56.72,57.5,53.64,54.5,56.0,-1.5,-2.6786,21290.0,118178.843
688449.SH,联芸科技,20260617,70.0,75.88,69.68,75.1,71.6,3.5,4.8883,163273.94,1200421.814
688450.SH,光格科技,20260617,46.04,48.25,45.0,47.5,46.6,0.9,1.9313,23784.01,112035.974
688455.SH,科捷智能,20260617,18.95,19.18,18.62,19.12,18.95,0.17,0.8971,13838.16,26185.521
688456.SH,有研粉材,20260617,149.99,164.58,149.0,159.62,154.48,5.14,3.3273,124388.62,1964715.959
688458.SH,美芯晟,20260617,40.49,41.33,39.98,40.96,40.61,0.35,0.8619,30129.25,122695.103
688459.SH,哈铁科技,20260617,8.03,8.58,7.98,8.15,8.05,0.1,1.2422,16747.67,13666.914
688466.SH,金科环境,20260617,14.49,14.49,14.11,14.21,14.5,-0.29,-2.0,11497.19,16352.64
688468.SH,科美诊断,20260617,6.06,6.06,5.9,5.94,6.04,-0.1,-1.6556,24882.24,14798.749
688469.SH,芯联集成,20260617,7.86,8.7,7.83,8.6,7.97,0.63,7.9046,3238818.24,2698735.103
688472.SH,阿特斯,20260617,11.46,11.64,11.25,11.38,11.48,-0.1,-0.8711,439171.85,499653.191
688475.SH,萤石网络,20260617,26.8,27.58,26.65,27.27,26.97,0.3,1.1123,41326.36,112199.111
688478.SH,晶升股份,20260617,62.0,67.28,61.59,67.03,63.44,3.59,5.6589,106871.7,696727.397
688479.SH,友车科技,20260617,32.46,38.3,31.91,38.3,32.46,5.84,17.9914,53326.05,188939.947
688480.SH,赛恩斯,20260617,97.35,101.38,96.8,99.02,97.49,1.53,1.5694,21263.58,211488.76
688484.SH,南芯科技,20260617,50.8,55.3,50.26,53.9,52.67,1.23,2.3353,327593.22,1746367.076
688485.SH,九州一轨,20260617,51.5,56.99,51.5,56.58,52.14,4.44,8.5155,82049.79,455099.968
688486.SH,龙迅股份,20260617,52.99,54.15,52.2,53.65,53.48,0.17,0.3179,50294.15,268210.887
688488.SH,艾迪药业,20260617,12.38,12.67,12.22,12.61,12.5,0.11,0.88,52251.12,65226.754
688489.SH,三未信安,20260617,23.29,23.81,22.83,23.5,23.4,0.1,0.4274,14582.16,33980.769
688496.SH,*ST清越,20260617,1.0,1.04,0.95,0.96,1.03,-0.07,-6.7961,118004.56,11607.244
688498.SH,源杰科技,20260617,1561.03,1627.77,1561.03,1612.0,1608.88,3.12,0.1939,43996.74,6985047.597
688499.SH,利元亨,20260617,45.98,48.98,45.53,48.71,46.57,2.14,4.5952,97202.63,464636.995
688500.SH,慧辰股份,20260617,50.73,51.08,49.21,49.97,51.09,-1.12,-2.1922,26826.79,134518.751
688501.SH,青达环保,20260617,21.74,22.05,21.25,21.95,21.69,0.26,1.1987,18085.24,39249.875
688502.SH,茂莱光学,20260617,476.55,529.48,476.55,518.94,489.99,28.95,5.9083,27595.61,1379327.773
688503.SH,聚和材料,20260617,94.55,97.98,93.51,96.0,95.85,0.15,0.1565,157137.49,1507918.21
688505.SH,复旦张江,20260617,6.72,6.78,6.64,6.76,6.75,0.01,0.1481,29114.22,19499.006
688506.SH,百利天恒,20260617,232.89,234.81,227.02,230.0,235.11,-5.11,-2.1735,14303.42,328293.955
688507.SH,XD索辰科,20260617,241.2,246.25,235.8,243.99,248.18,-4.19,-1.6883,73291.73,1770002.909
688508.SH,芯朋微,20260617,93.5,94.7,91.2,92.22,96.0,-3.78,-3.9375,81833.8,756678.179
688509.SH,正元地信,20260617,4.9,4.91,4.77,4.8,4.95,-0.15,-3.0303,145998.86,70297.82
688510.SH,航亚科技,20260617,24.7,26.2,24.54,25.5,25.15,0.35,1.3917,67964.39,174335.774
688511.SH,天微电子,20260617,28.33,30.29,27.82,29.3,27.82,1.48,5.3199,67151.09,195651.232
688512.SH,慧智微,20260617,14.11,14.49,14.06,14.46,14.38,0.08,0.5563,210007.56,300358.459
688513.SH,苑东生物,20260617,45.13,45.13,43.4,43.8,45.11,-1.31,-2.904,18404.0,80637.142
688515.SH,裕太微,20260617,192.0,199.8,190.56,199.0,197.49,1.51,0.7646,42625.18,832577.763
688516.SH,奥特维,20260617,60.01,61.61,58.5,60.4,60.26,0.14,0.2323,173561.96,1041159.332
688517.SH,金冠电气,20260617,18.43,19.8,18.32,19.21,18.68,0.53,2.8373,53797.06,102254.088
688518.SH,联赢激光,20260617,28.42,29.88,28.33,29.22,28.77,0.45,1.5641,207111.88,607566.724
688519.SH,南亚新材,20260617,349.9,409.9,349.9,395.01,356.44,38.57,10.8209,81752.28,3183457.997
688520.SH,神州细胞,20260617,33.06,33.59,32.9,33.18,33.18,0.0,0.0,15518.44,51426.173
688521.SH,芯原股份,20260617,245.5,262.9,241.5,257.46,249.1,8.36,3.3561,211808.46,5354830.904
688522.SH,纳睿雷达,20260617,20.6,20.96,20.36,20.49,20.68,-0.19,-0.9188,39049.36,80484.771
688523.SH,航天环宇,20260617,52.63,54.61,51.67,53.2,52.63,0.57,1.083,61551.16,327787.655
688525.SH,佰维存储,20260617,332.2,370.0,328.75,370.0,340.48,29.52,8.6701,504715.82,17682273.514
688526.SH,科前生物,20260617,12.45,12.55,12.24,12.28,12.5,-0.22,-1.76,11516.5,14186.185
688528.SH,秦川物联,20260617,10.35,10.4,10.05,10.13,10.39,-0.26,-2.5024,20043.73,20384.468
688529.SH,豪森智能,20260617,17.63,17.9,17.13,17.22,17.75,-0.53,-2.9859,18450.2,32218.075
688530.SH,欧莱新材,20260617,60.18,64.5,58.88,64.33,63.16,1.17,1.8524,151109.82,935949.187
688531.SH,日联科技,20260617,177.0,186.0,175.0,181.3,180.29,1.01,0.5602,65290.86,1174765.73
688533.SH,上声电子,20260617,23.93,23.93,22.92,23.15,23.7,-0.55,-2.3207,13548.0,31378.938
688535.SH,华海诚科,20260617,122.0,134.44,121.06,133.97,125.74,8.23,6.5453,125446.5,1630849.668
688536.SH,思瑞浦,20260617,328.0,343.0,327.97,340.58,337.49,3.09,0.9156,46266.79,1553506.169
688538.SH,和辉光电,20260617,2.35,2.46,2.35,2.44,2.37,0.07,2.9536,1349928.88,327927.987
688539.SH,高华科技,20260617,32.45,33.5,32.18,32.89,32.4,0.49,1.5123,30953.96,101773.548
688543.SH,国科军工,20260617,40.73,40.98,40.01,40.19,40.58,-0.39,-0.9611,41936.81,169355.996
688545.SH,兴福电子,20260617,104.22,117.17,101.1,114.0,109.09,4.91,4.5009,271987.13,2886144.479
688548.SH,广钢气体,20260617,28.79,33.6,28.7,33.5,29.8,3.7,12.4161,453136.35,1421318.446
688549.SH,中巨芯,20260617,29.0,34.2,28.8,33.96,29.89,4.07,13.6166,1190218.16,3844496.229
688550.SH,瑞联新材,20260617,45.28,50.27,44.61,48.53,45.22,3.31,7.3198,105294.73,508551.281
688551.SH,科威尔,20260617,71.5,80.33,71.5,77.2,70.94,6.26,8.8244,77478.93,591689.455
688552.SH,航天南湖,20260617,28.88,29.35,28.32,28.81,29.09,-0.28,-0.9625,27227.28,78352.703
688553.SH,DR汇宇制,20260617,10.87,10.97,10.72,10.91,10.87,0.04,0.368,65045.51,70365.813
688556.SH,高测股份,20260617,11.65,11.88,11.47,11.53,11.77,-0.24,-2.0391,314491.74,366173.101
688557.SH,兰剑智能,20260617,29.91,30.37,29.77,29.94,30.28,-0.34,-1.1229,10500.46,31493.381
688558.SH,国盛智科,20260617,33.75,34.0,33.33,33.74,33.8,-0.06,-0.1775,17930.37,60369.616
688559.SH,海目星,20260617,70.86,76.3,70.86,73.0,72.03,0.97,1.3467,188052.34,1386891.413
688560.SH,明冠新材,20260617,13.8,13.94,13.5,13.63,13.91,-0.28,-2.0129,41214.78,56201.041
688561.SH,奇安信,20260617,24.25,24.25,23.78,24.12,24.3,-0.18,-0.7407,53953.2,129428.297
688562.SH,航天软件,20260617,16.51,16.85,16.22,16.38,16.77,-0.39,-2.3256,32574.44,53657.704
688563.SH,航材股份,20260617,51.0,51.7,50.82,51.43,51.18,0.25,0.4885,21923.35,112353.813
688565.SH,力源科技,20260617,10.3,10.31,9.86,9.94,10.19,-0.25,-2.4534,39933.58,39955.284
688566.SH,吉贝尔,20260617,24.34,24.45,24.05,24.23,24.45,-0.22,-0.8998,7884.02,19091.682
688567.SH,孚能科技,20260617,11.72,11.75,11.33,11.41,11.69,-0.28,-2.3952,123615.3,141759.78
688568.SH,中科星图,20260617,43.22,45.47,43.22,44.59,43.77,0.82,1.8734,128421.26,571018.146
688569.SH,铁科轨道,20260617,18.25,18.25,17.62,17.8,18.15,-0.35,-1.9284,8823.93,15638.208
688570.SH,天玛智控,20260617,15.58,15.58,15.04,15.1,15.52,-0.42,-2.7062,10802.62,16403.739
688571.SH,杭华股份,20260617,8.98,9.35,8.91,9.19,9.16,0.03,0.3275,170396.14,155962.975
688573.SH,信宇人,20260617,20.0,20.64,19.55,19.76,20.13,-0.37,-1.8381,36237.32,72228.553
688575.SH,亚辉龙,20260617,9.3,9.37,9.04,9.1,9.35,-0.25,-2.6738,74373.42,68030.065
688576.SH,西山科技,20260617,70.91,71.0,69.15,69.65,70.52,-0.87,-1.2337,1985.16,13826.727
688577.SH,浙海德曼,20260617,49.66,49.66,48.33,49.03,49.67,-0.64,-1.2885,15133.33,73908.77
688578.SH,艾力斯,20260617,83.75,84.51,82.8,83.06,83.75,-0.69,-0.8239,29583.27,246409.224
688579.SH,地纬智能,20260617,8.53,8.53,8.27,8.38,8.52,-0.14,-1.6432,32128.04,26864.745
688580.SH,伟思医疗,20260617,53.1,53.99,52.3,53.56,53.4,0.16,0.2996,13282.55,70791.825
688581.SH,XD安杰思,20260617,53.94,55.0,53.27,53.47,54.45,-0.98,-1.7998,3868.94,20788.389
688582.SH,芯动联科,20260617,56.33,62.26,56.22,60.76,57.1,3.66,6.4098,140415.25,840244.083
688583.SH,思看科技,20260617,130.08,132.55,128.05,131.07,131.69,-0.62,-0.4708,24774.44,323135.942
688584.SH,上海合晶,20260617,28.67,30.48,28.6,30.42,29.57,0.85,2.8745,288944.35,863336.836
688585.SH,上纬新材,20260617,164.0,178.5,161.25,174.54,164.21,10.33,6.2907,72193.14,1223155.559
688586.SH,江航装备,20260617,12.34,12.76,12.33,12.6,12.55,0.05,0.3984,73453.89,92124.528
688588.SH,XD凌志软,20260617,10.1,10.1,9.86,9.95,10.03,-0.08,-0.7976,33046.44,32840.972
688589.SH,力合微,20260617,20.14,20.83,20.09,20.68,20.5,0.18,0.878,32566.05,66756.41
688590.SH,新致软件,20260617,15.22,15.25,14.61,14.9,15.28,-0.38,-2.4869,210559.72,313545.589
688591.SH,XD泰凌微,20260617,33.9,33.99,32.75,33.52,33.69,-0.17,-0.5046,58620.13,194255.149
688592.SH,司南导航,20260617,39.07,39.85,38.69,39.11,39.5,-0.39,-0.9873,8924.73,34827.373
688593.SH,新相微,20260617,31.64,33.29,31.04,32.59,31.54,1.05,3.3291,173159.86,562010.191
688595.SH,芯海科技,20260617,38.27,39.5,37.88,39.44,38.82,0.62,1.5971,66722.08,260112.483
688596.SH,正帆科技,20260617,43.96,47.8,43.0,46.8,44.75,2.05,4.581,267513.99,1228496.961
688597.SH,煜邦电力,20260617,8.05,8.19,7.82,7.96,8.11,-0.15,-1.8496,64473.75,51286.036
688598.SH,金博股份,20260617,40.0,49.79,40.0,49.79,41.49,8.3,20.0048,346789.83,1565465.415
688599.SH,天合光能,20260617,14.99,15.47,14.55,14.6,14.66,-0.06,-0.4093,530274.39,789884.127
688600.SH,皖仪科技,20260617,27.65,29.79,27.1,29.77,27.57,2.2,7.9797,53226.62,152681.051
688601.SH,力芯微,20260617,60.88,62.8,59.25,59.65,60.7,-1.05,-1.7298,71323.62,429640.864
688602.SH,康鹏科技,20260617,8.03,8.22,7.91,7.96,8.13,-0.17,-2.091,107590.43,86035.49
688603.SH,天承科技,20260617,193.99,213.88,190.01,196.12,195.26,0.86,0.4404,109182.1,2193621.721
688605.SH,先锋精科,20260617,83.0,88.56,82.58,88.49,84.7,3.79,4.4746,78891.88,677461.966
688606.SH,奥泰生物,20260617,46.36,46.46,45.11,45.2,46.36,-1.16,-2.5022,3993.24,18200.192
688607.SH,康众医疗,20260617,58.74,60.98,57.38,57.53,59.05,-1.52,-2.5741,19029.89,112323.477
688608.SH,恒玄科技,20260617,153.73,157.6,153.72,156.48,155.51,0.97,0.6238,28203.29,439927.805
688609.SH,九联科技,20260617,11.36,11.9,11.36,11.74,11.53,0.21,1.8213,205942.33,239820.764
688610.SH,埃科光电,20260617,232.6,242.0,230.0,239.7,241.0,-1.3,-0.5394,11749.73,277077.53
688611.SH,杭州柯林,20260617,75.8,78.5,74.14,77.2,75.8,1.4,1.847,18079.76,138478.702
688612.SH,威迈斯,20260617,33.47,34.05,33.2,33.45,33.85,-0.4,-1.1817,55013.48,184565.963
688613.SH,奥精医疗,20260617,15.34,15.34,15.01,15.09,15.34,-0.25,-1.6297,14943.01,22574.918
688615.SH,合合信息,20260617,118.64,120.21,117.8,119.9,119.4,0.5,0.4188,31374.22,373559.82
688616.SH,西力科技,20260617,11.19,11.19,10.9,10.95,11.13,-0.18,-1.6173,22594.14,24892.395
688617.SH,惠泰医疗,20260617,194.0,199.75,192.69,196.4,195.9,0.5,0.2552,16694.25,328418.427
688618.SH,三旺通信,20260617,34.22,34.22,33.1,33.4,33.98,-0.58,-1.7069,21103.97,70664.786
688619.SH,罗普特,20260617,16.59,17.59,16.59,17.32,17.03,0.29,1.7029,46741.13,79888.319
688620.SH,安凯微,20260617,12.48,13.03,12.39,12.94,12.63,0.31,2.4545,101620.99,130419.382
688621.SH,阳光诺和,20260617,52.0,52.11,50.56,51.38,51.8,-0.42,-0.8108,12951.56,66362.917
688622.SH,*ST禾信,20260617,132.8,142.5,132.0,140.66,132.77,7.89,5.9426,10962.61,150621.48
688623.SH,双元科技,20260617,92.87,96.0,91.39,95.62,92.88,2.74,2.95,6760.78,63634.562
688625.SH,呈和科技,20260617,91.54,99.94,91.1,93.65,91.78,1.87,2.0375,113161.76,1073383.943
688626.SH,XD翔宇医,20260617,48.78,49.67,48.33,48.54,48.98,-0.44,-0.8983,12770.05,62454.171
688627.SH,XD精智达,20260617,499.0,546.99,490.11,542.28,497.78,44.5,8.9397,79940.03,4159352.043
688628.SH,优利德,20260617,98.0,105.95,98.0,102.01,98.6,3.41,3.4584,56288.45,573645.476
688629.SH,华丰科技,20260617,147.44,158.68,145.38,157.05,147.44,9.61,6.5179,207561.53,3185842.55
688630.SH,芯碁微装,20260617,459.08,493.79,458.87,475.77,463.8,11.97,2.5809,60237.24,2861632.461
688631.SH,XD莱斯信,20260617,48.28,49.92,47.84,49.35,48.71,0.64,1.3139,21098.18,103612.99
688633.SH,星球石墨,20260617,31.72,31.95,30.81,31.2,31.79,-0.59,-1.8559,91595.97,287105.092
688635.SH,长进光子,20260617,490.0,550.0,488.88,501.84,509.99,-8.15,-1.5981,55612.47,2861060.224
688636.SH,智明达,20260617,37.13,39.05,37.0,37.89,37.08,0.81,2.1845,50148.7,192295.894
688638.SH,誉辰智能,20260617,34.31,34.62,33.41,34.31,34.9,-0.59,-1.6905,10218.88,34626.772
688639.SH,华恒生物,20260617,21.01,21.03,20.46,20.69,21.16,-0.47,-2.2212,37506.79,77634.399
688646.SH,ST逸飞,20260617,66.05,67.5,65.99,66.35,66.05,0.3,0.4542,6095.22,40500.729
688648.SH,中邮科技,20260617,37.29,37.83,36.38,36.82,37.78,-0.96,-2.541,23507.72,86814.647
688651.SH,盛邦安全,20260617,34.84,35.77,34.8,35.38,35.24,0.14,0.3973,13769.65,48558.853
688652.SH,京仪装备,20260617,149.0,157.68,144.07,157.68,150.01,7.67,5.113,90793.41,1361056.789
688653.SH,康希通信,20260617,14.82,15.36,14.7,15.19,14.93,0.26,1.7415,101825.05,152980.276
688655.SH,迅捷兴,20260617,50.18,54.85,49.03,52.55,51.68,0.87,1.6834,134736.76,709560.833
688656.SH,浩欧博,20260617,108.02,108.04,103.58,104.58,107.97,-3.39,-3.1398,7174.37,75515.025
688657.SH,浩辰软件,20260617,36.31,36.35,35.43,35.76,36.67,-0.91,-2.4816,12367.56,44350.511
688658.SH,悦康药业,20260617,13.18,13.47,13.06,13.32,13.25,0.07,0.5283,84135.6,111448.383
688659.SH,元琛科技,20260617,10.37,10.97,10.17,10.76,10.39,0.37,3.5611,96779.02,102838.801
688660.SH,电气风电,20260617,9.71,9.86,9.47,9.52,9.77,-0.25,-2.5589,138101.69,132772.566
688661.SH,和林微纳,20260617,133.13,156.68,129.04,152.15,132.87,19.28,14.5104,97382.37,1373561.029
688662.SH,富信科技,20260617,124.99,136.0,121.0,136.0,134.76,1.24,0.9202,174571.9,2222151.79
688663.SH,新风光,20260617,86.75,90.87,83.8,88.7,86.33,2.37,2.7453,36348.75,321838.315
688665.SH,四方光电,20260617,57.5,60.99,57.5,59.56,58.08,1.48,2.5482,22397.75,134122.016
688667.SH,菱电电控,20260617,119.61,120.44,116.0,120.03,117.55,2.48,2.1097,13527.05,160431.964
688668.SH,鼎通科技,20260617,390.0,410.3,388.2,408.3,400.08,8.22,2.0546,55887.44,2239563.989
688669.SH,聚石化学,20260617,58.06,62.9,56.55,62.46,56.92,5.54,9.733,75206.01,442089.36
688670.SH,金迪克,20260617,14.99,14.99,14.21,14.37,14.79,-0.42,-2.8398,12706.1,18269.915
688671.SH,碧兴物联,20260617,24.5,26.48,24.01,25.65,24.3,1.35,5.5556,38400.75,96918.65
688676.SH,金盘科技,20260617,98.0,98.0,91.03,92.75,96.91,-4.16,-4.2926,215109.17,2005165.164
688677.SH,海泰新光,20260617,116.0,119.37,115.2,118.15,119.01,-0.86,-0.7226,41193.77,483454.559
688678.SH,福立旺,20260617,21.78,23.15,21.7,22.71,21.93,0.78,3.5568,165520.53,371993.748
688679.SH,通源环境,20260617,51.3,53.63,49.89,49.9,51.48,-1.58,-3.0692,32966.87,169699.643
688680.SH,海优新材,20260617,45.7,46.25,44.53,45.26,45.65,-0.39,-0.8543,24657.09,111792.108
688681.SH,科汇股份,20260617,15.53,15.53,14.88,14.95,15.41,-0.46,-2.9851,19730.03,29665.531
688682.SH,霍莱沃,20260617,43.29,44.2,42.4,43.19,43.3,-0.11,-0.254,25734.88,111498.884
688683.SH,莱尔科技,20260617,40.59,42.02,39.17,41.73,40.0,1.73,4.325,22153.42,90650.086
688685.SH,迈信林,20260617,44.02,46.48,43.02,43.32,44.32,-1.0,-2.2563,46457.81,207384.342
688686.SH,奥普特,20260617,150.0,160.8,148.5,157.49,149.77,7.72,5.1546,38034.37,597343.486
688687.SH,凯因科技,20260617,16.0,16.1,15.73,15.79,16.11,-0.32,-1.9863,17460.65,27631.484
688690.SH,纳微科技,20260617,39.18,41.11,39.15,40.41,39.84,0.57,1.4307,120555.03,482771.128
688691.SH,灿芯股份,20260617,95.58,101.2,95.01,100.44,97.53,2.91,2.9837,68166.91,671539.1
688692.SH,达梦数据,20260617,264.59,267.82,260.37,266.86,268.78,-1.92,-0.7143,15532.93,409592.876
688693.SH,锴威特,20260617,101.44,105.27,101.0,103.49,102.11,1.38,1.3515,22027.29,227749.42
688695.SH,中创股份,20260617,20.43,20.43,19.73,19.88,20.65,-0.77,-3.7288,12383.2,24730.81
688696.SH,极米科技,20260617,70.0,70.01,68.84,68.95,70.68,-1.73,-2.4477,6351.28,43974.257
688697.SH,纽威数控,20260617,15.01,15.37,14.82,15.07,15.17,-0.1,-0.6592,106607.25,160715.622
688698.SH,伟创电气,20260617,59.36,60.0,58.06,58.3,59.33,-1.03,-1.7361,42183.19,247399.87
688699.SH,明微电子,20260617,62.9,66.57,62.65,65.35,64.0,1.35,2.1094,44463.44,289285.638
688700.SH,东威科技,20260617,96.9,102.74,95.19,99.77,97.87,1.9,1.9414,158233.89,1575614.734
688701.SH,卓锦股份,20260617,8.36,8.36,7.93,8.01,8.26,-0.25,-3.0266,26516.79,21316.562
688702.SH,盛科通信,20260617,294.97,306.0,290.12,303.0,299.86,3.14,1.0472,71828.45,2147501.256
688707.SH,振华新材,20260617,14.3,14.4,14.08,14.26,14.41,-0.15,-1.0409,106381.08,151120.521
688708.SH,佳驰科技,20260617,48.99,51.8,48.63,51.5,49.17,2.33,4.7387,32413.3,164100.183
688709.SH,成都华微,20260617,35.51,36.38,35.07,36.08,35.7,0.38,1.0644,70928.1,253263.006
688710.SH,益诺思,20260617,53.1,53.88,51.0,53.64,52.73,0.91,1.7258,21424.1,112180.345
688711.SH,宏微科技,20260617,37.97,40.42,37.72,39.34,38.55,0.79,2.0493,213787.11,838281.639
688712.SH,北芯生命,20260617,37.02,40.4,36.7,38.79,37.21,1.58,4.2462,37280.36,143730.196
688716.SH,中研股份,20260617,34.96,35.6,34.46,34.72,35.0,-0.28,-0.8,25202.1,88120.711
688717.SH,艾罗能源,20260617,92.92,94.51,90.16,91.04,92.9,-1.86,-2.0022,33448.52,306263.146
688718.SH,唯赛勃,20260617,16.84,17.77,16.53,17.64,16.72,0.92,5.5024,39158.76,67657.188
688719.SH,爱科赛博,20260617,89.37,95.61,86.66,92.16,89.16,3.0,3.3647,79586.98,726453.352
688720.SH,艾森股份,20260617,73.11,84.48,72.85,84.0,74.2,9.8,13.2075,111425.17,896571.493
688721.SH,龙图光罩,20260617,50.8,55.55,50.01,54.28,51.47,2.81,5.4595,80402.64,431698.154
688722.SH,同益中,20260617,17.56,17.96,17.12,17.5,17.6,-0.1,-0.5682,55792.8,97860.029
688726.SH,拉普拉斯,20260617,57.5,59.26,56.66,57.29,58.31,-1.02,-1.7493,107104.29,617278.906
688727.SH,恒坤新材,20260617,54.83,60.48,54.54,59.18,55.85,3.33,5.9624,98652.24,566935.084
688728.SH,格科微,20260617,13.98,14.66,13.86,14.52,14.07,0.45,3.1983,312145.51,448318.531
688729.SH,屹唐股份,20260617,26.38,27.69,26.3,27.56,26.71,0.85,3.1823,209406.15,566179.064
688733.SH,壹石通,20260617,40.02,44.41,39.89,42.67,40.75,1.92,4.7117,206948.42,881446.503
688737.SH,中自科技,20260617,26.97,27.09,26.08,26.12,26.81,-0.69,-2.5737,22259.25,58628.253
688739.SH,成大生物,20260617,19.91,19.98,19.7,19.75,19.8,-0.05,-0.2525,14297.52,28310.573
688750.SH,金天钛业,20260617,17.43,17.43,16.62,16.82,17.55,-0.73,-4.1595,121421.57,204333.959
688755.SH,汉邦科技,20260617,25.03,25.3,24.88,25.02,25.24,-0.22,-0.8716,3609.28,9039.664
688757.SH,胜科纳米,20260617,56.71,60.05,56.08,59.7,57.55,2.15,3.7359,127094.08,734009.601
688758.SH,赛分科技,20260617,20.33,20.5,19.93,20.04,20.39,-0.35,-1.7165,46579.03,93504.921
688759.SH,必贝特,20260617,30.0,30.65,29.82,29.97,30.33,-0.36,-1.1869,19372.71,58438.537
688765.SH,禾元生物,20260617,45.45,45.84,44.7,44.79,45.65,-0.86,-1.8839,11011.09,49603.715
688766.SH,普冉股份,20260617,470.11,580.2,467.0,580.2,483.5,96.7,20.0,107659.17,5586810.806
688767.SH,博拓生物,20260617,38.3,39.3,37.4,37.45,38.61,-1.16,-3.0044,30400.46,116663.455
688768.SH,容知日新,20260617,56.63,56.63,54.28,54.8,56.3,-1.5,-2.6643,13715.35,75987.069
688772.SH,珠海冠宇,20260617,20.85,21.72,20.31,20.71,21.72,-1.01,-4.6501,885613.0,1855416.135
688775.SH,影石创新,20260617,149.33,149.33,143.05,144.99,148.79,-3.8,-2.5539,39770.86,580352.292
688776.SH,国光电气,20260617,60.95,61.82,60.33,61.01,61.6,-0.59,-0.9578,13501.58,82285.912
688777.SH,中控技术,20260617,108.51,118.0,107.51,117.2,109.45,7.75,7.0809,238076.5,2725118.916
688778.SH,厦钨新能,20260617,60.53,62.36,60.02,61.36,60.51,0.85,1.4047,85099.59,522041.048
688779.SH,五矿新能,20260617,9.18,9.21,8.9,8.96,9.21,-0.25,-2.7144,325177.54,293089.699
688781.SH,视涯科技,20260617,48.61,51.14,48.61,51.12,49.33,1.79,3.6286,31392.85,157824.967
688783.SH,西安奕材,20260617,45.51,54.78,45.28,54.5,47.0,7.5,15.9574,559160.64,2797774.794
688785.SH,恒运昌,20260617,383.0,393.8,367.13,383.0,388.85,-5.85,-1.5044,13902.83,526052.324
688786.SH,悦安新材,20260617,47.02,48.55,46.39,47.09,48.5,-1.41,-2.9072,118092.28,558666.586
688787.SH,海天瑞声,20260617,157.58,160.9,154.64,157.38,159.7,-2.32,-1.4527,27830.01,437468.593
688788.SH,科思科技,20260617,40.07,45.47,40.07,45.1,39.77,5.33,13.4021,99640.2,432527.174
688789.SH,宏华数科,20260617,50.86,52.18,50.7,51.42,51.33,0.09,0.1753,9760.94,49881.099
688790.SH,昂瑞微,20260617,123.99,130.89,123.82,129.05,126.15,2.9,2.2989,8513.59,108678.716
688793.SH,倍轻松,20260617,17.79,17.8,16.8,16.91,17.75,-0.84,-4.7324,22734.6,38878.532
688795.SH,摩尔线程,20260617,629.0,642.68,623.02,639.0,637.0,2.0,0.314,22140.66,1396991.566
688796.SH,百奥赛图,20260617,87.61,89.18,87.0,88.27,88.35,-0.08,-0.0905,9795.19,86640.696
688798.SH,艾为电子,20260617,69.61,71.93,69.44,71.46,70.53,0.93,1.3186,37006.97,262776.18
688799.SH,华纳药厂,20260617,47.15,51.0,46.06,47.11,46.48,0.63,1.3554,68810.42,335276.355
688800.SH,DR瑞可达,20260617,87.98,94.39,87.18,93.4,88.86,4.54,5.1092,144696.81,1329104.732
688802.SH,沐曦股份,20260617,713.24,735.1,700.03,732.5,728.76,3.74,0.5132,22719.54,1621087.757
688805.SH,健信超导,20260617,47.33,48.88,47.06,47.69,47.99,-0.3,-0.6251,12299.22,59059.572
688807.SH,优迅股份,20260617,405.82,426.98,400.0,422.17,412.0,10.17,2.4684,17404.84,723616.61
688808.SH,联讯仪器,20260617,2188.88,2378.68,2120.0,2316.0,2171.0,145.0,6.6789,16268.68,3712814.61
688809.SH,强一股份,20260617,562.0,594.0,560.44,591.97,573.0,18.97,3.3106,26473.67,1533082.02
688811.SH,有研复材,20260617,29.8,31.18,29.09,30.48,29.97,0.51,1.7017,224984.1,679916.472
688813.SH,泰金新能,20260617,176.0,192.33,173.0,188.95,177.48,11.47,6.4627,33604.09,620408.283
688816.SH,易思维,20260617,63.08,63.45,62.27,62.41,63.37,-0.96,-1.5149,7501.9,47035.77
688818.SH,电科蓝天,20260617,63.44,68.63,63.0,67.0,64.71,2.29,3.5389,163560.11,1089907.173
688819.SH,天能股份,20260617,24.82,24.94,24.48,24.57,24.97,-0.4,-1.6019,22479.01,55424.9
688820.SH,盛合晶微,20260617,166.9,185.0,166.9,181.87,171.91,9.96,5.7937,298587.29,5352667.629
688981.SH,中芯国际,20260617,127.91,134.88,126.68,134.7,130.14,4.56,3.5039,963562.12,12699097.858
689009.SH,九号公司,20260617,35.21,35.58,34.55,35.08,35.21,-0.13,-0.3692,78107.71,273013.93
920000.BJ,安徽凤凰,20260617,13.08,13.08,12.53,12.89,13.08,-0.19,-1.4526,7734.21,9919.32199
920001.BJ,纬达光电,20260617,15.91,17.48,15.91,16.48,16.07,0.41,2.5513,55348.82,92853.78947
920002.BJ,万达轴承,20260617,61.37,61.97,60.0,60.16,61.35,-1.19,-1.9397,11133.91,67655.77996
920003.BJ,中诚咨询,20260617,27.55,28.88,27.2,28.4,27.57,0.83,3.0105,4568.27,12776.96876
920005.BJ,鼎佳精密,20260617,28.87,30.18,28.77,29.76,28.76,1.0,3.4771,6181.21,18309.64229
920006.BJ,晟楠科技,20260617,17.3,17.59,17.11,17.35,17.45,-0.1,-0.5731,12380.16,21451.34271
920007.BJ,酉立智能,20260617,40.43,41.24,39.81,40.48,40.43,0.05,0.1237,1991.18,8040.1554
920008.BJ,成电光信,20260617,22.75,24.15,22.57,23.47,22.75,0.72,3.1648,14355.75,33558.06438
920009.BJ,丹娜生物,20260617,34.19,35.06,33.28,34.7,33.66,1.04,3.0897,4497.97,15426.40335
920010.BJ,凯添燃气,20260617,9.61,9.61,9.11,9.2,9.62,-0.42,-4.3659,68776.03,64027.66086
920011.BJ,晨光电机,20260617,23.5,24.26,23.39,23.86,23.63,0.23,0.9733,14377.44,34373.86034
920012.BJ,创达新材,20260617,63.69,69.0,63.16,67.0,65.0,2.0,3.0769,26606.87,178490.60666
920014.BJ,特瑞斯,20260617,9.02,9.03,8.82,8.96,9.02,-0.06,-0.6652,11320.83,10093.00204
920015.BJ,锦华新材,20260617,58.68,59.39,55.1,57.22,57.73,-0.51,-0.8834,50952.22,289889.99337
920016.BJ,中草香料,20260617,13.9,13.97,13.44,13.86,13.9,-0.04,-0.2878,4952.53,6770.41501
920017.BJ,星昊医药,20260617,15.5,15.5,15.25,15.4,15.48,-0.08,-0.5168,8188.9,12592.08985
920018.BJ,宏远股份,20260617,17.1,17.4,16.89,16.95,17.1,-0.15,-0.8772,10770.52,18374.84453
920019.BJ,铜冠矿建,20260617,19.19,19.61,18.95,19.4,19.24,0.16,0.8316,36996.9,71432.23928
920020.BJ,泰凯英,20260617,15.1,15.1,14.63,14.8,14.9,-0.1,-0.6711,5796.41,8577.86226
920021.BJ,流金科技,20260617,8.31,8.33,7.86,7.89,8.3,-0.41,-4.9398,176739.64,142091.34716
920022.BJ,世昌股份,20260617,21.99,22.42,21.88,22.03,22.13,-0.1,-0.4519,1463.53,3236.57412
920023.BJ,*ST田野,20260617,2.13,2.13,2.05,2.07,2.13,-0.06,-2.8169,50078.4,10426.60139
920026.BJ,卓兆点胶,20260617,26.7,27.69,25.8,25.92,26.9,-0.98,-3.6431,21744.23,57739.49093
920027.BJ,交大铁发,20260617,12.11,12.11,11.72,12.06,12.06,0.0,0.0,10689.14,12684.73092
920028.BJ,新恒泰,20260617,18.5,20.36,18.26,19.87,18.6,1.27,6.828,65650.65,127796.71574
920029.BJ,开发科技,20260617,36.49,37.1,36.2,36.52,36.65,-0.13,-0.3547,6349.94,23257.4403
920030.BJ,德众汽车,20260617,4.79,4.82,4.65,4.74,4.76,-0.02,-0.4202,11398.88,5379.3828
920033.BJ,康普化学,20260617,16.04,16.04,15.51,15.57,16.15,-0.58,-3.5913,14982.38,23530.10242
920035.BJ,精创电气,20260617,26.11,26.29,25.38,26.0,25.76,0.24,0.9317,5256.38,13615.39032
920036.BJ,觅睿科技,20260617,41.34,43.42,41.34,42.18,41.38,0.8,1.9333,15269.9,64630.94964
920037.BJ,广信科技,20260617,44.06,45.02,43.95,44.51,44.25,0.26,0.5876,10927.4,48659.97915
920039.BJ,国义招标,20260617,7.77,8.98,7.66,8.61,7.77,0.84,10.8108,47087.11,39650.28843
920045.BJ,蘅东光,20260617,580.0,620.0,575.0,618.88,595.5,23.38,3.9261,14495.13,872092.45093
920046.BJ,亿能电力,20260617,26.72,27.0,26.24,26.36,26.73,-0.37,-1.3842,47260.48,125630.57363
920047.BJ,诺思兰德,20260617,16.46,17.83,16.07,17.09,16.34,0.75,4.59,102118.23,173805.30517
920050.BJ,爱舍伦,20260617,28.11,28.18,27.58,27.61,28.28,-0.67,-2.3692,2864.68,7966.77737
920055.BJ,隆源股份,20260617,29.37,30.09,29.23,29.41,29.49,-0.08,-0.2713,4791.36,14199.91553
920056.BJ,能之光,20260617,20.81,21.28,20.38,20.65,20.81,-0.16,-0.7689,13366.74,27805.23319
920057.BJ,百甲科技,20260617,5.08,5.08,4.92,5.0,5.08,-0.08,-1.5748,14693.54,7361.31666
920058.BJ,华洋赛车,20260617,22.09,22.9,21.88,22.66,22.23,0.43,1.9343,3773.4,8438.37442
920060.BJ,万源通,20260617,30.2,31.72,30.15,30.92,30.44,0.48,1.5769,47343.4,146707.9974
920061.BJ,西磁科技,20260617,23.01,23.4,22.13,22.38,23.6,-1.22,-5.1695,21175.14,48293.16126
920062.BJ,科润智控,20260617,10.06,10.07,9.75,9.79,10.15,-0.36,-3.5468,50496.23,49946.06031
920066.BJ,科拜尔,20260617,22.88,22.88,21.24,21.5,22.47,-0.97,-4.3169,9818.13,21372.32669
920068.BJ,天工股份,20260617,17.18,17.34,16.9,17.05,17.34,-0.29,-1.6724,20635.62,35311.84585
920069.BJ,普昂医疗,20260617,35.5,35.84,35.03,35.16,35.51,-0.35,-0.9856,3876.78,13693.74173
920075.BJ,柏星龙,20260617,17.13,17.49,16.91,17.4,17.13,0.27,1.5762,6987.06,12059.4463
920076.BJ,国亮新材,20260617,12.8,12.9,12.5,12.73,12.9,-0.17,-1.3178,19614.07,24919.24571
920077.BJ,吉林碳谷,20260617,17.2,17.67,17.01,17.27,17.13,0.14,0.8173,86838.33,151064.66699
920078.BJ,族兴新材,20260617,29.3,31.6,29.18,31.3,29.9,1.4,4.6823,43711.91,133823.02746
920080.BJ,奥美森,20260617,22.51,22.62,22.17,22.28,22.6,-0.32,-1.4159,2718.71,6073.54029
920082.BJ,方正阀门,20260617,8.9,9.02,8.73,9.0,8.95,0.05,0.5587,12784.51,11373.39925
920083.BJ,金戈新材,20260617,55.09,66.21,51.88,60.0,51.19,8.81,17.2104,155876.91,906544.32679
920086.BJ,科马材料,20260617,27.08,27.56,26.21,26.5,27.05,-0.55,-2.0333,12464.07,33435.41198
920087.BJ,秋乐种业,20260617,11.09,11.11,10.66,10.78,11.12,-0.34,-3.0576,32384.93,35078.79895
920088.BJ,科力股份,20260617,38.85,39.39,38.02,38.3,39.85,-1.55,-3.8896,41730.6,160953.34546
920089.BJ,禾昌聚合,20260617,11.45,11.54,11.11,11.2,11.52,-0.32,-2.7778,19219.44,21662.62402
920090.BJ,*ST同辉,20260617,3.72,3.74,3.6,3.63,3.77,-0.14,-3.7135,28853.47,10570.37938
920091.BJ,大鹏工业,20260617,43.37,44.77,43.01,43.09,43.35,-0.26,-0.5998,11079.07,48480.3366
920092.BJ,汉鑫科技,20260617,30.5,30.5,29.7,30.1,30.02,0.08,0.2665,8938.3,26891.67278
920096.BJ,嘉晨智能,20260617,58.3,62.66,58.01,59.27,58.25,1.02,1.7511,33268.6,200775.0194
920098.BJ,科隆新材,20260617,22.2,22.87,22.0,22.39,22.05,0.34,1.542,6824.4,15354.51092
920099.BJ,瑞华技术,20260617,23.56,26.59,23.31,25.28,23.75,1.53,6.4421,23224.17,57942.84753
920100.BJ,三协电机,20260617,44.55,45.2,42.74,42.9,44.79,-1.89,-4.2197,33052.11,144164.58244
920101.BJ,志高机械,20260617,29.4,29.96,29.28,29.7,29.47,0.23,0.7805,2990.62,8850.27021
920106.BJ,林泰新材,20260617,43.11,43.11,41.47,42.13,43.43,-1.3,-2.9933,11468.23,48087.07264
920108.BJ,宏海科技,20260617,9.89,9.91,9.69,9.74,9.84,-0.1,-1.0163,6305.87,6170.83198
920110.BJ,雷特科技,20260617,26.86,27.31,26.5,26.99,26.81,0.18,0.6714,1018.28,2728.59032
920111.BJ,聚星科技,20260617,32.4,32.66,31.44,31.94,32.32,-0.38,-1.1757,33213.08,106522.42096
920112.BJ,巴兰仕,20260617,24.66,24.8,24.0,24.1,24.7,-0.6,-2.4291,3893.55,9454.35357
920116.BJ,星图测控,20260617,61.45,66.4,60.92,63.28,61.4,1.88,3.0619,51908.87,332381.15254
920118.BJ,太湖远大,20260617,18.95,19.13,18.55,18.87,18.95,-0.08,-0.4222,5171.2,9749.98089
920119.BJ,美德乐,20260617,53.0,53.68,52.26,52.35,53.34,-0.99,-1.856,5866.71,30961.40191
920121.BJ,江天科技,20260617,31.08,31.47,31.0,31.06,31.17,-0.11,-0.3529,1814.01,5650.20037
920122.BJ,中纺标,20260617,20.47,26.5,20.03,26.5,20.39,6.11,29.9657,33143.18,79816.70258
920123.BJ,芭薇股份,20260617,10.58,10.61,10.3,10.45,10.56,-0.11,-1.0417,8337.53,8706.29795
920124.BJ,XD南特科,20260617,14.81,15.04,14.45,14.57,14.78,-0.21,-1.4208,12199.26,17910.51741
920125.BJ,鸿仕达,20260617,231.0,250.0,216.99,218.7,227.99,-9.29,-4.0747,24126.71,556534.6639
920126.BJ,永大股份,20260617,17.88,18.79,16.51,16.71,17.95,-1.24,-6.9081,196474.81,346034.56213
920128.BJ,胜业电气,20260617,26.09,27.56,26.0,26.81,26.37,0.44,1.6686,40784.84,109438.23318
920130.BJ,立方控股,20260617,15.47,15.59,15.09,15.23,15.48,-0.25,-1.615,8370.05,12828.14627
920132.BJ,泰鹏智能,20260617,11.23,11.38,10.8,11.23,11.21,0.02,0.1784,6061.06,6750.04663
920139.BJ,华岭股份,20260617,17.1,17.56,16.98,17.42,17.26,0.16,0.927,46310.15,80447.10032
920145.BJ,恒合股份,20260617,11.06,11.21,10.71,11.04,11.05,-0.01,-0.0905,8916.77,9760.988
920146.BJ,华阳变速,20260617,5.66,5.73,5.4,5.52,5.65,-0.13,-2.3009,19320.8,10691.16372
920149.BJ,旭杰科技,20260617,8.24,8.34,8.0,8.31,8.24,0.07,0.8495,10108.33,8290.60617
920152.BJ,昆工科技,20260617,20.63,21.75,20.03,20.16,21.0,-0.84,-4.0,33812.72,69994.49373
920156.BJ,海昌智能,20260617,53.28,56.0,52.35,52.96,53.7,-0.74,-1.378,20173.01,109297.7319
920158.BJ,长江能科,20260617,9.4,9.65,9.2,9.33,9.51,-0.18,-1.8927,22526.89,21078.30691
920159.BJ,农大科技,20260617,32.03,32.03,31.2,31.55,31.84,-0.29,-0.9108,5718.77,18051.92372
920160.BJ,北矿检测,20260617,20.47,22.17,20.12,21.61,20.55,1.06,5.1582,21922.89,46949.70919
920161.BJ,龙辰科技,20260617,39.03,44.11,38.1,42.33,39.8,2.53,6.3568,116064.39,485745.08134
920163.BJ,方大新材,20260617,10.28,10.34,9.95,10.3,10.27,0.03,0.2921,5808.25,5879.03067
920166.BJ,海圣医疗,20260617,22.4,23.19,22.39,22.94,22.14,0.8,3.6134,6164.6,14088.44938
920167.BJ,同享科技,20260617,18.27,19.42,18.18,18.58,17.82,0.76,4.2649,39820.01,74730.03123
920168.BJ,通宝光电,20260617,17.8,18.0,17.57,17.69,17.8,-0.11,-0.618,5705.11,10108.93238
920169.BJ,七丰精工,20260617,24.01,24.92,24.01,24.49,24.5,-0.01,-0.0408,17699.96,43378.08891
920171.BJ,志晟信息,20260617,19.35,19.79,19.03,19.1,19.43,-0.33,-1.6984,33522.39,64783.23058
920174.BJ,五新智能,20260617,35.77,36.3,35.21,35.8,35.66,0.14,0.3926,9270.69,33122.21537
920175.BJ,东方碳素,20260617,9.9,10.25,9.5,10.15,10.07,0.08,0.7944,76700.9,75767.15514
920177.BJ,恒道科技,20260617,28.29,29.29,28.29,28.54,28.45,0.09,0.3163,6539.29,18805.41281
920178.BJ,锐翔智能,20260617,131.0,155.0,131.0,150.2,119.66,30.54,25.5223,44642.5,642947.75975
920179.BJ,凯德石英,20260617,75.29,78.88,74.1,76.29,78.1,-1.81,-2.3175,57257.2,438093.61248
920180.BJ,爱得科技,20260617,13.15,13.24,12.98,13.08,13.07,0.01,0.0765,5436.27,7110.75797
920181.BJ,赛英电子,20260617,94.0,100.99,93.0,98.2,95.14,3.06,3.2163,15512.05,152061.95675
920183.BJ,海菲曼,20260617,34.12,35.15,34.06,34.4,34.16,0.24,0.7026,5809.5,20094.94899
920184.BJ,国源科技,20260617,11.74,12.03,11.51,11.68,11.86,-0.18,-1.5177,21280.92,24909.16518
920185.BJ,贝特瑞,20260617,27.36,27.85,27.12,27.18,27.62,-0.44,-1.593,57277.25,156896.19647
920186.BJ,中科仪,20260617,91.29,94.88,90.17,94.38,91.32,3.06,3.3509,100349.0,935813.60103
920187.BJ,通领科技,20260617,20.55,20.62,20.11,20.25,20.62,-0.37,-1.7944,5607.81,11398.22846
920188.BJ,悦龙科技,20260617,24.88,25.97,24.63,25.31,24.8,0.51,2.0565,9924.93,25299.89003
920190.BJ,雷神科技,20260617,25.78,25.99,24.8,25.02,25.48,-0.46,-1.8053,82070.33,208758.30748
920191.BJ,瑞尔竞达,20260617,10.94,11.15,10.86,10.92,10.89,0.03,0.2755,16871.57,18524.53752
920195.BJ,三祥科技,20260617,13.38,13.52,13.16,13.41,13.46,-0.05,-0.3715,4481.38,5965.8258
920198.BJ,微创光电,20260617,7.98,7.98,7.42,7.73,7.93,-0.2,-2.5221,38371.43,29446.55013
920199.BJ,倍益康,20260617,23.64,23.94,23.02,23.38,23.58,-0.2,-0.8482,7056.68,16626.0587
920200.BJ,振宏股份,20260617,41.27,43.6,39.81,40.2,41.54,-1.34,-3.2258,38583.4,161443.44779
920204.BJ,沪江材料,20260617,15.55,16.24,15.34,15.4,15.98,-0.58,-3.6295,25758.09,40569.95415
920206.BJ,彩客科技,20260617,61.3,68.8,61.3,65.7,60.62,5.08,8.3801,49878.34,322604.23432
920207.BJ,众诚科技,20260617,23.37,23.53,22.82,23.0,23.18,-0.18,-0.7765,16177.12,37310.1862
920208.BJ,青矩技术,20260617,14.17,14.4,13.91,14.02,14.15,-0.13,-0.9187,14832.31,20943.2333
920211.BJ,新睿电子,20260617,135.99,153.8,134.48,139.9,139.72,0.18,0.1288,19415.53,278515.54143
920212.BJ,智新电子,20260617,10.4,10.61,10.1,10.35,10.4,-0.05,-0.4808,9577.81,9895.55536
920218.BJ,新天力,20260617,21.7,23.61,21.43,22.6,21.63,0.97,4.4845,49841.7,112857.70109
920220.BJ,朗信电气,20260617,57.8,67.99,57.57,64.09,58.3,5.79,9.9314,30949.37,197652.5885
920221.BJ,易实精密,20260617,14.26,14.29,13.69,13.87,14.27,-0.4,-2.8031,17410.17,24273.28173
920223.BJ,荣亿精密,20260617,14.8,14.97,14.33,14.5,14.68,-0.18,-1.2262,17568.81,25583.43186
920225.BJ,利通科技,20260617,22.95,23.77,22.68,22.82,23.31,-0.49,-2.1021,33365.05,77259.49126
920227.BJ,美登科技,20260617,56.67,58.0,55.8,58.0,56.84,1.16,2.0408,5233.87,29747.33097
920230.BJ,欧康医药,20260617,10.13,10.36,9.96,10.24,10.13,0.11,1.0859,10609.43,10780.22732
920237.BJ,力佳科技,20260617,15.7,15.92,15.32,15.56,15.89,-0.33,-2.0768,10413.98,16232.80819
920239.BJ,长虹能源,20260617,26.86,26.88,26.11,26.25,27.06,-0.81,-2.9933,14397.18,38153.09661
920242.BJ,建邦科技,20260617,23.33,23.77,23.33,23.4,23.36,0.04,0.1712,1655.34,3891.58768
920245.BJ,威博液压,20260617,14.82,14.82,14.33,14.57,14.82,-0.25,-1.6869,6106.06,8913.3444
920247.BJ,华密新材,20260617,17.59,17.89,17.2,17.31,17.75,-0.44,-2.4789,24202.76,42314.01334
920249.BJ,利尔达,20260617,9.09,9.23,9.01,9.17,9.17,0.0,0.0,59590.94,54261.055
920252.BJ,天宏锂电,20260617,22.2,22.2,21.01,21.02,22.4,-1.38,-6.1607,43160.98,92805.77303
920260.BJ,中寰股份,20260617,7.88,7.9,7.59,7.87,7.86,0.01,0.1272,6855.36,5333.73405
920261.BJ,一诺威,20260617,14.09,14.09,13.57,13.79,13.91,-0.12,-0.8627,17013.58,23313.64582
920262.BJ,太湖雪,20260617,13.65,14.23,13.51,14.07,13.5,0.57,4.2222,15662.25,21777.09103
920263.BJ,中航泰达,20260617,7.75,7.8,7.56,7.67,7.75,-0.08,-1.0323,7103.32,5420.31668
920266.BJ,生物谷,20260617,6.96,6.96,6.75,6.88,6.96,-0.08,-1.1494,6287.39,4310.63009
920267.BJ,鑫汇科,20260617,15.2,15.48,14.78,15.11,15.2,-0.09,-0.5921,5696.55,8594.95009
920270.BJ,天铭科技,20260617,14.1,14.11,13.7,13.84,14.0,-0.16,-1.1429,12393.53,17211.97314
920271.BJ,邦德股份,20260617,11.16,11.25,10.86,11.08,11.25,-0.17,-1.5111,24277.08,26892.25458
920273.BJ,一致魔芋,20260617,19.25,19.41,18.5,18.59,19.11,-0.52,-2.7211,18888.69,35646.46228
920274.BJ,XD宏裕包,20260617,18.1,18.6,17.8,18.56,18.23,0.33,1.8102,13441.6,24556.86658
920275.BJ,驱动力,20260617,5.75,5.75,5.53,5.6,5.78,-0.18,-3.1142,14030.75,7893.66926
920278.BJ,鹿得医疗,20260617,6.23,6.34,6.11,6.27,6.24,0.03,0.4808,10412.91,6488.39304
920284.BJ,灵鸽科技,20260617,26.84,26.92,25.77,25.77,27.25,-1.48,-5.4312,25531.99,67399.23656
920299.BJ,灿能电力,20260617,19.93,19.98,19.01,19.06,19.75,-0.69,-3.4937,21250.84,41116.24425
920300.BJ,辰光医疗,20260617,10.7,11.03,10.66,10.74,10.87,-0.13,-1.196,21847.55,23584.49424
920304.BJ,迪尔化工,20260617,9.63,9.73,9.48,9.59,9.66,-0.07,-0.7246,21308.6,20352.67033
920339.BJ,恒太照明,20260617,12.93,14.78,12.91,14.11,13.23,0.88,6.6515,66016.61,91524.48808
920344.BJ,三元基因,20260617,17.98,18.5,17.9,18.21,18.1,0.11,0.6077,6079.92,11034.39398
920346.BJ,威贸电子,20260617,17.64,18.07,17.36,17.56,17.63,-0.07,-0.3971,8321.97,14725.37063
920351.BJ,华光源海,20260617,13.53,13.93,13.28,13.28,13.54,-0.26,-1.9202,21063.99,28641.97022
920357.BJ,雅葆轩,20260617,20.8,22.09,20.61,21.95,21.28,0.67,3.1485,68825.92,148242.18468
920363.BJ,莱赛激光,20260617,11.99,12.06,11.6,11.82,12.03,-0.21,-1.7456,16936.38,19996.86435
920367.BJ,新赣江,20260617,14.9,15.15,14.46,14.95,14.9,0.05,0.3356,8236.78,12178.18153
920368.BJ,连城数控,20260617,33.76,34.26,32.32,32.55,33.76,-1.21,-3.5841,76992.88,255433.83795
920370.BJ,新安洁,20260617,2.63,2.99,2.62,2.76,2.61,0.15,5.7471,103179.8,29211.7047
920371.BJ,XD欧福蛋,20260617,7.93,7.97,7.65,7.72,7.82,-0.1,-1.2788,20144.17,15631.65861
920374.BJ,云里物里,20260617,17.84,18.39,17.3,17.49,18.18,-0.69,-3.7954,18341.22,32598.38857
920375.BJ,派诺科技,20260617,8.08,8.15,7.84,8.01,8.08,-0.07,-0.8663,34008.48,27187.75319
920378.BJ,泰德股份,20260617,7.5,7.57,7.32,7.47,7.5,-0.03,-0.4,8576.22,6356.35699
920392.BJ,佳合科技,20260617,17.6,17.6,16.9,17.29,17.54,-0.25,-1.4253,13600.89,23368.05313
920394.BJ,民士达,20260617,62.7,69.58,60.23,69.14,63.34,5.8,9.1569,52200.8,346676.86043
920395.BJ,朗鸿科技,20260617,8.17,8.17,7.9,8.1,8.15,-0.05,-0.6135,4402.02,3534.576
920396.BJ,常辅股份,20260617,23.92,24.68,23.72,24.0,24.1,-0.1,-0.4149,14060.91,33938.21568
920402.BJ,硅烷科技,20260617,12.29,13.57,12.2,12.88,12.79,0.09,0.7037,233812.73,303188.4742
920403.BJ,康农种业,20260617,19.69,19.82,19.49,19.56,19.69,-0.13,-0.6602,5291.74,10369.85934
920405.BJ,海希通讯,20260617,12.92,13.15,12.82,13.15,13.0,0.15,1.1538,10896.19,14133.78503
920407.BJ,驰诚股份,20260617,14.65,15.09,14.5,14.95,14.68,0.27,1.8392,4894.12,7222.84431
920414.BJ,欧普泰,20260617,9.44,9.5,9.09,9.28,9.48,-0.2,-2.1097,21939.96,20383.90628
920415.BJ,恒拓开源,20260617,10.42,10.58,10.24,10.34,10.47,-0.13,-1.2416,21717.89,22535.34548
920418.BJ,苏轴股份,20260617,22.49,22.68,22.0,22.16,22.29,-0.13,-0.5832,19211.28,42756.23584
920419.BJ,路斯股份,20260617,10.36,10.86,10.08,10.37,10.35,0.02,0.1932,16046.24,16587.32813
920422.BJ,润普食品,20260617,9.5,9.6,9.06,9.33,9.59,-0.26,-2.7112,9942.73,9262.91392
920425.BJ,乐创技术,20260617,26.8,27.86,26.38,26.99,27.15,-0.16,-0.5893,31992.67,86767.0074
920427.BJ,华维设计,20260617,11.54,11.85,11.2,11.76,11.63,0.13,1.1178,25939.78,29887.07508
920429.BJ,康比特,20260617,10.03,10.47,9.93,10.37,10.02,0.35,3.493,19736.41,20040.60743
920433.BJ,大唐药业,20260617,4.61,4.66,4.54,4.61,4.61,0.0,0.0,9699.37,4451.60304
920436.BJ,大地电气,20260617,11.82,11.99,11.5,11.86,11.83,0.03,0.2536,9145.65,10763.50195
920438.BJ,戈碧迦,20260617,95.01,115.0,95.01,105.2,97.96,7.24,7.3908,142866.55,1533020.09092
920445.BJ,龙竹科技,20260617,7.29,7.29,7.09,7.19,7.31,-0.12,-1.6416,13771.28,9911.19207
920454.BJ,同心传动,20260617,12.58,12.65,12.28,12.54,12.6,-0.06,-0.4762,11933.01,14871.4198
920455.BJ,汇隆活塞,20260617,6.61,6.61,6.42,6.49,6.59,-0.1,-1.5175,4419.14,2875.97462
920469.BJ,富恒新材,20260617,6.93,6.94,6.67,6.78,6.93,-0.15,-2.1645,23908.68,16205.84134
920471.BJ,美邦科技,20260617,12.64,12.76,12.26,12.56,12.64,-0.08,-0.6329,20574.14,25776.62174
920475.BJ,三友科技,20260617,13.18,13.28,12.95,13.22,13.23,-0.01,-0.0756,8223.67,10765.20738
920476.BJ,海能技术,20260617,19.91,20.4,19.85,19.94,20.05,-0.11,-0.5486,9192.06,18348.16874
920478.BJ,峆一药业,20260617,8.96,9.0,8.7,8.87,8.96,-0.09,-1.0045,9388.46,8292.67453
920489.BJ,佳先股份,20260617,16.22,16.45,15.82,15.83,16.45,-0.62,-3.769,39643.49,63818.27117
920491.BJ,奥迪威,20260617,31.6,32.33,30.61,30.9,31.96,-1.06,-3.3166,60097.31,188952.48999
920493.BJ,并行科技,20260617,132.88,135.5,130.53,132.18,131.15,1.03,0.7854,13212.37,175749.41791
920496.BJ,许昌智能,20260617,7.18,7.27,7.04,7.14,7.18,-0.04,-0.5571,16076.98,11467.24187
920504.BJ,博迅生物,20260617,17.29,17.38,16.77,17.27,17.27,0.0,0.0,2804.98,4782.68316
920505.BJ,九菱科技,20260617,35.62,36.07,34.52,35.01,36.24,-1.23,-3.394,16899.27,59587.27401
920508.BJ,殷图网联,20260617,15.69,15.82,15.2,15.58,15.86,-0.28,-1.7654,4923.77,7647.00799
920509.BJ,同惠电子,20260617,32.12,33.03,32.05,32.36,32.34,0.02,0.0618,24441.08,79732.85412
920510.BJ,丰光精密,20260617,18.79,19.68,18.22,19.19,19.0,0.19,1.0,107340.03,205256.68456
920519.BJ,万德股份,20260617,10.19,10.23,9.76,10.02,10.2,-0.18,-1.7647,8843.0,8831.021
920522.BJ,纳科诺尔,20260617,30.22,30.5,29.2,29.34,30.3,-0.96,-3.1683,60092.45,179435.58247
920523.BJ,德瑞锂电,20260617,18.87,19.06,18.61,18.8,19.05,-0.25,-1.3123,11988.17,22510.23964
920526.BJ,凯华材料,20260617,29.51,31.67,29.4,30.9,29.77,1.13,3.7958,54313.78,167233.33784
920527.BJ,夜光明,20260617,13.98,13.98,13.5,13.82,13.97,-0.15,-1.0737,5329.76,7314.80458
920533.BJ,骏创科技,20260617,21.98,22.36,21.62,21.96,22.0,-0.04,-0.1818,16780.74,36853.50472
920541.BJ,铁大科技,20260617,10.54,10.6,10.31,10.49,10.46,0.03,0.2868,9157.19,9580.66889
920547.BJ,无锡晶海,20260617,20.0,20.2,19.75,20.1,20.13,-0.03,-0.149,2961.72,5915.22597
920553.BJ,凯腾精工,20260617,7.2,7.31,7.09,7.25,7.23,0.02,0.2766,8813.46,6347.00589
920556.BJ,雅达股份,20260617,8.03,8.11,7.83,7.94,8.04,-0.1,-1.2438,16421.86,13052.98505
920564.BJ,天润科技,20260617,18.18,18.68,18.02,18.11,18.18,-0.07,-0.385,9521.82,17401.24068
920566.BJ,梓橦宫,20260617,9.73,9.86,9.6,9.62,9.77,-0.15,-1.5353,6293.23,6078.06423
920570.BJ,坤博精工,20260617,26.45,27.1,26.08,26.8,26.45,0.35,1.3233,8876.49,23744.69386
920571.BJ,国航远洋,20260617,10.08,10.66,9.89,10.15,9.89,0.26,2.6289,261863.9,267765.07794
920575.BJ,*ST康乐,20260617,4.09,4.27,3.99,4.06,4.09,-0.03,-0.7335,60688.34,25031.18421
920576.BJ,天力复合,20260617,60.22,64.55,60.02,61.48,61.1,0.38,0.6219,38940.71,243645.69043
920578.BJ,巨能股份,20260617,18.69,21.5,18.53,20.0,18.84,1.16,6.1571,51525.29,103444.39861
920579.BJ,机科股份,20260617,17.69,18.46,17.62,18.2,17.73,0.47,2.6509,21183.23,38055.08359
920580.BJ,科创新材,20260617,12.66,12.72,12.28,12.52,12.6,-0.08,-0.6349,22999.07,28754.08008
920592.BJ,华信永道,20260617,25.01,25.8,24.64,24.96,25.25,-0.29,-1.1485,24994.99,62956.03225
920593.BJ,鼎智科技,20260617,30.26,30.92,29.64,30.07,30.32,-0.25,-0.8245,34161.49,103179.38106
920599.BJ,同力股份,20260617,17.41,17.59,17.31,17.47,17.5,-0.03,-0.1714,24302.01,42300.85381
920608.BJ,丰安股份,20260617,13.84,13.98,13.46,13.77,13.8,-0.03,-0.2174,3882.33,5303.38568
920627.BJ,力王股份,20260617,17.25,17.62,17.06,17.25,17.54,-0.29,-1.6534,11989.83,20740.83353
920634.BJ,新威凌,20260617,19.0,19.39,18.55,19.07,19.75,-0.68,-3.443,40686.81,77233.59238
920639.BJ,晨光电缆,20260617,6.98,7.01,6.82,6.85,6.98,-0.13,-1.8625,16259.87,11250.30845
920640.BJ,富士达,20260617,34.22,35.44,34.08,35.04,34.66,0.38,1.0964,48034.45,167748.27514
920641.BJ,格利尔,20260617,15.93,16.23,15.67,15.95,16.05,-0.1,-0.6231,11793.82,18807.42904
920642.BJ,通易航天,20260617,12.0,12.66,11.98,12.16,12.12,0.04,0.33,74188.17,91571.54637
920651.BJ,天罡股份,20260617,21.21,21.48,20.88,21.18,21.18,0.0,0.0,3856.13,8152.65877
920656.BJ,海昇药业,20260617,13.7,14.09,13.56,13.84,13.84,0.0,0.0,2627.53,3594.65319
920662.BJ,方盛股份,20260617,19.0,19.26,18.71,18.85,19.12,-0.27,-1.4121,7244.78,13724.70925
920663.BJ,明阳科技,20260617,13.99,14.17,13.57,13.71,13.99,-0.28,-2.0014,5708.43,7889.04405
920665.BJ,科强股份,20260617,11.21,11.95,11.12,11.53,11.1,0.43,3.8739,51790.8,59748.3557
920670.BJ,数字人,20260617,13.99,13.99,13.6,13.75,13.91,-0.16,-1.1503,10858.25,14912.65613
920679.BJ,前进科技,20260617,15.7,16.66,15.66,16.17,15.7,0.47,2.9936,8555.53,13806.50779
920682.BJ,球冠电缆,20260617,6.64,6.66,6.55,6.63,6.66,-0.03,-0.4505,24909.99,16442.3964
920685.BJ,新芝生物,20260617,11.17,11.17,10.91,11.11,11.07,0.04,0.3613,2113.16,2329.3967
920689.BJ,克莱特,20260617,23.85,26.9,23.5,24.83,23.45,1.38,5.8849,20069.15,50853.44793
920690.BJ,捷众科技,20260617,17.7,17.94,17.2,17.4,17.83,-0.43,-2.4117,8009.18,14016.42659
920693.BJ,阿为特,20260617,27.07,27.17,26.2,26.5,26.9,-0.4,-1.487,7219.24,19222.01506
920694.BJ,中裕科技,20260617,15.58,15.58,15.1,15.23,15.58,-0.35,-2.2465,6621.33,10105.9946
920699.BJ,海达尔,20260617,69.5,74.44,68.53,73.18,69.9,3.28,4.6924,11541.01,83901.3785
920701.BJ,豪声电子,20260617,12.62,12.79,12.37,12.41,12.66,-0.25,-1.9747,5907.18,7401.37519
920703.BJ,广厦环能,20260617,10.1,10.1,9.81,9.96,10.06,-0.1,-0.994,6917.84,6882.08031
920706.BJ,铁拓机械,20260617,19.99,20.37,19.5,19.94,19.78,0.16,0.8089,24859.74,49362.13066
920717.BJ,瑞星股份,20260617,7.21,7.3,7.02,7.28,7.26,0.02,0.2755,9510.77,6792.86865
920718.BJ,合肥高科,20260617,10.36,10.45,10.04,10.35,10.35,0.0,0.0,8348.2,8566.36157
920719.BJ,宁新新材,20260617,10.25,10.26,9.94,10.06,10.28,-0.22,-2.1401,27067.1,27266.72636
920720.BJ,吉冈精密,20260617,10.8,10.87,10.5,10.52,10.98,-0.46,-4.1894,26904.57,28617.35901
920725.BJ,惠丰钻石,20260617,72.0,81.68,70.58,79.13,74.29,4.84,6.515,87848.4,681364.53578
920726.BJ,朱老六,20260617,17.93,18.15,17.15,17.95,17.59,0.36,2.0466,40286.48,71065.4192
920729.BJ,永顺生物,20260617,6.99,6.99,6.78,6.8,6.99,-0.19,-2.7182,6739.08,4629.59639
920735.BJ,德源药业,20260617,23.04,23.61,22.58,23.44,23.18,0.26,1.1217,23223.43,53307.88957
920748.BJ,路桥信息,20260617,24.0,25.3,24.0,24.74,24.22,0.52,2.147,10894.51,26836.7857
920751.BJ,惠同新材,20260617,22.65,23.7,22.53,23.17,22.74,0.43,1.8909,14737.37,33988.61148
920753.BJ,天纺标,20260617,14.87,19.28,14.5,19.19,14.87,4.32,29.0518,39553.43,69740.31588
920765.BJ,美之高,20260617,12.7,12.7,12.12,12.57,12.56,0.01,0.0796,8674.55,10782.14717
920768.BJ,拾比佰,20260617,7.73,7.79,7.44,7.62,7.74,-0.12,-1.5504,15463.74,11735.83643
920770.BJ,艾能聚,20260617,12.7,12.92,12.2,12.27,12.66,-0.39,-3.0806,31313.97,39014.05631
920779.BJ,武汉蓝电,20260617,26.88,27.41,26.22,26.4,26.9,-0.5,-1.8587,5420.09,14457.87891
920781.BJ,瑞奇智造,20260617,6.09,6.11,5.93,6.04,6.06,-0.02,-0.33,18461.48,11100.6804
920786.BJ,骑士乳业,20260617,7.2,7.21,7.05,7.09,7.25,-0.16,-2.2069,29750.32,21176.07194
920790.BJ,联迪信息,20260617,20.7,21.88,20.3,20.3,20.98,-0.68,-3.2412,37530.85,79459.39847
920792.BJ,东和新材,20260617,10.28,10.35,10.13,10.19,10.31,-0.12,-1.1639,6189.92,6328.22413
920799.BJ,艾融软件,20260617,29.81,31.31,29.57,30.41,29.88,0.53,1.7738,42946.59,131332.03525
920802.BJ,保丽洁,20260617,11.49,11.63,11.33,11.5,11.48,0.02,0.1742,2678.92,3069.66864
920806.BJ,云星宇,20260617,10.51,10.7,10.36,10.62,10.6,0.02,0.1887,24865.42,26195.98284
920807.BJ,奔朗新材,20260617,12.06,12.86,12.0,12.06,12.24,-0.18,-1.4706,99224.57,122006.11122
920808.BJ,曙光数创,20260617,74.01,76.2,73.45,75.39,74.87,0.52,0.6945,21634.85,162214.94448
920809.BJ,安达科技,20260617,8.61,8.69,8.4,8.56,8.63,-0.07,-0.8111,155465.49,132998.71667
920810.BJ,春光智能,20260617,8.87,8.88,8.37,8.57,8.85,-0.28,-3.1638,9355.19,8056.12427
920819.BJ,颖泰生物,20260617,2.86,2.87,2.83,2.84,2.86,-0.02,-0.6993,27248.32,7749.2091
920821.BJ,则成电子,20260617,22.44,24.29,22.44,23.26,22.57,0.69,3.0572,33695.83,79343.13408
920826.BJ,盖世食品,20260617,9.35,9.39,9.11,9.12,9.28,-0.16,-1.7241,16682.73,15355.21355
920832.BJ,齐鲁华信,20260617,6.46,6.49,6.29,6.35,6.46,-0.11,-1.7028,15059.95,9571.35827
920833.BJ,美心翼申,20260617,14.06,14.27,13.99,14.05,14.06,-0.01,-0.0711,8790.36,12412.55773
920834.BJ,三维装备,20260617,9.8,9.95,9.52,9.91,9.7,0.21,2.1649,11572.27,11265.17478
920837.BJ,华原股份,20260617,10.77,11.0,10.58,10.87,10.76,0.11,1.0223,12668.5,13683.74306
920839.BJ,万通液压,20260617,28.65,29.09,28.01,28.68,28.93,-0.25,-0.8642,7956.14,22679.52847
920855.BJ,浙江大农,20260617,12.86,12.86,12.5,12.77,12.85,-0.08,-0.6226,2780.04,3533.70674
920856.BJ,浩淼科技,20260617,9.28,9.55,9.0,9.54,9.28,0.26,2.8017,21649.93,20196.57557
920857.BJ,泓禧科技,20260617,15.97,16.48,15.87,16.07,15.97,0.1,0.6262,13086.07,21150.95569
920866.BJ,绿亨科技,20260617,6.48,6.49,6.3,6.41,6.48,-0.07,-1.0802,8932.75,5707.01699
920870.BJ,恒进感应,20260617,13.53,13.83,13.34,13.68,13.54,0.14,1.034,11516.7,15601.42448
920871.BJ,派特尔,20260617,12.42,12.42,12.11,12.21,12.42,-0.21,-1.6908,3852.32,4714.82237
920873.BJ,中设咨询,20260617,7.51,8.12,7.29,8.02,7.44,0.58,7.7957,47707.62,37066.42948
920876.BJ,慧为智能,20260617,19.52,19.83,19.15,19.32,19.46,-0.14,-0.7194,14362.25,27938.03869
920879.BJ,基康技术,20260617,16.02,16.05,15.25,15.43,15.92,-0.49,-3.0779,20932.8,32365.80068
920885.BJ,星辰科技,20260617,14.59,15.2,14.4,14.9,14.72,0.18,1.2228,29976.45,44431.65907
920892.BJ,广咨国际,20260617,12.07,12.73,11.93,12.4,12.15,0.25,2.0576,15260.95,18789.46193
920895.BJ,花溪科技,20260617,13.17,13.4,12.66,13.17,13.07,0.1,0.7651,8105.64,10587.79889
920896.BJ,旺成科技,20260617,14.41,14.49,13.94,14.06,14.29,-0.23,-1.6095,6616.15,9359.65782
920906.BJ,舜宇精工,20260617,19.63,19.94,19.2,19.42,19.32,0.1,0.5176,8192.53,16042.2247
920914.BJ,远航精密,20260617,21.7,22.66,21.5,21.88,21.86,0.02,0.0915,19720.81,43582.23867
920924.BJ,广脉科技,20260617,16.59,16.81,16.34,16.55,16.66,-0.11,-0.6603,11332.03,18755.45129
920925.BJ,锦好医疗,20260617,11.88,12.0,11.51,11.92,11.84,0.08,0.6757,20531.45,24167.03978
920926.BJ,鸿智科技,20260617,11.37,11.46,11.12,11.21,11.35,-0.14,-1.2335,5210.08,5869.27959
920931.BJ,无锡鼎邦,20260617,10.08,10.14,9.71,10.03,9.85,0.18,1.8274,5635.71,5608.7101
920932.BJ,科达自控,20260617,15.1,15.11,14.7,14.82,14.96,-0.14,-0.9358,18605.41,27576.61098
920942.BJ,恒立钻具,20260617,20.4,21.48,19.81,20.85,20.25,0.6,2.963,16918.27,35024.1753
920943.BJ,优机股份,20260617,14.6,14.82,14.41,14.63,14.64,-0.01,-0.0683,7443.44,10846.54742
920946.BJ,森萱医药,20260617,9.11,9.15,9.03,9.1,9.14,-0.04,-0.4376,13524.52,12292.90439
920950.BJ,迅安科技,20260617,13.87,13.87,13.36,13.64,13.67,-0.03,-0.2195,1716.28,2324.28216
920953.BJ,国子软件,20260617,25.58,25.58,24.68,24.95,25.15,-0.2,-0.7952,8243.55,20559.33951
920957.BJ,XD汉维科,20260617,9.69,9.8,9.41,9.62,9.59,0.03,0.3128,5628.72,5400.11391
920961.BJ,创远信科,20260617,23.1,26.9,23.0,25.76,22.57,3.19,14.1338,115878.02,289726.7696
920964.BJ,润农节水,20260617,4.82,4.89,4.68,4.85,4.81,0.04,0.8316,24005.54,11443.9431
920970.BJ,大禹生物,20260617,5.81,5.82,5.53,5.76,5.76,0.0,0.0,17505.42,9965.95319
920971.BJ,天马新材,20260617,35.42,39.39,34.63,38.38,35.94,2.44,6.7891,98873.93,374402.2576
920974.BJ,凯大催化,20260617,7.21,7.21,6.88,7.0,7.18,-0.18,-2.507,16223.24,11362.56618
920976.BJ,视声智能,20260617,19.1,19.52,18.84,19.27,19.11,0.16,0.8373,5629.18,10870.70362
920978.BJ,开特股份,20260617,22.66,23.13,22.44,22.56,22.79,-0.23,-1.0092,18414.61,41895.74966
920981.BJ,晶赛科技,20260617,40.93,43.62,40.01,41.88,42.03,-0.15,-0.3569,55998.5,235918.07297
920982.BJ,锦波生物,20260617,155.7,155.72,152.04,152.55,155.16,-2.61,-1.6821,5556.77,85079.95903
920985.BJ,海泰新能,20260617,5.35,5.38,5.17,5.24,5.31,-0.07,-1.3183,23931.86,12609.63886
920992.BJ,中科美菱,20260617,12.73,13.66,12.32,13.04,12.51,0.53,4.2366,17706.15,22920.78048
