ts_code,name,trade_date,open,high,low,close,pre_close,change,pct_chg,vol,amount
000001.SZ,平安银行,20260915,11.82,11.88,11.77,11.82,11.85,-0.03,-0.2532,755251.46,893382.87634
000002.SZ,万科Ａ,20260915,3.05,3.06,3.01,3.02,3.05,-0.03,-0.9836,702047.93,212336.15742
000006.SZ,深振业Ａ,20260915,6.76,6.79,6.62,6.63,6.79,-0.16,-2.3564,93696.07,62710.60878
000007.SZ,全新好,20260915,10.99,11.21,10.86,10.91,10.99,-0.08,-0.7279,54711.0,60373.374
000008.SZ,神州高铁,20260915,2.45,2.46,2.38,2.39,2.46,-0.07,-2.8455,328888.0,79300.538
000009.SZ,中国宝安,20260915,6.95,6.99,6.89,6.91,6.94,-0.03,-0.4323,109402.13,75878.78168
000010.SZ,*ST美丽,20260915,1.72,1.72,1.57,1.58,1.72,-0.14,-8.1395,292727.0,48106.582
000011.SZ,深物业A,20260915,8.77,8.79,8.26,8.27,8.58,-0.31,-3.6131,148054.0,126368.695
000012.SZ,南玻Ａ,20260915,3.76,3.78,3.69,3.71,3.77,-0.06,-1.5915,214938.89,80110.04541
000014.SZ,沙河股份,20260915,10.32,10.32,9.92,9.97,10.27,-0.3,-2.9211,46376.28,46663.17148
000017.SZ,深中华A,20260915,7.5,7.51,7.18,7.18,7.5,-0.32,-4.2667,456916.18,334310.47284
000019.SZ,深粮控股,20260915,6.99,7.0,6.71,6.72,6.96,-0.24,-3.4483,265741.68,181187.38344
000020.SZ,深华发Ａ,20260915,12.72,12.88,12.35,12.36,12.8,-0.44,-3.4375,125587.0,157836.228
000021.SZ,深科技,20260915,33.5,34.65,33.4,33.91,33.77,0.14,0.4146,502732.26,1712010.72243
000025.SZ,特力Ａ,20260915,14.6,14.72,14.51,14.51,14.69,-0.18,-1.2253,37862.87,55164.16567
000026.SZ,飞亚达,20260915,18.24,18.58,18.09,18.33,18.23,0.1,0.5485,38876.0,71348.50598
000027.SZ,深圳能源,20260915,6.36,6.42,6.31,6.37,6.37,0.0,0.0,231204.66,147284.1912
000028.SZ,国药一致,20260915,20.04,20.08,19.77,19.8,20.0,-0.2,-1.0,11366.64,22567.26279
000029.SZ,深深房Ａ,20260915,21.3,21.64,21.05,21.11,21.19,-0.08,-0.3775,27202.96,57985.3292
000030.SZ,富奥股份,20260915,4.04,4.06,3.95,3.97,4.06,-0.09,-2.2167,89544.2,35853.02584
000031.SZ,大悦城,20260915,2.18,2.18,2.12,2.13,2.19,-0.06,-2.7397,284599.0,60993.603
000032.SZ,深桑达Ａ,20260915,13.92,14.59,13.86,14.19,13.93,0.26,1.8665,349492.29,498941.45823
000034.SZ,神州数码,20260915,23.09,23.17,22.82,23.1,23.1,0.0,0.0,84186.24,193562.7858
000035.SZ,中国天楹,20260915,4.88,4.92,4.81,4.84,4.88,-0.04,-0.8197,215498.0,104483.252
000036.SZ,华联控股,20260915,3.82,3.82,3.71,3.73,3.81,-0.08,-2.0997,149578.0,56095.254
000037.SZ,深南电A,20260915,9.71,10.44,9.61,10.03,9.69,0.34,3.5088,498251.43,501842.96864
000039.SZ,中集集团,20260915,9.2,9.2,8.94,9.09,9.22,-0.13,-1.41,210647.9,190820.38336
000042.SZ,中洲控股,20260915,8.24,8.28,8.12,8.13,8.21,-0.08,-0.9744,30940.87,25340.37066
001914.SZ,招商积余,20260915,8.81,8.86,8.73,8.78,8.84,-0.06,-0.6787,39599.0,34821.80182
000045.SZ,深纺织Ａ,20260915,10.86,10.94,10.69,10.72,10.92,-0.2,-1.8315,26082.0,28098.577
000048.SZ,京基智农,20260915,20.12,20.87,19.01,20.25,20.11,0.14,0.6962,205154.48,407842.59743
000049.SZ,德赛电池,20260915,22.1,22.21,21.88,21.9,22.13,-0.23,-1.0393,32253.47,71076.27907
000050.SZ,深天马Ａ,20260915,6.54,6.56,6.4,6.43,6.54,-0.11,-1.682,129904.0,83793.106
000055.SZ,方大集团,20260915,3.57,3.57,3.45,3.47,3.57,-0.1,-2.8011,101974.99,35718.9335
000056.SZ,*ST皇庭,20260915,2.75,2.91,2.71,2.91,2.77,0.14,5.0542,498732.65,139334.02266
000058.SZ,深赛格,20260915,7.03,7.04,6.88,6.9,7.03,-0.13,-1.8492,47398.72,32947.9624
000059.SZ,华锦股份,20260915,5.42,5.48,5.28,5.4,5.44,-0.04,-0.7353,429582.93,231531.54504
000060.SZ,中金岭南,20260915,6.15,6.2,6.11,6.13,6.17,-0.04,-0.6483,532029.56,327170.19061
000061.SZ,农产品,20260915,6.13,6.15,5.89,5.9,6.16,-0.26,-4.2208,267779.0,160640.02451
000062.SZ,深圳华强,20260915,22.42,22.66,22.3,22.3,22.59,-0.29,-1.2838,116877.55,262397.20098
000063.SZ,中兴通讯,20260915,31.89,32.26,31.86,32.01,31.95,0.06,0.1878,357968.43,1147855.43395
000065.SZ,北方国际,20260915,9.49,9.57,9.44,9.53,9.44,0.09,0.9534,138142.49,131230.66841
000066.SZ,中国长城,20260915,13.91,14.05,13.85,13.86,13.92,-0.06,-0.431,333221.3,464798.13045
000068.SZ,华控赛格,20260915,3.28,3.44,3.19,3.19,3.3,-0.11,-3.3333,216672.0,71099.075
000069.SZ,华侨城Ａ,20260915,1.77,1.78,1.74,1.74,1.78,-0.04,-2.2472,303016.0,53018.5
000070.SZ,特发信息,20260915,16.4,16.99,16.15,16.71,16.7,0.01,0.0599,752143.57,1254525.95169
000078.SZ,ST海王,20260915,1.54,1.55,1.5,1.5,1.55,-0.05,-3.2258,513922.0,78537.06
000088.SZ,盐田港,20260915,4.63,4.64,4.5,4.53,4.64,-0.11,-2.3707,305764.84,139347.93522
000089.SZ,深圳机场,20260915,6.54,6.54,6.46,6.47,6.53,-0.06,-0.9188,58270.0,37822.286
000090.SZ,天健集团,20260915,3.45,3.45,3.36,3.37,3.44,-0.07,-2.0349,108086.0,36666.035
000096.SZ,广聚能源,20260915,8.1,8.14,7.95,7.98,8.14,-0.16,-1.9656,57782.3,46390.2478
000099.SZ,中信海直,20260915,13.16,13.2,12.92,12.96,13.14,-0.18,-1.3699,57256.1,74544.89034
000100.SZ,TCL科技,20260915,4.67,4.76,4.66,4.73,4.67,0.06,1.2848,3209644.58,1515619.30533
000151.SZ,中成股份,20260915,10.53,10.66,10.12,10.12,10.54,-0.42,-3.9848,98741.0,101870.01
000153.SZ,丰原药业,20260915,6.22,6.22,5.98,6.0,6.17,-0.17,-2.7553,123884.2,74913.2932
000155.SZ,川能动力,20260915,11.73,11.81,11.66,11.75,11.82,-0.07,-0.5922,145325.0,170385.686
000156.SZ,华数传媒,20260915,6.98,7.01,6.88,6.89,6.96,-0.07,-1.0057,54744.0,37962.086
000157.SZ,中联重科,20260915,6.5,6.52,6.44,6.46,6.52,-0.06,-0.9202,244456.0,158409.5789
000158.SZ,常山北明,20260915,12.94,13.07,12.62,12.65,12.86,-0.21,-1.633,278822.7,357536.58725
000159.SZ,国际实业,20260915,5.66,5.68,5.43,5.44,5.66,-0.22,-3.8869,88635.0,48827.888
000166.SZ,申万宏源,20260915,4.44,4.45,4.39,4.41,4.44,-0.03,-0.6757,412660.25,182281.5156
000301.SZ,东方盛虹,20260915,13.42,13.89,13.33,13.75,13.44,0.31,2.3065,279506.35,381890.96596
000333.SZ,美的集团,20260915,86.7,88.1,86.44,87.23,86.8,0.43,0.4954,196776.44,1722618.37859
000338.SZ,潍柴动力,20260915,25.9,26.71,25.87,26.04,26.14,-0.1,-0.3826,579016.86,1522952.41738
000400.SZ,许继电气,20260915,20.59,20.59,20.37,20.41,20.6,-0.19,-0.9223,64399.57,131638.94201
000401.SZ,金隅冀东,20260915,3.56,3.57,3.47,3.48,3.55,-0.07,-1.9718,105593.59,37066.77444
000402.SZ,金融街,20260915,2.46,2.47,2.42,2.43,2.47,-0.04,-1.6194,252080.0,61461.595
000403.SZ,派林生物,20260915,10.14,10.23,10.0,10.0,10.16,-0.16,-1.5748,33228.09,33448.64481
000404.SZ,长虹华意,20260915,6.91,6.94,6.8,6.8,6.91,-0.11,-1.5919,81945.5,56147.807
000407.SZ,胜利股份,20260915,4.27,4.32,4.2,4.22,4.3,-0.08,-1.8605,138966.2,58880.806
000408.SZ,藏格矿业,20260915,71.71,72.1,70.45,70.68,72.16,-1.48,-2.051,78973.75,561969.52451
000409.SZ,云鼎科技,20260915,8.94,9.28,8.82,9.15,8.89,0.26,2.9246,160788.74,145657.53458
000410.SZ,沈阳机床,20260915,5.03,5.03,4.86,4.88,5.03,-0.15,-2.9821,169171.0,83455.332
000411.SZ,英特集团,20260915,9.88,9.97,9.78,9.8,9.9,-0.1,-1.0101,28571.6,28077.9354
000415.SZ,渤海租赁,20260915,4.5,4.55,4.47,4.51,4.52,-0.01,-0.2212,317576.0,143292.003
000417.SZ,合百集团,20260915,5.8,5.82,5.51,5.61,5.87,-0.26,-4.4293,504667.66,282254.90296
000419.SZ,通程控股,20260915,5.18,5.18,4.96,4.98,5.19,-0.21,-4.0462,78040.0,39176.799
000420.SZ,吉林化纤,20260915,3.53,3.54,3.49,3.49,3.54,-0.05,-1.4124,330658.91,116001.11521
000421.SZ,南京公用,20260915,5.82,5.82,5.61,5.61,5.79,-0.18,-3.1088,77739.0,44095.228
000422.SZ,湖北宜化,20260915,11.9,11.93,11.8,11.81,11.96,-0.15,-1.2542,116894.98,138569.94454
000423.SZ,东阿阿胶,20260915,46.33,46.67,46.07,46.11,46.47,-0.36,-0.7747,33103.53,153149.13097
000425.SZ,徐工机械,20260915,8.07,8.11,7.78,7.81,8.1,-0.29,-3.5802,1156171.73,913933.45053
000426.SZ,兴业银锡,20260915,35.35,36.0,34.96,35.56,35.41,0.15,0.4236,340860.03,1210796.9413
000428.SZ,华天酒店,20260915,4.5,4.58,4.12,4.12,4.58,-0.46,-10.0437,906142.99,383983.72975
000429.SZ,粤高速Ａ,20260915,12.69,12.86,12.68,12.83,12.7,0.13,1.0236,74778.54,95607.6112
000430.SZ,张家界,20260915,7.23,7.26,6.54,6.54,7.27,-0.73,-10.0413,363365.87,246123.36572
000488.SZ,ST晨鸣,20260915,2.04,2.04,1.98,2.0,2.05,-0.05,-2.439,118033.5,23626.4915
000498.SZ,山东路桥,20260915,4.88,4.9,4.83,4.87,4.88,-0.01,-0.2049,63636.0,30991.73
000501.SZ,武商集团,20260915,7.4,7.4,7.08,7.09,7.4,-0.31,-4.1892,115586.3,82848.14034
000503.SZ,国新健康,20260915,6.85,6.9,6.63,6.66,6.85,-0.19,-2.7737,93883.84,63184.01963
000504.SZ,南华生物,20260915,8.61,8.72,8.31,8.35,8.6,-0.25,-2.907,34272.0,28934.32098
000505.SZ,京粮控股,20260915,6.67,6.86,6.33,6.36,6.65,-0.29,-4.3609,403720.79,262324.7564
000506.SZ,招金黄金,20260915,18.66,19.18,18.43,18.84,18.66,0.18,0.9646,380042.0,716197.42
000507.SZ,珠海港,20260915,5.09,5.12,5.02,5.06,5.1,-0.04,-0.7843,103578.78,52503.1785
000509.SZ,华塑控股,20260915,3.5,3.51,3.39,3.4,3.5,-0.1,-2.8571,157267.8,54063.02149
000510.SZ,新金路,20260915,17.05,18.48,16.99,17.87,17.06,0.81,4.7479,639608.27,1143319.04935
000513.SZ,丽珠集团,20260915,26.96,27.09,26.52,26.58,27.0,-0.42,-1.5556,32260.78,86153.74952
000514.SZ,渝开发,20260915,4.18,4.18,4.03,4.04,4.16,-0.12,-2.8846,65153.0,26579.364
000516.SZ,国际医学,20260915,4.35,4.37,4.21,4.22,4.35,-0.13,-2.9885,280339.03,119534.85881
000517.SZ,荣安地产,20260915,2.03,2.04,1.98,1.99,2.03,-0.04,-1.9704,291176.04,58217.9292
000518.SZ,四环生物,20260915,3.89,3.9,3.76,3.79,3.89,-0.1,-2.5707,279281.0,106104.537
000519.SZ,中兵红箭,20260915,15.88,15.89,15.31,15.35,15.8,-0.45,-2.8481,667886.17,1034981.82875
000520.SZ,凤凰航运,20260915,4.2,4.24,4.0,4.02,4.22,-0.2,-4.7393,466713.0,191780.39
000521.SZ,长虹美菱,20260915,4.43,4.43,4.35,4.36,4.44,-0.08,-1.8018,84303.08,36933.51915
000523.SZ,红棉股份,20260915,3.49,3.49,3.25,3.25,3.61,-0.36,-9.9723,2451860.03,815487.32646
000524.SZ,岭南控股,20260915,9.07,9.19,8.75,8.77,9.08,-0.31,-3.4141,90539.46,80343.91216
000525.SZ,红太阳,20260915,4.67,4.69,4.49,4.49,4.67,-0.18,-3.8544,190024.66,86552.49075
000526.SZ,学大教育,20260915,35.45,35.58,34.9,34.92,35.47,-0.55,-1.5506,14894.0,52460.175
000528.SZ,柳工,20260915,8.15,8.25,8.06,8.19,8.15,0.04,0.4908,244262.74,199454.13473
000529.SZ,广弘控股,20260915,5.01,5.01,4.82,4.85,4.99,-0.14,-2.8056,45438.1,22215.5102
000530.SZ,冰山冷热,20260915,5.15,5.15,5.02,5.02,5.13,-0.11,-2.1442,99774.25,50502.67995
000531.SZ,穗恒运Ａ,20260915,5.83,5.91,5.72,5.79,5.78,0.01,0.173,144423.22,83907.35208
000532.SZ,华金资本,20260915,11.8,12.28,11.5,11.59,11.74,-0.15,-1.2777,153915.12,181862.1321
000533.SZ,顺钠股份,20260915,11.64,11.64,11.06,11.09,11.48,-0.39,-3.3972,448696.65,504878.12565
000534.SZ,万泽股份,20260915,23.64,23.96,23.27,23.3,23.64,-0.34,-1.4382,89083.24,209836.45158
000536.SZ,华映科技,20260915,3.4,3.42,3.33,3.34,3.41,-0.07,-2.0528,350269.4,118257.4022
000537.SZ,绿发电力,20260915,7.77,7.8,7.54,7.65,7.8,-0.15,-1.9231,248435.82,190239.50902
000538.SZ,云南白药,20260915,50.62,50.97,50.51,50.74,50.76,-0.02,-0.0394,48618.8,246808.42082
000539.SZ,粤电力Ａ,20260915,5.37,5.43,5.25,5.28,5.38,-0.1,-1.8587,542149.2,288364.49008
000541.SZ,佛山照明,20260915,4.9,4.91,4.82,4.82,4.9,-0.08,-1.6327,50727.0,24659.051
000543.SZ,皖能电力,20260915,7.46,7.58,7.41,7.54,7.49,0.05,0.6676,266352.76,200278.51818
000544.SZ,中原环保,20260915,7.34,7.4,7.25,7.27,7.37,-0.1,-1.3569,25185.5,18406.4645
000545.SZ,金浦钛业,20260915,2.23,2.24,2.12,2.13,2.23,-0.1,-4.4843,510655.0,110562.2
000546.SZ,金圆股份,20260915,4.55,4.55,4.43,4.44,4.56,-0.12,-2.6316,77660.0,34795.621
000547.SZ,航天发展,20260915,14.58,14.72,14.37,14.41,14.61,-0.2,-1.3689,335842.74,487104.92894
000548.SZ,湖南投资,20260915,4.64,4.64,4.42,4.45,4.61,-0.16,-3.4707,77427.04,34860.49184
000550.SZ,江铃汽车,20260915,17.78,18.04,17.51,17.55,17.85,-0.3,-1.6807,37578.52,66648.3268
000551.SZ,创元科技,20260915,12.18,12.23,12.01,12.03,12.18,-0.15,-1.2315,65618.88,79518.80332
000552.SZ,甘肃能化,20260915,2.56,2.57,2.5,2.51,2.55,-0.04,-1.5686,726326.07,183700.52492
000553.SZ,安道麦A,20260915,5.62,5.75,5.54,5.67,5.66,0.01,0.1767,110471.0,62175.83438
000554.SZ,泰山石油,20260915,6.75,6.78,6.57,6.57,6.67,-0.1,-1.4993,166292.87,110425.91988
000555.SZ,神州信息,20260915,10.56,10.74,10.4,10.42,10.54,-0.12,-1.1385,97009.31,102022.7905
000557.SZ,西部创业,20260915,3.81,3.83,3.68,3.7,3.79,-0.09,-2.3747,60880.76,22660.2652
000558.SZ,天府文旅,20260915,3.81,3.82,3.53,3.55,3.81,-0.26,-6.8241,400686.0,145870.9394
000559.SZ,万向钱潮,20260915,10.48,10.57,10.34,10.35,10.52,-0.17,-1.616,159500.58,166343.327
000560.SZ,我爱我家,20260915,2.65,2.7,2.58,2.59,2.68,-0.09,-3.3582,2208605.4,578336.0755
000561.SZ,烽火电子,20260915,7.79,7.85,7.61,7.64,7.82,-0.18,-2.3018,81504.19,62791.90356
000563.SZ,陕国投Ａ,20260915,2.96,2.97,2.94,2.95,2.97,-0.02,-0.6734,278925.46,82370.8997
000564.SZ,供销大集,20260915,1.54,1.55,1.48,1.48,1.54,-0.06,-3.8961,2871166.27,429439.75961
000565.SZ,渝三峡Ａ,20260915,6.93,6.93,6.59,6.59,6.93,-0.34,-4.9062,355675.05,239503.46627
000566.SZ,海南海药,20260915,4.7,4.73,4.52,4.54,4.7,-0.16,-3.4043,416119.17,190838.2692
000567.SZ,海德股份,20260915,6.01,6.04,5.8,5.81,6.01,-0.2,-3.3278,228425.01,134340.29002
000568.SZ,泸州老窖,20260915,73.7,73.78,72.0,72.0,73.48,-1.48,-2.0142,80000.31,581791.68591
000570.SZ,苏常柴Ａ,20260915,5.2,5.23,5.05,5.07,5.24,-0.17,-3.2443,90052.0,46072.827
000571.SZ,新大洲A,20260915,5.8,6.0,5.74,5.92,5.81,0.11,1.8933,200295.0,118015.453
000572.SZ,海马汽车,20260915,4.44,4.65,4.14,4.17,4.33,-0.16,-3.6952,2673773.4,1161134.26947
000573.SZ,粤宏远Ａ,20260915,3.69,3.73,3.59,3.59,3.71,-0.12,-3.2345,120361.0,43718.083
000576.SZ,甘化科工,20260915,8.28,8.31,8.01,8.03,8.28,-0.25,-3.0193,124011.16,100927.12788
000581.SZ,威孚高科,20260915,18.05,18.22,17.98,17.99,18.11,-0.12,-0.6626,45792.0,82900.924
000582.SZ,北部湾港,20260915,10.91,11.49,10.75,11.25,11.04,0.21,1.9022,624618.45,693358.17531
000586.SZ,汇源通信,20260915,14.11,14.23,13.49,13.51,14.11,-0.6,-4.2523,116071.01,158810.42555
000589.SZ,贵州轮胎,20260915,4.3,4.3,4.23,4.25,4.3,-0.05,-1.1628,203499.03,86613.52815
000590.SZ,古汉医药,20260915,9.14,9.14,8.75,8.79,9.14,-0.35,-3.8293,36900.0,32940.51
000591.SZ,太阳能,20260915,4.33,4.39,4.28,4.35,4.35,0.0,0.0,477638.0,207428.032
000592.SZ,平潭发展,20260915,7.87,8.39,7.77,7.92,8.1,-0.18,-2.2222,3302944.49,2656905.17235
000593.SZ,德龙汇能,20260915,21.47,21.75,21.06,21.1,21.55,-0.45,-2.0882,75586.16,161716.19524
000595.SZ,新能股份,20260915,5.57,5.64,5.38,5.38,5.55,-0.17,-3.0631,195488.0,106937.193
000596.SZ,古井贡酒,20260915,92.5,94.04,91.27,93.53,92.1,1.43,1.5527,26579.76,247296.84895
000597.SZ,东北制药,20260915,4.75,4.75,4.61,4.62,4.74,-0.12,-2.5316,83062.88,38658.12184
000598.SZ,兴蓉环境,20260915,7.12,7.16,7.04,7.06,7.15,-0.09,-1.2587,132990.0,94058.718
000599.SZ,青岛双星,20260915,4.67,4.71,4.55,4.57,4.7,-0.13,-2.766,102242.0,47164.531
000600.SZ,建投能源,20260915,7.43,7.52,7.3,7.38,7.47,-0.09,-1.2048,216765.67,160589.47716
000601.SZ,韶能股份,20260915,6.36,6.4,6.21,6.26,6.38,-0.12,-1.8809,387696.25,244170.61319
000603.SZ,盛达资源,20260915,33.5,33.66,32.9,33.0,33.5,-0.5,-1.4925,193801.71,644611.37382
000605.SZ,渤海股份,20260915,5.96,5.97,5.7,5.72,5.99,-0.27,-4.5075,48547.22,28175.88262
000607.SZ,华媒控股,20260915,3.86,4.0,3.73,3.75,3.85,-0.1,-2.5974,251901.4,97130.567
000608.SZ,阳光股份,20260915,7.11,7.37,7.01,7.19,7.13,0.06,0.8415,172668.42,124688.1583
000609.SZ,*ST中迪,20260915,9.4,9.5,9.13,9.26,9.43,-0.17,-1.8028,41653.0,38564.386
000610.SZ,*ST西旅,20260915,9.25,9.4,8.44,8.44,9.38,-0.94,-10.0213,171868.0,149058.11988
000612.SZ,焦作万方,20260915,10.73,11.21,10.27,10.88,10.52,0.36,3.4221,743057.62,797826.83828
000615.SZ,*ST美谷,20260915,3.28,3.28,3.23,3.23,3.28,-0.05,-1.5244,36300.0,11815.373
000617.SZ,中油资本,20260915,6.8,6.8,6.68,6.71,6.8,-0.09,-1.3235,584612.83,393756.90229
000619.SZ,海螺新材,20260915,5.01,5.01,4.81,4.84,4.99,-0.15,-3.006,73165.57,35753.84844
000620.SZ,盈新发展,20260915,3.07,3.23,3.04,3.12,3.1,0.02,0.6452,3750041.73,1175478.69109
000623.SZ,吉林敖东,20260915,17.57,17.61,17.36,17.4,17.58,-0.18,-1.0239,72828.55,127109.16683
000625.SZ,长安汽车,20260915,7.18,7.29,7.12,7.12,7.23,-0.11,-1.5214,515145.0,369365.71249
000626.SZ,远大控股,20260915,9.0,9.19,8.74,8.8,9.02,-0.22,-2.439,182466.0,162872.57
000628.SZ,高新发展,20260915,52.1,53.67,52.0,52.92,52.1,0.82,1.5739,79822.59,422841.65421
000629.SZ,钒钛股份,20260915,2.9,2.91,2.88,2.89,2.91,-0.02,-0.6873,545063.0,157740.912
000630.SZ,铜陵有色,20260915,6.05,6.09,6.01,6.02,6.09,-0.07,-1.1494,1295579.85,783517.16427
000631.SZ,顺发恒能,20260915,2.95,2.97,2.9,2.92,2.96,-0.04,-1.3514,96493.93,28243.56863
000632.SZ,ST三木,20260915,4.11,4.13,3.8,3.9,4.14,-0.24,-5.7971,188689.0,75103.183
000633.SZ,合金投资,20260915,5.24,5.26,5.03,5.05,5.22,-0.17,-3.2567,104036.0,53108.693
000635.SZ,英力特,20260915,7.46,7.5,7.21,7.23,7.38,-0.15,-2.0325,120447.94,88465.44298
000636.SZ,风华高科,20260915,58.92,60.0,57.31,57.51,58.9,-1.39,-2.3599,1555281.1,9071768.26797
000637.SZ,茂化实华,20260915,4.19,4.21,4.05,4.08,4.21,-0.13,-3.0879,84039.45,34567.6194
000639.SZ,ST西王,20260915,1.68,1.69,1.58,1.59,1.69,-0.1,-5.9172,435809.0,71104.075
000650.SZ,仁和药业,20260915,5.27,5.3,5.19,5.21,5.29,-0.08,-1.5123,116027.35,60573.38635
000651.SZ,格力电器,20260915,38.66,38.79,38.3,38.3,38.71,-0.41,-1.0592,238303.06,917875.46128
000652.SZ,泰达股份,20260915,3.42,3.43,3.34,3.34,3.44,-0.1,-2.907,161703.13,54590.74089
000655.SZ,金岭矿业,20260915,7.16,7.25,7.07,7.1,7.19,-0.09,-1.2517,55639.81,39732.15257
000656.SZ,金科股份,20260915,1.2,1.2,1.17,1.18,1.2,-0.02,-1.6667,1164485.2,137886.46886
000657.SZ,中钨高新,20260915,60.58,63.56,60.57,62.23,59.17,3.06,5.1715,987477.76,6129100.36269
000659.SZ,珠海中富,20260915,2.89,2.9,2.74,2.76,2.9,-0.14,-4.8276,248920.09,69921.92172
000661.SZ,长春高新,20260915,72.0,72.45,71.39,71.7,72.26,-0.56,-0.775,23575.78,168904.9291
000663.SZ,永安林业,20260915,5.94,6.05,5.77,5.8,6.0,-0.2,-3.3333,63229.16,37049.57648
000665.SZ,湖北广电,20260915,4.15,4.15,4.0,4.01,4.12,-0.11,-2.6699,125241.0,50859.068
000668.SZ,荣丰控股,20260915,20.8,21.35,20.3,21.05,20.76,0.29,1.3969,27292.15,56930.0344
000669.SZ,ST金鸿,20260915,4.4,4.47,4.32,4.32,4.43,-0.11,-2.4831,92181.0,40342.301
000670.SZ,盈方微,20260915,7.39,7.48,7.22,7.24,7.58,-0.34,-4.4855,505969.0,370491.205
000672.SZ,上峰材料,20260915,14.34,14.85,14.34,14.52,14.33,0.19,1.3259,135319.46,197598.65288
000676.SZ,智度股份,20260915,6.72,6.82,6.58,6.61,6.76,-0.15,-2.2189,292881.07,195758.33986
000677.SZ,ST海龙,20260915,1.8,1.82,1.73,1.73,1.82,-0.09,-4.9451,347865.26,61414.10476
000678.SZ,襄阳轴承,20260915,8.89,8.89,8.62,8.62,8.83,-0.21,-2.3783,59515.0,51860.908
000679.SZ,大连友谊,20260915,6.4,6.41,6.07,6.1,6.43,-0.33,-5.1322,178897.68,110776.79468
000680.SZ,山推股份,20260915,10.1,10.18,9.88,9.92,10.15,-0.23,-2.266,107189.0,106969.645
000681.SZ,视觉中国,20260915,16.15,16.33,15.94,15.95,16.08,-0.13,-0.8085,185190.76,298696.11433
000682.SZ,东方电子,20260915,10.82,10.95,10.68,10.71,10.78,-0.07,-0.6494,63009.5,67989.70788
000683.SZ,博源化工,20260915,5.86,5.9,5.81,5.84,5.88,-0.04,-0.6803,538695.48,315162.98685
000685.SZ,中山公用,20260915,11.04,11.11,10.97,10.97,11.07,-0.1,-0.9033,67184.34,74009.04704
000686.SZ,东北证券,20260915,7.74,7.78,7.67,7.67,7.75,-0.08,-1.0323,86924.4,67055.1127
000688.SZ,国城矿业,20260915,26.09,26.33,25.71,25.78,26.3,-0.52,-1.9772,93416.27,242501.20141
000690.SZ,宝新能源,20260915,5.25,5.28,5.16,5.26,5.27,-0.01,-0.1898,528539.11,276749.28999
000691.SZ,亚太实业,20260915,9.53,9.68,9.32,9.33,9.64,-0.31,-3.2158,66041.0,62638.568
000692.SZ,惠天热电,20260915,4.22,4.24,4.08,4.09,4.22,-0.13,-3.0806,130047.0,53946.957
000695.SZ,滨海能源,20260915,13.29,13.29,12.96,13.0,13.27,-0.27,-2.0347,32413.0,42405.924
000697.SZ,炼石航空,20260915,8.9,8.96,8.73,8.75,8.9,-0.15,-1.6854,56669.0,49958.909
000698.SZ,ST沈化,20260915,3.58,3.59,3.52,3.53,3.59,-0.06,-1.6713,32576.0,11582.839
000700.SZ,模塑科技,20260915,11.49,11.54,10.99,11.02,11.6,-0.58,-5.0,345288.52,384105.95689
000701.SZ,厦门信达,20260915,5.09,5.12,4.94,4.95,5.12,-0.17,-3.3203,108395.01,54378.09605
000702.SZ,正虹科技,20260915,5.91,5.91,5.55,5.57,5.83,-0.26,-4.4597,113901.0,64695.623
000703.SZ,恒逸石化,20260915,16.87,17.21,16.82,16.98,17.07,-0.09,-0.5272,523106.86,888353.07298
000705.SZ,浙江震元,20260915,7.14,7.16,6.85,6.88,7.14,-0.26,-3.6415,44895.0,31227.531
000707.SZ,双环科技,20260915,4.55,4.56,4.41,4.42,4.56,-0.14,-3.0702,71800.0,32039.401
000708.SZ,中信特钢,20260915,13.56,13.78,13.46,13.59,13.53,0.06,0.4435,110184.2,150298.1418
000709.SZ,河钢股份,20260915,2.07,2.08,2.06,2.07,2.08,-0.01,-0.4808,449996.91,93082.30612
000710.SZ,贝瑞基因,20260915,8.57,8.57,8.34,8.36,8.61,-0.25,-2.9036,69064.0,58361.008
000711.SZ,京蓝科技,20260915,4.96,5.05,4.9,4.97,5.01,-0.04,-0.7984,702092.2,349342.9478
000712.SZ,锦龙股份,20260915,9.99,10.03,9.77,9.8,10.02,-0.22,-2.1956,404075.12,398427.72871
000713.SZ,国投丰乐,20260915,6.98,6.98,6.4,6.4,7.11,-0.71,-9.9859,350930.46,228266.80852
000715.SZ,中兴商业,20260915,5.55,5.55,5.25,5.27,5.52,-0.25,-4.529,113821.12,60876.35262
000716.SZ,黑芝麻,20260915,5.3,5.3,5.05,5.05,5.3,-0.25,-4.717,315335.75,161601.492
000717.SZ,中南股份,20260915,2.24,2.24,2.17,2.19,2.25,-0.06,-2.6667,212281.98,46739.21758
000718.SZ,苏宁环球,20260915,1.94,1.95,1.9,1.92,1.94,-0.02,-1.0309,161680.0,31051.812
000719.SZ,中原传媒,20260915,12.16,12.32,12.07,12.24,12.23,0.01,0.0818,45600.69,55714.30012
000720.SZ,新能泰山,20260915,3.87,3.91,3.78,3.79,3.9,-0.11,-2.8205,329562.0,126135.084
000721.SZ,西安饮食,20260915,6.68,6.7,6.01,6.04,6.62,-0.58,-8.7613,349940.32,217556.84381
000722.SZ,湖南发展,20260915,15.04,15.25,14.35,14.44,15.05,-0.61,-4.0532,536799.76,785601.36517
000723.SZ,美锦能源,20260915,3.67,3.75,3.61,3.64,3.65,-0.01,-0.274,676306.58,248844.0795
000725.SZ,京东方Ａ,20260915,5.26,5.32,5.25,5.27,5.3,-0.03,-0.566,5355892.18,2833533.19543
000726.SZ,鲁泰Ａ,20260915,6.0,6.14,5.93,5.96,6.06,-0.1,-1.6502,158222.56,95311.88276
000727.SZ,冠捷科技,20260915,2.25,2.27,2.21,2.21,2.25,-0.04,-1.7778,513771.17,115037.02097
000728.SZ,国元证券,20260915,7.51,7.56,7.46,7.49,7.53,-0.04,-0.5312,142999.11,107218.31147
000729.SZ,燕京啤酒,20260915,11.13,11.15,10.99,11.04,11.13,-0.09,-0.8086,104135.06,115035.87042
000731.SZ,四川美丰,20260915,7.35,7.42,7.24,7.26,7.36,-0.1,-1.3587,102233.01,74499.75928
000733.SZ,振华科技,20260915,40.7,41.15,40.56,40.94,40.78,0.16,0.3923,104434.33,427490.09807
000735.SZ,罗牛山,20260915,6.07,6.56,5.85,5.87,6.04,-0.17,-2.8146,1235987.32,756072.92144
000736.SZ,中交发展,20260915,4.38,4.39,4.26,4.27,4.4,-0.13,-2.9545,131307.0,56520.192
000737.SZ,北方铜业,20260915,14.21,14.26,13.8,13.89,14.29,-0.4,-2.7992,862816.58,1208169.88053
000738.SZ,航发控制,20260915,19.79,19.89,19.35,19.42,19.8,-0.38,-1.9192,118786.21,232631.01402
000739.SZ,普洛药业,20260915,22.58,22.63,22.27,22.37,22.68,-0.31,-1.3668,78184.88,175210.77894
000750.SZ,国海证券,20260915,3.68,3.7,3.64,3.65,3.69,-0.04,-1.084,309200.7,113280.5805
000751.SZ,锌业股份,20260915,4.68,4.68,4.58,4.6,4.69,-0.09,-1.919,245732.9,113643.0179
000752.SZ,*ST西发,20260915,8.8,8.81,8.59,8.59,8.82,-0.23,-2.6077,21901.01,19106.09669
000753.SZ,漳州发展,20260915,5.03,5.13,4.93,5.0,5.08,-0.08,-1.5748,245946.59,123388.39326
000755.SZ,山西高速,20260915,4.8,4.82,4.71,4.73,4.82,-0.09,-1.8672,53522.0,25435.95697
000756.SZ,新华制药,20260915,13.01,13.05,12.73,12.75,13.0,-0.25,-1.9231,40643.93,52150.43175
000757.SZ,浩物股份,20260915,4.3,4.31,4.1,4.15,4.29,-0.14,-3.2634,96485.0,40291.074
000758.SZ,中色股份,20260915,5.96,6.04,5.94,5.96,5.99,-0.03,-0.5008,176380.56,105596.43876
000759.SZ,中百集团,20260915,7.12,7.21,6.75,6.75,7.5,-0.75,-10.0,863742.0,588044.20682
000761.SZ,本钢板材,20260915,2.3,2.32,2.25,2.27,2.32,-0.05,-2.1552,142959.08,32487.09808
000762.SZ,西藏矿业,20260915,21.64,21.77,21.33,21.39,21.77,-0.38,-1.7455,64700.25,139082.90358
000766.SZ,通化金马,20260915,15.71,16.04,15.51,15.66,15.63,0.03,0.1919,103434.87,162197.3051
000767.SZ,晋控电力,20260915,3.5,3.57,3.44,3.5,3.54,-0.04,-1.1299,1062065.72,372277.95575
000768.SZ,中航西飞,20260915,22.74,22.74,22.2,22.3,22.62,-0.32,-1.4147,186682.7,419928.02001
000776.SZ,广发证券,20260915,20.52,20.57,20.28,20.31,20.49,-0.18,-0.8785,316467.9,646402.34024
000777.SZ,中核科技,20260915,16.86,16.88,16.59,16.6,16.84,-0.24,-1.4252,29046.0,48536.60155
000778.SZ,新兴铸管,20260915,3.65,3.65,3.59,3.6,3.65,-0.05,-1.3699,382475.33,138187.81638
000779.SZ,甘咨询,20260915,8.7,8.72,8.43,8.45,8.81,-0.36,-4.0863,339371.69,289406.98626
000782.SZ,恒申新材,20260915,7.68,7.75,7.62,7.62,7.66,-0.04,-0.5222,71819.0,55112.057
000783.SZ,长江证券,20260915,8.35,8.4,8.27,8.31,8.38,-0.07,-0.8353,477514.76,397605.96895
000785.SZ,居然智家,20260915,2.31,2.34,2.22,2.23,2.3,-0.07,-3.0435,546764.22,123496.00272
000786.SZ,北新建材,20260915,15.92,15.98,15.69,15.76,15.96,-0.2,-1.2531,124784.0,197085.90635
000788.SZ,北大医药,20260915,5.45,5.5,5.27,5.28,5.48,-0.2,-3.6496,114533.0,61225.471
000789.SZ,万年青,20260915,4.19,4.2,4.04,4.06,4.21,-0.15,-3.5629,99739.49,41015.60045
000790.SZ,华神科技,20260915,4.04,4.04,3.82,3.84,4.04,-0.2,-4.9505,160127.04,62418.51486
000791.SZ,甘肃能源,20260915,7.36,7.5,7.28,7.4,7.39,0.01,0.1353,242960.98,179623.73527
000792.SZ,盐湖股份,20260915,24.98,25.1,24.61,24.71,25.14,-0.43,-1.7104,427732.61,1062061.56362
000793.SZ,ST华闻,20260915,2.09,2.1,2.04,2.06,2.1,-0.04,-1.9048,107597.0,22130.735
000795.SZ,英洛华,20260915,8.17,8.2,8.11,8.13,8.2,-0.07,-0.8537,59098.08,48181.22308
000796.SZ,凯撒旅业,20260915,4.08,4.1,3.79,3.81,4.08,-0.27,-6.6176,721247.73,280858.17103
000797.SZ,中国武夷,20260915,2.53,2.53,2.46,2.47,2.53,-0.06,-2.3715,276190.54,68795.60046
000798.SZ,中水渔业,20260915,10.35,10.47,9.9,9.95,10.27,-0.32,-3.1159,324410.38,328293.5507
000799.SZ,酒鬼酒,20260915,37.18,37.4,36.91,36.95,37.11,-0.16,-0.4312,34424.68,127810.46854
000800.SZ,一汽解放,20260915,6.09,6.14,5.96,5.99,6.22,-0.23,-3.6977,325199.0,195440.066
000801.SZ,四川九洲,20260915,12.09,12.14,11.87,11.89,12.09,-0.2,-1.6543,70908.66,85080.49104
000802.SZ,北京文化,20260915,4.13,4.15,3.9,3.91,4.1,-0.19,-4.6341,594443.14,236832.28414
000803.SZ,山高环能,20260915,7.4,7.41,7.22,7.25,7.41,-0.16,-2.1592,102410.4,74735.3442
000807.SZ,云铝股份,20260915,27.04,27.27,26.65,27.06,27.02,0.04,0.148,442911.33,1195314.1167
000809.SZ,和展能源,20260915,3.39,3.5,3.33,3.4,3.4,0.0,0.0,175384.0,59865.242
000810.SZ,创维数字,20260915,9.33,9.48,9.33,9.4,9.43,-0.03,-0.3181,121695.0,114651.93
000811.SZ,冰轮环境,20260915,36.23,37.45,36.1,36.33,36.41,-0.08,-0.2197,229714.84,842109.5863
000812.SZ,陕西金叶,20260915,4.11,4.11,3.82,3.87,4.14,-0.27,-6.5217,648879.41,253091.66866
000813.SZ,德展健康,20260915,3.28,3.32,3.17,3.17,3.31,-0.14,-4.2296,452773.47,145409.61889
000815.SZ,美利云,20260915,15.57,15.65,15.09,15.11,15.55,-0.44,-2.8296,295333.85,451536.81878
000816.SZ,智慧农业,20260915,2.87,2.87,2.76,2.77,2.89,-0.12,-4.1522,570565.56,160549.67944
000818.SZ,航锦科技,20260915,11.65,11.68,11.5,11.51,11.68,-0.17,-1.4555,101486.89,117349.7785
000819.SZ,岳阳兴长,20260915,12.07,12.12,11.89,11.9,12.08,-0.18,-1.4901,20913.27,25053.23084
000820.SZ,神雾节能,20260915,3.55,3.56,3.4,3.41,3.53,-0.12,-3.3994,83138.78,28715.87566
000821.SZ,ST京机,20260915,7.48,7.57,7.35,7.4,7.49,-0.09,-1.2016,65600.0,48988.136
000822.SZ,山东海化,20260915,4.41,4.42,4.28,4.29,4.43,-0.14,-3.1603,105455.0,45707.324
000823.SZ,超声电子,20260915,23.0,24.89,22.8,23.9,22.63,1.27,5.612,2404773.57,5794333.95311
000825.SZ,太钢不锈,20260915,3.46,3.48,3.43,3.45,3.47,-0.02,-0.5764,226292.49,78123.37356
000826.SZ,*ST启环,20260915,1.88,1.88,1.84,1.85,1.9,-0.05,-2.6316,109169.0,20320.3242
000828.SZ,东莞控股,20260915,10.03,10.15,9.94,10.06,10.08,-0.02,-0.1984,56464.26,56771.77219
000829.SZ,天音控股,20260915,8.97,9.13,8.79,8.8,8.99,-0.19,-2.1135,100435.0,89183.779
000830.SZ,鲁西化工,20260915,11.97,12.03,11.86,11.92,12.03,-0.11,-0.9144,166322.0,198388.167
000831.SZ,中国稀土,20260915,52.25,53.92,51.9,53.16,52.21,0.95,1.8196,271249.52,1437637.85067
000833.SZ,粤桂股份,20260915,20.0,20.15,19.76,19.87,20.11,-0.24,-1.1934,200319.49,400033.88864
000837.SZ,秦川机床,20260915,9.5,9.57,9.4,9.41,9.53,-0.12,-1.2592,54220.0,51239.298
000838.SZ,*ST发展,20260915,2.44,2.44,2.24,2.26,2.45,-0.19,-7.7551,465452.05,107654.79055
000839.SZ,国安股份,20260915,3.13,3.23,2.89,2.91,3.11,-0.2,-6.4309,3055459.37,929738.01187
000848.SZ,承德露露,20260915,8.23,8.25,8.14,8.17,8.22,-0.05,-0.6083,59174.56,48440.38464
000850.SZ,华茂股份,20260915,4.12,4.12,3.98,3.99,4.12,-0.13,-3.1553,68217.0,27499.13
000852.SZ,石化机械,20260915,5.76,5.78,5.5,5.52,5.81,-0.29,-4.9914,269622.7,151396.8503
000856.SZ,冀东装备,20260915,8.95,8.95,8.44,8.48,8.86,-0.38,-4.2889,66373.0,57102.438
000858.SZ,五粮液,20260915,69.95,69.98,69.6,69.7,69.85,-0.15,-0.2147,96701.31,674597.1412
000859.SZ,国风新材,20260915,8.97,9.98,8.89,9.65,9.07,0.58,6.3947,1199168.44,1151343.34568
000860.SZ,顺鑫农业,20260915,10.52,10.57,10.28,10.3,10.5,-0.2,-1.9048,66278.21,68793.86386
000862.SZ,银星能源,20260915,5.58,5.72,5.5,5.62,5.62,0.0,0.0,289571.69,162549.51593
000863.SZ,三湘印象,20260915,4.61,4.67,4.44,4.5,4.62,-0.12,-2.5974,239834.9,108483.0532
000868.SZ,安凯客车,20260915,4.3,4.3,3.9,4.0,3.91,0.09,2.3018,1021776.82,421644.59364
000869.SZ,张裕Ａ,20260915,15.93,15.96,15.64,15.68,15.95,-0.27,-1.6928,18104.01,28573.65591
000875.SZ,电投绿能,20260915,4.96,5.0,4.89,4.9,4.98,-0.08,-1.6064,353481.8,174326.1417
000876.SZ,新希望,20260915,7.37,7.44,7.28,7.3,7.38,-0.08,-1.084,361929.29,266364.25508
000877.SZ,天山股份,20260915,3.72,3.74,3.69,3.71,3.73,-0.02,-0.5362,102665.0,38063.878
000878.SZ,云南铜业,20260915,16.71,16.76,16.34,16.38,16.83,-0.45,-2.6738,383474.27,633403.4764
000880.SZ,潍柴重机,20260915,24.45,24.98,24.21,24.22,24.45,-0.23,-0.9407,82071.89,201177.10851
000881.SZ,中广核技,20260915,6.65,6.65,6.42,6.44,6.63,-0.19,-2.8658,71297.0,46407.27
000882.SZ,华联股份,20260915,1.52,1.53,1.47,1.47,1.52,-0.05,-3.2895,538785.0,80321.03
000883.SZ,湖北能源,20260915,4.5,4.57,4.46,4.53,4.51,0.02,0.4435,350293.7,158453.19502
000885.SZ,城发环境,20260915,11.91,11.92,11.64,11.68,11.92,-0.24,-2.0134,43332.6,50921.6462
000886.SZ,海南高速,20260915,4.72,4.77,4.59,4.6,4.73,-0.13,-2.7484,124552.5,58047.595
000887.SZ,中鼎股份,20260915,18.98,19.12,18.8,18.83,19.04,-0.21,-1.1029,162507.74,307912.4232
000888.SZ,峨眉山Ａ,20260915,9.75,9.75,9.2,9.2,9.76,-0.56,-5.7377,159656.49,149995.30814
000889.SZ,中嘉博创,20260915,3.94,3.98,3.83,3.85,3.99,-0.14,-3.5088,513675.57,199792.63525
000890.SZ,法尔胜,20260915,7.7,7.76,7.4,7.44,7.84,-0.4,-5.102,436676.0,329060.437
000892.SZ,欢瑞世纪,20260915,4.55,4.61,4.27,4.28,4.53,-0.25,-5.5188,900869.0,395631.92609
000893.SZ,亚钾国际,20260915,41.1,41.3,40.08,40.2,41.1,-0.9,-2.1898,100743.34,407935.59891
000895.SZ,双汇发展,20260915,23.45,23.64,23.36,23.4,23.46,-0.06,-0.2558,65143.78,153145.82405
000897.SZ,津滨发展,20260915,1.86,1.86,1.81,1.82,1.86,-0.04,-2.1505,228828.22,41895.95325
000898.SZ,鞍钢股份,20260915,2.04,2.05,2.02,2.03,2.04,-0.01,-0.4902,283409.81,57544.64385
000899.SZ,赣能股份,20260915,9.64,9.85,9.48,9.52,9.75,-0.23,-2.359,164973.28,158642.172
000900.SZ,现代投资,20260915,3.62,3.63,3.57,3.58,3.62,-0.04,-1.105,115228.0,41382.624
000901.SZ,航天科技,20260915,14.25,14.29,14.03,14.04,14.23,-0.19,-1.3352,72957.62,103136.52406
000902.SZ,新洋丰,20260915,13.85,13.89,13.5,13.59,13.89,-0.3,-2.1598,97310.06,132871.7991
000903.SZ,ST云动,20260915,2.11,2.14,2.05,2.05,2.13,-0.08,-3.7559,284794.0,59050.9636
000905.SZ,厦门港务,20260915,9.0,9.22,8.87,9.06,9.01,0.05,0.5549,161271.1,145736.12433
000906.SZ,浙商中拓,20260915,6.18,6.2,5.96,5.99,6.17,-0.18,-2.9173,134345.24,81123.57961
000908.SZ,石药景峰,20260915,6.19,6.2,6.07,6.08,6.19,-0.11,-1.7771,77144.2,47166.4854
000909.SZ,*ST数源,20260915,5.64,5.8,5.4,5.65,5.58,0.07,1.2545,148786.17,83730.94401
000910.SZ,大亚圣象,20260915,5.32,5.32,5.08,5.1,5.28,-0.18,-3.4091,51844.24,26674.12892
000911.SZ,*ST广糖,20260915,5.55,5.59,5.05,5.06,5.42,-0.36,-6.6421,177620.0,93445.289
000912.SZ,泸天化,20260915,4.2,4.21,3.99,4.0,4.19,-0.19,-4.5346,728328.75,296756.21905
000913.SZ,钱江摩托,20260915,10.93,10.98,10.78,10.82,10.94,-0.12,-1.0969,18300.0,19833.667
000915.SZ,华特达因,20260915,24.62,24.9,24.28,24.31,24.73,-0.42,-1.6983,16150.0,39669.0269
000917.SZ,电广传媒,20260915,6.88,6.92,6.68,6.7,6.88,-0.18,-2.6163,183600.0,124061.092
000919.SZ,金陵药业,20260915,6.57,6.59,6.38,6.39,6.6,-0.21,-3.1818,101831.85,65738.12445
000920.SZ,沃顿科技,20260915,11.38,11.42,11.18,11.21,11.38,-0.17,-1.4938,41359.0,46713.33
000921.SZ,海信家电,20260915,28.59,28.59,27.88,28.04,28.63,-0.59,-2.0608,93203.6,262175.89281
000922.SZ,佳电股份,20260915,11.83,12.0,11.73,11.78,11.82,-0.04,-0.3384,62089.2,73590.3562
000923.SZ,河钢资源,20260915,16.28,16.62,15.72,15.79,16.35,-0.56,-3.4251,176619.62,283278.91958
000925.SZ,众合科技,20260915,7.9,7.93,7.67,7.67,7.9,-0.23,-2.9114,218806.64,169855.58028
000926.SZ,福星股份,20260915,2.11,2.13,2.02,2.03,2.12,-0.09,-4.2453,260566.62,53768.49658
000927.SZ,中国铁物,20260915,2.5,2.52,2.47,2.48,2.51,-0.03,-1.1952,337950.47,84091.09656
000928.SZ,中钢国际,20260915,5.55,5.6,5.43,5.46,5.56,-0.1,-1.7986,175506.43,96335.6577
000929.SZ,兰州黄河,20260915,9.44,9.44,8.88,8.95,9.43,-0.48,-5.0901,38197.01,34765.22297
000930.SZ,中粮科技,20260915,5.23,5.27,4.96,4.97,5.29,-0.32,-6.0491,1259306.77,637461.04473
000931.SZ,中关村,20260915,4.41,4.42,4.3,4.33,4.43,-0.1,-2.2573,133516.49,58070.41606
000932.SZ,华菱钢铁,20260915,3.53,3.6,3.52,3.57,3.54,0.03,0.8475,873504.38,312123.73986
000933.SZ,神火股份,20260915,26.85,26.98,26.55,26.81,26.85,-0.04,-0.149,214145.53,573579.08936
000935.SZ,四川双马,20260915,20.44,20.65,20.22,20.3,20.44,-0.14,-0.6849,29337.0,59806.408
000936.SZ,华西股份,20260915,5.46,5.5,5.34,5.35,5.49,-0.14,-2.5501,106546.0,57624.816
000937.SZ,冀中能源,20260915,4.46,4.52,4.44,4.51,4.46,0.05,1.1211,399746.62,179159.499
000938.SZ,紫光股份,20260915,32.73,33.48,32.4,32.87,32.73,0.14,0.4277,914260.11,3019964.32508
000948.SZ,南天信息,20260915,13.86,13.99,13.51,13.53,13.79,-0.26,-1.8854,67429.14,92441.93188
000949.SZ,新乡化纤,20260915,6.6,6.62,6.46,6.48,6.55,-0.07,-1.0687,365802.68,238936.582
000950.SZ,重药控股,20260915,5.24,5.26,5.16,5.17,5.25,-0.08,-1.5238,131175.89,68159.94269
000951.SZ,中国重汽,20260915,21.49,21.75,21.18,21.25,21.49,-0.24,-1.1168,69260.31,148189.40223
000952.SZ,广济药业,20260915,6.49,6.52,6.19,6.22,6.48,-0.26,-4.0123,58602.2,36966.0206
000953.SZ,中哲精化,20260915,5.96,6.02,5.8,5.81,5.95,-0.14,-2.3529,73569.0,43302.856
000955.SZ,欣龙控股,20260915,4.16,4.16,3.95,3.96,4.14,-0.18,-4.3478,95342.86,38480.79588
000957.SZ,中通客车,20260915,10.66,10.75,10.06,10.12,10.53,-0.41,-3.8936,280163.03,288496.583
000958.SZ,电投产融,20260915,5.22,5.25,5.05,5.11,5.23,-0.12,-2.2945,215085.76,110932.05262
000959.SZ,首钢股份,20260915,3.54,3.57,3.51,3.52,3.56,-0.04,-1.1236,181823.05,64169.9004
000960.SZ,锡业股份,20260915,32.9,33.28,32.64,32.82,33.0,-0.18,-0.5455,196425.4,648171.76192
000962.SZ,东方钽业,20260915,55.26,57.6,54.94,57.2,54.55,2.65,4.8579,393975.97,2234681.76143
000963.SZ,华东医药,20260915,26.45,26.48,26.16,26.19,26.46,-0.27,-1.0204,67195.65,176605.23982
000965.SZ,天保基建,20260915,3.22,3.23,3.12,3.13,3.23,-0.1,-3.096,176001.0,55554.297
000966.SZ,长源电力,20260915,4.16,4.21,4.1,4.13,4.17,-0.04,-0.9592,412016.04,171003.21165
000967.SZ,盈峰环境,20260915,7.99,8.09,7.88,7.99,8.04,-0.05,-0.6219,360989.57,288178.06791
000968.SZ,蓝焰控股,20260915,7.2,7.25,7.02,7.05,7.21,-0.16,-2.2191,207411.19,147681.81263
000969.SZ,安泰科技,20260915,16.93,17.13,16.85,16.88,16.99,-0.11,-0.6474,121187.31,205642.83533
000970.SZ,中科三环,20260915,11.27,11.34,11.2,11.22,11.3,-0.08,-0.708,110024.55,123939.11275
000972.SZ,中基健康,20260915,3.96,3.98,3.78,3.81,3.95,-0.14,-3.5443,356290.0,137315.468
000973.SZ,佛塑科技,20260915,11.85,11.87,11.68,11.7,11.87,-0.17,-1.4322,180227.87,212129.4709
000975.SZ,山金国际,20260915,25.6,26.01,25.37,25.45,25.69,-0.24,-0.9342,223760.31,573611.525
000977.SZ,浪潮信息,20260915,68.42,69.5,68.21,68.76,68.82,-0.06,-0.0872,407171.78,2805850.26949
000978.SZ,桂林旅游,20260915,11.56,11.6,9.77,9.77,10.86,-1.09,-10.0368,700732.36,716839.87328
000980.SZ,众泰汽车,20260915,2.41,2.56,2.18,2.26,2.33,-0.07,-3.0043,8796606.14,2097820.68527
000981.SZ,山子高科,20260915,3.1,3.14,3.0,3.02,2.85,0.17,5.9649,14978216.83,4627797.35143
000983.SZ,山西焦煤,20260915,6.67,6.73,6.62,6.69,6.63,0.06,0.905,571597.64,381634.22036
000985.SZ,大庆华科,20260915,17.17,17.25,16.42,16.45,17.17,-0.72,-4.1934,22176.0,37016.379
000987.SZ,越秀资本,20260915,7.32,7.36,7.27,7.3,7.33,-0.03,-0.4093,146361.35,106934.2452
000988.SZ,华工科技,20260915,99.84,102.78,98.33,100.2,100.0,0.2,0.2,362231.3,3636748.09072
000989.SZ,九芝堂,20260915,8.67,8.77,8.58,8.59,8.74,-0.15,-1.7162,91402.15,79056.56985
000990.SZ,诚志股份,20260915,6.5,6.51,6.31,6.35,6.52,-0.17,-2.6074,279710.8,178760.9062
000993.SZ,闽东电力,20260915,16.03,16.8,15.53,16.8,15.27,1.53,10.0196,1339138.29,2210807.01578
000995.SZ,皇台酒业,20260915,10.92,10.96,10.61,10.64,10.91,-0.27,-2.4748,38411.0,41280.362
000997.SZ,新大陆,20260915,19.8,19.93,19.39,19.44,19.88,-0.44,-2.2133,110286.22,215767.92074
000998.SZ,隆平高科,20260915,9.02,9.05,8.74,8.77,9.01,-0.24,-2.6637,388927.43,343353.78798
000999.SZ,华润三九,20260915,24.29,24.33,24.0,24.12,24.3,-0.18,-0.7407,44153.12,106572.85149
001201.SZ,东瑞股份,20260915,13.82,14.79,13.76,14.08,13.71,0.37,2.6988,97763.72,139382.40076
001202.SZ,炬申股份,20260915,14.03,14.06,13.42,13.45,13.98,-0.53,-3.7911,14114.08,19196.4656
001203.SZ,大中矿业,20260915,23.77,23.91,23.12,23.2,23.89,-0.69,-2.8882,142773.52,334504.07836
001205.SZ,盛航股份,20260915,14.67,14.67,14.22,14.34,14.48,-0.14,-0.9669,30227.0,43376.757
001206.SZ,依依股份,20260915,16.14,16.24,15.88,15.9,16.12,-0.22,-1.3648,18917.64,30310.35164
001207.SZ,联科科技,20260915,17.4,17.49,16.92,17.08,17.34,-0.26,-1.4994,23878.7,40919.8615
001208.SZ,华菱线缆,20260915,13.91,14.12,13.81,13.88,13.98,-0.1,-0.7153,75758.0,105487.543
001209.SZ,洪兴股份,20260915,18.06,18.12,17.41,17.48,18.05,-0.57,-3.1579,19596.0,34476.2772
001210.SZ,金房能源,20260915,28.54,29.38,28.5,28.65,29.04,-0.39,-1.343,53306.07,154112.81336
001211.SZ,双枪科技,20260915,23.04,23.13,22.25,22.33,23.15,-0.82,-3.5421,23708.52,53581.48541
001212.SZ,中旗新材,20260915,35.37,35.98,34.28,35.47,35.02,0.45,1.285,84441.16,297681.26886
001213.SZ,中铁特货,20260915,3.54,3.54,3.47,3.49,3.53,-0.04,-1.1331,56990.12,19947.25376
001215.SZ,千味央厨,20260915,29.5,29.77,29.06,29.08,29.6,-0.52,-1.7568,14193.0,41753.87
001216.SZ,华瓷股份,20260915,15.23,16.43,15.23,16.43,14.94,1.49,9.9732,45849.0,74941.48
001217.SZ,华尔泰,20260915,10.22,10.23,10.0,10.01,10.23,-0.22,-2.1505,22933.0,23120.654
001218.SZ,丽臣实业,20260915,23.2,23.39,22.71,23.07,23.05,0.02,0.0868,14602.77,33671.07586
001219.SZ,青岛食品,20260915,12.66,12.66,12.28,12.32,12.64,-0.32,-2.5316,23206.0,28750.7442
001220.SZ,世盟股份,20260915,31.69,32.61,31.3,32.12,31.68,0.44,1.3889,17150.33,55160.66328
001221.SZ,悍高集团,20260915,35.66,35.79,35.02,35.19,35.72,-0.53,-1.4838,14296.75,50423.00103
001222.SZ,源飞宠物,20260915,15.31,15.37,14.71,14.75,15.13,-0.38,-2.5116,48895.0,73163.945
001223.SZ,欧克科技,20260915,41.21,46.11,41.21,46.11,41.92,4.19,9.9952,39267.32,175279.66329
001225.SZ,和泰机电,20260915,44.44,46.78,43.26,43.38,43.6,-0.22,-0.5046,13457.2,60625.0416
001226.SZ,拓山重工,20260915,46.72,46.72,43.96,44.08,45.9,-1.82,-3.9651,8462.2,37809.144
001227.SZ,兰州银行,20260915,2.17,2.17,2.13,2.14,2.17,-0.03,-1.3825,842370.93,180843.21215
001228.SZ,永泰运,20260915,32.16,32.32,31.34,32.24,31.78,0.46,1.4475,31206.0,99357.719
001229.SZ,魅视科技,20260915,36.86,37.25,36.0,36.18,37.0,-0.82,-2.2162,27625.4,100834.536
001230.SZ,劲旅环境,20260915,17.9,18.17,17.5,17.53,17.93,-0.4,-2.2309,33938.32,60257.75512
001231.SZ,农心科技,20260915,20.9,20.9,20.22,20.26,20.83,-0.57,-2.7364,19780.0,40479.31224
001232.SZ,嘉立创,20260915,200.77,202.95,194.8,195.79,197.68,-1.89,-0.9561,61353.78,1211687.38993
001233.SZ,海安集团,20260915,41.31,42.07,41.16,41.59,41.43,0.16,0.3862,6957.24,28998.41699
001234.SZ,泰慕士,20260915,22.69,22.93,21.88,22.03,22.8,-0.77,-3.3772,12715.0,28285.486
001236.SZ,弘业期货,20260915,7.83,7.87,7.65,7.66,7.83,-0.17,-2.1711,67679.0,52325.92
001237.SZ,惠康科技,20260915,48.69,49.5,48.59,48.84,48.83,0.01,0.0205,7748.11,38055.10933
001238.SZ,浙江正特,20260915,23.7,23.91,23.34,23.34,23.7,-0.36,-1.519,5779.8,13678.48
001239.SZ,永达股份,20260915,11.91,11.91,11.63,11.67,11.92,-0.25,-2.0973,18215.63,21361.90173
001248.SZ,华润新能源,20260915,11.85,12.04,11.73,11.83,11.87,-0.04,-0.337,417103.23,494367.47235
001255.SZ,博菲电气,20260915,26.67,26.67,25.58,25.6,26.41,-0.81,-3.067,13525.0,35004.275
001256.SZ,炜冈科技,20260915,21.32,21.47,21.01,21.23,21.32,-0.09,-0.4221,14434.0,30592.837
001257.SZ,盛龙股份,20260915,22.72,23.28,22.71,23.01,22.89,0.12,0.5242,53628.56,123946.60814
001258.SZ,立新能源,20260915,11.14,11.35,10.91,10.95,11.25,-0.3,-2.6667,641449.4,708474.10723
001259.SZ,利仁科技,20260915,44.79,44.96,43.8,43.83,44.69,-0.86,-1.9244,5310.0,23468.548
001260.SZ,坤泰股份,20260915,18.24,18.24,17.51,17.54,18.15,-0.61,-3.3609,15555.04,27687.8752
001266.SZ,宏英智能,20260915,32.03,32.42,31.76,31.77,32.3,-0.53,-1.6409,10117.0,32434.886
001267.SZ,汇绿生态,20260915,35.14,35.8,34.72,35.01,35.09,-0.08,-0.228,187699.24,660832.50981
001268.SZ,联合精密,20260915,24.04,24.66,23.59,24.07,24.05,0.02,0.0832,22071.4,53388.186
001269.SZ,欧晶科技,20260915,18.81,19.15,18.5,18.57,18.81,-0.24,-1.2759,20391.6,38142.1324
001270.SZ,铖昌科技,20260915,98.02,99.6,97.13,98.36,97.91,0.45,0.4596,43409.86,428283.16156
001277.SZ,速达股份,20260915,29.81,29.87,28.92,29.01,29.79,-0.78,-2.6183,12530.07,36571.79024
001278.SZ,一彬科技,20260915,15.74,15.88,15.16,15.17,15.73,-0.56,-3.5601,35153.68,54329.40404
001279.SZ,强邦新材,20260915,25.37,26.1,25.21,25.67,25.35,0.32,1.2623,8269.0,21325.412
001280.SZ,中国铀业,20260915,63.2,63.9,61.94,62.19,63.75,-1.56,-2.4471,41479.9,260312.43981
001282.SZ,三联锻造,20260915,15.37,15.56,15.12,15.25,15.35,-0.1,-0.6515,14581.0,22367.674
001283.SZ,豪鹏科技,20260915,47.71,48.45,47.01,47.12,48.08,-0.96,-1.9967,20948.5,99893.2579
001285.SZ,瑞立科密,20260915,42.28,42.28,41.81,42.0,42.2,-0.2,-0.4739,4815.03,20220.97107
001286.SZ,陕西能源,20260915,9.85,10.0,9.74,9.9,9.83,0.07,0.7121,195960.89,193606.21054
001287.SZ,中电港,20260915,22.73,23.18,22.5,22.97,22.78,0.19,0.8341,226855.8,518370.42168
001288.SZ,运机集团,20260915,28.99,29.25,28.2,28.25,29.09,-0.84,-2.8876,24714.62,70532.6204
001289.SZ,龙源电力,20260915,15.17,15.29,15.04,15.24,15.17,0.07,0.4614,35498.12,53915.41114
001296.SZ,长江材料,20260915,19.22,19.25,18.71,18.72,19.23,-0.51,-2.6521,21404.0,40538.471
001298.SZ,好上好,20260915,16.9,16.93,16.63,16.68,16.91,-0.23,-1.3601,53054.7,88849.7058
001299.SZ,美能能源,20260915,11.03,11.19,10.26,10.26,11.39,-1.13,-9.921,258377.52,276988.29617
001300.SZ,三柏硕,20260915,11.56,11.69,11.05,11.11,11.59,-0.48,-4.1415,52025.0,58458.841
001301.SZ,尚太科技,20260915,52.74,52.88,51.35,51.45,52.9,-1.45,-2.741,36585.56,190293.90801
001306.SZ,夏厦精密,20260915,53.24,53.24,51.83,52.03,52.63,-0.6,-1.14,2550.0,13317.77
001308.SZ,康冠科技,20260915,17.59,17.77,17.54,17.55,17.63,-0.08,-0.4538,9253.44,16310.06352
001309.SZ,德明利,20260915,385.04,393.88,381.0,385.98,387.9,-1.92,-0.495,86723.83,3362031.73018
001311.SZ,多利科技,20260915,16.52,16.76,16.41,16.51,16.65,-0.14,-0.8408,26788.26,44418.11552
001312.SZ,福恩股份,20260915,17.61,17.77,17.36,17.38,17.62,-0.24,-1.3621,14205.24,24940.3228
001313.SZ,粤海饲料,20260915,7.25,7.29,6.97,6.98,7.25,-0.27,-3.7241,203572.44,143504.83576
001314.SZ,亿道信息,20260915,48.48,50.24,48.12,49.31,48.75,0.56,1.1487,27388.0,135084.335
001316.SZ,润贝航科,20260915,28.55,28.76,28.02,28.05,28.75,-0.7,-2.4348,30123.48,85284.46892
001317.SZ,三羊马,20260915,48.11,49.8,47.12,47.14,48.02,-0.88,-1.8326,39541.26,190943.01812
001318.SZ,阳光乳业,20260915,11.46,11.49,11.19,11.23,11.48,-0.25,-2.1777,25181.0,28440.809
001319.SZ,铭科精技,20260915,21.75,23.0,21.51,22.15,21.84,0.31,1.4194,61020.86,135897.4134
001322.SZ,箭牌家居,20260915,6.36,6.44,6.13,6.15,6.35,-0.2,-3.1496,34359.0,21437.125
001323.SZ,慕思股份,20260915,17.89,17.95,17.27,17.29,17.85,-0.56,-3.1373,11906.9,20875.9154
001324.SZ,长青科技,20260915,19.87,20.25,19.52,19.55,19.91,-0.36,-1.8081,34039.0,67349.25
001325.SZ,元创股份,20260915,37.33,37.35,36.73,36.82,37.28,-0.46,-1.2339,7333.15,27092.06485
001326.SZ,联域股份,20260915,78.47,79.43,76.26,77.64,78.95,-1.31,-1.6593,13824.0,107693.101
001328.SZ,登康口腔,20260915,30.15,30.15,28.75,29.14,29.85,-0.71,-2.3786,11532.42,33664.77294
001330.SZ,博纳影业,20260915,5.68,5.72,5.32,5.35,5.66,-0.31,-5.477,1000670.49,544533.13428
001331.SZ,胜通能源,20260915,42.77,43.49,42.07,42.48,43.27,-0.79,-1.8257,42732.92,182960.09631
001332.SZ,锡装股份,20260915,25.89,26.39,25.7,26.04,25.83,0.21,0.813,12098.9,31497.1956
001333.SZ,光华股份,20260915,19.02,19.05,18.36,18.37,19.01,-0.64,-3.3666,16565.0,30775.063
001335.SZ,信凯科技,20260915,31.35,31.35,30.72,30.73,31.35,-0.62,-1.9777,4878.99,15080.37817
001336.SZ,楚环科技,20260915,17.89,17.97,17.4,17.4,17.97,-0.57,-3.172,23825.17,41981.65251
001337.SZ,四川黄金,20260915,49.91,50.34,49.0,49.31,49.92,-0.61,-1.222,59272.43,294337.91596
001338.SZ,永顺泰,20260915,9.12,9.17,8.88,8.91,9.12,-0.21,-2.3026,88528.0,79641.383
001339.SZ,智微智能,20260915,73.25,74.2,72.42,72.62,73.25,-0.63,-0.8601,30010.0,219113.95165
001356.SZ,富岭股份,20260915,8.88,8.94,8.72,8.73,8.95,-0.22,-2.4581,27173.0,23871.443
001358.SZ,兴欣新材,20260915,23.05,23.38,22.81,23.09,23.12,-0.03,-0.1298,10411.16,24090.22524
001359.SZ,平安电工,20260915,83.18,90.08,82.5,86.6,82.97,3.63,4.3751,36484.24,317977.96096
001360.SZ,南矿集团,20260915,18.09,18.42,17.85,18.1,18.16,-0.06,-0.3304,39095.0,70585.823
001365.SZ,天海电子,20260915,33.06,34.15,33.03,33.52,33.36,0.16,0.4796,27919.45,94169.8684
001366.SZ,播恩集团,20260915,13.25,13.39,12.73,12.78,13.08,-0.3,-2.2936,86025.0,111784.427
001367.SZ,海森药业,20260915,19.84,20.1,19.6,19.6,20.0,-0.4,-2.0,11640.66,23067.11252
001368.SZ,通达创智,20260915,29.03,29.53,28.5,29.01,29.02,-0.01,-0.0345,31560.0,91332.49
001369.SZ,双欣材料,20260915,12.11,12.5,12.06,12.31,12.14,0.17,1.4003,67726.55,83291.96394
001373.SZ,翔腾新材,20260915,28.06,28.3,27.04,27.12,28.2,-1.08,-3.8298,14873.1,40837.0312
001376.SZ,百通能源,20260915,11.53,11.95,11.4,11.73,11.54,0.19,1.6464,170266.24,198952.46976
001378.SZ,德冠新材,20260915,20.26,20.89,19.97,20.5,20.06,0.44,2.1934,47284.51,96835.97701
001379.SZ,腾达科技,20260915,15.73,15.78,15.3,15.31,15.73,-0.42,-2.6701,14290.0,22079.873
001380.SZ,华纬科技,20260915,18.29,18.29,18.0,18.0,18.21,-0.21,-1.1532,14066.47,25429.98976
001382.SZ,新亚电缆,20260915,16.21,16.45,16.11,16.26,16.35,-0.09,-0.5505,17656.15,28739.08789
001386.SZ,马可波罗,20260915,15.8,15.92,15.52,15.53,15.85,-0.32,-2.0189,28408.12,44441.55091
001387.SZ,雪祺电气,20260915,11.69,11.75,11.29,11.34,11.75,-0.41,-3.4894,28169.5,32239.29905
001388.SZ,信通电子,20260915,21.17,21.69,19.74,19.91,21.58,-1.67,-7.7386,83844.44,171539.06346
001389.SZ,广合科技,20260915,169.99,176.3,167.99,170.91,171.44,-0.53,-0.3091,64025.6,1108918.52995
001390.SZ,古麒绒材,20260915,16.65,16.65,16.35,16.38,16.61,-0.23,-1.3847,13008.67,21439.91347
001391.SZ,国货航,20260915,3.99,3.99,3.94,3.97,3.99,-0.02,-0.5013,137761.0,54619.891
001393.SZ,维通利,20260915,40.35,41.49,40.2,40.82,40.45,0.37,0.9147,20192.96,82835.44712
001395.SZ,亚联机械,20260915,28.96,28.96,28.26,28.28,28.87,-0.59,-2.0436,8440.7,24071.8205
001396.SZ,誉帆科技,20260915,31.07,31.37,30.75,30.86,31.05,-0.19,-0.6119,4271.23,13260.17966
001399.SZ,惠科股份,20260915,20.03,22.17,20.03,21.09,20.26,0.83,4.0967,501502.39,1066679.44631
001400.SZ,江顺科技,20260915,72.68,74.6,72.08,73.24,73.24,0.0,0.0,10575.68,77520.67662
001696.SZ,宗申动力,20260915,15.46,15.63,15.14,15.16,15.53,-0.37,-2.3825,345204.49,529257.92672
001872.SZ,招商港口,20260915,22.9,23.37,22.73,23.21,22.88,0.33,1.4423,25121.27,58196.84178
001896.SZ,豫能控股,20260915,13.45,13.64,12.37,12.5,12.99,-0.49,-3.7721,1863872.09,2398583.51488
001965.SZ,招商公路,20260915,9.82,10.09,9.79,10.0,9.86,0.14,1.4199,197991.34,197496.07629
001979.SZ,招商蛇口,20260915,6.75,6.8,6.68,6.71,6.75,-0.04,-0.5926,314311.65,211419.18272
002001.SZ,新和成,20260915,26.75,26.98,26.66,26.75,26.92,-0.17,-0.6315,111587.29,299252.46315
002003.SZ,伟星股份,20260915,11.25,11.38,11.2,11.33,11.3,0.03,0.2655,102163.23,115477.20952
002004.SZ,华邦健康,20260915,4.46,4.49,4.36,4.37,4.45,-0.08,-1.7978,270883.39,119157.70057
002005.SZ,德豪润达,20260915,2.41,2.48,2.38,2.42,2.42,0.0,0.0,223947.36,54448.8842
002006.SZ,精工科技,20260915,13.21,13.3,13.08,13.1,13.26,-0.16,-1.2066,43013.61,56655.76108
002007.SZ,华兰生物,20260915,13.02,13.1,12.85,12.86,13.07,-0.21,-1.6067,74498.88,96100.39932
002008.SZ,大族激光,20260915,91.61,96.5,91.61,93.6,92.28,1.32,1.4304,391670.73,3697785.69505
002009.SZ,天奇股份,20260915,15.32,15.43,15.16,15.17,15.44,-0.27,-1.7487,52582.32,80380.53788
002010.SZ,传化智联,20260915,4.6,4.61,4.53,4.56,4.6,-0.04,-0.8696,110265.21,50343.41539
002011.SZ,盾安环境,20260915,13.09,13.39,12.85,12.92,13.18,-0.26,-1.9727,587377.32,767606.06904
002012.SZ,凯恩股份,20260915,7.24,7.32,7.11,7.12,7.26,-0.14,-1.9284,83192.0,59756.882
002014.SZ,永新股份,20260915,11.43,11.5,11.35,11.4,11.45,-0.05,-0.4367,26355.67,30080.62386
002015.SZ,协鑫能科,20260915,16.88,17.45,16.31,17.15,16.9,0.25,1.4793,1240769.85,2095007.22528
002016.SZ,世荣兆业,20260915,4.58,4.59,4.39,4.41,4.59,-0.18,-3.9216,96065.76,42881.59608
002017.SZ,东信和平,20260915,14.7,14.94,14.3,14.34,14.58,-0.24,-1.6461,205300.56,298659.09535
002019.SZ,亿帆医药,20260915,9.31,9.35,9.18,9.24,9.31,-0.07,-0.7519,48630.1,44948.3484
002020.SZ,京新药业,20260915,11.46,11.52,11.39,11.46,11.51,-0.05,-0.4344,52699.41,60290.81563
002021.SZ,中捷资源,20260915,2.66,2.69,2.56,2.57,2.67,-0.1,-3.7453,241900.0,63103.091
002022.SZ,科华生物,20260915,5.72,5.74,5.52,5.55,5.72,-0.17,-2.972,44217.91,24724.36123
002023.SZ,海特高新,20260915,9.51,9.58,9.43,9.44,9.56,-0.12,-1.2552,63653.33,60486.29261
002024.SZ,ST易购,20260915,1.17,1.18,1.16,1.16,1.17,-0.01,-0.8547,173636.0,20177.975
002025.SZ,航天电器,20260915,64.58,70.28,64.57,68.78,65.3,3.48,5.3292,212104.01,1447791.39679
002026.SZ,山东威达,20260915,11.61,12.32,11.48,12.03,11.6,0.43,3.7069,131400.42,157628.46149
002027.SZ,分众传媒,20260915,4.75,4.77,4.68,4.69,4.74,-0.05,-1.0549,961247.91,453139.37462
002028.SZ,思源电气,20260915,133.01,139.5,132.69,138.67,133.8,4.87,3.6398,113275.09,1563549.0266
002029.SZ,七匹狼,20260915,8.21,8.3,7.94,7.97,8.17,-0.2,-2.448,127133.84,102512.70695
002030.SZ,达安基因,20260915,5.34,5.34,5.21,5.21,5.35,-0.14,-2.6168,103275.76,54419.13329
002031.SZ,巨轮智能,20260915,5.11,5.13,5.01,5.01,5.11,-0.1,-1.9569,420868.55,212795.44455
002032.SZ,苏泊尔,20260915,39.69,40.05,39.4,39.87,39.77,0.1,0.2514,14707.25,58398.18816
002033.SZ,丽江股份,20260915,8.53,8.54,8.27,8.3,8.54,-0.24,-2.8103,234862.01,196980.97606
002034.SZ,旺能环境,20260915,14.22,14.27,13.9,13.94,14.24,-0.3,-2.1067,66553.89,93274.16303
002035.SZ,华帝股份,20260915,4.58,4.58,4.49,4.5,4.58,-0.08,-1.7467,93848.01,42417.14688
002036.SZ,联创电子,20260915,6.28,6.32,6.14,6.15,6.27,-0.12,-1.9139,186704.12,115825.21839
002037.SZ,保利联合,20260915,6.8,6.84,6.57,6.58,6.84,-0.26,-3.8012,48776.0,32512.601
002038.SZ,双鹭药业,20260915,5.66,5.68,5.55,5.57,5.68,-0.11,-1.9366,115691.56,64874.28686
002039.SZ,黔源电力,20260915,19.61,19.74,19.44,19.56,19.63,-0.07,-0.3566,43735.99,85761.4374
002040.SZ,南京港,20260915,9.75,10.08,9.2,9.42,9.56,-0.14,-1.4644,564538.33,537820.1747
002041.SZ,登海种业,20260915,10.18,10.26,9.75,9.75,10.13,-0.38,-3.7512,398366.3,395754.44979
002042.SZ,华孚时尚,20260915,3.81,3.82,3.72,3.73,3.81,-0.08,-2.0997,170943.86,64428.2158
002043.SZ,兔宝宝,20260915,11.23,11.25,10.98,11.02,11.24,-0.22,-1.9573,54628.0,60630.67198
002044.SZ,美年健康,20260915,4.51,4.52,4.33,4.34,4.57,-0.23,-5.0328,1047426.68,460310.01788
002045.SZ,国光电器,20260915,8.97,8.99,8.64,8.66,8.9,-0.24,-2.6966,137010.0,119922.7059
002046.SZ,国机精工,20260915,58.81,60.0,57.5,59.28,60.0,-0.72,-1.2,133994.38,786378.03877
002047.SZ,宝鹰股份,20260915,3.41,3.42,3.31,3.33,3.39,-0.06,-1.7699,190858.0,64108.221
002048.SZ,宁波华翔,20260915,17.5,17.56,17.15,17.19,17.56,-0.37,-2.1071,93036.04,161053.08577
002049.SZ,紫光国微,20260915,59.0,59.95,58.88,59.19,59.36,-0.17,-0.2864,64882.04,386112.31227
002050.SZ,三花智控,20260915,34.65,34.68,33.72,33.8,34.7,-0.9,-2.5937,403179.5,1374587.17825
002051.SZ,中工国际,20260915,8.52,8.56,8.41,8.47,8.52,-0.05,-0.5869,141879.01,120211.7111
002052.SZ,同洲电子,20260915,8.42,8.48,8.27,8.32,8.43,-0.11,-1.3049,71360.0,59597.271
002053.SZ,云南能投,20260915,9.83,9.94,9.62,9.66,9.78,-0.12,-1.227,71236.72,69212.85548
002054.SZ,德美化工,20260915,7.1,7.11,6.92,6.92,7.1,-0.18,-2.5352,77217.0,53960.879
002055.SZ,ST得润,20260915,6.7,6.85,6.62,6.67,6.76,-0.09,-1.3314,141306.0,95049.439
002056.SZ,横店东磁,20260915,19.87,19.9,19.57,19.63,19.86,-0.23,-1.1581,114782.13,226353.75623
002057.SZ,中钢天源,20260915,8.8,8.82,8.67,8.72,8.77,-0.05,-0.5701,87283.0,76414.403
002058.SZ,紫竹高科,20260915,16.09,17.11,15.91,16.66,16.19,0.47,2.903,45127.54,74694.8702
002059.SZ,云南旅游,20260915,4.98,4.99,4.6,4.6,5.11,-0.51,-9.9804,1256419.0,584500.219
002060.SZ,广东建工,20260915,3.17,3.18,3.12,3.14,3.16,-0.02,-0.6329,108227.0,34051.603
002061.SZ,浙江交科,20260915,3.37,3.38,3.32,3.33,3.38,-0.05,-1.4793,132639.4,44316.754
002062.SZ,宏润建设,20260915,8.78,8.91,8.7,8.78,8.78,0.0,0.0,154366.39,135757.34559
002063.SZ,远光软件,20260915,5.41,5.45,5.33,5.35,5.4,-0.05,-0.9259,164209.69,88104.71397
002064.SZ,华峰化学,20260915,10.16,10.3,9.91,10.0,10.23,-0.23,-2.2483,292719.64,293616.15388
002065.SZ,东华软件,20260915,6.7,6.74,6.64,6.66,6.7,-0.04,-0.597,164714.26,109977.03239
002066.SZ,瑞泰科技,20260915,20.25,20.34,19.92,19.97,20.26,-0.29,-1.4314,17825.0,35756.688
002067.SZ,景兴纸业,20260915,4.03,4.04,3.94,3.94,4.02,-0.08,-1.99,203414.79,80765.48705
002068.SZ,黑猫股份,20260915,9.8,9.8,9.18,9.22,10.15,-0.93,-9.1626,845520.14,803461.73674
002069.SZ,獐子岛,20260915,3.78,3.79,3.61,3.62,3.78,-0.16,-4.2328,143076.5,52582.66801
002072.SZ,凯瑞德,20260915,7.15,7.53,7.01,7.05,7.12,-0.07,-0.9831,241993.0,173616.214
002073.SZ,软控股份,20260915,5.71,5.74,5.61,5.63,5.72,-0.09,-1.5734,90173.0,51005.687
002074.SZ,国轩高科,20260915,25.31,25.98,25.27,25.41,25.37,0.04,0.1577,159816.45,409411.48651
002075.SZ,沙钢股份,20260915,3.62,3.64,3.56,3.57,3.62,-0.05,-1.3812,145235.4,52116.5904
002076.SZ,星光股份,20260915,2.1,2.12,2.03,2.04,2.1,-0.06,-2.8571,266262.0,55085.08855
002077.SZ,大港股份,20260915,13.6,14.05,13.51,13.66,13.85,-0.19,-1.3718,483527.9,664865.82218
002078.SZ,太阳纸业,20260915,14.1,14.15,13.87,13.95,14.06,-0.11,-0.7824,104332.13,145722.69488
002079.SZ,苏州固锝,20260915,8.82,8.95,8.79,8.86,8.84,0.02,0.2262,137424.43,121874.68871
002080.SZ,中材科技,20260915,52.7,55.38,52.55,53.77,52.79,0.98,1.8564,621450.69,3365503.20421
002081.SZ,金螳螂,20260915,4.7,4.79,4.62,4.7,4.75,-0.05,-1.0526,1438098.58,678504.79443
002082.SZ,ST万邦,20260915,9.76,9.76,9.32,9.44,9.76,-0.32,-3.2787,110120.0,104887.36
002083.SZ,孚日股份,20260915,9.51,9.7,9.51,9.58,9.58,0.0,0.0,140972.0,135609.992
002084.SZ,海鸥住工,20260915,5.25,5.48,5.04,5.13,5.38,-0.25,-4.6468,964366.32,501160.60658
002085.SZ,万丰奥威,20260915,10.06,10.1,9.78,9.79,10.06,-0.27,-2.6839,207731.51,205589.51258
002086.SZ,东方海洋,20260915,2.1,2.1,1.95,1.97,2.1,-0.13,-6.1905,712281.0,143062.149
002088.SZ,鲁阳节能,20260915,8.18,8.24,7.87,7.87,8.2,-0.33,-4.0244,40265.7,32382.343
002090.SZ,金智科技,20260915,9.02,9.02,8.81,8.84,9.02,-0.18,-1.9956,41380.7,36780.8722
002091.SZ,江苏国泰,20260915,7.61,7.73,7.58,7.68,7.61,0.07,0.9198,97795.1,75062.6578
002092.SZ,中泰化学,20260915,4.62,4.62,4.44,4.46,4.62,-0.16,-3.4632,439779.68,198071.38664
002093.SZ,国脉科技,20260915,7.38,7.57,7.26,7.5,7.39,0.11,1.4885,405449.22,301840.60733
002094.SZ,青岛金王,20260915,5.15,5.18,4.93,4.93,5.16,-0.23,-4.4574,255969.78,128665.00962
002095.SZ,生意宝,20260915,14.8,15.98,14.58,14.86,14.83,0.03,0.2023,120363.03,183489.62273
002096.SZ,易普力,20260915,9.13,9.22,9.06,9.1,9.14,-0.04,-0.4376,31430.0,28664.817
002097.SZ,山河智能,20260915,7.34,7.41,7.22,7.24,7.38,-0.14,-1.897,134589.89,98026.13384
002098.SZ,浔兴股份,20260915,8.0,8.18,7.68,7.71,8.04,-0.33,-4.1045,37226.85,29038.8575
002099.SZ,海翔药业,20260915,5.67,5.68,5.36,5.36,5.65,-0.29,-5.1327,272867.93,149189.04666
002100.SZ,天康生物,20260915,7.99,8.09,7.9,7.99,7.99,0.0,0.0,176543.54,141528.81054
002101.SZ,广东鸿图,20260915,8.63,8.69,8.52,8.55,8.67,-0.12,-1.3841,31447.0,26950.08
002102.SZ,ST能特,20260915,2.67,2.7,2.63,2.67,2.67,0.0,0.0,117814.0,31464.226
002103.SZ,广博股份,20260915,6.51,6.51,6.27,6.28,6.51,-0.23,-3.533,67000.0,42651.246
002104.SZ,恒宝股份,20260915,11.83,11.89,11.23,11.25,11.6,-0.35,-3.0172,377364.66,430825.15251
002105.SZ,信隆健康,20260915,6.06,6.07,5.8,5.84,6.05,-0.21,-3.4711,60367.0,35670.721
002106.SZ,莱宝高科,20260915,11.5,11.8,11.33,11.37,11.58,-0.21,-1.8135,339889.94,392600.191
002107.SZ,沃华医药,20260915,6.8,6.83,6.48,6.52,6.88,-0.36,-5.2326,208047.92,137110.21784
002108.SZ,沧州明珠,20260915,4.53,4.53,4.39,4.39,4.55,-0.16,-3.5165,300135.68,133316.04368
002109.SZ,ST兴化,20260915,2.83,2.83,2.76,2.76,2.82,-0.06,-2.1277,62235.0,17316.979
002110.SZ,三钢闽光,20260915,2.96,2.99,2.95,2.95,2.99,-0.04,-1.3378,200490.86,59452.45895
002111.SZ,威海广泰,20260915,9.76,9.79,9.57,9.61,9.8,-0.19,-1.9388,65394.4,63126.458
002112.SZ,三变科技,20260915,14.54,14.68,14.36,14.38,14.61,-0.23,-1.5743,70360.79,102098.77681
002114.SZ,罗平锌电,20260915,7.51,7.6,7.15,7.18,7.47,-0.29,-3.8822,86533.0,63082.27
002115.SZ,三维通信,20260915,10.14,10.15,9.89,9.9,10.12,-0.22,-2.1739,289010.18,289026.77277
002116.SZ,中国海诚,20260915,7.22,7.24,7.05,7.07,7.25,-0.18,-2.4828,37236.0,26529.4006
002117.SZ,东港股份,20260915,7.77,7.84,7.69,7.7,7.79,-0.09,-1.1553,40916.0,31734.506
002119.SZ,康强电子,20260915,23.7,24.36,23.7,23.82,24.13,-0.31,-1.2847,326285.26,785124.17239
002120.SZ,韵达股份,20260915,6.74,6.76,6.66,6.68,6.75,-0.07,-1.037,177313.63,118664.1271
002121.SZ,科陆电子,20260915,4.89,4.97,4.79,4.81,4.9,-0.09,-1.8367,303621.68,147429.8532
002122.SZ,ST汇洲,20260915,2.75,2.77,2.7,2.71,2.75,-0.04,-1.4545,109775.0,29919.97
002123.SZ,梦网科技,20260915,7.79,7.89,7.67,7.68,7.8,-0.12,-1.5385,109236.11,84594.44647
002124.SZ,天邦食品,20260915,2.31,2.37,2.23,2.24,2.31,-0.07,-3.0303,1153633.8,263839.307
002125.SZ,湘潭电化,20260915,11.87,12.16,11.86,12.03,11.92,0.11,0.9228,96077.18,115848.98111
002126.SZ,银轮股份,20260915,38.85,39.12,38.01,38.43,38.85,-0.42,-1.0811,79043.0,304530.66658
002127.SZ,南极电商,20260915,2.99,3.01,2.95,2.95,3.0,-0.05,-1.6667,232792.0,69234.459
002128.SZ,电投能源,20260915,27.25,27.41,27.02,27.13,27.25,-0.12,-0.4404,81162.8,220513.89297
002129.SZ,TCL中环,20260915,8.71,8.78,8.64,8.67,8.74,-0.07,-0.8009,299874.35,260960.45473
002130.SZ,沃尔核材,20260915,17.35,17.52,16.86,16.93,17.58,-0.65,-3.6974,561255.07,959879.41979
002131.SZ,利欧股份,20260915,4.47,4.5,4.36,4.37,4.47,-0.1,-2.2371,1964705.85,866783.58256
002132.SZ,恒星科技,20260915,4.24,4.24,4.16,4.19,4.26,-0.07,-1.6432,376808.48,158077.78068
002133.SZ,广宇集团,20260915,2.79,2.8,2.65,2.68,2.8,-0.12,-4.2857,157831.0,42736.199
002134.SZ,天津普林,20260915,24.6,25.38,24.2,24.33,24.71,-0.38,-1.5378,253294.38,627640.10944
002135.SZ,东南网架,20260915,5.92,6.09,5.81,5.95,5.95,0.0,0.0,107501.0,64387.481
002136.SZ,安纳达,20260915,11.96,11.96,11.69,11.71,11.94,-0.23,-1.9263,34988.0,41252.005
002137.SZ,实益达,20260915,7.47,7.57,7.4,7.45,7.54,-0.09,-1.1936,75238.0,56157.857
002138.SZ,顺络电子,20260915,49.12,50.8,49.12,49.36,49.79,-0.43,-0.8636,268904.84,1340917.75078
002139.SZ,拓邦股份,20260915,9.88,9.98,9.62,9.65,10.03,-0.38,-3.7886,231145.74,224070.76491
002140.SZ,东华科技,20260915,9.2,9.29,9.04,9.05,9.19,-0.14,-1.5234,51847.0,47285.453
002141.SZ,贤丰控股,20260915,6.97,7.36,6.61,6.63,6.97,-0.34,-4.878,2955577.66,2057669.09394
002142.SZ,宁波银行,20260915,35.73,35.76,35.09,35.16,35.76,-0.6,-1.6779,267355.34,943732.3122
002144.SZ,宏达高科,20260915,10.67,10.7,10.17,10.19,10.7,-0.51,-4.7664,43392.9,44903.9509
002145.SZ,钛能化学,20260915,4.29,4.35,4.28,4.31,4.29,0.02,0.4662,345543.54,148800.8034
002146.SZ,荣盛发展,20260915,1.16,1.16,1.13,1.14,1.16,-0.02,-1.7241,674835.0,77161.275
002148.SZ,北纬科技,20260915,6.35,6.4,6.15,6.16,6.38,-0.22,-3.4483,92834.0,58047.467
002149.SZ,西部材料,20260915,33.32,33.85,33.0,33.08,33.34,-0.26,-0.7798,107057.91,356667.99464
002150.SZ,正泰电源,20260915,20.12,20.23,19.74,19.8,20.2,-0.4,-1.9802,35771.0,71197.245
002151.SZ,北斗星通,20260915,28.52,28.62,28.06,28.07,28.4,-0.33,-1.162,80560.36,227725.9715
002152.SZ,广电运通,20260915,9.48,9.54,9.28,9.29,9.45,-0.16,-1.6931,187166.28,175540.01952
002153.SZ,石基信息,20260915,7.67,7.75,7.52,7.55,7.69,-0.14,-1.8205,116671.62,88821.16924
002154.SZ,报喜鸟,20260915,3.98,4.06,3.91,3.94,3.99,-0.05,-1.2531,331441.05,131307.62153
002155.SZ,湖南黄金,20260915,26.96,27.22,26.38,26.57,26.95,-0.38,-1.41,469873.42,1257891.17417
002156.SZ,通富微电,20260915,56.77,58.58,56.45,57.31,56.78,0.53,0.9334,421207.16,2422251.38357
002157.SZ,正邦科技,20260915,3.11,3.24,3.09,3.15,3.11,0.04,1.2862,2157305.16,685592.08809
002158.SZ,汉钟精机,20260915,25.6,26.17,25.43,25.57,25.72,-0.15,-0.5832,53988.43,139027.7162
002159.SZ,三特索道,20260915,13.55,13.66,13.0,13.05,13.6,-0.55,-4.0441,29074.0,38499.356
002160.SZ,常铝股份,20260915,3.99,4.02,3.91,3.92,3.98,-0.06,-1.5075,107389.0,42479.409
002161.SZ,远望谷,20260915,6.59,6.74,6.52,6.52,7.24,-0.72,-9.9448,239951.0,157142.482
002162.SZ,悦心健康,20260915,3.97,4.01,3.82,3.85,3.96,-0.11,-2.7778,358291.56,139097.79452
002163.SZ,海南发展,20260915,8.71,8.73,8.32,8.34,8.58,-0.24,-2.7972,253659.0,214435.739
002164.SZ,宁波东力,20260915,10.35,10.36,10.21,10.22,10.35,-0.13,-1.256,31946.0,32822.115
002165.SZ,红宝丽,20260915,7.21,7.24,6.97,6.97,7.2,-0.23,-3.1944,467865.93,330001.08302
002166.SZ,莱茵生物,20260915,6.78,6.78,6.49,6.49,6.79,-0.3,-4.4183,145240.32,95790.74397
002167.SZ,东方锆业,20260915,15.33,15.65,15.32,15.46,15.25,0.21,1.377,360526.15,559165.23933
002168.SZ,ST惠程,20260915,3.64,3.7,3.62,3.66,3.64,0.02,0.5495,26862.0,9816.979
002169.SZ,智光电气,20260915,12.7,12.88,12.33,12.77,12.22,0.55,4.5008,333494.8,421974.12443
002170.SZ,芭田股份,20260915,11.41,11.42,11.23,11.23,11.42,-0.19,-1.6637,160834.51,181891.44973
002171.SZ,楚江新材,20260915,11.0,11.33,10.73,11.09,11.11,-0.02,-0.18,998970.3,1097139.18099
002172.SZ,澳洋健康,20260915,4.9,5.04,4.83,4.89,5.02,-0.13,-2.5896,2064382.81,1010443.18101
002173.SZ,创新医疗,20260915,17.91,18.76,17.69,18.17,17.65,0.52,2.9462,363955.07,662847.06178
002174.SZ,游族网络,20260915,13.58,13.98,13.45,13.52,13.49,0.03,0.2224,517920.28,707733.02171
002175.SZ,*ST东智,20260915,2.55,2.63,2.54,2.6,2.52,0.08,3.1746,265742.48,68513.9574
002176.SZ,江特电机,20260915,8.77,8.77,8.59,8.61,8.78,-0.17,-1.9362,238163.22,206098.92862
002177.SZ,御银股份,20260915,5.7,5.71,5.54,5.55,5.7,-0.15,-2.6316,151236.01,84668.35268
002178.SZ,延华智能,20260915,4.71,4.75,4.58,4.6,4.74,-0.14,-2.9536,120617.0,55982.46
002179.SZ,中航光电,20260915,34.01,35.15,34.0,34.68,34.18,0.5,1.4628,195065.98,675810.1112
002180.SZ,奔图科技,20260915,16.35,16.49,16.18,16.19,16.29,-0.1,-0.6139,83910.8,137214.2702
002181.SZ,粤传媒,20260915,9.63,9.7,9.08,9.12,9.5,-0.38,-4.0,529596.44,491553.54882
002182.SZ,宝武镁业,20260915,11.37,11.47,11.3,11.33,11.37,-0.04,-0.3518,69071.37,78510.05218
002183.SZ,怡亚通,20260915,4.38,4.4,4.31,4.32,4.38,-0.06,-1.3699,308156.0,133856.163
002184.SZ,海得控制,20260915,9.78,9.78,9.51,9.51,9.69,-0.18,-1.8576,26754.47,25674.025
002185.SZ,华天科技,20260915,15.86,16.53,15.86,16.36,16.0,0.36,2.25,2180763.12,3550286.44231
002186.SZ,全聚德,20260915,9.57,9.6,9.21,9.24,9.61,-0.37,-3.8502,59852.0,55755.485
002187.SZ,广百股份,20260915,5.76,5.76,5.42,5.44,5.76,-0.32,-5.5556,177696.11,98042.51139
002188.SZ,中天服务,20260915,5.45,5.47,5.11,5.15,5.48,-0.33,-6.0219,119552.0,62723.19169
002189.SZ,中光学,20260915,18.9,19.05,18.69,18.69,19.08,-0.39,-2.044,27230.0,51289.314
002190.SZ,成飞集成,20260915,24.71,24.81,24.0,24.01,24.76,-0.75,-3.0291,56922.74,138669.03766
002191.SZ,劲嘉股份,20260915,3.61,3.64,3.56,3.58,3.66,-0.08,-2.1858,134047.0,48170.662
002192.SZ,融捷股份,20260915,59.51,60.37,59.3,59.46,60.73,-1.27,-2.0912,78667.63,470454.90891
002193.SZ,ST如意,20260915,5.04,5.08,4.68,4.75,5.08,-0.33,-6.4961,85582.0,41159.61212
002194.SZ,武汉凡谷,20260915,11.05,11.15,10.76,10.81,11.07,-0.26,-2.3487,480823.89,524266.88589
002195.SZ,岩山科技,20260915,6.22,6.26,6.08,6.09,6.17,-0.08,-1.2966,763868.87,469253.40414
002196.SZ,方正电机,20260915,9.99,10.05,9.82,9.83,10.04,-0.21,-2.0916,127605.0,126574.074
002197.SZ,证通电子,20260915,6.75,6.8,6.54,6.55,6.71,-0.16,-2.3845,123443.0,82278.68
002198.SZ,ST嘉应,20260915,3.63,3.66,3.52,3.64,3.63,0.01,0.2755,60170.87,21577.81555
002199.SZ,东晶电子,20260915,12.26,12.49,12.0,12.0,12.34,-0.34,-2.7553,44432.0,53956.249
002200.SZ,交投生态,20260915,6.73,6.78,6.35,6.4,6.77,-0.37,-5.4653,34633.0,22637.453
002201.SZ,九鼎新材,20260915,11.13,11.45,10.66,10.76,11.22,-0.46,-4.0998,953753.31,1047678.84912
002202.SZ,金风科技,20260915,19.09,19.58,18.75,18.82,19.31,-0.49,-2.5375,1498644.6,2866238.44
002203.SZ,海亮股份,20260915,18.62,19.22,18.52,18.74,18.78,-0.04,-0.213,136781.7,258447.46395
002204.SZ,大连重工,20260915,5.55,5.6,5.46,5.53,5.56,-0.03,-0.5396,536085.37,296716.53122
002205.SZ,国统股份,20260915,10.9,10.93,10.23,10.29,10.92,-0.63,-5.7692,41100.0,42920.552
002206.SZ,海利得,20260915,5.05,5.07,4.94,4.94,5.05,-0.11,-2.1782,121696.0,60724.034
002207.SZ,*ST准油,20260915,5.62,5.62,5.37,5.39,5.61,-0.22,-3.9216,76978.0,42266.883
002208.SZ,合肥城建,20260915,9.72,9.75,9.54,9.57,9.72,-0.15,-1.5432,142458.75,137156.05975
002209.SZ,达意隆,20260915,13.07,13.07,12.59,12.66,13.06,-0.4,-3.0628,42631.0,54512.379
002210.SZ,飞马国际,20260915,2.22,2.24,2.16,2.16,2.24,-0.08,-3.5714,438671.52,96187.45296
002211.SZ,ST宏达,20260915,3.82,3.87,3.76,3.77,3.85,-0.08,-2.0779,41837.0,15935.483
002212.SZ,天融信,20260915,7.99,8.14,7.75,7.77,7.4,0.37,5.0,3452768.31,2778129.93598
002213.SZ,大为股份,20260915,26.76,29.49,26.53,29.49,26.81,2.68,9.9963,174715.35,502558.15504
002214.SZ,大立科技,20260915,16.88,17.33,16.74,17.05,16.97,0.08,0.4714,54596.4,93387.826
002215.SZ,诺普信,20260915,9.87,9.9,9.73,9.83,9.93,-0.1,-1.007,201630.85,197221.45383
002216.SZ,三全食品,20260915,11.58,11.6,11.45,11.55,11.52,0.03,0.2604,38525.7,44462.1677
002217.SZ,ST合力泰,20260915,1.47,1.6,1.46,1.54,1.47,0.07,4.7619,2710442.47,416230.75589
002218.SZ,拓日新能,20260915,4.29,4.3,4.16,4.18,4.32,-0.14,-3.2407,822029.2,346800.7357
002219.SZ,新里程,20260915,2.17,2.19,2.1,2.1,2.17,-0.07,-3.2258,835505.92,178388.35112
002221.SZ,东华能源,20260915,5.75,5.76,5.55,5.55,5.73,-0.18,-3.1414,157404.02,88249.77914
002222.SZ,福晶科技,20260915,63.88,65.4,63.2,63.46,64.57,-1.11,-1.7191,142150.1,911187.69238
002223.SZ,鱼跃医疗,20260915,25.5,26.18,25.45,26.07,25.5,0.57,2.2353,110714.92,286582.04174
002224.SZ,三力士,20260915,3.84,3.85,3.65,3.68,3.84,-0.16,-4.1667,208081.08,77734.62184
002225.SZ,濮耐股份,20260915,3.56,3.57,3.5,3.51,3.57,-0.06,-1.6807,162183.55,57299.1047
002226.SZ,江南化工,20260915,5.04,5.06,4.98,5.0,5.06,-0.06,-1.1858,125925.5,63011.0915
002227.SZ,*ST特迅,20260915,6.6,6.6,6.38,6.39,6.59,-0.2,-3.0349,14129.0,9111.421
002228.SZ,合兴包装,20260915,3.16,3.16,3.04,3.05,3.15,-0.1,-3.1746,193016.0,59598.622
002229.SZ,鸿博股份,20260915,11.11,11.14,10.71,10.72,11.05,-0.33,-2.9864,228362.32,247991.41929
002230.SZ,科大讯飞,20260915,39.88,39.96,39.0,39.0,39.6,-0.6,-1.5152,149786.19,589735.87477
002232.SZ,启明信息,20260915,16.81,16.81,16.76,16.81,15.28,1.53,10.0131,95303.7,160198.9417
002233.SZ,塔牌集团,20260915,7.11,7.16,7.05,7.08,7.12,-0.04,-0.5618,96155.22,68323.51154
002234.SZ,民和股份,20260915,7.96,7.98,7.82,7.84,7.96,-0.12,-1.5075,47486.0,37457.76
002235.SZ,安妮股份,20260915,8.1,8.31,7.91,7.91,8.13,-0.22,-2.706,203077.93,163930.14849
002236.SZ,大华股份,20260915,15.97,16.2,15.94,16.2,15.96,0.24,1.5038,190516.92,305635.67947
002237.SZ,恒邦股份,20260915,14.07,14.17,13.84,13.93,14.07,-0.14,-0.995,142704.89,199470.46788
002238.SZ,天威视讯,20260915,6.35,6.6,6.2,6.23,6.41,-0.18,-2.8081,86268.52,54707.78116
002239.SZ,奥特佳,20260915,2.54,2.55,2.47,2.48,2.54,-0.06,-2.3622,525047.52,131677.957
002240.SZ,盛新锂能,20260915,26.77,27.02,26.42,26.5,27.21,-0.71,-2.6093,173006.03,461625.95644
002241.SZ,歌尔股份,20260915,21.98,22.08,21.33,21.37,22.06,-0.69,-3.1278,560046.66,1211658.62578
002242.SZ,九阳股份,20260915,9.44,9.85,9.06,9.44,9.38,0.06,0.6397,346888.68,325327.05457
002243.SZ,力合科创,20260915,7.09,7.14,6.89,6.94,7.08,-0.14,-1.9774,101036.69,70745.44719
002244.SZ,滨江集团,20260915,8.01,8.05,7.87,7.94,8.02,-0.08,-0.9975,255897.58,203093.21542
002245.SZ,蔚蓝锂芯,20260915,17.91,18.47,17.81,18.16,17.95,0.21,1.1699,398792.6,727549.4438
002246.SZ,北化股份,20260915,22.81,23.08,22.27,22.41,22.89,-0.48,-2.097,119843.85,270058.93796
002247.SZ,聚力文化,20260915,2.44,2.45,2.33,2.35,2.44,-0.09,-3.6885,189375.5,44848.8145
002248.SZ,华东数控,20260915,9.32,9.32,9.02,9.04,9.32,-0.28,-3.0043,84833.0,77516.786
002249.SZ,大洋电机,20260915,6.42,6.42,6.3,6.31,6.43,-0.12,-1.8663,235903.05,149825.75847
002250.SZ,联化科技,20260915,14.12,14.24,14.0,14.04,14.12,-0.08,-0.5666,54284.92,76620.19652
002251.SZ,步步高,20260915,3.67,3.68,3.43,3.44,3.65,-0.21,-5.7534,1413831.31,494519.97918
002252.SZ,上海莱士,20260915,4.93,4.95,4.87,4.91,4.95,-0.04,-0.8081,226290.02,110847.72378
002253.SZ,川大智胜,20260915,9.92,10.14,9.68,9.69,9.97,-0.28,-2.8084,33207.0,32746.492
002254.SZ,泰和新材,20260915,12.09,12.3,12.06,12.19,12.17,0.02,0.1643,108295.33,132126.35403
002255.SZ,海陆重工,20260915,7.65,7.7,7.57,7.57,7.7,-0.13,-1.6883,72763.65,55452.44505
002256.SZ,兆新股份,20260915,3.32,3.33,3.24,3.25,3.33,-0.08,-2.4024,358635.0,117573.689
002258.SZ,利尔化学,20260915,14.7,15.27,14.64,14.84,14.73,0.11,0.7468,216905.8,323431.46792
002259.SZ,升达林业,20260915,4.26,4.27,4.09,4.1,4.18,-0.08,-1.9139,138109.0,57469.544
002261.SZ,拓维信息,20260915,25.18,25.42,25.05,25.06,25.18,-0.12,-0.4766,168668.46,425192.74051
002262.SZ,恩华药业,20260915,21.74,21.82,21.5,21.65,21.79,-0.14,-0.6425,27991.85,60500.37625
002263.SZ,大东南,20260915,3.22,3.28,3.18,3.2,3.25,-0.05,-1.5385,571206.0,184616.205
002264.SZ,新华都,20260915,7.18,7.3,7.01,7.06,7.23,-0.17,-2.3513,342418.36,243807.54689
002265.SZ,建设工业,20260915,20.42,20.63,19.86,19.88,20.62,-0.74,-3.5887,221683.61,446200.21791
002266.SZ,浙富控股,20260915,4.78,4.79,4.69,4.71,4.79,-0.08,-1.6701,442570.0,209393.69
002267.SZ,陕天然气,20260915,7.45,7.48,7.27,7.28,7.48,-0.2,-2.6738,70966.0,52137.5499
002268.SZ,电科网安,20260915,14.89,15.32,14.47,14.48,14.63,-0.15,-1.0253,342487.48,509952.68525
002269.SZ,美邦服饰,20260915,1.44,1.45,1.38,1.39,1.44,-0.05,-3.4722,621202.0,87259.824
002270.SZ,华明装备,20260915,18.52,18.64,18.2,18.23,18.56,-0.33,-1.778,70761.0,130116.219
002271.SZ,东方雨虹,20260915,10.32,10.34,10.13,10.17,10.36,-0.19,-1.834,289173.5,295565.05826
002272.SZ,川润股份,20260915,16.26,17.18,16.26,16.83,16.51,0.32,1.9382,288386.88,484823.26784
002273.SZ,水晶光电,20260915,24.31,24.6,23.85,23.91,24.46,-0.55,-2.2486,299949.46,722127.52862
002274.SZ,华昌化工,20260915,6.11,6.16,5.93,5.95,6.17,-0.22,-3.5656,381326.24,229591.68727
002275.SZ,桂林三金,20260915,12.27,12.38,12.12,12.14,12.34,-0.2,-1.6207,21957.93,26745.67809
002276.SZ,万马股份,20260915,10.08,10.09,9.92,9.93,10.05,-0.12,-1.194,86030.75,85821.03675
002277.SZ,友阿股份,20260915,5.68,5.68,5.42,5.43,5.68,-0.25,-4.4014,194233.45,107149.8099
002278.SZ,神开股份,20260915,8.0,8.02,7.73,7.74,8.0,-0.26,-3.25,111297.37,87299.4236
002279.SZ,久其软件,20260915,7.19,7.28,6.93,6.96,7.11,-0.15,-2.1097,663692.42,467769.14136
002281.SZ,光迅科技,20260915,170.14,173.21,167.59,168.37,171.81,-3.44,-2.0022,235221.74,3991241.26935
002282.SZ,博深股份,20260915,6.07,6.1,5.92,5.93,6.08,-0.15,-2.4671,29323.18,17569.4881
002283.SZ,天润工业,20260915,8.06,8.18,8.01,8.04,8.09,-0.05,-0.618,117924.14,95420.62524
002284.SZ,亚太股份,20260915,9.78,9.78,9.42,9.43,9.77,-0.34,-3.48,173348.9,165441.88927
002285.SZ,世联行,20260915,2.24,2.25,2.16,2.17,2.25,-0.08,-3.5556,508506.32,111593.36676
002286.SZ,保龄宝,20260915,8.01,8.04,7.66,7.67,8.07,-0.4,-4.9566,211731.9,165134.2892
002287.SZ,奇正藏药,20260915,19.35,19.37,19.06,19.1,19.35,-0.25,-1.292,11874.94,22748.79999
002289.SZ,宇顺电子,20260915,37.0,37.45,35.32,35.48,36.99,-1.51,-4.0822,41207.0,148957.838
002290.SZ,禾盛新材,20260915,62.75,63.96,61.71,61.88,62.85,-0.97,-1.5434,47618.7,297902.28487
002291.SZ,遥望科技,20260915,5.53,5.55,5.32,5.33,5.51,-0.18,-3.2668,255285.15,137900.1046
002292.SZ,奥飞娱乐,20260915,8.45,8.48,8.2,8.24,8.4,-0.16,-1.9048,293151.77,244106.97327
002293.SZ,罗莱生活,20260915,10.65,10.8,10.61,10.77,10.65,0.12,1.1268,23466.74,25179.47693
002294.SZ,信立泰,20260915,30.26,30.33,29.6,29.6,30.25,-0.65,-2.1488,101007.86,301462.2406
002295.SZ,精艺股份,20260915,9.99,10.27,9.08,9.25,9.98,-0.73,-7.3146,442609.37,419593.15682
002296.SZ,辉煌科技,20260915,9.33,9.34,9.01,9.01,9.3,-0.29,-3.1183,135156.0,123359.198
002297.SZ,博云新材,20260915,22.08,23.3,22.08,22.32,22.82,-0.5,-2.1911,1086701.17,2455052.65783
002298.SZ,中电鑫龙,20260915,8.3,8.89,8.2,8.57,8.36,0.21,2.512,547391.13,466298.88726
002299.SZ,圣农发展,20260915,16.59,16.84,16.4,16.42,16.53,-0.11,-0.6655,113750.0,188429.991
002300.SZ,太阳电缆,20260915,7.85,7.95,7.6,7.62,7.93,-0.31,-3.9092,474506.77,366472.00631
002301.SZ,齐心集团,20260915,7.92,7.95,7.75,7.79,7.92,-0.13,-1.6414,61339.0,47941.304
002302.SZ,西部建设,20260915,4.7,4.74,4.62,4.63,4.73,-0.1,-2.1142,46748.0,21808.022
002303.SZ,美盈森,20260915,5.19,5.3,5.03,5.26,5.17,0.09,1.7408,417624.0,215745.665
002304.SZ,洋河股份,20260915,38.09,38.29,37.91,37.93,38.07,-0.14,-0.3677,22720.28,86499.75958
002305.SZ,*ST南置,20260915,2.05,2.06,1.99,2.0,2.06,-0.06,-2.9126,179171.5,36279.02
002306.SZ,ST云网,20260915,2.23,2.26,2.11,2.14,2.2,-0.06,-2.7273,158898.02,34636.89036
002307.SZ,北新路桥,20260915,3.08,3.08,2.97,2.98,3.07,-0.09,-2.9316,199194.31,59954.40478
002309.SZ,中利集团,20260915,3.04,3.06,2.93,2.94,3.05,-0.11,-3.6066,1117518.0,332829.891
002310.SZ,东方新能,20260915,2.31,2.34,2.25,2.29,2.32,-0.03,-1.2931,1057107.55,242664.03765
002311.SZ,海大集团,20260915,42.56,43.38,42.2,42.7,42.61,0.09,0.2112,87648.59,376020.18344
002312.SZ,川发龙蟒,20260915,8.87,8.91,8.48,8.51,8.84,-0.33,-3.733,456040.84,394842.17183
002313.SZ,日海智能,20260915,8.33,8.37,8.05,8.09,8.33,-0.24,-2.8812,56258.0,46015.433
002314.SZ,南山控股,20260915,2.22,2.23,2.15,2.16,2.23,-0.07,-3.139,185814.0,40518.963
002315.SZ,焦点科技,20260915,24.34,24.43,23.66,23.72,24.31,-0.59,-2.427,50483.1,120884.7426
002316.SZ,亚联发展,20260915,4.57,4.64,4.22,4.26,4.6,-0.34,-7.3913,277092.06,121067.12888
002317.SZ,众生药业,20260915,24.85,25.13,24.4,24.8,24.89,-0.09,-0.3616,148068.03,367026.88913
002318.SZ,久立特材,20260915,18.43,18.49,18.12,18.24,18.43,-0.19,-1.0309,45606.15,83249.01115
002319.SZ,乐通股份,20260915,10.18,10.27,9.84,9.92,10.28,-0.36,-3.5019,69880.0,69857.933
002320.SZ,海峡股份,20260915,6.91,6.95,6.65,6.67,6.89,-0.22,-3.193,539989.01,364700.95796
002321.SZ,华英农业,20260915,2.06,2.07,1.97,1.98,2.07,-0.09,-4.3478,310234.99,62384.662
002322.SZ,理工能科,20260915,11.95,12.04,11.75,11.79,11.97,-0.18,-1.5038,33418.98,39655.62937
002323.SZ,*ST雅博,20260915,1.27,1.28,1.25,1.26,1.28,-0.02,-1.5625,399258.02,50241.8895
002324.SZ,普利特,20260915,8.93,9.22,8.91,9.07,8.95,0.12,1.3408,209666.59,190827.16659
002326.SZ,永太科技,20260915,17.06,17.28,16.97,17.02,17.1,-0.08,-0.4678,108877.0,186465.761
002327.SZ,富安娜,20260915,6.13,6.14,6.06,6.09,6.14,-0.05,-0.8143,40799.0,24860.206
002328.SZ,新朋股份,20260915,8.31,8.37,8.13,8.15,8.37,-0.22,-2.6284,336968.22,277204.61161
002329.SZ,皇氏集团,20260915,3.69,3.69,3.53,3.54,3.76,-0.22,-5.8511,370483.76,133017.42252
002330.SZ,得利斯,20260915,4.13,4.16,3.98,4.0,4.13,-0.13,-3.1477,98202.0,39634.454
002331.SZ,皖通科技,20260915,6.94,6.98,6.65,6.66,6.95,-0.29,-4.1727,71199.19,48150.73987
002332.SZ,仙琚制药,20260915,8.7,8.7,8.59,8.6,8.68,-0.08,-0.9217,67177.91,57913.39042
002333.SZ,罗普斯金,20260915,5.26,5.26,5.16,5.17,5.25,-0.08,-1.5238,69188.0,35941.192
002334.SZ,英威腾,20260915,6.59,6.6,6.47,6.48,6.6,-0.12,-1.8182,84839.0,55252.722
002335.SZ,科华数据,20260915,29.1,29.25,28.75,28.78,29.16,-0.38,-1.3032,83882.36,242936.21836
002337.SZ,赛象科技,20260915,4.69,4.72,4.53,4.54,4.72,-0.18,-3.8136,82974.34,38269.95106
002338.SZ,奥普光电,20260915,39.46,40.28,39.32,40.05,39.79,0.26,0.6534,22719.0,90749.899
002339.SZ,积成电子,20260915,7.67,7.72,7.46,7.49,7.7,-0.21,-2.7273,285817.24,215808.79973
002340.SZ,格林美,20260915,6.23,6.27,6.22,6.23,6.25,-0.02,-0.32,325366.64,203144.26283
002342.SZ,巨力索具,20260915,8.0,8.02,7.81,7.84,7.99,-0.15,-1.8773,309535.58,244175.40484
002343.SZ,慈文传媒,20260915,5.77,5.78,5.46,5.49,5.68,-0.19,-3.3451,231889.34,129536.88863
002344.SZ,海宁皮城,20260915,4.12,4.13,3.96,3.96,4.1,-0.14,-3.4146,132603.76,53192.55596
002345.SZ,潮宏基,20260915,9.09,9.09,8.8,8.89,9.13,-0.24,-2.6287,137052.02,121988.17064
002346.SZ,柘中股份,20260915,19.8,19.9,18.65,18.7,19.82,-1.12,-5.6509,221176.98,420167.13194
002347.SZ,泰尔股份,20260915,6.0,6.04,5.78,5.79,5.99,-0.2,-3.3389,87408.11,51360.25001
002348.SZ,高乐股份,20260915,10.4,10.46,10.1,10.17,10.45,-0.28,-2.6794,137717.98,140682.46924
002349.SZ,精华制药,20260915,8.46,8.55,8.12,8.19,8.63,-0.44,-5.0985,1100473.4,908350.35331
002350.SZ,北京科锐,20260915,14.4,14.44,14.11,14.12,14.4,-0.28,-1.9444,36769.0,52447.423
002351.SZ,漫步者,20260915,9.75,9.8,9.61,9.62,9.75,-0.13,-1.3333,35024.0,33930.91064
002352.SZ,顺丰控股,20260915,30.98,31.11,30.89,31.08,30.98,0.1,0.3228,84994.84,263630.23301
002353.SZ,杰瑞股份,20260915,117.44,124.0,116.67,120.7,117.69,3.01,2.5576,145065.96,1759386.63511
002354.SZ,天娱数科,20260915,7.58,7.74,7.44,7.49,7.6,-0.11,-1.4474,1812806.62,1372228.21118
002355.SZ,兴民智通,20260915,4.84,4.85,4.63,4.64,4.82,-0.18,-3.7344,106072.0,49937.044
002356.SZ,鹏飞绿能,20260915,2.8,2.8,2.68,2.69,2.79,-0.1,-3.5842,220614.0,60089.398
002357.SZ,富临运业,20260915,12.12,12.12,11.7,11.76,12.02,-0.26,-2.1631,96379.0,114245.838
002358.SZ,森源电气,20260915,5.39,5.43,5.28,5.29,5.39,-0.1,-1.8553,138694.0,73917.493
002360.SZ,ST同德,20260915,5.51,5.51,5.36,5.41,5.51,-0.1,-1.8149,33349.0,18095.978
002361.SZ,神剑股份,20260915,10.26,10.33,9.91,9.95,10.15,-0.2,-1.9704,546404.72,547468.44398
002362.SZ,汉王科技,20260915,15.9,17.5,15.84,17.5,15.91,1.59,9.9937,130294.54,223167.9558
002363.SZ,隆基机械,20260915,6.87,6.89,6.64,6.68,6.84,-0.16,-2.3392,43055.0,28963.9045
002364.SZ,中恒电气,20260915,34.6,35.92,34.5,34.85,34.8,0.05,0.1437,184532.13,649015.88792
002365.SZ,永安药业,20260915,14.42,14.58,13.98,14.02,14.44,-0.42,-2.9086,199582.34,284464.96862
002366.SZ,融发核电,20260915,5.82,5.83,5.7,5.7,5.84,-0.14,-2.3973,280128.69,161095.96551
002367.SZ,康力电梯,20260915,5.63,5.63,5.5,5.52,5.61,-0.09,-1.6043,96328.0,53255.663
002368.SZ,太极股份,20260915,13.68,13.81,13.46,13.47,13.69,-0.22,-1.607,68543.53,93220.55855
002369.SZ,卓翼科技,20260915,5.8,5.85,5.64,5.64,5.8,-0.16,-2.7586,86100.0,49081.622
002370.SZ,亚太药业,20260915,5.24,5.24,5.08,5.09,5.25,-0.16,-3.0476,127696.0,65615.481
002371.SZ,北方华创,20260915,623.26,654.0,622.5,638.16,626.0,12.16,1.9425,66915.26,4277067.68259
002372.SZ,伟星新材,20260915,8.32,8.32,8.18,8.22,8.3,-0.08,-0.9639,55791.0,46031.919
002373.SZ,千方科技,20260915,7.48,7.54,7.31,7.34,7.48,-0.14,-1.8717,115317.74,85133.39668
002374.SZ,中锐股份,20260915,3.05,3.06,2.97,2.97,3.04,-0.07,-2.3026,151327.0,45394.159
002375.SZ,亚厦股份,20260915,3.8,3.82,3.73,3.75,3.83,-0.08,-2.0888,105926.05,39940.0788
002376.SZ,新北洋,20260915,6.47,6.5,6.36,6.37,6.46,-0.09,-1.3932,62858.0,40261.346
002377.SZ,国创高新,20260915,3.13,3.29,3.03,3.1,3.19,-0.09,-2.8213,1383164.56,437020.30772
002378.SZ,章源钨业,20260915,24.09,25.35,24.01,24.74,23.4,1.34,5.7265,597886.88,1481210.74896
002379.SZ,宏桥控股,20260915,17.59,17.65,17.17,17.27,17.58,-0.31,-1.7634,211543.95,366686.75463
002380.SZ,科远智慧,20260915,25.92,26.3,25.83,25.88,25.94,-0.06,-0.2313,26395.0,68824.315
002381.SZ,双箭股份,20260915,5.52,5.53,5.36,5.38,5.52,-0.14,-2.5362,52601.0,28483.812
002382.SZ,蓝帆医疗,20260915,5.9,5.93,5.78,5.8,5.91,-0.11,-1.8613,79416.98,46300.81043
002383.SZ,合众思壮,20260915,7.72,8.1,7.42,7.42,7.79,-0.37,-4.7497,379449.41,290936.28993
002384.SZ,东山精密,20260915,185.82,188.55,182.51,182.82,185.11,-2.29,-1.2371,476651.61,8853900.25798
002385.SZ,大北农,20260915,3.22,3.23,3.17,3.17,3.24,-0.07,-2.1605,768305.95,245358.0861
002386.SZ,天原股份,20260915,6.01,6.01,5.85,5.85,6.04,-0.19,-3.1457,172630.0,102311.937
002387.SZ,维信诺,20260915,6.86,6.87,6.78,6.82,6.86,-0.04,-0.5831,52315.5,35687.2095
002388.SZ,新亚制程,20260915,6.3,6.32,6.14,6.16,6.26,-0.1,-1.5974,150183.0,93401.785
002389.SZ,航天彩虹,20260915,19.2,19.38,18.9,18.94,19.26,-0.32,-1.6615,212405.11,406001.27395
002390.SZ,信邦制药,20260915,3.01,3.01,2.9,2.91,3.01,-0.1,-3.3223,234081.0,68861.015
002391.SZ,长青股份,20260915,5.28,5.28,5.15,5.17,5.28,-0.11,-2.0833,63672.5,33080.334
002392.SZ,北京利尔,20260915,7.67,7.81,7.6,7.63,7.66,-0.03,-0.3916,91405.02,70471.57548
002393.SZ,力生制药,20260915,13.71,13.71,13.43,13.45,13.66,-0.21,-1.5373,14553.4,19657.5266
002394.SZ,联发股份,20260915,10.5,10.55,10.21,10.26,10.51,-0.25,-2.3787,56259.0,58212.128
002395.SZ,双象股份,20260915,12.64,12.64,12.25,12.3,12.58,-0.28,-2.2258,33092.54,41096.12409
002396.SZ,星网锐捷,20260915,34.51,36.11,34.36,35.3,34.82,0.48,1.3785,701615.44,2481009.13974
002397.SZ,梦洁股份,20260915,3.74,3.74,3.52,3.54,3.71,-0.17,-4.5822,187201.0,67421.579
002398.SZ,垒知集团,20260915,4.18,4.2,4.08,4.09,4.2,-0.11,-2.619,107904.42,44602.35904
002399.SZ,海普瑞,20260915,9.61,9.63,9.38,9.38,9.61,-0.23,-2.3933,21210.0,20091.441
002400.SZ,省广集团,20260915,6.58,6.62,6.35,6.37,6.55,-0.18,-2.7481,493463.09,317745.12553
002401.SZ,中远海科,20260915,12.2,12.35,11.91,11.94,12.13,-0.19,-1.5664,29999.0,36258.1
002402.SZ,和而泰,20260915,18.43,18.77,18.36,18.51,18.32,0.19,1.0371,201640.48,374362.37147
002403.SZ,爱仕达,20260915,9.85,9.95,9.5,9.53,9.93,-0.4,-4.0282,249618.5,241342.8385
002404.SZ,嘉欣丝绸,20260915,5.79,5.79,5.67,5.68,5.8,-0.12,-2.069,63689.0,36410.562
002405.SZ,四维图新,20260915,6.06,6.1,5.98,6.0,6.05,-0.05,-0.8264,214662.23,129457.01849
002406.SZ,远东传动,20260915,6.59,6.6,6.45,6.46,6.59,-0.13,-1.9727,75313.0,49032.495
002407.SZ,多氟多,20260915,31.7,32.66,31.6,32.24,31.84,0.4,1.2563,548897.24,1768370.81056
002408.SZ,齐翔腾达,20260915,5.35,5.4,5.26,5.28,5.38,-0.1,-1.8587,208896.04,110824.63604
002409.SZ,雅克科技,20260915,127.25,135.41,127.25,133.17,128.52,4.65,3.6181,157822.58,2092814.64197
002410.SZ,广联达,20260915,8.36,8.49,8.35,8.37,8.33,0.04,0.4802,201603.8,169614.57475
002412.SZ,汉森制药,20260915,8.97,8.97,8.67,8.69,8.97,-0.28,-3.1215,302367.3,265033.66977
002413.SZ,雷科防务,20260915,8.25,8.29,8.1,8.11,8.3,-0.19,-2.2892,399974.9,326796.1712
002414.SZ,高德红外,20260915,12.19,12.32,12.08,12.11,12.24,-0.13,-1.0621,338373.9,413201.18739
002415.SZ,海康威视,20260915,33.16,33.24,32.68,32.77,33.16,-0.39,-1.1761,298958.01,983832.65539
002416.SZ,爱施德,20260915,9.1,9.17,8.91,8.94,9.1,-0.16,-1.7582,98672.25,88847.6982
002418.SZ,康盛股份,20260915,4.61,4.62,4.45,4.47,4.62,-0.15,-3.2468,875846.0,396030.218
002419.SZ,天虹股份,20260915,4.75,4.76,4.57,4.58,4.76,-0.18,-3.7815,152325.67,70555.51522
002420.SZ,毅昌科技,20260915,6.03,6.06,5.8,5.83,6.02,-0.19,-3.1561,85789.0,50496.023
002421.SZ,达实智能,20260915,3.24,3.25,3.12,3.13,3.23,-0.1,-3.096,848846.29,268772.79367
002422.SZ,科伦药业,20260915,41.05,41.6,40.54,40.65,41.38,-0.73,-1.7641,109761.54,449019.94771
002423.SZ,中粮资本,20260915,9.19,9.23,9.07,9.09,9.23,-0.14,-1.5168,113720.0,103749.559
002424.SZ,ST百灵,20260915,4.52,4.52,4.45,4.45,4.51,-0.06,-1.3304,50582.0,22647.376
002425.SZ,凯撒文化,20260915,3.18,3.2,3.03,3.04,3.18,-0.14,-4.4025,311693.87,96606.21148
002426.SZ,胜利精密,20260915,2.68,2.69,2.61,2.62,2.67,-0.05,-1.8727,440663.95,116441.3898
002427.SZ,尤夫股份,20260915,4.72,4.76,4.59,4.6,4.71,-0.11,-2.3355,124564.37,57989.03933
002428.SZ,云南锗业,20260915,90.78,92.95,89.6,90.27,90.25,0.02,0.0222,385239.17,3508802.32458
002429.SZ,兆驰股份,20260915,7.95,8.03,7.88,7.88,8.02,-0.14,-1.7456,313936.8,249216.27092
002430.SZ,杭氧股份,20260915,25.15,25.99,25.05,25.64,25.23,0.41,1.625,138970.7,355992.6312
002431.SZ,ST棕榈,20260915,1.37,1.37,1.3,1.31,1.37,-0.06,-4.3796,243129.01,32461.15731
002432.SZ,九安医疗,20260915,59.41,60.55,59.27,59.36,59.2,0.16,0.2703,121300.45,726598.76398
002434.SZ,万里扬,20260915,5.75,5.79,5.62,5.64,5.75,-0.11,-1.913,124680.04,71054.433
002436.SZ,兴森科技,20260915,40.27,42.73,40.17,40.86,40.06,0.8,1.997,1413510.77,5868412.09601
002437.SZ,誉衡药业,20260915,3.48,3.5,3.35,3.35,3.51,-0.16,-4.5584,2322878.26,790671.87996
002438.SZ,江苏神通,20260915,13.26,13.38,13.16,13.19,13.28,-0.09,-0.6777,31531.0,41831.207
002439.SZ,启明星辰,20260915,14.39,14.4,13.89,13.92,13.78,0.14,1.016,520600.87,735063.75993
002440.SZ,闰土股份,20260915,12.02,12.08,11.72,11.76,12.06,-0.3,-2.4876,233821.0,276296.995
002441.SZ,众业达,20260915,8.17,8.17,7.99,8.01,8.13,-0.12,-1.476,40938.0,32916.762
002442.SZ,龙星科技,20260915,5.31,5.32,5.15,5.16,5.33,-0.17,-3.1895,106063.0,55250.818
002443.SZ,金洲管道,20260915,11.75,11.8,11.45,11.48,11.78,-0.3,-2.5467,189803.0,220160.54628
002444.SZ,巨星科技,20260915,28.36,28.75,28.04,28.34,28.49,-0.15,-0.5265,67345.74,191235.31651
002445.SZ,中南文化,20260915,3.07,3.1,3.05,3.08,3.09,-0.01,-0.3236,348105.55,107177.62417
002446.SZ,盛路通信,20260915,8.15,8.4,8.13,8.19,8.19,0.0,0.0,227493.6,188293.47983
002448.SZ,中原内配,20260915,11.44,11.53,11.27,11.28,11.49,-0.21,-1.8277,79450.5,90407.5385
002449.SZ,国星光电,20260915,6.47,6.52,6.36,6.36,6.5,-0.14,-2.1538,65265.2,41910.1904
002451.SZ,摩恩电气,20260915,8.01,8.01,7.47,7.51,7.87,-0.36,-4.5743,205890.01,156619.21603
002452.SZ,长高电气,20260915,11.68,11.8,11.42,11.49,11.73,-0.24,-2.046,134233.02,155393.31954
002453.SZ,华软科技,20260915,4.48,4.48,4.31,4.31,4.46,-0.15,-3.3632,84436.0,36994.676
002454.SZ,松芝股份,20260915,5.03,5.03,4.89,4.9,5.02,-0.12,-2.3904,61461.53,30351.27362
002455.SZ,百川股份,20260915,7.1,7.12,6.92,6.94,7.11,-0.17,-2.391,156677.38,109788.63566
002456.SZ,欧菲光,20260915,6.99,7.03,6.88,6.89,6.99,-0.1,-1.4306,509653.98,354298.41118
002457.SZ,青龙管业,20260915,11.8,11.89,11.28,11.3,11.89,-0.59,-4.9622,325260.0,373859.981
002458.SZ,益生股份,20260915,8.46,8.65,8.42,8.48,8.46,0.02,0.2364,241187.84,205807.82386
002459.SZ,晶澳科技,20260915,6.64,6.68,6.55,6.57,6.66,-0.09,-1.3514,198841.67,131370.2578
002460.SZ,赣锋锂业,20260915,46.12,46.46,45.52,45.58,46.68,-1.1,-2.3565,221613.31,1018535.58585
002461.SZ,珠江啤酒,20260915,8.53,8.58,8.45,8.5,8.55,-0.05,-0.5848,27383.27,23269.88747
002462.SZ,嘉事堂,20260915,12.31,12.43,12.04,12.08,12.32,-0.24,-1.9481,28822.0,35226.98098
002463.SZ,沪电股份,20260915,125.7,130.6,125.1,125.82,125.7,0.12,0.0955,408968.81,5230566.46942
002465.SZ,海格通信,20260915,10.05,10.09,9.99,10.0,10.11,-0.11,-1.088,270387.46,271032.1162
002466.SZ,天齐锂业,20260915,42.45,42.75,42.01,42.1,42.97,-0.87,-2.0247,240133.72,1016889.85898
002467.SZ,二六三,20260915,4.82,4.83,4.6,4.61,4.79,-0.18,-3.7578,334890.0,156888.038
002468.SZ,申通快递,20260915,14.51,14.54,14.33,14.36,14.53,-0.17,-1.17,74119.59,106722.04347
002469.SZ,三维化学,20260915,6.1,6.14,5.93,5.94,6.09,-0.15,-2.4631,77987.16,46734.7308
002470.SZ,金正大,20260915,2.22,2.24,2.06,2.07,2.21,-0.14,-6.3348,2857937.16,605674.40114
002471.SZ,中超控股,20260915,5.6,5.61,5.45,5.46,5.61,-0.15,-2.6738,331805.48,182921.50008
002472.SZ,双环传动,20260915,35.48,36.8,34.92,36.22,35.6,0.62,1.7416,261298.98,940647.24254
002474.SZ,榕基软件,20260915,6.55,6.66,6.26,6.32,6.49,-0.17,-2.6194,212882.75,136734.43252
002475.SZ,立讯精密,20260915,52.35,53.26,51.55,51.63,52.78,-1.15,-2.1789,868744.8,4542031.04353
002476.SZ,新叶股份,20260915,5.1,5.1,4.91,4.93,5.08,-0.15,-2.9528,99710.68,49854.643
002478.SZ,常宝股份,20260915,6.78,6.82,6.5,6.51,6.77,-0.26,-3.8405,159004.8,104846.3696
002479.SZ,富春环保,20260915,6.05,6.07,5.91,5.93,6.06,-0.13,-2.1452,121082.01,72342.25493
002480.SZ,新筑股份,20260915,5.28,5.3,5.16,5.17,5.31,-0.14,-2.6365,57128.74,29825.62558
002481.SZ,双塔食品,20260915,4.38,4.38,4.18,4.18,4.39,-0.21,-4.7836,176157.0,74694.81902
002482.SZ,广田集团,20260915,1.33,1.33,1.28,1.29,1.33,-0.04,-3.0075,543543.0,70801.431
002483.SZ,润邦股份,20260915,6.3,6.32,5.88,5.92,6.34,-0.42,-6.6246,327892.44,197768.59578
002484.SZ,江海股份,20260915,57.94,61.2,57.68,58.89,58.13,0.76,1.3074,356251.54,2119929.06699
002485.SZ,ST雪发,20260915,5.81,5.81,5.66,5.66,5.78,-0.12,-2.0761,13573.1,7787.858
002486.SZ,嘉麟杰,20260915,2.74,2.77,2.65,2.68,2.74,-0.06,-2.1898,296147.0,79761.28
002487.SZ,大金重工,20260915,36.8,39.44,35.33,39.44,35.85,3.59,10.0139,807914.48,3052763.08077
002488.SZ,金固股份,20260915,7.43,7.45,7.28,7.38,7.42,-0.04,-0.5391,123894.54,91205.86112
002489.SZ,浙江永强,20260915,2.84,2.84,2.76,2.76,2.84,-0.08,-2.8169,173130.0,48362.329
002490.SZ,山东墨龙,20260915,7.48,7.51,7.22,7.24,7.65,-0.41,-5.3595,374805.0,274351.529
002491.SZ,通鼎互联,20260915,19.78,22.23,19.7,22.23,20.21,2.02,9.9951,2670494.35,5840461.31331
002492.SZ,恒基达鑫,20260915,6.14,6.14,5.88,5.9,6.04,-0.14,-2.3179,70735.0,42072.144
002493.SZ,荣盛石化,20260915,13.21,13.3,13.0,13.06,13.2,-0.14,-1.0606,353320.49,463630.16797
002494.SZ,华斯股份,20260915,4.67,4.69,4.36,4.39,4.67,-0.28,-5.9957,134665.96,60022.53648
002495.SZ,佳隆股份,20260915,2.42,2.42,2.31,2.33,2.41,-0.08,-3.3195,190280.4,44623.401
002496.SZ,辉丰股份,20260915,2.15,2.15,2.06,2.08,2.15,-0.07,-3.2558,277869.0,58217.126
002497.SZ,雅化集团,20260915,16.62,16.84,16.17,16.3,16.84,-0.54,-3.2067,282993.47,465399.94796
002498.SZ,汉缆股份,20260915,6.83,6.9,6.52,6.54,6.85,-0.31,-4.5255,976680.97,648118.35725
002500.SZ,山西证券,20260915,5.26,5.28,5.22,5.23,5.26,-0.03,-0.5703,178066.8,93239.00833
002501.SZ,*ST利源,20260915,1.31,1.39,1.29,1.35,1.31,0.04,3.0534,719888.0,96613.997
002506.SZ,协鑫集成,20260915,2.51,2.52,2.44,2.44,2.51,-0.07,-2.7888,1592742.59,393286.09914
002507.SZ,涪陵榨菜,20260915,11.15,11.16,11.01,11.06,11.16,-0.1,-0.8961,75983.8,84050.9591
002508.SZ,老板电器,20260915,17.0,17.06,16.41,16.47,16.95,-0.48,-2.8319,77904.08,129525.47326
002510.SZ,天汽模,20260915,5.84,5.84,5.57,5.58,5.8,-0.22,-3.7931,230056.01,130373.11158
002511.SZ,中顺洁柔,20260915,7.11,7.14,6.91,6.96,7.11,-0.15,-2.1097,100285.0,70107.663
002512.SZ,ST达华,20260915,3.87,3.94,3.79,3.84,3.85,-0.01,-0.2597,222752.0,86128.283
002513.SZ,蓝丰生化,20260915,5.41,5.42,5.1,5.11,5.37,-0.26,-4.8417,99920.0,51991.309
002514.SZ,*ST宝馨,20260915,2.57,2.66,2.35,2.43,2.54,-0.11,-4.3307,632511.9,158297.8234
002515.SZ,金字火腿,20260915,7.15,7.3,7.09,7.13,7.19,-0.06,-0.8345,406041.19,291770.3821
002516.SZ,旷达科技,20260915,5.78,5.85,5.69,5.69,5.78,-0.09,-1.5571,132787.0,76380.47804
002517.SZ,恺英网络,20260915,17.1,17.63,16.98,17.33,17.01,0.32,1.8812,577915.81,1007174.84026
002518.SZ,科士达,20260915,37.14,37.8,36.61,36.69,37.1,-0.41,-1.1051,178558.18,663329.80051
002519.SZ,银河电子,20260915,6.27,6.29,6.05,6.06,6.27,-0.21,-3.3493,789058.98,483128.45383
002520.SZ,日发精机,20260915,6.19,6.19,5.88,5.9,6.16,-0.26,-4.2208,225365.69,135456.56335
002521.SZ,齐峰新材,20260915,6.46,6.47,6.3,6.33,6.46,-0.13,-2.0124,32313.0,20627.857
002522.SZ,浙江众成,20260915,5.3,5.81,5.23,5.81,5.28,0.53,10.0379,1155562.63,651917.67064
002523.SZ,天桥起重,20260915,3.45,3.47,3.38,3.38,3.46,-0.08,-2.3121,145124.07,49512.3808
002524.SZ,光正眼科,20260915,4.04,4.05,3.85,3.86,4.06,-0.2,-4.9261,131691.0,51523.837
002526.SZ,山东矿机,20260915,2.67,2.67,2.59,2.6,2.67,-0.07,-2.6217,187882.82,49352.60701
002527.SZ,新时达,20260915,10.71,10.72,10.45,10.49,10.75,-0.26,-2.4186,33142.91,35055.48926
002528.SZ,*ST英飞,20260915,6.98,6.98,6.39,6.39,7.1,-0.71,-10.0,382596.97,252187.51804
002529.SZ,海源复材,20260915,6.9,6.94,6.45,6.5,6.88,-0.38,-5.5233,81374.0,53888.55569
002530.SZ,金财互联,20260915,7.15,7.2,7.08,7.08,7.18,-0.1,-1.3928,55896.5,39873.191
002531.SZ,天顺风能,20260915,7.15,7.81,6.78,7.81,7.1,0.71,10.0,1741987.29,1277484.63716
002532.SZ,天山铝业,20260915,13.09,13.18,12.8,12.96,13.03,-0.07,-0.5372,361265.96,468012.8513
002533.SZ,金杯电工,20260915,10.82,10.91,10.75,10.79,10.83,-0.04,-0.3693,40752.0,44158.916
002534.SZ,西子洁能,20260915,15.58,15.73,15.31,15.35,15.66,-0.31,-1.9796,58067.0,89828.014
002535.SZ,林州重机,20260915,2.48,2.49,2.32,2.33,2.47,-0.14,-5.668,152766.5,36477.589
002536.SZ,飞龙股份,20260915,52.98,55.48,52.44,53.36,53.29,0.07,0.1314,437458.1,2362296.46744
002537.SZ,海联金汇,20260915,5.94,5.96,5.76,5.77,5.95,-0.18,-3.0252,188437.0,109822.97
002538.SZ,ST司特,20260915,6.62,6.7,6.59,6.63,6.62,0.01,0.1511,37281.02,24753.19832
002539.SZ,云图控股,20260915,12.39,12.5,12.18,12.25,12.41,-0.16,-1.2893,103358.28,126880.36516
002540.SZ,亚太科技,20260915,5.12,5.13,4.96,4.98,5.12,-0.14,-2.7344,137894.0,69165.067
002541.SZ,鸿路钢构,20260915,18.87,18.99,18.1,18.17,18.86,-0.69,-3.6585,79229.56,145491.61242
002542.SZ,*ST中岩,20260915,1.71,1.75,1.7,1.71,1.74,-0.03,-1.7241,157318.0,27097.059
002543.SZ,万和电气,20260915,7.73,7.76,7.31,7.35,7.84,-0.49,-6.25,261671.25,195198.51017
002544.SZ,普天科技,20260915,15.75,15.89,15.64,15.66,15.86,-0.2,-1.261,58833.0,92580.61108
002545.SZ,东方铁塔,20260915,16.52,16.61,16.23,16.26,16.62,-0.36,-2.1661,101076.0,165579.56334
002546.SZ,新联电子,20260915,7.52,7.57,7.42,7.43,7.55,-0.12,-1.5894,78334.0,58696.593
002547.SZ,*ST春兴,20260915,2.44,2.52,2.33,2.33,2.44,-0.11,-4.5082,302224.4,73141.2252
002548.SZ,金新农,20260915,4.15,4.22,3.95,3.95,4.14,-0.19,-4.5894,373990.61,152419.20848
002549.SZ,凯美特气,20260915,13.05,13.39,12.96,13.29,13.05,0.24,1.8391,176449.92,234021.59581
002550.SZ,千红制药,20260915,6.39,6.4,6.3,6.31,6.39,-0.08,-1.252,59425.61,37646.31591
002551.SZ,尚荣医疗,20260915,3.32,3.36,3.18,3.19,3.32,-0.13,-3.9157,162280.02,52497.43446
002552.SZ,宝鼎科技,20260915,53.95,56.5,53.6,54.2,54.0,0.2,0.3704,435607.91,2386025.74056
002553.SZ,南方精工,20260915,15.8,15.97,15.47,15.47,15.89,-0.42,-2.6432,73665.12,115597.01274
002554.SZ,惠博普,20260915,2.85,2.86,2.77,2.78,2.85,-0.07,-2.4561,215507.16,60472.58132
002555.SZ,三七互娱,20260915,17.48,17.55,17.3,17.37,17.46,-0.09,-0.5155,134281.92,234294.91521
002556.SZ,辉隆股份,20260915,5.25,5.26,5.11,5.11,5.26,-0.15,-2.8517,135349.5,69855.627
002557.SZ,洽洽食品,20260915,18.34,18.34,18.11,18.18,18.3,-0.12,-0.6557,30036.23,54598.47661
002558.SZ,巨人网络,20260915,25.12,25.38,24.98,25.05,25.02,0.03,0.1199,327539.95,824829.91093
002559.SZ,亚威股份,20260915,9.01,9.07,8.89,8.93,9.01,-0.08,-0.8879,134123.0,120287.907
002560.SZ,通达股份,20260915,7.29,8.06,7.21,7.72,7.57,0.15,1.9815,2282336.09,1737855.95902
002561.SZ,徐家汇,20260915,7.67,7.75,7.25,7.3,7.76,-0.46,-5.9278,383897.31,285207.81034
002562.SZ,兄弟科技,20260915,4.88,4.9,4.77,4.78,4.91,-0.13,-2.6477,177032.93,85235.85126
002563.SZ,森马服饰,20260915,5.55,5.62,5.55,5.57,5.57,0.0,0.0,92608.0,51687.227
002564.SZ,天沃科技,20260915,5.09,5.13,4.93,4.94,5.08,-0.14,-2.7559,248064.41,123942.94097
002565.SZ,顺灏股份,20260915,8.84,8.94,8.41,8.63,9.01,-0.38,-4.2175,1203642.81,1041486.65522
002566.SZ,益盛药业,20260915,7.08,7.09,6.77,6.79,7.03,-0.24,-3.4139,56662.0,38872.751
002567.SZ,唐人神,20260915,3.88,3.92,3.79,3.8,3.89,-0.09,-2.3136,237953.72,91603.4266
002568.SZ,百润股份,20260915,17.52,17.59,17.27,17.4,17.47,-0.07,-0.4007,51977.98,90347.47108
002569.SZ,*ST步森,20260915,9.94,10.57,9.75,9.97,9.9,0.07,0.7071,19551.0,19640.656
002570.SZ,贝因美,20260915,4.46,4.46,4.34,4.35,4.47,-0.12,-2.6846,162100.61,70955.26583
002571.SZ,德力股份,20260915,10.58,10.75,10.45,10.54,10.56,-0.02,-0.1894,41872.0,44455.394
002572.SZ,索菲亚,20260915,7.5,7.53,7.41,7.45,7.5,-0.05,-0.6667,42044.46,31382.43732
002573.SZ,清新环境,20260915,3.21,3.21,3.11,3.11,3.22,-0.11,-3.4161,107321.0,33761.23099
002574.SZ,明牌珠宝,20260915,5.06,5.09,4.88,4.88,5.06,-0.18,-3.5573,83367.88,41254.63047
002575.SZ,群兴玩具,20260915,5.17,5.22,5.0,5.01,5.2,-0.19,-3.6538,135143.39,68699.0309
002576.SZ,通达动力,20260915,14.35,14.5,13.88,13.92,14.37,-0.45,-3.1315,23970.0,33707.867
002577.SZ,雷柏科技,20260915,17.98,18.4,17.98,18.08,17.99,0.09,0.5003,20114.0,36578.046
002578.SZ,闽发铝业,20260915,4.03,4.08,3.92,3.93,4.05,-0.12,-2.963,152966.0,60965.317
002579.SZ,中京电子,20260915,18.78,19.79,18.41,18.6,18.79,-0.19,-1.0112,2055969.56,3910512.80062
002580.SZ,圣阳股份,20260915,18.61,19.68,18.55,19.29,18.77,0.52,2.7704,471242.42,908926.11952
002581.SZ,*ST未名,20260915,5.25,5.31,5.07,5.07,5.28,-0.21,-3.9773,37815.0,19430.433
002582.SZ,好想你,20260915,9.92,9.97,9.53,9.55,9.92,-0.37,-3.7298,162635.0,156951.657
002583.SZ,海能达,20260915,8.28,8.32,8.13,8.16,8.28,-0.12,-1.4493,104266.0,85371.449
002584.SZ,西陇科学,20260915,7.85,8.68,7.81,8.68,7.89,0.79,10.0127,646325.1,545163.64729
002585.SZ,双星新材,20260915,11.32,12.06,11.14,12.06,10.96,1.1,10.0365,1972856.98,2331857.90327
002586.SZ,围海股份,20260915,3.84,3.93,3.78,3.8,3.83,-0.03,-0.7833,124391.0,47639.844
002587.SZ,奥拓电子,20260915,5.2,5.21,5.02,5.07,5.4,-0.33,-6.1111,239041.0,122111.07288
002588.SZ,史丹利,20260915,7.79,7.79,7.67,7.73,7.8,-0.07,-0.8974,111482.85,86205.33263
002589.SZ,瑞康医药,20260915,3.11,3.11,2.92,2.94,3.13,-0.19,-6.0703,802564.73,240482.74714
002590.SZ,万安科技,20260915,9.59,9.67,9.44,9.45,9.59,-0.14,-1.4599,34825.69,33242.30105
002591.SZ,恒大高新,20260915,6.4,6.4,6.12,6.13,6.4,-0.27,-4.2188,157260.0,97931.511
002592.SZ,ST八菱,20260915,6.54,6.55,6.38,6.38,6.55,-0.17,-2.5954,24459.0,15746.48
002593.SZ,日上集团,20260915,4.64,4.65,4.51,4.52,4.65,-0.13,-2.7957,137226.0,62838.336
002594.SZ,比亚迪,20260915,85.75,85.99,84.2,84.3,85.43,-1.13,-1.3227,193561.95,1643049.33877
002595.SZ,豪迈科技,20260915,40.2,40.53,39.82,40.27,40.04,0.23,0.5744,37360.88,150492.20212
002596.SZ,海南瑞泽,20260915,3.47,3.53,3.34,3.36,3.46,-0.1,-2.8902,241122.0,82167.2475
002597.SZ,金禾实业,20260915,21.54,22.01,20.97,21.72,21.62,0.1,0.4625,93484.23,201518.52495
002598.SZ,ST章鼓,20260915,6.91,6.93,6.8,6.8,6.91,-0.11,-1.5919,17210.0,11750.73
002599.SZ,盛通股份,20260915,5.59,5.59,5.45,5.46,5.57,-0.11,-1.9749,61588.0,33904.815
002600.SZ,领益智造,20260915,13.08,13.1,12.55,12.61,13.18,-0.57,-4.3247,1402283.78,1787052.66641
002601.SZ,龙佰集团,20260915,15.32,15.41,14.88,14.95,15.15,-0.2,-1.3201,141075.39,212867.16174
002602.SZ,世纪华通,20260915,15.21,15.25,14.91,14.93,15.06,-0.13,-0.8632,549133.89,828015.51059
002603.SZ,以岭药业,20260915,15.4,15.42,15.12,15.2,15.38,-0.18,-1.1704,80679.98,122797.75846
002605.SZ,姚记科技,20260915,16.5,16.54,16.34,16.37,16.47,-0.1,-0.6072,24907.99,40926.68541
002606.SZ,大连电瓷,20260915,12.46,12.55,12.36,12.38,12.44,-0.06,-0.4823,74596.05,92736.95179
002607.SZ,中公教育,20260915,1.95,1.95,1.88,1.89,1.95,-0.06,-3.0769,1516168.18,290142.31506
002608.SZ,江苏国信,20260915,7.55,7.63,7.45,7.56,7.57,-0.01,-0.1321,153384.02,115552.71679
002609.SZ,捷顺科技,20260915,7.66,7.72,7.52,7.52,7.67,-0.15,-1.9557,42543.0,32309.869
002611.SZ,东方精工,20260915,13.88,13.9,13.71,13.72,13.88,-0.16,-1.1527,93505.19,128957.00719
002612.SZ,朗姿股份,20260915,15.89,15.92,15.47,15.53,15.9,-0.37,-2.327,37537.0,58885.607
002613.SZ,北玻股份,20260915,3.52,3.62,3.44,3.45,3.58,-0.13,-3.6313,438543.38,153351.66762
002614.SZ,奥佳华,20260915,5.56,5.6,5.47,5.5,5.58,-0.08,-1.4337,73045.0,40240.482
002615.SZ,哈尔斯,20260915,6.27,6.29,6.14,6.17,6.27,-0.1,-1.5949,52950.98,32793.56868
002616.SZ,长青集团,20260915,4.88,4.92,4.79,4.8,4.9,-0.1,-2.0408,101403.0,49039.517
002617.SZ,露笑科技,20260915,6.5,6.56,6.38,6.38,6.57,-0.19,-2.8919,948425.5,611052.07296
002620.SZ,*ST瑞和,20260915,5.73,5.78,5.63,5.63,5.76,-0.13,-2.2569,40787.0,23143.6205
002622.SZ,皓宸医疗,20260915,2.58,2.6,2.43,2.44,2.59,-0.15,-5.7915,209390.0,52105.242
002623.SZ,亚玛顿,20260915,15.97,16.45,15.66,16.18,16.05,0.13,0.81,42450.0,68392.535
002624.SZ,完美世界,20260915,10.08,10.12,9.86,9.88,10.01,-0.13,-1.2987,420277.32,419230.43752
002625.SZ,光启技术,20260915,26.65,27.0,26.59,26.68,26.51,0.17,0.6413,121543.29,325661.52416
002626.SZ,金达威,20260915,16.4,16.4,16.02,16.14,16.43,-0.29,-1.7651,26765.0,43223.295
002627.SZ,三峡旅游,20260915,6.82,6.84,6.56,6.61,6.8,-0.19,-2.7941,123159.0,81760.818
002628.SZ,成都路桥,20260915,5.08,5.14,4.94,4.97,5.07,-0.1,-1.9724,186339.0,93553.134
002629.SZ,仁智股份,20260915,4.44,4.44,4.19,4.21,4.43,-0.22,-4.9661,184087.5,79346.4635
002630.SZ,*ST华西,20260915,1.72,1.72,1.66,1.66,1.71,-0.05,-2.924,129809.6,21761.7656
002631.SZ,德尔未来,20260915,9.31,10.21,9.28,10.21,9.28,0.93,10.0216,321874.45,316799.55345
002632.SZ,道明光学,20260915,9.58,9.74,9.19,9.24,9.56,-0.32,-3.3473,348388.94,330082.68979
002633.SZ,申科股份,20260915,14.34,14.39,13.7,13.72,14.33,-0.61,-4.2568,16262.69,22705.471
002634.SZ,*ST棒杰,20260915,4.18,4.19,4.09,4.1,4.19,-0.09,-2.148,28128.0,11637.0452
002635.SZ,安洁科技,20260915,14.93,14.98,14.57,14.7,14.82,-0.12,-0.8097,86479.0,127298.173
002636.SZ,金安国纪,20260915,82.0,86.05,81.51,83.99,82.5,1.49,1.8061,839908.57,7048735.24113
002637.SZ,赞宇科技,20260915,11.45,11.49,10.96,11.04,11.53,-0.49,-4.2498,161554.79,180175.51495
002638.SZ,勤上股份,20260915,4.07,4.11,3.98,4.01,4.06,-0.05,-1.2315,221007.71,89410.33772
002639.SZ,雪人集团,20260915,12.99,13.29,12.72,12.95,12.99,-0.04,-0.3079,537076.67,698313.77958
002640.SZ,跨境通,20260915,3.38,3.39,3.23,3.24,3.4,-0.16,-4.7059,902212.0,297179.407
002641.SZ,公元股份,20260915,3.9,3.9,3.78,3.79,3.88,-0.09,-2.3196,93174.0,35564.82
002642.SZ,荣联科技,20260915,7.17,7.22,6.85,6.85,7.08,-0.23,-3.2486,141788.0,99165.55
002643.SZ,万润股份,20260915,12.88,13.33,12.81,13.15,12.89,0.26,2.0171,191944.36,252388.15826
002644.SZ,佛慈制药,20260915,8.44,8.49,8.16,8.18,8.47,-0.29,-3.4238,57046.0,47239.673
002645.SZ,华宏科技,20260915,17.43,18.42,17.35,18.15,17.43,0.72,4.1308,244797.3,439762.868
002646.SZ,天佑德酒,20260915,6.87,6.88,6.69,6.71,6.87,-0.16,-2.329,42858.0,28960.292
002647.SZ,仁东控股,20260915,10.96,11.21,10.87,10.98,10.96,0.02,0.1825,119809.0,131873.526
002648.SZ,卫星化学,20260915,26.77,27.09,26.58,26.85,26.91,-0.06,-0.223,208866.45,560974.18761
002649.SZ,博彦科技,20260915,9.38,9.45,9.16,9.18,9.34,-0.16,-1.7131,80742.79,74945.65839
002650.SZ,ST加加,20260915,6.36,6.38,6.22,6.25,6.35,-0.1,-1.5748,24612.0,15475.375
002651.SZ,利君股份,20260915,8.72,8.78,8.34,8.34,8.75,-0.41,-4.6857,252385.08,214271.6593
002652.SZ,扬子新材,20260915,4.74,4.74,4.54,4.56,4.7,-0.14,-2.9787,233284.0,107827.376
002653.SZ,海思科,20260915,63.38,64.45,63.32,63.49,64.0,-0.51,-0.7969,20256.0,129095.163
002654.SZ,万润科技,20260915,13.32,13.66,13.26,13.46,13.38,0.08,0.5979,249053.69,335711.79652
002655.SZ,共达电声,20260915,34.6,35.28,33.5,33.69,35.0,-1.31,-3.7429,188506.0,644917.79
002656.SZ,摩登大道,20260915,2.82,2.83,2.72,2.73,2.83,-0.1,-3.5336,122959.99,33979.95426
002657.SZ,中科金财,20260915,15.15,15.3,14.83,14.85,15.14,-0.29,-1.9155,47206.05,70821.1102
002658.SZ,雪迪龙,20260915,7.41,7.5,7.31,7.31,7.43,-0.12,-1.6151,44605.54,32855.27571
002659.SZ,凯文教育,20260915,4.58,4.6,4.38,4.4,4.53,-0.13,-2.8698,99967.0,44615.779
002660.SZ,茂硕电源,20260915,7.55,7.63,7.41,7.42,7.58,-0.16,-2.1108,89777.1,67387.699
002661.SZ,克明食品,20260915,7.92,7.97,7.54,7.56,7.87,-0.31,-3.939,232915.19,179055.53767
002662.SZ,峰璟股份,20260915,3.23,3.25,3.16,3.17,3.23,-0.06,-1.8576,91156.0,29081.428
002663.SZ,普邦股份,20260915,1.72,1.74,1.67,1.67,1.73,-0.06,-3.4682,238522.5,40509.462
002664.SZ,信质集团,20260915,14.5,14.55,14.15,14.17,14.48,-0.31,-2.1409,28361.16,40535.1797
002666.SZ,德联集团,20260915,4.17,4.17,4.06,4.06,4.17,-0.11,-2.6379,74128.0,30400.362
002667.SZ,*ST威领,20260915,18.38,19.38,18.32,19.32,18.27,1.05,5.7471,198442.0,375051.529
002668.SZ,TCL智家,20260915,9.15,9.55,9.11,9.49,9.08,0.41,4.5154,279404.52,262532.85963
002669.SZ,康达新材,20260915,13.75,14.98,13.7,14.37,13.75,0.62,4.5091,666604.64,959142.66945
002670.SZ,国盛证券,20260915,11.5,11.54,11.29,11.3,11.51,-0.21,-1.8245,135095.89,153297.41459
002671.SZ,龙泉股份,20260915,4.0,4.01,3.85,3.87,4.01,-0.14,-3.4913,113688.0,44321.77949
002672.SZ,东江环保,20260915,3.73,3.73,3.56,3.58,3.73,-0.15,-4.0214,81699.0,29639.097
002673.SZ,西部证券,20260915,6.72,6.73,6.65,6.69,6.71,-0.02,-0.2981,147146.45,98265.1726
002674.SZ,兴业科技,20260915,18.5,18.78,18.33,18.43,18.65,-0.22,-1.1796,64393.0,119291.245
002675.SZ,东诚药业,20260915,12.62,12.65,12.5,12.62,12.62,0.0,0.0,32912.57,41379.35434
002676.SZ,顺威股份,20260915,5.17,5.19,5.05,5.07,5.17,-0.1,-1.9342,94050.19,47922.42434
002677.SZ,浙江美大,20260915,6.42,6.45,6.23,6.24,6.43,-0.19,-2.9549,36131.0,22777.9392
002678.SZ,珠江钢琴,20260915,4.45,4.47,4.28,4.3,4.46,-0.16,-3.5874,59323.0,25892.411
002679.SZ,福建金森,20260915,10.62,10.62,10.24,10.25,10.6,-0.35,-3.3019,97911.0,101517.176
002681.SZ,奋达科技,20260915,4.64,4.69,4.5,4.51,4.64,-0.13,-2.8017,281231.27,127983.6172
002682.SZ,龙洲股份,20260915,5.11,5.13,4.93,4.95,5.13,-0.18,-3.5088,220981.0,110641.237
002683.SZ,广东宏大,20260915,28.46,28.65,27.74,27.75,28.47,-0.72,-2.529,67426.74,189284.20474
002685.SZ,华东重机,20260915,5.26,5.29,5.19,5.21,5.26,-0.05,-0.9506,206422.0,108073.993
002686.SZ,亿利达,20260915,6.22,6.25,6.08,6.08,6.21,-0.13,-2.0934,71346.0,43836.398
002687.SZ,乔治白,20260915,6.22,6.22,5.92,5.94,6.19,-0.25,-4.0388,164202.03,99282.35282
002688.SZ,金河生物,20260915,5.21,5.21,5.06,5.07,5.2,-0.13,-2.5,90956.14,46476.01884
002689.SZ,ST远智,20260915,2.9,2.93,2.86,2.86,2.9,-0.04,-1.3793,44320.4,12819.212
002690.SZ,美亚光电,20260915,15.68,15.75,15.35,15.4,15.68,-0.28,-1.7857,34226.13,53080.60019
002691.SZ,*ST冀凯,20260915,4.35,4.36,4.14,4.2,4.35,-0.15,-3.4483,21200.0,8963.307
002692.SZ,远程股份,20260915,4.42,4.43,4.28,4.29,4.43,-0.14,-3.1603,113572.4,49373.7334
002693.SZ,双成药业,20260915,8.7,8.71,8.54,8.55,8.62,-0.07,-0.8121,73807.35,63696.0226
002694.SZ,*ST顾地,20260915,2.44,2.44,2.28,2.3,2.39,-0.09,-3.7657,38021.6,8947.1338
002695.SZ,煌上煌,20260915,10.43,10.58,10.21,10.24,10.45,-0.21,-2.0096,66179.0,68675.882
002696.SZ,百洋股份,20260915,6.93,7.14,6.44,6.48,6.94,-0.46,-6.6282,251491.0,167513.486
002697.SZ,红旗连锁,20260915,4.7,4.7,4.56,4.58,4.7,-0.12,-2.5532,201665.7,92688.1306
002698.SZ,博实股份,20260915,11.29,11.38,11.23,11.27,11.35,-0.08,-0.7048,47948.0,54121.221
002700.SZ,万憬能源,20260915,6.51,6.55,6.27,6.3,6.52,-0.22,-3.3742,59615.0,37934.291
002701.SZ,奥瑞金,20260915,4.43,4.46,4.4,4.44,4.44,0.0,0.0,125650.84,55687.54012
002702.SZ,海欣食品,20260915,5.31,5.37,5.06,5.08,5.3,-0.22,-4.1509,691488.6,356514.2201
002703.SZ,浙江世宝,20260915,15.87,15.93,15.37,15.4,15.93,-0.53,-3.3271,257199.86,399932.98788
002705.SZ,新宝股份,20260915,11.16,11.19,11.03,11.08,11.14,-0.06,-0.5386,20089.0,22283.266
002706.SZ,良信股份,20260915,8.94,8.99,8.88,8.91,8.97,-0.06,-0.6689,115518.95,103067.42931
002707.SZ,众信旅游,20260915,5.38,5.39,5.02,5.03,5.37,-0.34,-6.3315,271267.0,139364.498
002708.SZ,光洋股份,20260915,16.81,16.88,16.23,16.36,16.89,-0.53,-3.138,268606.25,442993.7525
002709.SZ,天赐材料,20260915,32.71,33.49,32.64,32.79,33.04,-0.25,-0.7567,327865.22,1083727.25468
002712.SZ,思美传媒,20260915,5.14,5.15,4.85,4.88,5.1,-0.22,-4.3137,184191.0,91278.936
002713.SZ,东易日盛,20260915,9.95,10.05,9.52,9.52,9.93,-0.41,-4.1289,132462.84,128810.79318
002714.SZ,牧原股份,20260915,42.56,43.35,42.22,42.37,42.59,-0.22,-0.5166,403693.67,1728799.39284
002715.SZ,登云股份,20260915,13.28,13.34,12.68,12.76,13.33,-0.57,-4.2761,34190.5,44122.979
002716.SZ,湖南白银,20260915,9.89,9.95,9.73,9.76,9.88,-0.12,-1.2146,796854.8,782208.02204
002717.SZ,*ST岭南,20260915,0.91,0.91,0.83,0.86,0.91,-0.05,-5.4945,713575.5,62568.3935
002718.SZ,友邦吊顶,20260915,83.98,84.71,81.89,82.17,83.98,-1.81,-2.1553,5802.0,48077.948
002719.SZ,ST麦趣,20260915,6.46,6.52,6.18,6.19,6.49,-0.3,-4.6225,41487.4,26365.2674
002721.SZ,金一文化,20260915,2.74,2.75,2.65,2.65,2.75,-0.1,-3.6364,629498.98,169156.59669
002722.SZ,物产金轮,20260915,13.02,13.07,12.72,12.77,13.05,-0.28,-2.1456,21784.29,28050.39361
002723.SZ,小崧股份,20260915,8.26,8.26,7.66,7.73,8.14,-0.41,-5.0369,124364.0,98029.595
002724.SZ,海洋王,20260915,6.77,6.82,6.58,6.61,6.77,-0.16,-2.3634,109853.86,73113.42918
002725.SZ,跃岭股份,20260915,11.21,11.21,10.77,10.79,11.14,-0.35,-3.1418,39625.0,43400.793
002726.SZ,ST龙大,20260915,2.46,2.5,2.33,2.34,2.48,-0.14,-5.6452,573054.67,137506.85155
002727.SZ,一心堂,20260915,11.11,11.15,10.85,10.91,11.12,-0.21,-1.8885,45847.0,50286.414
002728.SZ,特一药业,20260915,9.39,9.57,9.09,9.11,9.4,-0.29,-3.0851,148855.44,137932.5316
002729.SZ,好利科技,20260915,13.64,13.68,13.23,13.33,13.72,-0.39,-2.8426,29705.99,39934.22065
002730.SZ,电光科技,20260915,21.89,22.33,21.6,21.64,21.88,-0.24,-1.0969,54278.2,118775.6692
002732.SZ,燕塘乳业,20260915,13.92,14.06,13.45,13.54,13.88,-0.34,-2.4496,16334.0,22239.942
002733.SZ,雄韬股份,20260915,17.52,18.06,17.42,17.65,17.52,0.13,0.742,98616.35,175749.42375
002734.SZ,利民股份,20260915,16.66,17.59,16.63,17.08,16.74,0.34,2.0311,260170.75,447256.40704
002735.SZ,王子新材,20260915,12.89,13.65,12.49,12.5,12.88,-0.38,-2.9503,498938.63,650323.05787
002736.SZ,国信证券,20260915,9.9,9.93,9.86,9.88,9.89,-0.01,-0.1011,129956.19,128547.05472
002737.SZ,葵花药业,20260915,11.44,11.47,11.3,11.31,11.44,-0.13,-1.1364,28694.99,32585.9797
002738.SZ,中矿资源,20260915,43.88,44.58,43.63,43.96,44.58,-0.62,-1.3908,126976.97,560089.22404
002739.SZ,儒意电影,20260915,8.7,8.75,8.49,8.52,8.71,-0.19,-2.1814,364629.79,312190.29954
002741.SZ,光华科技,20260915,24.07,26.66,24.07,24.98,24.24,0.74,3.0528,434809.85,1100517.54466
002742.SZ,冀衡医药,20260915,4.23,4.24,4.04,4.05,4.23,-0.18,-4.2553,321460.0,132073.914
002743.SZ,ST富煌,20260915,5.37,5.53,4.87,4.87,5.41,-0.54,-9.9815,419176.0,216221.621
002745.SZ,木林森,20260915,11.93,12.04,11.8,11.86,11.92,-0.06,-0.5034,577328.0,686181.4788
002746.SZ,仙坛股份,20260915,6.5,6.57,6.44,6.52,6.48,0.04,0.6173,142105.97,92673.39635
002747.SZ,埃斯顿,20260915,28.96,29.07,28.56,28.63,28.96,-0.33,-1.1395,155450.29,447190.68249
002748.SZ,世龙实业,20260915,12.16,12.16,11.6,11.62,12.01,-0.39,-3.2473,47563.0,55987.717
002749.SZ,国光股份,20260915,8.51,8.59,8.36,8.37,8.54,-0.17,-1.9906,28175.33,23734.59114
002752.SZ,昇兴股份,20260915,6.28,6.28,6.11,6.14,6.32,-0.18,-2.8481,114932.25,71060.87495
002753.SZ,永东股份,20260915,6.75,6.95,6.54,6.57,6.82,-0.25,-3.6657,164411.45,109793.73962
002755.SZ,奥赛康,20260915,11.48,11.48,11.23,11.26,11.4,-0.14,-1.2281,41481.85,46953.4238
002756.SZ,永兴材料,20260915,40.8,41.27,40.6,40.76,41.15,-0.39,-0.9478,47235.54,193223.77244
002757.SZ,南兴股份,20260915,17.4,18.25,17.38,17.39,17.39,0.0,0.0,176712.0,313199.08631
002758.SZ,浙农股份,20260915,8.73,8.8,8.48,8.5,8.73,-0.23,-2.6346,85968.14,73706.36414
002759.SZ,ST天际,20260915,14.99,15.25,14.58,14.6,15.09,-0.49,-3.2472,152443.1,227631.99734
002760.SZ,凤形股份,20260915,17.36,17.53,16.49,16.63,17.36,-0.73,-4.2051,33073.0,55736.553
002761.SZ,浙江建投,20260915,7.29,7.32,7.1,7.11,7.29,-0.18,-2.4691,84695.0,60634.525
002762.SZ,金发拉比,20260915,9.73,9.75,9.24,9.24,9.69,-0.45,-4.644,79208.5,74458.7075
002763.SZ,汇洁股份,20260915,7.34,7.37,7.15,7.16,7.35,-0.19,-2.585,48194.6,34774.0496
002765.SZ,蓝黛科技,20260915,7.09,7.09,6.82,6.83,7.09,-0.26,-3.6671,90595.0,62696.93298
002766.SZ,索菱股份,20260915,4.08,4.15,4.0,4.01,4.12,-0.11,-2.6699,135281.0,54895.613
002767.SZ,先锋电子,20260915,17.52,17.62,16.92,16.95,17.64,-0.69,-3.9116,18932.0,32527.897
002768.SZ,国恩股份,20260915,62.1,62.82,61.43,61.77,62.53,-0.76,-1.2154,45057.62,279398.87682
002769.SZ,普路通,20260915,6.62,6.88,6.4,6.65,6.64,0.01,0.1506,287658.7,191455.5458
002771.SZ,真视通,20260915,14.89,14.94,13.91,13.97,14.82,-0.85,-5.7355,138417.1,196930.9615
002772.SZ,众兴菌业,20260915,11.06,11.06,10.7,10.74,11.04,-0.3,-2.7174,120515.57,131186.79987
002773.SZ,康弘药业,20260915,19.02,19.27,18.95,19.13,19.16,-0.03,-0.1566,23230.28,44387.6122
002774.SZ,快意电梯,20260915,15.45,15.66,15.23,15.42,15.6,-0.18,-1.1538,46456.0,71737.75
002775.SZ,文科股份,20260915,3.37,3.38,3.15,3.16,3.38,-0.22,-6.5089,126607.2,40979.8178
002777.SZ,久远银海,20260915,12.67,12.9,12.49,12.5,12.7,-0.2,-1.5748,38376.0,48521.872
002778.SZ,中晟高科,20260915,15.82,15.83,15.2,15.22,15.82,-0.6,-3.7927,29617.46,45850.2723
002779.SZ,中坚科技,20260915,79.08,80.4,76.98,77.15,79.52,-2.37,-2.9804,17722.94,138830.76776
002780.SZ,三夫户外,20260915,13.13,13.15,12.74,12.76,13.15,-0.39,-2.9658,41981.0,54252.284
002782.SZ,可立克,20260915,14.96,15.15,14.73,14.8,15.05,-0.25,-1.6611,52169.0,78089.951
002783.SZ,凯龙股份,20260915,7.86,7.93,7.63,7.66,7.87,-0.21,-2.6684,73394.0,56625.8425
002785.SZ,万里石,20260915,36.5,36.5,35.47,35.65,36.2,-0.55,-1.5193,33623.0,121036.696
002786.SZ,银宝山新,20260915,7.6,7.66,7.28,7.29,7.7,-0.41,-5.3247,110586.0,82011.237
002787.SZ,华源控股,20260915,22.94,23.39,22.7,23.09,23.01,0.08,0.3477,94579.0,218686.289
002788.SZ,鹭燕医药,20260915,10.84,10.84,10.44,10.44,10.85,-0.41,-3.7788,88841.0,94067.664
002789.SZ,*ST建艺,20260915,13.27,13.41,12.66,12.84,13.4,-0.56,-4.1791,38797.7,50201.1069
002790.SZ,瑞尔特,20260915,8.12,8.19,7.54,7.54,8.38,-0.84,-10.0239,471062.28,359637.56684
002791.SZ,坚朗五金,20260915,14.39,14.43,14.05,14.09,14.36,-0.27,-1.8802,22199.0,31599.775
002792.SZ,通宇通讯,20260915,29.55,30.03,29.17,29.46,29.8,-0.34,-1.1409,152119.5,450014.42308
002793.SZ,罗欣药业,20260915,4.55,4.58,4.45,4.46,4.59,-0.13,-2.8322,149729.97,67394.08962
002795.SZ,永和智控,20260915,7.47,7.55,7.22,7.26,7.54,-0.28,-3.7135,146816.96,107917.042
002796.SZ,世嘉科技,20260915,27.77,28.3,27.5,27.55,28.04,-0.49,-1.7475,46129.0,128361.506
002797.SZ,第一创业,20260915,6.27,6.28,6.22,6.24,6.27,-0.03,-0.4785,229468.4,143169.8826
002798.SZ,帝欧水华,20260915,6.71,6.78,6.5,6.52,6.66,-0.14,-2.1021,94211.67,62378.58751
002799.SZ,环球印务,20260915,6.75,6.77,6.51,6.54,6.79,-0.25,-3.6819,48057.08,31788.24488
002800.SZ,天顺股份,20260915,15.3,15.3,14.84,15.12,15.28,-0.16,-1.0471,25765.92,38851.585
002801.SZ,微光股份,20260915,26.67,26.79,26.16,26.2,26.52,-0.32,-1.2066,8677.0,22860.94
002802.SZ,洪汇新材,20260915,12.06,12.07,11.64,11.7,12.05,-0.35,-2.9046,19828.0,23439.163
002803.SZ,吉宏股份,20260915,19.74,20.42,19.65,19.65,19.76,-0.11,-0.5567,73306.85,146882.20536
002805.SZ,丰元股份,20260915,16.45,16.99,16.3,16.7,16.49,0.21,1.2735,111174.62,186164.34208
002806.SZ,华锋股份,20260915,14.35,14.68,14.18,14.2,14.41,-0.21,-1.4573,42222.99,60852.04476
002807.SZ,江阴银行,20260915,4.29,4.3,4.21,4.23,4.29,-0.06,-1.3986,504987.97,214023.66716
002809.SZ,红墙股份,20260915,8.41,8.42,8.05,8.06,8.41,-0.35,-4.1617,57997.2,47537.87213
002810.SZ,山东赫达,20260915,20.98,21.16,20.76,20.84,21.08,-0.24,-1.1385,30216.0,63087.801
002811.SZ,郑中设计,20260915,13.73,14.22,13.73,14.03,13.82,0.21,1.5195,88683.0,124241.164
002812.SZ,恩捷股份,20260915,47.86,48.76,47.8,47.87,48.09,-0.22,-0.4575,104694.5,505147.63087
002813.SZ,路畅科技,20260915,21.42,21.56,20.78,20.85,21.42,-0.57,-2.6611,14392.0,30406.384
002815.SZ,崇达技术,20260915,21.12,22.07,20.88,21.66,21.12,0.54,2.5568,1125399.88,2430715.01872
002816.SZ,*ST和科,20260915,22.56,22.91,22.02,22.02,22.56,-0.54,-2.3936,11063.0,24916.722
002817.SZ,黄山胶囊,20260915,6.6,6.62,6.29,6.3,6.6,-0.3,-4.5455,55820.0,35651.745
002818.SZ,富森美,20260915,11.37,11.52,11.27,11.39,11.37,0.02,0.1759,34871.7,39818.61845
002819.SZ,东方中科,20260915,21.22,21.86,21.0,21.13,21.67,-0.54,-2.4919,51961.32,110824.8622
002820.SZ,桂发祥,20260915,9.8,9.82,9.43,9.44,9.8,-0.36,-3.6735,67890.0,65001.849
002821.SZ,凯莱英,20260915,177.0,179.76,175.22,177.2,177.6,-0.4,-0.2252,77188.09,1372020.68646
002822.SZ,ST中装,20260915,2.98,3.05,2.96,2.97,2.99,-0.02,-0.6689,56487.0,16938.152
002823.SZ,凯中精密,20260915,12.7,12.74,12.51,12.52,12.75,-0.23,-1.8039,21926.0,27619.908
002824.SZ,和胜股份,20260915,23.58,25.8,23.5,25.54,23.82,1.72,7.2208,271387.04,681520.94
002825.SZ,纳尔股份,20260915,9.93,9.95,9.69,9.71,9.9,-0.19,-1.9192,27727.05,27114.31477
002826.SZ,易明医药,20260915,17.22,17.22,16.53,16.56,17.2,-0.64,-3.7209,28593.0,47897.366
002827.SZ,高争民爆,20260915,62.0,65.38,61.09,64.36,61.35,3.01,4.9063,86722.5,553688.5655
002828.SZ,贝肯能源,20260915,10.85,10.85,10.49,10.5,10.89,-0.39,-3.5813,106855.0,113797.949
002829.SZ,星网宇达,20260915,19.45,19.52,19.18,19.22,19.57,-0.35,-1.7885,42177.0,81363.515
002830.SZ,名雕股份,20260915,14.68,14.68,14.16,14.2,14.71,-0.51,-3.467,22023.0,31665.7624
002831.SZ,裕同科技,20260915,28.1,28.33,27.7,27.89,28.3,-0.41,-1.4488,88960.72,248597.24755
002832.SZ,比音勒芬,20260915,25.4,25.73,25.2,25.55,25.35,0.2,0.789,34962.95,89233.5871
002833.SZ,弘亚数控,20260915,17.86,17.99,17.65,17.68,17.85,-0.17,-0.9524,18076.0,32209.859
002835.SZ,同为股份,20260915,12.66,13.14,12.4,12.41,12.65,-0.24,-1.8972,37075.0,47219.175
002836.SZ,新宏泽,20260915,9.94,9.94,9.2,9.38,9.94,-0.56,-5.6338,37534.28,35678.4614
002837.SZ,英维克,20260915,59.81,61.43,59.77,59.84,60.01,-0.17,-0.2833,285658.5,1729471.70129
002838.SZ,道恩股份,20260915,24.39,24.59,24.17,24.23,24.39,-0.16,-0.656,33932.25,82827.7878
002839.SZ,张家港行,20260915,4.46,4.46,4.36,4.38,4.47,-0.09,-2.0134,366440.67,160831.27306
002840.SZ,华统股份,20260915,8.34,8.55,8.24,8.32,8.33,-0.01,-0.12,137084.8,115058.0766
002841.SZ,视源股份,20260915,45.0,46.25,45.0,46.13,45.2,0.93,2.0575,48275.0,221579.893
002842.SZ,翔鹭钨业,20260915,36.0,36.92,35.44,36.6,33.56,3.04,9.0584,609179.11,2219531.76462
002843.SZ,泰嘉股份,20260915,15.83,16.45,15.78,16.07,15.85,0.22,1.388,85639.0,138254.715
002845.SZ,同兴达,20260915,13.8,13.94,13.62,13.71,13.87,-0.16,-1.1536,57489.4,78891.1004
002846.SZ,英联股份,20260915,10.54,11.59,10.47,11.59,10.54,1.05,9.962,129909.23,148830.92857
002847.SZ,盐津铺子,20260915,43.88,43.94,42.7,42.83,43.75,-0.92,-2.1029,21796.68,93925.65014
002848.SZ,高斯贝尔,20260915,14.5,16.16,13.78,14.93,14.73,0.2,1.3578,405032.99,609112.3549
002849.SZ,威星智能,20260915,17.6,18.08,17.44,17.5,17.6,-0.1,-0.5682,63796.3,112967.1668
002850.SZ,科达利,20260915,176.36,177.93,172.66,173.34,177.5,-4.16,-2.3437,17188.87,300673.68684
002851.SZ,麦格米特,20260915,118.9,124.68,118.41,118.73,119.41,-0.68,-0.5695,291185.74,3536757.3257
002852.SZ,道道全,20260915,8.39,8.43,7.9,7.92,8.37,-0.45,-5.3763,152779.39,123131.52614
002853.SZ,皮阿诺,20260915,21.38,21.38,21.01,21.22,21.21,0.01,0.0471,6575.0,13922.87
002855.SZ,捷荣技术,20260915,12.79,12.8,12.2,12.24,12.4,-0.16,-1.2903,228567.0,283845.65616
002856.SZ,*ST美芝,20260915,25.46,26.29,23.1,23.1,25.67,-2.57,-10.0117,89740.96,221508.6018
002857.SZ,三晖电气,20260915,18.0,18.18,17.4,17.43,18.12,-0.69,-3.8079,20439.0,36298.995
002858.SZ,力盛体育,20260915,11.58,11.7,11.06,11.1,11.64,-0.54,-4.6392,40720.0,45810.546
002859.SZ,洁美科技,20260915,67.23,68.52,66.08,66.18,67.17,-0.99,-1.4739,182348.62,1216640.63745
002860.SZ,星帅尔,20260915,15.79,16.1,15.52,15.53,15.99,-0.46,-2.8768,103559.75,163541.6263
002861.SZ,瀛通通讯,20260915,14.47,14.73,14.2,14.21,14.49,-0.28,-1.9324,47279.52,68330.1174
002862.SZ,实丰文化,20260915,15.78,15.85,14.73,14.79,15.86,-1.07,-6.7465,82909.51,125865.49105
002863.SZ,今飞凯达,20260915,4.74,4.76,4.6,4.63,4.74,-0.11,-2.3207,90174.68,42047.33999
002864.SZ,盘龙药业,20260915,20.55,20.79,20.32,20.36,20.67,-0.31,-1.4998,12687.6,25893.84204
002865.SZ,钧达股份,20260915,36.88,37.22,36.41,36.68,36.92,-0.24,-0.6501,41367.0,152358.51734
002866.SZ,传艺科技,20260915,14.44,14.67,14.35,14.46,14.44,0.02,0.1385,58456.0,84934.47
002867.SZ,周大生,20260915,10.52,10.52,10.41,10.45,10.52,-0.07,-0.6654,37843.0,39554.976
002868.SZ,绿康生化,20260915,22.8,23.18,22.2,22.8,22.83,-0.03,-0.1314,35506.0,80770.831
002869.SZ,金溢科技,20260915,15.67,15.67,15.13,15.16,15.42,-0.26,-1.6861,14491.0,22166.593
002870.SZ,香山股份,20260915,52.9,52.9,47.7,47.7,53.0,-5.3,-10.0,44083.0,213888.878
002871.SZ,伟隆股份,20260915,17.31,17.64,17.14,17.34,17.39,-0.05,-0.2875,20808.0,36267.566
002872.SZ,ST天圣,20260915,5.95,5.95,5.76,5.78,5.97,-0.19,-3.1826,40251.0,23590.154
002873.SZ,新天药业,20260915,8.28,8.31,7.94,7.96,8.32,-0.36,-4.3269,55310.94,44617.5383
002875.SZ,安奈儿,20260915,13.0,13.04,12.49,12.52,13.06,-0.54,-4.1348,43375.0,55271.123
002876.SZ,三利谱,20260915,30.98,31.87,30.71,31.25,30.59,0.66,2.1576,113583.35,356332.23619
002877.SZ,智能自控,20260915,7.41,7.45,7.18,7.2,7.49,-0.29,-3.8718,49915.6,36323.6774
002878.SZ,元隆雅图,20260915,12.49,12.57,12.16,12.19,12.51,-0.32,-2.558,37248.0,45970.25
002879.SZ,长缆科技,20260915,16.8,16.95,16.45,16.45,16.66,-0.21,-1.2605,69561.0,116124.022
002880.SZ,卫光生物,20260915,20.79,20.79,20.09,20.2,20.64,-0.44,-2.1318,15779.27,31934.71705
002881.SZ,美格智能,20260915,40.37,41.28,39.85,40.33,40.52,-0.19,-0.4689,64118.7,259743.81816
002882.SZ,金龙羽,20260915,22.71,23.45,22.71,23.45,21.32,2.13,9.9906,60551.73,141441.10785
002883.SZ,*ST中设,20260915,9.16,9.2,8.96,8.97,9.16,-0.19,-2.0742,9345.4,8489.5226
002884.SZ,凌霄泵业,20260915,15.66,15.69,15.44,15.46,15.65,-0.19,-1.2141,17710.0,27515.535
002885.SZ,京泉华,20260915,27.0,27.8,26.93,26.93,27.17,-0.24,-0.8833,133013.0,362378.03765
002886.SZ,沃特股份,20260915,25.16,27.87,25.0,26.85,25.34,1.51,5.959,543929.5,1466242.6102
002887.SZ,绿茵生态,20260915,9.05,9.13,8.92,8.93,9.04,-0.11,-1.2168,30195.0,27225.846
002888.SZ,惠威科技,20260915,18.84,19.31,18.53,18.6,19.11,-0.51,-2.6688,24873.0,46944.925
002889.SZ,东方嘉盛,20260915,11.81,11.82,11.57,11.58,11.81,-0.23,-1.9475,16757.75,19483.2366
002890.SZ,弘宇股份,20260915,14.59,14.59,13.98,14.02,14.6,-0.58,-3.9726,13981.98,19891.5903
002891.SZ,中宠股份,20260915,27.47,27.87,27.18,27.39,27.46,-0.07,-0.2549,31553.4,86841.98534
002892.SZ,科力尔,20260915,8.73,8.77,8.55,8.56,8.72,-0.16,-1.8349,39402.76,33968.07856
002893.SZ,京能热力,20260915,10.51,10.6,10.12,10.14,10.61,-0.47,-4.4298,206477.73,213028.40574
002895.SZ,川恒股份,20260915,31.8,31.84,30.88,30.95,31.82,-0.87,-2.7341,35615.41,111386.25183
002896.SZ,中大力德,20260915,60.35,60.65,59.89,59.92,60.57,-0.65,-1.0731,29622.87,178480.99777
002897.SZ,意华股份,20260915,72.01,76.36,70.58,74.99,71.39,3.6,5.0427,311115.29,2293641.1375
002899.SZ,英派斯,20260915,19.31,20.05,18.92,19.88,19.39,0.49,2.5271,40491.0,79339.764
002900.SZ,哈三联,20260915,11.83,11.86,11.42,11.46,11.78,-0.32,-2.7165,56051.0,64753.447
002901.SZ,大博医疗,20260915,39.39,39.5,39.01,39.17,39.25,-0.08,-0.2038,5322.0,20872.254
002902.SZ,铭普光磁,20260915,30.09,30.28,29.1,29.22,29.92,-0.7,-2.3396,263323.37,777879.94076
002903.SZ,宇环数控,20260915,26.75,27.05,26.26,26.32,27.08,-0.76,-2.8065,69422.65,184212.7918
002905.SZ,金逸影视,20260915,8.52,8.54,8.15,8.19,8.45,-0.26,-3.0769,63069.0,52387.29
002906.SZ,华阳集团,20260915,26.75,27.34,26.64,27.04,26.92,0.12,0.4458,52194.0,141139.095
002907.SZ,华森制药,20260915,13.53,13.68,13.3,13.33,13.53,-0.2,-1.4782,64404.29,86854.07597
002908.SZ,德生科技,20260915,7.01,7.08,6.79,6.81,7.01,-0.2,-2.8531,43664.0,30061.932
002909.SZ,集泰股份,20260915,6.6,6.72,6.22,6.33,6.74,-0.41,-6.0831,845348.05,540840.18639
002910.SZ,庄园牧场,20260915,10.0,10.15,9.61,9.67,10.06,-0.39,-3.8767,83083.0,81357.328
002911.SZ,佛燃能源,20260915,11.57,11.63,11.3,11.34,11.57,-0.23,-1.9879,36590.12,41735.70738
002912.SZ,中新赛克,20260915,28.45,28.45,26.66,28.45,25.86,2.59,10.0155,377455.52,1064018.12042
002913.SZ,奥士康,20260915,75.5,77.21,72.91,75.55,76.54,-0.99,-1.2934,135382.48,1016760.54762
002915.SZ,中欣氟材,20260915,16.9,17.29,16.81,16.93,17.0,-0.07,-0.4118,58851.8,100535.53254
002916.SZ,深南电路,20260915,390.06,404.5,388.17,389.72,389.13,0.59,0.1516,75943.49,3000337.59327
002917.SZ,金奥博,20260915,10.11,10.18,9.85,9.89,10.19,-0.3,-2.9441,42973.5,42827.1415
002918.SZ,蒙娜丽莎,20260915,11.7,11.7,11.26,11.31,11.7,-0.39,-3.3333,309072.78,353750.86526
002919.SZ,名臣健康,20260915,17.01,17.01,16.32,16.38,16.83,-0.45,-2.6738,22090.0,36646.893
002920.SZ,德赛西威,20260915,84.28,84.8,82.09,82.23,84.28,-2.05,-2.4324,42933.05,357085.42572
002921.SZ,联诚精密,20260915,20.26,20.52,19.8,19.86,20.46,-0.6,-2.9326,33974.0,68093.578
002922.SZ,伊戈尔,20260915,22.81,23.01,22.52,22.55,22.84,-0.29,-1.2697,92529.36,210192.74351
002923.SZ,润都股份,20260915,10.86,10.96,10.62,10.64,10.96,-0.32,-2.9197,34279.0,36885.872
002925.SZ,盈趣科技,20260915,24.6,24.79,24.12,24.19,24.54,-0.35,-1.4262,143676.23,349484.24978
002926.SZ,华西证券,20260915,8.25,8.29,8.17,8.2,8.27,-0.07,-0.8464,111738.0,91719.216
002927.SZ,泰永长征,20260915,17.31,18.26,17.02,17.66,17.28,0.38,2.1991,146023.0,259715.23026
002928.SZ,华夏航空,20260915,6.29,6.4,6.28,6.32,6.29,0.03,0.4769,177077.13,112248.75794
002929.SZ,润建股份,20260915,48.4,49.98,48.29,48.78,48.81,-0.03,-0.0615,62711.27,308547.57436
002930.SZ,宏川智慧,20260915,9.36,9.36,8.98,9.0,9.28,-0.28,-3.0172,60574.01,55268.31029
002931.SZ,锋龙股份,20260915,41.5,41.58,40.11,40.41,41.24,-0.83,-2.0126,29190.0,119227.885
002932.SZ,*ST明德,20260915,15.28,15.48,15.21,15.3,15.28,0.02,0.1309,5573.78,8530.20914
002933.SZ,新兴装备,20260915,26.8,26.8,26.25,26.26,26.71,-0.45,-1.6848,10137.0,26747.201
002935.SZ,天奥电子,20260915,15.32,15.43,15.13,15.16,15.36,-0.2,-1.3021,23730.23,36206.61763
002936.SZ,郑州银行,20260915,1.78,1.79,1.75,1.76,1.78,-0.02,-1.1236,1020673.46,180157.52186
002937.SZ,兴瑞科技,20260915,27.35,27.8,27.07,27.13,27.69,-0.56,-2.0224,42609.54,116782.74456
002938.SZ,鹏鼎控股,20260915,88.47,92.0,87.8,88.82,88.24,0.58,0.6573,162570.79,1461484.28198
002939.SZ,长城证券,20260915,7.85,7.88,7.82,7.82,7.88,-0.06,-0.7614,101457.84,79547.53412
002940.SZ,昂利康,20260915,23.31,23.49,22.72,22.72,23.56,-0.84,-3.5654,55797.0,128301.50896
002941.SZ,新疆交建,20260915,10.66,10.71,10.39,10.42,10.66,-0.24,-2.2514,58451.0,61472.345
002942.SZ,新农股份,20260915,16.71,16.93,16.26,16.34,16.71,-0.37,-2.2142,51698.3,85132.3251
002943.SZ,宇晶股份,20260915,29.12,29.43,28.66,28.73,29.12,-0.39,-1.3393,61891.25,179520.73787
002945.SZ,华林证券,20260915,13.79,13.87,13.67,13.75,13.79,-0.04,-0.2901,72765.99,100097.945
002946.SZ,新乳业,20260915,14.67,14.72,14.46,14.5,14.7,-0.2,-1.3605,23179.99,33673.53844
002947.SZ,恒铭达,20260915,62.5,63.59,61.51,61.76,62.65,-0.89,-1.4206,44500.51,277469.06239
002948.SZ,青岛银行,20260915,6.26,6.27,6.15,6.17,6.27,-0.1,-1.5949,267087.92,165380.5686
002949.SZ,华阳国际,20260915,12.39,12.41,12.0,12.0,12.38,-0.38,-3.0695,70012.87,85409.60887
002950.SZ,奥美医疗,20260915,8.64,8.65,8.41,8.44,8.63,-0.19,-2.2016,47456.0,40317.745
002951.SZ,金时科技,20260915,15.38,15.74,15.25,15.52,15.45,0.07,0.4531,27951.0,43317.367
002952.SZ,亚世光电,20260915,18.41,18.45,18.06,18.09,18.41,-0.32,-1.7382,30065.0,54770.838
002953.SZ,日丰股份,20260915,10.32,10.54,10.13,10.26,10.42,-0.16,-1.5355,116278.97,119983.762
002955.SZ,鸿合科技,20260915,36.16,36.43,34.69,34.82,36.06,-1.24,-3.4387,52572.7,186059.347
002956.SZ,西麦食品,20260915,15.58,15.63,15.17,15.22,15.45,-0.23,-1.4887,25648.8,39242.592
002957.SZ,科瑞技术,20260915,38.45,40.5,38.23,38.77,38.66,0.11,0.2845,115648.86,455353.02599
002958.SZ,青农商行,20260915,3.02,3.03,2.96,2.98,3.04,-0.06,-1.9737,915537.5,273316.2995
002959.SZ,小熊电器,20260915,31.74,31.74,31.34,31.46,31.62,-0.16,-0.506,4633.0,14581.31638
002960.SZ,青鸟智控,20260915,8.3,8.39,8.24,8.28,8.28,0.0,0.0,45294.89,37678.02659
002961.SZ,瑞达期货,20260915,19.08,19.34,18.99,19.06,19.07,-0.01,-0.0524,37929.02,72466.14116
002962.SZ,五方光电,20260915,13.13,13.24,13.0,13.12,13.17,-0.05,-0.3797,75188.0,98636.186
002963.SZ,豪尔赛,20260915,19.32,19.98,18.6,18.83,19.36,-0.53,-2.7376,63146.0,121570.677
002965.SZ,祥鑫科技,20260915,27.49,27.93,27.08,27.33,27.68,-0.35,-1.2645,53436.55,146882.75717
002966.SZ,苏州银行,20260915,9.35,9.36,9.12,9.2,9.35,-0.15,-1.6043,318784.1,293594.3331
002967.SZ,广电计量,20260915,16.89,17.25,16.87,16.97,16.94,0.03,0.1771,39682.5,67856.1985
002968.SZ,新大正,20260915,9.28,9.36,8.91,8.98,9.33,-0.35,-3.7513,39280.8,35596.5108
002969.SZ,嘉美包装,20260915,11.31,11.37,11.08,11.22,11.21,0.01,0.0892,175329.23,196854.60629
002970.SZ,锐明技术,20260915,43.65,44.33,43.11,43.17,43.73,-0.56,-1.2806,24302.83,106027.22388
002971.SZ,和远气体,20260915,37.3,38.99,37.22,38.66,37.64,1.02,2.7099,128648.65,494878.36147
002972.SZ,科安达,20260915,12.86,12.9,12.61,12.77,12.88,-0.11,-0.854,50556.8,64381.7474
002973.SZ,侨银股份,20260915,12.45,13.01,12.29,12.51,12.45,0.06,0.4819,99202.0,126015.33
002975.SZ,博杰股份,20260915,98.85,101.77,98.55,99.1,99.5,-0.4,-0.402,77453.79,774297.96974
002976.SZ,瑞玛精密,20260915,25.0,26.54,23.8,23.91,25.72,-1.81,-7.0373,160790.04,392723.06846
002977.SZ,*ST天箭,20260915,20.28,20.31,19.84,19.84,20.24,-0.4,-1.9763,6694.0,13416.74353
002978.SZ,安宁股份,20260915,24.8,24.99,24.62,24.71,24.83,-0.12,-0.4833,17945.28,44329.40532
002979.SZ,雷赛智能,20260915,51.87,52.5,51.33,52.06,52.03,0.03,0.0577,36366.7,188992.82326
002980.SZ,华盛昌,20260915,123.57,124.49,117.5,117.9,123.48,-5.58,-4.519,95816.4,1149617.9386
002981.SZ,朝阳科技,20260915,23.9,23.92,23.5,23.75,23.9,-0.15,-0.6276,17555.48,41672.02444
002982.SZ,湘佳股份,20260915,12.55,12.67,12.26,12.26,12.55,-0.29,-2.3108,28618.8,35437.08616
002983.SZ,芯瑞达,20260915,21.34,21.74,21.08,21.5,21.35,0.15,0.7026,21696.06,46533.36602
002984.SZ,森麒麟,20260915,13.15,13.21,12.91,12.94,13.21,-0.27,-2.0439,92430.56,120077.78904
002985.SZ,北摩高科,20260915,27.87,28.59,27.73,28.07,27.88,0.19,0.6815,32363.43,90876.74289
002986.SZ,宇新股份,20260915,13.14,13.14,12.75,12.83,13.0,-0.17,-1.3077,43690.6,56214.802
002987.SZ,京北方,20260915,10.95,11.1,10.79,10.81,10.93,-0.12,-1.0979,86630.57,94337.9813
002988.SZ,豪美新材,20260915,30.58,30.65,29.5,29.8,30.58,-0.78,-2.5507,66482.0,200624.604
002989.SZ,中天精装,20260915,23.01,23.85,22.91,23.46,23.16,0.3,1.2953,50981.0,119665.321
002990.SZ,盛视科技,20260915,46.6,49.32,46.6,48.06,47.05,1.01,2.1467,66884.01,323316.22461
002991.SZ,甘源食品,20260915,37.88,38.0,37.18,37.32,37.84,-0.52,-1.3742,6849.0,25636.828
002992.SZ,宝明科技,20260915,33.3,34.5,33.11,33.7,33.34,0.36,1.0798,15405.9,52319.9849
002993.SZ,奥海科技,20260915,35.66,36.2,35.35,35.41,35.95,-0.54,-1.5021,31765.0,113406.826
002995.SZ,天地在线,20260915,16.93,17.04,16.34,16.4,16.93,-0.53,-3.1305,41782.0,69384.307
002996.SZ,顺博合金,20260915,6.03,6.04,5.88,5.88,6.04,-0.16,-2.649,57547.5,34105.3593
002997.SZ,瑞鹄模具,20260915,29.9,29.96,29.21,29.24,29.43,-0.19,-0.6456,101548.13,299433.3773
002998.SZ,优彩资源,20260915,7.6,7.8,7.48,7.5,7.66,-0.16,-2.0888,181811.17,138426.871
002999.SZ,天禾股份,20260915,6.52,6.54,6.24,6.25,6.51,-0.26,-3.9939,217183.0,137791.884
003000.SZ,劲仔食品,20260915,9.49,9.53,9.33,9.37,9.51,-0.14,-1.4721,30952.86,29156.8331
003001.SZ,中岩大地,20260915,15.85,16.96,15.6,16.79,15.85,0.94,5.9306,129257.12,214508.46781
003002.SZ,壶化股份,20260915,19.75,19.97,18.09,18.09,20.1,-2.01,-10.0,149601.01,278484.87923
003003.SZ,天元股份,20260915,10.92,10.92,10.31,10.38,10.93,-0.55,-5.032,44077.0,46348.716
003004.SZ,声迅股份,20260915,65.0,66.83,59.33,59.64,65.25,-5.61,-8.5977,41304.0,254391.469
003005.SZ,竞业达,20260915,14.5,14.65,14.05,14.08,14.48,-0.4,-2.7624,137445.0,196806.7258
003006.SZ,百亚股份,20260915,19.33,20.09,17.51,18.18,19.2,-1.02,-5.3125,735337.07,1366637.26468
003007.SZ,直真科技,20260915,39.2,39.35,38.62,38.7,39.42,-0.72,-1.8265,12881.0,50146.103
003008.SZ,开普检测,20260915,19.35,19.35,18.42,18.47,19.35,-0.88,-4.5478,15471.0,28884.6025
003009.SZ,中天火箭,20260915,47.5,47.71,46.84,46.86,47.66,-0.8,-1.6786,28989.86,136842.54882
003010.SZ,若羽臣,20260915,29.41,29.6,28.6,29.55,29.14,0.41,1.407,62176.76,181743.19444
003011.SZ,海象新材,20260915,19.6,19.83,19.0,19.07,19.69,-0.62,-3.1488,17562.0,33840.077
003012.SZ,东鹏控股,20260915,4.59,4.62,4.52,4.53,4.59,-0.06,-1.3072,51567.0,23446.859
003013.SZ,地铁设计,20260915,19.43,19.44,17.63,17.63,19.59,-1.96,-10.0051,107334.1,193245.83037
003015.SZ,日久光电,20260915,12.09,12.28,11.92,11.93,12.07,-0.14,-1.1599,29432.28,35591.4246
003016.SZ,欣贺股份,20260915,7.28,7.28,6.93,6.94,7.25,-0.31,-4.2759,47774.0,33726.649
003017.SZ,大洋生物,20260915,21.96,21.96,21.41,21.48,21.96,-0.48,-2.1858,12747.6,27610.2032
003018.SZ,金富科技,20260915,47.77,49.88,47.39,48.1,48.63,-0.53,-1.0899,129896.54,632053.25488
003019.SZ,宸展光电,20260915,27.58,27.58,27.08,27.18,27.58,-0.4,-1.4503,22839.07,62226.05528
003020.SZ,立方制药,20260915,16.78,16.86,16.46,16.48,16.73,-0.25,-1.4943,24631.39,40853.98072
003021.SZ,兆威机电,20260915,67.83,68.0,66.7,66.87,67.83,-0.96,-1.4153,15755.01,105655.19888
003022.SZ,联泓新科,20260915,19.11,19.32,19.02,19.07,19.18,-0.11,-0.5735,44582.65,85341.44583
003023.SZ,彩虹集团,20260915,25.7,25.7,25.0,25.03,25.49,-0.46,-1.8046,15942.0,40238.198
003025.SZ,思进智能,20260915,11.86,12.0,11.74,11.76,11.86,-0.1,-0.8432,26096.4,30958.5194
003026.SZ,中晶科技,20260915,27.6,30.58,27.6,30.58,27.8,2.78,10.0,208973.52,624599.00985
003027.SZ,同兴科技,20260915,16.27,16.35,15.72,15.8,16.35,-0.55,-3.3639,15419.0,24641.379
003028.SZ,振邦智能,20260915,22.82,23.8,22.42,22.43,23.2,-0.77,-3.319,23399.44,53766.80272
003029.SZ,吉大正元,20260915,18.65,18.93,17.99,18.32,18.29,0.03,0.164,122394.01,225858.78928
003030.SZ,祖名股份,20260915,24.99,25.39,24.83,24.93,25.09,-0.16,-0.6377,21948.0,55020.105
003031.SZ,中瓷电子,20260915,122.91,129.43,122.45,125.2,122.88,2.32,1.888,108796.36,1372993.87251
003032.SZ,传智教育,20260915,8.82,8.9,8.67,8.72,8.79,-0.07,-0.7964,205470.18,179531.50132
003033.SZ,征和工业,20260915,79.79,80.0,75.65,76.7,78.2,-1.5,-1.9182,25181.0,193996.843
003035.SZ,南网能源,20260915,5.88,5.94,5.7,5.76,5.92,-0.16,-2.7027,707819.56,410122.78091
003036.SZ,泰坦股份,20260915,55.64,56.8,53.66,54.0,54.9,-0.9,-1.6393,68726.0,377585.40401
003037.SZ,三和管桩,20260915,5.76,5.79,5.59,5.61,5.8,-0.19,-3.2759,39490.0,22349.886
003038.SZ,鑫铂股份,20260915,10.53,10.53,10.21,10.25,10.53,-0.28,-2.6591,29233.46,30243.93034
003039.SZ,顺控发展,20260915,13.55,13.55,12.69,12.71,13.76,-1.05,-7.6308,163022.52,211021.68135
003040.SZ,楚天龙,20260915,16.39,16.53,15.79,15.82,16.64,-0.82,-4.9279,495830.72,795617.63967
003041.SZ,真爱美家,20260915,37.77,39.7,37.41,38.26,37.75,0.51,1.351,25314.0,97673.442
003042.SZ,中农联合,20260915,14.41,14.44,13.79,13.85,14.36,-0.51,-3.5515,36933.3,51604.2315
003043.SZ,华亚智能,20260915,61.36,62.91,60.51,61.61,61.57,0.04,0.065,34643.0,213968.388
003816.SZ,中国广核,20260915,4.33,4.36,4.3,4.32,4.34,-0.02,-0.4608,797882.14,344665.02818
300001.SZ,特锐德,20260915,32.58,32.81,32.28,32.48,32.68,-0.2,-0.612,85720.91,278637.6933
300002.SZ,神州泰岳,20260915,8.18,8.3,8.1,8.11,8.16,-0.05,-0.6127,283987.0,233085.775
300003.SZ,乐普医疗,20260915,11.34,11.39,11.28,11.38,11.31,0.07,0.6189,110940.48,125819.33368
300004.SZ,南风股份,20260915,8.0,8.04,7.78,7.8,7.99,-0.19,-2.378,126450.0,99694.302
300005.SZ,探路者,20260915,10.19,10.35,10.1,10.13,10.27,-0.14,-1.3632,198259.11,202369.18154
300006.SZ,莱美药业,20260915,5.22,5.27,5.03,5.07,5.16,-0.09,-1.7442,173961.38,88763.8628
300007.SZ,汉威科技,20260915,28.82,30.3,28.82,29.63,29.08,0.55,1.8913,110849.9,328343.26558
300008.SZ,天海防务,20260915,6.39,6.52,6.31,6.35,6.44,-0.09,-1.3975,567505.42,363967.86124
300009.SZ,安科生物,20260915,8.06,8.07,7.95,7.96,8.07,-0.11,-1.3631,106335.03,84958.39689
300010.SZ,ST豆神,20260915,4.4,4.79,4.35,4.73,4.49,0.24,5.3452,1542197.28,711369.5959
300011.SZ,鼎汉技术,20260915,5.9,5.9,5.65,5.66,5.88,-0.22,-3.7415,51025.93,29246.66638
300012.SZ,华测检测,20260915,14.93,14.97,14.66,14.73,14.93,-0.2,-1.3396,194649.12,287524.50825
300013.SZ,新宁物流,20260915,4.22,4.25,4.15,4.17,4.23,-0.06,-1.4184,155317.0,65132.237
300014.SZ,亿纬锂能,20260915,49.0,49.58,48.3,48.36,49.3,-0.94,-1.9067,225128.66,1102478.34679
300015.SZ,爱尔眼科,20260915,8.05,8.07,7.98,7.99,8.06,-0.07,-0.8685,327257.77,262093.91544
300016.SZ,北陆药业,20260915,8.07,8.09,7.89,7.89,8.07,-0.18,-2.2305,121601.39,97009.93961
300017.SZ,网宿科技,20260915,15.43,15.47,14.74,14.78,14.87,-0.09,-0.6052,980156.12,1476851.69296
300018.SZ,中元股份,20260915,11.56,11.68,11.28,11.34,11.67,-0.33,-2.8278,73155.05,83769.87406
300019.SZ,硅宝科技,20260915,13.84,14.06,13.82,13.9,13.83,0.07,0.5061,21046.0,29341.713
300020.SZ,ST银江,20260915,4.1,4.14,3.51,3.71,4.12,-0.41,-9.9515,334119.32,130412.29428
300021.SZ,大禹节水,20260915,3.97,3.99,3.77,3.79,3.96,-0.17,-4.2929,304410.24,116673.34714
300022.SZ,吉峰科技,20260915,7.91,7.97,7.86,7.93,7.98,-0.05,-0.6266,70200.9,55534.225
300024.SZ,机器人,20260915,13.01,13.08,12.87,12.88,13.04,-0.16,-1.227,150574.51,194890.30538
300025.SZ,华星创业,20260915,5.85,5.85,5.61,5.61,5.81,-0.2,-3.4423,92660.34,52818.4444
300026.SZ,红日药业,20260915,3.24,3.26,3.17,3.18,3.25,-0.07,-2.1538,271470.72,86945.09136
300027.SZ,ST华谊,20260915,2.04,2.05,1.96,1.97,2.05,-0.08,-3.9024,902904.03,180284.7068
300030.SZ,阳普医疗,20260915,6.69,6.74,6.41,6.41,6.7,-0.29,-4.3284,65153.0,42490.63
300031.SZ,宝通科技,20260915,21.15,21.5,20.44,20.49,21.06,-0.57,-2.7066,107272.4,222812.78806
300032.SZ,金龙机电,20260915,3.78,3.81,3.67,3.68,3.8,-0.12,-3.1579,133336.0,49580.842
300033.SZ,同花顺,20260915,205.58,207.0,203.52,204.0,205.55,-1.55,-0.7541,56278.96,1154337.31017
300034.SZ,钢研高纳,20260915,15.84,15.94,15.71,15.73,15.87,-0.14,-0.8822,61936.51,97911.68865
300035.SZ,中科电气,20260915,12.21,12.55,12.12,12.41,12.27,0.14,1.141,111648.78,138500.51075
300036.SZ,超图软件,20260915,10.25,10.36,10.09,10.12,10.22,-0.1,-0.9785,67044.38,68470.10137
300037.SZ,新宙邦,20260915,72.49,76.45,71.58,72.95,73.02,-0.07,-0.0959,220754.0,1627385.74644
300039.SZ,上海凯宝,20260915,5.12,5.17,5.0,5.02,5.16,-0.14,-2.7132,140138.39,71037.02368
300040.SZ,九洲集团,20260915,5.96,6.1,5.8,5.84,6.08,-0.24,-3.9474,461174.01,272780.41727
300041.SZ,回天新材,20260915,10.58,11.1,10.55,10.84,10.59,0.25,2.3607,279315.7,304830.4289
300042.SZ,朗科科技,20260915,37.72,38.5,37.5,37.72,37.72,0.0,0.0,54098.23,205484.95306
300043.SZ,星辉娱乐,20260915,4.4,4.42,4.27,4.28,4.37,-0.09,-2.0595,209797.0,91014.079
300044.SZ,*ST赛为,20260915,6.03,6.14,5.97,6.05,6.05,0.0,0.0,145138.0,87801.057
300045.SZ,华力创通,20260915,11.77,11.86,11.5,11.53,11.76,-0.23,-1.9558,91133.0,105938.573
300046.SZ,台基股份,20260915,23.19,23.69,23.11,23.4,23.34,0.06,0.2571,29095.0,68207.50266
300047.SZ,天源迪科,20260915,9.09,9.17,8.9,8.92,9.02,-0.1,-1.1086,114746.76,103212.65624
300048.SZ,合康新能,20260915,4.93,4.94,4.83,4.84,4.93,-0.09,-1.8256,72873.01,35602.22589
300049.SZ,福瑞医科,20260915,44.68,48.6,44.68,47.92,44.97,2.95,6.5599,137977.78,653611.92056
300050.SZ,世纪鼎利,20260915,7.28,7.3,7.01,7.13,7.28,-0.15,-2.0604,293071.0,208838.39
300051.SZ,琏升科技,20260915,8.45,8.55,8.12,8.18,8.45,-0.27,-3.1953,212592.47,177122.12091
300052.SZ,中青宝,20260915,10.51,10.62,10.14,10.14,10.48,-0.34,-3.2443,95112.0,98030.17
300053.SZ,航宇微,20260915,11.72,11.86,11.66,11.7,11.78,-0.08,-0.6791,76697.08,90047.08829
300054.SZ,鼎龙股份,20260915,66.45,69.38,66.44,68.02,66.94,1.08,1.6134,189824.77,1292490.02796
300055.SZ,万邦达,20260915,5.9,5.92,5.67,5.67,5.89,-0.22,-3.7351,145566.0,83878.355
300056.SZ,中创环保,20260915,8.09,8.11,7.6,7.83,8.09,-0.26,-3.2138,101395.08,79599.8882
300057.SZ,万顺新材,20260915,6.48,6.63,6.43,6.51,6.47,0.04,0.6182,227642.0,149212.977
300058.SZ,蓝色光标,20260915,13.09,13.15,12.76,12.79,12.88,-0.09,-0.6988,1337248.88,1729323.1003
300059.SZ,东方财富,20260915,18.19,18.29,18.17,18.17,18.22,-0.05,-0.2744,851868.11,1552753.36953
300061.SZ,旗天科技,20260915,6.94,6.99,6.51,6.52,7.01,-0.49,-6.99,488548.83,328606.74373
300062.SZ,中能电气,20260915,6.51,6.75,6.25,6.6,6.51,0.09,1.3825,363311.73,235073.0071
300063.SZ,天龙集团,20260915,8.78,8.85,8.47,8.48,8.72,-0.24,-2.7523,256592.0,221456.508
300065.SZ,海兰信,20260915,15.5,15.72,15.35,15.38,15.56,-0.18,-1.1568,224627.88,348182.0216
300066.SZ,三川智慧,20260915,4.75,4.77,4.65,4.66,4.74,-0.08,-1.6878,86993.0,40890.136
300067.SZ,安诺其,20260915,5.18,5.2,5.05,5.06,5.22,-0.16,-3.0651,230263.51,117760.98813
300068.SZ,ST南都,20260915,4.82,4.87,4.44,4.44,4.93,-0.49,-9.9391,778952.96,362851.23952
300069.SZ,金利华电,20260915,24.0,24.35,23.8,23.84,24.34,-0.5,-2.0542,35971.0,86480.084
300070.SZ,碧水源,20260915,3.41,3.43,3.37,3.39,3.42,-0.03,-0.8772,212459.17,72156.17746
300071.SZ,福石控股,20260915,4.22,4.23,4.05,4.06,4.2,-0.14,-3.3333,424201.0,174527.76408
300072.SZ,海新能科,20260915,3.57,3.58,3.45,3.46,3.56,-0.1,-2.809,205389.84,71781.06664
300073.SZ,当升科技,20260915,37.56,38.72,37.42,38.03,37.37,0.66,1.7661,132983.26,508033.33889
300074.SZ,华平股份,20260915,3.69,3.7,3.52,3.53,3.69,-0.16,-4.336,165151.0,59251.928
300075.SZ,数字政通,20260915,10.56,10.66,10.3,10.3,10.53,-0.23,-2.1842,75347.43,78647.4072
300076.SZ,*ST宁视,20260915,4.3,4.37,4.27,4.29,4.4,-0.11,-2.5,24023.0,10383.521
300077.SZ,国民技术,20260915,19.51,20.43,19.39,19.88,19.57,0.31,1.5841,289051.98,575935.58249
300078.SZ,思创智联,20260915,2.72,2.73,2.62,2.62,2.7,-0.08,-2.963,223805.0,59712.948
300079.SZ,数码视讯,20260915,4.91,4.93,4.79,4.8,4.89,-0.09,-1.8405,182245.0,88168.844
300080.SZ,易成新能,20260915,3.78,3.82,3.65,3.67,3.8,-0.13,-3.4211,177870.0,66017.722
300081.SZ,ST恒信,20260915,3.53,3.55,3.33,3.33,3.53,-0.2,-5.6657,130535.0,44776.812
300082.SZ,奥克股份,20260915,8.11,8.17,8.01,8.05,8.11,-0.06,-0.7398,46940.0,37993.806
300083.SZ,创世纪,20260915,12.16,12.28,11.97,12.03,12.18,-0.15,-1.2315,288091.11,348694.51713
300084.SZ,海默科技,20260915,10.36,10.37,10.18,10.2,10.35,-0.15,-1.4493,55193.01,56523.00023
300085.SZ,银之杰,20260915,28.81,28.92,28.03,28.09,28.69,-0.6,-2.0913,242485.94,687179.92789
300086.SZ,康芝药业,20260915,6.43,6.48,6.16,6.18,6.45,-0.27,-4.186,110173.25,69174.61975
300087.SZ,ST荃银,20260915,5.65,5.71,5.52,5.57,5.66,-0.09,-1.5901,118873.49,66482.41618
300088.SZ,长信科技,20260915,6.87,7.02,6.85,6.91,6.92,-0.01,-0.1445,701820.48,487069.9262
300091.SZ,*ST金灵,20260915,2.42,2.46,2.38,2.4,2.44,-0.04,-1.6393,37086.45,8915.3941
300092.SZ,科新机电,20260915,11.22,11.31,11.1,11.1,11.19,-0.09,-0.8043,25980.0,29087.704
300093.SZ,金刚光伏,20260915,21.2,21.25,20.82,20.92,21.21,-0.29,-1.3673,29330.01,61616.04498
300094.SZ,国联水产,20260915,3.06,3.07,2.83,2.85,3.04,-0.19,-6.25,843426.95,246072.10833
300095.SZ,华伍股份,20260915,8.71,8.75,8.55,8.71,8.7,0.01,0.1149,80003.0,69371.834
300096.SZ,ST易联众,20260915,8.71,8.89,8.45,8.5,8.79,-0.29,-3.2992,47210.81,40746.14007
300097.SZ,智云股份,20260915,9.84,9.97,9.62,9.67,9.86,-0.19,-1.927,108581.0,105570.942
300098.SZ,高新兴,20260915,4.35,4.4,4.31,4.32,4.36,-0.04,-0.9174,225681.0,98082.094
300099.SZ,尤洛卡,20260915,6.35,6.35,6.1,6.12,6.35,-0.23,-3.622,215815.03,133587.66861
300100.SZ,双林股份,20260915,19.98,20.14,19.8,19.97,19.98,-0.01,-0.0501,32686.59,65300.64044
300101.SZ,振芯科技,20260915,13.9,13.99,13.74,13.75,13.95,-0.2,-1.4337,41210.0,56985.81
300102.SZ,乾照光电,20260915,16.93,17.09,16.73,16.76,17.07,-0.31,-1.8161,98418.45,165785.73427
300103.SZ,达刚控股,20260915,7.63,7.67,7.36,7.42,7.65,-0.23,-3.0065,63300.0,47300.859
300105.SZ,龙源技术,20260915,7.2,7.23,7.0,7.01,7.23,-0.22,-3.0429,134817.0,95826.683
300106.SZ,西部牧业,20260915,10.99,10.99,10.52,10.56,10.96,-0.4,-3.6496,86345.0,92428.453
300107.SZ,建新股份,20260915,6.73,6.73,6.58,6.6,6.73,-0.13,-1.9316,57958.99,38435.55442
300109.SZ,新开源,20260915,13.08,13.09,12.5,12.55,13.07,-0.52,-3.9786,107551.39,136628.70703
300110.SZ,华仁药业,20260915,2.78,2.79,2.67,2.68,2.79,-0.11,-3.9427,220016.33,59831.74943
300111.SZ,向日葵,20260915,3.03,3.04,2.93,2.93,3.04,-0.11,-3.6184,261709.2,77721.6778
300112.SZ,万讯自控,20260915,10.66,10.91,10.2,10.31,10.46,-0.15,-1.434,668779.93,704534.44131
300113.SZ,顺网科技,20260915,16.15,16.19,15.72,15.73,16.08,-0.35,-2.1766,96349.31,153349.29362
300115.SZ,长盈精密,20260915,23.23,23.48,22.92,22.98,23.38,-0.4,-1.7109,154330.9,357162.91347
300118.SZ,东方日升,20260915,9.03,9.08,8.9,8.91,9.03,-0.12,-1.3289,142846.0,128098.958
300119.SZ,瑞普生物,20260915,17.29,17.69,17.12,17.23,17.33,-0.1,-0.577,28273.0,49079.983
300120.SZ,经纬辉开,20260915,7.09,7.16,6.93,6.95,7.13,-0.18,-2.5245,158550.0,111499.57
300121.SZ,阳谷华泰,20260915,9.87,9.92,9.46,9.46,9.9,-0.44,-4.4444,164253.0,158052.41662
300122.SZ,智飞生物,20260915,12.45,12.5,12.2,12.21,12.51,-0.3,-2.3981,179330.44,220295.95836
300123.SZ,ST亚光,20260915,4.7,4.71,4.46,4.46,4.68,-0.22,-4.7009,294260.39,134108.8195
300124.SZ,汇川技术,20260915,53.5,53.69,51.42,51.55,53.66,-2.11,-3.9322,457402.63,2372485.47144
300125.SZ,聆达股份,20260915,9.35,9.42,9.0,9.05,9.43,-0.38,-4.0297,76665.0,70204.998
300126.SZ,锐奇股份,20260915,6.53,6.53,6.2,6.23,6.5,-0.27,-4.1538,35990.01,22672.24021
300127.SZ,银河磁体,20260915,23.76,23.85,23.51,23.67,23.74,-0.07,-0.2949,16981.11,40273.73248
300128.SZ,锦富技术,20260915,4.95,5.02,4.71,4.79,4.99,-0.2,-4.008,197574.0,96173.885
300129.SZ,泰胜风能,20260915,7.31,7.73,7.19,7.69,7.34,0.35,4.7684,437718.08,330832.05764
300130.SZ,新国都,20260915,18.2,18.35,17.76,17.86,18.23,-0.37,-2.0296,79584.29,143407.96755
300131.SZ,英唐智控,20260915,15.52,15.88,15.13,15.61,15.67,-0.06,-0.3829,478412.0,740600.869
300132.SZ,诺斯贝尔,20260915,6.22,6.26,6.02,6.02,6.23,-0.21,-3.3708,147839.2,90279.183
300133.SZ,华策影视,20260915,7.23,7.29,6.97,6.99,7.23,-0.24,-3.3195,537829.09,381165.31053
300134.SZ,大富科技,20260915,8.39,8.48,8.3,8.33,8.43,-0.1,-1.1862,63680.2,53264.27362
300135.SZ,宝利国际,20260915,3.5,3.57,3.45,3.47,3.54,-0.07,-1.9774,295114.9,103513.7711
300136.SZ,信维通信,20260915,56.99,57.47,56.2,56.32,56.92,-0.6,-1.0541,235752.88,1336505.05013
300137.SZ,先河环保,20260915,10.22,10.22,9.85,9.96,10.21,-0.25,-2.4486,192073.6,192575.1758
300138.SZ,晨光生物,20260915,11.32,11.32,11.05,11.08,11.36,-0.28,-2.4648,43285.82,48350.98186
300139.SZ,晓程科技,20260915,48.61,49.42,47.8,47.99,48.41,-0.42,-0.8676,197361.0,958591.53378
300140.SZ,节能环境,20260915,5.4,5.43,5.33,5.34,5.43,-0.09,-1.6575,89633.0,48002.702
300141.SZ,和顺电气,20260915,10.22,10.27,9.92,9.92,10.22,-0.3,-2.9354,46304.84,46572.61912
300142.SZ,沃森生物,20260915,13.26,13.31,13.0,13.01,13.39,-0.38,-2.8379,488135.52,640298.07523
300143.SZ,盈康生命,20260915,7.34,7.36,7.18,7.18,7.34,-0.16,-2.1798,36098.67,26186.04018
300144.SZ,宋城演艺,20260915,5.79,5.81,5.7,5.72,5.81,-0.09,-1.5491,279256.66,160014.44542
300145.SZ,南方泵业,20260915,4.65,5.04,4.64,4.78,4.7,0.08,1.7021,1292701.16,630487.56928
300146.SZ,汤臣倍健,20260915,9.27,9.29,9.21,9.24,9.29,-0.05,-0.5382,75464.3,69769.6099
300147.SZ,*ST香雪,20260915,6.35,6.56,6.27,6.36,6.34,0.02,0.3155,77226.0,49427.979
300148.SZ,天舟文化,20260915,3.54,3.59,3.42,3.43,3.54,-0.11,-3.1073,246820.0,86461.457
300149.SZ,睿智医药,20260915,9.0,9.03,8.8,8.8,9.02,-0.22,-2.439,112839.25,100205.74177
300150.SZ,世纪瑞尔,20260915,4.15,4.17,3.95,3.95,4.15,-0.2,-4.8193,82653.0,33352.829
300151.SZ,昌红科技,20260915,18.3,19.35,18.06,18.88,18.66,0.22,1.179,351728.76,663128.24046
300152.SZ,*ST动力,20260915,1.76,1.79,1.67,1.67,1.76,-0.09,-5.1136,240897.0,41192.49
300153.SZ,科泰电源,20260915,24.69,25.14,24.46,24.5,24.85,-0.35,-1.4085,97964.24,242071.59937
300154.SZ,瑞凌股份,20260915,13.74,14.15,13.15,13.75,13.74,0.01,0.0728,200655.6,275416.181
300155.SZ,安居宝,20260915,4.42,4.45,4.24,4.26,4.43,-0.17,-3.8375,70207.0,30348.752
300157.SZ,新锦动力,20260915,3.99,4.0,3.8,3.81,3.96,-0.15,-3.7879,306428.89,118710.2258
300158.SZ,振东制药,20260915,5.09,5.12,4.99,5.02,5.09,-0.07,-1.3752,125531.0,63153.87156
300159.SZ,新研股份,20260915,2.94,2.94,2.88,2.88,2.94,-0.06,-2.0408,203557.0,59151.74
300160.SZ,秀强股份,20260915,4.41,4.45,4.31,4.32,4.43,-0.11,-2.4831,60415.92,26255.58588
300161.SZ,华中数控,20260915,25.0,25.3,24.91,25.03,25.13,-0.1,-0.3979,12705.0,31886.09
300162.SZ,雷曼光电,20260915,7.59,7.65,7.35,7.37,7.49,-0.12,-1.6021,148056.0,110386.709
300163.SZ,先锋新材,20260915,7.0,7.05,6.66,6.69,6.89,-0.2,-2.9028,304994.0,207692.267
300164.SZ,通源石油,20260915,10.0,10.08,9.76,9.78,10.31,-0.53,-5.1406,916596.88,906718.69964
300165.SZ,天瑞仪器,20260915,5.1,5.13,4.86,4.88,5.1,-0.22,-4.3137,114806.0,56784.306
300166.SZ,东方国信,20260915,12.01,12.11,11.8,11.85,12.01,-0.16,-1.3322,197384.0,235723.142
300167.SZ,ST迪威迅,20260915,3.98,4.0,3.84,3.85,3.96,-0.11,-2.7778,29467.0,11453.638
300168.SZ,万达信息,20260915,4.78,4.83,4.66,4.68,4.77,-0.09,-1.8868,122807.0,58034.301
300169.SZ,天晟新材,20260915,5.59,5.64,5.41,5.43,5.64,-0.21,-3.7234,67318.0,37003.958
300170.SZ,汉得信息,20260915,15.1,15.3,14.96,15.12,14.98,0.14,0.9346,392669.63,594062.4898
300171.SZ,东富龙,20260915,13.92,13.95,13.66,13.75,13.89,-0.14,-1.0079,90972.17,125375.61741
300172.SZ,中电环保,20260915,4.55,4.56,4.42,4.43,4.56,-0.13,-2.8509,70024.7,31353.2981
300173.SZ,ST福能,20260915,3.45,3.45,3.31,3.31,3.45,-0.14,-4.058,105632.0,35491.842
300174.SZ,元力股份,20260915,18.24,18.76,18.22,18.44,18.34,0.1,0.5453,104430.0,193674.10346
300175.SZ,朗源股份,20260915,5.61,5.64,5.42,5.46,5.66,-0.2,-3.5336,61601.0,33887.92
300176.SZ,鸿特科技,20260915,4.38,4.39,4.23,4.24,4.4,-0.16,-3.6364,109256.0,46906.5072
300177.SZ,中海达,20260915,6.2,6.29,6.08,6.12,6.25,-0.13,-2.08,80936.28,49979.13448
300179.SZ,四方达,20260915,43.01,43.1,41.7,41.78,43.36,-1.58,-3.6439,535068.03,2262519.17485
300180.SZ,华峰超纤,20260915,4.44,4.48,4.33,4.35,4.45,-0.1,-2.2472,214355.0,94079.405
300181.SZ,佐力药业,20260915,13.29,13.34,13.16,13.16,13.31,-0.15,-1.127,46356.57,61236.63318
300182.SZ,捷成股份,20260915,5.04,5.09,4.9,4.91,5.05,-0.14,-2.7723,758117.46,377010.41266
300183.SZ,东软载波,20260915,11.2,11.32,10.97,11.04,11.21,-0.17,-1.5165,105398.63,116983.0921
300184.SZ,力源信息,20260915,11.78,11.98,11.78,11.83,11.89,-0.06,-0.5046,244004.99,289943.64537
300185.SZ,通裕重工,20260915,2.78,2.84,2.74,2.82,2.79,0.03,1.0753,1165803.15,327664.11366
300187.SZ,永清环保,20260915,4.67,4.68,4.5,4.52,4.67,-0.15,-3.212,81730.03,37349.41959
300188.SZ,国投智能,20260915,10.71,10.8,10.35,10.37,10.6,-0.23,-2.1698,146624.57,153759.22902
300189.SZ,神农种业,20260915,6.42,6.52,6.03,6.06,6.57,-0.51,-7.7626,2340247.89,1453659.65491
300190.SZ,维尔利,20260915,3.98,3.99,3.83,3.85,3.99,-0.14,-3.5088,144576.0,56224.93
300191.SZ,潜能恒信,20260915,32.78,32.98,31.88,31.98,32.67,-0.69,-2.112,88928.33,287928.2336
300192.SZ,科德教育,20260915,17.52,17.61,17.07,17.16,17.6,-0.44,-2.5,122664.2,212415.291
300193.SZ,佳士科技,20260915,7.88,7.88,7.67,7.68,7.82,-0.14,-1.7903,26409.0,20395.90732
300194.SZ,福安药业,20260915,3.87,3.87,3.74,3.75,3.86,-0.11,-2.8497,123948.0,46811.068
300195.SZ,长荣股份,20260915,5.96,6.0,5.79,5.8,5.95,-0.15,-2.521,83894.0,49419.719
300196.SZ,长海股份,20260915,19.4,21.29,19.37,19.83,20.15,-0.32,-1.5881,476240.87,965393.57217
300197.SZ,节能铁汉,20260915,2.0,2.01,1.92,1.93,2.01,-0.08,-3.9801,861645.0,168718.628
300198.SZ,*ST纳川,20260915,2.28,2.28,2.23,2.24,2.26,-0.02,-0.885,71958.0,16190.45
300199.SZ,翰宇药业,20260915,23.55,23.94,23.16,23.59,23.51,0.08,0.3403,295485.27,696340.00022
300200.SZ,高盟新材,20260915,8.33,8.55,8.25,8.47,8.33,0.14,1.6807,81290.65,68310.97076
300201.SZ,海伦哲,20260915,12.11,12.51,12.03,12.27,12.13,0.14,1.1542,398332.16,490498.1805
300203.SZ,聚光科技,20260915,12.21,12.26,12.05,12.14,12.27,-0.13,-1.0595,34275.99,41647.52582
300204.SZ,舒泰神,20260915,19.96,19.96,19.46,19.46,19.8,-0.34,-1.7172,74445.23,146238.47703
300205.SZ,*ST天喻,20260915,4.92,4.94,4.88,4.9,4.91,-0.01,-0.2037,7168.0,3518.489
300206.SZ,理邦仪器,20260915,11.25,11.26,10.93,10.96,11.21,-0.25,-2.2302,54797.0,60785.796
300207.SZ,欣旺达,20260915,18.29,18.39,17.71,17.74,18.35,-0.61,-3.3243,626072.78,1124992.28494
300209.SZ,行云科技,20260915,35.66,36.31,33.18,33.68,36.25,-2.57,-7.0897,748496.31,2597164.62528
300210.SZ,森远股份,20260915,7.22,7.39,7.17,7.19,7.28,-0.09,-1.2363,52161.8,37814.0562
300211.SZ,*ST亿通,20260915,7.14,7.25,7.13,7.17,7.2,-0.03,-0.4167,15750.0,11328.935
300212.SZ,*ST易录,20260915,8.92,9.28,8.19,8.19,8.91,-0.72,-8.0808,247633.22,215069.63697
300213.SZ,佳讯飞鸿,20260915,6.5,6.53,6.25,6.29,6.49,-0.2,-3.0817,112786.5,71649.984
300214.SZ,日科化学,20260915,9.85,10.18,9.83,9.88,9.92,-0.04,-0.4032,194655.0,194706.66499
300215.SZ,电科院,20260915,6.32,6.4,6.25,6.27,6.37,-0.1,-1.5699,84181.0,53179.241
300217.SZ,东方电热,20260915,4.09,4.09,4.02,4.03,4.09,-0.06,-1.467,111058.8,45030.226
300218.SZ,安利股份,20260915,12.53,12.55,12.18,12.19,12.49,-0.3,-2.4019,14222.1,17492.8113
300219.SZ,鸿利智汇,20260915,6.79,6.84,6.69,6.71,6.84,-0.13,-1.9006,81803.24,55214.82008
300220.SZ,金运激光,20260915,11.06,11.21,10.58,10.61,11.15,-0.54,-4.843,26423.0,28485.911
300221.SZ,银禧科技,20260915,14.1,14.77,13.85,14.67,14.0,0.67,4.7857,431852.0,625401.91
300222.SZ,科大智能,20260915,9.85,9.97,9.81,9.83,9.9,-0.07,-0.7071,83799.11,82869.35902
300223.SZ,君正股份,20260915,126.77,129.99,125.2,127.58,126.32,1.26,0.9975,144504.97,1850184.67652
300224.SZ,正海磁材,20260915,11.4,11.45,11.31,11.32,11.41,-0.09,-0.7888,60550.59,68852.35008
300225.SZ,金力泰,20260915,7.77,8.0,7.61,7.94,7.73,0.21,2.7167,183762.0,144358.134
300226.SZ,上海钢联,20260915,16.4,16.66,16.3,16.43,16.37,0.06,0.3665,45186.66,74455.30658
300227.SZ,光韵达,20260915,11.92,12.11,10.46,10.53,12.42,-1.89,-15.2174,776550.91,875517.35
300228.SZ,富瑞特装,20260915,6.7,6.73,6.56,6.57,6.7,-0.13,-1.9403,82636.2,54757.4764
300229.SZ,拓尔思,20260915,13.24,13.34,12.9,12.94,13.05,-0.11,-0.8429,192675.5,252940.1192
300230.SZ,永利股份,20260915,4.29,4.3,4.2,4.22,4.3,-0.08,-1.8605,57826.0,24487.351
300231.SZ,银信科技,20260915,8.08,8.16,7.93,7.95,8.03,-0.08,-0.9963,69779.0,56131.095
300232.SZ,洲明科技,20260915,5.38,5.41,5.27,5.28,5.4,-0.12,-2.2222,72217.0,38425.912
300233.SZ,金城医药,20260915,12.9,13.0,12.76,12.81,13.01,-0.2,-1.5373,60809.0,78190.378
300234.SZ,开尔新材,20260915,9.98,10.29,9.95,10.1,10.03,0.07,0.6979,85212.31,86570.59213
300235.SZ,方直科技,20260915,11.11,11.2,10.8,10.94,11.05,-0.11,-0.9955,39641.0,43386.831
300236.SZ,上海新阳,20260915,82.91,85.68,82.7,84.93,83.45,1.48,1.7735,55079.79,465717.15606
300237.SZ,ST美晨,20260915,2.36,2.36,2.18,2.21,2.45,-0.24,-9.7959,437658.8,99011.4308
300238.SZ,冠昊生物,20260915,11.08,11.09,10.76,10.79,11.01,-0.22,-1.9982,28214.0,30724.405
300239.SZ,东宝生物,20260915,4.99,4.99,4.81,4.81,4.99,-0.18,-3.6072,55653.0,27073.044
300240.SZ,飞力达,20260915,6.05,6.11,5.9,5.91,6.1,-0.19,-3.1148,51973.0,31027.662
300241.SZ,瑞丰光电,20260915,5.75,5.79,5.69,5.71,5.77,-0.06,-1.0399,107750.0,61793.028
300242.SZ,佳云科技,20260915,3.98,3.98,3.84,3.86,3.96,-0.1,-2.5253,126282.0,49064.594
300243.SZ,瑞丰高材,20260915,16.16,17.13,16.03,16.54,16.27,0.27,1.6595,183036.99,305309.41524
300244.SZ,迪安诊断,20260915,17.63,18.38,17.53,18.0,17.65,0.35,1.983,266927.12,482227.71945
300245.SZ,ST天玑,20260915,6.6,6.78,6.05,6.06,6.64,-0.58,-8.7349,261395.0,167487.617
300246.SZ,宝莱特,20260915,14.95,15.38,14.59,14.65,14.97,-0.32,-2.1376,83508.5,125258.4505
300247.SZ,融捷健康,20260915,3.65,3.66,3.56,3.57,3.65,-0.08,-2.1918,84791.0,30578.032
300248.SZ,新开普,20260915,8.34,8.35,8.07,8.1,8.26,-0.16,-1.937,53420.58,43683.33576
300249.SZ,依米康,20260915,12.85,13.02,12.67,12.67,12.85,-0.18,-1.4008,81635.0,104918.697
300250.SZ,初灵信息,20260915,15.09,15.43,14.82,14.84,15.02,-0.18,-1.1984,55953.77,84325.91345
300251.SZ,光线传媒,20260915,11.07,11.14,10.87,10.87,11.02,-0.15,-1.3612,253233.35,278023.9247
300252.SZ,金信诺,20260915,12.71,12.9,12.61,12.67,12.97,-0.3,-2.313,373922.77,476374.49368
300253.SZ,卫宁健康,20260915,6.7,6.75,6.59,6.61,6.69,-0.08,-1.1958,268099.66,178517.06524
300254.SZ,仟源医药,20260915,8.59,8.68,8.3,8.32,8.63,-0.31,-3.5921,58070.0,48815.059
300255.SZ,常山药业,20260915,22.69,22.97,22.47,22.52,22.61,-0.09,-0.3981,120989.81,274525.78724
300256.SZ,星星科技,20260915,2.73,2.74,2.64,2.65,2.73,-0.08,-2.9304,159222.0,42609.682
300257.SZ,开山股份,20260915,18.22,18.56,17.75,17.79,17.73,0.06,0.3384,96974.04,175111.99298
300258.SZ,精锻科技,20260915,8.95,8.97,8.81,8.84,8.94,-0.1,-1.1186,50815.79,45097.6688
300259.SZ,新天科技,20260915,4.07,4.13,3.96,3.97,4.11,-0.14,-3.4063,257141.91,103473.98383
300260.SZ,新莱应材,20260915,53.18,56.49,52.69,55.67,53.55,2.12,3.9589,128684.9,709398.27515
300261.SZ,雅本化学,20260915,4.82,4.86,4.67,4.71,4.85,-0.14,-2.8866,162530.56,76821.35354
300263.SZ,隆华科技,20260915,9.68,10.14,9.61,9.97,9.73,0.24,2.4666,374923.56,372326.20528
300264.SZ,佳创视讯,20260915,6.05,6.07,5.88,5.89,6.05,-0.16,-2.6446,102225.0,60902.531
300265.SZ,通光线缆,20260915,13.4,13.64,13.17,13.28,13.53,-0.25,-1.8477,155606.0,207913.232
300266.SZ,兴源环境,20260915,1.93,1.94,1.83,1.84,1.95,-0.11,-5.641,303662.0,57101.19
300267.SZ,尔康制药,20260915,3.21,3.21,3.1,3.1,3.19,-0.09,-2.8213,203558.25,63729.0665
300268.SZ,佳沃食品,20260915,12.24,12.24,11.52,11.54,12.12,-0.58,-4.7855,25365.0,29992.32
300269.SZ,联建光电,20260915,4.85,4.87,4.65,4.65,4.86,-0.21,-4.321,104056.0,49274.022
300270.SZ,中威电子,20260915,10.26,10.32,9.97,9.99,10.26,-0.27,-2.6316,72943.0,73835.613
300271.SZ,华宇软件,20260915,5.76,5.85,5.59,5.61,5.71,-0.1,-1.7513,146199.0,83363.037
300272.SZ,开能健康,20260915,5.7,5.74,5.56,5.57,5.72,-0.15,-2.6224,51190.65,28784.37035
300274.SZ,阳光电源,20260915,84.58,86.09,84.06,84.38,84.98,-0.6,-0.706,337271.1,2865354.68415
300275.SZ,梅安森,20260915,8.98,9.13,8.86,9.04,8.87,0.17,1.9166,61657.0,55486.177
300276.SZ,三丰智能,20260915,6.02,6.05,5.93,5.95,6.02,-0.07,-1.1628,114910.22,68584.95335
300277.SZ,汽轮科技,20260915,12.15,12.35,11.97,12.0,12.24,-0.24,-1.9608,130118.37,158271.80162
300278.SZ,华昌达,20260915,3.5,3.52,3.41,3.41,3.52,-0.11,-3.125,106216.0,36719.555
300279.SZ,和晶科技,20260915,5.57,5.91,5.57,5.87,5.6,0.27,4.8214,367367.75,212236.28445
300281.SZ,金明精机,20260915,6.68,6.7,6.45,6.5,6.7,-0.2,-2.9851,72688.0,47424.784
300283.SZ,温州宏丰,20260915,13.62,14.09,13.62,13.77,13.77,0.0,0.0,468987.26,650115.22476
300284.SZ,苏交科,20260915,5.08,5.09,4.99,5.0,5.09,-0.09,-1.7682,91854.0,46173.871
300285.SZ,国瓷材料,20260915,65.8,67.5,65.25,66.6,65.8,0.8,1.2158,922267.33,6112773.18311
300286.SZ,安科瑞,20260915,18.81,18.98,18.63,18.67,18.8,-0.13,-0.6915,23085.0,43402.525
300287.SZ,飞利信,20260915,3.68,3.71,3.56,3.57,3.66,-0.09,-2.459,279007.73,101129.415
300288.SZ,朗玛信息,20260915,9.7,9.8,9.43,9.46,9.73,-0.27,-2.7749,42545.67,40579.73056
300289.SZ,利德曼,20260915,5.87,5.94,5.65,5.65,5.87,-0.22,-3.7479,56238.0,32215.118
300290.SZ,ST荣科,20260915,8.41,8.42,7.18,7.37,8.71,-1.34,-15.3846,720658.11,570842.88934
300291.SZ,百纳千成,20260915,5.39,5.4,5.05,5.07,5.33,-0.26,-4.878,401563.0,207570.753
300292.SZ,吴通控股,20260915,4.6,4.74,4.54,4.62,4.66,-0.04,-0.8584,850870.84,394126.29116
300293.SZ,蓝英装备,20260915,14.15,14.35,13.99,14.15,14.14,0.01,0.0707,35378.0,50054.504
300294.SZ,博雅生物,20260915,14.16,14.22,13.91,13.94,14.2,-0.26,-1.831,34881.0,48904.404
300295.SZ,*ST三六五,20260915,11.66,11.79,11.42,11.44,11.66,-0.22,-1.8868,14017.0,16255.624
300296.SZ,利亚德,20260915,4.92,4.94,4.79,4.81,4.94,-0.13,-2.6316,433633.33,210119.08864
300298.SZ,三诺生物,20260915,15.37,15.48,15.33,15.43,15.35,0.08,0.5212,26271.0,40508.718
300299.SZ,富春股份,20260915,5.52,5.59,5.36,5.38,5.54,-0.16,-2.8881,136037.0,74189.286
300300.SZ,海峡创新,20260915,8.58,9.0,8.33,8.51,8.79,-0.28,-3.1854,954538.45,822519.55668
300301.SZ,ST长方,20260915,3.4,3.53,3.38,3.45,3.37,0.08,2.3739,76341.0,26266.448
300302.SZ,同有科技,20260915,27.03,27.68,26.9,27.2,27.07,0.13,0.4802,111353.49,304128.35644
300303.SZ,聚飞光电,20260915,6.83,6.85,6.67,6.74,6.79,-0.05,-0.7364,302343.27,204092.00666
300304.SZ,云意电气,20260915,11.01,11.14,10.76,10.77,11.08,-0.31,-2.7978,100670.01,109916.58278
300305.SZ,裕兴股份,20260915,6.35,6.59,6.33,6.43,6.41,0.02,0.312,172631.0,111825.176
300306.SZ,远方信息,20260915,10.19,10.29,10.0,10.02,10.25,-0.23,-2.2439,20014.0,20268.018
300307.SZ,慈星股份,20260915,7.21,7.22,7.1,7.13,7.25,-0.12,-1.6552,71697.0,51369.021
300308.SZ,中际旭创,20260915,873.38,883.73,858.0,864.01,873.0,-8.99,-1.0298,179554.41,15613591.7296
300310.SZ,宜通世纪,20260915,4.35,4.35,4.24,4.26,4.34,-0.08,-1.8433,112443.0,48136.675
300311.SZ,任子行,20260915,6.5,6.64,6.03,6.04,6.32,-0.28,-4.4304,1140318.26,715025.7268
300313.SZ,天山生物,20260915,13.87,13.9,13.0,13.12,13.2,-0.08,-0.6061,257071.39,343075.20429
300314.SZ,戴维医疗,20260915,11.42,11.48,11.15,11.18,11.46,-0.28,-2.4433,41994.43,47250.69745
300315.SZ,掌趣科技,20260915,4.02,4.04,3.93,3.94,4.02,-0.08,-1.99,504354.33,200586.9595
300316.SZ,晶盛机电,20260915,39.5,40.2,39.13,39.26,39.61,-0.35,-0.8836,80268.55,317065.37571
300317.SZ,珈伟新能,20260915,4.24,4.32,4.1,4.1,4.3,-0.2,-4.6512,645552.84,269169.1784
300318.SZ,博晖创新,20260915,4.94,4.94,4.75,4.77,4.94,-0.17,-3.4413,57343.0,27602.617
300319.SZ,麦捷科技,20260915,21.0,22.45,20.9,22.4,21.36,1.04,4.8689,1527495.03,3338194.17771
300320.SZ,海达股份,20260915,8.15,8.18,7.99,8.0,8.13,-0.13,-1.599,37631.23,30388.41177
300321.SZ,同大股份,20260915,31.6,32.87,31.37,32.15,31.77,0.38,1.1961,23367.0,75513.151
300322.SZ,硕贝德,20260915,17.35,17.6,17.13,17.17,17.4,-0.23,-1.3218,131243.78,227536.52359
300323.SZ,华灿光电,20260915,10.45,10.7,10.38,10.53,10.57,-0.04,-0.3784,269295.19,284009.49916
300324.SZ,旋极信息,20260915,3.44,3.51,3.36,3.38,3.43,-0.05,-1.4577,285608.75,97803.4975
300326.SZ,ST凯利,20260915,6.13,6.13,6.02,6.03,6.13,-0.1,-1.6313,39943.0,24258.009
300327.SZ,中颖电子,20260915,24.11,24.45,23.91,24.18,24.25,-0.07,-0.2887,76973.96,185985.76424
300328.SZ,宜安科技,20260915,12.55,12.6,12.15,12.3,12.32,-0.02,-0.1623,255500.68,315266.9031
300329.SZ,海伦钢琴,20260915,11.57,11.57,11.21,11.28,11.52,-0.24,-2.0833,20181.0,22923.516
300331.SZ,苏大维格,20260915,44.66,46.3,44.63,45.29,45.19,0.1,0.2213,74799.0,340012.48361
300332.SZ,天壕能源,20260915,4.97,5.02,4.84,4.86,5.01,-0.15,-2.994,255668.68,125665.50855
300333.SZ,兆日科技,20260915,11.27,11.97,11.19,11.28,11.03,0.25,2.2665,469101.72,540375.26894
300334.SZ,津膜科技,20260915,8.49,8.49,8.16,8.2,8.51,-0.31,-3.6428,72961.0,60490.72
300335.SZ,迪森股份,20260915,5.6,5.68,5.46,5.46,5.63,-0.17,-3.0195,168462.5,93268.9665
300337.SZ,银邦股份,20260915,9.35,9.43,9.3,9.3,9.4,-0.1,-1.0638,75580.17,70698.30433
300338.SZ,*ST开元,20260915,2.95,2.99,2.9,2.9,2.95,-0.05,-1.6949,46272.0,13591.483
300339.SZ,润和软件,20260915,34.81,35.24,34.5,34.68,34.6,0.08,0.2312,110583.89,385568.05875
300340.SZ,科恒股份,20260915,8.58,8.73,8.47,8.51,8.6,-0.09,-1.0465,37099.0,31847.141
300341.SZ,麦克奥迪,20260915,12.52,12.57,12.37,12.38,12.57,-0.19,-1.5115,19978.64,24880.473
300342.SZ,天银机电,20260915,31.58,31.88,31.1,31.16,31.62,-0.46,-1.4548,65357.76,205226.12337
300343.SZ,联创股份,20260915,5.46,5.47,5.37,5.38,5.43,-0.05,-0.9208,71804.0,38897.28
300345.SZ,华民股份,20260915,7.25,7.26,6.98,7.06,7.27,-0.21,-2.8886,258820.0,182890.243
300346.SZ,南大光电,20260915,51.3,52.68,51.06,52.35,51.58,0.77,1.4928,232406.13,1210932.52681
300347.SZ,泰格医药,20260915,56.0,56.49,55.32,55.81,56.4,-0.59,-1.0461,113944.03,637427.00181
300348.SZ,长亮科技,20260915,9.57,9.71,9.41,9.43,9.6,-0.17,-1.7708,111147.0,105977.245
300349.SZ,金卡智能,20260915,10.04,10.04,9.82,9.84,10.01,-0.17,-1.6983,38546.44,38171.42864
300350.SZ,华鹏飞,20260915,4.39,4.4,4.25,4.27,4.37,-0.1,-2.2883,94236.59,40708.44906
300351.SZ,永贵电器,20260915,13.89,14.02,13.67,13.73,13.95,-0.22,-1.5771,46683.15,64690.32997
300352.SZ,ST信源,20260915,3.06,3.14,2.82,2.85,3.17,-0.32,-10.0946,843922.79,250568.16489
300353.SZ,东土科技,20260915,16.1,16.28,15.83,15.83,16.13,-0.3,-1.8599,70464.91,113035.57823
300354.SZ,东华测试,20260915,26.1,26.4,25.84,25.88,26.23,-0.35,-1.3343,9506.0,24787.768
300355.SZ,蒙草生态,20260915,2.83,2.84,2.76,2.76,2.83,-0.07,-2.4735,198349.0,55325.009
300357.SZ,我武生物,20260915,19.04,19.11,18.87,18.92,19.05,-0.13,-0.6824,51727.9,98120.66241
300358.SZ,楚天科技,20260915,8.21,8.21,8.03,8.05,8.15,-0.1,-1.227,98831.0,79886.49276
300359.SZ,全通教育,20260915,4.13,4.13,3.96,3.97,4.11,-0.14,-3.4063,104960.0,42312.127
300360.SZ,炬华科技,20260915,11.21,11.21,11.05,11.07,11.21,-0.14,-1.2489,24553.01,27260.84562
300363.SZ,博腾股份,20260915,21.4,21.48,21.0,21.22,21.47,-0.25,-1.1644,146508.1,311465.31179
300364.SZ,中文在线,20260915,24.69,24.81,23.65,23.72,24.21,-0.49,-2.024,441173.33,1064451.11208
300365.SZ,恒华科技,20260915,4.65,4.68,4.51,4.53,4.65,-0.12,-2.5806,97866.0,44622.686
300366.SZ,ST创意,20260915,5.45,5.6,5.43,5.55,5.48,0.07,1.2774,80808.0,44678.239
300368.SZ,汇金股份,20260915,8.85,8.85,8.46,8.49,8.71,-0.22,-2.5258,268843.0,230084.408
300369.SZ,绿盟科技,20260915,8.77,8.86,8.18,8.23,8.65,-0.42,-4.8555,995811.73,841163.99438
300370.SZ,安控科技,20260915,2.19,2.19,2.08,2.09,2.18,-0.09,-4.1284,217419.2,46288.4408
300371.SZ,汇中股份,20260915,10.12,10.12,9.62,9.65,10.14,-0.49,-4.8323,35604.0,34993.043
300373.SZ,扬杰科技,20260915,84.87,87.87,84.3,85.79,84.89,0.9,1.0602,83775.42,721577.57504
300374.SZ,中铁装配,20260915,11.0,11.0,10.57,10.6,11.0,-0.4,-3.6364,40064.0,43035.128
300375.SZ,鹏翎股份,20260915,4.14,4.14,3.98,4.0,4.13,-0.13,-3.1477,67149.81,27143.86586
300376.SZ,易事特,20260915,4.21,4.21,4.14,4.14,4.21,-0.07,-1.6627,143171.0,59616.639
300377.SZ,赢时胜,20260915,13.76,13.76,13.34,13.35,13.58,-0.23,-1.6937,187497.03,252748.1254
300378.SZ,鼎捷数智,20260915,36.18,37.33,35.74,35.89,35.79,0.1,0.2794,170290.73,619957.09419
300380.SZ,安硕信息,20260915,28.19,28.29,27.38,27.4,28.11,-0.71,-2.5258,19089.0,52869.436
300381.SZ,溢多利,20260915,5.65,5.66,5.45,5.46,5.68,-0.22,-3.8732,132627.05,73117.3016
300382.SZ,斯莱克,20260915,14.99,15.13,14.52,14.76,15.02,-0.26,-1.731,222948.72,330333.99804
300383.SZ,光环新网,20260915,10.88,11.08,10.87,10.98,10.95,0.03,0.274,236907.85,259755.22755
300384.SZ,三联虹普,20260915,11.75,11.77,11.55,11.56,11.7,-0.14,-1.1966,13236.0,15413.153
300385.SZ,ST雪浪,20260915,12.75,12.94,12.22,12.47,12.89,-0.42,-3.2583,55716.0,69582.684
300386.SZ,飞天诚信,20260915,11.65,11.95,11.4,11.5,11.38,0.12,1.0545,107189.79,124878.74324
300387.SZ,富邦科技,20260915,7.58,7.59,7.26,7.29,7.57,-0.28,-3.6988,91849.0,67654.969
300388.SZ,节能国祯,20260915,6.8,6.83,6.66,6.68,6.81,-0.13,-1.909,59026.12,39641.17816
300389.SZ,艾比森,20260915,12.22,12.28,12.0,12.07,12.22,-0.15,-1.2275,25006.12,30294.76224
300390.SZ,天华新能,20260915,52.9,53.62,52.21,52.3,53.76,-1.46,-2.7158,167956.45,886564.36881
300393.SZ,中来股份,20260915,6.0,6.06,5.87,5.88,6.03,-0.15,-2.4876,119104.0,70884.139
300394.SZ,天孚通信,20260915,255.53,263.98,248.6,257.38,256.96,0.42,0.1634,316629.12,8138165.03697
300395.SZ,菲利华,20260915,95.0,99.29,94.37,96.48,95.0,1.48,1.5579,213297.97,2078540.13215
300396.SZ,ST迪瑞,20260915,7.02,7.02,6.83,6.85,7.03,-0.18,-2.5605,20644.2,14283.5006
300397.SZ,天和防务,20260915,10.75,10.82,10.57,10.58,10.84,-0.26,-2.3985,112081.0,119733.861
300398.SZ,飞凯材料,20260915,34.02,35.61,34.02,35.22,34.69,0.53,1.5278,373966.47,1306020.43913
300399.SZ,天利科技,20260915,19.3,19.58,18.93,18.95,19.34,-0.39,-2.0165,34777.45,66396.82575
300400.SZ,劲拓股份,20260915,36.56,37.5,36.1,36.85,36.92,-0.07,-0.1896,132769.99,487712.06945
300401.SZ,花园生物,20260915,14.6,14.7,14.37,14.39,14.67,-0.28,-1.9087,105378.59,153017.06567
300402.SZ,宝色股份,20260915,14.61,14.71,14.21,14.23,14.67,-0.44,-2.9993,21322.0,30686.273
300403.SZ,汉宇集团,20260915,8.8,8.93,8.79,8.8,8.88,-0.08,-0.9009,34171.34,30250.5865
300404.SZ,博济医药,20260915,12.63,12.79,12.36,12.37,12.63,-0.26,-2.0586,211956.47,264664.17892
300405.SZ,科隆股份,20260915,5.64,5.67,5.37,5.39,5.67,-0.28,-4.9383,80474.0,44106.665
300406.SZ,九强生物,20260915,11.38,11.38,11.2,11.21,11.39,-0.18,-1.5803,24338.0,27377.999
300407.SZ,凯发电气,20260915,10.54,10.57,10.33,10.44,10.51,-0.07,-0.666,56471.39,59070.88189
300408.SZ,三环集团,20260915,126.24,129.55,124.94,126.21,125.83,0.38,0.302,464204.52,5880459.74652
300409.SZ,道氏技术,20260915,16.6,17.14,16.59,16.94,16.64,0.3,1.8029,142330.0,241373.073
300410.SZ,正业科技,20260915,8.66,8.86,8.59,8.83,8.72,0.11,1.2615,364904.91,319791.68036
300411.SZ,金盾股份,20260915,8.88,8.97,8.5,8.51,8.91,-0.4,-4.4893,129232.2,111888.3208
300412.SZ,迦南科技,20260915,4.39,4.4,4.2,4.22,4.41,-0.19,-4.3084,97890.4,41864.9391
300413.SZ,芒果超媒,20260915,17.3,17.5,16.71,16.73,17.29,-0.56,-3.2389,753749.89,1279409.25225
300414.SZ,中光防雷,20260915,11.4,11.43,10.91,10.94,11.47,-0.53,-4.6207,141972.34,158043.30454
300415.SZ,伊之密,20260915,18.78,18.96,18.68,18.75,18.84,-0.09,-0.4777,24038.0,45197.464
300416.SZ,苏试试验,20260915,13.91,14.14,13.91,13.96,13.96,0.0,0.0,63258.52,88638.44644
300417.SZ,南华仪器,20260915,11.4,11.65,10.84,10.92,11.41,-0.49,-4.2945,44488.4,49521.8522
300418.SZ,昆仑万维,20260915,43.23,43.96,42.68,42.86,42.91,-0.05,-0.1165,439943.64,1904416.91768
300419.SZ,ST浩丰,20260915,8.77,8.77,8.14,8.3,8.72,-0.42,-4.8165,82574.0,68984.662
300420.SZ,五洋自控,20260915,7.39,7.54,7.28,7.29,7.47,-0.18,-2.4096,468637.4,346231.3344
300421.SZ,力星股份,20260915,15.68,15.9,15.55,15.62,15.8,-0.18,-1.1392,29164.4,45792.861
300422.SZ,博世科,20260915,4.14,4.14,3.94,3.94,4.15,-0.21,-5.0602,145118.0,58398.632
300423.SZ,昇辉科技,20260915,5.64,5.67,5.48,5.5,5.67,-0.17,-2.9982,62755.5,34916.3835
300424.SZ,航新科技,20260915,13.36,13.39,13.05,13.07,13.39,-0.32,-2.3898,46421.98,61105.08261
300425.SZ,中建环能,20260915,4.05,4.07,3.91,3.93,4.06,-0.13,-3.202,86039.54,34202.32398
300426.SZ,华智数媒,20260915,7.21,7.32,6.91,6.94,7.2,-0.26,-3.6111,105739.0,74382.8185
300427.SZ,红相股份,20260915,6.81,6.88,6.6,6.6,6.84,-0.24,-3.5088,362613.56,242773.9682
300428.SZ,立中集团,20260915,19.59,19.95,19.49,19.68,19.58,0.1,0.5107,50833.0,100300.41838
300429.SZ,强力新材,20260915,10.93,11.37,10.86,11.22,11.02,0.2,1.8149,201094.99,225275.60571
300430.SZ,*ST益通,20260915,5.68,5.7,5.15,5.22,5.58,-0.36,-6.4516,352498.84,188677.31636
300432.SZ,富临精工,20260915,13.79,13.93,13.51,13.55,13.79,-0.24,-1.7404,259217.34,355227.30614
300433.SZ,蓝思科技,20260915,33.25,33.36,32.77,32.86,33.27,-0.41,-1.2323,434022.24,1434296.04561
300434.SZ,金石亚药,20260915,10.33,10.43,10.26,10.28,10.45,-0.17,-1.6268,82224.0,84938.979
300435.SZ,中泰股份,20260915,16.39,16.77,16.35,16.54,16.53,0.01,0.0605,44989.0,74789.545
300436.SZ,广生堂,20260915,86.82,86.83,84.88,84.88,86.82,-1.94,-2.2345,24750.0,211321.72654
300437.SZ,清水源,20260915,11.09,11.1,10.75,10.76,11.11,-0.35,-3.1503,47499.98,51708.32512
300438.SZ,鹏辉能源,20260915,51.2,51.97,50.52,50.65,51.27,-0.62,-1.2093,105357.35,539170.07071
300439.SZ,美康生物,20260915,9.4,9.47,9.26,9.36,9.45,-0.09,-0.9524,38795.0,36466.221
300440.SZ,运达科技,20260915,19.13,19.13,18.01,18.28,19.05,-0.77,-4.042,149419.0,275208.84
300441.SZ,鲍斯股份,20260915,6.85,6.9,6.75,6.77,6.85,-0.08,-1.1679,26666.0,18159.844
300442.SZ,润泽科技,20260915,61.25,61.8,60.6,60.91,60.25,0.66,1.0954,145260.44,888323.04763
300443.SZ,金雷股份,20260915,18.54,19.99,18.38,19.84,18.65,1.19,6.3807,152923.4,297889.71886
300444.SZ,双杰电气,20260915,8.97,9.09,8.86,8.92,9.02,-0.1,-1.1086,160455.19,144180.64676
300445.SZ,康斯特,20260915,17.92,18.5,17.48,18.35,17.86,0.49,2.7436,37801.0,68230.895
300446.SZ,航天智造,20260915,12.8,12.85,12.6,12.64,12.81,-0.17,-1.3271,52569.89,66909.45359
300447.SZ,全信股份,20260915,14.05,14.21,13.81,13.83,14.12,-0.29,-2.0538,31492.99,43923.14014
300448.SZ,浩云科技,20260915,5.65,5.72,5.45,5.47,5.67,-0.2,-3.5273,130855.0,72608.87
300449.SZ,汉邦高科,20260915,6.99,7.26,6.78,6.8,6.87,-0.07,-1.0189,125720.0,87846.85902
300450.SZ,先导智能,20260915,29.8,32.28,29.7,31.54,29.88,1.66,5.5556,673563.19,2105752.64233
300451.SZ,创业慧康,20260915,3.38,3.43,3.31,3.32,3.4,-0.08,-2.3529,141748.0,47584.18
300452.SZ,山河药辅,20260915,12.8,12.83,12.55,12.6,12.82,-0.22,-1.7161,20628.83,26099.34948
300453.SZ,三鑫医疗,20260915,9.25,9.25,9.02,9.05,9.28,-0.23,-2.4784,51175.67,46641.40712
300454.SZ,深信服,20260915,136.0,142.28,132.48,134.99,134.26,0.73,0.5437,217239.5,2971796.66644
300455.SZ,航天智装,20260915,16.76,16.99,16.71,16.71,16.78,-0.07,-0.4172,36099.0,60646.584
300456.SZ,赛微电子,20260915,34.03,34.8,33.66,33.9,34.38,-0.48,-1.3962,224485.11,766531.17024
300457.SZ,赢合科技,20260915,20.5,21.28,20.41,20.93,20.51,0.42,2.0478,95466.78,200417.33359
300458.SZ,全志科技,20260915,29.08,29.67,29.0,29.34,29.26,0.08,0.2734,217595.29,638850.37793
300459.SZ,汤姆猫,20260915,3.59,3.6,3.51,3.52,3.58,-0.06,-1.676,496106.58,176069.62206
300460.SZ,ST惠伦,20260915,8.66,8.69,8.38,8.38,8.65,-0.27,-3.1214,35072.0,29880.855
300461.SZ,田中精机,20260915,29.64,29.87,28.45,28.49,29.57,-1.08,-3.6524,52518.0,151766.779
300462.SZ,ST华铭,20260915,11.1,11.32,10.96,11.08,11.17,-0.09,-0.8057,6523.0,7232.099
300463.SZ,迈克生物,20260915,9.08,9.17,8.96,8.96,9.13,-0.17,-1.862,29538.0,26622.285
300464.SZ,星徽股份,20260915,8.38,8.5,7.88,8.35,8.25,0.1,1.2121,227655.5,186597.3655
300465.SZ,高伟达,20260915,11.44,11.5,11.12,11.15,11.34,-0.19,-1.6755,77275.0,87200.369
300466.SZ,赛摩智能,20260915,7.12,7.23,6.98,6.98,7.18,-0.2,-2.7855,42921.8,30315.8184
300467.SZ,迅游科技,20260915,33.19,33.5,32.71,33.34,32.89,0.45,1.3682,22940.03,75946.47788
300468.SZ,四方精创,20260915,22.88,23.05,21.89,22.03,22.65,-0.62,-2.7373,313634.92,702775.73667
300469.SZ,信息发展,20260915,49.3,49.93,48.6,48.72,49.34,-0.62,-1.2566,21059.81,103680.79624
300470.SZ,中密控股,20260915,27.01,27.26,27.01,27.16,27.14,0.02,0.0737,5554.0,15082.203
300471.SZ,厚普股份,20260915,9.7,9.72,9.46,9.5,9.7,-0.2,-2.0619,44009.85,42017.94314
300472.SZ,ST新元,20260915,6.98,6.98,6.58,6.73,6.98,-0.25,-3.5817,34718.6,23539.895
300473.SZ,德尔股份,20260915,28.61,29.09,27.84,28.04,28.68,-0.64,-2.2315,52983.0,150711.38
300474.SZ,景嘉微,20260915,47.73,48.1,47.27,47.33,47.76,-0.43,-0.9003,38089.17,181183.1947
300475.SZ,香农芯创,20260915,161.38,164.68,160.03,161.67,161.38,0.29,0.1797,175405.95,2850443.39953
300476.SZ,胜宏科技,20260915,225.98,233.15,224.0,226.06,225.0,1.06,0.4711,209124.58,4791342.10887
300477.SZ,ST合纵,20260915,2.86,2.86,2.62,2.67,2.87,-0.2,-6.9686,391142.0,106472.942
300478.SZ,杭州高新,20260915,32.6,33.12,31.73,32.21,32.24,-0.03,-0.0931,28841.5,93616.862
300479.SZ,神思电子,20260915,14.59,14.68,14.26,14.28,14.55,-0.27,-1.8557,26603.0,38475.427
300480.SZ,光力科技,20260915,30.48,31.58,30.28,31.03,30.69,0.34,1.1079,129167.46,400723.34704
300481.SZ,濮阳惠成,20260915,13.56,13.78,13.43,13.67,13.61,0.06,0.4409,55450.6,75738.35985
300482.SZ,万孚生物,20260915,15.8,15.86,15.53,15.55,15.83,-0.28,-1.7688,38720.33,60530.25881
300483.SZ,首华燃气,20260915,23.87,24.09,23.5,23.78,23.89,-0.11,-0.4604,89722.0,213241.419
300484.SZ,蓝海华腾,20260915,12.45,12.54,12.22,12.26,12.45,-0.19,-1.5261,18638.91,23002.0633
300485.SZ,赛升药业,20260915,8.4,8.4,8.13,8.13,8.36,-0.23,-2.7512,30733.0,25356.366
300486.SZ,东杰智能,20260915,18.58,18.65,17.3,17.33,18.5,-1.17,-6.3243,96438.35,171878.45142
300487.SZ,蓝晓科技,20260915,67.19,68.82,66.41,67.66,67.17,0.49,0.7295,52558.65,356788.52116
300488.SZ,恒锋工具,20260915,34.43,34.8,33.7,34.03,34.38,-0.35,-1.018,35419.0,120808.19711
300489.SZ,光智科技,20260915,204.59,205.35,198.0,198.57,203.62,-5.05,-2.4801,68554.14,1375600.89372
300490.SZ,华自科技,20260915,10.5,11.13,10.48,10.75,10.6,0.15,1.4151,167276.2,181825.5152
300491.SZ,通合科技,20260915,33.83,34.45,33.01,33.15,34.1,-0.95,-2.7859,64885.0,217696.795
300492.SZ,华图山鼎,20260915,22.13,22.13,21.4,21.4,22.13,-0.73,-3.2987,20786.6,45213.6718
300493.SZ,润欣科技,20260915,12.15,12.29,12.02,12.09,12.21,-0.12,-0.9828,81508.86,99157.38884
300494.SZ,盛天网络,20260915,8.09,8.12,7.88,7.91,8.05,-0.14,-1.7391,53051.76,42349.76688
300496.SZ,中科创达,20260915,54.01,54.87,54.01,54.35,54.13,0.22,0.4064,48641.77,264449.88686
300497.SZ,富祥股份,20260915,20.24,21.75,20.06,20.92,20.26,0.66,3.2577,479980.59,1006572.04179
300498.SZ,温氏股份,20260915,14.81,15.12,14.72,14.99,14.78,0.21,1.4208,473785.0,711699.66609
300499.SZ,高澜股份,20260915,37.66,38.58,36.97,37.86,36.7,1.16,3.1608,411265.11,1561012.3146
300500.SZ,启迪设计,20260915,9.5,9.5,9.03,9.05,9.47,-0.42,-4.4351,30215.0,27835.217
300501.SZ,海顺新材,20260915,9.34,9.37,9.13,9.13,9.3,-0.17,-1.828,22697.58,20873.91742
300502.SZ,新易盛,20260915,402.0,406.99,393.51,397.01,401.9,-4.89,-1.2167,243218.62,9727280.04698
300503.SZ,昊志机电,20260915,63.69,64.38,63.0,63.1,63.93,-0.83,-1.2983,49196.02,312617.1056
300504.SZ,天邑股份,20260915,17.15,17.48,16.67,16.96,16.96,0.0,0.0,65086.0,111020.516
300505.SZ,川金诺,20260915,19.45,19.57,18.76,18.82,19.81,-0.99,-4.9975,203635.11,389301.42103
300506.SZ,名家汇,20260915,4.8,4.8,4.65,4.65,4.77,-0.12,-2.5157,113675.4,53475.2302
300507.SZ,苏奥传感,20260915,6.3,6.41,6.21,6.21,6.36,-0.15,-2.3585,58869.38,37005.28412
300508.SZ,维宏股份,20260915,37.1,37.28,36.5,36.65,36.95,-0.3,-0.8119,14344.2,52825.3818
300509.SZ,新美星,20260915,8.78,8.78,8.4,8.48,8.73,-0.25,-2.8637,40120.06,34372.46584
300510.SZ,金冠股份,20260915,3.4,3.44,3.3,3.3,3.41,-0.11,-3.2258,165169.09,55351.83797
300511.SZ,雪榕生物,20260915,5.16,5.2,4.91,4.92,5.19,-0.27,-5.2023,383476.0,192016.489
300512.SZ,中亚股份,20260915,7.25,7.28,7.03,7.06,7.25,-0.19,-2.6207,38631.0,27620.214
300513.SZ,恒实科技,20260915,7.34,7.46,7.11,7.14,7.38,-0.24,-3.252,55269.2,40015.519
300514.SZ,友讯达,20260915,10.05,10.05,9.62,9.66,10.05,-0.39,-3.8806,34495.0,33661.371
300515.SZ,三德科技,20260915,15.3,15.39,15.13,15.17,15.39,-0.22,-1.4295,14422.0,21978.461
300516.SZ,久之洋,20260915,34.01,34.72,33.28,33.41,34.26,-0.85,-2.481,32167.1,108606.3277
300517.SZ,海波重科,20260915,11.07,11.44,10.8,11.26,11.16,0.1,0.8961,87294.7,96792.61686
300518.SZ,新迅达,20260915,24.1,24.34,23.35,23.55,24.26,-0.71,-2.9266,46655.77,110878.78485
300519.SZ,新光药业,20260915,14.1,14.1,13.63,13.63,14.1,-0.47,-3.3333,17959.0,24726.815
300520.SZ,科大国创,20260915,22.22,22.65,21.94,21.97,22.28,-0.31,-1.3914,53398.0,118686.07668
300521.SZ,爱司凯,20260915,23.55,24.03,23.41,23.58,23.73,-0.15,-0.6321,28198.0,66796.36
300522.SZ,世名科技,20260915,14.29,14.74,14.22,14.31,14.3,0.01,0.0699,147641.1,212598.0881
300523.SZ,辰安科技,20260915,20.93,21.85,20.81,20.86,20.96,-0.1,-0.4771,37982.0,80949.648
300525.SZ,博思软件,20260915,7.79,7.91,7.71,7.71,7.78,-0.07,-0.8997,92978.22,72575.29003
300527.SZ,ST应急,20260915,8.42,8.44,8.34,8.4,8.4,0.0,0.0,55731.64,46713.36298
300528.SZ,幸福蓝海,20260915,14.01,14.18,13.43,13.54,14.0,-0.46,-3.2857,114702.0,156668.422
300529.SZ,健帆生物,20260915,14.96,14.99,14.8,14.86,14.94,-0.08,-0.5355,25113.76,37342.61932
300530.SZ,领湃科技,20260915,19.51,20.03,19.05,19.22,19.42,-0.2,-1.0299,51947.0,101618.591
300531.SZ,优博讯,20260915,14.96,15.07,14.76,14.78,14.98,-0.2,-1.3351,56856.37,84633.45231
300532.SZ,今天国际,20260915,7.03,7.08,6.94,6.97,7.06,-0.09,-1.2748,49100.39,34350.09512
300533.SZ,冰川网络,20260915,14.5,14.61,14.13,14.13,14.48,-0.35,-2.4171,44783.93,64247.8291
300534.SZ,陇神戎发,20260915,12.77,13.15,12.5,12.51,12.77,-0.26,-2.036,362425.0,462564.262
300535.SZ,达威股份,20260915,15.64,15.64,14.88,15.0,15.64,-0.64,-4.0921,23673.5,35778.9
300536.SZ,农尚环境,20260915,8.79,8.88,8.45,8.51,8.82,-0.31,-3.5147,60755.0,52478.806
300537.SZ,广信材料,20260915,20.04,21.67,20.01,21.41,20.28,1.13,5.572,188472.19,399146.06369
300538.SZ,同益股份,20260915,14.66,14.85,14.4,14.42,14.68,-0.26,-1.7711,21105.0,30787.916
300539.SZ,横河精密,20260915,16.8,16.86,16.55,16.56,16.83,-0.27,-1.6043,40114.0,66886.164
300540.SZ,蜀道装备,20260915,26.41,26.99,26.21,26.49,26.35,0.14,0.5313,62132.0,165424.505
300541.SZ,先进数通,20260915,9.51,9.56,9.33,9.33,9.47,-0.14,-1.4784,46942.0,44224.1675
300542.SZ,新晨科技,20260915,12.45,12.52,12.0,12.02,12.21,-0.19,-1.5561,59426.0,72531.407
300543.SZ,朗科智能,20260915,7.52,7.53,7.25,7.28,7.51,-0.23,-3.0626,39853.36,29245.06974
300545.SZ,联得装备,20260915,26.53,26.8,26.3,26.38,26.78,-0.4,-1.4937,34420.0,91200.068
300546.SZ,雄帝科技,20260915,16.79,16.91,16.29,16.3,16.7,-0.4,-2.3952,34445.0,56887.707
300547.SZ,川环科技,20260915,25.3,26.05,25.02,25.12,25.53,-0.41,-1.606,41532.2,106093.5896
300548.SZ,长芯博创,20260915,202.03,211.62,199.91,206.7,204.09,2.61,1.2788,110263.9,2274390.03702
300549.SZ,优德精密,20260915,14.13,14.17,13.63,13.67,14.19,-0.52,-3.6646,17146.0,23718.049
300550.SZ,和仁科技,20260915,13.77,13.99,13.35,13.36,13.66,-0.3,-2.1962,33870.0,46204.099
300551.SZ,古鳌科技,20260915,11.16,11.27,10.88,10.94,11.18,-0.24,-2.1467,72536.0,80149.563
300552.SZ,万集科技,20260915,20.9,21.0,20.41,20.42,20.96,-0.54,-2.5763,32931.0,68111.073
300553.SZ,集智股份,20260915,56.15,56.68,54.5,54.91,55.65,-0.74,-1.3297,38982.0,215805.448
300554.SZ,三超新材,20260915,21.51,21.51,20.9,20.96,21.45,-0.49,-2.2844,24682.34,52250.22598
300555.SZ,ST路通,20260915,12.52,12.52,12.28,12.35,12.52,-0.17,-1.3578,5428.0,6722.306
300556.SZ,丝路视觉,20260915,15.97,15.99,15.37,15.48,15.85,-0.37,-2.3344,42445.0,66344.124
300557.SZ,理工光科,20260915,25.42,25.8,25.0,25.26,25.6,-0.34,-1.3281,16117.57,40992.54757
300558.SZ,贝达药业,20260915,46.5,46.79,46.05,46.21,46.74,-0.53,-1.1339,47426.69,220134.05172
300559.SZ,佳发教育,20260915,11.81,11.92,11.66,11.73,11.81,-0.08,-0.6774,55798.0,65825.22
300560.SZ,中富通,20260915,17.82,18.0,17.37,17.43,17.8,-0.37,-2.0787,83125.0,146624.419
300561.SZ,汇金科技,20260915,15.42,16.04,15.1,15.6,15.38,0.22,1.4304,181627.61,283479.50418
300562.SZ,乐心股份,20260915,17.44,17.81,16.51,16.74,17.67,-0.93,-5.2632,199520.07,339773.05343
300563.SZ,神宇股份,20260915,28.6,28.74,27.03,27.09,28.6,-1.51,-5.2797,213173.97,585041.12143
300564.SZ,筑博设计,20260915,11.86,12.02,11.4,11.44,11.95,-0.51,-4.2678,25619.1,29713.1422
300565.SZ,科信技术,20260915,10.01,10.16,9.72,9.75,10.1,-0.35,-3.4653,121493.0,120103.408
300566.SZ,激智科技,20260915,25.38,26.17,24.9,25.0,25.71,-0.71,-2.7616,156897.91,399368.49609
300567.SZ,精测电子,20260915,189.0,198.44,188.0,193.3,189.87,3.43,1.8065,40397.75,780903.06474
300568.SZ,星源材质,20260915,15.99,16.28,15.4,15.56,15.32,0.24,1.5666,757524.27,1187504.34878
300569.SZ,天能重工,20260915,4.86,5.25,4.75,5.22,4.89,0.33,6.7485,753147.84,384364.10713
300570.SZ,太辰光,20260915,196.33,202.3,193.0,194.39,198.3,-3.91,-1.9718,145563.11,2858293.53588
300571.SZ,平治信息,20260915,27.5,27.96,27.13,27.18,27.66,-0.48,-1.7354,31155.0,85614.162
300572.SZ,安车检测,20260915,25.8,25.8,23.88,23.93,25.38,-1.45,-5.7132,80885.0,196981.312
300573.SZ,兴齐眼药,20260915,36.1,36.42,35.93,36.1,36.2,-0.1,-0.2762,20544.77,74170.48541
300575.SZ,中旗股份,20260915,6.02,6.03,5.85,5.87,6.02,-0.15,-2.4917,78406.0,46440.987
300576.SZ,容大感光,20260915,27.32,28.42,27.31,28.2,27.66,0.54,1.9523,111253.45,311815.65487
300577.SZ,开润股份,20260915,19.6,20.0,19.45,19.5,19.72,-0.22,-1.1156,16521.81,32448.94206
300578.SZ,会畅科技,20260915,15.15,15.3,14.77,14.78,15.19,-0.41,-2.6991,28676.74,43038.28488
300579.SZ,数字认证,20260915,23.25,25.36,23.01,23.64,22.96,0.68,2.9617,131338.58,314890.93781
300580.SZ,贝斯特,20260915,18.05,18.07,17.77,17.78,18.08,-0.3,-1.6593,34535.35,61698.9467
300581.SZ,晨曦航空,20260915,10.56,10.6,10.25,10.27,10.54,-0.27,-2.5617,91050.67,94699.4184
300582.SZ,英飞特,20260915,10.55,10.55,10.17,10.19,10.47,-0.28,-2.6743,55023.0,56811.835
300583.SZ,赛托生物,20260915,12.95,13.12,12.55,12.6,12.97,-0.37,-2.8527,27521.0,34952.878
300584.SZ,海辰药业,20260915,29.75,30.5,29.37,30.13,29.68,0.45,1.5162,20008.0,60105.679
300585.SZ,奥联电子,20260915,15.85,15.93,15.41,15.43,15.74,-0.31,-1.9695,31427.0,49166.103
300586.SZ,美联新材,20260915,9.17,9.72,9.07,9.4,9.09,0.31,3.4103,292757.81,277424.4015
300587.SZ,天铁科技,20260915,4.64,4.66,4.51,4.53,4.65,-0.12,-2.5806,168034.5,76770.52762
300588.SZ,熙菱信息,20260915,21.14,21.18,20.67,20.69,21.06,-0.37,-1.7569,34087.0,71066.433
300589.SZ,江龙船艇,20260915,13.34,13.62,13.03,13.19,13.55,-0.36,-2.6568,200540.41,267040.89547
300590.SZ,移为通信,20260915,11.19,11.35,11.13,11.22,11.31,-0.09,-0.7958,123589.88,138752.45568
300591.SZ,万里马,20260915,6.53,6.58,6.42,6.45,6.53,-0.08,-1.2251,111398.3,72300.3847
300592.SZ,华凯易佰,20260915,19.55,20.89,19.5,20.0,19.78,0.22,1.1122,202494.54,411564.37602
300593.SZ,新雷能,20260915,30.91,31.55,30.7,30.94,31.0,-0.06,-0.1935,99959.06,311007.01724
300594.SZ,ST朗进,20260915,14.9,14.95,14.34,14.37,14.91,-0.54,-3.6217,8792.0,12804.7
300595.SZ,欧普康视,20260915,10.0,10.03,9.87,9.9,10.02,-0.12,-1.1976,48912.99,48568.24184
300596.SZ,利安隆,20260915,39.6,40.04,39.4,39.67,39.6,0.07,0.1768,12785.11,50853.08478
300597.SZ,吉大通信,20260915,7.83,7.88,7.55,7.61,7.86,-0.25,-3.1807,57061.06,43725.4428
300598.SZ,诚迈科技,20260915,30.26,31.25,29.78,29.79,30.09,-0.3,-0.997,72932.75,221195.8125
300599.SZ,雄塑科技,20260915,11.12,11.26,10.95,10.97,11.1,-0.13,-1.1712,46454.0,51451.647
300600.SZ,国瑞科技,20260915,10.62,10.96,10.43,10.46,10.72,-0.26,-2.4254,136423.55,145111.49332
300601.SZ,康泰生物,20260915,11.86,11.95,11.66,11.66,11.91,-0.25,-2.0991,79994.06,94028.60436
300602.SZ,飞荣达,20260915,37.39,38.06,37.1,37.23,37.56,-0.33,-0.8786,130752.23,490883.45831
300603.SZ,立昂技术,20260915,8.12,8.28,8.09,8.23,8.11,0.12,1.4797,141823.51,116012.1437
300604.SZ,长川科技,20260915,252.99,270.5,251.1,267.25,253.57,13.68,5.395,168689.9,4455560.11355
300605.SZ,恒锋信息,20260915,10.06,10.2,9.63,9.67,10.14,-0.47,-4.6351,50183.5,49389.6485
300606.SZ,金太阳,20260915,32.82,34.37,32.59,32.72,33.15,-0.43,-1.2971,51872.5,172391.423
300607.SZ,拓斯达,20260915,31.92,32.5,31.25,31.32,31.97,-0.65,-2.0332,205718.13,653669.09524
300608.SZ,思特奇,20260915,9.71,9.85,9.57,9.6,9.68,-0.08,-0.8264,55062.64,53177.54028
300609.SZ,汇纳科技,20260915,23.39,23.53,23.0,23.03,23.35,-0.32,-1.3704,15236.0,35319.092
300610.SZ,晨化股份,20260915,10.25,10.25,9.9,9.94,10.26,-0.32,-3.1189,28823.0,28854.3766
300611.SZ,美力科技,20260915,26.6,26.84,26.1,26.12,26.6,-0.48,-1.8045,25077.0,66093.081
300612.SZ,宣亚国际,20260915,11.86,11.86,11.36,11.37,11.74,-0.37,-3.1516,41761.32,48389.06412
300613.SZ,富瀚微,20260915,67.27,68.71,66.52,67.12,66.85,0.27,0.4039,85218.06,575134.07834
300614.SZ,百川畅银,20260915,10.33,10.51,9.81,9.85,10.42,-0.57,-5.4702,38377.4,38474.56345
300615.SZ,欣天科技,20260915,13.9,14.02,13.61,13.7,14.01,-0.31,-2.2127,90679.0,125269.552
300616.SZ,尚品宅配,20260915,10.09,10.12,9.81,9.82,10.07,-0.25,-2.4826,39291.0,39040.615
300617.SZ,安靠智电,20260915,35.25,35.45,34.68,34.75,35.35,-0.6,-1.6973,23322.99,81570.15129
300618.SZ,寒锐钴业,20260915,31.78,31.96,31.3,31.39,31.88,-0.49,-1.537,29652.56,93844.37021
300619.SZ,金银河,20260915,26.12,27.28,25.9,26.5,26.05,0.45,1.7274,62089.59,166315.67354
300620.SZ,光库科技,20260915,288.42,291.41,280.6,282.7,288.33,-5.63,-1.9526,70947.85,2022800.47677
300621.SZ,维业股份,20260915,7.0,7.05,6.63,6.67,7.04,-0.37,-5.2557,50008.0,33881.446
300622.SZ,博士眼镜,20260915,14.34,14.46,14.07,14.07,14.35,-0.28,-1.9512,38930.74,55317.66692
300623.SZ,捷捷微电,20260915,28.6,29.55,28.5,29.38,28.87,0.51,1.7665,123829.88,360769.11837
300624.SZ,万兴科技,20260915,50.58,51.11,49.46,49.56,50.5,-0.94,-1.8614,66529.28,333753.5937
300625.SZ,三雄极光,20260915,9.52,9.87,9.25,9.29,9.62,-0.33,-3.4304,41741.17,39818.71854
300626.SZ,华瑞股份,20260915,28.44,28.87,26.93,27.02,28.46,-1.44,-5.0597,65247.0,180214.327
300627.SZ,华测导航,20260915,26.72,26.83,25.92,25.99,26.72,-0.73,-2.732,66651.49,175506.5727
300628.SZ,亿联网络,20260915,40.72,41.35,40.59,41.12,40.73,0.39,0.9575,57956.8,237766.0698
300629.SZ,新劲刚,20260915,17.88,17.9,17.49,17.64,18.08,-0.44,-2.4336,57766.99,102326.72754
300631.SZ,久吾高科,20260915,21.38,21.75,21.18,21.36,21.4,-0.04,-0.1869,11475.0,24597.741
300632.SZ,光莆股份,20260915,17.8,18.16,17.65,17.7,17.86,-0.16,-0.8959,91300.0,163417.925
300633.SZ,开立医疗,20260915,19.01,19.09,18.61,18.65,19.02,-0.37,-1.9453,37682.0,70827.463
300634.SZ,彩讯股份,20260915,19.35,19.4,18.97,19.02,19.19,-0.17,-0.8859,68834.86,131928.893
300635.SZ,中达安,20260915,11.86,11.86,11.35,11.37,11.88,-0.51,-4.2929,44406.25,51236.0595
300636.SZ,同和药业,20260915,6.81,6.83,6.66,6.68,6.82,-0.14,-2.0528,40548.0,27260.401
300637.SZ,扬帆新材,20260915,9.2,9.3,9.08,9.09,9.28,-0.19,-2.0474,28370.0,26064.133
300638.SZ,广和通,20260915,17.66,17.97,17.56,17.62,17.65,-0.03,-0.17,65607.37,116411.83698
300639.SZ,凯普生物,20260915,5.8,5.81,5.64,5.66,5.79,-0.13,-2.2453,66585.0,37872.602
300640.SZ,德艺文创,20260915,6.33,6.34,6.01,6.03,6.34,-0.31,-4.8896,110070.45,67433.4172
300641.SZ,正丹股份,20260915,13.56,13.63,13.42,13.6,13.61,-0.01,-0.0735,29294.99,39630.15741
300642.SZ,透景生命,20260915,16.8,17.29,16.2,16.25,16.81,-0.56,-3.3314,158525.71,261420.99
300643.SZ,万通智控,20260915,17.43,17.52,16.91,17.03,17.43,-0.4,-2.2949,43462.74,74715.5086
300644.SZ,南京聚隆,20260915,19.62,19.71,19.1,19.13,19.65,-0.52,-2.6463,17253.56,33398.5366
300645.SZ,正元智慧,20260915,13.22,13.22,12.67,12.75,13.17,-0.42,-3.1891,31007.7,40007.1294
300647.SZ,超频三,20260915,7.29,8.0,7.18,7.82,7.37,0.45,6.1058,482320.0,367159.902
300648.SZ,星云股份,20260915,39.6,40.22,39.23,39.39,39.9,-0.51,-1.2782,9100.0,36046.652
300649.SZ,杭州园林,20260915,26.5,26.5,25.2,25.27,25.98,-0.71,-2.7329,29246.0,75119.757
300650.SZ,太龙股份,20260915,12.05,12.14,11.75,11.76,12.11,-0.35,-2.8902,45046.5,53733.8935
300651.SZ,金陵体育,20260915,15.78,15.83,15.33,15.35,15.8,-0.45,-2.8481,32845.0,50966.197
300652.SZ,雷迪克,20260915,25.4,25.4,24.85,24.88,25.28,-0.4,-1.5823,11219.83,28175.64928
300653.SZ,正海生物,20260915,14.8,14.89,14.45,14.5,14.82,-0.32,-2.1592,12434.0,18168.26
300654.SZ,世纪天鸿,20260915,9.78,9.96,9.65,9.65,9.77,-0.12,-1.2282,55748.0,54500.542
300655.SZ,晶瑞电材,20260915,12.2,12.7,12.2,12.61,12.33,0.28,2.2709,296451.68,371883.09309
300656.SZ,民德电子,20260915,24.3,25.6,24.3,24.64,24.42,0.22,0.9009,35815.0,89314.837
300657.SZ,弘信电子,20260915,37.55,38.16,36.95,37.07,37.73,-0.66,-1.7493,306856.66,1149792.1293
300658.SZ,延江股份,20260915,9.91,10.02,9.72,9.85,9.82,0.03,0.3055,76648.4,75789.9712
300659.SZ,中孚信息,20260915,11.5,11.66,10.76,10.9,10.87,0.03,0.276,278932.24,310295.6189
300660.SZ,江苏雷利,20260915,23.04,23.23,22.81,22.84,23.16,-0.32,-1.3817,24682.13,56697.79774
300661.SZ,圣邦股份,20260915,108.02,110.5,107.58,108.78,107.6,1.18,1.0967,55639.41,606181.05366
300662.SZ,科锐国际,20260915,21.03,21.59,20.82,20.93,21.08,-0.15,-0.7116,18091.0,38084.927
300663.SZ,科蓝软件,20260915,7.91,8.02,7.56,7.57,7.87,-0.3,-3.8119,185070.31,142558.73868
300664.SZ,鹏鹞环保,20260915,4.62,4.65,4.54,4.54,4.66,-0.12,-2.5751,53141.0,24318.38
300665.SZ,飞鹿股份,20260915,8.74,8.81,8.49,8.5,8.75,-0.25,-2.8571,57242.0,49424.56
300666.SZ,江丰电子,20260915,234.83,248.71,234.0,244.71,237.1,7.61,3.2096,143496.64,3495849.99622
300667.SZ,必创科技,20260915,14.97,15.29,14.77,14.83,15.05,-0.22,-1.4618,80988.0,121327.858
300668.SZ,杰恩股份,20260915,30.81,31.49,30.51,30.52,30.93,-0.41,-1.3256,18475.0,57049.323
300669.SZ,沪宁股份,20260915,21.99,22.08,21.5,21.64,21.93,-0.29,-1.3224,12465.5,27120.6035
300670.SZ,大烨智能,20260915,6.7,6.77,6.51,6.55,6.74,-0.19,-2.819,65074.0,43024.108
300671.SZ,富满微,20260915,50.01,51.78,49.94,50.6,50.45,0.15,0.2973,70081.0,356092.25666
300672.SZ,国科微,20260915,161.64,167.0,160.6,164.1,162.62,1.48,0.9101,42748.94,702881.37931
300673.SZ,佩蒂股份,20260915,14.36,14.36,13.55,13.58,14.09,-0.51,-3.6196,25537.0,35209.65
300674.SZ,宇信科技,20260915,16.82,17.01,16.31,16.37,16.78,-0.41,-2.4434,119391.37,197572.68465
300675.SZ,建科院,20260915,12.65,12.71,12.04,12.09,12.72,-0.63,-4.9528,24527.54,30050.59144
300676.SZ,华大基因,20260915,36.58,36.99,36.28,36.36,36.72,-0.36,-0.9804,37247.26,136444.20296
300677.SZ,英科医疗,20260915,55.0,55.09,51.44,53.7,55.09,-1.39,-2.5231,132064.98,699571.66088
300678.SZ,中科信息,20260915,21.44,21.75,21.35,21.38,21.56,-0.18,-0.8349,31188.79,67042.21766
300679.SZ,电连技术,20260915,43.64,43.93,42.6,42.78,44.33,-1.55,-3.4965,140326.11,606984.80739
300680.SZ,隆盛科技,20260915,18.96,19.4,18.86,19.0,19.12,-0.12,-0.6276,33937.2,64964.2581
300681.SZ,英搏尔,20260915,19.7,19.95,19.45,19.61,19.87,-0.26,-1.3085,46735.0,92057.606
300682.SZ,朗新科技,20260915,9.06,9.09,8.89,8.9,9.06,-0.16,-1.766,84367.48,75635.91293
300683.SZ,海特生物,20260915,22.95,23.18,22.73,22.84,23.07,-0.23,-0.997,21981.27,50335.85422
300684.SZ,中石科技,20260915,84.98,89.26,84.6,88.89,84.61,4.28,5.0585,165158.24,1447151.4341
300685.SZ,艾德生物,20260915,16.9,16.95,16.71,16.75,16.91,-0.16,-0.9462,24873.19,41798.99823
300686.SZ,智动力,20260915,14.39,14.61,14.17,14.2,14.55,-0.35,-2.4055,42748.0,61504.896
300687.SZ,赛意信息,20260915,26.89,27.05,26.48,26.58,26.81,-0.23,-0.8579,76817.0,205165.288
300688.SZ,创业黑马,20260915,32.2,34.45,32.0,33.35,32.6,0.75,2.3006,125618.64,420120.88281
300689.SZ,澄天伟业,20260915,56.51,61.0,55.95,59.86,55.78,4.08,7.3144,48573.0,287732.879
300690.SZ,双一科技,20260915,22.45,23.99,22.22,23.99,22.51,1.48,6.5749,102350.7,240036.33598
300691.SZ,联合光电,20260915,14.45,14.5,14.21,14.21,14.53,-0.32,-2.2023,22463.56,32185.04044
300692.SZ,中赋科技,20260915,8.75,8.8,8.47,8.5,8.77,-0.27,-3.0787,95791.01,82400.84754
300693.SZ,盛弘股份,20260915,38.0,38.36,37.58,37.71,38.01,-0.3,-0.7893,52221.58,198134.88782
300694.SZ,蠡湖股份,20260915,10.72,10.72,9.97,9.99,10.73,-0.74,-6.8966,67130.0,68385.795
300695.SZ,兆丰股份,20260915,45.79,48.77,44.8,46.59,45.64,0.95,2.0815,16890.57,78854.15237
300696.SZ,爱乐达,20260915,20.5,20.5,19.79,19.88,20.5,-0.62,-3.0244,34778.21,69682.69716
300697.SZ,电工合金,20260915,14.56,15.12,14.44,14.49,14.67,-0.18,-1.227,104491.3,154012.24827
300698.SZ,万马科技,20260915,25.63,25.88,25.36,25.38,25.74,-0.36,-1.3986,14206.0,36302.489
300699.SZ,光威复材,20260915,23.57,23.68,23.27,23.35,23.56,-0.21,-0.8913,53745.7,126044.1349
300700.SZ,岱勒新材,20260915,18.39,18.6,18.19,18.2,18.41,-0.21,-1.1407,34266.19,62916.43308
300701.SZ,森霸传感,20260915,9.56,9.72,9.43,9.46,9.64,-0.18,-1.8672,24826.0,23696.234
300702.SZ,天宇股份,20260915,20.31,20.39,19.8,19.82,20.31,-0.49,-2.4126,17753.65,35535.54125
300703.SZ,创源股份,20260915,13.59,13.63,12.72,12.8,13.54,-0.74,-5.4653,63541.0,83065.947
300705.SZ,九典制药,20260915,10.72,10.72,10.47,10.48,10.71,-0.23,-2.1475,31295.0,32986.348
300706.SZ,阿石创,20260915,47.67,50.0,47.67,48.76,48.11,0.65,1.3511,85535.0,419670.805
300707.SZ,威唐工业,20260915,11.72,11.87,11.29,11.3,11.74,-0.44,-3.7479,31103.0,35661.965
300708.SZ,聚灿光电,20260915,8.35,8.72,8.18,8.66,8.35,0.31,3.7126,496587.67,422773.02862
300709.SZ,精研科技,20260915,37.93,38.48,37.28,37.35,38.19,-0.84,-2.1995,72261.29,272667.0461
300710.SZ,万隆光电,20260915,29.6,29.88,29.09,29.19,29.5,-0.31,-1.0508,15303.0,44829.431
300711.SZ,广哈通信,20260915,19.71,19.79,18.17,18.2,19.78,-1.58,-7.9879,151821.25,284834.64989
300712.SZ,永福股份,20260915,20.07,20.44,19.51,19.63,19.65,-0.02,-0.1018,24428.78,48560.88142
300713.SZ,英可瑞,20260915,12.91,12.97,12.41,12.49,12.98,-0.49,-3.775,27076.0,34259.225
300715.SZ,凯伦股份,20260915,13.5,13.68,13.21,13.27,13.51,-0.24,-1.7765,48600.0,65179.021
300716.SZ,*ST泉为,20260915,19.23,19.5,18.76,18.95,19.22,-0.27,-1.4048,24025.55,45791.79745
300717.SZ,华信新材,20260915,17.74,17.76,17.21,17.27,17.66,-0.39,-2.2084,16304.0,28431.02705
300718.SZ,长盛轴承,20260915,52.08,52.97,51.81,52.1,52.33,-0.23,-0.4395,22214.34,116331.04155
300719.SZ,安达维尔,20260915,12.2,12.2,11.85,11.89,12.18,-0.29,-2.381,38653.0,46392.256
300720.SZ,海川智能,20260915,60.14,61.35,59.04,59.51,60.25,-0.74,-1.2282,52141.96,313593.8378
300721.SZ,怡达股份,20260915,20.8,23.1,20.6,22.1,20.75,1.35,6.506,154585.59,340147.98687
300722.SZ,新余国科,20260915,22.55,22.6,21.78,21.79,22.44,-0.65,-2.8966,48839.88,108173.77368
300723.SZ,一品红,20260915,33.96,33.96,33.31,33.33,34.0,-0.67,-1.9706,30714.96,103094.32148
300724.SZ,捷佳伟创,20260915,50.52,51.58,50.3,50.99,50.84,0.15,0.295,40062.69,204491.04558
300725.SZ,药石科技,20260915,44.67,45.2,44.0,44.1,44.55,-0.45,-1.0101,148142.5,656492.19709
300726.SZ,宏达电子,20260915,54.84,57.17,54.51,55.79,54.83,0.96,1.7509,159797.0,896108.13687
300727.SZ,润禾材料,20260915,31.5,31.97,31.0,31.7,31.72,-0.02,-0.0631,36139.44,113676.97567
300729.SZ,乐歌股份,20260915,10.38,10.41,10.22,10.25,10.38,-0.13,-1.2524,15718.9,16179.7688
300730.SZ,科创信息,20260915,11.29,11.38,11.0,11.06,11.29,-0.23,-2.0372,27921.0,31138.84
300731.SZ,科创新源,20260915,49.49,49.66,47.3,47.44,48.77,-1.33,-2.7271,65382.8,314837.07694
300732.SZ,设研院,20260915,5.81,5.82,5.52,5.53,5.81,-0.28,-4.8193,66901.42,37631.97468
300733.SZ,西菱动力,20260915,12.69,12.86,12.51,12.64,12.65,-0.01,-0.0791,28812.42,36516.94736
300735.SZ,光弘科技,20260915,17.91,17.95,17.62,17.68,17.81,-0.13,-0.7299,65251.81,115870.70617
300736.SZ,百邦科技,20260915,31.87,33.14,31.55,32.57,32.09,0.48,1.4958,45464.0,148378.927
300737.SZ,科顺股份,20260915,4.6,4.61,4.47,4.47,4.6,-0.13,-2.8261,142449.96,64447.75128
300738.SZ,奥飞数据,20260915,19.35,19.51,19.21,19.24,19.45,-0.21,-1.0797,152659.77,295263.06657
300739.SZ,明阳电路,20260915,28.02,29.31,27.4,27.48,28.4,-0.92,-3.2394,321851.22,907327.60295
300740.SZ,水羊股份,20260915,19.66,20.4,19.28,19.35,19.54,-0.19,-0.9724,202761.5,399754.78743
300741.SZ,华宝股份,20260915,21.01,21.9,20.51,20.99,21.08,-0.09,-0.4269,144870.46,305296.9238
300743.SZ,天地数码,20260915,14.03,14.16,13.77,13.77,14.16,-0.39,-2.7542,21824.4,30400.9976
300745.SZ,欣锐科技,20260915,26.98,27.98,26.91,27.23,27.06,0.17,0.6282,49032.79,134313.7115
300746.SZ,汉嘉数智,20260915,13.42,13.65,13.07,13.1,13.43,-0.33,-2.4572,33700.0,44850.914
300747.SZ,锐科激光,20260915,40.48,40.88,39.72,40.16,40.57,-0.41,-1.0106,183007.75,736742.60999
300748.SZ,金力永磁,20260915,24.79,25.05,24.75,24.86,24.83,0.03,0.1208,90455.82,225460.91656
300749.SZ,顶固集创,20260915,24.24,24.47,23.86,23.9,24.44,-0.54,-2.2095,22342.0,53997.821
300750.SZ,宁德时代,20260915,335.0,335.73,316.0,316.36,337.11,-20.75,-6.1553,480482.97,15558754.4741
300751.SZ,迈为股份,20260915,185.0,193.69,183.5,192.16,186.45,5.71,3.0625,51832.24,985655.77516
300752.SZ,隆利科技,20260915,11.6,12.85,11.53,12.44,11.57,0.87,7.5194,190897.53,236448.19797
300753.SZ,爱朋医疗,20260915,21.0,21.32,19.9,19.9,20.37,-0.47,-2.3073,86730.03,176484.42421
300755.SZ,华致酒行,20260915,11.09,11.23,10.91,11.07,11.14,-0.07,-0.6284,35063.0,38738.063
300756.SZ,金马游乐,20260915,31.39,32.33,30.6,30.62,31.35,-0.73,-2.3285,50752.0,158733.041
300757.SZ,罗博特科,20260915,612.27,616.7,598.01,601.18,612.3,-11.12,-1.8161,54567.29,3306475.83473
300758.SZ,七彩化学,20260915,10.96,11.13,10.92,10.99,11.07,-0.08,-0.7227,48208.0,53165.616
300759.SZ,康龙化成,20260915,42.51,42.88,42.06,42.36,42.65,-0.29,-0.68,370563.33,1570591.73419
300760.SZ,迈瑞医疗,20260915,159.85,161.27,159.37,160.3,160.1,0.2,0.1249,41232.0,661391.08665
300761.SZ,立华股份,20260915,20.66,21.25,20.43,20.87,20.67,0.2,0.9676,59998.17,125790.83253
300762.SZ,上海瀚讯,20260915,27.02,27.39,26.88,27.1,27.24,-0.14,-0.514,84456.8,229096.63813
300763.SZ,锦浪科技,20260915,54.76,55.48,54.21,54.31,55.08,-0.77,-1.398,57262.04,312545.87573
300765.SZ,石药创新,20260915,43.5,43.85,42.79,43.16,43.52,-0.36,-0.8272,113343.3,490841.11226
300766.SZ,每日互动,20260915,22.21,22.3,21.62,21.64,22.1,-0.46,-2.0814,131486.41,286856.50377
300767.SZ,震安科技,20260915,18.32,19.76,18.3,19.28,18.41,0.87,4.7257,103741.72,200319.71512
300768.SZ,迪普科技,20260915,15.2,15.34,14.82,14.84,14.87,-0.03,-0.2017,111733.02,168422.17514
300769.SZ,德方纳米,20260915,40.92,42.0,40.69,41.27,41.09,0.18,0.4381,87324.98,361614.87592
300770.SZ,新媒股份,20260915,34.52,34.86,34.35,34.46,34.34,0.12,0.3494,18400.0,63593.551
300771.SZ,智莱科技,20260915,11.28,11.31,10.94,11.04,11.27,-0.23,-2.0408,35973.8,39881.5348
300772.SZ,运达股份,20260915,9.13,9.46,9.11,9.32,9.19,0.13,1.4146,192861.04,179860.62948
300773.SZ,拉卡拉,20260915,15.04,15.07,14.73,14.77,15.0,-0.23,-1.5333,284235.74,423385.33992
300774.SZ,倍杰特,20260915,10.18,10.27,9.86,9.88,10.2,-0.32,-3.1373,113766.0,114546.795
300775.SZ,三角防务,20260915,21.49,21.49,20.92,20.95,21.49,-0.54,-2.5128,103807.78,219475.53772
300776.SZ,帝尔激光,20260915,107.42,112.45,107.42,108.75,108.76,-0.01,-0.0092,40768.42,446875.76561
300777.SZ,中简科技,20260915,21.13,21.25,20.77,20.83,21.16,-0.33,-1.5595,40770.0,85502.492
300778.SZ,新城市,20260915,10.34,10.47,10.02,10.03,10.42,-0.39,-3.7428,30930.0,31488.408
300779.SZ,惠城环保,20260915,53.0,53.75,52.51,52.8,53.3,-0.5,-0.9381,38037.81,201833.5267
300780.SZ,德恩精工,20260915,18.55,18.7,18.08,18.12,18.67,-0.55,-2.9459,42194.0,77280.495
300781.SZ,因赛集团,20260915,26.42,26.57,25.38,25.39,26.18,-0.79,-3.0176,32585.0,84181.27816
300782.SZ,卓胜微,20260915,70.21,71.76,69.84,69.98,70.7,-0.72,-1.0184,59909.5,422433.75542
300783.SZ,三只松鼠,20260915,16.83,16.9,16.46,16.49,16.88,-0.39,-2.3104,47750.0,79237.729
300784.SZ,利安科技,20260915,40.46,40.5,39.3,39.56,40.5,-0.94,-2.321,3621.0,14394.199
300785.SZ,值得买,20260915,33.9,34.25,33.07,33.1,33.49,-0.39,-1.1645,47909.47,160978.88537
300786.SZ,国林科技,20260915,13.88,14.09,13.81,13.81,13.98,-0.17,-1.216,38553.0,53709.969
300787.SZ,海能实业,20260915,9.8,10.2,9.66,9.71,9.85,-0.14,-1.4213,46843.32,46553.77504
300788.SZ,中信出版,20260915,31.13,33.41,30.56,32.31,31.7,0.61,1.9243,205845.63,663788.70621
300789.SZ,唐源电气,20260915,15.5,15.51,15.05,15.12,15.48,-0.36,-2.3256,16803.0,25571.03494
300790.SZ,宇瞳光学,20260915,19.64,19.77,19.11,19.19,19.73,-0.54,-2.7369,161383.7,312909.5471
300791.SZ,仙乐健康,20260915,17.67,17.67,17.27,17.27,17.6,-0.33,-1.875,14149.62,24635.00308
300792.SZ,壹网壹创,20260915,23.94,23.95,23.28,23.33,23.75,-0.42,-1.7684,45238.0,106771.021
300793.SZ,佳禾智能,20260915,11.09,11.2,10.92,10.95,11.12,-0.17,-1.5288,30159.0,33297.7352
300795.SZ,米奥会展,20260915,12.0,12.15,11.65,11.66,11.9,-0.24,-2.0168,88630.92,104182.15038
300796.SZ,贝斯美,20260915,6.83,6.88,6.63,6.67,6.82,-0.15,-2.1994,36218.0,24305.83
300797.SZ,钢研纳克,20260915,12.63,12.82,12.6,12.66,12.71,-0.05,-0.3934,30113.0,38172.811
300798.SZ,锦鸡股份,20260915,8.2,8.28,7.87,7.91,8.28,-0.37,-4.4686,269769.13,216126.74083
300800.SZ,力合科技,20260915,10.36,10.38,9.9,9.9,10.29,-0.39,-3.7901,31444.0,31645.316
300801.SZ,泰和科技,20260915,21.16,21.68,20.89,21.29,21.06,0.23,1.0921,33336.0,71212.273
300802.SZ,矩子科技,20260915,24.1,24.3,23.74,23.97,24.43,-0.46,-1.8829,75805.0,181904.657
300803.SZ,指南针,20260915,79.25,79.29,77.1,77.15,78.37,-1.22,-1.5567,96641.34,752153.23849
300804.SZ,广康生化,20260915,42.29,42.92,41.28,41.54,42.29,-0.75,-1.7735,9312.14,39065.96506
300805.SZ,电声股份,20260915,8.2,8.29,7.99,8.0,8.23,-0.23,-2.7947,58088.0,47141.069
300806.SZ,斯迪克,20260915,52.0,58.27,51.79,57.42,52.51,4.91,9.3506,473963.01,2627425.26897
300807.SZ,天迈科技,20260915,35.08,35.08,34.25,34.25,35.04,-0.79,-2.2546,7353.93,25444.37447
300808.SZ,久量股份,20260915,18.39,18.96,17.93,18.0,18.57,-0.57,-3.0695,55882.33,102596.22236
300809.SZ,华辰装备,20260915,23.15,23.45,22.98,22.99,23.21,-0.22,-0.9479,19276.0,44649.29789
300810.SZ,中科海讯,20260915,25.23,26.08,24.98,25.07,25.43,-0.36,-1.4157,42795.25,108718.44425
300811.SZ,铂科新材,20260915,83.0,85.58,82.36,83.58,83.5,0.08,0.0958,132623.3,1115599.05022
300812.SZ,易天股份,20260915,18.73,19.17,18.73,18.79,18.98,-0.19,-1.0011,34130.6,64571.5752
300813.SZ,泰林生物,20260915,20.0,20.25,19.36,19.4,20.12,-0.72,-3.5785,19452.0,38284.857
300814.SZ,中富电路,20260915,140.89,143.21,138.4,139.0,139.5,-0.5,-0.3584,55768.7,783919.45517
300815.SZ,玉禾田,20260915,14.71,14.71,14.46,14.48,14.68,-0.2,-1.3624,25902.72,37705.484
300816.SZ,艾可蓝,20260915,64.0,64.0,59.8,59.83,63.05,-3.22,-5.1071,31932.0,196021.682
300817.SZ,双飞集团,20260915,16.01,16.1,15.82,15.84,16.01,-0.17,-1.0618,12216.19,19431.75534
300818.SZ,耐普矿机,20260915,17.5,17.5,17.02,17.02,17.25,-0.23,-1.3333,13536.8,23205.3807
300819.SZ,聚杰微纤,20260915,47.03,50.5,46.79,48.3,47.23,1.07,2.2655,64720.63,314427.80321
300820.SZ,英杰电气,20260915,56.66,61.0,56.66,59.97,57.26,2.71,4.7328,61985.35,369730.17502
300821.SZ,东岳硅材,20260915,14.52,14.94,14.47,14.72,14.65,0.07,0.4778,287734.32,423624.01626
300822.SZ,贝仕达克,20260915,11.05,11.17,10.81,10.83,11.14,-0.31,-2.7828,18337.0,20049.997
300823.SZ,建科智能,20260915,14.2,14.25,13.64,13.75,14.32,-0.57,-3.9804,25968.8,36035.823
300824.SZ,北鼎股份,20260915,7.61,7.72,7.36,7.41,7.69,-0.28,-3.6411,47771.04,35782.10016
300825.SZ,阿尔特,20260915,13.0,13.01,12.29,12.35,12.86,-0.51,-3.9658,246263.63,309595.09766
300826.SZ,测绘股份,20260915,15.11,15.43,14.59,14.67,15.25,-0.58,-3.8033,56145.4,83974.2205
300827.SZ,上能电气,20260915,24.04,24.21,23.63,23.65,24.13,-0.48,-1.9892,57830.32,137519.28912
300828.SZ,锐新科技,20260915,17.2,17.28,16.66,16.66,16.93,-0.27,-1.5948,37701.5,63591.016
300829.SZ,金丹科技,20260915,18.0,18.43,17.7,18.25,17.81,0.44,2.4705,134984.56,245119.13988
300830.SZ,金现代,20260915,8.51,8.69,8.16,8.18,8.55,-0.37,-4.3275,221876.57,186076.31916
300831.SZ,ST派瑞,20260915,14.08,14.35,13.77,14.14,14.01,0.13,0.9279,36608.0,51432.665
300832.SZ,新产业,20260915,48.34,49.37,48.17,48.95,48.54,0.41,0.8447,33169.88,162473.51416
300833.SZ,浩洋股份,20260915,41.4,41.4,39.4,39.41,41.14,-1.73,-4.2052,9060.0,36373.755
300834.SZ,星辉环材,20260915,39.69,40.05,39.01,39.2,39.3,-0.1,-0.2545,7056.0,27867.903
300835.SZ,龙磁科技,20260915,176.61,178.5,170.3,175.2,177.81,-2.61,-1.4679,32877.72,573468.10804
300836.SZ,佰奥智能,20260915,50.46,51.1,49.0,50.11,49.86,0.25,0.5014,19143.0,96201.818
300837.SZ,浙矿股份,20260915,22.23,22.23,21.33,21.45,22.0,-0.55,-2.5,20045.06,43435.21946
300838.SZ,浙江力诺,20260915,14.19,14.19,13.51,13.61,14.19,-0.58,-4.0874,25559.5,35205.188
300839.SZ,博汇股份,20260915,12.47,12.7,12.36,12.57,12.46,0.11,0.8828,84577.0,106088.881
300840.SZ,酷特智能,20260915,18.5,19.08,18.17,18.5,18.26,0.24,1.3143,65303.68,121795.05228
300841.SZ,康华生物,20260915,49.78,49.99,48.77,48.98,49.76,-0.78,-1.5675,14821.02,72851.32756
300842.SZ,帝科股份,20260915,61.84,62.68,60.23,60.47,62.46,-1.99,-3.186,35060.2,214528.40221
300843.SZ,胜蓝股份,20260915,131.07,136.5,129.5,132.5,132.88,-0.38,-0.286,46536.16,620205.22122
300844.SZ,山水比德,20260915,23.56,23.57,22.56,22.56,23.69,-1.13,-4.7699,11910.0,27373.849
300845.SZ,捷安高科,20260915,13.24,13.42,12.93,12.99,13.28,-0.29,-2.1837,51986.98,68350.5957
300846.SZ,首都在线,20260915,19.19,19.48,19.06,19.15,19.24,-0.09,-0.4678,143987.37,277008.72757
300847.SZ,中船汉光,20260915,14.01,14.03,13.7,13.72,14.08,-0.36,-2.5568,39907.03,55297.64013
300848.SZ,美瑞新材,20260915,11.0,11.02,10.81,10.81,11.03,-0.22,-1.9946,29065.0,31694.606
300849.SZ,锦盛新材,20260915,21.03,21.32,20.7,20.9,20.9,0.0,0.0,21944.5,46033.012
300850.SZ,新强联,20260915,28.18,30.85,27.9,30.09,28.12,1.97,7.0057,310156.69,917622.65954
300851.SZ,交大思诺,20260915,23.92,23.92,22.81,22.84,23.92,-1.08,-4.5151,15352.12,35574.66416
300852.SZ,四会富仕,20260915,66.0,68.5,64.33,64.72,67.03,-2.31,-3.4462,172156.41,1132561.75683
300853.SZ,申昊科技,20260915,27.7,28.68,27.35,27.71,27.8,-0.09,-0.3237,38523.0,108592.53
300854.SZ,中兰环保,20260915,15.36,15.52,14.97,15.02,15.51,-0.49,-3.1593,27701.38,41956.87796
300855.SZ,图南股份,20260915,34.47,34.7,34.11,34.11,34.55,-0.44,-1.2735,45516.9,156683.5889
300856.SZ,科思股份,20260915,10.2,10.29,10.15,10.17,10.21,-0.04,-0.3918,19377.8,19783.9686
300857.SZ,协创数据,20260915,250.01,255.32,248.75,250.75,252.09,-1.34,-0.5316,99925.63,2514765.45121
300858.SZ,科拓生物,20260915,13.8,14.04,13.66,13.82,13.83,-0.01,-0.0723,26572.0,36823.698
300859.SZ,西域旅游,20260915,25.45,25.49,24.0,24.0,25.49,-1.49,-5.8454,76857.97,188453.03707
300860.SZ,锋尚文化,20260915,29.36,29.57,27.5,27.67,29.3,-1.63,-5.5631,30191.1,86016.81178
300861.SZ,美畅股份,20260915,15.78,15.93,15.64,15.73,15.71,0.02,0.1273,53250.98,84110.70908
300862.SZ,蓝盾光电,20260915,50.01,51.96,48.8,49.59,49.85,-0.26,-0.5216,224423.54,1125250.18135
300863.SZ,卡倍亿,20260915,42.9,43.48,41.3,41.75,43.17,-1.42,-3.2893,49118.92,206955.79056
300864.SZ,南大环境,20260915,25.66,25.89,24.52,25.14,25.66,-0.52,-2.0265,35126.0,88012.61056
300865.SZ,大宏立,20260915,30.13,30.21,28.73,29.22,30.17,-0.95,-3.1488,35165.35,103137.5768
300866.SZ,安克创新,20260915,127.63,129.05,126.2,127.3,127.84,-0.54,-0.4224,26279.27,335480.61781
300867.SZ,圣元环保,20260915,17.5,17.55,16.91,17.03,17.58,-0.55,-3.1286,49477.12,85232.17856
300868.SZ,杰美特,20260915,89.9,99.8,88.0,94.45,87.91,6.54,7.4394,67672.73,640299.84848
300869.SZ,康泰医学,20260915,10.63,10.87,10.52,10.54,10.66,-0.12,-1.1257,26944.82,28667.76646
300870.SZ,欧陆通,20260915,195.01,206.56,195.01,199.91,198.61,1.3,0.6545,43734.41,883461.44494
300871.SZ,回盛生物,20260915,21.3,21.6,21.06,21.32,21.44,-0.12,-0.5597,21005.66,44817.1063
300872.SZ,天阳科技,20260915,14.8,15.03,14.7,14.72,14.85,-0.13,-0.8754,48772.01,72317.85219
300873.SZ,海晨股份,20260915,14.5,14.75,14.22,14.55,14.56,-0.01,-0.0687,86073.21,125090.31347
300875.SZ,捷强装备,20260915,33.34,33.4,32.3,32.33,33.36,-1.03,-3.0875,44856.69,146949.46193
300876.SZ,蒙泰高新,20260915,14.73,14.73,14.3,14.36,14.59,-0.23,-1.5764,20660.6,29906.7158
300877.SZ,金春股份,20260915,26.61,28.17,26.23,27.49,26.65,0.84,3.152,30302.0,83547.02
300878.SZ,维康药业,20260915,33.17,33.17,31.5,31.5,33.5,-2.0,-5.9701,24931.5,79763.607
300879.SZ,大叶股份,20260915,15.85,15.93,15.3,15.34,15.86,-0.52,-3.2787,30440.5,47298.75
300880.SZ,迦南智能,20260915,20.02,20.07,19.71,19.8,20.09,-0.29,-1.4435,18518.52,36743.92276
300881.SZ,盛德鑫泰,20260915,29.44,29.71,28.8,28.8,29.42,-0.62,-2.1074,7693.0,22386.5915
300882.SZ,万胜智能,20260915,13.28,13.31,13.08,13.13,13.23,-0.1,-0.7559,15904.0,20944.062
300883.SZ,龙利得,20260915,6.4,6.46,6.21,6.22,6.46,-0.24,-3.7152,80435.0,50681.528
300884.SZ,狄耐克,20260915,11.9,11.97,11.7,11.71,11.93,-0.22,-1.8441,37150.0,43976.679
300885.SZ,海昌新材,20260915,18.38,18.57,18.21,18.21,18.48,-0.27,-1.461,21059.5,38661.387
300886.SZ,华业香料,20260915,23.5,23.74,22.22,22.26,23.88,-1.62,-6.7839,35792.42,81608.2913
300887.SZ,谱尼测试,20260915,6.85,6.87,6.66,6.68,6.88,-0.2,-2.907,100618.73,67884.98339
300888.SZ,稳健医疗,20260915,28.6,28.61,28.17,28.33,28.48,-0.15,-0.5267,17721.8,50205.50916
300889.SZ,爱克股份,20260915,21.0,21.34,20.86,21.01,21.05,-0.04,-0.19,36053.39,75933.47368
300890.SZ,翔丰华,20260915,25.06,26.69,25.06,26.02,25.31,0.71,2.8052,64727.88,168931.61701
300891.SZ,惠云钛业,20260915,7.3,7.39,7.21,7.22,7.36,-0.14,-1.9022,47640.0,34621.092
300892.SZ,品渥食品,20260915,22.4,22.41,21.5,21.53,22.31,-0.78,-3.4962,18638.4,40600.8764
300893.SZ,松原安全,20260915,13.45,13.72,13.2,13.28,13.59,-0.31,-2.2811,48768.74,65091.08562
300894.SZ,火星人,20260915,10.02,10.15,9.83,9.97,10.1,-0.13,-1.2871,49239.2,49061.3478
300895.SZ,铜牛信息,20260915,55.54,56.87,54.77,54.96,55.43,-0.47,-0.8479,34549.79,192634.36119
300896.SZ,爱美客,20260915,88.51,89.09,88.2,88.34,88.44,-0.1,-0.1131,10766.36,95402.37898
300897.SZ,山科智能,20260915,15.47,15.48,15.03,15.04,15.42,-0.38,-2.4643,14500.0,22036.171
300898.SZ,熊猫乳品,20260915,19.8,19.8,19.06,19.06,19.73,-0.67,-3.3958,20806.0,40279.016
300899.SZ,上海凯鑫,20260915,30.4,30.4,29.02,29.05,30.36,-1.31,-4.3149,6213.0,18346.568
300900.SZ,广联航空,20260915,23.09,23.27,22.72,22.84,23.05,-0.21,-0.9111,56166.49,128937.4025
300901.SZ,中胤时尚,20260915,18.53,19.3,17.92,17.99,18.67,-0.68,-3.6422,72463.96,134517.20784
300902.SZ,国安达,20260915,17.24,17.93,16.78,17.38,17.24,0.14,0.8121,75639.0,132373.38383
300903.SZ,科翔股份,20260915,111.02,112.8,108.0,109.42,108.3,1.12,1.0342,325685.52,3564828.7258
300904.SZ,威力传动,20260915,39.16,45.36,38.35,43.0,39.12,3.88,9.9182,37914.67,161838.44107
300905.SZ,宝丽迪,20260915,35.1,42.12,34.91,40.55,35.1,5.45,15.5271,244547.24,982068.94637
300906.SZ,日月明,20260915,28.27,29.25,27.56,27.64,28.51,-0.87,-3.0516,10302.0,29054.931
300907.SZ,康平科技,20260915,53.08,53.2,51.55,51.55,53.2,-1.65,-3.1015,20994.57,109509.21392
300908.SZ,仲景食品,20260915,16.98,16.98,16.55,16.6,16.9,-0.3,-1.7751,13898.32,23241.45821
300909.SZ,汇创达,20260915,59.55,60.6,58.45,59.17,59.41,-0.24,-0.404,26270.51,156599.95088
300910.SZ,瑞丰新材,20260915,27.66,28.09,27.37,27.43,27.77,-0.34,-1.2243,32180.1,89081.0526
300911.SZ,亿田智能,20260915,28.42,28.48,26.95,27.27,28.44,-1.17,-4.1139,109098.35,300095.63966
300912.SZ,凯龙高科,20260915,19.22,19.27,18.58,18.58,19.2,-0.62,-3.2292,29580.92,55691.11188
300913.SZ,兆龙互连,20260915,43.79,47.47,43.44,45.0,46.09,-1.09,-2.3649,347959.98,1568811.50963
300915.SZ,海融科技,20260915,19.32,19.84,18.98,19.54,19.3,0.24,1.2435,15553.81,30354.35014
300916.SZ,朗特智能,20260915,23.88,24.65,23.72,24.14,23.88,0.26,1.0888,21803.0,52758.407
300917.SZ,特发服务,20260915,26.67,26.77,26.08,26.09,26.56,-0.47,-1.7696,38224.0,100689.388
300918.SZ,南山智尚,20260915,10.61,10.61,10.27,10.29,10.48,-0.19,-1.813,36336.0,37762.031
300919.SZ,中伟新材,20260915,37.64,38.65,37.64,38.01,37.81,0.2,0.529,62930.97,240358.51652
300920.SZ,润阳科技,20260915,33.89,33.89,32.82,32.99,33.96,-0.97,-2.8563,15927.9,52852.8517
300921.SZ,南凌科技,20260915,15.9,16.97,15.9,16.1,15.7,0.4,2.5478,156823.04,257258.56278
300922.SZ,天秦装备,20260915,18.28,18.28,17.35,17.61,18.72,-1.11,-5.9295,118311.99,210183.24617
300923.SZ,研奥股份,20260915,23.77,23.97,22.48,22.56,23.81,-1.25,-5.2499,20801.0,47580.86
300925.SZ,法本信息,20260915,13.97,14.08,13.68,13.71,13.89,-0.18,-1.2959,39643.0,54830.235
300926.SZ,博俊科技,20260915,16.36,16.41,16.21,16.25,16.3,-0.05,-0.3067,17457.3,28419.8596
300927.SZ,江天化学,20260915,27.02,27.19,26.62,26.66,27.3,-0.64,-2.3443,80663.11,216579.79553
300928.SZ,华安鑫创,20260915,23.4,23.66,22.47,22.71,23.38,-0.67,-2.8657,14884.0,34282.105
300929.SZ,华骐环保,20260915,15.76,15.81,15.26,15.37,15.81,-0.44,-2.783,23765.2,36740.1856
300930.SZ,屹通新材,20260915,24.36,24.71,23.65,23.65,24.56,-0.91,-3.7052,9663.0,23171.735
300931.SZ,通用电梯,20260915,15.16,15.44,14.9,15.0,15.16,-0.16,-1.0554,44342.0,66933.328
300932.SZ,三友联众,20260915,10.7,10.74,10.37,10.39,10.73,-0.34,-3.1687,72952.85,76988.59488
300933.SZ,中辰股份,20260915,6.74,6.79,6.59,6.6,6.74,-0.14,-2.0772,69868.37,46691.59901
300935.SZ,盈建科,20260915,27.41,27.99,26.24,26.3,27.38,-1.08,-3.9445,17193.0,45970.916
300936.SZ,中英科技,20260915,76.9,80.77,76.5,78.44,77.04,1.4,1.8172,39853.0,316360.54174
300937.SZ,药易购,20260915,24.04,24.04,23.3,23.3,23.97,-0.67,-2.7952,19409.0,45697.068
300938.SZ,信测标准,20260915,28.27,29.47,27.82,28.91,28.27,0.64,2.2639,91100.52,263011.03736
300939.SZ,秋田微,20260915,74.46,74.88,71.8,72.16,74.46,-2.3,-3.0889,28788.48,210971.65252
300940.SZ,南极光,20260915,13.19,13.23,12.83,12.87,13.19,-0.32,-2.4261,27082.0,35257.43
300941.SZ,创识科技,20260915,14.9,15.09,14.54,14.56,14.85,-0.29,-1.9529,30893.0,45613.555
300942.SZ,易瑞生物,20260915,6.36,6.36,6.15,6.15,6.37,-0.22,-3.4537,45865.0,28586.104
300943.SZ,春晖智控,20260915,33.21,33.62,32.06,32.73,33.3,-0.57,-1.7117,84615.59,278573.39569
300945.SZ,曼卡龙,20260915,11.82,11.89,11.41,11.5,11.89,-0.39,-3.2801,76879.0,89467.727
300946.SZ,恒而达,20260915,34.4,34.68,33.82,33.92,34.4,-0.48,-1.3953,8742.4,29881.9023
300947.SZ,德必集团,20260915,14.21,14.29,13.72,13.76,14.25,-0.49,-3.4386,25537.0,35477.316
300948.SZ,冠中生态,20260915,18.5,18.63,18.12,18.35,18.59,-0.24,-1.291,18746.5,34423.438
300949.SZ,奥雅股份,20260915,22.74,22.85,22.0,22.09,22.79,-0.7,-3.0715,10567.27,23683.278
300950.SZ,德固特,20260915,17.97,18.01,17.22,17.24,17.93,-0.69,-3.8483,23846.0,41702.946
300951.SZ,博硕科技,20260915,91.04,96.55,90.95,93.01,91.95,1.06,1.1528,65743.36,619301.48858
300952.SZ,恒辉安防,20260915,15.45,15.45,15.0,15.04,15.14,-0.1,-0.6605,43554.6,66133.8934
300953.SZ,震裕科技,20260915,88.0,90.74,87.02,87.73,88.72,-0.99,-1.1159,44214.46,393500.50887
300955.SZ,嘉亨家化,20260915,28.16,28.26,27.55,27.6,28.21,-0.61,-2.1624,10874.14,30263.04726
300956.SZ,英力股份,20260915,10.82,10.97,10.7,10.72,10.84,-0.12,-1.107,34785.2,37528.0616
300957.SZ,贝泰妮,20260915,31.26,31.29,30.97,31.12,31.24,-0.12,-0.3841,28835.71,89757.83328
300958.SZ,建工修复,20260915,11.99,12.09,11.51,11.57,12.05,-0.48,-3.9834,27035.41,31602.62553
300959.SZ,线上线下,20260915,89.57,90.89,88.28,88.76,89.92,-1.16,-1.29,14015.0,125123.741
300960.SZ,通业科技,20260915,16.42,16.42,15.67,15.7,16.24,-0.54,-3.3251,14533.0,23070.357
300961.SZ,深水海纳,20260915,12.03,12.1,11.68,11.7,12.08,-0.38,-3.1457,103302.01,122595.10405
300962.SZ,中金辐照,20260915,12.76,12.86,12.51,12.53,12.8,-0.27,-2.1094,18275.0,23043.183
300963.SZ,中洲特材,20260915,11.02,11.02,10.8,10.82,10.97,-0.15,-1.3674,38737.0,42216.749
300964.SZ,本川智能,20260915,70.0,72.88,69.35,69.9,71.53,-1.63,-2.2788,104361.7,737135.37527
300965.SZ,恒宇信通,20260915,41.07,41.37,39.98,39.98,41.39,-1.41,-3.4066,5702.12,23025.648
300966.SZ,共同药业,20260915,23.04,23.49,22.63,23.11,22.77,0.34,1.4932,24029.29,55763.94903
300967.SZ,晓鸣股份,20260915,17.01,17.04,16.52,16.53,16.93,-0.4,-2.3627,34896.82,58391.61212
300968.SZ,格林精密,20260915,9.72,9.8,9.6,9.65,9.78,-0.13,-1.3292,42263.38,40848.7127
300969.SZ,恒帅股份,20260915,79.81,79.81,77.07,77.15,79.95,-2.8,-3.5022,13510.22,105153.91302
300970.SZ,华绿生物,20260915,17.3,17.3,16.5,16.52,17.5,-0.98,-5.6,117797.18,197719.76905
300971.SZ,博亚精工,20260915,17.1,17.18,16.66,16.72,17.19,-0.47,-2.7341,20479.0,34580.238
300972.SZ,万辰集团,20260915,178.8,179.22,176.05,176.38,178.8,-2.42,-1.3535,8651.0,153331.236
300973.SZ,立高食品,20260915,25.48,25.48,24.83,24.84,25.45,-0.61,-2.3969,12859.78,32241.14429
300975.SZ,商络电子,20260915,25.85,26.85,25.63,26.1,25.9,0.2,0.7722,473878.03,1244444.23591
300976.SZ,达瑞电子,20260915,58.05,61.28,57.79,60.3,58.05,2.25,3.876,65958.41,394568.7542
300977.SZ,深圳瑞捷,20260915,18.38,18.44,17.56,17.64,18.38,-0.74,-4.0261,20635.0,36859.0496
300978.SZ,东箭科技,20260915,8.6,8.67,8.4,8.44,8.63,-0.19,-2.2016,17473.0,14871.023
300979.SZ,华利集团,20260915,33.73,34.09,33.4,33.66,33.73,-0.07,-0.2075,18015.66,60863.34259
300980.SZ,祥源新材,20260915,22.2,22.5,22.0,22.11,22.22,-0.11,-0.495,20928.39,46573.87455
300981.SZ,中红医疗,20260915,15.22,15.73,15.22,15.33,15.33,0.0,0.0,86356.84,133489.24896
300982.SZ,苏文电能,20260915,14.13,14.3,13.93,13.93,14.11,-0.18,-1.2757,23382.0,32845.883
300983.SZ,尤安设计,20260915,37.29,37.29,35.2,35.45,37.34,-1.89,-5.0616,12729.36,45426.9135
300984.SZ,金沃股份,20260915,28.13,28.56,27.81,27.84,28.21,-0.37,-1.3116,33558.67,94429.13368
300985.SZ,致远新能,20260915,37.15,38.16,36.6,36.78,37.15,-0.37,-0.996,24524.1,91571.7826
300986.SZ,志特新材,20260915,11.02,11.15,10.83,10.88,11.02,-0.14,-1.2704,142762.0,156733.78834
300987.SZ,川网传媒,20260915,14.24,14.57,13.78,13.8,14.09,-0.29,-2.0582,80838.06,115078.9769
300988.SZ,津荣天宇,20260915,15.19,15.56,15.06,15.19,15.2,-0.01,-0.0658,28369.8,43522.831
300989.SZ,蕾奥规划,20260915,14.42,14.88,14.16,14.59,14.42,0.17,1.1789,31665.5,46128.2445
300990.SZ,同飞股份,20260915,85.81,89.2,85.6,86.05,86.14,-0.09,-0.1045,65152.71,567105.31232
300991.SZ,创益通,20260915,30.67,32.81,30.17,31.6,30.84,0.76,2.4643,114729.21,362784.83508
300992.SZ,泰福泵业,20260915,24.52,24.73,23.67,23.7,24.56,-0.86,-3.5016,13548.0,32523.117
300993.SZ,玉马科技,20260915,9.65,9.65,9.42,9.42,9.61,-0.19,-1.9771,17928.0,17041.933
300994.SZ,久祺股份,20260915,10.91,10.91,10.51,10.52,10.84,-0.32,-2.952,16454.0,17513.935
300995.SZ,奇德新材,20260915,25.96,25.96,24.78,24.95,25.54,-0.59,-2.3101,14188.0,35825.116
300996.SZ,普联软件,20260915,12.9,12.97,12.48,12.55,12.85,-0.3,-2.3346,143776.48,182257.62503
300997.SZ,欢乐家,20260915,15.4,15.41,14.91,14.96,15.4,-0.44,-2.8571,80808.01,121915.00087
300998.SZ,宁波方正,20260915,32.0,32.13,30.35,30.44,32.21,-1.77,-5.4952,41384.0,128602.985
300999.SZ,金龙鱼,20260915,25.71,25.72,25.11,25.15,25.72,-0.57,-2.2162,99288.03,250905.46578
301000.SZ,肇民科技,20260915,22.97,23.04,22.67,22.7,22.97,-0.27,-1.1754,15662.83,35706.89655
301001.SZ,凯淳股份,20260915,24.99,24.99,23.54,23.59,24.56,-0.97,-3.9495,11169.0,26806.888
301002.SZ,崧盛股份,20260915,26.99,26.99,26.12,26.12,27.0,-0.88,-3.2593,27013.2,71648.1692
301003.SZ,江苏博云,20260915,59.45,59.79,56.89,57.45,59.78,-2.33,-3.8976,23948.8,139285.9076
301004.SZ,嘉益股份,20260915,32.89,33.34,32.25,33.08,32.63,0.45,1.3791,5748.0,18918.227
301005.SZ,超捷股份,20260915,61.81,63.0,61.09,61.61,61.82,-0.21,-0.3397,41065.22,254272.96634
301006.SZ,迈拓股份,20260915,13.6,13.6,12.66,12.72,13.35,-0.63,-4.7191,30600.01,39605.84059
301007.SZ,德迈仕,20260915,32.08,32.32,31.15,31.21,32.4,-1.19,-3.6728,32109.9,101751.0699
301008.SZ,宏昌科技,20260915,41.16,41.52,39.92,40.23,41.16,-0.93,-2.2595,64400.17,261779.95555
301009.SZ,可靠股份,20260915,8.93,8.93,8.47,8.47,8.86,-0.39,-4.4018,29859.0,25715.251
301010.SZ,晶雪节能,20260915,17.19,17.28,16.69,16.69,17.11,-0.42,-2.4547,23213.0,39356.858
301011.SZ,华立科技,20260915,14.46,14.5,13.89,13.89,14.44,-0.55,-3.8089,22284.99,31443.61091
301012.SZ,扬电科技,20260915,21.81,22.17,21.63,21.65,21.95,-0.3,-1.3667,29175.54,63869.01136
301013.SZ,利和兴,20260915,39.64,40.22,38.87,38.96,39.95,-0.99,-2.4781,183562.98,722433.15507
301015.SZ,百洋医药,20260915,24.32,24.4,23.38,23.51,24.43,-0.92,-3.7659,35070.05,83056.81469
301016.SZ,雷尔伟,20260915,15.77,15.84,15.29,15.32,15.62,-0.3,-1.9206,25423.88,39401.84631
301017.SZ,漱玉平民,20260915,12.25,12.34,12.12,12.17,12.23,-0.06,-0.4906,45455.0,55503.34393
301018.SZ,申菱环境,20260915,96.59,99.84,96.5,97.06,97.21,-0.15,-0.1543,101337.11,991595.57522
301019.SZ,宁波色母,20260915,14.75,14.78,14.54,14.59,14.8,-0.21,-1.4189,11095.01,16249.56233
301020.SZ,密封科技,20260915,20.54,21.18,20.45,20.54,20.63,-0.09,-0.4363,30729.36,64040.17079
301021.SZ,英诺激光,20260915,85.91,87.4,83.06,83.3,86.22,-2.92,-3.3867,106365.08,900861.66959
301022.SZ,海泰科,20260915,21.66,21.82,21.04,21.04,21.87,-0.83,-3.7952,8738.0,18583.909
301023.SZ,奕帆传动,20260915,27.77,28.1,27.15,27.29,27.91,-0.62,-2.2214,7124.82,19537.3394
301024.SZ,霍普股份,20260915,32.74,32.74,30.93,31.06,31.61,-0.55,-1.74,8063.0,25403.574
301025.SZ,读客文化,20260915,9.88,10.05,9.49,9.51,9.72,-0.21,-2.1605,178431.0,173779.92026
301026.SZ,浩通科技,20260915,19.3,19.48,19.06,19.1,19.24,-0.14,-0.7277,33040.8,63737.7326
301027.SZ,华蓝集团,20260915,19.91,20.18,19.3,19.43,19.9,-0.47,-2.3618,42441.0,83292.356
301028.SZ,鼎熔岩,20260915,12.8,12.92,12.63,12.67,12.85,-0.18,-1.4008,20138.99,25673.07828
301029.SZ,怡合达,20260915,23.71,24.15,23.62,23.93,23.71,0.22,0.9279,42794.5,102366.13682
301030.SZ,*ST仕净,20260915,7.21,7.48,6.9,6.94,7.29,-0.35,-4.8011,76737.87,55169.71043
301031.SZ,中熔电气,20260915,92.04,97.18,91.34,95.46,92.65,2.81,3.0329,31888.56,302765.23795
301032.SZ,新柴股份,20260915,9.98,10.06,9.61,9.62,10.01,-0.39,-3.8961,36050.85,35115.89091
301033.SZ,迈普医学,20260915,51.82,52.9,51.04,51.26,51.76,-0.5,-0.966,6099.0,31579.455
301035.SZ,润丰股份,20260915,54.1,54.47,53.05,53.54,54.2,-0.66,-1.2177,11066.84,59231.93777
301036.SZ,双乐股份,20260915,21.71,21.88,21.09,21.16,21.79,-0.63,-2.8912,7422.0,15807.594
301037.SZ,保立佳,20260915,12.48,12.55,11.88,11.96,12.48,-0.52,-4.1667,29714.25,36119.3495
301038.SZ,深水规院,20260915,17.74,17.85,16.77,16.82,17.36,-0.54,-3.1106,20816.76,35509.0958
301039.SZ,中集车辆,20260915,7.56,7.56,7.34,7.36,7.54,-0.18,-2.3873,118952.0,88044.607
301040.SZ,中环海陆,20260915,26.1,26.3,25.54,25.6,26.1,-0.5,-1.9157,13771.0,35688.203
301041.SZ,金百泽,20260915,32.6,33.91,32.41,32.73,32.94,-0.21,-0.6375,104989.15,346709.95824
301042.SZ,安联锐视,20260915,30.0,30.32,29.46,29.53,30.19,-0.66,-2.1862,21036.09,62844.73052
301043.SZ,绿岛风,20260915,51.63,51.63,50.14,50.61,51.87,-1.26,-2.4291,9056.63,46004.00036
301045.SZ,天禄科技,20260915,64.44,67.8,63.8,66.85,64.77,2.08,3.2114,31790.35,212133.38559
301046.SZ,能辉科技,20260915,31.93,32.0,31.21,31.69,31.38,0.31,0.9879,39902.45,126151.4261
301047.SZ,义翘神州,20260915,103.58,105.0,100.0,101.0,103.26,-2.26,-2.1887,62110.32,635700.37228
301048.SZ,金鹰重工,20260915,9.03,9.09,8.81,8.83,9.02,-0.19,-2.1064,31885.0,28352.824
301049.SZ,超越科技,20260915,20.0,20.48,19.15,19.18,20.1,-0.92,-4.5771,10724.0,20896.169
301050.SZ,雷电微力,20260915,27.0,27.17,26.58,26.78,27.1,-0.32,-1.1808,37448.64,100403.13189
301051.SZ,信濠光电,20260915,17.01,17.37,16.88,16.96,17.18,-0.22,-1.2806,48158.64,82091.93607
301052.SZ,果麦文化,20260915,23.86,23.86,22.69,22.69,23.65,-0.96,-4.0592,32820.0,76221.055
301053.SZ,远信工业,20260915,36.63,37.2,34.72,34.94,36.53,-1.59,-4.3526,35252.0,125959.44656
301055.SZ,张小泉,20260915,29.33,31.33,29.08,30.25,29.42,0.83,2.8212,52135.0,159381.36
301056.SZ,森赫股份,20260915,14.35,14.43,13.66,13.68,14.31,-0.63,-4.4025,47491.0,65888.421
301057.SZ,汇隆新材,20260915,20.14,20.29,19.55,19.59,19.94,-0.35,-1.7553,15653.27,31068.52366
301058.SZ,中粮科工,20260915,8.67,8.69,8.48,8.49,8.7,-0.21,-2.4138,79698.0,68122.216
301059.SZ,金三江,20260915,12.26,12.4,12.02,12.34,12.31,0.03,0.2437,21381.52,26064.98112
301060.SZ,兰卫医学,20260915,10.38,10.48,10.15,10.16,10.42,-0.26,-2.4952,92143.05,94691.7005
301061.SZ,匠心家居,20260915,36.36,41.51,36.0,40.56,36.04,4.52,12.5416,91511.74,365690.60688
301062.SZ,上海艾录,20260915,7.13,7.13,6.8,6.87,7.13,-0.26,-3.6466,74573.19,52047.98182
301063.SZ,海锅股份,20260915,17.12,17.19,16.6,16.62,17.13,-0.51,-2.9772,15838.49,26585.86339
301065.SZ,本立科技,20260915,19.15,19.27,18.63,18.7,19.28,-0.58,-3.0083,15007.5,28231.3475
301066.SZ,万事利,20260915,11.93,11.97,11.45,11.45,12.0,-0.55,-4.5833,37280.0,43498.051
301067.SZ,显盈科技,20260915,31.01,31.33,30.24,31.01,30.83,0.18,0.5838,18009.8,55468.14236
301068.SZ,大地海洋,20260915,27.38,27.44,23.33,24.0,27.39,-3.39,-12.3768,54800.48,134111.59158
301069.SZ,凯盛新材,20260915,15.55,15.9,15.48,15.73,15.58,0.15,0.9628,37477.0,59131.35
301070.SZ,开勒股份,20260915,62.23,62.62,61.28,61.6,62.23,-0.63,-1.0124,14439.68,89499.62792
301071.SZ,力量钻石,20260915,66.63,67.67,64.72,66.0,65.79,0.21,0.3192,231457.78,1532046.4869
301072.SZ,中捷精工,20260915,43.89,44.23,42.9,42.97,43.89,-0.92,-2.0961,9649.0,42017.934
301073.SZ,君亭酒店,20260915,17.81,18.05,17.23,17.27,17.95,-0.68,-3.7883,77110.06,134559.79345
301075.SZ,多瑞医药,20260915,57.18,59.11,56.33,58.91,57.1,1.81,3.1699,9142.1,53185.9071
301076.SZ,新瀚新材,20260915,20.14,20.76,19.85,20.06,20.11,-0.05,-0.2486,36933.25,74944.79272
301077.SZ,星华新材,20260915,21.05,21.59,20.61,20.98,21.18,-0.2,-0.9443,17914.6,37877.86352
301078.SZ,孩子王,20260915,6.98,7.01,6.86,6.88,7.0,-0.12,-1.7143,144854.6,100015.6788
301079.SZ,邵阳液压,20260915,27.5,27.5,26.71,26.71,27.5,-0.79,-2.8727,21251.0,57289.499
301080.SZ,百普赛斯,20260915,90.52,93.47,89.0,90.21,91.74,-1.53,-1.6678,105426.52,962365.99003
301081.SZ,严牌股份,20260915,16.54,17.17,16.22,16.27,16.79,-0.52,-3.0971,60146.45,100041.55676
301082.SZ,久盛电气,20260915,9.98,9.98,9.62,9.65,9.98,-0.33,-3.3066,55654.36,54419.98536
301083.SZ,百胜智能,20260915,13.69,13.69,13.18,13.18,13.57,-0.39,-2.874,11851.0,15813.345
301085.SZ,亚康股份,20260915,70.39,71.56,69.55,70.5,70.72,-0.22,-0.3111,40431.92,284285.49549
301086.SZ,鸿富瀚,20260915,150.04,155.33,145.83,146.82,151.63,-4.81,-3.1722,47179.92,708683.07078
301087.SZ,可孚医疗,20260915,53.16,53.95,51.8,52.15,53.31,-1.16,-2.176,19981.27,105028.15771
301088.SZ,戎美股份,20260915,13.07,13.1,12.66,12.7,13.01,-0.31,-2.3828,12267.0,15640.752
301089.SZ,拓新药业,20260915,21.97,22.06,21.25,21.27,21.89,-0.62,-2.8323,13348.06,28712.90858
301090.SZ,华润材料,20260915,6.75,6.84,6.67,6.7,6.8,-0.1,-1.4706,55694.39,37564.2393
301091.SZ,深城交,20260915,18.65,18.85,18.36,18.41,18.64,-0.23,-1.2339,40449.2,75207.89342
301092.SZ,争光股份,20260915,42.84,43.6,42.05,42.64,42.84,-0.2,-0.4669,11381.07,48881.22925
301093.SZ,华兰股份,20260915,60.38,60.56,58.2,58.41,59.88,-1.47,-2.4549,26107.17,153994.97015
301095.SZ,广立微,20260915,72.66,74.38,71.5,72.53,71.71,0.82,1.1435,39993.0,292532.69255
301096.SZ,百诚医药,20260915,50.6,51.5,49.07,49.51,50.78,-1.27,-2.501,36343.52,181875.17852
301097.SZ,天益医疗,20260915,33.39,33.66,32.35,32.36,33.42,-1.06,-3.1718,5077.23,16646.58299
301098.SZ,金埔园林,20260915,8.82,8.83,8.38,8.42,8.81,-0.39,-4.4268,62931.31,53885.75495
301099.SZ,雅创电子,20260915,50.92,52.36,50.9,51.47,51.31,0.16,0.3118,78811.03,407692.62097
301100.SZ,风光股份,20260915,15.05,15.12,14.66,14.72,15.12,-0.4,-2.6455,9696.0,14374.653
301101.SZ,明月镜片,20260915,28.4,28.42,28.06,28.13,28.36,-0.23,-0.811,7277.0,20541.526
301102.SZ,兆讯传媒,20260915,9.51,9.6,9.09,9.12,9.46,-0.34,-3.5941,15604.0,14477.195
301103.SZ,何氏眼科,20260915,16.15,16.16,15.52,15.58,16.0,-0.42,-2.625,13912.0,21805.149
301105.SZ,鸿铭股份,20260915,49.0,49.2,47.32,47.49,48.3,-0.81,-1.677,6267.0,30259.973
301106.SZ,骏成科技,20260915,18.68,18.86,18.2,18.23,18.8,-0.57,-3.0319,24931.38,45962.38028
301107.SZ,瑜欣电子,20260915,21.41,21.75,21.01,21.01,21.63,-0.62,-2.8664,13072.6,27835.0718
301108.SZ,洁雅股份,20260915,40.0,41.93,39.85,41.2,40.42,0.78,1.9297,10259.0,42080.75724
301109.SZ,军信股份,20260915,12.77,12.8,12.58,12.7,12.77,-0.07,-0.5482,33268.98,42200.74539
301110.SZ,青木科技,20260915,34.5,34.98,33.89,33.99,34.22,-0.23,-0.6721,20500.44,70543.8343
301111.SZ,粤万年青,20260915,20.31,21.99,20.09,21.03,20.42,0.61,2.9873,89539.62,188307.63851
301112.SZ,信邦智能,20260915,30.8,30.8,29.0,29.34,30.39,-1.05,-3.4551,10010.0,29708.14348
301113.SZ,雅艺科技,20260915,17.07,17.18,16.4,16.5,17.18,-0.68,-3.9581,13591.5,22725.0008
301115.SZ,联检科技,20260915,29.96,30.94,29.76,30.34,30.3,0.04,0.132,37328.0,113514.441
301116.SZ,益客食品,20260915,9.19,9.28,8.83,8.87,9.2,-0.33,-3.587,39931.0,35906.17
301117.SZ,ST佳缘,20260915,14.28,14.39,13.66,13.9,14.26,-0.36,-2.5245,60808.51,84705.9811
301118.SZ,恒光股份,20260915,22.89,22.89,22.22,22.27,22.89,-0.62,-2.7086,17724.0,39834.458
301119.SZ,正强股份,20260915,24.05,24.46,23.66,23.74,24.28,-0.54,-2.2241,20420.84,48921.83416
301120.SZ,新特电气,20260915,14.57,14.66,14.33,14.38,14.6,-0.22,-1.5068,37200.0,53938.616
301121.SZ,紫建电子,20260915,35.0,35.24,33.23,33.44,34.63,-1.19,-3.4363,8456.96,28628.0588
301122.SZ,采纳股份,20260915,45.93,46.73,44.66,46.73,46.02,0.71,1.5428,37541.97,172073.085
301123.SZ,奕东电子,20260915,76.52,80.4,76.5,78.89,77.0,1.89,2.4545,74614.49,588243.85034
301125.SZ,腾亚精工,20260915,13.5,13.63,13.19,13.19,13.47,-0.28,-2.0787,22131.25,29561.2829
301126.SZ,达嘉维康,20260915,10.24,10.25,9.8,9.87,10.29,-0.42,-4.0816,33714.0,33571.831
301127.SZ,武汉天源,20260915,16.75,17.15,16.58,16.67,16.83,-0.16,-0.9507,116950.77,196519.53065
301128.SZ,强瑞技术,20260915,106.81,110.78,106.81,107.57,107.35,0.22,0.2049,35724.76,387397.58004
301129.SZ,瑞纳智能,20260915,23.13,23.15,22.27,22.39,23.07,-0.68,-2.9476,15874.0,35882.526
301130.SZ,西点药业,20260915,26.66,26.66,26.09,26.16,26.73,-0.57,-2.1324,30115.32,79207.52887
301131.SZ,聚赛龙,20260915,31.91,31.91,30.9,30.95,31.85,-0.9,-2.8257,7803.0,24433.3556
301132.SZ,满坤科技,20260915,61.92,64.88,60.34,61.9,58.37,3.53,6.0476,213792.51,1335174.24049
301133.SZ,金钟股份,20260915,26.48,26.96,26.26,26.55,26.66,-0.11,-0.4126,20288.26,53978.0144
301135.SZ,瑞德智能,20260915,16.7,16.8,16.41,16.41,16.75,-0.34,-2.0299,13559.4,22494.9631
301136.SZ,招标股份,20260915,11.88,12.02,11.75,11.8,11.97,-0.17,-1.4202,53062.0,62887.361
301137.SZ,哈焊华通,20260915,31.33,31.79,31.14,31.15,31.52,-0.37,-1.1739,17791.0,55879.246
301138.SZ,华研精机,20260915,27.77,27.86,27.02,27.12,27.86,-0.74,-2.6561,6381.99,17495.10641
301141.SZ,中科磁业,20260915,37.0,37.0,36.31,36.49,36.73,-0.24,-0.6534,7756.0,28443.049
301148.SZ,嘉戎技术,20260915,57.6,59.16,56.02,57.49,57.48,0.01,0.0174,15330.0,88309.02036
301149.SZ,隆华新材,20260915,8.75,8.83,8.64,8.69,8.74,-0.05,-0.5721,63706.61,55568.59318
301150.SZ,中一科技,20260915,38.74,41.11,38.74,40.08,38.97,1.11,2.8483,202604.44,817056.35895
301151.SZ,冠龙节能,20260915,20.93,21.89,20.63,21.24,21.02,0.22,1.0466,43827.0,93535.64
301152.SZ,天力锂能,20260915,21.09,21.52,20.75,20.94,20.88,0.06,0.2874,42616.37,90177.07287
301153.SZ,中科江南,20260915,17.49,17.71,17.12,17.13,17.44,-0.31,-1.7775,24142.47,41829.90704
301155.SZ,海力风电,20260915,38.63,44.97,38.2,44.2,39.17,5.03,12.8415,147530.97,624924.99856
301156.SZ,美农生物,20260915,11.67,11.79,11.24,11.26,11.66,-0.4,-3.4305,38121.13,43585.29458
301157.SZ,华塑科技,20260915,61.63,61.63,59.72,59.93,61.4,-1.47,-2.3941,5025.0,30420.659
301158.SZ,德石股份,20260915,14.32,14.32,13.63,13.67,14.35,-0.68,-4.7387,73332.05,101557.39114
301159.SZ,三维天地,20260915,30.7,30.9,29.92,29.94,30.48,-0.54,-1.7717,12897.75,38979.18277
301160.SZ,翔楼新材,20260915,41.69,42.21,40.9,41.1,41.36,-0.26,-0.6286,26013.61,107933.25657
301161.SZ,唯万密封,20260915,27.98,28.69,27.63,28.12,27.99,0.13,0.4645,21402.5,60511.319
301162.SZ,国能日新,20260915,34.79,35.58,34.5,34.94,34.5,0.44,1.2754,12324.2,43286.6126
301163.SZ,宏德股份,20260915,21.79,21.86,21.15,21.36,21.66,-0.3,-1.385,14848.45,31724.60957
301165.SZ,锐捷网络,20260915,106.01,108.52,104.96,106.1,106.01,0.09,0.0849,93299.55,993475.10945
301166.SZ,优宁维,20260915,28.21,28.47,27.54,27.54,28.27,-0.73,-2.5822,11473.34,31991.27636
301167.SZ,建研设计,20260915,13.0,13.05,12.46,12.47,13.07,-0.6,-4.5907,23559.5,29772.36
301168.SZ,通灵股份,20260915,39.6,40.03,39.32,39.68,39.99,-0.31,-0.7752,5885.0,23305.786
301169.SZ,零点有数,20260915,53.01,54.17,50.76,50.93,53.0,-2.07,-3.9057,19006.0,98949.921
301170.SZ,锡南科技,20260915,22.08,22.27,21.52,21.54,22.13,-0.59,-2.6661,7549.69,16456.15207
301171.SZ,易点天下,20260915,34.2,35.22,33.59,33.7,33.57,0.13,0.3873,516862.34,1766980.06108
301172.SZ,君逸数码,20260915,17.43,17.87,17.39,17.41,17.62,-0.21,-1.1918,35346.21,62123.02378
301173.SZ,毓恬冠佳,20260915,32.99,32.99,31.68,31.78,32.81,-1.03,-3.1393,4297.0,13835.879
301175.SZ,中科环保,20260915,5.68,5.69,5.61,5.62,5.69,-0.07,-1.2302,95834.79,54079.08214
301176.SZ,逸豪新材,20260915,58.7,61.78,57.66,58.5,58.88,-0.38,-0.6454,199112.77,1187535.94271
301177.SZ,迪阿股份,20260915,22.31,22.56,22.15,22.15,22.44,-0.29,-1.2923,11257.03,25112.97242
301178.SZ,天亿马,20260915,37.6,38.76,37.14,37.42,37.09,0.33,0.8897,44144.83,166993.5309
301179.SZ,泽宇智能,20260915,20.35,20.65,20.19,20.32,20.19,0.13,0.6439,53714.1,109650.66639
301180.SZ,万祥科技,20260915,11.33,11.54,11.15,11.17,11.44,-0.27,-2.3601,23468.0,26511.463
301181.SZ,标榜股份,20260915,22.96,23.51,22.84,23.0,23.05,-0.05,-0.2169,12996.0,30117.659
301182.SZ,凯旺科技,20260915,66.2,67.0,63.5,63.81,66.29,-2.48,-3.7411,26010.5,169613.082
301183.SZ,东田微,20260915,257.85,268.61,252.25,264.68,257.36,7.32,2.8443,45679.27,1200569.69343
301185.SZ,鸥玛软件,20260915,17.0,17.17,16.5,16.51,16.95,-0.44,-2.5959,13498.0,22619.278
301186.SZ,超达装备,20260915,33.23,34.65,33.11,33.76,33.23,0.53,1.5949,12096.2,41084.0662
301187.SZ,欧圣电气,20260915,12.88,13.34,12.78,13.26,12.96,0.3,2.3148,31301.67,40952.32871
301188.SZ,力诺药包,20260915,31.67,32.85,31.5,31.83,31.84,-0.01,-0.0314,70968.96,228424.89554
301189.SZ,奥尼电子,20260915,61.01,63.49,60.43,60.5,61.7,-1.2,-1.9449,54235.66,335801.02687
301190.SZ,善水科技,20260915,18.84,18.84,18.17,18.2,18.81,-0.61,-3.243,47110.79,86986.40151
301191.SZ,菲菱科思,20260915,81.52,85.85,81.52,85.73,82.25,3.48,4.231,50559.58,425172.41649
301192.SZ,泰祥股份,20260915,18.72,18.97,18.02,18.04,18.81,-0.77,-4.0936,19231.0,35453.955
301193.SZ,家联科技,20260915,19.18,19.49,18.97,19.02,19.17,-0.15,-0.7825,19913.0,38162.723
301195.SZ,北路智控,20260915,25.7,25.82,25.56,25.77,25.56,0.21,0.8216,5859.54,15051.56848
301196.SZ,唯科科技,20260915,80.8,83.28,80.14,80.3,81.38,-1.08,-1.3271,31480.2,255954.01222
301197.SZ,工大科雅,20260915,25.06,25.43,24.6,24.7,25.23,-0.53,-2.1007,12607.0,31405.739
301198.SZ,喜悦智行,20260915,12.46,12.49,12.0,12.14,12.45,-0.31,-2.49,26447.56,32397.49824
301199.SZ,迈赫股份,20260915,17.3,17.63,17.3,17.47,17.48,-0.01,-0.0572,9975.75,17400.7697
301200.SZ,大族数控,20260915,256.1,267.26,254.0,258.4,256.08,2.32,0.906,24869.31,648678.39671
301201.SZ,诚达药业,20260915,31.9,32.33,31.46,31.64,32.09,-0.45,-1.4023,26409.8,83929.383
301202.SZ,朗威股份,20260915,36.0,36.09,35.08,35.25,36.02,-0.77,-2.1377,8591.48,30534.09398
301203.SZ,国泰环保,20260915,34.07,34.07,32.72,32.72,33.86,-1.14,-3.3668,4795.28,15880.8562
301205.SZ,联特科技,20260915,273.05,280.78,269.03,272.02,276.7,-4.68,-1.6914,43176.76,1183350.37313
301206.SZ,三元生物,20260915,23.99,24.06,23.06,23.21,24.14,-0.93,-3.8525,63098.55,148377.06113
301207.SZ,华兰疫苗,20260915,17.95,18.27,17.82,17.9,18.04,-0.14,-0.7761,71794.27,129304.76356
301208.SZ,中亦科技,20260915,29.19,29.5,28.65,28.68,29.2,-0.52,-1.7808,8227.21,23830.45237
301209.SZ,联合化学,20260915,57.22,60.57,57.22,57.9,58.28,-0.38,-0.652,19269.2,113838.5956
301210.SZ,金杨精密,20260915,26.17,27.15,25.88,26.28,26.02,0.26,0.9992,47427.81,125481.4501
301211.SZ,亨迪药业,20260915,11.38,11.5,11.15,11.19,11.4,-0.21,-1.8421,62088.78,69791.82696
301212.SZ,联盛化学,20260915,24.81,25.08,24.33,24.4,24.89,-0.49,-1.9687,11402.0,28111.939
301213.SZ,观想科技,20260915,40.85,40.85,39.41,39.43,40.32,-0.89,-2.2073,7318.67,29187.89185
301215.SZ,中汽股份,20260915,5.3,5.3,5.18,5.19,5.3,-0.11,-2.0755,70975.42,37092.06792
301216.SZ,万凯新材,20260915,17.09,17.9,16.9,17.7,17.12,0.58,3.3879,229993.15,400233.17261
301217.SZ,铜冠铜箔,20260915,108.72,116.27,108.72,113.61,108.7,4.91,4.517,376381.35,4270949.72855
301218.SZ,华是科技,20260915,46.8,46.96,44.01,44.02,46.65,-2.63,-5.6377,82174.37,371175.29877
301219.SZ,腾远钴业,20260915,40.56,41.23,40.51,40.72,40.69,0.03,0.0737,37260.26,152339.76404
301220.SZ,亚香股份,20260915,30.99,31.38,30.02,30.5,30.99,-0.49,-1.5812,49674.01,152358.12918
301221.SZ,光庭信息,20260915,25.39,25.65,25.01,25.05,25.45,-0.4,-1.5717,9080.4,22987.4512
301222.SZ,浙江恒威,20260915,25.2,26.26,24.51,25.4,24.83,0.57,2.2956,23858.8,60866.8499
301223.SZ,中荣股份,20260915,17.83,17.84,17.24,17.29,17.84,-0.55,-3.083,7471.0,13023.379
301225.SZ,恒勃股份,20260915,56.1,57.5,54.01,54.1,57.12,-3.02,-5.2871,37564.18,207718.42246
301226.SZ,祥明智能,20260915,29.98,29.98,28.83,28.83,29.98,-1.15,-3.8359,14578.0,42761.216
301227.SZ,森鹰窗业,20260915,33.22,33.22,32.0,32.37,32.57,-0.2,-0.6141,19062.6,62166.3282
301228.SZ,实朴检测,20260915,56.28,58.78,55.11,55.57,56.66,-1.09,-1.9238,24397.0,139133.086
301229.SZ,纽泰格,20260915,11.56,11.65,11.13,11.16,11.65,-0.49,-4.206,30298.32,34321.55859
301230.SZ,泓博医药,20260915,29.81,30.2,29.22,29.28,29.81,-0.53,-1.7779,79281.56,234247.60631
301231.SZ,荣信文化,20260915,27.03,27.26,26.03,26.04,26.95,-0.91,-3.3766,30162.0,79867.21878
301232.SZ,飞沃科技,20260915,90.5,91.77,89.23,89.35,90.95,-1.6,-1.7592,28764.17,259224.40785
301233.SZ,盛帮股份,20260915,31.8,31.8,30.86,30.93,31.63,-0.7,-2.2131,5238.4,16306.211
301234.SZ,五洲医疗,20260915,106.58,109.66,105.0,106.0,104.99,1.01,0.962,14427.1,154967.47529
301235.SZ,华康洁净,20260915,42.45,44.54,41.9,42.37,42.42,-0.05,-0.1179,57679.29,248406.08492
301236.SZ,软通动力,20260915,35.9,37.5,35.76,36.63,36.13,0.5,1.3839,170340.52,625425.35198
301237.SZ,和顺科技,20260915,38.18,39.3,37.74,38.76,38.49,0.27,0.7015,19449.2,75091.9926
301238.SZ,瑞泰新材,20260915,15.68,16.1,15.6,15.83,15.72,0.11,0.6997,74846.88,119149.41607
301239.SZ,普瑞眼科,20260915,31.18,31.39,30.51,30.66,31.14,-0.48,-1.5414,9968.88,30653.38016
301246.SZ,宏源药业,20260915,17.21,17.46,17.11,17.15,17.35,-0.2,-1.1527,38707.47,66884.15647
301248.SZ,杰创智能,20260915,53.94,54.47,53.15,53.27,54.0,-0.73,-1.3519,18167.05,97485.91925
301251.SZ,威尔高,20260915,65.88,69.15,64.53,68.15,65.66,2.49,3.7923,123390.86,833041.493
301252.SZ,同星科技,20260915,35.18,35.61,34.75,34.75,35.18,-0.43,-1.2223,14268.46,50047.41666
301255.SZ,通力科技,20260915,18.44,18.89,18.23,18.33,18.42,-0.09,-0.4886,14662.8,27150.3773
301256.SZ,华融化学,20260915,9.89,9.89,9.54,9.58,9.74,-0.16,-1.6427,50926.27,49119.08466
301257.SZ,普蕊斯,20260915,37.0,37.53,36.65,36.69,37.31,-0.62,-1.6618,21957.0,81041.813
301258.SZ,富士莱,20260915,24.93,25.12,24.13,24.2,25.06,-0.86,-3.4318,7466.0,18210.542
301259.SZ,艾布鲁,20260915,19.35,19.53,18.41,18.45,19.55,-1.1,-5.6266,52845.32,99390.86043
301260.SZ,格力博,20260915,11.58,11.58,11.27,11.29,11.5,-0.21,-1.8261,13495.77,15353.05988
301261.SZ,恒工精密,20260915,54.06,54.1,53.05,53.1,54.25,-1.15,-2.1198,10681.08,57212.00142
301262.SZ,海看股份,20260915,20.01,20.24,19.58,19.61,19.76,-0.15,-0.7591,76014.93,151481.93898
301263.SZ,泰恩康,20260915,20.63,20.95,20.23,20.25,20.52,-0.27,-1.3158,39107.36,80606.93908
301265.SZ,华新科技,20260915,20.0,21.21,19.71,20.47,20.2,0.27,1.3366,130119.0,268737.76679
301266.SZ,宇邦新材,20260915,24.2,24.3,23.4,23.46,24.24,-0.78,-3.2178,33126.8,78696.59
301267.SZ,华厦眼科,20260915,14.8,14.8,14.61,14.74,14.74,0.0,0.0,22867.13,33642.81249
301268.SZ,铭利达,20260915,11.78,11.85,11.6,11.6,11.79,-0.19,-1.6115,20764.73,24288.10802
301269.SZ,华大九天,20260915,84.72,85.9,84.08,84.09,84.58,-0.49,-0.5793,46896.25,397597.485
301270.SZ,汉仪股份,20260915,32.23,32.61,31.65,31.81,32.54,-0.73,-2.2434,27140.42,86765.82797
301272.SZ,英华特,20260915,33.55,33.8,32.34,32.53,33.56,-1.03,-3.0691,5908.0,19407.288
301273.SZ,瑞晨环保,20260915,36.37,37.01,35.4,35.45,36.7,-1.25,-3.406,17535.8,63332.6992
301275.SZ,汉朔科技,20260915,42.0,42.27,41.72,41.78,42.02,-0.24,-0.5712,25305.99,106130.60648
301276.SZ,嘉曼服饰,20260915,17.32,17.38,16.59,16.59,17.29,-0.7,-4.0486,23864.4,40197.3638
301277.SZ,新天地,20260915,9.91,9.91,9.63,9.65,9.87,-0.22,-2.229,18157.0,17599.948
301278.SZ,快可电子,20260915,27.62,27.63,26.9,26.9,27.59,-0.69,-2.5009,10221.0,27713.929
301279.SZ,金道科技,20260915,22.33,23.0,21.91,22.49,22.21,0.28,1.2607,29713.99,67118.36724
301280.SZ,珠城科技,20260915,41.79,43.0,41.79,42.0,41.96,0.04,0.0953,13487.32,57100.49118
301281.SZ,科源制药,20260915,48.82,51.06,48.63,49.41,48.82,0.59,1.2085,34756.41,173420.68488
301282.SZ,金禄电子,20260915,42.13,44.99,41.5,41.79,41.56,0.23,0.5534,177897.54,767114.89706
301283.SZ,聚胶股份,20260915,25.3,25.55,24.75,24.84,25.28,-0.44,-1.7405,10696.75,26930.85135
301285.SZ,鸿日达,20260915,84.6,88.5,84.6,86.46,85.52,0.94,1.0992,19784.0,172109.59
301286.SZ,侨源股份,20260915,43.06,43.77,42.6,42.76,43.07,-0.31,-0.7198,9285.56,39971.9318
301287.SZ,康力源,20260915,41.88,42.13,39.91,39.97,41.53,-1.56,-3.7563,7431.19,30157.35969
301288.SZ,清研环境,20260915,16.52,16.52,15.4,15.55,16.38,-0.83,-5.0672,14569.26,23007.56851
301289.SZ,国缆检测,20260915,43.01,43.23,42.66,42.79,43.32,-0.53,-1.2235,4347.0,18635.816
301290.SZ,东星医疗,20260915,26.88,27.5,26.62,26.62,27.32,-0.7,-2.5622,10530.0,28318.309
301291.SZ,明阳电气,20260915,33.88,34.88,33.66,33.8,34.15,-0.35,-1.0249,56533.42,193310.67551
301292.SZ,海科新源,20260915,61.28,63.01,60.59,60.9,61.7,-0.8,-1.2966,48836.74,301344.1282
301293.SZ,三博脑科,20260915,49.9,50.18,48.71,48.8,49.23,-0.43,-0.8735,46411.02,229224.14748
301295.SZ,美硕科技,20260915,36.17,36.45,35.3,35.74,36.22,-0.48,-1.3252,14530.0,52044.287
301296.SZ,新巨丰,20260915,6.37,6.37,6.12,6.13,6.33,-0.2,-3.1596,30010.0,18566.7
301297.SZ,富乐德,20260915,47.5,48.48,45.83,46.38,47.27,-0.89,-1.8828,258054.89,1202859.16368
301298.SZ,东利机械,20260915,12.19,12.39,11.75,11.79,12.25,-0.46,-3.7551,23332.0,27894.60575
301299.SZ,卓创资讯,20260915,44.36,45.98,44.36,44.85,44.55,0.3,0.6734,16615.0,75140.861
301300.SZ,远翔新材,20260915,33.4,33.4,31.9,31.97,33.23,-1.26,-3.7918,5127.43,16592.7829
301301.SZ,川宁生物,20260915,8.05,8.06,7.95,8.03,8.04,-0.01,-0.1244,79328.0,63466.975
301302.SZ,华如科技,20260915,21.08,21.24,20.55,20.58,21.14,-0.56,-2.649,22145.0,46085.183
301303.SZ,真兰仪表,20260915,13.11,13.15,12.99,13.0,13.1,-0.1,-0.7634,17345.44,22637.73732
301305.SZ,朗坤科技,20260915,26.32,26.6,25.29,25.37,26.31,-0.94,-3.5728,44502.0,114540.93
301306.SZ,西测测试,20260915,100.38,101.17,98.14,98.27,100.38,-2.11,-2.102,18312.0,181717.509
301307.SZ,美利信,20260915,55.25,58.95,54.82,57.24,55.25,1.99,3.6018,81472.7,465672.40238
301308.SZ,江波龙,20260915,331.0,335.8,327.7,328.5,331.01,-2.51,-0.7583,65239.85,2157959.34675
301309.SZ,万得凯,20260915,30.0,30.0,29.29,29.29,30.0,-0.71,-2.3667,5954.0,17572.118
301310.SZ,鑫宏业,20260915,51.7,51.89,49.9,50.15,51.89,-1.74,-3.3532,44640.67,225956.90831
301311.SZ,昆船智能,20260915,13.59,13.67,13.4,13.44,13.56,-0.12,-0.885,24713.0,33436.795
301312.SZ,智立方,20260915,79.37,81.81,79.01,79.29,80.41,-1.12,-1.3929,38073.82,305342.82107
301313.SZ,凡拓数创,20260915,29.98,30.45,29.49,29.57,30.31,-0.74,-2.4414,31580.07,94498.51892
301314.SZ,科瑞思,20260915,43.35,43.78,42.21,42.35,43.55,-1.2,-2.7555,5911.0,25322.958
301315.SZ,威士顿,20260915,37.72,37.92,36.89,37.01,37.66,-0.65,-1.726,10953.0,40952.32585
301316.SZ,慧博云通,20260915,35.33,36.14,35.24,35.55,35.49,0.06,0.1691,44793.88,159833.1909
301317.SZ,鑫磊股份,20260915,47.06,47.38,45.26,45.75,46.95,-1.2,-2.5559,21084.06,97841.89126
301318.SZ,维海德,20260915,20.67,20.76,20.02,20.05,20.65,-0.6,-2.9056,7716.0,15651.661
301319.SZ,唯特偶,20260915,90.58,97.45,90.32,93.77,91.11,2.66,2.9195,86889.53,819710.29467
301320.SZ,豪江智能,20260915,13.64,13.72,13.14,13.2,13.63,-0.43,-3.1548,20667.64,27589.47472
301321.SZ,翰博高新,20260915,46.18,47.75,45.21,45.5,46.16,-0.66,-1.4298,62161.79,289366.3085
301322.SZ,绿通科技,20260915,41.83,43.09,41.59,42.11,42.11,0.0,0.0,24298.96,102959.2634
301323.SZ,新莱福,20260915,72.47,78.3,72.3,75.63,72.83,2.8,3.8446,26106.9,198959.70116
301325.SZ,曼恩斯特,20260915,27.7,31.5,27.61,29.91,27.7,2.21,7.9783,52143.03,155097.57263
301326.SZ,捷邦科技,20260915,95.51,100.96,95.0,98.34,95.99,2.35,2.4482,12155.0,119408.138
301327.SZ,华宝新能,20260915,40.03,40.48,39.69,39.7,40.0,-0.3,-0.75,10174.6,40764.528
301328.SZ,维峰电子,20260915,50.86,51.23,49.79,50.15,50.68,-0.53,-1.0458,20100.05,101400.95245
301329.SZ,信音电子,20260915,20.04,21.08,20.02,20.56,20.16,0.4,1.9841,77383.69,160257.30131
301330.SZ,熵基科技,20260915,25.2,26.24,24.62,24.69,25.34,-0.65,-2.5651,35727.02,89741.82995
301331.SZ,恩威医药,20260915,20.83,21.02,20.21,20.24,21.01,-0.77,-3.6649,12998.97,26594.59082
301332.SZ,德尔玛,20260915,7.65,7.65,7.49,7.6,7.65,-0.05,-0.6536,24083.48,18220.2508
301333.SZ,诺思格,20260915,62.98,63.52,61.46,61.75,63.31,-1.56,-2.4641,22023.0,136897.792
301335.SZ,天元宠物,20260915,22.06,22.3,21.65,21.98,21.99,-0.01,-0.0455,12417.38,27227.68516
301336.SZ,趣睡科技,20260915,44.44,44.44,41.42,41.44,41.95,-0.51,-1.2157,8524.1,35680.8903
301337.SZ,亚华电子,20260915,26.71,26.83,26.02,26.02,26.71,-0.69,-2.5833,9715.0,25606.265
301338.SZ,凯格精机,20260915,97.78,101.45,97.08,97.41,98.11,-0.7,-0.7135,36931.21,366396.17791
301339.SZ,通行宝,20260915,11.0,11.16,10.9,10.91,11.07,-0.16,-1.4453,31426.78,34558.78779
301345.SZ,涛涛车业,20260915,235.0,240.77,233.03,239.16,235.5,3.66,1.5541,11762.76,280683.80068
301348.SZ,蓝箭电子,20260915,20.4,21.41,20.4,21.12,20.51,0.61,2.9742,80850.75,169972.09326
301349.SZ,信德新材,20260915,42.47,45.09,42.2,44.05,42.41,1.64,3.867,50818.08,224045.31175
301353.SZ,普莱得,20260915,18.72,18.8,18.27,18.28,18.76,-0.48,-2.5586,12684.9,23374.08126
301355.SZ,南王科技,20260915,11.5,11.65,11.22,11.24,11.5,-0.26,-2.2609,64153.96,72884.25312
301356.SZ,天振股份,20260915,18.72,18.93,18.51,18.51,18.71,-0.2,-1.0689,8688.7,16250.7474
301357.SZ,北方长龙,20260915,102.72,102.72,97.2,97.43,103.75,-6.32,-6.0916,58191.62,576507.87387
301358.SZ,湖南裕能,20260915,53.45,54.52,53.22,53.44,53.95,-0.51,-0.9453,83760.67,451535.18233
301359.SZ,东南电子,20260915,18.11,18.45,17.6,17.68,18.28,-0.6,-3.2823,11497.52,20590.36644
301360.SZ,荣旗科技,20260915,55.21,56.36,54.02,55.24,55.49,-0.25,-0.4505,18413.3,101921.7899
301361.SZ,众智科技,20260915,25.82,26.11,25.58,25.58,26.09,-0.51,-1.9548,6380.52,16458.43068
301362.SZ,民爆光电,20260915,110.14,119.25,110.0,115.22,110.75,4.47,4.0361,48820.39,564958.97252
301363.SZ,美好医疗,20260915,15.4,15.52,15.26,15.28,15.38,-0.1,-0.6502,37076.4,57040.48458
301365.SZ,矩阵股份,20260915,37.44,37.44,36.0,36.87,36.95,-0.08,-0.2165,37503.88,138117.05724
301366.SZ,一博科技,20260915,61.73,71.36,61.6,66.21,62.86,3.35,5.3293,213311.88,1432985.10121
301367.SZ,瑞迈特,20260915,43.82,43.82,42.58,42.68,43.82,-1.14,-2.6016,12825.04,55168.74017
301368.SZ,丰立智能,20260915,35.3,35.7,35.0,35.03,35.54,-0.51,-1.435,8719.0,30664.8406
301369.SZ,联动科技,20260915,123.52,129.72,123.02,126.45,124.72,1.73,1.3871,18681.19,237127.5942
301370.SZ,国科恒泰,20260915,8.5,8.5,8.29,8.31,8.49,-0.18,-2.1201,17710.0,14828.337
301371.SZ,敷尔佳,20260915,20.55,20.57,20.28,20.34,20.55,-0.21,-1.0219,12714.36,25909.90915
301372.SZ,科净源,20260915,31.91,32.7,31.49,32.15,31.8,0.35,1.1006,17133.0,55019.64516
301373.SZ,凌玮科技,20260915,102.62,117.94,101.5,109.6,98.28,11.32,11.5181,142902.71,1586829.1685
301376.SZ,致欧科技,20260915,22.44,23.26,22.31,23.04,22.43,0.61,2.7196,46246.0,106124.842
301377.SZ,鼎泰高科,20260915,388.96,408.2,382.69,402.4,384.99,17.41,4.5222,28880.9,1153148.10264
301378.SZ,通达海,20260915,23.7,23.9,22.86,22.9,23.62,-0.72,-3.0483,14127.59,32814.6481
301379.SZ,天山电子,20260915,20.51,21.6,20.51,21.02,20.7,0.32,1.5459,114824.3,243639.05926
301380.SZ,挖金客,20260915,31.78,31.99,30.3,30.84,32.0,-1.16,-3.625,25451.24,78707.50334
301381.SZ,赛维时代,20260915,22.13,22.74,21.72,21.92,22.44,-0.52,-2.3173,42856.67,94777.19965
301382.SZ,蜂助手,20260915,36.5,37.14,35.88,35.92,36.52,-0.6,-1.6429,68739.65,249950.82355
301383.SZ,天键股份,20260915,23.05,23.4,22.35,22.39,23.23,-0.84,-3.616,12005.0,27229.064
301386.SZ,未来电器,20260915,19.53,19.61,18.95,18.95,19.5,-0.55,-2.8205,8447.0,16222.051
301387.SZ,光大同创,20260915,54.56,55.29,53.31,53.56,54.6,-1.04,-1.9048,13778.0,74826.912
301388.SZ,欣灵电气,20260915,24.35,24.36,23.82,23.82,24.37,-0.55,-2.2569,8795.0,21168.978
301389.SZ,隆扬电子,20260915,56.69,64.62,56.54,61.79,56.93,4.86,8.5368,148082.42,919020.17156
301391.SZ,卡莱特,20260915,41.82,42.39,41.46,41.65,41.91,-0.26,-0.6204,9856.01,41186.51045
301392.SZ,汇成真空,20260915,163.11,172.98,161.33,165.75,163.6,2.15,1.3142,39702.54,667415.75189
301393.SZ,昊帆生物,20260915,57.0,59.59,56.58,58.24,57.62,0.62,1.076,24740.0,143609.97004
301395.SZ,仁信新材,20260915,11.62,11.78,11.35,11.37,11.62,-0.25,-2.1515,21224.0,24430.64196
301396.SZ,宏景科技,20260915,165.13,170.0,165.0,165.45,165.78,-0.33,-0.1991,62757.21,1046882.73926
301397.SZ,溯联股份,20260915,21.83,22.1,21.5,21.63,21.97,-0.34,-1.5476,16050.96,35002.2603
301398.SZ,星源卓镁,20260915,35.96,37.17,35.45,37.07,35.67,1.4,3.9249,19565.63,71484.61779
301399.SZ,英特科技,20260915,19.27,19.64,19.05,19.14,19.24,-0.1,-0.5198,32289.33,62393.7375
301408.SZ,华人健康,20260915,13.97,14.05,13.76,13.77,13.96,-0.19,-1.361,42542.49,59116.10808
301413.SZ,安培龙,20260915,55.0,55.57,54.14,54.2,55.35,-1.15,-2.0777,19434.1,106546.58091
301418.SZ,协昌科技,20260915,34.1,34.1,32.68,32.68,33.54,-0.86,-2.5641,8892.0,29422.6032
301419.SZ,阿莱德,20260915,39.51,42.0,38.88,39.43,39.79,-0.36,-0.9047,75500.75,305123.17421
301421.SZ,波长光电,20260915,73.0,75.6,72.8,74.5,73.95,0.55,0.7437,22541.7,167650.84104
301428.SZ,世纪恒通,20260915,26.88,27.02,26.21,26.29,26.81,-0.52,-1.9396,17244.31,45763.37485
301429.SZ,森泰股份,20260915,17.39,17.4,16.44,16.56,17.4,-0.84,-4.8276,18382.0,30934.574
301439.SZ,泓淋电力,20260915,14.21,14.5,14.15,14.2,14.4,-0.2,-1.3889,61935.03,88529.68587
301446.SZ,福事特,20260915,36.78,37.11,35.92,36.2,36.49,-0.29,-0.7947,4726.0,17204.507
301448.SZ,开创电气,20260915,42.96,43.99,42.75,43.04,43.8,-0.76,-1.7352,6449.33,27874.12491
301449.SZ,天溯计量,20260915,38.7,39.87,38.7,39.08,39.18,-0.1,-0.2552,10545.18,41444.17679
301456.SZ,盘古智能,20260915,23.63,24.88,23.43,24.77,23.62,1.15,4.8688,57063.32,139690.06204
301458.SZ,钧崴电子,20260915,37.05,38.75,37.02,38.52,37.28,1.24,3.3262,97478.02,371521.92703
301459.SZ,丰茂股份,20260915,32.22,32.36,31.68,31.73,32.29,-0.56,-1.7343,6019.4,19220.30754
301468.SZ,博盈特焊,20260915,30.6,30.94,29.96,30.13,30.37,-0.24,-0.7903,24259.1,73689.47135
301469.SZ,恒达新材,20260915,27.47,27.96,27.0,27.01,27.79,-0.78,-2.8068,9519.0,25966.032
301479.SZ,弘景光电,20260915,46.7,48.8,46.7,47.26,47.11,0.15,0.3184,17146.9,81946.8408
301486.SZ,致尚科技,20260915,179.74,184.99,177.7,178.62,180.4,-1.78,-0.9867,35938.9,649285.18614
301487.SZ,盟固利,20260915,15.39,15.89,15.23,15.59,15.39,0.2,1.2995,116067.67,181984.56524
301488.SZ,豪恩汽电,20260915,92.05,92.44,90.7,90.82,92.2,-1.38,-1.4967,7185.48,65654.11185
301489.SZ,思泉新材,20260915,122.73,125.99,121.0,122.88,123.66,-0.78,-0.6308,44228.61,547071.66931
301491.SZ,汉桑科技,20260915,36.79,36.97,36.18,36.27,36.82,-0.55,-1.4938,3493.05,12757.6528
301498.SZ,乖宝宠物,20260915,37.2,37.94,36.87,37.38,36.99,0.39,1.0543,25444.0,95363.736
301499.SZ,维科精密,20260915,24.09,24.39,23.6,23.66,24.16,-0.5,-2.0695,10525.94,25221.43398
301500.SZ,飞南资源,20260915,26.01,26.93,25.57,25.66,25.89,-0.23,-0.8884,159324.52,416502.822
301501.SZ,恒鑫生活,20260915,27.65,27.97,27.14,27.17,27.9,-0.73,-2.6165,8142.0,22271.601
301502.SZ,华阳智能,20260915,48.3,50.49,48.29,49.29,48.88,0.41,0.8388,8455.0,41721.913
301503.SZ,智迪科技,20260915,21.5,21.5,20.61,20.72,21.39,-0.67,-3.1323,7622.4,15906.6942
301505.SZ,苏州规划,20260915,18.55,19.06,18.07,18.21,18.68,-0.47,-2.5161,39024.65,71834.9804
301507.SZ,民生健康,20260915,11.83,11.85,11.57,11.63,11.84,-0.21,-1.7736,25074.0,29212.758
301508.SZ,中机认检,20260915,24.1,24.1,23.58,23.7,24.1,-0.4,-1.6598,7831.0,18628.474
301509.SZ,金凯生科,20260915,27.84,28.15,27.37,27.47,28.0,-0.53,-1.8929,14510.03,40102.94947
301510.SZ,固高科技,20260915,25.22,25.54,24.95,25.31,25.23,0.08,0.3171,38553.91,97567.62646
301511.SZ,德福科技,20260915,110.0,118.51,109.38,112.1,109.03,3.07,2.8157,365644.57,4138932.95885
301512.SZ,智信精密,20260915,29.67,29.95,29.09,29.22,29.9,-0.68,-2.2742,7018.6,20676.26124
301513.SZ,尚水智能,20260915,43.59,46.3,43.2,45.32,43.63,1.69,3.8735,28353.55,127375.8392
301515.SZ,港通医疗,20260915,18.76,19.19,17.98,17.98,18.88,-0.9,-4.7669,15438.34,28128.18195
301516.SZ,中远通,20260915,18.27,18.35,17.75,17.82,18.27,-0.45,-2.4631,87397.08,157301.68656
301517.SZ,陕西华达,20260915,37.05,37.37,36.59,36.6,37.11,-0.51,-1.3743,13259.78,48884.8293
301518.SZ,长华化学,20260915,22.46,22.47,21.9,21.9,22.48,-0.58,-2.5801,16212.43,35915.50028
301519.SZ,舜禹股份,20260915,11.79,11.79,11.1,11.12,11.74,-0.62,-5.2811,25224.0,28542.522
301520.SZ,万邦医药,20260915,66.44,71.5,66.44,67.82,63.6,4.22,6.6352,165228.03,1127880.19904
301522.SZ,上大股份,20260915,22.83,23.06,22.63,22.9,22.81,0.09,0.3946,24122.83,55272.0087
301525.SZ,儒竞科技,20260915,37.19,37.21,36.03,36.16,37.09,-0.93,-2.5074,17448.13,63624.35019
301526.SZ,国际复材,20260915,30.85,33.53,30.58,31.8,30.85,0.95,3.0794,1979402.59,6362717.28116
301528.SZ,多浦乐,20260915,72.27,76.9,70.0,71.18,73.0,-1.82,-2.4932,52424.69,379637.35016
301529.SZ,福赛科技,20260915,116.42,117.46,110.0,110.85,116.72,-5.87,-5.0291,26834.95,301839.0927
301531.SZ,春光集团,20260915,49.1,52.97,48.8,50.95,48.24,2.71,5.6177,66038.32,338037.80166
301533.SZ,威马农机,20260915,28.52,28.75,27.9,27.93,28.52,-0.59,-2.0687,13593.28,38235.0746
301535.SZ,浙江华远,20260915,13.82,14.25,13.22,13.28,13.22,0.06,0.4539,55223.96,74785.38692
301536.SZ,星宸科技,20260915,110.0,112.36,109.0,109.28,109.83,-0.55,-0.5008,77893.56,859779.19567
301538.SZ,骏鼎达,20260915,38.56,39.11,38.0,38.04,38.63,-0.59,-1.5273,11892.68,45798.6606
301539.SZ,宏鑫科技,20260915,15.0,15.1,14.47,14.5,15.0,-0.5,-3.3333,21489.0,31682.426
301548.SZ,崇德科技,20260915,52.5,53.19,51.85,52.19,52.93,-0.74,-1.3981,9386.31,49182.33432
301550.SZ,斯菱智驱,20260915,89.11,90.0,85.6,85.97,90.0,-4.03,-4.4778,73418.44,639515.04183
301551.SZ,无线传媒,20260915,21.12,21.22,20.72,20.77,21.07,-0.3,-1.4238,31064.03,65079.85858
301552.SZ,科力装备,20260915,24.15,24.19,23.53,23.55,24.0,-0.45,-1.875,5793.15,13774.2997
301555.SZ,惠柏新材,20260915,34.34,34.9,33.9,34.31,34.34,-0.03,-0.0874,10361.85,35700.6813
301556.SZ,托普云农,20260915,61.1,61.28,59.02,59.07,61.08,-2.01,-3.2908,17233.98,103102.56196
301557.SZ,常友科技,20260915,82.01,83.49,80.3,80.82,83.0,-2.18,-2.6265,6632.53,54247.16868
301558.SZ,三态股份,20260915,6.39,6.41,6.22,6.23,6.41,-0.18,-2.8081,42245.0,26636.376
301559.SZ,中集环科,20260915,12.8,12.9,12.62,12.62,12.84,-0.22,-1.7134,13049.53,16587.43439
301560.SZ,众捷股份,20260915,22.95,23.23,22.45,22.45,22.93,-0.48,-2.0933,16255.0,37014.27598
301563.SZ,云汉芯城,20260915,110.0,111.8,109.0,109.61,110.0,-0.39,-0.3545,9958.02,110016.02002
301565.SZ,中仑新材,20260915,18.5,18.92,18.42,18.63,18.71,-0.08,-0.4276,43904.95,82082.32415
301566.SZ,达利凯普,20260915,26.33,26.99,26.04,26.11,26.57,-0.46,-1.7313,260080.83,685960.26223
301567.SZ,贝隆精密,20260915,34.85,35.57,34.01,34.12,35.25,-1.13,-3.2057,11311.0,39141.01
301568.SZ,思泰克,20260915,68.23,70.89,67.08,69.38,68.62,0.76,1.1075,23899.0,166575.541
301571.SZ,国科天成,20260915,71.0,71.67,69.35,69.45,70.97,-1.52,-2.1418,26291.13,184848.42068
301575.SZ,艾芬达,20260915,23.4,24.35,22.93,23.78,23.11,0.67,2.8992,99787.42,237996.4626
301577.SZ,美信科技,20260915,56.93,57.94,56.4,56.6,57.48,-0.88,-1.531,8755.68,49890.67988
301578.SZ,辰奕智能,20260915,23.83,23.83,22.6,22.7,23.25,-0.55,-2.3656,10441.38,23907.88412
301580.SZ,爱迪特,20260915,53.11,56.62,53.11,54.98,52.56,2.42,4.6043,71194.69,394745.85058
301581.SZ,黄山谷捷,20260915,34.62,34.84,34.2,34.26,34.68,-0.42,-1.2111,4884.0,16827.248
301583.SZ,托伦斯,20260915,111.55,119.44,111.55,115.85,112.77,3.08,2.7312,45089.54,524026.65668
301584.SZ,建发致新,20260915,19.65,19.77,19.5,19.54,19.71,-0.17,-0.8625,8694.56,17034.94683
301585.SZ,蓝宇股份,20260915,28.45,28.45,27.51,27.82,27.81,0.01,0.036,6547.8,18270.9978
301586.SZ,佳力奇,20260915,29.08,29.08,28.32,28.32,29.08,-0.76,-2.6135,8535.0,24396.929
301587.SZ,中瑞股份,20260915,20.43,20.84,20.32,20.48,20.45,0.03,0.1467,16321.33,33678.43056
301588.SZ,美新科技,20260915,27.4,27.62,27.14,27.29,27.43,-0.14,-0.5104,11238.0,30794.21
301589.SZ,诺瓦星云,20260915,147.02,148.78,145.7,147.33,147.01,0.32,0.2177,7709.78,113653.40288
301590.SZ,优优绿能,20260915,66.06,67.42,65.62,65.68,66.58,-0.9,-1.3518,5220.6,34682.8474
301591.SZ,肯特股份,20260915,43.23,47.88,43.23,45.2,43.54,1.66,3.8126,141733.91,651460.86446
301592.SZ,六九一二,20260915,105.98,106.36,102.55,103.0,106.1,-3.1,-2.9218,10454.16,109124.65822
301595.SZ,太力科技,20260915,42.2,42.21,40.58,40.58,42.56,-1.98,-4.6523,10111.12,41782.28704
301596.SZ,瑞迪智驱,20260915,45.58,46.22,45.03,45.1,45.73,-0.63,-1.3777,7496.84,34128.99984
301598.SZ,博科测试,20260915,49.28,49.77,48.52,48.69,49.28,-0.59,-1.1972,3355.13,16393.00206
301599.SZ,理奇智能,20260915,30.58,31.95,30.58,31.42,30.7,0.72,2.3453,39495.0,124437.56475
301600.SZ,慧翰股份,20260915,75.4,76.0,74.2,74.33,75.4,-1.07,-1.4191,5319.78,39894.98901
301601.SZ,惠通科技,20260915,15.03,15.03,14.53,14.54,14.99,-0.45,-3.002,17799.31,26131.06642
301602.SZ,超研股份,20260915,15.08,15.31,15.06,15.12,15.15,-0.03,-0.198,19366.97,29381.59181
301603.SZ,乔锋智能,20260915,117.17,121.65,116.28,119.31,117.25,2.06,1.7569,13714.32,163444.11077
301606.SZ,绿联科技,20260915,51.83,53.88,51.65,52.49,51.9,0.59,1.1368,36242.93,191454.11036
301607.SZ,富特科技,20260915,43.43,44.24,42.03,42.1,43.48,-1.38,-3.1739,71525.05,306985.88101
301608.SZ,博实结,20260915,41.31,45.77,41.16,45.3,41.46,3.84,9.2619,45798.63,203667.79478
301609.SZ,山大电力,20260915,32.3,33.11,31.66,31.68,32.27,-0.59,-1.8283,26954.73,87235.58524
301611.SZ,珂玛科技,20260915,85.08,91.5,85.08,90.25,85.99,4.26,4.9541,88862.6,795305.09585
301613.SZ,新铝时代,20260915,34.73,34.99,34.25,34.34,34.95,-0.61,-1.7454,6098.0,21076.446
301616.SZ,浙江华业,20260915,34.35,34.86,33.71,33.73,34.52,-0.79,-2.2885,5577.0,19037.131
301617.SZ,博苑新材,20260915,51.32,52.98,50.8,51.81,51.67,0.14,0.271,21538.0,112147.84392
301618.SZ,长联科技,20260915,30.2,30.58,29.86,29.89,30.13,-0.24,-0.7965,8109.32,24492.41228
301622.SZ,英思特,20260915,35.69,36.28,35.6,35.87,35.9,-0.03,-0.0836,10976.0,39499.31
301626.SZ,苏州天脉,20260915,286.25,298.44,285.6,297.6,289.14,8.46,2.9259,18237.95,533043.54906
301628.SZ,强达电路,20260915,129.11,131.92,121.5,122.1,131.4,-9.3,-7.0776,49003.34,616874.05864
301629.SZ,矽电股份,20260915,267.11,285.0,265.01,274.61,269.5,5.11,1.8961,10478.84,288231.38308
301630.SZ,同宇新材,20260915,180.81,202.32,180.81,197.57,183.61,13.96,7.6031,26353.46,516731.10321
301631.SZ,壹连科技,20260915,59.73,60.9,59.13,59.3,60.27,-0.97,-1.6094,16159.67,96767.38408
301632.SZ,广东建科,20260915,12.86,13.05,12.82,12.89,12.9,-0.01,-0.0775,21119.42,27274.8528
301633.SZ,港迪技术,20260915,52.26,53.41,51.2,51.2,52.79,-1.59,-3.0119,6979.0,36515.294
301636.SZ,泽润新能,20260915,37.32,38.09,36.92,37.08,37.76,-0.68,-1.8008,8021.0,29969.95
301638.SZ,南网数字,20260915,21.1,21.48,21.08,21.3,21.24,0.06,0.2825,39084.21,83452.72282
301655.SZ,绿控传动,20260915,21.62,22.27,21.53,21.64,21.84,-0.2,-0.9158,42112.63,91979.79749
301656.SZ,联合动力,20260915,14.12,14.34,14.05,14.15,14.16,-0.01,-0.0706,24160.0,34244.477
301658.SZ,首航新能,20260915,21.3,21.73,21.18,21.3,21.4,-0.1,-0.4673,21935.0,47098.39125
301662.SZ,宏工科技,20260915,59.19,70.42,59.0,67.5,58.68,8.82,15.0307,92361.36,611935.45717
301665.SZ,泰禾股份,20260915,22.47,22.85,22.2,22.56,22.46,0.1,0.4452,16256.98,36667.6728
301666.SZ,大普微,20260915,363.0,378.7,363.0,369.89,365.35,4.54,1.2426,19149.51,710729.20038
301667.SZ,纳百川,20260915,55.87,57.54,55.4,56.86,55.75,1.11,1.991,13276.74,75459.74107
301668.SZ,昊创瑞通,20260915,31.44,31.7,31.04,31.04,31.6,-0.56,-1.7722,7002.0,21903.736
301669.SZ,高特电子,20260915,25.02,25.82,24.95,25.18,25.2,-0.02,-0.0794,44392.09,112968.32251
301677.SZ,欣兴工具,20260915,49.18,49.48,48.6,48.6,49.2,-0.6,-1.2195,9697.47,47510.80023
301678.SZ,新恒汇,20260915,43.0,44.22,42.8,43.43,43.15,0.28,0.6489,13600.0,59315.303
301680.SZ,固德电材,20260915,96.5,104.58,96.14,101.67,97.11,4.56,4.6957,21053.45,214804.76388
301682.SZ,宏明电子,20260915,112.21,114.0,111.59,112.4,113.96,-1.56,-1.3689,20783.92,233882.85626
301683.SZ,慧谷新材,20260915,92.4,95.25,92.4,93.87,92.93,0.94,1.0115,4480.56,42249.65148
301687.SZ,新广益,20260915,49.1,52.33,48.72,51.27,49.07,2.2,4.4834,42432.95,216922.81279
301688.SZ,格林生物,20260915,36.18,37.17,35.73,35.79,36.34,-0.55,-1.5135,40254.26,145725.07628
301689.SZ,C电科思仪,20260915,48.05,51.94,47.91,48.33,49.0,-0.67,-1.3673,210694.74,1043769.01278
301696.SZ,三瑞智能,20260915,91.12,93.12,90.64,90.64,91.67,-1.03,-1.1236,12434.64,114179.60644
301697.SZ,贝特利,20260915,25.14,25.8,24.88,24.89,25.27,-0.38,-1.5038,63392.11,160167.97628
301699.SZ,C洛轴股份,20260915,26.2,27.88,25.6,26.53,26.42,0.11,0.4164,263026.9,702028.48738
301707.SZ,展芯股份,20260915,68.84,70.6,68.35,68.61,69.25,-0.64,-0.9242,28795.12,200308.84219
301717.SZ,超纯应材,20260915,330.33,362.5,330.33,346.16,332.5,13.66,4.1083,39654.04,1382563.9674
302132.SZ,中航成飞,20260915,60.44,61.28,59.57,59.78,60.49,-0.71,-1.1737,62104.67,374593.93648
600000.SH,浦发银行,20260915,9.39,9.42,9.16,9.18,9.4,-0.22,-2.3404,893561.79,823773.905
600004.SH,白云机场,20260915,7.73,7.78,7.68,7.72,7.76,-0.04,-0.5155,62768.0,48437.085
600006.SH,东风股份,20260915,5.36,5.53,5.23,5.25,5.36,-0.11,-2.0522,239994.52,128670.815
600007.SH,中国国贸,20260915,18.93,19.46,18.87,19.34,18.98,0.36,1.8967,29875.65,57273.18
600008.SH,首创环保,20260915,2.79,2.8,2.76,2.77,2.79,-0.02,-0.7168,697115.2,193479.715
600009.SH,上海机场,20260915,23.08,23.23,23.02,23.06,23.09,-0.03,-0.1299,48625.39,112377.828
600010.SH,包钢股份,20260915,2.11,2.13,2.1,2.11,2.12,-0.01,-0.4717,1862084.5,394280.478
600011.SH,华能国际,20260915,6.96,7.0,6.88,6.95,6.97,-0.02,-0.2869,495131.92,343178.123
600012.SH,皖通高速,20260915,16.11,16.35,16.01,16.35,16.08,0.27,1.6791,42669.29,69286.922
600015.SH,华夏银行,20260915,6.37,6.38,6.29,6.3,6.37,-0.07,-1.0989,763784.7,483120.327
600016.SH,XD民生银,20260915,3.6,3.63,3.57,3.59,3.59,0.0,0.0,2737161.68,984615.764
600017.SH,日照港,20260915,2.86,2.87,2.83,2.85,2.87,-0.02,-0.6969,293019.49,83531.536
600018.SH,上港集团,20260915,5.48,5.53,5.45,5.47,5.47,0.0,0.0,465488.7,255285.0
600019.SH,宝钢股份,20260915,5.85,5.91,5.82,5.88,5.84,0.04,0.6849,914603.94,537267.773
600020.SH,中原高速,20260915,3.86,3.87,3.81,3.85,3.86,-0.01,-0.2591,115096.79,44276.261
600021.SH,上海电力,20260915,14.05,14.19,13.6,13.62,14.18,-0.56,-3.9492,436732.21,601332.15
600022.SH,山东钢铁,20260915,1.32,1.33,1.31,1.32,1.32,0.0,0.0,816507.64,107804.832
600023.SH,浙能电力,20260915,5.03,5.12,5.02,5.08,5.04,0.04,0.7937,575947.07,292217.007
600025.SH,华能水电,20260915,9.89,9.97,9.77,9.78,9.89,-0.11,-1.1122,232228.0,228682.644
600026.SH,中远海能,20260915,21.32,21.65,20.58,21.05,20.9,0.15,0.7177,716195.06,1518019.297
600027.SH,华电国际,20260915,4.93,4.96,4.85,4.87,4.93,-0.06,-1.217,645251.63,314729.173
600028.SH,中国石化,20260915,5.39,5.39,5.26,5.29,5.37,-0.08,-1.4898,1926018.28,1020394.505
600029.SH,南方航空,20260915,4.9,4.9,4.87,4.87,4.9,-0.03,-0.6122,309254.24,151126.683
600030.SH,中信证券,20260915,26.61,26.66,26.28,26.35,26.61,-0.26,-0.9771,831423.55,2196175.723
600031.SH,三一重工,20260915,19.98,20.0,19.37,19.49,19.92,-0.43,-2.1586,359792.08,704392.907
600032.SH,浙江新能,20260915,7.23,7.42,7.01,7.23,7.24,-0.01,-0.1381,451686.02,325677.788
600033.SH,福建高速,20260915,3.67,3.7,3.63,3.66,3.67,-0.01,-0.2725,260004.27,95455.005
600035.SH,楚天高速,20260915,3.68,3.68,3.63,3.65,3.67,-0.02,-0.545,126434.8,46207.612
600036.SH,招商银行,20260915,41.78,41.78,41.01,41.1,41.83,-0.73,-1.7452,567793.51,2340692.538
600037.SH,歌华有线,20260915,6.95,7.04,6.92,6.93,6.94,-0.01,-0.1441,124289.3,86737.757
600038.SH,中直股份,20260915,27.3,27.44,26.88,27.02,27.34,-0.32,-1.1704,39695.21,107737.6
600039.SH,四川路桥,20260915,9.1,9.16,8.94,8.96,9.14,-0.18,-1.9694,134698.0,121592.138
600048.SH,保利发展,20260915,5.07,5.09,5.01,5.02,5.08,-0.06,-1.1811,845665.01,425970.094
600050.SH,中国联通,20260915,4.22,4.23,4.18,4.18,4.22,-0.04,-0.9479,931627.57,391296.673
600051.SH,宁波联合,20260915,6.21,6.21,5.99,5.99,6.19,-0.2,-3.231,50868.0,30866.74
600052.SH,东望时代,20260915,3.8,3.84,3.69,3.69,3.83,-0.14,-3.6554,114235.0,42844.211
600053.SH,*ST九鼎,20260915,7.41,7.48,7.25,7.36,7.41,-0.05,-0.6748,8540.0,6279.11
600054.SH,黄山旅游,20260915,11.01,11.02,10.67,10.67,11.08,-0.41,-3.7004,130143.0,140056.55
600055.SH,万东医疗,20260915,10.23,10.27,10.09,10.13,10.22,-0.09,-0.8806,31951.0,32374.032
600056.SH,中国医药,20260915,8.97,8.98,8.85,8.88,8.97,-0.09,-1.0033,62092.02,55244.812
600057.SH,厦门象屿,20260915,6.11,6.15,6.03,6.04,6.13,-0.09,-1.4682,110430.6,67147.589
600058.SH,五矿发展,20260915,9.14,9.18,8.96,8.97,9.12,-0.15,-1.6447,61323.0,55569.11
600059.SH,古越龙山,20260915,8.76,9.13,8.65,8.88,8.54,0.34,3.9813,454196.78,405136.542
600060.SH,海信视像,20260915,28.07,28.31,27.9,28.31,28.13,0.18,0.6399,58819.14,165463.538
600061.SH,国投资本,20260915,6.3,6.3,6.2,6.22,6.3,-0.08,-1.2698,249538.33,155716.266
600062.SH,华润双鹤,20260915,16.02,16.09,15.9,15.98,16.05,-0.07,-0.4361,37101.0,59314.593
600063.SH,皖维高新,20260915,5.58,5.61,5.5,5.52,5.59,-0.07,-1.2522,202850.91,112622.099
600064.SH,南京高科,20260915,7.67,7.79,7.62,7.69,7.7,-0.01,-0.1299,147465.0,113903.132
600066.SH,宇通客车,20260915,27.06,27.4,26.86,27.02,27.01,0.01,0.037,152695.71,415279.133
600067.SH,冠城新材,20260915,2.79,2.8,2.69,2.7,2.79,-0.09,-3.2258,177239.0,48447.331
600071.SH,凤凰光学,20260915,16.52,16.6,16.15,16.16,16.53,-0.37,-2.2384,21541.0,35184.827
600072.SH,中船科技,20260915,8.82,9.02,8.71,8.9,8.87,0.03,0.3382,208514.88,185314.648
600073.SH,光明肉业,20260915,5.6,5.62,5.48,5.5,5.58,-0.08,-1.4337,81997.94,45352.33
600075.SH,新疆天业,20260915,4.76,4.77,4.57,4.58,4.74,-0.16,-3.3755,207586.0,96360.29
600076.SH,康欣新材,20260915,2.29,2.3,2.16,2.17,2.29,-0.12,-5.2402,544947.82,120256.244
600078.SH,澄星股份,20260915,10.23,10.31,10.13,10.13,10.23,-0.1,-0.9775,90119.0,91893.254
600079.SH,ST人福,20260915,18.53,18.68,18.4,18.5,18.54,-0.04,-0.2157,62925.0,116548.887
600080.SH,ST金花,20260915,4.84,4.86,4.69,4.69,4.83,-0.14,-2.8986,24357.0,11558.167
600081.SH,东风科技,20260915,10.39,10.6,10.2,10.25,10.44,-0.19,-1.8199,30583.94,31794.628
600082.SH,ST海泰,20260915,3.2,3.31,3.12,3.12,3.23,-0.11,-3.4056,193039.0,61855.895
600084.SH,*ST尼雅,20260915,4.35,4.36,4.27,4.27,4.36,-0.09,-2.0642,21687.0,9320.868
600085.SH,同仁堂,20260915,23.52,23.62,23.31,23.32,23.57,-0.25,-1.0607,26258.0,61480.571
600088.SH,中视传媒,20260915,16.2,16.21,14.41,14.44,14.74,-0.3,-2.0353,580216.4,914414.814
600089.SH,特变电工,20260915,18.43,18.44,18.1,18.11,18.47,-0.36,-1.9491,504366.33,919062.191
600094.SH,大名城,20260915,3.94,4.08,3.94,4.02,3.96,0.06,1.5152,233746.9,94322.174
600095.SH,湘财股份,20260915,8.45,8.5,8.34,8.36,8.47,-0.11,-1.2987,285677.75,239495.946
600096.SH,云天化,20260915,28.99,29.19,28.67,28.71,29.01,-0.3,-1.0341,187531.93,542050.809
600097.SH,开创国际,20260915,9.25,9.32,8.98,9.03,9.34,-0.31,-3.3191,48055.99,43873.166
600098.SH,广州发展,20260915,6.29,6.37,6.24,6.35,6.32,0.03,0.4747,221315.21,139955.083
600099.SH,林海股份,20260915,9.32,9.32,8.78,8.82,9.2,-0.38,-4.1304,29213.0,26126.934
600100.SH,同方股份,20260915,6.84,6.91,6.76,6.78,6.83,-0.05,-0.7321,181199.01,123390.781
600101.SH,明星电力,20260915,8.1,8.33,7.97,8.03,8.16,-0.13,-1.5931,220732.52,178365.434
600103.SH,青山纸业,20260915,3.56,3.57,3.33,3.35,3.61,-0.26,-7.2022,2567657.79,873189.303
600104.SH,上汽集团,20260915,11.6,11.73,11.3,11.33,11.63,-0.3,-2.5795,922110.66,1058767.327
600105.SH,永鼎股份,20260915,40.0,42.0,39.71,41.11,41.18,-0.07,-0.17,1126705.79,4622428.833
600106.SH,重庆路桥,20260915,4.46,4.48,4.3,4.35,4.47,-0.12,-2.6846,107813.99,47353.707
600107.SH,*ST尔雅,20260915,5.9,5.92,5.6,5.73,5.87,-0.14,-2.385,12531.0,7204.277
600108.SH,亚盛集团,20260915,4.19,4.25,3.9,3.93,4.26,-0.33,-7.7465,4124481.6,1661176.586
600109.SH,国金证券,20260915,8.28,8.33,8.25,8.26,8.29,-0.03,-0.3619,156215.0,129546.058
600110.SH,诺德股份,20260915,10.91,12.13,10.9,12.13,11.03,1.1,9.9728,1941724.63,2312286.153
600111.SH,北方稀土,20260915,37.1,37.71,37.03,37.33,37.12,0.21,0.5657,273317.95,1021217.045
600113.SH,浙江东日,20260915,30.25,30.49,29.8,30.0,30.38,-0.38,-1.2508,40665.29,121970.262
600114.SH,东睦股份,20260915,27.16,27.54,26.62,26.72,27.27,-0.55,-2.0169,99282.69,267880.79
600115.SH,中国东航,20260915,3.37,3.39,3.35,3.36,3.37,-0.01,-0.2967,1061423.5,357652.394
600116.SH,三峡水利,20260915,6.29,6.33,6.18,6.25,6.3,-0.05,-0.7937,141810.36,88684.754
600117.SH,西宁特钢,20260915,2.24,2.24,2.18,2.19,2.24,-0.05,-2.2321,157690.23,34780.44
600118.SH,中国卫星,20260915,57.28,57.99,56.85,57.39,57.29,0.1,0.1746,126530.36,727160.829
600119.SH,*ST长投,20260915,5.04,5.04,4.94,4.97,5.04,-0.07,-1.3889,25573.0,12731.908
600120.SH,浙江东方,20260915,4.75,4.76,4.67,4.67,4.75,-0.08,-1.6842,234362.43,110043.637
600121.SH,郑州煤电,20260915,5.06,5.28,4.8,4.8,4.97,-0.17,-3.4205,1738442.37,869138.132
600123.SH,兰花科创,20260915,7.0,7.1,6.98,7.04,7.0,0.04,0.5714,170158.5,119863.868
600125.SH,铁龙物流,20260915,5.39,5.39,5.3,5.32,5.39,-0.07,-1.2987,88919.0,47450.817
600126.SH,杭钢股份,20260915,6.17,6.23,6.14,6.15,6.19,-0.04,-0.6462,219496.78,135582.555
600127.SH,金健米业,20260915,14.12,14.15,12.75,12.75,14.17,-1.42,-10.0212,1555792.36,2077788.003
600128.SH,苏豪弘业,20260915,8.47,8.47,8.11,8.12,8.45,-0.33,-3.9053,30755.0,25264.462
600129.SH,太极集团,20260915,13.6,13.64,13.4,13.41,13.6,-0.19,-1.3971,48432.71,65300.738
600130.SH,波导股份,20260915,4.4,4.42,4.23,4.25,4.43,-0.18,-4.0632,182892.01,78856.677
600131.SH,国网信通,20260915,14.43,14.59,14.3,14.39,14.43,-0.04,-0.2772,48122.5,69266.373
600132.SH,重庆啤酒,20260915,38.6,38.8,38.41,38.65,38.58,0.07,0.1814,17796.19,68706.602
600133.SH,东湖高新,20260915,7.94,7.96,7.79,7.83,7.96,-0.13,-1.6332,86827.98,68094.138
600135.SH,乐凯胶片,20260915,7.53,7.58,7.32,7.35,7.54,-0.19,-2.5199,55425.12,41148.05
600136.SH,ST明诚,20260915,1.49,1.5,1.46,1.46,1.49,-0.03,-2.0134,94382.0,13933.836
600137.SH,浪莎股份,20260915,17.38,17.47,16.49,16.51,17.47,-0.96,-5.4951,17469.45,29338.352
600138.SH,中青旅,20260915,7.21,7.25,6.99,7.01,7.26,-0.25,-3.4435,121109.76,85685.062
600141.SH,兴发集团,20260915,29.11,29.38,28.91,29.0,29.33,-0.33,-1.1251,122003.52,355388.508
600143.SH,金发科技,20260915,13.14,13.18,12.92,12.96,13.15,-0.19,-1.4449,198716.53,259123.15
600148.SH,长春一东,20260915,16.09,16.17,15.3,15.39,16.09,-0.7,-4.3505,24503.51,38299.233
600149.SH,廊坊发展,20260915,5.05,5.05,4.83,4.87,5.05,-0.18,-3.5644,98033.0,48309.752
600150.SH,中国船舶,20260915,38.5,38.96,38.06,38.16,38.98,-0.82,-2.1036,1218124.83,4680545.291
600151.SH,航天机电,20260915,9.58,9.67,9.47,9.49,9.62,-0.13,-1.3514,142585.46,136258.725
600152.SH,维科技术,20260915,8.06,8.18,7.92,7.98,8.04,-0.06,-0.7463,119650.01,96317.363
600153.SH,建发股份,20260915,8.41,8.43,8.31,8.34,8.42,-0.08,-0.9501,106231.82,88680.609
600155.SH,华创云信,20260915,5.95,6.0,5.9,5.93,5.96,-0.03,-0.5034,131186.0,77808.265
600156.SH,华升股份,20260915,8.26,8.3,7.96,7.97,8.3,-0.33,-3.9759,83193.0,67438.927
600157.SH,永泰能源,20260915,1.53,1.54,1.52,1.52,1.53,-0.01,-0.6536,2864863.71,437926.03
600158.SH,中体产业,20260915,7.12,7.14,6.92,6.93,7.13,-0.2,-2.805,226652.51,158663.241
600159.SH,大龙地产,20260915,2.71,2.72,2.6,2.62,2.71,-0.09,-3.321,186696.0,49398.691
600160.SH,巨化股份,20260915,34.84,36.14,34.83,35.6,35.06,0.54,1.5402,200836.27,714312.289
600161.SH,天坛生物,20260915,12.31,12.33,12.14,12.18,12.32,-0.14,-1.1364,51649.0,62925.768
600162.SH,香江控股,20260915,4.7,4.7,4.49,4.49,4.72,-0.23,-4.8729,965318.25,439309.371
600163.SH,中闽能源,20260915,5.6,6.29,5.51,6.29,5.72,0.57,9.965,1949410.66,1179112.06
600165.SH,宁科生物,20260915,3.27,3.33,3.22,3.25,3.27,-0.02,-0.6116,133729.25,43772.051
600166.SH,福田汽车,20260915,2.87,2.93,2.83,2.84,2.88,-0.04,-1.3889,866001.8,248255.104
600167.SH,联美控股,20260915,5.74,5.79,5.63,5.65,5.75,-0.1,-1.7391,64447.0,36603.777
600168.SH,武汉控股,20260915,4.45,4.45,4.33,4.35,4.44,-0.09,-2.027,52990.46,23138.531
600169.SH,ST太重,20260915,2.15,2.18,2.12,2.13,2.15,-0.02,-0.9302,109352.0,23526.185
600170.SH,上海建工,20260915,2.23,2.24,2.21,2.21,2.23,-0.02,-0.8969,798577.57,177206.755
600171.SH,上海贝岭,20260915,21.97,22.18,21.9,22.02,22.08,-0.06,-0.2717,48225.95,106304.174
600172.SH,黄河旋风,20260915,16.58,16.88,16.2,16.36,16.53,-0.17,-1.0284,2525908.31,4158423.549
600173.SH,卧龙新能,20260915,5.95,5.96,5.78,5.79,5.98,-0.19,-3.1773,40313.0,23592.921
600176.SH,中国巨石,20260915,45.19,48.59,45.19,47.09,45.29,1.8,3.9744,3114226.84,14675019.664
600177.SH,雅戈尔,20260915,8.45,8.48,8.34,8.38,8.44,-0.06,-0.7109,227144.1,190854.738
600178.SH,东安动力,20260915,9.95,9.95,9.62,9.64,9.91,-0.27,-2.7245,48409.01,47318.227
600179.SH,安通控股,20260915,4.54,4.56,4.48,4.54,4.53,0.01,0.2208,234944.78,106234.685
600180.SH,*ST瑞茂,20260915,1.86,1.86,1.7,1.7,1.89,-0.19,-10.0529,511811.0,89636.67
600182.SH,S佳通,20260915,13.03,13.17,12.78,12.78,13.04,-0.26,-1.9939,21066.0,27234.77
600183.SH,生益科技,20260915,146.0,156.93,145.99,150.25,146.0,4.25,2.911,812455.6,12410853.991
600184.SH,光电股份,20260915,20.48,22.63,20.26,22.13,20.58,1.55,7.5316,740774.14,1567818.133
600185.SH,珠免集团,20260915,4.91,4.93,4.66,4.68,4.94,-0.26,-5.2632,442371.8,209457.912
600186.SH,莲花控股,20260915,13.09,13.17,12.66,12.66,13.18,-0.52,-3.9454,3224933.26,4150724.973
600187.SH,*ST国中,20260915,1.31,1.32,1.28,1.28,1.31,-0.03,-2.2901,207061.0,26763.133
600188.SH,兖矿能源,20260915,20.4,20.52,19.97,20.08,20.37,-0.29,-1.4237,429718.57,868089.689
600189.SH,泉阳泉,20260915,7.87,7.87,7.55,7.63,7.87,-0.24,-3.0496,110840.0,85011.871
600191.SH,华资实业,20260915,9.3,9.79,9.15,9.55,9.32,0.23,2.4678,101531.25,96535.831
600192.SH,长城电工,20260915,7.91,8.19,7.7,7.71,8.05,-0.34,-4.2236,285460.43,224106.628
600195.SH,中牧股份,20260915,6.82,6.85,6.71,6.71,6.85,-0.14,-2.0438,55243.2,37373.209
600196.SH,复星医药,20260915,21.95,22.06,21.78,21.81,21.95,-0.14,-0.6378,73174.52,159999.161
600197.SH,伊力特,20260915,9.4,9.41,9.28,9.29,9.4,-0.11,-1.1702,25994.7,24207.263
600198.SH,大唐电信,20260915,7.9,8.13,7.66,7.68,7.9,-0.22,-2.7848,273962.7,214421.709
600199.SH,金种子酒,20260915,7.06,7.09,6.9,6.9,7.03,-0.13,-1.8492,108975.0,75846.24
600201.SH,生物股份,20260915,11.84,11.9,11.66,11.69,11.84,-0.15,-1.2669,70641.85,83022.607
600202.SH,哈空调,20260915,5.04,5.04,4.75,4.8,5.04,-0.24,-4.7619,83422.86,40637.344
600203.SH,福日电子,20260915,10.03,10.17,9.9,9.9,10.04,-0.14,-1.3944,168187.02,168228.318
600206.SH,有研新材,20260915,46.6,47.94,46.34,46.94,47.25,-0.31,-0.6561,620504.13,2928681.986
600207.SH,安彩高科,20260915,5.04,5.08,4.8,4.83,5.1,-0.27,-5.2941,616744.51,302011.384
600208.SH,衢州发展,20260915,2.81,2.83,2.79,2.79,2.83,-0.04,-1.4134,386892.0,108321.777
600210.SH,紫江企业,20260915,6.27,6.33,6.24,6.3,6.27,0.03,0.4785,170811.63,107508.532
600211.SH,XD西藏药,20260915,36.15,36.45,36.07,36.11,36.48,-0.37,-1.0143,21280.19,77012.797
600212.SH,绿能慧充,20260915,6.15,6.17,5.95,5.96,6.16,-0.2,-3.2468,89196.0,53895.691
600215.SH,派斯林,20260915,6.24,6.31,6.05,6.06,6.28,-0.22,-3.5032,55516.0,33900.745
600216.SH,浙江医药,20260915,12.52,12.64,12.45,12.49,12.55,-0.06,-0.4781,78244.32,97901.784
600217.SH,中再资环,20260915,3.3,3.31,3.22,3.23,3.3,-0.07,-2.1212,111642.91,36388.921
600218.SH,全柴动力,20260915,7.57,7.59,7.37,7.38,7.59,-0.21,-2.7668,39534.0,29432.211
600219.SH,南山铝业,20260915,4.79,4.81,4.68,4.72,4.81,-0.09,-1.8711,1401670.94,663157.453
600221.SH,海航控股,20260915,1.27,1.28,1.26,1.26,1.27,-0.01,-0.7874,1865862.19,236325.007
600222.SH,太龙药业,20260915,7.49,8.05,7.48,7.62,7.55,0.07,0.9272,243061.03,189152.349
600223.SH,福瑞达,20260915,5.6,5.63,5.46,5.47,5.58,-0.11,-1.9713,65251.56,35878.424
600226.SH,亨通股份,20260915,5.89,6.0,5.85,5.92,5.91,0.01,0.1692,759499.31,450896.302
600227.SH,赤天化,20260915,4.2,4.23,3.94,3.95,4.12,-0.17,-4.1262,1766220.06,711039.44
600228.SH,返利科技,20260915,10.76,11.27,10.55,11.11,10.46,0.65,6.2141,482706.05,526563.968
600229.SH,城市传媒,20260915,5.53,5.7,5.4,5.41,5.58,-0.17,-3.0466,124888.38,68936.336
600230.SH,沧州大化,20260915,13.74,13.91,13.33,13.35,13.84,-0.49,-3.5405,97733.48,132455.975
600231.SH,凌钢股份,20260915,1.74,1.74,1.68,1.69,1.74,-0.05,-2.8736,142082.0,24248.687
600232.SH,金鹰股份,20260915,6.48,6.53,6.28,6.3,6.5,-0.2,-3.0769,43495.0,27744.126
600233.SH,圆通速递,20260915,17.26,17.45,17.1,17.17,17.24,-0.07,-0.406,147037.26,253245.741
600234.SH,科新发展,20260915,20.81,21.16,20.6,20.64,21.1,-0.46,-2.1801,18654.0,38846.791
600235.SH,民丰特纸,20260915,5.74,5.76,5.52,5.54,5.78,-0.24,-4.1522,59151.0,33223.128
600236.SH,桂冠电力,20260915,9.9,10.0,9.68,9.76,9.93,-0.17,-1.712,140494.73,137723.493
600237.SH,铜峰电子,20260915,9.66,9.82,9.56,9.61,9.84,-0.23,-2.3374,840859.5,810559.612
600238.SH,ST椰岛,20260915,4.51,4.51,4.4,4.41,4.49,-0.08,-1.7817,23931.5,10598.981
600239.SH,ST云城,20260915,1.44,1.44,1.39,1.4,1.44,-0.04,-2.7778,183880.95,26102.882
600241.SH,时代万恒,20260915,7.3,7.3,7.04,7.07,7.34,-0.27,-3.6785,35658.03,25453.102
600243.SH,*ST海华,20260915,3.53,3.56,3.4,3.4,3.55,-0.15,-4.2254,44393.0,15428.549
600246.SH,万通发展,20260915,12.05,12.97,12.0,12.66,12.2,0.46,3.7705,985429.04,1241680.097
600248.SH,陕建股份,20260915,2.88,2.89,2.83,2.84,2.88,-0.04,-1.3889,117650.99,33494.493
600249.SH,两面针,20260915,5.43,5.43,5.15,5.18,5.43,-0.25,-4.6041,142558.02,74799.985
600250.SH,南京商旅,20260915,9.17,9.22,8.67,8.7,9.22,-0.52,-5.6399,175174.0,155395.434
600251.SH,冠农股份,20260915,10.31,10.38,9.99,10.03,10.42,-0.39,-3.7428,210260.81,212965.114
600252.SH,中恒集团,20260915,2.25,2.27,2.18,2.18,2.25,-0.07,-3.1111,469426.0,103223.975
600255.SH,鑫科材料,20260915,3.75,3.79,3.68,3.69,3.84,-0.15,-3.9063,1344162.62,501115.998
600256.SH,广汇能源,20260915,6.93,7.02,6.8,6.85,6.89,-0.04,-0.5806,928154.67,639057.941
600257.SH,大湖股份,20260915,5.62,5.65,5.35,5.38,5.61,-0.23,-4.0998,153202.98,83394.365
600258.SH,首旅酒店,20260915,11.58,11.58,11.34,11.38,11.6,-0.22,-1.8966,125459.0,143197.964
600259.SH,中稀有色,20260915,75.86,80.52,75.86,79.1,75.75,3.35,4.4224,93979.25,736182.58
600261.SH,阳光照明,20260915,3.24,3.24,3.15,3.15,3.23,-0.08,-2.4768,114885.62,36582.203
600262.SH,北方股份,20260915,15.16,15.2,14.85,14.88,15.24,-0.36,-2.3622,41921.27,62940.735
600265.SH,*ST景谷,20260915,22.08,22.19,21.72,21.96,22.13,-0.17,-0.7682,3503.0,7705.195
600266.SH,城建发展,20260915,4.12,4.13,4.05,4.06,4.12,-0.06,-1.4563,155303.44,63225.418
600267.SH,海正药业,20260915,11.35,11.48,11.27,11.3,11.41,-0.11,-0.9641,100896.54,114393.938
600268.SH,国电南自,20260915,10.37,10.48,10.32,10.33,10.42,-0.09,-0.8637,94314.82,97869.522
600269.SH,赣粤高速,20260915,3.84,3.88,3.81,3.85,3.84,0.01,0.2604,179018.22,68792.333
600271.SH,航天信息,20260915,6.79,6.83,6.68,6.68,6.78,-0.1,-1.4749,92686.02,62444.206
600272.SH,开开实业,20260915,15.51,15.51,14.96,15.0,15.47,-0.47,-3.0381,139400.0,210737.301
600273.SH,嘉化能源,20260915,6.62,6.67,6.54,6.55,6.64,-0.09,-1.3554,75565.09,49769.649
600276.SH,恒瑞医药,20260915,43.16,43.49,42.99,43.13,43.15,-0.02,-0.0463,375734.55,1625245.775
600278.SH,东方创业,20260915,6.56,6.56,6.28,6.28,6.52,-0.24,-3.681,60608.0,38705.772
600279.SH,重庆港,20260915,4.4,4.42,4.34,4.35,4.42,-0.07,-1.5837,87334.0,38162.911
600280.SH,中央商场,20260915,3.22,3.24,2.93,2.93,3.25,-0.32,-9.8462,1077709.0,324530.278
600281.SH,华阳新材,20260915,4.77,4.79,4.56,4.56,4.74,-0.18,-3.7975,92240.56,42777.724
600282.SH,南钢股份,20260915,4.79,4.83,4.75,4.81,4.79,0.02,0.4175,239882.8,115076.162
600283.SH,钱江水利,20260915,8.2,8.24,8.07,8.1,8.25,-0.15,-1.8182,46281.2,37573.984
600284.SH,浦东建设,20260915,5.11,5.11,5.02,5.02,5.11,-0.09,-1.7613,68153.4,34462.016
600285.SH,羚锐制药,20260915,19.15,19.28,19.09,19.27,19.16,0.11,0.5741,39145.72,75131.031
600287.SH,苏豪时尚,20260915,4.97,4.98,4.73,4.77,4.98,-0.21,-4.2169,40749.0,19695.446
600288.SH,大恒科技,20260915,10.8,10.82,10.56,10.57,10.76,-0.19,-1.7658,101547.0,108216.045
600289.SH,ST信通,20260915,4.06,4.15,4.04,4.08,4.03,0.05,1.2407,10435.0,4260.08
600292.SH,电投水电,20260915,11.9,12.0,11.8,11.83,11.93,-0.1,-0.8382,70405.01,83710.235
600293.SH,三峡新材,20260915,3.14,3.2,3.02,3.04,3.18,-0.14,-4.4025,533186.97,164789.755
600295.SH,鄂尔多斯,20260915,13.59,13.65,13.44,13.55,13.48,0.07,0.5193,48392.94,65620.694
600298.SH,安琪酵母,20260915,40.65,41.02,40.36,40.73,40.7,0.03,0.0737,29132.5,118613.663
600299.SH,安迪苏,20260915,8.52,8.54,8.26,8.3,8.54,-0.24,-2.8103,333225.27,278795.0
600300.SH,维维股份,20260915,3.22,3.22,3.12,3.13,3.23,-0.1,-3.096,324253.0,102405.056
600302.SH,ST标准,20260915,6.82,7.27,6.75,7.18,6.82,0.36,5.2786,63078.0,44487.883
600303.SH,曙光股份,20260915,3.08,3.09,2.86,2.88,3.05,-0.17,-5.5738,315406.0,92871.761
600305.SH,恒顺醋业,20260915,6.74,6.75,6.62,6.64,6.72,-0.08,-1.1905,49359.56,32856.102
600307.SH,酒钢宏兴,20260915,1.5,1.51,1.46,1.48,1.5,-0.02,-1.3333,440170.0,65256.153
600308.SH,华泰股份,20260915,3.26,3.26,3.18,3.19,3.26,-0.07,-2.1472,76449.0,24550.554
600309.SH,万华化学,20260915,73.15,74.1,72.88,72.99,73.51,-0.52,-0.7074,185045.29,1358266.689
600310.SH,广西能源,20260915,4.83,4.98,4.69,4.72,4.85,-0.13,-2.6804,1088444.36,518920.066
600312.SH,平高电气,20260915,19.17,19.4,19.02,19.25,19.18,0.07,0.365,96904.31,186119.058
600313.SH,农发种业,20260915,6.85,6.92,6.6,6.61,6.92,-0.31,-4.4798,866251.57,581255.764
600315.SH,上海家化,20260915,17.88,17.97,17.62,17.63,17.85,-0.22,-1.2325,39083.0,69291.223
600316.SH,洪都航空,20260915,32.5,33.33,32.39,32.47,32.68,-0.21,-0.6426,87232.33,286041.923
600318.SH,新力金融,20260915,6.48,6.52,6.28,6.29,6.6,-0.31,-4.697,445749.58,283884.677
600319.SH,亚星化学,20260915,6.44,6.45,6.07,6.1,6.44,-0.34,-5.2795,49678.01,30836.12
600320.SH,振华重工,20260915,4.2,4.21,4.16,4.17,4.21,-0.04,-0.9501,270480.0,113066.543
600322.SH,津投城开,20260915,2.66,2.67,2.59,2.59,2.68,-0.09,-3.3582,228929.0,60025.165
600323.SH,瀚蓝环境,20260915,29.06,29.35,28.82,29.06,29.06,0.0,0.0,45449.0,131690.493
600325.SH,华发股份,20260915,2.42,2.43,2.37,2.37,2.42,-0.05,-2.0661,353952.15,84636.017
600326.SH,西藏天路,20260915,6.89,6.92,6.72,6.72,6.9,-0.18,-2.6087,202864.31,138232.792
600327.SH,大东方,20260915,4.04,4.05,3.83,3.86,4.03,-0.17,-4.2184,195562.84,76568.713
600328.SH,中盐化工,20260915,5.96,5.97,5.78,5.8,5.96,-0.16,-2.6846,181108.3,106296.137
600329.SH,达仁堂,20260915,34.56,34.6,34.0,34.08,34.63,-0.55,-1.5882,17315.08,59170.541
600330.SH,天通股份,20260915,30.0,30.6,29.0,29.03,30.23,-1.2,-3.9696,1237194.01,3647322.715
600331.SH,宏达股份,20260915,11.56,11.68,11.05,11.11,11.69,-0.58,-4.9615,545384.89,617137.159
600332.SH,白云山,20260915,19.78,19.8,19.53,19.6,19.78,-0.18,-0.91,57057.0,111983.588
600333.SH,长春燃气,20260915,6.85,6.85,6.43,6.48,6.82,-0.34,-4.9853,198875.0,131284.867
600335.SH,国机汽车,20260915,5.24,5.26,5.07,5.09,5.22,-0.13,-2.4904,122271.0,62802.401
600336.SH,澳柯玛,20260915,6.46,6.53,6.25,6.28,6.53,-0.25,-3.8285,91847.08,58728.095
600337.SH,ST美克,20260915,3.14,3.2,3.1,3.1,3.13,-0.03,-0.9585,103197.0,32379.244
600338.SH,西藏珠峰,20260915,12.75,12.86,12.5,12.52,12.83,-0.31,-2.4162,173638.91,219380.41
600339.SH,中油工程,20260915,3.34,3.35,3.28,3.29,3.34,-0.05,-1.497,443648.86,146448.136
600340.SH,*ST华幸,20260915,1.07,1.08,1.06,1.06,1.07,-0.01,-0.9346,204639.02,21841.43
600343.SH,航天动力,20260915,19.6,20.36,19.1,19.96,19.68,0.28,1.4228,374801.12,745709.894
600345.SH,长江通信,20260915,52.86,53.86,52.07,53.1,53.69,-0.59,-1.0989,88256.04,468562.041
600346.SH,恒力石化,20260915,16.88,16.88,16.52,16.67,16.85,-0.18,-1.0682,244744.73,408017.612
600348.SH,华阳股份,20260915,8.98,9.17,8.97,9.16,8.98,0.18,2.0045,263515.4,238900.339
600350.SH,山东高速,20260915,10.38,10.51,10.3,10.36,10.38,-0.02,-0.1927,116921.07,121536.985
600351.SH,亚宝药业,20260915,6.71,6.76,6.6,6.62,6.76,-0.14,-2.071,173598.22,115513.114
600352.SH,浙江龙盛,20260915,11.71,11.93,11.54,11.81,11.81,0.0,0.0,332935.53,392403.892
600353.SH,旭光电子,20260915,33.46,33.88,32.2,32.75,33.2,-0.45,-1.3554,484469.04,1590649.071
600354.SH,敦煌种业,20260915,9.18,9.42,8.88,8.88,9.87,-0.99,-10.0304,936152.16,843773.325
600356.SH,恒丰纸业,20260915,9.69,9.69,9.15,9.15,9.7,-0.55,-5.6701,87577.0,82165.009
600358.SH,国旅联合,20260915,5.13,5.13,4.97,4.97,5.1,-0.13,-2.549,42053.0,21054.581
600359.SH,新农开发,20260915,7.88,7.99,7.88,7.88,8.75,-0.87,-9.9429,286009.0,225434.97
600360.SH,华微电子,20260915,10.09,10.98,10.09,10.81,10.2,0.61,5.9804,1174723.29,1242947.329
600361.SH,创新新材,20260915,3.57,3.57,3.48,3.49,3.57,-0.08,-2.2409,328189.6,115482.951
600362.SH,江西铜业,20260915,43.84,44.3,42.83,42.97,44.43,-1.46,-3.2861,541869.19,2348976.728
600363.SH,联创光电,20260915,15.21,15.26,14.94,14.94,15.19,-0.25,-1.6458,134692.2,202855.82
600365.SH,ST通葡,20260915,2.74,2.76,2.7,2.7,2.73,-0.03,-1.0989,13099.0,3570.045
600366.SH,宁波韵升,20260915,11.06,11.15,11.02,11.07,11.08,-0.01,-0.0903,137209.0,152102.734
600367.SH,红星发展,20260915,35.0,35.89,34.81,35.44,35.3,0.14,0.3966,250788.38,889228.743
600368.SH,五洲交通,20260915,4.31,4.32,4.25,4.25,4.33,-0.08,-1.8476,248491.58,106243.28
600369.SH,西南证券,20260915,3.98,4.01,3.95,3.97,3.99,-0.02,-0.5013,217141.0,86131.022
600370.SH,*ST三房,20260915,1.52,1.57,1.5,1.5,1.49,0.01,0.6711,218044.0,33343.837
600371.SH,万向德农,20260915,14.21,15.21,12.8,12.93,14.21,-1.28,-9.0077,662391.44,923742.015
600372.SH,中航机载,20260915,11.68,11.74,11.54,11.57,11.68,-0.11,-0.9418,181097.98,210453.357
600373.SH,中文传媒,20260915,7.44,7.48,7.32,7.33,7.41,-0.08,-1.0796,77430.67,57230.326
600375.SH,汉马科技,20260915,3.88,3.95,3.72,3.73,3.88,-0.15,-3.866,349160.28,133352.859
600376.SH,首开股份,20260915,3.16,3.17,3.07,3.07,3.17,-0.1,-3.1546,408184.05,126945.048
600377.SH,宁沪高速,20260915,12.73,12.91,12.67,12.82,12.78,0.04,0.313,110938.0,142077.886
600378.SH,昊华科技,20260915,45.11,48.16,45.11,46.93,45.56,1.37,3.007,537082.09,2527709.843
600379.SH,宝光股份,20260915,13.93,14.11,13.5,13.56,14.02,-0.46,-3.281,118860.2,163437.883
600380.SH,健康元,20260915,9.32,9.36,9.22,9.23,9.33,-0.1,-1.0718,90140.08,83535.757
600381.SH,*ST春天,20260915,3.9,3.9,3.78,3.8,3.92,-0.12,-3.0612,40907.0,15628.422
600382.SH,广东明珠,20260915,6.23,6.3,6.16,6.22,6.23,-0.01,-0.1605,92047.0,57323.092
600383.SH,金地集团,20260915,2.19,2.2,2.15,2.15,2.2,-0.05,-2.2727,578159.63,125108.098
600386.SH,北巴传媒,20260915,3.56,3.6,3.43,3.45,3.57,-0.12,-3.3613,82036.0,28631.058
600388.SH,紫金龙净,20260915,17.89,17.98,17.62,17.71,17.9,-0.19,-1.0615,51255.13,91172.154
600389.SH,江山股份,20260915,18.94,18.99,18.25,18.33,19.07,-0.74,-3.8804,119677.96,221230.392
600390.SH,五矿资本,20260915,4.87,4.88,4.8,4.81,4.88,-0.07,-1.4344,223266.0,107692.57
600391.SH,航发科技,20260915,41.86,42.88,40.9,41.1,41.6,-0.5,-1.2019,195172.99,812316.236
600392.SH,盛和资源,20260915,21.06,21.52,21.02,21.29,21.06,0.23,1.0921,325011.34,693686.404
600395.SH,盘江股份,20260915,5.33,5.35,5.19,5.2,5.26,-0.06,-1.1407,231333.77,121334.791
600396.SH,华电辽能,20260915,14.14,14.44,13.38,13.38,14.4,-1.02,-7.0833,1752701.56,2404334.07
600397.SH,江钨装备,20260915,16.95,17.67,16.92,16.97,16.47,0.5,3.0358,774681.74,1335007.216
600398.SH,海澜之家,20260915,5.97,6.0,5.89,5.92,5.98,-0.06,-1.0033,290248.0,172450.953
600399.SH,抚顺特钢,20260915,4.6,4.62,4.49,4.5,4.57,-0.07,-1.5317,253567.0,114990.498
600400.SH,红豆股份,20260915,3.1,3.21,3.08,3.1,3.1,0.0,0.0,569230.0,177939.208
600403.SH,大有能源,20260915,7.03,7.28,6.66,6.69,6.93,-0.24,-3.4632,1452019.67,1012661.456
600405.SH,动力源,20260915,5.08,5.08,4.86,4.87,5.06,-0.19,-3.7549,100109.94,49294.364
600406.SH,国电南瑞,20260915,22.21,22.21,21.92,21.99,22.21,-0.22,-0.9905,311985.0,687153.458
600408.SH,安泰集团,20260915,3.11,3.16,3.04,3.05,3.11,-0.06,-1.9293,402823.0,124812.266
600409.SH,三友化工,20260915,6.43,6.48,6.33,6.35,6.43,-0.08,-1.2442,181143.96,115438.512
600410.SH,华胜天成,20260915,15.88,16.14,15.56,15.69,15.63,0.06,0.3839,1653874.59,2619747.088
600415.SH,小商品城,20260915,12.2,12.25,11.51,11.59,12.24,-0.65,-5.3105,600613.04,709597.836
600416.SH,湘电股份,20260915,8.62,8.65,8.48,8.48,8.63,-0.15,-1.7381,93869.33,80214.729
600418.SH,江淮汽车,20260915,19.35,19.9,18.98,19.26,19.25,0.01,0.0519,763645.56,1478287.221
600419.SH,天润乳业,20260915,8.69,8.78,8.45,8.46,8.77,-0.31,-3.5348,57385.4,48925.133
600420.SH,国药现代,20260915,8.31,8.35,8.22,8.25,8.32,-0.07,-0.8413,35931.16,29664.903
600422.SH,昆药集团,20260915,8.27,8.31,8.15,8.17,8.28,-0.11,-1.3285,36563.0,29959.303
600423.SH,*ST柳化,20260915,2.77,2.77,2.69,2.69,2.77,-0.08,-2.8881,33314.0,9075.304
600425.SH,青松建化,20260915,3.67,3.69,3.6,3.6,3.68,-0.08,-2.1739,125353.07,45430.685
600426.SH,华鲁恒升,20260915,19.74,20.33,19.63,19.86,19.73,0.13,0.6589,279555.56,559983.489
600428.SH,中远海特,20260915,11.28,11.33,11.04,11.09,11.34,-0.25,-2.2046,288493.0,321586.356
600429.SH,三元股份,20260915,4.61,4.61,4.44,4.46,4.62,-0.16,-3.4632,127354.0,57211.243
600433.SH,冠豪高新,20260915,3.3,3.3,3.22,3.23,3.31,-0.08,-2.4169,205734.04,67009.555
600435.SH,北方导航,20260915,11.41,11.42,11.21,11.23,11.4,-0.17,-1.4912,170338.75,192271.716
600436.SH,片仔癀,20260915,118.0,119.06,117.0,117.31,118.7,-1.39,-1.171,14236.09,167961.444
600438.SH,通威股份,20260915,11.24,11.37,11.12,11.15,11.27,-0.12,-1.0648,216301.0,242990.073
600439.SH,ST瑞贝卡,20260915,1.88,1.88,1.83,1.84,1.89,-0.05,-2.6455,134997.08,25017.863
600444.SH,国机通用,20260915,13.88,13.97,13.46,13.52,13.93,-0.41,-2.9433,20453.0,27950.479
600446.SH,金证股份,20260915,10.53,10.6,10.35,10.36,10.5,-0.14,-1.3333,82472.0,86128.197
600448.SH,华纺股份,20260915,3.0,3.01,2.83,2.85,2.99,-0.14,-4.6823,166132.79,48076.427
600449.SH,宁夏建材,20260915,12.76,12.9,12.23,12.24,12.71,-0.47,-3.6979,85296.99,106353.101
600452.SH,涪陵电力,20260915,9.12,9.23,9.03,9.05,9.15,-0.1,-1.0929,267480.34,243745.395
600455.SH,博通股份,20260915,23.58,23.7,22.5,22.5,23.63,-1.13,-4.7821,19809.0,45383.34
600456.SH,宝钛股份,20260915,25.86,25.96,25.5,25.53,25.86,-0.33,-1.2761,32244.0,82773.233
600458.SH,时代新材,20260915,11.56,11.75,11.46,11.62,11.56,0.06,0.519,115145.28,133799.734
600459.SH,贵研铂业,20260915,19.06,19.37,19.0,19.02,19.09,-0.07,-0.3667,91798.93,175938.642
600460.SH,士兰微,20260915,29.51,30.46,29.51,30.04,29.85,0.19,0.6365,461589.18,1388777.075
600461.SH,洪城环境,20260915,9.11,9.18,9.05,9.09,9.14,-0.05,-0.547,91115.18,82937.191
600463.SH,空港股份,20260915,8.1,8.16,7.72,7.77,8.08,-0.31,-3.8366,31131.0,24568.817
600467.SH,好当家,20260915,2.46,2.47,2.34,2.35,2.47,-0.12,-4.8583,447479.94,107136.716
600468.SH,百利电气,20260915,6.54,6.64,6.37,6.37,6.61,-0.24,-3.6309,346899.98,224552.284
600469.SH,风神股份,20260915,5.06,5.07,4.92,4.93,5.07,-0.14,-2.7613,113590.71,56570.431
600470.SH,六国化工,20260915,5.97,5.97,5.71,5.72,5.97,-0.25,-4.1876,218448.26,126390.129
600475.SH,华光环能,20260915,14.87,15.05,14.66,14.74,14.9,-0.16,-1.0738,53008.0,78415.133
600476.SH,*ST湘邮,20260915,9.92,10.0,9.82,9.9,9.92,-0.02,-0.2016,9212.0,9133.962
600477.SH,杭萧钢构,20260915,2.45,2.45,2.39,2.39,2.44,-0.05,-2.0492,242049.39,58476.998
600478.SH,科力远,20260915,4.73,4.78,4.7,4.75,4.73,0.02,0.4228,149730.0,70957.572
600479.SH,千金药业,20260915,11.9,12.1,11.38,11.4,11.9,-0.5,-4.2017,530250.52,617697.726
600480.SH,凌云股份,20260915,8.1,8.1,7.95,7.96,8.11,-0.15,-1.8496,81648.28,65375.114
600481.SH,双良节能,20260915,4.21,4.22,4.09,4.1,4.23,-0.13,-3.0733,306395.0,126512.56
600482.SH,中国动力,20260915,33.61,34.9,32.99,33.96,33.99,-0.03,-0.0883,150233.03,511287.984
600483.SH,福能股份,20260915,11.1,11.28,10.98,11.27,11.08,0.19,1.7148,148487.8,165977.711
600486.SH,扬农化工,20260915,54.7,54.99,52.8,53.05,54.93,-1.88,-3.4225,44786.57,239985.659
600487.SH,亨通光电,20260915,61.9,64.26,61.88,62.42,63.2,-0.78,-1.2342,1129684.64,7104984.627
600488.SH,津药药业,20260915,6.0,6.48,5.98,6.1,5.89,0.21,3.5654,2449009.51,1540873.183
600489.SH,中金黄金,20260915,24.69,24.95,24.37,24.48,24.6,-0.12,-0.4878,478828.9,1178825.341
600490.SH,鹏欣资源,20260915,7.15,7.19,7.02,7.06,7.18,-0.12,-1.6713,223801.0,158725.362
600491.SH,ST龙元,20260915,1.85,1.88,1.73,1.74,1.91,-0.17,-8.9005,986551.0,179325.428
600493.SH,凤竹纺织,20260915,6.16,6.17,5.85,5.86,6.16,-0.3,-4.8701,75024.5,44823.486
600495.SH,晋西车轴,20260915,4.13,4.14,4.01,4.03,4.13,-0.1,-2.4213,87893.0,35654.065
600496.SH,精工钢构,20260915,3.22,3.22,3.16,3.2,3.22,-0.02,-0.6211,255093.56,81455.6
600497.SH,驰宏锌锗,20260915,9.59,9.66,9.46,9.51,9.63,-0.12,-1.2461,638288.35,609758.239
600498.SH,烽火通信,20260915,39.51,41.08,39.03,40.27,40.63,-0.36,-0.886,747808.97,3003081.509
600499.SH,科达制造,20260915,14.39,14.49,13.77,13.93,14.49,-0.56,-3.8647,289561.67,406393.405
600500.SH,中化国际,20260915,5.6,5.65,5.46,5.48,5.65,-0.17,-3.0088,976102.03,540496.558
600501.SH,航天晨光,20260915,14.92,14.92,14.6,14.64,14.98,-0.34,-2.2697,45786.0,67560.219
600502.SH,安徽建工,20260915,4.42,4.43,4.31,4.33,4.42,-0.09,-2.0362,356976.0,155574.75
600503.SH,华丽家族,20260915,2.15,2.15,2.09,2.09,2.15,-0.06,-2.7907,216989.0,45841.122
600505.SH,西昌电力,20260915,10.91,11.16,10.69,10.82,10.94,-0.12,-1.0969,127353.07,138716.024
600506.SH,统一股份,20260915,16.08,17.31,15.9,16.52,16.04,0.48,2.9925,190609.54,317250.571
600507.SH,方大特钢,20260915,4.18,4.2,4.14,4.15,4.18,-0.03,-0.7177,104697.58,43647.326
600508.SH,上海能源,20260915,10.7,10.82,10.6,10.64,10.7,-0.06,-0.5607,165601.08,177209.505
600509.SH,天富能源,20260915,7.27,7.33,7.18,7.21,7.28,-0.07,-0.9615,165038.92,119422.361
600510.SH,黑牡丹,20260915,6.48,6.48,6.3,6.33,6.46,-0.13,-2.0124,40472.0,25778.222
600511.SH,国药股份,20260915,26.38,26.47,26.14,26.25,26.41,-0.16,-0.6058,33322.92,87431.118
600512.SH,腾达建设,20260915,2.07,2.08,2.02,2.03,2.08,-0.05,-2.4038,192544.78,39394.55
600513.SH,联环药业,20260915,14.83,14.89,14.61,14.62,14.88,-0.26,-1.7473,43440.0,63885.544
600515.SH,海南机场,20260915,2.75,2.75,2.69,2.69,2.75,-0.06,-2.1818,849226.5,230204.665
600516.SH,方大炭素,20260915,5.15,5.2,5.14,5.19,5.18,0.01,0.1931,253732.43,131270.513
600517.SH,国网英大,20260915,4.97,5.0,4.92,4.94,4.99,-0.05,-1.002,154215.2,76396.013
600518.SH,康美药业,20260915,1.37,1.38,1.35,1.35,1.37,-0.02,-1.4599,1391199.49,188883.447
600519.SH,贵州茅台,20260915,1281.0,1284.5,1271.28,1272.75,1277.96,-5.21,-0.4077,13761.72,1756915.149
600520.SH,三佳科技,20260915,23.9,24.74,23.27,24.26,23.6,0.66,2.7966,73013.0,177320.535
600521.SH,华海药业,20260915,15.51,15.65,15.47,15.52,15.62,-0.1,-0.6402,101480.15,157486.706
600522.SH,中天科技,20260915,33.39,35.18,33.22,34.53,33.9,0.63,1.8584,2348914.44,8088950.393
600523.SH,贵航股份,20260915,11.92,12.05,11.84,11.84,11.95,-0.11,-0.9205,36120.6,43148.804
600525.SH,长园集团,20260915,4.9,4.92,4.76,4.77,4.9,-0.13,-2.6531,165411.78,79744.854
600526.SH,菲达环保,20260915,4.64,4.64,4.52,4.53,4.64,-0.11,-2.3707,67091.0,30614.144
600527.SH,江南高纤,20260915,2.22,2.23,2.16,2.16,2.23,-0.07,-3.139,309182.2,67532.414
600528.SH,中铁工业,20260915,6.9,6.93,6.84,6.85,6.92,-0.07,-1.0116,58995.98,40517.327
600529.SH,山东药玻,20260915,18.53,18.62,18.3,18.31,18.53,-0.22,-1.1873,29240.0,53829.44
600530.SH,ST交昂,20260915,3.8,3.83,3.75,3.76,3.8,-0.04,-1.0526,25394.0,9578.346
600531.SH,豫光金铅,20260915,12.21,12.24,12.03,12.06,12.22,-0.16,-1.3093,157016.66,190349.842
600533.SH,栖霞建设,20260915,2.22,2.22,2.12,2.14,2.22,-0.08,-3.6036,138546.0,29840.872
600535.SH,天士力,20260915,14.0,14.07,13.88,13.97,14.01,-0.04,-0.2855,77493.11,108092.835
600536.SH,中国软件,20260915,32.0,32.69,31.71,31.72,31.72,0.0,0.0,136430.91,439102.488
600537.SH,*ST亿晶,20260915,2.15,2.15,2.1,2.1,2.15,-0.05,-2.3256,165936.0,35289.129
600538.SH,国发股份,20260915,4.99,5.0,4.85,4.85,4.96,-0.11,-2.2177,56592.0,27762.914
600539.SH,狮头股份,20260915,13.13,13.16,12.8,12.8,13.12,-0.32,-2.439,80169.76,103877.041
600540.SH,新赛股份,20260915,5.56,5.6,5.13,5.18,5.63,-0.45,-7.9929,1095624.35,584135.08
600543.SH,*ST莫高,20260915,4.13,4.13,3.96,4.03,4.13,-0.1,-2.4213,22137.0,8970.023
600545.SH,卓郎智能,20260915,4.42,4.55,4.28,4.29,4.45,-0.16,-3.5955,1143100.93,500155.737
600546.SH,山煤国际,20260915,13.3,13.35,13.1,13.23,13.12,0.11,0.8384,137473.85,181635.245
600547.SH,山东黄金,20260915,34.5,34.78,33.93,34.14,34.55,-0.41,-1.1867,398902.21,1366113.8
600548.SH,深高速,20260915,8.17,8.24,8.13,8.17,8.19,-0.02,-0.2442,40800.0,33397.303
600549.SH,厦门钨业,20260915,50.37,52.09,50.36,51.14,49.38,1.76,3.5642,607214.35,3115673.634
600550.SH,保变电气,20260915,10.79,10.83,10.6,10.61,10.81,-0.2,-1.8501,142643.33,152318.935
600551.SH,时代出版,20260915,7.55,7.58,7.34,7.34,7.55,-0.21,-2.7815,197442.2,146775.297
600552.SH,凯盛科技,20260915,17.0,17.35,16.9,17.07,17.18,-0.11,-0.6403,322998.07,553238.351
600556.SH,天下秀,20260915,4.73,4.77,4.58,4.6,4.73,-0.13,-2.7484,286622.0,133340.637
600557.SH,康缘药业,20260915,12.21,12.24,12.04,12.05,12.23,-0.18,-1.4718,22253.0,26933.583
600558.SH,大西洋,20260915,4.76,4.78,4.67,4.69,4.78,-0.09,-1.8828,80754.0,38107.049
600559.SH,老白干酒,20260915,11.06,11.11,10.97,11.04,11.05,-0.01,-0.0905,52916.15,58392.043
600560.SH,金自天正,20260915,11.07,11.1,10.73,10.77,11.13,-0.36,-3.2345,20086.0,21876.496
600561.SH,江西长运,20260915,5.88,5.88,5.51,5.6,5.89,-0.29,-4.9236,66889.16,38101.891
600562.SH,国睿科技,20260915,28.65,28.81,27.4,27.49,28.65,-1.16,-4.0489,108362.19,301921.198
600563.SH,法拉电子,20260915,123.98,125.6,123.71,124.72,124.82,-0.1,-0.0801,21942.15,273952.571
600566.SH,济川药业,20260915,25.4,25.8,25.26,25.6,25.41,0.19,0.7477,50734.0,129665.082
600567.SH,山鹰国际,20260915,1.34,1.34,1.32,1.32,1.34,-0.02,-1.4925,440216.96,58437.919
600568.SH,ST中珠,20260915,2.38,2.38,2.3,2.32,2.36,-0.04,-1.6949,82096.0,19065.572
600569.SH,安阳钢铁,20260915,1.82,1.83,1.77,1.78,1.82,-0.04,-2.1978,207900.58,37299.65
600570.SH,恒生电子,20260915,20.45,20.48,20.08,20.18,20.38,-0.2,-0.9814,141085.33,285898.747
600571.SH,信雅达,20260915,10.48,10.64,10.36,10.36,10.48,-0.12,-1.145,50821.59,53252.737
600572.SH,康恩贝,20260915,4.32,4.33,4.22,4.23,4.32,-0.09,-2.0833,342538.99,145708.444
600573.SH,惠泉啤酒,20260915,9.82,9.82,9.6,9.64,9.82,-0.18,-1.833,38147.0,37037.863
600575.SH,淮河能源,20260915,3.27,3.3,3.24,3.28,3.28,0.0,0.0,380309.9,124461.617
600576.SH,祥源文旅,20260915,5.65,5.68,5.35,5.36,5.66,-0.3,-5.3004,173660.0,94788.218
600577.SH,精达股份,20260915,7.97,8.06,7.9,7.9,8.01,-0.11,-1.3733,295732.91,235604.625
600578.SH,京能电力,20260915,5.57,5.64,5.44,5.46,5.62,-0.16,-2.847,779658.86,429166.847
600579.SH,中化装备,20260915,7.14,7.46,6.86,7.3,7.1,0.2,2.8169,163156.55,117099.711
600580.SH,卧龙电驱,20260915,26.75,26.86,26.36,26.36,26.79,-0.43,-1.6051,163818.14,435088.997
600581.SH,*ST八钢,20260915,2.36,2.36,2.32,2.34,2.37,-0.03,-1.2658,62180.0,14543.983
600582.SH,天地科技,20260915,4.96,5.0,4.93,4.93,4.97,-0.04,-0.8048,230887.99,114607.096
600583.SH,海油工程,20260915,6.05,6.1,5.94,6.07,6.02,0.05,0.8306,234087.76,141154.611
600584.SH,长电科技,20260915,65.79,67.9,65.77,66.86,66.33,0.53,0.799,525796.14,3523469.581
600585.SH,海螺水泥,20260915,17.36,17.49,17.23,17.28,17.41,-0.13,-0.7467,179473.63,310861.484
600586.SH,金晶科技,20260915,4.12,4.15,4.06,4.07,4.12,-0.05,-1.2136,100418.41,41162.581
600587.SH,新华医疗,20260915,12.38,12.38,12.2,12.23,12.36,-0.13,-1.0518,27860.0,34123.12
600588.SH,用友网络,20260915,9.5,9.58,9.37,9.38,9.41,-0.03,-0.3188,330378.11,312570.062
600589.SH,大位科技,20260915,7.87,7.91,7.65,7.66,7.88,-0.22,-2.7919,506380.64,392594.475
600590.SH,泰豪科技,20260915,8.55,8.62,8.39,8.4,8.62,-0.22,-2.5522,195373.66,165934.06
600592.SH,龙溪股份,20260915,14.65,14.67,14.28,14.3,14.65,-0.35,-2.3891,43450.29,62689.639
600593.SH,大连圣亚,20260915,39.8,39.89,38.68,38.69,39.74,-1.05,-2.6422,44639.49,174307.139
600594.SH,益佰制药,20260915,3.67,3.67,3.47,3.48,3.66,-0.18,-4.918,210789.16,74805.66
600595.SH,中孚实业,20260915,6.08,6.09,5.97,6.06,6.08,-0.02,-0.3289,518960.21,313263.209
600596.SH,新安股份,20260915,12.7,13.08,12.48,12.51,12.92,-0.41,-3.1734,882182.48,1125436.082
600597.SH,光明乳业,20260915,6.84,6.88,6.75,6.77,6.86,-0.09,-1.312,56136.0,38137.21
600598.SH,北大荒,20260915,12.7,12.73,12.32,12.33,12.68,-0.35,-2.7603,327154.56,408382.491
600600.SH,青岛啤酒,20260915,50.9,50.99,50.59,50.76,50.8,-0.04,-0.0787,18414.09,93574.288
600601.SH,方正科技,20260915,14.8,15.32,14.5,14.54,14.82,-0.28,-1.8893,1838149.89,2721760.068
600602.SH,云赛智联,20260915,16.98,17.09,16.67,16.69,16.94,-0.25,-1.4758,154115.48,259733.028
600603.SH,广汇物流,20260915,4.97,4.99,4.87,4.91,5.0,-0.09,-1.8,98900.0,48674.901
600604.SH,市北高新,20260915,4.52,4.53,4.42,4.43,4.52,-0.09,-1.9912,121156.0,53907.08
600605.SH,汇通能源,20260915,26.5,26.98,25.4,25.46,26.72,-1.26,-4.7156,36330.0,94679.381
600606.SH,绿地控股,20260915,1.28,1.29,1.26,1.27,1.29,-0.02,-1.5504,662499.86,84274.764
600609.SH,金杯汽车,20260915,3.54,3.56,3.34,3.36,3.52,-0.16,-4.5455,746148.86,255448.442
600610.SH,中毅达,20260915,7.56,7.77,7.45,7.53,7.56,-0.03,-0.3968,266984.05,202758.842
600611.SH,大众交通,20260915,4.56,4.57,4.44,4.45,4.56,-0.11,-2.4123,397945.0,178721.994
600612.SH,老凤祥,20260915,32.55,32.69,32.04,32.04,32.56,-0.52,-1.5971,13174.01,42418.237
600613.SH,神奇制药,20260915,8.5,8.63,8.2,8.23,8.53,-0.3,-3.517,583826.0,487684.4
600615.SH,鑫源智造,20260915,9.36,9.44,8.99,9.02,9.38,-0.36,-3.838,17857.66,16330.765
600616.SH,金枫酒业,20260915,4.53,4.61,4.41,4.44,4.5,-0.06,-1.3333,137778.0,62074.194
600617.SH,国新能源,20260915,3.48,3.48,3.33,3.34,3.46,-0.12,-3.4682,346474.8,117389.476
600618.SH,氯碱化工,20260915,10.11,10.14,9.91,9.92,10.1,-0.18,-1.7822,43539.87,43420.009
600619.SH,海立股份,20260915,13.09,13.17,12.99,13.0,13.1,-0.1,-0.7634,68249.0,89207.541
600620.SH,天宸股份,20260915,4.42,4.42,4.23,4.24,4.42,-0.18,-4.0724,60398.95,26038.219
600621.SH,华鑫股份,20260915,12.84,12.9,12.72,12.74,12.87,-0.13,-1.0101,63646.0,81337.142
600622.SH,光大嘉宝,20260915,2.37,2.37,2.28,2.28,2.38,-0.1,-4.2017,222813.43,51458.626
600623.SH,华谊集团,20260915,8.59,8.8,8.53,8.68,8.6,0.08,0.9302,142647.0,124038.837
600624.SH,ST复华,20260915,4.63,4.69,4.54,4.6,4.59,0.01,0.2179,45796.29,21127.78
600626.SH,申达股份,20260915,3.63,3.63,3.53,3.55,3.64,-0.09,-2.4725,99942.65,35626.766
600628.SH,新世界,20260915,6.44,6.46,6.19,6.19,6.46,-0.27,-4.1796,98530.0,61619.165
600629.SH,华建集团,20260915,16.17,16.35,15.76,15.82,16.16,-0.34,-2.104,155189.47,248619.53
600630.SH,龙头股份,20260915,6.97,7.0,6.74,6.75,7.01,-0.26,-3.709,88449.71,60590.677
600633.SH,浙数文化,20260915,10.11,10.19,10.03,10.04,10.08,-0.04,-0.3968,103689.77,104856.62
600635.SH,大众公用,20260915,4.62,4.64,4.5,4.51,4.62,-0.11,-2.381,264327.5,120291.527
600637.SH,东方明珠,20260915,8.37,8.41,8.26,8.29,8.39,-0.1,-1.1919,228603.28,190328.886
600638.SH,新黄浦,20260915,4.82,4.82,4.69,4.72,4.8,-0.08,-1.6667,80563.01,38147.367
600639.SH,浦东金桥,20260915,9.35,9.35,9.25,9.29,9.33,-0.04,-0.4287,21762.0,20211.581
600640.SH,国脉文化,20260915,10.83,10.88,10.51,10.54,10.82,-0.28,-2.5878,43291.26,46139.289
600641.SH,先导基电,20260915,31.9,32.07,30.93,31.32,31.9,-0.58,-1.8182,431676.08,1360091.478
600642.SH,申能股份,20260915,8.69,8.77,8.62,8.71,8.71,0.0,0.0,155159.31,134924.845
600643.SH,爱建集团,20260915,4.0,4.0,3.91,3.93,4.0,-0.07,-1.75,136323.15,53779.373
600644.SH,乐山电力,20260915,9.83,10.08,9.37,9.44,9.93,-0.49,-4.9345,536889.09,515427.789
600645.SH,中源协和,20260915,18.1,18.11,17.8,17.83,18.06,-0.23,-1.2735,31666.7,56639.403
600648.SH,外高桥,20260915,9.26,9.42,9.16,9.26,9.26,0.0,0.0,24655.52,22962.076
600649.SH,城投控股,20260915,3.84,3.85,3.75,3.76,3.85,-0.09,-2.3377,163961.92,62076.862
600650.SH,锦江在线,20260915,10.44,10.46,10.16,10.17,10.47,-0.3,-2.8653,27876.43,28663.386
600651.SH,飞乐音响,20260915,5.23,5.24,5.13,5.14,5.2,-0.06,-1.1538,104742.8,54186.242
600653.SH,申华控股,20260915,1.74,1.75,1.66,1.66,1.75,-0.09,-5.1429,293079.0,49666.101
600654.SH,中安科,20260915,3.23,3.37,3.1,3.11,3.23,-0.12,-3.7152,1654902.23,533596.697
600655.SH,豫园股份,20260915,4.58,4.58,4.49,4.54,4.59,-0.05,-1.0893,123464.49,55874.602
600657.SH,信达地产,20260915,2.85,2.88,2.77,2.78,2.87,-0.09,-3.1359,435200.01,122054.883
600658.SH,电子城,20260915,4.07,4.07,3.94,3.94,4.06,-0.12,-2.9557,101271.0,40382.485
600660.SH,福耀玻璃,20260915,53.98,55.45,53.9,55.03,53.88,1.15,2.1344,128813.41,709069.852
600661.SH,昂立教育,20260915,8.35,8.47,8.12,8.18,8.36,-0.18,-2.1531,57593.2,47623.628
600662.SH,外服控股,20260915,4.25,4.26,4.18,4.18,4.25,-0.07,-1.6471,91374.99,38424.195
600663.SH,陆家嘴,20260915,8.97,9.04,8.86,8.93,8.96,-0.03,-0.3348,80893.0,72157.491
600664.SH,哈药股份,20260915,7.26,7.4,7.1,7.12,7.3,-0.18,-2.4658,2915600.76,2108055.749
600665.SH,天地源,20260915,3.46,3.47,3.33,3.33,3.48,-0.15,-4.3103,104697.2,35413.111
600666.SH,奥瑞德,20260915,3.84,3.84,3.61,3.63,3.49,0.14,4.0115,3676200.27,1382579.695
600667.SH,太极实业,20260915,18.3,19.56,18.3,18.91,18.73,0.18,0.961,2469252.79,4709037.448
600668.SH,尖峰集团,20260915,7.26,7.3,7.1,7.12,7.28,-0.16,-2.1978,35465.85,25457.327
600671.SH,天目药业,20260915,22.29,22.96,21.91,22.01,22.52,-0.51,-2.2647,23138.18,51689.829
600673.SH,东阳光,20260915,30.92,31.45,30.91,31.18,31.06,0.12,0.3863,126540.61,394375.189
600674.SH,川投能源,20260915,16.04,16.09,15.9,16.07,16.05,0.02,0.1246,157763.04,252704.542
600675.SH,中华企业,20260915,2.22,2.23,2.18,2.19,2.23,-0.04,-1.7937,215495.91,47377.609
600676.SH,久事动娱,20260915,6.86,6.86,6.66,6.66,6.86,-0.2,-2.9155,67914.76,45599.623
600678.SH,ST金顶,20260915,5.7,5.7,5.51,5.53,5.68,-0.15,-2.6408,52238.0,29148.372
600679.SH,上海凤凰,20260915,10.1,10.14,9.73,9.79,10.09,-0.3,-2.9732,27017.0,26686.995
600681.SH,百川能源,20260915,3.56,3.57,3.47,3.48,3.55,-0.07,-1.9718,220636.88,77326.343
600682.SH,南京新百,20260915,5.74,5.75,5.45,5.46,5.77,-0.31,-5.3726,374322.87,208304.026
600683.SH,京投发展,20260915,9.44,9.47,9.24,9.28,9.48,-0.2,-2.1097,106027.16,98828.645
600684.SH,珠江股份,20260915,3.43,3.45,3.31,3.33,3.44,-0.11,-3.1977,112513.76,37863.368
600685.SH,中船防务,20260915,27.99,28.97,27.85,28.3,28.2,0.1,0.3546,154429.35,438980.239
600686.SH,金龙汽车,20260915,11.2,11.34,10.83,10.89,11.15,-0.26,-2.3318,192303.41,211806.311
600688.SH,上海石化,20260915,2.83,2.83,2.79,2.8,2.83,-0.03,-1.0601,464845.0,130416.772
600689.SH,上海三毛,20260915,11.96,12.1,11.69,11.69,12.1,-0.41,-3.3884,31775.0,37620.157
600690.SH,海尔智家,20260915,21.12,21.35,21.02,21.17,21.12,0.05,0.2367,218862.41,464631.727
600691.SH,潞化科技,20260915,3.0,3.03,2.8,2.81,3.03,-0.22,-7.2607,993930.91,287510.429
600692.SH,亚通股份,20260915,6.45,6.48,6.17,6.2,6.49,-0.29,-4.4684,71603.0,44810.725
600693.SH,东百集团,20260915,9.61,9.65,8.95,8.95,9.6,-0.65,-6.7708,772574.61,702774.456
600694.SH,大商股份,20260915,14.5,14.57,14.26,14.33,14.45,-0.12,-0.8304,35389.6,50954.911
600697.SH,欧亚集团,20260915,13.38,13.38,10.95,11.04,12.16,-1.12,-9.2105,408025.12,506242.704
600698.SH,湖南天雁,20260915,7.55,7.63,6.93,6.93,7.7,-0.77,-10.0,637136.23,453145.381
600699.SH,均胜电子,20260915,18.5,18.64,18.01,18.02,18.56,-0.54,-2.9095,198197.56,360719.439
600702.SH,舍得酒业,20260915,33.45,33.55,32.98,33.03,33.36,-0.33,-0.9892,29452.06,97771.714
600703.SH,三安光电,20260915,12.47,12.63,12.41,12.44,12.59,-0.15,-1.1914,591675.2,740043.292
600704.SH,物产中大,20260915,4.96,4.96,4.91,4.94,4.97,-0.03,-0.6036,307924.27,151928.718
600706.SH,曲江文旅,20260915,8.1,8.56,7.92,7.93,8.47,-0.54,-6.3754,519549.59,423392.745
600707.SH,彩虹股份,20260915,8.61,8.95,8.57,8.95,8.69,0.26,2.9919,1187082.07,1048713.508
600708.SH,光明地产,20260915,2.97,2.99,2.92,2.94,2.98,-0.04,-1.3423,118015.0,34890.675
600710.SH,苏美达,20260915,11.46,11.63,11.31,11.38,11.49,-0.11,-0.9574,168069.19,192556.531
600711.SH,盛屯矿业,20260915,10.9,11.03,10.65,10.73,11.03,-0.3,-2.7199,597883.13,645931.452
600712.SH,南宁百货,20260915,5.65,5.74,5.43,5.43,6.03,-0.6,-9.9502,351929.0,192632.106
600713.SH,南京医药,20260915,5.24,5.26,5.09,5.1,5.24,-0.14,-2.6718,112615.39,57919.224
600714.SH,金瑞矿业,20260915,17.64,17.8,17.28,17.3,17.72,-0.42,-2.3702,163539.95,285731.726
600715.SH,文投控股,20260915,1.69,1.69,1.61,1.62,1.68,-0.06,-3.5714,315042.0,51651.466
600716.SH,凤凰股份,20260915,3.65,3.72,3.56,3.56,3.64,-0.08,-2.1978,48409.0,17469.398
600717.SH,天津港,20260915,4.35,4.36,4.28,4.32,4.35,-0.03,-0.6897,153214.99,66101.181
600718.SH,东软集团,20260915,7.91,8.0,7.79,7.8,7.86,-0.06,-0.7634,77333.96,60928.856
600719.SH,大连热电,20260915,7.79,7.9,7.55,7.69,7.87,-0.18,-2.2872,193939.0,149329.266
600720.SH,中交设计,20260915,5.28,5.31,5.23,5.28,5.29,-0.01,-0.189,66147.33,34922.538
600721.SH,百花医药,20260915,11.22,11.32,10.66,10.66,11.25,-0.59,-5.2444,662348.56,721116.774
600722.SH,金牛化工,20260915,16.99,17.0,15.66,15.81,17.15,-1.34,-7.8134,1191568.54,1918730.457
600724.SH,宁波富达,20260915,4.94,4.97,4.86,4.88,4.94,-0.06,-1.2146,75019.0,36822.349
600725.SH,云维股份,20260915,3.32,3.37,3.26,3.26,3.32,-0.06,-1.8072,146918.0,48622.936
600726.SH,华电能源,20260915,5.32,5.39,5.14,5.15,5.37,-0.22,-4.0968,1166471.03,609805.205
600727.SH,鲁北化工,20260915,7.56,7.58,7.36,7.38,7.58,-0.2,-2.6385,94784.0,70510.273
600728.SH,佳都科技,20260915,4.55,4.61,4.5,4.52,4.55,-0.03,-0.6593,167736.6,76381.871
600729.SH,重百集团,20260915,18.88,18.99,18.58,18.61,19.0,-0.39,-2.0526,28046.39,52375.253
600730.SH,*ST高科,20260915,8.47,8.52,8.13,8.22,8.38,-0.16,-1.9093,83812.0,69482.851
600731.SH,湖南海利,20260915,5.7,5.75,5.64,5.65,5.73,-0.08,-1.3962,44054.0,25043.996
600732.SH,爱旭股份,20260915,10.5,10.65,10.1,10.11,10.19,-0.08,-0.7851,146509.2,151490.149
600733.SH,北汽蓝谷,20260915,4.7,4.74,4.52,4.53,4.71,-0.18,-3.8217,1203150.32,553397.022
600734.SH,*ST实达,20260915,2.0,2.12,1.93,1.99,2.08,-0.09,-4.3269,1108736.98,222994.629
600735.SH,ST新华锦,20260915,6.52,6.56,6.39,6.39,6.56,-0.17,-2.5915,49765.0,32120.74
600736.SH,苏州高新,20260915,6.5,6.5,6.36,6.38,6.51,-0.13,-1.9969,121319.08,77743.748
600737.SH,中粮糖业,20260915,14.7,14.77,14.27,14.38,14.78,-0.4,-2.7064,960785.11,1389225.127
600738.SH,丽尚国潮,20260915,4.51,4.51,4.18,4.2,4.56,-0.36,-7.8947,457133.06,195784.89
600739.SH,辽宁成大,20260915,10.38,10.39,10.22,10.26,10.38,-0.12,-1.1561,79708.81,81966.552
600740.SH,山西焦化,20260915,3.82,3.88,3.79,3.8,3.82,-0.02,-0.5236,293533.2,112457.116
600741.SH,华域汽车,20260915,15.46,15.6,15.24,15.28,15.51,-0.23,-1.4829,172226.96,264790.34
600742.SH,富维股份,20260915,7.96,8.04,7.56,7.57,7.94,-0.37,-4.6599,137082.0,106090.68
600743.SH,华远控股,20260915,2.08,2.08,2.02,2.03,2.08,-0.05,-2.4038,233994.0,47784.613
600744.SH,华银电力,20260915,6.89,7.05,6.52,6.62,6.98,-0.36,-5.1576,1736445.78,1165224.791
600745.SH,*ST闻泰,20260915,16.67,16.94,16.64,16.68,16.73,-0.05,-0.2989,176877.82,296802.743
600746.SH,江苏索普,20260915,7.06,7.08,6.88,6.92,7.06,-0.14,-1.983,103217.62,71769.986
600748.SH,上实发展,20260915,3.83,3.85,3.71,3.71,3.82,-0.11,-2.8796,79868.0,29964.967
600749.SH,西藏旅游,20260915,13.95,14.09,13.39,13.42,14.05,-0.63,-4.484,127025.0,173633.936
600750.SH,华润江中,20260915,22.36,22.45,22.01,22.06,22.33,-0.27,-1.2091,35519.51,78571.615
600751.SH,海航科技,20260915,3.1,3.11,3.05,3.06,3.1,-0.04,-1.2903,225470.34,69282.916
600753.SH,ST海钦,20260915,11.91,12.61,11.71,11.79,11.91,-0.12,-1.0076,43946.0,53675.895
600754.SH,锦江酒店,20260915,19.04,19.04,18.53,18.69,19.08,-0.39,-2.044,118879.13,222098.057
600755.SH,厦门国贸,20260915,5.62,5.64,5.53,5.54,5.63,-0.09,-1.5986,119034.85,66338.201
600756.SH,浪潮软件,20260915,13.87,13.97,13.59,13.6,13.87,-0.27,-1.9466,56410.0,77512.408
600757.SH,长江传媒,20260915,7.51,7.53,7.36,7.38,7.49,-0.11,-1.4686,64862.01,48184.393
600758.SH,辽宁能源,20260915,3.81,3.9,3.67,3.68,3.8,-0.12,-3.1579,690498.71,260231.252
600759.SH,ST洲际,20260915,2.47,2.48,2.38,2.38,2.48,-0.1,-4.0323,1269928.0,307067.885
600760.SH,中航沈飞,20260915,45.48,45.77,44.76,44.8,45.5,-0.7,-1.5385,127796.52,577364.035
600761.SH,安徽合力,20260915,16.15,16.2,15.98,16.02,16.15,-0.13,-0.805,93144.99,149636.427
600763.SH,通策医疗,20260915,32.76,32.81,32.21,32.33,32.74,-0.41,-1.2523,51522.01,167027.587
600764.SH,中国海防,20260915,18.93,19.07,18.66,18.75,19.0,-0.25,-1.3158,71968.92,135689.773
600765.SH,中航重机,20260915,13.73,13.83,13.48,13.51,13.79,-0.28,-2.0305,137192.54,186824.35
600768.SH,富邦新材,20260915,14.49,14.54,14.01,14.03,14.63,-0.6,-4.1012,23571.0,33511.401
600769.SH,祥龙电业,20260915,14.97,15.08,14.66,14.72,15.02,-0.3,-1.9973,82129.0,121734.77
600770.SH,综艺股份,20260915,5.64,5.7,5.54,5.56,5.65,-0.09,-1.5929,469194.0,263721.127
600771.SH,广誉远,20260915,13.66,13.8,13.42,13.43,13.69,-0.26,-1.8992,43190.05,58381.869
600773.SH,西藏城投,20260915,10.13,10.2,9.89,9.9,10.26,-0.36,-3.5088,175200.0,175271.422
600774.SH,汉商集团,20260915,7.64,7.74,7.3,7.33,7.7,-0.37,-4.8052,50876.0,37742.983
600775.SH,南京熊猫,20260915,9.79,9.88,9.59,9.61,9.75,-0.14,-1.4359,98412.16,95789.636
600776.SH,东方通信,20260915,13.83,13.84,13.33,13.36,14.0,-0.64,-4.5714,329071.95,445126.722
600777.SH,新潮能源,20260915,4.04,4.08,4.0,4.06,4.04,0.02,0.495,231375.58,93595.952
600778.SH,友好集团,20260915,5.9,6.04,5.55,5.62,5.96,-0.34,-5.7047,362480.66,208542.093
600779.SH,水井坊,20260915,25.86,26.13,25.83,25.85,25.99,-0.14,-0.5387,14389.8,37361.732
600780.SH,通宝能源,20260915,6.29,6.35,6.23,6.27,6.3,-0.03,-0.4762,138152.8,86888.079
600782.SH,新钢股份,20260915,2.72,2.74,2.7,2.71,2.73,-0.02,-0.7326,275026.13,74882.955
600783.SH,鲁信创投,20260915,15.56,15.68,15.3,15.35,15.65,-0.3,-1.9169,106482.02,164494.795
600784.SH,鲁银投资,20260915,6.97,7.01,6.83,6.85,6.98,-0.13,-1.8625,76551.0,52780.532
600785.SH,新华百货,20260915,10.33,10.34,9.9,9.96,10.35,-0.39,-3.7681,268006.0,267940.884
600787.SH,中储股份,20260915,4.58,4.63,4.52,4.59,4.57,0.02,0.4376,242867.51,111040.428
600789.SH,鲁抗医药,20260915,7.58,7.6,7.42,7.43,7.58,-0.15,-1.9789,151164.17,112904.463
600790.SH,轻纺城,20260915,3.39,3.4,3.31,3.31,3.4,-0.09,-2.6471,153879.22,51508.871
600791.SH,京能置业,20260915,7.04,7.08,6.67,6.7,7.08,-0.38,-5.3672,135158.0,92167.758
600792.SH,云煤能源,20260915,5.0,5.43,4.96,5.29,4.94,0.35,7.085,2044761.58,1089108.516
600793.SH,宜宾纸业,20260915,15.1,15.19,14.77,14.87,15.2,-0.33,-2.1711,27084.4,40471.445
600794.SH,保税科技,20260915,3.23,3.25,3.16,3.18,3.24,-0.06,-1.8519,110545.0,35401.789
600795.SH,国电电力,20260915,5.29,5.35,5.25,5.33,5.31,0.02,0.3766,858938.6,455564.017
600796.SH,钱江生化,20260915,5.15,5.21,4.97,4.99,5.19,-0.2,-3.8536,63433.0,32126.586
600797.SH,浙大网新,20260915,6.73,6.78,6.6,6.6,6.7,-0.1,-1.4925,97450.0,65047.738
600798.SH,宁波海运,20260915,3.61,3.61,3.42,3.44,3.6,-0.16,-4.4444,924844.47,320976.767
600800.SH,渤海化学,20260915,3.39,3.44,3.33,3.34,3.39,-0.05,-1.4749,192993.32,65122.332
600801.SH,华新建材,20260915,24.98,25.15,24.33,24.61,25.03,-0.42,-1.678,65299.98,161142.824
600802.SH,福建水泥,20260915,5.65,6.22,5.49,5.76,5.86,-0.1,-1.7065,660289.92,381664.506
600803.SH,新奥股份,20260915,18.8,18.96,18.66,18.72,18.78,-0.06,-0.3195,48052.0,90129.763
600805.SH,悦达投资,20260915,4.55,4.56,4.42,4.46,4.57,-0.11,-2.407,81561.0,36513.704
600807.SH,济高发展,20260915,2.64,2.66,2.54,2.55,2.66,-0.11,-4.1353,148922.0,38557.757
600808.SH,马钢股份,20260915,2.57,2.59,2.54,2.56,2.58,-0.02,-0.7752,388706.86,99721.442
600809.SH,山西汾酒,20260915,113.19,113.23,112.06,112.28,112.68,-0.4,-0.355,28683.22,322875.306
600810.SH,神马股份,20260915,6.37,6.4,6.24,6.26,6.37,-0.11,-1.7268,43571.5,27385.477
600812.SH,华北制药,20260915,4.86,4.88,4.59,4.59,4.92,-0.33,-6.7073,585535.99,274266.573
600814.SH,杭州解百,20260915,7.09,7.1,6.59,6.62,7.19,-0.57,-7.9277,218068.5,147542.51
600815.SH,厦工股份,20260915,3.49,3.58,3.44,3.53,3.51,0.02,0.5698,557163.05,195964.831
600816.SH,建元信托,20260915,2.42,2.43,2.38,2.39,2.43,-0.04,-1.6461,462183.09,110951.886
600817.SH,宇通重工,20260915,9.47,9.52,9.3,9.31,9.5,-0.19,-2.0,13307.0,12468.588
600818.SH,ST中路,20260915,8.42,8.74,8.34,8.65,8.45,0.2,2.3669,53270.07,45708.113
600819.SH,耀皮玻璃,20260915,5.69,5.76,5.52,5.55,5.72,-0.17,-2.972,87867.23,49341.219
600820.SH,隧道股份,20260915,5.49,5.53,5.43,5.46,5.5,-0.04,-0.7273,125776.94,68663.042
600821.SH,金开新能,20260915,6.28,6.37,6.12,6.19,6.35,-0.16,-2.5197,847456.14,527881.154
600822.SH,上海物贸,20260915,8.89,8.95,8.56,8.58,8.88,-0.3,-3.3784,42541.29,36865.582
600824.SH,益民集团,20260915,3.72,3.73,3.57,3.58,3.73,-0.15,-4.0214,177332.0,64245.617
600826.SH,XD兰生股,20260915,7.57,7.61,7.42,7.42,7.59,-0.17,-2.2398,30473.0,22851.415
600827.SH,百联股份,20260915,7.82,7.85,7.64,7.66,7.85,-0.19,-2.4204,105376.02,81059.855
600828.SH,茂业商业,20260915,4.37,4.41,4.07,4.09,4.37,-0.28,-6.4073,471352.27,197343.257
600829.SH,人民同泰,20260915,9.56,9.57,9.25,9.26,9.59,-0.33,-3.4411,83215.0,77913.658
600830.SH,香溢融通,20260915,8.41,8.49,8.28,8.29,8.42,-0.13,-1.5439,146320.19,122466.314
600831.SH,广电网络,20260915,3.4,3.4,3.19,3.26,3.37,-0.11,-3.2641,119780.0,38983.134
600833.SH,第一医药,20260915,10.5,10.5,10.08,10.12,10.47,-0.35,-3.3429,44695.8,45703.769
600834.SH,申通地铁,20260915,7.74,7.76,7.51,7.53,7.74,-0.21,-2.7132,18603.09,14135.463
600835.SH,上海机电,20260915,17.63,17.86,17.52,17.64,17.62,0.02,0.1135,28728.67,50846.145
600838.SH,上海九百,20260915,8.12,8.23,7.74,7.76,8.12,-0.36,-4.4335,162715.64,128430.798
600839.SH,四川长虹,20260915,6.7,6.71,6.64,6.64,6.71,-0.07,-1.0432,252826.43,168642.967
600841.SH,动力新科,20260915,5.74,5.8,5.55,5.57,5.74,-0.17,-2.9617,151681.6,85607.169
600843.SH,上工申贝,20260915,7.05,7.05,6.82,6.82,7.01,-0.19,-2.7104,45416.0,31366.368
600844.SH,金煤科技,20260915,3.47,3.48,3.36,3.38,3.51,-0.13,-3.7037,399717.0,136458.963
600845.SH,宝信软件,20260915,17.11,17.18,16.82,16.84,17.08,-0.24,-1.4052,61231.76,103814.85
600846.SH,同济科技,20260915,11.19,11.19,10.8,10.84,11.11,-0.27,-2.4302,25265.0,27644.867
600847.SH,万里股份,20260915,12.24,12.24,11.55,11.66,12.24,-0.58,-4.7386,21736.25,25808.47
600848.SH,上海临港,20260915,8.5,8.55,8.42,8.45,8.55,-0.1,-1.1696,39969.26,33817.484
600850.SH,电科数字,20260915,14.1,14.3,13.96,13.99,14.12,-0.13,-0.9207,62918.32,88761.467
600851.SH,海欣股份,20260915,8.38,8.41,8.21,8.27,8.38,-0.11,-1.3126,56910.0,47103.545
600853.SH,龙建股份,20260915,3.33,3.33,3.23,3.24,3.34,-0.1,-2.994,84370.43,27621.957
600854.SH,春兰股份,20260915,4.68,4.68,4.52,4.55,4.68,-0.13,-2.7778,56190.27,25717.442
600855.SH,航天长峰,20260915,13.53,13.57,13.15,13.23,13.53,-0.3,-2.2173,106412.01,141518.567
600857.SH,宁波中百,20260915,21.71,21.71,20.36,20.37,21.81,-1.44,-6.6025,76337.0,159930.78
600858.SH,银座股份,20260915,5.15,5.15,4.88,4.9,5.15,-0.25,-4.8544,108158.32,53644.522
600859.SH,王府井,20260915,9.92,9.94,9.58,9.6,9.94,-0.34,-3.4205,174913.48,169594.645
600860.SH,京城股份,20260915,8.15,8.17,7.96,7.96,8.16,-0.2,-2.451,42968.0,34587.571
600861.SH,北京人力,20260915,12.73,12.78,12.56,12.56,12.73,-0.17,-1.3354,12615.0,15911.19
600862.SH,中航高科,20260915,18.38,18.42,18.1,18.12,18.4,-0.28,-1.5217,85280.0,155595.742
600863.SH,华能蒙电,20260915,4.85,4.9,4.79,4.82,4.88,-0.06,-1.2295,747754.24,361416.734
600864.SH,哈投股份,20260915,5.59,5.75,5.56,5.64,5.6,0.04,0.7143,511861.73,290269.724
600865.SH,百大集团,20260915,11.91,12.0,11.23,11.23,12.48,-1.25,-10.016,359681.03,408077.591
600866.SH,星湖科技,20260915,4.26,4.27,4.16,4.17,4.29,-0.12,-2.7972,222992.0,93780.873
600867.SH,通化东宝,20260915,7.81,7.85,7.74,7.76,7.81,-0.05,-0.6402,75574.98,58744.64
600868.SH,梅雁吉祥,20260915,2.91,2.92,2.84,2.86,2.92,-0.06,-2.0548,514261.0,148090.692
600869.SH,远东股份,20260915,23.77,24.41,21.92,21.92,24.36,-2.44,-10.0164,2771439.86,6344310.907
600871.SH,石化油服,20260915,2.2,2.21,2.16,2.17,2.21,-0.04,-1.81,1276661.25,278158.271
600872.SH,中炬高新,20260915,17.91,17.92,17.69,17.78,17.91,-0.13,-0.7259,64891.15,115373.805
600873.SH,梅花生物,20260915,7.6,7.62,7.51,7.54,7.62,-0.08,-1.0499,134945.0,101948.075
600874.SH,创业环保,20260915,5.62,5.65,5.54,5.54,5.63,-0.09,-1.5986,78160.0,43673.62
600875.SH,东方电气,20260915,24.15,24.48,24.01,24.12,24.31,-0.19,-0.7816,251364.28,607998.529
600876.SH,凯盛新能,20260915,9.25,9.77,8.8,8.99,9.57,-0.58,-6.0606,419182.83,381722.628
600877.SH,电科芯片,20260915,11.89,12.07,11.85,11.86,12.0,-0.14,-1.1667,88991.51,106148.2
600879.SH,航天电子,20260915,14.3,14.41,14.12,14.26,14.33,-0.07,-0.4885,364913.4,520524.554
600880.SH,博瑞传播,20260915,4.83,4.95,4.65,4.85,4.83,0.02,0.4141,903881.38,435348.316
600881.SH,亚泰集团,20260915,1.86,1.87,1.71,1.72,1.88,-0.16,-8.5106,1685207.0,297629.724
600882.SH,妙可蓝多,20260915,19.25,19.29,18.64,18.78,19.25,-0.47,-2.4416,42039.0,79229.114
600883.SH,博闻科技,20260915,8.1,8.11,7.69,7.74,8.12,-0.38,-4.6798,60366.0,47292.095
600884.SH,杉杉股份,20260915,11.12,11.3,11.12,11.19,11.18,0.01,0.0894,208299.04,233561.724
600885.SH,宏发股份,20260915,34.32,34.98,34.29,34.73,34.65,0.08,0.2309,83486.83,288830.872
600886.SH,国投电力,20260915,14.45,14.57,14.35,14.53,14.5,0.03,0.2069,191781.71,277962.273
600887.SH,伊利股份,20260915,26.86,26.88,26.27,26.27,26.85,-0.58,-2.1601,434864.71,1150198.868
600888.SH,新疆众和,20260915,9.8,9.92,9.74,9.84,9.82,0.02,0.2037,206616.89,203594.982
600889.SH,*ST京化,20260915,13.5,13.66,13.17,13.19,13.5,-0.31,-2.2963,12630.0,16873.539
600892.SH,大晟文化,20260915,4.11,4.15,3.94,3.95,4.05,-0.1,-2.4691,423015.95,169041.327
600893.SH,航发动力,20260915,40.19,40.83,39.5,39.58,40.18,-0.6,-1.4933,326930.61,1309498.016
600894.SH,广日股份,20260915,7.27,7.32,7.2,7.21,7.26,-0.05,-0.6887,43690.74,31730.121
600895.SH,张江高科,20260915,27.88,28.18,27.63,27.64,27.99,-0.35,-1.2504,97622.29,272123.225
600897.SH,厦门空港,20260915,14.8,14.92,14.71,14.72,14.83,-0.11,-0.7417,15323.88,22679.555
600900.SH,长江电力,20260915,28.63,28.68,28.42,28.5,28.63,-0.13,-0.4541,606980.98,1730569.18
600901.SH,江苏金租,20260915,6.82,6.88,6.78,6.8,6.83,-0.03,-0.4392,187451.48,127639.232
600903.SH,贵州燃气,20260915,6.94,7.33,6.7,6.75,6.93,-0.18,-2.5974,788451.44,546586.739
600905.SH,三峡能源,20260915,3.66,3.69,3.65,3.68,3.67,0.01,0.2725,676588.11,248363.116
600906.SH,财达证券,20260915,6.34,6.36,6.26,6.28,6.34,-0.06,-0.9464,164776.32,103643.035
600908.SH,无锡银行,20260915,5.95,5.95,5.84,5.86,5.97,-0.11,-1.8425,242334.0,142704.716
600909.SH,华安证券,20260915,7.68,7.69,7.57,7.6,7.68,-0.08,-1.0417,614882.89,468409.327
600916.SH,中国黄金,20260915,7.67,7.68,7.52,7.55,7.69,-0.14,-1.8205,213451.0,161991.78
600917.SH,重庆燃气,20260915,5.05,5.14,4.92,4.93,5.05,-0.12,-2.3762,117014.5,58401.189
600918.SH,中泰证券,20260915,5.47,5.5,5.4,5.41,5.48,-0.07,-1.2774,204025.36,110884.251
600919.SH,江苏银行,20260915,12.55,12.58,12.3,12.35,12.55,-0.2,-1.5936,930611.67,1155065.455
600925.SH,苏能股份,20260915,4.17,4.17,4.1,4.1,4.17,-0.07,-1.6787,82636.0,34147.237
600926.SH,杭州银行,20260915,17.64,17.67,17.33,17.39,17.69,-0.3,-1.6959,412459.23,720943.866
600927.SH,永安期货,20260915,12.21,12.23,12.08,12.09,12.21,-0.12,-0.9828,34424.0,41766.097
600928.SH,西安银行,20260915,3.61,3.62,3.54,3.58,3.61,-0.03,-0.831,233917.94,83477.867
600929.SH,雪天盐业,20260915,5.99,6.03,5.72,5.72,6.35,-0.63,-9.9213,320883.0,185925.669
600930.SH,华电新能,20260915,3.94,3.97,3.88,3.96,3.94,0.02,0.5076,1850928.84,727561.02
600933.SH,爱柯迪,20260915,12.84,12.87,12.56,12.63,12.8,-0.17,-1.3281,57051.0,72274.552
600935.SH,华塑股份,20260915,2.32,2.33,2.27,2.27,2.33,-0.06,-2.5751,191341.0,43800.539
600936.SH,北投科技,20260915,4.91,4.99,4.74,4.82,4.95,-0.13,-2.6263,661670.31,321118.378
600938.SH,中国海油,20260915,33.91,33.96,33.21,33.45,33.91,-0.46,-1.3565,351664.41,1179786.447
600939.SH,重庆建工,20260915,2.69,2.7,2.59,2.6,2.68,-0.08,-2.9851,113045.99,29696.867
600941.SH,中国移动,20260915,98.16,98.65,97.6,97.79,98.16,-0.37,-0.3769,48418.55,474157.279
600955.SH,维远股份,20260915,12.37,12.45,12.27,12.28,12.44,-0.16,-1.2862,21008.0,25891.18
600956.SH,新天绿能,20260915,7.23,7.3,7.14,7.28,7.23,0.05,0.6916,83911.0,60708.883
600958.SH,东方证券,20260915,8.89,8.9,8.8,8.82,8.9,-0.08,-0.8989,330919.89,292718.439
600959.SH,江苏有线,20260915,3.13,3.14,3.08,3.09,3.13,-0.04,-1.278,203204.41,63121.572
600960.SH,渤海汽车,20260915,4.02,4.05,3.89,3.89,4.03,-0.14,-3.4739,109370.0,43291.491
600961.SH,株冶集团,20260915,24.14,24.53,24.0,24.28,24.14,0.14,0.58,177522.59,431372.843
600962.SH,国投中鲁,20260915,25.58,25.98,25.26,25.52,25.58,-0.06,-0.2346,42553.14,109040.182
600963.SH,岳阳林纸,20260915,3.45,3.45,3.34,3.35,3.44,-0.09,-2.6163,218723.9,73964.114
600965.SH,*ST福成,20260915,2.78,2.78,2.68,2.7,2.76,-0.06,-2.1739,53041.0,14459.493
600966.SH,博汇纸业,20260915,4.87,4.87,4.78,4.8,4.84,-0.04,-0.8264,82335.88,39687.136
600967.SH,内蒙一机,20260915,14.32,14.32,13.32,13.42,14.31,-0.89,-6.2194,1228660.93,1677509.628
600968.SH,海油发展,20260915,4.0,4.04,3.95,4.02,4.01,0.01,0.2494,358514.75,143628.699
600969.SH,郴电国际,20260915,10.05,10.4,9.9,9.9,10.0,-0.1,-1.0,177294.4,178102.683
600970.SH,中材国际,20260915,7.72,7.8,7.68,7.74,7.74,0.0,0.0,133071.35,102998.71
600971.SH,恒源煤电,20260915,8.68,8.7,8.51,8.58,8.53,0.05,0.5862,94600.76,81201.644
600973.SH,宝胜股份,20260915,6.16,6.16,6.02,6.05,6.16,-0.11,-1.7857,170567.38,103703.988
600975.SH,新五丰,20260915,5.41,5.67,5.25,5.26,5.37,-0.11,-2.0484,396350.66,213832.872
600976.SH,健民集团,20260915,27.02,27.02,26.5,26.51,27.05,-0.54,-1.9963,9908.0,26434.282
600977.SH,中国电影,20260915,12.86,12.88,12.48,12.54,12.79,-0.25,-1.9547,161022.6,203045.761
600979.SH,广安爱众,20260915,4.05,4.19,4.0,4.1,4.08,0.02,0.4902,554621.15,227995.348
600980.SH,北矿科技,20260915,18.73,18.78,18.3,18.49,18.73,-0.24,-1.2814,13721.0,25512.834
600981.SH,苏豪汇鸿,20260915,2.44,2.45,2.35,2.36,2.44,-0.08,-3.2787,164793.0,39220.843
600982.SH,宁波能源,20260915,5.16,5.32,5.07,5.24,5.19,0.05,0.9634,540940.58,282089.259
600983.SH,惠而浦,20260915,7.33,7.37,7.25,7.29,7.36,-0.07,-0.9511,12188.0,8906.58
600984.SH,建设机械,20260915,3.56,3.57,3.44,3.45,3.56,-0.11,-3.0899,210969.09,73726.575
600985.SH,淮北矿业,20260915,16.7,17.0,16.53,16.84,16.66,0.18,1.0804,148873.27,251057.983
600986.SH,浙文互联,20260915,7.21,7.24,7.01,7.02,7.16,-0.14,-1.9553,282713.89,200600.2
600987.SH,航民股份,20260915,6.3,6.39,6.29,6.37,6.31,0.06,0.9509,57234.95,36392.858
600988.SH,赤峰黄金,20260915,44.48,45.0,43.13,43.54,44.48,-0.94,-2.1133,337490.3,1485050.908
600989.SH,宝丰能源,20260915,23.9,24.86,23.73,24.46,23.97,0.49,2.0442,646110.45,1575329.605
600990.SH,四创电子,20260915,18.62,18.65,18.07,18.08,18.48,-0.4,-2.1645,25955.3,47425.43
600992.SH,贵绳股份,20260915,9.81,9.83,9.5,9.5,9.83,-0.33,-3.3571,43566.1,41949.83
600993.SH,马应龙,20260915,22.55,22.6,22.31,22.33,22.55,-0.22,-0.9756,18366.0,41181.125
600995.SH,南网储能,20260915,12.33,12.47,12.22,12.28,12.4,-0.12,-0.9677,86452.27,106331.607
600996.SH,贵广网络,20260915,7.0,7.05,6.73,6.77,6.99,-0.22,-3.1474,119280.21,81681.019
600997.SH,开滦股份,20260915,5.21,5.27,5.16,5.25,5.18,0.07,1.3514,99215.0,51936.842
600998.SH,九州通,20260915,5.08,5.11,5.0,5.02,5.08,-0.06,-1.1811,271812.5,136767.182
600999.SH,XD招商证,20260915,17.27,17.33,17.16,17.22,17.2,0.02,0.1163,261806.73,451964.012
601000.SH,唐山港,20260915,4.59,4.64,4.57,4.62,4.6,0.02,0.4348,328531.68,151335.734
601001.SH,晋控煤业,20260915,16.75,17.38,16.6,17.21,16.6,0.61,3.6747,262729.33,449384.551
601002.SH,晋亿实业,20260915,5.25,5.25,5.13,5.13,5.24,-0.11,-2.0992,80746.0,41787.592
601003.SH,柳钢股份,20260915,3.66,3.67,3.59,3.61,3.67,-0.06,-1.6349,139388.78,50349.703
601005.SH,重庆钢铁,20260915,1.21,1.21,1.19,1.19,1.21,-0.02,-1.6529,521755.0,62569.38
601006.SH,大秦铁路,20260915,4.82,4.84,4.75,4.76,4.81,-0.05,-1.0395,1261482.91,604806.203
601007.SH,金陵饭店,20260915,6.98,6.98,6.74,6.76,6.99,-0.23,-3.2904,68794.1,46918.923
601008.SH,连云港,20260915,4.53,4.57,4.39,4.4,4.56,-0.16,-3.5088,359874.27,160037.255
601009.SH,南京银行,20260915,12.26,12.28,12.1,12.16,12.25,-0.09,-0.7347,437066.66,532454.892
601010.SH,ST文峰,20260915,1.46,1.46,1.42,1.42,1.45,-0.03,-2.069,124272.53,17841.196
601011.SH,宝泰隆,20260915,2.96,3.03,2.91,2.92,2.96,-0.04,-1.3514,439611.9,130359.392
601012.SH,隆基绿能,20260915,11.28,11.35,11.06,11.08,11.33,-0.25,-2.2065,594804.77,664910.328
601015.SH,陕西黑猫,20260915,3.74,4.02,3.69,3.7,3.72,-0.02,-0.5376,1071625.73,407205.5
601016.SH,节能风电,20260915,3.39,3.52,3.32,3.46,3.39,0.07,2.0649,2337814.41,802227.183
601018.SH,宁波港,20260915,3.51,3.53,3.48,3.5,3.52,-0.02,-0.5682,367290.59,128645.139
601019.SH,山东出版,20260915,7.0,7.04,6.9,6.92,7.0,-0.08,-1.1429,46793.0,32537.207
601020.SH,华钰矿业,20260915,20.92,21.49,20.8,20.85,20.91,-0.06,-0.2869,161134.2,339233.474
601021.SH,春秋航空,20260915,42.41,42.65,42.29,42.36,42.55,-0.19,-0.4465,20300.55,86134.885
601022.SH,宁波远洋,20260915,8.33,8.37,8.16,8.19,8.41,-0.22,-2.6159,128328.21,105612.443
601026.SH,道生天合,20260915,14.21,14.46,14.11,14.41,14.21,0.2,1.4075,28263.39,40522.131
601033.SH,永兴股份,20260915,14.58,14.7,14.46,14.53,14.6,-0.07,-0.4795,22092.0,32121.497
601038.SH,一拖股份,20260915,14.67,14.86,14.35,14.72,14.76,-0.04,-0.271,75975.12,111483.746
601058.SH,赛轮轮胎,20260915,13.64,13.86,13.55,13.83,13.6,0.23,1.6912,257514.28,354648.347
601061.SH,中信金属,20260915,11.12,11.23,10.93,10.97,11.23,-0.26,-2.3152,120790.92,133323.887
601065.SH,江盐集团,20260915,6.76,6.77,6.65,6.65,6.76,-0.11,-1.6272,51929.0,34705.67
601066.SH,中信建投,20260915,23.52,23.66,23.37,23.4,23.6,-0.2,-0.8475,115433.52,271391.613
601068.SH,中铝国际,20260915,4.56,4.58,4.43,4.45,4.52,-0.07,-1.5487,81599.0,36469.26
601069.SH,西部黄金,20260915,28.44,29.2,28.26,28.45,28.51,-0.06,-0.2105,133350.36,381582.787
601077.SH,渝农商行,20260915,6.74,6.75,6.65,6.67,6.76,-0.09,-1.3314,451887.31,302203.041
601083.SH,锦江航运,20260915,12.19,12.27,12.02,12.12,12.21,-0.09,-0.7371,70802.17,86166.444
601086.SH,国芳集团,20260915,17.85,17.87,16.19,16.19,17.99,-1.8,-10.0056,527742.0,875963.583
601088.SH,中国神华,20260915,47.38,47.45,46.91,46.98,47.2,-0.22,-0.4661,157743.34,742764.422
601089.SH,福元医药,20260915,15.74,15.85,15.46,15.49,15.75,-0.26,-1.6508,16468.0,25679.081
601096.SH,宏盛华源,20260915,4.14,4.18,4.08,4.1,4.16,-0.06,-1.4423,168890.0,69587.831
601098.SH,中南传媒,20260915,10.15,10.36,10.05,10.22,10.13,0.09,0.8885,118779.68,121363.902
601099.SH,太平洋,20260915,3.44,3.45,3.42,3.42,3.44,-0.02,-0.5814,743651.41,255326.982
601100.SH,恒立液压,20260915,101.17,101.4,97.9,98.81,101.17,-2.36,-2.3327,49345.02,488651.882
601101.SH,昊华能源,20260915,13.12,13.33,13.05,13.13,13.03,0.1,0.7675,175705.71,231782.843
601106.SH,中国一重,20260915,3.02,3.04,2.99,3.0,3.04,-0.04,-1.3158,533924.0,160719.119
601107.SH,四川成渝,20260915,5.91,6.04,5.83,5.95,5.91,0.04,0.6768,109731.25,65310.419
601108.SH,财通证券,20260915,8.21,8.26,8.13,8.15,8.25,-0.1,-1.2121,253628.99,207280.795
601111.SH,中国国航,20260915,5.77,5.82,5.74,5.79,5.77,0.02,0.3466,333483.06,192894.768
601112.SH,振石股份,20260915,15.97,16.66,15.82,16.3,15.96,0.34,2.1303,136007.68,222707.079
601113.SH,华鼎股份,20260915,3.43,3.43,3.36,3.36,3.43,-0.07,-2.0408,87003.01,29469.445
601116.SH,三江购物,20260915,10.53,10.59,9.95,9.97,10.51,-0.54,-5.138,174460.65,177335.754
601117.SH,中国化学,20260915,7.27,7.29,7.18,7.2,7.27,-0.07,-0.9629,370507.0,267986.93
601118.SH,海南橡胶,20260915,6.11,6.19,5.96,6.0,6.19,-0.19,-3.0695,1438318.75,868478.67
601121.SH,宝地矿业,20260915,7.2,7.24,7.07,7.08,7.26,-0.18,-2.4793,89693.0,64114.74
601123.SH,马矿股份,20260915,17.2,17.59,16.63,16.76,16.79,-0.03,-0.1787,362199.75,621138.861
601126.SH,四方股份,20260915,39.7,40.78,39.41,39.58,39.73,-0.15,-0.3775,146193.51,584052.881
601127.SH,赛力斯,20260915,47.91,49.12,44.44,45.46,47.9,-2.44,-5.0939,471639.09,2204182.321
601128.SH,常熟银行,20260915,6.45,6.45,6.36,6.39,6.46,-0.07,-1.0836,441954.63,282936.679
601133.SH,柏诚股份,20260915,22.78,23.75,22.68,23.1,22.86,0.24,1.0499,52589.0,122142.24
601136.SH,首创证券,20260915,14.24,14.37,14.08,14.12,14.29,-0.17,-1.1896,102777.82,145864.829
601137.SH,博威合金,20260915,19.4,19.65,19.17,19.19,19.5,-0.31,-1.5897,73861.32,142910.097
601138.SH,工业富联,20260915,61.25,62.49,60.58,60.8,61.57,-0.77,-1.2506,614209.47,3769325.545
601139.SH,深圳燃气,20260915,6.48,6.51,6.41,6.45,6.5,-0.05,-0.7692,126429.21,81687.976
601155.SH,新城控股,20260915,11.51,11.59,11.2,11.28,11.58,-0.3,-2.5907,129366.11,147192.346
601156.SH,东航物流,20260915,18.3,18.49,17.87,17.89,18.32,-0.43,-2.3472,136020.12,246385.773
601158.SH,重庆水务,20260915,4.1,4.11,4.04,4.05,4.1,-0.05,-1.2195,85102.0,34649.653
601162.SH,天风证券,20260915,3.57,3.59,3.55,3.56,3.58,-0.02,-0.5587,732179.68,260985.127
601163.SH,三角轮胎,20260915,12.3,12.54,12.25,12.29,12.31,-0.02,-0.1625,30138.56,37326.74
601166.SH,兴业银行,20260915,18.14,18.15,17.9,17.92,18.15,-0.23,-1.2672,694754.7,1250219.742
601168.SH,西部矿业,20260915,36.06,36.65,35.6,35.77,36.65,-0.88,-2.4011,373728.67,1345907.538
601169.SH,北京银行,20260915,5.67,5.69,5.62,5.66,5.68,-0.02,-0.3521,1702432.17,963339.645
601177.SH,杭齿前进,20260915,13.65,13.65,13.2,13.22,13.6,-0.38,-2.7941,37695.0,50245.648
601179.SH,中国西电,20260915,12.18,12.25,12.07,12.09,12.23,-0.14,-1.1447,424315.61,514480.447
601186.SH,中国铁建,20260915,6.08,6.09,6.01,6.02,6.08,-0.06,-0.9868,273550.55,165491.64
601187.SH,厦门银行,20260915,7.35,7.35,7.18,7.19,7.35,-0.16,-2.1769,178086.0,128502.314
601188.SH,龙江交通,20260915,2.93,2.93,2.84,2.85,2.93,-0.08,-2.7304,156061.0,44829.724
601199.SH,江南水务,20260915,6.8,7.12,6.63,6.7,6.79,-0.09,-1.3255,441839.15,298768.647
601200.SH,上海环境,20260915,6.97,7.02,6.81,6.83,6.97,-0.14,-2.0086,82586.52,56921.172
601208.SH,东材科技,20260915,48.0,50.94,47.8,49.37,48.29,1.08,2.2365,619344.36,3086898.531
601211.SH,国泰海通,20260915,17.35,17.58,17.32,17.5,17.37,0.13,0.7484,499814.53,874198.837
601212.SH,白银有色,20260915,6.19,6.3,6.1,6.18,6.24,-0.06,-0.9615,1361374.17,843467.432
601216.SH,君正集团,20260915,4.69,4.76,4.66,4.7,4.71,-0.01,-0.2123,477580.13,225225.789
601218.SH,吉鑫科技,20260915,4.68,5.18,4.57,5.18,4.71,0.47,9.9788,782581.55,391875.999
601222.SH,林洋能源,20260915,5.93,5.94,5.84,5.86,5.94,-0.08,-1.3468,163954.54,96418.493
601225.SH,陕西煤业,20260915,26.15,26.29,25.67,25.82,25.95,-0.13,-0.501,269169.47,698818.47
601226.SH,华电科工,20260915,6.56,6.59,6.47,6.51,6.55,-0.04,-0.6107,73061.0,47554.953
601228.SH,广州港,20260915,3.11,3.13,3.07,3.11,3.12,-0.01,-0.3205,227404.95,70441.042
601229.SH,上海银行,20260915,9.75,9.79,9.64,9.67,9.77,-0.1,-1.0235,448111.84,435203.728
601231.SH,环旭电子,20260915,25.76,26.38,24.86,24.96,25.73,-0.77,-2.9926,361458.73,917384.748
601233.SH,桐昆股份,20260915,23.13,23.24,22.67,22.83,23.12,-0.29,-1.2543,247712.89,567448.2
601236.SH,红塔证券,20260915,6.79,6.84,6.73,6.75,6.82,-0.07,-1.0264,97412.3,65859.86
601279.SH,英利汽车,20260915,3.52,3.58,3.36,3.39,3.54,-0.15,-4.2373,376550.9,129701.438
601288.SH,农业银行,20260915,7.0,7.0,6.88,6.9,7.0,-0.1,-1.4286,2446428.76,1695450.994
601298.SH,青岛港,20260915,9.65,9.76,9.45,9.58,9.59,-0.01,-0.1043,129646.0,124609.028
601311.SH,骆驼股份,20260915,7.48,7.5,7.38,7.38,7.47,-0.09,-1.2048,54773.0,40657.716
601318.SH,中国平安,20260915,54.9,54.92,53.76,53.9,54.73,-0.83,-1.5165,494594.36,2677888.136
601319.SH,中国人保,20260915,7.82,7.83,7.7,7.73,7.82,-0.09,-1.1509,422733.78,328184.856
601326.SH,秦港股份,20260915,3.6,3.6,3.54,3.57,3.59,-0.02,-0.5571,168908.0,60312.745
601328.SH,交通银行,20260915,7.62,7.63,7.52,7.56,7.62,-0.06,-0.7874,1231670.28,932039.731
601330.SH,绿色动力,20260915,8.3,8.42,8.18,8.2,8.3,-0.1,-1.2048,198622.0,164114.958
601333.SH,广深铁路,20260915,3.14,3.16,3.1,3.12,3.14,-0.02,-0.6369,526775.39,164787.262
601336.SH,新华保险,20260915,58.52,58.55,57.5,57.63,58.41,-0.78,-1.3354,107030.32,619394.254
601339.SH,百隆东方,20260915,7.27,7.35,7.23,7.3,7.27,0.03,0.4127,60224.0,43991.629
601360.SH,三六零,20260915,9.21,9.35,8.93,8.94,9.03,-0.09,-0.9967,1801778.85,1645298.641
601366.SH,利群股份,20260915,3.78,3.79,3.61,3.62,3.79,-0.17,-4.4855,119653.0,43871.962
601368.SH,绿城水务,20260915,4.54,4.57,4.43,4.46,4.57,-0.11,-2.407,40110.0,17990.144
601369.SH,陕鼓动力,20260915,8.34,8.43,8.32,8.4,8.34,0.06,0.7194,46381.4,38840.976
601375.SH,中原证券,20260915,3.99,3.99,3.92,3.93,3.99,-0.06,-1.5038,298185.0,117634.61
601377.SH,兴业证券,20260915,5.82,5.86,5.78,5.8,5.82,-0.02,-0.3436,489355.18,284702.72
601388.SH,怡球资源,20260915,3.28,3.31,3.23,3.23,3.3,-0.07,-2.1212,224540.0,73203.079
601390.SH,中国中铁,20260915,4.35,4.36,4.31,4.32,4.36,-0.04,-0.9174,633819.0,274369.144
601398.SH,工商银行,20260915,8.21,8.22,8.09,8.13,8.22,-0.09,-1.0949,2125659.43,1730279.695
601399.SH,国机重装,20260915,3.22,3.23,3.17,3.17,3.22,-0.05,-1.5528,406721.8,129624.581
601456.SH,国联民生,20260915,8.65,8.66,8.6,8.6,8.65,-0.05,-0.578,82091.73,70728.372
601500.SH,通用股份,20260915,3.93,3.94,3.83,3.84,3.94,-0.1,-2.5381,128475.39,49786.606
601512.SH,中新集团,20260915,8.3,8.39,8.17,8.19,8.3,-0.11,-1.3253,35251.0,29072.707
601515.SH,衢州东峰,20260915,3.3,3.34,3.24,3.27,3.3,-0.03,-0.9091,99648.0,32755.799
601518.SH,吉林高速,20260915,2.83,2.85,2.8,2.81,2.84,-0.03,-1.0563,91776.24,25878.333
601519.SH,大智慧,20260915,7.98,8.05,7.88,7.89,7.99,-0.1,-1.2516,207201.0,164556.994
601528.SH,瑞丰银行,20260915,5.11,5.16,5.03,5.06,5.13,-0.07,-1.3645,173939.73,88341.117
601555.SH,东吴证券,20260915,8.45,8.56,8.34,8.41,8.47,-0.06,-0.7084,284633.72,239450.205
601566.SH,九牧王,20260915,9.2,9.24,8.75,8.76,9.22,-0.46,-4.9892,206396.82,184566.508
601567.SH,三星电气,20260915,14.38,14.49,13.78,14.34,14.17,0.17,1.1997,402936.23,569747.712
601568.SH,北元化工,20260915,3.82,3.83,3.72,3.75,3.83,-0.08,-2.0888,167324.79,62973.134
601577.SH,长沙银行,20260915,10.03,10.05,9.86,9.91,10.04,-0.13,-1.2948,206195.1,204994.157
601579.SH,会稽山,20260915,23.88,25.75,23.68,25.75,23.41,2.34,9.9957,202469.01,506525.831
601588.SH,北辰实业,20260915,1.71,1.72,1.67,1.68,1.71,-0.03,-1.7544,251452.61,42352.755
601595.SH,上海电影,20260915,23.69,23.84,22.58,22.93,23.36,-0.43,-1.8408,138686.99,319257.26
601598.SH,中国外运,20260915,6.49,6.56,6.45,6.54,6.52,0.02,0.3067,111484.29,72654.634
601599.SH,浙文影业,20260915,3.24,3.25,3.11,3.12,3.24,-0.12,-3.7037,179508.41,56972.258
601600.SH,中国铝业,20260915,9.27,9.33,9.16,9.2,9.29,-0.09,-0.9688,1297424.29,1196204.775
601601.SH,中国太保,20260915,33.09,33.19,32.56,32.63,32.96,-0.33,-1.0012,207887.28,682653.978
601606.SH,长城军工,20260915,33.69,33.77,32.26,32.51,34.26,-1.75,-5.108,384407.49,1261598.396
601607.SH,上海医药,20260915,16.41,16.42,16.15,16.21,16.35,-0.14,-0.8563,81078.0,131866.894
601608.SH,中信重工,20260915,4.78,4.8,4.72,4.72,4.79,-0.07,-1.4614,217232.63,103252.065
601609.SH,金田股份,20260915,13.2,13.2,12.8,12.82,13.14,-0.32,-2.4353,230389.84,297622.648
601611.SH,中国核建,20260915,10.84,10.87,10.28,10.32,10.88,-0.56,-5.1471,413516.25,434975.28
601615.SH,明阳智能,20260915,9.53,10.0,9.42,9.82,9.54,0.28,2.935,626180.29,612461.656
601616.SH,广电电气,20260915,3.81,3.83,3.74,3.75,3.81,-0.06,-1.5748,147423.0,55795.884
601618.SH,中国中冶,20260915,2.58,2.59,2.56,2.56,2.58,-0.02,-0.7752,649446.49,167104.007
601619.SH,嘉泽新能,20260915,4.04,4.11,4.0,4.06,4.05,0.01,0.2469,280270.01,113896.232
601628.SH,中国人寿,20260915,38.15,38.25,37.58,37.62,38.28,-0.66,-1.7241,162147.22,613694.906
601633.SH,长城汽车,20260915,14.7,14.9,14.59,14.6,14.71,-0.11,-0.7478,162854.07,240427.228
601636.SH,旗滨集团,20260915,5.56,5.68,5.56,5.59,5.62,-0.03,-0.5338,260487.48,146426.899
601658.SH,邮储银行,20260915,5.45,5.46,5.37,5.39,5.45,-0.06,-1.1009,1508162.06,814943.372
601665.SH,齐鲁银行,20260915,7.12,7.18,7.05,7.09,7.15,-0.06,-0.8392,535763.76,380636.465
601666.SH,平煤股份,20260915,9.15,9.26,9.05,9.08,9.13,-0.05,-0.5476,188859.48,171988.49
601668.SH,中国建筑,20260915,4.33,4.34,4.27,4.29,4.33,-0.04,-0.9238,2236396.11,961623.328
601669.SH,中国电建,20260915,4.58,4.58,4.53,4.53,4.58,-0.05,-1.0917,735789.0,334435.088
601677.SH,明泰铝业,20260915,16.46,16.9,16.41,16.7,16.49,0.21,1.2735,199546.32,332864.083
601678.SH,滨化股份,20260915,5.87,5.87,5.79,5.81,5.88,-0.07,-1.1905,403738.78,235249.157
601686.SH,友发集团,20260915,5.22,5.22,5.13,5.14,5.21,-0.07,-1.3436,32998.0,17028.881
601688.SH,华泰证券,20260915,18.78,18.85,18.55,18.59,18.8,-0.21,-1.117,410880.62,766038.467
601689.SH,拓普集团,20260915,42.98,43.11,41.8,41.95,43.13,-1.18,-2.7359,189614.75,800132.517
601696.SH,中银证券,20260915,11.23,11.28,11.14,11.14,11.24,-0.1,-0.8897,159231.66,178042.324
601698.SH,中国卫通,20260915,23.72,23.96,23.6,23.62,23.79,-0.17,-0.7146,99334.72,235541.853
601699.SH,潞安环能,20260915,15.66,15.86,15.55,15.67,15.55,0.12,0.7717,178269.68,279667.416
601700.SH,风范股份,20260915,6.14,6.22,6.09,6.11,6.18,-0.07,-1.1327,489643.3,301512.654
601702.SH,华峰铝业,20260915,15.32,15.32,15.01,15.05,15.23,-0.18,-1.1819,27141.0,41002.112
601717.SH,中创智领,20260915,13.95,13.98,13.75,13.79,13.98,-0.19,-1.3591,145954.23,202010.477
601718.SH,ST际华,20260915,1.99,2.0,1.94,1.94,1.99,-0.05,-2.5126,151487.4,29786.394
601727.SH,上海电气,20260915,6.46,6.53,6.45,6.45,6.49,-0.04,-0.6163,385041.0,249672.264
601728.SH,中国电信,20260915,6.24,6.33,6.2,6.28,6.26,0.02,0.3195,819601.2,513180.159
601766.SH,中国中车,20260915,6.11,6.13,6.01,6.03,6.13,-0.1,-1.6313,872510.96,528672.501
601777.SH,千里科技,20260915,7.94,8.05,7.85,7.92,7.93,-0.01,-0.1261,112179.66,88811.192
601778.SH,晶科科技,20260915,3.57,3.62,3.48,3.59,3.55,0.04,1.1268,998040.48,356574.371
601788.SH,光大证券,20260915,13.95,13.98,13.81,13.81,13.94,-0.13,-0.9326,110985.85,153866.371
601789.SH,宁波建工,20260915,4.17,4.18,4.1,4.11,4.17,-0.06,-1.4388,156379.1,64700.567
601798.SH,蓝科高新,20260915,7.59,7.62,7.38,7.38,7.6,-0.22,-2.8947,38443.5,28672.029
601799.SH,星宇股份,20260915,72.81,73.54,72.2,72.32,72.81,-0.49,-0.673,27925.9,203238.543
601800.SH,中国交建,20260915,5.91,5.92,5.83,5.84,5.92,-0.08,-1.3514,234871.19,137882.704
601801.SH,皖新传媒,20260915,5.36,5.39,5.25,5.27,5.36,-0.09,-1.6791,85565.0,45534.742
601808.SH,中海油服,20260915,12.37,12.41,12.19,12.3,12.37,-0.07,-0.5659,189510.3,232375.498
601811.SH,新华文轩,20260915,12.08,12.14,11.73,11.79,12.03,-0.24,-1.995,37749.0,45046.812
601816.SH,京沪高铁,20260915,4.85,4.86,4.77,4.79,4.84,-0.05,-1.0331,1132870.53,544786.715
601818.SH,光大银行,20260915,3.04,3.05,3.03,3.03,3.05,-0.02,-0.6557,1502329.78,456558.076
601825.SH,沪农商行,20260915,8.85,8.91,8.78,8.81,8.87,-0.06,-0.6764,195164.0,172431.61
601827.SH,三峰环境,20260915,8.12,8.26,8.09,8.13,8.17,-0.04,-0.4896,59842.39,48880.852
601828.SH,美凯龙,20260915,2.21,2.21,2.11,2.11,2.21,-0.1,-4.5249,476098.0,101989.8
601838.SH,成都银行,20260915,20.28,20.29,19.95,20.04,20.25,-0.21,-1.037,187265.98,376224.982
601857.SH,中国石油,20260915,11.08,11.14,10.93,11.11,11.04,0.07,0.6341,875564.66,968661.479
601858.SH,中国科传,20260915,19.78,20.33,19.67,19.74,19.78,-0.04,-0.2022,74234.68,148514.319
601860.SH,紫金银行,20260915,2.64,2.64,2.59,2.59,2.63,-0.04,-1.5209,604563.0,157452.246
601865.SH,福莱特,20260915,9.39,9.45,9.3,9.32,9.39,-0.07,-0.7455,58240.0,54538.475
601866.SH,中远海发,20260915,2.48,2.49,2.44,2.46,2.49,-0.03,-1.2048,578532.0,142683.398
601868.SH,中国能建,20260915,2.46,2.47,2.41,2.42,2.46,-0.04,-1.626,2603377.24,633849.086
601869.SH,长飞光纤,20260915,446.34,468.8,442.68,462.0,459.66,2.34,0.5091,118593.46,5397815.433
601872.SH,招商轮船,20260915,20.16,21.2,19.65,20.5,20.0,0.5,2.5,1733524.55,3572574.375
601877.SH,正泰电器,20260915,24.99,25.2,24.87,24.87,24.86,0.01,0.0402,117262.45,293466.033
601878.SH,浙商证券,20260915,9.06,9.09,9.0,9.0,9.06,-0.06,-0.6623,117824.0,106373.01
601880.SH,辽港股份,20260915,1.47,1.48,1.45,1.46,1.47,-0.01,-0.6803,999934.49,146460.437
601881.SH,中国银河,20260915,12.08,12.18,11.99,12.1,12.08,0.02,0.1656,235849.01,285395.292
601882.SH,海天精工,20260915,21.7,21.92,21.43,21.8,21.7,0.1,0.4608,42070.0,91477.835
601886.SH,江河集团,20260915,13.47,13.53,12.78,13.09,13.46,-0.37,-2.7489,172401.63,226534.511
601888.SH,中国中免,20260915,51.62,51.64,50.98,51.05,51.71,-0.66,-1.2763,126459.74,647859.656
601890.SH,亚星锚链,20260915,9.75,10.2,9.57,9.94,9.8,0.14,1.4286,900475.81,895225.057
601898.SH,中煤能源,20260915,14.47,14.53,14.23,14.26,14.42,-0.16,-1.1096,272127.58,390436.972
601899.SH,紫金矿业,20260915,32.06,32.2,31.53,31.68,32.25,-0.57,-1.7674,1302032.67,4146681.642
601900.SH,南方传媒,20260915,12.24,12.84,12.17,12.5,12.18,0.32,2.6273,210516.23,264576.324
601901.SH,方正证券,20260915,6.78,6.89,6.73,6.8,6.76,0.04,0.5917,487325.13,331520.739
601908.SH,京运通,20260915,2.99,3.0,2.93,2.95,2.98,-0.03,-1.0067,296250.59,87852.128
601916.SH,浙商银行,20260915,2.97,2.98,2.94,2.95,2.98,-0.03,-1.0067,1155504.3,341166.321
601918.SH,新集能源,20260915,10.32,10.49,10.3,10.38,10.32,0.06,0.5814,199329.33,207406.877
601919.SH,中远海控,20260915,16.1,16.12,15.9,15.98,16.1,-0.12,-0.7453,466039.86,744433.483
601921.SH,浙版传媒,20260915,7.51,7.57,7.42,7.45,7.48,-0.03,-0.4011,63347.0,47381.113
601928.SH,凤凰传媒,20260915,8.55,8.58,8.41,8.45,8.53,-0.08,-0.9379,70760.65,59964.032
601929.SH,吉视传媒,20260915,2.46,2.48,2.35,2.35,2.47,-0.12,-4.8583,982036.48,235958.833
601933.SH,永辉超市,20260915,3.06,3.07,2.97,2.98,3.06,-0.08,-2.6144,1643841.95,493503.633
601939.SH,建设银行,20260915,11.12,11.13,10.85,10.93,11.11,-0.18,-1.6202,1093111.31,1195500.449
601949.SH,中国出版,20260915,5.75,6.27,5.71,5.97,5.73,0.24,4.1885,1403487.84,840816.126
601952.SH,苏垦农发,20260915,9.13,9.25,8.86,8.88,9.13,-0.25,-2.7382,419960.76,379142.623
601956.SH,东贝集团,20260915,4.84,4.86,4.71,4.71,4.85,-0.14,-2.8866,48904.2,23285.227
601958.SH,金钼股份,20260915,20.16,20.57,20.16,20.24,20.16,0.08,0.3968,203501.22,414776.245
601963.SH,重庆银行,20260915,11.39,11.45,11.12,11.15,11.42,-0.27,-2.3643,107247.4,120330.933
601965.SH,中国汽研,20260915,13.6,13.66,13.44,13.5,13.58,-0.08,-0.5891,27913.0,37780.702
601966.SH,玲珑轮胎,20260915,10.65,10.72,10.52,10.54,10.69,-0.15,-1.4032,48883.24,51731.976
601968.SH,宝钢包装,20260915,4.59,4.59,4.47,4.52,4.6,-0.08,-1.7391,72889.0,32856.846
601969.SH,海南矿业,20260915,9.45,9.47,9.26,9.35,9.47,-0.12,-1.2672,129002.0,120695.892
601975.SH,招商南油,20260915,4.61,4.72,4.5,4.62,4.58,0.04,0.8734,1708879.46,792916.341
601985.SH,中国核电,20260915,9.06,9.09,8.97,9.02,9.06,-0.04,-0.4415,615515.13,555015.282
601988.SH,中国银行,20260915,6.63,6.64,6.5,6.57,6.64,-0.07,-1.0542,1975254.66,1294905.374
601990.SH,南京证券,20260915,6.66,6.7,6.62,6.64,6.67,-0.03,-0.4498,105641.07,70164.174
601991.SH,大唐发电,20260915,5.65,5.72,5.54,5.56,5.68,-0.12,-2.1127,2043928.32,1143080.637
601992.SH,金隅集团,20260915,1.38,1.39,1.36,1.36,1.38,-0.02,-1.4493,310935.53,42550.477
601996.SH,丰林集团,20260915,2.87,2.89,2.8,2.81,2.89,-0.08,-2.7682,249829.98,70600.175
601997.SH,贵阳银行,20260915,5.68,5.69,5.6,5.62,5.69,-0.07,-1.2302,421520.72,237768.869
601998.SH,中信银行,20260915,8.93,9.07,8.86,8.98,8.94,0.04,0.4474,470995.88,422832.674
601999.SH,出版传媒,20260915,6.83,7.39,6.72,6.96,6.77,0.19,2.8065,531964.64,374046.814
603000.SH,人民网,20260915,17.18,18.23,16.92,17.23,16.57,0.66,3.9831,749066.86,1321013.575
603001.SH,奥康国际,20260915,8.62,9.21,8.62,8.87,8.7,0.17,1.954,90492.47,81197.06
603002.SH,宏昌电子,20260915,18.46,19.48,18.46,18.81,18.81,0.0,0.0,1256880.85,2385923.786
603004.SH,鼎龙科技,20260915,17.9,18.05,17.75,17.76,17.96,-0.2,-1.1136,10201.05,18229.144
603005.SH,晶方科技,20260915,28.53,29.55,28.47,29.03,28.79,0.24,0.8336,209863.24,610815.573
603006.SH,联明股份,20260915,10.54,10.56,10.2,10.2,10.59,-0.39,-3.6827,21931.0,22657.353
603007.SH,顺景科技,20260915,4.74,4.77,4.58,4.58,4.76,-0.18,-3.7815,148773.0,69252.366
603008.SH,ST喜临门,20260915,8.92,9.0,8.57,8.63,8.92,-0.29,-3.2511,52382.0,45998.592
603009.SH,北特科技,20260915,44.0,44.43,42.7,42.72,44.55,-1.83,-4.1077,53653.5,232579.477
603010.SH,万盛股份,20260915,11.75,11.86,11.41,11.73,11.58,0.15,1.2953,55628.4,65007.178
603011.SH,合锻智能,20260915,25.5,27.55,25.5,27.08,25.84,1.24,4.7988,600761.6,1619059.442
603012.SH,创力集团,20260915,9.04,9.13,8.82,8.9,8.98,-0.08,-0.8909,181174.0,162285.272
603013.SH,亚普股份,20260915,14.29,14.35,14.14,14.25,14.21,0.04,0.2815,21673.77,30890.122
603014.SH,威高血净,20260915,30.79,31.08,30.44,30.51,30.83,-0.32,-1.038,7403.0,22694.876
603015.SH,弘讯科技,20260915,10.68,11.15,10.5,10.56,10.69,-0.13,-1.2161,48429.0,52056.962
603016.SH,新宏泰,20260915,27.43,27.75,26.86,27.11,27.65,-0.54,-1.953,24127.0,65835.65
603017.SH,中衡设计,20260915,9.97,9.97,9.61,9.62,9.95,-0.33,-3.3166,33004.0,32119.233
603018.SH,华设集团,20260915,5.3,5.3,5.15,5.17,5.3,-0.13,-2.4528,70511.31,36732.475
603019.SH,中科曙光,20260915,81.6,82.58,81.47,82.06,81.97,0.09,0.1098,140025.87,1148420.539
603020.SH,爱普股份,20260915,11.46,11.67,10.78,10.82,11.17,-0.35,-3.1334,218125.74,242039.604
603021.SH,*ST华鹏,20260915,5.49,5.56,5.32,5.34,5.49,-0.15,-2.7322,45239.0,24502.083
603022.SH,新通联,20260915,8.77,8.84,8.4,8.43,8.85,-0.42,-4.7458,46423.55,39626.12
603023.SH,威帝股份,20260915,4.09,4.12,3.83,3.87,4.12,-0.25,-6.068,143915.0,56833.725
603025.SH,大豪科技,20260915,13.39,13.63,13.24,13.27,13.36,-0.09,-0.6737,58042.65,77745.059
603026.SH,石大胜华,20260915,61.7,62.55,60.63,60.76,61.62,-0.86,-1.3957,54045.27,332742.883
603027.SH,千禾味业,20260915,7.39,7.39,7.3,7.34,7.38,-0.04,-0.542,67539.23,49505.461
603028.SH,赛福天,20260915,6.87,6.89,6.5,6.52,6.84,-0.32,-4.6784,40268.0,26757.061
603029.SH,天鹅股份,20260915,16.26,16.35,15.78,15.81,16.36,-0.55,-3.3619,34483.0,55153.657
603030.SH,全筑股份,20260915,2.12,2.13,2.02,2.03,2.12,-0.09,-4.2453,320593.0,66056.957
603031.SH,安孚科技,20260915,44.13,44.46,42.29,42.36,43.75,-1.39,-3.1771,92033.22,396108.68
603032.SH,德新科技,20260915,18.48,18.98,18.22,18.7,18.23,0.47,2.5782,81885.38,153424.658
603033.SH,三维股份,20260915,7.12,7.12,6.96,6.96,7.1,-0.14,-1.9718,39119.59,27445.472
603035.SH,常熟汽饰,20260915,10.4,10.41,10.17,10.21,10.4,-0.19,-1.8269,23274.18,23913.446
603036.SH,如通股份,20260915,13.02,13.11,12.74,12.74,13.14,-0.4,-3.0441,53514.0,68914.81
603037.SH,凯众股份,20260915,9.91,9.91,9.68,9.69,9.91,-0.22,-2.22,23459.36,22914.32
603038.SH,华立股份,20260915,15.56,15.6,15.18,15.22,15.43,-0.21,-1.361,31474.0,48247.728
603039.SH,泛微网络,20260915,36.83,36.88,36.0,36.15,36.02,0.13,0.3609,121457.86,442123.021
603040.SH,新坐标,20260915,46.91,47.0,45.91,46.38,46.67,-0.29,-0.6214,8427.25,39096.754
603041.SH,美思德,20260915,11.16,11.18,10.67,10.72,11.19,-0.47,-4.2002,30428.0,32961.04
603042.SH,华脉科技,20260915,15.7,16.29,15.53,15.6,16.17,-0.57,-3.525,310637.59,488458.888
603043.SH,广州酒家,20260915,13.42,13.45,13.04,13.09,13.42,-0.33,-2.459,34570.0,45585.574
603045.SH,福达合金,20260915,48.71,49.46,48.5,48.56,48.88,-0.32,-0.6547,35231.03,172620.741
603048.SH,浙江黎明,20260915,22.73,22.73,21.75,22.25,22.75,-0.5,-2.1978,20230.0,44927.778
603049.SH,中策橡胶,20260915,44.81,45.1,44.32,44.89,44.92,-0.03,-0.0668,28383.0,126823.634
603050.SH,科林电气,20260915,17.8,18.33,17.8,18.05,17.9,0.15,0.838,34427.48,62303.149
603051.SH,鹿山新材,20260915,23.16,23.97,22.9,23.67,23.29,0.38,1.6316,92929.15,218625.913
603052.SH,可川科技,20260915,53.7,56.19,53.7,54.76,54.3,0.46,0.8471,36506.0,200891.553
603053.SH,成都燃气,20260915,8.94,8.98,8.79,8.79,8.94,-0.15,-1.6779,18204.18,16099.569
603055.SH,台华新材,20260915,9.34,9.4,9.24,9.32,9.36,-0.04,-0.4274,46880.89,43726.534
603057.SH,紫燕食品,20260915,18.84,19.13,18.75,18.81,18.95,-0.14,-0.7388,11237.51,21210.352
603058.SH,永吉股份,20260915,8.88,8.89,8.55,8.57,8.9,-0.33,-3.7079,67472.0,58575.138
603059.SH,倍加洁,20260915,23.29,23.6,23.05,23.41,23.34,0.07,0.2999,12964.0,30298.314
603060.SH,国检集团,20260915,5.53,5.57,5.39,5.4,5.53,-0.13,-2.3508,35390.2,19335.685
603061.SH,金海通,20260915,302.21,322.0,300.0,310.0,302.92,7.08,2.3373,30475.6,946064.482
603062.SH,麦加芯彩,20260915,36.63,37.07,36.3,36.71,36.85,-0.14,-0.3799,1944.0,7117.154
603063.SH,禾望电气,20260915,29.43,30.15,29.1,29.81,29.44,0.37,1.2568,111186.36,331069.336
603065.SH,宿迁联盛,20260915,13.55,13.89,13.43,13.72,13.6,0.12,0.8824,144207.0,197698.122
603066.SH,音飞储存,20260915,9.19,9.2,8.85,8.87,9.2,-0.33,-3.587,66419.79,59716.077
603067.SH,振华股份,20260915,35.48,36.66,35.33,35.68,35.75,-0.07,-0.1958,168251.0,605093.927
603068.SH,博通集成,20260915,35.0,35.73,34.91,35.32,35.22,0.1,0.2839,60505.9,214142.931
603069.SH,海汽集团,20260915,13.55,13.64,12.85,12.85,13.51,-0.66,-4.8853,47035.73,61850.191
603070.SH,万控智造,20260915,11.45,11.49,11.19,11.23,11.44,-0.21,-1.8357,17229.16,19474.758
603071.SH,物产环能,20260915,12.48,12.54,12.27,12.37,12.48,-0.11,-0.8814,20231.75,25094.394
603072.SH,天和磁材,20260915,29.9,30.45,29.8,30.36,29.85,0.51,1.7085,15749.07,47622.109
603073.SH,彩蝶实业,20260915,16.3,16.3,15.53,15.54,16.31,-0.77,-4.721,13652.5,21515.184
603075.SH,热威股份,20260915,20.08,20.1,19.81,19.94,20.3,-0.36,-1.7734,35956.59,71676.173
603076.SH,乐惠国际,20260915,19.78,19.8,19.3,19.36,19.8,-0.44,-2.2222,14370.0,28052.754
603077.SH,和邦生物,20260915,2.31,2.32,2.22,2.23,2.32,-0.09,-3.8793,2717309.18,610991.781
603078.SH,江化微,20260915,30.87,31.85,30.66,31.4,31.01,0.39,1.2577,123600.67,387361.0
603079.SH,圣达生物,20260915,12.79,12.83,12.54,12.55,12.84,-0.29,-2.2586,35025.8,44320.512
603080.SH,新疆火炬,20260915,19.65,19.65,19.03,19.08,19.64,-0.56,-2.8513,15915.0,30695.992
603081.SH,大丰实业,20260915,9.65,9.65,9.35,9.37,9.59,-0.22,-2.2941,26110.0,24672.845
603082.SH,北自科技,20260915,42.94,48.16,41.0,48.16,43.78,4.38,10.0046,151429.37,686216.86
603083.SH,剑桥科技,20260915,217.69,222.5,213.13,216.4,218.88,-2.48,-1.133,165267.38,3590714.5
603085.SH,天成自控,20260915,9.9,9.99,9.7,9.74,9.86,-0.12,-1.217,37689.0,37119.793
603086.SH,先达股份,20260915,5.96,5.98,5.72,5.74,5.98,-0.24,-4.0134,121897.0,71017.885
603087.SH,甘李药业,20260915,68.99,69.7,68.62,68.88,69.2,-0.32,-0.4624,27881.47,192292.164
603088.SH,宁波精达,20260915,10.19,10.42,10.02,10.08,10.23,-0.15,-1.4663,80742.55,82129.385
603089.SH,正裕工业,20260915,9.4,9.43,9.13,9.15,9.45,-0.3,-3.1746,33538.0,31039.767
603090.SH,宏盛股份,20260915,37.4,40.21,36.9,40.21,36.55,3.66,10.0137,91587.0,356760.823
603091.SH,众鑫股份,20260915,48.18,49.14,47.75,48.15,48.55,-0.4,-0.8239,4549.6,21999.095
603092.SH,德力佳,20260915,41.02,44.97,40.71,44.37,41.0,3.37,8.2195,46315.79,200851.263
603093.SH,南华期货,20260915,12.09,12.35,11.99,12.13,12.02,0.11,0.9151,127496.45,155202.817
603095.SH,越剑智能,20260915,14.13,14.43,13.92,14.18,14.22,-0.04,-0.2813,36328.71,51529.433
603096.SH,新经典,20260915,15.35,15.4,14.82,14.9,15.33,-0.43,-2.805,15677.0,23599.537
603097.SH,江苏华辰,20260915,18.35,18.88,18.3,18.65,18.46,0.19,1.0293,17568.0,32757.953
603098.SH,森特股份,20260915,10.86,10.86,10.41,10.42,10.77,-0.35,-3.2498,43245.0,45764.632
603099.SH,长白山,20260915,37.55,37.6,36.61,36.74,37.55,-0.81,-2.1571,45989.04,169692.143
603100.SH,川仪股份,20260915,18.18,18.22,17.6,17.77,18.32,-0.55,-3.0022,39832.01,71193.534
603101.SH,汇嘉时代,20260915,7.65,7.73,7.23,7.23,7.62,-0.39,-5.1181,82284.56,60385.879
603102.SH,百合股份,20260915,35.75,35.75,34.8,34.81,35.55,-0.74,-2.0816,9838.0,34646.745
603103.SH,横店影视,20260915,16.3,16.43,15.73,15.75,16.23,-0.48,-2.9575,51836.47,82781.58
603105.SH,芯能科技,20260915,8.57,8.58,8.05,8.07,8.42,-0.35,-4.1568,378623.27,311466.451
603106.SH,恒银科技,20260915,7.57,7.58,7.3,7.33,7.51,-0.18,-2.3968,155014.0,114705.228
603107.SH,上海汽配,20260915,11.94,11.94,11.61,11.64,11.85,-0.21,-1.7722,11447.28,13406.648
603108.SH,润达医疗,20260915,9.46,9.55,9.29,9.3,9.43,-0.13,-1.3786,83395.0,78399.409
603109.SH,神驰机电,20260915,16.6,16.67,16.37,16.38,16.73,-0.35,-2.0921,9149.2,15089.435
603110.SH,东方材料,20260915,23.92,25.13,23.51,24.74,23.95,0.79,3.2985,90480.0,222326.16
603111.SH,康尼机电,20260915,6.16,6.18,6.04,6.06,6.15,-0.09,-1.4634,49444.51,30027.083
603112.SH,华翔股份,20260915,15.74,16.83,15.7,16.62,15.85,0.77,4.858,148943.49,244954.631
603113.SH,金能科技,20260915,5.03,5.05,4.81,4.84,5.04,-0.2,-3.9683,222690.98,108814.543
603115.SH,海星股份,20260915,86.5,92.9,86.5,92.9,87.79,5.11,5.8207,114827.55,1036221.992
603116.SH,红蜻蜓,20260915,6.2,6.25,6.02,6.06,6.18,-0.12,-1.9417,40682.0,24749.477
603117.SH,万林物流,20260915,4.08,4.08,3.89,3.91,4.06,-0.15,-3.6946,90037.0,35675.667
603118.SH,共进股份,20260915,16.18,16.6,15.88,16.24,16.28,-0.04,-0.2457,569143.86,923793.384
603119.SH,浙江荣泰,20260915,54.14,54.23,52.6,53.05,53.67,-0.62,-1.1552,102520.66,546178.631
603120.SH,肯特催化,20260915,49.5,52.15,49.15,51.57,50.02,1.55,3.0988,26547.0,136261.755
603121.SH,华培动力,20260915,12.3,12.33,12.09,12.1,12.3,-0.2,-1.626,30875.0,37657.376
603122.SH,合富中国,20260915,12.06,12.25,11.81,11.83,12.09,-0.26,-2.1505,163743.0,195971.663
603123.SH,翠微股份,20260915,9.75,9.85,9.42,9.44,9.77,-0.33,-3.3777,376888.77,360004.87
603124.SH,江南新材,20260915,130.0,134.25,128.58,129.03,131.12,-2.09,-1.594,42683.08,559037.805
603125.SH,常青科技,20260915,22.99,23.69,22.82,23.41,22.83,0.58,2.5405,44441.58,103962.912
603126.SH,中材节能,20260915,6.32,6.35,6.17,6.21,6.33,-0.12,-1.8957,58230.0,36236.069
603127.SH,昭衍新药,20260915,42.36,43.23,42.23,42.32,42.8,-0.48,-1.1215,154433.17,657425.013
603128.SH,华贸物流,20260915,5.61,5.61,5.42,5.42,5.57,-0.15,-2.693,137385.0,75121.096
603129.SH,春风动力,20260915,300.92,310.87,298.28,304.5,299.88,4.62,1.5406,15922.16,486073.996
603130.SH,云中马,20260915,36.36,37.82,36.13,36.81,36.66,0.15,0.4092,10223.0,37649.582
603131.SH,上海沪工,20260915,13.71,13.77,13.39,13.4,13.78,-0.38,-2.7576,49329.0,66877.481
603132.SH,金徽股份,20260915,18.44,19.2,18.3,18.37,18.84,-0.47,-2.4947,56298.56,104581.256
603135.SH,中重科技,20260915,8.53,8.55,8.39,8.41,8.53,-0.12,-1.4068,39051.8,33032.155
603136.SH,天目湖,20260915,10.01,10.16,9.73,9.73,10.81,-1.08,-9.9907,108015.0,106392.342
603137.SH,恒尚节能,20260915,19.04,19.08,18.53,18.61,18.99,-0.38,-2.0011,56918.0,106913.222
603138.SH,海量数据,20260915,14.12,15.49,14.11,14.85,14.08,0.77,5.4688,428640.48,650551.835
603139.SH,康惠股份,20260915,40.27,40.57,39.06,39.16,40.67,-1.51,-3.7128,31452.0,124449.432
603150.SH,万朗磁塑,20260915,68.19,70.68,67.68,68.82,68.04,0.78,1.1464,21894.0,151896.043
603151.SH,邦基科技,20260915,17.32,18.52,16.88,17.38,17.27,0.11,0.6369,55446.92,98416.511
603153.SH,上海建科,20260915,13.36,13.36,13.04,13.07,13.36,-0.29,-2.1707,15589.83,20509.138
603155.SH,新亚强,20260915,13.28,14.07,13.26,14.0,13.4,0.6,4.4776,106899.03,146397.962
603156.SH,养元饮品,20260915,41.1,42.49,41.06,41.19,41.1,0.09,0.219,82235.5,342532.804
603158.SH,腾龙股份,20260915,10.53,10.65,10.36,10.36,10.54,-0.18,-1.7078,76178.2,79967.028
603160.SH,汇顶科技,20260915,50.35,52.47,50.2,52.01,50.4,1.61,3.1944,46784.01,242956.999
603161.SH,科华控股,20260915,15.6,15.64,15.06,15.08,15.61,-0.53,-3.3953,33029.2,50401.352
603162.SH,海通发展,20260915,13.77,13.98,13.09,13.5,13.9,-0.4,-2.8777,800364.32,1080217.836
603163.SH,圣晖集成,20260915,78.96,82.21,78.11,78.96,79.52,-0.56,-0.7042,24356.59,194267.35
603165.SH,荣晟环保,20260915,13.59,13.68,13.45,13.45,13.58,-0.13,-0.9573,21594.92,29213.109
603166.SH,福达股份,20260915,10.7,10.9,10.48,10.79,10.67,0.12,1.1246,66261.0,71168.987
603167.SH,渤海轮渡,20260915,8.15,8.17,8.05,8.07,8.17,-0.1,-1.224,38410.0,31145.747
603168.SH,莎普爱思,20260915,5.79,5.89,5.55,5.57,5.83,-0.26,-4.4597,60603.3,34219.989
603169.SH,兰石重装,20260915,6.44,6.49,6.32,6.32,6.45,-0.13,-2.0155,84772.0,54059.515
603170.SH,宝立食品,20260915,12.06,12.06,11.87,11.92,12.02,-0.1,-0.8319,11775.0,14066.16
603171.SH,税友股份,20260915,39.68,39.88,38.58,38.73,38.67,0.06,0.1552,48913.84,190717.036
603172.SH,万丰股份,20260915,18.22,18.4,17.89,18.04,18.22,-0.18,-0.9879,13372.0,24204.894
603173.SH,福斯达,20260915,28.89,28.89,27.76,27.76,28.59,-0.83,-2.9031,9816.67,27560.356
603175.SH,超颖电子,20260915,97.42,98.86,96.48,96.86,97.51,-0.65,-0.6666,12343.21,120447.101
603176.SH,汇通集团,20260915,5.27,5.35,5.07,5.09,5.32,-0.23,-4.3233,43070.0,22252.965
603177.SH,德创环保,20260915,10.79,10.89,10.48,10.5,10.75,-0.25,-2.3256,40568.09,43202.475
603178.SH,圣龙股份,20260915,15.78,15.78,15.41,15.42,15.79,-0.37,-2.3433,54965.95,85592.427
603179.SH,新泉股份,20260915,38.22,38.5,36.86,36.92,38.6,-1.68,-4.3523,146958.76,547793.015
603180.SH,金牌家居,20260915,15.5,15.5,14.9,15.03,15.5,-0.47,-3.0323,9501.0,14380.016
603181.SH,皇马科技,20260915,12.22,12.35,12.13,12.13,12.24,-0.11,-0.8987,25975.94,31724.874
603182.SH,嘉华股份,20260915,13.54,13.58,12.96,13.01,13.49,-0.48,-3.5582,22294.0,29264.079
603183.SH,建研院,20260915,4.67,4.69,4.45,4.48,4.68,-0.2,-4.2735,135431.55,61453.73
603185.SH,弘元绿能,20260915,13.89,14.06,13.82,13.86,13.97,-0.11,-0.7874,47473.35,66216.455
603186.SH,华正新材,20260915,239.7,251.57,239.7,251.57,228.7,22.87,10.0,99532.32,2483687.318
603187.SH,海容冷链,20260915,10.76,10.76,10.53,10.55,10.7,-0.15,-1.4019,33035.96,35023.802
603188.SH,亚邦股份,20260915,4.72,4.73,4.41,4.42,4.72,-0.3,-6.3559,188011.0,84967.937
603189.SH,*ST网达,20260915,10.03,10.03,9.26,9.37,9.93,-0.56,-5.6395,42206.0,40244.606
603190.SH,亚通精工,20260915,15.61,15.8,15.32,15.35,15.72,-0.37,-2.3537,12287.4,19054.149
603191.SH,望变电气,20260915,13.12,13.49,12.98,13.21,13.18,0.03,0.2276,76707.8,101259.514
603192.SH,汇得科技,20260915,20.33,20.33,19.61,19.66,20.25,-0.59,-2.9136,20266.67,40213.19
603193.SH,润本股份,20260915,19.75,19.75,19.5,19.58,19.6,-0.02,-0.102,18182.0,35652.903
603194.SH,中力股份,20260915,33.69,33.98,33.4,33.83,33.61,0.22,0.6546,8691.0,29326.006
603195.SH,公牛集团,20260915,38.81,39.01,38.35,38.37,38.82,-0.45,-1.1592,21783.69,84117.121
603196.SH,璞源材料,20260915,19.02,19.27,18.7,18.72,18.98,-0.26,-1.3699,15245.0,28939.406
603197.SH,保隆科技,20260915,28.63,29.12,28.55,28.59,28.8,-0.21,-0.7292,17685.0,50878.599
603198.SH,迎驾贡酒,20260915,38.2,38.5,37.7,37.77,38.05,-0.28,-0.7359,16161.0,61336.564
603199.SH,九华旅游,20260915,32.75,32.75,31.96,32.04,32.75,-0.71,-2.1679,20470.26,66023.16
603200.SH,上海洗霸,20260915,37.98,39.81,37.5,39.81,36.19,3.62,10.0028,51724.78,203153.339
603201.SH,常润股份,20260915,14.93,15.08,14.68,14.69,15.0,-0.31,-2.0667,20305.06,30053.337
603202.SH,天有为,20260915,51.1,51.22,50.5,50.61,51.09,-0.48,-0.9395,4835.98,24547.819
603203.SH,快克智能,20260915,43.3,44.93,43.28,43.89,43.37,0.52,1.199,63272.15,279880.649
603205.SH,健尔康,20260915,22.73,23.13,22.38,22.79,22.75,0.04,0.1758,14638.18,33424.739
603206.SH,嘉环科技,20260915,13.4,14.0,13.32,13.75,13.42,0.33,2.459,47563.0,65374.128
603207.SH,小方制药,20260915,23.89,24.16,23.5,23.77,24.14,-0.37,-1.5327,23403.94,55639.904
603208.SH,江山欧派,20260915,10.93,10.98,10.4,10.42,10.92,-0.5,-4.5788,23552.2,25036.778
603209.SH,兴通股份,20260915,14.65,14.68,14.4,14.48,14.68,-0.2,-1.3624,38746.18,56317.853
603210.SH,泰鸿万立,20260915,12.85,12.94,12.77,12.82,12.86,-0.04,-0.311,12943.53,16618.189
603211.SH,晋拓股份,20260915,20.11,20.21,19.74,19.84,20.05,-0.21,-1.0474,27925.0,55586.672
603212.SH,赛伍技术,20260915,11.34,11.58,11.28,11.3,11.46,-0.16,-1.3962,51912.0,59231.758
603213.SH,镇洋发展,20260915,13.57,13.61,13.45,13.45,13.57,-0.12,-0.8843,17632.0,23789.011
603214.SH,爱婴室,20260915,13.29,13.4,12.8,12.85,13.36,-0.51,-3.8174,54031.14,70416.724
603215.SH,比依股份,20260915,13.73,13.89,13.49,13.55,13.84,-0.29,-2.0954,9382.0,12786.68
603216.SH,梦天家居,20260915,22.58,23.03,21.98,21.98,23.05,-1.07,-4.6421,79940.84,179082.085
603217.SH,元利科技,20260915,28.14,28.15,27.07,27.12,27.59,-0.47,-1.7035,25083.0,68455.914
603218.SH,日月股份,20260915,9.23,9.63,9.09,9.57,9.24,0.33,3.5714,193932.46,182890.606
603219.SH,富佳股份,20260915,12.67,12.8,12.52,12.58,12.73,-0.15,-1.1783,23424.04,29587.195
603220.SH,中贝通信,20260915,18.1,18.2,17.38,17.4,18.0,-0.6,-3.3333,157442.72,278056.409
603221.SH,爱丽家居,20260915,27.72,29.68,27.3,29.22,28.0,1.22,4.3571,169032.66,481282.979
603222.SH,济民健康,20260915,7.72,7.82,7.66,7.68,7.78,-0.1,-1.2853,64574.68,49920.121
603223.SH,恒通股份,20260915,9.79,9.94,9.74,9.8,9.78,0.02,0.2045,50713.62,49864.406
603225.SH,新凤鸣,20260915,16.72,16.88,16.5,16.59,16.7,-0.11,-0.6587,116525.36,194266.533
603226.SH,菲林格尔,20260915,35.75,38.2,34.21,36.59,36.19,0.4,1.1053,81878.0,297301.456
603227.SH,雪峰科技,20260915,7.54,7.57,7.4,7.42,7.53,-0.11,-1.4608,57214.9,42676.317
603228.SH,景旺电子,20260915,108.21,113.6,104.0,104.57,108.21,-3.64,-3.3638,392216.63,4203902.71
603229.SH,奥翔药业,20260915,7.57,7.7,7.55,7.56,7.63,-0.07,-0.9174,29469.08,22451.483
603230.SH,内蒙新华,20260915,10.57,10.68,10.05,10.13,10.42,-0.29,-2.7831,114109.0,116918.999
603231.SH,索宝蛋白,20260915,16.68,16.69,16.27,16.4,16.66,-0.26,-1.5606,15820.43,25970.622
603232.SH,格尔软件,20260915,15.85,16.7,15.6,15.78,15.19,0.59,3.8841,258305.5,414836.345
603233.SH,大参林,20260915,18.29,18.48,18.11,18.38,18.25,0.13,0.7123,50014.01,91791.421
603235.SH,天新药业,20260915,24.94,25.23,24.64,25.18,24.7,0.48,1.9433,8457.0,21111.566
603236.SH,移远通信,20260915,63.09,66.98,62.69,66.85,62.69,4.16,6.6358,290282.69,1901994.88
603237.SH,五芳斋,20260915,14.83,14.84,14.51,14.51,14.83,-0.32,-2.1578,21891.4,32048.549
603238.SH,诺邦股份,20260915,11.9,11.92,11.42,11.45,11.91,-0.46,-3.8623,29629.8,34251.577
603239.SH,浙江仙通,20260915,13.49,13.6,13.22,13.24,13.48,-0.24,-1.7804,17070.0,22792.084
603248.SH,锡华科技,20260915,16.81,18.46,16.72,18.46,16.78,1.68,10.0119,79877.69,144036.302
603255.SH,鼎际得,20260915,30.12,30.12,29.09,29.09,29.96,-0.87,-2.9039,12038.0,35619.515
603256.SH,宏和科技,20260915,131.0,143.74,131.0,138.23,130.67,7.56,5.7856,328017.42,4588322.829
603257.SH,中国瑞林,20260915,74.02,75.71,71.71,72.44,75.45,-3.01,-3.9894,32057.4,235690.683
603258.SH,电魂网络,20260915,13.58,13.68,13.03,13.06,13.32,-0.26,-1.952,26905.0,35851.755
603259.SH,药明康德,20260915,157.1,159.68,155.92,156.67,158.86,-2.19,-1.3786,261077.32,4102403.879
603260.SH,合盛硅业,20260915,31.91,32.36,31.76,31.82,32.02,-0.2,-0.6246,50126.99,160362.205
603261.SH,立航科技,20260915,57.92,59.36,55.67,55.67,61.86,-6.19,-10.0065,26482.0,148607.874
603262.SH,技源集团,20260915,17.31,18.5,17.25,18.22,17.34,0.88,5.075,63558.55,115403.301
603266.SH,天龙股份,20260915,15.23,16.73,15.13,16.73,15.21,1.52,9.9934,94136.0,154471.731
603267.SH,鸿远电子,20260915,50.19,51.37,50.07,50.29,50.38,-0.09,-0.1786,98595.62,499500.435
603268.SH,松发股份,20260915,196.66,197.8,194.21,195.65,195.51,0.14,0.0716,37183.64,728915.936
603269.SH,海鸥股份,20260915,24.21,24.58,23.48,23.84,24.32,-0.48,-1.9737,262811.36,627764.052
603270.SH,金帝股份,20260915,32.78,35.23,32.4,34.47,32.9,1.57,4.772,165496.03,563292.882
603271.SH,永杰新材,20260915,38.34,38.8,37.92,38.51,38.29,0.22,0.5746,8321.22,31991.991
603272.SH,*ST联翔,20260915,15.72,15.88,14.8,14.83,15.94,-1.11,-6.9636,34897.45,53290.652
603273.SH,天元智能,20260915,14.75,14.75,14.11,14.11,14.56,-0.45,-3.0907,15026.0,21505.399
603275.SH,众辰科技,20260915,35.54,35.6,35.06,35.19,35.39,-0.2,-0.5651,3578.0,12632.612
603276.SH,恒兴新材,20260915,16.36,16.64,16.14,16.24,16.47,-0.23,-1.3965,16144.79,26368.239
603277.SH,银都股份,20260915,11.2,11.53,11.03,11.5,11.16,0.34,3.0466,33228.95,37665.013
603278.SH,大业股份,20260915,9.1,9.1,8.91,8.92,9.11,-0.19,-2.0856,54800.0,49246.61
603279.SH,景津装备,20260915,11.33,11.4,11.18,11.21,11.38,-0.17,-1.4938,65499.0,73949.206
603280.SH,南方路机,20260915,25.99,25.99,25.15,25.16,25.78,-0.62,-2.405,10489.0,26613.293
603281.SH,江瀚新材,20260915,18.18,18.4,18.06,18.27,18.17,0.1,0.5504,15754.3,28783.869
603282.SH,亚光股份,20260915,16.4,16.66,15.88,15.94,16.55,-0.61,-3.6858,13279.0,21377.67
603283.SH,赛腾股份,20260915,44.0,45.56,43.93,45.05,44.11,0.94,2.131,113201.9,508061.58
603284.SH,林平发展,20260915,40.1,40.23,39.64,39.71,40.25,-0.54,-1.3416,6954.56,27731.233
603285.SH,键邦股份,20260915,38.43,39.09,37.5,38.36,39.07,-0.71,-1.8173,98460.73,376214.15
603286.SH,日盈电子,20260915,41.95,42.48,41.04,41.11,42.29,-1.18,-2.7903,27263.0,113366.5
603288.SH,海天味业,20260915,34.29,34.32,33.95,34.07,34.15,-0.08,-0.2343,68868.37,234806.978
603289.SH,泰瑞机器,20260915,9.5,9.65,9.14,9.24,9.57,-0.33,-3.4483,54705.0,50854.313
603290.SH,斯达半导,20260915,81.71,83.44,81.62,82.46,82.39,0.07,0.085,27521.74,227310.94
603291.SH,联合水务,20260915,9.84,9.88,9.24,9.51,9.88,-0.37,-3.7449,166896.4,158433.547
603293.SH,埃泰克,20260915,36.48,36.76,36.03,36.59,36.24,0.35,0.9658,15167.0,55253.141
603296.SH,华勤技术,20260915,75.91,77.39,75.7,76.22,75.98,0.24,0.3159,82797.23,634781.07
603297.SH,永新光学,20260915,105.1,106.8,105.0,105.81,105.94,-0.13,-0.1227,6196.0,65731.015
603298.SH,杭叉集团,20260915,24.55,24.76,24.33,24.38,24.55,-0.17,-0.6925,25892.87,63480.469
603299.SH,苏盐井神,20260915,8.68,8.78,8.61,8.69,8.7,-0.01,-0.1149,33731.65,29273.77
603300.SH,海南华铁,20260915,4.7,4.72,4.6,4.61,4.7,-0.09,-1.9149,204760.7,95108.136
603301.SH,振德医疗,20260915,81.77,82.44,80.92,81.97,81.73,0.24,0.2936,12116.0,99226.172
603303.SH,得邦照明,20260915,24.83,25.4,24.62,25.18,24.83,0.35,1.4096,15145.94,38057.043
603305.SH,旭升集团,20260915,10.8,10.8,10.55,10.56,10.8,-0.24,-2.2222,92573.8,98393.388
603306.SH,华懋科技,20260915,76.47,78.8,76.3,77.33,76.86,0.47,0.6115,77203.85,599653.858
603307.SH,扬州金泉,20260915,24.07,24.28,23.52,23.6,24.23,-0.63,-2.6001,5664.8,13491.514
603308.SH,应流股份,20260915,41.2,43.03,41.0,41.47,41.58,-0.11,-0.2646,229111.08,961667.196
603309.SH,维力医疗,20260915,10.9,10.9,10.66,10.66,10.85,-0.19,-1.7512,18390.0,19788.798
603310.SH,巍华新材,20260915,14.64,14.7,14.46,14.62,14.71,-0.09,-0.6118,11343.0,16541.633
603311.SH,金海高科,20260915,24.7,25.27,24.17,24.39,24.75,-0.36,-1.4545,83823.0,205520.388
603312.SH,西典新能,20260915,31.07,31.31,30.43,30.55,31.1,-0.55,-1.7685,5656.0,17411.232
603313.SH,梦百合,20260915,6.73,6.78,6.59,6.59,6.73,-0.14,-2.0802,155884.8,103830.294
603315.SH,福鞍股份,20260915,10.71,10.82,10.59,10.61,10.67,-0.06,-0.5623,39896.0,42669.833
603316.SH,诚邦股份,20260915,14.7,15.97,14.62,15.68,14.92,0.76,5.0938,386227.2,597778.459
603317.SH,天味食品,20260915,12.72,12.78,12.62,12.67,12.75,-0.08,-0.6275,43114.43,54665.561
603318.SH,水发燃气,20260915,10.01,10.39,9.49,9.49,10.16,-0.67,-6.5945,804308.67,794380.252
603319.SH,美湖股份,20260915,27.6,27.95,27.0,27.1,27.69,-0.59,-2.1307,87114.15,238701.766
603320.SH,迪贝电气,20260915,17.5,17.71,17.09,17.47,17.55,-0.08,-0.4558,21714.0,37750.706
603321.SH,梅轮电梯,20260915,6.62,6.71,6.49,6.63,6.62,0.01,0.1511,151597.36,99975.133
603322.SH,超讯科技,20260915,32.25,32.25,30.92,31.44,32.23,-0.79,-2.4511,87703.92,275697.796
603323.SH,苏农银行,20260915,4.59,4.6,4.49,4.5,4.6,-0.1,-2.1739,378294.43,171466.009
603324.SH,盛剑科技,20260915,24.87,25.49,24.5,25.13,24.87,0.26,1.0454,21620.6,54206.018
603325.SH,博隆技术,20260915,52.43,52.83,51.73,51.86,52.43,-0.57,-1.0872,1369.0,7123.362
603326.SH,我乐家居,20260915,7.45,7.47,7.13,7.14,7.43,-0.29,-3.9031,35521.0,25744.62
603327.SH,福蓉科技,20260915,8.35,8.4,8.2,8.23,8.36,-0.13,-1.555,117111.3,97093.511
603328.SH,依顿电子,20260915,13.46,13.54,12.85,13.01,13.5,-0.49,-3.6296,667628.43,876065.37
603329.SH,上海雅仕,20260915,10.03,10.06,9.65,9.67,9.99,-0.32,-3.2032,23321.0,22801.749
603330.SH,天洋新材,20260915,9.0,9.25,8.9,9.0,9.15,-0.15,-1.6393,324724.86,294583.129
603331.SH,百达精工,20260915,12.99,13.3,12.73,12.75,13.05,-0.3,-2.2989,43198.9,55923.144
603332.SH,苏州龙杰,20260915,11.56,11.56,11.06,11.09,11.5,-0.41,-3.5652,32656.0,36711.523
603333.SH,福华尚纬,20260915,9.29,9.35,9.14,9.19,9.28,-0.09,-0.9698,78168.0,72070.157
603334.SH,丰倍生物,20260915,29.88,30.17,29.78,29.95,30.07,-0.12,-0.3991,7172.35,21506.357
603335.SH,迪生力,20260915,6.1,6.16,5.92,5.94,6.13,-0.19,-3.0995,91325.0,54920.095
603336.SH,宏辉果蔬,20260915,10.25,10.4,9.9,9.93,10.39,-0.46,-4.4273,412645.78,415109.259
603337.SH,杰克科技,20260915,36.05,36.36,35.8,36.2,36.03,0.17,0.4718,13656.0,49450.705
603338.SH,浙江鼎力,20260915,57.01,57.59,56.02,56.4,57.59,-1.19,-2.0663,15249.0,86250.634
603339.SH,四方科技,20260915,12.21,12.36,12.2,12.29,12.29,0.0,0.0,46396.31,57071.591
603341.SH,龙旗科技,20260915,34.87,35.23,34.74,35.07,34.97,0.1,0.286,48087.0,168242.327
603344.SH,星德胜,20260915,25.45,25.45,22.79,22.79,25.32,-2.53,-9.9921,102713.0,245623.061
603345.SH,安井食品,20260915,74.02,74.78,73.81,74.56,74.36,0.2,0.269,26951.45,200454.603
603348.SH,文灿股份,20260915,14.1,14.48,14.02,14.1,14.1,0.0,0.0,17696.09,25230.908
603350.SH,安乃达,20260915,27.65,27.77,27.03,27.11,27.77,-0.66,-2.3767,3962.35,10818.212
603351.SH,威尔药业,20260915,25.47,25.68,25.19,25.32,25.46,-0.14,-0.5499,5831.0,14776.773
603352.SH,至信股份,20260915,25.17,25.17,24.87,24.88,25.17,-0.29,-1.1522,4684.79,11697.123
603353.SH,和顺石油,20260915,38.0,41.44,37.03,41.44,37.67,3.77,10.008,110096.34,446957.816
603355.SH,莱克电气,20260915,29.79,30.32,29.41,29.86,29.94,-0.08,-0.2672,22757.72,68101.84
603356.SH,华菱精工,20260915,16.84,16.85,16.29,16.31,16.84,-0.53,-3.1473,15119.0,24954.427
603357.SH,设计总院,20260915,5.94,5.95,5.79,5.83,5.97,-0.14,-2.3451,31824.93,18648.475
603358.SH,华达科技,20260915,45.4,45.58,43.61,44.33,45.2,-0.87,-1.9248,53057.07,236697.616
603359.SH,*ST东珠,20260915,2.38,2.39,2.22,2.24,2.36,-0.12,-5.0847,81304.0,18593.675
603360.SH,百傲化学,20260915,12.14,12.62,12.05,12.13,12.1,0.03,0.2479,99697.9,122908.165
603363.SH,傲农生物,20260915,2.97,3.01,2.9,2.91,2.99,-0.08,-2.6756,339677.0,99967.738
603365.SH,水星家纺,20260915,16.19,16.39,16.04,16.11,16.17,-0.06,-0.3711,12794.0,20721.851
603366.SH,日出东方,20260915,7.18,7.19,6.82,6.83,7.22,-0.39,-5.4017,361670.93,251353.91
603367.SH,辰欣药业,20260915,14.11,14.18,13.92,13.92,14.16,-0.24,-1.6949,39146.0,54857.67
603368.SH,柳药集团,20260915,15.37,15.37,15.22,15.24,15.36,-0.12,-0.7813,26715.21,40817.591
603369.SH,今世缘,20260915,29.18,29.18,28.48,28.5,28.99,-0.49,-1.6902,52896.32,151703.483
603370.SH,华新精科,20260915,27.55,27.66,27.03,27.03,27.68,-0.65,-2.3483,7793.46,21244.862
603373.SH,安邦护卫,20260915,39.24,39.89,38.77,39.6,39.6,0.0,0.0,8787.22,34419.095
603375.SH,盛景微,20260915,43.38,46.18,43.38,44.96,43.38,1.58,3.6422,23496.37,105278.976
603376.SH,大明电子,20260915,29.15,29.15,26.8,26.8,29.18,-2.38,-8.1563,37814.77,105437.276
603377.SH,ST东时,20260915,3.25,3.32,3.19,3.19,3.26,-0.07,-2.1472,53455.82,17510.41
603378.SH,*ST亚士,20260915,6.75,6.75,6.12,6.12,6.8,-0.68,-10.0,124536.22,80283.975
603379.SH,三美股份,20260915,53.6,54.47,52.92,53.0,53.62,-0.62,-1.1563,48488.54,259596.878
603380.SH,易德龙,20260915,33.82,34.28,33.32,33.36,33.92,-0.56,-1.6509,22510.0,75518.704
603381.SH,永臻股份,20260915,14.1,14.35,14.1,14.14,14.34,-0.2,-1.3947,20547.0,29174.427
603382.SH,海阳科技,20260915,18.62,18.75,18.28,18.3,18.57,-0.27,-1.454,12806.0,23567.579
603383.SH,顶点软件,20260915,26.84,26.98,26.53,26.57,26.75,-0.18,-0.6729,14534.0,38786.963
603385.SH,惠达卫浴,20260915,5.63,5.65,5.36,5.39,5.62,-0.23,-4.0925,41946.6,22900.743
603386.SH,骏亚科技,20260915,17.0,18.98,16.95,18.65,17.25,1.4,8.1159,612726.71,1134549.512
603387.SH,基蛋生物,20260915,9.16,9.22,9.03,9.08,9.22,-0.14,-1.5184,49765.6,45235.293
603389.SH,亚振家居,20260915,47.0,47.51,45.45,45.71,47.15,-1.44,-3.0541,27428.0,126450.443
603390.SH,通达电气,20260915,11.24,11.44,11.0,11.08,11.4,-0.32,-2.807,182325.16,204005.439
603391.SH,力聚热能,20260915,63.51,65.98,63.05,65.17,64.8,0.37,0.571,11268.0,73378.259
603392.SH,万泰生物,20260915,26.16,26.19,25.43,25.43,26.16,-0.73,-2.7905,50262.74,129525.124
603393.SH,XD新天然,20260915,25.5,25.88,25.31,25.58,25.61,-0.03,-0.1171,53470.79,136877.697
603395.SH,红四方,20260915,25.15,25.2,24.49,24.56,25.23,-0.67,-2.6556,62819.06,155603.237
603396.SH,金辰股份,20260915,26.88,26.93,26.0,26.18,26.65,-0.47,-1.7636,26543.31,70082.227
603398.SH,*ST沐邦,20260915,9.33,9.57,8.93,9.03,9.49,-0.46,-4.8472,64919.97,59790.355
603399.SH,永杉锂业,20260915,13.41,13.79,13.39,13.65,13.58,0.07,0.5155,244712.22,333867.385
603402.SH,陕西旅游,20260915,60.38,60.77,58.23,58.23,60.68,-2.45,-4.0376,32308.48,190377.561
603406.SH,天富龙,20260915,31.04,31.5,30.71,31.36,31.29,0.07,0.2237,27906.0,86625.906
603407.SH,长裕集团,20260915,52.92,56.68,52.92,54.29,52.42,1.87,3.5673,40092.51,218262.191
603408.SH,建霖家居,20260915,11.27,11.63,11.2,11.6,11.32,0.28,2.4735,32954.0,37756.186
603409.SH,汇通控股,20260915,17.49,17.49,17.08,17.08,17.34,-0.26,-1.4994,10172.87,17576.29
603416.SH,信捷电气,20260915,46.0,46.24,45.57,45.58,46.0,-0.42,-0.913,9716.5,44579.227
603418.SH,友升股份,20260915,45.9,46.5,44.91,45.0,45.68,-0.68,-1.4886,10910.43,49943.269
603421.SH,鼎信通讯,20260915,7.25,7.92,6.85,7.58,7.5,0.08,1.0667,903313.72,661937.681
603429.SH,*ST集友,20260915,9.16,9.38,9.15,9.31,9.23,0.08,0.8667,11852.0,11007.165
603435.SH,嘉德利,20260915,46.73,49.38,46.73,48.01,47.42,0.59,1.2442,53650.4,260890.333
603439.SH,三力制药,20260915,15.17,15.17,13.58,14.14,13.79,0.35,2.5381,666363.08,965516.349
603444.SH,吉比特,20260915,370.0,374.81,369.22,371.61,370.0,1.61,0.4351,7500.5,279443.58
603448.SH,天博智能,20260915,60.8,61.2,59.62,59.62,61.2,-1.58,-2.5817,35044.88,210994.268
603456.SH,九洲药业,20260915,15.0,15.09,14.87,14.99,15.02,-0.03,-0.1997,114707.72,171831.893
603458.SH,勘设股份,20260915,10.75,11.13,10.71,10.98,10.75,0.23,2.1395,104165.57,114372.957
603459.SH,红板科技,20260915,89.84,93.4,89.7,89.99,91.15,-1.16,-1.2726,115518.2,1054341.7
603466.SH,风语筑,20260915,12.96,13.13,12.28,12.33,12.96,-0.63,-4.8611,813005.85,1021826.186
603468.SH,津富士达,20260915,21.68,21.91,21.67,21.73,21.79,-0.06,-0.2754,12865.18,28006.159
603477.SH,巨星农牧,20260915,15.32,15.43,15.11,15.13,15.32,-0.19,-1.2402,84939.51,129565.138
603486.SH,科沃斯,20260915,49.94,50.71,49.85,50.48,49.95,0.53,1.0611,26682.2,134405.826
603488.SH,展鹏科技,20260915,7.93,8.11,7.82,7.84,7.98,-0.14,-1.7544,61542.0,48662.708
603489.SH,八方股份,20260915,28.62,28.88,27.84,27.92,28.76,-0.84,-2.9207,24621.24,69387.999
603496.SH,恒为科技,20260915,22.72,23.78,22.7,22.99,22.32,0.67,3.0018,124567.96,289117.031
603499.SH,翔港科技,20260915,14.13,14.13,13.45,13.61,13.85,-0.24,-1.7329,50294.43,68762.025
603500.SH,祥和实业,20260915,9.27,9.33,9.18,9.25,9.28,-0.03,-0.3233,25157.56,23310.059
603501.SH,豪威集团,20260915,77.38,78.78,77.38,77.52,77.91,-0.39,-0.5006,70647.22,551820.535
603505.SH,金石资源,20260915,14.55,15.04,14.47,14.82,14.6,0.22,1.5068,114525.26,168527.906
603506.SH,南都物业,20260915,11.06,11.1,10.74,10.77,11.06,-0.29,-2.6221,29830.0,32406.033
603507.SH,振江股份,20260915,21.82,23.32,21.6,22.67,21.88,0.79,3.6106,119266.03,270065.576
603508.SH,思维列控,20260915,21.2,21.22,20.87,20.97,21.13,-0.16,-0.7572,16569.48,34910.598
603511.SH,爱慕股份,20260915,12.13,12.13,11.82,11.89,12.1,-0.21,-1.7355,12201.0,14577.576
603515.SH,欧普照明,20260915,14.92,14.92,14.76,14.78,14.91,-0.13,-0.8719,9605.0,14230.761
603516.SH,淳中科技,20260915,85.86,87.5,84.62,84.9,86.3,-1.4,-1.6222,28514.52,244758.067
603517.SH,ST绝味,20260915,11.96,11.96,11.5,11.5,11.96,-0.46,-3.8462,65311.0,76627.291
603518.SH,锦泓集团,20260915,7.92,7.96,7.61,7.64,7.93,-0.29,-3.657,87126.62,67254.599
603519.SH,立霸股份,20260915,14.66,14.73,14.46,14.48,14.7,-0.22,-1.4966,28848.0,42064.345
603520.SH,司太立,20260915,8.37,8.41,8.3,8.3,8.36,-0.06,-0.7177,39818.8,33260.404
603527.SH,众源新材,20260915,9.9,10.22,9.9,9.95,9.98,-0.03,-0.3006,59796.41,60024.786
603528.SH,多伦科技,20260915,6.31,6.5,6.31,6.37,6.36,0.01,0.1572,121773.0,78141.866
603529.SH,爱玛科技,20260915,21.88,21.99,21.35,21.44,21.89,-0.45,-2.0557,49827.0,107360.046
603530.SH,神马电力,20260915,43.23,44.15,42.8,43.5,43.27,0.23,0.5315,22656.3,98591.384
603533.SH,掌阅科技,20260915,24.28,24.5,23.5,23.57,24.21,-0.64,-2.6435,216890.89,515824.28
603535.SH,嘉诚国际,20260915,6.27,6.27,6.04,6.08,6.23,-0.15,-2.4077,46012.45,28178.281
603536.SH,惠发食品,20260915,9.65,9.65,9.26,9.29,9.63,-0.34,-3.5306,68489.0,64150.697
603538.SH,美诺华,20260915,25.7,26.19,25.2,25.24,25.81,-0.57,-2.2084,200637.61,512197.949
603551.SH,奥普科技,20260915,9.31,9.35,9.18,9.2,9.32,-0.12,-1.2876,17074.0,15744.013
603556.SH,海兴电力,20260915,23.06,23.27,22.81,22.98,23.06,-0.08,-0.3469,30145.0,69389.795
603557.SH,*ST起步,20260915,3.17,3.2,3.15,3.17,3.16,0.01,0.3165,25533.0,8107.527
603558.SH,健盛集团,20260915,12.4,12.65,12.3,12.51,12.33,0.18,1.4599,45055.0,56323.787
603559.SH,中通国脉,20260915,9.05,9.24,8.96,9.0,9.07,-0.07,-0.7718,106580.0,96744.865
603565.SH,中谷物流,20260915,11.77,12.05,11.67,11.82,11.88,-0.06,-0.5051,136106.88,160472.677
603566.SH,普莱柯,20260915,10.34,10.42,10.15,10.18,10.36,-0.18,-1.7375,25792.0,26477.366
603567.SH,珍宝岛,20260915,5.33,5.41,5.19,5.2,5.37,-0.17,-3.1657,137548.84,72431.11
603568.SH,伟明环保,20260915,13.96,14.1,13.82,13.93,13.98,-0.05,-0.3577,37009.6,51678.203
603569.SH,长久物流,20260915,5.74,5.82,5.62,5.64,5.79,-0.15,-2.5907,37064.63,21059.386
603577.SH,汇金通,20260915,9.39,9.54,9.1,9.12,9.48,-0.36,-3.7975,39706.0,36742.637
603578.SH,三星新材,20260915,13.7,14.15,13.7,13.88,13.83,0.05,0.3615,37808.82,52663.787
603579.SH,荣泰健康,20260915,17.74,17.82,17.2,17.25,17.7,-0.45,-2.5424,14877.0,25974.681
603580.SH,艾艾精工,20260915,62.1,64.86,60.05,63.85,62.1,1.75,2.818,91288.85,572026.452
603583.SH,捷昌驱动,20260915,26.11,26.11,25.3,25.4,26.1,-0.7,-2.682,35068.0,89787.275
603585.SH,苏利股份,20260915,10.7,10.71,10.35,10.38,10.65,-0.27,-2.5352,40101.98,41978.115
603586.SH,金麒麟,20260915,13.52,13.62,13.17,13.28,13.56,-0.28,-2.0649,14710.0,19617.654
603587.SH,地素时尚,20260915,12.45,12.57,12.2,12.25,12.48,-0.23,-1.8429,29031.8,35816.063
603588.SH,高能环境,20260915,14.78,15.2,14.7,15.03,14.88,0.15,1.0081,342285.0,514753.327
603589.SH,口子窖,20260915,17.49,17.52,17.31,17.34,17.49,-0.15,-0.8576,40957.0,71265.898
603590.SH,康辰药业,20260915,28.7,28.74,28.21,28.36,28.74,-0.38,-1.3222,9654.0,27474.718
603595.SH,ST东尼,20260915,32.0,33.15,31.5,32.4,31.31,1.09,3.4813,26864.0,87448.272
603596.SH,伯特利,20260915,28.42,28.68,28.2,28.36,28.54,-0.18,-0.6307,102845.38,292416.116
603598.SH,引力传媒,20260915,17.42,17.44,16.8,16.84,17.29,-0.45,-2.6027,88448.06,150722.551
603599.SH,广信股份,20260915,10.56,10.56,10.4,10.41,10.58,-0.17,-1.6068,77729.0,81304.966
603600.SH,永艺股份,20260915,10.12,10.19,10.03,10.06,10.15,-0.09,-0.8867,38662.0,39095.842
603601.SH,再升科技,20260915,10.6,10.71,10.24,10.29,10.55,-0.26,-2.4645,1297433.66,1348566.302
603602.SH,纵横通信,20260915,11.42,11.47,11.08,11.1,11.42,-0.32,-2.8021,24608.62,27659.251
603605.SH,珀莱雅,20260915,56.88,57.12,56.2,56.32,56.87,-0.55,-0.9671,33211.95,188124.948
603606.SH,东方电缆,20260915,36.2,37.58,35.29,36.66,36.02,0.64,1.7768,301768.33,1101628.768
603607.SH,京华激光,20260915,22.91,23.14,22.06,22.19,22.9,-0.71,-3.1004,48146.55,107895.879
603608.SH,天创时尚,20260915,20.99,21.0,20.1,20.18,20.9,-0.72,-3.445,88154.56,180253.059
603609.SH,禾丰股份,20260915,6.65,6.65,6.48,6.49,6.66,-0.17,-2.5526,35689.0,23349.907
603610.SH,麒盛科技,20260915,13.7,13.81,13.25,13.45,13.61,-0.16,-1.1756,33765.0,45370.856
603611.SH,诺力股份,20260915,15.81,15.91,15.63,15.75,15.8,-0.05,-0.3165,14669.0,23095.943
603612.SH,索通发展,20260915,16.96,16.96,16.55,16.6,16.93,-0.33,-1.9492,75458.0,126194.191
603613.SH,国联股份,20260915,19.8,19.94,19.36,19.37,19.77,-0.4,-2.0233,75115.25,147298.398
603615.SH,茶花股份,20260915,18.85,19.24,18.85,19.13,19.0,0.13,0.6842,51238.95,97645.198
603616.SH,韩建河山,20260915,5.63,5.68,5.45,5.47,5.68,-0.21,-3.6972,110679.0,61334.914
603617.SH,君禾股份,20260915,6.84,6.84,6.58,6.59,6.79,-0.2,-2.9455,43892.72,29223.714
603618.SH,杭电股份,20260915,40.38,42.97,39.88,41.04,41.47,-0.43,-1.0369,933676.27,3881348.917
603619.SH,中曼石油,20260915,22.13,22.48,21.6,21.69,22.57,-0.88,-3.899,340254.5,746446.279
603626.SH,科森科技,20260915,19.95,20.3,18.84,18.88,19.95,-1.07,-5.3634,456625.01,885425.465
603628.SH,清源股份,20260915,10.47,10.55,10.02,10.03,10.43,-0.4,-3.8351,82449.03,83704.428
603629.SH,利通电子,20260915,106.78,109.9,105.66,108.2,106.76,1.44,1.3488,228500.17,2479506.877
603630.SH,拉芳家化,20260915,13.46,13.49,13.06,13.12,13.45,-0.33,-2.4535,35413.0,46677.996
603633.SH,徕木股份,20260915,6.49,6.53,6.28,6.3,6.51,-0.21,-3.2258,66123.0,42332.166
603636.SH,南威软件,20260915,6.81,6.96,6.62,6.69,6.81,-0.12,-1.7621,105684.28,71199.332
603637.SH,镇海股份,20260915,13.86,15.25,13.73,14.55,13.86,0.69,4.9784,161786.6,237864.508
603638.SH,艾迪精密,20260915,18.22,18.58,18.18,18.32,18.21,0.11,0.6041,71725.58,132075.719
603639.SH,海利尔,20260915,10.56,10.56,10.23,10.28,10.56,-0.28,-2.6515,21704.0,22456.774
603648.SH,畅联股份,20260915,9.28,9.31,9.08,9.08,9.28,-0.2,-2.1552,20024.0,18353.342
603650.SH,彤程新材,20260915,65.58,69.24,64.79,68.7,66.8,1.9,2.8443,302441.34,2038410.5
603655.SH,朗博科技,20260915,28.82,29.38,28.33,28.45,29.38,-0.93,-3.1654,9132.0,26301.651
603656.SH,泰禾智能,20260915,17.0,17.14,16.85,17.13,16.96,0.17,1.0024,14729.6,25058.439
603657.SH,春光科技,20260915,32.7,33.54,31.59,32.59,31.39,1.2,3.8229,120646.12,392908.941
603658.SH,安图生物,20260915,31.73,31.98,31.45,31.73,31.73,0.0,0.0,9385.85,29761.587
603659.SH,璞泰来,20260915,22.24,22.91,22.04,22.38,22.24,0.14,0.6295,303616.42,685901.753
603660.SH,苏州科达,20260915,9.25,9.45,9.11,9.37,9.18,0.19,2.0697,227822.65,212188.941
603661.SH,恒林股份,20260915,33.0,33.09,31.15,31.24,33.28,-2.04,-6.1298,73408.11,233081.42
603662.SH,柯力传感,20260915,47.55,47.74,47.1,47.11,47.65,-0.54,-1.1333,17995.18,85186.916
603663.SH,三祥新材,20260915,43.6,44.78,43.16,43.43,43.62,-0.19,-0.4356,215101.43,941323.977
603665.SH,康隆达,20260915,21.3,21.38,20.65,20.72,21.38,-0.66,-3.087,25169.0,52768.809
603666.SH,亿嘉和,20260915,25.81,26.0,25.17,25.26,25.92,-0.66,-2.5463,22821.6,58139.22
603667.SH,五洲新春,20260915,49.6,50.57,48.0,49.09,48.92,0.17,0.3475,127618.66,632158.97
603668.SH,天马科技,20260915,12.37,12.4,12.03,12.19,12.25,-0.06,-0.4898,90701.26,110888.606
603669.SH,灵康药业,20260915,5.24,5.36,5.18,5.27,5.25,0.02,0.381,196490.0,104109.269
603676.SH,卫信康,20260915,8.85,8.9,8.68,8.68,8.92,-0.24,-2.6906,10364.0,9085.491
603677.SH,奇精机械,20260915,13.95,14.02,13.16,13.16,13.81,-0.65,-4.7067,27961.0,37733.447
603678.SH,火炬电子,20260915,49.26,51.28,49.0,49.23,49.6,-0.37,-0.746,284696.16,1423250.502
603679.SH,华体科技,20260915,24.88,24.88,23.01,23.47,24.97,-1.5,-6.0072,100726.71,240517.403
603680.SH,今创集团,20260915,9.76,9.84,9.66,9.67,9.82,-0.15,-1.5275,22485.0,21882.431
603681.SH,永冠新材,20260915,18.33,19.06,18.33,18.64,18.47,0.17,0.9204,71651.0,134401.346
603682.SH,锦和商管,20260915,9.79,9.87,9.61,9.63,9.85,-0.22,-2.2335,70678.0,68600.679
603683.SH,晶华新材,20260915,15.73,16.05,15.51,15.64,15.76,-0.12,-0.7614,247868.0,389971.247
603685.SH,晨丰科技,20260915,28.0,28.14,27.3,27.33,28.25,-0.92,-3.2566,17918.26,49568.562
603686.SH,福龙马,20260915,13.34,14.59,12.8,14.02,13.27,0.75,5.6518,662487.2,918080.548
603687.SH,大胜达,20260915,15.59,15.77,14.67,15.24,15.77,-0.53,-3.3608,243453.33,372290.625
603688.SH,石英股份,20260915,47.0,48.95,47.0,48.2,47.7,0.5,1.0482,136085.66,656030.083
603689.SH,皖天然气,20260915,7.67,7.72,7.58,7.63,7.69,-0.06,-0.7802,44437.4,33962.774
603690.SH,至纯科技,20260915,23.18,23.96,23.02,23.61,23.27,0.34,1.4611,115486.0,271994.543
603693.SH,江苏新能,20260915,12.37,13.3,12.06,13.24,12.39,0.85,6.8604,374211.74,477620.29
603696.SH,安记食品,20260915,13.97,14.14,13.46,13.47,13.97,-0.5,-3.5791,152670.63,209087.133
603697.SH,有友食品,20260915,9.42,9.51,9.24,9.29,9.46,-0.17,-1.797,27328.21,25408.058
603698.SH,航天工程,20260915,21.4,21.81,21.13,21.4,21.39,0.01,0.0468,68919.8,148264.9
603699.SH,纽威股份,20260915,43.38,43.87,42.5,43.26,43.37,-0.11,-0.2536,33902.47,146302.219
603700.SH,宁水集团,20260915,11.51,11.56,10.99,11.0,11.59,-0.59,-5.0906,62615.0,70176.848
603701.SH,德宏股份,20260915,19.84,19.93,19.13,19.27,19.85,-0.58,-2.9219,29271.53,57261.427
603703.SH,盛洋科技,20260915,9.92,9.99,9.66,9.7,9.98,-0.28,-2.8056,85619.0,83756.538
603706.SH,东方环宇,20260915,17.34,17.44,16.93,16.96,17.31,-0.35,-2.022,10698.0,18266.09
603707.SH,健友股份,20260915,7.47,7.5,7.38,7.4,7.48,-0.08,-1.0695,38360.0,28486.797
603708.SH,家家悦,20260915,9.4,9.4,8.93,8.94,9.33,-0.39,-4.1801,92020.0,83401.944
603709.SH,中源家居,20260915,12.2,12.26,11.86,11.99,12.29,-0.3,-2.441,32020.6,38411.163
603711.SH,香飘飘,20260915,11.17,11.24,10.96,11.0,11.17,-0.17,-1.5219,22976.99,25487.738
603712.SH,七一二,20260915,11.64,11.77,11.39,11.4,11.71,-0.31,-2.6473,109027.0,125881.352
603713.SH,密尔克卫,20260915,65.02,67.3,64.72,66.87,65.05,1.82,2.7978,25338.06,168677.441
603716.SH,塞力医疗,20260915,16.42,16.47,15.8,15.8,16.27,-0.47,-2.8888,68402.66,109869.945
603717.SH,天域生物,20260915,6.07,6.07,5.72,5.75,6.06,-0.31,-5.1155,98826.2,58038.822
603718.SH,*ST海利,20260915,3.09,3.09,2.99,2.99,3.1,-0.11,-3.5484,71338.0,21664.995
603719.SH,良品铺子,20260915,9.18,9.19,8.88,8.9,9.17,-0.27,-2.9444,31026.0,27842.457
603721.SH,中广天择,20260915,18.31,18.6,18.02,18.28,18.13,0.15,0.8274,58351.6,106403.088
603722.SH,阿科力,20260915,28.46,28.51,28.0,28.12,28.36,-0.24,-0.8463,5144.0,14488.217
603725.SH,天安新材,20260915,10.25,10.37,10.1,10.1,10.35,-0.25,-2.4155,44608.0,45468.329
603726.SH,朗迪集团,20260915,22.94,23.64,22.85,23.45,22.94,0.51,2.2232,28469.0,66645.208
603727.SH,博迈科,20260915,17.11,17.91,16.85,17.42,17.1,0.32,1.8713,26343.0,45717.257
603728.SH,鸣志电器,20260915,46.7,47.49,46.61,47.0,47.08,-0.08,-0.1699,29165.78,137245.997
603729.SH,ST龙韵,20260915,12.63,12.66,12.22,12.36,12.69,-0.33,-2.6005,25260.0,31397.437
603730.SH,岱美股份,20260915,9.48,9.57,9.34,9.5,9.48,0.02,0.211,145564.6,137778.875
603733.SH,仙鹤股份,20260915,18.6,19.11,18.27,18.97,18.67,0.3,1.6069,60091.71,113102.399
603737.SH,三棵树,20260915,20.72,20.95,20.41,20.53,20.72,-0.19,-0.917,51739.62,106836.677
603738.SH,泰晶科技,20260915,34.95,36.57,34.95,35.78,35.23,0.55,1.5612,241800.28,870436.534
603739.SH,蔚蓝生物,20260915,12.57,12.57,12.19,12.24,12.58,-0.34,-2.7027,35458.0,43667.782
603755.SH,日辰股份,20260915,25.47,25.67,24.12,24.29,25.21,-0.92,-3.6493,17249.0,42513.093
603757.SH,大元泵业,20260915,63.89,65.26,63.2,63.3,64.08,-0.78,-1.2172,58742.0,376925.699
603758.SH,秦安股份,20260915,10.38,10.46,10.12,10.14,10.44,-0.3,-2.8736,62741.0,64571.873
603759.SH,海天股份,20260915,7.42,7.42,7.2,7.24,7.38,-0.14,-1.897,28758.12,20980.171
603766.SH,隆鑫通用,20260915,14.97,15.41,14.68,15.12,14.81,0.31,2.0932,242604.5,367345.867
603767.SH,中马传动,20260915,13.19,13.38,13.06,13.19,13.24,-0.05,-0.3776,23160.0,30594.126
603768.SH,常青股份,20260915,11.45,11.45,11.11,11.12,11.46,-0.34,-2.9668,19139.33,21478.914
603773.SH,沃格光电,20260915,88.09,92.5,87.62,90.38,88.9,1.48,1.6648,214851.77,1935864.095
603776.SH,永安行,20260915,19.62,19.62,19.26,19.26,19.53,-0.27,-1.3825,8953.76,17373.653
603777.SH,来伊份,20260915,13.08,13.38,12.72,13.17,13.0,0.17,1.3077,60725.2,79837.178
603778.SH,国晟科技,20260915,9.69,9.8,9.15,9.16,9.73,-0.57,-5.8582,454931.0,424599.293
603779.SH,威龙股份,20260915,8.08,8.08,7.78,7.8,8.08,-0.28,-3.4653,140669.0,111051.003
603786.SH,科博达,20260915,37.42,37.42,36.37,36.5,37.11,-0.61,-1.6438,21920.44,80404.181
603787.SH,新日股份,20260915,10.12,10.16,9.77,9.83,10.12,-0.29,-2.8656,31649.0,31383.111
603788.SH,宁波高发,20260915,13.53,13.66,13.34,13.37,13.61,-0.24,-1.7634,9783.0,13208.638
603789.SH,ST星农,20260915,5.97,5.99,5.86,5.86,5.92,-0.06,-1.0135,18613.0,11008.72
603790.SH,雅运股份,20260915,23.73,23.98,23.31,23.32,23.78,-0.46,-1.9344,23125.0,54634.347
603797.SH,联泰环保,20260915,4.72,4.77,4.56,4.58,4.72,-0.14,-2.9661,87419.16,40551.53
603798.SH,康普顿,20260915,12.83,12.87,12.41,12.48,12.87,-0.39,-3.0303,27011.29,33993.856
603799.SH,华友钴业,20260915,35.46,35.74,35.15,35.29,35.63,-0.34,-0.9543,282889.19,1001802.712
603800.SH,洪田股份,20260915,58.48,60.1,57.25,58.23,58.51,-0.28,-0.4786,51272.82,300835.666
603801.SH,志邦家居,20260915,6.08,6.1,5.79,5.79,6.07,-0.28,-4.6129,91452.63,53852.66
603803.SH,瑞斯康达,20260915,11.31,11.49,11.2,11.28,11.42,-0.14,-1.2259,172562.8,195569.551
603806.SH,福斯特,20260915,14.29,14.52,14.28,14.32,14.4,-0.08,-0.5556,122572.09,176131.848
603808.SH,歌力思,20260915,8.56,8.56,8.22,8.26,8.52,-0.26,-3.0516,21045.0,17481.392
603809.SH,豪能股份,20260915,8.52,8.53,8.39,8.42,8.49,-0.07,-0.8245,49510.13,41729.43
603810.SH,丰山集团,20260915,11.81,11.9,11.4,11.43,11.92,-0.49,-4.1107,21172.0,24556.013
603811.SH,诚意药业,20260915,6.91,6.91,6.64,6.68,6.93,-0.25,-3.6075,71222.8,48088.23
603813.SH,原尚股份,20260915,26.65,27.24,26.1,26.1,26.65,-0.55,-2.0638,6580.0,17541.015
603815.SH,交建股份,20260915,5.31,5.33,5.17,5.18,5.31,-0.13,-2.4482,67044.0,35075.551
603816.SH,顾家家居,20260915,23.36,23.68,22.7,22.75,23.47,-0.72,-3.0677,54172.53,124275.553
603817.SH,海峡环保,20260915,5.8,5.84,5.63,5.64,5.8,-0.16,-2.7586,101091.0,57617.777
603818.SH,曲美家居,20260915,3.63,3.68,3.51,3.51,3.63,-0.12,-3.3058,292313.99,104851.942
603819.SH,神力股份,20260915,15.57,15.63,14.93,14.99,15.54,-0.55,-3.5393,52014.0,78908.768
603822.SH,ST嘉澳,20260915,62.58,63.16,61.87,62.17,62.58,-0.41,-0.6552,3013.18,18759.068
603823.SH,百合花,20260915,54.6,55.29,53.54,54.08,54.87,-0.79,-1.4398,121263.44,658751.544
603825.SH,ST华扬,20260915,8.07,8.07,7.76,7.76,8.06,-0.3,-3.7221,31289.0,24467.039
603826.SH,坤彩科技,20260915,16.35,16.78,16.23,16.55,16.35,0.2,1.2232,123034.34,203711.78
603828.SH,*ST利达,20260915,5.7,5.7,5.5,5.52,5.64,-0.12,-2.1277,19197.0,10665.144
603829.SH,洛凯股份,20260915,15.5,15.54,14.97,15.11,15.51,-0.4,-2.579,31224.0,47447.007
603833.SH,欧派家居,20260915,29.47,29.8,29.21,29.28,29.54,-0.26,-0.8802,17082.23,50332.14
603836.SH,海程邦达,20260915,9.36,9.36,9.02,9.07,9.35,-0.28,-2.9947,31240.0,28632.236
603838.SH,*ST四通,20260915,12.94,13.2,12.2,12.2,13.0,-0.8,-6.1538,32146.0,40681.462
603839.SH,安正时尚,20260915,6.62,6.65,6.39,6.43,6.68,-0.25,-3.7425,37920.0,24698.1
603843.SH,*ST正平,20260915,6.77,6.87,6.68,6.7,6.78,-0.08,-1.1799,72453.4,48954.747
603848.SH,好太太,20260915,13.77,13.87,13.08,13.14,13.69,-0.55,-4.0175,39130.24,52020.407
603855.SH,华荣股份,20260915,16.73,16.87,16.59,16.68,16.85,-0.17,-1.0089,11360.0,18997.813
603856.SH,东宏股份,20260915,11.33,11.5,11.25,11.27,11.39,-0.12,-1.0536,21947.0,24902.335
603858.SH,步长制药,20260915,14.55,14.68,14.52,14.61,14.62,-0.01,-0.0684,22575.61,32907.485
603859.SH,能科科技,20260915,37.76,39.07,37.76,38.36,38.1,0.26,0.6824,51420.0,198586.287
603860.SH,中公高科,20260915,25.69,25.69,24.64,24.67,25.63,-0.96,-3.7456,12084.8,30246.347
603861.SH,白云电器,20260915,11.17,11.24,11.0,11.04,11.23,-0.19,-1.6919,50397.0,55975.098
603863.SH,松炀资源,20260915,11.94,12.05,11.55,11.65,12.04,-0.39,-3.2392,28843.0,33901.544
603866.SH,桃李面包,20260915,4.32,4.34,4.15,4.17,4.3,-0.13,-3.0233,107855.52,45433.238
603867.SH,新化股份,20260915,28.75,29.31,28.61,28.99,28.9,0.09,0.3114,25656.0,74483.621
603868.SH,飞科电器,20260915,31.61,31.63,31.0,31.45,31.45,0.0,0.0,12848.99,40262.517
603869.SH,ST智知,20260915,8.64,8.64,8.48,8.48,8.59,-0.11,-1.2806,5026.0,4285.464
603871.SH,嘉友国际,20260915,13.45,13.52,12.89,12.94,13.46,-0.52,-3.8633,129149.2,169002.141
603876.SH,鼎胜新材,20260915,19.51,19.6,18.82,19.13,19.51,-0.38,-1.9477,132400.27,253518.41
603877.SH,太平鸟,20260915,12.14,12.2,11.81,11.84,12.14,-0.3,-2.4712,18659.0,22266.222
603878.SH,武进不锈,20260915,4.96,4.99,4.84,4.87,4.99,-0.12,-2.4048,91916.0,45116.794
603879.SH,永悦科技,20260915,5.08,5.15,4.83,4.87,5.13,-0.26,-5.0682,82699.81,41104.894
603880.SH,南卫股份,20260915,9.88,10.01,9.65,9.78,9.87,-0.09,-0.9119,52437.51,51471.59
603881.SH,数据港,20260915,23.7,23.85,23.45,23.45,23.7,-0.25,-1.0549,125755.18,297115.708
603882.SH,金域医学,20260915,27.3,27.54,26.85,26.9,27.48,-0.58,-2.1106,45351.92,122953.881
603883.SH,老百姓,20260915,12.93,13.07,12.77,12.81,12.95,-0.14,-1.0811,67383.25,86822.089
603885.SH,吉祥航空,20260915,9.92,10.06,9.89,10.02,9.92,0.1,1.0081,97074.14,97022.139
603886.SH,元祖股份,20260915,11.94,12.02,11.54,11.54,11.94,-0.4,-3.3501,42375.0,49756.553
603887.SH,城地香江,20260915,8.91,9.0,8.61,8.64,8.99,-0.35,-3.8932,176424.7,154741.076
603888.SH,新华网,20260915,17.41,18.2,17.21,17.38,17.18,0.2,1.1641,379483.88,671403.023
603889.SH,新澳股份,20260915,6.0,6.16,5.97,6.1,6.0,0.1,1.6667,98070.47,59739.495
603890.SH,春秋电子,20260915,17.06,17.2,16.72,16.72,17.26,-0.54,-3.1286,201385.65,341378.292
603893.SH,瑞芯微,20260915,180.0,180.53,176.99,177.2,178.75,-1.55,-0.8671,63711.97,1137805.204
603895.SH,天永智能,20260915,25.93,25.93,25.06,25.09,25.82,-0.73,-2.8273,7518.0,19082.954
603896.SH,寿仙谷,20260915,14.36,14.36,14.02,14.08,14.36,-0.28,-1.9499,11967.0,16915.728
603897.SH,长城科技,20260915,29.81,30.35,29.16,29.16,30.03,-0.87,-2.8971,67029.19,198355.291
603898.SH,好莱客,20260915,10.94,11.05,10.74,10.77,11.0,-0.23,-2.0909,15552.0,16933.06
603899.SH,晨光股份,20260915,22.2,22.35,22.07,22.16,22.19,-0.03,-0.1352,17048.72,37820.223
603900.SH,莱绅通灵,20260915,6.67,6.86,6.44,6.45,6.72,-0.27,-4.0179,235239.0,154668.585
603901.SH,永创智能,20260915,9.16,9.2,9.06,9.09,9.15,-0.06,-0.6557,37187.82,33913.291
603903.SH,中持股份,20260915,14.16,14.45,13.87,13.87,14.16,-0.29,-2.048,48927.0,69034.783
603906.SH,龙蟠科技,20260915,17.77,18.3,17.74,18.02,17.84,0.18,1.009,118637.01,214710.803
603908.SH,牧高笛,20260915,18.64,18.64,17.66,17.72,18.64,-0.92,-4.9356,16991.19,30524.554
603909.SH,建发合诚,20260915,9.58,9.69,9.12,9.19,9.54,-0.35,-3.6688,23296.09,21716.8
603912.SH,佳力图,20260915,8.44,8.52,8.29,8.34,8.47,-0.13,-1.5348,84901.05,71223.212
603915.SH,国茂股份,20260915,12.88,12.94,12.75,12.77,12.85,-0.08,-0.6226,31779.0,40752.587
603916.SH,苏博特,20260915,10.52,10.62,10.35,10.38,10.54,-0.16,-1.518,56150.0,58770.286
603917.SH,合力科技,20260915,13.01,13.13,12.63,12.63,13.09,-0.46,-3.5141,29994.0,38359.009
603918.SH,金桥信息,20260915,10.66,10.78,10.39,10.4,10.68,-0.28,-2.6217,61964.0,65253.811
603919.SH,金徽酒,20260915,16.72,16.74,16.38,16.41,16.67,-0.26,-1.5597,22499.09,37075.848
603920.SH,世运电路,20260915,42.8,44.0,42.18,42.45,43.42,-0.97,-2.234,436086.61,1872688.749
603922.SH,ST金鸿顺,20260915,12.8,13.25,12.78,12.96,13.1,-0.14,-1.0687,9715.4,12606.85
603926.SH,铁流股份,20260915,16.67,16.96,16.35,16.41,16.9,-0.49,-2.8994,41982.68,69629.084
603927.SH,中科软,20260915,13.7,13.84,13.53,13.54,13.68,-0.14,-1.0234,57183.0,78058.261
603928.SH,兴业股份,20260915,11.35,11.89,11.23,11.68,11.35,0.33,2.9075,131218.39,152906.602
603929.SH,XD亚翔集,20260915,150.0,156.96,149.5,152.71,150.56,2.15,1.428,27679.99,424105.469
603931.SH,格林达,20260915,33.42,34.34,32.73,34.1,32.96,1.14,3.4587,54221.96,183539.994
603933.SH,睿能科技,20260915,18.69,18.92,18.61,18.65,18.72,-0.07,-0.3739,18000.0,33747.188
603936.SH,博敏电子,20260915,22.28,23.28,22.14,22.16,22.29,-0.13,-0.5832,1194107.01,2681873.942
603937.SH,丽岛新材,20260915,11.55,11.55,11.27,11.31,11.51,-0.2,-1.7376,24431.0,27831.603
603938.SH,三孚股份,20260915,49.56,54.0,48.22,53.17,49.96,3.21,6.4251,486873.85,2518535.419
603939.SH,益丰药房,20260915,22.66,23.0,22.6,22.67,22.66,0.01,0.0441,39388.0,89713.503
603948.SH,建业股份,20260915,18.89,18.9,18.51,18.52,18.9,-0.38,-2.0106,9188.0,17131.194
603949.SH,雪龙集团,20260915,13.71,13.77,13.45,13.48,13.72,-0.24,-1.7493,14906.0,20272.12
603950.SH,长源东谷,20260915,54.13,56.68,54.13,54.82,55.1,-0.28,-0.5082,39500.13,219554.203
603955.SH,大千生态,20260915,21.55,23.1,21.4,22.16,21.53,0.63,2.9261,31054.0,69841.397
603956.SH,威派格,20260915,6.45,6.54,6.3,6.35,6.53,-0.18,-2.7565,175411.0,112439.714
603958.SH,哈森股份,20260915,16.01,16.19,15.74,15.86,16.12,-0.26,-1.6129,89186.1,142255.068
603959.SH,ST百利,20260915,4.61,4.61,4.22,4.48,4.62,-0.14,-3.0303,79638.36,35794.44
603960.SH,克来机电,20260915,15.8,15.85,15.29,15.71,15.65,0.06,0.3834,37698.0,58393.073
603966.SH,法兰泰克,20260915,7.52,7.55,7.26,7.29,7.44,-0.15,-2.0161,54378.6,40104.051
603967.SH,中创物流,20260915,11.46,11.56,11.33,11.43,11.5,-0.07,-0.6087,22234.0,25441.871
603968.SH,醋化股份,20260915,10.61,10.63,10.1,10.16,10.51,-0.35,-3.3302,27911.0,28686.406
603969.SH,银龙股份,20260915,7.58,7.67,7.47,7.49,7.62,-0.13,-1.706,78606.0,59420.628
603970.SH,中农立华,20260915,10.83,10.85,10.6,10.62,10.83,-0.21,-1.9391,35151.0,37499.355
603976.SH,正川股份,20260915,29.9,30.17,28.58,28.6,29.46,-0.86,-2.9192,41612.19,121793.512
603977.SH,国泰集团,20260915,11.44,11.48,11.23,11.24,11.43,-0.19,-1.6623,55844.16,63359.831
603978.SH,深圳新星,20260915,20.1,21.34,19.92,20.86,20.1,0.76,3.7811,161104.78,336822.707
603979.SH,金诚信,20260915,73.51,73.8,72.07,72.3,73.86,-1.56,-2.1121,45036.0,327448.669
603980.SH,吉华集团,20260915,8.03,8.08,7.8,7.86,8.16,-0.3,-3.6765,428271.4,339417.267
603982.SH,泉峰汽车,20260915,6.33,6.42,5.96,5.99,6.25,-0.26,-4.16,90912.0,55710.706
603983.SH,丸美生物,20260915,31.62,31.68,28.31,28.31,31.45,-3.14,-9.9841,87623.45,252913.895
603985.SH,恒润股份,20260915,16.57,16.96,16.5,16.73,16.68,0.05,0.2998,58625.0,98407.114
603986.SH,兆易创新,20260915,356.87,371.66,356.0,363.11,356.88,6.23,1.7457,293179.56,10693625.915
603987.SH,康德莱,20260915,7.48,7.48,7.28,7.29,7.47,-0.18,-2.4096,31585.0,23254.53
603988.SH,中电电机,20260915,18.45,18.59,18.05,18.18,18.37,-0.19,-1.0343,31041.0,56757.342
603989.SH,艾华集团,20260915,34.29,38.0,33.83,36.31,34.62,1.69,4.8816,540240.12,1922981.872
603990.SH,麦迪科技,20260915,19.46,19.55,19.04,19.09,19.55,-0.46,-2.3529,82262.21,158401.008
603991.SH,领先股份,20260915,179.49,182.5,176.5,178.3,177.72,0.58,0.3264,27484.0,492674.767
603992.SH,松霖科技,20260915,19.24,19.91,19.14,19.72,19.25,0.47,2.4416,40305.0,79162.938
603993.SH,洛阳钼业,20260915,17.71,17.78,17.56,17.64,17.89,-0.25,-1.3974,1039321.7,1836050.653
603995.SH,甬金股份,20260915,24.68,25.41,24.45,25.03,24.67,0.36,1.4593,47810.07,119666.125
603997.SH,继峰股份,20260915,11.89,12.0,11.62,11.66,11.89,-0.23,-1.9344,126028.0,148487.169
603998.SH,方盛制药,20260915,10.45,10.45,10.24,10.25,10.41,-0.16,-1.537,52677.0,54190.763
603999.SH,读者传媒,20260915,6.41,6.6,6.28,6.28,6.41,-0.13,-2.0281,280559.0,179903.202
605001.SH,威奥股份,20260915,5.98,5.98,5.56,5.58,5.95,-0.37,-6.2185,75042.0,42652.599
605003.SH,众望布艺,20260915,23.57,23.57,22.81,23.0,23.26,-0.26,-1.1178,8215.33,19008.1
605005.SH,合兴股份,20260915,15.95,15.99,15.62,15.67,15.99,-0.32,-2.0013,9687.0,15270.886
605006.SH,山东玻纤,20260915,17.46,18.88,16.85,16.99,18.16,-1.17,-6.4427,882627.36,1565885.411
605007.SH,五洲特纸,20260915,14.47,14.48,14.2,14.31,14.43,-0.12,-0.8316,20328.0,29163.948
605008.SH,长鸿高科,20260915,14.03,14.2,13.82,14.1,13.94,0.16,1.1478,40525.0,56885.39
605009.SH,豪悦护理,20260915,24.25,24.3,23.97,24.01,24.22,-0.21,-0.8671,6640.4,16017.615
605011.SH,杭州热电,20260915,19.14,19.98,18.27,18.78,20.3,-1.52,-7.4877,304835.25,581647.408
605016.SH,百龙创园,20260915,21.18,21.38,21.0,21.23,21.38,-0.15,-0.7016,18413.6,39040.495
605018.SH,长华集团,20260915,11.3,11.3,11.06,11.09,11.3,-0.21,-1.8584,15982.0,17819.04
605020.SH,永和股份,20260915,31.07,31.82,31.01,31.53,31.18,0.35,1.1225,59881.0,188584.911
605028.SH,世茂能源,20260915,24.17,24.7,23.83,23.85,24.45,-0.6,-2.454,10051.0,24330.667
605033.SH,美邦股份,20260915,18.75,18.8,18.01,18.25,18.85,-0.6,-3.183,24625.67,45565.005
605050.SH,福然德,20260915,9.87,10.0,9.78,9.89,9.87,0.02,0.2026,23106.01,22854.971
605055.SH,迎丰股份,20260915,8.81,8.85,8.53,8.57,8.79,-0.22,-2.5028,38127.0,33046.961
605056.SH,咸亨国际,20260915,12.98,13.0,12.71,12.75,12.96,-0.21,-1.6204,33512.85,42982.202
605058.SH,澳弘电子,20260915,36.3,40.3,36.3,40.3,36.64,3.66,9.9891,186978.09,745090.943
605060.SH,联德股份,20260915,38.01,39.08,37.74,38.17,38.02,0.15,0.3945,21734.0,83405.168
605066.SH,天正电气,20260915,6.7,6.76,6.57,6.58,6.75,-0.17,-2.5185,47994.0,31826.72
605068.SH,明新旭腾,20260915,19.5,20.0,19.02,19.18,19.58,-0.4,-2.0429,28479.0,55147.09
605069.SH,正和生态,20260915,12.13,13.79,11.39,12.36,12.65,-0.29,-2.2925,288566.56,346067.209
605077.SH,华康股份,20260915,12.19,12.2,11.39,11.39,12.48,-1.09,-8.734,220996.79,258020.832
605080.SH,浙江自然,20260915,22.53,23.1,22.34,22.86,22.56,0.3,1.3298,15233.0,34644.534
605086.SH,龙高股份,20260915,23.4,23.4,22.81,22.89,23.05,-0.16,-0.6941,7983.0,18366.606
605088.SH,冠盛股份,20260915,22.74,22.96,21.93,21.96,22.74,-0.78,-3.4301,135989.84,303469.371
605089.SH,味知香,20260915,20.46,20.48,20.01,20.01,20.48,-0.47,-2.2949,12705.0,25746.28
605090.SH,九丰能源,20260915,32.62,33.05,32.52,32.62,32.68,-0.06,-0.1836,39007.78,127843.867
605098.SH,行动教育,20260915,55.01,55.8,54.66,54.84,55.5,-0.66,-1.1892,5907.0,32578.952
605099.SH,共创草坪,20260915,28.45,29.06,28.45,28.7,28.55,0.15,0.5254,11419.56,32885.506
605100.SH,华丰股份,20260915,31.18,31.49,30.86,30.98,31.2,-0.22,-0.7051,16275.6,50709.177
605108.SH,同庆楼,20260915,12.35,12.44,11.75,11.78,12.35,-0.57,-4.6154,38199.44,45647.094
605111.SH,新洁能,20260915,52.75,54.55,52.66,53.47,53.16,0.31,0.5831,67696.42,362382.027
605116.SH,奥锐特,20260915,19.21,19.26,18.93,18.97,19.12,-0.15,-0.7845,8399.0,15974.527
605117.SH,德业股份,20260915,85.45,86.15,84.43,85.11,85.8,-0.69,-0.8042,61149.88,521755.443
605118.SH,力鼎光电,20260915,34.19,34.66,32.5,32.67,34.31,-1.64,-4.7799,67892.03,227851.627
605122.SH,四方新材,20260915,11.53,11.54,11.01,11.05,11.48,-0.43,-3.7456,23012.4,25730.245
605123.SH,派克新材,20260915,79.05,79.68,78.35,78.37,79.47,-1.1,-1.3842,9715.65,76646.895
605128.SH,上海沿浦,20260915,23.12,23.26,22.86,22.86,23.1,-0.24,-1.039,23202.97,53495.726
605133.SH,嵘泰股份,20260915,23.4,24.1,23.2,23.35,23.38,-0.03,-0.1283,36680.0,86548.621
605136.SH,丽人丽妆,20260915,8.38,8.45,8.1,8.15,8.4,-0.25,-2.9762,54402.16,44665.187
605138.SH,盛泰集团,20260915,6.01,6.02,5.75,5.76,6.01,-0.25,-4.1597,36933.0,21526.702
605151.SH,西上海,20260915,18.48,18.48,17.0,17.91,18.49,-0.58,-3.1368,14516.06,26198.224
605155.SH,西大门,20260915,14.0,14.79,13.83,14.45,14.02,0.43,3.067,48784.29,70373.08
605158.SH,华达新材,20260915,7.83,7.84,7.62,7.65,7.83,-0.18,-2.2989,33056.0,25486.225
605162.SH,新中港,20260915,10.3,11.55,10.16,11.55,10.5,1.05,10.0,615995.6,684149.551
605166.SH,聚合顺,20260915,8.29,8.35,8.18,8.2,8.33,-0.13,-1.5606,30982.0,25544.335
605167.SH,利柏特,20260915,17.1,17.39,16.1,16.35,17.25,-0.9,-5.2174,106131.24,175974.856
605168.SH,三人行,20260915,52.17,53.35,49.07,50.91,50.11,0.8,1.5965,124003.79,631398.938
605169.SH,洪通燃气,20260915,12.76,12.79,12.4,12.64,12.6,0.04,0.3175,39112.0,49438.544
605177.SH,东亚药业,20260915,24.99,26.12,24.48,24.9,25.0,-0.1,-0.4,83031.0,210543.702
605178.SH,时空科技,20260915,63.42,66.0,63.24,64.5,63.63,0.87,1.3673,26506.0,171960.767
605179.SH,一鸣食品,20260915,25.5,25.95,24.4,25.0,25.68,-0.68,-2.648,151507.92,383153.143
605180.SH,华生科技,20260915,13.07,13.07,12.52,12.57,13.07,-0.5,-3.8256,17512.67,22303.825
605183.SH,确成股份,20260915,16.08,16.08,15.7,15.79,16.1,-0.31,-1.9255,14587.0,23081.701
605186.SH,健麾信息,20260915,25.05,25.35,24.76,24.93,24.95,-0.02,-0.0802,11902.0,29708.37
605188.SH,国光连锁,20260915,13.37,13.37,12.03,12.03,13.37,-1.34,-10.0224,186186.4,229148.356
605189.SH,富春染织,20260915,13.85,14.02,13.71,13.77,13.95,-0.18,-1.2903,44559.11,61879.528
605196.SH,华通线缆,20260915,32.16,32.4,29.3,31.13,32.14,-1.01,-3.1425,238678.15,735212.259
605198.SH,安德利,20260915,82.0,86.96,80.2,81.0,82.85,-1.85,-2.233,60027.39,495166.113
605199.SH,ST葫芦娃,20260915,5.76,5.79,5.68,5.7,5.77,-0.07,-1.2132,8276.0,4729.448
605208.SH,永茂泰,20260915,14.75,14.8,14.29,14.4,14.72,-0.32,-2.1739,52422.0,76136.416
605218.SH,伟时电子,20260915,13.78,13.83,13.57,13.59,13.71,-0.12,-0.8753,16720.79,22877.876
605222.SH,起帆电缆,20260915,22.48,23.61,22.43,22.85,22.48,0.37,1.6459,109022.0,250403.782
605228.SH,神通科技,20260915,10.28,10.34,10.17,10.17,10.26,-0.09,-0.8772,21205.0,21649.298
605255.SH,天普股份,20260915,60.05,64.16,60.05,61.73,60.2,1.53,2.5415,8193.0,51274.732
605258.SH,协和电子,20260915,34.63,36.96,34.6,36.05,35.06,0.99,2.8237,115417.99,414748.701
605259.SH,绿田机械,20260915,17.68,17.68,17.06,17.45,17.65,-0.2,-1.1331,9183.4,15889.258
605266.SH,健之佳,20260915,15.62,15.65,15.2,15.22,15.7,-0.48,-3.0573,15621.0,23956.429
605268.SH,王力安防,20260915,9.6,9.68,9.3,9.35,9.64,-0.29,-3.0083,22603.0,21427.284
605277.SH,新亚电子,20260915,17.61,17.9,17.18,17.19,17.96,-0.77,-4.2873,193124.9,335499.415
605286.SH,同力天启,20260915,24.4,24.6,24.1,24.15,24.45,-0.3,-1.227,19725.0,48006.528
605287.SH,德才股份,20260915,35.61,36.1,35.05,35.16,35.56,-0.4,-1.1249,17360.0,61560.549
605288.SH,凯迪股份,20260915,62.58,63.21,60.59,60.64,63.48,-2.84,-4.4739,13072.67,80258.488
605289.SH,罗曼股份,20260915,97.27,98.58,96.09,96.19,97.39,-1.2,-1.2322,16561.0,161046.733
605296.SH,神农集团,20260915,33.37,34.83,33.2,33.93,33.52,0.41,1.2232,40152.0,137099.883
605298.SH,必得科技,20260915,42.92,43.86,42.76,42.91,43.44,-0.53,-1.2201,4929.04,21259.122
605299.SH,舒华体育,20260915,12.3,12.3,11.68,11.7,12.05,-0.35,-2.9046,105212.0,124667.182
605300.SH,佳禾食品,20260915,9.8,9.88,9.7,9.7,9.86,-0.16,-1.6227,55099.03,53896.721
605305.SH,中际联合,20260915,31.72,32.5,31.23,32.39,31.7,0.69,2.1767,64699.1,207128.925
605318.SH,法狮龙,20260915,74.1,74.88,73.56,73.75,74.1,-0.35,-0.4723,5445.0,40368.649
605319.SH,无锡振华,20260915,23.58,23.6,22.66,22.88,23.9,-1.02,-4.2678,67555.2,155904.562
605333.SH,沪光股份,20260915,16.24,16.33,15.92,15.95,16.24,-0.29,-1.7857,15756.58,25291.461
605336.SH,*ST帅电,20260915,11.51,12.09,11.5,11.81,11.45,0.36,3.1441,21576.0,25515.31
605337.SH,李子园,20260915,9.02,9.08,8.83,8.85,9.06,-0.21,-2.3179,26947.82,24026.875
605338.SH,巴比食品,20260915,17.83,17.86,17.48,17.54,17.85,-0.31,-1.7367,14843.0,26098.815
605339.SH,南侨食品,20260915,12.96,12.96,12.63,12.65,12.89,-0.24,-1.8619,8342.13,10622.077
605358.SH,立昂微,20260915,40.0,41.6,39.89,40.79,40.5,0.29,0.716,175657.22,718002.783
605365.SH,立达信,20260915,13.73,14.23,13.66,13.82,13.73,0.09,0.6555,68875.83,95826.575
605366.SH,宏柏新材,20260915,8.2,8.28,8.03,8.09,8.21,-0.12,-1.4616,224651.64,183939.727
605368.SH,蓝天燃气,20260915,6.86,6.86,6.69,6.7,6.83,-0.13,-1.9034,36104.56,24389.836
605369.SH,拱东医疗,20260915,17.0,17.2,16.55,16.62,17.0,-0.38,-2.2353,16893.64,28523.403
605376.SH,博迁新材,20260915,137.49,139.79,134.46,135.1,137.6,-2.5,-1.8169,133458.34,1819324.281
605377.SH,华旺科技,20260915,8.06,8.08,7.9,7.91,8.06,-0.15,-1.861,42875.8,34158.551
605378.SH,野马电池,20260915,13.57,14.33,13.52,13.84,13.6,0.24,1.7647,33960.06,47288.423
605388.SH,均瑶健康,20260915,6.01,6.01,5.75,5.78,6.0,-0.22,-3.6667,66096.4,38562.976
605389.SH,长龄液压,20260915,66.12,66.8,65.2,65.49,65.91,-0.42,-0.6372,6143.74,40539.538
605398.SH,新炬网络,20260915,20.84,21.6,20.84,21.14,20.69,0.45,2.175,70187.06,148614.191
605399.SH,晨光新材,20260915,11.24,11.28,11.03,11.03,11.24,-0.21,-1.8683,18361.0,20439.34
605488.SH,福莱新材,20260915,28.24,29.65,27.93,28.0,28.49,-0.49,-1.7199,82488.16,236203.82
605499.SH,东鹏饮料,20260915,112.99,113.34,111.53,111.53,112.63,-1.1,-0.9766,24536.76,275402.552
605500.SH,森林包装,20260915,7.29,7.29,7.06,7.07,7.26,-0.19,-2.6171,30608.01,21739.281
605507.SH,国邦医药,20260915,16.25,17.73,16.25,17.73,16.12,1.61,9.9876,274252.72,473697.09
605555.SH,德昌股份,20260915,12.0,12.04,11.7,11.72,11.99,-0.27,-2.2519,23347.9,27603.552
605566.SH,福莱蒽特,20260915,25.56,25.65,25.01,25.07,25.54,-0.47,-1.8403,20517.0,51815.173
605567.SH,春雪食品,20260915,9.22,9.22,8.81,8.84,9.21,-0.37,-4.0174,65473.08,58663.795
605577.SH,龙版传媒,20260915,15.55,16.2,15.12,15.12,16.8,-1.68,-10.0,474354.15,740718.931
605580.SH,恒盛能源,20260915,24.99,25.7,22.85,23.03,23.6,-0.57,-2.4153,263996.92,626852.627
605588.SH,冠石科技,20260915,43.5,44.69,43.5,43.86,44.12,-0.26,-0.5893,10357.0,45673.116
605589.SH,圣泉集团,20260915,38.78,40.4,38.78,39.6,39.04,0.56,1.4344,335594.4,1333916.867
605598.SH,上海港湾,20260915,24.18,24.73,24.03,24.33,24.28,0.05,0.2059,23700.0,57959.233
605599.SH,菜百股份,20260915,14.29,14.48,13.9,13.93,14.42,-0.49,-3.3981,58128.16,81872.691
688001.SH,华兴源创,20260915,64.47,65.84,62.31,64.02,64.2,-0.18,-0.2804,98756.62,632765.704
688002.SH,睿创微纳,20260915,176.0,179.97,175.5,178.5,177.89,0.61,0.3429,71716.36,1273857.991
688003.SH,天准科技,20260915,79.6,81.26,78.45,79.1,79.11,-0.01,-0.0126,28755.17,229317.607
688004.SH,博汇科技,20260915,27.38,27.38,26.38,27.38,22.82,4.56,19.9825,125763.99,342112.642
688005.SH,容百科技,20260915,23.43,24.12,23.43,23.62,23.6,0.02,0.0847,85487.87,203678.378
688006.SH,杭可科技,20260915,20.31,21.15,19.98,20.47,20.11,0.36,1.7902,117534.17,243383.136
688007.SH,光峰科技,20260915,10.05,10.16,9.87,9.9,10.08,-0.18,-1.7857,46348.33,46191.169
688008.SH,澜起科技,20260915,183.21,191.6,183.21,187.83,184.65,3.18,1.7222,243118.4,4579524.834
688009.SH,中国通号,20260915,4.67,4.69,4.63,4.63,4.67,-0.04,-0.8565,225247.64,104760.92
688010.SH,福光股份,20260915,25.45,25.94,25.08,25.44,25.4,0.04,0.1575,25253.99,64482.834
688011.SH,新光光电,20260915,83.5,83.8,78.1,78.7,84.01,-5.31,-6.3207,31430.6,253843.308
688012.SH,中微公司,20260915,323.44,337.8,322.16,330.6,324.64,5.96,1.8359,144003.21,4761883.205
688013.SH,天臣医疗,20260915,22.59,22.75,21.82,22.3,22.75,-0.45,-1.978,8133.1,17973.48
688015.SH,交控科技,20260915,16.12,16.19,15.8,15.8,16.22,-0.42,-2.5894,8747.9,13962.354
688016.SH,心脉医疗,20260915,83.28,84.38,83.07,83.35,83.29,0.06,0.072,7459.58,62384.657
688017.SH,绿的谐波,20260915,280.0,285.0,277.11,279.4,279.38,0.02,0.0072,28872.27,810968.577
688018.SH,乐鑫科技,20260915,102.73,104.0,102.31,102.6,102.8,-0.2,-0.1946,20988.03,216271.065
688019.SH,安集科技,20260915,215.0,223.0,213.3,218.95,215.8,3.15,1.4597,41265.1,902417.877
688020.SH,方邦股份,20260915,148.79,169.98,148.79,159.0,146.6,12.4,8.4584,70993.26,1139947.861
688021.SH,奥福科技,20260915,19.18,19.28,18.6,18.68,19.13,-0.45,-2.3523,15562.44,29414.095
688022.SH,ST瀚川,20260915,8.98,8.98,8.71,8.71,8.89,-0.18,-2.0247,17666.93,15546.341
688023.SH,安恒信息,20260915,46.1,46.5,44.23,44.89,45.2,-0.31,-0.6858,81225.92,367635.612
688025.SH,杰普特,20260915,392.24,405.2,388.1,393.9,393.0,0.9,0.229,20302.2,804238.513
688026.SH,洁特生物,20260915,21.0,21.3,20.26,20.32,21.19,-0.87,-4.1057,53668.32,111182.394
688027.SH,国盾量子,20260915,343.0,349.61,341.0,344.0,344.08,-0.08,-0.0233,9335.94,322760.909
688028.SH,沃尔德,20260915,118.0,118.95,113.0,114.65,120.2,-5.55,-4.6173,83966.82,974607.988
688029.SH,南微医学,20260915,72.68,80.17,72.38,79.06,72.65,6.41,8.8231,52782.77,409783.266
688030.SH,山石网科,20260915,17.5,17.78,16.9,17.11,17.05,0.06,0.3519,91912.24,159469.147
688031.SH,星环科技,20260915,101.0,105.37,98.19,101.93,98.26,3.67,3.735,59206.66,607957.18
688032.SH,禾迈股份,20260915,68.25,68.98,67.92,67.93,68.57,-0.64,-0.9334,3987.98,27237.389
688033.SH,*ST天宜,20260915,7.08,7.45,6.97,7.31,7.02,0.29,4.1311,78566.96,56740.744
688035.SH,德邦科技,20260915,70.4,72.99,69.93,70.51,71.0,-0.49,-0.6901,50871.34,361969.84
688036.SH,传音控股,20260915,51.49,52.05,51.2,51.97,51.86,0.11,0.2121,61915.87,319833.606
688037.SH,芯源微,20260915,311.4,328.0,304.88,321.0,309.38,11.62,3.7559,45732.58,1454353.989
688038.SH,中科通达,20260915,18.3,18.43,17.9,18.0,18.41,-0.41,-2.2271,12962.89,23468.286
688039.SH,当虹科技,20260915,32.35,33.34,32.0,32.1,32.37,-0.27,-0.8341,17602.01,56920.209
688041.SH,海光信息,20260915,224.6,231.5,222.6,224.6,223.69,0.91,0.4068,148209.49,3355265.54
688045.SH,必易微,20260915,54.66,55.66,53.65,54.3,54.42,-0.12,-0.2205,12224.06,66610.668
688046.SH,药康生物,20260915,32.79,33.35,32.18,32.37,32.82,-0.45,-1.3711,84936.88,277095.929
688047.SH,龙芯中科,20260915,96.21,97.8,95.76,96.2,96.84,-0.64,-0.6609,22709.49,219438.609
688048.SH,长光华芯,20260915,289.66,311.5,285.11,302.93,290.59,12.34,4.2465,108322.9,3263778.579
688049.SH,炬芯科技,20260915,39.05,39.6,38.81,38.89,39.05,-0.16,-0.4097,30394.73,119035.582
688050.SH,爱博医疗,20260915,37.78,37.78,37.11,37.25,37.63,-0.38,-1.0098,14277.79,53401.184
688051.SH,佳华科技,20260915,25.2,25.39,23.2,23.37,25.14,-1.77,-7.0406,24110.81,57780.979
688052.SH,纳芯微,20260915,226.46,232.56,226.21,228.18,228.72,-0.54,-0.2361,13166.78,301059.211
688053.SH,ST思科瑞,20260915,38.85,38.85,38.03,38.21,38.61,-0.4,-1.036,3410.79,13053.38
688055.SH,龙腾光电,20260915,3.65,3.67,3.59,3.59,3.65,-0.06,-1.6438,60742.59,22016.831
688056.SH,莱伯泰科,20260915,40.54,41.74,39.8,40.31,40.54,-0.23,-0.5673,5746.83,23358.284
688057.SH,金达莱,20260915,16.91,16.92,16.3,16.45,16.91,-0.46,-2.7203,46166.16,76404.883
688058.SH,宝兰德,20260915,23.95,24.98,23.18,23.27,23.84,-0.57,-2.3909,15334.46,36646.868
688059.SH,华锐精密,20260915,82.13,85.63,81.56,83.32,82.27,1.05,1.2763,29191.16,244955.542
688060.SH,云涌科技,20260915,36.45,36.94,34.8,34.85,36.47,-1.62,-4.442,6193.61,21985.68
688061.SH,灿瑞科技,20260915,41.9,44.7,41.2,42.9,41.97,0.93,2.2159,32499.03,139732.603
688062.SH,迈威生物,20260915,25.61,25.88,25.1,25.24,25.79,-0.55,-2.1326,46499.73,118029.073
688063.SH,派能科技,20260915,40.02,41.2,39.73,40.47,40.16,0.31,0.7719,44538.44,181003.854
688065.SH,凯赛生物,20260915,37.67,38.0,37.19,37.53,37.88,-0.35,-0.924,47941.64,179597.089
688066.SH,*ST航图,20260915,9.31,9.6,9.11,9.3,9.17,0.13,1.4177,52085.79,48491.094
688067.SH,爱威科技,20260915,22.46,22.52,21.72,21.81,22.52,-0.71,-3.1528,12581.83,27844.876
688068.SH,热景生物,20260915,89.01,90.5,86.06,86.49,90.6,-4.11,-4.5364,22825.6,198962.299
688069.SH,德林海,20260915,36.53,37.46,36.02,36.62,36.61,0.01,0.0273,12299.38,45111.733
688070.SH,纵横股份,20260915,32.29,32.29,31.4,31.45,32.11,-0.66,-2.0554,7671.43,24340.25
688071.SH,华依科技,20260915,31.66,32.28,31.35,31.35,31.86,-0.51,-1.6008,8012.99,25370.181
688072.SH,拓荆科技,20260915,590.0,655.55,588.09,649.0,601.0,48.0,7.9867,70886.39,4470900.144
688073.SH,毕得医药,20260915,60.0,61.69,58.91,60.77,60.15,0.62,1.0308,40389.23,243265.975
688075.SH,安旭生物,20260915,28.17,28.22,27.91,27.95,28.25,-0.3,-1.0619,2471.71,6929.293
688076.SH,ST诺泰,20260915,28.35,29.24,27.9,28.54,28.25,0.29,1.0265,21117.02,60246.445
688077.SH,大地熊,20260915,26.26,26.36,25.84,26.02,26.11,-0.09,-0.3447,11049.61,28789.634
688078.SH,龙软科技,20260915,26.68,27.13,26.04,26.32,26.49,-0.17,-0.6418,10803.72,28666.804
688079.SH,美迪凯,20260915,14.65,15.05,14.55,14.72,14.8,-0.08,-0.5405,63086.27,93464.499
688080.SH,映翰通,20260915,36.8,37.19,36.38,36.54,37.19,-0.65,-1.7478,7947.6,29137.913
688081.SH,兴图新科,20260915,25.61,25.87,25.13,25.21,25.86,-0.65,-2.5135,10936.55,27799.712
688082.SH,盛美上海,20260915,269.03,287.48,265.1,277.17,270.45,6.72,2.4847,43309.0,1199954.995
688083.SH,中望软件,20260915,50.0,50.45,49.79,49.83,49.76,0.07,0.1407,10363.58,51927.669
688084.SH,晶品特装,20260915,43.8,43.8,42.28,42.3,43.9,-1.6,-3.6446,12873.39,55203.4
688085.SH,三友医疗,20260915,12.88,12.97,12.23,12.25,12.82,-0.57,-4.4462,33009.5,40996.882
688087.SH,英科再生,20260915,33.91,34.48,33.4,33.54,34.02,-0.48,-1.4109,14245.12,48266.748
688088.SH,虹软科技,20260915,29.15,29.37,28.94,28.99,29.0,-0.01,-0.0345,24525.72,71453.367
688089.SH,ST嘉必优,20260915,8.73,8.77,8.51,8.51,8.77,-0.26,-2.9647,16521.7,14262.794
688090.SH,瑞松科技,20260915,73.18,78.62,73.0,77.55,73.28,4.27,5.827,100816.47,775795.162
688091.SH,上海谊众,20260915,38.78,39.63,38.68,38.83,39.11,-0.28,-0.7159,10228.94,39814.315
688092.SH,爱科科技,20260915,21.66,21.66,20.71,20.76,21.74,-0.98,-4.5078,8060.12,16977.346
688093.SH,世华科技,20260915,22.3,22.65,21.99,22.08,22.45,-0.37,-1.6481,15723.31,34977.904
688095.SH,福昕软件,20260915,58.0,58.13,55.8,55.97,56.7,-0.73,-1.2875,18700.45,106378.658
688096.SH,京源环保,20260915,7.73,7.74,7.34,7.36,7.69,-0.33,-4.2913,44502.06,33442.406
688097.SH,博众精工,20260915,43.88,45.36,43.88,44.3,44.55,-0.25,-0.5612,26697.31,119407.396
688098.SH,申联生物,20260915,8.06,8.08,7.97,7.98,8.05,-0.07,-0.8696,17693.54,14194.592
688099.SH,晶晨股份,20260915,83.58,85.48,83.58,84.55,83.98,0.57,0.6787,52062.98,441474.677
688100.SH,威胜信息,20260915,24.35,24.56,24.2,24.47,24.35,0.12,0.4928,18434.12,44946.817
688101.SH,三达膜,20260915,14.26,14.3,14.12,14.17,14.2,-0.03,-0.2113,10955.97,15539.975
688102.SH,斯瑞新材,20260915,30.56,31.26,30.55,30.95,30.64,0.31,1.0117,71575.54,221228.005
688103.SH,国力电子,20260915,70.5,72.2,69.19,71.55,70.33,1.22,1.7347,12653.09,90054.291
688105.SH,诺唯赞,20260915,20.68,20.79,20.1,20.16,20.63,-0.47,-2.2782,55456.45,112635.164
688106.SH,金宏气体,20260915,25.5,26.29,25.4,25.96,25.58,0.38,1.4855,131035.6,340087.289
688107.SH,安路科技,20260915,28.01,29.05,27.95,28.57,28.21,0.36,1.2761,40576.28,115908.499
688108.SH,赛诺医疗,20260915,15.43,15.65,15.28,15.29,15.4,-0.11,-0.7143,50161.93,77406.086
688109.SH,品茗科技,20260915,74.0,74.0,70.88,71.0,72.95,-1.95,-2.6731,6492.47,46592.092
688110.SH,东芯股份,20260915,109.85,112.96,108.7,110.54,108.55,1.99,1.8333,108371.88,1200399.336
688111.SH,金山办公,20260915,230.7,233.44,225.11,225.52,228.59,-3.07,-1.343,37127.68,850577.094
688112.SH,鼎阳科技,20260915,67.11,69.34,67.11,67.64,67.83,-0.19,-0.2801,18823.56,128355.64
688113.SH,联测科技,20260915,33.82,33.91,33.23,33.38,33.81,-0.43,-1.2718,4095.41,13738.291
688114.SH,华大智造,20260915,58.77,62.45,58.11,60.08,58.5,1.58,2.7009,91169.74,552718.675
688115.SH,XD思林杰,20260915,58.02,60.0,57.0,58.09,58.21,-0.12,-0.2062,16447.77,96806.966
688116.SH,天奈科技,20260915,32.51,34.07,32.35,33.1,32.49,0.61,1.8775,61780.44,205850.623
688117.SH,圣诺生物,20260915,22.88,23.07,22.51,22.55,22.95,-0.4,-1.7429,21289.11,48356.818
688118.SH,普元信息,20260915,19.39,19.52,18.94,18.98,19.25,-0.27,-1.4026,17554.68,33678.212
688119.SH,中钢洛耐,20260915,3.8,3.84,3.72,3.74,3.83,-0.09,-2.3499,89683.71,33868.985
688120.SH,华海清科,20260915,233.52,261.45,232.69,255.5,235.17,20.33,8.6448,108903.88,2744907.45
688121.SH,*ST卓然,20260915,1.17,1.27,1.14,1.23,1.21,0.02,1.6529,200133.89,23740.507
688122.SH,西部超导,20260915,51.2,51.35,50.38,50.4,51.2,-0.8,-1.5625,75745.48,384366.469
688123.SH,聚辰股份,20260915,128.99,137.0,127.51,134.3,128.92,5.38,4.1731,76436.87,1015915.6
688125.SH,安达智能,20260915,115.0,117.54,112.92,113.98,115.23,-1.25,-1.0848,8295.57,95807.831
688126.SH,沪硅产业,20260915,21.94,22.42,21.67,21.92,21.94,-0.02,-0.0912,386231.69,850739.83
688127.SH,蓝特光学,20260915,64.27,66.14,63.41,64.19,65.09,-0.9,-1.3827,68528.04,442434.875
688128.SH,中国电研,20260915,21.31,21.8,21.22,21.44,21.4,0.04,0.1869,15264.67,32932.133
688129.SH,东来技术,20260915,21.1,21.1,20.35,20.45,21.1,-0.65,-3.0806,7161.75,14757.171
688130.SH,晶华微,20260915,22.13,22.5,21.83,22.29,22.14,0.15,0.6775,12572.16,27962.587
688131.SH,皓元医药,20260915,90.43,91.77,89.38,90.76,90.29,0.47,0.5205,24981.45,226099.087
688132.SH,邦彦技术,20260915,15.2,15.53,15.0,15.05,15.37,-0.32,-2.082,12687.79,19305.324
688133.SH,泰坦科技,20260915,19.71,20.2,19.6,19.75,19.82,-0.07,-0.3532,31736.39,63169.715
688135.SH,利扬芯片,20260915,38.91,39.49,38.01,38.83,39.5,-0.67,-1.6962,198769.65,771278.047
688136.SH,科兴制药,20260915,19.71,19.72,19.26,19.33,19.62,-0.29,-1.4781,29939.38,58250.894
688137.SH,近岸蛋白,20260915,80.61,83.99,76.79,77.1,76.8,0.3,0.3906,102227.42,818351.242
688138.SH,清溢光电,20260915,35.69,37.32,35.4,36.69,35.85,0.84,2.3431,83285.05,304520.153
688139.SH,海尔生物,20260915,31.2,31.57,30.81,30.81,31.18,-0.37,-1.1867,20632.49,64266.674
688141.SH,杰华特,20260915,106.0,112.96,106.0,108.89,105.29,3.6,3.4191,140808.56,1549705.018
688143.SH,长盈通,20260915,190.5,196.85,188.87,190.0,197.0,-7.0,-3.5533,103640.29,1989717.206
688146.SH,中船特气,20260915,219.0,234.99,217.77,227.99,218.14,9.85,4.5154,136941.34,3118341.321
688147.SH,微导纳米,20260915,97.29,104.55,96.8,100.64,99.05,1.59,1.6052,81207.54,821883.035
688148.SH,芳源股份,20260915,5.83,6.0,5.81,5.87,5.85,0.02,0.3419,109088.05,64559.792
688150.SH,莱特光电,20260915,41.21,45.0,40.88,43.37,41.34,2.03,4.9105,144097.82,625131.427
688151.SH,华强科技,20260915,16.98,17.1,16.16,16.16,17.14,-0.98,-5.7176,60819.23,100698.079
688152.SH,麒麟信安,20260915,38.0,38.49,35.13,35.13,37.44,-2.31,-6.1699,63884.48,234753.451
688153.SH,唯捷创芯,20260915,24.13,24.4,23.95,24.02,24.1,-0.08,-0.332,15559.78,37555.521
688155.SH,先惠技术,20260915,51.01,56.66,50.6,54.88,51.1,3.78,7.3973,70314.98,382335.255
688156.SH,路德科技,20260915,22.7,22.77,21.8,22.35,22.7,-0.35,-1.5419,31107.08,69476.913
688157.SH,松井股份,20260915,18.46,18.73,18.18,18.42,18.44,-0.02,-0.1085,16301.0,30052.719
688158.SH,优刻得,20260915,28.7,28.99,28.12,28.13,28.68,-0.55,-1.9177,83942.64,238767.016
688159.SH,有方科技,20260915,32.04,35.67,31.82,33.76,32.28,1.48,4.5849,55059.68,187698.281
688160.SH,步科股份,20260915,97.9,99.92,93.5,93.5,98.61,-5.11,-5.182,11104.2,106896.773
688161.SH,威高骨科,20260915,21.44,21.5,20.98,20.99,21.51,-0.52,-2.4175,10611.16,22440.969
688162.SH,巨一科技,20260915,23.59,23.59,22.9,22.91,23.21,-0.3,-1.2925,5887.2,13598.997
688163.SH,XD赛伦生,20260915,34.49,35.12,34.0,34.2,34.53,-0.33,-0.9557,6308.68,21805.169
688165.SH,埃夫特,20260915,14.49,14.61,14.27,14.28,14.52,-0.24,-1.6529,37745.04,54358.968
688166.SH,博瑞医药,20260915,35.46,35.8,34.56,34.62,35.46,-0.84,-2.3689,53702.24,187493.065
688167.SH,炬光科技,20260915,280.0,287.02,273.51,276.0,286.78,-10.78,-3.759,71138.61,1974018.942
688168.SH,安博通,20260915,37.63,39.51,35.83,38.18,37.35,0.83,2.2222,91112.96,344580.154
688169.SH,石头科技,20260915,120.1,124.6,119.09,123.67,120.39,3.28,2.7245,52785.39,646156.448
688170.SH,德龙激光,20260915,69.14,71.05,68.0,68.86,69.99,-1.13,-1.6145,75566.7,524803.781
688171.SH,纬德信息,20260915,23.39,24.23,22.57,22.61,23.32,-0.71,-3.0446,12595.0,29089.276
688172.SH,燕东微,20260915,42.0,43.86,41.82,42.12,42.13,-0.01,-0.0237,100581.85,427316.505
688173.SH,希荻微,20260915,11.8,12.02,11.68,11.81,11.85,-0.04,-0.3376,52363.65,61939.811
688175.SH,高凌信息,20260915,17.19,17.29,16.71,16.76,17.16,-0.4,-2.331,20453.73,34689.685
688176.SH,亚虹医药,20260915,12.89,12.89,12.47,12.48,12.81,-0.33,-2.5761,60970.04,77011.693
688177.SH,百奥泰,20260915,16.8,16.85,16.41,16.46,16.82,-0.36,-2.1403,16019.82,26493.512
688178.SH,万德斯,20260915,27.0,27.9,26.96,27.24,27.05,0.19,0.7024,10906.79,29835.697
688179.SH,阿拉丁,20260915,18.87,18.97,18.53,18.67,18.97,-0.3,-1.5814,63021.93,117904.697
688180.SH,君实生物,20260915,32.27,32.72,32.1,32.22,32.5,-0.28,-0.8615,52507.25,169374.382
688181.SH,八亿时空,20260915,38.5,42.1,38.41,41.15,38.8,2.35,6.0567,117448.97,477115.74
688182.SH,灿勤科技,20260915,27.32,27.92,27.0,27.49,27.31,0.18,0.6591,35734.39,98380.765
688183.SH,生益电子,20260915,123.0,131.0,123.0,125.89,124.2,1.69,1.3607,188707.32,2412425.955
688184.SH,ST帕瓦,20260915,10.59,10.59,10.35,10.45,10.47,-0.02,-0.191,3268.82,3407.612
688185.SH,康希诺,20260915,64.92,65.42,63.25,63.25,65.09,-1.84,-2.8269,50072.46,321075.35
688186.SH,广大特材,20260915,13.82,14.07,13.6,14.01,13.84,0.17,1.2283,22267.65,31010.906
688187.SH,时代电气,20260915,44.88,45.24,44.53,44.75,45.14,-0.39,-0.864,21292.83,95448.803
688188.SH,柏楚电子,20260915,95.8,96.49,94.39,94.68,95.88,-1.2,-1.2516,13049.75,124332.373
688189.SH,ST南新,20260915,6.52,6.52,6.35,6.35,6.5,-0.15,-2.3077,21826.95,14063.171
688190.SH,云路股份,20260915,68.26,69.89,68.26,68.96,68.88,0.08,0.1161,3761.36,26041.982
688191.SH,智洋创新,20260915,19.72,20.14,19.25,19.68,19.54,0.14,0.7165,42880.91,84603.564
688192.SH,迪哲医药,20260915,54.64,55.6,54.11,55.54,54.79,0.75,1.3689,33758.41,185407.056
688193.SH,仁度生物,20260915,44.69,45.05,42.8,42.96,45.1,-2.14,-4.745,5052.26,22059.475
688195.SH,腾景科技,20260915,181.0,184.97,178.01,178.91,181.34,-2.43,-1.34,91862.3,1659047.923
688196.SH,卓越新能,20260915,34.78,34.78,32.7,32.78,34.55,-1.77,-5.123,23564.78,78511.187
688197.SH,首药控股,20260915,32.54,33.35,32.06,32.06,32.84,-0.78,-2.3752,11841.56,38594.83
688198.SH,佰仁医疗,20260915,67.28,69.1,67.03,68.73,67.45,1.28,1.8977,2406.92,16443.331
688199.SH,久日新材,20260915,23.1,23.93,23.08,23.59,23.3,0.29,1.2446,42821.18,101063.422
688200.SH,华峰测控,20260915,347.26,364.98,345.0,354.7,346.52,8.18,2.3606,31806.15,1127963.012
688201.SH,ST信安,20260915,7.77,7.85,7.31,7.31,7.66,-0.35,-4.5692,52500.72,39855.072
688202.SH,美迪西,20260915,96.5,100.24,95.88,98.5,96.99,1.51,1.5569,64399.09,631360.847
688203.SH,海正生材,20260915,14.74,14.93,14.44,14.51,14.68,-0.17,-1.158,33402.66,48916.598
688205.SH,德科立,20260915,213.06,216.56,207.62,208.0,216.1,-8.1,-3.7483,102624.73,2160760.092
688206.SH,概伦电子,20260915,36.8,37.24,35.88,35.94,36.81,-0.87,-2.3635,47534.07,173101.458
688207.SH,格灵深瞳,20260915,19.21,19.5,18.83,18.86,19.3,-0.44,-2.2798,69962.98,133791.867
688208.SH,道通科技,20260915,25.29,25.6,25.23,25.23,25.54,-0.31,-1.2138,27300.24,69284.538
688209.SH,英集芯,20260915,34.5,35.58,33.55,35.58,34.3,1.28,3.7318,241667.35,841595.795
688210.SH,统联精密,20260915,26.84,26.98,25.32,25.76,26.51,-0.75,-2.8291,48159.0,124260.387
688211.SH,中科微至,20260915,31.6,31.6,29.96,30.1,30.16,-0.06,-0.1989,6719.73,20467.877
688212.SH,澳华内镜,20260915,28.28,28.69,27.96,28.25,28.39,-0.14,-0.4931,11595.89,32846.766
688213.SH,思特威,20260915,92.6,93.3,91.63,92.34,92.7,-0.36,-0.3883,23898.99,220905.127
688215.SH,瑞晟智能,20260915,46.6,46.98,45.1,45.25,46.71,-1.46,-3.1257,11658.72,53497.752
688216.SH,气派科技,20260915,34.41,38.41,34.04,37.11,32.01,5.1,15.9325,197942.58,725775.869
688217.SH,睿昂基因,20260915,23.49,23.7,22.51,22.66,23.61,-0.95,-4.0237,10184.12,23239.175
688218.SH,江苏北人,20260915,43.25,43.66,41.0,41.13,42.62,-1.49,-3.496,33920.66,143809.613
688219.SH,会通股份,20260915,10.12,10.16,9.98,9.99,10.12,-0.13,-1.2846,27869.87,28018.706
688220.SH,翱捷科技,20260915,88.0,90.49,87.37,87.8,87.5,0.3,0.3429,44625.81,395428.496
688221.SH,前沿生物,20260915,15.89,15.92,15.5,15.54,15.96,-0.42,-2.6316,73455.14,115300.596
688222.SH,成都先导,20260915,32.4,32.8,31.96,32.11,32.49,-0.38,-1.1696,98635.93,318452.137
688223.SH,晶科能源,20260915,3.87,3.88,3.77,3.79,3.86,-0.07,-1.8135,588004.12,224671.844
688225.SH,亚信安全,20260915,14.35,14.7,13.31,13.35,13.69,-0.34,-2.4836,161855.78,224175.506
688226.SH,威腾电气,20260915,28.35,29.18,28.06,28.19,28.75,-0.56,-1.9478,52244.23,149388.133
688227.SH,品高股份,20260915,66.14,67.99,66.14,66.71,66.87,-0.16,-0.2393,13518.61,90508.311
688228.SH,开普云,20260915,76.3,77.69,74.77,75.39,75.59,-0.2,-0.2646,11618.58,88057.404
688229.SH,博睿数据,20260915,61.4,62.77,59.81,59.87,61.46,-1.59,-2.587,4156.79,25328.969
688230.SH,芯导科技,20260915,57.0,57.7,56.22,56.9,56.61,0.29,0.5123,5644.98,32194.296
688231.SH,隆达股份,20260915,31.33,31.76,30.96,30.98,31.31,-0.33,-1.054,23676.2,74159.48
688232.SH,新点软件,20260915,17.39,17.47,17.24,17.32,17.37,-0.05,-0.2879,11659.9,20238.557
688233.SH,神工股份,20260915,90.91,95.0,89.83,92.67,90.82,1.85,2.037,59854.89,556235.716
688234.SH,天岳先进,20260915,94.47,97.15,93.8,94.45,95.0,-0.55,-0.5789,58766.84,559061.696
688235.SH,百济神州,20260915,255.0,257.0,252.9,253.56,256.6,-3.04,-1.1847,14802.97,376924.319
688236.SH,春立医疗,20260915,13.64,13.64,13.38,13.39,13.59,-0.2,-1.4717,8773.42,11840.085
688237.SH,超卓航科,20260915,57.12,57.78,55.45,55.8,56.74,-0.94,-1.6567,12038.09,67565.944
688238.SH,和元生物,20260915,6.42,6.5,6.25,6.28,6.5,-0.22,-3.3846,122630.63,77774.902
688239.SH,航宇科技,20260915,52.86,53.8,51.5,52.9,52.7,0.2,0.3795,63504.01,334833.772
688244.SH,永信至诚,20260915,17.73,18.93,16.19,16.97,16.44,0.53,3.2238,215294.28,380949.394
688246.SH,嘉和美康,20260915,16.42,16.43,16.02,16.02,16.36,-0.34,-2.0782,14400.28,23360.527
688247.SH,宣泰医药,20260915,8.79,8.92,8.66,8.69,8.84,-0.15,-1.6968,37798.54,33177.753
688248.SH,南网科技,20260915,49.78,50.6,49.25,49.35,50.3,-0.95,-1.8887,37726.65,188038.664
688249.SH,晶合集成,20260915,33.9,35.3,33.9,34.3,34.21,0.09,0.2631,130488.01,452988.224
688251.SH,井松智能,20260915,18.78,18.9,18.02,18.12,18.73,-0.61,-3.2568,13755.82,25283.343
688252.SH,天德钰,20260915,20.86,20.92,20.42,20.57,20.79,-0.22,-1.0582,28746.6,59297.509
688253.SH,英诺特,20260915,54.29,54.69,52.5,53.0,54.43,-1.43,-2.6272,9980.31,53624.799
688255.SH,凯尔达,20260915,24.8,24.8,24.13,24.16,24.76,-0.6,-2.4233,14189.18,34569.904
688256.SH,寒武纪,20260915,1045.0,1109.99,1040.02,1075.79,1040.0,35.79,3.4413,107298.52,11605192.827
688257.SH,新锐股份,20260915,52.0,55.45,51.67,53.57,51.38,2.19,4.2624,152299.71,822095.172
688258.SH,卓易信息,20260915,88.86,89.7,87.41,87.9,87.82,0.08,0.0911,17049.71,150905.935
688259.SH,创耀科技,20260915,30.7,30.81,30.16,30.23,30.62,-0.39,-1.2737,4150.6,12620.741
688260.SH,昀冢科技,20260915,119.34,123.88,115.4,117.07,119.47,-2.4,-2.0089,82567.44,975232.429
688261.SH,东微半导,20260915,64.9,66.48,64.51,64.9,64.96,-0.06,-0.0924,20025.38,130889.551
688262.SH,国芯科技,20260915,26.5,27.04,26.36,26.57,26.58,-0.01,-0.0376,47225.28,125783.616
688265.SH,南模生物,20260915,39.58,40.29,38.86,39.01,39.67,-0.66,-1.6637,9154.09,35953.157
688266.SH,泽璟制药,20260915,109.99,111.47,108.68,110.36,110.88,-0.52,-0.469,25838.57,284135.515
688267.SH,中触媒,20260915,20.15,20.78,20.11,20.2,20.15,0.05,0.2481,30346.72,62055.034
688268.SH,华特气体,20260915,129.0,132.56,127.0,130.4,128.0,2.4,1.875,34727.22,453127.714
688269.SH,凯立新材,20260915,25.88,26.47,25.88,26.2,26.2,0.0,0.0,7280.05,19094.763
688270.SH,ST臻镭,20260915,54.8,57.69,54.5,56.7,54.47,2.23,4.094,58634.6,328643.452
688271.SH,联影医疗,20260915,102.31,103.88,101.68,102.01,102.35,-0.34,-0.3322,26025.17,266821.143
688272.SH,富吉瑞,20260915,27.3,27.36,26.61,26.61,27.2,-0.59,-2.1691,6385.39,17193.496
688273.SH,麦澜德,20260915,27.0,28.05,26.86,27.74,26.97,0.77,2.855,12938.7,35595.888
688275.SH,万润新能,20260915,68.76,70.02,67.89,68.07,69.02,-0.95,-1.3764,20582.81,141912.194
688276.SH,百克生物,20260915,15.2,15.34,14.9,14.91,15.35,-0.44,-2.8664,14278.44,21502.441
688277.SH,天智航,20260915,15.01,15.27,14.69,14.72,15.02,-0.3,-1.9973,30456.52,45643.783
688278.SH,特宝生物,20260915,50.88,51.67,49.76,50.0,51.3,-1.3,-2.5341,25865.12,130650.045
688279.SH,峰岹科技,20260915,180.68,188.69,180.27,181.3,182.5,-1.2,-0.6575,19521.16,360621.853
688280.SH,精进电动,20260915,5.05,5.07,4.92,4.93,5.03,-0.1,-1.9881,61009.19,30304.865
688281.SH,华秦科技,20260915,50.0,50.88,49.66,49.8,50.13,-0.33,-0.6583,20786.45,104217.311
688282.SH,理工导航,20260915,51.19,52.81,50.52,52.4,50.96,1.44,2.8257,6183.35,32107.793
688283.SH,坤恒顺维,20260915,26.16,26.81,25.87,26.13,26.06,0.07,0.2686,10403.8,27478.365
688285.SH,高铁电气,20260915,7.55,7.57,7.27,7.31,7.59,-0.28,-3.6891,25519.14,18831.878
688286.SH,敏芯股份,20260915,42.67,45.38,42.67,44.89,43.5,1.39,3.1954,33919.14,149594.932
688288.SH,鸿泉技术,20260915,17.93,18.15,17.26,17.34,17.95,-0.61,-3.3983,10249.03,18009.908
688289.SH,圣湘生物,20260915,16.1,16.15,15.5,15.52,16.08,-0.56,-3.4826,35856.59,56330.698
688290.SH,景业智能,20260915,62.05,64.6,61.79,63.0,62.43,0.57,0.913,6124.87,38996.051
688291.SH,金橙子,20260915,40.0,40.99,38.2,38.65,44.4,-5.75,-12.9505,67715.75,267847.671
688292.SH,浩瀚深度,20260915,18.88,19.52,18.2,18.31,17.88,0.43,2.4049,103757.42,195616.464
688293.SH,奥浦迈,20260915,65.26,66.86,63.03,64.23,67.08,-2.85,-4.2487,62163.19,400505.526
688295.SH,中复神鹰,20260915,37.18,38.16,37.18,37.61,37.3,0.31,0.8311,38946.17,146870.821
688296.SH,和达科技,20260915,25.0,25.52,24.24,25.28,24.85,0.43,1.7304,84164.95,210856.138
688297.SH,中无人机,20260915,43.19,43.54,42.34,42.53,43.41,-0.88,-2.0272,78650.77,336802.646
688298.SH,东方生物,20260915,18.56,18.56,17.94,17.94,18.29,-0.35,-1.9136,6737.92,12198.352
688299.SH,长阳科技,20260915,12.68,12.68,12.38,12.4,12.58,-0.18,-1.4308,26155.9,32746.177
688300.SH,联瑞新材,20260915,176.15,188.7,175.91,179.49,175.99,3.5,1.9887,143171.71,2634948.386
688301.SH,奕瑞科技,20260915,87.88,90.99,87.88,89.65,88.19,1.46,1.6555,28471.14,255227.504
688302.SH,海创药业,20260915,29.73,29.93,29.3,29.55,29.72,-0.17,-0.572,7909.02,23394.866
688303.SH,大全能源,20260915,16.48,16.59,16.28,16.35,16.48,-0.13,-0.7888,39658.75,65067.809
688305.SH,科德数控,20260915,54.55,55.35,54.2,54.92,54.55,0.37,0.6783,11793.91,64716.032
688306.SH,均普智能,20260915,8.68,8.82,8.56,8.62,8.69,-0.07,-0.8055,56813.76,49188.382
688307.SH,中润光学,20260915,44.26,44.91,43.14,43.9,43.85,0.05,0.114,24456.85,108087.923
688308.SH,欧科亿,20260915,84.0,88.12,84.0,85.25,84.09,1.16,1.3795,76858.37,662887.721
688309.SH,恒誉科技,20260915,77.7,78.49,76.57,77.31,77.89,-0.58,-0.7446,7469.94,58084.808
688310.SH,迈得医疗,20260915,14.2,14.48,13.87,13.98,14.2,-0.22,-1.5493,11345.58,15901.433
688311.SH,盟升电子,20260915,22.78,22.91,22.32,22.38,22.83,-0.45,-1.9711,21777.46,49183.98
688312.SH,燕麦科技,20260915,47.79,53.07,46.62,50.15,47.02,3.13,6.6567,102359.08,521819.447
688313.SH,仕佳光子,20260915,142.9,150.88,142.9,146.85,145.03,1.82,1.2549,143260.67,2111702.29
688314.SH,康拓医疗,20260915,30.5,30.5,29.4,29.45,30.56,-1.11,-3.6322,7484.62,22357.447
688315.SH,诺禾致源,20260915,13.39,13.66,13.28,13.29,13.57,-0.28,-2.0634,35691.8,47947.312
688316.SH,青云科技,20260915,44.97,44.97,42.88,42.94,44.15,-1.21,-2.7407,10282.42,45023.382
688317.SH,之江生物,20260915,16.31,16.31,15.95,15.95,16.26,-0.31,-1.9065,8256.75,13234.365
688318.SH,财富趋势,20260915,73.43,73.97,72.47,73.01,73.4,-0.39,-0.5313,29943.52,219469.584
688319.SH,欧林生物,20260915,27.25,27.56,26.8,26.82,27.5,-0.68,-2.4727,21083.02,57114.052
688320.SH,禾川科技,20260915,31.33,31.58,30.9,30.9,31.39,-0.49,-1.561,16130.69,50176.681
688321.SH,微芯生物,20260915,24.26,24.44,24.0,24.05,24.27,-0.22,-0.9065,29461.04,71007.839
688322.SH,奥比中光,20260915,89.31,90.29,88.03,88.33,89.31,-0.98,-1.0973,33941.51,301787.067
688323.SH,瑞华泰,20260915,25.17,26.45,25.17,25.78,25.53,0.25,0.9792,99872.73,258639.166
688325.SH,赛微微电,20260915,105.82,106.99,104.37,105.11,105.82,-0.71,-0.671,4811.58,50688.214
688326.SH,经纬恒润,20260915,57.59,57.82,56.85,56.85,57.64,-0.79,-1.3706,6035.98,34586.927
688327.SH,云从科技,20260915,9.73,9.81,9.63,9.66,9.66,0.0,0.0,110554.5,107452.75
688328.SH,深科达,20260915,75.4,81.19,75.4,80.35,76.22,4.13,5.4185,62140.33,493982.335
688329.SH,艾隆科技,20260915,21.31,21.59,20.6,20.73,21.36,-0.63,-2.9494,14330.13,30114.553
688330.SH,宏力达,20260915,34.88,35.86,34.88,35.14,35.3,-0.16,-0.4533,12192.32,43255.486
688331.SH,荣昌生物,20260915,116.7,117.59,115.0,115.43,117.94,-2.51,-2.1282,33415.96,387874.764
688332.SH,中科蓝讯,20260915,85.76,89.66,83.6,87.7,85.24,2.46,2.886,41278.19,361449.265
688333.SH,铂力特,20260915,117.54,120.55,115.0,117.1,117.7,-0.6,-0.5098,100374.64,1185194.186
688334.SH,西高院,20260915,17.78,17.83,17.56,17.64,17.78,-0.14,-0.7874,6804.58,12015.296
688335.SH,复洁科技,20260915,18.16,18.57,17.65,17.75,18.25,-0.5,-2.7397,25399.45,45550.018
688336.SH,三生国健,20260915,39.75,40.54,39.33,40.03,39.99,0.04,0.1,46972.27,188067.774
688337.SH,普源精电,20260915,41.23,41.99,40.9,40.97,41.5,-0.53,-1.2771,17912.5,74111.621
688338.SH,赛科希德,20260915,29.08,29.34,28.42,28.5,29.08,-0.58,-1.9945,7128.75,20459.499
688339.SH,亿华通,20260915,17.35,17.35,16.4,16.52,17.42,-0.9,-5.1665,33667.71,56630.529
688343.SH,云天励飞,20260915,52.33,53.98,51.79,52.59,52.22,0.37,0.7085,42679.78,225690.612
688345.SH,博力威,20260915,48.03,49.7,47.72,48.85,48.0,0.85,1.7708,10495.84,51394.135
688347.SH,华虹宏力,20260915,213.15,223.86,208.02,214.6,210.72,3.88,1.8413,144501.89,3120769.427
688348.SH,昱能科技,20260915,29.28,29.75,29.08,29.11,29.32,-0.21,-0.7162,9123.78,26777.303
688349.SH,三一重能,20260915,13.03,13.4,12.84,13.15,13.0,0.15,1.1538,128441.44,168723.872
688350.SH,富淼科技,20260915,28.26,28.26,26.8,26.86,28.0,-1.14,-4.0714,24449.61,66535.873
688351.SH,微电生理,20260915,16.77,16.84,16.46,16.53,16.78,-0.25,-1.4899,25295.52,41892.258
688352.SH,颀中科技,20260915,17.65,18.4,17.28,18.02,17.46,0.56,3.2073,218674.15,392767.795
688353.SH,华盛锂电,20260915,82.34,84.2,81.95,83.43,82.25,1.18,1.4347,26695.22,222416.839
688355.SH,明志科技,20260915,16.51,16.51,16.01,16.08,16.53,-0.45,-2.7223,11580.14,18761.369
688356.SH,键凯科技,20260915,77.73,77.73,75.45,75.72,77.24,-1.52,-1.9679,25275.69,192591.934
688357.SH,建龙微纳,20260915,25.36,25.84,24.52,24.9,25.37,-0.47,-1.8526,6139.28,15354.334
688358.SH,祥生医疗,20260915,27.06,27.26,26.58,26.58,27.05,-0.47,-1.7375,4182.28,11202.991
688359.SH,三孚新科,20260915,98.98,105.84,98.86,104.61,99.33,5.28,5.3156,51861.25,536881.381
688360.SH,德马科技,20260915,14.01,14.38,14.01,14.12,13.98,0.14,1.0014,25477.56,36089.805
688361.SH,中科飞测,20260915,303.0,318.81,297.38,309.79,304.0,5.79,1.9046,75864.7,2350997.976
688362.SH,甬矽电子,20260915,57.0,60.22,57.0,58.9,57.63,1.27,2.2037,132854.52,782467.314
688363.SH,华熙生物,20260915,34.1,34.21,33.81,33.97,34.15,-0.18,-0.5271,11792.07,40053.129
688365.SH,光云科技,20260915,13.89,14.19,13.68,13.7,13.78,-0.08,-0.5806,93359.49,129802.792
688366.SH,昊海生科,20260915,29.33,29.39,28.81,28.81,29.11,-0.3,-1.0306,1975.39,5743.436
688367.SH,工大高科,20260915,30.8,30.81,29.06,29.07,30.88,-1.81,-5.8614,19070.25,56621.74
688368.SH,晶丰明源,20260915,125.8,132.2,125.8,126.97,127.25,-0.28,-0.22,27337.53,350192.748
688369.SH,致远互联,20260915,18.95,19.15,18.52,18.62,18.84,-0.22,-1.1677,24848.02,46742.372
688370.SH,丛麟科技,20260915,24.86,25.39,24.77,24.8,24.95,-0.15,-0.6012,7762.4,19382.569
688371.SH,菲沃泰,20260915,23.89,25.17,23.84,24.4,24.1,0.3,1.2448,51318.8,125624.322
688372.SH,伟测科技,20260915,107.34,112.01,106.96,109.37,108.0,1.37,1.2685,54197.4,593013.558
688373.SH,盟科药业,20260915,5.21,5.31,5.09,5.29,5.24,0.05,0.9542,82787.86,43261.718
688375.SH,国博电子,20260915,69.9,70.46,68.78,68.78,70.16,-1.38,-1.9669,25507.36,176481.949
688376.SH,美埃科技,20260915,61.41,63.47,60.28,61.69,60.87,0.82,1.3471,9018.32,55966.976
688377.SH,迪威尔,20260915,17.08,17.08,16.45,16.78,16.73,0.05,0.2989,18727.23,31414.278
688378.SH,奥来德,20260915,45.99,48.48,45.16,47.6,45.66,1.94,4.2488,124673.92,590203.064
688379.SH,华光新材,20260915,53.5,55.61,53.45,53.45,54.0,-0.55,-1.0185,24300.58,132627.906
688380.SH,中微半导,20260915,37.0,38.0,36.85,37.6,37.29,0.31,0.8313,49697.64,186709.415
688381.SH,帝奥微,20260915,40.26,40.78,39.0,39.07,40.05,-0.98,-2.4469,91993.4,365448.339
688382.SH,益方生物,20260915,18.26,18.71,17.88,18.42,18.29,0.13,0.7108,95574.64,175273.633
688383.SH,新益昌,20260915,139.81,144.6,139.0,139.15,142.77,-3.62,-2.5355,26179.83,369340.56
688385.SH,复旦微电,20260915,51.89,52.95,51.68,52.14,52.15,-0.01,-0.0192,65704.58,343403.673
688386.SH,泛亚微透,20260915,45.88,46.99,45.12,45.69,45.68,0.01,0.0219,17126.08,78722.989
688387.SH,信科移动,20260915,12.0,12.33,11.96,12.16,12.1,0.06,0.4959,244319.33,296805.587
688388.SH,嘉元科技,20260915,27.34,28.75,27.15,27.83,27.34,0.49,1.7922,302001.84,849915.066
688389.SH,普门科技,20260915,10.82,10.86,10.61,10.61,10.85,-0.24,-2.212,13782.35,14742.149
688390.SH,固德威,20260915,58.71,59.09,58.06,58.22,58.48,-0.26,-0.4446,35098.12,205288.616
688391.SH,钜泉科技,20260915,25.15,25.39,24.84,24.93,25.42,-0.49,-1.9276,7064.84,17714.19
688392.SH,骄成超声,20260915,162.45,171.2,161.0,167.0,162.45,4.55,2.8009,25810.49,431433.959
688393.SH,安必平,20260915,19.37,19.37,18.64,18.64,19.37,-0.73,-3.7687,13797.58,26107.396
688395.SH,正弦电气,20260915,23.21,23.34,22.55,22.64,22.98,-0.34,-1.4795,8781.45,20077.968
688396.SH,华润微,20260915,54.85,56.37,54.8,55.25,55.2,0.05,0.0906,95213.91,528759.537
688398.SH,赛特新材,20260915,20.43,20.58,19.84,19.88,20.46,-0.58,-2.8348,11357.58,22891.624
688399.SH,硕世生物,20260915,24.8,24.97,24.02,24.14,24.65,-0.51,-2.069,10816.25,26286.572
688400.SH,凌云光,20260915,45.15,45.88,44.37,44.5,45.18,-0.68,-1.5051,64474.24,290282.024
688401.SH,路维光电,20260915,65.05,65.08,62.88,63.75,66.13,-2.38,-3.599,83043.21,531600.447
688403.SH,汇成股份,20260915,23.59,25.59,23.59,24.8,23.99,0.81,3.3764,464792.98,1157537.524
688408.SH,中信博,20260915,22.24,22.64,22.11,22.22,22.26,-0.04,-0.1797,21228.56,47464.403
688409.SH,富创精密,20260915,176.98,187.0,172.0,183.29,174.87,8.42,4.815,74671.12,1356976.091
688410.SH,山外山,20260915,9.35,9.43,9.26,9.27,9.37,-0.1,-1.0672,33021.39,30824.462
688411.SH,海博思创,20260915,163.0,165.39,160.0,161.23,164.43,-3.2,-1.9461,17518.71,284594.313
688416.SH,恒烁股份,20260915,70.55,78.68,70.18,76.62,70.77,5.85,8.2662,93871.67,711490.43
688418.SH,震有科技,20260915,31.26,31.48,30.63,30.9,31.22,-0.32,-1.025,15973.61,49524.011
688419.SH,耐科装备,20260915,46.59,50.26,46.59,48.64,46.9,1.74,3.71,35548.73,172962.702
688420.SH,美腾科技,20260915,21.06,21.56,20.61,21.56,21.2,0.36,1.6981,8215.54,17228.841
688425.SH,铁建重工,20260915,3.99,4.0,3.95,3.96,3.99,-0.03,-0.7519,100614.44,39862.561
688426.SH,康为世纪,20260915,21.19,21.19,20.2,20.2,20.85,-0.65,-3.1175,7062.79,14466.34
688428.SH,诺诚健华,20260915,29.52,29.89,29.14,29.28,29.47,-0.19,-0.6447,73695.98,217090.478
688429.SH,时创能源,20260915,9.6,9.7,9.35,9.37,9.66,-0.29,-3.0021,14568.78,13850.174
688432.SH,有研硅,20260915,45.19,47.6,42.83,45.05,46.15,-1.1,-2.3835,578796.63,2602165.104
688433.SH,华曙高科,20260915,90.69,91.99,88.43,90.0,91.0,-1.0,-1.0989,37111.11,334177.501
688435.SH,英方软件,20260915,30.5,32.81,29.91,29.97,29.71,0.26,0.8751,65780.61,204750.127
688439.SH,振华风光,20260915,36.3,36.75,36.16,36.4,36.34,0.06,0.1651,12389.94,45239.984
688443.SH,智翔金泰,20260915,22.53,22.53,22.06,22.19,22.45,-0.26,-1.1581,12061.87,26770.287
688448.SH,磁谷科技,20260915,66.0,66.74,63.68,64.41,66.08,-1.67,-2.5272,13624.79,88802.706
688449.SH,联芸科技,20260915,58.51,60.98,58.22,59.17,58.99,0.18,0.3051,46726.31,277888.182
688450.SH,光格科技,20260915,31.94,32.33,31.09,31.25,31.94,-0.69,-2.1603,9080.57,28816.32
688455.SH,科捷智能,20260915,16.66,16.9,16.33,16.41,16.47,-0.06,-0.3643,14311.43,23739.091
688456.SH,有研粉材,20260915,72.72,74.2,72.11,72.45,72.82,-0.37,-0.5081,40717.49,297170.571
688458.SH,美芯晟,20260915,37.39,37.42,36.46,36.54,37.34,-0.8,-2.1425,10753.9,39623.242
688459.SH,哈铁科技,20260915,8.18,8.28,8.02,8.05,8.23,-0.18,-2.1871,10727.75,8732.302
688466.SH,金科环境,20260915,13.92,13.95,13.16,13.23,13.83,-0.6,-4.3384,11630.68,15631.828
688468.SH,科美诊断,20260915,6.15,6.22,6.03,6.03,6.19,-0.16,-2.5848,24106.82,14687.83
688469.SH,芯联集成,20260915,8.25,8.38,8.18,8.24,8.29,-0.05,-0.6031,538491.44,445867.867
688472.SH,阿特斯,20260915,8.19,8.29,8.13,8.17,8.21,-0.04,-0.4872,175163.35,143735.52
688475.SH,萤石网络,20260915,27.71,28.21,27.52,27.77,27.82,-0.05,-0.1797,21249.15,59219.349
688478.SH,晶升股份,20260915,39.32,41.06,39.32,39.82,39.86,-0.04,-0.1004,28841.01,115816.623
688479.SH,友车科技,20260915,34.31,34.96,33.8,33.82,34.33,-0.51,-1.4856,9922.08,34101.924
688480.SH,赛恩斯,20260915,66.72,67.88,65.74,66.79,67.5,-0.71,-1.0519,15070.57,100565.085
688484.SH,南芯科技,20260915,31.57,32.35,31.4,31.81,31.9,-0.09,-0.2821,40758.53,129924.807
688485.SH,九州一轨,20260915,98.19,104.5,95.29,104.2,98.39,5.81,5.9051,66205.27,666352.636
688486.SH,龙迅股份,20260915,42.26,45.38,42.0,45.13,42.37,2.76,6.514,76594.96,337396.892
688488.SH,艾迪药业,20260915,14.37,14.62,14.1,14.13,14.51,-0.38,-2.6189,39060.51,55623.888
688489.SH,三未信安,20260915,24.0,24.3,23.36,23.66,23.53,0.13,0.5525,17780.45,42362.559
688498.SH,源杰科技,20260915,1686.0,1735.0,1677.57,1685.15,1692.66,-7.51,-0.4437,20709.98,3522097.58
688499.SH,利元亨,20260915,31.5,34.37,31.5,33.38,31.46,1.92,6.103,72243.47,239934.416
688500.SH,慧辰股份,20260915,31.11,31.89,30.95,31.07,31.11,-0.04,-0.1286,14309.25,44844.303
688501.SH,青达环保,20260915,13.14,14.6,12.92,14.14,13.14,1.0,7.6104,69518.05,97169.633
688502.SH,茂莱光学,20260915,391.59,407.97,391.59,399.04,395.78,3.26,0.8237,8033.62,321783.19
688503.SH,聚和材料,20260915,72.01,74.49,70.7,71.96,73.74,-1.78,-2.4139,148769.19,1078716.061
688505.SH,复旦张江,20260915,7.61,7.64,7.41,7.44,7.61,-0.17,-2.2339,33116.7,24770.304
688506.SH,百利天恒,20260915,253.33,254.0,245.23,246.88,252.0,-5.12,-2.0317,11783.18,292371.307
688507.SH,索辰科技,20260915,137.47,140.58,136.32,136.53,137.99,-1.46,-1.058,21223.16,293085.276
688508.SH,芯朋微,20260915,80.91,87.56,80.91,84.08,82.01,2.07,2.5241,49776.04,421311.744
688509.SH,正元地信,20260915,4.15,4.2,4.06,4.06,4.13,-0.07,-1.6949,48627.56,20033.711
688510.SH,航亚科技,20260915,25.0,25.06,24.42,24.69,24.9,-0.21,-0.8434,52656.7,129737.268
688511.SH,天微电子,20260915,22.75,22.93,22.26,22.28,22.96,-0.68,-2.9617,14710.88,33108.902
688512.SH,慧智微,20260915,13.23,13.52,13.16,13.25,13.4,-0.15,-1.1194,52218.1,69686.034
688513.SH,苑东生物,20260915,48.03,48.03,46.2,46.3,47.55,-1.25,-2.6288,12157.47,56949.406
688515.SH,裕太微,20260915,140.0,142.5,138.0,139.1,139.56,-0.46,-0.3296,15610.69,218649.761
688516.SH,奥特维,20260915,40.61,41.73,40.17,40.6,40.58,0.02,0.0493,44661.65,182568.919
688517.SH,金冠电气,20260915,15.7,15.78,15.0,15.2,15.69,-0.49,-3.123,25566.5,39665.199
688518.SH,联赢激光,20260915,20.42,20.97,20.42,20.45,20.62,-0.17,-0.8244,64859.67,134141.516
688519.SH,南亚新材,20260915,329.33,359.0,329.33,344.3,329.33,14.97,4.5456,73850.41,2567225.794
688520.SH,神州细胞,20260915,32.23,32.5,32.0,32.0,32.52,-0.52,-1.599,9064.48,29185.509
688521.SH,芯原股份,20260915,178.61,190.96,178.0,185.0,179.24,5.76,3.2136,177517.76,3294251.136
688522.SH,纳睿雷达,20260915,17.38,17.47,17.22,17.23,17.39,-0.16,-0.9201,19665.65,34085.231
688523.SH,航天环宇,20260915,40.69,41.29,40.21,40.48,40.49,-0.01,-0.0247,20775.81,84560.084
688525.SH,佰维存储,20260915,205.0,210.79,205.0,206.01,207.11,-1.1,-0.5311,117082.88,2432072.412
688526.SH,科前生物,20260915,12.48,12.48,12.25,12.29,12.44,-0.15,-1.2058,13960.42,17194.295
688528.SH,秦川物联,20260915,9.93,9.93,9.45,9.46,9.89,-0.43,-4.3478,18907.97,18133.168
688529.SH,豪森智能,20260915,15.0,15.0,14.0,14.14,14.78,-0.64,-4.3302,17902.31,25710.089
688530.SH,欧莱新材,20260915,62.0,63.95,61.31,61.61,62.31,-0.7,-1.1234,117860.37,735133.31
688531.SH,日联科技,20260915,135.5,140.98,135.5,135.91,137.28,-1.37,-0.998,23794.36,327925.073
688533.SH,上声电子,20260915,19.3,19.3,19.0,19.01,19.18,-0.17,-0.8863,4649.5,8864.399
688535.SH,华海诚科,20260915,99.72,107.6,99.7,105.71,100.1,5.61,5.6044,85420.7,895371.988
688536.SH,思瑞浦,20260915,316.38,319.58,312.13,314.08,315.84,-1.76,-0.5572,19585.02,617302.972
688538.SH,和辉光电,20260915,2.11,2.12,2.05,2.06,2.12,-0.06,-2.8302,724303.14,150403.053
688539.SH,高华科技,20260915,22.46,22.88,22.38,22.57,22.73,-0.16,-0.7039,12149.93,27486.725
688543.SH,国科军工,20260915,43.3,43.71,42.35,42.41,43.71,-1.3,-2.9741,76628.24,328881.84
688545.SH,兴福电子,20260915,71.1,76.47,70.66,75.56,71.42,4.14,5.7967,107033.17,802001.575
688548.SH,广钢气体,20260915,27.7,29.08,27.7,28.4,27.96,0.44,1.5737,191784.29,548374.063
688549.SH,中巨芯,20260915,22.81,23.99,22.76,23.26,22.98,0.28,1.2185,771514.76,1809523.649
688550.SH,瑞联新材,20260915,36.2,37.01,36.0,36.41,36.29,0.12,0.3307,26854.17,98147.127
688551.SH,科威尔,20260915,39.0,40.09,38.15,38.24,39.0,-0.76,-1.9487,34807.89,136015.9
688552.SH,航天南湖,20260915,31.29,31.49,30.31,30.39,31.36,-0.97,-3.0931,29483.48,90727.104
688553.SH,汇宇制药,20260915,10.9,10.99,10.74,10.81,10.96,-0.15,-1.3686,36072.33,39191.014
688556.SH,高测股份,20260915,7.45,7.61,7.43,7.43,7.51,-0.08,-1.0652,111384.28,83556.504
688557.SH,兰剑智能,20260915,19.5,19.5,18.93,18.95,19.31,-0.36,-1.8643,7324.41,13950.852
688558.SH,国盛智科,20260915,30.69,31.92,30.33,31.67,30.71,0.96,3.126,15233.22,47985.608
688559.SH,海目星,20260915,57.0,57.87,55.96,56.02,57.2,-1.18,-2.0629,101506.62,576547.85
688560.SH,明冠新材,20260915,11.96,12.0,11.75,11.78,11.93,-0.15,-1.2573,19313.92,22900.72
688561.SH,奇安信,20260915,30.6,30.9,28.6,28.68,29.51,-0.83,-2.8126,204925.69,615216.952
688562.SH,航天软件,20260915,14.25,14.34,14.03,14.05,14.23,-0.18,-1.2649,16737.59,23683.131
688563.SH,航材股份,20260915,57.18,57.2,55.0,55.71,57.44,-1.73,-3.0118,28352.11,158709.287
688565.SH,力源科技,20260915,11.0,11.08,10.51,10.56,10.9,-0.34,-3.1193,21779.21,23357.838
688566.SH,吉贝尔,20260915,25.58,25.72,25.22,25.66,25.63,0.03,0.1171,11013.73,28080.484
688567.SH,孚能科技,20260915,8.72,9.06,8.65,8.89,8.7,0.19,2.1839,117888.68,105330.518
688568.SH,中科星图,20260915,30.11,30.49,29.81,29.82,30.11,-0.29,-0.9631,57935.04,174251.239
688569.SH,铁科轨道,20260915,18.48,18.55,18.14,18.23,18.48,-0.25,-1.3528,8312.11,15224.628
688570.SH,天玛智控,20260915,14.4,14.65,14.4,14.41,14.58,-0.17,-1.166,3801.66,5504.399
688571.SH,杭华股份,20260915,7.81,7.93,7.74,7.8,7.87,-0.07,-0.8895,33173.37,25975.327
688573.SH,信宇人,20260915,15.46,15.98,15.02,15.03,15.54,-0.51,-3.2819,31941.4,49248.502
688575.SH,亚辉龙,20260915,9.57,9.57,9.37,9.37,9.58,-0.21,-2.1921,57320.33,54158.277
688576.SH,西山科技,20260915,39.05,39.05,37.6,37.83,38.9,-1.07,-2.7506,2850.94,10862.546
688577.SH,浙海德曼,20260915,37.8,38.35,37.31,37.41,38.0,-0.59,-1.5526,9380.07,35375.547
688578.SH,艾力斯,20260915,101.11,101.8,98.0,98.8,101.14,-2.34,-2.3136,52724.64,526811.379
688579.SH,地纬智能,20260915,7.73,7.83,7.54,7.57,7.74,-0.17,-2.1964,22552.24,17262.419
688580.SH,伟思医疗,20260915,41.0,41.5,40.98,41.06,41.06,0.0,0.0,5147.47,21225.882
688581.SH,安杰思,20260915,55.52,57.96,55.19,57.1,55.55,1.55,2.7903,21931.95,125326.72
688582.SH,芯动联科,20260915,37.78,38.48,37.73,38.12,38.19,-0.07,-0.1833,19271.4,73544.024
688583.SH,思看科技,20260915,77.77,78.43,76.37,77.32,78.33,-1.01,-1.2894,7550.03,58481.554
688584.SH,上海合晶,20260915,24.46,25.37,24.26,24.78,24.65,0.13,0.5274,57285.75,142465.23
688585.SH,上纬新材,20260915,144.77,146.8,143.03,143.3,145.5,-2.2,-1.512,13920.01,201421.338
688586.SH,江航装备,20260915,11.34,11.35,11.03,11.11,11.26,-0.15,-1.3321,31911.99,35539.355
688588.SH,凌志软件,20260915,8.81,8.85,8.62,8.63,8.78,-0.15,-1.7084,21856.22,19030.919
688589.SH,力合微,20260915,19.6,19.6,19.14,19.18,19.37,-0.19,-0.9809,19847.23,38380.391
688590.SH,新致软件,20260915,11.39,11.53,11.21,11.25,11.43,-0.18,-1.5748,39207.35,44463.418
688591.SH,泰凌微,20260915,27.7,27.8,27.2,27.34,27.58,-0.24,-0.8702,23356.59,64016.427
688592.SH,司南导航,20260915,22.34,22.75,21.5,21.88,22.63,-0.75,-3.3142,8544.13,18943.444
688593.SH,新相微,20260915,30.64,32.0,30.15,30.76,30.95,-0.19,-0.6139,110387.71,342928.234
688595.SH,芯海科技,20260915,27.85,28.18,27.55,27.78,27.77,0.01,0.036,12676.96,35335.564
688596.SH,正帆科技,20260915,59.0,64.84,58.57,62.12,59.48,2.64,4.4385,192262.46,1196410.199
688597.SH,煜邦电力,20260915,6.19,6.22,6.02,6.02,6.18,-0.16,-2.589,40657.91,24746.277
688598.SH,金博股份,20260915,32.28,33.3,32.2,32.3,32.51,-0.21,-0.646,73327.89,240458.679
688599.SH,天合光能,20260915,10.81,10.92,10.71,10.75,10.87,-0.12,-1.104,188483.0,203285.471
688600.SH,皖仪科技,20260915,31.97,34.82,31.53,33.16,32.24,0.92,2.8536,70764.95,236372.343
688601.SH,力芯微,20260915,58.08,58.35,56.65,57.3,58.1,-0.8,-1.3769,27833.04,159925.775
688602.SH,康鹏科技,20260915,6.71,6.81,6.64,6.66,6.7,-0.04,-0.597,35423.48,23820.99
688603.SH,天承科技,20260915,114.01,122.88,113.99,116.58,114.45,2.13,1.8611,64473.24,765097.052
688605.SH,先锋精科,20260915,79.56,85.55,78.99,82.21,80.17,2.04,2.5446,52208.39,430860.351
688606.SH,奥泰生物,20260915,44.61,44.7,44.02,44.04,44.41,-0.37,-0.8331,1554.31,6895.033
688607.SH,康众科技,20260915,39.3,39.3,37.67,38.44,38.66,-0.22,-0.5691,9019.91,34704.621
688608.SH,恒玄科技,20260915,89.31,90.99,88.51,90.3,89.32,0.98,1.0972,37418.64,336494.754
688609.SH,九联科技,20260915,8.85,9.18,8.85,9.13,8.91,0.22,2.4691,123405.26,111385.456
688610.SH,埃科光电,20260915,152.75,157.37,149.59,151.02,151.94,-0.92,-0.6055,9039.69,138366.259
688611.SH,杭州柯林,20260915,66.16,67.0,64.14,66.5,66.47,0.03,0.0451,21472.3,141522.854
688612.SH,威迈斯,20260915,37.0,37.54,35.92,36.89,37.75,-0.86,-2.2781,73282.66,269208.293
688613.SH,奥精医疗,20260915,15.93,15.98,15.27,15.29,15.62,-0.33,-2.1127,20000.44,31084.499
688615.SH,合合信息,20260915,89.72,93.2,88.6,89.48,88.19,1.29,1.4628,31061.02,282171.734
688616.SH,西力科技,20260915,10.58,10.65,10.23,10.29,10.63,-0.34,-3.1985,17509.09,18213.975
688617.SH,惠泰医疗,20260915,249.3,249.86,243.07,245.24,248.29,-3.05,-1.2284,11358.37,279194.164
688618.SH,三旺通信,20260915,28.67,28.68,27.23,27.35,28.48,-1.13,-3.9677,20638.49,57657.847
688619.SH,罗普特,20260915,13.86,14.5,13.71,13.73,13.86,-0.13,-0.938,28492.34,39726.406
688620.SH,安凯微,20260915,14.7,15.1,14.6,14.9,14.82,0.08,0.5398,66467.48,99186.959
688621.SH,阳光诺和,20260915,70.66,73.95,69.33,73.0,70.62,2.38,3.3702,36374.59,263992.924
688622.SH,*ST禾信,20260915,118.69,119.57,113.16,114.6,116.85,-2.25,-1.9255,5194.64,60112.494
688623.SH,双元科技,20260915,56.2,58.85,55.01,57.37,56.33,1.04,1.8463,5558.63,31782.919
688625.SH,呈和科技,20260915,62.62,67.91,62.41,67.26,62.0,5.26,8.4839,111253.92,735026.804
688626.SH,翔宇医疗,20260915,37.46,37.77,37.15,37.31,37.2,0.11,0.2957,10070.94,37693.199
688627.SH,精智达,20260915,444.06,473.11,436.88,454.5,444.06,10.44,2.351,32735.9,1493500.375
688628.SH,优利德,20260915,61.5,77.58,61.5,74.0,76.69,-2.69,-3.5076,45983.47,345519.112
688629.SH,华丰科技,20260915,124.5,128.54,123.51,126.9,125.67,1.23,0.9788,112863.68,1427296.468
688630.SH,芯碁微装,20260915,401.96,422.9,401.96,412.77,401.7,11.07,2.7558,33268.25,1376216.833
688631.SH,莱斯信息,20260915,36.71,37.1,36.06,36.06,36.86,-0.8,-2.1704,8310.48,30360.603
688633.SH,星球石墨,20260915,21.82,22.08,21.72,21.8,21.95,-0.15,-0.6834,12017.98,26293.638
688635.SH,长进光子,20260915,263.02,280.19,261.1,271.09,267.91,3.18,1.187,15303.2,414148.498
688636.SH,智明达,20260915,20.2,20.2,19.7,19.74,19.97,-0.23,-1.1517,32958.08,65454.753
688638.SH,誉辰智能,20260915,32.39,32.88,30.06,31.14,31.9,-0.76,-2.3824,4698.19,14808.848
688639.SH,华恒生物,20260915,16.63,16.69,16.28,16.34,16.6,-0.26,-1.5663,27796.35,45733.211
688646.SH,逸飞激光,20260915,76.44,77.56,74.0,75.65,76.36,-0.71,-0.9298,11705.44,89108.07
688648.SH,中邮科技,20260915,29.81,29.97,28.9,29.18,29.8,-0.62,-2.0805,13734.7,40172.293
688651.SH,盛邦安全,20260915,25.2,26.5,23.26,23.48,24.46,-0.98,-4.0065,52836.16,129135.994
688652.SH,京仪装备,20260915,126.88,134.43,125.22,130.32,127.5,2.82,2.2118,40468.55,528533.371
688653.SH,康希通信,20260915,13.3,13.52,13.18,13.19,13.41,-0.22,-1.6406,70754.45,94199.473
688655.SH,迅捷兴,20260915,61.13,62.5,59.86,60.35,61.91,-1.56,-2.5198,134644.2,817625.098
688656.SH,浩欧博,20260915,113.14,115.0,109.53,111.11,112.35,-1.24,-1.1037,9165.95,102220.547
688657.SH,浩辰软件,20260915,31.5,31.97,30.9,31.23,31.53,-0.3,-0.9515,7294.59,22873.649
688658.SH,悦康药业,20260915,12.7,12.8,12.48,12.54,12.76,-0.22,-1.7241,62365.67,78609.51
688659.SH,元琛科技,20260915,9.19,9.34,8.84,8.89,9.27,-0.38,-4.0992,38344.31,34519.199
688660.SH,电气风电,20260915,8.84,9.46,8.83,9.15,8.89,0.26,2.9246,407848.48,374887.799
688661.SH,和林微纳,20260915,98.5,104.49,98.1,101.0,99.01,1.99,2.0099,27767.26,281427.893
688662.SH,富信科技,20260915,86.5,89.49,85.7,86.82,87.2,-0.38,-0.4358,88329.63,773039.805
688663.SH,新风光,20260915,55.23,55.9,54.78,54.85,55.35,-0.5,-0.9033,13416.48,74259.566
688665.SH,四方光电,20260915,43.73,44.28,42.68,43.07,43.32,-0.25,-0.5771,3611.82,15747.993
688667.SH,菱电电控,20260915,95.43,96.29,92.47,92.69,93.73,-1.04,-1.1096,5916.46,55740.713
688668.SH,鼎通科技,20260915,244.22,255.35,244.22,247.42,246.8,0.62,0.2512,28243.32,704754.323
688669.SH,聚石化学,20260915,67.46,69.12,66.73,67.67,67.55,0.12,0.1776,15675.87,106821.343
688670.SH,金迪克,20260915,18.25,18.6,16.61,17.05,17.8,-0.75,-4.2135,39515.29,68263.939
688671.SH,碧兴物联,20260915,23.9,24.24,23.3,23.5,23.9,-0.4,-1.6736,10448.69,24891.845
688676.SH,金盘科技,20260915,62.0,63.59,62.0,62.46,62.53,-0.07,-0.1119,58271.45,365117.919
688677.SH,海泰新光,20260915,77.47,80.43,76.77,78.25,77.55,0.7,0.9026,47461.25,374913.859
688678.SH,福立旺,20260915,22.0,22.0,21.01,21.38,21.68,-0.3,-1.3838,124603.26,266232.143
688679.SH,通源环境,20260915,43.37,44.32,41.41,41.86,43.37,-1.51,-3.4817,41087.49,175000.257
688680.SH,海优新材,20260915,31.6,32.75,31.18,31.81,31.6,0.21,0.6646,11428.03,36454.663
688681.SH,科汇股份,20260915,15.0,15.14,14.44,14.44,15.05,-0.61,-4.0532,16560.2,24306.479
688682.SH,霍莱沃,20260915,29.8,29.83,29.09,29.26,29.84,-0.58,-1.9437,7910.51,23333.895
688683.SH,莱尔科技,20260915,29.82,29.82,28.74,29.23,29.66,-0.43,-1.4498,13523.91,39318.494
688685.SH,迈信林,20260915,37.58,37.58,34.2,34.21,35.09,-0.88,-2.5078,32923.08,115467.4
688686.SH,奥普特,20260915,138.8,143.0,137.81,140.62,139.1,1.52,1.0927,15739.34,220738.443
688687.SH,凯因科技,20260915,17.24,17.24,16.6,16.78,17.14,-0.36,-2.1004,14247.73,24032.619
688689.SH,银河微电,20260915,36.5,38.11,36.44,37.41,36.76,0.65,1.7682,35182.75,131640.98
688690.SH,纳微科技,20260915,42.67,43.2,41.74,41.88,42.8,-0.92,-2.1495,63265.19,268111.365
688691.SH,灿芯股份,20260915,58.29,60.6,58.01,58.83,58.53,0.3,0.5126,24299.54,143832.007
688692.SH,达梦数据,20260915,204.11,208.47,204.11,206.3,204.58,1.72,0.8407,5982.52,123702.503
688693.SH,锴威特,20260915,72.7,74.88,72.7,73.51,73.5,0.01,0.0136,8829.18,65116.561
688695.SH,中创股份,20260915,19.16,19.16,18.0,18.04,18.78,-0.74,-3.9404,9789.1,17981.308
688696.SH,极米科技,20260915,88.01,88.01,85.1,86.45,86.3,0.15,0.1738,8169.82,70302.859
688697.SH,纽威数控,20260915,14.5,14.5,14.05,14.13,14.34,-0.21,-1.4644,37861.93,53718.342
688698.SH,伟创电气,20260915,41.7,41.77,40.93,41.2,41.89,-0.69,-1.6472,25690.92,106235.827
688699.SH,明微电子,20260915,57.8,59.9,56.86,58.36,57.7,0.66,1.1438,26030.29,152052.88
688700.SH,东威科技,20260915,63.28,68.18,63.0,65.71,63.31,2.4,3.7909,184358.19,1222298.032
688701.SH,卓锦股份,20260915,8.8,8.85,8.45,8.52,8.84,-0.32,-3.6199,23050.95,19946.641
688702.SH,盛科通信,20260915,300.89,318.34,298.28,306.3,300.88,5.42,1.8014,67551.79,2088937.168
688707.SH,振华新材,20260915,10.04,10.32,10.02,10.06,10.07,-0.01,-0.0993,48452.8,49283.642
688708.SH,佳驰科技,20260915,40.6,40.7,39.71,39.74,40.32,-0.58,-1.4385,10196.48,40773.404
688709.SH,成都华微,20260915,23.24,23.82,23.23,23.48,23.46,0.02,0.0853,26736.7,62938.571
688710.SH,益诺思,20260915,86.7,87.96,84.88,85.16,87.3,-2.14,-2.4513,18196.29,156856.219
688711.SH,宏微科技,20260915,23.87,25.75,23.77,25.55,23.93,1.62,6.7697,118139.1,295626.1
688712.SH,北芯生命,20260915,29.56,29.76,29.3,29.32,29.58,-0.26,-0.879,7661.87,22580.699
688716.SH,中研股份,20260915,24.78,25.78,24.78,25.21,25.6,-0.39,-1.5234,8506.42,21563.064
688717.SH,艾罗能源,20260915,43.25,43.73,42.65,42.84,43.26,-0.42,-0.9709,36802.45,158924.4
688718.SH,唯赛勃,20260915,13.68,13.68,13.23,13.28,13.46,-0.18,-1.3373,14297.85,19231.974
688719.SH,爱科赛博,20260915,53.07,55.45,52.5,53.04,53.0,0.04,0.0755,34599.52,186268.686
688720.SH,艾森股份,20260915,59.0,61.96,58.59,60.48,59.32,1.16,1.9555,33285.79,201686.387
688721.SH,龙图光罩,20260915,38.46,40.43,38.37,39.16,38.79,0.37,0.9539,32012.21,126180.916
688722.SH,同益中,20260915,14.1,14.11,13.86,13.9,14.02,-0.12,-0.8559,10139.09,14161.838
688726.SH,拉普拉斯,20260915,41.18,41.95,40.92,41.04,41.51,-0.47,-1.1323,28061.4,115871.895
688727.SH,恒坤新材,20260915,44.0,45.78,43.44,44.8,44.2,0.6,1.3575,24721.07,111119.292
688728.SH,格科微,20260915,13.83,14.14,13.79,14.04,13.9,0.14,1.0072,189215.53,264753.197
688729.SH,屹唐股份,20260915,22.08,23.85,21.8,23.18,21.97,1.21,5.5075,420051.08,967962.5
688733.SH,壹石通,20260915,27.8,28.94,27.72,28.43,27.84,0.59,2.1193,43043.65,122697.282
688737.SH,中自科技,20260915,16.77,16.95,16.31,16.43,16.81,-0.38,-2.2606,11210.76,18613.139
688739.SH,成大生物,20260915,19.99,19.99,19.64,19.66,19.94,-0.28,-1.4042,7548.93,14915.339
688750.SH,金天钛业,20260915,14.08,14.13,13.9,13.92,14.07,-0.15,-1.0661,15181.48,21254.921
688755.SH,汉邦科技,20260915,25.53,26.25,25.0,25.87,25.6,0.27,1.0547,16586.07,42501.198
688757.SH,胜科纳米,20260915,29.56,31.6,29.56,30.22,29.71,0.51,1.7166,83815.09,256298.798
688758.SH,赛分科技,20260915,28.69,29.02,27.8,28.3,28.56,-0.26,-0.9104,70572.79,201092.494
688759.SH,必贝特,20260915,21.02,21.49,20.82,21.05,20.97,0.08,0.3815,24638.37,51968.32
688765.SH,禾元生物,20260915,35.63,35.75,34.92,35.05,35.62,-0.57,-1.6002,13885.52,48897.752
688766.SH,普冉股份,20260915,375.0,395.48,375.0,386.0,373.8,12.2,3.2638,81982.97,3176238.794
688767.SH,博拓生物,20260915,36.93,37.14,35.8,36.11,36.93,-0.82,-2.2204,10798.44,39356.334
688768.SH,容知日新,20260915,41.83,41.83,40.12,40.21,40.74,-0.53,-1.3009,3700.41,15043.613
688772.SH,珠海冠宇,20260915,13.7,13.89,13.54,13.69,13.76,-0.07,-0.5087,104217.85,143129.548
688775.SH,影石创新,20260915,94.52,96.26,93.5,93.63,94.3,-0.67,-0.7105,29570.69,279267.053
688776.SH,国光电气,20260915,45.54,45.54,44.16,44.2,44.78,-0.58,-1.2952,8701.09,38813.583
688777.SH,中控技术,20260915,83.65,87.56,83.53,85.01,83.3,1.71,2.0528,92025.73,785684.532
688778.SH,厦钨新能,20260915,42.85,46.46,42.66,45.48,42.71,2.77,6.4856,106619.42,481529.141
688779.SH,五矿新能,20260915,7.6,7.68,7.54,7.56,7.62,-0.06,-0.7874,115218.2,87684.146
688781.SH,视涯科技,20260915,35.37,36.42,35.16,35.35,35.5,-0.15,-0.4225,10671.04,38159.696
688783.SH,西安奕材,20260915,26.18,26.98,25.8,26.54,26.23,0.31,1.1819,143630.33,380116.24
688785.SH,恒运昌,20260915,295.19,316.0,295.19,311.1,296.88,14.22,4.7898,6287.67,194019.712
688786.SH,悦安新材,20260915,25.45,26.07,25.23,25.68,25.48,0.2,0.7849,25132.87,64643.301
688787.SH,海天瑞声,20260915,89.5,91.17,87.89,88.26,88.29,-0.03,-0.034,13605.11,121568.297
688788.SH,科思科技,20260915,29.09,29.23,28.56,28.61,29.1,-0.49,-1.6838,14523.95,41859.589
688789.SH,宏华数科,20260915,40.31,41.31,40.31,40.77,40.7,0.07,0.172,9022.51,36907.363
688790.SH,昂瑞微,20260915,97.14,101.0,97.05,101.0,98.15,2.85,2.9037,6882.17,68375.26
688793.SH,倍轻松,20260915,17.29,17.3,16.75,16.78,17.27,-0.49,-2.8373,10629.9,18041.894
688795.SH,摩尔线程,20260915,347.59,361.22,343.77,350.4,346.02,4.38,1.2658,52506.32,1850668.299
688796.SH,百奥赛图,20260915,122.74,124.23,120.27,120.51,123.3,-2.79,-2.2628,17417.44,212492.549
688797.SH,臻宝科技,20260915,241.19,292.69,241.19,274.0,243.91,30.09,12.3365,71516.79,1965379.042
688798.SH,艾为电子,20260915,52.2,53.2,51.68,52.14,52.54,-0.4,-0.7613,27726.15,145208.539
688799.SH,华纳药厂,20260915,48.56,49.39,47.7,48.74,48.66,0.08,0.1644,18560.8,90149.527
688800.SH,瑞可达,20260915,66.01,68.1,65.51,65.73,66.11,-0.38,-0.5748,78574.12,520638.254
688801.SH,C燧原,20260915,424.0,469.0,420.0,444.97,424.26,20.71,4.8814,42155.11,1876546.998
688802.SH,沐曦股份,20260915,459.63,489.9,456.23,475.02,461.1,13.92,3.0189,16569.73,787228.605
688805.SH,健信超导,20260915,38.4,39.0,38.1,38.64,38.65,-0.01,-0.0259,4791.1,18495.767
688806.SH,泰诺麦博,20260915,20.82,21.2,20.6,20.91,20.96,-0.05,-0.2385,20630.56,43093.781
688807.SH,优迅股份,20260915,328.88,341.0,323.3,325.89,334.0,-8.11,-2.4281,16369.2,542902.443
688808.SH,联讯仪器,20260915,2410.0,2415.0,2293.0,2307.8,2411.98,-104.18,-4.3193,9506.17,2221612.804
688809.SH,强一股份,20260915,518.66,541.0,515.66,529.5,524.0,5.5,1.0496,12348.45,655405.115
688811.SH,有研复材,20260915,19.5,20.18,19.5,19.84,19.72,0.12,0.6085,37114.77,73830.474
688813.SH,泰金新能,20260915,142.3,149.01,140.47,146.5,142.3,4.2,2.9515,85854.56,1245548.692
688816.SH,易思维,20260915,45.38,46.1,45.38,45.55,45.73,-0.18,-0.3936,1638.32,7485.298
688818.SH,电科蓝天,20260915,41.97,43.05,41.75,41.88,42.2,-0.32,-0.7583,36664.67,154954.169
688819.SH,天能股份,20260915,20.53,20.89,20.53,20.58,20.66,-0.08,-0.3872,13608.35,28170.982
688820.SH,盛合晶微,20260915,126.0,131.63,125.68,127.83,126.8,1.03,0.8123,96216.33,1238477.765
688825.SH,长鑫科技,20260915,54.49,55.89,54.05,54.22,54.49,-0.27,-0.4955,1793760.11,9843600.743
688826.SH,频准激光,20260915,759.0,813.88,759.0,785.27,764.49,20.78,2.7182,9056.72,723865.649
688828.SH,国仪公司,20260915,91.0,93.96,89.5,91.61,91.42,0.19,0.2078,31143.55,286713.102
688835.SH,高凯技术,20260915,325.0,329.93,305.36,307.88,324.41,-16.53,-5.0954,39201.15,1231822.073
688836.SH,宇树科技,20260915,475.0,483.0,469.01,469.8,470.0,-0.2,-0.0426,25268.6,1199793.431
688981.SH,中芯国际,20260915,113.61,117.37,113.6,114.86,114.07,0.79,0.6926,255206.56,2943318.655
689009.SH,九号公司,20260915,37.56,37.79,36.66,37.33,37.5,-0.17,-0.4533,71298.6,265241.519
920000.BJ,安徽凤凰,20260915,13.57,13.81,13.47,13.49,13.63,-0.14,-1.0271,2739.24,3704.09623
920001.BJ,纬达光电,20260915,10.79,11.11,10.74,10.75,10.85,-0.1,-0.9217,8688.96,9457.33722
920002.BJ,万达轴承,20260915,48.28,49.18,47.57,48.49,48.11,0.38,0.7899,5792.69,28123.75017
920003.BJ,中诚咨询,20260915,15.15,15.2,14.82,14.99,15.13,-0.14,-0.9253,3529.08,5297.9046
920005.BJ,鼎佳精密,20260915,23.88,23.88,23.11,23.15,23.72,-0.57,-2.403,3448.75,8080.49251
920006.BJ,晟楠科技,20260915,18.3,18.3,17.57,17.79,18.11,-0.32,-1.767,22118.2,39551.20095
920007.BJ,酉立智能,20260915,32.87,32.87,32.1,32.13,32.2,-0.07,-0.2174,696.0,2244.00846
920008.BJ,成电光信,20260915,23.49,23.69,22.6,22.9,23.7,-0.8,-3.3755,24398.47,56197.19834
920009.BJ,丹娜生物,20260915,34.07,34.69,33.71,33.73,34.3,-0.57,-1.6618,1882.07,6405.86253
920010.BJ,凯添燃气,20260915,9.5,9.58,9.11,9.13,9.65,-0.52,-5.3886,79555.68,74279.65581
920011.BJ,晨光电机,20260915,17.81,17.96,17.54,17.57,17.88,-0.31,-1.7338,2642.62,4676.46748
920012.BJ,创达新材,20260915,47.31,48.37,46.98,47.55,47.1,0.45,0.9554,3856.37,18395.17899
920014.BJ,特瑞斯,20260915,8.63,8.66,8.56,8.56,8.62,-0.06,-0.6961,7756.4,6665.83121
920015.BJ,锦华新材,20260915,36.91,38.05,36.7,37.41,36.91,0.5,1.3546,11098.32,41725.36193
920016.BJ,中草香料,20260915,14.5,14.99,14.29,14.49,14.58,-0.09,-0.6173,27372.57,39738.68581
920017.BJ,星昊医药,20260915,15.59,15.7,15.35,15.35,15.59,-0.24,-1.5394,10325.15,16004.02965
920018.BJ,宏远股份,20260915,14.69,14.79,14.44,14.47,14.7,-0.23,-1.5646,6680.98,9733.51311
920019.BJ,铜冠矿建,20260915,15.76,16.18,15.35,15.5,15.76,-0.26,-1.6497,34620.63,54355.28998
920020.BJ,泰凯英,20260915,14.74,14.76,14.53,14.55,14.73,-0.18,-1.222,1381.81,2019.17225
920021.BJ,流金科技,20260915,7.94,8.27,7.7,7.7,7.84,-0.14,-1.7857,259642.25,207882.38926
920022.BJ,世昌股份,20260915,18.74,18.88,18.38,18.48,18.87,-0.39,-2.0668,1683.09,3134.41986
920023.BJ,*ST田野,20260915,1.44,1.44,1.4,1.42,1.43,-0.01,-0.6993,20650.17,2919.43736
920026.BJ,卓兆点胶,20260915,17.78,17.78,17.0,17.01,17.56,-0.55,-3.1321,10113.39,17437.82253
920027.BJ,交大铁发,20260915,11.63,11.68,11.4,11.4,11.63,-0.23,-1.9776,5429.86,6243.89874
920028.BJ,新恒泰,20260915,15.07,15.6,14.86,15.43,15.29,0.14,0.9156,24668.02,37641.69296
920029.BJ,开发科技,20260915,30.93,31.8,30.6,31.63,30.97,0.66,2.1311,10075.13,31717.84001
920030.BJ,德众汽车,20260915,4.82,4.94,4.59,4.7,4.9,-0.2,-4.0816,68889.07,32733.38295
920033.BJ,康普化学,20260915,13.38,13.53,13.31,13.38,13.46,-0.08,-0.5944,3467.49,4656.45851
920035.BJ,精创电气,20260915,23.64,23.98,23.31,23.33,23.82,-0.49,-2.0571,3313.43,7817.62412
920036.BJ,觅睿科技,20260915,29.6,30.77,29.46,29.63,29.83,-0.2,-0.6705,3847.26,11561.64734
920037.BJ,广信科技,20260915,37.38,38.13,37.27,37.45,37.56,-0.11,-0.2929,5989.34,22566.09891
920038.BJ,森合高科,20260915,36.0,38.4,35.08,35.42,36.1,-0.68,-1.8837,47747.65,174208.10332
920039.BJ,国义招标,20260915,7.66,7.66,7.43,7.43,7.63,-0.2,-2.6212,6651.07,5008.45162
920045.BJ,蘅东光,20260915,566.0,594.86,561.77,579.2,581.0,-1.8,-0.3098,12896.9,745543.41247
920046.BJ,亿能电力,20260915,20.59,21.17,20.21,20.31,21.09,-0.78,-3.6984,41333.27,85271.62033
920047.BJ,诺思兰德,20260915,14.22,14.57,14.22,14.36,14.26,0.1,0.7013,21837.5,31505.50052
920050.BJ,爱伦医疗,20260915,27.51,27.97,27.3,27.74,27.68,0.06,0.2168,2319.3,6424.01421
920055.BJ,隆源股份,20260915,25.43,25.54,25.15,25.29,25.45,-0.16,-0.6287,1911.15,4843.59404
920056.BJ,能之光,20260915,14.0,14.18,13.85,13.85,13.99,-0.14,-1.0007,5304.81,7429.71012
920057.BJ,百甲科技,20260915,4.82,4.82,4.61,4.62,4.79,-0.17,-3.5491,8590.4,4030.94026
920058.BJ,华洋赛车,20260915,29.46,29.94,26.51,27.56,29.7,-2.14,-7.2054,8566.63,24026.7996
920059.BJ,双英集团,20260915,12.76,12.77,12.39,12.4,12.72,-0.32,-2.5157,19735.2,24793.32678
920060.BJ,万源通,20260915,25.1,27.78,25.1,25.52,25.38,0.14,0.5516,71450.98,189156.82705
920061.BJ,西磁科技,20260915,17.03,17.6,16.9,16.96,17.02,-0.06,-0.3525,10984.27,18835.48185
920062.BJ,科润智控,20260915,7.21,7.26,7.07,7.1,7.27,-0.17,-2.3384,10475.61,7500.7686
920065.BJ,千岸科技,20260915,32.83,32.92,31.8,31.87,32.62,-0.75,-2.2992,10069.49,32578.86649
920066.BJ,科拜尔,20260915,18.53,18.95,17.95,18.08,18.77,-0.69,-3.6761,6295.58,11578.62485
920068.BJ,天工股份,20260915,15.5,15.77,15.4,15.62,15.65,-0.03,-0.1917,9154.32,14215.93269
920069.BJ,普昂医疗,20260915,31.66,32.1,31.66,31.72,31.84,-0.12,-0.3769,1274.3,4051.96116
920071.BJ,金钛股份,20260915,28.35,29.12,27.12,27.3,28.81,-1.51,-5.2412,117886.67,330439.15671
920072.BJ,科莱瑞迪,20260915,22.98,23.08,22.49,22.66,22.9,-0.24,-1.048,4359.54,9960.03422
920075.BJ,柏星龙,20260915,16.58,16.74,15.93,15.94,16.41,-0.47,-2.8641,23575.21,38469.63844
920076.BJ,国亮新材,20260915,12.76,12.79,12.46,12.52,12.76,-0.24,-1.8809,3876.68,4889.52067
920077.BJ,吉林碳谷,20260915,13.01,13.2,12.91,13.09,13.08,0.01,0.0765,15186.59,19895.78433
920078.BJ,族兴新材,20260915,18.29,19.12,18.02,18.15,18.28,-0.13,-0.7112,17129.55,31954.05342
920079.BJ,乔路铭,20260915,12.9,13.0,12.68,12.68,12.97,-0.29,-2.2359,16831.29,21625.13811
920080.BJ,奥美森,20260915,20.44,20.58,20.02,20.02,20.53,-0.51,-2.4842,1669.93,3400.41192
920081.BJ,欧伦电气,20260915,40.8,41.33,40.55,40.63,40.95,-0.32,-0.7814,6487.48,26562.3984
920082.BJ,方正阀门,20260915,7.86,7.92,7.76,7.77,7.91,-0.14,-1.7699,6369.11,4980.48425
920083.BJ,金戈新材,20260915,34.79,35.1,34.0,34.12,34.59,-0.47,-1.3588,14964.44,51803.29442
920086.BJ,科马材料,20260915,19.83,20.15,19.83,20.0,20.05,-0.05,-0.2494,3237.59,6470.25339
920087.BJ,秋乐种业,20260915,16.14,16.2,14.2,14.32,16.35,-2.03,-12.4159,181017.51,269821.46825
920088.BJ,科力股份,20260915,47.1,47.5,45.03,45.39,47.46,-2.07,-4.3616,51977.41,238983.10558
920089.BJ,禾昌聚合,20260915,9.91,9.93,9.72,9.77,9.93,-0.16,-1.6113,6438.19,6325.59945
920090.BJ,*ST同辉,20260915,3.59,3.6,3.51,3.51,3.54,-0.03,-0.8475,11504.35,4072.37358
920091.BJ,大鹏工业,20260915,27.29,27.93,27.12,27.27,27.5,-0.23,-0.8364,2816.22,7714.03532
920092.BJ,汉鑫科技,20260915,24.84,25.62,24.63,24.89,25.15,-0.26,-1.0338,13288.13,33413.59569
920093.BJ,信胜科技,20260915,18.94,18.95,18.36,18.48,18.95,-0.47,-2.4802,14793.16,27612.66312
920096.BJ,嘉晨智能,20260915,30.7,31.34,30.55,30.78,30.67,0.11,0.3587,5691.56,17677.64067
920098.BJ,科隆新材,20260915,18.32,18.52,17.87,17.87,18.49,-0.62,-3.3532,7736.73,14027.35958
920099.BJ,瑞华技术,20260915,16.54,16.8,16.4,16.43,16.67,-0.24,-1.4397,5571.54,9215.52223
920100.BJ,三协电机,20260915,28.23,29.54,28.19,28.76,28.46,0.3,1.0541,8721.27,25255.05035
920101.BJ,志高机械,20260915,16.2,16.2,15.93,15.96,16.07,-0.11,-0.6845,1738.68,2784.27717
920106.BJ,林泰新材,20260915,33.73,34.3,33.62,33.73,34.0,-0.27,-0.7941,4301.63,14556.42374
920107.BJ,恒兴股份,20260915,19.53,19.72,19.22,19.25,19.53,-0.28,-1.4337,7475.6,14542.39572
920108.BJ,宏海科技,20260915,8.59,8.65,8.42,8.45,8.64,-0.19,-2.1991,3648.5,3107.50053
920110.BJ,雷特科技,20260915,25.07,25.81,24.8,25.39,25.03,0.36,1.4383,2342.22,5970.51912
920111.BJ,聚星科技,20260915,25.63,26.27,25.34,25.98,25.85,0.13,0.5029,8578.86,22299.09461
920112.BJ,巴兰仕,20260915,15.01,15.05,14.6,14.66,15.11,-0.45,-2.9782,3423.09,5067.46505
920116.BJ,星图测控,20260915,41.8,42.67,41.77,42.29,42.14,0.15,0.356,10886.26,46059.58004
920117.BJ,龙鑫智能,20260915,27.8,29.0,27.78,27.79,28.35,-0.56,-1.9753,47559.76,134978.50901
920118.BJ,太湖远大,20260915,20.62,20.99,20.18,20.41,20.78,-0.37,-1.7806,2825.21,5820.88025
920119.BJ,美德乐,20260915,54.78,58.29,54.78,57.77,55.0,2.77,5.0364,12118.41,69319.19192
920121.BJ,江天科技,20260915,27.36,27.55,26.74,27.28,27.34,-0.06,-0.2195,1612.83,4382.5609
920122.BJ,中纺标,20260915,23.35,23.91,23.16,23.25,23.48,-0.23,-0.9796,7626.67,17865.90909
920123.BJ,芭薇股份,20260915,10.79,10.79,10.47,10.5,10.69,-0.19,-1.7774,6984.1,7438.81031
920124.BJ,南特科技,20260915,12.24,12.35,12.09,12.15,12.12,0.03,0.2475,7072.34,8627.37649
920125.BJ,鸿仕达,20260915,149.78,162.99,146.82,150.1,150.03,0.07,0.0467,26096.22,405093.1683
920126.BJ,永大股份,20260915,10.05,10.05,9.71,9.73,10.01,-0.28,-2.7972,13461.4,13306.40507
920128.BJ,胜业电气,20260915,20.4,21.98,20.01,20.98,20.48,0.5,2.4414,39236.16,82499.69388
920130.BJ,立方控股,20260915,16.72,17.31,16.27,16.3,16.63,-0.33,-1.9844,18900.52,31819.58164
920132.BJ,泰鹏智能,20260915,8.81,8.93,8.58,8.65,8.82,-0.17,-1.9274,4351.47,3805.62228
920136.BJ,永励精密,20260915,21.48,21.48,20.71,20.79,21.28,-0.49,-2.3026,10809.79,22718.56898
920138.BJ,杰理科技,20260915,31.4,32.68,31.25,31.85,31.85,0.0,0.0,21308.72,68477.36145
920139.BJ,华岭股份,20260915,14.15,14.5,14.02,14.21,14.23,-0.02,-0.1405,20163.98,28810.13996
920145.BJ,恒合股份,20260915,10.15,10.15,9.7,9.93,10.06,-0.13,-1.2922,4526.82,4480.21381
920146.BJ,华阳变速,20260915,5.04,5.09,4.86,4.87,5.04,-0.17,-3.373,12266.39,6090.94451
920149.BJ,旭杰科技,20260915,8.54,8.55,8.27,8.28,8.53,-0.25,-2.9308,5074.77,4263.25916
920152.BJ,昆工科技,20260915,11.9,12.07,11.72,11.92,11.84,0.08,0.6757,4611.63,5506.76045
920156.BJ,海昌智能,20260915,34.47,35.0,34.17,34.51,34.38,0.13,0.3781,3627.7,12548.14902
920158.BJ,长江能科,20260915,8.01,8.06,7.91,7.97,7.99,-0.02,-0.2503,12064.06,9628.72196
920159.BJ,农大科技,20260915,30.72,30.95,29.88,30.04,30.99,-0.95,-3.0655,14486.0,43796.87692
920160.BJ,北矿检测,20260915,18.68,18.86,18.58,18.63,18.77,-0.14,-0.7459,1537.25,2867.18668
920161.BJ,龙辰科技,20260915,20.4,21.09,20.36,20.75,20.56,0.19,0.9241,25776.17,53405.2147
920163.BJ,方大新材,20260915,9.92,10.03,9.58,9.62,9.91,-0.29,-2.9263,7097.7,6912.39284
920165.BJ,珈凯生物,20260915,33.68,34.3,33.45,33.54,34.04,-0.5,-1.4689,3211.53,10857.66747
920166.BJ,海圣医疗,20260915,19.22,19.4,19.08,19.1,19.34,-0.24,-1.241,947.73,1822.01737
920167.BJ,同享科技,20260915,13.58,13.58,13.32,13.32,13.53,-0.21,-1.5521,6649.21,8938.16056
920168.BJ,通宝光电,20260915,15.28,15.34,14.93,14.99,15.35,-0.36,-2.3453,1698.89,2571.1004
920169.BJ,七丰精工,20260915,21.0,21.15,20.08,20.18,20.76,-0.58,-2.7938,22044.47,44900.04496
920171.BJ,志晟信息,20260915,15.57,15.86,15.3,15.47,15.43,0.04,0.2592,13480.81,21031.97334
920174.BJ,五新智能,20260915,30.65,30.85,30.23,30.39,30.55,-0.16,-0.5237,7455.68,22796.46014
920175.BJ,东方碳素,20260915,7.52,7.59,7.44,7.45,7.57,-0.12,-1.5852,5400.05,4049.56064
920176.BJ,维琪科技,20260915,62.96,64.9,61.3,61.44,64.27,-2.83,-4.4033,12109.51,76422.19632
920177.BJ,恒道科技,20260915,22.91,23.12,22.65,22.72,23.07,-0.35,-1.5171,855.21,1954.51366
920178.BJ,锐翔智能,20260915,86.5,92.49,86.5,89.03,87.58,1.45,1.6556,9622.55,86675.92914
920179.BJ,凯德石英,20260915,55.88,60.18,55.68,59.88,56.52,3.36,5.9448,49253.84,291009.40864
920180.BJ,爱得科技,20260915,11.79,11.79,11.26,11.27,11.67,-0.4,-3.4276,4270.97,4889.91
920181.BJ,赛英电子,20260915,66.7,68.39,66.52,67.31,67.22,0.09,0.1339,3061.3,20741.63202
920183.BJ,海菲曼,20260915,29.12,29.47,28.62,28.72,29.26,-0.54,-1.8455,1694.4,4924.89071
920184.BJ,国源科技,20260915,11.31,11.5,11.09,11.1,11.33,-0.23,-2.03,10471.9,11806.58936
920185.BJ,贝特瑞,20260915,19.39,19.84,19.3,19.66,19.39,0.27,1.3925,33348.11,65536.40029
920186.BJ,中科仪,20260915,67.38,70.96,67.28,69.16,68.02,1.14,1.676,33187.42,230402.06321
920187.BJ,通领科技,20260915,17.1,17.12,16.67,16.77,16.95,-0.18,-1.0619,2907.8,4906.12315
920188.BJ,悦龙科技,20260915,21.96,22.11,21.54,21.54,22.1,-0.56,-2.5339,6433.66,14020.94375
920189.BJ,康美特,20260915,20.04,20.46,19.86,20.29,20.08,0.21,1.0458,28147.05,57014.02377
920190.BJ,雷神科技,20260915,23.71,24.18,23.59,23.85,23.93,-0.08,-0.3343,21640.79,51620.04163
920191.BJ,瑞尔竞达,20260915,8.57,8.64,8.46,8.51,8.61,-0.1,-1.1614,6924.29,5903.32146
920193.BJ,吉和昌,20260915,29.6,30.57,29.29,29.41,29.7,-0.29,-0.9764,19150.68,57419.84458
920195.BJ,三祥科技,20260915,12.45,12.58,12.28,12.3,12.45,-0.15,-1.2048,2712.67,3374.61811
920198.BJ,微创光电,20260915,7.71,7.86,7.62,7.64,7.78,-0.14,-1.7995,12863.56,9914.13458
920199.BJ,倍益康,20260915,24.11,25.13,23.68,24.0,24.05,-0.05,-0.2079,11400.38,27798.59888
920200.BJ,振宏股份,20260915,27.36,32.0,26.8,30.53,27.0,3.53,13.0741,67997.92,201072.97735
920204.BJ,沪江材料,20260915,12.72,13.78,12.71,13.15,12.81,0.34,2.6542,12969.68,17194.27365
920206.BJ,彩客科技,20260915,37.59,39.96,37.36,38.9,37.7,1.2,3.183,18637.07,72564.10975
920207.BJ,众诚科技,20260915,21.74,24.44,21.43,22.86,20.83,2.03,9.7456,58117.27,134207.62798
920208.BJ,青矩技术,20260915,10.57,10.63,10.42,10.49,10.57,-0.08,-0.7569,34550.07,36405.27196
920211.BJ,新睿电子,20260915,91.52,92.78,91.0,91.0,92.12,-1.12,-1.2158,1909.61,17548.57589
920212.BJ,智新电子,20260915,10.61,10.77,10.2,10.32,10.69,-0.37,-3.4612,27965.83,29148.39529
920218.BJ,新天力,20260915,14.74,14.84,14.4,14.47,14.82,-0.35,-2.3617,5517.11,8059.99908
920220.BJ,朗信电气,20260915,40.02,41.99,40.02,41.75,40.15,1.6,3.9851,7433.91,30744.08774
920221.BJ,易实精密,20260915,12.32,12.42,12.16,12.18,12.31,-0.13,-1.0561,5042.33,6193.29584
920222.BJ,益坤电气,20260915,25.82,27.0,25.81,27.0,25.7,1.3,5.0584,21307.47,56719.45181
920223.BJ,荣亿精密,20260915,13.7,14.3,13.11,13.11,13.76,-0.65,-4.7238,57611.41,79045.22419
920225.BJ,利通科技,20260915,17.0,18.53,16.89,17.86,17.04,0.82,4.8122,64987.06,115252.60088
920227.BJ,美登科技,20260915,47.57,47.88,46.2,46.36,47.23,-0.87,-1.842,1926.49,9039.70687
920230.BJ,欧康医药,20260915,10.34,10.43,10.12,10.14,10.42,-0.28,-2.6871,11508.34,11742.80515
920237.BJ,力佳科技,20260915,11.08,11.24,10.88,11.03,11.0,0.03,0.2727,8884.13,9852.93662
920238.BJ,长鹰硬科,20260915,66.35,69.6,66.35,66.53,66.55,-0.02,-0.0301,23302.9,158325.21613
920239.BJ,长虹能源,20260915,20.1,20.44,20.05,20.2,20.17,0.03,0.1487,6654.9,13500.0147
920242.BJ,建邦科技,20260915,13.38,13.65,13.21,13.36,13.46,-0.1,-0.7429,2733.35,3678.46617
920245.BJ,威博液压,20260915,13.44,13.48,13.03,13.16,13.5,-0.34,-2.5185,5443.81,7204.4817
920247.BJ,华密新材,20260915,13.76,14.19,13.66,14.04,13.82,0.22,1.5919,17973.55,25220.30605
920249.BJ,利尔达,20260915,8.73,8.92,8.71,8.73,8.76,-0.03,-0.3425,25861.34,22758.69064
920252.BJ,天宏锂电,20260915,14.11,14.47,14.11,14.21,14.24,-0.03,-0.2107,6723.98,9629.72829
920258.BJ,聚仁新材,20260915,10.69,10.8,10.3,10.51,10.69,-0.18,-1.6838,11328.09,12009.95958
920260.BJ,中寰股份,20260915,8.21,8.26,8.0,8.04,8.27,-0.23,-2.7811,4204.06,3402.63163
920261.BJ,一诺威,20260915,13.18,13.32,13.11,13.14,13.23,-0.09,-0.6803,6320.5,8341.46231
920262.BJ,太湖雪,20260915,14.03,14.08,13.5,13.65,13.94,-0.29,-2.0803,7304.44,10070.86918
920263.BJ,中航泰达,20260915,6.56,6.61,6.33,6.43,6.56,-0.13,-1.9817,5047.44,3265.97959
920266.BJ,生物谷,20260915,7.02,7.03,6.84,6.87,7.04,-0.17,-2.4148,8803.64,6089.66676
920267.BJ,鑫汇科,20260915,15.85,15.85,15.35,15.38,15.64,-0.26,-1.6624,4851.4,7516.44342
920268.BJ,百迈科,20260915,33.4,34.64,31.36,31.48,34.5,-3.02,-8.7536,68524.43,223894.35515
920269.BJ,杰锋动力,20260915,35.0,35.45,33.6,33.66,35.35,-1.69,-4.7808,18821.86,64651.19204
920270.BJ,天铭科技,20260915,11.28,11.38,11.07,11.09,11.3,-0.21,-1.8584,2475.38,2774.56543
920271.BJ,邦德股份,20260915,9.09,9.09,8.8,8.8,9.09,-0.29,-3.1903,7519.52,6695.78445
920273.BJ,一致魔芋,20260915,18.69,18.69,17.52,17.54,18.74,-1.2,-6.4034,23280.28,41846.09594
920274.BJ,宏裕包材,20260915,15.4,15.55,14.85,15.0,15.4,-0.4,-2.5974,8676.95,13174.97095
920275.BJ,驱动力,20260915,6.63,6.76,6.49,6.52,6.63,-0.11,-1.6591,10555.41,6961.28628
920278.BJ,鹿得医疗,20260915,6.27,6.35,6.14,6.19,6.31,-0.12,-1.9017,6598.72,4095.5714
920284.BJ,灵鸽科技,20260915,15.64,16.98,15.64,16.54,15.49,1.05,6.7786,51052.95,84543.07929
920288.BJ,华大海天,20260915,18.1,18.15,17.37,17.44,18.25,-0.81,-4.4384,25422.92,45043.77294
920289.BJ,华汇智能,20260915,27.0,27.66,25.76,25.86,27.47,-1.61,-5.8609,34913.75,92908.41281
920299.BJ,灿能电力,20260915,14.47,14.7,14.16,14.2,14.56,-0.36,-2.4725,19309.11,27807.51643
920300.BJ,辰光医疗,20260915,9.52,9.59,9.44,9.45,9.59,-0.14,-1.4599,9231.3,8765.63259
920304.BJ,迪尔化工,20260915,9.3,9.38,9.17,9.2,9.37,-0.17,-1.8143,16566.53,15270.18796
920339.BJ,恒太照明,20260915,10.57,10.64,10.33,10.48,10.64,-0.16,-1.5038,5477.69,5751.9678
920344.BJ,三元基因,20260915,19.94,19.96,19.03,19.1,19.67,-0.57,-2.8978,18039.37,34811.43991
920346.BJ,威贸电子,20260915,14.78,14.9,14.37,14.37,14.84,-0.47,-3.1671,6971.21,10181.78315
920351.BJ,华光源海,20260915,12.71,13.09,12.53,12.54,12.81,-0.27,-2.1077,15216.1,19452.85951
920357.BJ,雅葆轩,20260915,14.65,15.28,14.65,14.75,14.83,-0.08,-0.5394,15045.66,22597.48618
920363.BJ,莱赛激光,20260915,9.87,10.03,9.69,9.7,9.94,-0.24,-2.4145,7788.92,7677.41559
920367.BJ,新赣江,20260915,24.79,25.39,24.5,24.72,25.12,-0.4,-1.5924,30755.49,76512.00484
920368.BJ,连城数控,20260915,21.59,21.84,21.42,21.47,21.64,-0.17,-0.7856,15946.26,34450.80569
920370.BJ,新安洁,20260915,2.9,2.91,2.82,2.84,2.91,-0.07,-2.4055,11372.05,3260.66659
920371.BJ,欧福蛋业,20260915,7.8,7.88,7.33,7.38,7.88,-0.5,-6.3452,88706.29,66807.19879
920374.BJ,云里物里,20260915,15.13,15.69,14.86,14.88,15.39,-0.51,-3.3138,5677.56,8576.06323
920375.BJ,派诺科技,20260915,6.37,6.4,6.24,6.27,6.38,-0.11,-1.7241,16836.98,10634.41004
920378.BJ,泰德股份,20260915,6.85,6.96,6.81,6.89,6.9,-0.01,-0.1449,2052.09,1406.44042
920392.BJ,佳合科技,20260915,15.28,15.48,14.32,14.4,15.24,-0.84,-5.5118,22806.8,34267.90058
920394.BJ,民士达,20260915,47.58,49.16,46.54,47.53,48.06,-0.53,-1.1028,12751.48,61154.41568
920395.BJ,朗鸿科技,20260915,6.76,6.82,6.57,6.58,6.76,-0.18,-2.6627,5964.27,4003.81316
920396.BJ,常辅股份,20260915,18.53,18.67,18.1,18.1,18.56,-0.46,-2.4784,7112.49,13036.36362
920402.BJ,硅烷科技,20260915,8.0,8.16,7.99,8.11,8.08,0.03,0.3713,40022.97,32395.80285
920403.BJ,康农种业,20260915,21.17,21.17,19.7,19.82,21.46,-1.64,-7.6421,57712.23,116667.34547
920405.BJ,海希通讯,20260915,16.01,16.26,15.6,15.75,16.05,-0.3,-1.8692,13769.71,21832.15944
920407.BJ,驰诚股份,20260915,10.71,10.98,10.51,10.59,10.78,-0.19,-1.7625,5010.13,5345.70245
920414.BJ,欧普泰,20260915,7.83,7.83,7.59,7.62,7.83,-0.21,-2.682,13234.82,10183.36752
920415.BJ,恒拓开源,20260915,8.82,8.94,8.6,8.67,8.83,-0.16,-1.812,13796.13,12094.54925
920418.BJ,苏轴股份,20260915,17.18,17.46,17.16,17.21,17.29,-0.08,-0.4627,8268.76,14313.30386
920419.BJ,路斯股份,20260915,10.93,11.27,10.81,10.89,10.95,-0.06,-0.5479,8345.67,9212.51974
920422.BJ,润普食品,20260915,9.13,9.25,8.91,8.92,9.3,-0.38,-4.086,15877.17,14349.62861
920425.BJ,乐创技术,20260915,13.81,14.02,13.72,13.79,13.78,0.01,0.0726,8605.9,11912.01577
920427.BJ,华维设计,20260915,8.41,8.41,8.0,8.11,8.35,-0.24,-2.8743,6022.57,4933.99384
920429.BJ,康比特,20260915,10.29,10.44,10.17,10.19,10.3,-0.11,-1.068,10399.93,10716.16746
920433.BJ,大唐药业,20260915,4.73,4.73,4.62,4.62,4.72,-0.1,-2.1186,10532.99,4914.28894
920436.BJ,大地电气,20260915,10.98,11.15,10.6,10.68,10.83,-0.15,-1.385,10682.32,11634.86934
920438.BJ,戈碧迦,20260915,89.75,99.8,88.51,99.38,90.56,8.82,9.7394,54645.61,518953.4411
920445.BJ,龙竹科技,20260915,7.06,7.26,7.01,7.11,7.07,0.04,0.5658,15458.51,11048.75545
920454.BJ,同心传动,20260915,11.04,11.05,10.66,10.95,11.05,-0.1,-0.905,6367.67,6916.6738
920455.BJ,汇隆活塞,20260915,6.44,6.57,6.3,6.35,6.46,-0.11,-1.7028,7926.39,5081.71857
920469.BJ,富恒新材,20260915,5.99,5.99,5.73,5.85,5.9,-0.05,-0.8475,15996.34,9334.65946
920471.BJ,美邦科技,20260915,11.69,11.82,11.28,11.28,11.77,-0.49,-4.1631,11535.29,13240.01384
920475.BJ,三友科技,20260915,11.57,11.57,11.2,11.25,11.4,-0.15,-1.3158,2786.13,3155.44008
920476.BJ,海能技术,20260915,23.1,23.68,22.36,23.63,22.83,0.8,3.5042,19746.78,45698.70873
920478.BJ,峆一药业,20260915,9.5,9.66,9.35,9.35,9.51,-0.16,-1.6824,9067.07,8559.78915
920489.BJ,佳先股份,20260915,11.82,12.05,11.67,11.81,11.83,-0.02,-0.1691,18902.45,22533.89065
920491.BJ,奥迪威,20260915,21.3,21.54,21.05,21.09,21.5,-0.41,-1.907,11931.86,25371.48178
920493.BJ,并行科技,20260915,107.45,109.43,106.3,108.73,107.46,1.27,1.1818,8634.31,93837.76934
920496.BJ,许昌智能,20260915,6.2,6.25,6.11,6.14,6.21,-0.07,-1.1272,7503.66,4639.46034
920504.BJ,博迅生物,20260915,17.98,18.25,17.54,17.79,18.1,-0.31,-1.7127,2897.43,5199.12663
920505.BJ,九菱科技,20260915,25.69,26.88,25.38,25.91,25.7,0.21,0.8171,9556.47,24855.07201
920508.BJ,殷图网联,20260915,15.75,15.77,14.63,14.75,15.78,-1.03,-6.5272,19570.22,29664.61751
920509.BJ,同惠电子,20260915,19.78,20.4,19.61,20.0,19.83,0.17,0.8573,19096.89,38401.53962
920510.BJ,丰光精密,20260915,19.15,19.86,19.15,19.59,19.31,0.28,1.45,26746.46,52407.36593
920519.BJ,万德股份,20260915,10.47,10.49,10.13,10.13,10.52,-0.39,-3.7072,7590.8,7805.23166
920522.BJ,纳科诺尔,20260915,16.79,18.0,16.75,17.52,16.59,0.93,5.6058,100226.27,175834.2533
920523.BJ,德瑞锂电,20260915,14.31,14.45,14.17,14.18,14.36,-0.18,-1.2535,3888.35,5563.78607
920526.BJ,凯华材料,20260915,18.49,19.21,18.49,18.75,18.78,-0.03,-0.1597,9791.62,18539.50877
920527.BJ,夜光明,20260915,15.37,15.59,14.88,14.96,15.48,-0.52,-3.3592,10045.13,15278.50514
920533.BJ,骏创科技,20260915,15.86,16.27,15.69,16.03,15.96,0.07,0.4386,27726.78,44338.20778
920541.BJ,铁大科技,20260915,9.4,9.5,9.34,9.4,9.48,-0.08,-0.8439,2695.93,2534.86299
920547.BJ,无锡晶海,20260915,18.33,18.33,17.8,17.84,18.1,-0.26,-1.4365,3234.89,5809.05718
920553.BJ,凯腾精工,20260915,6.78,6.87,6.65,6.68,6.75,-0.07,-1.037,7845.94,5279.27685
920556.BJ,雅达股份,20260915,6.64,6.65,6.49,6.5,6.68,-0.18,-2.6946,9358.01,6153.73296
920564.BJ,天润科技,20260915,13.59,13.72,13.06,13.13,13.49,-0.36,-2.6686,9453.62,12619.7221
920566.BJ,梓橦宫,20260915,9.26,9.29,9.12,9.13,9.31,-0.18,-1.9334,6730.15,6192.41826
920570.BJ,坤博精工,20260915,24.01,24.31,23.82,24.03,24.2,-0.17,-0.7025,2571.14,6184.27487
920571.BJ,国航远洋,20260915,9.6,9.87,9.25,9.35,9.69,-0.34,-3.5088,249238.51,238224.65372
920575.BJ,*ST康乐,20260915,4.8,4.87,4.75,4.8,4.84,-0.04,-0.8264,21441.51,10262.56423
920576.BJ,天力复合,20260915,36.51,37.37,36.51,36.98,36.87,0.11,0.2983,7414.58,27442.95656
920578.BJ,巨能股份,20260915,16.4,16.66,16.08,16.25,16.31,-0.06,-0.3679,6563.25,10703.95589
920579.BJ,机科股份,20260915,13.81,14.03,13.68,13.81,13.82,-0.01,-0.0724,4415.29,6106.96541
920580.BJ,科创新材,20260915,10.77,10.79,10.48,10.54,10.69,-0.15,-1.4032,6709.49,7132.49241
920592.BJ,华信永道,20260915,23.29,23.92,22.66,22.66,23.29,-0.63,-2.705,27855.77,64647.02151
920593.BJ,鼎智科技,20260915,22.03,22.59,21.89,22.2,22.14,0.06,0.271,11050.74,24644.63875
920599.BJ,同力股份,20260915,17.3,17.53,17.1,17.38,17.45,-0.07,-0.4011,12416.23,21585.45752
920608.BJ,丰安股份,20260915,13.5,13.7,13.27,13.27,13.57,-0.3,-2.2108,8667.91,11641.71573
920627.BJ,力王股份,20260915,13.15,13.75,13.12,13.3,13.29,0.01,0.0752,13648.45,18422.53846
920634.BJ,新威凌,20260915,15.7,16.08,15.65,15.74,15.7,0.04,0.2548,6268.72,9938.33917
920639.BJ,晨光电缆,20260915,6.07,6.11,5.88,5.91,6.09,-0.18,-2.9557,16293.57,9740.74107
920640.BJ,富士达,20260915,25.88,26.24,25.57,25.62,26.09,-0.47,-1.8015,20881.31,54027.82357
920641.BJ,格利尔,20260915,13.08,13.09,12.51,12.61,12.97,-0.36,-2.7756,9460.98,12101.12052
920642.BJ,通易航天,20260915,9.79,9.79,9.57,9.59,9.77,-0.18,-1.8424,10747.82,10364.05558
920651.BJ,天罡股份,20260915,23.98,24.15,21.86,22.5,24.03,-1.53,-6.367,14410.06,32607.51594
920656.BJ,海昇药业,20260915,14.46,14.46,14.01,14.11,14.42,-0.31,-2.1498,3555.22,5030.46312
920662.BJ,方盛股份,20260915,18.93,19.29,18.64,18.71,18.8,-0.09,-0.4787,10304.78,19534.74785
920663.BJ,XD明阳科,20260915,12.45,12.49,12.15,12.15,12.37,-0.22,-1.7785,7029.41,8610.4591
920665.BJ,科强股份,20260915,8.42,8.48,8.27,8.3,8.48,-0.18,-2.1226,4389.51,3675.2523
920670.BJ,数字人,20260915,12.5,12.58,12.25,12.29,12.38,-0.09,-0.727,6840.52,8469.53804
920675.BJ,秉扬科技,20260915,7.42,7.5,7.25,7.27,7.47,-0.2,-2.6774,7419.78,5461.38696
920679.BJ,前进科技,20260915,15.13,15.26,14.64,14.66,15.17,-0.51,-3.3619,2148.1,3196.25694
920682.BJ,球冠电缆,20260915,5.99,6.05,5.8,5.84,5.99,-0.15,-2.5042,18788.26,11098.74309
920685.BJ,新芝生物,20260915,12.01,12.11,11.86,11.9,12.1,-0.2,-1.6529,3304.24,3962.58382
920689.BJ,克莱特,20260915,19.78,19.97,19.45,19.7,19.59,0.11,0.5615,3160.76,6219.25462
920690.BJ,捷众科技,20260915,15.37,15.57,15.1,15.38,15.46,-0.08,-0.5175,5535.42,8484.47894
920693.BJ,阿为特,20260915,22.79,23.23,22.76,22.83,22.96,-0.13,-0.5662,4291.76,9849.75374
920694.BJ,中裕科技,20260915,16.52,16.65,15.9,15.93,16.54,-0.61,-3.688,9579.91,15562.86329
920699.BJ,海达尔,20260915,64.19,65.49,61.68,63.5,64.98,-1.48,-2.2776,7416.95,46780.76636
920701.BJ,豪声电子,20260915,10.72,10.9,10.65,10.73,10.8,-0.07,-0.6481,6211.04,6689.51184
920703.BJ,广厦环能,20260915,9.51,9.63,9.25,9.25,9.54,-0.29,-3.0398,5734.52,5404.89071
920706.BJ,铁拓机械,20260915,14.14,15.18,14.14,14.5,13.97,0.53,3.7938,24571.42,35890.83052
920717.BJ,瑞星股份,20260915,6.7,6.75,6.55,6.56,6.7,-0.14,-2.0896,5830.46,3872.69121
920718.BJ,合肥高科,20260915,11.54,11.54,10.66,10.9,11.5,-0.6,-5.2174,13673.96,15246.4948
920719.BJ,宁新新材,20260915,7.02,7.02,6.73,6.75,6.95,-0.2,-2.8777,12269.98,8388.02028
920720.BJ,吉冈精密,20260915,7.8,7.91,7.75,7.76,7.86,-0.1,-1.2723,24480.23,19149.86605
920725.BJ,惠丰钻石,20260915,97.58,101.98,94.56,97.67,99.53,-1.86,-1.8688,53554.92,525422.52744
920726.BJ,朱老六,20260915,16.3,16.33,15.78,15.81,16.25,-0.44,-2.7077,18242.73,29075.48911
920729.BJ,永顺生物,20260915,6.76,6.8,6.6,6.61,6.81,-0.2,-2.9369,7402.69,4945.63631
920735.BJ,德源药业,20260915,25.0,25.06,24.75,24.75,25.21,-0.46,-1.8247,10255.99,25485.23211
920748.BJ,路桥信息,20260915,30.76,30.8,28.46,28.46,30.11,-1.65,-5.4799,24692.36,71825.28703
920751.BJ,惠同新材,20260915,14.4,14.66,14.22,14.55,14.44,0.11,0.7618,8440.28,12182.29261
920753.BJ,天纺标,20260915,14.79,15.06,14.65,14.65,14.85,-0.2,-1.3468,4812.96,7138.89137
920765.BJ,美之高,20260915,11.47,11.53,11.26,11.27,11.49,-0.22,-1.9147,4682.82,5335.32842
920768.BJ,拾比佰,20260915,7.11,7.11,7.0,7.1,7.09,0.01,0.141,6689.18,4724.51137
920770.BJ,艾能聚,20260915,10.66,11.35,10.51,10.7,10.75,-0.05,-0.4651,56734.25,62132.65685
920779.BJ,武汉蓝电,20260915,22.5,23.99,22.5,23.49,22.65,0.84,3.7086,14918.75,35193.21694
920781.BJ,瑞奇智造,20260915,5.65,5.72,5.54,5.61,5.67,-0.06,-1.0582,7846.19,4425.89243
920786.BJ,骑士乳业,20260915,7.6,7.68,7.32,7.36,7.64,-0.28,-3.6649,81162.26,60326.26333
920790.BJ,联迪信息,20260915,23.08,23.5,22.51,22.69,23.06,-0.37,-1.6045,21967.82,50354.14104
920792.BJ,东和新材,20260915,9.45,9.46,9.29,9.32,9.45,-0.13,-1.3757,2147.68,2006.11507
920799.BJ,艾融软件,20260915,31.03,31.54,30.6,30.6,31.01,-0.41,-1.3222,27236.14,84228.64083
920802.BJ,保丽洁,20260915,10.7,10.75,10.4,10.61,10.77,-0.16,-1.4856,4051.08,4279.10265
920806.BJ,云星宇,20260915,9.94,10.05,9.85,9.95,9.95,0.0,0.0,11382.71,11299.39268
920807.BJ,奔朗新材,20260915,8.95,9.14,8.82,8.93,8.95,-0.02,-0.2235,25453.84,22789.6387
920808.BJ,曙光数创,20260915,57.55,59.2,57.55,58.58,58.26,0.32,0.5493,11744.95,68901.29657
920809.BJ,安达科技,20260915,6.87,7.02,6.87,6.91,6.91,0.0,0.0,57034.48,39673.67896
920810.BJ,春光智能,20260915,9.2,9.24,8.71,8.72,9.16,-0.44,-4.8035,8682.62,7739.45795
920819.BJ,颖泰生物,20260915,3.14,3.14,3.05,3.1,3.1,0.0,0.0,61037.8,18868.88642
920821.BJ,则成电子,20260915,22.5,23.95,21.58,22.0,22.95,-0.95,-4.1394,113786.83,260538.03754
920826.BJ,盖世食品,20260915,8.79,8.79,8.38,8.38,8.74,-0.36,-4.119,35202.99,30045.68443
920832.BJ,齐鲁华信,20260915,6.48,6.48,6.26,6.35,6.5,-0.15,-2.3077,3934.75,2501.71181
920833.BJ,美心翼申,20260915,10.35,10.52,9.94,9.95,10.3,-0.35,-3.3981,9126.38,9266.53059
920834.BJ,三维装备,20260915,9.1,9.3,8.96,8.96,9.16,-0.2,-2.1834,5867.43,5343.92918
920837.BJ,华原股份,20260915,9.8,9.88,9.63,9.67,9.81,-0.14,-1.4271,2687.8,2620.76517
920839.BJ,万通液压,20260915,23.19,23.21,22.8,23.02,23.01,0.01,0.0435,2895.91,6669.70295
920855.BJ,浙江大农,20260915,13.39,13.39,12.67,12.71,13.3,-0.59,-4.4361,18413.39,23782.1519
920856.BJ,浩淼科技,20260915,11.8,12.0,11.56,11.59,11.87,-0.28,-2.3589,6431.97,7529.82466
920857.BJ,泓禧科技,20260915,20.93,20.93,19.81,19.81,21.07,-1.26,-5.9801,4730.53,9647.63761
920866.BJ,绿亨科技,20260915,6.6,6.61,6.35,6.37,6.6,-0.23,-3.4848,41996.29,27034.23211
920870.BJ,恒进感应,20260915,11.34,11.41,11.0,11.05,11.34,-0.29,-2.5573,5077.04,5681.83797
920871.BJ,派特尔,20260915,11.03,11.03,10.53,10.74,10.87,-0.13,-1.196,4571.72,4939.85099
920873.BJ,中设咨询,20260915,6.88,6.88,6.61,6.63,6.76,-0.13,-1.9231,9049.72,6052.69095
920876.BJ,慧为智能,20260915,16.23,16.6,15.93,16.0,16.38,-0.38,-2.3199,9661.12,15717.71114
920879.BJ,基康技术,20260915,12.0,12.18,11.86,12.01,12.05,-0.04,-0.332,8301.88,9970.76413
920885.BJ,星辰科技,20260915,12.11,12.26,11.87,11.87,12.21,-0.34,-2.7846,13464.03,16243.24424
920892.BJ,广咨国际,20260915,10.84,11.26,10.8,10.84,11.0,-0.16,-1.4545,7541.67,8268.37676
920895.BJ,花溪科技,20260915,26.99,27.39,20.98,21.21,26.85,-5.64,-21.0056,98566.52,229194.89438
920896.BJ,旺成科技,20260915,13.0,13.0,12.35,12.5,12.31,0.19,1.5435,13617.53,17162.13615
920906.BJ,舜宇精工,20260915,15.3,15.31,14.9,14.9,15.33,-0.43,-2.805,3397.02,5122.819
920914.BJ,远航精密,20260915,16.5,16.77,16.31,16.37,16.49,-0.12,-0.7277,4732.87,7799.60959
920924.BJ,广脉科技,20260915,14.69,15.19,14.33,14.42,14.21,0.21,1.4778,27975.89,41423.27345
920925.BJ,锦好医疗,20260915,11.14,11.21,11.0,11.0,11.14,-0.14,-1.2567,6267.67,6950.97485
920926.BJ,鸿智科技,20260915,9.9,9.92,9.46,9.46,9.87,-0.41,-4.154,5919.9,5733.06314
920931.BJ,无锡鼎邦,20260915,10.07,10.14,9.77,10.0,10.15,-0.15,-1.4778,6105.99,6058.85115
920932.BJ,科达自控,20260915,10.3,10.49,10.22,10.31,10.37,-0.06,-0.5786,8027.97,8281.34803
920942.BJ,恒立钻具,20260915,17.24,17.75,16.79,16.9,17.36,-0.46,-2.6498,8031.55,13844.40677
920943.BJ,优机股份,20260915,14.31,14.45,14.21,14.33,14.37,-0.04,-0.2784,5136.74,7350.20462
920946.BJ,森萱医药,20260915,9.99,10.08,9.83,9.86,10.04,-0.18,-1.7928,40198.51,39912.49754
920950.BJ,迅安科技,20260915,12.82,13.18,12.72,12.72,12.91,-0.19,-1.4717,1745.28,2247.94499
920953.BJ,国子软件,20260915,22.75,24.28,22.33,22.39,22.51,-0.12,-0.5331,33148.29,76966.19192
920957.BJ,汉维科技,20260915,9.58,9.95,9.32,9.88,9.55,0.33,3.4555,14628.33,14176.10562
920961.BJ,创远信科,20260915,19.4,19.44,19.01,19.22,19.21,0.01,0.0521,12525.02,24105.44075
920964.BJ,润农节水,20260915,5.05,5.06,4.85,4.85,5.04,-0.19,-3.7698,43955.97,21654.20284
920970.BJ,大禹生物,20260915,6.88,6.98,6.48,6.53,6.81,-0.28,-4.1116,53850.65,35894.37561
920971.BJ,天马新材,20260915,26.3,27.38,26.3,26.63,26.39,0.24,0.9094,29208.61,78462.90069
920974.BJ,凯大催化,20260915,6.25,6.29,6.11,6.15,6.31,-0.16,-2.5357,7516.35,4651.39261
920976.BJ,视声智能,20260915,20.99,21.8,20.1,20.1,20.88,-0.78,-3.7356,16938.99,35680.6104
920978.BJ,开特股份,20260915,17.89,18.06,17.38,17.39,17.94,-0.55,-3.0658,13938.33,24630.2588
920981.BJ,晶赛科技,20260915,28.65,29.75,28.65,28.81,29.07,-0.26,-0.8944,13288.52,38873.83409
920982.BJ,锦波生物,20260915,115.27,115.5,113.3,113.97,114.68,-0.71,-0.6191,4373.44,49838.57491
920985.BJ,海泰新能,20260915,4.56,4.6,4.51,4.52,4.56,-0.04,-0.8772,14162.52,6434.02692
920992.BJ,中科美菱,20260915,11.31,11.39,11.16,11.16,11.39,-0.23,-2.0193,3895.14,4378.90641
